# start	end	mode	name  (end = start+size-1, exact)
0x080003A4	0x0800052B	thumb	AgbMain
0x0800052C	0x0800053F	thumb	UpdateLinkAndCallCallbacks
0x08000540	0x08000587	thumb	InitMainCallbacks
0x08000588	0x080005BB	thumb	CallCallbacks
0x080005BC	0x080005CF	thumb	SetMainCallback2
0x080005D0	0x080005DB	thumb	StartTimer1
0x080005DC	0x08000603	thumb	SeedRngAndSetTrainerId
0x08000604	0x0800060F	thumb	GetGeneratedTrainerIdLower
0x08000610	0x08000633	thumb	EnableVCountIntrAtLine150
0x08000634	0x08000657	thumb	InitKeys
0x08000658	0x080006EB	thumb	ReadKeys
0x080006EC	0x08000757	thumb	InitIntrHandlers
0x08000758	0x08000763	thumb	SetVBlankCallback
0x08000764	0x0800076F	thumb	SetHBlankCallback
0x08000770	0x0800077B	thumb	SetVCountCallback
0x0800077C	0x08000787	thumb	SetSerialCallback
0x08000788	0x0800082F	thumb	VBlankIntr
0x08000830	0x08000843	thumb	InitFlashTimer
0x08000844	0x08000873	thumb	HBlankIntr
0x08000874	0x080008AB	thumb	VCountIntr
0x080008AC	0x080008DB	thumb	SerialIntr
0x080008DC	0x080008F3	thumb	RestoreSerialTimer3IntrHandlers
0x080008F4	0x080008F5	thumb	IntrDummy
0x080008F8	0x0800091F	thumb	WaitForVBlank
0x08000920	0x0800092B	thumb	SetVBlankCounter1Ptr
0x0800092C	0x08000937	thumb	DisableVBlankCounter1
0x08000938	0x0800099F	thumb	DoSoftReset
0x080009A0	0x080009C3	thumb	ClearPokemonCrySongs
0x080009C8	0x08000A23	thumb	MidiKeyToFreq
0x08000A24	0x08000A25	thumb	UnusedDummyFunc
0x08000A28	0x08000A3F	thumb	MPlayContinue
0x08000A40	0x08000A5F	thumb	MPlayFadeOut
0x08000A60	0x08000B7F	thumb	m4aSoundInit
0x08000B80	0x08000B89	thumb	m4aSoundMain
0x08000B8C	0x08000BBF	thumb	m4aSongNumStart
0x08000BC0	0x08000C07	thumb	m4aSongNumStartOrChange
0x08000C08	0x08000C67	thumb	m4aSongNumStartOrContinue
0x08000C68	0x08000CCF	thumb	m4aSongNumStop
0x08000CD0	0x08000D0B	thumb	m4aSongNumContinue
0x08000D0C	0x08000DDB	thumb	m4aMPlayAllStop
0x08000DDC	0x08000DF3	thumb	m4aMPlayContinue
0x08000DF4	0x08000E5B	thumb	m4aMPlayAllContinue
0x08000E5C	0x08000E7B	thumb	m4aMPlayFadeOut
0x08000E7C	0x08000E9B	thumb	m4aMPlayFadeOutTemporarily
0x08000E9C	0x08000EBF	thumb	m4aMPlayFadeIn
0x08000EC0	0x08000F2B	thumb	m4aMPlayImmInit
0x08000F2C	0x0800105B	thumb	MPlayExtender
0x0800105C	0x0800105F	thumb	MusicPlayerJumpTableCopy
0x08001060	0x08001073	thumb	ClearChain
0x08001074	0x08001087	thumb	Clear64byte
0x08001088	0x0800118B	thumb	SoundInit
0x0800118C	0x0800124F	thumb	SampleFreqSet
0x08001250	0x080012F3	thumb	m4aSoundMode
0x080012F4	0x0800134B	thumb	SoundClear
0x0800134C	0x080013C3	thumb	m4aSoundVSyncOff
0x080013C4	0x080013F7	thumb	m4aSoundVSyncOn
0x080013F8	0x08001409	thumb	MPlayOpen
0x0800140C	0x08001423	thumb	MPlayStart
0x08001424	0x08001467	thumb	m4aMPlayStop
0x08001468	0x08001519	thumb	FadeOutBody
0x0800151C	0x080015C7	thumb	TrkVolPitSet
0x080015C8	0x08001657	thumb	MidiKeyToCgbFreq
0x08001658	0x080016B7	thumb	CgbOscOff
0x080016B8	0x0800170B	thumb	CgbModVol
0x0800170C	0x08001CDB	thumb	CgbSound
0x08001CDC	0x08001CF7	thumb	m4aMPlayTempoControl
0x08001CF8	0x08001D43	thumb	m4aMPlayVolumeControl
0x08001D44	0x08001D9F	thumb	m4aMPlayPitchControl
0x08001DA0	0x08001DEB	thumb	m4aMPlayPanpotControl
0x08001DEC	0x08001E07	thumb	ClearModM
0x08001E08	0x08001E67	thumb	m4aMPlayModDepthSet
0x08001E68	0x08001EC7	thumb	m4aMPlayLFOSpeedSet
0x08001EC8	0x08001F9F	thumb	ply_memacc
0x08001FA0	0x08001FBB	thumb	ply_xcmd
0x08001FBC	0x08001FCF	thumb	ply_xxx
0x08001FD0	0x08001FF3	thumb	ply_xwave
0x08001FF4	0x08002001	thumb	ply_xtype
0x08002004	0x08002011	thumb	ply_xatta
0x08002014	0x08002021	thumb	ply_xdeca
0x08002024	0x08002031	thumb	ply_xsust
0x08002034	0x08002041	thumb	ply_xrele
0x08002044	0x0800204F	thumb	ply_xiecv
0x08002050	0x0800205B	thumb	ply_xiecl
0x0800205C	0x08002069	thumb	ply_xleng
0x0800206C	0x08002079	thumb	ply_xswee
0x0800207C	0x080020A9	thumb	ply_xcmd_0C
0x080020AC	0x080020CF	thumb	ply_xcmd_0D
0x080020D0	0x080020D1	thumb	DummyFunc
0x080020D4	0x080021E7	thumb	SetPokemonCryTone
0x080021E8	0x080021F7	thumb	SetPokemonCryVolume
0x080021F8	0x0800220F	thumb	SetPokemonCryPanpot
0x08002210	0x08002247	thumb	SetPokemonCryPitch
0x08002248	0x08002253	thumb	SetPokemonCryLength
0x08002254	0x0800225F	thumb	SetPokemonCryRelease
0x08002260	0x0800226B	thumb	SetPokemonCryProgress
0x0800226C	0x08002281	thumb	IsPokemonCryPlaying
0x08002284	0x080022A7	thumb	SetPokemonCryChorus
0x080022A8	0x080022DB	thumb	SetPokemonCryStereo
0x080022DC	0x080022E7	thumb	SetPokemonCryPriority
0x080022E8	0x08002363	thumb	MPlayOpen.part.0
0x08002364	0x08002447	thumb	MPlayStart.part.0
0x0800244C	0x080024DB	thumb	IdentifyFlash
0x080024DC	0x08002573	thumb	WaitForFlashWrite_Common
0x08002578	0x080025DF	thumb	EraseFlashChip_MX
0x080025E0	0x080026A7	thumb	EraseFlashSector_MX
0x080026A8	0x0800273F	thumb	ProgramFlashByte_MX
0x08002740	0x08002773	thumb	ProgramByte
0x08002774	0x0800285B	thumb	ProgramFlashSector_MX
0x08002860	0x08002883	thumb	SwitchFlashBank
0x08002884	0x0800294B	thumb	ReadFlashId
0x0800294C	0x0800296F	thumb	FlashTimerIntr
0x08002970	0x080029A3	thumb	SetFlashTimerIntr
0x080029A4	0x08002A3B	thumb	StartFlashTimer
0x08002A3C	0x08002A7B	thumb	StopFlashTimer
0x08002A7C	0x08002A7F	thumb	ReadFlash1
0x08002A80	0x08002AB3	thumb	SetReadFlash1
0x08002AB4	0x08002AC9	thumb	ReadFlash_Core
0x08002ACC	0x08002B7B	thumb	ReadFlash
0x08002B7C	0x08002B9F	thumb	VerifyFlashSector_Core
0x08002BA0	0x08002C3B	thumb	VerifyFlashSector
0x08002C3C	0x08002CD3	thumb	VerifyFlashSectorNBytes
0x08002CD4	0x08002D0B	thumb	ProgramFlashSectorAndVerify
0x08002D0C	0x08002D53	thumb	ProgramFlashSectorAndVerifyNBytes
0x08002D58	0x08002DB3	thumb	rfu_LMAN_REQBN_softReset_and_checkID
0x08002DB4	0x08002DE7	thumb	rfu_LMAN_REQ_sendData
0x08002DE8	0x08002E3B	thumb	rfu_LMAN_initializeManager
0x08002E3C	0x08002E67	thumb	rfu_LMAN_endManager
0x08002E68	0x08002EA7	thumb	rfu_LMAN_initializeRFU
0x08002EA8	0x08002ECB	thumb	rfu_LMAN_clearVariables
0x08002ECC	0x08002ED7	thumb	rfu_LMAN_powerDownRFU
0x08002ED8	0x08002FB3	thumb	rfu_LMAN_establishConnection
0x08002FB4	0x08003087	thumb	rfu_LMAN_CHILD_connectParent
0x08003088	0x08003103	thumb	rfu_LMAN_PARENT_stopWaitLinkRecoveryAndDisconnect
0x08003104	0x080031D3	thumb	rfu_LMAN_stopManager
0x080031D4	0x080033AB	thumb	rfu_LMAN_linkWatcher
0x080033AC	0x080033EF	thumb	rfu_LMAN_syncVBlank
0x080033F0	0x08003597	thumb	rfu_LMAN_manager_entity
0x08003598	0x080035FB	thumb	rfu_LMAN_settingPCSWITCH
0x080035FC	0x08003ED7	thumb	rfu_LMAN_REQ_callback
0x08003ED8	0x08003F73	thumb	rfu_LMAN_MSC_callback
0x08003F74	0x08003F8F	thumb	rfu_LMAN_PARENT_checkRecvChildName
0x08003F90	0x08004093	thumb	rfu_LMAN_CHILD_checkSendChildName
0x08004094	0x080040EB	thumb	rfu_LMAN_CHILD_checkSendChildName2
0x080040EC	0x08004117	thumb	rfu_LMAN_CHILD_linkRecoveryProcess
0x08004118	0x0800419B	thumb	rfu_LMAN_CHILD_checkEnableParentCandidate
0x0800419C	0x080041BF	thumb	rfu_LMAN_occureCallback
0x080041C0	0x080041E3	thumb	rfu_LMAN_disconnect
0x080041E4	0x0800429F	thumb	rfu_LMAN_reflectCommunicationStatus
0x080042A0	0x080042B7	thumb	rfu_LMAN_checkNICommunicateStatus
0x080042B8	0x080042CF	thumb	rfu_LMAN_setMSCCallback
0x080042D0	0x080042DB	thumb	rfu_LMAN_setLMANCallback
0x080042DC	0x0800431B	thumb	rfu_LMAN_setLinkRecovery
0x0800431C	0x0800435B	thumb	rfu_LMAN_setNIFailCounterLimit
0x0800435C	0x080043A3	thumb	rfu_LMAN_setFastSearchParent
0x080043A4	0x080043CF	thumb	rfu_LMAN_managerChangeAgbClockMaster
0x080043D0	0x08004403	thumb	rfu_LMAN_requestChangeAgbClockMaster
0x08004404	0x08004453	thumb	rfu_LMAN_forceChangeSP
0x08004454	0x0800467B	thumb	rfu_LMAN_PARENT_checkRecvChildName.part.0
0x0800467C	0x0800475F	thumb	rfu_LMAN_checkNICommunicateStatus.part.0
0x08004764	0x080047E7	thumb	InitBagWindows
0x080047E8	0x08004853	thumb	BagPrintTextOnWindow
0x08004854	0x0800488B	thumb	BagPrintTextOnWin1CenteredColor0
0x0800488C	0x080048CF	thumb	BagDrawDepositItemTextBox
0x080048D0	0x08004927	thumb	ShowBagWindow
0x08004928	0x08004957	thumb	HideBagWindow
0x08004958	0x08004987	thumb	OpenBagWindow
0x08004988	0x080049C3	thumb	CloseBagWindow
0x080049C4	0x080049D3	thumb	GetBagWindow
0x080049D4	0x08004A03	thumb	BagCreateYesNoMenuBottomRight
0x08004A04	0x08004A33	thumb	BagCreateYesNoMenuTopRight
0x08004A34	0x08004A8B	thumb	BagPrintMoneyAmount
0x08004A8C	0x08004A9D	thumb	BagDrawTextBoxOnWindow
0x08004AA0	0x08004B2B	thumb	BattleAI_HandleItemUseBeforeAISetup
0x08004B2C	0x08004CBB	thumb	BattleAI_SetupAIData
0x08004CBC	0x08004D67	thumb	BattleAI_ChooseMoveOrAction
0x08004D68	0x08004E43	thumb	BattleAI_DoAIProcessing
0x08004E44	0x08004E87	thumb	RecordLastUsedMoveByTarget
0x08004E88	0x08004EA7	thumb	ClearBattlerMoveHistory
0x08004EA8	0x08004EDF	thumb	RecordAbilityBattle
0x08004EE0	0x08004F17	thumb	RecordItemEffectBattle
0x08004F18	0x08004F4F	thumb	Cmd_if_random_less_than
0x08004F50	0x08004F87	thumb	Cmd_if_random_greater_than
0x08004F88	0x08004FBF	thumb	Cmd_if_random_equal
0x08004FC0	0x08004FF7	thumb	Cmd_if_random_not_equal
0x08004FF8	0x0800502B	thumb	Cmd_score
0x0800502C	0x0800508B	thumb	Cmd_if_hp_less_than
0x0800508C	0x080050EB	thumb	Cmd_if_hp_more_than
0x080050EC	0x0800514B	thumb	Cmd_if_hp_equal
0x0800514C	0x080051AB	thumb	Cmd_if_hp_not_equal
0x080051AC	0x08005213	thumb	Cmd_if_status
0x08005214	0x0800527B	thumb	Cmd_if_not_status
0x0800527C	0x080052E3	thumb	Cmd_if_status2
0x080052E4	0x0800534B	thumb	Cmd_if_not_status2
0x0800534C	0x080053AF	thumb	Cmd_if_status3
0x080053B0	0x08005413	thumb	Cmd_if_not_status3
0x08005414	0x08005483	thumb	Cmd_if_side_affecting
0x08005484	0x080054F3	thumb	Cmd_if_not_side_affecting
0x080054F4	0x0800552F	thumb	Cmd_if_less_than
0x08005530	0x0800556B	thumb	Cmd_if_more_than
0x0800556C	0x080055A7	thumb	Cmd_if_equal
0x080055A8	0x080055DF	thumb	Cmd_if_not_equal
0x080055E0	0x0800562F	thumb	Cmd_if_less_than_ptr
0x08005630	0x0800567F	thumb	Cmd_if_more_than_ptr
0x08005680	0x080056CF	thumb	Cmd_if_equal_ptr
0x080056D0	0x0800571F	thumb	Cmd_if_not_equal_ptr
0x08005720	0x0800575F	thumb	Cmd_if_move
0x08005760	0x080057A3	thumb	Cmd_if_not_move
0x080057A4	0x08005803	thumb	Cmd_if_in_bytes
0x08005804	0x08005863	thumb	Cmd_if_not_in_bytes
0x08005864	0x080058C7	thumb	Cmd_if_in_hwords
0x080058C8	0x0800592B	thumb	Cmd_if_not_in_hwords
0x0800592C	0x08005993	thumb	Cmd_if_user_has_attacking_move
0x08005994	0x080059FB	thumb	Cmd_if_user_has_no_attacking_moves
0x080059FC	0x08005A1F	thumb	Cmd_get_turn_count
0x08005A20	0x08005B27	thumb	Cmd_get_type
0x08005B28	0x08005BBB	thumb	Cmd_get_considered_move_power
0x08005BBC	0x08005D5B	thumb	Cmd_get_how_powerful_move_is
0x08005D5C	0x08005DA3	thumb	Cmd_get_last_used_battler_move
0x08005DA4	0x08005DDF	thumb	Cmd_if_equal_
0x08005DE0	0x08005E17	thumb	Cmd_if_not_equal_
0x08005E18	0x08005E5B	thumb	Cmd_if_would_go_first
0x08005E5C	0x08005EA3	thumb	Cmd_if_would_not_go_first
0x08005EA4	0x08005EA5	thumb	Cmd_nullsub_2A
0x08005EA8	0x08005EA9	thumb	Cmd_nullsub_2B
0x08005EAC	0x08005F97	thumb	Cmd_count_alive_pokemon
0x08005F98	0x08005FB3	thumb	Cmd_get_considered_move
0x08005FB4	0x08005FDF	thumb	Cmd_get_considered_move_effect
0x08005FE0	0x08006103	thumb	Cmd_get_ability
0x08006104	0x08006213	thumb	Cmd_get_highest_type_effectiveness
0x08006214	0x080062DF	thumb	Cmd_if_type_effectiveness
0x080062E0	0x080062E1	thumb	Cmd_nullsub_32
0x080062E4	0x080062E5	thumb	Cmd_nullsub_33
0x080062E8	0x08006393	thumb	Cmd_if_status_in_party
0x08006394	0x0800643F	thumb	Cmd_if_status_not_in_party
0x08006440	0x08006497	thumb	Cmd_get_weather
0x08006498	0x080064DF	thumb	Cmd_if_effect
0x080064E0	0x0800652B	thumb	Cmd_if_not_effect
0x0800652C	0x08006587	thumb	Cmd_if_stat_level_less_than
0x08006588	0x080065E3	thumb	Cmd_if_stat_level_more_than
0x080065E4	0x0800663F	thumb	Cmd_if_stat_level_equal
0x08006640	0x0800669B	thumb	Cmd_if_stat_level_not_equal
0x0800669C	0x0800677B	thumb	Cmd_if_can_faint
0x0800677C	0x08006853	thumb	Cmd_if_cant_faint
0x08006854	0x080068E3	thumb	Cmd_if_has_move
0x080068E4	0x08006973	thumb	Cmd_if_doesnt_have_move
0x08006974	0x080069EB	thumb	Cmd_if_has_move_with_effect
0x080069EC	0x08006A63	thumb	Cmd_if_doesnt_have_move_with_effect
0x08006A64	0x08006AD7	thumb	Cmd_if_any_move_disabled_or_encored
0x08006AD8	0x08006B57	thumb	Cmd_if_curr_move_disabled_or_encored
0x08006B58	0x08006B6B	thumb	Cmd_flee
0x08006B6C	0x08006BF3	thumb	Cmd_if_random_safari_flee
0x08006BF4	0x08006C07	thumb	Cmd_watch
0x08006C08	0x08006C7B	thumb	Cmd_get_hold_effect
0x08006C7C	0x08006CCB	thumb	Cmd_get_gender
0x08006CCC	0x08006D13	thumb	Cmd_is_first_turn_for
0x08006D14	0x08006D5B	thumb	Cmd_get_stockpile_count
0x08006D5C	0x08006D83	thumb	Cmd_is_double_battle
0x08006D84	0x08006DCB	thumb	Cmd_get_used_held_item
0x08006DCC	0x08006E73	thumb	Cmd_get_move_type_from_result
0x08006E74	0x08006F07	thumb	Cmd_get_move_power_from_result
0x08006F08	0x08006F33	thumb	Cmd_get_move_effect_from_result
0x08006F34	0x08006F7B	thumb	Cmd_get_protect_count
0x08006F7C	0x08006F7D	thumb	Cmd_nullsub_52
0x08006F80	0x08006F81	thumb	Cmd_nullsub_53
0x08006F84	0x08006F85	thumb	Cmd_nullsub_54
0x08006F88	0x08006F89	thumb	Cmd_nullsub_55
0x08006F8C	0x08006F8D	thumb	Cmd_nullsub_56
0x08006F90	0x08006F91	thumb	Cmd_nullsub_57
0x08006F94	0x08006FD3	thumb	Cmd_call
0x08006FD4	0x08006FF3	thumb	Cmd_goto
0x08006FF4	0x08007027	thumb	Cmd_end
0x08007028	0x080070CF	thumb	Cmd_if_level_compare
0x080070D0	0x0800710F	thumb	Cmd_if_target_taunted
0x08007110	0x0800714F	thumb	Cmd_if_target_not_taunted
0x08007150	0x0800716F	thumb	AIStackPushVar
0x08007170	0x0800718F	thumb	AIStackPushVar_cursor
0x08007190	0x080071BB	thumb	AIStackPop
0x080071C0	0x0800721F	thumb	ShouldSwitchIfPerishSong
0x08007220	0x0800737F	thumb	ShouldSwitchIfWonderGuard
0x08007380	0x0800756B	thumb	FindMonThatAbsorbsOpponentsMove
0x0800756C	0x08007657	thumb	ShouldSwitchIfNaturalCure
0x08007658	0x08007767	thumb	HasSuperEffectiveMoveAgainstOpponents
0x08007768	0x0800779F	thumb	AreStatsRaised
0x080077A0	0x08007993	thumb	FindMonWithFlagsAndSuperEffective
0x08007994	0x08007B7F	thumb	ShouldSwitch
0x08007B80	0x08007CAB	thumb	AI_TrySwitchOrUseItem
0x08007CAC	0x08007D13	thumb	ModulateByTypeEffectiveness
0x08007D14	0x0800803B	thumb	GetMostSuitableMonToSwitchInto
0x0800803C	0x0800807F	thumb	GetAI_ItemType
0x08008080	0x0800846F	thumb	ShouldUseItem
0x08008470	0x08008527	thumb	AnimMegahornHorn
0x08008528	0x080085B7	thumb	AnimLeechLifeNeedle
0x080085B8	0x08008633	thumb	AnimTranslateWebThread
0x08008634	0x08008669	thumb	AnimTranslateWebThread_Step
0x0800866C	0x080086D7	thumb	AnimStringWrap
0x080086D8	0x0800872D	thumb	AnimStringWrap_Step
0x08008730	0x08008757	thumb	AnimSpiderWeb
0x08008758	0x080087B3	thumb	AnimSpiderWeb_Step
0x080087B4	0x080087D3	thumb	AnimSpiderWeb_End
0x080087D4	0x080088E3	thumb	AnimTranslateStinger
0x080088E4	0x08008953	thumb	AnimMissileArc
0x08008954	0x08008A1F	thumb	AnimMissileArc_Step
0x08008A20	0x08008A77	thumb	AnimTailGlowOrb
0x08008A78	0x08008ADF	thumb	AnimTask_AttackerFadeToInvisible
0x08008AE0	0x08008B6B	thumb	AnimTask_AttackerFadeToInvisible_Step
0x08008B6C	0x08008BA3	thumb	AnimTask_AttackerFadeFromInvisible
0x08008BA4	0x08008C1B	thumb	AnimTask_AttackerFadeFromInvisible_Step
0x08008C1C	0x08008C63	thumb	AnimTask_InitAttackerFadeFromInvisible
0x08008C64	0x08008CCB	thumb	AnimUnusedBagSteal
0x08008CCC	0x08008D73	thumb	AnimUnusedBagSteal_Step
0x08008D74	0x08008DAF	thumb	AnimBite
0x08008DB0	0x08008DEB	thumb	AnimBite_Step1
0x08008DEC	0x08008E25	thumb	AnimBite_Step2
0x08008E28	0x08008F27	thumb	AnimTearDrop
0x08008F28	0x08008F41	thumb	AnimTearDrop_Step
0x08008F44	0x08009137	thumb	AnimTask_MoveAttackerMementoShadow
0x08009138	0x08009263	thumb	AnimTask_MoveAttackerMementoShadow_Step
0x08009264	0x080094D7	thumb	AnimTask_MoveTargetMementoShadow
0x080094D8	0x08009687	thumb	AnimTask_MoveTargetMementoShadow_Step
0x08009688	0x08009783	thumb	DoMementoShadowEffect
0x08009784	0x080097BB	thumb	SetAllBattlersSpritePriority
0x080097BC	0x0800986B	thumb	AnimTask_InitMementoShadow
0x0800986C	0x080098B3	thumb	AnimTask_MementoHandleBg
0x080098B4	0x080098EF	thumb	AnimClawSlash
0x080098F0	0x08009B03	thumb	AnimTask_MetallicShine
0x08009B04	0x08009C47	thumb	AnimTask_MetallicShine_Step
0x08009C48	0x08009CBF	thumb	AnimTask_SetGrayscaleOrOriginalPal
0x08009CC0	0x08009CEF	thumb	GetIsDoomDesireHitTurn
0x08009CF0	0x08009D83	thumb	AnimOutrageFlame
0x08009D84	0x08009E2F	thumb	StartDragonFireTranslation
0x08009E30	0x08009E93	thumb	AnimDragonRageFirePlume
0x08009E94	0x08009EBF	thumb	AnimDragonFireToTarget
0x08009EC0	0x08009F3F	thumb	AnimDragonDanceOrb
0x08009F40	0x0800A025	thumb	AnimDragonDanceOrb_Step
0x0800A028	0x0800A0FF	thumb	AnimTask_DragonDanceWaver
0x0800A100	0x0800A1BB	thumb	AnimTask_DragonDanceWaver_Step
0x0800A1BC	0x0800A23F	thumb	UpdateDragonDanceScanlineEffect
0x0800A240	0x0800A2CB	thumb	AnimOverheatFlame
0x0800A2CC	0x0800A319	thumb	AnimOverheatFlame_Step
0x0800A31C	0x0800A36B	thumb	AnimMovePowderParticle
0x0800A36C	0x0800A3AF	thumb	AnimMovePowderParticle_Step
0x0800A3B0	0x0800A3F7	thumb	AnimPowerAbsorptionOrb
0x0800A3F8	0x0800A447	thumb	AnimSolarBeamBigOrb
0x0800A448	0x0800A49B	thumb	AnimSolarBeamSmallOrb
0x0800A49C	0x0800A50B	thumb	AnimSolarBeamSmallOrb_Step
0x0800A50C	0x0800A597	thumb	AnimTask_CreateSmallSolarBeamOrbs
0x0800A598	0x0800A5DF	thumb	AnimAbsorptionOrb
0x0800A5E0	0x0800A5F9	thumb	AnimAbsorptionOrb_Step
0x0800A5FC	0x0800A69B	thumb	AnimHyperBeamOrb
0x0800A69C	0x0800A6F3	thumb	AnimHyperBeamOrb_Step
0x0800A6F4	0x0800A757	thumb	AnimLeechSeed
0x0800A758	0x0800A78F	thumb	AnimLeechSeed_Step
0x0800A790	0x0800A7C3	thumb	AnimLeechSeedSprouts
0x0800A7C4	0x0800A80B	thumb	AnimSporeParticle
0x0800A80C	0x0800A8A3	thumb	AnimSporeParticle_Step
0x0800A8A4	0x0800A8EF	thumb	AnimTask_SporeDoubleBattle
0x0800A8F0	0x0800A943	thumb	AnimPetalDanceBigFlower
0x0800A944	0x0800A9B7	thumb	AnimPetalDanceBigFlower_Step
0x0800A9B8	0x0800AA0B	thumb	AnimPetalDanceSmallFlower
0x0800AA0C	0x0800AA5D	thumb	AnimPetalDanceSmallFlower_Step
0x0800AA60	0x0800AA9F	thumb	AnimRazorLeafParticle
0x0800AAA0	0x0800AAD3	thumb	AnimRazorLeafParticle_Step1
0x0800AAD4	0x0800AB33	thumb	AnimRazorLeafParticle_Step2
0x0800AB34	0x0800ABDB	thumb	AnimTranslateLinearSingleSineWave
0x0800ABDC	0x0800AC8D	thumb	AnimTranslateLinearSingleSineWave_Step
0x0800AC90	0x0800ACEB	thumb	AnimMoveTwisterParticle
0x0800ACEC	0x0800AD93	thumb	AnimMoveTwisterParticle_Step
0x0800AD94	0x0800ADCF	thumb	AnimConstrictBinding
0x0800ADD0	0x0800AE07	thumb	AnimConstrictBinding_Step1
0x0800AE08	0x0800AE81	thumb	AnimConstrictBinding_Step2
0x0800AE84	0x0800AEE3	thumb	AnimTask_ShrinkTargetCopy
0x0800AEE4	0x0800AF7F	thumb	AnimTask_DuplicateAndShrinkToPos_Step1
0x0800AF80	0x0800AFEF	thumb	AnimTask_DuplicateAndShrinkToPos_Step2
0x0800AFF0	0x0800B09B	thumb	AnimMimicOrb
0x0800B09C	0x0800B10F	thumb	AnimIngrainRoot
0x0800B110	0x0800B1C7	thumb	AnimFrenzyPlantRoot
0x0800B1C8	0x0800B209	thumb	AnimRootFlickerOut
0x0800B20C	0x0800B293	thumb	AnimIngrainOrb
0x0800B294	0x0800B2BB	thumb	InitItemBagData
0x0800B2BC	0x0800B353	thumb	MoveAlongLinearPath
0x0800B354	0x0800B385	thumb	AnimItemSteal_Step2
0x0800B388	0x0800B3EF	thumb	AnimItemSteal_Step1
0x0800B3F0	0x0800B45F	thumb	AnimPresent
0x0800B460	0x0800B4C7	thumb	AnimKnockOffOpponentsItem
0x0800B4C8	0x0800B557	thumb	AnimKnockOffItem
0x0800B558	0x0800B5A3	thumb	AnimPresentHealParticle
0x0800B5A4	0x0800B613	thumb	AnimItemSteal
0x0800B614	0x0800B6AB	thumb	AnimItemSteal_Step3
0x0800B6AC	0x0800B733	thumb	AnimTrickBag
0x0800B734	0x0800B793	thumb	AnimTrickBag_Step1
0x0800B794	0x0800B82B	thumb	AnimTrickBag_Step2
0x0800B82C	0x0800B865	thumb	AnimTrickBag_Step3
0x0800B868	0x0800B9C3	thumb	AnimTask_LeafBlade
0x0800B9C4	0x0800BEED	thumb	AnimTask_LeafBlade_Step
0x0800BEF0	0x0800BF03	thumb	LeafBladeGetPosFactor
0x0800BF04	0x0800BFA3	thumb	AnimTask_LeafBlade_Step2
0x0800BFA4	0x0800C00F	thumb	AnimTask_LeafBlade_Step2_Callback
0x0800C010	0x0800C103	thumb	AnimFlyingParticle
0x0800C104	0x0800C15B	thumb	AnimFlyingParticle_Step
0x0800C15C	0x0800C22B	thumb	AnimTask_CycleMagicalLeafPal
0x0800C22C	0x0800C35F	thumb	AnimNeedleArmSpike
0x0800C360	0x0800C399	thumb	AnimNeedleArmSpike_Step
0x0800C39C	0x0800C3AF	thumb	AnimWhipHit_WaitEnd
0x0800C3B0	0x0800C403	thumb	AnimSlidingHit
0x0800C404	0x0800C447	thumb	AnimWhipHit
0x0800C448	0x0800C493	thumb	AnimFlickeringPunch
0x0800C494	0x0800C527	thumb	AnimCuttingSlice
0x0800C528	0x0800C657	thumb	AnimAirCutterSlice
0x0800C658	0x0800C6C7	thumb	AnimSlice_Step
0x0800C6C8	0x0800C793	thumb	UnusedFlickerAnim
0x0800C794	0x0800C7F3	thumb	AnimCirclingMusicNote
0x0800C7F4	0x0800C857	thumb	AnimCirclingMusicNote_Step
0x0800C858	0x0800C90B	thumb	AnimProtect
0x0800C90C	0x0800C9FB	thumb	AnimProtect_Step
0x0800C9FC	0x0800CA53	thumb	AnimMilkBottle
0x0800CA54	0x0800CBA7	thumb	AnimMilkBottle_Step1
0x0800CBA8	0x0800CC3D	thumb	AnimMilkBottle_Step2
0x0800CC40	0x0800CC8F	thumb	AnimGrantingStars
0x0800CC90	0x0800CD53	thumb	AnimSparklingStars
0x0800CD54	0x0800CDA3	thumb	AnimBubbleBurst
0x0800CDA4	0x0800CDF7	thumb	AnimBubbleBurst_Step
0x0800CDF8	0x0800CE53	thumb	AnimSleepLetterZ
0x0800CE54	0x0800CE9D	thumb	AnimSleepLetterZ_Step
0x0800CEA0	0x0800CEC7	thumb	AnimLockOnTarget
0x0800CEC8	0x0800CF5F	thumb	AnimLockOnTarget_Step1
0x0800CF60	0x0800CF8F	thumb	AnimLockOnTarget_Step2
0x0800CF90	0x0800D027	thumb	AnimLockOnTarget_Step3
0x0800D028	0x0800D0CB	thumb	AnimLockOnTarget_Step4
0x0800D0CC	0x0800D0EB	thumb	AnimLockOnTarget_Step5
0x0800D0EC	0x0800D13D	thumb	AnimLockOnTarget_Step6
0x0800D140	0x0800D1EB	thumb	AnimLockOnMoveTarget
0x0800D1EC	0x0800D233	thumb	AnimBowMon
0x0800D234	0x0800D283	thumb	AnimBowMon_Step1
0x0800D284	0x0800D317	thumb	AnimBowMon_Step1_Callback
0x0800D318	0x0800D363	thumb	AnimBowMon_Step2
0x0800D364	0x0800D383	thumb	AnimBowMon_Step3
0x0800D384	0x0800D423	thumb	AnimBowMon_Step3_Callback
0x0800D424	0x0800D42D	thumb	AnimBowMon_Step4
0x0800D430	0x0800D43F	thumb	AnimTipMon
0x0800D440	0x0800D52B	thumb	AnimTipMon_Step
0x0800D52C	0x0800D5CB	thumb	AnimTask_SkullBashPosition
0x0800D5CC	0x0800D7A7	thumb	AnimTask_SkullBashPositionSet
0x0800D7A8	0x0800D7FB	thumb	AnimTask_SkullBashPositionReset
0x0800D7FC	0x0800D85B	thumb	AnimSlashSlice
0x0800D85C	0x0800D897	thumb	AnimFalseSwipeSlice
0x0800D898	0x0800D8DF	thumb	AnimFalseSwipePositionedSlice
0x0800D8E0	0x0800D913	thumb	AnimFalseSwipeSlice_Step1
0x0800D914	0x0800D923	thumb	AnimFalseSwipeSlice_Step2
0x0800D924	0x0800D96D	thumb	AnimFalseSwipeSlice_Step3
0x0800D970	0x0800D9C7	thumb	AnimEndureEnergy
0x0800D9C8	0x0800DA0F	thumb	AnimEndureEnergy_Step
0x0800DA10	0x0800DA53	thumb	AnimSharpenSphere
0x0800DA54	0x0800DAE5	thumb	AnimSharpenSphere_Step
0x0800DAE8	0x0800DB4F	thumb	AnimConversion
0x0800DB50	0x0800DBCB	thumb	AnimTask_ConversionAlphaBlend
0x0800DBCC	0x0800DBF7	thumb	AnimConversion2
0x0800DBF8	0x0800DC4B	thumb	AnimConversion2_Step
0x0800DC4C	0x0800DCA3	thumb	AnimTask_Conversion2AlphaBlend
0x0800DCA4	0x0800DD17	thumb	AnimTask_HideBattlersHealthbox
0x0800DD18	0x0800DD4B	thumb	AnimTask_ShowBattlersHealthbox
0x0800DD4C	0x0800DD93	thumb	AnimMoon
0x0800DD94	0x0800DDA7	thumb	AnimMoon_Step
0x0800DDA8	0x0800DDE3	thumb	AnimMoonlightSparkle
0x0800DDE4	0x0800DE25	thumb	AnimMoonlightSparkle_Step
0x0800DE28	0x0800DEEB	thumb	AnimTask_MoonlightEndFade
0x0800DEEC	0x0800E04B	thumb	AnimTask_MoonlightEndFade_Step
0x0800E04C	0x0800E16B	thumb	AnimHornHit
0x0800E16C	0x0800E1B1	thumb	AnimHornHit_Step
0x0800E1B4	0x0800E30F	thumb	AnimTask_DoubleTeam
0x0800E310	0x0800E367	thumb	AnimTask_DoubleTeam_Step
0x0800E368	0x0800E3EB	thumb	AnimDoubleTeam
0x0800E3EC	0x0800E407	thumb	AnimSuperFang
0x0800E408	0x0800E4BB	thumb	AnimTask_MusicNotesRainbowBlend
0x0800E4BC	0x0800E4EB	thumb	AnimTask_MusicNotesClearRainbowBlend
0x0800E4EC	0x0800E5C3	thumb	AnimWavyMusicNotes
0x0800E5C4	0x0800E62D	thumb	AnimWavyMusicNotes_CalcVelocity
0x0800E630	0x0800E703	thumb	AnimWavyMusicNotes_Step
0x0800E704	0x0800E783	thumb	AnimFlyingMusicNotes
0x0800E784	0x0800E811	thumb	AnimFlyingMusicNotes_Step
0x0800E814	0x0800E877	thumb	AnimBellyDrumHand
0x0800E878	0x0800E907	thumb	AnimSlowFlyingMusicNotes
0x0800E908	0x0800E95D	thumb	AnimSlowFlyingMusicNotes_Step
0x0800E960	0x0800E9B7	thumb	SetSpriteNextToMonHead
0x0800E9B8	0x0800EA17	thumb	AnimThoughtBubble
0x0800EA18	0x0800EA4F	thumb	AnimThoughtBubble_Step
0x0800EA50	0x0800EA97	thumb	AnimMetronomeFinger
0x0800EA98	0x0800EACB	thumb	AnimMetronomeFinger_Step
0x0800EACC	0x0800EB3B	thumb	AnimFollowMeFinger
0x0800EB3C	0x0800EB53	thumb	AnimFollowMeFinger_Step1
0x0800EB54	0x0800EBA7	thumb	AnimFollowMeFinger_Step2
0x0800EBA8	0x0800EC03	thumb	AnimTauntFinger
0x0800EC04	0x0800EC3F	thumb	AnimTauntFinger_Step1
0x0800EC40	0x0800EC59	thumb	AnimTauntFinger_Step2
0x0800EC5C	0x0800ECAB	thumb	AnimCirclingFinger
0x0800ECAC	0x0800ECEB	thumb	AnimBouncingMusicNote
0x0800ECEC	0x0800ED47	thumb	AnimBouncingMusicNote_Step
0x0800ED48	0x0800ED8B	thumb	AnimVibrateBattlerBack_Step
0x0800ED8C	0x0800EE07	thumb	AnimVibrateBattlerBack
0x0800EE08	0x0800EE3F	thumb	AnimMovingClamp
0x0800EE40	0x0800EE67	thumb	AnimMovingClamp_Step
0x0800EE68	0x0800EE7F	thumb	AnimMovingClamp_End
0x0800EE80	0x0800EEB7	thumb	AnimTask_Withdraw
0x0800EEB8	0x0800EFA3	thumb	AnimTask_Withdraw_Step
0x0800EFA4	0x0800F02F	thumb	AnimKinesisZapEnergy
0x0800F030	0x0800F053	thumb	AnimSwordsDanceBlade
0x0800F054	0x0800F07B	thumb	AnimSwordsDanceBlade_Step
0x0800F07C	0x0800F173	thumb	AnimSonicBoomProjectile
0x0800F174	0x0800F1A3	thumb	AnimAirWaveProjectile_Step2
0x0800F1A4	0x0800F26B	thumb	AnimAirWaveProjectile_Step1
0x0800F26C	0x0800F3BF	thumb	AnimAirWaveProjectile
0x0800F3C0	0x0800F3E7	thumb	AirCutterProjectile_Step2
0x0800F3E8	0x0800F4CB	thumb	AirCutterProjectile_Step1
0x0800F4CC	0x0800F73F	thumb	AnimTask_AirCutterProjectile
0x0800F740	0x0800F767	thumb	AnimVoidLines
0x0800F768	0x0800F7BB	thumb	AnimVoidLines_Step
0x0800F7BC	0x0800F873	thumb	AnimCoinThrow
0x0800F874	0x0800F88B	thumb	AnimFallingCoin
0x0800F88C	0x0800F8FB	thumb	AnimFallingCoin_Step
0x0800F8FC	0x0800F94B	thumb	AnimBulletSeed
0x0800F94C	0x0800F9B3	thumb	AnimBulletSeed_Step1
0x0800F9B4	0x0800FA1B	thumb	AnimBulletSeed_Step2
0x0800FA1C	0x0800FA77	thumb	AnimRazorWindTornado
0x0800FA78	0x0800FAF3	thumb	AnimViceGripPincer
0x0800FAF4	0x0800FB07	thumb	AnimViceGripPincer_Step
0x0800FB08	0x0800FB9B	thumb	AnimGuillotinePincer
0x0800FB9C	0x0800FBFF	thumb	AnimGuillotinePincer_Step1
0x0800FC00	0x0800FC5B	thumb	AnimGuillotinePincer_Step2
0x0800FC5C	0x0800FC75	thumb	AnimGuillotinePincer_Step3
0x0800FC78	0x0800FCD3	thumb	AnimTask_GrowAndGrayscale
0x0800FCD4	0x0800FD2B	thumb	AnimTask_GrowAndGrayscale_Step
0x0800FD2C	0x0800FD77	thumb	AnimTask_Minimize
0x0800FD78	0x0800FECF	thumb	AnimTask_Minimize_Step1
0x0800FED0	0x0800FF87	thumb	CreateMinimizeSprite
0x0800FF88	0x0800FFD3	thumb	ClonedMinizeSprite_Step
0x0800FFD4	0x0801002B	thumb	AnimTask_Splash
0x0801002C	0x0801013B	thumb	AnimTask_Splash_Step
0x0801013C	0x0801016F	thumb	AnimTask_GrowAndShrink
0x08010170	0x0801019B	thumb	AnimTask_GrowAndShrink_Step
0x0801019C	0x08010217	thumb	AnimBreathPuff
0x08010218	0x0801028F	thumb	AnimAngerMark
0x08010290	0x080102CB	thumb	AnimTask_ThrashMoveMonHorizontal
0x080102CC	0x080102F7	thumb	AnimTask_ThrashMoveMonHorizontal_Step
0x080102F8	0x0801036B	thumb	AnimTask_ThrashMoveMonVertical
0x0801036C	0x0801048B	thumb	AnimTask_ThrashMoveMonVertical_Step
0x0801048C	0x08010567	thumb	AnimTask_SketchDrawMon
0x08010568	0x08010633	thumb	AnimTask_SketchDrawMon_Step
0x08010634	0x0801067F	thumb	AnimPencil
0x08010680	0x080107C1	thumb	AnimPencil_Step
0x080107C4	0x0801087B	thumb	AnimBlendThinRing
0x0801087C	0x0801089B	thumb	AnimHyperVoiceRing_WaitEnd
0x0801089C	0x08010AA3	thumb	AnimHyperVoiceRing
0x08010AA4	0x08010AEF	thumb	AnimUproarRing
0x08010AF0	0x08010B37	thumb	AnimSoftBoiledEgg
0x08010B38	0x08010BAF	thumb	AnimSoftBoiledEgg_Step1
0x08010BB0	0x08010BD7	thumb	AnimSoftBoiledEgg_Step2
0x08010BD8	0x08010C33	thumb	AnimSoftBoiledEgg_Step3
0x08010C34	0x08010C77	thumb	AnimSoftBoiledEgg_Step3_Callback1
0x08010C78	0x08010CC3	thumb	AnimSoftBoiledEgg_Step3_Callback2
0x08010CC4	0x08010CFB	thumb	AnimSoftBoiledEgg_Step4
0x08010CFC	0x08010D1B	thumb	AnimSoftBoiledEgg_Step4_Callback
0x08010D1C	0x08010D53	thumb	AnimTask_AttackerStretchAndDisappear
0x08010D54	0x08010D9F	thumb	AnimTask_AttackerStretchAndDisappear_Step
0x08010DA0	0x08010DFF	thumb	AnimTask_ExtremeSpeedImpact
0x08010E00	0x08010F03	thumb	AnimTask_ExtremeSpeedImpact_Step
0x08010F04	0x08010F43	thumb	AnimTask_ExtremeSpeedMonReappear
0x08010F44	0x0801100B	thumb	AnimTask_ExtremeSpeedMonReappear_Step
0x0801100C	0x0801105B	thumb	AnimTask_SpeedDust
0x0801105C	0x08011187	thumb	AnimTask_SpeedDust_Step
0x08011188	0x080111D7	thumb	AnimSpeedDust
0x080111D8	0x0801126B	thumb	AnimTask_LoadMusicNotesPals
0x0801126C	0x0801129B	thumb	AnimTask_FreeMusicNotesPals
0x0801129C	0x080112E3	thumb	SetMusicNotePalette
0x080112E4	0x08011383	thumb	AnimHealBellMusicNote
0x08011384	0x080113D5	thumb	AnimMagentaHeart
0x080113D8	0x0801145F	thumb	AnimTask_FakeOut
0x08011460	0x080114AF	thumb	AnimTask_FakeOut_Step1
0x080114B0	0x0801154B	thumb	AnimTask_FakeOut_Step2
0x0801154C	0x080115CB	thumb	AnimTask_StretchTargetUp
0x080115CC	0x0801164B	thumb	AnimTask_StretchAttackerUp
0x0801164C	0x0801168F	thumb	AnimRedHeartProjectile
0x08011690	0x080116C3	thumb	AnimRedHeartProjectile_Step
0x080116C4	0x08011733	thumb	AnimParticleBurst
0x08011734	0x08011763	thumb	AnimRedHeartRising
0x08011764	0x080117BF	thumb	AnimRedHeartRising_Step
0x080117C0	0x0801188B	thumb	AnimTask_HeartsBackground
0x0801188C	0x080119BB	thumb	AnimTask_HeartsBackground_Step
0x080119BC	0x08011ABF	thumb	AnimTask_ScaryFace
0x08011AC0	0x08011BEF	thumb	AnimTask_ScaryFace_Step
0x08011BF0	0x08011C43	thumb	AnimOrbitFast
0x08011C44	0x08011D23	thumb	AnimOrbitFast_Step
0x08011D24	0x08011D6F	thumb	AnimOrbitScatter
0x08011D70	0x08011DAF	thumb	AnimOrbitScatter_Step
0x08011DB0	0x08011DDB	thumb	AnimSpitUpOrb_Step
0x08011DDC	0x08011E2B	thumb	AnimSpitUpOrb
0x08011E2C	0x08011E3F	thumb	AnimEyeSparkle_Step
0x08011E40	0x08011E57	thumb	AnimEyeSparkle
0x08011E58	0x08011EE3	thumb	AnimAngel
0x08011EE4	0x08011F35	thumb	AnimPinkHeart_Step
0x08011F38	0x08011FAF	thumb	AnimPinkHeart
0x08011FB0	0x080120BF	thumb	AnimDevil
0x080120C0	0x08012103	thumb	AnimFurySwipes
0x08012104	0x08012183	thumb	AnimMovementWaves
0x08012184	0x080121AD	thumb	AnimMovementWaves_Step
0x080121B0	0x080121EB	thumb	AnimTask_UproarDistortion
0x080121EC	0x08012217	thumb	AnimTask_UproarDistortion_Step
0x08012218	0x080122BB	thumb	AnimJaggedMusicNote
0x080122BC	0x080122F5	thumb	AnimJaggedMusicNote_Step
0x080122F8	0x0801236B	thumb	AnimPerishSongMusicNote2
0x0801236C	0x08012427	thumb	AnimPerishSongMusicNote
0x08012428	0x08012447	thumb	AnimPerishSongMusicNote_Step1
0x08012448	0x080124CB	thumb	AnimPerishSongMusicNote_Step2
0x080124CC	0x08012553	thumb	AnimGuardRing
0x08012554	0x08012577	thumb	AnimTask_IsFuryCutterHitRight
0x08012578	0x08012597	thumb	AnimTask_GetFuryCutterHitCount
0x0801259C	0x080125DB	thumb	AnimBlackSmoke
0x080125DC	0x0801261D	thumb	AnimBlackSmoke_Step
0x08012620	0x0801265B	thumb	AnimTask_SmokescreenImpact
0x0801265C	0x0801269F	thumb	AnimWhiteHalo
0x080126A0	0x080126DF	thumb	AnimWhiteHalo_Step1
0x080126E0	0x080126FF	thumb	AnimWhiteHalo_Step2
0x08012700	0x0801279B	thumb	AnimTealAlert
0x0801279C	0x080127C7	thumb	AnimMeanLookEye
0x080127C8	0x08012867	thumb	AnimMeanLookEye_Step1
0x08012868	0x0801289B	thumb	AnimMeanLookEye_Step2
0x0801289C	0x0801293B	thumb	AnimMeanLookEye_Step3
0x0801293C	0x080129A1	thumb	AnimMeanLookEye_Step4
0x080129A4	0x080129CB	thumb	AnimTask_SetPsychicBackground
0x080129CC	0x08012A53	thumb	SetPsychicBackground_Step
0x08012A54	0x08012A7B	thumb	AnimTask_FadeScreenToWhite
0x08012A7C	0x08012B3B	thumb	FadeScreenToWhite_Step
0x08012B3C	0x08012BAF	thumb	AnimSpikes
0x08012BB0	0x08012BDF	thumb	AnimSpikes_Step1
0x08012BE0	0x08012C1D	thumb	AnimSpikes_Step2
0x08012C20	0x08012C5B	thumb	AnimLeer
0x08012C5C	0x08012D33	thumb	AnimLetterZ
0x08012D34	0x08012D47	thumb	AnimFang
0x08012D48	0x08012D73	thumb	AnimTask_IsTargetPlayerSide
0x08012D74	0x08012D97	thumb	AnimTask_IsHealingMove
0x08012D98	0x08012DFF	thumb	AnimSpotlight
0x08012E00	0x08012EAF	thumb	AnimSpotlight_Step1
0x08012EB0	0x08012EE3	thumb	AnimSpotlight_Step2
0x08012EE4	0x08012F7F	thumb	AnimClappingHand
0x08012F80	0x08012FF7	thumb	AnimClappingHand_Step
0x08012FF8	0x08013011	thumb	AnimClappingHand2
0x08013014	0x0801309F	thumb	AnimTask_CreateSpotlight
0x080130A0	0x080130E3	thumb	AnimTask_RemoveSpotlight
0x080130E4	0x0801314F	thumb	AnimRapidSpin
0x08013150	0x08013197	thumb	AnimRapidSpin_Step
0x08013198	0x080132F7	thumb	AnimTask_RapinSpinMonElevation
0x080132F8	0x0801341B	thumb	RapinSpinMonElevation_Step
0x0801341C	0x0801347B	thumb	AnimTask_TormentAttacker
0x0801347C	0x0801366F	thumb	TormentAttacker_Step
0x08013670	0x080136A7	thumb	TormentAttacker_Callback
0x080136A8	0x08013747	thumb	AnimTriAttackTriangle
0x08013748	0x0801379B	thumb	AnimTask_DefenseCurlDeformMon
0x0801379C	0x08013893	thumb	AnimBatonPassPokeball
0x08013894	0x080138CB	thumb	AnimWishStar
0x080138CC	0x08013977	thumb	AnimWishStar_Step
0x08013978	0x080139BF	thumb	AnimMiniTwinklingStar
0x080139C0	0x08013A3B	thumb	AnimMiniTwinklingStar_Step
0x08013A3C	0x08013A8B	thumb	AnimTask_StockpileDeformMon
0x08013A8C	0x08013ADB	thumb	AnimTask_SpitUpDeformMon
0x08013ADC	0x08013B3F	thumb	AnimSwallowBlueOrb
0x08013B40	0x08013B8F	thumb	AnimTask_SwallowDeformMon
0x08013B90	0x08013D4F	thumb	AnimTask_TransformMon
0x08013D50	0x08013D8B	thumb	AnimTask_IsMonInvisible
0x08013D8C	0x08013DB3	thumb	AnimTask_CastformGfxChange
0x08013DB4	0x08013FFF	thumb	AnimTask_MorningSunLightBeam
0x08014000	0x08014117	thumb	AnimGreenStar
0x08014118	0x080141C3	thumb	AnimGreenStar_Step1
0x080141C4	0x0801421B	thumb	AnimGreenStar_Step2
0x0801421C	0x0801425F	thumb	AnimGreenStar_Callback
0x08014260	0x080144FF	thumb	AnimTask_DoomDesireLightBeam
0x08014500	0x0801454F	thumb	AnimTask_StrongFrustrationGrowAndShrink
0x08014550	0x080145BF	thumb	AnimWeakFrustrationAngerMark
0x080145C0	0x080146CB	thumb	AnimTask_RockMonBackAndForth
0x080146CC	0x08014837	thumb	AnimTask_RockMonBackAndForth_Step
0x08014838	0x0801487F	thumb	AnimSweetScentPetal
0x08014880	0x080148FB	thumb	AnimSweetScentPetal_Step
0x080148FC	0x0801494B	thumb	AnimTask_FlailMovement
0x0801494C	0x08014AF7	thumb	AnimTask_FlailMovement_Step
0x08014AF8	0x08014BB3	thumb	AnimPainSplitProjectile
0x08014BB4	0x08014D0F	thumb	AnimTask_PainSplitMovement
0x08014D10	0x08014D97	thumb	AnimFlatterConfetti
0x08014D98	0x08014DF7	thumb	AnimFlatterConfetti_Step
0x08014DF8	0x08014E6B	thumb	AnimFlatterSpotlight
0x08014E6C	0x08014EFF	thumb	AnimFlatterSpotlight_Step
0x08014F00	0x08014F3F	thumb	AnimReversalOrb
0x08014F40	0x08015017	thumb	AnimReversalOrb_Step
0x08015018	0x0801528B	thumb	AnimTask_RolePlaySilhouette
0x0801528C	0x080152EF	thumb	AnimTask_RolePlaySilhouette_Step1
0x080152F0	0x0801536B	thumb	AnimTask_RolePlaySilhouette_Step2
0x0801536C	0x080154B3	thumb	AnimTask_AcidArmor
0x080154B4	0x080157DB	thumb	AnimTask_AcidArmor_Step
0x080157DC	0x0801581F	thumb	AnimTask_DeepInhale
0x08015820	0x080158CF	thumb	AnimTask_DeepInhale_Step
0x080158D0	0x08015915	thumb	InitYawnCloudPosition
0x08015918	0x08015939	thumb	UpdateYawnCloudPosition
0x0801593C	0x0801599B	thumb	AnimYawnCloud
0x0801599C	0x08015A1F	thumb	AnimYawnCloud_Step
0x08015A20	0x08015A7B	thumb	AnimSmokeBallEscapeCloud
0x08015A7C	0x08015B8B	thumb	AnimTask_SlideMonForFocusBand_Step2
0x08015B8C	0x08015CCB	thumb	AnimTask_SlideMonForFocusBand_Step1
0x08015CCC	0x08015D6B	thumb	AnimTask_SlideMonForFocusBand
0x08015D6C	0x08015E27	thumb	AnimTask_SquishAndSweatDroplets
0x08015E28	0x08015EC3	thumb	AnimTask_SquishAndSweatDroplets_Step
0x08015EC4	0x08015F9B	thumb	CreateSweatDroplets
0x08015F9C	0x08015FE7	thumb	AnimFacadeSweatDrop
0x08015FE8	0x08016037	thumb	AnimTask_FacadeColorBlend
0x08016038	0x080160A3	thumb	AnimTask_FacadeColorBlend_Step
0x080160A4	0x080160F3	thumb	AnimTask_StatusClearedEffect
0x080160F4	0x0801619B	thumb	AnimRoarNoiseLine
0x0801619C	0x080161D5	thumb	AnimRoarNoiseLine_Step
0x080161D8	0x080162B7	thumb	AnimTask_GlareEyeDots
0x080162B8	0x08016487	thumb	AnimTask_GlareEyeDots_Step
0x08016488	0x08016507	thumb	GetGlareEyeDotCoords
0x08016508	0x08016543	thumb	AnimGlareEyeDot
0x08016544	0x0801657B	thumb	AnimAssistPawprint
0x0801657C	0x08016687	thumb	AnimTask_BarrageBall
0x08016688	0x0801677B	thumb	AnimTask_BarrageBall_Step
0x0801677C	0x0801680F	thumb	AnimSmellingSaltsHand
0x08016810	0x080168C1	thumb	AnimSmellingSaltsHand_Step
0x080168C4	0x08016917	thumb	AnimTask_SmellingSaltsSquish
0x08016918	0x080169C7	thumb	AnimTask_SmellingSaltsSquish_Step
0x080169C8	0x08016A1F	thumb	AnimSmellingSaltExclamation
0x08016A20	0x08016A6B	thumb	AnimSmellingSaltExclamation_Step
0x08016A6C	0x08016A9F	thumb	AnimHelpingHandClap
0x08016AA0	0x08016C47	thumb	AnimHelpingHandClap_Step
0x08016C48	0x08016CBF	thumb	AnimTask_HelpingHandAttackerMovement
0x08016CC0	0x08016E7B	thumb	AnimTask_HelpingHandAttackerMovement_Step
0x08016E7C	0x08016EF3	thumb	AnimForesightMagnifyingGlass
0x08016EF4	0x080170AB	thumb	AnimForesightMagnifyingGlass_Step
0x080170AC	0x08017127	thumb	AnimMeteorMashStar_Step
0x08017128	0x0801719F	thumb	AnimMeteorMashStar
0x080171A0	0x0801725B	thumb	AnimTask_MonToSubstitute
0x0801725C	0x080173BF	thumb	AnimTask_MonToSubstituteDoll
0x080173C0	0x08017417	thumb	AnimBlockX
0x08017418	0x0801751B	thumb	AnimBlockX_Step
0x0801751C	0x08017607	thumb	AnimTask_OdorSleuthMovement
0x08017608	0x0801762F	thumb	AnimTask_OdorSleuthMovementWaitFinish
0x08017630	0x08017703	thumb	MoveOdorSleuthClone
0x08017704	0x0801774F	thumb	AnimTask_GetReturnPowerLevel
0x08017750	0x08017C53	thumb	AnimTask_SnatchOpposingMonMove
0x08017C54	0x08017D5B	thumb	AnimUnusedItemBagSteal
0x08017D5C	0x08017E7F	thumb	AnimTask_SnatchPartnerMove
0x08017E80	0x08017EE7	thumb	AnimTask_TeeterDanceMovement
0x08017EE8	0x08017FA3	thumb	AnimTask_TeeterDanceMovement_Step
0x08017FA4	0x08017FEF	thumb	AnimKnockOffStrike_Step
0x08017FF0	0x0801804F	thumb	AnimKnockOffStrike
0x08018050	0x08018097	thumb	AnimRecycle
0x08018098	0x0801818B	thumb	AnimRecycle_Step
0x0801818C	0x080181D7	thumb	AnimTask_GetWeather
0x080181D8	0x0801821B	thumb	AnimTask_SlackOffSquish
0x0801821C	0x080182CB	thumb	AnimTask_SlackOffSquish_Step
0x080182CC	0x0801830F	thumb	AnimLightning
0x08018310	0x08018323	thumb	AnimLightning_Step
0x08018324	0x0801835F	thumb	AnimUnusedSpinningFist
0x08018360	0x08018373	thumb	AnimUnusedSpinningFist_Step
0x08018374	0x080183F7	thumb	AnimUnusedCirclingShock
0x080183F8	0x08018523	thumb	AnimSparkElectricity
0x08018524	0x08018593	thumb	AnimZapCannonSpark
0x08018594	0x08018603	thumb	AnimZapCannonSpark_Step
0x08018604	0x08018649	thumb	AnimThunderboltOrb_Step
0x0801864C	0x080186AB	thumb	AnimThunderboltOrb
0x080186AC	0x0801874B	thumb	AnimSparkElectricityFlashing
0x0801874C	0x080187B7	thumb	AnimSparkElectricityFlashing_Step
0x080187B8	0x0801881F	thumb	AnimElectricity
0x08018820	0x0801887B	thumb	AnimTask_ElectricBolt
0x0801887C	0x0801897B	thumb	AnimTask_ElectricBolt_Step
0x0801897C	0x080189B7	thumb	AnimElectricBoltSegment
0x080189B8	0x08018A2F	thumb	AnimThunderWave
0x08018A30	0x08018A85	thumb	AnimThunderWave_Step
0x08018A88	0x08018B07	thumb	AnimTask_ElectricChargingParticles
0x08018B08	0x08018C37	thumb	AnimTask_ElectricChargingParticles_Step
0x08018C38	0x08018C6B	thumb	AnimElectricChargingParticles_Step
0x08018C6C	0x08018C83	thumb	AnimElectricChargingParticles
0x08018C84	0x08018CD7	thumb	AnimGrowingChargeOrb
0x08018CD8	0x08018D33	thumb	AnimElectricPuff
0x08018D34	0x08018D83	thumb	AnimVoltTackleOrbSlide
0x08018D84	0x08018DE3	thumb	AnimVoltTackleOrbSlide_Step
0x08018DE4	0x08018F3F	thumb	AnimTask_VoltTackleAttackerReappear
0x08018F40	0x080190C7	thumb	AnimTask_VoltTackleBolt
0x080190C8	0x0801916B	thumb	CreateVoltTackleBolt
0x0801916C	0x080191B7	thumb	AnimVoltTackleBolt
0x080191B8	0x08019207	thumb	AnimGrowingShockWaveOrb
0x08019208	0x0801938F	thumb	AnimTask_ShockWaveProgressingBolt
0x08019390	0x0801948B	thumb	CreateShockWaveBoltSprite
0x0801948C	0x080194C7	thumb	AnimShockWaveProgressingBolt
0x080194C8	0x0801956B	thumb	AnimTask_ShockWaveLightning
0x0801956C	0x080195CF	thumb	CreateShockWaveLightningSprite
0x080195D0	0x08019607	thumb	AnimShockWaveLightning
0x0801960C	0x08019643	thumb	AnimUnusedHumanoidFoot
0x08019644	0x0801968B	thumb	AnimSlideHandOrFootToTarget
0x0801968C	0x080196B7	thumb	AnimJumpKick
0x080196B8	0x080196FB	thumb	AnimBasicFistOrFoot
0x080196FC	0x08019853	thumb	AnimFistOrFootRandomPos
0x08019854	0x080198A3	thumb	AnimFistOrFootRandomPos_Step
0x080198A4	0x080198FF	thumb	AnimCrossChopHand
0x08019900	0x0801994B	thumb	AnimCrossChopHand_Step
0x0801994C	0x080199D3	thumb	AnimSlidingKick
0x080199D4	0x08019A09	thumb	AnimSlidingKick_Step
0x08019A0C	0x08019A43	thumb	AnimSpinningKickOrPunch
0x08019A44	0x08019A77	thumb	AnimSpinningKickOrPunchFinish
0x08019A78	0x08019A9B	thumb	AnimStompFoot
0x08019A9C	0x08019AE7	thumb	AnimStompFootStep
0x08019AE8	0x08019B03	thumb	AnimStompFootEnd
0x08019B04	0x08019B7B	thumb	AnimDizzyPunchDuck
0x08019B7C	0x08019BDB	thumb	AnimBrickBreakWall
0x08019BDC	0x08019C47	thumb	AnimBrickBreakWall_Step
0x08019C48	0x08019CE7	thumb	AnimBrickBreakWallShard
0x08019CE8	0x08019D11	thumb	AnimBrickBreakWallShard_Step
0x08019D14	0x08019D9F	thumb	AnimSuperpowerOrb
0x08019DA0	0x08019E03	thumb	AnimSuperpowerOrb_Step
0x08019E04	0x08019E4F	thumb	AnimSuperpowerRock
0x08019E50	0x08019EF7	thumb	AnimSuperpowerRock_Step1
0x08019EF8	0x08019F39	thumb	AnimSuperpowerRock_Step2
0x08019F3C	0x0801A003	thumb	AnimSuperpowerFireball
0x0801A004	0x0801A027	thumb	AnimArmThrustHit_Step
0x0801A028	0x0801A0AB	thumb	AnimArmThrustHit
0x0801A0AC	0x0801A113	thumb	AnimRevengeScratch
0x0801A114	0x0801A14D	thumb	AnimFocusPunchFist
0x0801A150	0x0801A243	thumb	AnimTask_MoveSkyUppercutBg
0x0801A244	0x0801A27F	thumb	AnimFireSpiralInward
0x0801A280	0x0801A2BF	thumb	AnimFireSpread
0x0801A2C0	0x0801A323	thumb	AnimFirePlume
0x0801A324	0x0801A383	thumb	AnimLargeFlame
0x0801A384	0x0801A3B9	thumb	AnimLargeFlame_Step
0x0801A3BC	0x0801A423	thumb	AnimUnusedSmallEmber
0x0801A424	0x0801A4AF	thumb	AnimUnusedSmallEmber_Step
0x0801A4B0	0x0801A4D7	thumb	AnimSunlight
0x0801A4D8	0x0801A537	thumb	AnimEmberFlare
0x0801A538	0x0801A553	thumb	AnimBurnFlame
0x0801A554	0x0801A57B	thumb	AnimFireRing
0x0801A57C	0x0801A5EB	thumb	AnimFireRing_Step1
0x0801A5EC	0x0801A68B	thumb	AnimFireRing_Step2
0x0801A68C	0x0801A6CD	thumb	AnimFireRing_Step3
0x0801A6D0	0x0801A6FB	thumb	UpdateFireRingCircleOffset
0x0801A6FC	0x0801A73B	thumb	AnimFireCross
0x0801A73C	0x0801A777	thumb	AnimFireSpiralOutward
0x0801A778	0x0801A79B	thumb	AnimFireSpiralOutward_Step1
0x0801A79C	0x0801A7EB	thumb	AnimFireSpiralOutward_Step2
0x0801A7EC	0x0801A84F	thumb	AnimTask_EruptionLaunchRocks
0x0801A850	0x0801AB43	thumb	AnimTask_EruptionLaunchRocks_Step
0x0801AB44	0x0801ACA3	thumb	CreateEruptionLaunchRocks
0x0801ACA4	0x0801AD43	thumb	AnimEruptionLaunchRock
0x0801AD44	0x0801AD8B	thumb	GetEruptionLaunchRockInitialYPos
0x0801AD8C	0x0801ADA7	thumb	InitEruptionLaunchRockCoordData
0x0801ADA8	0x0801AE11	thumb	UpdateEruptionLaunchRockPos
0x0801AE14	0x0801AE4F	thumb	AnimEruptionFallingRock
0x0801AE50	0x0801AED3	thumb	AnimEruptionFallingRock_Step
0x0801AED4	0x0801AFFF	thumb	AnimWillOWispOrb
0x0801B000	0x0801B073	thumb	AnimWillOWispOrb_Step
0x0801B074	0x0801B14F	thumb	AnimWillOWispFire
0x0801B150	0x0801B1AF	thumb	AnimTask_MoveHeatWaveTargets
0x0801B1B0	0x0801B433	thumb	AnimTask_MoveHeatWaveTargets_Step
0x0801B434	0x0801B467	thumb	AnimTask_BlendBackground
0x0801B468	0x0801B58B	thumb	AnimTask_ShakeTargetInPattern
0x0801B58C	0x0801B5B3	thumb	AnimEllipticalGust
0x0801B5B4	0x0801B5F5	thumb	AnimEllipticalGust_Step
0x0801B5F8	0x0801B633	thumb	AnimTask_AnimateGustTornadoPalette
0x0801B634	0x0801B6BF	thumb	AnimTask_AnimateGustTornadoPalette_Step
0x0801B6C0	0x0801B733	thumb	AnimGustToTarget
0x0801B734	0x0801B74D	thumb	AnimGustToTarget_Step
0x0801B750	0x0801B823	thumb	AnimAirWaveCrescent
0x0801B824	0x0801B867	thumb	AnimFlyBallUp
0x0801B868	0x0801B8AD	thumb	AnimFlyBallUp_Step
0x0801B8B0	0x0801B923	thumb	AnimFlyBallAttack
0x0801B924	0x0801B99B	thumb	AnimFlyBallAttack_Step
0x0801B99C	0x0801B9DF	thumb	DestroyAnimSpriteAfterTimer
0x0801B9E0	0x0801BB93	thumb	AnimFallingFeather
0x0801BB94	0x0801C04F	thumb	AnimFallingFeather_Step
0x0801C050	0x0801C097	thumb	AnimUnusedBubbleThrow
0x0801C098	0x0801C1C3	thumb	AnimUnusedFeather
0x0801C1C4	0x0801C29B	thumb	AnimUnusedFeather_Step
0x0801C29C	0x0801C337	thumb	AnimWhirlwindLine
0x0801C338	0x0801C38B	thumb	AnimWhirlwindLine_Step
0x0801C38C	0x0801C43F	thumb	AnimTask_DrillPeckHitSplats
0x0801C440	0x0801C48F	thumb	AnimBounceBallShrink
0x0801C490	0x0801C513	thumb	AnimBounceBallLand
0x0801C514	0x0801C557	thumb	AnimDiveBall
0x0801C558	0x0801C5A7	thumb	AnimDiveBall_Step1
0x0801C5A8	0x0801C5DB	thumb	AnimDiveBall_Step2
0x0801C5DC	0x0801C6BF	thumb	AnimDiveWaterSplash
0x0801C6C0	0x0801C757	thumb	AnimSprayWaterDroplet
0x0801C758	0x0801C7B1	thumb	AnimSprayWaterDroplet_Step
0x0801C7B4	0x0801C7C7	thumb	AnimUnusedFlashingLight
0x0801C7C8	0x0801C825	thumb	AnimUnusedFlashingLight_Step
0x0801C828	0x0801C8B3	thumb	AnimSkyAttackBird
0x0801C8B4	0x0801C8F5	thumb	AnimSkyAttackBird_Step
0x0801C8F8	0x0801C94B	thumb	AnimTask_SetAttackerVisibility
0x0801C94C	0x0801C9AB	thumb	AnimConfuseRayBallBounce
0x0801C9AC	0x0801CA1F	thumb	AnimConfuseRayBallBounce_Step1
0x0801CA20	0x0801CAA3	thumb	AnimConfuseRayBallBounce_Step2
0x0801CAA4	0x0801CB2F	thumb	UpdateConfuseRayBallBlend
0x0801CB30	0x0801CB4F	thumb	AnimConfuseRayBallSpiral
0x0801CB50	0x0801CBC7	thumb	AnimConfuseRayBallSpiral_Step
0x0801CBC8	0x0801CC43	thumb	AnimTask_NightShadeClone
0x0801CC44	0x0801CCA3	thumb	AnimTask_NightShadeClone_Step1
0x0801CCA4	0x0801CD03	thumb	AnimTask_NightShadeClone_Step2
0x0801CD04	0x0801CD87	thumb	AnimShadowBall
0x0801CD88	0x0801CE8F	thumb	AnimShadowBall_Step
0x0801CE90	0x0801CEA7	thumb	AnimLick
0x0801CEA8	0x0801CF1F	thumb	AnimLick_Step
0x0801CF20	0x0801D003	thumb	AnimTask_NightmareClone
0x0801D004	0x0801D0DF	thumb	AnimTask_NightmareClone_Step
0x0801D0E0	0x0801D10B	thumb	AnimTask_SpiteTargetShadow
0x0801D10C	0x0801D34B	thumb	AnimTask_SpiteTargetShadow_Step1
0x0801D34C	0x0801D3E7	thumb	AnimTask_SpiteTargetShadow_Step2
0x0801D3E8	0x0801D4EF	thumb	AnimTask_SpiteTargetShadow_Step3
0x0801D4F0	0x0801D5FF	thumb	AnimDestinyBondWhiteShadow
0x0801D600	0x0801D63B	thumb	AnimDestinyBondWhiteShadow_Step
0x0801D63C	0x0801D823	thumb	AnimTask_DestinyBondWhiteShadow
0x0801D824	0x0801D9FB	thumb	AnimTask_DestinyBondWhiteShadow_Step
0x0801D9FC	0x0801DA9B	thumb	AnimTask_CurseStretchingBlackBg
0x0801DA9C	0x0801DBF7	thumb	AnimTask_CurseStretchingBlackBg_Step1
0x0801DBF8	0x0801DC4B	thumb	AnimTask_CurseStretchingBlackBg_Step2
0x0801DC4C	0x0801DC9B	thumb	AnimCurseNail
0x0801DC9C	0x0801DD0F	thumb	AnimCurseNail_Step1
0x0801DD10	0x0801DD87	thumb	AnimCurseNail_Step2
0x0801DD88	0x0801DDBB	thumb	AnimCurseNail_End
0x0801DDBC	0x0801DEC3	thumb	AnimGhostStatusSprite
0x0801DEC4	0x0801DEE3	thumb	AnimGhostStatusSprite_End
0x0801DEE4	0x0801DF7B	thumb	AnimTask_GrudgeFlames
0x0801DF7C	0x0801E153	thumb	AnimTask_GrudgeFlames_Step
0x0801E154	0x0801E1FB	thumb	AnimGrudgeFlame
0x0801E1FC	0x0801E227	thumb	AnimTask_GhostGetOut
0x0801E228	0x0801E58B	thumb	AnimTask_GhostGetOut_Step1
0x0801E58C	0x0801E627	thumb	AnimTask_GhostGetOut_Step2
0x0801E628	0x0801E7C7	thumb	AnimTask_GhostGetOut_Step3
0x0801E7C8	0x0801E817	thumb	AnimMonMoveCircular
0x0801E818	0x0801E89F	thumb	AnimMonMoveCircular_Step
0x0801E8A0	0x0801E8F7	thumb	AnimBonemerangProjectile
0x0801E8F8	0x0801E94F	thumb	AnimBonemerangProjectile_Step
0x0801E950	0x0801E969	thumb	AnimBonemerangProjectile_End
0x0801E96C	0x0801E9D3	thumb	AnimBoneHitProjectile
0x0801E9D4	0x0801EA57	thumb	AnimDirtScatter
0x0801EA58	0x0801EAD7	thumb	AnimMudSportDirt
0x0801EAD8	0x0801EB19	thumb	AnimMudSportDirtRising
0x0801EB1C	0x0801EB87	thumb	AnimMudSportDirtFalling
0x0801EB88	0x0801EBBF	thumb	AnimTask_DigDownMovement
0x0801EBC0	0x0801ED8F	thumb	AnimTask_DigBounceMovement
0x0801ED90	0x0801EDEB	thumb	AnimTask_DigDisappear
0x0801EDEC	0x0801EE23	thumb	AnimTask_DigUpMovement
0x0801EE24	0x0801EE83	thumb	AnimTask_DigSetVisibleUnderground
0x0801EE84	0x0801EF83	thumb	AnimTask_DigRiseUpFromHole
0x0801EF84	0x0801F033	thumb	SetDigScanlineEffect
0x0801F034	0x0801F0B3	thumb	AnimDirtPlumeParticle
0x0801F0B4	0x0801F0CD	thumb	AnimDirtPlumeParticle_Step
0x0801F0D0	0x0801F143	thumb	AnimDigDirtMound
0x0801F144	0x0801F237	thumb	AnimTask_HorizontalShake
0x0801F238	0x0801F317	thumb	AnimTask_ShakeTerrain
0x0801F318	0x0801F3E3	thumb	AnimTask_ShakeBattlers
0x0801F3E4	0x0801F43B	thumb	SetBattlersXOffsetForShake
0x0801F43C	0x0801F463	thumb	AnimTask_IsPowerOver99
0x0801F464	0x0801F4F3	thumb	AnimTask_PositionFissureBgOnBattler
0x0801F4F4	0x0801F543	thumb	WaitForFissureCompletion
0x0801F548	0x0801F6A3	thumb	AnimUnusedIceCrystalThrow
0x0801F6A4	0x0801F70D	thumb	AnimUnusedIceCrystalThrow_Step
0x0801F710	0x0801F74B	thumb	AnimIcePunchSwirlingParticle
0x0801F74C	0x0801F7BB	thumb	AnimIceBeamParticle
0x0801F7BC	0x0801F82F	thumb	AnimIceEffectParticle
0x0801F830	0x0801F865	thumb	AnimFlickerIceEffectParticle
0x0801F868	0x0801F96B	thumb	AnimSwirlingSnowball
0x0801F96C	0x0801F9CB	thumb	AnimSwirlingSnowball_Step1
0x0801F9CC	0x0801FA43	thumb	AnimSwirlingSnowball_Step2
0x0801FA44	0x0801FA7F	thumb	AnimSwirlingSnowball_End
0x0801FA80	0x0801FB93	thumb	AnimMoveParticleBeyondTarget
0x0801FB94	0x0801FBFF	thumb	AnimWiggleParticleTowardsTarget
0x0801FC00	0x0801FC7B	thumb	AnimWaveFromCenterOfTarget
0x0801FC7C	0x0801FD9F	thumb	InitSwirlingFogAnim
0x0801FDA0	0x0801FE19	thumb	AnimSwirlingFogAnim
0x0801FE1C	0x0801FEEB	thumb	AnimTask_HazeScrollingFog
0x0801FEEC	0x08020043	thumb	AnimTask_HazeScrollingFog_Step
0x08020044	0x0802006F	thumb	AnimThrowMistBall
0x08020070	0x08020147	thumb	AnimTask_MistBallFog
0x08020148	0x0802028F	thumb	AnimTask_MistBallFog_Step
0x08020290	0x080203BF	thumb	InitPoisonGasCloudAnim
0x080203C0	0x0802059B	thumb	MovePoisonGasCloud
0x0802059C	0x080205B7	thumb	AnimTask_Hail
0x080205B8	0x08020667	thumb	AnimTask_Hail2
0x08020668	0x080207D3	thumb	GenerateHailParticle
0x080207D4	0x0802087F	thumb	AnimHailBegin
0x08020880	0x080208CB	thumb	AnimHailContinue
0x080208CC	0x0802095B	thumb	InitIceBallAnim
0x0802095C	0x0802098B	thumb	AnimThrowIceBall
0x0802098C	0x080209DF	thumb	InitIceBallParticle
0x080209E0	0x08020A27	thumb	AnimIceBallParticle
0x08020A28	0x08020A57	thumb	AnimTask_GetRolloutCounter
0x08020A58	0x08020ACF	thumb	AnimTask_ShakeMon
0x08020AD0	0x08020B6F	thumb	AnimTask_ShakeMon_Step
0x08020B70	0x08020C47	thumb	AnimTask_ShakeMon2
0x08020C48	0x08020CE7	thumb	AnimTask_ShakeMon2Step
0x08020CE8	0x08020D6B	thumb	AnimTask_ShakeMonInPlace
0x08020D6C	0x08020E7F	thumb	AnimTask_ShakeMonInPlace_Step
0x08020E80	0x08020ED7	thumb	AnimTask_ShakeAndSinkMon
0x08020ED8	0x08020F87	thumb	AnimTask_ShakeAndSinkMon_Step
0x08020F88	0x08020FEF	thumb	AnimTask_TranslateMonElliptical
0x08020FF0	0x0802107F	thumb	AnimTask_TranslateMonElliptical_Step
0x08021080	0x080210AF	thumb	AnimTask_TranslateMonEllipticalRespectSide
0x080210B0	0x08021113	thumb	DoHorizontalLunge
0x08021114	0x08021137	thumb	ReverseHorizontalLungeDirection
0x08021138	0x0802117F	thumb	DoVerticalDip
0x08021180	0x080211A3	thumb	ReverseVerticalDipDirection
0x080211A4	0x0802124F	thumb	SlideMonToOriginalPos
0x08021250	0x080212D7	thumb	SlideMonToOriginalPos_Step
0x080212D8	0x0802137F	thumb	SlideMonToOffset
0x08021380	0x08021453	thumb	SlideMonToOffsetAndBack
0x08021454	0x08021473	thumb	SlideMonToOffsetAndBack_End
0x08021474	0x08021517	thumb	AnimTask_WindUpLunge
0x08021518	0x0802157B	thumb	AnimTask_WindUpLunge_Step1
0x0802157C	0x080215DB	thumb	AnimTask_WindUpLunge_Step2
0x080215DC	0x0802169B	thumb	AnimTask_SlideOffScreen
0x0802169C	0x080216E7	thumb	AnimTask_SlideOffScreen_Step
0x080216E8	0x0802175F	thumb	AnimTask_SwayMon
0x08021760	0x08021857	thumb	AnimTask_SwayMon_Step
0x08021858	0x080218AB	thumb	AnimTask_ScaleMonAndRestore
0x080218AC	0x0802191B	thumb	AnimTask_ScaleMonAndRestore_Step
0x0802191C	0x080219F3	thumb	AnimTask_RotateMonSpriteToSide
0x080219F4	0x08021A9F	thumb	AnimTask_RotateMonToSideAndRestore
0x08021AA0	0x08021B2B	thumb	AnimTask_RotateMonSpriteToSide_Step
0x08021B2C	0x08021BFB	thumb	AnimTask_ShakeTargetBasedOnMovePowerOrDmg
0x08021BFC	0x08021CF3	thumb	AnimTask_ShakeTargetBasedOnMovePowerOrDmg_Step
0x08021CF4	0x08021DAF	thumb	GetBattlerSpriteCoord
0x08021DB0	0x08021F1F	thumb	GetBattlerYDelta
0x08021F20	0x08021F73	thumb	GetBattlerElevation
0x08021F74	0x08022077	thumb	GetBattlerSpriteFinal_Y
0x08022078	0x080220CB	thumb	GetBattlerSpriteCoord2
0x080220CC	0x080220DB	thumb	GetBattlerSpriteDefault_Y
0x080220DC	0x0802210F	thumb	GetSubstituteSpriteDefault_Y
0x08022110	0x08022133	thumb	GetGhostSpriteDefault_Y
0x08022134	0x080221EB	thumb	GetBattlerYCoordWithElevation
0x080221EC	0x08022257	thumb	GetAnimBattlerSpriteId
0x08022258	0x0802225F	thumb	StoreSpriteCallbackInData6
0x08022260	0x0802226B	thumb	SetCallbackToStoredInData6
0x0802226C	0x080222D3	thumb	TranslateSpriteInCircle
0x080222D4	0x08022353	thumb	TranslateSpriteInGrowingCircle
0x08022354	0x080223DD	thumb	TranslateSpriteInLissajousCurve
0x080223E0	0x08022447	thumb	TranslateSpriteInEllipse
0x08022448	0x08022461	thumb	WaitAnimForDuration
0x08022464	0x080224D3	thumb	AnimPosToTranslateLinear
0x080224D4	0x08022519	thumb	ConvertPosDataToTranslateLinearData
0x0802251C	0x08022545	thumb	TranslateSpriteLinear
0x08022548	0x08022581	thumb	TranslateSpriteLinearFixedPoint
0x08022584	0x080225C5	thumb	TranslateSpriteLinearFixedPointIconFrame
0x080225C8	0x08022603	thumb	TranslateSpriteToBattleTargetPos
0x08022604	0x0802263F	thumb	TranslateSpriteLinearById
0x08022640	0x08022693	thumb	TranslateSpriteLinearByIdFixedPoint
0x08022694	0x08022703	thumb	TranslateSpriteLinearAndFlicker
0x08022704	0x08022717	thumb	DestroySpriteAndMatrix
0x08022718	0x08022753	thumb	SetupAndStartSpriteLinearTranslationToAttacker
0x08022754	0x0802276F	thumb	EndUnkPaletteAnim
0x08022770	0x08022783	thumb	RunStoredCallbackWhenAffineAnimEnds
0x08022784	0x08022797	thumb	RunStoredCallbackWhenAnimEnds
0x08022798	0x080227B7	thumb	DestroyAnimSpriteAndDisableBlend
0x080227B8	0x080227D9	thumb	DestroyAnimVisualTaskAndDisableBlend
0x080227DC	0x080227FF	thumb	SetSpriteCoordsToAnimAttackerCoords
0x08022800	0x08022857	thumb	SetAnimSpriteInitialXOffset
0x08022858	0x0802287F	thumb	InitAnimArcTranslation
0x08022880	0x080228F3	thumb	TranslateAnimHorizontalArc
0x080228F4	0x08022967	thumb	TranslateAnimVerticalArc
0x08022968	0x0802297D	thumb	SetSpritePrimaryCoordsFromSecondaryCoords
0x08022980	0x080229C3	thumb	InitSpritePosToAnimTarget
0x080229C4	0x08022A1F	thumb	InitSpritePosToAnimAttacker
0x08022A20	0x08022A33	thumb	GetBattlerSide
0x08022A34	0x08022A43	thumb	GetBattlerPosition
0x08022A44	0x08022A77	thumb	GetBattlerAtPosition
0x08022A78	0x08022ACB	thumb	IsBattlerSpritePresent
0x08022ACC	0x08022ADB	thumb	IsDoubleBattle
0x08022ADC	0x08022AFF	thumb	GetBattleAnimBg1Data
0x08022B00	0x08022B3B	thumb	GetBattleAnimBgData
0x08022B3C	0x08022B87	thumb	GetBattleAnimBgDataByPriorityRank
0x08022B88	0x08022BF3	thumb	InitBattleAnimBg
0x08022BF4	0x08022C37	thumb	AnimLoadCompressedBgGfx
0x08022C38	0x08022C6D	thumb	InitAnimBgTilemapBuffer
0x08022C70	0x08022CAB	thumb	AnimLoadCompressedBgTilemap
0x08022CAC	0x08022CAF	thumb	GetBattleBgPaletteNum
0x08022CB0	0x08022CE3	thumb	ToggleBg3Mode
0x08022CE4	0x08022D2F	thumb	Trade_MoveSelectedMonToTarget
0x08022D30	0x08022D6B	thumb	InitSpriteDataForLinearTranslation
0x08022D6C	0x08022DE3	thumb	InitAnimLinearTranslation
0x08022DE4	0x08022E53	thumb	StartAnimLinearTranslation
0x08022E54	0x08022E8B	thumb	PlayerThrowBall_StartAnimLinearTranslation
0x08022E8C	0x08022EDF	thumb	AnimTranslateLinear
0x08022EE0	0x08022F39	thumb	AnimTranslateLinear_WithFollowup
0x08022F3C	0x08022F9B	thumb	PlayerThrowBall_AnimTranslateLinear_WithFollowup
0x08022F9C	0x08022FC7	thumb	InitAnimLinearTranslationWithSpeed
0x08022FC8	0x08023017	thumb	InitAnimLinearTranslationWithSpeedAndPos
0x08023018	0x0802308F	thumb	InitAnimFastLinearTranslation
0x08023090	0x080230FF	thumb	InitAndRunAnimFastLinearTranslation
0x08023100	0x08023153	thumb	AnimFastTranslateLinear
0x08023154	0x080231AD	thumb	AnimFastTranslateLinearWaitEnd
0x080231B0	0x080231DB	thumb	InitAnimFastLinearTranslationWithSpeed
0x080231DC	0x0802322B	thumb	InitAnimFastLinearTranslationWithSpeedAndPos
0x0802322C	0x08023273	thumb	SetSpriteRotScale
0x08023274	0x08023277	thumb	ShouldRotScaleSpeciesBeFlipped
0x08023278	0x0802332F	thumb	PrepareBattlerSpriteForRotScale
0x08023330	0x0802337F	thumb	ResetSpriteRotScale
0x08023380	0x080233C3	thumb	SetBattlerSpriteYOffsetFromRotation
0x080233C4	0x0802344B	thumb	TrySetSpriteRotScale
0x0802344C	0x080234C7	thumb	TryResetSpriteAffineState
0x080234C8	0x080234D9	thumb	ArcTan2_
0x080234DC	0x080234F3	thumb	ArcTan2Neg
0x080234F4	0x08023597	thumb	SetGreyscaleOrOriginalPalette
0x08023598	0x08023677	thumb	GetBattlePalettesMask
0x08023678	0x08023817	thumb	GetBattleMonSpritePalettesMask
0x08023818	0x0802381D	thumb	GetSpritePalIdxByBattler
0x08023820	0x08023853	thumb	GetSpritePalIdxByPosition
0x08023854	0x080238A3	thumb	AnimSpriteOnMonPos
0x080238A4	0x0802392B	thumb	TranslateAnimSpriteToTargetMonLocation
0x0802392C	0x080239AF	thumb	AnimThrowProjectile
0x080239B0	0x08023A23	thumb	AnimThrowProjectile_Step
0x08023A24	0x08023ACB	thumb	AnimTravelDiagonally
0x08023ACC	0x08023B37	thumb	CloneBattlerSpriteWithBlend
0x08023B38	0x08023B4D	thumb	DestroySpriteWithActiveSheet
0x08023B50	0x08023BEB	thumb	AnimTask_AlphaFadeIn
0x08023BEC	0x08023C93	thumb	AnimTask_AlphaFadeIn_Step
0x08023C94	0x08023D03	thumb	AnimTask_BlendMonInAndOut
0x08023D04	0x08023D2B	thumb	AnimTask_BlendMonInAndOutSetup
0x08023D2C	0x08023DC7	thumb	AnimTask_BlendMonInAndOut_Step
0x08023DC8	0x08023E23	thumb	AnimTask_BlendPalInAndOutByTag
0x08023E24	0x08023E4F	thumb	PrepareAffineAnimInTaskData
0x08023E50	0x08023F93	thumb	RunAffineAnimFromTaskData
0x08023F94	0x08023FEF	thumb	SetBattlerSpriteYOffsetFromYScale
0x08023FF0	0x0802404F	thumb	SetBattlerSpriteYOffsetFromOtherYScale
0x08024050	0x08024103	thumb	GetBattlerYDeltaFromSpriteId
0x08024104	0x0802410B	thumb	StorePointerInVars
0x0802410C	0x08024115	thumb	LoadPointerFromVars
0x08024118	0x0802416B	thumb	BattleAnimHelper_SetSpriteSquashParams
0x0802416C	0x080241E7	thumb	BattleAnimHelper_RunSpriteSquash
0x080241E8	0x0802421F	thumb	AnimTask_GetFrustrationPowerLevel
0x08024220	0x08024303	thumb	SetPriorityForVisibleBattlers
0x08024304	0x08024383	thumb	InitPrioritiesForVisibleBattlers
0x08024384	0x080243A3	thumb	GetBattlerSpriteSubpriority
0x080243A4	0x080243D7	thumb	GetBattlerSpriteBGPriority
0x080243D8	0x080243F7	thumb	GetBattlerSpriteBGPriorityRank
0x080243F8	0x0802464B	thumb	CreateAdditionalMonSpriteForMoveAnim
0x0802464C	0x08024655	thumb	DestroySpriteAndFreeResources_
0x08024658	0x08024877	thumb	GetBattlerSpriteCoordAttr
0x08024878	0x08024923	thumb	SetAverageBattlerPositions
0x08024924	0x0802498F	thumb	CreateInvisibleSpriteCopy
0x08024990	0x08024A1B	thumb	AnimTranslateLinearAndFlicker_Flipped
0x08024A1C	0x08024A93	thumb	AnimTranslateLinearAndFlicker
0x08024A94	0x08024AFB	thumb	AnimSpinningSparkle
0x08024AFC	0x08024C07	thumb	AnimTask_AttackerPunchWithTrace
0x08024C08	0x08024CAF	thumb	AnimTask_AttackerPunchWithTrace_Step
0x08024CB0	0x08024D13	thumb	CreateBattlerTrace
0x08024D14	0x08024D53	thumb	AnimBattlerTrace
0x08024D54	0x08024D9B	thumb	AnimWeatherBallUp
0x08024D9C	0x08024DF3	thumb	AnimWeatherBallUp_Step
0x08024DF4	0x08024E5F	thumb	AnimWeatherBallDown
0x08024E60	0x08024EBF	thumb	AnimConfusionDuck
0x08024EC0	0x08024F23	thumb	AnimConfusionDuck_Step
0x08024F24	0x08024F63	thumb	AnimSimplePaletteBlend
0x08024F64	0x08024F9B	thumb	UnpackSelectedBattlePalettes
0x08024F9C	0x08024FB3	thumb	AnimSimplePaletteBlend_Step
0x08024FB4	0x08025003	thumb	AnimComplexPaletteBlend
0x08025004	0x0802507B	thumb	AnimComplexPaletteBlend_Step1
0x0802507C	0x080250A7	thumb	AnimComplexPaletteBlend_Step2
0x080250A8	0x080250F7	thumb	AnimCirclingSparkle
0x080250F8	0x08025147	thumb	AnimTask_BlendColorCycle
0x08025148	0x08025193	thumb	BlendColorCycle
0x08025194	0x080251E7	thumb	AnimTask_BlendColorCycleLoop
0x080251E8	0x080252BB	thumb	AnimTask_BlendColorCycleExclude
0x080252BC	0x08025307	thumb	BlendColorCycleExclude
0x08025308	0x0802535B	thumb	AnimTask_BlendColorCycleExcludeLoop
0x0802535C	0x080253AB	thumb	AnimTask_BlendColorCycleByTag
0x080253AC	0x080253FF	thumb	BlendColorCycleByTag
0x08025400	0x08025453	thumb	AnimTask_BlendColorCycleByTagLoop
0x08025454	0x080254BF	thumb	AnimTask_FlashAnimTagWithColor
0x080254C0	0x0802555B	thumb	AnimTask_FlashAnimTagWithColor_Step1
0x0802555C	0x080255A7	thumb	AnimTask_FlashAnimTagWithColor_Step2
0x080255A8	0x0802560F	thumb	AnimTask_InvertScreenColor
0x08025610	0x0802571F	thumb	AnimTask_TintPalettes
0x08025720	0x080257B7	thumb	AnimShakeMonOrBattleTerrain
0x080257B8	0x0802584F	thumb	AnimShakeMonOrBattleTerrain_Step
0x08025850	0x080258CF	thumb	AnimShakeMonOrBattleTerrain_UpdateCoordOffsetEnabled
0x080258D0	0x08025923	thumb	AnimTask_ShakeBattleTerrain
0x08025924	0x080259AB	thumb	AnimTask_ShakeBattleTerrain_Step
0x080259AC	0x080259EB	thumb	AnimHitSplatBasic
0x080259EC	0x08025A2F	thumb	AnimHitSplatPersistent
0x08025A30	0x08025A67	thumb	AnimHitSplatHandleInvert
0x08025A68	0x08025AE3	thumb	AnimHitSplatRandom
0x08025AE4	0x08025B3F	thumb	AnimHitSplatOnMonEdge
0x08025B40	0x08025B7B	thumb	AnimCrossImpact
0x08025B7C	0x08025BAF	thumb	AnimFlashingHitSplat
0x08025BB0	0x08025BE3	thumb	AnimFlashingHitSplat_Step
0x08025BE4	0x08025C3F	thumb	AnimSludgeProjectile
0x08025C40	0x08025C59	thumb	AnimSludgeProjectile_Step
0x08025C5C	0x08025CDF	thumb	AnimAcidPoisonBubble
0x08025CE0	0x08025CF9	thumb	AnimAcidPoisonBubble_Step
0x08025CFC	0x08025D4F	thumb	AnimSludgeBombHitParticle
0x08025D50	0x08025D7D	thumb	AnimSludgeBombHitParticle_Step
0x08025D80	0x08025DFB	thumb	AnimAcidPoisonDroplet
0x08025DFC	0x08025E63	thumb	AnimBubbleEffect
0x08025E64	0x08025E9F	thumb	AnimBubbleEffect_Step
0x08025EA0	0x08025FDB	thumb	AnimDefensiveWall
0x08025FDC	0x08026013	thumb	AnimDefensiveWall_Step2
0x08026014	0x08026073	thumb	AnimDefensiveWall_Step3
0x08026074	0x08026117	thumb	AnimDefensiveWall_Step4
0x08026118	0x08026173	thumb	AnimDefensiveWall_Step5
0x08026174	0x080261FB	thumb	AnimWallSparkle
0x080261FC	0x0802626F	thumb	AnimBentSpoon
0x08026270	0x080262F7	thumb	AnimQuestionMark
0x080262F8	0x08026327	thumb	AnimQuestionMark_Step1
0x08026328	0x08026377	thumb	AnimQuestionMark_Step2
0x08026378	0x080263AF	thumb	AnimTask_MeditateStretchAttacker
0x080263B0	0x080263DB	thumb	AnimTask_MeditateStretchAttacker_Step
0x080263DC	0x0802642F	thumb	AnimTask_Teleport
0x08026430	0x080264B7	thumb	AnimTask_Teleport_Step
0x080264B8	0x08026557	thumb	AnimTask_ImprisonOrbs
0x08026558	0x0802670B	thumb	AnimTask_ImprisonOrbs_Step
0x0802670C	0x0802674B	thumb	AnimRedX_Step
0x0802674C	0x0802678B	thumb	AnimRedX
0x0802678C	0x080268CF	thumb	AnimTask_SkillSwap
0x080268D0	0x0802698F	thumb	AnimTask_SkillSwap_Step
0x08026990	0x080269B3	thumb	AnimSkillSwapOrb
0x080269B4	0x08026ABF	thumb	AnimTask_ExtrasensoryDistortion
0x08026AC0	0x08026BCF	thumb	AnimTask_ExtrasensoryDistortion_Step
0x08026BD0	0x08026CA3	thumb	AnimTask_TransparentCloneGrowAndShrink
0x08026CA4	0x08026D8F	thumb	AnimTask_TransparentCloneGrowAndShrink_Step
0x08026D90	0x08026EA3	thumb	AnimPsychoBoost
0x08026EA4	0x08026F1F	thumb	AnimFallingRock
0x08026F20	0x08026F5F	thumb	AnimFallingRock_Step
0x08026F60	0x08026FE3	thumb	AnimRockFragment
0x08026FE4	0x0802701F	thumb	AnimParticleInVortex
0x08027020	0x0802706B	thumb	AnimParticleInVortex_Step
0x0802706C	0x0802715F	thumb	AnimTask_LoadSandstormBackground
0x08027160	0x080272D3	thumb	AnimTask_LoadSandstormBackground_Step
0x080272D4	0x080273A3	thumb	AnimFlyingSandCrescent
0x080273A4	0x080273E7	thumb	AnimRaiseSprite
0x080273E8	0x08027523	thumb	AnimTask_Rollout
0x08027524	0x0802769B	thumb	AnimTask_Rollout_Step
0x0802769C	0x08027747	thumb	CreateRolloutDirtSprite
0x08027748	0x08027783	thumb	AnimRolloutParticle
0x08027784	0x080277AB	thumb	GetRolloutCounter
0x080277AC	0x080277EB	thumb	AnimRockTomb
0x080277EC	0x08027835	thumb	AnimRockTomb_Step
0x08027838	0x08027863	thumb	AnimRockBlastRock
0x08027864	0x080278B7	thumb	AnimRockScatter
0x080278B8	0x0802790B	thumb	AnimRockScatter_Step
0x0802790C	0x0802793B	thumb	AnimTask_GetSeismicTossDamageLevel
0x0802793C	0x080279C3	thumb	AnimTask_MoveSeismicTossBg
0x080279C4	0x08027A5B	thumb	AnimTask_SeismicTossBgAccelerateDownAtEnd
0x08027A5C	0x08027BA3	thumb	SmokescreenImpact
0x08027BA4	0x08027BDF	thumb	SpriteCB_SmokescreenImpactMain
0x08027BE0	0x08027C0B	thumb	SpriteCB_SmokescreenImpact
0x08027C0C	0x08027C6F	thumb	SoundTask_FireBlast
0x08027C70	0x08027CF3	thumb	SoundTask_FireBlast_Step1
0x08027CF4	0x08027D43	thumb	SoundTask_FireBlast_Step2
0x08027D44	0x08027DEF	thumb	SoundTask_LoopSEAdjustPanning
0x08027DF0	0x08027E6B	thumb	SoundTask_LoopSEAdjustPanning_Step
0x08027E6C	0x08027F1B	thumb	SoundTask_PlayCryHighPitch
0x08027F1C	0x08027FEF	thumb	SoundTask_PlayDoubleCry
0x08027FF0	0x0802805B	thumb	SoundTask_PlayDoubleCry_Step
0x0802805C	0x08028093	thumb	SoundTask_WaitForCry
0x08028094	0x080280E7	thumb	SoundTask_PlayCryWithEcho
0x080280E8	0x0802812B	thumb	SoundTask_PlayCryWithEcho_Step
0x0802812C	0x08028157	thumb	SoundTask_PlaySE1WithPanning
0x08028158	0x08028183	thumb	SoundTask_PlaySE2WithPanning
0x08028184	0x080281F7	thumb	SoundTask_AdjustPanningVar
0x080281F8	0x0802825F	thumb	SoundTask_AdjustPanningVar_Step
0x08028260	0x08028423	thumb	AnimTask_LevelUpHealthBox
0x08028424	0x080285EF	thumb	AnimTask_UnusedLevelUpHealthBox_Step
0x080285F0	0x080286C7	thumb	DoLoadHealthboxPalsForLevelUp
0x080286C8	0x080286EF	thumb	AnimTask_LoadHealthboxPalsForLevelUp
0x080286F0	0x0802877F	thumb	DoFreeHealthboxPalsForLevelUp
0x08028780	0x0802879F	thumb	AnimTask_FreeHealthboxPalsForLevelUp
0x080287A0	0x080287CF	thumb	AnimTask_FlashHealthboxOnLevelUp
0x080287D0	0x080288AF	thumb	AnimTask_FlashHealthboxOnLevelUp_Step
0x080288B0	0x0802894F	thumb	AnimTask_SwitchOutShrinkMon
0x08028950	0x08028A77	thumb	AnimTask_SwitchOutBallEffect
0x08028A78	0x08028AAB	thumb	AnimTask_LoadBallGfx
0x08028AAC	0x08028ADF	thumb	AnimTask_FreeBallGfx
0x08028AE0	0x08028B17	thumb	AnimTask_IsBallBlockedByTrainerOrDodged
0x08028B18	0x08028B37	thumb	ItemIdToBallId
0x08028B38	0x08028C07	thumb	AnimTask_ThrowBall
0x08028C08	0x08028C3F	thumb	AnimTask_ThrowBall_WaitAnimObjComplete
0x08028C40	0x08028D43	thumb	AnimTask_ThrowBallSpecial
0x08028D44	0x08028DB3	thumb	AnimTask_ThrowBallSpecial_PlaySfx
0x08028DB4	0x08028E03	thumb	AnimTask_ThrowBallSpecial_ResetPlayerSprite
0x08028E04	0x08028E33	thumb	SpriteCB_ThrowBall_Init
0x08028E34	0x08028EF3	thumb	SpriteCB_ThrowBall_ArcFlight
0x08028EF4	0x08028F47	thumb	SpriteCB_ThrowBall_TenFrameDelay
0x08028F48	0x0802908B	thumb	SpriteCB_ThrowBall_ShrinkMon
0x0802908C	0x080290CF	thumb	SpriteCB_ThrowBall_InitialFall
0x080290D0	0x080291C7	thumb	SpriteCB_ThrowBall_Bounce
0x080291C8	0x08029213	thumb	SpriteCB_ThrowBall_InitShake
0x08029214	0x0802943B	thumb	SpriteCB_ThrowBall_DoShake
0x0802943C	0x0802945B	thumb	SpriteCB_ThrowBall_DelayThenBreakOut
0x0802945C	0x08029477	thumb	SpriteCB_ThrowBall_InitClick
0x08029478	0x08029543	thumb	SpriteCB_ThrowBall_DoClick
0x08029544	0x08029623	thumb	SpriteCB_ThrowBall_FinishClick
0x08029624	0x08029645	thumb	BattleAnimObj_SignalEnd
0x08029648	0x0802972F	thumb	CreateStarsWhenBallClicks
0x08029730	0x08029765	thumb	SpriteCB_BallCaptureSuccessStar
0x08029768	0x08029827	thumb	SpriteCB_ThrowBall_BeginBreakOut
0x08029828	0x080298D3	thumb	SpriteCB_ThrowBall_RunBreakOut
0x080298D4	0x080298FB	thumb	TrainerBallBlock
0x080298FC	0x08029973	thumb	TrainerBallBlock2
0x08029974	0x080299C3	thumb	GhostBallDodge
0x080299C4	0x080299FF	thumb	GhostBallDodge2
0x08029A00	0x08029A37	thumb	LoadBallParticleGfx
0x08029A38	0x08029AD3	thumb	AnimateBallOpenParticles
0x08029AD4	0x08029AF7	thumb	IncrementBattleParticleCounter
0x08029AF8	0x08029C13	thumb	PokeBallOpenParticleAnimation
0x08029C14	0x08029C2B	thumb	PokeBallOpenParticleAnimation_Step1
0x08029C2C	0x08029C67	thumb	PokeBallOpenParticleAnimation_Step2
0x08029C68	0x08029D73	thumb	TimerBallOpenParticleAnimation
0x08029D74	0x08029E7F	thumb	DiveBallOpenParticleAnimation
0x08029E80	0x08029F8B	thumb	SafariBallOpenParticleAnimation
0x08029F8C	0x0802A093	thumb	UltraBallOpenParticleAnimation
0x0802A094	0x0802A1D3	thumb	GreatBallOpenParticleAnimation
0x0802A1D4	0x0802A22B	thumb	FanOutBallOpenParticles_Step1
0x0802A22C	0x0802A327	thumb	RepeatBallOpenParticleAnimation
0x0802A328	0x0802A383	thumb	RepeatBallOpenParticleAnimation_Step1
0x0802A384	0x0802A4E3	thumb	MasterBallOpenParticleAnimation
0x0802A4E4	0x0802A5E3	thumb	PremierBallOpenParticleAnimation
0x0802A5E4	0x0802A641	thumb	PremierBallOpenParticleAnimation_Step1
0x0802A644	0x0802A6AB	thumb	DestroyBallOpenAnimationParticle
0x0802A6AC	0x0802A75B	thumb	LaunchBallFadeMonTask
0x0802A75C	0x0802A7DF	thumb	Task_FadeMon_ToBallColor
0x0802A7E0	0x0802A82B	thumb	Task_FadeMon_ToNormal
0x0802A82C	0x0802A883	thumb	Task_FadeMon_ToNormal_Step
0x0802A884	0x0802A9E3	thumb	AnimTask_SwapMonSpriteToFromSubstitute
0x0802A9E4	0x0802AACF	thumb	AnimTask_SubstituteFadeToInvisible
0x0802AAD0	0x0802AAFF	thumb	AnimTask_IsAttackerBehindSubstitute
0x0802AB00	0x0802AB1F	thumb	AnimTask_SetTargetToEffectBattler
0x0802AB20	0x0802ABF7	thumb	TryShinyAnimation
0x0802ABF8	0x0802AD97	thumb	AnimTask_ShinySparkles
0x0802AD98	0x0802ADE3	thumb	AnimTask_ShinySparkles_WaitSparkles
0x0802ADE4	0x0802AE3B	thumb	SpriteCB_ShinySparkles_1
0x0802AE3C	0x0802AE93	thumb	SpriteCB_ShinySparkles_2
0x0802AE94	0x0802AEC3	thumb	AnimTask_LoadBaitGfx
0x0802AEC4	0x0802AEE7	thumb	AnimTask_FreeBaitGfx
0x0802AEE8	0x0802AF5F	thumb	SpriteCB_SafariBaitOrRock_Init
0x0802AF60	0x0802AF8B	thumb	SpriteCB_SafariBaitOrRock_WaitPlayerThrow
0x0802AF8C	0x0802AFB3	thumb	SpriteCB_SafariBaitOrRock_ArcFlight
0x0802AFB4	0x0802B003	thumb	SpriteCB_SafariBaitOrRock_Finish
0x0802B004	0x0802B05B	thumb	AnimTask_SafariOrGhost_DecideAnimSides
0x0802B05C	0x0802B087	thumb	AnimTask_SafariGetReaction
0x0802B088	0x0802B0CB	thumb	AnimTask_GetTrappedMoveAnimId
0x0802B0CC	0x0802B0F7	thumb	AnimTask_GetBattlersFromArg
0x0802B0F8	0x0802B25F	thumb	Task_FlashingCircleImpacts
0x0802B260	0x0802B2E3	thumb	Task_UpdateFlashingCircleImpacts
0x0802B2E4	0x0802B30F	thumb	AnimFlashingCircleImpact
0x0802B310	0x0802B37D	thumb	AnimFlashingCircleImpact_Step
0x0802B380	0x0802B443	thumb	AnimTask_FrozenIceCube
0x0802B444	0x0802B497	thumb	AnimTask_FrozenIceCube_Step1
0x0802B498	0x0802B53B	thumb	AnimTask_FrozenIceCube_Step2
0x0802B53C	0x0802B58F	thumb	AnimTask_FrozenIceCube_Step3
0x0802B590	0x0802B5F7	thumb	AnimTask_FrozenIceCube_Step4
0x0802B5F8	0x0802B753	thumb	AnimTask_StatsChange
0x0802B754	0x0802B79B	thumb	LaunchStatusAnimation
0x0802B79C	0x0802B7F3	thumb	Task_DoStatusAnimation
0x0802B7F8	0x0802B837	thumb	AnimTask_BlendBattleAnimPal
0x0802B838	0x0802B8E3	thumb	AnimTask_BlendBattleAnimPalExclude
0x0802B8E4	0x0802B967	thumb	AnimTask_SetCamouflageBlend
0x0802B968	0x0802B98B	thumb	AnimTask_BlendParticle
0x0802B98C	0x0802B9CF	thumb	StartBlendAnimSpriteColor
0x0802B9D0	0x0802BA67	thumb	AnimTask_BlendSpriteColor_Step2
0x0802BA68	0x0802BAA3	thumb	AnimTask_HardwarePaletteFade
0x0802BAA4	0x0802BABF	thumb	AnimTask_HardwarePaletteFade_Step
0x0802BAC0	0x0802BAFF	thumb	AnimTask_TraceMonBlended
0x0802BB00	0x0802BBAF	thumb	AnimTask_TraceMonBlended_Step
0x0802BBB0	0x0802BBEB	thumb	AnimMonTrace
0x0802BBEC	0x0802BDEB	thumb	AnimTask_DrawFallingWhiteLinesOnAttacker
0x0802BDEC	0x0802BF2F	thumb	AnimTask_DrawFallingWhiteLinesOnAttacker_Step
0x0802BF30	0x0802BF73	thumb	InitStatsChangeAnimation
0x0802BF74	0x0802C107	thumb	StatsChangeAnimation_Step1
0x0802C108	0x0802C2DF	thumb	StatsChangeAnimation_Step2
0x0802C2E0	0x0802C4AF	thumb	StatsChangeAnimation_Step3
0x0802C4B0	0x0802C5EB	thumb	AnimTask_Flash
0x0802C5EC	0x0802C6E7	thumb	AnimTask_Flash_Step
0x0802C6E8	0x0802C73F	thumb	SetPalettesToColor
0x0802C740	0x0802C797	thumb	AnimTask_BlendNonAttackerPalettes
0x0802C798	0x0802C81B	thumb	AnimTask_StartSlidingBg
0x0802C81C	0x0802C897	thumb	AnimTask_UpdateSlidingBg
0x0802C898	0x0802C8BF	thumb	AnimTask_GetAttackerSide
0x0802C8C0	0x0802C8E7	thumb	AnimTask_GetTargetSide
0x0802C8E8	0x0802C91B	thumb	AnimTask_GetTargetIsAttackerPartner
0x0802C91C	0x0802C97F	thumb	AnimTask_SetAllNonAttackersInvisiblity
0x0802C980	0x0802CB67	thumb	StartMonScrollingBgMask
0x0802CB68	0x0802CD1F	thumb	UpdateMonScrollingBgMask
0x0802CD20	0x0802CD3F	thumb	AnimTask_GetBattleTerrain
0x0802CD40	0x0802CD67	thumb	AnimTask_AllocBackupPalBuffer
0x0802CD68	0x0802CD93	thumb	AnimTask_FreeBackupPalBuffer
0x0802CD94	0x0802CE1F	thumb	AnimTask_CopyPalUnfadedToBackup
0x0802CE20	0x0802CEB3	thumb	AnimTask_CopyPalUnfadedFromBackup
0x0802CEB4	0x0802CF33	thumb	AnimTask_CopyPalFadedToUnfaded
0x0802CF34	0x0802CF57	thumb	AnimTask_IsContest
0x0802CF58	0x0802CF87	thumb	AnimTask_SetAnimAttackerAndTargetForEffectTgt
0x0802CF88	0x0802CFC3	thumb	AnimTask_IsTargetSameSide
0x0802CFC4	0x0802CFE3	thumb	AnimTask_SetAnimTargetToBattlerTarget
0x0802CFE4	0x0802D013	thumb	AnimTask_SetAnimAttackerAndTargetForEffectAtk
0x0802D014	0x0802D077	thumb	AnimTask_SetAttackerInvisibleWaitForSignal
0x0802D078	0x0802D0CB	thumb	AnimTask_WaitAndRestoreVisibility
0x0802D0CC	0x0802D183	thumb	AnimTask_CreateRaindrops
0x0802D184	0x0802D18F	thumb	AnimRainDrop
0x0802D190	0x0802D1BD	thumb	AnimRainDrop_Step
0x0802D1C0	0x0802D2B7	thumb	AnimWaterBubbleProjectile
0x0802D2B8	0x0802D333	thumb	AnimWaterBubbleProjectile_Step1
0x0802D334	0x0802D357	thumb	AnimWaterBubbleProjectile_Step2
0x0802D358	0x0802D373	thumb	AnimWaterBubbleProjectile_Step3
0x0802D374	0x0802D413	thumb	AnimAuroraBeamRings
0x0802D414	0x0802D44F	thumb	AnimAuroraBeamRings_Step
0x0802D450	0x0802D48B	thumb	AnimTask_RotateAuroraRingColors
0x0802D48C	0x0802D513	thumb	AnimTask_RotateAuroraRingColors_Step
0x0802D514	0x0802D59B	thumb	AnimToTargetInSinWave
0x0802D59C	0x0802D5E9	thumb	AnimToTargetInSinWave_Step
0x0802D5EC	0x0802D61B	thumb	AnimTask_StartSinAnimTimer
0x0802D61C	0x0802D657	thumb	AnimTask_RunSinAnimTimer
0x0802D658	0x0802D6C3	thumb	AnimHydroCannonCharge
0x0802D6C4	0x0802D6D7	thumb	AnimHydroCannonCharge_Step
0x0802D6D8	0x0802D79F	thumb	AnimHydroCannonBeam
0x0802D7A0	0x0802D7DF	thumb	AnimWaterGunDroplet
0x0802D7E0	0x0802D80F	thumb	AnimSmallBubblePair
0x0802D810	0x0802D84F	thumb	AnimSmallBubblePair_Step
0x0802D850	0x0802DA47	thumb	AnimTask_CreateSurfWave
0x0802DA48	0x0802DB7B	thumb	AnimTask_CreateSurfWave_Step1
0x0802DB7C	0x0802DC07	thumb	AnimTask_CreateSurfWave_Step2
0x0802DC08	0x0802DEEB	thumb	AnimTask_SurfWaveScanlineEffect
0x0802DEEC	0x0802DF3F	thumb	AnimSmallDriftingBubbles
0x0802DF40	0x0802DF87	thumb	AnimSmallDriftingBubbles_Step
0x0802DF88	0x0802DFD7	thumb	AnimTask_WaterSpoutLaunch
0x0802DFD8	0x0802E217	thumb	AnimTask_WaterSpoutLaunch_Step
0x0802E218	0x0802E283	thumb	GetWaterSpoutPowerForAnim
0x0802E284	0x0802E38F	thumb	CreateWaterSpoutLaunchDroplets
0x0802E390	0x0802E43B	thumb	AnimSmallWaterOrb
0x0802E43C	0x0802E49F	thumb	AnimTask_WaterSpoutRain
0x0802E4A0	0x0802E58F	thumb	AnimTask_WaterSpoutRain_Step
0x0802E590	0x0802E623	thumb	CreateWaterSpoutRainDroplet
0x0802E624	0x0802E6B3	thumb	AnimWaterSpoutRain
0x0802E6B4	0x0802E72B	thumb	AnimWaterSpoutRainHit
0x0802E72C	0x0802E7BF	thumb	AnimTask_WaterSport
0x0802E7C0	0x0802E90F	thumb	AnimTask_WaterSport_Step
0x0802E910	0x0802E977	thumb	CreateWaterSportDroplet
0x0802E978	0x0802E9D7	thumb	AnimWaterSportDroplet
0x0802E9D8	0x0802EA2B	thumb	AnimWaterSportDroplet_Step
0x0802EA2C	0x0802EA53	thumb	AnimWaterPulseBubble
0x0802EA54	0x0802EA9B	thumb	AnimWaterPulseBubble_Step
0x0802EA9C	0x0802EADF	thumb	AnimWaterPulseRingBubble
0x0802EAE0	0x0802EB1F	thumb	AnimWaterPulseRing
0x0802EB20	0x0802EBA7	thumb	AnimWaterPulseRing_Step
0x0802EBA8	0x0802ECEB	thumb	CreateWaterPulseRingBubbles
0x0802ECF0	0x0802ED93	thumb	ClearBattleAnimationVars
0x0802ED94	0x0802EDCB	thumb	DoMoveAnim
0x0802EDCC	0x0802EF53	thumb	LaunchBattleAnimation
0x0802EF54	0x0802EF73	thumb	DestroyAnimSprite
0x0802EF74	0x0802EF8F	thumb	DestroyAnimVisualTask
0x0802EF90	0x0802EFAB	thumb	DestroyAnimSoundTask
0x0802EFAC	0x0802EFDB	thumb	AddSpriteIndex
0x0802EFDC	0x0802F00B	thumb	ClearSpriteIndex
0x0802F00C	0x0802F037	thumb	WaitAnimFrameCount
0x0802F038	0x0802F073	thumb	RunAnimScriptCommand
0x0802F074	0x0802F0F7	thumb	Cmd_loadspritegfx
0x0802F0F8	0x0802F163	thumb	Cmd_unloadspritegfx
0x0802F164	0x0802F257	thumb	Cmd_createsprite
0x0802F258	0x0802F2CF	thumb	Cmd_createvisualtask
0x0802F2D0	0x0802F2FF	thumb	Cmd_delay
0x0802F300	0x0802F327	thumb	Cmd_waitforvisualfinish
0x0802F328	0x0802F329	thumb	Cmd_nop
0x0802F32C	0x0802F32D	thumb	Cmd_nop2
0x0802F330	0x0802F417	thumb	Cmd_end
0x0802F418	0x0802F43F	thumb	Cmd_playse
0x0802F440	0x0802F60F	thumb	Cmd_monbg
0x0802F610	0x0802F65F	thumb	IsBattlerSpriteVisible
0x0802F660	0x0802F8B7	thumb	MoveBattlerSpriteToBG
0x0802F8B8	0x0802F8F7	thumb	RelocateBattleBgPal
0x0802F8F8	0x0802F943	thumb	ResetBattleAnimBg
0x0802F944	0x0802F9EF	thumb	Task_InitUpdateMonBg
0x0802F9F0	0x0802FA9F	thumb	Cmd_clearmonbg
0x0802FAA0	0x0802FBAB	thumb	Task_ClearMonBg
0x0802FBAC	0x0802FC77	thumb	Cmd_monbg_static
0x0802FC78	0x0802FD33	thumb	Cmd_clearmonbg_static
0x0802FD34	0x0802FE2B	thumb	Task_ClearMonBgStatic
0x0802FE2C	0x0802FE5B	thumb	Cmd_setalpha
0x0802FE5C	0x0802FE7B	thumb	Cmd_setbldcnt
0x0802FE7C	0x0802FE9F	thumb	Cmd_blendoff
0x0802FEA0	0x0802FECB	thumb	Cmd_call
0x0802FECC	0x0802FEDF	thumb	Cmd_return
0x0802FEE0	0x0802FF07	thumb	Cmd_setarg
0x0802FF08	0x0802FF37	thumb	Cmd_choosetwoturnanim
0x0802FF38	0x0802FF6F	thumb	Cmd_jumpifmoveturn
0x0802FF70	0x0802FF8F	thumb	Cmd_goto
0x0802FF90	0x0802FF93	thumb	IsContest
0x0802FF94	0x0802FF9F	thumb	IsSpeciesNotUnown
0x0802FFA0	0x0802FFDB	thumb	Cmd_fadetobg
0x0802FFDC	0x0803002F	thumb	Cmd_fadetobgfromset
0x08030030	0x08030117	thumb	Task_FadeToBg
0x08030118	0x08030153	thumb	LoadMoveBg
0x08030154	0x0803015D	thumb	LoadDefaultBg
0x08030160	0x0803019B	thumb	Cmd_restorebg
0x0803019C	0x080301C3	thumb	Cmd_waitbgfadeout
0x080301C4	0x080301EB	thumb	Cmd_waitbgfadein
0x080301EC	0x08030237	thumb	Cmd_changebg
0x08030238	0x080302CF	thumb	BattleAnimAdjustPanning
0x080302D0	0x0803031F	thumb	BattleAnimAdjustPanning2
0x08030320	0x0803033B	thumb	KeepPanInRange
0x0803033C	0x08030369	thumb	CalculatePanIncrement
0x0803036C	0x0803039F	thumb	Cmd_playsewithpan
0x080303A0	0x080303C7	thumb	Cmd_setpan
0x080303C8	0x0803047F	thumb	Cmd_panse
0x08030480	0x080304EF	thumb	Task_PanFromInitialToTarget
0x080304F0	0x0803056B	thumb	Cmd_panse_adjustnone
0x0803056C	0x08030603	thumb	Cmd_panse_adjustall
0x08030604	0x0803067F	thumb	Cmd_loopsewithpan
0x08030680	0x080306DB	thumb	Task_LoopAndPlaySE
0x080306DC	0x0803073B	thumb	Cmd_waitplaysewithpan
0x0803073C	0x0803077F	thumb	Task_WaitAndPlaySE
0x08030780	0x080307EB	thumb	Cmd_createsoundtask
0x080307EC	0x08030863	thumb	Cmd_waitsound
0x08030864	0x080308A7	thumb	Cmd_jumpargeq
0x080308A8	0x080308B7	thumb	Cmd_jumpifcontest
0x080308B8	0x0803090B	thumb	Cmd_splitbgprio
0x0803090C	0x08030933	thumb	Cmd_splitbgprio_all
0x08030934	0x0803099B	thumb	Cmd_splitbgprio_foes
0x0803099C	0x080309D3	thumb	Cmd_invisible
0x080309D4	0x08030A0B	thumb	Cmd_visible
0x08030A0C	0x08030ADF	thumb	Cmd_teamattack_moveback
0x08030AE0	0x08030B63	thumb	Cmd_teamattack_movefwd
0x08030B64	0x08030B8B	thumb	Cmd_stopsound
0x08030B94	0x08030BCF	thumb	CreateUnknownDebugSprite
0x08030BD0	0x08030BDD	thumb	CB2_unused
0x08030BE0	0x08030C0F	thumb	GetBattleTerrainByMapScene
0x08030C10	0x08030C63	thumb	LoadBattleTerrainGfx
0x08030C64	0x08030CBB	thumb	LoadBattleTerrainEntryGfx
0x08030CBC	0x08030CEF	thumb	GetBattleTerrainGfxPtrs
0x08030CF0	0x08030D17	thumb	BattleInitBgsAndWindows
0x08030D18	0x08030D6B	thumb	InitBattleBgsVideo
0x08030D6C	0x08030DFB	thumb	LoadBattleMenuWindowGfx
0x08030DFC	0x08030E09	thumb	DrawMainBattleBackground
0x08030E0C	0x08030E4F	thumb	LoadBattleTextboxAndBackground
0x08030E50	0x08030FAF	thumb	DrawLinkBattleParticipantPokeballs
0x08030FB0	0x0803104B	thumb	DrawLinkBattleVsScreenOutcomeText
0x0803104C	0x0803139B	thumb	InitLinkBattleVsScreen
0x0803139C	0x080314DB	thumb	DrawBattleEntryBackground
0x080314DC	0x08031587	thumb	GetBattleTerrainOverride
0x08031588	0x0803163B	thumb	LoadChosenBattleElement
0x0803163C	0x0803163D	thumb	LinkOpponentDummy
0x08031640	0x0803165B	thumb	SetControllerToLinkOpponent
0x0803165C	0x080316A3	thumb	LinkOpponentBufferRunCommand
0x080316A4	0x080316DB	thumb	CompleteOnBattlerSpriteCallbackDummy
0x080316DC	0x0803174B	thumb	FreeTrainerSpriteAfterSlide
0x0803174C	0x0803177F	thumb	Intro_DelayAndEnd
0x08031780	0x080318F3	thumb	Intro_WaitForShinyAnimAndHealthbox
0x080318F4	0x08031B27	thumb	Intro_TryShinyAnimShowHealthbox
0x08031B28	0x08031BC7	thumb	TryShinyAnimAfterMonAnim
0x08031BC8	0x08031C0B	thumb	CompleteOnHealthbarDone
0x08031C0C	0x08031C47	thumb	HideHealthboxAfterMonFaint
0x08031C48	0x08031CB3	thumb	FreeMonSpriteAfterSwitchOutAnim
0x08031CB4	0x08031CC9	thumb	CompleteOnInactiveTextPrinter
0x08031CCC	0x08031D43	thumb	DoHitAnimBlinkSpriteEffect
0x08031D44	0x08031DA7	thumb	SwitchIn_ShowSubstitute
0x08031DA8	0x08031DEF	thumb	SwitchIn_HandleSoundAndEnd
0x08031DF0	0x08031EAF	thumb	SwitchIn_ShowHealthbox
0x08031EB0	0x08031F5F	thumb	SwitchIn_TryShinyAnim
0x08031F60	0x08031F8B	thumb	CompleteOnFinishedStatusAnimation
0x08031F8C	0x08031FB7	thumb	CompleteOnFinishedBattleAnimation
0x08031FB8	0x0803201F	thumb	LinkOpponentBufferExecCompleted
0x08032020	0x0803209B	thumb	LinkOpponentHandleGetMonData
0x0803209C	0x080326D3	thumb	CopyLinkOpponentMonData
0x080326D4	0x0803273B	thumb	LinkOpponentHandleGetRawMonData
0x0803273C	0x0803278F	thumb	LinkOpponentHandleSetMonData
0x08032790	0x08032D4B	thumb	SetLinkOpponentMonData
0x08032D4C	0x08032D93	thumb	LinkOpponentHandleSetRawMonData
0x08032D94	0x08032E8F	thumb	LinkOpponentHandleLoadMonSprite
0x08032E90	0x08032ECF	thumb	LinkOpponentHandleSwitchInAnim
0x08032ED0	0x08032FF7	thumb	StartSendOutAnim
0x08032FF8	0x0803307F	thumb	LinkOpponentHandleReturnMonToBall
0x08033080	0x08033103	thumb	DoSwitchOutAnimation
0x08033104	0x080333E3	thumb	LinkOpponentHandleDrawTrainerPic
0x080333E4	0x0803344B	thumb	LinkOpponentHandleTrainerSlide
0x0803344C	0x080334B3	thumb	LinkOpponentHandleTrainerSlideBack
0x080334B4	0x08033553	thumb	LinkOpponentHandleFaintAnimation
0x08033554	0x080335BB	thumb	LinkOpponentHandlePaletteFade
0x080335BC	0x08033623	thumb	LinkOpponentHandleSuccessBallThrowAnim
0x08033624	0x0803368B	thumb	LinkOpponentHandleBallThrowAnim
0x0803368C	0x080336F3	thumb	LinkOpponentHandlePause
0x080336F4	0x080337E3	thumb	LinkOpponentHandleMoveAnimation
0x080337E4	0x08033927	thumb	LinkOpponentDoMoveAnimation
0x08033928	0x0803398B	thumb	LinkOpponentHandlePrintString
0x0803398C	0x080339F3	thumb	LinkOpponentHandlePrintSelectionString
0x080339F4	0x08033A5B	thumb	LinkOpponentHandleChooseAction
0x08033A5C	0x08033AC3	thumb	LinkOpponentHandleUnknownYesNoBox
0x08033AC4	0x08033B2B	thumb	LinkOpponentHandleChooseMove
0x08033B2C	0x08033B93	thumb	LinkOpponentHandleChooseItem
0x08033B94	0x08033BFB	thumb	LinkOpponentHandleChoosePokemon
0x08033BFC	0x08033C63	thumb	LinkOpponentHandleCmd23
0x08033C64	0x08033D17	thumb	LinkOpponentHandleHealthBarUpdate
0x08033D18	0x08033D7F	thumb	LinkOpponentHandleExpUpdate
0x08033D80	0x08033DEB	thumb	LinkOpponentHandleStatusIconUpdate
0x08033DEC	0x08033E3F	thumb	LinkOpponentHandleStatusAnimation
0x08033E40	0x08033EA7	thumb	LinkOpponentHandleStatusXor
0x08033EA8	0x08033F0F	thumb	LinkOpponentHandleDataTransfer
0x08033F10	0x08033F77	thumb	LinkOpponentHandleDMA3Transfer
0x08033F78	0x08033FDF	thumb	LinkOpponentHandlePlayBGM
0x08033FE0	0x08034047	thumb	LinkOpponentHandleCmd32
0x08034048	0x080340AF	thumb	LinkOpponentHandleTwoReturnValues
0x080340B0	0x08034117	thumb	LinkOpponentHandleChosenMonReturnValue
0x08034118	0x0803417F	thumb	LinkOpponentHandleOneReturnValue
0x08034180	0x080341E7	thumb	LinkOpponentHandleOneReturnValue_Duplicate
0x080341E8	0x0803425B	thumb	LinkOpponentHandleClearUnkVar
0x0803425C	0x080342DB	thumb	LinkOpponentHandleSetUnkVar
0x080342DC	0x0803434F	thumb	LinkOpponentHandleClearUnkFlag
0x08034350	0x080343CF	thumb	LinkOpponentHandleToggleUnkFlag
0x080343D0	0x0803442B	thumb	LinkOpponentHandleHitAnimation
0x0803442C	0x08034493	thumb	LinkOpponentHandleCantSwitch
0x08034494	0x080344CF	thumb	LinkOpponentHandlePlaySE
0x080344D0	0x080344F7	thumb	LinkOpponentHandlePlayFanfare
0x080344F8	0x08034533	thumb	LinkOpponentHandleFaintingCry
0x08034534	0x08034563	thumb	LinkOpponentHandleIntroSlide
0x08034564	0x0803461B	thumb	LinkOpponentHandleIntroTrainerBallThrow
0x0803461C	0x080346DF	thumb	Task_StartSendOutAnim
0x080346E0	0x0803470B	thumb	SpriteCB_FreeOpponentSprite
0x0803470C	0x080347E7	thumb	LinkOpponentHandleDrawPartyStatusSummary
0x080347E8	0x0803481B	thumb	EndDrawPartyStatusSummary
0x0803481C	0x0803485F	thumb	LinkOpponentHandleHidePartyStatusSummary
0x08034860	0x080348C7	thumb	LinkOpponentHandleEndBounceEffect
0x080348C8	0x0803491F	thumb	LinkOpponentHandleSpriteInvisibility
0x08034920	0x0803497B	thumb	LinkOpponentHandleBattleAnimation
0x0803497C	0x080349E3	thumb	LinkOpponentHandleLinkStandbyMsg
0x080349E4	0x08034A4B	thumb	LinkOpponentHandleResetActionMoveSelection
0x08034A4C	0x08034A9B	thumb	LinkOpponentHandleEndLinkBattle
0x08034A9C	0x08034A9D	thumb	LinkOpponentCmdEnd
0x08034AA0	0x08034AA1	thumb	LinkPartnerDummy
0x08034AA4	0x08034ABF	thumb	SetControllerToLinkPartner
0x08034AC0	0x08034B07	thumb	LinkPartnerBufferRunCommand
0x08034B08	0x08034B3F	thumb	CompleteOnBattlerSpriteCallbackDummy
0x08034B40	0x08034B9F	thumb	FreeTrainerSpriteAfterSlide
0x08034BA0	0x08034BD3	thumb	Intro_DelayAndEnd
0x08034BD4	0x08034C87	thumb	Intro_WaitForHealthbox
0x08034C88	0x08034DE3	thumb	Intro_ShowHealthbox
0x08034DE4	0x08034E1F	thumb	WaitForMonAnimAfterLoad
0x08034E20	0x08034E7B	thumb	CompleteOnHealthbarDone
0x08034E7C	0x08034EDF	thumb	FreeMonSpriteAfterFaintAnim
0x08034EE0	0x08034F43	thumb	FreeMonSpriteAfterSwitchOutAnim
0x08034F44	0x08034F59	thumb	CompleteOnInactiveTextPrinter
0x08034F5C	0x08034FD3	thumb	DoHitAnimBlinkSpriteEffect
0x08034FD4	0x08035037	thumb	SwitchIn_ShowSubstitute
0x08035038	0x08035063	thumb	SwitchIn_WaitAndEnd
0x08035064	0x0803513B	thumb	SwitchIn_ShowHealthbox
0x0803513C	0x080351CB	thumb	SwitchIn_TryShinyAnim
0x080351CC	0x08035233	thumb	LinkPartnerBufferExecCompleted
0x08035234	0x0803525F	thumb	CompleteOnFinishedStatusAnimation
0x08035260	0x0803528B	thumb	CompleteOnFinishedBattleAnimation
0x0803528C	0x08035307	thumb	LinkPartnerHandleGetMonData
0x08035308	0x0803593F	thumb	CopyLinkPartnerMonData
0x08035940	0x080359A7	thumb	LinkPartnerHandleGetRawMonData
0x080359A8	0x080359FB	thumb	LinkPartnerHandleSetMonData
0x080359FC	0x08036053	thumb	SetLinkPartnerMonData
0x08036054	0x0803609B	thumb	LinkPartnerHandleSetRawMonData
0x0803609C	0x0803616B	thumb	LinkPartnerHandleLoadMonSprite
0x0803616C	0x080361CB	thumb	LinkPartnerHandleSwitchInAnim
0x080361CC	0x080362D7	thumb	StartSendOutAnim
0x080362D8	0x0803635B	thumb	LinkPartnerHandleReturnMonToBall
0x0803635C	0x080363DF	thumb	DoSwitchOutAnimation
0x080363E0	0x0803652F	thumb	LinkPartnerHandleDrawTrainerPic
0x08036530	0x08036597	thumb	LinkPartnerHandleTrainerSlide
0x08036598	0x080365FF	thumb	LinkPartnerHandleTrainerSlideBack
0x08036600	0x080366D3	thumb	LinkPartnerHandleFaintAnimation
0x080366D4	0x0803673B	thumb	LinkPartnerHandlePaletteFade
0x0803673C	0x080367A3	thumb	LinkPartnerHandleSuccessBallThrowAnim
0x080367A4	0x0803680B	thumb	LinkPartnerHandleBallThrowAnim
0x0803680C	0x08036873	thumb	LinkPartnerHandlePause
0x08036874	0x08036963	thumb	LinkPartnerHandleMoveAnimation
0x08036964	0x08036AA7	thumb	LinkPartnerDoMoveAnimation
0x08036AA8	0x08036B0B	thumb	LinkPartnerHandlePrintString
0x08036B0C	0x08036B73	thumb	LinkPartnerHandlePrintSelectionString
0x08036B74	0x08036BDB	thumb	LinkPartnerHandleChooseAction
0x08036BDC	0x08036C43	thumb	LinkPartnerHandleUnknownYesNoBox
0x08036C44	0x08036CAB	thumb	LinkPartnerHandleChooseMove
0x08036CAC	0x08036D13	thumb	LinkPartnerHandleChooseItem
0x08036D14	0x08036D7B	thumb	LinkPartnerHandleChoosePokemon
0x08036D7C	0x08036DE3	thumb	LinkPartnerHandleCmd23
0x08036DE4	0x08036E97	thumb	LinkPartnerHandleHealthBarUpdate
0x08036E98	0x08036EFF	thumb	LinkPartnerHandleExpUpdate
0x08036F00	0x08036F6B	thumb	LinkPartnerHandleStatusIconUpdate
0x08036F6C	0x08036FBF	thumb	LinkPartnerHandleStatusAnimation
0x08036FC0	0x08037027	thumb	LinkPartnerHandleStatusXor
0x08037028	0x0803708F	thumb	LinkPartnerHandleDataTransfer
0x08037090	0x080370F7	thumb	LinkPartnerHandleDMA3Transfer
0x080370F8	0x0803715F	thumb	LinkPartnerHandlePlayBGM
0x08037160	0x080371C7	thumb	LinkPartnerHandleCmd32
0x080371C8	0x0803722F	thumb	LinkPartnerHandleTwoReturnValues
0x08037230	0x08037297	thumb	LinkPartnerHandleChosenMonReturnValue
0x08037298	0x080372FF	thumb	LinkPartnerHandleOneReturnValue
0x08037300	0x08037367	thumb	LinkPartnerHandleOneReturnValue_Duplicate
0x08037368	0x080373DB	thumb	LinkPartnerHandleClearUnkVar
0x080373DC	0x0803745B	thumb	LinkPartnerHandleSetUnkVar
0x0803745C	0x080374CF	thumb	LinkPartnerHandleClearUnkFlag
0x080374D0	0x0803754F	thumb	LinkPartnerHandleToggleUnkFlag
0x08037550	0x080375AB	thumb	LinkPartnerHandleHitAnimation
0x080375AC	0x08037613	thumb	LinkPartnerHandleCantSwitch
0x08037614	0x0803764F	thumb	LinkPartnerHandlePlaySE
0x08037650	0x08037677	thumb	LinkPartnerHandlePlayFanfare
0x08037678	0x080376B3	thumb	LinkPartnerHandleFaintingCry
0x080376B4	0x080376E3	thumb	LinkPartnerHandleIntroSlide
0x080376E4	0x0803787B	thumb	LinkPartnerHandleIntroTrainerBallThrow
0x0803787C	0x0803795B	thumb	Task_StartSendOutAnim
0x0803795C	0x080379F3	thumb	LinkPartnerHandleDrawPartyStatusSummary
0x080379F4	0x08037A27	thumb	EndDrawPartyStatusSummary
0x08037A28	0x08037A6B	thumb	LinkPartnerHandleHidePartyStatusSummary
0x08037A6C	0x08037AD3	thumb	LinkPartnerHandleEndBounceEffect
0x08037AD4	0x08037B2B	thumb	LinkPartnerHandleSpriteInvisibility
0x08037B2C	0x08037B87	thumb	LinkPartnerHandleBattleAnimation
0x08037B88	0x08037BEF	thumb	LinkPartnerHandleLinkStandbyMsg
0x08037BF0	0x08037C57	thumb	LinkPartnerHandleResetActionMoveSelection
0x08037C58	0x08037C9F	thumb	LinkPartnerHandleEndLinkBattle
0x08037CA0	0x08037CA1	thumb	LinkPartnerCmdEnd
0x08037CA4	0x08037CA5	thumb	OakOldManDummy
0x08037CA8	0x08037CCF	thumb	SetControllerToOakOrOldMan
0x08037CD0	0x08037D17	thumb	OakOldManBufferRunCommand
0x08037D18	0x08037EBF	thumb	HandleInputChooseAction
0x08037EC0	0x08037F3F	thumb	SimulateInputChooseAction
0x08037F40	0x08037F77	thumb	CompleteOnBattlerSpriteCallbackDummy
0x08037F78	0x08037F8D	thumb	CompleteOnInactiveTextPrinter
0x08037F90	0x08037FC7	thumb	OakOldManSetBattleEndCallbacks
0x08037FC8	0x08037FDF	thumb	CompleteOnSpecialAnimDone
0x08037FE0	0x0803800F	thumb	OakOldManHandleInputChooseMove
0x08038010	0x08038063	thumb	OpenPartyMenuToChooseMon
0x08038064	0x080380BB	thumb	WaitForMonSelection
0x080380BC	0x08038107	thumb	OpenBagAndChooseItem
0x08038108	0x08038183	thumb	CompleteWhenChoseItem
0x08038184	0x0803831F	thumb	Intro_TryShinyAnimShowHealthbox
0x08038320	0x0803840F	thumb	Intro_WaitForShinyAnimAndHealthbox
0x08038410	0x08038587	thumb	Task_GiveExpToMon
0x08038588	0x08038647	thumb	Task_PrepareToGiveExpWithExpBar
0x08038648	0x0803878F	thumb	Task_GiveExpWithExpBar
0x08038790	0x080387F3	thumb	Task_LaunchLvlUpAnim
0x080387F4	0x0803889F	thumb	Task_UpdateLvlInHealthbox
0x080388A0	0x080388E7	thumb	DestroyExpTaskAndCompleteOnInactiveTextPrinter
0x080388E8	0x0803894B	thumb	FreeMonSpriteAfterFaintAnim
0x0803894C	0x08038AAF	thumb	PrintOakText_ForPetesSake
0x08038AB0	0x08038AC3	thumb	PrintOakText_InflictingDamageIsKey
0x08038AC4	0x08038AD7	thumb	PrintOakText_LoweringStats
0x08038AD8	0x08038AEB	thumb	PrintOakText_OakNoRunningFromATrainer
0x08038AEC	0x08038AFF	thumb	PrintOakText_WinEarnsPrizeMoney
0x08038B00	0x08038B13	thumb	PrintOakText_HowDisappointing
0x08038B14	0x08038BF7	thumb	PrintOakTextWithMainBgDarkened
0x08038BF8	0x08038D17	thumb	PrintOakText_KeepAnEyeOnHP
0x08038D18	0x08038D73	thumb	CompleteOnHealthbarDone
0x08038D74	0x08038D89	thumb	CompleteOnInactiveTextPrinter2
0x08038D8C	0x08038E03	thumb	DoHitAnimBlinkSpriteEffect
0x08038E04	0x08038E67	thumb	DoSwitchOutAnimation
0x08038E68	0x08038E9F	thumb	CompleteOnBattlerSpriteCallbackDummy2
0x08038EA0	0x08038ECB	thumb	CompleteOnFinishedBattleAnimation
0x08038ECC	0x08038F33	thumb	OakOldManBufferExecCompleted
0x08038F34	0x08038F5F	thumb	CompleteOnFinishedStatusAnimation
0x08038F60	0x08038FDB	thumb	OakOldManHandleGetMonData
0x08038FDC	0x08039613	thumb	CopyOakOldManMonData
0x08039614	0x0803961D	thumb	OakOldManHandleGetRawMonData
0x08039620	0x08039673	thumb	OakOldManHandleSetMonData
0x08039674	0x08039CCB	thumb	SetOakOldManMonData
0x08039CCC	0x08039D33	thumb	OakOldManHandleSetRawMonData
0x08039D34	0x08039D9B	thumb	OakOldManHandleLoadMonSprite
0x08039D9C	0x08039E03	thumb	OakOldManHandleSwitchInAnim
0x08039E04	0x08039E7F	thumb	OakOldManHandleReturnMonToBall
0x08039E80	0x08039F6B	thumb	OakOldManHandleDrawTrainerPic
0x08039F6C	0x0803A02F	thumb	OakOldManHandleTrainerSlide
0x0803A030	0x0803A097	thumb	OakOldManHandleTrainerSlideBack
0x0803A098	0x0803A16B	thumb	OakOldManHandleFaintAnimation
0x0803A16C	0x0803A1D3	thumb	OakOldManHandlePaletteFade
0x0803A1D4	0x0803A21F	thumb	OakOldManHandleSuccessBallThrowAnim
0x0803A220	0x0803A277	thumb	OakOldManHandleBallThrowAnim
0x0803A278	0x0803A2DF	thumb	OakOldManHandlePause
0x0803A2E0	0x0803A3C3	thumb	OakOldManHandleMoveAnimation
0x0803A3C4	0x0803A4DB	thumb	OakOldManDoMoveAnimation
0x0803A4DC	0x0803A5C3	thumb	OakOldManHandlePrintString
0x0803A5C4	0x0803A5E3	thumb	OakOldManHandlePrintSelectionString
0x0803A5E4	0x0803A637	thumb	HandleChooseActionAfterDma3
0x0803A638	0x0803A6C7	thumb	OakOldManHandleChooseAction
0x0803A6C8	0x0803A72F	thumb	OakOldManHandleUnknownYesNoBox
0x0803A730	0x0803A76B	thumb	OakHandleChooseMove_WaitDma3
0x0803A76C	0x0803A7EB	thumb	OakOldManHandleChooseMove
0x0803A7EC	0x0803A843	thumb	OakOldManHandleChooseItem
0x0803A844	0x0803A8E7	thumb	OakOldManHandleChoosePokemon
0x0803A8E8	0x0803A94F	thumb	OakOldManHandleCmd23
0x0803A950	0x0803AA0F	thumb	OakOldManHandleHealthBarUpdate
0x0803AA10	0x0803AA9F	thumb	OakOldManHandleExpUpdate
0x0803AAA0	0x0803AB07	thumb	OakOldManHandleStatusIconUpdate
0x0803AB08	0x0803AB6F	thumb	OakOldManHandleStatusAnimation
0x0803AB70	0x0803ABD7	thumb	OakOldManHandleStatusXor
0x0803ABD8	0x0803AC3F	thumb	OakOldManHandleDataTransfer
0x0803AC40	0x0803ACA7	thumb	OakOldManHandleDMA3Transfer
0x0803ACA8	0x0803AD0F	thumb	OakOldManHandlePlayBGM
0x0803AD10	0x0803AD77	thumb	OakOldManHandleCmd32
0x0803AD78	0x0803ADDF	thumb	OakOldManHandleTwoReturnValues
0x0803ADE0	0x0803AE47	thumb	OakOldManHandleChosenMonReturnValue
0x0803AE48	0x0803AEAF	thumb	OakOldManHandleOneReturnValue
0x0803AEB0	0x0803AF17	thumb	OakOldManHandleOneReturnValue_Duplicate
0x0803AF18	0x0803AF7F	thumb	OakOldManHandleCmd37
0x0803AF80	0x0803AFE7	thumb	OakOldManHandleCmd38
0x0803AFE8	0x0803B04F	thumb	OakOldManHandleCmd39
0x0803B050	0x0803B0B7	thumb	OakOldManHandleCmd40
0x0803B0B8	0x0803B113	thumb	OakOldManHandleHitAnimation
0x0803B114	0x0803B17B	thumb	OakOldManHandleCmd42
0x0803B17C	0x0803B1A3	thumb	OakOldManHandlePlaySE
0x0803B1A4	0x0803B1CB	thumb	OakOldManHandlePlayFanfare
0x0803B1CC	0x0803B203	thumb	OakOldManHandleFaintingCry
0x0803B204	0x0803B233	thumb	OakOldManHandleIntroSlide
0x0803B234	0x0803B37B	thumb	OakOldManHandleIntroTrainerBallThrow
0x0803B37C	0x0803B48F	thumb	StartSendOutAnim
0x0803B490	0x0803B4F7	thumb	Task_StartSendOutAnim
0x0803B4F8	0x0803B55B	thumb	OakOldManHandleDrawPartyStatusSummary
0x0803B55C	0x0803B5C3	thumb	OakOldManHandleHidePartyStatusSummary
0x0803B5C4	0x0803B5E7	thumb	OakOldManHandleEndBounceEffect
0x0803B5E8	0x0803B64F	thumb	OakOldManHandleSpriteInvisibility
0x0803B650	0x0803B69F	thumb	OakOldManHandleBattleAnimation
0x0803B6A0	0x0803B6D3	thumb	OakOldManHandleLinkStandbyMsg
0x0803B6D4	0x0803B73B	thumb	OakOldManHandleResetActionMoveSelection
0x0803B73C	0x0803B793	thumb	OakOldManHandleCmd55
0x0803B794	0x0803B795	thumb	OakOldManCmdEnd
0x0803B798	0x0803B7A7	thumb	BtlCtrl_OakOldMan_TestState2Flag
0x0803B7A8	0x0803B7BB	thumb	BtlCtrl_OakOldMan_SetState2Flag
0x0803B7BC	0x0803B9D3	thumb	BtlCtrl_DrawVoiceoverMessageFrame
0x0803B9D4	0x0803BAF5	thumb	BtlCtrl_RemoveVoiceoverMessageFrame
0x0803BAF8	0x0803BAF9	thumb	OpponentDummy
0x0803BAFC	0x0803BB17	thumb	SetControllerToOpponent
0x0803BB18	0x0803BB6F	thumb	OpponentBufferRunCommand
0x0803BB70	0x0803BBC3	thumb	CompleteOnBattlerSpriteCallbackDummy
0x0803BBC4	0x0803BC17	thumb	CompleteOnBattlerSpriteCallbackDummy2
0x0803BC18	0x0803BCA7	thumb	FreeTrainerSpriteAfterSlide
0x0803BCA8	0x0803BCF7	thumb	Intro_DelayAndEnd
0x0803BCF8	0x0803BE53	thumb	Intro_WaitForShinyAnimAndHealthbox
0x0803BE54	0x0803C03F	thumb	Intro_TryShinyAnimShowHealthbox
0x0803C040	0x0803C103	thumb	TryShinyAnimAfterMonAnim
0x0803C104	0x0803C193	thumb	CompleteOnHealthbarDone
0x0803C194	0x0803C1F3	thumb	HideHealthboxAfterMonFaint
0x0803C1F4	0x0803C27F	thumb	FreeMonSpriteAfterSwitchOutAnim
0x0803C280	0x0803C2BF	thumb	CompleteOnInactiveTextPrinter
0x0803C2C0	0x0803C357	thumb	DoHitAnimBlinkSpriteEffect
0x0803C358	0x0803C3BB	thumb	SwitchIn_ShowSubstitute
0x0803C3BC	0x0803C427	thumb	SwitchIn_HandleSoundAndEnd
0x0803C428	0x0803C4E7	thumb	SwitchIn_ShowHealthbox
0x0803C4E8	0x0803C597	thumb	SwitchIn_TryShinyAnim
0x0803C598	0x0803C5DF	thumb	CompleteOnFinishedStatusAnimation
0x0803C5E0	0x0803C627	thumb	CompleteOnFinishedBattleAnimation
0x0803C628	0x0803C657	thumb	OpponentBufferExecCompleted
0x0803C658	0x0803C6FF	thumb	OpponentHandleGetMonData
0x0803C700	0x0803CD37	thumb	GetOpponentMonData
0x0803CD38	0x0803CDB7	thumb	OpponentHandleGetRawMonData
0x0803CDB8	0x0803CE2F	thumb	OpponentHandleSetMonData
0x0803CE30	0x0803D3EB	thumb	SetOpponentMonData
0x0803D3EC	0x0803D453	thumb	OpponentHandleSetRawMonData
0x0803D454	0x0803D5C7	thumb	OpponentHandleLoadMonSprite
0x0803D5C8	0x0803D617	thumb	OpponentHandleSwitchInAnim
0x0803D618	0x0803D73F	thumb	StartSendOutAnim
0x0803D740	0x0803D7E7	thumb	OpponentHandleReturnMonToBall
0x0803D7E8	0x0803D86B	thumb	DoSwitchOutAnimation
0x0803D86C	0x0803D9F3	thumb	OpponentHandleDrawTrainerPic
0x0803D9F4	0x0803DB5B	thumb	OpponentHandleTrainerSlide
0x0803DB5C	0x0803DBC3	thumb	OpponentHandleTrainerSlideBack
0x0803DBC4	0x0803DC63	thumb	OpponentHandleFaintAnimation
0x0803DC64	0x0803DC93	thumb	OpponentHandlePaletteFade
0x0803DC94	0x0803DCC3	thumb	OpponentHandleSuccessBallThrowAnim
0x0803DCC4	0x0803DCF3	thumb	OpponentHandleBallThrowAnim
0x0803DCF4	0x0803DD23	thumb	OpponentHandlePause
0x0803DD24	0x0803DE2F	thumb	OpponentHandleMoveAnimation
0x0803DE30	0x0803DF93	thumb	OpponentDoMoveAnimation
0x0803DF94	0x0803E023	thumb	OpponentHandlePrintString
0x0803E024	0x0803E053	thumb	OpponentHandlePrintSelectionString
0x0803E054	0x0803E08B	thumb	OpponentHandleChooseAction
0x0803E08C	0x0803E0BB	thumb	OpponentHandleUnknownYesNoBox
0x0803E0BC	0x0803E22F	thumb	OpponentHandleChooseMove
0x0803E230	0x0803E27F	thumb	OpponentHandleChooseItem
0x0803E280	0x0803E397	thumb	OpponentHandleChoosePokemon
0x0803E398	0x0803E3C7	thumb	OpponentHandleCmd23
0x0803E3C8	0x0803E47B	thumb	OpponentHandleHealthBarUpdate
0x0803E47C	0x0803E4AB	thumb	OpponentHandleExpUpdate
0x0803E4AC	0x0803E517	thumb	OpponentHandleStatusIconUpdate
0x0803E518	0x0803E56B	thumb	OpponentHandleStatusAnimation
0x0803E56C	0x0803E59B	thumb	OpponentHandleStatusXor
0x0803E59C	0x0803E5CB	thumb	OpponentHandleDataTransfer
0x0803E5CC	0x0803E5FB	thumb	OpponentHandleDMA3Transfer
0x0803E5FC	0x0803E62B	thumb	OpponentHandlePlayBGM
0x0803E62C	0x0803E65B	thumb	OpponentHandleCmd32
0x0803E65C	0x0803E68B	thumb	OpponentHandleTwoReturnValues
0x0803E68C	0x0803E6BB	thumb	OpponentHandleChosenMonReturnValue
0x0803E6BC	0x0803E6EB	thumb	OpponentHandleOneReturnValue
0x0803E6EC	0x0803E71B	thumb	OpponentHandleOneReturnValue_Duplicate
0x0803E71C	0x0803E757	thumb	OpponentHandleCmd37
0x0803E758	0x0803E7AB	thumb	OpponentHandleCmd38
0x0803E7AC	0x0803E7E7	thumb	OpponentHandleCmd39
0x0803E7E8	0x0803E82F	thumb	OpponentHandleCmd40
0x0803E830	0x0803E8A7	thumb	OpponentHandleHitAnimation
0x0803E8A8	0x0803E8D7	thumb	OpponentHandleCmd42
0x0803E8D8	0x0803E933	thumb	OpponentHandlePlaySE
0x0803E934	0x0803E97F	thumb	OpponentHandlePlayFanfare
0x0803E980	0x0803E9DF	thumb	OpponentHandleFaintingCry
0x0803E9E0	0x0803EA33	thumb	OpponentHandleIntroSlide
0x0803EA34	0x0803EAEB	thumb	OpponentHandleIntroTrainerBallThrow
0x0803EAEC	0x0803EB17	thumb	SpriteCB_FreeOpponentSprite
0x0803EB18	0x0803EBDB	thumb	Task_StartSendOutAnim
0x0803EBDC	0x0803ECD7	thumb	OpponentHandleDrawPartyStatusSummary
0x0803ECD8	0x0803ED27	thumb	EndDrawPartyStatusSummary
0x0803ED28	0x0803ED87	thumb	OpponentHandleHidePartyStatusSummary
0x0803ED88	0x0803EDB7	thumb	OpponentHandleEndBounceEffect
0x0803EDB8	0x0803EE2F	thumb	OpponentHandleSpriteInvisibility
0x0803EE30	0x0803EEA3	thumb	OpponentHandleBattleAnimation
0x0803EEA4	0x0803EED3	thumb	OpponentHandleLinkStandbyMsg
0x0803EED4	0x0803EF03	thumb	OpponentHandleResetActionMoveSelection
0x0803EF04	0x0803EF6B	thumb	OpponentHandleCmd55
0x0803EF6C	0x0803EF6D	thumb	OpponentCmdEnd
0x0803EF70	0x0803EF71	thumb	BattleControllerDummy
0x0803EF74	0x0803EF97	thumb	SetControllerToPlayer
0x0803EF98	0x0803EFFF	thumb	PlayerBufferExecCompleted
0x0803F000	0x0803F047	thumb	PlayerBufferRunCommand
0x0803F048	0x0803F07B	thumb	CompleteOnBattlerSpritePosX_0
0x0803F07C	0x0803F2B3	thumb	HandleInputChooseAction
0x0803F2B4	0x0803F2E3	thumb	EndBounceEffect2
0x0803F2E4	0x0803F5B7	thumb	HandleInputChooseTarget
0x0803F5B8	0x0803F9F3	thumb	HandleInputChooseMove
0x0803F9F4	0x0803FBFF	thumb	HandleMoveInputUnused
0x0803FC00	0x08040317	thumb	HandleMoveSwitching
0x08040318	0x08040373	thumb	SetLinkBattleEndCallbacks
0x08040374	0x080403EF	thumb	SetBattleEndCallbacks
0x080403F0	0x08040427	thumb	CompleteOnBattlerSpriteCallbackDummy
0x08040428	0x0804045F	thumb	CompleteOnBattlerSpriteCallbackDummy2
0x08040460	0x080404C7	thumb	FreeTrainerSpriteAfterSlide
0x080404C8	0x080404FB	thumb	Intro_DelayAndEnd
0x080404FC	0x08040697	thumb	Intro_WaitForShinyAnimAndHealthbox
0x08040698	0x08040837	thumb	Intro_TryShinyAnimShowHealthbox
0x08040838	0x080408DB	thumb	SwitchIn_CleanShinyAnimShowSubstitute
0x080408DC	0x0804093F	thumb	SwitchIn_HandleSoundAndEnd
0x08040940	0x08040A03	thumb	SwitchIn_TryShinyAnimShowHealthbox
0x08040A04	0x08040A33	thumb	Task_PlayerController_RestoreBgmAfterCry
0x08040A34	0x08040A8F	thumb	CompleteOnHealthbarDone
0x08040A90	0x08040AA5	thumb	CompleteOnInactiveTextPrinter
0x08040AA8	0x08040C1F	thumb	Task_GiveExpToMon
0x08040C20	0x08040CDF	thumb	Task_PrepareToGiveExpWithExpBar
0x08040CE0	0x08040E27	thumb	Task_GiveExpWithExpBar
0x08040E28	0x08040E8B	thumb	Task_LaunchLvlUpAnim
0x08040E8C	0x08040F37	thumb	Task_UpdateLvlInHealthbox
0x08040F38	0x08040F93	thumb	DestroyExpTaskAndCompleteOnInactiveTextPrinter
0x08040F94	0x0804111F	thumb	Task_CreateLevelUpVerticalStripes
0x08041120	0x08041183	thumb	FreeMonSpriteAfterFaintAnim
0x08041184	0x080411E7	thumb	FreeMonSpriteAfterSwitchOutAnim
0x080411E8	0x080411FD	thumb	CompleteOnInactiveTextPrinter2
0x08041200	0x08041253	thumb	OpenPartyMenuToChooseMon
0x08041254	0x080412F3	thumb	WaitForMonSelection
0x080412F4	0x0804132B	thumb	OpenBagAndChooseItem
0x0804132C	0x08041363	thumb	CompleteWhenChoseItem
0x08041364	0x08041397	thumb	CompleteOnSpecialAnimDone
0x08041398	0x0804140F	thumb	DoHitAnimBlinkSpriteEffect
0x08041410	0x08041493	thumb	MoveSelectionDisplayMoveNames
0x08041494	0x080414B7	thumb	MoveSelectionDisplayPpString
0x080414B8	0x080414DB	thumb	MoveSelectionDisplayPpNumber
0x080414DC	0x080415BB	thumb	MoveSelectionDisplayMoveType
0x080415BC	0x080415FF	thumb	MoveSelectionCreateCursorAt
0x08041600	0x0804163F	thumb	MoveSelectionDestroyCursorAt
0x08041640	0x08041683	thumb	ActionSelectionCreateCursorAt
0x08041684	0x080416C7	thumb	ActionSelectionDestroyCursorAt
0x080416C8	0x080416D7	thumb	SetCB2ToReshowScreenAfterMenu
0x080416D8	0x080416E7	thumb	SetCB2ToReshowScreenAfterMenu2
0x080416E8	0x08041713	thumb	CompleteOnFinishedStatusAnimation
0x08041714	0x0804173F	thumb	CompleteOnFinishedBattleAnimation
0x08041740	0x08041773	thumb	PrintLinkStandbyMsg
0x08041774	0x080417EF	thumb	PlayerHandleGetMonData
0x080417F0	0x08041E27	thumb	CopyPlayerMonData
0x08041E28	0x08041E83	thumb	PlayerHandleGetRawMonData
0x08041E84	0x08041ED7	thumb	PlayerHandleSetMonData
0x08041ED8	0x0804252F	thumb	SetPlayerMonData
0x08042530	0x08042577	thumb	PlayerHandleSetRawMonData
0x08042578	0x080425D7	thumb	PlayerHandleLoadMonSprite
0x080425D8	0x0804264B	thumb	PlayerHandleSwitchInAnim
0x0804264C	0x08042757	thumb	StartSendOutAnim
0x08042758	0x080427DB	thumb	PlayerHandleReturnMonToBall
0x080427DC	0x0804285F	thumb	DoSwitchOutAnimation
0x08042860	0x080429CB	thumb	PlayerHandleDrawTrainerPic
0x080429CC	0x08042AE7	thumb	PlayerHandleTrainerSlide
0x08042AE8	0x08042B5F	thumb	PlayerHandleTrainerSlideBack
0x08042B60	0x08042C33	thumb	PlayerHandleFaintAnimation
0x08042C34	0x08042C53	thumb	PlayerHandlePaletteFade
0x08042C54	0x08042C9F	thumb	PlayerHandleSuccessBallThrowAnim
0x08042CA0	0x08042CF7	thumb	PlayerHandleBallThrowAnim
0x08042CF8	0x08042D5F	thumb	PlayerHandlePause
0x08042D60	0x08042E4F	thumb	PlayerHandleMoveAnimation
0x08042E50	0x08042F93	thumb	PlayerDoMoveAnimation
0x08042F94	0x08042FF7	thumb	PlayerHandlePrintString
0x08042FF8	0x08043017	thumb	PlayerHandlePrintSelectionString
0x08043018	0x0804304F	thumb	HandleChooseActionAfterDma3
0x08043050	0x080430F7	thumb	PlayerHandleChooseAction
0x080430F8	0x080430F9	thumb	PlayerHandleUnknownYesNoBox
0x080430FC	0x08043137	thumb	HandleChooseMoveAfterDma3
0x08043138	0x080431D7	thumb	PlayerHandleChooseMove
0x080431D8	0x08043267	thumb	InitMoveSelectionsVarsAndStrings
0x08043268	0x080432BF	thumb	PlayerHandleChooseItem
0x080432C0	0x08043363	thumb	PlayerHandleChoosePokemon
0x08043364	0x08043387	thumb	PlayerHandleCmd23
0x08043388	0x08043447	thumb	PlayerHandleHealthBarUpdate
0x08043448	0x080434D7	thumb	PlayerHandleExpUpdate
0x080434D8	0x08043543	thumb	PlayerHandleStatusIconUpdate
0x08043544	0x08043597	thumb	PlayerHandleStatusAnimation
0x08043598	0x080435EF	thumb	PlayerHandleStatusXor
0x080435F0	0x08043657	thumb	PlayerHandleDataTransfer
0x08043658	0x0804372F	thumb	PlayerHandleDMA3Transfer
0x08043730	0x08043757	thumb	PlayerHandlePlayBGM
0x08043758	0x080437BF	thumb	PlayerHandleCmd32
0x080437C0	0x080437D3	thumb	PlayerHandleTwoReturnValues
0x080437D4	0x080437E7	thumb	PlayerHandleChosenMonReturnValue
0x080437E8	0x080437F9	thumb	PlayerHandleOneReturnValue
0x080437FC	0x0804380D	thumb	PlayerHandleOneReturnValue_Duplicate
0x08043810	0x08043883	thumb	PlayerHandleCmd37
0x08043884	0x08043903	thumb	PlayerHandleCmd38
0x08043904	0x08043977	thumb	PlayerHandleCmd39
0x08043978	0x080439F7	thumb	PlayerHandleCmd40
0x080439F8	0x08043A53	thumb	PlayerHandleHitAnimation
0x08043A54	0x08043ABB	thumb	PlayerHandleCmd42
0x08043ABC	0x08043AF7	thumb	PlayerHandlePlaySE
0x08043AF8	0x08043B1F	thumb	PlayerHandlePlayFanfare
0x08043B20	0x08043B5B	thumb	PlayerHandleFaintingCry
0x08043B5C	0x08043B8B	thumb	PlayerHandleIntroSlide
0x08043B8C	0x08043C9F	thumb	PlayerHandleIntroTrainerBallThrow
0x08043CA0	0x08043CFF	thumb	SpriteCB_FreePlayerSpriteLoadMonSprite
0x08043D00	0x08043DDF	thumb	Task_StartSendOutAnim
0x08043DE0	0x08043E77	thumb	PlayerHandleDrawPartyStatusSummary
0x08043E78	0x08043EAB	thumb	EndDrawPartyStatusSummary
0x08043EAC	0x08043EEF	thumb	PlayerHandleHidePartyStatusSummary
0x08043EF0	0x08043F13	thumb	PlayerHandleEndBounceEffect
0x08043F14	0x08043F6B	thumb	PlayerHandleSpriteInvisibility
0x08043F6C	0x08043FC7	thumb	PlayerHandleBattleAnimation
0x08043FC8	0x0804404B	thumb	PlayerHandleLinkStandbyMsg
0x0804404C	0x08044097	thumb	PlayerHandleResetActionMoveSelection
0x08044098	0x080440DF	thumb	PlayerHandleCmd55
0x080440E0	0x080440E1	thumb	PlayerCmdEnd
0x080440E4	0x080440FB	thumb	PreviewDeterminativeMoveTargets
0x080440FC	0x08044153	thumb	MoveSelectionDisplayPpNumber.part.0
0x08044154	0x080442B3	thumb	PreviewDeterminativeMoveTargets.part.0
0x080442B8	0x080442B9	thumb	PokedudeDummy
0x080442BC	0x080442EF	thumb	SetControllerToPokedude
0x080442F0	0x08044347	thumb	PokedudeBufferRunCommand
0x08044348	0x08044351	thumb	HandleInputChooseAction
0x08044354	0x0804438B	thumb	CompleteOnBattlerSpriteCallbackDummy
0x0804438C	0x0804442B	thumb	CompleteOnBattlerSpritePosX_0
0x0804442C	0x08044441	thumb	CompleteOnInactiveTextPrinter
0x08044444	0x0804447B	thumb	Pokedude_SetBattleEndCallbacks
0x0804447C	0x080444CF	thumb	SwitchIn_HandleSoundAndEnd
0x080444D0	0x08044573	thumb	SwitchIn_CleanShinyAnimShowSubstitute
0x08044574	0x08044637	thumb	SwitchIn_TryShinyAnimShowHealthbox
0x08044638	0x0804464F	thumb	CompleteOnSpecialAnimDone
0x08044650	0x08044683	thumb	Intro_DelayAndEnd
0x08044684	0x0804468D	thumb	PokedudeHandleInputChooseMove
0x08044690	0x080446CF	thumb	OpenPartyMenuToChooseMon
0x080446D0	0x08044727	thumb	WaitForMonSelection
0x08044728	0x0804476F	thumb	OpenBagAndChooseItem
0x08044770	0x080447A7	thumb	CompleteWhenChoseItem
0x080447A8	0x08044943	thumb	Intro_TryShinyAnimShowHealthbox
0x08044944	0x08044A33	thumb	Intro_WaitForShinyAnimAndHealthbox
0x08044A34	0x08044BAB	thumb	Task_GiveExpToMon
0x08044BAC	0x08044C6B	thumb	Task_PrepareToGiveExpWithExpBar
0x08044C6C	0x08044DB3	thumb	Task_GiveExpWithExpBar
0x08044DB4	0x08044E17	thumb	Task_LaunchLvlUpAnim
0x08044E18	0x08044EC3	thumb	Task_UpdateLvlInHealthbox
0x08044EC4	0x08044F0B	thumb	DestroyExpTaskAndCompleteOnInactiveTextPrinter
0x08044F0C	0x08044F9B	thumb	FreeMonSpriteAfterFaintAnim
0x08044F9C	0x08044FF7	thumb	CompleteOnHealthbarDone
0x08044FF8	0x0804500D	thumb	CompleteOnInactiveTextPrinter2
0x08045010	0x08045087	thumb	DoHitAnimBlinkSpriteEffect
0x08045088	0x080450EB	thumb	DoSwitchOutAnimation
0x080450EC	0x08045123	thumb	CompleteOnBattlerSpriteCallbackDummy2
0x08045124	0x0804514F	thumb	CompleteOnFinishedBattleAnimation
0x08045150	0x0804517B	thumb	CompleteOnFinishedStatusAnimation
0x0804517C	0x080451E3	thumb	PokedudeBufferExecCompleted
0x080451E4	0x0804520F	thumb	CompleteOnFinishedStatusAnimation2
0x08045210	0x0804528B	thumb	PokedudeHandleGetMonData
0x0804528C	0x0804578F	thumb	CopyPokedudeMonData
0x08045790	0x08045799	thumb	PokedudeHandleGetRawMonData
0x0804579C	0x080457EF	thumb	PokedudeHandleSetMonData
0x080457F0	0x08045DA3	thumb	SetPokedudeMonData
0x08045DA4	0x08045E0B	thumb	PokedudeHandleSetRawMonData
0x08045E0C	0x08045F2B	thumb	PokedudeHandleLoadMonSprite
0x08045F2C	0x08045F97	thumb	PokedudeHandleSwitchInAnim
0x08045F98	0x08046013	thumb	PokedudeHandleReturnMonToBall
0x08046014	0x08046197	thumb	PokedudeHandleDrawTrainerPic
0x08046198	0x08046223	thumb	PokedudeHandleTrainerSlide
0x08046224	0x0804628B	thumb	PokedudeHandleTrainerSlideBack
0x0804628C	0x08046383	thumb	PokedudeHandleFaintAnimation
0x08046384	0x080463EB	thumb	PokedudeHandlePaletteFade
0x080463EC	0x08046437	thumb	PokedudeHandleSuccessBallThrowAnim
0x08046438	0x0804648F	thumb	PokedudeHandleBallThrowAnim
0x08046490	0x080464F7	thumb	PokedudeHandlePause
0x080464F8	0x080465DB	thumb	PokedudeHandleMoveAnimation
0x080465DC	0x080466F3	thumb	PokedudeDoMoveAnimation
0x080466F4	0x08046757	thumb	PokedudeHandlePrintString
0x08046758	0x08046777	thumb	PokedudeHandlePrintSelectionString
0x08046778	0x080467AF	thumb	HandleChooseActionAfterDma3
0x080467B0	0x0804683B	thumb	PokedudeHandleChooseAction
0x0804683C	0x080468A3	thumb	PokedudeHandleUnknownYesNoBox
0x080468A4	0x080468DF	thumb	PokedudeHandleChooseMoveAfterDma3
0x080468E0	0x0804691F	thumb	PokedudeHandleChooseMove
0x08046920	0x08046977	thumb	PokedudeHandleChooseItem
0x08046978	0x08046A1B	thumb	PokedudeHandleChoosePokemon
0x08046A1C	0x08046A83	thumb	PokedudeHandleCmd23
0x08046A84	0x08046B43	thumb	PokedudeHandleHealthBarUpdate
0x08046B44	0x08046BD3	thumb	PokedudeHandleExpUpdate
0x08046BD4	0x08046C53	thumb	PokedudeHandleStatusIconUpdate
0x08046C54	0x08046CA7	thumb	PokedudeHandleStatusAnimation
0x08046CA8	0x08046D0F	thumb	PokedudeHandleStatusXor
0x08046D10	0x08046D77	thumb	PokedudeHandleDataTransfer
0x08046D78	0x08046DDF	thumb	PokedudeHandleDMA3Transfer
0x08046DE0	0x08046E47	thumb	PokedudeHandlePlayBGM
0x08046E48	0x08046EAF	thumb	PokedudeHandleCmd32
0x08046EB0	0x08046F17	thumb	PokedudeHandleTwoReturnValues
0x08046F18	0x08046F7F	thumb	PokedudeHandleChosenMonReturnValue
0x08046F80	0x08046FE7	thumb	PokedudeHandleOneReturnValue
0x08046FE8	0x0804704F	thumb	PokedudeHandleOneReturnValue_Duplicate
0x08047050	0x080470B7	thumb	PokedudeHandleCmd37
0x080470B8	0x0804711F	thumb	PokedudeHandleCmd38
0x08047120	0x08047187	thumb	PokedudeHandleCmd39
0x08047188	0x080471EF	thumb	PokedudeHandleCmd40
0x080471F0	0x0804724B	thumb	PokedudeHandleHitAnimation
0x0804724C	0x080472B3	thumb	PokedudeHandleCmd42
0x080472B4	0x080472DB	thumb	PokedudeHandlePlaySE
0x080472DC	0x08047303	thumb	PokedudeHandlePlayFanfare
0x08047304	0x08047353	thumb	PokedudeHandleFaintingCry
0x08047354	0x08047383	thumb	PokedudeHandleIntroSlide
0x08047384	0x0804748B	thumb	PokedudeHandleIntroTrainerBallThrow
0x0804748C	0x0804759F	thumb	StartSendOutAnim
0x080475A0	0x08047607	thumb	Task_StartSendOutAnim
0x08047608	0x0804766B	thumb	PokedudeHandleDrawPartyStatusSummary
0x0804766C	0x080476D3	thumb	PokedudeHandleHidePartyStatusSummary
0x080476D4	0x080476F7	thumb	PokedudeHandleEndBounceEffect
0x080476F8	0x0804775F	thumb	PokedudeHandleSpriteInvisibility
0x08047760	0x080477AF	thumb	PokedudeHandleBattleAnimation
0x080477B0	0x080477E3	thumb	PokedudeHandleLinkStandbyMsg
0x080477E4	0x0804784B	thumb	PokedudeHandleResetActionMoveSelection
0x0804784C	0x080478A3	thumb	PokedudeHandleCmd55
0x080478A4	0x080478A5	thumb	PokedudeCmdEnd
0x080478A8	0x080479EB	thumb	PokedudeSimulateInputChooseAction
0x080479EC	0x08047ADB	thumb	PokedudeSimulateInputChooseMove
0x08047ADC	0x08047B67	thumb	HandlePokedudeVoiceoverEtc
0x08047B68	0x08047B8F	thumb	ReturnFromPokedudeAction
0x08047B90	0x08047C8B	thumb	PokedudeAction_PrintVoiceoverMessage
0x08047C8C	0x08047DEB	thumb	PokedudeAction_PrintMessageWithHealthboxPals
0x08047DEC	0x08047E3B	thumb	GetPokedudeText
0x08047E3C	0x08047F07	thumb	InitPokedudePartyAndOpponent
0x08047F0C	0x08047F0D	thumb	SafariDummy
0x08047F10	0x08047F2B	thumb	SetControllerToSafari
0x08047F2C	0x08047F73	thumb	SafariBufferRunCommand
0x08047F74	0x08048083	thumb	HandleInputChooseAction
0x08048084	0x080480BB	thumb	CompleteOnBattlerSpriteCallbackDummy
0x080480BC	0x080480D1	thumb	CompleteOnInactiveTextPrinter
0x080480D4	0x0804810B	thumb	CompleteOnHealthboxSpriteCallbackDummy
0x0804810C	0x08048143	thumb	Safari_SetBattleEndCallbacks
0x08048144	0x08048177	thumb	CompleteOnSpecialAnimDone
0x08048178	0x0804819F	thumb	SafariOpenPokeblockCase
0x080481A0	0x080481D7	thumb	CompleteWhenChosePokeblock
0x080481D8	0x08048203	thumb	CompleteOnFinishedBattleAnimation
0x08048204	0x0804826B	thumb	SafariBufferExecCompleted
0x0804826C	0x08048297	thumb	CompleteOnFinishedStatusAnimation
0x08048298	0x080482FF	thumb	SafariHandleGetMonData
0x08048300	0x08048367	thumb	SafariHandleGetRawMonData
0x08048368	0x080483CF	thumb	SafariHandleSetMonData
0x080483D0	0x08048437	thumb	SafariHandleSetRawMonData
0x08048438	0x0804849F	thumb	SafariHandleLoadMonSprite
0x080484A0	0x08048507	thumb	SafariHandleSwitchInAnim
0x08048508	0x0804856F	thumb	SafariHandleReturnMonToBall
0x08048570	0x0804861B	thumb	SafariHandleDrawTrainerPic
0x0804861C	0x08048683	thumb	SafariHandleTrainerSlide
0x08048684	0x080486EB	thumb	SafariHandleTrainerSlideBack
0x080486EC	0x08048753	thumb	SafariHandleFaintAnimation
0x08048754	0x080487BB	thumb	SafariHandlePaletteFade
0x080487BC	0x08048807	thumb	SafariHandleSuccessBallThrowAnim
0x08048808	0x0804885F	thumb	SafariHandleBallThrowAnim
0x08048860	0x080488C7	thumb	SafariHandlePause
0x080488C8	0x0804892F	thumb	SafariHandleMoveAnimation
0x08048930	0x08048993	thumb	SafariHandlePrintString
0x08048994	0x080489B3	thumb	SafariHandlePrintSelectionString
0x080489B4	0x080489EB	thumb	HandleChooseActionAfterDma3
0x080489EC	0x08048A63	thumb	SafariHandleChooseAction
0x08048A64	0x08048ACB	thumb	SafariHandleUnknownYesNoBox
0x08048ACC	0x08048B33	thumb	SafariHandleChooseMove
0x08048B34	0x08048B6F	thumb	SafariHandleChooseItem
0x08048B70	0x08048BD7	thumb	SafariHandleChoosePokemon
0x08048BD8	0x08048C3F	thumb	SafariHandleCmd23
0x08048C40	0x08048CA7	thumb	SafariHandleHealthBarUpdate
0x08048CA8	0x08048D0F	thumb	SafariHandleExpUpdate
0x08048D10	0x08048D47	thumb	SafariHandleStatusIconUpdate
0x08048D48	0x08048DAF	thumb	SafariHandleStatusAnimation
0x08048DB0	0x08048E17	thumb	SafariHandleStatusXor
0x08048E18	0x08048E7F	thumb	SafariHandleDataTransfer
0x08048E80	0x08048EE7	thumb	SafariHandleDMA3Transfer
0x08048EE8	0x08048F4F	thumb	SafariHandlePlayBGM
0x08048F50	0x08048FB7	thumb	SafariHandleCmd32
0x08048FB8	0x0804901F	thumb	SafariHandleTwoReturnValues
0x08049020	0x08049087	thumb	SafariHandleChosenMonReturnValue
0x08049088	0x080490EF	thumb	SafariHandleOneReturnValue
0x080490F0	0x08049157	thumb	SafariHandleOneReturnValue_Duplicate
0x08049158	0x080491BF	thumb	SafariHandleCmd37
0x080491C0	0x08049227	thumb	SafariHandleCmd38
0x08049228	0x0804928F	thumb	SafariHandleCmd39
0x08049290	0x080492F7	thumb	SafariHandleCmd40
0x080492F8	0x0804935F	thumb	SafariHandleHitAnimation
0x08049360	0x080493C7	thumb	SafariHandleCmd42
0x080493C8	0x08049403	thumb	SafariHandlePlaySE
0x08049404	0x0804942B	thumb	SafariHandlePlayFanfareOrBGM
0x0804942C	0x08049463	thumb	SafariHandleFaintingCry
0x08049464	0x08049493	thumb	SafariHandleIntroSlide
0x08049494	0x080494E7	thumb	SafariHandleIntroTrainerBallThrow
0x080494E8	0x0804954F	thumb	SafariHandleDrawPartyStatusSummary
0x08049550	0x080495B7	thumb	SafariHandleHidePartyStatusSummary
0x080495B8	0x0804961F	thumb	SafariHandleEndBounceEffect
0x08049620	0x08049687	thumb	SafariHandleSpriteInvisibility
0x08049688	0x080496D7	thumb	SafariHandleBattleAnimation
0x080496D8	0x0804973F	thumb	SafariHandleLinkStandbyMsg
0x08049740	0x080497A7	thumb	SafariHandleResetActionMoveSelection
0x080497A8	0x080497FF	thumb	SafariHandleCmd55
0x08049800	0x08049801	thumb	SafariCmdEnd
0x08049804	0x08049853	thumb	HandleLinkBattleSetup
0x08049854	0x080498D3	thumb	SetUpBattleVars
0x080498D4	0x08049927	thumb	InitBattleControllers
0x08049928	0x08049A03	thumb	InitSinglePlayerBtlControllers
0x08049A04	0x08049BEF	thumb	InitLinkBtlControllers
0x08049BF0	0x08049C07	thumb	SetBattlePartyIds
0x08049C08	0x08049C77	thumb	PrepareBufferDataTransfer
0x08049C78	0x08049CD3	thumb	CreateTasksForSendRecvLinkBuffers
0x08049CD4	0x08049DE7	thumb	PrepareBufferDataTransferLink
0x08049DE8	0x08049F57	thumb	Task_HandleSendLinkBuffersData
0x08049F58	0x0804A047	thumb	TryReceiveLinkBattleData
0x0804A048	0x0804A1AB	thumb	Task_HandleCopyReceivedLinkBuffersData
0x0804A1AC	0x0804A1D3	thumb	BtlController_EmitGetMonData
0x0804A1D4	0x0804A1FB	thumb	BtlController_EmitGetRawMonData
0x0804A1FC	0x0804A237	thumb	BtlController_EmitSetMonData
0x0804A238	0x0804A26F	thumb	BtlController_EmitSetRawMonData
0x0804A270	0x0804A28F	thumb	BtlController_EmitLoadMonSprite
0x0804A290	0x0804A2B7	thumb	BtlController_EmitSwitchInAnim
0x0804A2B8	0x0804A2DB	thumb	BtlController_EmitReturnMonToBall
0x0804A2DC	0x0804A2FB	thumb	BtlController_EmitDrawTrainerPic
0x0804A2FC	0x0804A31B	thumb	BtlController_EmitTrainerSlide
0x0804A31C	0x0804A33B	thumb	BtlController_EmitTrainerSlideBack
0x0804A33C	0x0804A35B	thumb	BtlController_EmitFaintAnimation
0x0804A35C	0x0804A37B	thumb	BtlController_EmitPaletteFade
0x0804A37C	0x0804A39B	thumb	BtlController_EmitSuccessBallThrowAnim
0x0804A39C	0x0804A3BF	thumb	BtlController_EmitBallThrowAnim
0x0804A3C0	0x0804A3FF	thumb	BtlController_EmitPause
0x0804A400	0x0804A4A3	thumb	BtlController_EmitMoveAnimation
0x0804A4A4	0x0804A583	thumb	BtlController_EmitPrintString
0x0804A584	0x0804A643	thumb	BtlController_EmitPrintSelectionString
0x0804A644	0x0804A667	thumb	BtlController_EmitChooseAction
0x0804A668	0x0804A68B	thumb	BtlController_EmitUnknownYesNoBox
0x0804A68C	0x0804A6BF	thumb	BtlController_EmitChooseMove
0x0804A6C0	0x0804A6E7	thumb	BtlController_EmitChooseItem
0x0804A6E8	0x0804A71B	thumb	BtlController_EmitChoosePokemon
0x0804A71C	0x0804A73B	thumb	BtlController_EmitCmd23
0x0804A73C	0x0804A75F	thumb	BtlController_EmitHealthBarUpdate
0x0804A760	0x0804A783	thumb	BtlController_EmitExpUpdate
0x0804A784	0x0804A7BF	thumb	BtlController_EmitStatusIconUpdate
0x0804A7C0	0x0804A7EB	thumb	BtlController_EmitStatusAnimation
0x0804A7EC	0x0804A80F	thumb	BtlController_EmitStatusXor
0x0804A810	0x0804A84B	thumb	BtlController_EmitDataTransfer
0x0804A84C	0x0804A897	thumb	BtlController_EmitDMA3Transfer
0x0804A898	0x0804A8D3	thumb	BtlController_EmitPlayBGM
0x0804A8D4	0x0804A90F	thumb	BtlController_EmitCmd32
0x0804A910	0x0804A933	thumb	BtlController_EmitTwoReturnValues
0x0804A934	0x0804A963	thumb	BtlController_EmitChosenMonReturnValue
0x0804A964	0x0804A98F	thumb	BtlController_EmitOneReturnValue
0x0804A990	0x0804A9BB	thumb	BtlController_EmitOneReturnValue_Duplicate
0x0804A9BC	0x0804A9DB	thumb	BtlController_EmitClearUnkVar
0x0804A9DC	0x0804A9FF	thumb	BtlController_EmitSetUnkVar
0x0804AA00	0x0804AA1F	thumb	BtlController_EmitClearUnkFlag
0x0804AA20	0x0804AA3F	thumb	BtlController_EmitToggleUnkFlag
0x0804AA40	0x0804AA5F	thumb	BtlController_EmitHitAnimation
0x0804AA60	0x0804AA7F	thumb	BtlController_EmitCantSwitch
0x0804AA80	0x0804AAAB	thumb	BtlController_EmitPlaySE
0x0804AAAC	0x0804AAD7	thumb	BtlController_EmitPlayFanfare
0x0804AAD8	0x0804AAF7	thumb	BtlController_EmitFaintingCry
0x0804AAF8	0x0804AB1B	thumb	BtlController_EmitIntroSlide
0x0804AB1C	0x0804AB3B	thumb	BtlController_EmitIntroTrainerBallThrow
0x0804AB3C	0x0804AB77	thumb	BtlController_EmitDrawPartyStatusSummary
0x0804AB78	0x0804AB97	thumb	BtlController_EmitHidePartyStatusSummary
0x0804AB98	0x0804ABB7	thumb	BtlController_EmitEndBounceEffect
0x0804ABB8	0x0804ABE3	thumb	BtlController_EmitSpriteInvisibility
0x0804ABE4	0x0804AC07	thumb	BtlController_EmitBattleAnimation
0x0804AC08	0x0804AC2B	thumb	BtlController_EmitLinkStandbyMsg
0x0804AC2C	0x0804AC4F	thumb	BtlController_EmitResetActionMoveSelection
0x0804AC50	0x0804AC73	thumb	BtlController_EmitEndLinkBattle
0x0804AC74	0x0804ADFF	thumb	SetBattlePartyIds.part.0
0x0804AE00	0x0804AE3F	thumb	AllocateBattleSpritesData
0x0804AE40	0x0804AE83	thumb	FreeBattleSpritesData
0x0804AE84	0x0804AEDF	thumb	SpriteCB_WaitForBattlerBallReleaseAnim
0x0804AEE0	0x0804AF07	thumb	DoBattleSpriteAffineAnim
0x0804AF08	0x0804AF2B	thumb	SpriteCB_TrainerSlideIn
0x0804AF2C	0x0804AFEF	thumb	InitAndLaunchChosenStatusAnimation
0x0804AFF0	0x0804B12B	thumb	TryHandleLaunchBattleTableAnimation
0x0804B12C	0x0804B183	thumb	Task_ClearBitWhenBattleTableAnimDone
0x0804B184	0x0804B19F	thumb	ShouldAnimBeDoneRegardlessOfSubsitute
0x0804B1A0	0x0804B203	thumb	InitAndLaunchSpecialAnimation
0x0804B204	0x0804B25B	thumb	Task_ClearBitWhenSpecialAnimDone
0x0804B25C	0x0804B25F	thumb	IsMoveWithoutAnimation
0x0804B260	0x0804B2C7	thumb	IsBattleSEPlaying
0x0804B2C8	0x0804B42F	thumb	BattleLoadOpponentMonSpriteGfx
0x0804B430	0x0804B5C3	thumb	BattleLoadPlayerMonSpriteGfx
0x0804B5C4	0x0804B623	thumb	DecompressGhostFrontPic
0x0804B624	0x0804B677	thumb	DecompressTrainerFrontPic
0x0804B678	0x0804B69F	thumb	DecompressTrainerBackPalette
0x0804B6A0	0x0804B6A1	thumb	BattleGfxSfxDummy3
0x0804B6A4	0x0804B6CB	thumb	FreeTrainerFrontPicPaletteAndTile
0x0804B6CC	0x0804B74F	thumb	BattleLoadAllHealthBoxesGfxAtOnce
0x0804B750	0x0804B84F	thumb	BattleLoadAllHealthBoxesGfx
0x0804B850	0x0804B86F	thumb	LoadBattleBarGfx
0x0804B870	0x0804B987	thumb	BattleInitAllSprites
0x0804B988	0x0804B9AF	thumb	ClearSpritesHealthboxAnimData
0x0804B9B0	0x0804B9E3	thumb	ClearSpritesBattlerHealthboxAnimData
0x0804B9E4	0x0804BA37	thumb	CopyAllBattleSpritesInvisibilities
0x0804BA38	0x0804BA77	thumb	CopyBattleSpriteInvisibility
0x0804BA78	0x0804BE67	thumb	HandleSpeciesGfxDataChange
0x0804BE68	0x0804BF3F	thumb	BattleLoadSubstituteOrMonSpriteGfx
0x0804BF40	0x0804BF9F	thumb	LoadBattleMonGfxAndAnimate
0x0804BFA0	0x0804BFC3	thumb	TrySetBehindSubstituteSpriteBit
0x0804BFC4	0x0804BFDB	thumb	ClearBehindSubstituteBit
0x0804BFDC	0x0804C073	thumb	HandleLowHpMusicChange
0x0804C074	0x0804C0B7	thumb	BattleStopLowHpSound
0x0804C0B8	0x0804C0DD	thumb	GetMonHPBarLevel
0x0804C0E0	0x0804C177	thumb	HandleBattleLowHpMusicChange
0x0804C178	0x0804C227	thumb	SetBattlerSpriteAffineMode
0x0804C228	0x0804C2FF	thumb	LoadAndCreateEnemyShadowSprites
0x0804C300	0x0804C3CB	thumb	SpriteCB_EnemyShadow
0x0804C3CC	0x0804C3D7	thumb	SpriteCB_SetInvisible
0x0804C3D8	0x0804C44B	thumb	SetBattlerShadowSpriteCallback
0x0804C44C	0x0804C47B	thumb	HideBattlerShadowSprite
0x0804C47C	0x0804C56B	thumb	BattleInterfaceSetWindowPals
0x0804C56C	0x0804C59F	thumb	ClearTemporarySpeciesSpriteData
0x0804C5A0	0x0804C663	thumb	AllocateMonSpritesGfx
0x0804C664	0x0804C6C7	thumb	FreeMonSpritesGfx
0x0804C6C8	0x0804C705	thumb	ShouldPlayNormalMonCry
0x0804C708	0x0804C81D	thumb	Debug_DrawNumber
0x0804C820	0x0804C849	thumb	Debug_DrawNumberPair
0x0804C84C	0x0804CB27	thumb	CreateBattlerHealthboxSprites
0x0804CB28	0x0804CB97	thumb	CreateSafariPlayerHealthboxSprites
0x0804CB98	0x0804CBA7	thumb	GetBattleInterfaceGfxPtr
0x0804CBA8	0x0804CBF3	thumb	SpriteCB_HealthBar
0x0804CBF4	0x0804CC23	thumb	SpriteCB_HealthBoxOther
0x0804CC24	0x0804CC53	thumb	SetBattleBarStruct
0x0804CC54	0x0804CC9F	thumb	SetHealthboxSpriteInvisible
0x0804CCA0	0x0804CCEB	thumb	SetHealthboxSpriteVisible
0x0804CCEC	0x0804CD0B	thumb	UpdateSpritePos
0x0804CD0C	0x0804CD4B	thumb	DestoryHealthboxSprite
0x0804CD4C	0x0804CD4D	thumb	DummyBattleInterfaceFunc
0x0804CD50	0x0804CDD7	thumb	UpdateOamPriorityInAllHealthboxes
0x0804CDD8	0x0804CE3F	thumb	InitBattlerHealthboxCoords
0x0804CE40	0x0804CF07	thumb	UpdateLvlInHealthbox
0x0804CF08	0x0804D143	thumb	UpdateHpTextInHealthbox
0x0804D144	0x0804D31F	thumb	UpdateHpTextInHealthboxInDoubles
0x0804D320	0x0804D57F	thumb	PrintSafariMonInfo
0x0804D580	0x0804D82B	thumb	SwapHpBarsWithHpText
0x0804D82C	0x0804DD6B	thumb	CreatePartyStatusSummarySprites
0x0804DD6C	0x0804DEEF	thumb	Task_HidePartyStatusSummary
0x0804DEF0	0x0804DF4B	thumb	Task_HidePartyStatusSummary_BattleStart_1
0x0804DF4C	0x0804DFE7	thumb	Task_HidePartyStatusSummary_BattleStart_2
0x0804DFE8	0x0804E09B	thumb	Task_HidePartyStatusSummary_DuringBattle
0x0804E09C	0x0804E0AB	thumb	SpriteCB_PartySummaryBar
0x0804E0AC	0x0804E0E3	thumb	SpriteCB_PartySummaryBar_Exit
0x0804E0E4	0x0804E167	thumb	SpriteCB_PartySummaryBall_OnBattleStart
0x0804E168	0x0804E1CF	thumb	SpriteCB_PartySummaryBall_Exit
0x0804E1D0	0x0804E1E7	thumb	SpriteCB_PartySummaryBall_OnSwitchout
0x0804E1E8	0x0804E3CB	thumb	UpdateNickInHealthbox
0x0804E3CC	0x0804E3F3	thumb	TryAddPokeballIconToHealthbox
0x0804E3F4	0x0804E67F	thumb	UpdateStatusIconInHealthbox
0x0804E680	0x0804E6FB	thumb	GetStatusIconForBattlerId
0x0804E6FC	0x0804E7BB	thumb	UpdateSafariBallsTextOnHealthbox
0x0804E7BC	0x0804E86F	thumb	UpdateLeftNoOfBallsTextOnHealthbox
0x0804E870	0x0804EB77	thumb	UpdateHealthboxAttribute
0x0804EB78	0x0804ECEF	thumb	MoveBattleBar
0x0804ECF0	0x0804EFBF	thumb	MoveBattleBarGraphically
0x0804EFC0	0x0804F0CB	thumb	CalcNewBarValue
0x0804F0CC	0x0804F0EB	thumb	CalcNewExpBarValue
0x0804F0EC	0x0804F181	thumb	CalcBarFilledPixels
0x0804F184	0x0804F1D9	thumb	UpdateAndDrawHealthbarOntoScreen
0x0804F1DC	0x0804F1FB	thumb	CalcNewHealthbarValue
0x0804F1FC	0x0804F21B	thumb	DoDrawHealthbarOntoScreen
0x0804F21C	0x0804F329	thumb	DrawHealthbarOntoScreen
0x0804F32C	0x0804F373	thumb	GetReceivedValueInPixels
0x0804F374	0x0804F39B	thumb	GetScaledHPFraction
0x0804F39C	0x0804F3E1	thumb	GetHPBarLevel
0x0804F3E4	0x0804F45F	thumb	AddTextPrinterAndCreateWindowOnHealthbox
0x0804F460	0x0804F46D	thumb	RemoveWindowOnHealthbox
0x0804F470	0x0804F4BB	thumb	TextIntoHealthboxObject
0x0804F4BC	0x0804F4E9	thumb	SafariTextIntoHealthboxObject
0x0804F4EC	0x0804F6AF	thumb	TryAddPokeballIconToHealthbox.part.0
0x0804F6B0	0x0804F777	thumb	SetAnimBgAttribute
0x0804F778	0x0804F7D3	thumb	GetAnimBgAttribute
0x0804F7D4	0x0804F843	thumb	HandleIntroSlide
0x0804F844	0x0804F89F	thumb	BattleIntroSlideEnd
0x0804F8A0	0x0804FACB	thumb	BattleIntroSlide1
0x0804FACC	0x0804FDEF	thumb	BattleIntroSlide2
0x0804FDF0	0x0805008B	thumb	BattleIntroSlide3
0x0805008C	0x08050307	thumb	BattleIntroSlideLink
0x08050308	0x080503BF	thumb	CopyBattlerSpriteToBg
0x080503C0	0x0805048F	thumb	DrawBattlerOnBgDMA
0x08050490	0x08050503	thumb	CB2_InitBattle
0x08050504	0x080506B3	thumb	CB2_InitBattleInternal
0x080506B4	0x08050763	thumb	BufferPartyVsScreenHealth_AtStart
0x08050764	0x08050803	thumb	SetPlayerBerryDataInBattleStruct
0x08050804	0x080509EB	thumb	SetAllPlayersBerryData
0x080509EC	0x08050A77	thumb	LinkBattleComputeBattleTypeFlags
0x08050A78	0x08050D2B	thumb	CB2_HandleStartBattle
0x08050D2C	0x08050E17	thumb	PrepareOwnMultiPartnerBuffer
0x08050E18	0x08050F8F	thumb	CB2_PreInitMultiBattle
0x08050F90	0x08051443	thumb	CB2_HandleStartMultiBattle
0x08051444	0x080514AF	thumb	BattleMainCB2
0x080514B0	0x080514F3	thumb	FreeRestoreBattleData
0x080514F4	0x08051553	thumb	CB2_QuitPokedudeBattle
0x08051554	0x08051563	thumb	SpriteCB_UnusedDebugSprite
0x08051564	0x0805163B	thumb	SpriteCB_UnusedDebugSprite_Step
0x0805163C	0x08051D2B	thumb	CreateNPCTrainerParty
0x08051D2C	0x08051D4F	thumb	HBlankCB_Battle
0x08051D50	0x08051E13	thumb	VBlankCB_Battle
0x08051E14	0x08051E15	thumb	SpriteCB_VsLetterDummy
0x08051E18	0x08051E7F	thumb	SpriteCB_VsLetter
0x08051E80	0x08051E9F	thumb	SpriteCB_VsLetterInit
0x08051EA0	0x08052067	thumb	BufferPartyVsScreenHealth_AtEnd
0x08052068	0x080521D7	thumb	CB2_InitEndLinkBattle
0x080521D8	0x080521F1	thumb	CB2_EndLinkBattle
0x080521F4	0x0805227F	thumb	EndLinkBattleInSteps
0x08052280	0x080522FB	thumb	GetBattleBgTemplateData
0x080522FC	0x08052357	thumb	TryCorrectShedinjaLanguage
0x08052358	0x08052387	thumb	SpriteCB_EnemyMon
0x08052388	0x080523EB	thumb	SpriteCB_MoveWildMonToRight
0x080523EC	0x08052443	thumb	SpriteCB_WildMonShowHealthbox
0x08052444	0x08052445	thumb	SpriteCallbackDummy_2
0x08052448	0x0805245B	thumb	SpriteCB_InitFlicker
0x0805245C	0x080524B3	thumb	SpriteCB_Flicker
0x080524B4	0x080525B7	thumb	SpriteCB_FaintOpponentMon
0x080525B8	0x08052637	thumb	SpriteCB_AnimFaintOpponent
0x08052638	0x0805264F	thumb	SpriteCB_ShowAsMoveTarget
0x08052650	0x08052683	thumb	SpriteCB_BlinkVisible
0x08052684	0x080526AB	thumb	SpriteCB_HideAsMoveTarget
0x080526AC	0x080526B7	thumb	SpriteCB_AllyMon
0x080526B8	0x080526DB	thumb	oac_poke_ally_
0x080526DC	0x080526E7	thumb	SetIdleSpriteCallback
0x080526E8	0x080526E9	thumb	SpriteCB_Idle
0x080526EC	0x0805270B	thumb	SpriteCB_FaintSlideAnim
0x0805270C	0x080527EB	thumb	DoBounceEffect
0x080527EC	0x08052867	thumb	EndBounceEffect
0x08052868	0x080528A3	thumb	SpriteCB_BounceEffect
0x080528A4	0x080528BB	thumb	SpriteCB_PlayerThrowInit
0x080528BC	0x080528D7	thumb	UpdatePlayerPosInThrowAnim
0x080528D8	0x08052903	thumb	SpriteCB_PlayerThrowUpdate
0x08052904	0x08052905	thumb	BeginBattleIntroDummy
0x08052908	0x0805292B	thumb	BeginBattleIntro
0x0805292C	0x08052977	thumb	BattleMainCB1
0x08052978	0x08052CAF	thumb	BattleStartClearSetData
0x08052CB0	0x0805307F	thumb	SwitchInClearSetData
0x08053080	0x080532EF	thumb	FaintClearSetData
0x080532F0	0x0805335F	thumb	BattleIntroGetMonsData
0x08053360	0x080533AF	thumb	BattleIntroPrepareBackgroundSlide
0x080533B0	0x080535D7	thumb	BattleIntroDrawTrainersOrMonsSprites
0x080535D8	0x0805375F	thumb	BattleIntroDrawPartySummaryScreens
0x08053760	0x08053797	thumb	BattleIntroPrintTrainerWantsToBattle
0x08053798	0x080537EB	thumb	BattleIntroPrintWildMonAttacked
0x080537EC	0x0805381B	thumb	BattleIntroPrintOpponentSendsOut
0x0805381C	0x080538AF	thumb	BattleIntroOpponentSendsOutMonAnimation
0x080538B0	0x0805395F	thumb	BattleIntroRecordMonsToDex
0x08053960	0x0805397B	thumb	Unused_AutoProgressToIntro
0x0805397C	0x080539B7	thumb	BattleIntroPrintPlayerSendsOut
0x080539B8	0x08053A5F	thumb	BattleIntroPlayerSendsOutMonAnimation
0x08053A60	0x08053AEF	thumb	BattleIntroSwitchInPlayerMons
0x08053AF0	0x08053D57	thumb	TryDoEventsBeforeFirstTurn
0x08053D58	0x08053E07	thumb	HandleEndTurn_ContinueBattle
0x08053E08	0x08053F1B	thumb	BattleTurnPassed
0x08053F1C	0x080540A7	thumb	IsRunningFromBattleImpossible
0x080540A8	0x08054147	thumb	UpdatePartyOwnerOnSwitch_NonMulti
0x08054148	0x08054A13	thumb	HandleTurnActionSelectionState
0x08054A14	0x08054A3F	thumb	SwapTurnOrder
0x08054A40	0x08054DCB	thumb	GetWhoStrikesFirst
0x08054DCC	0x0805500B	thumb	SetActionsAndBattlersTurnOrder
0x0805500C	0x080550EB	thumb	TurnValuesCleanUp
0x080550EC	0x0805511F	thumb	SpecialStatusesClear
0x08055120	0x08055277	thumb	CheckFocusPunch_ClearVarsBeforeTurnStarts
0x08055278	0x08055313	thumb	RunTurnActionsFunctions
0x08055314	0x0805542B	thumb	HandleEndTurn_BattleWon
0x0805542C	0x080554DF	thumb	HandleEndTurn_BattleLost
0x080554E0	0x08055537	thumb	HandleEndTurn_RanFromBattle
0x08055538	0x08055587	thumb	HandleEndTurn_MonFled
0x08055588	0x0805569B	thumb	HandleEndTurn_FinishBattle
0x0805569C	0x080556FF	thumb	FreeResetData_ReturnToOvOrDoEvolutions
0x08055700	0x0805578F	thumb	TryEvolvePokemon
0x08055790	0x080557B3	thumb	WaitForEvoSceneToFinish
0x080557B4	0x08055887	thumb	ReturnFromBattleToOverworld
0x08055888	0x080558EB	thumb	RunBattleScriptCommands_PopCallbacksStack
0x080558EC	0x08055917	thumb	RunBattleScriptCommands
0x08055918	0x08055E97	thumb	HandleAction_UseMove
0x08055E98	0x08055F2B	thumb	HandleAction_Switch
0x08055F2C	0x080560FB	thumb	HandleAction_UseItem
0x080560FC	0x0805625B	thumb	TryRunFromBattle
0x0805625C	0x0805637B	thumb	HandleAction_Run
0x0805637C	0x0805643B	thumb	HandleAction_WatchesCarefully
0x0805643C	0x08056497	thumb	HandleAction_SafariZoneBallThrow
0x08056498	0x08056527	thumb	HandleAction_ThrowBait
0x08056528	0x080565B7	thumb	HandleAction_ThrowRock
0x080565B8	0x080565F3	thumb	HandleAction_SafariZoneRun
0x080565F4	0x08056663	thumb	HandleAction_OldManBallThrow
0x08056664	0x08056687	thumb	HandleAction_TryFinish
0x08056688	0x080566BB	thumb	HandleAction_NothingIsFainted
0x080566BC	0x0805678B	thumb	HandleAction_ActionFinished
0x08056790	0x08056E03	thumb	BufferStringBattle
0x08056E04	0x08056E13	thumb	BattleStringExpandPlaceholdersToDisplayedString
0x08056E14	0x08056E73	thumb	TryGetStatusString
0x08056E74	0x08057B6F	thumb	BattleStringExpandPlaceholders
0x08057B70	0x08057E0F	thumb	ExpandBattleTextBuffPlaceholders
0x08057E10	0x08057FC7	thumb	BattlePutTextOnWindow
0x08057FC8	0x08057FEF	thumb	BattleStringShouldBeColored
0x08057FF0	0x08058057	thumb	SetPpNumbersPaletteInMoveSelection
0x08058058	0x080580A1	thumb	GetCurrentPpToMaxPpState
0x080580A4	0x080580BB	thumb	ShowBattleRecords
0x080580BC	0x0805820F	thumb	MainCB2_SetUp
0x08058210	0x08058221	thumb	VBlankCB
0x08058224	0x08058239	thumb	MainCB2
0x0805823C	0x08058263	thumb	Task_WaitFadeIn
0x08058264	0x08058297	thumb	Task_WaitButton
0x08058298	0x080582CF	thumb	Task_FadeOut
0x080582D0	0x08058323	thumb	Task_DestroyAndReturnToField
0x08058324	0x0805834B	thumb	ClearWindowCommitAndRemove
0x0805834C	0x0805847B	thumb	ResetGpu
0x0805847C	0x08058499	thumb	StopAllRunningTasks
0x0805849C	0x080584AB	thumb	EnableDisplay
0x080584AC	0x08058501	thumb	ResetBGPos
0x08058504	0x0805852F	thumb	ClearLinkBattleRecord
0x08058530	0x0805857B	thumb	ClearLinkBattleRecords
0x0805857C	0x08058587	thumb	GetLinkBattleRecordTotalBattles
0x08058588	0x080585B7	thumb	IndexOfOpponentLinkBattleRecord
0x080585B8	0x08058641	thumb	SortLinkBattleRecords
0x08058644	0x08058697	thumb	UpdateLinkBattleRecord
0x08058698	0x080586C3	thumb	UpdateLinkBattleGameStats
0x080586C4	0x080587A3	thumb	AddOpponentLinkBattleRecord
0x080587A4	0x080587BF	thumb	ClearPlayerLinkBattleRecords
0x080587C0	0x080587E7	thumb	IncTrainerCardWinCount
0x080587E8	0x0805880F	thumb	IncTrainerCardLossCount
0x08058810	0x080588B3	thumb	UpdateBattleOutcomeOnTrainerCards
0x080588B4	0x0805891F	thumb	UpdatePlayerLinkBattleRecords
0x08058920	0x080589FB	thumb	PrintTotalRecord
0x080589FC	0x08058B27	thumb	PrintOpponentBattleRecord
0x08058B28	0x08058BE3	thumb	PrintBattleRecords
0x08058BE4	0x08058BFD	thumb	CommitWindow
0x08058C00	0x08058C43	thumb	LoadFrameGfxOnBg
0x08058C44	0x08058C85	thumb	PrintHyphens
0x08058C88	0x08058CB7	thumb	sub_8110494
0x08058CB8	0x08058D3B	thumb	TowerPrintStreak
0x08058D3C	0x08058D7F	thumb	TowerPrintRecordStreak
0x08058D80	0x08058DAB	thumb	TowerGetWinStreak
0x08058DAC	0x08058E47	thumb	TowerPrintPrevOrCurrentStreak
0x08058E48	0x08058E83	thumb	PrintAligned
0x08058E84	0x08058FCF	thumb	ShowBattleTowerRecords
0x08058FD0	0x08058FEB	thumb	RemoveRecordsWindow
0x08058FEC	0x080592CB	thumb	Cmd_attackcanceler
0x080592CC	0x08059343	thumb	JumpIfMoveFailed
0x08059344	0x080593AB	thumb	Cmd_jumpifaffectedbyprotect
0x080593AC	0x08059413	thumb	JumpIfMoveAffectedByProtect
0x08059414	0x0805950B	thumb	AccuracyCalcHelper
0x0805950C	0x080598D7	thumb	Cmd_accuracycheck
0x080598D8	0x0805992B	thumb	Cmd_attackstring
0x0805992C	0x08059AE7	thumb	Cmd_ppreduce
0x08059AE8	0x08059C33	thumb	Cmd_critcalc
0x08059C34	0x08059D0F	thumb	Cmd_damagecalc
0x08059D10	0x08059DD7	thumb	AI_CalcDmg
0x08059DD8	0x08059E8F	thumb	ModulateDmgByType
0x08059E90	0x0805A0DF	thumb	Cmd_typecalc
0x0805A0E0	0x0805A27B	thumb	CheckWonderGuardAndLevitate
0x0805A27C	0x0805A323	thumb	ModulateDmgByType2
0x0805A324	0x0805A4EF	thumb	TypeCalc
0x0805A4F0	0x0805A5E7	thumb	AI_TypeCalc
0x0805A5E8	0x0805A61F	thumb	Unused_ApplyRandomDmgMultiplier
0x0805A620	0x0805A7B3	thumb	Cmd_adjustnormaldamage
0x0805A7B4	0x0805A903	thumb	Cmd_adjustnormaldamage2
0x0805A904	0x0805AA03	thumb	Cmd_attackanimation
0x0805AA04	0x0805AA1F	thumb	Cmd_waitanimation
0x0805AA20	0x0805AB97	thumb	Cmd_healthbarupdate
0x0805AB98	0x0805AE77	thumb	Cmd_datahpupdate
0x0805AE78	0x0805AECB	thumb	Cmd_critmessage
0x0805AECC	0x0805AF5B	thumb	Cmd_effectivenesssound
0x0805AF5C	0x0805B0AB	thumb	Cmd_resultmessage
0x0805B0AC	0x0805B0EF	thumb	Cmd_printstring
0x0805B0F0	0x0805B133	thumb	Cmd_printselectionstring
0x0805B134	0x0805B1A3	thumb	Cmd_waitmessage
0x0805B1A4	0x0805B1F7	thumb	Cmd_printfromtable
0x0805B1F8	0x0805B25B	thumb	Cmd_printselectionstringfromtable
0x0805B25C	0x0805B28F	thumb	GetBattlerTurnOrderNum
0x0805B290	0x0805BFE7	thumb	SetMoveEffect
0x0805BFE8	0x0805C09F	thumb	Cmd_seteffectwithchance
0x0805C0A0	0x0805C0AD	thumb	Cmd_seteffectprimary
0x0805C0B0	0x0805C0BD	thumb	Cmd_seteffectsecondary
0x0805C0C0	0x0805C12B	thumb	Cmd_clearstatusfromeffect
0x0805C12C	0x0805C3BF	thumb	Cmd_tryfaintmon
0x0805C3C0	0x0805C3FF	thumb	Cmd_dofaintanimation
0x0805C400	0x0805C463	thumb	Cmd_cleareffectsonfaint
0x0805C464	0x0805C4C3	thumb	Cmd_jumpifstatus
0x0805C4C4	0x0805C523	thumb	Cmd_jumpifstatus2
0x0805C524	0x0805C5D3	thumb	Cmd_jumpifability
0x0805C5D4	0x0805C63B	thumb	Cmd_jumpifsideaffecting
0x0805C63C	0x0805C6BF	thumb	Cmd_jumpifstat
0x0805C6C0	0x0805C72B	thumb	Cmd_jumpifstatus3condition
0x0805C72C	0x0805C77B	thumb	Cmd_jumpiftype
0x0805C77C	0x0805CFA7	thumb	Cmd_getexp
0x0805CFA8	0x0805D13F	thumb	Cmd_checkteamslost
0x0805D140	0x0805D17B	thumb	MoveValuesCleanUp
0x0805D17C	0x0805D1C3	thumb	Cmd_movevaluescleanup
0x0805D1C4	0x0805D1DB	thumb	Cmd_setmultihit
0x0805D1DC	0x0805D213	thumb	Cmd_decrementmultihit
0x0805D214	0x0805D233	thumb	Cmd_goto
0x0805D234	0x0805D2BB	thumb	Cmd_jumpifbyte
0x0805D2BC	0x0805D34B	thumb	Cmd_jumpifhalfword
0x0805D34C	0x0805D3E7	thumb	Cmd_jumpifword
0x0805D3E8	0x0805D45B	thumb	Cmd_jumpifarrayequal
0x0805D45C	0x0805D4D3	thumb	Cmd_jumpifarraynotequal
0x0805D4D4	0x0805D503	thumb	Cmd_setbyte
0x0805D504	0x0805D52F	thumb	Cmd_addbyte
0x0805D530	0x0805D55B	thumb	Cmd_subbyte
0x0805D55C	0x0805D5AB	thumb	Cmd_copyarray
0x0805D5AC	0x0805D613	thumb	Cmd_copyarraywithindex
0x0805D614	0x0805D63F	thumb	Cmd_orbyte
0x0805D640	0x0805D677	thumb	Cmd_orhalfword
0x0805D678	0x0805D6BB	thumb	Cmd_orword
0x0805D6BC	0x0805D6E7	thumb	Cmd_bicbyte
0x0805D6E8	0x0805D71F	thumb	Cmd_bichalfword
0x0805D720	0x0805D763	thumb	Cmd_bicword
0x0805D764	0x0805D7C7	thumb	Cmd_pause
0x0805D7C8	0x0805D7E3	thumb	Cmd_waitstate
0x0805D7E4	0x0805D82F	thumb	Cmd_healthbar_update
0x0805D830	0x0805D839	thumb	Cmd_return
0x0805D83C	0x0805D85B	thumb	Cmd_end
0x0805D85C	0x0805D873	thumb	Cmd_end2
0x0805D874	0x0805D8A3	thumb	Cmd_end3
0x0805D8A4	0x0805D8D3	thumb	Cmd_call
0x0805D8D4	0x0805D927	thumb	Cmd_jumpiftype2
0x0805D928	0x0805D967	thumb	Cmd_jumpifabilitypresent
0x0805D968	0x0805D983	thumb	Cmd_endselectionscript
0x0805D984	0x0805DA23	thumb	Cmd_playanimation
0x0805DA24	0x0805DABB	thumb	Cmd_playanimation_var
0x0805DABC	0x0805DB13	thumb	Cmd_setgraphicalstatchangevalues
0x0805DB14	0x0805DD23	thumb	Cmd_playstatchangeanimation
0x0805DD24	0x0805E643	thumb	Cmd_moveend
0x0805E644	0x0805E83F	thumb	Cmd_typecalc2
0x0805E840	0x0805E88B	thumb	Cmd_returnatktoball
0x0805E88C	0x0805E8EB	thumb	Cmd_getswitchedmondata
0x0805E8EC	0x0805EA2B	thumb	Cmd_switchindataupdate
0x0805EA2C	0x0805EACB	thumb	Cmd_switchinanim
0x0805EACC	0x0805EC8F	thumb	Cmd_jumpifcantswitch
0x0805EC90	0x0805ECDF	thumb	ChooseMonToSendOut
0x0805ECE0	0x0805F333	thumb	Cmd_openpartyscreen
0x0805F334	0x0805F4EF	thumb	Cmd_switchhandleorder
0x0805F4F0	0x0805F5AB	thumb	GetStealthRockDamageMultiplier
0x0805F5AC	0x0805F88B	thumb	Cmd_switchineffects
0x0805F88C	0x0805F8CB	thumb	Cmd_trainerslidein
0x0805F8CC	0x0805F907	thumb	Cmd_playse
0x0805F908	0x0805F943	thumb	Cmd_fanfare
0x0805F944	0x0805F973	thumb	Cmd_playfaintcry
0x0805F974	0x0805F9AB	thumb	Cmd_endlinkbattle
0x0805F9AC	0x0805F9DF	thumb	Cmd_returntoball
0x0805F9E0	0x0805FB07	thumb	Cmd_handlelearnnewmove
0x0805FB08	0x0805FEA7	thumb	Cmd_yesnoboxlearnmove
0x0805FEA8	0x08060077	thumb	Cmd_yesnoboxstoplearningmove
0x08060078	0x080600EB	thumb	Cmd_hitanimation
0x080600EC	0x08060277	thumb	Cmd_getmoneyreward
0x08060278	0x08060303	thumb	Cmd_updatebattlermoves
0x08060304	0x0806034B	thumb	Cmd_swapattackerwithtarget
0x0806034C	0x0806037B	thumb	Cmd_incrementgamestat
0x0806037C	0x08060447	thumb	Cmd_drawpartystatussummary
0x08060448	0x08060477	thumb	Cmd_hidepartystatussummary
0x08060478	0x080604BF	thumb	Cmd_jumptocalledmove
0x080604C0	0x08060543	thumb	Cmd_statusanimation
0x08060544	0x080605DF	thumb	Cmd_status2animation
0x080605E0	0x0806066B	thumb	Cmd_chosenstatusanimation
0x0806066C	0x080607EF	thumb	Cmd_yesnobox
0x080607F0	0x0806081B	thumb	Cmd_cancelallactions
0x0806081C	0x0806097F	thumb	Cmd_adjustsetdamage
0x08060980	0x080609DF	thumb	Cmd_removeitem
0x080609E0	0x08060A17	thumb	Cmd_atknameinbuff1
0x08060A18	0x08060C47	thumb	Cmd_drawlvlupbox
0x08060C48	0x08060C8B	thumb	DrawLevelUpWindow1
0x08060C8C	0x08060CC3	thumb	DrawLevelUpWindow2
0x08060CC4	0x08060D13	thumb	InitLevelUpBanner
0x08060D14	0x08060D6F	thumb	SlideInLevelUpBanner
0x08060D70	0x08060E6B	thumb	DrawLevelUpBannerText
0x08060E6C	0x08060E9F	thumb	SlideOutLevelUpBanner
0x08060EA0	0x08060F3B	thumb	PutMonIconOnLvlUpBanner
0x08060F3C	0x08060F77	thumb	SpriteCB_MonIconOnLvlUpBanner
0x08060F78	0x08060FB3	thumb	IsMonGettingExpSentOut
0x08060FB4	0x08060FCB	thumb	Cmd_resetsentmonsvalue
0x08060FCC	0x08060FEB	thumb	Cmd_setatktoplayer0
0x08060FEC	0x0806101F	thumb	Cmd_makevisible
0x08061020	0x0806104F	thumb	Cmd_recordlastability
0x08061050	0x08061073	thumb	BufferMoveToLearnIntoBattleTextBuff2
0x08061074	0x080610A3	thumb	Cmd_buffermovetolearn
0x080610A4	0x080610DB	thumb	Cmd_jumpifplayerran
0x080610DC	0x0806116F	thumb	Cmd_hpthresholds
0x08061170	0x08061217	thumb	Cmd_hpthresholds2
0x08061218	0x0806126B	thumb	Cmd_useitemonopponent
0x0806126C	0x08061643	thumb	Cmd_various
0x08061644	0x0806175F	thumb	Cmd_setprotectlike
0x08061760	0x08061883	thumb	Cmd_tryexplosion
0x08061884	0x080618DB	thumb	Cmd_setatkhptozero
0x080618DC	0x08061973	thumb	Cmd_jumpifnexttargetvalid
0x08061974	0x080619E3	thumb	Cmd_tryhealhalfhealth
0x080619E4	0x08061B0F	thumb	Cmd_trymirrormove
0x08061B10	0x08061B57	thumb	Cmd_setrain
0x08061B58	0x08061BFF	thumb	Cmd_setreflect
0x08061C00	0x08061C9F	thumb	Cmd_setseeded
0x08061CA0	0x08061D0F	thumb	Cmd_manipulatedamage
0x08061D10	0x08061DAF	thumb	Cmd_trysetrest
0x08061DB0	0x08061DF3	thumb	Cmd_jumpifnotfirstturn
0x08061DF4	0x08061E03	thumb	Cmd_nop
0x08061E04	0x08061E7F	thumb	UproarWakeUpCheck
0x08061E80	0x08061EEF	thumb	Cmd_jumpifcantmakeasleep
0x08061EF0	0x08061F57	thumb	Cmd_stockpile
0x08061F58	0x0806206B	thumb	Cmd_stockpiletobasedamage
0x0806206C	0x0806212F	thumb	Cmd_stockpiletohpheal
0x08062130	0x0806215F	thumb	Cmd_negativedamage
0x08062160	0x080624AF	thumb	ChangeStatBuffs
0x080624B0	0x080624F7	thumb	Cmd_statbuffchange
0x080624F8	0x08062533	thumb	Cmd_normalisebuffs
0x08062534	0x08062583	thumb	Cmd_setbide
0x08062584	0x080625BB	thumb	Cmd_confuseifrepeatingattackends
0x080625BC	0x0806260B	thumb	Cmd_setmultihitcounter
0x0806260C	0x0806262F	thumb	Cmd_initmultihitstring
0x08062630	0x080626E7	thumb	TryDoForceSwitchOut
0x080626E8	0x080629B7	thumb	Cmd_forcerandomswitch
0x080629B8	0x08062B03	thumb	Cmd_tryconversiontypechange
0x08062B04	0x08062B87	thumb	Cmd_givepaydaymoney
0x08062B88	0x08062C2F	thumb	Cmd_setlightscreen
0x08062C30	0x08062EAF	thumb	Cmd_tryKO
0x08062EB0	0x08062EEB	thumb	Cmd_damagetohalftargethp
0x08062EEC	0x08062F33	thumb	Cmd_setsandstorm
0x08062F34	0x0806308B	thumb	Cmd_weatherdamage
0x0806308C	0x080631FB	thumb	Cmd_tryinfatuating
0x080631FC	0x08063333	thumb	Cmd_updatestatusicon
0x08063334	0x080633C7	thumb	Cmd_setmist
0x080633C8	0x08063413	thumb	Cmd_setfocusenergy
0x08063414	0x08063563	thumb	Cmd_transformdataexecution
0x08063564	0x080635FF	thumb	Cmd_setsubstitute
0x08063600	0x0806362B	thumb	IsMoveUncopyableByMimic
0x0806362C	0x0806374B	thumb	Cmd_mimicattackcopy
0x0806374C	0x080637CF	thumb	Cmd_metronome
0x080637D0	0x080637FB	thumb	Cmd_dmgtolevel
0x080637FC	0x08063847	thumb	Cmd_psywavedamageeffect
0x08063848	0x08063903	thumb	Cmd_counterdamagecalculator
0x08063904	0x080639BF	thumb	Cmd_mirrorcoatdamagecalculator
0x080639C0	0x08063A7F	thumb	Cmd_disablelastusedattack
0x08063A80	0x08063B43	thumb	Cmd_trysetencore
0x08063B44	0x08063BC7	thumb	Cmd_painsplitdmgcalc
0x08063BC8	0x08063D4B	thumb	Cmd_settypetorandomresistance
0x08063D4C	0x08063D93	thumb	Cmd_setalwayshitflag
0x08063D94	0x08063EE3	thumb	Cmd_copymovepermanently
0x08063EE4	0x08063F2B	thumb	IsTwoTurnsMove
0x08063F2C	0x08063F5D	thumb	IsInvalidForSleepTalkOrAssist
0x08063F60	0x08063FB7	thumb	AttacksThisTurn
0x08063FB8	0x080640D3	thumb	Cmd_trychoosesleeptalkmove
0x080640D4	0x080640FF	thumb	Cmd_setdestinybond
0x08064100	0x0806414F	thumb	TrySetDestinyBondToHappen
0x08064150	0x08064167	thumb	Cmd_trysetdestinybondtohappen
0x08064168	0x080641EB	thumb	Cmd_remaininghptopower
0x080641EC	0x08064387	thumb	Cmd_tryspiteppreduce
0x08064388	0x080645C7	thumb	Cmd_healpartystatus
0x080645C8	0x08064643	thumb	Cmd_cursetarget
0x08064644	0x080646BF	thumb	Cmd_trysetspikes
0x080646C0	0x080646EB	thumb	Cmd_setforesight
0x080646EC	0x08064797	thumb	Cmd_trysetperishsong
0x08064798	0x08064893	thumb	Cmd_rolloutdamagecalculation
0x08064894	0x080648E7	thumb	Cmd_jumpifconfusedandstatmaxed
0x080648E8	0x08064987	thumb	Cmd_furycuttercalc
0x08064988	0x080649EF	thumb	Cmd_friendshiptodamagecalculation
0x080649F0	0x08064A7B	thumb	Cmd_presentdamagecalculation
0x08064A7C	0x08064B0B	thumb	Cmd_setsafeguard
0x08064B0C	0x08064BEF	thumb	Cmd_magnitudedamagecalculation
0x08064BF0	0x08064D2F	thumb	Cmd_jumpifnopursuitswitchdmg
0x08064D30	0x08064D77	thumb	Cmd_setsunny
0x08064D78	0x08064DF3	thumb	Cmd_maxattackhalvehp
0x08064DF4	0x08064E3B	thumb	Cmd_copyfoestats
0x08064E3C	0x08064F4B	thumb	Cmd_rapidspinfree
0x08064F4C	0x08064F77	thumb	Cmd_setdefensecurlbit
0x08064F78	0x0806503B	thumb	Cmd_recoverbasedonsunlight
0x0806503C	0x0806515B	thumb	Cmd_hiddenpowercalc
0x0806515C	0x080651CB	thumb	Cmd_selectfirstvalidtarget
0x080651CC	0x080652D3	thumb	Cmd_trysetfutureattack
0x080652D4	0x080654C3	thumb	Cmd_trydobeatup
0x080654C4	0x08065537	thumb	Cmd_setsemiinvulnerablebit
0x08065538	0x080655AB	thumb	Cmd_clearsemiinvulnerablebit
0x080655AC	0x080655DF	thumb	Cmd_setminimize
0x080655E0	0x08065627	thumb	Cmd_sethail
0x08065628	0x080656B7	thumb	Cmd_trymemento
0x080656B8	0x080656FB	thumb	Cmd_setforcedtarget
0x080656FC	0x0806573B	thumb	Cmd_setcharge
0x0806573C	0x080657A7	thumb	Cmd_callterrainattack
0x080657A8	0x08065817	thumb	Cmd_cureifburnedparalysedorpoisoned
0x08065818	0x08065863	thumb	Cmd_settorment
0x08065864	0x080658A7	thumb	Cmd_jumpifnodamage
0x080658A8	0x080658F3	thumb	Cmd_settaunt
0x080658F4	0x0806597F	thumb	Cmd_trysethelpinghand
0x08065980	0x08065BDF	thumb	Cmd_tryswapitems
0x08065BE0	0x08065C43	thumb	Cmd_trycopyability
0x08065C44	0x08065CFF	thumb	Cmd_trywish
0x08065D00	0x08065D47	thumb	Cmd_trysetroots
0x08065D48	0x08065D9F	thumb	Cmd_doubledamagedealtifdamaged
0x08065DA0	0x08065DFF	thumb	Cmd_setyawn
0x08065E00	0x08065E5B	thumb	Cmd_setdamagetohealthdifference
0x08065E5C	0x08065EBF	thumb	Cmd_scaledamagebyhealthratio
0x08065EC0	0x08065F53	thumb	Cmd_tryswapabilities
0x08065F54	0x08066087	thumb	Cmd_tryimprison
0x08066088	0x080660CF	thumb	Cmd_trysetgrudge
0x080660D0	0x08066157	thumb	Cmd_weightdamagecalculation
0x08066158	0x080662BB	thumb	Cmd_assistattackselect
0x080662BC	0x0806632F	thumb	Cmd_trysetmagiccoat
0x08066330	0x0806639B	thumb	Cmd_trysetsnatch
0x0806639C	0x0806645B	thumb	Cmd_trygetintimidatetarget
0x0806645C	0x080664CF	thumb	Cmd_switchoutabilities
0x080664D0	0x0806651B	thumb	Cmd_jumpifhasnohp
0x0806651C	0x08066567	thumb	Cmd_getsecretpowereffect
0x08066568	0x080666E3	thumb	Cmd_pickup
0x080666E4	0x0806673B	thumb	Cmd_docastformchangeanimation
0x0806673C	0x0806677B	thumb	Cmd_trycastformdatachange
0x0806677C	0x080667FB	thumb	Cmd_settypebasedhalvers
0x080667FC	0x08066887	thumb	Cmd_setweatherballtype
0x08066888	0x0806691F	thumb	Cmd_tryrecycleitem
0x08066920	0x08066997	thumb	Cmd_settypetoterrain
0x08066998	0x08066A43	thumb	Cmd_pursuitdoubles
0x08066A44	0x08066A83	thumb	Cmd_snatchsetbattlers
0x08066A84	0x08066AEF	thumb	Cmd_removelightscreenreflect
0x08066AF0	0x08066F2B	thumb	Cmd_handleballthrow
0x08066F2C	0x0806706B	thumb	Cmd_givecaughtmon
0x0806706C	0x080670DB	thumb	Cmd_trysetcaughtmondexflags
0x080670DC	0x0806723F	thumb	Cmd_displaydexinfo
0x08067240	0x0806736F	thumb	HandleBattleWindow
0x08067370	0x080673B3	thumb	BattleCreateYesNoCursorAt
0x080673B4	0x080673F7	thumb	BattleDestroyYesNoCursorAt
0x080673F8	0x080676CF	thumb	Cmd_trygivecaughtmonnick
0x080676D0	0x080676FF	thumb	Cmd_subattackerhpbydmg
0x08067700	0x08067727	thumb	Cmd_removeattackerstatus1
0x08067728	0x08067733	thumb	Cmd_finishaction
0x08067734	0x0806774F	thumb	Cmd_finishturn
0x08067750	0x080677BB	thumb	Task_BattleStart
0x080677BC	0x080677EF	thumb	CreateBattleStartTask
0x080677F0	0x0806781D	thumb	CheckSilphScopeInPokemonTower
0x08067820	0x08067857	thumb	ShouldUsePokemonTowerGhostBattle
0x08067858	0x08067983	thumb	StartWildBattle
0x08067984	0x08067A0F	thumb	DoStandardWildBattle
0x08067A10	0x08067A9F	thumb	StartRoamerBattle
0x08067AA0	0x08067B1F	thumb	DoSafariBattle
0x08067B20	0x08067BAB	thumb	StartScriptedSafariBattle
0x08067BAC	0x08067C4B	thumb	DoGhostBattle
0x08067C4C	0x08067C87	thumb	DoTrainerBattle
0x08067C88	0x08067CDF	thumb	StartOldManTutorialBattle
0x08067CE0	0x08067D67	thumb	StartScriptedWildBattle
0x08067D68	0x08067DFF	thumb	StartScriptedGhostBattle
0x08067E00	0x08067ECB	thumb	StartMarowakBattle
0x08067ECC	0x08067F53	thumb	StartSouthernIslandBattle
0x08067F54	0x0806805F	thumb	StartLegendaryBattle
0x08068060	0x080680B7	thumb	StartGroudonKyogreBattle
0x080680B8	0x0806810F	thumb	StartRegiBattle
0x08068110	0x0806811D	thumb	EndPokedudeBattle
0x08068120	0x0806819F	thumb	StartPokedudeBattle
0x080681A0	0x080681CB	thumb	CheckNuzlockeDupeFlags
0x080681CC	0x0806822B	thumb	IsWildMonNuzlockeDupe
0x0806822C	0x08068253	thumb	SetNuzlockeDupeFlags
0x08068254	0x080682E7	thumb	CB2_EndWildBattle
0x080682E8	0x0806836B	thumb	CB2_EndScriptedWildBattle
0x0806836C	0x080683C7	thumb	CB2_EndMarowakBattle
0x080683C8	0x080684AF	thumb	BattleSetup_GetTerrainId
0x080684B0	0x0806850B	thumb	GetBattleTransitionTypeByMap
0x0806850C	0x0806856B	thumb	GetSumOfPlayerPartyLevel
0x0806856C	0x080686E3	thumb	GetSumOfEnemyPartyLevel
0x080686E4	0x0806871F	thumb	GetWildBattleTransition
0x08068720	0x08068823	thumb	GetTrainerBattleTransition
0x08068824	0x0806884B	thumb	BattleSetup_GetBattleTowerBattleTransition
0x0806884C	0x08068861	thumb	TrainerBattleLoadArg32
0x08068864	0x0806886D	thumb	TrainerBattleLoadArg16
0x08068870	0x08068873	thumb	TrainerBattleLoadArg8
0x08068874	0x0806888B	thumb	GetTrainerAFlag
0x0806888C	0x08068897	thumb	IsPlayerDefeated
0x08068898	0x080688EB	thumb	InitTrainerBattleVariables
0x080688EC	0x0806895F	thumb	TrainerBattleLoadArgs
0x08068960	0x08068997	thumb	SetMapVarsToTrainer
0x08068998	0x08068B3F	thumb	BattleSetup_ConfigureTrainerBattle
0x08068B40	0x08068B7F	thumb	ConfigureAndSetUpOneTrainerBattle
0x08068B80	0x08068B9D	thumb	GetTrainerFlagFromScriptPointer
0x08068BA0	0x08068BCF	thumb	SetUpTrainerMovement
0x08068BD0	0x08068BDB	thumb	GetTrainerBattleMode
0x08068BDC	0x08068BE7	thumb	GetRivalBattleFlags
0x08068BE8	0x08068C1F	thumb	Script_HasTrainerBeenFought
0x08068C20	0x08068C57	thumb	SetBattledTrainerFlag
0x08068C58	0x08068C77	thumb	SetBattledTrainerFlag2
0x08068C78	0x08068CAB	thumb	HasTrainerBeenFought
0x08068CAC	0x08068CDF	thumb	SetTrainerFlag
0x08068CE0	0x08068CF5	thumb	ClearTrainerFlag
0x08068CF8	0x08068D6F	thumb	StartTrainerBattle
0x08068D70	0x08068E6B	thumb	CB2_EndTrainerBattle
0x08068E6C	0x08068EE3	thumb	CB2_EndRematchBattle
0x08068EE4	0x08068F3B	thumb	StartRematchBattle
0x08068F3C	0x08068F5B	thumb	ShowTrainerIntroSpeech
0x08068F5C	0x08068F73	thumb	BattleSetup_GetScriptAddrAfterBattle
0x08068F74	0x08068F8B	thumb	BattleSetup_GetTrainerPostBattleScript
0x08068F8C	0x08068FAB	thumb	ShowTrainerCantBattleSpeech
0x08068FAC	0x08069017	thumb	PlayTrainerEncounterMusic
0x08069018	0x08069027	thumb	ReturnEmptyStringIfNull
0x08069028	0x0806903F	thumb	GetIntroSpeechOfApproachingTrainer
0x08069040	0x0806906B	thumb	GetTrainerALoseText
0x0806906C	0x08069097	thumb	GetTrainerWonSpeech
0x08069098	0x080690AF	thumb	GetTrainerCantBattleSpeech
0x080690B0	0x080690DF	thumb	GetScaledLevel
0x080690E0	0x0806919F	thumb	BattleTowerMapScript2
0x080691A0	0x080691D3	thumb	ResetBattleTowerStreak
0x080691D4	0x0806927B	thumb	ShouldBattleEReaderTrainer
0x0806927C	0x0806937B	thumb	ChooseSpecialBattleTowerTrainer
0x0806937C	0x08069517	thumb	ChooseNextBattleTowerTrainer
0x08069518	0x0806956F	thumb	SetBattleTowerTrainerGfxId
0x08069570	0x0806957B	thumb	SetEReaderTrainerGfxId
0x0806957C	0x080696A7	thumb	UpdateOrInsertReceivedBattleTowerRecord
0x080696A8	0x080696F7	thumb	GetBattleTowerTrainerFrontSpriteId
0x080696F8	0x08069747	thumb	GetBattleTowerTrainerClassNameId
0x08069748	0x080697EB	thumb	GetBattleTowerTrainerName
0x080697EC	0x08069B0F	thumb	FillBattleTowerTrainerParty
0x08069B10	0x08069BAF	thumb	AppendBattleTowerBannedSpeciesName
0x08069BB0	0x08069C57	thumb	CheckMonBattleTowerBanlist
0x08069C58	0x08069D8B	thumb	CheckPartyBattleTowerBanlist
0x08069D8C	0x08069DE3	thumb	BufferBattleTowerTrainerMessage
0x08069DE4	0x08069E33	thumb	PrintBattleTowerTrainerGreeting
0x08069E34	0x08069EDB	thumb	CB2_FinishEReaderBattle
0x08069EDC	0x08069F13	thumb	Task_WaitBT
0x08069F14	0x0806A007	thumb	StartSpecialBattle
0x0806A008	0x0806A1EF	thumb	SetBattleTowerProperty
0x0806A1F0	0x0806A32B	thumb	BattleTowerUtil
0x0806A32C	0x0806A363	thumb	SetBattleTowerParty
0x0806A364	0x0806A403	thumb	SaveCurrentWinStreak
0x0806A404	0x0806A405	thumb	SetPlayerBattleTowerRecord
0x0806A408	0x0806A467	thumb	SaveBattleTowerProgress
0x0806A468	0x0806A4CF	thumb	SaveGameFrontier
0x0806A4D0	0x0806A4D9	thumb	BattleTower_SoftReset
0x0806A4DC	0x0806A54B	thumb	ValidateBattleTowerRecordChecksums
0x0806A54C	0x0806A56D	thumb	SetBattleTowerRecordChecksum
0x0806A570	0x0806A57D	thumb	ClearBattleTowerRecord
0x0806A580	0x0806A5CF	thumb	PopulateBravoTrainerBattleTowerLostData
0x0806A5D0	0x0806A60B	thumb	GetCurrentBattleTowerWinStreak
0x0806A60C	0x0806A667	thumb	DetermineBattleTowerPrize
0x0806A668	0x0806A6C3	thumb	GiveBattleTowerPrize
0x0806A6C4	0x0806A77B	thumb	AwardBattleTowerRibbons
0x0806A77C	0x0806A77D	thumb	Debug_FillEReaderTrainerWithPlayerData
0x0806A780	0x0806A79B	thumb	GetEreaderTrainerFrontSpriteId
0x0806A79C	0x0806A7B7	thumb	GetEreaderTrainerClassId
0x0806A7B8	0x0806A7E3	thumb	CopyEReaderTrainerName5
0x0806A7E4	0x0806A83B	thumb	ValidateEReaderTrainer
0x0806A83C	0x0806A85D	thumb	SetEReaderTrainerChecksum
0x0806A860	0x0806A86D	thumb	ClearEReaderTrainer
0x0806A870	0x0806A88B	thumb	BufferEReaderTrainerGreeting
0x0806A88C	0x0806A8D3	thumb	PrintEReaderTrainerFarewellMessage
0x0806A8D4	0x0806A8D5	thumb	Dummy_TryEnableBravoTrainerBattleTower
0x0806A8D8	0x0806A8EB	thumb	GetBestBattleTowerStreakToVar0x8007
0x0806A8EC	0x0806A8F7	thumb	TryInitBattleTowerAwardManObjectEvent
0x0806A8F8	0x0806A94F	thumb	GetHighestLevelInPlayerParty
0x0806A950	0x0806A993	thumb	BattleTransition_StartOnField
0x0806A994	0x0806A9BB	thumb	BattleTransition_Start
0x0806A9BC	0x0806AA1B	thumb	IsBattleTransitionDone
0x0806AA1C	0x0806AA43	thumb	LaunchBattleTransitionTask
0x0806AA44	0x0806AA77	thumb	Task_BattleTransition
0x0806AA78	0x0806AAEF	thumb	Transition_StartIntro
0x0806AAF0	0x0806AB1B	thumb	Transition_WaitForIntro
0x0806AB1C	0x0806AB43	thumb	Transition_StartMain
0x0806AB44	0x0806AB6F	thumb	Transition_WaitForMain
0x0806AB70	0x0806ABCF	thumb	Task_Intro
0x0806ABD0	0x0806AC03	thumb	Task_Blur
0x0806AC04	0x0806AC35	thumb	Blur_Init
0x0806AC38	0x0806ACA3	thumb	Blur_Main
0x0806ACA4	0x0806ACC7	thumb	Blur_End
0x0806ACC8	0x0806ACFB	thumb	Task_Swirl
0x0806ACFC	0x0806AD97	thumb	Swirl_Init
0x0806AD98	0x0806AE23	thumb	Swirl_End
0x0806AE24	0x0806AE73	thumb	VBlankCB_Swirl
0x0806AE74	0x0806AEA7	thumb	HBlankCB_Swirl
0x0806AEA8	0x0806AEDB	thumb	Task_Shuffle
0x0806AEDC	0x0806AF53	thumb	Shuffle_Init
0x0806AF54	0x0806AFE7	thumb	Shuffle_End
0x0806AFE8	0x0806B037	thumb	VBlankCB_Shuffle
0x0806B038	0x0806B06B	thumb	HBlankCB_Shuffle
0x0806B06C	0x0806B09F	thumb	Task_BigPokeball
0x0806B0A0	0x0806B17F	thumb	BigPokeball_Init
0x0806B180	0x0806B227	thumb	BigPokeball_SetGfx
0x0806B228	0x0806B2CF	thumb	PatternWeave_Blend1
0x0806B2D0	0x0806B387	thumb	PatternWeave_Blend2
0x0806B388	0x0806B427	thumb	PatternWeave_FinishAppear
0x0806B428	0x0806B4E7	thumb	PatternWeave_CircularMask
0x0806B4E8	0x0806B583	thumb	VBlankCB_SetWinAndBlend
0x0806B584	0x0806B5BB	thumb	VBlankCB_PatternWeave
0x0806B5BC	0x0806B5F3	thumb	VBlankCB_CircularMask
0x0806B5F4	0x0806B627	thumb	Task_PokeballsTrail
0x0806B628	0x0806B693	thumb	PokeballsTrail_Init
0x0806B694	0x0806B717	thumb	PokeballsTrail_Main
0x0806B718	0x0806B743	thumb	PokeballsTrail_End
0x0806B744	0x0806B7A7	thumb	FldEff_PokeballTrail
0x0806B7A8	0x0806B857	thumb	SpriteCB_FldEffPokeballTrail
0x0806B858	0x0806B88B	thumb	Task_ClockwiseWipe
0x0806B88C	0x0806B8FB	thumb	ClockwiseWipe_Init
0x0806B8FC	0x0806B9B3	thumb	ClockwiseWipe_TopRight
0x0806B9B4	0x0806BAC3	thumb	ClockwiseWipe_Right
0x0806BAC4	0x0806BB77	thumb	ClockwiseWipe_Bottom
0x0806BB78	0x0806BC8B	thumb	ClockwiseWipe_Left
0x0806BC8C	0x0806BD43	thumb	ClockwiseWipe_TopLeft
0x0806BD44	0x0806BD83	thumb	ClockwiseWipe_End
0x0806BD84	0x0806BE43	thumb	VBlankCB_ClockwiseWipe
0x0806BE44	0x0806BE77	thumb	Task_Ripple
0x0806BE78	0x0806BEDF	thumb	Ripple_Init
0x0806BEE0	0x0806BFBB	thumb	Ripple_Main
0x0806BFBC	0x0806C00B	thumb	VBlankCB_Ripple
0x0806C00C	0x0806C03F	thumb	HBlankCB_Ripple
0x0806C040	0x0806C073	thumb	Task_Wave
0x0806C074	0x0806C0D7	thumb	Wave_Init
0x0806C0D8	0x0806C193	thumb	Wave_Main
0x0806C194	0x0806C1D3	thumb	Wave_End
0x0806C1D4	0x0806C283	thumb	VBlankCB_Wave
0x0806C284	0x0806C2B7	thumb	Task_Spiral
0x0806C2B8	0x0806C857	thumb	Spiral_UpdateFrame
0x0806C858	0x0806C8FF	thumb	Spiral_Init
0x0806C900	0x0806C9DB	thumb	Spiral_End
0x0806C9DC	0x0806CABF	thumb	VBlankCB_Spiral
0x0806CAC0	0x0806CAF7	thumb	Task_Lorelei
0x0806CAF8	0x0806CB2F	thumb	Task_Bruno
0x0806CB30	0x0806CB67	thumb	Task_Agatha
0x0806CB68	0x0806CB9F	thumb	Task_Lance
0x0806CBA0	0x0806CBD7	thumb	Task_Blue
0x0806CBD8	0x0806CC0F	thumb	Task_Oak
0x0806CC10	0x0806CC43	thumb	DoMugshotTransition
0x0806CC44	0x0806CCBB	thumb	Mugshot_Init
0x0806CCBC	0x0806CD83	thumb	Mugshot_SetGfx
0x0806CD84	0x0806CE83	thumb	Mugshot_ShowBanner
0x0806CE84	0x0806CF03	thumb	Mugshot_StartOpponentSlide
0x0806CF04	0x0806CF4F	thumb	Mugshot_WaitStartPlayerSlide
0x0806CF50	0x0806CFFF	thumb	Mugshot_WaitPlayerSlide
0x0806D000	0x0806D0B3	thumb	Mugshot_GradualWhiteFade
0x0806D0B4	0x0806D0EB	thumb	Mugshot_InitFadeWhiteToBlack
0x0806D0EC	0x0806D133	thumb	Mugshot_FadeToBlack
0x0806D134	0x0806D173	thumb	Mugshot_End
0x0806D174	0x0806D22B	thumb	VBlankCB_Mugshots
0x0806D22C	0x0806D2C7	thumb	VBlankCB_MugshotsFadeOut
0x0806D2C8	0x0806D2EF	thumb	HBlankCB_Mugshots
0x0806D2F0	0x0806D437	thumb	Mugshots_CreateTrainerPics
0x0806D438	0x0806D45B	thumb	SpriteCB_MugshotTrainerPic
0x0806D45C	0x0806D45F	thumb	MugshotTrainerPic_Pause
0x0806D460	0x0806D493	thumb	MugshotTrainerPic_Init
0x0806D494	0x0806D4BB	thumb	MugshotTrainerPic_Slide
0x0806D4BC	0x0806D4E9	thumb	MugshotTrainerPic_SlideSlow
0x0806D4EC	0x0806D519	thumb	MugshotTrainerPic_SlideOffscreen
0x0806D51C	0x0806D533	thumb	SetTrainerPicSlideDirection
0x0806D534	0x0806D54F	thumb	IncrementTrainerPicState
0x0806D550	0x0806D567	thumb	IsTrainerPicSlideDone
0x0806D568	0x0806D59B	thumb	Task_Slice
0x0806D59C	0x0806D61F	thumb	Slice_Init
0x0806D620	0x0806D6DF	thumb	Slice_Main
0x0806D6E0	0x0806D71F	thumb	Slice_End
0x0806D720	0x0806D7D7	thumb	VBlankCB_Slice
0x0806D7D8	0x0806D80B	thumb	HBlankCB_Slice
0x0806D80C	0x0806D83F	thumb	Task_WhiteBarsFade
0x0806D840	0x0806D8CB	thumb	WhiteBarsFade_Init
0x0806D8CC	0x0806D93B	thumb	WhiteBarsFade_StartBars
0x0806D93C	0x0806D973	thumb	WhiteBarsFade_WaitBars
0x0806D974	0x0806D9D7	thumb	WhiteBarsFade_BlendToBlack
0x0806D9D8	0x0806DA1B	thumb	WhiteBarsFade_End
0x0806DA1C	0x0806DADB	thumb	VBlankCB_WhiteBarsFade
0x0806DADC	0x0806DB33	thumb	VBlankCB_WhiteBarsFade_Blend
0x0806DB34	0x0806DB6F	thumb	HBlankCB_WhiteBarsFade
0x0806DB70	0x0806DC63	thumb	SpriteCB_WhiteBarFade
0x0806DC64	0x0806DC97	thumb	Task_GridSquares
0x0806DC98	0x0806DD0B	thumb	GridSquares_Init
0x0806DD0C	0x0806DD73	thumb	GridSquares_Main
0x0806DD74	0x0806DDA3	thumb	GridSquares_End
0x0806DDA4	0x0806DDD7	thumb	Task_AngledWipes
0x0806DDD8	0x0806DE4F	thumb	AngledWipes_Init
0x0806DE50	0x0806DEFB	thumb	AngledWipes_SetWipeData
0x0806DEFC	0x0806DFD3	thumb	AngledWipes_DoWipe
0x0806DFD4	0x0806E037	thumb	AngledWipes_TryEnd
0x0806E038	0x0806E051	thumb	AngledWipes_StartNext
0x0806E054	0x0806E05D	thumb	VBlankCB_AngledWipes
0x0806E060	0x0806E0B7	thumb	CreateIntroTask
0x0806E0B8	0x0806E0CF	thumb	IsIntroTaskDone
0x0806E0D0	0x0806E103	thumb	Task_BattleTransition_Intro
0x0806E104	0x0806E173	thumb	TransitionIntro_FadeToGray
0x0806E174	0x0806E1E7	thumb	TransitionIntro_FadeFromGray
0x0806E1E8	0x0806E20F	thumb	InitTransitionData
0x0806E210	0x0806E221	thumb	VBlankCB_BattleTransition
0x0806E224	0x0806E245	thumb	GetBg0TilemapDst
0x0806E248	0x0806E27D	thumb	GetBg0TilesDst
0x0806E280	0x0806E291	thumb	FadeScreenBlack
0x0806E294	0x0806E2F9	thumb	SetSinWave
0x0806E2FC	0x0806E457	thumb	SetCircularMask
0x0806E458	0x0806E4D9	thumb	InitBlackWipe
0x0806E4DC	0x0806E5B7	thumb	UpdateBlackWipe
0x0806E5B8	0x0806E5D1	thumb	IsMugshotTransition
0x0806E5D4	0x0806E633	thumb	GetBattlerForBattleScript
0x0806E634	0x0806E6FF	thumb	PressurePPLose
0x0806E700	0x0806E833	thumb	PressurePPLoseOnUsingImprison
0x0806E834	0x0806E957	thumb	PressurePPLoseOnUsingPerishSong
0x0806E958	0x0806E9AF	thumb	MarkAllBattlersForControllerExec
0x0806E9B0	0x0806E9DB	thumb	MarkBattlerForControllerExec
0x0806E9DC	0x0806EA27	thumb	MarkBattlerReceivedLinkData
0x0806EA28	0x0806EA77	thumb	CancelMultiTurnMoves
0x0806EA78	0x0806EAB3	thumb	WasUnableToUseMove
0x0806EAB4	0x0806EAFB	thumb	PrepareStringBattle
0x0806EAFC	0x0806EB53	thumb	ResetSentPokesToOpponentValue
0x0806EB54	0x0806EBBF	thumb	OpponentSwitchInResetSentPokesToOpponentValue
0x0806EBC0	0x0806EC17	thumb	UpdateSentPokesToOpponentValue
0x0806EC18	0x0806EC37	thumb	BattleScriptPush
0x0806EC38	0x0806EC57	thumb	BattleScriptPushCursor
0x0806EC58	0x0806EC7B	thumb	BattleScriptPop
0x0806EC7C	0x0806EE7F	thumb	TrySetCantSelectMoveBattleScript
0x0806EE80	0x0806F023	thumb	CheckMoveLimitations
0x0806F024	0x0806F0BB	thumb	AreAllMovesUnusable
0x0806F0BC	0x0806F173	thumb	GetImprisonedMovesCount
0x0806F174	0x0806F923	thumb	DoFieldEndTurnEffects
0x0806F924	0x0807035F	thumb	DoBattlerEndTurnEffects
0x08070360	0x0807062B	thumb	HandleWishPerishSongOnTurnEnd
0x0807062C	0x0807096B	thumb	HandleFaintedMonActions
0x0807096C	0x080709B3	thumb	TryClearRageStatuses
0x080709B4	0x08071373	thumb	AtkCanceller_UnableToUseMove
0x08071374	0x080714C7	thumb	HasNoMonsToSwitch
0x080714C8	0x0807164B	thumb	CastformDataTypeChange
0x0807164C	0x08072C1F	thumb	AbilityBattleEffects
0x08072C20	0x08072C5B	thumb	BattleScriptExecute
0x08072C5C	0x08072C9F	thumb	BattleScriptPushCursorAndCallback
0x08072CA0	0x08073E6B	thumb	ItemBattleEffects
0x08073E6C	0x08073EAF	thumb	ClearFuryCutterDestinyBondGrudge
0x08073EB0	0x08073EDB	thumb	HandleAction_RunBattleScript
0x08073EDC	0x080740F7	thumb	GetMoveTarget
0x080740F8	0x080740FB	thumb	IsBattlerModernFatefulEncounter
0x080740FC	0x0807437F	thumb	IsMonDisobedient
0x08074384	0x08074477	thumb	AllocateBattleResources
0x08074478	0x0807455B	thumb	FreeBattleResources
0x0807455C	0x080745F3	thumb	AdjustFriendshipOnBattleFaint
0x080745F4	0x080745FF	thumb	GetBerryCrushGame
0x08074600	0x0807465B	thumb	QuitBerryCrush
0x0807465C	0x0807473F	thumb	StartBerryCrush
0x08074740	0x080747C3	thumb	GetBerryFromBag
0x080747C4	0x080747E7	thumb	ChooseBerry
0x080747E8	0x080747F7	thumb	BerryCrush_SetVBlankCallback
0x080747F8	0x08074803	thumb	BerryCrush_InitVBlankCB
0x08074804	0x080748CF	thumb	SaveResults
0x080748D0	0x080748E1	thumb	VBlankCB
0x080748E4	0x080748F9	thumb	MainCB
0x080748FC	0x0807496F	thumb	MainTask
0x08074970	0x08074A07	thumb	SetNamesAndTextSpeed
0x08074A08	0x08074A73	thumb	RunOrScheduleCommand
0x08074A74	0x08074ACB	thumb	Cmd_BeginNormalPaletteFade
0x08074ACC	0x08074B27	thumb	Cmd_WaitPaletteFade
0x08074B28	0x08074C0B	thumb	Cmd_PrintMessage
0x08074C0C	0x08074C2D	thumb	Cmd_ShowGameDisplay
0x08074C30	0x08074C51	thumb	Cmd_HideGameDisplay
0x08074C54	0x08074C99	thumb	Cmd_SignalReadyToBegin
0x08074C9C	0x08074CEB	thumb	Cmd_AskPickBerry
0x08074CEC	0x08074D03	thumb	Cmd_GoToBerryPouch
0x08074D04	0x08074E37	thumb	Cmd_WaitForOthersToPickBerries
0x08074E38	0x08074F47	thumb	Cmd_DropBerriesIntoCrusher
0x08074F48	0x0807504B	thumb	Cmd_DropLid
0x0807504C	0x080750D1	thumb	Cmd_Countdown
0x080750D4	0x0807525B	thumb	HandlePartnerInput
0x0807525C	0x0807538F	thumb	BerryCrush_BuildLocalState
0x08075390	0x080754FF	thumb	HandlePlayerInput
0x08075500	0x08075583	thumb	RecvLinkData
0x08075584	0x08075627	thumb	Cmd_PlayGame_Leader
0x08075628	0x080756BB	thumb	Cmd_PlayGame_Member
0x080756BC	0x080757FF	thumb	Cmd_FinishGame
0x08075800	0x080758DB	thumb	Cmd_HandleTimeUp
0x080758DC	0x08075BA7	thumb	Cmd_TabulateResults
0x08075BA8	0x08075C87	thumb	Cmd_ShowResults
0x08075C88	0x08075D7F	thumb	Cmd_SaveGame
0x08075D80	0x08075E0D	thumb	Cmd_AskPlayAgain
0x08075E10	0x08075EDB	thumb	Cmd_CommunicatePlayAgainResponses
0x08075EDC	0x08075F63	thumb	Cmd_PlayAgain
0x08075F64	0x08075FF7	thumb	Cmd_StopGame
0x08075FF8	0x0807604B	thumb	Cmd_CloseLink
0x0807604C	0x08076059	thumb	Cmd_Quit
0x0807605C	0x080760B3	thumb	ResetGame
0x080760B4	0x080760E5	thumb	SetPaletteFadeArgs
0x080760E8	0x08076101	thumb	SetPrintMessageArgs
0x08076104	0x080763AB	thumb	ShowGameDisplay
0x080763AC	0x080764D7	thumb	HideGameDisplay
0x080764D8	0x08076533	thumb	UpdateGame
0x08076534	0x0807654F	thumb	ResetCrusherPos
0x08076550	0x0807668B	thumb	CreateBerrySprites
0x0807668C	0x08076723	thumb	SpriteCB_DropBerryIntoCrusher
0x08076724	0x08076757	thumb	BerryCrushFreeBerrySpriteGfx
0x08076758	0x08076903	thumb	UpdateInputEffects
0x08076904	0x0807695B	thumb	AreEffectsFinished
0x0807695C	0x080769CB	thumb	FramesToMinSec
0x080769CC	0x08076A17	thumb	PrintTextCentered
0x08076A18	0x08076CEB	thumb	PrintResultsText
0x08076CEC	0x08076FD7	thumb	printCrushingResults
0x08076FD8	0x080771EB	thumb	OpenResultsWindow
0x080771EC	0x0807720D	thumb	CloseResultsWindow
0x08077210	0x0807744F	thumb	Task_ShowBerryCrushRankings
0x08077450	0x0807748F	thumb	ShowBerryCrushRankings
0x08077490	0x080774BF	thumb	PrintTimer
0x080774C0	0x080774F3	thumb	HideTimer
0x080774F4	0x08077577	thumb	CreatePlayerNameWindows
0x08077578	0x08077633	thumb	DrawPlayerNameWindows
0x08077634	0x080776A7	thumb	CopyPlayerNameWindowGfxToBg
0x080776A8	0x0807791F	thumb	CreateGameSprites
0x08077920	0x080779C5	thumb	DestroyGameSprites
0x080779C8	0x080779E5	thumb	SpriteCB_Impact
0x080779E8	0x08077A1B	thumb	SpriteCB_Sparkle_End
0x08077A1C	0x08077AA3	thumb	SpriteCB_Sparkle
0x08077AA4	0x08077B3F	thumb	SpriteCB_Sparkle_Init
0x08077B44	0x08077BAF	thumb	SetScene
0x08077BB0	0x08077C4F	thumb	CB2_InitBerryFixProgram
0x08077C50	0x08077C59	thumb	CB2_BerryFix
0x08077C5C	0x08077DB7	thumb	Task_BerryFixMain
0x08077DB8	0x08077E3B	thumb	InitBerryPouch
0x08077E3C	0x08077E55	thumb	CB2_BerryPouchIdle
0x08077E58	0x08077E69	thumb	VBlankCB_BerryPouchIdle
0x08077E6C	0x08077E8B	thumb	CB2_InitBerryPouch
0x08077E8C	0x0807802F	thumb	RunBerryPouchInit
0x08078030	0x0807806F	thumb	AbortBerryPouchLoading
0x08078070	0x0807809F	thumb	Task_AbortBerryPouchLoading_WaitFade
0x080780A0	0x08078107	thumb	BerryPouchInitBgs
0x08078108	0x080781DB	thumb	BerryPouchLoadGfx
0x080781DC	0x0807821B	thumb	AllocateListMenuBuffers
0x0807821C	0x080782FF	thumb	SetUpListMenuTemplate
0x08078300	0x08078377	thumb	GetBerryNameAndIndexForMenu
0x08078378	0x0807839B	thumb	CopySelectedListMenuItemName
0x0807839C	0x0807842F	thumb	BerryPouchMoveCursorFunc
0x08078430	0x080784B3	thumb	BerryPouchItemPrintFunc
0x080784B4	0x080784D1	thumb	BerryPouchSetArrowCursorFromListMenu
0x080784D4	0x08078543	thumb	BerryPouchSetArrowCursorAt
0x08078544	0x0807859B	thumb	PrintSelectedBerryDescription
0x0807859C	0x080785C3	thumb	SetDescriptionWindowBorderPalette
0x080785C4	0x08078607	thumb	CreateScrollIndicatorArrows_BerryPouchList
0x08078608	0x0807863B	thumb	CreateScrollIndicatorArrows_TossQuantity
0x0807863C	0x0807866F	thumb	CreateScrollIndicatorArrows_SellQuantity
0x08078670	0x0807868F	thumb	DestroyScrollIndicatorArrows
0x08078690	0x080786CF	thumb	PrintBerryPouchHeaderCentered
0x080786D0	0x080786DB	thumb	BerryPouch_CursorResetToTop
0x080786DC	0x0807872F	thumb	SanitizeListMenuSelectionParams
0x08078730	0x08078797	thumb	UpdateListMenuScrollOffset
0x08078798	0x080787D3	thumb	BerryPouch_DestroyResources
0x080787D4	0x0807880B	thumb	BerryPouch_StartFadeToExitCallback
0x0807880C	0x08078877	thumb	Task_BerryPouchFadeToExitCallback
0x08078878	0x080788DB	thumb	SortAndCountBerries
0x080788DC	0x080788E7	thumb	BerryPouch_SetExitCallback
0x080788E8	0x080789AB	thumb	InitTossQuantitySelectUI
0x080789AC	0x08078A17	thumb	PrintxQuantityOnWindow
0x08078A18	0x08078BB3	thumb	Task_BerryPouchMain
0x08078BB4	0x08078BF7	thumb	Task_CleanUpAndReturnToMain
0x08078BF8	0x08078D57	thumb	CreateNormalContextMenu
0x08078D58	0x08078D7F	thumb	Task_NormalContextMenu
0x08078D80	0x08078DD3	thumb	Task_NormalContextMenu_HandleInput
0x08078DD4	0x08078E9B	thumb	Task_BerryPouch_Use
0x08078E9C	0x08078F6F	thumb	Task_BerryPouch_Toss
0x08078F70	0x08078FF7	thumb	Task_AskTossMultiple
0x08078FF8	0x08079087	thumb	Task_TossNo
0x08079088	0x0807921B	thumb	Task_Toss_SelectMultiple
0x0807921C	0x080792D3	thumb	Task_TossYes
0x080792D4	0x080793A7	thumb	Task_WaitButtonThenTossBerries
0x080793A8	0x08079443	thumb	Task_BerryPouch_Give
0x08079444	0x0807945F	thumb	Task_Give_PrintThereIsNoPokemon
0x08079460	0x08079487	thumb	Task_WaitButtonBeforeDialogueWindowDestruction
0x08079488	0x08079513	thumb	Task_BerryPouch_DestroyDialogueWindowAndRefreshListMenu
0x08079514	0x080795B7	thumb	Task_BerryPouch_Exit
0x080795B8	0x0807962F	thumb	Task_ContextMenu_FromPartyGiveMenu
0x08079630	0x0807965B	thumb	Task_ContextMenu_FromPokemonPC
0x0807965C	0x0807972B	thumb	Task_ContextMenu_Sell
0x0807972C	0x0807978F	thumb	Task_AskSellMultiple
0x08079790	0x080797BF	thumb	Task_SellMultiple_CreateYesNoMenu
0x080797C0	0x08079857	thumb	Task_SellNo
0x08079858	0x08079957	thumb	Task_Sell_PrintSelectMultipleUI
0x08079958	0x08079977	thumb	SellMultiple_UpdateSellPriceDisplay
0x08079978	0x08079B17	thumb	Task_Sell_SelectMultiple
0x08079B18	0x08079B97	thumb	Task_SellYes
0x08079B98	0x08079C73	thumb	Task_SellBerries_PlaySfxAndRemoveBerries
0x08079C74	0x08079CC3	thumb	Task_SellBerries_WaitButton
0x08079CC4	0x08079D47	thumb	BerryPouchInitWindows
0x08079D48	0x08079DB3	thumb	BerryPouchPrint
0x08079DB4	0x08079E0F	thumb	GetOrCreateVariableWindow
0x08079E10	0x08079E2B	thumb	VariableWindowSetAltFrameTileAndPalette
0x08079E2C	0x08079E5B	thumb	DestroyVariableWindow
0x08079E5C	0x08079E9B	thumb	TryDestroyVariableWindow
0x08079E9C	0x08079EAB	thumb	GetVariableWindowId
0x08079EAC	0x08079F13	thumb	DisplayItemMessageInBerryPouch
0x08079F14	0x08079F43	thumb	CreateYesNoMenuWin3
0x08079F44	0x08079F73	thumb	CreateYesNoMenuWin4
0x08079F74	0x08079FA3	thumb	PrintMoneyInWin2
0x08079FA4	0x08079FC3	thumb	CreateBerryPouchSprite
0x08079FC4	0x08079FFF	thumb	StartBerryPouchSpriteWobbleAnim
0x0807A000	0x0807A023	thumb	SpriteCB_BerryPouchWaitWobbleAnim
0x0807A028	0x0807A03B	thumb	DecryptBerryPowder
0x0807A03C	0x0807A04F	thumb	SetBerryPowder
0x0807A050	0x0807A06F	thumb	ApplyNewEncryptionKeyToBerryPowder
0x0807A070	0x0807A093	thumb	HasEnoughBerryPowder
0x0807A094	0x0807A0BB	thumb	Script_HasEnoughBerryPowder
0x0807A0BC	0x0807A0EF	thumb	GiveBerryPowder
0x0807A0F0	0x0807A11F	thumb	TakeBerryPowder
0x0807A120	0x0807A157	thumb	Script_TakeBerryPowder
0x0807A158	0x0807A173	thumb	GetBerryPowder
0x0807A174	0x0807A1BF	thumb	PrintBerryPowderAmount
0x0807A1C0	0x0807A223	thumb	DrawPlayerPowderAmount
0x0807A224	0x0807A277	thumb	PrintPlayerBerryPowderAmount
0x0807A278	0x0807A303	thumb	DisplayBerryPowderVendorMenu
0x0807A304	0x0807A327	thumb	RemoveBerryPowderVendorMenu
0x0807A328	0x0807A39B	thumb	InitEnigmaBerry
0x0807A39C	0x0807A3CF	thumb	ClearEnigmaBerries
0x0807A3D0	0x0807A45F	thumb	SetEnigmaBerry
0x0807A460	0x0807A473	thumb	GetEnigmaBerryChecksum
0x0807A474	0x0807A4C3	thumb	IsEnigmaBerryValid
0x0807A4C4	0x0807A53B	thumb	GetBerryInfo
0x0807A53C	0x0807A55B	thumb	ItemIdToBerryType
0x0807A55C	0x0807A57B	thumb	BerryTypeToItemId
0x0807A57C	0x0807A603	thumb	GetBerryNameByBerryType
0x0807A604	0x0807A62F	thumb	ResetBgs
0x0807A630	0x0807A647	thumb	SetBgModeInternal
0x0807A648	0x0807A657	thumb	GetBgMode
0x0807A658	0x0807A66B	thumb	ResetBgControlStructs
0x0807A66C	0x0807A683	thumb	Unused_ResetBgControlStruct
0x0807A684	0x0807A79F	thumb	SetBgControlAttributes
0x0807A7A0	0x0807A80B	thumb	GetBgControlAttribute
0x0807A80C	0x0807A87B	thumb	LoadBgVram
0x0807A87C	0x0807A88D	thumb	ShowBgInternal
0x0807A890	0x0807A8B3	thumb	HideBgInternal
0x0807A8B4	0x0807A8DB	thumb	SyncBgVisibilityAndMode
0x0807A8DC	0x0807A8F7	thumb	SetTextModeAndHideBgs
0x0807A8F8	0x0807A9C7	thumb	SetBgAffineInternal
0x0807A9C8	0x0807A9D5	thumb	IsInvalidBg
0x0807A9D8	0x0807AB2B	thumb	BgTileAllocOp
0x0807AB2C	0x0807AB83	thumb	ResetBgsAndClearDma3BusyFlags
0x0807AB84	0x0807AC7B	thumb	InitBgsFromTemplates
0x0807AC7C	0x0807ACF7	thumb	InitBgFromTemplate
0x0807ACF8	0x0807AD9F	thumb	LoadBgTiles
0x0807ADA0	0x0807AE1B	thumb	LoadBgTilemap
0x0807AE1C	0x0807AE9B	thumb	Unused_LoadBgPalette
0x0807AE9C	0x0807AEFB	thumb	IsDma3ManagerBusyWithBgCopy
0x0807AEFC	0x0807AF33	thumb	ShowBg
0x0807AF34	0x0807AF7B	thumb	HideBg
0x0807AF7C	0x0807B087	thumb	SetBgAttribute
0x0807B088	0x0807B1A7	thumb	GetBgAttribute
0x0807B1A8	0x0807B26B	thumb	ChangeBgX
0x0807B26C	0x0807B287	thumb	GetBgX
0x0807B288	0x0807B34B	thumb	ChangeBgY
0x0807B34C	0x0807B367	thumb	GetBgY
0x0807B368	0x0807B39F	thumb	SetBgAffine
0x0807B3A0	0x0807B443	thumb	AdjustBgMosaic
0x0807B444	0x0807B45B	thumb	SetBgTilemapBuffer
0x0807B45C	0x0807B473	thumb	UnsetBgTilemapBuffer
0x0807B474	0x0807B48F	thumb	GetBgTilemapBuffer
0x0807B490	0x0807B4DB	thumb	CopyToBgTilemapBuffer
0x0807B4DC	0x0807B553	thumb	CopyBgTilemapBufferToVram
0x0807B554	0x0807B69B	thumb	CopyToBgTilemapBufferRect
0x0807B69C	0x0807B6E3	thumb	CopyToBgTilemapBufferRect_ChangePalette
0x0807B6E4	0x0807B77D	thumb	CopyRectToBgTilemapBufferRect
0x0807B780	0x0807B89F	thumb	FillBgTilemapBufferRect_Palette0
0x0807B8A0	0x0807B8DB	thumb	FillBgTilemapBufferRect
0x0807B8DC	0x0807BAF3	thumb	WriteSequenceToBgTilemapBuffer
0x0807BAF4	0x0807BB4F	thumb	GetBgMetricTextMode
0x0807BB50	0x0807BB93	thumb	GetBgMetricAffineMode
0x0807BB94	0x0807BBBB	thumb	GetTileMapIndexFromCoords
0x0807BBBC	0x0807BC0D	thumb	CopyTileMapEntry
0x0807BC10	0x0807BC6F	thumb	GetBgType
0x0807BC70	0x0807BC7D	thumb	IsInvalidBg32
0x0807BC80	0x0807BC9F	thumb	IsTileMapOutsideWram
0x0807BCA0	0x0807BD0F	thumb	ShowBgInternal.part.0
0x0807BD10	0x0807BF2B	thumb	CopyRectToBgTilemapBufferRect.part.0
0x0807BF2C	0x0807BF6F	thumb	MovePlayerOnBike
0x0807BF70	0x0807BF97	thumb	GetBikeTransitionId
0x0807BF98	0x0807C033	thumb	BikeInputHandler_Normal
0x0807C034	0x0807C04B	thumb	BikeInputHandler_Turning
0x0807C04C	0x0807C0B7	thumb	BikeInputHandler_Slope
0x0807C0B8	0x0807C0C5	thumb	BikeTransition_FaceDirection
0x0807C0C8	0x0807C103	thumb	BikeTransition_TurnDirection
0x0807C104	0x0807C1AB	thumb	BikeTransition_MoveDirection
0x0807C1AC	0x0807C1CF	thumb	BikeTransition_Downhill
0x0807C1D0	0x0807C1ED	thumb	BikeTransition_Uphill
0x0807C1F0	0x0807C283	thumb	GetBikeCollision
0x0807C284	0x0807C2CD	thumb	GetBikeCollisionAt
0x0807C2D0	0x0807C317	thumb	RS_IsRunningDisallowed
0x0807C318	0x0807C353	thumb	IsRunningDisallowed
0x0807C354	0x0807C38B	thumb	MetatileBehaviorForbidsBiking
0x0807C38C	0x0807C3D5	thumb	CanBikeFaceDirectionOnRail
0x0807C3D8	0x0807C417	thumb	IsBikingDisallowedByPlayer
0x0807C418	0x0807C44B	thumb	IsPlayerNotUsingAcroBikeOnBumpySlope
0x0807C44C	0x0807C49F	thumb	GetOnOffBike
0x0807C4A0	0x0807C4C3	thumb	BikeClearState
0x0807C4C4	0x0807C4D7	thumb	Bike_UpdateBikeCounterSpeed
0x0807C4D8	0x0807C4E3	thumb	Bike_SetBikeStill
0x0807C4E4	0x0807C51F	thumb	GetPlayerSpeed
0x0807C520	0x0807C56B	thumb	Bike_HandleBumpySlopeJump
0x0807C570	0x0807C61F	thumb	BlendPalette
0x0807C620	0x0807C6B5	thumb	BlendPalettesAt
0x0807C6B8	0x0807C6FF	thumb	BlitBitmapRect4BitWithoutColorKey
0x0807C700	0x0807C8F1	thumb	BlitBitmapRect4Bit
0x0807C8F4	0x0807C9D1	thumb	FillBitmapRect4Bit
0x0807C9D4	0x0807CC51	thumb	BlitBitmapRect4BitTo8Bit
0x0807CC54	0x0807CCF1	thumb	FillBitmapRect8Bit
0x0807CCF4	0x0807D027	thumb	FontFunc_Braille
0x0807D028	0x0807D083	thumb	DecompressGlyph_Braille
0x0807D084	0x0807D087	thumb	GetGlyphWidth_Braille
0x0807D088	0x0807D117	thumb	BuyMenuInitWindows
0x0807D118	0x0807D13F	thumb	BuyMenuDrawMoneyBox
0x0807D140	0x0807D1AB	thumb	BuyMenuPrint
0x0807D1AC	0x0807D1E3	thumb	BuyMenuDisplayMessage
0x0807D1E4	0x0807D1F9	thumb	BuyMenuQuantityBoxNormalBorder
0x0807D1FC	0x0807D211	thumb	BuyMenuQuantityBoxThinBorder
0x0807D214	0x0807D243	thumb	BuyMenuConfirmPurchase
0x0807D244	0x0807D2CB	thumb	CableCarUtil_FillWrapped
0x0807D2CC	0x0807D37B	thumb	CableCarUtil_CopyWrapped
0x0807D37C	0x0807D3A3	thumb	Task_LoadCableCar
0x0807D3A4	0x0807D3CF	thumb	CableCar
0x0807D3D0	0x0807D837	thumb	CB2_LoadCableCar
0x0807D838	0x0807D851	thumb	CB2_CableCar
0x0807D854	0x0807D9B3	thumb	CB2_EndCableCar
0x0807D9B4	0x0807DAF7	thumb	Task_CableCar
0x0807DAF8	0x0807DBF3	thumb	Task_AnimateBgGoingUp
0x0807DBF4	0x0807DD67	thumb	Task_AnimateBgGoingDown
0x0807DD68	0x0807DDCB	thumb	VBlankCB_CableCar
0x0807DDCC	0x0807DDCD	thumb	SpriteCB_Cable
0x0807DDD0	0x0807DE7F	thumb	SpriteCB_CableCar
0x0807DE80	0x0807DF6B	thumb	SpriteCB_Player
0x0807DF6C	0x0807DFE7	thumb	SpriteCB_HikerGoingUp
0x0807DFE8	0x0807E057	thumb	SpriteCB_HikerGoingDown
0x0807E058	0x0807E1EB	thumb	SetBgRegs
0x0807E1EC	0x0807E493	thumb	CreateCableCarSprites
0x0807E494	0x0807E56F	thumb	BufferNextGroundSegment
0x0807E570	0x0807E5B7	thumb	AnimateGroundGoingUp
0x0807E5B8	0x0807E5FF	thumb	AnimateGroundGoingDown
0x0807E600	0x0807E737	thumb	DrawNextGroundSegmentGoingUp
0x0807E738	0x0807E84F	thumb	DrawNextGroundSegmentGoingDown
0x0807E850	0x0807E88F	thumb	InitGroundTilemapData
0x0807E890	0x0807E8CB	thumb	CreateLinkupTask
0x0807E8CC	0x0807E923	thumb	PrintNumPlayersInLink
0x0807E924	0x0807E93F	thumb	ClearLinkPlayerCountWindow
0x0807E940	0x0807E993	thumb	UpdateLinkPlayerCountDisplay
0x0807E994	0x0807E9E3	thumb	ExchangeDataAndGetLinkupStatus
0x0807E9E4	0x0807EA13	thumb	CheckLinkErrored
0x0807EA14	0x0807EA57	thumb	CheckLinkCanceledBeforeConnection
0x0807EA58	0x0807EA9F	thumb	CheckLinkCanceled
0x0807EAA0	0x0807EACF	thumb	CheckSioErrored
0x0807EAD0	0x0807EB07	thumb	Task_DelayedBlockRequest
0x0807EB08	0x0807EB5B	thumb	Task_LinkupStart
0x0807EB5C	0x0807EC13	thumb	Task_LinkupAwaitConnection
0x0807EC14	0x0807EC8F	thumb	Task_LinkupConfirmWhenReady
0x0807EC90	0x0807ED9B	thumb	Task_LinkupAwaitConfirmation
0x0807ED9C	0x0807EE53	thumb	Task_LinkupTryConfirmation
0x0807EE54	0x0807EED3	thumb	Task_LinkupConfirm
0x0807EED4	0x0807EFC3	thumb	Task_LinkupExchangeDataWithLeader
0x0807EFC4	0x0807EFF7	thumb	AnyConnectedPartnersPlayingRS
0x0807EFF8	0x0807F0C3	thumb	Task_LinkupCheckStatusAfterConfirm
0x0807F0C4	0x0807F1D3	thumb	Task_LinkupAwaitTrainerCardData
0x0807F1D4	0x0807F21F	thumb	Task_StopLinkup
0x0807F220	0x0807F263	thumb	Task_LinkupFailed
0x0807F264	0x0807F2A7	thumb	Task_LinkupConnectionError
0x0807F2A8	0x0807F2DF	thumb	TryLinkTimeout
0x0807F2E0	0x0807F35F	thumb	TryBattleLinkup
0x0807F360	0x0807F3AF	thumb	TryTradeLinkup
0x0807F3B0	0x0807F407	thumb	TryRecordMixLinkup
0x0807F408	0x0807F457	thumb	TryContestLinkup
0x0807F458	0x0807F4D3	thumb	CreateTask_ReestablishCableClubLink
0x0807F4D4	0x0807F523	thumb	Task_ReestablishLink
0x0807F524	0x0807F55F	thumb	Task_ReestablishLinkAwaitConnection
0x0807F560	0x0807F593	thumb	Task_ReestablishLinkLeader
0x0807F594	0x0807F5C3	thumb	Task_ReestablishLinkAwaitConfirmation
0x0807F5C4	0x0807F5CD	thumb	CableClub_AskSaveTheGame
0x0807F5D0	0x0807F6F3	thumb	Task_StartWiredCableClubBattle
0x0807F6F4	0x0807F87B	thumb	Task_StartWirelessCableClubBattle
0x0807F87C	0x0807F8B7	thumb	CB2_ReturnFromUnionRoomBattle
0x0807F8B8	0x0807F987	thumb	CB2_ReturnFromCableClubBattle
0x0807F988	0x0807F9B3	thumb	CleanupLinkRoomState
0x0807F9B4	0x0807F9BD	thumb	ExitLinkRoom
0x0807F9C0	0x0807FA57	thumb	Task_EnterCableClubSeat
0x0807FA58	0x0807FA7B	thumb	CreateTask_EnterCableClubSeat
0x0807FA7C	0x0807FB0F	thumb	Task_StartWiredTrade
0x0807FB10	0x0807FB97	thumb	Task_StartWirelessTrade
0x0807FB98	0x0807FBDF	thumb	EnterTradeSeat
0x0807FBE0	0x0807FBF3	thumb	CreateTask_StartWiredTrade
0x0807FBF4	0x0807FC0B	thumb	StartWiredCableClubTrade
0x0807FC0C	0x0807FC63	thumb	EnterColosseumPlayerSpot
0x0807FC64	0x0807FC7B	thumb	CreateTask_EnterCableClubSeatNoFollowup
0x0807FC7C	0x0807FC93	thumb	Script_ShowLinkTrainerCard
0x0807FC94	0x0807FCE7	thumb	GetSeeingLinkPlayerCardMsg
0x0807FCE8	0x0807FD43	thumb	Task_WaitForLinkPlayerConnection
0x0807FD44	0x0807FD67	thumb	Task_WaitExitToScript
0x0807FD68	0x0807FD8B	thumb	ExitLinkToScript
0x0807FD8C	0x0807FDA3	thumb	GetTrainerHillUnkVal
0x0807FDA4	0x0807FDDB	thumb	ValidateTrainerTowerTrainer
0x0807FDDC	0x0807FE57	thumb	ValidateTrainerTowerData
0x0807FE58	0x0807FF03	thumb	CEReaderTool_SaveTrainerTower_r
0x0807FF04	0x0807FF29	thumb	CEReaderTool_SaveTrainerTower
0x0807FF2C	0x0807FF73	thumb	CEReaderTool_LoadTrainerTower_r
0x0807FF74	0x0807FF99	thumb	CEReaderTool_LoadTrainerTower
0x0807FF9C	0x0807FF9F	thumb	ReadTrainerTowerAndValidate
0x0807FFA0	0x0807FFB5	thumb	CB2_RunClearSaveDataScreen
0x0807FFB8	0x0807FFC9	thumb	VBlankCB_WaitYesNo
0x0807FFCC	0x08080007	thumb	CB2_SaveClearScreen_Init
0x08080008	0x0808010B	thumb	Task_DrawClearSaveDataScreen
0x0808010C	0x0808018F	thumb	Task_HandleYesNoMenu
0x08080190	0x080801F7	thumb	Task_CleanUpAndSoftReset
0x080801F8	0x08080209	thumb	CB2_Sub_SaveClearScreen_Init
0x0808020C	0x0808032B	thumb	SaveClearScreen_GpuInit
0x0808032C	0x0808034B	thumb	GetCoins
0x0808034C	0x0808036B	thumb	SetCoins
0x0808036C	0x080803C3	thumb	AddCoins
0x080803C4	0x080803FB	thumb	RemoveCoins
0x080803FC	0x08080457	thumb	PrintCoinsString_Parameterized
0x08080458	0x080804CB	thumb	ShowCoinsWindow_Parameterized
0x080804CC	0x08080527	thumb	PrintCoinsString
0x08080528	0x080805BF	thumb	ShowCoinsWindow
0x080805C0	0x080805E3	thumb	HideCoinsWindow
0x080805E4	0x080805E5	thumb	WeatherCoordEvent_SunnyClouds
0x080805E8	0x080805E9	thumb	WeatherCoordEvent_Sunny
0x080805EC	0x080805ED	thumb	WeatherCoordEvent_Rain
0x080805F0	0x080805F1	thumb	WeatherCoordEvent_Snow
0x080805F4	0x080805F5	thumb	WeatherCoordEvent_RainThunderstorm
0x080805F8	0x080805F9	thumb	WeatherCoordEvent_FogHorizontal
0x080805FC	0x080805FD	thumb	WeatherCoordEvent_VolcanicAsh
0x08080600	0x08080601	thumb	WeatherCoordEvent_Sandstorm
0x08080604	0x08080605	thumb	WeatherCoordEvent_FogDiagonal
0x08080608	0x08080609	thumb	WeatherCoordEvent_Underwater
0x0808060C	0x0808060D	thumb	WeatherCoordEvent_Shade
0x08080610	0x08080611	thumb	WeatherCoordEvent_Route119Cycle
0x08080614	0x08080615	thumb	WeatherCoordEvent_Route123Cycle
0x08080618	0x08080647	thumb	DoCoordEventWeather
0x0808064C	0x0808067F	thumb	DoCredits
0x08080680	0x080806F7	thumb	CB2_Credits
0x080806F8	0x08080727	thumb	SwitchWin1OffWin0On
0x08080728	0x08080747	thumb	InitBgDarkenEffect
0x08080748	0x08080787	thumb	CreateCreditsWindow
0x08080788	0x080807AF	thumb	DestroyCreditsWindow
0x080807B0	0x0808087B	thumb	DoOverworldMapScrollScene
0x0808087C	0x08080D6B	thumb	RollCredits
0x08080D6C	0x08080D7D	thumb	VBlankCB
0x08080D80	0x08080ED3	thumb	LoadCreditsMonPic
0x08080ED4	0x08080EEB	thumb	GetCreditsMonSpecies
0x08080EEC	0x080811F3	thumb	DoCreditsMonScene
0x080811F4	0x08081357	thumb	DoCopyrightOrTheEndGfxScene
0x08081358	0x08081417	thumb	Task_MovePlayerAndGroundSprites
0x08081418	0x08081477	thumb	DestroyPlayerOrRivalSprite
0x08081478	0x08081497	thumb	LoadPlayerOrRivalSprite
0x08081498	0x08081737	thumb	LoadPlayerOrRivalSprite.part.0
0x08081738	0x08081755	thumb	DayCare_GetMonNickname
0x08081758	0x08081775	thumb	DayCare_GetBoxMonNickname
0x08081778	0x0808179F	thumb	CountPokemonInDaycare
0x080817A0	0x080817F9	thumb	InitDaycareMailRecordMixing
0x080817FC	0x08081827	thumb	Daycare_FindEmptySpot
0x08081828	0x080818DB	thumb	StorePokemonInDaycare
0x080818DC	0x08081911	thumb	StorePokemonInEmptyDaycareSlot
0x08081914	0x0808196B	thumb	StoreSelectedPokemonInDaycare
0x0808196C	0x080819DD	thumb	ShiftDaycareSlots
0x080819E0	0x08081A2F	thumb	ApplyDaycareExperience
0x08081A30	0x08081B33	thumb	TakeSelectedPokemonFromDaycare
0x08081B34	0x08081B55	thumb	TakeSelectedPokemonMonFromDaycareShiftSlots
0x08081B58	0x08081B8F	thumb	TakePokemonFromDaycare
0x08081B90	0x08081BC5	thumb	GetLevelAfterDaycareSteps
0x08081BC8	0x08081BE7	thumb	GetNumLevelsGainedFromSteps
0x08081BE8	0x08081C33	thumb	GetNumLevelsGainedForDaycareMon
0x08081C34	0x08081C87	thumb	GetDaycareCostForSelectedMon
0x08081C88	0x08081C9F	thumb	GetDaycareCostForMon
0x08081CA0	0x08081CD3	thumb	GetDaycareCost
0x08081CD4	0x08081D07	thumb	Debug_AddDaycareSteps
0x08081D08	0x08081D53	thumb	GetNumLevelsGainedFromDaycare
0x08081D54	0x08081D79	thumb	ClearDaycareMonMail
0x08081D7C	0x08081DAF	thumb	ClearDaycareMon
0x08081DB0	0x08081E1D	thumb	ClearAllDaycareData
0x08081E20	0x08081E63	thumb	GetEggSpecies
0x08081E64	0x08081EFF	thumb	GetParentToInheritNature
0x08081F00	0x08081F9B	thumb	_TriggerPendingDaycareEgg
0x08081F9C	0x08081FD3	thumb	_TriggerPendingDaycareMaleEgg
0x08081FD4	0x08081FEF	thumb	TriggerPendingDaycareEgg
0x08081FF0	0x08082033	thumb	TriggerPendingDaycareMaleEgg
0x08082034	0x08082069	thumb	RemoveIVIndexFromList
0x0808206C	0x080821EB	thumb	InheritIVs
0x080821EC	0x08082253	thumb	GetEggMoves
0x08082254	0x0808247B	thumb	BuildEggMoveset
0x0808247C	0x08082489	thumb	RemoveEggFromDayCare
0x0808248C	0x080824AF	thumb	RejectEggFromDayCare
0x080824B0	0x08082517	thumb	AlterEggSpeciesWithIncenseItem
0x08082518	0x08082653	thumb	DetermineEggSpeciesAndParentSlots
0x08082654	0x080826CF	thumb	_GiveEggFromDaycare
0x080826D0	0x080827BB	thumb	RivalStarterEggIVs
0x080827BC	0x080828DF	thumb	GiveRivalStarterEgg
0x080828E0	0x08082A17	thumb	GiveSelphyCorsolaEgg
0x08082A18	0x08082AC7	thumb	CreateEgg
0x08082AC8	0x08082B4B	thumb	SetInitialEggData
0x08082B4C	0x08082B67	thumb	GiveEggFromDaycare
0x08082B68	0x08082C73	thumb	TryProduceOrHatchEgg
0x08082C74	0x08082CB3	thumb	ShouldEggHatch
0x08082CB4	0x08082CBF	thumb	IsEggPending
0x08082CC0	0x08082D37	thumb	_GetDaycareMonNicknames
0x08082D38	0x08082D7B	thumb	GetSelectedMonNicknameAndSpecies
0x08082D7C	0x08082D97	thumb	GetDaycareMonNicknames
0x08082D98	0x08082DEF	thumb	GetDaycareState
0x08082DF0	0x08082E2B	thumb	GetDaycarePokemonCount
0x08082E2C	0x08082E55	thumb	EggGroupsOverlap
0x08082E58	0x08082F73	thumb	GetDaycareCompatibilityScore
0x08082F74	0x08082F8F	thumb	GetDaycareCompatibilityScoreFromSave
0x08082F90	0x08082FDF	thumb	SetDaycareCompatibilityString
0x08082FE0	0x0808304D	thumb	NameHasGenderSymbol
0x08083050	0x0808309F	thumb	AppendGenderSymbol
0x080830A0	0x080830B7	thumb	AppendMonGenderSymbol
0x080830B8	0x0808313F	thumb	GetDaycareLevelMenuText
0x08083140	0x080831A7	thumb	GetDaycareLevelMenuLevelText
0x080831A8	0x080831F3	thumb	DaycareAddTextPrinter
0x080831F4	0x08083273	thumb	DaycarePrintMonNickname
0x08083274	0x08083317	thumb	DaycarePrintMonLvl
0x08083318	0x080833CF	thumb	DaycarePrintMonInfo
0x080833D0	0x0808346F	thumb	Task_HandleDaycareLevelMenuInput
0x08083470	0x080834DB	thumb	ShowDaycareLevelMenu
0x080834DC	0x080834F3	thumb	ChooseSendDaycareMon
0x080834F4	0x0808351F	thumb	PutMonInRoute5Daycare
0x08083520	0x08083543	thumb	GetCostToWithdrawRoute5DaycareMon
0x08083544	0x08083567	thumb	IsThereMonInRoute5Daycare
0x08083568	0x080835CB	thumb	GetNumLevelsGainedForRoute5DaycareMon
0x080835CC	0x080835E7	thumb	TakePokemonFromRoute5Daycare
0x080835E8	0x08083749	thumb	CreatedHatchedMon
0x0808374C	0x0808397F	thumb	AddHatchedMonToParty
0x08083980	0x08083993	thumb	ScriptHatchMon
0x08083994	0x08083A17	thumb	BufferDayCareMonReceivedMail
0x08083A18	0x08083A3B	thumb	DaycareMonReceivedMail
0x08083A3C	0x08083B13	thumb	EggHatchCreateMonSprite
0x08083B14	0x08083B25	thumb	VBlankCB_EggHatch
0x08083B28	0x08083B57	thumb	EggHatch
0x08083B58	0x08083B93	thumb	Task_EggHatch
0x08083B94	0x08083D9B	thumb	CB2_EggHatch_0
0x08083D9C	0x08083DDF	thumb	EggHatchSetMonNickname
0x08083DE0	0x08083E4F	thumb	Task_EggHatchPlayBGM
0x08083E50	0x080841DF	thumb	CB2_EggHatch_1
0x080841E0	0x08084233	thumb	SpriteCB_Egg_0
0x08084234	0x08084293	thumb	SpriteCB_Egg_1
0x08084294	0x08084347	thumb	SpriteCB_Egg_2
0x08084348	0x08084363	thumb	SpriteCB_Egg_3
0x08084364	0x080843DB	thumb	SpriteCB_Egg_4
0x080843DC	0x0808446F	thumb	SpriteCB_Egg_5
0x08084470	0x080844C7	thumb	SpriteCB_EggShard
0x080844C8	0x0808451F	thumb	CreateRandomEggShardSprite
0x08084520	0x0808457B	thumb	CreateEggShardSprite
0x0808457C	0x080845E3	thumb	EggHatchPrintMessage
0x080845E4	0x0808462B	thumb	GetEggCyclesToSubtract
0x0808462C	0x08084683	thumb	CheckDaycareMonsHaveMail
0x08084684	0x08084697	thumb	IsPartyAndBoxesFull
0x08084698	0x080846A1	thumb	LZDecompressWram
0x080846A4	0x080846AD	thumb	LZDecompressVram
0x080846B0	0x080846D7	thumb	LoadCompressedSpriteSheet
0x080846D8	0x080846F9	thumb	LoadCompressedSpriteSheetOverrideBuffer
0x080846FC	0x08084723	thumb	LoadCompressedSpritePalette
0x08084724	0x08084745	thumb	LoadCompressedSpritePaletteOverrideBuffer
0x08084748	0x08084793	thumb	DecompressPicFromTable
0x08084794	0x080847B7	thumb	HandleLoadSpecialPokePic
0x080847B8	0x080848DB	thumb	LoadSpecialPokePic
0x080848DC	0x08084907	thumb	DuplicateDeoxysTiles
0x08084908	0x08084913	thumb	Unused_LZDecompressWramIndirect
0x08084914	0x08084C19	thumb	StitchObjectsOn8x8Canvas
0x08084C1C	0x08084C57	thumb	LoadCompressedSpriteSheetUsingHeap
0x08084C58	0x08084C93	thumb	LoadCompressedSpritePaletteUsingHeap
0x08084C94	0x08084CA7	thumb	GetDecompressedDataSize
0x08084CA8	0x08084CCB	thumb	DecompressPicFromTable_DontHandleDeoxys
0x08084CCC	0x08084CEF	thumb	HandleLoadSpecialPokePic_DontHandleDeoxys
0x08084CF0	0x08084D8F	thumb	LoadSpecialPokePic_DontHandleDeoxys
0x08084D90	0x08084DEB	thumb	DigitObjUtil_Init
0x08084DEC	0x08084E2F	thumb	DigitObjUtil_Free
0x08084E30	0x08084F77	thumb	DigitObjUtil_CreatePrinter
0x08084F78	0x080850A7	thumb	CopyWorkToOam
0x080850A8	0x0808519F	thumb	DigitObjUtil_PrintNumOn
0x080851A0	0x0808523F	thumb	DrawNumObjsLeadingZeros
0x08085240	0x080853BF	thumb	DrawNumObjsMinusInFront
0x080853C0	0x080854D3	thumb	DrawNumObjsMinusInBack
0x080854D4	0x0808558B	thumb	DigitObjUtil_DeletePrinter
0x0808558C	0x0808560F	thumb	DigitObjUtil_HideOrShow
0x08085610	0x08085673	thumb	GetFirstOamId
0x08085674	0x080856B7	thumb	SharesTileWithAnyActive
0x080856B8	0x080856FB	thumb	SharesPalWithAnyActive
0x080856FC	0x0808570B	thumb	GetTilesPerImage
0x0808570C	0x0808571D	thumb	VBlankCB_Diploma
0x08085720	0x08085767	thumb	CB2_ShowDiploma
0x08085768	0x0808577D	thumb	CB2_Diploma
0x08085780	0x08085877	thumb	Task_DiplomaInit
0x08085878	0x080858FB	thumb	Task_HandleDiplomaInput
0x080858FC	0x08085937	thumb	Task_DiplomaExit
0x08085938	0x08085951	thumb	DiplomaReset
0x08085954	0x08085AA7	thumb	DiplomaInitScreen
0x08085AA8	0x08085B0B	thumb	DiplomaLoadGfx
0x08085B0C	0x08085BDF	thumb	DiplomaPrintText
0x08085BE0	0x08085C13	thumb	ClearDma3Requests
0x08085C14	0x08085F23	thumb	ProcessDma3Requests
0x08085F24	0x08085FBB	thumb	RequestDma3Copy
0x08085FBC	0x0808604B	thumb	RequestDma3Fill
0x0808604C	0x0808608B	thumb	WaitDma3Request
0x0808608C	0x080860A3	thumb	SendPacket_ReadyToStart
0x080860A4	0x080860D3	thumb	RecvPacket_ReadyToStart
0x080860D4	0x080862D5	thumb	SendPacket_GameState
0x080862D8	0x0808643F	thumb	RecvPacket_GameState
0x08086440	0x08086457	thumb	SendPacket_PickState
0x08086458	0x0808648B	thumb	RecvPacket_PickState
0x0808648C	0x080864A3	thumb	SendPacket_ReadyToEnd
0x080864A4	0x080864D3	thumb	RecvPacket_ReadyToEnd
0x080864D4	0x080865F7	thumb	StartDodrioBerryPicking
0x080865F8	0x08086609	thumb	ResetTasksAndSprites
0x0808660C	0x0808670D	thumb	InitDodrioGame
0x08086710	0x0808690F	thumb	Task_StartDodrioGame
0x08086910	0x08086947	thumb	Task_DodrioGame_Leader
0x08086948	0x0808697F	thumb	Task_DodrioGame_Member
0x08086980	0x08086A23	thumb	DoGameIntro
0x08086A24	0x08086AA7	thumb	InitCountdown
0x08086AA8	0x08086B1F	thumb	DoCountdown
0x08086B20	0x08086B47	thumb	WaitGameStart
0x08086B48	0x08086C3F	thumb	PlayGame_Leader
0x08086C40	0x08086CEF	thumb	PlayGame_Member
0x08086CF0	0x08086D8B	thumb	WaitEndGame_Leader
0x08086D8C	0x08086DB3	thumb	WaitEndGame_Member
0x08086DB4	0x08086E8B	thumb	InitResults_Leader
0x08086E8C	0x08086F9B	thumb	InitResults_Member
0x08086F9C	0x080871A7	thumb	DoResults
0x080871A8	0x0808740F	thumb	AskPlayAgain
0x08087410	0x080874BB	thumb	EndLink
0x080874BC	0x0808764B	thumb	ExitGame
0x0808764C	0x08087827	thumb	ResetGame
0x08087828	0x080878AF	thumb	Task_NewGameIntro
0x080878B0	0x080879DF	thumb	Task_CommunicateMonInfo
0x080879E0	0x08087B67	thumb	RecvLinkData_Gameplay
0x08087B68	0x08087C4F	thumb	RecvLinkData_ReadyToEnd
0x08087C50	0x08087C9B	thumb	RecvLinkData_Leader
0x08087C9C	0x08087D0B	thumb	SendLinkData_Leader
0x08087D0C	0x08087D83	thumb	RecvLinkData_Member
0x08087D84	0x08087DDF	thumb	SendLinkData_Member
0x08087DE0	0x08087ECF	thumb	HandleSound_Leader
0x08087ED0	0x08088057	thumb	HandleSound_Member
0x08088058	0x0808806D	thumb	CB2_DodrioGame
0x08088070	0x08088081	thumb	VBlankCB_DodrioGame
0x08088084	0x08088095	thumb	InitMonInfo
0x08088098	0x080880A5	thumb	CreateTask_
0x080880A8	0x080880CB	thumb	CreateDodrioGameTask
0x080880CC	0x080880E3	thumb	SetGameFunc
0x080880E4	0x08088133	thumb	SlideTreeBordersOut
0x08088134	0x08088197	thumb	InitFirstWaveOfBerries
0x08088198	0x08088589	thumb	HandlePickBerries
0x0808858C	0x08088637	thumb	TryPickBerry
0x08088638	0x08088887	thumb	UpdateFallingBerries
0x08088888	0x08088A1F	thumb	UpdateBerrySprites
0x08088A20	0x08088A83	thumb	UpdateAllDodrioAnims
0x08088A84	0x08088AC7	thumb	SetAllDodrioDisabled
0x08088AC8	0x08088B6F	thumb	UpdateGame_Leader
0x08088B70	0x08088B79	thumb	UpdateGame_Member
0x08088B7C	0x08088BC3	thumb	GetActiveBerryColumns
0x08088BC4	0x08088C27	thumb	AllPlayersReadyToStart
0x08088C28	0x08088C43	thumb	ResetReadyToStart
0x08088C44	0x08088C6F	thumb	ReadyToEndGame_Leader
0x08088C70	0x08088CF7	thumb	ReadyToEndGame_Member
0x08088CF8	0x08088D53	thumb	TryIncrementDifficulty
0x08088D54	0x08088D7B	thumb	GetPlayerIdAtColumn
0x08088D7C	0x08088E4B	thumb	GetNewBerryId
0x08088E4C	0x08088EB7	thumb	GetNewBerryIdByDifficulty
0x08088EB8	0x08088FE7	thumb	IncrementBerryResult
0x08088FE8	0x0808903F	thumb	UpdateBerriesPickedInRow
0x08089040	0x08089067	thumb	SetMaxBerriesPickedInRow
0x08089068	0x0808913F	thumb	ResetForPlayAgainPrompt
0x08089140	0x08089197	thumb	SetRandomPrize
0x08089198	0x080891CB	thumb	GetBerriesPicked
0x080891CC	0x0808924B	thumb	TryUpdateRecords
0x0808924C	0x0808927F	thumb	UpdatePickStateQueue
0x08089280	0x08089313	thumb	HandleWaitPlayAgainInput
0x08089314	0x08089337	thumb	ResetPickState
0x08089338	0x08089357	thumb	GetPrizeItemId
0x08089358	0x08089367	thumb	GetNumPlayers
0x08089368	0x080893A3	thumb	GetPlayerName
0x080893A4	0x080893CB	thumb	GetBerryResult
0x080893CC	0x08089413	thumb	GetScore
0x08089414	0x0808947F	thumb	GetHighestScore
0x08089480	0x080894C7	thumb	GetHighestBerryResult
0x080894C8	0x08089537	thumb	GetScoreByRanking
0x08089538	0x0808963F	thumb	SetScoreResults
0x08089640	0x08089663	thumb	GetScoreResults
0x08089664	0x080896D7	thumb	GetScoreRanking
0x080896D8	0x0808979B	thumb	TryGivePrize
0x0808979C	0x080897A7	thumb	IncrementWithLimit
0x080897A8	0x080897AF	thumb	Min
0x080897B0	0x080897C3	thumb	GetPlayerIdByPos
0x080897C4	0x08089807	thumb	IsDodrioInParty
0x08089808	0x0808981F	thumb	ShowDodrioBerryPickingRecords
0x08089820	0x080898B7	thumb	Task_ShowDodrioBerryPickingRecords
0x080898B8	0x080899D7	thumb	PrintRecordsText
0x080899D8	0x080899EF	thumb	Debug_UpdateNumPlayers
0x080899F0	0x08089A6F	thumb	Debug_SetPlayerNamesAndResults
0x08089A70	0x08089AD3	thumb	LoadDodrioGfx
0x08089AD4	0x08089B63	thumb	CreateDodrioSprite
0x08089B64	0x08089B81	thumb	SpriteCB_Dodrio
0x08089B84	0x08089BB3	thumb	StartDodrioMissedAnim
0x08089BB4	0x08089BE3	thumb	StartDodrioIntroAnim
0x08089BE4	0x08089C57	thumb	DoDodrioMissedAnim
0x08089C58	0x08089CD7	thumb	DoDodrioIntroAnim
0x08089CD8	0x08089D23	thumb	FreeDodrioSprites
0x08089D24	0x08089D53	thumb	SetDodrioInvisibility
0x08089D54	0x08089D9F	thumb	SetAllDodrioInvisibility
0x08089DA0	0x08089DCB	thumb	SetDodrioAnim
0x08089DCC	0x08089DCD	thumb	SpriteCB_Status
0x08089DD0	0x08089E1B	thumb	InitStatusBarPos
0x08089E1C	0x08089EC7	thumb	CreateStatusBarSprites
0x08089EC8	0x08089F07	thumb	FreeStatusBar
0x08089F08	0x08089FC3	thumb	DoStatusBarIntro
0x08089FC4	0x0808A0F3	thumb	UpdateStatusBarAnim
0x0808A0F4	0x0808A133	thumb	SetStatusBarInvisibility
0x0808A134	0x0808A183	thumb	LoadBerryGfx
0x0808A184	0x0808A29F	thumb	CreateBerrySprites
0x0808A2A0	0x0808A2FF	thumb	FreeBerrySprites
0x0808A300	0x0808A32F	thumb	SetBerryInvisibility
0x0808A330	0x0808A36B	thumb	SetBerryIconsInvisibility
0x0808A36C	0x0808A38F	thumb	SetBerryYPos
0x0808A390	0x0808A3BB	thumb	SetBerryAnim
0x0808A3BC	0x0808A3DF	thumb	UnusedSetSpritePos
0x0808A3E0	0x0808A423	thumb	SpriteCB_Cloud
0x0808A424	0x0808A4BB	thumb	CreateCloudSprites
0x0808A4BC	0x0808A503	thumb	ResetCloudPos
0x0808A504	0x0808A52F	thumb	StartCloudMovement
0x0808A530	0x0808A577	thumb	FreeCloudSprites
0x0808A578	0x0808A5BF	thumb	SetCloudInvisibility
0x0808A5C0	0x0808A657	thumb	GetDodrioXPos
0x0808A658	0x0808A6BF	thumb	ResetBerryAndStatusBarSprites
0x0808A6C0	0x0808A6EF	thumb	LoadWindowFrameGfx
0x0808A6F0	0x0808A6FF	thumb	DBP_LoadStdWindowGfx
0x0808A700	0x0808A733	thumb	ResetGfxState
0x0808A734	0x0808A831	thumb	DrawYesNoMessageWindow
0x0808A834	0x0808A931	thumb	DrawMessageWindow
0x0808A934	0x0808A9A3	thumb	InitGameGfx
0x0808A9A4	0x0808A9AD	thumb	FreeAllWindowBuffers_
0x0808A9B0	0x0808A9F7	thumb	SetGfxFuncById
0x0808A9F8	0x0808AA1B	thumb	Task_TryRunGfxFunc
0x0808AA1C	0x0808AADF	thumb	LoadGfx
0x0808AAE0	0x0808AD4B	thumb	ShowNames
0x0808AD4C	0x0808AF7F	thumb	PrintRankedScores
0x0808AF80	0x0808B60F	thumb	ShowResults
0x0808B610	0x0808B8D7	thumb	Msg_WantToPlayAgain
0x0808B8D8	0x0808B99B	thumb	Msg_SavingDontTurnOff
0x0808B99C	0x0808BA5B	thumb	Msg_CommunicationStandby
0x0808BA5C	0x0808BAA7	thumb	EraseMessage
0x0808BAA8	0x0808BBCB	thumb	Msg_SomeoneDroppedOut
0x0808BBCC	0x0808BBF3	thumb	StopGfxFuncs
0x0808BBF4	0x0808BBF5	thumb	GfxIdle
0x0808BBF8	0x0808BC17	thumb	SetGfxFunc
0x0808BC18	0x0808BC2B	thumb	GetGfxFunc
0x0808BC2C	0x0808BC43	thumb	IsGfxFuncActive
0x0808BC44	0x0808BC57	thumb	GetPlayAgainState
0x0808BC58	0x0808BD8F	thumb	InitBgs
0x0808BD90	0x0808BE27	thumb	LoadBgGfx
0x0808BE2C	0x0808BE43	thumb	DynamicPlaceholderTextUtil_Reset
0x0808BE44	0x0808BE57	thumb	DynamicPlaceholderTextUtil_SetPlaceholderPtr
0x0808BE58	0x0808BE9B	thumb	DynamicPlaceholderTextUtil_ExpandPlaceholders
0x0808BE9C	0x0808BEAB	thumb	DynamicPlaceholderTextUtil_GetPlaceholderPtr
0x0808BEAC	0x0808BECF	thumb	GetColorFromTextColorTable
0x0808BED0	0x0808BF1F	thumb	DoEasyChatScreen
0x0808BF20	0x0808BF35	thumb	CB2_EasyChatScreen
0x0808BF38	0x0808BF49	thumb	VBlankCallback_EasyChatScreen
0x0808BF4C	0x0808BF67	thumb	SetEasyChatTaskFunc
0x0808BF68	0x0808BFAB	thumb	Task_InitEasyChat
0x0808BFAC	0x0808C0EB	thumb	Task_RunEasyChat
0x0808C0EC	0x0808C197	thumb	Task_InitEasyChatInternal
0x0808C198	0x0808C1C3	thumb	DismantleEasyChat
0x0808C1C4	0x0808C297	thumb	ShowEasyChatScreen
0x0808C298	0x0808C2CF	thumb	CompareProfileResponseWithPassphrase
0x0808C2D0	0x0808C307	thumb	CompareQuestionnaireResponseWithPassphrase
0x0808C308	0x0808C3B3	thumb	EasyChat_AllocateResources
0x0808C3B4	0x0808C3CB	thumb	EasyChat_FreeResources
0x0808C3CC	0x0808C43B	thumb	EasyChatScreen_HandleJoypad
0x0808C43C	0x0808C587	thumb	HandleJoypad_SelectField
0x0808C588	0x0808C713	thumb	HandleJoypad_SelectFooter
0x0808C714	0x0808C95B	thumb	HandleJoypad_SelectGroup
0x0808C95C	0x0808CA77	thumb	HandleJoypad_SelectWord
0x0808CA78	0x0808CAAB	thumb	Cancel_HandleYesNoMenu
0x0808CAAC	0x0808CB23	thumb	Confirm_HandleYesNoMenu
0x0808CB24	0x0808CB6B	thumb	DelAll_HandleYesNoMenu
0x0808CB6C	0x0808CB7F	thumb	Cancel_CreateYesNoMenu
0x0808CB80	0x0808CB93	thumb	DelAll_CreateYesNoMenu
0x0808CB94	0x0808CBD7	thumb	Confirm_CreateYesNoMenu
0x0808CBD8	0x0808CBE3	thumb	GetStateBackup
0x0808CBE4	0x0808CC6F	thumb	OpenSelectedGroup
0x0808CC70	0x0808CC7F	thumb	BackOutFromGroupToFieldSelect
0x0808CC80	0x0808CC9B	thumb	ToggleGroupAlphaMode
0x0808CC9C	0x0808CCC3	thumb	DeleteSelectedWord
0x0808CCC4	0x0808CD0B	thumb	PlaceSelectedWord
0x0808CD0C	0x0808CD37	thumb	CommitECWords
0x0808CD38	0x0808CD57	thumb	DeleteAllECFields
0x0808CD58	0x0808CD77	thumb	SetEasyChatWordToField
0x0808CD78	0x0808CDAF	thumb	HasECMessageChanged
0x0808CDB0	0x0808CDE7	thumb	SelectGroupCursorAction
0x0808CDE8	0x0808CE93	thumb	UpdateSelectGroupCursorPos_OutsideBlueBox_GroupMode
0x0808CE94	0x0808CF37	thumb	UpdateSelectGroupCursorPos_OutsideBlueBox_AlphaMode
0x0808CF38	0x0808CFBB	thumb	UpdateSelectGroupCursorPos_InsideBlueBox
0x0808CFBC	0x0808CFD7	thumb	GroupCursorMoveToBlueBox
0x0808CFD8	0x0808D003	thumb	GroupCursorWrapAroundLeft
0x0808D004	0x0808D11F	thumb	SelectWordCursorAction
0x0808D120	0x0808D13B	thumb	GetSelectedFieldIndex
0x0808D13C	0x0808D15B	thumb	GetSelectedGroupIndex
0x0808D15C	0x0808D1A7	thumb	GetSelectedLetter
0x0808D1A8	0x0808D1C7	thumb	GetSelectWordCursorPos
0x0808D1C8	0x0808D1D5	thumb	GetMaxGroupCursorXinAlphaMode
0x0808D1D8	0x0808D233	thumb	MoveGroupCursorXToMaxCol
0x0808D234	0x0808D273	thumb	MoveWordCursorXToMaxCol
0x0808D274	0x0808D2C3	thumb	GroupSelectCursorXPosTooFarRight
0x0808D2C4	0x0808D2F3	thumb	WordSelectCursorXPosTooFarRight
0x0808D2F4	0x0808D30F	thumb	GetEasyChatScreenFrameId
0x0808D310	0x0808D32B	thumb	GetTitleText
0x0808D32C	0x0808D337	thumb	GetEasyChatWordBuffer
0x0808D338	0x0808D343	thumb	GetNumRows
0x0808D344	0x0808D34F	thumb	GetNumColumns
0x0808D350	0x0808D35B	thumb	GetMainCursorColumn
0x0808D35C	0x0808D367	thumb	GetMainCursorRow
0x0808D368	0x0808D38F	thumb	GetEasyChatInstructionsText
0x0808D390	0x0808D3B7	thumb	GetEasyChatConfirmText
0x0808D3B8	0x0808D3DB	thumb	GetEasyChatConfirmCancelText
0x0808D3DC	0x0808D3EF	thumb	GetEasyChatConfirmDeletionText
0x0808D3F0	0x0808D403	thumb	GetECSelectGroupCursorCoords
0x0808D404	0x0808D40F	thumb	IsEasyChatAlphaMode
0x0808D410	0x0808D41B	thumb	GetECSelectGroupRowsAbove
0x0808D41C	0x0808D433	thumb	GetECSelectWordCursorCoords
0x0808D434	0x0808D43F	thumb	GetECSelectWordRowsAbove
0x0808D440	0x0808D44B	thumb	GetECSelectWordNumRows
0x0808D44C	0x0808D44F	thumb	UnusedDummy
0x0808D450	0x0808D47B	thumb	ShouldDrawECUpArrow
0x0808D47C	0x0808D4B7	thumb	ShouldDrawECDownArrow
0x0808D4B8	0x0808D4EF	thumb	IsPhraseDifferentThanPlayerInput
0x0808D4F0	0x0808D513	thumb	GetEasyChatScreenTemplateId
0x0808D514	0x0808D54B	thumb	IsEcWordBufferUninitialized
0x0808D54C	0x0808D59B	thumb	InitEasyChatGraphicsWork
0x0808D59C	0x0808D72B	thumb	LoadEasyChatGraphics
0x0808D72C	0x0808D743	thumb	DestroyEasyChatGraphicsResources
0x0808D744	0x0808D75B	thumb	EasyChatInterfaceCommand_Setup
0x0808D75C	0x0808D853	thumb	EasyChatInterfaceCommand_Run
0x0808D854	0x0808D883	thumb	ECInterfaceCmd_01
0x0808D884	0x0808D973	thumb	ECInterfaceCmd_02
0x0808D974	0x0808D9A7	thumb	ECInterfaceCmd_03
0x0808D9A8	0x0808DA03	thumb	ECInterfaceCmd_05
0x0808DA04	0x0808DA5F	thumb	ECInterfaceCmd_06
0x0808DA60	0x0808DABB	thumb	ECInterfaceCmd_04
0x0808DABC	0x0808DAFB	thumb	ECInterfaceCmd_07
0x0808DAFC	0x0808DB3F	thumb	ECInterfaceCmd_08
0x0808DB40	0x0808DC57	thumb	ECInterfaceCmd_09
0x0808DC58	0x0808DD37	thumb	ECInterfaceCmd_10
0x0808DD38	0x0808DEA7	thumb	ECInterfaceCmd_22
0x0808DEA8	0x0808DECF	thumb	ECInterfaceCmd_14
0x0808DED0	0x0808DF8F	thumb	ECInterfaceCmd_15
0x0808DF90	0x0808E047	thumb	ECInterfaceCmd_16
0x0808E048	0x0808E20F	thumb	ECInterfaceCmd_11
0x0808E210	0x0808E30B	thumb	ECInterfaceCmd_12
0x0808E30C	0x0808E457	thumb	ECInterfaceCmd_13
0x0808E458	0x0808E463	thumb	ECInterfaceCmd_17
0x0808E464	0x0808E587	thumb	ECInterfaceCmd_19
0x0808E588	0x0808E6A7	thumb	ECInterfaceCmd_18
0x0808E6A8	0x0808E7A7	thumb	ECInterfaceCmd_21
0x0808E7A8	0x0808E8C7	thumb	ECInterfaceCmd_20
0x0808E8C8	0x0808E917	thumb	InitEasyChatGraphicsWork_Internal
0x0808E918	0x0808E977	thumb	SetGpuRegsForEasyChatInit
0x0808E978	0x0808E9DF	thumb	LoadEasyChatPals
0x0808E9E0	0x0808EA3F	thumb	PrintTitleText
0x0808EA40	0x0808EA79	thumb	EC_AddTextPrinterParameterized
0x0808EA7C	0x0808EAEB	thumb	EC_AddTextPrinterParameterized2
0x0808EAEC	0x0808EB33	thumb	PrintECInstructionsText
0x0808EB34	0x0808EBC3	thumb	PrintECInterfaceTextById
0x0808EBC4	0x0808EBEB	thumb	EC_CreateYesNoMenuWithInitialCursorPos
0x0808EBEC	0x0808EC3F	thumb	CreatePhraseFrameWindow
0x0808EC40	0x0808ED5B	thumb	PrintECFields
0x0808ED5C	0x0808EEDF	thumb	DrawECFrameInTilemapBuffer
0x0808EEE0	0x0808EEF1	thumb	PutWin2TilemapAndCopyToVram
0x0808EEF4	0x0808EF4B	thumb	PrintECMenuById
0x0808EF4C	0x0808EFB3	thumb	PrintECGroupOrAlphaMenu
0x0808EFB4	0x0808F033	thumb	PrintECGroupsMenu
0x0808F034	0x0808F063	thumb	PrintEasyChatKeyboardText
0x0808F064	0x0808F071	thumb	PrintECWordsMenu
0x0808F074	0x0808F095	thumb	UpdateWin2PrintWordsScrollDown
0x0808F098	0x0808F0B3	thumb	UpdateWin2PrintWordsScrollUp
0x0808F0B4	0x0808F0F5	thumb	UpdateWin2PrintWordsScrollPageDown
0x0808F0F8	0x0808F12F	thumb	UpdateWin2PrintWordsScrollPageUp
0x0808F130	0x0808F21B	thumb	PrintECRowsWin2
0x0808F21C	0x0808F27B	thumb	ClearECRowsWin2
0x0808F27C	0x0808F291	thumb	ClearWin2AndCopyToVram
0x0808F294	0x0808F2FF	thumb	StartWin2FrameAnim
0x0808F300	0x0808F337	thumb	AnimateFrameResize
0x0808F338	0x0808F45F	thumb	RedrawFrameByIndex
0x0808F460	0x0808F613	thumb	RedrawFrameByRect
0x0808F614	0x0808F637	thumb	InitBg2Scroll
0x0808F638	0x0808F693	thumb	ScheduleBg2VerticalScroll
0x0808F694	0x0808F6C7	thumb	AnimateBg2VerticalScroll
0x0808F6C8	0x0808F6D7	thumb	GetBg2ScrollRow
0x0808F6D8	0x0808F709	thumb	SetRegWin0Coords
0x0808F70C	0x0808F74B	thumb	LoadSpriteGfx
0x0808F74C	0x0808F797	thumb	CreateSelectDestFieldCursorSprite
0x0808F798	0x0808F7C7	thumb	SpriteCB_BounceCursor
0x0808F7C8	0x0808F7EB	thumb	SetSelectDestFieldCursorSpritePosAndResetAnim
0x0808F7EC	0x0808F803	thumb	FreezeSelectDestFieldCursorSprite
0x0808F804	0x0808F817	thumb	UnfreezeSelectDestFieldCursorSprite
0x0808F818	0x0808F883	thumb	CreateRedRectangularCursorSpritePair
0x0808F884	0x0808F8AF	thumb	DestroyRedRectangularCursor
0x0808F8B0	0x0808F8D7	thumb	EC_MoveCursor
0x0808F8D8	0x0808F953	thumb	MoveCursor_Group
0x0808F954	0x0808F9FF	thumb	MoveCursor_Alpha
0x0808FA00	0x0808FA4B	thumb	CreateSelectWordCursorSprite
0x0808FA4C	0x0808FA73	thumb	SpriteCB_SelectWordCursorSprite
0x0808FA74	0x0808FACB	thumb	SetSelectWordCursorSpritePos
0x0808FACC	0x0808FAFB	thumb	SetSelectWordCursorSpritePosExplicit
0x0808FAFC	0x0808FB1F	thumb	DestroySelectWordCursorSprite
0x0808FB20	0x0808FB7F	thumb	CreateSelectGroupHelpSprite
0x0808FB80	0x0808FBFB	thumb	AnimateSeletGroupModeAndHelpSpriteEnter
0x0808FBFC	0x0808FC1B	thumb	StartModeIconHidingAnimation
0x0808FC1C	0x0808FC87	thumb	RunModeIconHidingAnimation
0x0808FC88	0x0808FCA3	thumb	ShrinkModeIconsSprite
0x0808FCA4	0x0808FCD3	thumb	ShowModeIconsSprite
0x0808FCD4	0x0808FCF3	thumb	ModeIconsSpriteAnimIsEnded
0x0808FCF4	0x0808FD7B	thumb	CreateVerticalScrollArrowSprites
0x0808FD7C	0x0808FDC3	thumb	UpdateVerticalScrollArrowVisibility
0x0808FDC4	0x0808FDEF	thumb	HideVerticalScrollArrowSprites
0x0808FDF0	0x0808FE17	thumb	UpdateVerticalScrollArrowSpriteXPos
0x0808FE18	0x0808FE97	thumb	CreateStartSelectButtonsSprites
0x0808FE98	0x0808FEDF	thumb	UpdateStartSelectButtonSpriteVisibility
0x0808FEE0	0x0808FF0B	thumb	HideStartSelectButtonSprites
0x0808FF0C	0x0808FF5B	thumb	CreateFooterWindow
0x0808FF5C	0x0808FF93	thumb	EC_MoveCursor.part.0
0x0808FF94	0x0808FFCF	thumb	IsECGroupUnlocked
0x0808FFD0	0x08090013	thumb	EasyChat_GetNumWordsInGroup
0x08090014	0x08090077	thumb	IsECWordInvalid
0x08090078	0x080900C7	thumb	GetEasyChatWord
0x080900C8	0x08090153	thumb	CopyEasyChatWord
0x08090154	0x080901EB	thumb	ConvertEasyChatWordsToString
0x080901EC	0x0809026B	thumb	GetEasyChatWordStringLength
0x0809026C	0x08090397	thumb	EC_DoesEasyChatStringFitOnLine
0x08090398	0x080903DF	thumb	GetRandomWordFromGroup
0x080903E0	0x08090433	thumb	GetRandomWordFromAnyGroup
0x08090434	0x08090503	thumb	ShowEasyChatMessage
0x08090504	0x08090527	thumb	BufferRandomHobbyOrLifestyleString
0x08090528	0x0809054F	thumb	IsTrendySayingUnlocked
0x08090550	0x0809057F	thumb	EnableRareWord
0x08090580	0x080905BF	thumb	GetNumUnlockedTrendySayings
0x080905C0	0x08090667	thumb	UnlockRandomTrendySaying
0x08090668	0x08090707	thumb	GetRandomUnlockedTrendySaying
0x08090708	0x08090715	thumb	EC_IsNationalPokedexEnabled
0x08090718	0x0809076B	thumb	GetRandomECPokemon
0x0809076C	0x080907E7	thumb	InitEasyChatPhrases
0x080907E8	0x080907FD	thumb	InitQuestionnaireWords
0x08090800	0x0809082B	thumb	InitEasyChatSelection
0x0809082C	0x08090843	thumb	DestroyEasyChatSelectionData
0x08090844	0x080908DF	thumb	PopulateECGroups
0x080908E0	0x080908EB	thumb	GetNumDisplayableGroups
0x080908EC	0x0809090B	thumb	GetSelectedGroupByIndex
0x0809090C	0x08090943	thumb	BufferEasyChatWordGroupName
0x08090944	0x08090953	thumb	GetEasyChatWordGroupName
0x08090954	0x08090983	thumb	CopyEasyChatWordPadded
0x08090984	0x08090B47	thumb	PopulateAlphabeticalGroups
0x08090B48	0x08090BA3	thumb	GetUnlockedECWords
0x08090BA4	0x08090BD3	thumb	GetDisplayedWordByIndex
0x08090BD4	0x08090BE7	thumb	GetNumDisplayedWords
0x08090BE8	0x08090CC3	thumb	GetUnlockedWordsInECGroup
0x08090CC4	0x08090D0B	thumb	GetUnlockedWordsInAlphabeticalGroup
0x08090D0C	0x08090D3F	thumb	IsGroupSelectable
0x08090D40	0x08090D8F	thumb	UnlockedECMonOrMove
0x08090D90	0x08090D9D	thumb	EC_IsDeoxys
0x08090DA0	0x08090DDB	thumb	IsWordUnlocked
0x08090DDC	0x08090F17	thumb	EReader_Send
0x08090F18	0x0809104F	thumb	EReader_Recv
0x08091050	0x0809108B	thumb	CloseSerial
0x0809108C	0x080910FB	thumb	OpenSerialMulti
0x080910FC	0x08091137	thumb	OpenSerial32
0x08091138	0x08091303	thumb	EReaderHandleTransfer
0x08091304	0x0809132F	thumb	DetermineSendRecvState
0x08091330	0x0809139F	thumb	SetUpTransferManager
0x080913A0	0x080913D7	thumb	StartTm3
0x080913D8	0x08091403	thumb	EReaderHelper_Timer3Callback
0x08091404	0x080915B3	thumb	EReaderHelper_SerialCallback
0x080915B4	0x080915C3	thumb	EnableSio
0x080915C4	0x080915E3	thumb	DisableTm3
0x080915E4	0x08091613	thumb	GetKeyInput
0x08091614	0x08091667	thumb	EReaderHelper_SaveRegsState
0x08091668	0x080916BB	thumb	EReaderHelper_RestoreRegsState
0x080916BC	0x080916DB	thumb	EReaderHelper_ClearsSendRecvMgr
0x080916DC	0x0809174B	thumb	EReader_Load
0x0809174C	0x0809177B	thumb	EReader_Reset
0x0809177C	0x080917B7	thumb	EReader_Transfer
0x080917B8	0x080917E7	thumb	OpenEReaderLink
0x080917E8	0x08091847	thumb	ValidateEReaderConnection
0x08091848	0x08091865	thumb	IsEReaderConnectionSane
0x08091868	0x08091963	thumb	TryReceiveCard
0x08091964	0x0809199B	thumb	CreateEReaderTask
0x0809199C	0x080919A1	thumb	ResetTimer
0x080919A4	0x080919C3	thumb	UpdateTimer
0x080919C4	0x08091E23	thumb	Task_EReader
0x08091E24	0x08091E63	thumb	InitEventData
0x08091E64	0x08091F13	thumb	ClearTempFieldEventData
0x08091F14	0x08091F47	thumb	DisableNationalPokedex_RSE
0x08091F48	0x08091F83	thumb	EnableNationalPokedex_RSE
0x08091F84	0x08091FCB	thumb	IsNationalPokedexEnabled_RSE
0x08091FCC	0x08091FFF	thumb	DisableNationalPokedex
0x08092000	0x08092037	thumb	EnableNationalPokedex
0x08092038	0x08092053	thumb	IsNationalPokedexEnabled
0x08092054	0x0809206F	thumb	DisableMysteryGift
0x08092070	0x0809208B	thumb	EnableMysteryGift
0x0809208C	0x080920AB	thumb	IsMysteryGiftEnabled
0x080920AC	0x0809220B	thumb	ClearMysteryGiftFlags
0x0809220C	0x080922B3	thumb	ClearMysteryGiftVars
0x080922B4	0x080922E3	thumb	DisableResetRTC
0x080922E4	0x08092317	thumb	EnableResetRTC
0x08092318	0x08092353	thumb	CanResetRTC
0x08092354	0x0809238B	thumb	GetVarPointer
0x0809238C	0x080923CB	thumb	IsFlagOrVarStoredInQuestLog
0x080923CC	0x0809240B	thumb	VarGet
0x0809240C	0x0809244F	thumb	VarSet
0x08092450	0x08092477	thumb	VarGetObjectEventGraphicsId
0x08092478	0x080924A3	thumb	GetFlagAddr
0x080924A4	0x080924E3	thumb	FlagSet
0x080924E4	0x08092523	thumb	FlagClear
0x08092524	0x0809255F	thumb	FlagGet
0x08092560	0x0809260B	thumb	ResetSpecialVars
0x0809260C	0x0809270F	thumb	NuzlockeFlagSet
0x08092710	0x08092737	thumb	NuzlockeFlagClear
0x08092738	0x08092813	thumb	NuzlockeFlagGet
0x08092814	0x0809283B	thumb	CheckMasterTrainerFlag
0x0809283C	0x08092863	thumb	SetMasterTrainerFlag
0x08092864	0x0809288B	thumb	ClearMasterTrainerFlag
0x0809288C	0x0809291B	thumb	GetVarPointer.part.0
0x0809291C	0x0809299F	thumb	GetFlagAddr.part.0
0x080929A0	0x080929AF	thumb	walkrun_is_standing_still
0x080929B0	0x080929D3	thumb	Task_WaitPlayerStopMoving
0x080929D4	0x080929F3	thumb	IsFreezePlayerFinished
0x080929F4	0x08092A0B	thumb	FreezeObjects_WaitForPlayer
0x08092A0C	0x08092A93	thumb	Task_WaitPlayerAndTargetNPCStopMoving
0x08092A94	0x08092AB3	thumb	IsFreezeSelectedObjectAndPlayerFinished
0x08092AB4	0x08092B03	thumb	FreezeObjects_WaitForPlayerAndSelected
0x08092B04	0x08092B2F	thumb	ClearPlayerHeldMovementAndUnfreezeObjectEvents
0x08092B30	0x08092B77	thumb	UnionRoom_UnlockPlayerAndChatPartner
0x08092B78	0x08092B9F	thumb	Script_FacePlayer
0x08092BA0	0x08092BBF	thumb	Script_ClearHeldMovement
0x08092BC0	0x08092BDF	thumb	ClearObjectEvent
0x08092BE0	0x08092C1B	thumb	ClearAllObjectEvents
0x08092C1C	0x08092C31	thumb	ResetObjectEvents
0x08092C34	0x08092CC7	thumb	CreateReflectionEffectSprites
0x08092CC8	0x08092CEB	thumb	GetFirstInactiveObjectEventId
0x08092CEC	0x08092D5B	thumb	GetObjectEventIdByLocalIdAndMap
0x08092D5C	0x08092D7D	thumb	TryGetObjectEventIdByLocalIdAndMap
0x08092D80	0x08092DCB	thumb	GetObjectEventIdByXY
0x08092DCC	0x08092E1B	thumb	GetObjectEventIdByLocalIdAndMapInternal
0x08092E1C	0x08092E57	thumb	GetObjectEventIdByLocalId
0x08092E58	0x080930A3	thumb	InitObjectEventStateFromTemplate
0x080930A4	0x080930DF	thumb	ShouldInitObjectEventStateFromTemplate
0x080930E0	0x08093147	thumb	TemplateIsObstacleAndWithinView
0x08093148	0x080931E3	thumb	TemplateIsObstacleAndVisibleFromConnectingMap
0x080931E4	0x080931FD	thumb	SetHideObstacleFlag
0x08093200	0x08093283	thumb	Unref_TryInitLocalObjectEvent
0x08093284	0x08093347	thumb	GetAvailableObjectEventId
0x08093348	0x0809337F	thumb	RemoveObjectEvent
0x08093380	0x080933F7	thumb	RemoveObjectEventByLocalIdAndMap
0x080933F8	0x08093427	thumb	RemoveObjectEventInternal
0x08093428	0x0809349B	thumb	Unref_RemoveAllObjectEventsExceptPlayer
0x0809349C	0x080936EF	thumb	TrySetupObjectEventSprite
0x080936F0	0x080937CF	thumb	TrySpawnObjectEventTemplate
0x080937D0	0x0809380F	thumb	SpawnSpecialObjectEvent
0x08093810	0x0809387F	thumb	SpawnSpecialObjectEventParameterized
0x08093880	0x080938DF	thumb	TrySpawnObjectEvent
0x080938E0	0x0809392B	thumb	CopyObjectGraphicsInfoToSpriteTemplate
0x0809392C	0x0809397F	thumb	CopyObjectGraphicsInfoToSpriteTemplate_WithMovementType
0x08093980	0x0809399F	thumb	MakeObjectTemplateFromObjectEventTemplate
0x080939A0	0x08093A5B	thumb	CreateObjectGraphicsSprite
0x08093A5C	0x08093C4F	thumb	CreateVirtualObject
0x08093C50	0x08093D83	thumb	CreateFameCheckerObject
0x08093D84	0x08093E9F	thumb	TrySpawnObjectEvents
0x08093EA0	0x08093F1B	thumb	RemoveObjectEventsOutsideView
0x08093F1C	0x08093FFF	thumb	RemoveObjectEventIfOutsideView
0x08094000	0x08094043	thumb	SpawnObjectEventsOnReturnToField
0x08094044	0x08094313	thumb	SpawnObjectEventOnReturnToField
0x08094314	0x0809433F	thumb	ResetObjectEventFldEffData
0x08094340	0x08094373	thumb	SetPlayerAvatarObjectEventIdAndObjectId
0x08094374	0x08094513	thumb	ObjectEventSetGraphicsId
0x08094514	0x08094547	thumb	ObjectEventSetGraphicsIdByLocalIdAndMap
0x08094548	0x080945B3	thumb	ObjectEventTurn
0x080945B4	0x080945E7	thumb	ObjectEventTurnByLocalIdAndMap
0x080945E8	0x0809466B	thumb	PlayerObjectTurn
0x0809466C	0x080946FB	thumb	GetObjectEventGraphicsInfo
0x080946FC	0x08094725	thumb	SetObjectEventDynamicGraphicsId
0x08094728	0x08094767	thumb	SetObjectInvisibility
0x08094768	0x0809477B	thumb	ObjectEventGetLocalIdAndMap
0x0809477C	0x080947C7	thumb	EnableObjectGroundEffectsByXY
0x080947C8	0x0809480F	thumb	SetObjectSubpriority
0x08094810	0x08094847	thumb	ResetObjectSubpriority
0x08094848	0x0809488F	thumb	SetObjectPositionByLocalIdAndMap
0x08094890	0x080948A7	thumb	FreeAndReserveObjectSpritePalettes
0x080948A8	0x080948EB	thumb	LoadObjectEventPalette
0x080948EC	0x0809494B	thumb	LoadObjectEventPaletteSet
0x0809494C	0x08094969	thumb	TryLoadObjectPalette
0x0809496C	0x080949B3	thumb	PatchObjectPalette
0x080949B4	0x080949DD	thumb	PatchObjectPaletteRange
0x080949E0	0x08094A0F	thumb	FindObjectEventPaletteIndexByTag
0x08094A10	0x08094A73	thumb	LoadPlayerObjectReflectionPalette
0x08094A74	0x08094ADF	thumb	LoadSpecialObjectReflectionPalette
0x08094AE0	0x08094AEF	thumb	GetReflectionEffectPaletteSlot
0x08094AF0	0x08094B0B	thumb	IncrementObjectEventCoords
0x08094B0C	0x08094B15	thumb	ShiftObjectEventCoords
0x08094B18	0x08094B25	thumb	SetObjectEventCoords
0x08094B28	0x08094BE7	thumb	MoveObjectEventToMapCoords
0x08094BE8	0x08094C2B	thumb	TryMoveObjectEventToMapCoords
0x08094C2C	0x08094C31	thumb	ShiftStillObjectEventCoords
0x08094C34	0x08094C4B	thumb	UpdateObjectEventCoordsForCameraUpdate
0x08094C4C	0x08094CB3	thumb	GetObjectEventIdByPosition
0x08094CB4	0x08094CD1	thumb	ObjectEventDoesElevationMatch
0x08094CD4	0x08094CFF	thumb	UpdateObjectEventsForCameraUpdate
0x08094D00	0x08094D37	thumb	AddCameraObject
0x08094D38	0x08094D5F	thumb	ObjectCB_CameraObject
0x08094D60	0x08094D9B	thumb	CameraObject_0
0x08094D9C	0x08094DCF	thumb	CameraObject_1
0x08094DD0	0x08094DEB	thumb	CameraObject_2
0x08094DEC	0x08094E2B	thumb	FindCameraObject
0x08094E2C	0x08094E6F	thumb	CameraObjectReset1
0x08094E70	0x08094EB7	thumb	CameraObjectSetFollowedObjectId
0x08094EB8	0x08094EFF	thumb	CameraObjectGetFollowedObjectId
0x08094F00	0x08094F47	thumb	CameraObjectReset2
0x08094F48	0x08094FA3	thumb	CopySprite
0x08094FA4	0x08094FFF	thumb	CreateCopySpriteAt
0x08095000	0x0809502D	thumb	SetObjectEventDirection
0x08095030	0x08095047	thumb	GetObjectEventScriptPointerByLocalIdAndMap
0x08095048	0x0809506B	thumb	GetObjectEventScriptPointerByObjectEventId
0x0809506C	0x0809508B	thumb	GetObjectEventFlagIdByLocalIdAndMap
0x0809508C	0x080950B7	thumb	GetObjectEventFlagIdByObjectEventId
0x080950B8	0x080950E7	thumb	GetObjectTrainerTypeByLocalIdAndMap
0x080950E8	0x080950FF	thumb	GetBoulderRevealFlagByLocalIdAndMap
0x08095100	0x08095117	thumb	GetObjectTrainerTypeByObjectEventId
0x08095118	0x08095143	thumb	GetObjectEventBerryTreeIdByLocalIdAndMap
0x08095144	0x08095157	thumb	GetObjectEventBerryTreeId
0x08095158	0x080951BB	thumb	GetObjectEventTemplateByLocalIdAndMap
0x080951BC	0x080951E9	thumb	FindObjectEventTemplateByLocalId
0x080951EC	0x0809523F	thumb	GetBaseTemplateForObjectEvent
0x08095240	0x0809529B	thumb	OverrideTemplateCoordsForObjectEvent
0x0809529C	0x080952EF	thumb	OverrideMovementTypeForObjectEvent
0x080952F0	0x08095373	thumb	TryOverrideObjectEventTemplateCoords
0x08095374	0x080953E7	thumb	InitObjectEventPalettes
0x080953E8	0x08095453	thumb	GetObjectPaletteTag
0x08095454	0x08095477	thumb	MovementType_None
0x08095478	0x0809547B	thumb	MovementType_None_callback
0x0809547C	0x0809549F	thumb	MovementType_WanderAround
0x080954A0	0x080954BB	thumb	MovementType_WanderAround_callback
0x080954BC	0x080954DF	thumb	MovementType_WanderAroundSlower
0x080954E0	0x080954FB	thumb	MovementType_WanderAroundSlower_callback
0x080954FC	0x08095511	thumb	MovementType_WanderAround_Step0
0x08095514	0x08095567	thumb	MovementType_WanderAround_Step1
0x08095568	0x080955B7	thumb	MovementType_WanderAround_Step2
0x080955B8	0x080955CF	thumb	MovementType_WanderAround_Step3
0x080955D0	0x0809564F	thumb	MovementType_WanderAround_Step4
0x08095650	0x080956AB	thumb	MovementType_WanderAround_Step5
0x080956AC	0x08095707	thumb	MovementType_WanderAround_Step5Slower
0x08095708	0x0809574B	thumb	MovementType_WanderAround_Step6
0x0809574C	0x080957DF	thumb	ObjectEventIsTrainerAndCloseToPlayer
0x080957E0	0x08095801	thumb	GetVectorDirection
0x08095804	0x0809580D	thumb	GetLimitedVectorDirection_SouthNorth
0x08095810	0x0809581B	thumb	GetLimitedVectorDirection_WestEast
0x0809581C	0x08095837	thumb	GetLimitedVectorDirection_WestNorth
0x08095838	0x08095857	thumb	GetLimitedVectorDirection_EastNorth
0x08095858	0x08095887	thumb	GetLimitedVectorDirection_WestSouth
0x08095888	0x080958A9	thumb	GetLimitedVectorDirection_EastSouth
0x080958AC	0x080958D1	thumb	GetLimitedVectorDirection_SouthNorthWest
0x080958D4	0x080958FB	thumb	GetLimitedVectorDirection_SouthNorthEast
0x080958FC	0x0809591F	thumb	GetLimitedVectorDirection_NorthWestEast
0x08095920	0x08095943	thumb	GetLimitedVectorDirection_SouthWestEast
0x08095944	0x08095961	thumb	TryGetTrainerEncounterDirection
0x08095964	0x08095987	thumb	MovementType_LookAround
0x08095988	0x080959A3	thumb	MovementType_LookAround_callback
0x080959A4	0x080959B9	thumb	MovementType_LookAround_Step0
0x080959BC	0x08095A0F	thumb	MovementType_LookAround_Step1
0x08095A10	0x08095A67	thumb	MovementType_LookAround_Step2
0x08095A68	0x08095A8F	thumb	MovementType_LookAround_Step3
0x08095A90	0x08095AF7	thumb	MovementType_LookAround_Step4
0x08095AF8	0x08095B1B	thumb	MovementType_WanderUpAndDown
0x08095B1C	0x08095B37	thumb	MovementType_WanderUpAndDown_callback
0x08095B38	0x08095B4D	thumb	MovementType_WanderUpAndDown_Step0
0x08095B50	0x08095BA3	thumb	MovementType_WanderUpAndDown_Step1
0x08095BA4	0x08095BF3	thumb	MovementType_WanderUpAndDown_Step2
0x08095BF4	0x08095C0B	thumb	MovementType_WanderUpAndDown_Step3
0x08095C0C	0x08095C8B	thumb	MovementType_WanderUpAndDown_Step4
0x08095C8C	0x08095CE7	thumb	MovementType_WanderUpAndDown_Step5
0x08095CE8	0x08095D2B	thumb	MovementType_WanderUpAndDown_Step6
0x08095D2C	0x08095D4F	thumb	MovementType_WanderLeftAndRight
0x08095D50	0x08095D6B	thumb	MovementType_WanderLeftAndRight_callback
0x08095D6C	0x08095D81	thumb	MovementType_WanderLeftAndRight_Step0
0x08095D84	0x08095DD7	thumb	MovementType_WanderLeftAndRight_Step1
0x08095DD8	0x08095E27	thumb	MovementType_WanderLeftAndRight_Step2
0x08095E28	0x08095E3F	thumb	MovementType_WanderLeftAndRight_Step3
0x08095E40	0x08095EBF	thumb	MovementType_WanderLeftAndRight_Step4
0x08095EC0	0x08095F1B	thumb	MovementType_WanderLeftAndRight_Step5
0x08095F1C	0x08095F5F	thumb	MovementType_WanderLeftAndRight_Step6
0x08095F60	0x08095F83	thumb	MovementType_FaceDirection
0x08095F84	0x08095F9F	thumb	MovementType_FaceDirection_callback
0x08095FA0	0x08095FFF	thumb	MovementType_FaceDirection_Step0
0x08096000	0x08096037	thumb	MovementType_FaceDirection_Step1
0x08096038	0x08096043	thumb	MovementType_FaceDirection_Step2
0x08096044	0x08096067	thumb	MovementType_FaceDownAndUp
0x08096068	0x08096083	thumb	MovementType_FaceDownAndUp_callback
0x08096084	0x08096099	thumb	MovementType_FaceDownAndUp_Step0
0x0809609C	0x080960EF	thumb	MovementType_FaceDownAndUp_Step1
0x080960F0	0x08096147	thumb	MovementType_FaceDownAndUp_Step2
0x08096148	0x0809616F	thumb	MovementType_FaceDownAndUp_Step3
0x08096170	0x080961D7	thumb	MovementType_FaceDownAndUp_Step4
0x080961D8	0x080961FB	thumb	MovementType_FaceLeftAndRight
0x080961FC	0x08096217	thumb	MovementType_FaceLeftAndRight_callback
0x08096218	0x0809622D	thumb	MovementType_FaceLeftAndRight_Step0
0x08096230	0x08096283	thumb	MovementType_FaceLeftAndRight_Step1
0x08096284	0x080962DB	thumb	MovementType_FaceLeftAndRight_Step2
0x080962DC	0x08096303	thumb	MovementType_FaceLeftAndRight_Step3
0x08096304	0x0809636B	thumb	MovementType_FaceLeftAndRight_Step4
0x0809636C	0x0809638F	thumb	MovementType_FaceUpAndLeft
0x08096390	0x080963AB	thumb	MovementType_FaceUpAndLeft_callback
0x080963AC	0x080963C1	thumb	MovementType_FaceUpAndLeft_Step0
0x080963C4	0x08096417	thumb	MovementType_FaceUpAndLeft_Step1
0x08096418	0x0809646F	thumb	MovementType_FaceUpAndLeft_Step2
0x08096470	0x08096497	thumb	MovementType_FaceUpAndLeft_Step3
0x08096498	0x080964FF	thumb	MovementType_FaceUpAndLeft_Step4
0x08096500	0x08096523	thumb	MovementType_FaceUpAndRight
0x08096524	0x0809653F	thumb	MovementType_FaceUpAndRight_callback
0x08096540	0x08096555	thumb	MovementType_FaceUpAndRight_Step0
0x08096558	0x080965AB	thumb	MovementType_FaceUpAndRight_Step1
0x080965AC	0x08096603	thumb	MovementType_FaceUpAndRight_Step2
0x08096604	0x0809662B	thumb	MovementType_FaceUpAndRight_Step3
0x0809662C	0x08096693	thumb	MovementType_FaceUpAndRight_Step4
0x08096694	0x080966B7	thumb	MovementType_FaceDownAndLeft
0x080966B8	0x080966D3	thumb	MovementType_FaceDownAndLeft_callback
0x080966D4	0x080966E9	thumb	MovementType_FaceDownAndLeft_Step0
0x080966EC	0x0809673F	thumb	MovementType_FaceDownAndLeft_Step1
0x08096740	0x08096797	thumb	MovementType_FaceDownAndLeft_Step2
0x08096798	0x080967BF	thumb	MovementType_FaceDownAndLeft_Step3
0x080967C0	0x08096827	thumb	MovementType_FaceDownAndLeft_Step4
0x08096828	0x0809684B	thumb	MovementType_FaceDownAndRight
0x0809684C	0x08096867	thumb	MovementType_FaceDownAndRight_callback
0x08096868	0x0809687D	thumb	MovementType_FaceDownAndRight_Step0
0x08096880	0x080968D3	thumb	MovementType_FaceDownAndRight_Step1
0x080968D4	0x0809692B	thumb	MovementType_FaceDownAndRight_Step2
0x0809692C	0x08096953	thumb	MovementType_FaceDownAndRight_Step3
0x08096954	0x080969BB	thumb	MovementType_FaceDownAndRight_Step4
0x080969BC	0x080969DF	thumb	MovementType_FaceDownUpAndLeft
0x080969E0	0x080969FB	thumb	MovementType_FaceDownUpAndLeft_callback
0x080969FC	0x08096A11	thumb	MovementType_FaceDownUpAndLeft_Step0
0x08096A14	0x08096A67	thumb	MovementType_FaceDownUpAndLeft_Step1
0x08096A68	0x08096ABF	thumb	MovementType_FaceDownUpAndLeft_Step2
0x08096AC0	0x08096AE7	thumb	MovementType_FaceDownUpAndLeft_Step3
0x08096AE8	0x08096B4F	thumb	MovementType_FaceDownUpAndLeft_Step4
0x08096B50	0x08096B73	thumb	MovementType_FaceDownUpAndRight
0x08096B74	0x08096B8F	thumb	MovementType_FaceDownUpAndRight_callback
0x08096B90	0x08096BA5	thumb	MovementType_FaceDownUpAndRight_Step0
0x08096BA8	0x08096BFB	thumb	MovementType_FaceDownUpAndRight_Step1
0x08096BFC	0x08096C53	thumb	MovementType_FaceDownUpAndRight_Step2
0x08096C54	0x08096C7B	thumb	MovementType_FaceDownUpAndRight_Step3
0x08096C7C	0x08096CE3	thumb	MovementType_FaceDownUpAndRight_Step4
0x08096CE4	0x08096D07	thumb	MovementType_FaceUpRightAndLeft
0x08096D08	0x08096D23	thumb	MovementType_FaceUpRightAndLeft_callback
0x08096D24	0x08096D39	thumb	MovementType_FaceUpLeftAndRight_Step0
0x08096D3C	0x08096D8F	thumb	MovementType_FaceUpLeftAndRight_Step1
0x08096D90	0x08096DE7	thumb	MovementType_FaceUpLeftAndRight_Step2
0x08096DE8	0x08096E0F	thumb	MovementType_FaceUpLeftAndRight_Step3
0x08096E10	0x08096E77	thumb	MovementType_FaceUpLeftAndRight_Step4
0x08096E78	0x08096E9B	thumb	MovementType_FaceDownRightAndLeft
0x08096E9C	0x08096EB7	thumb	MovementType_FaceDownRightAndLeft_callback
0x08096EB8	0x08096ECD	thumb	MovementType_FaceDownLeftAndRight_Step0
0x08096ED0	0x08096F23	thumb	MovementType_FaceDownLeftAndRight_Step1
0x08096F24	0x08096F7B	thumb	MovementType_FaceDownLeftAndRight_Step2
0x08096F7C	0x08096FA3	thumb	MovementType_FaceDownLeftAndRight_Step3
0x08096FA4	0x0809700B	thumb	MovementType_FaceDownLeftAndRight_Step4
0x0809700C	0x0809702F	thumb	MovementType_RotateCounterclockwise
0x08097030	0x0809704B	thumb	MovementType_RotateCounterclockwise_callback
0x0809704C	0x080970AB	thumb	MovementType_RotateCounterclockwise_Step0
0x080970AC	0x080970E7	thumb	MovementType_RotateCounterclockwise_Step1
0x080970E8	0x0809710D	thumb	MovementType_RotateCounterclockwise_Step2
0x08097110	0x0809717B	thumb	MovementType_RotateCounterclockwise_Step3
0x0809717C	0x0809719F	thumb	MovementType_RotateClockwise
0x080971A0	0x080971BB	thumb	MovementType_RotateClockwise_callback
0x080971BC	0x0809721B	thumb	MovementType_RotateClockwise_Step0
0x0809721C	0x08097257	thumb	MovementType_RotateClockwise_Step1
0x08097258	0x0809727D	thumb	MovementType_RotateClockwise_Step2
0x08097280	0x080972EB	thumb	MovementType_RotateClockwise_Step3
0x080972EC	0x0809730F	thumb	MovementType_WalkBackAndForth
0x08097310	0x0809732B	thumb	MovementType_WalkBackAndForth_callback
0x0809732C	0x08097341	thumb	MovementType_WalkBackAndForth_Step0
0x08097344	0x080973AB	thumb	MovementType_WalkBackAndForth_Step1
0x080973AC	0x0809756B	thumb	MovementType_WalkBackAndForth_Step2
0x0809756C	0x080975AF	thumb	MovementType_WalkBackAndForth_Step3
0x080975B0	0x080975C5	thumb	MovementType_WalkSequence_Step0
0x080975C8	0x0809775B	thumb	MoveNextDirectionInSequence
0x0809775C	0x0809779F	thumb	MovementType_WalkSequence_Step2
0x080977A0	0x080977C3	thumb	MovementType_WalkSequenceUpRightLeftDown
0x080977C4	0x080977DF	thumb	MovementType_WalkSequenceUpRightLeftDown_callback
0x080977E0	0x08097817	thumb	MovementType_WalkSequenceUpRightLeftDown_Step1
0x08097818	0x0809783B	thumb	MovementType_WalkSequenceRightLeftDownUp
0x0809783C	0x08097857	thumb	MovementType_WalkSequenceRightLeftDownUp_callback
0x08097858	0x0809788F	thumb	MovementType_WalkSequenceRightLeftDownUp_Step1
0x08097890	0x080978B3	thumb	MovementType_WalkSequenceDownUpRightLeft
0x080978B4	0x080978CF	thumb	MovementType_WalkSequenceDownUpRightLeft_callback
0x080978D0	0x08097907	thumb	MovementType_WalkSequenceDownUpRightLeft_Step1
0x08097908	0x0809792B	thumb	MovementType_WalkSequenceLeftDownUpRight
0x0809792C	0x08097947	thumb	MovementType_WalkSequenceLeftDownUpRight_callback
0x08097948	0x0809797F	thumb	MovementType_WalkSequenceLeftDownUpRight_Step1
0x08097980	0x080979A3	thumb	MovementType_WalkSequenceUpLeftRightDown
0x080979A4	0x080979BF	thumb	MovementType_WalkSequenceUpLeftRightDown_callback
0x080979C0	0x080979F7	thumb	MovementType_WalkSequenceUpLeftRightDown_Step1
0x080979F8	0x08097A1B	thumb	MovementType_WalkSequenceLeftRightDownUp
0x08097A1C	0x08097A37	thumb	MovementType_WalkSequenceLeftRightDownUp_callback
0x08097A38	0x08097A6F	thumb	MovementType_WalkSequenceLeftRightDownUp_Step1
0x08097A70	0x08097A93	thumb	MovementType_WalkSequenceDownUpLeftRight
0x08097A94	0x08097AAF	thumb	MovementType_WalkSequenceDownUpLeftRight_callback
0x08097AB0	0x08097AE7	thumb	MovementType_WalkSequenceDownUpLeftRight_Step1
0x08097AE8	0x08097B0B	thumb	MovementType_WalkSequenceRightDownUpLeft
0x08097B0C	0x08097B27	thumb	MovementType_WalkSequenceRightDownUpLeft_callback
0x08097B28	0x08097B5F	thumb	MovementType_WalkSequenceRightDownUpLeft_Step1
0x08097B60	0x08097B83	thumb	MovementType_WalkSequenceLeftUpDownRight
0x08097B84	0x08097B9F	thumb	MovementType_WalkSequenceLeftUpDownRight_callback
0x08097BA0	0x08097BD7	thumb	MovementType_WalkSequenceLeftUpDownRight_Step1
0x08097BD8	0x08097BFB	thumb	MovementType_WalkSequenceUpDownRightLeft
0x08097BFC	0x08097C17	thumb	MovementType_WalkSequenceUpDownRightLeft_callback
0x08097C18	0x08097C4F	thumb	MovementType_WalkSequenceUpDownRightLeft_Step1
0x08097C50	0x08097C73	thumb	MovementType_WalkSequenceRightLeftUpDown
0x08097C74	0x08097C8F	thumb	MovementType_WalkSequenceRightLeftUpDown_callback
0x08097C90	0x08097CC7	thumb	MovementType_WalkSequenceRightLeftUpDown_Step1
0x08097CC8	0x08097CEB	thumb	MovementType_WalkSequenceDownRightLeftUp
0x08097CEC	0x08097D07	thumb	MovementType_WalkSequenceDownRightLeftUp_callback
0x08097D08	0x08097D3F	thumb	MovementType_WalkSequenceDownRightLeftUp_Step1
0x08097D40	0x08097D63	thumb	MovementType_WalkSequenceRightUpDownLeft
0x08097D64	0x08097D7F	thumb	MovementType_WalkSequenceRightUpDownLeft_callback
0x08097D80	0x08097DB7	thumb	MovementType_WalkSequenceRightUpDownLeft_Step1
0x08097DB8	0x08097DDB	thumb	MovementType_WalkSequenceUpDownLeftRight
0x08097DDC	0x08097DF7	thumb	MovementType_WalkSequenceUpDownLeftRight_callback
0x08097DF8	0x08097E2F	thumb	MovementType_WalkSequenceUpDownLeftRight_Step1
0x08097E30	0x08097E53	thumb	MovementType_WalkSequenceLeftRightUpDown
0x08097E54	0x08097E6F	thumb	MovementType_WalkSequenceLeftRightUpDown_callback
0x08097E70	0x08097EA7	thumb	MovementType_WalkSequenceLeftRightUpDown_Step1
0x08097EA8	0x08097ECB	thumb	MovementType_WalkSequenceDownLeftRightUp
0x08097ECC	0x08097EE7	thumb	MovementType_WalkSequenceDownLeftRightUp_callback
0x08097EE8	0x08097F1F	thumb	MovementType_WalkSequenceDownLeftRightUp_Step1
0x08097F20	0x08097F43	thumb	MovementType_WalkSequenceUpLeftDownRight
0x08097F44	0x08097F5F	thumb	MovementType_WalkSequenceUpLeftDownRight_callback
0x08097F60	0x08097F97	thumb	MovementType_WalkSequenceUpLeftDownRight_Step1
0x08097F98	0x08097FBB	thumb	MovementType_WalkSequenceDownRightUpLeft
0x08097FBC	0x08097FD7	thumb	MovementType_WalkSequenceDownRightUpLeft_callback
0x08097FD8	0x0809800F	thumb	MovementType_WalkSequenceDownRightUpLeft_Step1
0x08098010	0x08098033	thumb	MovementType_WalkSequenceLeftDownRightUp
0x08098034	0x0809804F	thumb	MovementType_WalkSequenceLeftDownRightUp_callback
0x08098050	0x08098087	thumb	MovementType_WalkSequenceLeftDownRightUp_Step1
0x08098088	0x080980AB	thumb	MovementType_WalkSequenceRightUpLeftDown
0x080980AC	0x080980C7	thumb	MovementType_WalkSequenceRightUpLeftDown_callback
0x080980C8	0x080980FF	thumb	MovementType_WalkSequenceRightUpLeftDown_Step1
0x08098100	0x08098123	thumb	MovementType_WalkSequenceUpRightDownLeft
0x08098124	0x0809813F	thumb	MovementType_WalkSequenceUpRightDownLeft_callback
0x08098140	0x08098177	thumb	MovementType_WalkSequenceUpRightDownLeft_Step1
0x08098178	0x0809819B	thumb	MovementType_WalkSequenceDownLeftUpRight
0x0809819C	0x080981B7	thumb	MovementType_WalkSequenceDownLeftUpRight_callback
0x080981B8	0x080981EF	thumb	MovementType_WalkSequenceDownLeftUpRight_Step1
0x080981F0	0x08098213	thumb	MovementType_WalkSequenceLeftUpRightDown
0x08098214	0x0809822F	thumb	MovementType_WalkSequenceLeftUpRightDown_callback
0x08098230	0x08098267	thumb	MovementType_WalkSequenceLeftUpRightDown_Step1
0x08098268	0x0809828B	thumb	MovementType_WalkSequenceRightDownLeftUp
0x0809828C	0x080982A7	thumb	MovementType_WalkSequenceRightDownLeftUp_callback
0x080982A8	0x080982DF	thumb	MovementType_WalkSequenceRightDownLeftUp_Step1
0x080982E0	0x08098303	thumb	MovementType_CopyPlayer
0x08098304	0x0809831F	thumb	MovementType_CopyPlayer_callback
0x08098320	0x08098353	thumb	MovementType_CopyPlayer_Step0
0x08098354	0x080983A3	thumb	MovementType_CopyPlayer_Step1
0x080983A4	0x080983E7	thumb	MovementType_CopyPlayer_Step2
0x080983E8	0x080983EB	thumb	CopyablePlayerMovement_None
0x080983EC	0x0809848F	thumb	CopyablePlayerMovement_FaceDirection
0x08098490	0x080985FF	thumb	CopyablePlayerMovement_GoSpeed0
0x08098600	0x08098713	thumb	CopyablePlayerMovement_GoSpeed1
0x08098714	0x08098827	thumb	CopyablePlayerMovement_GoSpeed2
0x08098828	0x0809893B	thumb	CopyablePlayerMovement_Slide
0x0809893C	0x080989DF	thumb	cph_IM_DIFFERENT
0x080989E0	0x08098AF3	thumb	CopyablePlayerMovement_GoSpeed4
0x08098AF4	0x08098C3B	thumb	CopyablePlayerMovement_Jump
0x08098C3C	0x08098C5F	thumb	MovementType_CopyPlayerInGrass
0x08098C60	0x08098C7B	thumb	MovementType_CopyPlayerInGrass_callback
0x08098C7C	0x08098CCF	thumb	MovementType_CopyPlayerInGrass_Step1
0x08098CD0	0x08098D47	thumb	MovementType_TreeDisguise
0x08098D48	0x08098D5D	thumb	MovementType_Disguise_Callback
0x08098D60	0x08098DD7	thumb	MovementType_MountainDisguise
0x08098DD8	0x08098E33	thumb	MovementType_Buried
0x08098E34	0x08098E49	thumb	MovementType_Buried_Callback
0x08098E4C	0x08098E61	thumb	MovementType_Buried_Step0
0x08098E64	0x08098E9B	thumb	MovementType_MoveInPlace_Step1
0x08098E9C	0x08098EBF	thumb	MovementType_WalkInPlace
0x08098EC0	0x08098EDB	thumb	MovementType_WalkInPlace_callback
0x08098EDC	0x08098F3B	thumb	MovementType_WalkInPlace_Step0
0x08098F3C	0x08098F5F	thumb	MovementType_WalkInPlaceFast
0x08098F60	0x08098F7B	thumb	MovementType_WalkInPlaceFast_callback
0x08098F7C	0x08098FDB	thumb	MovementType_WalkInPlaceFast_Step0
0x08098FDC	0x08098FFF	thumb	MovementType_JogInPlace
0x08099000	0x0809901B	thumb	MovementType_JogInPlace_callback
0x0809901C	0x0809907B	thumb	MovementType_JogInPlace_Step0
0x0809907C	0x0809909F	thumb	MovementType_Invisible
0x080990A0	0x080990BB	thumb	MovementType_Invisible_callback
0x080990BC	0x08099123	thumb	MovementType_Invisible_Step0
0x08099124	0x0809915B	thumb	MovementType_Invisible_Step1
0x0809915C	0x08099167	thumb	MovementType_Invisible_Step2
0x08099168	0x0809918B	thumb	MovementType_RaiseHandAndStop
0x0809918C	0x080991AF	thumb	MovementType_RaiseHandAndJump
0x080991B0	0x080991D3	thumb	MovementType_RaiseHandAndSwim
0x080991D4	0x080991EF	thumb	MovementType_RaiseHandAndStop_Callback
0x080991F0	0x0809920B	thumb	MovementType_RaiseHandAndJump_Callback
0x0809920C	0x08099227	thumb	MovementType_RaiseHandAndSwim_Callback
0x08099228	0x08099267	thumb	MovementType_RaiseHandAndStop_Step0
0x08099268	0x0809929F	thumb	MovementType_RaiseHandAndStop_Step1
0x080992A0	0x080992AB	thumb	MovementType_RaiseHandAndStop_Step2
0x080992AC	0x080992EB	thumb	MovementType_RaiseHandAndJump_Step0
0x080992EC	0x0809932B	thumb	MovementType_RaiseHandAndSwim_Step0
0x0809932C	0x08099363	thumb	MovementType_RaiseHandAndMove_Step1
0x08099364	0x08099377	thumb	ClearObjectEventMovement
0x08099378	0x08099387	thumb	GetFaceDirectionAnimNum
0x08099388	0x08099397	thumb	GetMoveDirectionAnimNum
0x08099398	0x080993A7	thumb	GetMoveDirectionFastAnimNum
0x080993A8	0x080993B7	thumb	GetMoveDirectionFasterAnimNum
0x080993B8	0x080993C7	thumb	GetMoveDirectionFastestAnimNum
0x080993C8	0x080993D7	thumb	GetJumpSpecialDirectionAnimNum
0x080993D8	0x080993E7	thumb	GetAcroWheelieDirectionAnimNum
0x080993E8	0x080993F7	thumb	GetAcroBunnyHopFrontWheelDirectionAnimNum
0x080993F8	0x08099407	thumb	GetAcroEndWheelieDirectionAnimNum
0x08099408	0x08099417	thumb	GetSpinDirectionAnimNum
0x08099418	0x08099427	thumb	GetAcroUnusedActionDirectionAnimNum
0x08099428	0x08099437	thumb	GetAcroWheeliePedalDirectionAnimNum
0x08099438	0x08099447	thumb	GetFishingDirectionAnimNum
0x08099448	0x08099457	thumb	GetFishingNoCatchDirectionAnimNum
0x08099458	0x08099467	thumb	GetFishingBiteDirectionAnimNum
0x08099468	0x08099477	thumb	GetRunningDirectionAnimNum
0x08099478	0x0809949B	thumb	GetStepAnimTable
0x0809949C	0x080994B3	thumb	SetStepAnimHandleAlternation
0x080994B4	0x08099503	thumb	SetStepAnim
0x08099504	0x0809952D	thumb	GetDirectionToFace
0x08099530	0x08099567	thumb	SetTrainerMovementType
0x08099568	0x08099577	thumb	GetTrainerFacingDirectionMovementType
0x08099578	0x080995A7	thumb	GetCollisionInDirection
0x080995A8	0x080996AF	thumb	GetCollisionAtCoords
0x080996B0	0x08099773	thumb	GetCollisionFlagsAtCoords
0x08099774	0x080997E9	thumb	IsCoordOutsideObjectEventMovementRange
0x080997EC	0x08099837	thumb	IsMetatileDirectionallyImpassable
0x08099838	0x0809991B	thumb	DoesObjectCollideWithObjectAt
0x0809991C	0x0809995B	thumb	IsBerryTreeSparkling
0x0809995C	0x0809999B	thumb	SetBerryTreeJustPicked
0x0809999C	0x080999BF	thumb	MoveCoords
0x080999C0	0x080999E7	thumb	MoveCoordsInMapCoordIncrement
0x080999E8	0x08099A43	thumb	MoveCoordsInDirection
0x08099A44	0x08099A87	thumb	GetMapCoordsFromSpritePos
0x08099A88	0x08099B3B	thumb	SetSpritePosToMapCoords
0x08099B3C	0x08099C1F	thumb	SetSpritePosToOffsetMapCoords
0x08099C20	0x08099C5F	thumb	GetObjectEventMovingCameraOffset
0x08099C60	0x08099C8F	thumb	ObjectEventMoveDestCoords
0x08099C90	0x08099C9B	thumb	ObjectEventIsMovementOverridden
0x08099C9C	0x08099CB5	thumb	ObjectEventIsHeldMovementActive
0x08099CB8	0x08099D77	thumb	ObjectEventSetHeldMovement
0x08099D78	0x08099E53	thumb	ObjectEventForceSetHeldMovement
0x08099E54	0x08099E7B	thumb	ObjectEventClearHeldMovementIfActive
0x08099E7C	0x08099E9F	thumb	ObjectEventClearHeldMovement
0x08099EA0	0x08099EAB	thumb	ObjectEventCheckHeldMovementStatus
0x08099EAC	0x08099EE3	thumb	ObjectEventClearHeldMovementIfFinished
0x08099EE4	0x08099EF3	thumb	ObjectEventGetHeldMovementActionId
0x08099EF4	0x0809A083	thumb	UpdateObjectEventCurrentMovement
0x0809A084	0x0809A197	thumb	QL_UpdateObjectEventCurrentMovement
0x0809A198	0x0809A1BF	thumb	GetFaceDirectionMovementAction
0x0809A1C0	0x0809A1E7	thumb	GetFaceDirectionFastMovementAction
0x0809A1E8	0x0809A203	thumb	GetWalkSlowestMovementAction
0x0809A204	0x0809A22B	thumb	GetWalkSlowerMovementAction
0x0809A22C	0x0809A253	thumb	GetWalkSlowMovementAction
0x0809A254	0x0809A27B	thumb	GetWalkNormalMovementAction
0x0809A27C	0x0809A2A3	thumb	GetWalkFastMovementAction
0x0809A2A4	0x0809A2CB	thumb	GetGlideMovementAction
0x0809A2CC	0x0809A2F3	thumb	GetRideWaterCurrentMovementAction
0x0809A2F4	0x0809A31B	thumb	GetWalkFasterMovementAction
0x0809A31C	0x0809A343	thumb	GetSlideMovementAction
0x0809A344	0x0809A36B	thumb	GetPlayerRunMovementAction
0x0809A36C	0x0809A393	thumb	GetPlayerRunSlowMovementAction
0x0809A394	0x0809A3BB	thumb	GetSpinMovementAction
0x0809A3BC	0x0809A3E3	thumb	GetJump2MovementAction
0x0809A3E4	0x0809A40B	thumb	GetJumpInPlaceMovementAction
0x0809A40C	0x0809A433	thumb	GetJumpInPlaceTurnAroundMovementAction
0x0809A434	0x0809A45B	thumb	GetJumpMovementAction
0x0809A45C	0x0809A483	thumb	GetJumpSpecialMovementAction
0x0809A484	0x0809A4AB	thumb	GetJumpSpecialWithEffectMovementAction
0x0809A4AC	0x0809A4D3	thumb	GetWalkInPlaceSlowMovementAction
0x0809A4D4	0x0809A4FB	thumb	GetWalkInPlaceNormalMovementAction
0x0809A4FC	0x0809A523	thumb	GetWalkInPlaceFastMovementAction
0x0809A524	0x0809A54B	thumb	GetWalkInPlaceFasterMovementAction
0x0809A54C	0x0809A647	thumb	ObjectEventFaceOppositeDirection
0x0809A648	0x0809A66F	thumb	GetAcroWheelieFaceDirectionMovementAction
0x0809A670	0x0809A697	thumb	GetAcroPopWheelieFaceDirectionMovementAction
0x0809A698	0x0809A6BF	thumb	GetAcroEndWheelieFaceDirectionMovementAction
0x0809A6C0	0x0809A6E7	thumb	GetAcroWheelieHopFaceDirectionMovementAction
0x0809A6E8	0x0809A70F	thumb	GetAcroWheelieHopMovementAction
0x0809A710	0x0809A737	thumb	GetAcroWheelieJumpMovementAction
0x0809A738	0x0809A75F	thumb	GetAcroWheelieInPlaceMovementAction
0x0809A760	0x0809A787	thumb	GetAcroPopWheelieMoveMovementAction
0x0809A788	0x0809A7AF	thumb	GetAcroWheelieMoveMovementAction
0x0809A7B0	0x0809A7DF	thumb	GetOppositeDirection
0x0809A7E0	0x0809A7F7	thumb	GetPlayerDirectionForCopy
0x0809A7F8	0x0809A847	thumb	GetCopyDirection
0x0809A848	0x0809A87B	thumb	ObjectEventExecHeldMovementAction
0x0809A87C	0x0809A8BF	thumb	QuestLogObjectEventExecHeldMovementAction
0x0809A8C0	0x0809A8F7	thumb	ObjectEventExecSingleMovementAction
0x0809A8F8	0x0809A923	thumb	ObjectEventSetSingleMovement
0x0809A924	0x0809A9AF	thumb	FaceDirection
0x0809A9B0	0x0809A9BD	thumb	MovementAction_FaceDown_Step0
0x0809A9C0	0x0809A9CD	thumb	MovementAction_FaceUp_Step0
0x0809A9D0	0x0809A9DD	thumb	MovementAction_FaceLeft_Step0
0x0809A9E0	0x0809A9ED	thumb	MovementAction_FaceRight_Step0
0x0809A9F0	0x0809AA7F	thumb	InitNpcForMovement
0x0809AA80	0x0809AB57	thumb	InitMovementNormal
0x0809AB58	0x0809AC13	thumb	StartRunningAnim
0x0809AC14	0x0809AC97	thumb	UpdateMovementNormal
0x0809AC98	0x0809AD0F	thumb	InitNpcForWalkSlower
0x0809AD10	0x0809ADCB	thumb	InitWalkSlower
0x0809ADCC	0x0809AE3F	thumb	UpdateWalkSlower
0x0809AE40	0x0809AEB7	thumb	InitNpcForWalkSlowest
0x0809AEB8	0x0809AF73	thumb	InitWalkSlowest
0x0809AF74	0x0809AFEF	thumb	UpdateWalkSlowest
0x0809AFF0	0x0809B073	thumb	MovementAction_WalkSlowestDown_Step0
0x0809B074	0x0809B0F3	thumb	MovementAction_WalkSlowestDown_Step1
0x0809B0F4	0x0809B177	thumb	MovementAction_WalkSlowestUp_Step0
0x0809B178	0x0809B1F7	thumb	MovementAction_WalkSlowestUp_Step1
0x0809B1F8	0x0809B27B	thumb	MovementAction_WalkSlowestLeft_Step0
0x0809B27C	0x0809B2FB	thumb	MovementAction_WalkSlowestLeft_Step1
0x0809B2FC	0x0809B37F	thumb	MovementAction_WalkSlowestRight_Step0
0x0809B380	0x0809B3FF	thumb	MovementAction_WalkSlowestRight_Step1
0x0809B400	0x0809B421	thumb	MovementAction_WalkSlowerDown_Step0
0x0809B424	0x0809B49B	thumb	MovementAction_WalkSlowerDown_Step1
0x0809B49C	0x0809B4BD	thumb	MovementAction_WalkSlowerUp_Step0
0x0809B4C0	0x0809B537	thumb	MovementAction_WalkSlowerUp_Step1
0x0809B538	0x0809B559	thumb	MovementAction_WalkSlowerLeft_Step0
0x0809B55C	0x0809B5D3	thumb	MovementAction_WalkSlowerLeft_Step1
0x0809B5D4	0x0809B5F5	thumb	MovementAction_WalkSlowerRight_Step0
0x0809B5F8	0x0809B66F	thumb	MovementAction_WalkSlowerRight_Step1
0x0809B670	0x0809B6E7	thumb	InitNpcForWalkSlow
0x0809B6E8	0x0809B7A3	thumb	InitWalkSlow
0x0809B7A4	0x0809B81F	thumb	UpdateWalkSlow
0x0809B820	0x0809B8A7	thumb	MovementAction_WalkSlowUp_Step0
0x0809B8A8	0x0809B927	thumb	MovementAction_WalkSlowUp_Step1
0x0809B928	0x0809B9AF	thumb	MovementAction_WalkSlowDown_Step0
0x0809B9B0	0x0809BA2F	thumb	MovementAction_WalkSlowDown_Step1
0x0809BA30	0x0809BAB7	thumb	MovementAction_WalkSlowLeft_Step0
0x0809BAB8	0x0809BB37	thumb	MovementAction_WalkSlowLeft_Step1
0x0809BB38	0x0809BBBF	thumb	MovementAction_WalkSlowRight_Step0
0x0809BBC0	0x0809BC3F	thumb	MovementAction_WalkSlowRight_Step1
0x0809BC40	0x0809BC63	thumb	MovementAction_WalkNormalDown_Step0
0x0809BC64	0x0809BC79	thumb	MovementAction_WalkNormalDown_Step1
0x0809BC7C	0x0809BC9F	thumb	MovementAction_WalkNormalUp_Step0
0x0809BCA0	0x0809BCB5	thumb	MovementAction_WalkNormalUp_Step1
0x0809BCB8	0x0809BCDB	thumb	MovementAction_WalkNormalLeft_Step0
0x0809BCDC	0x0809BCF1	thumb	MovementAction_WalkNormalLeft_Step1
0x0809BCF4	0x0809BD17	thumb	MovementAction_WalkNormalRight_Step0
0x0809BD18	0x0809BD2D	thumb	MovementAction_WalkNormalRight_Step1
0x0809BD30	0x0809BE1B	thumb	InitJump
0x0809BE1C	0x0809BE83	thumb	InitJumpRegular
0x0809BE84	0x0809BF4F	thumb	UpdateJumpAnim
0x0809BF50	0x0809BF5F	thumb	DoJumpAnimStep
0x0809BF60	0x0809BF6F	thumb	DoJumpSpecialAnimStep
0x0809BF70	0x0809BF87	thumb	DoJumpAnim
0x0809BF88	0x0809BF9F	thumb	DoJumpSpecialAnim
0x0809BFA0	0x0809C057	thumb	DoJumpInPlaceAnim
0x0809C058	0x0809C09B	thumb	MovementAction_Jump2Down_Step0
0x0809C09C	0x0809C0CB	thumb	MovementAction_Jump2Down_Step1
0x0809C0CC	0x0809C10F	thumb	MovementAction_Jump2Up_Step0
0x0809C110	0x0809C13F	thumb	MovementAction_Jump2Up_Step1
0x0809C140	0x0809C183	thumb	MovementAction_Jump2Left_Step0
0x0809C184	0x0809C1B3	thumb	MovementAction_Jump2Left_Step1
0x0809C1B4	0x0809C1F7	thumb	MovementAction_Jump2Right_Step0
0x0809C1F8	0x0809C227	thumb	MovementAction_Jump2Right_Step1
0x0809C228	0x0809C22F	thumb	InitMovementDelay
0x0809C230	0x0809C247	thumb	MovementAction_Delay_Step1
0x0809C248	0x0809C253	thumb	MovementAction_Delay1_Step0
0x0809C254	0x0809C25D	thumb	MovementAction_Delay2_Step0
0x0809C260	0x0809C26B	thumb	MovementAction_Delay4_Step0
0x0809C26C	0x0809C277	thumb	MovementAction_Delay8_Step0
0x0809C278	0x0809C283	thumb	MovementAction_Delay16_Step0
0x0809C284	0x0809C2A7	thumb	MovementAction_WalkFastDown_Step0
0x0809C2A8	0x0809C2BD	thumb	MovementAction_WalkFastDown_Step1
0x0809C2C0	0x0809C2E3	thumb	MovementAction_WalkFastUp_Step0
0x0809C2E4	0x0809C2F9	thumb	MovementAction_WalkFastUp_Step1
0x0809C2FC	0x0809C31F	thumb	MovementAction_WalkFastLeft_Step0
0x0809C320	0x0809C335	thumb	MovementAction_WalkFastLeft_Step1
0x0809C338	0x0809C35B	thumb	MovementAction_WalkFastRight_Step0
0x0809C35C	0x0809C371	thumb	MovementAction_WalkFastRight_Step1
0x0809C374	0x0809C3D7	thumb	UpdateMovementGlide
0x0809C3D8	0x0809C46B	thumb	MovementAction_GlideDown_Step0
0x0809C46C	0x0809C497	thumb	MovementAction_GlideDown_Step1
0x0809C498	0x0809C52B	thumb	MovementAction_GlideUp_Step0
0x0809C52C	0x0809C557	thumb	MovementAction_GlideUp_Step1
0x0809C558	0x0809C5EB	thumb	MovementAction_GlideLeft_Step0
0x0809C5EC	0x0809C617	thumb	MovementAction_GlideLeft_Step1
0x0809C618	0x0809C6AB	thumb	MovementAction_GlideRight_Step0
0x0809C6AC	0x0809C6D7	thumb	MovementAction_GlideRight_Step1
0x0809C6D8	0x0809C717	thumb	FaceDirectionFast
0x0809C718	0x0809C775	thumb	MovementAction_FaceDownFast_Step0
0x0809C778	0x0809C7D5	thumb	MovementAction_FaceUpFast_Step0
0x0809C7D8	0x0809C835	thumb	MovementAction_FaceLeftFast_Step0
0x0809C838	0x0809C895	thumb	MovementAction_FaceRightFast_Step0
0x0809C898	0x0809C8EF	thumb	InitMoveInPlace
0x0809C8F0	0x0809C931	thumb	MovementAction_WalkInPlace_Step1
0x0809C934	0x0809C98B	thumb	MovementAction_WalkInPlaceSlow_Step1
0x0809C98C	0x0809C9DB	thumb	MovementAction_WalkInPlaceSlowDown_Step0
0x0809C9DC	0x0809CA2B	thumb	MovementAction_WalkInPlaceSlowUp_Step0
0x0809CA2C	0x0809CA7B	thumb	MovementAction_WalkInPlaceSlowLeft_Step0
0x0809CA7C	0x0809CACB	thumb	MovementAction_WalkInPlaceSlowRight_Step0
0x0809CACC	0x0809CB1B	thumb	MovementAction_WalkInPlaceNormalDown_Step0
0x0809CB1C	0x0809CB6B	thumb	MovementAction_WalkInPlaceNormalUp_Step0
0x0809CB6C	0x0809CBBB	thumb	MovementAction_WalkInPlaceNormalLeft_Step0
0x0809CBBC	0x0809CC0B	thumb	MovementAction_WalkInPlaceNormalRight_Step0
0x0809CC0C	0x0809CC5B	thumb	MovementAction_WalkInPlaceFastDown_Step0
0x0809CC5C	0x0809CCAB	thumb	MovementAction_WalkInPlaceFastUp_Step0
0x0809CCAC	0x0809CCFB	thumb	MovementAction_WalkInPlaceFastLeft_Step0
0x0809CCFC	0x0809CD4B	thumb	MovementAction_WalkInPlaceFastRight_Step0
0x0809CD4C	0x0809CD9B	thumb	MovementAction_WalkInPlaceFasterDown_Step0
0x0809CD9C	0x0809CDEB	thumb	MovementAction_WalkInPlaceFasterUp_Step0
0x0809CDEC	0x0809CE3B	thumb	MovementAction_WalkInPlaceFasterLeft_Step0
0x0809CE3C	0x0809CE8B	thumb	MovementAction_WalkInPlaceFasterRight_Step0
0x0809CE8C	0x0809CEAF	thumb	MovementAction_RideWaterCurrentDown_Step0
0x0809CEB0	0x0809CEC5	thumb	MovementAction_RideWaterCurrentDown_Step1
0x0809CEC8	0x0809CEEB	thumb	MovementAction_RideWaterCurrentUp_Step0
0x0809CEEC	0x0809CF01	thumb	MovementAction_RideWaterCurrentUp_Step1
0x0809CF04	0x0809CF27	thumb	MovementAction_RideWaterCurrentLeft_Step0
0x0809CF28	0x0809CF3D	thumb	MovementAction_RideWaterCurrentLeft_Step1
0x0809CF40	0x0809CF63	thumb	MovementAction_RideWaterCurrentRight_Step0
0x0809CF64	0x0809CF79	thumb	MovementAction_RideWaterCurrentRight_Step1
0x0809CF7C	0x0809CF9F	thumb	MovementAction_WalkFasterDown_Step0
0x0809CFA0	0x0809CFB5	thumb	MovementAction_WalkFasterDown_Step1
0x0809CFB8	0x0809CFDB	thumb	MovementAction_WalkFasterUp_Step0
0x0809CFDC	0x0809CFF1	thumb	MovementAction_WalkFasterUp_Step1
0x0809CFF4	0x0809D017	thumb	MovementAction_WalkFasterLeft_Step0
0x0809D018	0x0809D02D	thumb	MovementAction_WalkFasterLeft_Step1
0x0809D030	0x0809D053	thumb	MovementAction_WalkFasterRight_Step0
0x0809D054	0x0809D069	thumb	MovementAction_WalkFasterRight_Step1
0x0809D06C	0x0809D08F	thumb	MovementAction_SlideDown_Step0
0x0809D090	0x0809D0A5	thumb	MovementAction_SlideDown_Step1
0x0809D0A8	0x0809D0CB	thumb	MovementAction_SlideUp_Step0
0x0809D0CC	0x0809D0E1	thumb	MovementAction_SlideUp_Step1
0x0809D0E4	0x0809D107	thumb	MovementAction_SlideLeft_Step0
0x0809D108	0x0809D11D	thumb	MovementAction_SlideLeft_Step1
0x0809D120	0x0809D143	thumb	MovementAction_SlideRight_Step0
0x0809D144	0x0809D159	thumb	MovementAction_SlideRight_Step1
0x0809D15C	0x0809D1E3	thumb	MovementAction_PlayerRunDown_Step0
0x0809D1E4	0x0809D1F9	thumb	MovementAction_PlayerRunDown_Step1
0x0809D1FC	0x0809D283	thumb	MovementAction_PlayerRunUp_Step0
0x0809D284	0x0809D299	thumb	MovementAction_PlayerRunUp_Step1
0x0809D29C	0x0809D323	thumb	MovementAction_PlayerRunLeft_Step0
0x0809D324	0x0809D339	thumb	MovementAction_PlayerRunLeft_Step1
0x0809D33C	0x0809D3C3	thumb	MovementAction_PlayerRunRight_Step0
0x0809D3C4	0x0809D3D9	thumb	MovementAction_PlayerRunRight_Step1
0x0809D3DC	0x0809D453	thumb	InitNpcForRunSlow
0x0809D454	0x0809D50F	thumb	InitRunSlow
0x0809D510	0x0809D5A7	thumb	UpdateRunSlow
0x0809D5A8	0x0809D653	thumb	MovementAction_RunDownSlow_Step0
0x0809D654	0x0809D6EF	thumb	MovementAction_RunDownSlow_Step1
0x0809D6F0	0x0809D79F	thumb	MovementAction_RunUpSlow_Step0
0x0809D7A0	0x0809D83B	thumb	MovementAction_RunUpSlow_Step1
0x0809D83C	0x0809D8EB	thumb	MovementAction_RunLeftSlow_Step0
0x0809D8EC	0x0809D987	thumb	MovementAction_RunLeftSlow_Step1
0x0809D988	0x0809DA33	thumb	MovementAction_RunRightSlow_Step0
0x0809DA34	0x0809DACF	thumb	MovementAction_RunRightSlow_Step1
0x0809DAD0	0x0809DB1F	thumb	StartSpriteAnimInDirection
0x0809DB20	0x0809DB6B	thumb	MovementAction_StartAnimInDirection_Step0
0x0809DB6C	0x0809DB81	thumb	MovementAction_WaitSpriteAnim
0x0809DB84	0x0809DBAF	thumb	InitJumpSpecial
0x0809DBB0	0x0809DBFB	thumb	MovementAction_JumpSpecialDown_Step0
0x0809DBFC	0x0809DC2B	thumb	MovementAction_JumpSpecialDown_Step1
0x0809DC2C	0x0809DC77	thumb	MovementAction_JumpSpecialUp_Step0
0x0809DC78	0x0809DCA7	thumb	MovementAction_JumpSpecialUp_Step1
0x0809DCA8	0x0809DCF3	thumb	MovementAction_JumpSpecialLeft_Step0
0x0809DCF4	0x0809DD23	thumb	MovementAction_JumpSpecialLeft_Step1
0x0809DD24	0x0809DD6F	thumb	MovementAction_JumpSpecialRight_Step0
0x0809DD70	0x0809DD9F	thumb	MovementAction_JumpSpecialRight_Step1
0x0809DDA0	0x0809DDE3	thumb	MovementAction_JumpSpecialWithEffectDown_Step0
0x0809DDE4	0x0809DE07	thumb	MovementAction_JumpSpecialWithEffectDown_Step1
0x0809DE08	0x0809DE4B	thumb	MovementAction_JumpSpecialWithEffectUp_Step0
0x0809DE4C	0x0809DE6F	thumb	MovementAction_JumpSpecialWithEffectUp_Step1
0x0809DE70	0x0809DEB3	thumb	MovementAction_JumpSpecialWithEffectLeft_Step0
0x0809DEB4	0x0809DED7	thumb	MovementAction_JumpSpecialWithEffectLeft_Step1
0x0809DED8	0x0809DF1B	thumb	MovementAction_JumpSpecialWithEffectRight_Step0
0x0809DF1C	0x0809DF3F	thumb	MovementAction_JumpSpecialWithEffectRight_Step1
0x0809DF40	0x0809DF9F	thumb	MovementAction_FacePlayer_Step0
0x0809DFA0	0x0809E00F	thumb	MovementAction_FaceAwayPlayer_Step0
0x0809E010	0x0809E01F	thumb	MovementAction_LockFacingDirection_Step0
0x0809E020	0x0809E02F	thumb	MovementAction_UnlockFacingDirection_Step0
0x0809E030	0x0809E06F	thumb	MovementAction_JumpDown_Step0
0x0809E070	0x0809E09F	thumb	MovementAction_JumpDown_Step1
0x0809E0A0	0x0809E0DF	thumb	MovementAction_JumpUp_Step0
0x0809E0E0	0x0809E10F	thumb	MovementAction_JumpUp_Step1
0x0809E110	0x0809E14F	thumb	MovementAction_JumpLeft_Step0
0x0809E150	0x0809E17F	thumb	MovementAction_JumpLeft_Step1
0x0809E180	0x0809E1BF	thumb	MovementAction_JumpRight_Step0
0x0809E1C0	0x0809E1EF	thumb	MovementAction_JumpRight_Step1
0x0809E1F0	0x0809E22F	thumb	MovementAction_JumpInPlaceDown_Step0
0x0809E230	0x0809E25F	thumb	MovementAction_JumpInPlaceDown_Step1
0x0809E260	0x0809E29F	thumb	MovementAction_JumpInPlaceUp_Step0
0x0809E2A0	0x0809E2CF	thumb	MovementAction_JumpInPlaceUp_Step1
0x0809E2D0	0x0809E30F	thumb	MovementAction_JumpInPlaceLeft_Step0
0x0809E310	0x0809E33F	thumb	MovementAction_JumpInPlaceLeft_Step1
0x0809E340	0x0809E37F	thumb	MovementAction_JumpInPlaceRight_Step0
0x0809E380	0x0809E3AF	thumb	MovementAction_JumpInPlaceRight_Step1
0x0809E3B0	0x0809E3E1	thumb	MovementAction_JumpInPlaceDownUp_Step0
0x0809E3E4	0x0809E403	thumb	MovementAction_JumpInPlaceDownUp_Step1
0x0809E404	0x0809E435	thumb	MovementAction_JumpInPlaceUpDown_Step0
0x0809E438	0x0809E457	thumb	MovementAction_JumpInPlaceUpDown_Step1
0x0809E458	0x0809E489	thumb	MovementAction_JumpInPlaceLeftRight_Step0
0x0809E48C	0x0809E4AB	thumb	MovementAction_JumpInPlaceLeftRight_Step1
0x0809E4AC	0x0809E4DD	thumb	MovementAction_JumpInPlaceRightLeft_Step0
0x0809E4E0	0x0809E4FF	thumb	MovementAction_JumpInPlaceRightLeft_Step1
0x0809E500	0x0809E517	thumb	MovementAction_FaceOriginalDirection_Step0
0x0809E518	0x0809E567	thumb	MovementAction_NurseJoyBowDown_Step0
0x0809E568	0x0809E577	thumb	MovementAction_EnableJumpLandingGroundEffect_Step0
0x0809E578	0x0809E587	thumb	MovementAction_DisableJumpLandingGroundEffect_Step0
0x0809E588	0x0809E597	thumb	MovementAction_DisableAnimation_Step0
0x0809E598	0x0809E63F	thumb	MovementAction_RestoreAnimation_Step0
0x0809E640	0x0809E64F	thumb	MovementAction_SetInvisible_Step0
0x0809E650	0x0809E65F	thumb	MovementAction_SetVisible_Step0
0x0809E660	0x0809E687	thumb	MovementAction_EmoteExclamationMark_Step0
0x0809E688	0x0809E6AF	thumb	MovementAction_EmoteQuestionMark_Step0
0x0809E6B0	0x0809E6D7	thumb	MovementAction_EmoteX_Step0
0x0809E6D8	0x0809E6FF	thumb	MovementAction_EmoteDoubleExclamationMark_Step0
0x0809E700	0x0809E727	thumb	MovementAction_EmoteSmile_Step0
0x0809E728	0x0809E767	thumb	MovementAction_RevealTrainer_Step0
0x0809E768	0x0809E77F	thumb	MovementAction_RevealTrainer_Step1
0x0809E780	0x0809E7A5	thumb	MovementAction_RockSmashBreak_Step0
0x0809E7A8	0x0809E7BB	thumb	MovementAction_RockSmashBreak_Step1
0x0809E7BC	0x0809E7F5	thumb	MovementAction_RockSmashBreak_Step2
0x0809E7F8	0x0809E81D	thumb	MovementAction_CutTree_Step0
0x0809E820	0x0809E833	thumb	MovementAction_CutTree_Step1
0x0809E834	0x0809E86D	thumb	MovementAction_CutTree_Step2
0x0809E870	0x0809E87F	thumb	MovementAction_SetFixedPriority_Step0
0x0809E880	0x0809E88F	thumb	MovementAction_ClearFixedPriority_Step0
0x0809E890	0x0809E8BF	thumb	MovementAction_InitAffineAnim_Step0
0x0809E8C0	0x0809E8EB	thumb	MovementAction_ClearAffineAnim_Step0
0x0809E8EC	0x0809E929	thumb	MovementAction_WalkDownStartAffine_Step0
0x0809E92C	0x0809E9AF	thumb	MovementAction_WalkDownStartAffine_Step1
0x0809E9B0	0x0809E9ED	thumb	MovementAction_WalkDownAffine_Step0
0x0809E9F0	0x0809EA73	thumb	MovementAction_WalkDownAffine_Step1
0x0809EA74	0x0809EB03	thumb	AcroWheelieFaceDirection
0x0809EB04	0x0809EB87	thumb	MovementAction_AcroWheelieFaceDown_Step0
0x0809EB88	0x0809EC0B	thumb	MovementAction_AcroWheelieFaceUp_Step0
0x0809EC0C	0x0809EC8F	thumb	MovementAction_AcroWheelieFaceLeft_Step0
0x0809EC90	0x0809ED13	thumb	MovementAction_AcroWheelieFaceRight_Step0
0x0809ED14	0x0809ED63	thumb	MovementAction_AcroPopWheelieDown_Step0
0x0809ED64	0x0809EDB3	thumb	MovementAction_AcroPopWheelieUp_Step0
0x0809EDB4	0x0809EE03	thumb	MovementAction_AcroPopWheelieLeft_Step0
0x0809EE04	0x0809EE53	thumb	MovementAction_AcroPopWheelieRight_Step0
0x0809EE54	0x0809EEA3	thumb	MovementAction_AcroEndWheelieFaceDown_Step0
0x0809EEA4	0x0809EEF3	thumb	MovementAction_AcroEndWheelieFaceUp_Step0
0x0809EEF4	0x0809EF43	thumb	MovementAction_AcroEndWheelieFaceLeft_Step0
0x0809EF44	0x0809EF93	thumb	MovementAction_AcroEndWheelieFaceRight_Step0
0x0809EF94	0x0809EFE3	thumb	MovementAction_UnusedAcroActionDown_Step0
0x0809EFE4	0x0809F033	thumb	MovementAction_UnusedAcroActionUp_Step0
0x0809F034	0x0809F083	thumb	MovementAction_UnusedAcroActionLeft_Step0
0x0809F084	0x0809F0D3	thumb	MovementAction_UnusedAcroActionRight_Step0
0x0809F0D4	0x0809F12F	thumb	InitAcroWheelieJump
0x0809F130	0x0809F173	thumb	MovementAction_AcroWheelieHopFaceDown_Step0
0x0809F174	0x0809F1A3	thumb	MovementAction_AcroWheelieHopFaceDown_Step1
0x0809F1A4	0x0809F1E7	thumb	MovementAction_AcroWheelieHopFaceUp_Step0
0x0809F1E8	0x0809F217	thumb	MovementAction_AcroWheelieHopFaceUp_Step1
0x0809F218	0x0809F25B	thumb	MovementAction_AcroWheelieHopFaceLeft_Step0
0x0809F25C	0x0809F28B	thumb	MovementAction_AcroWheelieHopFaceLeft_Step1
0x0809F28C	0x0809F2CF	thumb	MovementAction_AcroWheelieHopFaceRight_Step0
0x0809F2D0	0x0809F2FF	thumb	MovementAction_AcroWheelieHopFaceRight_Step1
0x0809F300	0x0809F33F	thumb	MovementAction_AcroWheelieHopDown_Step0
0x0809F340	0x0809F36F	thumb	MovementAction_AcroWheelieHopDown_Step1
0x0809F370	0x0809F3AF	thumb	MovementAction_AcroWheelieHopUp_Step0
0x0809F3B0	0x0809F3DF	thumb	MovementAction_AcroWheelieHopUp_Step1
0x0809F3E0	0x0809F41F	thumb	MovementAction_AcroWheelieHopLeft_Step0
0x0809F420	0x0809F44F	thumb	MovementAction_AcroWheelieHopLeft_Step1
0x0809F450	0x0809F48F	thumb	MovementAction_AcroWheelieHopRight_Step0
0x0809F490	0x0809F4BF	thumb	MovementAction_AcroWheelieHopRight_Step1
0x0809F4C0	0x0809F503	thumb	MovementAction_AcroWheelieJumpDown_Step0
0x0809F504	0x0809F533	thumb	MovementAction_AcroWheelieJumpDown_Step1
0x0809F534	0x0809F577	thumb	MovementAction_AcroWheelieJumpUp_Step0
0x0809F578	0x0809F5A7	thumb	MovementAction_AcroWheelieJumpUp_Step1
0x0809F5A8	0x0809F5EB	thumb	MovementAction_AcroWheelieJumpLeft_Step0
0x0809F5EC	0x0809F61B	thumb	MovementAction_AcroWheelieJumpLeft_Step1
0x0809F61C	0x0809F65F	thumb	MovementAction_AcroWheelieJumpRight_Step0
0x0809F660	0x0809F68F	thumb	MovementAction_AcroWheelieJumpRight_Step1
0x0809F690	0x0809F6DF	thumb	MovementAction_AcroWheelieInPlaceDown_Step0
0x0809F6E0	0x0809F72F	thumb	MovementAction_AcroWheelieInPlaceUp_Step0
0x0809F730	0x0809F77F	thumb	MovementAction_AcroWheelieInPlaceLeft_Step0
0x0809F780	0x0809F7CF	thumb	MovementAction_AcroWheelieInPlaceRight_Step0
0x0809F7D0	0x0809F887	thumb	InitAcroPopWheelie
0x0809F888	0x0809F913	thumb	MovementAction_AcroPopWheelieMoveDown_Step0
0x0809F914	0x0809F929	thumb	MovementAction_AcroPopWheelieMoveDown_Step1
0x0809F92C	0x0809F9B7	thumb	MovementAction_AcroPopWheelieMoveUp_Step0
0x0809F9B8	0x0809F9CD	thumb	MovementAction_AcroPopWheelieMoveUp_Step1
0x0809F9D0	0x0809FA5B	thumb	MovementAction_AcroPopWheelieMoveLeft_Step0
0x0809FA5C	0x0809FA71	thumb	MovementAction_AcroPopWheelieMoveLeft_Step1
0x0809FA74	0x0809FAFF	thumb	MovementAction_AcroPopWheelieMoveRight_Step0
0x0809FB00	0x0809FB15	thumb	MovementAction_AcroPopWheelieMoveRight_Step1
0x0809FB18	0x0809FBD3	thumb	InitAcroWheelieMove
0x0809FBD4	0x0809FC5B	thumb	MovementAction_AcroWheelieMoveDown_Step0
0x0809FC5C	0x0809FC71	thumb	MovementAction_AcroWheelieMoveDown_Step1
0x0809FC74	0x0809FCFB	thumb	MovementAction_AcroWheelieMoveUp_Step0
0x0809FCFC	0x0809FD11	thumb	MovementAction_AcroWheelieMoveUp_Step1
0x0809FD14	0x0809FD9B	thumb	MovementAction_AcroWheelieMoveLeft_Step0
0x0809FD9C	0x0809FDB1	thumb	MovementAction_AcroWheelieMoveLeft_Step1
0x0809FDB4	0x0809FE3B	thumb	MovementAction_AcroWheelieMoveRight_Step0
0x0809FE3C	0x0809FE51	thumb	MovementAction_AcroWheelieMoveRight_Step1
0x0809FE54	0x0809FF17	thumb	InitSpin
0x0809FF18	0x0809FFA7	thumb	MovementAction_SpinDown_Step0
0x0809FFA8	0x0809FFBD	thumb	MovementAction_SpinDown_Step1
0x0809FFC0	0x080A004F	thumb	MovementAction_SpinUp_Step0
0x080A0050	0x080A0065	thumb	MovementAction_SpinUp_Step1
0x080A0068	0x080A00F7	thumb	MovementAction_SpinLeft_Step0
0x080A00F8	0x080A010D	thumb	MovementAction_SpinLeft_Step1
0x080A0110	0x080A019F	thumb	MovementAction_SpinRight_Step0
0x080A01A0	0x080A01B5	thumb	MovementAction_SpinRight_Step1
0x080A01B8	0x080A01EB	thumb	MovementAction_RaiseHand_Step0
0x080A01EC	0x080A01F5	thumb	MovementAction_RaiseHandAndStop_Step1
0x080A01F8	0x080A02D3	thumb	MovementAction_RaiseHandAndJump_Step1
0x080A02D4	0x080A02F3	thumb	MovementAction_RaiseHandAndSwim_Step1
0x080A02F4	0x080A031F	thumb	MovementAction_ShakeHeadOrWalkInPlace_Step0
0x080A0320	0x080A0329	thumb	MovementAction_ShakeHeadOrWalkInPlace_Step1
0x080A032C	0x080A032F	thumb	MovementAction_Finish
0x080A0330	0x080A033D	thumb	MovementAction_PauseSpriteAnim
0x080A0340	0x080A034D	thumb	MovementAction_FlyUp_Step0
0x080A0350	0x080A0367	thumb	MovementAction_FlyUp_Step1
0x080A0368	0x080A0377	thumb	MovementAction_FlyDown_Step0
0x080A0378	0x080A038D	thumb	MovementAction_FlyDown_Step1
0x080A0390	0x080A0393	thumb	MovementAction_FlyUp_Step2
0x080A0394	0x080A03C1	thumb	UpdateObjectEventSpriteAnimPause
0x080A03C4	0x080A03E3	thumb	TryEnableObjectEventAnim
0x080A03E4	0x080A040B	thumb	UpdateObjectEventVisibility
0x080A040C	0x080A051B	thumb	CalcWhetherObjectIsOffscreen
0x080A051C	0x080A053B	thumb	UpdateObjEventSpriteVisibility
0x080A053C	0x080A05ED	thumb	GetAllGroundEffectFlags_OnSpawn
0x080A05F0	0x080A06CD	thumb	GetAllGroundEffectFlags_OnBeginStep
0x080A06D0	0x080A076F	thumb	GetAllGroundEffectFlags_OnFinishStep
0x080A0770	0x080A0799	thumb	ObjectEventUpdateMetatileBehaviors
0x080A079C	0x080A07E1	thumb	GetGroundEffectFlags_Reflection
0x080A07E4	0x080A0801	thumb	GetGroundEffectFlags_TallGrassOnSpawn
0x080A0804	0x080A0821	thumb	GetGroundEffectFlags_TallGrassOnBeginStep
0x080A0824	0x080A0841	thumb	GetGroundEffectFlags_LongGrassOnSpawn
0x080A0844	0x080A0861	thumb	GetGroundEffectFlags_LongGrassOnBeginStep
0x080A0864	0x080A08A5	thumb	GetGroundEffectFlags_Tracks
0x080A08A8	0x080A08EB	thumb	GetGroundEffectFlags_SandHeap
0x080A08EC	0x080A0945	thumb	GetGroundEffectFlags_ShallowFlowingWater
0x080A0948	0x080A0977	thumb	GetGroundEffectFlags_Puddle
0x080A0978	0x080A0997	thumb	GetGroundEffectFlags_Ripple
0x080A0998	0x080A09DB	thumb	GetGroundEffectFlags_ShortGrass
0x080A09DC	0x080A0A1F	thumb	GetGroundEffectFlags_HotSprings
0x080A0A20	0x080A0A3F	thumb	GetGroundEffectFlags_Seaweed
0x080A0A40	0x080A0A97	thumb	GetGroundEffectFlags_JumpLanding
0x080A0A98	0x080A0B13	thumb	ObjectEventCheckForReflectiveSurface
0x080A0B14	0x080A0B39	thumb	GetReflectionTypeByMetatileBehavior
0x080A0B3C	0x080A0B83	thumb	GetLedgeJumpDirection
0x080A0B84	0x080A0BD7	thumb	SetObjectEventSpriteOamTableForLongGrass
0x080A0BD8	0x080A0C15	thumb	IsElevationMismatchAt
0x080A0C18	0x080A0C5F	thumb	UpdateObjectEventElevationAndPriority
0x080A0C60	0x080A0C9B	thumb	InitObjectPriorityByElevation
0x080A0C9C	0x080A0CAB	thumb	ElevationToPriority
0x080A0CAC	0x080A0CF5	thumb	ObjectEventUpdateElevation
0x080A0CF8	0x080A0D37	thumb	SetObjectSubpriorityByElevation
0x080A0D38	0x080A0D77	thumb	ObjectEventUpdateSubpriority
0x080A0D78	0x080A0D97	thumb	AreElevationsCompatible
0x080A0D98	0x080A0DEF	thumb	GroundEffect_SpawnOnTallGrass
0x080A0DF0	0x080A0E43	thumb	GroundEffect_StepOnTallGrass
0x080A0E44	0x080A0E8F	thumb	GroundEffect_SpawnOnLongGrass
0x080A0E90	0x080A0EDB	thumb	GroundEffect_StepOnLongGrass
0x080A0EDC	0x080A0EE7	thumb	GroundEffect_WaterReflection
0x080A0EE8	0x080A0EF3	thumb	GroundEffect_IceReflection
0x080A0EF4	0x080A0F13	thumb	GroundEffect_FlowingWater
0x080A0F14	0x080A0F3B	thumb	GroundEffect_SandTracks
0x080A0F3C	0x080A0F63	thumb	GroundEffect_DeepSandTracks
0x080A0F64	0x080A0F65	thumb	DoTracksGroundEffect_None
0x080A0F68	0x080A0FAB	thumb	DoTracksGroundEffect_Footprints
0x080A0FAC	0x080A0FF7	thumb	DoTracksGroundEffect_BikeTireTracks
0x080A0FF8	0x080A1033	thumb	GroundEffect_Ripple
0x080A1034	0x080A1053	thumb	GroundEffect_StepOnPuddle
0x080A1054	0x080A1073	thumb	GroundEffect_SandHeap
0x080A1074	0x080A10C7	thumb	GroundEffect_JumpOnTallGrass
0x080A10C8	0x080A10EF	thumb	GroundEffect_JumpOnLongGrass
0x080A10F0	0x080A111F	thumb	GroundEffect_JumpOnShallowWater
0x080A1120	0x080A114F	thumb	GroundEffect_JumpOnWater
0x080A1150	0x080A117F	thumb	GroundEffect_JumpLandingDust
0x080A1180	0x080A119F	thumb	GroundEffect_ShortGrass
0x080A11A0	0x080A11BF	thumb	GroundEffect_HotSprings
0x080A11C0	0x080A11DF	thumb	GroundEffect_Seaweed
0x080A11E0	0x080A123F	thumb	DoFlaggedGroundEffects
0x080A1240	0x080A125B	thumb	filters_out_some_ground_effects
0x080A125C	0x080A126F	thumb	FilterOutStepOnPuddleGroundEffectIfJumping
0x080A1270	0x080A12EF	thumb	DoGroundEffects_OnSpawn
0x080A12F0	0x080A1301	thumb	DoGroundEffects_OnBeginStep
0x080A1304	0x080A1315	thumb	DoGroundEffects_OnFinishStep
0x080A1318	0x080A1373	thumb	FreezeObjectEvent
0x080A1374	0x080A1427	thumb	FreezeObjectEvents
0x080A1428	0x080A14EF	thumb	FreezeObjectEventsExceptOne
0x080A14F0	0x080A1537	thumb	UnfreezeObjectEvent
0x080A1538	0x080A15CB	thumb	UnfreezeObjectEvents
0x080A15CC	0x080A15EF	thumb	Step1
0x080A15F0	0x080A1617	thumb	Step2
0x080A1618	0x080A1643	thumb	Step3
0x080A1644	0x080A166B	thumb	Step4
0x080A166C	0x080A1693	thumb	Step8
0x080A1694	0x080A16A5	thumb	SetSpriteDataForNormalStep
0x080A16A8	0x080A1703	thumb	NpcTakeStep
0x080A1704	0x080A1711	thumb	SetWalkSlowerSpriteData
0x080A1714	0x080A175F	thumb	UpdateWalkSlowerAnim
0x080A1760	0x080A176D	thumb	SetWalkSlowSpriteData
0x080A1770	0x080A17C3	thumb	UpdateWalkSlowAnim
0x080A17C4	0x080A17D1	thumb	SetWalkSlowestSpriteData
0x080A17D4	0x080A1823	thumb	UpdateWalkSlowestAnim
0x080A1824	0x080A1831	thumb	SetRunSlowSpriteData
0x080A1834	0x080A189F	thumb	UpdateRunSlowAnim
0x080A18A0	0x080A18B3	thumb	GetJumpY
0x080A18B4	0x080A18CB	thumb	SetJumpSpriteData
0x080A18CC	0x080A1957	thumb	DoJumpSpriteMovement
0x080A1958	0x080A19F7	thumb	DoJumpSpecialSpriteMovement
0x080A19F8	0x080A19FB	thumb	SetMovementDelay
0x080A19FC	0x080A1A0F	thumb	WaitForMovementDelay
0x080A1A10	0x080A1A2F	thumb	SetAndStartSpriteAnim
0x080A1A30	0x080A1A39	thumb	SpriteAnimEnded
0x080A1A3C	0x080A1B0B	thumb	UpdateObjectEventSpriteInvisibility
0x080A1B0C	0x080A1B5B	thumb	SpriteCB_VirtualObject
0x080A1B5C	0x080A1BBB	thumb	DestroyVirtualObjects
0x080A1BBC	0x080A1C03	thumb	GetVirtualObjectSpriteId
0x080A1C04	0x080A1C5F	thumb	TurnVirtualObject
0x080A1C60	0x080A1D83	thumb	SetVirtualObjectGraphics
0x080A1D84	0x080A1DDB	thumb	SetVirtualObjectInvisibility
0x080A1DDC	0x080A1E33	thumb	IsVirtualObjectInvisible
0x080A1E34	0x080A1E8B	thumb	SetVirtualObjectSpriteAnim
0x080A1E8C	0x080A1EBD	thumb	MoveUnionRoomObjectUp
0x080A1EC0	0x080A1EE5	thumb	MoveUnionRoomObjectDown
0x080A1EE8	0x080A1F73	thumb	VirtualObject_UpdateAnim
0x080A1F74	0x080A1FC7	thumb	IsVirtualObjectAnimating
0x080A1FC8	0x080A1FE7	thumb	StartFieldEffectForObjectEvent
0x080A1FE8	0x080A2013	thumb	DoShadowFieldEffect
0x080A2014	0x080A204F	thumb	DoRippleFieldEffect
0x080A2050	0x080A20B7	thumb	SetObjectMovementType
0x080A20B8	0x080A20FF	thumb	TemplateIsObstacleAndWithinView.part.0
0x080A2100	0x080A2153	thumb	UpdateObjectEventCoordsForCameraUpdate.part.0
0x080A2154	0x080A21B3	thumb	TryGetTrainerEncounterDirection.part.0
0x080A21B4	0x080A21FF	thumb	SetStepAnimHandleAlternation.part.0
0x080A2200	0x080A228B	thumb	DoGroundEffects_OnBeginStep.part.0
0x080A228C	0x080A230F	thumb	DoGroundEffects_OnFinishStep.part.0
0x080A231C	0x080A231D	thumb	SpriteCallbackDummy_EvoSparkles
0x080A2320	0x080A234B	thumb	SetEvoSparklesMatrices
0x080A234C	0x080A23FD	thumb	SpriteCB_PreEvoSparkleSet1
0x080A2400	0x080A2453	thumb	CreatePreEvoSparkleSet1
0x080A2454	0x080A24C1	thumb	SpriteCB_PreEvoSparkleSet2
0x080A24C4	0x080A251F	thumb	CreatePreEvoSparkleSet2
0x080A2520	0x080A2561	thumb	SpriteCB_PostEvoSparkleSet1
0x080A2564	0x080A25C7	thumb	CreatePostEvoSparkleSet1
0x080A25C8	0x080A2673	thumb	SpriteCB_PostEvoSparkleSet2
0x080A2674	0x080A26E3	thumb	CreatePostEvoSparkleSet2
0x080A26E4	0x080A26FF	thumb	LoadEvoSparkleSpriteAndPal
0x080A2700	0x080A2727	thumb	EvolutionSparkles_SpiralUpward
0x080A2728	0x080A278F	thumb	EvoTask_PreEvoSparkleSet1Init
0x080A2790	0x080A27FF	thumb	EvoTask_CreatePreEvoSparkleSet1
0x080A2800	0x080A282B	thumb	EvoTask_WaitForPre1SparklesToGoUp
0x080A282C	0x080A283F	thumb	EvolutionSparkles_ArcDown
0x080A2840	0x080A288F	thumb	EvoTask_PreEvoSparkleSet2Init
0x080A2890	0x080A28E3	thumb	EvoTask_CreatePreEvoSparklesSet2
0x080A28E4	0x080A28F1	thumb	EvoTask_PreEvoSparkleSet2Teardown
0x080A28F4	0x080A2907	thumb	EvolutionSparkles_CircleInward
0x080A2908	0x080A2957	thumb	EvoTask_PostEvoSparklesSet1Init
0x080A2958	0x080A29EB	thumb	EvoTask_CreatePostEvoSparklesSet1
0x080A29EC	0x080A29F9	thumb	EvoTask_PostEvoSparklesSet1Teardown
0x080A29FC	0x080A2A23	thumb	EvolutionSparkles_SprayAndFlash
0x080A2A24	0x080A2A9F	thumb	EvoTask_PostEvoSparklesSet2Init
0x080A2AA0	0x080A2B2F	thumb	EvoTask_CreatePostEvoSparklesSet2
0x080A2B30	0x080A2B4B	thumb	EvoTask_PostEvoSparklesSet2Teardown
0x080A2B4C	0x080A2B73	thumb	EvolutionSparkles_SprayAndFlash_Trade
0x080A2B74	0x080A2BEF	thumb	EvoTask_PostEvoSparklesSet2TradeInit
0x080A2BF0	0x080A2C7F	thumb	EvoTask_CreatePostEvoSparklesSet2Trade
0x080A2C80	0x080A2C81	thumb	SpriteCallbackDummy_MonSprites
0x080A2C84	0x080A2DA7	thumb	CycleEvolutionMonSprite
0x080A2DA8	0x080A2DCB	thumb	EvoTask_PrePostEvoMonSpritesInit
0x080A2DCC	0x080A2E17	thumb	EvoTask_ChooseNextEvoSpriteAnim
0x080A2E18	0x080A2F73	thumb	EvoTask_ShrinkOrExpandEvoSprites
0x080A2F74	0x080A2FD7	thumb	PreEvoInvisible_PostEvoVisible_KillTask
0x080A2FD8	0x080A303B	thumb	PreEvoVisible_PostEvoInvisible_KillTask
0x080A303C	0x080A3049	thumb	CB2_BeginEvolutionScene
0x080A304C	0x080A30BF	thumb	Task_BeginEvolutionScene
0x080A30C0	0x080A3103	thumb	BeginEvolutionScene
0x080A3104	0x080A33E3	thumb	EvolutionScene
0x080A33E4	0x080A35BF	thumb	CB2_EvolutionSceneLoadGraphics
0x080A35C0	0x080A37C7	thumb	CB2_TradeEvolutionSceneLoadGraphics
0x080A37C8	0x080A3977	thumb	TradeEvolutionScene
0x080A3978	0x080A3991	thumb	CB2_EvolutionSceneUpdate
0x080A3994	0x080A39AD	thumb	CB2_TradeEvolutionSceneUpdate
0x080A39B0	0x080A3B63	thumb	CreateShedinja
0x080A3B64	0x080A44A3	thumb	Task_EvolutionScene
0x080A44A4	0x080A4CF7	thumb	Task_TradeEvolutionScene
0x080A4CF8	0x080A4CF9	thumb	EvoDummyFunc
0x080A4CFC	0x080A4D83	thumb	VBlankCB_EvolutionScene
0x080A4D84	0x080A4D8D	thumb	VBlankCB_TradeEvolutionScene
0x080A4D90	0x080A4E3F	thumb	Task_UpdateBgPalette
0x080A4E40	0x080A4E6B	thumb	CreateBgAnimTask
0x080A4E6C	0x080A4F37	thumb	Task_AnimateBg
0x080A4F38	0x080A4F87	thumb	InitMovingBgPalette
0x080A4F88	0x080A5123	thumb	StartBgAnimation
0x080A5124	0x080A5153	thumb	IsMovingBackgroundTaskRunning
0x080A5154	0x080A518B	thumb	StopBgAnimation
0x080A518C	0x080A51F7	thumb	RestoreBgAfterAnim
0x080A51F8	0x080A5209	thumb	FC_VBlankCallback
0x080A520C	0x080A5221	thumb	MainCB2_FameCheckerMain
0x080A5224	0x080A5263	thumb	UseFameChecker
0x080A5264	0x080A54DB	thumb	MainCB2_LoadFameChecker
0x080A54DC	0x080A54F7	thumb	LoadUISpriteSheetsAndPalettes
0x080A54F8	0x080A551F	thumb	Task_WaitFadeOnInit
0x080A5520	0x080A57CB	thumb	Task_TopMenuHandleInput
0x080A57CC	0x080A5883	thumb	TryExitPickMode
0x080A5884	0x080A58AB	thumb	MessageBoxPrintEmptyText
0x080A58AC	0x080A590B	thumb	Task_EnterPickMode
0x080A590C	0x080A59EB	thumb	Task_ExitPickMode
0x080A59EC	0x080A5C17	thumb	Task_FlavorTextDisplayHandleInput
0x080A5C18	0x080A5D33	thumb	FC_MoveSelectorCursor
0x080A5D34	0x080A5E1B	thumb	GetPickModeText
0x080A5E1C	0x080A5EC7	thumb	PrintSelectedNameInBrightGreen
0x080A5EC8	0x080A5EF3	thumb	WipeMsgBoxAndTransfer
0x080A5EF4	0x080A5F21	thumb	Setup_DrawMsgAndListBoxes
0x080A5F24	0x080A5F3D	thumb	FC_PutWindowTilemapAndCopyWindowToVramMode3
0x080A5F40	0x080A5F73	thumb	SetMessageSelectorIconObjMode
0x080A5F74	0x080A5FAF	thumb	Task_StartToCloseFameChecker
0x080A5FB0	0x080A617B	thumb	Task_DestroyAssetsAndCloseFameChecker
0x080A617C	0x080A61A3	thumb	FC_DestroyWindow
0x080A61A4	0x080A61CF	thumb	AdjustGiovanniIndexIfBeatenInGym
0x080A61D0	0x080A6257	thumb	PrintUIHelp
0x080A6258	0x080A6287	thumb	DestroyAllFlavorTextIcons
0x080A6288	0x080A63C7	thumb	CreateAllFlavorTextIcons
0x080A63C8	0x080A63FB	thumb	ResetFameChecker
0x080A63FC	0x080A6433	thumb	FullyUnlockFameChecker
0x080A6434	0x080A6563	thumb	FCSetup_ClearVideoRegisters
0x080A6564	0x080A658F	thumb	FCSetup_ResetTasksAndSpriteResources
0x080A6590	0x080A659F	thumb	FCSetup_TurnOnDisplay
0x080A65A0	0x080A65F5	thumb	FCSetup_ResetBGCoords
0x080A65F8	0x080A6653	thumb	SetFlavorTextFlagFromSpecialVars
0x080A6654	0x080A66AF	thumb	UpdatePickStateFromSpecialVar8005
0x080A66B0	0x080A6713	thumb	HasUnlockedAllFlavorTextsForCurrentPerson
0x080A6714	0x080A675F	thumb	CheckFilledFameCheckerFor0x8004
0x080A6760	0x080A6775	thumb	FreeSelectionCursorSpriteResources
0x080A6778	0x080A67AF	thumb	CreateFlavorTextIconSelectorCursorSprite
0x080A67B0	0x080A67B9	thumb	SpriteCB_DestroyFlavorTextIconSelectorCursor
0x080A67BC	0x080A67CB	thumb	FreeQuestionMarkSpriteResources
0x080A67CC	0x080A6803	thumb	PlaceQuestionMarkTile
0x080A6804	0x080A681B	thumb	FreeSpinningPokeballSpriteResources
0x080A681C	0x080A6833	thumb	CreateSpinningPokeballSprite
0x080A6834	0x080A6847	thumb	SpriteCB_DestroySpinningPokeball
0x080A6848	0x080A6873	thumb	FreeNonTrainerPicTiles
0x080A6874	0x080A68AF	thumb	SpriteCB_FCSpinningPokeball
0x080A68B0	0x080A69C3	thumb	CreatePersonPicSprite
0x080A69C4	0x080A6A37	thumb	DestroyPersonPicSprite
0x080A6A38	0x080A6B53	thumb	UpdateIconDescriptionBox
0x080A6B54	0x080A6B7B	thumb	UpdateIconDescriptionBoxOff
0x080A6B7C	0x080A6BBF	thumb	FC_CreateListMenu
0x080A6BC0	0x080A6BF3	thumb	InitListMenuTemplate
0x080A6BF4	0x080A6D97	thumb	FC_MoveCursorFunc
0x080A6D98	0x080A6DEB	thumb	Task_SwitchToPickMode
0x080A6DEC	0x080A6E37	thumb	PrintCancelDescription
0x080A6E38	0x080A6F3B	thumb	FC_DoMoveCursor
0x080A6F3C	0x080A707B	thumb	FC_PopulateListMenu
0x080A707C	0x080A7095	thumb	FC_PutWindowTilemapAndCopyWindowToVramMode3_2
0x080A7098	0x080A70D3	thumb	FC_CreateScrollIndicatorArrowPair
0x080A70D4	0x080A70EF	thumb	FreeListMenuSelectorArrowPairResources
0x080A70F0	0x080A711F	thumb	FameCheckerGetCursorY
0x080A7120	0x080A7143	thumb	HandleFlavorTextModeSwitch
0x080A7144	0x080A71A7	thumb	Task_FCOpenOrCloseInfoBox
0x080A71A8	0x080A74CF	thumb	UpdateInfoBoxTilemap
0x080A74D0	0x080A751F	thumb	PlaceListMenuCursor
0x080A7520	0x080A7583	thumb	HandleFlavorTextModeSwitch.part.0
0x080A7584	0x080A75AB	thumb	GetMewObjectEventId
0x080A75AC	0x080A80F3	thumb	GetMewMoveDirection
0x080A80F4	0x080A813B	thumb	CanMewMoveToCoords
0x080A813C	0x080A837F	thumb	GetValidMewMoveDirection
0x080A8380	0x080A83C7	thumb	UpdateFarawayIslandStepCounter
0x080A83C8	0x080A83EB	thumb	ObjectEventIsFarawayIslandMew
0x080A83EC	0x080A8427	thumb	IsMewPlayingHideAndSeek
0x080A8428	0x080A8453	thumb	ShouldMewShakeGrass
0x080A8454	0x080A85B7	thumb	SetMewAboveGrass
0x080A85B8	0x080A85DB	thumb	DestroyMewEmergingGrassSprite
0x080A85DC	0x080A864B	thumb	ShouldMewMoveNorth
0x080A864C	0x080A86BB	thumb	ShouldMewMoveEast
0x080A86BC	0x080A872B	thumb	ShouldMewMoveSouth
0x080A872C	0x080A879B	thumb	ShouldMewMoveWest
0x080A879C	0x080A87BF	thumb	GetRandomMewDirectionCandidate
0x080A87C0	0x080A87C9	thumb	move_tilemap_camera_to_upper_left_corner_
0x080A87CC	0x080A87DF	thumb	tilemap_move_something
0x080A87E0	0x080A87ED	thumb	coords8_add
0x080A87F0	0x080A87FF	thumb	move_tilemap_camera_to_upper_left_corner
0x080A8800	0x080A8863	thumb	FieldUpdateBgTilemapScroll
0x080A8864	0x080A888F	thumb	FieldCameraGetPixelOffsetAtGround
0x080A8890	0x080A88B3	thumb	DrawWholeMapView
0x080A88B4	0x080A8933	thumb	DrawWholeMapViewInternal
0x080A8934	0x080A897F	thumb	RedrawMapSlicesForCameraUpdate
0x080A8980	0x080A89E7	thumb	RedrawMapSliceNorth
0x080A89E8	0x080A8A3B	thumb	RedrawMapSliceSouth
0x080A8A3C	0x080A8A8B	thumb	RedrawMapSliceEast
0x080A8A8C	0x080A8AF3	thumb	RedrawMapSliceWest
0x080A8AF4	0x080A8B4F	thumb	CurrentMapDrawMetatileAt
0x080A8B50	0x080A8BA3	thumb	DrawDoorMetatileAt
0x080A8BA4	0x080A8C17	thumb	DrawMetatileAt
0x080A8C18	0x080A8D07	thumb	DrawMetatile
0x080A8D08	0x080A8D53	thumb	MapPosToBgTilemapOffset
0x080A8D54	0x080A8D77	thumb	CameraUpdateCallback
0x080A8D78	0x080A8D8F	thumb	ResetCameraUpdateInfo
0x080A8D90	0x080A8DCF	thumb	InitCameraUpdateCallback
0x080A8DD0	0x080A9113	thumb	CameraUpdate
0x080A9114	0x080A9167	thumb	MoveCameraAndRedrawMap
0x080A9168	0x080A945B	thumb	CameraUpdateNoObjectRefresh
0x080A945C	0x080A9467	thumb	SetCameraPanningCallback
0x080A9468	0x080A947B	thumb	SetCameraPanning
0x080A947C	0x080A94A7	thumb	InstallCameraPanAheadCallback
0x080A94A8	0x080A94F3	thumb	UpdateCameraPanning
0x080A94F4	0x080A958B	thumb	CameraPanningCB_PanAhead
0x080A9590	0x080A959D	thumb	FieldClearPlayerInput
0x080A95A0	0x080A973F	thumb	FieldGetPlayerInput
0x080A9740	0x080A97AB	thumb	QuestLogOverrideJoyVars
0x080A97AC	0x080A9B17	thumb	ProcessPlayerFieldInput
0x080A9B18	0x080A9BC7	thumb	FieldInput_HandleCancelSignpost
0x080A9BC8	0x080A9BED	thumb	Task_QuestLogPlayback_OpenStartMenu
0x080A9BF0	0x080A9C05	thumb	GetPlayerPosition
0x080A9C08	0x080A9C47	thumb	GetInFrontOfPlayerPosition
0x080A9C48	0x080A9C71	thumb	GetPlayerCurMetatileBehavior
0x080A9C74	0x080A9CB3	thumb	TryStartInteractionScript
0x080A9CB4	0x080A9CF9	thumb	GetInteractionScript
0x080A9CFC	0x080A9DA3	thumb	GetInteractedLinkPlayerScript
0x080A9DA4	0x080A9E7F	thumb	GetInteractedObjectEventScript
0x080A9E80	0x080A9F7F	thumb	GetInteractedBackgroundEventScript
0x080A9F80	0x080AA267	thumb	GetInteractedMetatileScript
0x080AA268	0x080AA2E7	thumb	GetInteractedWaterScript
0x080AA2E8	0x080AA35B	thumb	TryStartStepBasedScript
0x080AA35C	0x080AA38B	thumb	TryStartCoordEventScript
0x080AA38C	0x080AA38F	thumb	TryStartMiscWalkingScripts
0x080AA390	0x080AA427	thumb	TryStartStepCountScript
0x080AA428	0x080AA43B	thumb	Unref_ClearHappinessStepCounter
0x080AA43C	0x080AA473	thumb	UpdateHappinessStepCounter
0x080AA474	0x080AA487	thumb	ClearPoisonStepCounter
0x080AA488	0x080AA4CB	thumb	UpdatePoisonStepCounter
0x080AA4CC	0x080AA4D5	thumb	RestartWildEncounterImmunitySteps
0x080AA4D8	0x080AA4DB	thumb	ShouldDisableRandomEncounters
0x080AA4DC	0x080AA4DF	thumb	CheckStandardWildEncounter
0x080AA4E0	0x080AA5CB	thumb	TrySetUpWalkIntoSignpostScript
0x080AA5CC	0x080AA637	thumb	GetFacingSignpostType
0x080AA638	0x080AA657	thumb	SetUpWalkIntoSignScript
0x080AA658	0x080AA6B3	thumb	GetSignpostScriptAtMapPosition
0x080AA6B4	0x080AA747	thumb	TryArrowWarp
0x080AA748	0x080AA807	thumb	TryStartWarpEventScript
0x080AA808	0x080AA873	thumb	IsWarpMetatileBehavior
0x080AA874	0x080AA8C5	thumb	IsDirectionalStairWarpMetatileBehavior
0x080AA8C8	0x080AA911	thumb	IsArrowWarpMetatileBehavior
0x080AA914	0x080AA96F	thumb	GetWarpEventAtMapPosition
0x080AA970	0x080AA9EB	thumb	SetupWarp
0x080AA9EC	0x080AAA47	thumb	TryDoorWarp
0x080AAA48	0x080AAA9D	thumb	GetWarpEventAtPosition
0x080AAAA0	0x080AAAD9	thumb	TryRunCoordEventScript
0x080AAADC	0x080AAB39	thumb	GetCoordEventScriptAtPosition
0x080AAB3C	0x080AAB7F	thumb	HandleBoulderFallThroughHole
0x080AAB80	0x080AABE3	thumb	HandleBoulderActivateVictoryRoadSwitch
0x080AABE4	0x080AAC07	thumb	GetCoordEventScriptAtMapPosition
0x080AAC08	0x080AAC4D	thumb	GetBackgroundEventAtPosition
0x080AAC50	0x080AACC3	thumb	dive_warp
0x080AACC4	0x080AAD4B	thumb	TrySetDiveWarp
0x080AAD4C	0x080AADAD	thumb	GetObjectEventScriptPointerPlayerFacing
0x080AADB0	0x080AAE4B	thumb	SetCableClubWarp
0x080AAE4C	0x080AAE93	thumb	EnableAutoRun
0x080AAE94	0x080AAEBF	thumb	SwitchBikeGears
0x080AAEC0	0x080AAEEB	thumb	TrySetupDiveDownScript
0x080AAEEC	0x080AAF5B	thumb	TrySetupDiveEmergeScript
0x080AAF5C	0x080AAFAF	thumb	DrawDoor
0x080AAFB0	0x080AAFD1	thumb	DrawClosedDoorTiles
0x080AAFD4	0x080AAFE7	thumb	CopyDoorTilesToVram
0x080AAFE8	0x080AB02D	thumb	DrawCurrentDoorAnimFrame
0x080AB030	0x080AB05D	thumb	BuildDoorTiles
0x080AB060	0x080AB0D7	thumb	Task_AnimateDoor
0x080AB0D8	0x080AB12D	thumb	AnimateDoorFrame
0x080AB130	0x080AB14F	thumb	GetDoorGraphics
0x080AB150	0x080AB1AB	thumb	StartDoorAnimationTask
0x080AB1AC	0x080AB1CD	thumb	DrawClosedDoor
0x080AB1D0	0x080AB227	thumb	DrawOpenedDoor
0x080AB228	0x080AB23F	thumb	GetLastDoorAnimFrame
0x080AB240	0x080AB2E7	thumb	AnimateDoorOpenInternal
0x080AB2E8	0x080AB38F	thumb	StartDoorCloseAnimation
0x080AB390	0x080AB3C3	thumb	FieldSetDoorOpened
0x080AB3C4	0x080AB3F1	thumb	FieldSetDoorClosed
0x080AB3F4	0x080AB42B	thumb	FieldAnimateDoorClose
0x080AB42C	0x080AB463	thumb	FieldAnimateDoorOpen
0x080AB464	0x080AB473	thumb	FieldIsDoorAnimationRunning
0x080AB474	0x080AB4AB	thumb	GetDoorSoundEffect
0x080AB4AC	0x080AB4E1	thumb	GetDoorSoundType
0x080AB4E4	0x080AB5AB	thumb	SetUpReflection
0x080AB5AC	0x080AB5BF	thumb	GetReflectionVerticalOffset
0x080AB5C0	0x080AB63F	thumb	LoadObjectReflectionPalette
0x080AB640	0x080AB693	thumb	LoadObjectRegularReflectionPalette
0x080AB694	0x080AB6BF	thumb	LoadObjectHighBridgeReflectionPalette
0x080AB6C0	0x080AB81B	thumb	UpdateObjectReflectionSprite
0x080AB81C	0x080AB85F	thumb	CreateWarpArrowSprite
0x080AB860	0x080AB87B	thumb	SetSpriteInvisible
0x080AB87C	0x080AB91B	thumb	ShowWarpArrowSprite
0x080AB91C	0x080AB9B3	thumb	FldEff_Shadow
0x080AB9B4	0x080ABA6F	thumb	UpdateShadowFieldEffect
0x080ABA70	0x080ABB53	thumb	FldEff_TallGrass
0x080ABB54	0x080ABC4F	thumb	UpdateTallGrassFieldEffect
0x080ABC50	0x080ABCB7	thumb	FldEff_JumpTallGrass
0x080ABCB8	0x080ABD4F	thumb	FindTallGrassFieldEffectSpriteId
0x080ABD50	0x080ABDEF	thumb	FldEff_LongGrass
0x080ABDF0	0x080ABEE3	thumb	UpdateLongGrassFieldEffect
0x080ABEE4	0x080ABF4F	thumb	FldEff_JumpLongGrass
0x080ABF50	0x080ABFD3	thumb	FldEff_ShortGrass
0x080ABFD4	0x080AC0BF	thumb	UpdateShortGrassFieldEffect
0x080AC0C0	0x080AC133	thumb	FldEff_SandFootprints
0x080AC134	0x080AC1AB	thumb	FldEff_DeepSandFootprints
0x080AC1AC	0x080AC223	thumb	FldEff_BikeTireTracks
0x080AC224	0x080AC23B	thumb	UpdateFootprintsTireTracksFieldEffect
0x080AC23C	0x080AC259	thumb	FadeFootprintsTireTracks_Step0
0x080AC25C	0x080AC2A1	thumb	FadeFootprintsTireTracks_Step1
0x080AC2A4	0x080AC33B	thumb	FldEff_Splash
0x080AC33C	0x080AC3A7	thumb	UpdateSplashFieldEffect
0x080AC3A8	0x080AC413	thumb	FldEff_JumpSmallSplash
0x080AC414	0x080AC47F	thumb	FldEff_JumpBigSplash
0x080AC480	0x080AC543	thumb	FldEff_FeetInFlowingWater
0x080AC544	0x080AC5D7	thumb	UpdateFeetInFlowingWaterFieldEffect
0x080AC5D8	0x080AC633	thumb	FldEff_Ripple
0x080AC634	0x080AC6B7	thumb	FldEff_HotSpringsWater
0x080AC6B8	0x080AC74F	thumb	UpdateHotSpringsWaterFieldEffect
0x080AC750	0x080AC7B7	thumb	FldEff_UnusedGrass
0x080AC7B8	0x080AC81F	thumb	FldEff_UnusedGrass2
0x080AC820	0x080AC887	thumb	FldEff_UnusedSand
0x080AC888	0x080AC8EF	thumb	FldEff_UnusedWaterSurfacing
0x080AC8F0	0x080AC923	thumb	StartAshFieldEffect
0x080AC924	0x080AC9A7	thumb	FldEff_Ash
0x080AC9A8	0x080AC9BF	thumb	UpdateAshFieldEffect
0x080AC9C0	0x080AC9E5	thumb	UpdateAshFieldEffect_Step0
0x080AC9E8	0x080ACA3F	thumb	UpdateAshFieldEffect_Step1
0x080ACA40	0x080ACA61	thumb	UpdateAshFieldEffect_Step2
0x080ACA64	0x080ACACF	thumb	FldEff_SurfBlob
0x080ACAD0	0x080ACAEF	thumb	SetSurfBlob_BobState
0x080ACAF0	0x080ACB13	thumb	SetSurfBlob_DontSyncAnim
0x080ACB14	0x080ACB47	thumb	SetSurfBlob_PlayerOffset
0x080ACB48	0x080ACB4F	thumb	GetSurfBlob_BobState
0x080ACB50	0x080ACB57	thumb	GetSurfBlob_DontSyncAnim
0x080ACB58	0x080ACB5F	thumb	GetSurfBlob_HasPlayerOffset
0x080ACB60	0x080ACBEB	thumb	UpdateSurfBlobFieldEffect
0x080ACBEC	0x080ACC1F	thumb	SynchroniseSurfAnim
0x080ACC20	0x080ACC91	thumb	SynchroniseSurfPosition
0x080ACC94	0x080ACD1B	thumb	CreateBobbingEffect
0x080ACD1C	0x080ACD5F	thumb	StartUnderwaterSurfBlobBobbing
0x080ACD60	0x080ACD9B	thumb	SpriteCB_UnderwaterSurfBlob
0x080ACD9C	0x080ACE07	thumb	FldEff_Dust
0x080ACE08	0x080ACEA7	thumb	FldEff_SandPile
0x080ACEA8	0x080ACF5B	thumb	UpdateSandPileFieldEffect
0x080ACF5C	0x080ACFBB	thumb	FldEff_Bubbles
0x080ACFBC	0x080ACFF7	thumb	UpdateBubblesFieldEffect
0x080ACFF8	0x080ACFFB	thumb	FldEff_BerryTreeGrowthSparkle
0x080ACFFC	0x080AD00B	thumb	ShowTreeDisguiseFieldEffect
0x080AD00C	0x080AD01B	thumb	ShowMountainDisguiseFieldEffect
0x080AD01C	0x080AD02B	thumb	ShowSandDisguiseFieldEffect
0x080AD02C	0x080AD0B7	thumb	ShowDisguiseFieldEffect
0x080AD0B8	0x080AD197	thumb	UpdateDisguiseFieldEffect
0x080AD198	0x080AD1B7	thumb	StartRevealDisguise
0x080AD1B8	0x080AD1F3	thumb	UpdateRevealDisguise
0x080AD1F4	0x080AD263	thumb	FldEff_Sparkle
0x080AD264	0x080AD29D	thumb	UpdateSparkleFieldEffect
0x080AD2A0	0x080AD2D1	thumb	UpdateJumpImpactEffect
0x080AD2D4	0x080AD2F3	thumb	WaitFieldEffectSpriteAnim
0x080AD2F4	0x080AD42F	thumb	UpdateGrassFieldEffectSubpriority
0x080AD434	0x080AD487	thumb	FieldEffectStart
0x080AD488	0x080AD499	thumb	FieldEffectCmd_loadtiles
0x080AD49C	0x080AD4AD	thumb	FieldEffectCmd_loadfadedpal
0x080AD4B0	0x080AD4C1	thumb	FieldEffectCmd_loadpal
0x080AD4C4	0x080AD4F7	thumb	FieldEffectCmd_callnative
0x080AD4F8	0x080AD4FB	thumb	FieldEffectCmd_end
0x080AD4FC	0x080AD53B	thumb	FieldEffectCmd_loadgfx_callnative
0x080AD53C	0x080AD575	thumb	FieldEffectCmd_loadtiles_callnative
0x080AD578	0x080AD5B1	thumb	FieldEffectCmd_loadfadedpal_callnative
0x080AD5B4	0x080AD5CB	thumb	FieldEffectScript_ReadWord
0x080AD5CC	0x080AD60B	thumb	FieldEffectScript_LoadTiles
0x080AD60C	0x080AD66F	thumb	ApplyGlobalFieldPaletteTint
0x080AD670	0x080AD71B	thumb	FieldEffectScript_LoadFadedPal
0x080AD71C	0x080AD75D	thumb	FieldEffectScript_LoadPal
0x080AD760	0x080AD78D	thumb	FieldEffectScript_CallNative
0x080AD790	0x080AD7AF	thumb	FieldEffectFreeGraphicsResources
0x080AD7B0	0x080AD7EF	thumb	FieldEffectStop
0x080AD7F0	0x080AD83F	thumb	FieldEffectFreeTilesIfUnused
0x080AD840	0x080AD88B	thumb	FieldEffectFreePaletteIfUnused
0x080AD88C	0x080AD89F	thumb	FieldEffectActiveListClear
0x080AD8A0	0x080AD8BF	thumb	FieldEffectActiveListAdd
0x080AD8C0	0x080AD8DF	thumb	FieldEffectActiveListRemove
0x080AD8E0	0x080AD903	thumb	FieldEffectActiveListContains
0x080AD904	0x080AD983	thumb	CreateTrainerSprite
0x080AD984	0x080AD9B3	thumb	LoadTrainerGfx_TrainerCard
0x080AD9B4	0x080AD9E3	thumb	AddNewGameBirchObject
0x080AD9E4	0x080ADA3F	thumb	CreateMonSprite_PicBox
0x080ADA40	0x080ADAAB	thumb	CreateMonSprite_FieldMove
0x080ADAAC	0x080ADAD5	thumb	FreeResourcesAndDestroySprite
0x080ADAD8	0x080ADB33	thumb	MultiplyInvertedPaletteRGBComponents
0x080ADB34	0x080ADB83	thumb	MultiplyPaletteRGBComponents
0x080ADB84	0x080ADBCF	thumb	CountAliveMonsInNuzlocke
0x080ADBD0	0x080ADC47	thumb	FldEff_PokecenterHeal
0x080ADC48	0x080ADC73	thumb	Task_PokecenterHeal
0x080ADC74	0x080ADCF3	thumb	PokecenterHealEffect_Init
0x080ADCF4	0x080ADD27	thumb	PokecenterHealEffect_WaitForBallPlacement
0x080ADD28	0x080ADD4B	thumb	PokecenterHealEffect_WaitForBallFlashing
0x080ADD4C	0x080ADD9B	thumb	PokecenterHealEffect_WaitForSoundAndEnd
0x080ADD9C	0x080ADDCF	thumb	FldEff_HallOfFameRecord
0x080ADDD0	0x080ADDFB	thumb	Task_HallOfFameRecord
0x080ADDFC	0x080ADE47	thumb	HallOfFameRecordEffect_Init
0x080ADE48	0x080ADE87	thumb	HallOfFameRecordEffect_WaitForBallPlacement
0x080ADE88	0x080ADEAB	thumb	HallOfFameRecordEffect_WaitForBallFlashing
0x080ADEAC	0x080ADEFB	thumb	HallOfFameRecordEffect_WaitForSoundAndEnd
0x080ADEFC	0x080ADF4B	thumb	CreateGlowingPokeballsEffect
0x080ADF4C	0x080ADF63	thumb	SpriteCB_PokeballGlowEffect
0x080ADF64	0x080ADFF7	thumb	PokeballGlowEffect_PlaceBalls
0x080ADFF8	0x080AE027	thumb	PokeballGlowEffect_TryPlaySe
0x080AE028	0x080AE15B	thumb	PokeballGlowEffect_FlashFirstThree
0x080AE15C	0x080AE247	thumb	PokeballGlowEffect_FlashLast
0x080AE248	0x080AE25B	thumb	PokeballGlowEffect_WaitAfterFlash
0x080AE25C	0x080AE263	thumb	PokeballGlowEffect_Dummy
0x080AE264	0x080AE285	thumb	PokeballGlowEffect_WaitForSound
0x080AE288	0x080AE289	thumb	PokeballGlowEffect_Idle
0x080AE28C	0x080AE2C7	thumb	SpriteCB_PokeballGlow
0x080AE2C8	0x080AE307	thumb	CreatePokecenterMonitorSprite
0x080AE308	0x080AE359	thumb	SpriteCB_PokecenterMonitor
0x080AE35C	0x080AE377	thumb	CreateHofMonitorSprite
0x080AE378	0x080AE3A1	thumb	SpriteCB_HallOfFameMonitor
0x080AE3A4	0x080AE3C3	thumb	ReturnToFieldFromFlyMapSelect
0x080AE3C4	0x080AE3EB	thumb	FieldCallback_UseFly
0x080AE3EC	0x080AE47B	thumb	Task_UseFly
0x080AE47C	0x080AE4D3	thumb	FieldCallback_FlyIntoMap
0x080AE4D4	0x080AE537	thumb	Task_FlyIntoMap
0x080AE538	0x080AE567	thumb	FieldCB_FallWarpExit
0x080AE568	0x080AE59B	thumb	Task_FallWarpFieldEffect
0x080AE59C	0x080AE633	thumb	FallWarpEffect_1
0x080AE634	0x080AE64D	thumb	FallWarpEffect_2
0x080AE650	0x080AE6BB	thumb	FallWarpEffect_3
0x080AE6BC	0x080AE797	thumb	FallWarpEffect_4
0x080AE798	0x080AE7B3	thumb	FallWarpEffect_5
0x080AE7B4	0x080AE7EF	thumb	FallWarpEffect_6
0x080AE7F0	0x080AE867	thumb	FallWarpEffect_7
0x080AE868	0x080AE897	thumb	StartEscalatorWarp
0x080AE898	0x080AE8CB	thumb	Task_EscalatorWarpFieldEffect
0x080AE8CC	0x080AE8F1	thumb	EscalatorWarpEffect_1
0x080AE8F4	0x080AE963	thumb	EscalatorWarpEffect_2
0x080AE964	0x080AE98B	thumb	EscalatorWarpEffect_3
0x080AE98C	0x080AE9DB	thumb	EscalatorWarpEffect_4
0x080AE9DC	0x080AEA03	thumb	EscalatorWarpEffect_5
0x080AEA04	0x080AEA53	thumb	EscalatorWarpEffect_6
0x080AEA54	0x080AEA9F	thumb	Escalator_AnimatePlayerGoingDown
0x080AEAA0	0x080AEAEB	thumb	Escalator_AnimatePlayerGoingUp
0x080AEAEC	0x080AEAF9	thumb	Escalator_BeginFadeOutToNewMap
0x080AEAFC	0x080AEB47	thumb	Escalator_TransitionToWarpInEffect
0x080AEB48	0x080AEB77	thumb	FieldCB_EscalatorWarpIn
0x080AEB78	0x080AEBAB	thumb	Task_EscalatorWarpInFieldEffect
0x080AEBAC	0x080AEC23	thumb	EscalatorWarpInEffect_1
0x080AEC24	0x080AEC63	thumb	EscalatorWarpInEffect_2
0x080AEC64	0x080AECD7	thumb	EscalatorWarpInEffect_3
0x080AECD8	0x080AED17	thumb	EscalatorWarpInEffect_4
0x080AED18	0x080AED8B	thumb	EscalatorWarpInEffect_5
0x080AED8C	0x080AEDAD	thumb	EscalatorWarpInEffect_6
0x080AEDB0	0x080AEE0B	thumb	EscalatorWarpInEffect_7
0x080AEE0C	0x080AEE67	thumb	FldEff_UseWaterfall
0x080AEE68	0x080AEEAF	thumb	Task_UseWaterfall
0x080AEEB0	0x080AEECF	thumb	waterfall_0_setup
0x080AEED0	0x080AEF0B	thumb	waterfall_1_do_anim_probably
0x080AEF0C	0x080AEF33	thumb	waterfall_2_wait_anim_finish_probably
0x080AEF34	0x080AEF55	thumb	waterfall_3_move_player_probably
0x080AEF58	0x080AEFBB	thumb	waterfall_4_wait_player_move_probably
0x080AEFBC	0x080AF003	thumb	FldEff_UseDive
0x080AF004	0x080AF037	thumb	Task_UseDive
0x080AF038	0x080AF04B	thumb	DiveFieldEffect_Init
0x080AF04C	0x080AF073	thumb	DiveFieldEffect_ShowMon
0x080AF074	0x080AF0E7	thumb	DiveFieldEffect_TryWarp
0x080AF0E8	0x080AF0FB	thumb	StartLavaridgeGymB1FWarp
0x080AF0FC	0x080AF15F	thumb	Task_LavaridgeGymB1FWarp
0x080AF160	0x080AF197	thumb	LavaridgeGymB1FWarpEffect_1
0x080AF198	0x080AF1CD	thumb	LavaridgeGymB1FWarpEffect_2
0x080AF1D0	0x080AF217	thumb	LavaridgeGymB1FWarpEffect_3
0x080AF218	0x080AF31F	thumb	LavaridgeGymB1FWarpEffect_4
0x080AF320	0x080AF339	thumb	LavaridgeGymB1FWarpEffect_5
0x080AF33C	0x080AF383	thumb	LavaridgeGymB1FWarpEffect_6
0x080AF384	0x080AF3AF	thumb	FieldCB_LavaridgeGymB1FWarpExit
0x080AF3B0	0x080AF413	thumb	Task_LavaridgeGymB1FWarpExit
0x080AF414	0x080AF443	thumb	LavaridgeGymB1FWarpExitEffect_1
0x080AF444	0x080AF48F	thumb	LavaridgeGymB1FWarpExitEffect_2
0x080AF490	0x080AF4D7	thumb	LavaridgeGymB1FWarpExitEffect_3
0x080AF4D8	0x080AF50B	thumb	LavaridgeGymB1FWarpExitEffect_4
0x080AF50C	0x080AF567	thumb	FldEff_LavaridgeGymWarp
0x080AF568	0x080AF5AB	thumb	SpriteCB_AshLaunch
0x080AF5AC	0x080AF5BF	thumb	StartLavaridgeGym1FWarp
0x080AF5C0	0x080AF623	thumb	Task_LavaridgeGym1FWarp
0x080AF624	0x080AF653	thumb	LavaridgeGym1FWarpEffect_1
0x080AF654	0x080AF6C3	thumb	LavaridgeGym1FWarpEffect_2
0x080AF6C4	0x080AF6EB	thumb	LavaridgeGym1FWarpEffect_3
0x080AF6EC	0x080AF71F	thumb	LavaridgeGym1FWarpEffect_4
0x080AF720	0x080AF767	thumb	LavaridgeGym1FWarpEffect_5
0x080AF768	0x080AF7C3	thumb	FldEff_PopOutOfAsh
0x080AF7C4	0x080AF807	thumb	SpriteCB_PopOutOfAsh
0x080AF808	0x080AF823	thumb	StartEscapeRopeFieldEffect
0x080AF824	0x080AF84F	thumb	Task_EscapeRopeWarpOut
0x080AF850	0x080AF86D	thumb	EscapeRopeWarpOutEffect_Init
0x080AF870	0x080AF93B	thumb	EscapeRopeWarpOutEffect_Spin
0x080AF93C	0x080AF9B7	thumb	SpinObjectEvent
0x080AF9B8	0x080AFA5B	thumb	WarpOutObjectEventUpwards
0x080AFA5C	0x080AFB87	thumb	WarpInObjectEventDownwards
0x080AFB88	0x080AFBD7	thumb	FieldCallback_EscapeRopeExit
0x080AFBD8	0x080AFC03	thumb	Task_EscapeRopeWarpIn
0x080AFC04	0x080AFC29	thumb	EscapeRopeWarpInEffect_Init
0x080AFC2C	0x080AFD0F	thumb	EscapeRopeWarpInEffect_Spin
0x080AFD10	0x080AFD23	thumb	CreateTeleportFieldEffectTask
0x080AFD24	0x080AFD4F	thumb	Task_DoTeleportFieldEffect
0x080AFD50	0x080AFD71	thumb	TeleportFieldEffectTask1
0x080AFD74	0x080AFE0F	thumb	TeleportFieldEffectTask2
0x080AFE10	0x080AFEEB	thumb	TeleportFieldEffectTask3
0x080AFEEC	0x080AFF37	thumb	TeleportFieldEffectTask4
0x080AFF38	0x080AFF8B	thumb	FieldCallback_TeleportIn
0x080AFF8C	0x080AFFB7	thumb	Task_DoTeleportInFieldEffect
0x080AFFB8	0x080B003B	thumb	TeleportInFieldEffectTask1
0x080B003C	0x080B01A3	thumb	TeleportInFieldEffectTask2
0x080B01A4	0x080B022F	thumb	TeleportInFieldEffectTask3
0x080B0230	0x080B027F	thumb	FldEff_FieldMoveShowMon
0x080B0280	0x080B032F	thumb	FldEff_FieldMoveShowMonInit
0x080B0330	0x080B035B	thumb	Task_ShowMon_Outdoors
0x080B035C	0x080B03CF	thumb	ShowMonEffect_Outdoors_1
0x080B03D0	0x080B0463	thumb	ShowMonEffect_Outdoors_2
0x080B0464	0x080B051B	thumb	ShowMonEffect_Outdoors_3
0x080B051C	0x080B0543	thumb	ShowMonEffect_Outdoors_4
0x080B0544	0x080B0599	thumb	ShowMonEffect_Outdoors_5
0x080B059C	0x080B05E3	thumb	ShowMonEffect_Outdoors_6
0x080B05E4	0x080B0673	thumb	ShowMonEffect_Outdoors_7
0x080B0674	0x080B06DB	thumb	VBlankCB_ShowMonEffect_Outdoors
0x080B06DC	0x080B0713	thumb	LoadFieldMoveStreaksTilemapToVram
0x080B0714	0x080B073F	thumb	Task_ShowMon_Indoors
0x080B0740	0x080B077B	thumb	ShowMonEffect_Indoors_1
0x080B077C	0x080B07E3	thumb	ShowMonEffect_Indoors_2
0x080B07E4	0x080B084F	thumb	ShowMonEffect_Indoors_3
0x080B0850	0x080B087F	thumb	ShowMonEffect_Indoors_4
0x080B0880	0x080B08BF	thumb	ShowMonEffect_Indoors_5
0x080B08C0	0x080B08E3	thumb	ShowMonEffect_Indoors_6
0x080B08E4	0x080B0997	thumb	ShowMonEffect_Indoors_7
0x080B0998	0x080B09DF	thumb	VBlankCB_ShowMonEffect_Indoors
0x080B09E0	0x080B09ED	thumb	AnimateIndoorShowMonBg
0x080B09F0	0x080B0A83	thumb	SlideIndoorBannerOnscreen
0x080B0A84	0x080B0AEB	thumb	SlideIndoorBannerOffscreen
0x080B0AEC	0x080B0B4B	thumb	InitFieldMoveMonSprite
0x080B0B4C	0x080B0B8F	thumb	SpriteCB_FieldMoveMonSlideOnscreen
0x080B0B90	0x080B0BA7	thumb	SpriteCB_FieldMoveMonWaitAfterCry
0x080B0BA8	0x080B0BBD	thumb	SpriteCB_FieldMoveMonSlideOffscreen
0x080B0BC0	0x080B0C07	thumb	FldEff_UseSurf
0x080B0C08	0x080B0C33	thumb	Task_FldEffUseSurf
0x080B0C34	0x080B0C87	thumb	UseSurfEffect_1
0x080B0C88	0x080B0CCF	thumb	UseSurfEffect_2
0x080B0CD0	0x080B0D17	thumb	UseSurfEffect_3
0x080B0D18	0x080B0D9B	thumb	UseSurfEffect_4
0x080B0D9C	0x080B0E1F	thumb	UseSurfEffect_5
0x080B0E20	0x080B0E4B	thumb	FldEff_UseVsSeeker
0x080B0E4C	0x080B0E77	thumb	Task_FldEffUseVsSeeker
0x080B0E78	0x080B0E9B	thumb	UseVsSeekerEffect_1
0x080B0E9C	0x080B0EE3	thumb	UseVsSeekerEffect_2
0x080B0EE4	0x080B0F77	thumb	UseVsSeekerEffect_3
0x080B0F78	0x080B0FCB	thumb	UseVsSeekerEffect_4
0x080B0FCC	0x080B101B	thumb	FldEff_NpcFlyOut
0x080B101C	0x080B10C7	thumb	SpriteCB_NPCFlyOut
0x080B10C8	0x080B10F3	thumb	FldEff_FlyOut
0x080B10F4	0x080B111F	thumb	Task_FlyOut
0x080B1120	0x080B1173	thumb	FlyOutFieldEffect_FieldMovePose
0x080B1174	0x080B11B7	thumb	FlyOutFieldEffect_ShowMon
0x080B11B8	0x080B1247	thumb	FlyOutFieldEffect_BirdLeaveBall
0x080B1248	0x080B1293	thumb	FlyOutFieldEffect_WaitBirdLeave
0x080B1294	0x080B130F	thumb	FlyOutFieldEffect_BirdSwoopDown
0x080B1310	0x080B137F	thumb	FlyOutFieldEffect_JumpOnBird
0x080B1380	0x080B1447	thumb	FlyOutFieldEffect_FlyOffWithBird
0x080B1448	0x080B1477	thumb	FlyOutFieldEffect_WaitFlyOff
0x080B1478	0x080B14B3	thumb	FlyOutFieldEffect_End
0x080B14B4	0x080B14EF	thumb	CreateFlyBirdSprite
0x080B14F0	0x080B150B	thumb	GetFlyBirdAnimCompleted
0x080B150C	0x080B1547	thumb	StartFlyBirdSwoopDown
0x080B1548	0x080B1563	thumb	SetFlyBirdPlayerSpriteId
0x080B1564	0x080B1633	thumb	SpriteCB_FlyBirdLeaveBall
0x080B1634	0x080B16A7	thumb	SpriteCB_FlyBirdSwoopDown
0x080B16A8	0x080B179B	thumb	SpriteCB_FlyBirdReturnToBall
0x080B179C	0x080B17DB	thumb	StartFlyBirdReturnToBall
0x080B17DC	0x080B17EF	thumb	FldEff_FlyIn
0x080B17F0	0x080B181B	thumb	Task_FlyIn
0x080B181C	0x080B198F	thumb	FlyInFieldEffect_BirdSwoopDown
0x080B1990	0x080B1A0F	thumb	FlyInFieldEffect_FlyInWithBird
0x080B1A10	0x080B1A63	thumb	FlyInFieldEffect_JumpOffBird
0x080B1A64	0x080B1AE3	thumb	FlyInFieldEffect_FieldMovePose
0x080B1AE4	0x080B1B4B	thumb	FlyInFieldEffect_BirdReturnToBall
0x080B1B4C	0x080B1B8B	thumb	FlyInFieldEffect_WaitBirdReturn
0x080B1B8C	0x080B1C0F	thumb	FlyInFieldEffect_End
0x080B1C10	0x080B1C3B	thumb	DoBirdSpriteWithPlayerAffineAnim
0x080B1C3C	0x080B1CD3	thumb	SpriteCB_FlyBirdWithPlayer
0x080B1CD4	0x080B1D33	thumb	TryChangeBirdSprite
0x080B1D34	0x080B1DDB	thumb	FldEff_MoveDeoxysRock
0x080B1DDC	0x080B1F0B	thumb	Task_MoveDeoxysRock_Step
0x080B1F0C	0x080B1F7B	thumb	FldEff_DestroyDeoxysRock
0x080B1F7C	0x080B2027	thumb	Task_DeoxysRockCameraShake
0x080B2028	0x080B203F	thumb	StartEndingDeoxysRockCameraShake
0x080B2040	0x080B207B	thumb	Task_DestroyDeoxysRock
0x080B207C	0x080B20A3	thumb	DestroyDeoxysRockEffect_CameraShake
0x080B20A4	0x080B2137	thumb	DestroyDeoxysRockEffect_RockFragments
0x080B2138	0x080B218F	thumb	DestroyDeoxysRockEffect_WaitAndEnd
0x080B2190	0x080B2233	thumb	CreateDeoxysRockFragments
0x080B2234	0x080B2291	thumb	SpriteCB_DeoxysRockFragment
0x080B2294	0x080B22CB	thumb	Task_PhotoFlash
0x080B22CC	0x080B2307	thumb	FldEff_PhotoFlash
0x080B230C	0x080B232F	thumb	palette_bg_faded_fill_white
0x080B2330	0x080B234F	thumb	palette_bg_faded_fill_black
0x080B2350	0x080B23CB	thumb	WarpFadeInScreen
0x080B23CC	0x080B2447	thumb	WarpFadeInScreenWithDelay
0x080B2448	0x080B247F	thumb	FadeInFromBlack
0x080B2480	0x080B24CB	thumb	WarpFadeOutScreen
0x080B24CC	0x080B2501	thumb	WarpFadeOutScreenWithDelay
0x080B2504	0x080B2513	thumb	SetPlayerVisibility
0x080B2514	0x080B2537	thumb	Task_ContinueScriptUnionRoom
0x080B2538	0x080B2583	thumb	FieldCB_ContinueScriptUnionRoom
0x080B2584	0x080B25AB	thumb	Task_ContinueScript
0x080B25AC	0x080B25F7	thumb	FieldCB_ContinueScriptHandleMusic
0x080B25F8	0x080B263F	thumb	FieldCB_ContinueScript
0x080B2640	0x080B26AF	thumb	Task_ReturnToFieldCableLink
0x080B26B0	0x080B26E3	thumb	FieldCB_ReturnToFieldCableLink
0x080B26E4	0x080B274B	thumb	Task_ReturnToFieldRecordMixing
0x080B274C	0x080B277F	thumb	FieldCB_ReturnToFieldWirelessLink
0x080B2780	0x080B2883	thumb	SetUpWarpExitTask
0x080B2884	0x080B28C7	thumb	ExitWarpFadeInScreen
0x080B28C8	0x080B28DF	thumb	FieldCB_DefaultWarpExit
0x080B28E0	0x080B28F7	thumb	FieldCB_WarpExitFadeFromBlack
0x080B28F8	0x080B291F	thumb	FieldCB_TeleportWarpIn
0x080B2920	0x080B2B2B	thumb	Task_ExitDoor
0x080B2B2C	0x080B2BDB	thumb	Task_ExitNonAnimDoor
0x080B2BDC	0x080B2C33	thumb	Task_ExitNonDoor
0x080B2C34	0x080B2C97	thumb	Task_TeleportWarpIn
0x080B2C98	0x080B2CC7	thumb	Task_WaitFadeAndCreateStartMenuTask
0x080B2CC8	0x080B2D0F	thumb	FadeTransition_FadeInOnReturnToStartMenu
0x080B2D10	0x080B2D1B	thumb	FieldCB_ReturnToFieldOpenStartMenu
0x080B2D1C	0x080B2D47	thumb	Task_SafariZoneRanOutOfBalls
0x080B2D48	0x080B2D93	thumb	FieldCB_SafariZoneRanOutOfBalls
0x080B2D94	0x080B2D9F	thumb	WaitWarpFadeOutScreen
0x080B2DA0	0x080B2DBB	thumb	FieldFadeTransitionBackgroundEffectIsFinished
0x080B2DBC	0x080B2DF3	thumb	DoWarp
0x080B2DF4	0x080B2E23	thumb	DoDiveWarp
0x080B2E24	0x080B2E57	thumb	DoStairWarp
0x080B2E58	0x080B2E7B	thumb	DoDoorWarp
0x080B2E7C	0x080B2E9F	thumb	DoTeleport2Warp
0x080B2EA0	0x080B2EC3	thumb	DoUnionRoomWarp
0x080B2EC4	0x080B2EFF	thumb	DoFallWarp
0x080B2F00	0x080B2F17	thumb	DoEscalatorWarp
0x080B2F18	0x080B2F27	thumb	DoLavaridgeGymB1FWarp
0x080B2F28	0x080B2F37	thumb	DoLavaridgeGym1FWarp
0x080B2F38	0x080B2F5F	thumb	DoTeleportWarp
0x080B2F60	0x080B2F87	thumb	DoPortholeWarp
0x080B2F88	0x080B2FEF	thumb	Task_CableClubWarp
0x080B2FF0	0x080B3013	thumb	DoCableClubWarp
0x080B3014	0x080B309B	thumb	Task_ReturnFromLinkRoomWarp
0x080B309C	0x080B30AF	thumb	ReturnFromLinkRoom
0x080B30B0	0x080B311B	thumb	Task_Teleport2Warp
0x080B311C	0x080B31AB	thumb	Task_TeleportWarp
0x080B31AC	0x080B3307	thumb	Task_DoorWarp
0x080B3308	0x080B3477	thumb	Task_StairWarp
0x080B3478	0x080B34F7	thumb	UpdateStairsMovement
0x080B34F8	0x080B353B	thumb	ForceStairsMovement
0x080B353C	0x080B359B	thumb	GetStairsMovementDirection
0x080B359C	0x080B362B	thumb	Task_ExitStairs
0x080B362C	0x080B36FF	thumb	ExitStairsMovement
0x080B3700	0x080B3767	thumb	WaitStairExitMovementFinished
0x080B3768	0x080B3783	thumb	InitFieldMessageBox
0x080B3784	0x080B381B	thumb	Task_DrawFieldMessageBox
0x080B381C	0x080B382F	thumb	CreateTask_DrawFieldMessageBox
0x080B3830	0x080B3847	thumb	DestroyTask_DrawFieldMessageBox
0x080B3848	0x080B3883	thumb	ShowFieldMessage
0x080B3884	0x080B38BB	thumb	ShowFieldAutoScrollMessage
0x080B38BC	0x080B38EF	thumb	ForceShowFieldAutoScrollMessage
0x080B38F0	0x080B391B	thumb	ShowFieldMessageFromBuffer
0x080B391C	0x080B3943	thumb	ExpandStringAndStartDrawFieldMessageBox
0x080B3944	0x080B395B	thumb	StartDrawFieldMessageBox
0x080B395C	0x080B3987	thumb	HideFieldMessageBox
0x080B3988	0x080B3993	thumb	GetFieldMessageBoxType
0x080B3994	0x080B39A3	thumb	IsFieldMessageBoxHidden
0x080B39A4	0x080B39CF	thumb	ReplaceFieldMessageWithFrame
0x080B39D0	0x080B39F3	thumb	MovementType_Player
0x080B39F4	0x080B39F7	thumb	ObjectEventCB2_NoMovement2
0x080B39F8	0x080B3A93	thumb	player_step
0x080B3A94	0x080B3AE5	thumb	TryInterruptObjectEventSpecialAnim
0x080B3AE8	0x080B3AFF	thumb	npc_clear_strange_bits
0x080B3B00	0x080B3B2F	thumb	MovePlayerAvatarUsingKeypadInput
0x080B3B30	0x080B3B47	thumb	PlayerAllowForcedMovementIfMovingSameDirection
0x080B3B48	0x080B3BBB	thumb	TryUpdatePlayerSpinDirection
0x080B3BBC	0x080B3C3B	thumb	TryDoMetatileBehaviorForcedMovement
0x080B3C3C	0x080B3C83	thumb	ForcedMovement_None
0x080B3C84	0x080B3D1B	thumb	DoForcedMovement
0x080B3D1C	0x080B3D4B	thumb	DoForcedMovementInCurrentDirection
0x080B3D4C	0x080B3DF3	thumb	ForcedMovement_Slip
0x080B3DF4	0x080B3E87	thumb	ForcedMovement_WalkSouth
0x080B3E88	0x080B3F1B	thumb	ForcedMovement_WalkNorth
0x080B3F1C	0x080B3FAF	thumb	ForcedMovement_WalkWest
0x080B3FB0	0x080B4043	thumb	ForcedMovement_WalkEast
0x080B4044	0x080B40DB	thumb	ForcedMovement_SpinRight
0x080B40DC	0x080B4173	thumb	ForcedMovement_SpinLeft
0x080B4174	0x080B420B	thumb	ForcedMovement_SpinUp
0x080B420C	0x080B42A3	thumb	ForcedMovement_SpinDown
0x080B42A4	0x080B42AF	thumb	PlaySpinSound
0x080B42B0	0x080B4343	thumb	ForcedMovement_PushedSouthByCurrent
0x080B4344	0x080B43D7	thumb	ForcedMovement_PushedNorthByCurrent
0x080B43D8	0x080B446B	thumb	ForcedMovement_PushedWestByCurrent
0x080B446C	0x080B44FF	thumb	ForcedMovement_PushedEastByCurrent
0x080B4500	0x080B452F	thumb	ForcedMovement_Slide
0x080B4530	0x080B45D7	thumb	ForcedMovement_SlideSouth
0x080B45D8	0x080B467F	thumb	ForcedMovement_SlideNorth
0x080B4680	0x080B4727	thumb	ForcedMovement_SlideWest
0x080B4728	0x080B47CF	thumb	ForcedMovement_SlideEast
0x080B47D0	0x080B480B	thumb	ForcedMovement_MatJump
0x080B480C	0x080B485F	thumb	ForcedMovement_MatSpin
0x080B4860	0x080B48BB	thumb	MovePlayerNotOnBike
0x080B48BC	0x080B48FF	thumb	CheckMovementInputNotOnBike
0x080B4900	0x080B495F	thumb	PlayerNotOnBikeNotMoving
0x080B4960	0x080B49B3	thumb	PlayerNotOnBikeTurningInPlace
0x080B49B4	0x080B4C2B	thumb	PlayerNotOnBikeMoving
0x080B4C2C	0x080B4C9B	thumb	PlayerIsMovingOnRockStairs
0x080B4C9C	0x080B4D17	thumb	CheckForPlayerAvatarCollision
0x080B4D18	0x080B4DC7	thumb	CheckForObjectEventCollision
0x080B4DC8	0x080B4E1F	thumb	CanStopSurfing
0x080B4E20	0x080B4E39	thumb	ShouldJumpLedge
0x080B4E3C	0x080B4EF3	thumb	TryPushBoulder
0x080B4EF4	0x080B4F2B	thumb	CheckAcroBikeCollision
0x080B4F2C	0x080B4F43	thumb	SetPlayerAvatarTransitionFlags
0x080B4F44	0x080B4F9F	thumb	DoPlayerAvatarTransition
0x080B4FA0	0x080B4FA1	thumb	PlayerAvatarTransition_Dummy
0x080B4FA4	0x080B4FB5	thumb	PlayerAvatarTransition_Normal
0x080B4FB8	0x080B4FD1	thumb	PlayerAvatarTransition_Bike
0x080B4FD4	0x080B4FE5	thumb	PlayerAvatarTransition_Surfing
0x080B4FE8	0x080B503F	thumb	PlayerAvatarTransition_Underwater
0x080B5040	0x080B504F	thumb	PlayerAvatarTransition_ReturnToField
0x080B5050	0x080B50AB	thumb	UpdatePlayerAvatarTransitionState
0x080B50AC	0x080B510B	thumb	PlayerAnimIsMultiFrameStationary
0x080B510C	0x080B516F	thumb	PlayerAnimIsMultiFrameStationaryAndStateNotTurning
0x080B5170	0x080B518F	thumb	PlayerIsAnimActive
0x080B5190	0x080B51AF	thumb	PlayerCheckIfAnimFinishedOrInactive
0x080B51B0	0x080B51C7	thumb	PlayerSetCopyableMovement
0x080B51C8	0x080B51DF	thumb	PlayerGetCopyableMovement
0x080B51E0	0x080B5203	thumb	PlayerForceSetHeldMovement
0x080B5204	0x080B5253	thumb	PlayerSetAnimId
0x080B5254	0x080B528B	thumb	QL_TryRecordPlayerStepWithDuration0
0x080B528C	0x080B52B9	thumb	QL_TryRecordNPCStepWithDuration32
0x080B52BC	0x080B530F	thumb	PlayerWalkSlower
0x080B5310	0x080B5363	thumb	PlayerWalkSlow
0x080B5364	0x080B53B7	thumb	PlayerWalkNormal
0x080B53B8	0x080B540B	thumb	PlayerWalkFast
0x080B540C	0x080B545F	thumb	PlayerGlide
0x080B5460	0x080B54B3	thumb	PlayerRideWaterCurrent
0x080B54B4	0x080B5507	thumb	PlayerWalkFaster
0x080B5508	0x080B555B	thumb	PlayerRun
0x080B555C	0x080B55AF	thumb	PlayerRunSlow
0x080B55B0	0x080B560B	thumb	PlayerOnBikeCollide
0x080B560C	0x080B5667	thumb	PlayerNotOnBikeCollide
0x080B5668	0x080B56BB	thumb	PlayerFaceDirection
0x080B56BC	0x080B570F	thumb	PlayerFaceDirectionFast
0x080B5710	0x080B5763	thumb	PlayerTurnInPlace
0x080B5764	0x080B57BF	thumb	PlayerJumpLedge
0x080B57C0	0x080B5807	thumb	PlayerShakeHeadOrWalkInPlace
0x080B5808	0x080B5853	thumb	HandleEnforcedLookDirectionOnPlayerStopMoving
0x080B5854	0x080B58A7	thumb	PlayerGoSpin
0x080B58A8	0x080B58DB	thumb	PlayerApplyTileForcedMovement
0x080B58DC	0x080B592F	thumb	PlayerIdleWheelie
0x080B5930	0x080B5983	thumb	PlayerStartWheelie
0x080B5984	0x080B59D7	thumb	PlayerEndWheelie
0x080B59D8	0x080B5A33	thumb	PlayerStandingHoppingWheelie
0x080B5A34	0x080B5A8F	thumb	PlayerMovingHoppingWheelie
0x080B5A90	0x080B5AEB	thumb	PlayerLedgeHoppingWheelie
0x080B5AEC	0x080B5B47	thumb	PlayerAcroTurnJump
0x080B5B48	0x080B5BA3	thumb	PlayerAcroWheelieCollide
0x080B5BA4	0x080B5BF7	thumb	PlayerAcroPopWheelie
0x080B5BF8	0x080B5C4B	thumb	PlayerAcroWheelieMove
0x080B5C4C	0x080B5D03	thumb	PlayCollisionSoundIfNotFacingWarp
0x080B5D04	0x080B5D3F	thumb	GetXYCoordsOneStepInFrontOfPlayer
0x080B5D40	0x080B5D6B	thumb	PlayerGetDestCoords
0x080B5D6C	0x080B5DFF	thumb	player_get_pos_including_state_based_drift
0x080B5E00	0x080B5E1F	thumb	GetPlayerFacingDirection
0x080B5E20	0x080B5E3B	thumb	GetPlayerMovementDirection
0x080B5E3C	0x080B5E57	thumb	PlayerGetElevation
0x080B5E58	0x080B5E83	thumb	MovePlayerToMapCoords
0x080B5E84	0x080B5E8F	thumb	TestPlayerAvatarFlags
0x080B5E90	0x080B5E9B	thumb	GetPlayerAvatarFlags
0x080B5E9C	0x080B5EA7	thumb	GetPlayerAvatarObjectId
0x080B5EA8	0x080B5EEB	thumb	CancelPlayerForcedMovement
0x080B5EEC	0x080B5F37	thumb	StopPlayerAvatar
0x080B5F38	0x080B5F4B	thumb	GetRivalAvatarGraphicsIdByStateIdAndGender
0x080B5F4C	0x080B5F5F	thumb	GetPlayerAvatarGraphicsIdByStateIdAndGender
0x080B5F60	0x080B5F6F	thumb	GetRSAvatarGraphicsIdByGender
0x080B5F70	0x080B5F7F	thumb	GetEMAvatarGraphicsIdByGender
0x080B5F80	0x080B5F97	thumb	GetPlayerAvatarGraphicsIdByStateId
0x080B5F98	0x080B5FB1	thumb	GetPlayerAvatarGenderByGraphicsId
0x080B5FB4	0x080B5FF7	thumb	PartyHasMonWithSurf
0x080B5FF8	0x080B6027	thumb	IsPlayerSurfingNorth
0x080B6028	0x080B60BF	thumb	IsPlayerFacingSurfableFishableWater
0x080B60C0	0x080B60DD	thumb	MetatileAtCoordsIsWaterTile
0x080B60E0	0x080B60F3	thumb	ClearPlayerAvatarInfo
0x080B60F4	0x080B6107	thumb	SetPlayerAvatarStateMask
0x080B6108	0x080B613F	thumb	GetPlayerAvatarStateTransitionByGraphicsId
0x080B6140	0x080B617B	thumb	GetPlayerAvatarGraphicsIdByCurrentState
0x080B617C	0x080B61C7	thumb	SetPlayerAvatarExtraStateTransition
0x080B61C8	0x080B624B	thumb	InitPlayerAvatar
0x080B624C	0x080B62D3	thumb	InitDivingPlayerAvatar
0x080B62D4	0x080B6323	thumb	SetPlayerInvisibility
0x080B6324	0x080B6367	thumb	StartPlayerAvatarSummonMonForFieldMoveAnim
0x080B6368	0x080B638F	thumb	GetPlayerAvatarVsSeekerGfxId
0x080B6390	0x080B63E7	thumb	StartPlayerAvatarVsSeekerAnim
0x080B63E8	0x080B63F3	thumb	StartPlayerAvatarFishAnim
0x080B63F4	0x080B63F5	thumb	PlayerUseAcroBikeOnBumpySlope
0x080B63F8	0x080B63F9	thumb	SetPlayerAvatarWatering
0x080B63FC	0x080B648F	thumb	HandleWarpArrowSpriteHideShow
0x080B6490	0x080B6507	thumb	StartStrengthAnim
0x080B6508	0x080B656B	thumb	Task_BumpBoulder
0x080B656C	0x080B658B	thumb	DoBoulderInit
0x080B658C	0x080B665B	thumb	DoBoulderDust
0x080B665C	0x080B66B7	thumb	DoBoulderFinish
0x080B66B8	0x080B66F3	thumb	DoPlayerMatJump
0x080B66F4	0x080B678B	thumb	DoPlayerAvatarSecretBaseMatJump
0x080B678C	0x080B680F	thumb	PlayerAvatar_DoSecretBaseMatJump
0x080B6810	0x080B685F	thumb	DoPlayerMatSpin
0x080B6860	0x080B68A7	thumb	PlayerAvatar_DoSecretBaseMatSpin
0x080B68A8	0x080B68CF	thumb	PlayerAvatar_SecretBaseMatSpinStep0
0x080B68D0	0x080B695F	thumb	PlayerAvatar_SecretBaseMatSpinStep1
0x080B6960	0x080B69BF	thumb	PlayerAvatar_SecretBaseMatSpinStep2
0x080B69C0	0x080B6A23	thumb	PlayerAvatar_SecretBaseMatSpinStep3
0x080B6A24	0x080B6A77	thumb	CreateStopSurfingTask
0x080B6A78	0x080B6AC3	thumb	CreateStopSurfingTask_NoMusicChange
0x080B6AC4	0x080B6AE7	thumb	SeafoamIslandsB4F_CurrentDumpsPlayerOnLand
0x080B6AE8	0x080B6B83	thumb	Task_StopSurfingInit
0x080B6B84	0x080B6C33	thumb	Task_WaitStopSurfing
0x080B6C34	0x080B6C83	thumb	StartFishing
0x080B6C84	0x080B6CB7	thumb	Task_Fishing
0x080B6CB8	0x080B6CD7	thumb	Fishing1
0x080B6CD8	0x080B6D57	thumb	Fishing2
0x080B6D58	0x080B6D93	thumb	Fishing3
0x080B6D94	0x080B6DE5	thumb	Fishing4
0x080B6DE8	0x080B6E6F	thumb	Fishing5
0x080B6E70	0x080B6F13	thumb	Fishing6
0x080B6F14	0x080B6F1D	thumb	Fishing7
0x080B6F20	0x080B6F87	thumb	Fishing8
0x080B6F88	0x080B6FFF	thumb	Fishing9
0x080B7000	0x080B705B	thumb	Fishing10
0x080B705C	0x080B713B	thumb	Fishing11
0x080B713C	0x080B71BF	thumb	Fishing12
0x080B71C0	0x080B723B	thumb	Fishing13
0x080B723C	0x080B7267	thumb	Fishing14
0x080B7268	0x080B72FF	thumb	Fishing15
0x080B7300	0x080B733F	thumb	Fishing16
0x080B7340	0x080B7407	thumb	AlignFishingAnimationFrames
0x080B7408	0x080B741F	thumb	StartTeleportWarpOutPlayerAnim
0x080B7420	0x080B742F	thumb	WaitTeleportWarpOutPlayerAnim
0x080B7430	0x080B743B	thumb	SavePlayerFacingDirectionForTeleport
0x080B743C	0x080B7453	thumb	GetTeleportSavedFacingDirection
0x080B7454	0x080B755B	thumb	Task_TeleportWarpOutPlayerAnim
0x080B755C	0x080B7573	thumb	StartTeleportInPlayerAnim
0x080B7574	0x080B7583	thumb	WaitTeleportInPlayerAnim
0x080B7584	0x080B7757	thumb	Task_TeleportWarpInPlayerAnim
0x080B7758	0x080B77B3	thumb	TeleportAnim_RotatePlayer
0x080B77BC	0x080B77E1	thumb	IsMonValidSpecies
0x080B77E4	0x080B7827	thumb	AllMonsFainted
0x080B7828	0x080B786F	thumb	FaintFromFieldPoison
0x080B7870	0x080B78C3	thumb	MonFaintedFromPoison
0x080B78C4	0x080B798F	thumb	Task_TryFieldPoisonWhiteOut
0x080B7990	0x080B79A7	thumb	TryFieldPoisonWhiteOut
0x080B79A8	0x080B7A2F	thumb	DoPoisonFieldEffect
0x080B7A30	0x080B7A5F	thumb	SetFlashScanlineEffectWindowBoundary
0x080B7A60	0x080B7BC3	thumb	SetFlashScanlineEffectWindowBoundaries
0x080B7BC4	0x080B7C6B	thumb	UpdateFlashLevelEffect
0x080B7C6C	0x080B7C93	thumb	Task_WaitForFlashUpdate
0x080B7C94	0x080B7CB7	thumb	StartWaitForFlashUpdate
0x080B7CB8	0x080B7D0F	thumb	StartUpdateFlashLevelEffect
0x080B7D10	0x080B7D87	thumb	AnimateFlash
0x080B7D88	0x080B7DC3	thumb	WriteFlashScanlineEffectBuffer
0x080B7DC4	0x080B7DDB	thumb	Script_FadeOutMapMusic
0x080B7DDC	0x080B7DFB	thumb	Task_EnableScriptAfterMusicFade
0x080B7DFC	0x080B7E1F	thumb	DoInwardBarnDoorFade
0x080B7E20	0x080B7E43	thumb	DoOutwardBarnDoorWipe
0x080B7E44	0x080B7EA7	thumb	BarnDoorWipeSaveGpuRegs
0x080B7EA8	0x080B7F0B	thumb	BarnDoorWipeLoadGpuRegs
0x080B7F0C	0x080B7FEB	thumb	Task_BarnDoorWipe
0x080B7FEC	0x080B807B	thumb	Task_BarnDoorWipeChild
0x080B807C	0x080B811F	thumb	PrintWhiteOutRecoveryMessage
0x080B8120	0x080B8383	thumb	Task_RushInjuredPokemonToCenter
0x080B8384	0x080B83AF	thumb	FieldCB_RushInjuredPokemonToCenter
0x080B83B0	0x080B83B3	thumb	FieldSpecialScene_Dummy0
0x080B83B4	0x080B83B5	thumb	FieldSpecialScene_Dummy1
0x080B83B8	0x080B83B9	thumb	FieldSpecialScene_Dummy2
0x080B83BC	0x080B83BD	thumb	FieldSpecialScene_Dummy3
0x080B83C0	0x080B83C1	thumb	FieldCB_ShowPortholeView
0x080B83C4	0x080B83C5	thumb	LookThroughPorthole
0x080B83C8	0x080B83DF	thumb	ShowDiploma
0x080B83E0	0x080B840B	thumb	ForcePlayerOntoBike
0x080B840C	0x080B840D	thumb	ResetCyclingRoadChallengeData
0x080B8410	0x080B842F	thumb	GetPlayerAvatarBike
0x080B8430	0x080B843F	thumb	ShowFieldMessageStringVar4
0x080B8440	0x080B845F	thumb	GetPlayerXY
0x080B8460	0x080B847B	thumb	GetPlayerTrainerIdOnesDigit
0x080B847C	0x080B84AF	thumb	BufferBigGuyOrBigGirlString
0x080B84B0	0x080B84E3	thumb	BufferSonOrDaughterString
0x080B84E4	0x080B84EF	thumb	GetBattleOutcome
0x080B84F0	0x080B8503	thumb	SetHiddenItemFlag
0x080B8504	0x080B8577	thumb	GetLeadMonFriendship
0x080B8578	0x080B858F	thumb	ShowTownMap
0x080B8590	0x080B85EF	thumb	PlayerHasGrassPokemonInParty
0x080B85F0	0x080B8623	thumb	AnimatePcTurnOn
0x080B8624	0x080B867B	thumb	Task_AnimatePcTurnOn
0x080B867C	0x080B8717	thumb	PcTurnOnUpdateMetatileId
0x080B8718	0x080B878F	thumb	AnimatePcTurnOff
0x080B8790	0x080B87E3	thumb	SpawnCameraObject
0x080B87E4	0x080B8803	thumb	RemoveCameraObject
0x080B8804	0x080B8813	thumb	BufferEReaderTrainerName
0x080B8814	0x080B8833	thumb	GetRandomSlotMachineId
0x080B8834	0x080B8857	thumb	LeadMonHasEffortRibbon
0x080B8858	0x080B8893	thumb	GiveLeadMonEffortRibbon
0x080B8894	0x080B88BB	thumb	AreLeadMonEVsMaxedOut
0x080B88BC	0x080B8927	thumb	IsStarterFirstStageInParty
0x080B8928	0x080B8955	thumb	IsThereRoomInAnyBoxForMorePokemon
0x080B8958	0x080B896F	thumb	IsPokerusInParty
0x080B8970	0x080B89C7	thumb	ShakeScreen
0x080B89C8	0x080B8A2F	thumb	Task_ShakeScreen
0x080B8A30	0x080B8A41	thumb	Task_EndScreenShake
0x080B8A44	0x080B8A8B	thumb	GetLeadMonIndex
0x080B8A8C	0x080B8AB3	thumb	GetPartyMonSpecies
0x080B8AB4	0x080B8AEF	thumb	IsMonOTNameNotPlayers
0x080B8AF0	0x080B8AF1	thumb	NullFieldSpecial
0x080B8AF4	0x080B8B1F	thumb	DoPicboxCancel
0x080B8B20	0x080B8C43	thumb	SetVermilionTrashCans
0x080B8C44	0x080B8C8B	thumb	IncrementResortGorgeousStepCounter
0x080B8C8C	0x080B8D2B	thumb	SampleResortGorgeousMonAndReward
0x080B8D2C	0x080B8D91	thumb	SampleResortGorgeousMon
0x080B8D94	0x080B8DC7	thumb	SampleResortGorgeousReward
0x080B8DC8	0x080B8DEB	thumb	CheckAddCoins
0x080B8DEC	0x080B8E93	thumb	GetElevatorFloor
0x080B8E94	0x080B8F63	thumb	InitElevatorFloorSelectMenuPos
0x080B8F64	0x080B8FE3	thumb	AnimateElevator
0x080B8FE4	0x080B904F	thumb	Task_ElevatorShake
0x080B9050	0x080B90F7	thumb	DrawElevatorCurrentFloorWindow
0x080B90F8	0x080B9113	thumb	CloseElevatorCurrentFloorWindow
0x080B9114	0x080B915F	thumb	AnimateElevatorWindowView
0x080B9160	0x080B926F	thumb	Task_AnimateElevatorWindowView
0x080B9270	0x080B9423	thumb	ListMenu
0x080B9424	0x080B9451	thumb	CountMasterTrainerFlags
0x080B9454	0x080B977B	thumb	Task_CreateScriptListMenu
0x080B977C	0x080B97AF	thumb	CreateScriptListMenu
0x080B97B0	0x080B97F7	thumb	ScriptListMenuMoveCursorFunction
0x080B97F8	0x080B98A3	thumb	Task_ListMenuHandleInput
0x080B98A4	0x080B9937	thumb	Task_DestroyListMenu
0x080B9938	0x080B9967	thumb	Task_SuspendListMenu
0x080B9968	0x080B9997	thumb	ReturnToListMenu
0x080B9998	0x080B99C3	thumb	Task_RedrawScrollArrowsAndWaitInput
0x080B99C4	0x080B9A37	thumb	Task_CreateMenuRemoveScrollIndicatorArrowPair
0x080B9A38	0x080B9A67	thumb	Task_ListMenuRemoveScrollIndicatorArrowPair
0x080B9A68	0x080B9A79	thumb	ForcePlayerToStartSurfing
0x080B9A7C	0x080B9A93	thumb	GetStarterSpeciesById
0x080B9A94	0x080B9ACF	thumb	GetStarterSpecies
0x080B9AD0	0x080B9AE7	thumb	SetSeenMon
0x080B9AE8	0x080B9AFF	thumb	ResetContextNpcTextColor
0x080B9B00	0x080B9B4B	thumb	ContextNpcGetTextColor
0x080B9B4C	0x080B9BB7	thumb	HasMonBeenRenamed
0x080B9BB8	0x080B9BC5	thumb	HasLeadMonBeenRenamed
0x080B9BC8	0x080B9C83	thumb	TV_PrintIntToStringVar
0x080B9C84	0x080B9D27	thumb	CountDigits
0x080B9D28	0x080B9D63	thumb	NameRaterWasNicknameChanged
0x080B9D64	0x080B9DD7	thumb	ChangeBoxPokemonNickname
0x080B9DD8	0x080B9DFB	thumb	ChangeBoxPokemonNickname_CB
0x080B9DFC	0x080B9E8B	thumb	ChangePokemonNickname
0x080B9E8C	0x080B9EB7	thumb	ChangePokemonNickname_CB
0x080B9EB8	0x080B9EE7	thumb	BufferMonNickname
0x080B9EE8	0x080B9F2B	thumb	IsMonOTIDNotPlayers
0x080B9F2C	0x080B9F3F	thumb	GetPlayerTrainerId
0x080B9F40	0x080B9FC3	thumb	GetUnlockedSeviiAreas
0x080B9FC4	0x080BA0D3	thumb	UpdateTrainerCardPhotoIcons
0x080BA0D4	0x080BA133	thumb	StickerManGetBragFlags
0x080BA134	0x080BA169	thumb	GetHiddenItemAttr
0x080BA16C	0x080BA1AB	thumb	DoesPlayerPartyContainSpecies
0x080BA1AC	0x080BA1EF	thumb	GetMartClerkObjectId
0x080BA1F0	0x080BA1FD	thumb	SetUsedPkmnCenterQuestLogEvent
0x080BA200	0x080BA25B	thumb	QuestLog_CheckDepartingIndoorsMap
0x080BA25C	0x080BA393	thumb	QuestLog_TryRecordDepartedLocation
0x080BA394	0x080BA3F3	thumb	GetMysteryGiftCardStat
0x080BA3F4	0x080BA3FF	thumb	SetPCBoxToSendMon
0x080BA400	0x080BA40B	thumb	GetPCBoxToSendMon
0x080BA40C	0x080BA443	thumb	ShouldShowBoxWasFullMessage
0x080BA444	0x080BA4EB	thumb	IsDestinationBoxFull
0x080BA4EC	0x080BA52B	thumb	UsedPokemonCenterWarp
0x080BA52C	0x080BA56F	thumb	BufferTMHMMoveName
0x080BA570	0x080BA597	thumb	RunMassageCooldownStepCounter
0x080BA598	0x080BA5C3	thumb	DaisyMassageServices
0x080BA5C4	0x080BA657	thumb	DoPokemonLeagueLightingEffect
0x080BA658	0x080BA71B	thumb	Task_RunPokemonLeagueLightingEffect
0x080BA71C	0x080BA79B	thumb	Task_CancelPokemonLeagueLightingEffect
0x080BA79C	0x080BA7BF	thumb	StopPokemonLeagueLightingEffectTask
0x080BA7C0	0x080BA88F	thumb	CapeBrinkGetMoveToTeachLeadPokemon
0x080BA890	0x080BA8F7	thumb	HasLearnedAllMovesFromCapeBrinkTutor
0x080BA8F8	0x080BA93F	thumb	CutMoveRuinValleyCheck
0x080BA940	0x080BA96B	thumb	CutMoveOpenDottedHoleDoor
0x080BA96C	0x080BA97F	thumb	DoDeoxysTriangleInteraction
0x080BA980	0x080BAA3B	thumb	Task_DoDeoxysTriangleInteraction
0x080BAA3C	0x080BAAF7	thumb	MoveDeoxysObject
0x080BAAF8	0x080BAB19	thumb	Task_WaitDeoxysFieldEffect
0x080BAB1C	0x080BAB5F	thumb	IncrementBirthIslandRockStepCount
0x080BAB60	0x080BAB8B	thumb	SetDeoxysTrianglePalette
0x080BAB8C	0x080BABBF	thumb	IsBadEggInParty
0x080BABC0	0x080BABDB	thumb	IsPlayerNotInTrainerTowerLobby
0x080BABDC	0x080BAC2F	thumb	BrailleCursorToggle
0x080BAC30	0x080BAC9F	thumb	PlayerPartyContainsSpeciesWithPlayerID
0x080BACA0	0x080BAD01	thumb	UpdateLoreleiDollCollection
0x080BAD04	0x080BAD1B	thumb	LoopWingFlapSound
0x080BAD1C	0x080BAD83	thumb	Task_WingFlapSound
0x080BAD84	0x080BADBF	thumb	CableCarWarp
0x080BADC0	0x080BADEB	thumb	Task_RunPerStepCallback
0x080BADEC	0x080BAE2B	thumb	Task_RunTimeBasedEvents
0x080BAE2C	0x080BAE83	thumb	SetUpFieldTasks
0x080BAE84	0x080BAEBF	thumb	ActivatePerStepCallback
0x080BAEC0	0x080BAEF3	thumb	ResetFieldTasksArgs
0x080BAEF4	0x080BAEF5	thumb	DummyPerStepCallback
0x080BAEF8	0x080BAF37	thumb	MarkIcePuzzleCoordVisited
0x080BAF38	0x080BAF77	thumb	SetIcefallCaveCrackedIceMetatiles
0x080BAF78	0x080BB0FB	thumb	IcefallCaveIcePerStepCallback
0x080BB0FC	0x080BB1A7	thumb	AshGrassPerStepCallback
0x080BB1A8	0x080BB1EF	thumb	SetCrackedFloorHoleMetatile
0x080BB1F0	0x080BB34B	thumb	CrackedFloorPerStepCallback
0x080BB350	0x080BB397	thumb	Clouds_InitVars
0x080BB398	0x080BB437	thumb	Clouds_InitAll
0x080BB438	0x080BB48F	thumb	Clouds_Main
0x080BB490	0x080BB4DF	thumb	Clouds_Finish
0x080BB4E0	0x080BB4FF	thumb	Sunny_InitVars
0x080BB500	0x080BB51F	thumb	Sunny_InitAll
0x080BB520	0x080BB521	thumb	Sunny_Main
0x080BB524	0x080BB527	thumb	Sunny_Finish
0x080BB528	0x080BB5EB	thumb	CreateCloudSprites
0x080BB5EC	0x080BB633	thumb	DestroyCloudSprites
0x080BB634	0x080BB647	thumb	UpdateCloudSprite
0x080BB648	0x080BB673	thumb	Drought_InitVars
0x080BB674	0x080BB6AF	thumb	Drought_InitAll
0x080BB6B0	0x080BB72B	thumb	Drought_Main
0x080BB72C	0x080BB72F	thumb	Drought_Finish
0x080BB730	0x080BB743	thumb	StartDroughtWeatherBlend
0x080BB744	0x080BB847	thumb	UpdateDroughtBlend
0x080BB848	0x080BB8A3	thumb	Rain_InitVars
0x080BB8A4	0x080BB94B	thumb	Rain_InitAll
0x080BB94C	0x080BB9A7	thumb	Rain_Main
0x080BB9A8	0x080BBA3F	thumb	Rain_Finish
0x080BBA40	0x080BBAE3	thumb	StartRainSpriteFall
0x080BBAE4	0x080BBBC7	thumb	UpdateRainSprite
0x080BBBC8	0x080BBBEB	thumb	WaitRainSprite
0x080BBBEC	0x080BBC97	thumb	InitRainSpriteMovement
0x080BBC98	0x080BBCA7	thumb	LoadRainSpriteSheet
0x080BBCA8	0x080BBDAF	thumb	CreateRainSprite
0x080BBDB0	0x080BBE23	thumb	UpdateVisibleRainSprites
0x080BBE24	0x080BBE67	thumb	DestroyRainSprites
0x080BBE68	0x080BBEA7	thumb	Snow_InitVars
0x080BBEA8	0x080BC013	thumb	Snow_InitAll
0x080BC014	0x080BC047	thumb	Snow_Main
0x080BC048	0x080BC0EB	thumb	Snow_Finish
0x080BC0EC	0x080BC157	thumb	UpdateVisibleSnowflakeSprites
0x080BC158	0x080BC1B7	thumb	CreateSnowflakeSprite
0x080BC1B8	0x080BC1E7	thumb	DestroySnowflakeSprite
0x080BC1E8	0x080BC27B	thumb	InitSnowflakeSpriteMovement
0x080BC27C	0x080BC2D3	thumb	WaitSnowflakeSprite
0x080BC2D4	0x080BC34F	thumb	UpdateSnowflakeSprite
0x080BC350	0x080BC3B3	thumb	Thunderstorm_InitVars
0x080BC3B4	0x080BC427	thumb	Thunderstorm_InitAll
0x080BC428	0x080BC483	thumb	Downpour_InitVars
0x080BC484	0x080BC4F3	thumb	Downpour_InitAll
0x080BC4F4	0x080BC72B	thumb	Thunderstorm_Main
0x080BC72C	0x080BC7E3	thumb	Thunderstorm_Finish
0x080BC7E4	0x080BC81B	thumb	SetThunderCounter
0x080BC81C	0x080BC86F	thumb	UpdateThunderSound
0x080BC870	0x080BC8C3	thumb	FogHorizontal_InitVars
0x080BC8C4	0x080BC92F	thumb	FogHorizontal_InitAll
0x080BC930	0x080BC9D7	thumb	FogHorizontal_Main
0x080BC9D8	0x080BCA63	thumb	FogHorizontal_Finish
0x080BCA64	0x080BCAAF	thumb	FogHorizontalSpriteCallback
0x080BCAB0	0x080BCB5B	thumb	CreateFogHorizontalSprites
0x080BCB5C	0x080BCB9F	thumb	DestroyFogHorizontalSprites
0x080BCBA0	0x080BCBF7	thumb	Ash_InitVars
0x080BCBF8	0x080BCC63	thumb	Ash_InitAll
0x080BCC64	0x080BCCFF	thumb	Ash_Main
0x080BCD00	0x080BCD5F	thumb	Ash_Finish
0x080BCD60	0x080BCD6F	thumb	LoadAshSpriteSheet
0x080BCD70	0x080BCE03	thumb	CreateAshSprites
0x080BCE04	0x080BCE4B	thumb	DestroyAshSprites
0x080BCE4C	0x080BCEB3	thumb	UpdateAshSprite
0x080BCEB4	0x080BCF0F	thumb	FogDiagonal_InitVars
0x080BCF10	0x080BCF3B	thumb	FogDiagonal_InitAll
0x080BCF3C	0x080BCF97	thumb	FogDiagonal_Main
0x080BCF98	0x080BCFE7	thumb	FogDiagonal_Finish
0x080BCFE8	0x080BD06B	thumb	UpdateFogDiagonalMovement
0x080BD06C	0x080BD11B	thumb	CreateFogDiagonalSprites
0x080BD11C	0x080BD163	thumb	DestroyFogDiagonalSprites
0x080BD164	0x080BD1AF	thumb	UpdateFogDiagonalSprite
0x080BD1B0	0x080BD213	thumb	Sandstorm_InitVars
0x080BD214	0x080BD28B	thumb	Sandstorm_InitAll
0x080BD28C	0x080BD317	thumb	Sandstorm_Main
0x080BD318	0x080BD387	thumb	Sandstorm_Finish
0x080BD388	0x080BD3AF	thumb	UpdateSandstormWaveIndex
0x080BD3B0	0x080BD413	thumb	UpdateSandstormMovement
0x080BD414	0x080BD48B	thumb	DestroySandstormSprites
0x080BD48C	0x080BD53B	thumb	CreateSandstormSprites
0x080BD53C	0x080BD61B	thumb	CreateSwirlSandstormSprites
0x080BD61C	0x080BD667	thumb	UpdateSandstormSprite
0x080BD668	0x080BD67F	thumb	WaitSandSwirlSpriteEntrance
0x080BD680	0x080BD6EB	thumb	UpdateSandstormSwirlSprite
0x080BD6EC	0x080BD713	thumb	Shade_InitVars
0x080BD714	0x080BD73B	thumb	Shade_InitAll
0x080BD73C	0x080BD73D	thumb	Shade_Main
0x080BD740	0x080BD743	thumb	Shade_Finish
0x080BD744	0x080BD7CB	thumb	Bubbles_InitVars
0x080BD7CC	0x080BD86B	thumb	Bubbles_InitAll
0x080BD86C	0x080BD8D7	thumb	Bubbles_Main
0x080BD8D8	0x080BD8EF	thumb	Bubbles_Finish
0x080BD8F0	0x080BD963	thumb	CreateBubbleSprite
0x080BD964	0x080BD9BB	thumb	DestroyBubbleSprites
0x080BD9BC	0x080BDA1B	thumb	UpdateBubbleSprite
0x080BDA1C	0x080BDA4F	thumb	SetSavedWeather
0x080BDA50	0x080BDA5F	thumb	GetSav1Weather
0x080BDA60	0x080BDB07	thumb	SetSavedWeatherFromCurrMapHeader
0x080BDB08	0x080BDB43	thumb	SetWeather
0x080BDB44	0x080BDB7F	thumb	SetWeather_Unused
0x080BDB80	0x080BDB97	thumb	DoCurrentWeather
0x080BDB98	0x080BDBAF	thumb	ResumePausedWeather
0x080BDBB0	0x080BDBE7	thumb	TranslateWeatherNum
0x080BDBE8	0x080BDBFF	thumb	UpdateWeatherPerDay
0x080BDC00	0x080BDC1F	thumb	UpdateRainCounter
0x080BDC20	0x080BDD07	thumb	StartWeather
0x080BDD08	0x080BDD6B	thumb	SetNextWeather
0x080BDD6C	0x080BDDB7	thumb	SetCurrentAndNextWeather
0x080BDDB8	0x080BDE07	thumb	SetCurrentAndNextWeatherNoDelay
0x080BDE08	0x080BDE53	thumb	Task_WeatherInit
0x080BDE54	0x080BDF03	thumb	Task_WeatherMain
0x080BDF04	0x080BDF1F	thumb	None_Init
0x080BDF20	0x080BDF21	thumb	None_Main
0x080BDF24	0x080BDF27	thumb	None_Finish
0x080BDF28	0x080BDFA3	thumb	UpdateWeatherGammaShift
0x080BDFA4	0x080BE073	thumb	FadeInScreenWithWeather
0x080BE074	0x080BE0CB	thumb	FadeInScreen_RainShowShade
0x080BE0CC	0x080BE11F	thumb	FadeInScreen_Drought
0x080BE120	0x080BE157	thumb	FadeInScreen_FogHorizontal
0x080BE158	0x080BE159	thumb	DoNothing
0x080BE15C	0x080BE337	thumb	ApplyGammaShift
0x080BE338	0x080BE48F	thumb	ApplyGammaShiftWithBlend
0x080BE490	0x080BE58F	thumb	ApplyDroughtGammaShiftWithBlend
0x080BE590	0x080BE707	thumb	ApplyFogBlend
0x080BE708	0x080BE737	thumb	MarkFogSpritePalToLighten
0x080BE738	0x080BE773	thumb	LightenSpritePaletteInFog
0x080BE774	0x080BE7A3	thumb	WeatherShiftGammaIfPalStateIdle
0x080BE7A4	0x080BE7EB	thumb	WeatherBeginGammaFade
0x080BE7EC	0x080BE8DB	thumb	FadeScreen
0x080BE8DC	0x080BE9C7	thumb	FadeSelectedPals
0x080BE9C8	0x080BE9DF	thumb	IsWeatherNotFadingIn
0x080BE9E0	0x080BEABB	thumb	UpdateSpritePaletteWithWeather
0x080BEABC	0x080BEAD7	thumb	ApplyWeatherGammaShiftToPal
0x080BEAD8	0x080BEAF7	thumb	IsWeatherFadingIn
0x080BEAF8	0x080BEB1B	thumb	LoadCustomWeatherSpritePalette
0x080BEB1C	0x080BEB23	thumb	LoadDroughtWeatherPalette
0x080BEB24	0x080BEB3F	thumb	ResetDroughtWeatherPaletteLoading
0x080BEB40	0x080BEB63	thumb	LoadDroughtWeatherPalettes
0x080BEB64	0x080BEB97	thumb	SetDroughtGamma
0x080BEB98	0x080BEBB7	thumb	DroughtStateInit
0x080BEBB8	0x080BECF7	thumb	DroughtStateRun
0x080BECF8	0x080BED27	thumb	Weather_SetBlendCoeffs
0x080BED28	0x080BED5B	thumb	Weather_SetTargetBlendCoeffs
0x080BED5C	0x080BEE27	thumb	Weather_UpdateBlend
0x080BEE28	0x080BEE8F	thumb	SetFieldWeather
0x080BEE90	0x080BEE9F	thumb	GetCurrentWeather
0x080BEEA0	0x080BEEEF	thumb	SetRainStrengthFromSoundEffect
0x080BEEF0	0x080BEF2B	thumb	PlayRainStoppingSoundEffect
0x080BEF2C	0x080BEF3B	thumb	IsWeatherChangeComplete
0x080BEF3C	0x080BEF4F	thumb	SetWeatherScreenFadeOut
0x080BEF50	0x080BEF63	thumb	WeatherProcessingIdle
0x080BEF64	0x080BEF8F	thumb	PreservePaletteInWeather
0x080BEF90	0x080BEF9F	thumb	ResetPreservedPalettesInWeather
0x080BEFA0	0x080BEFCF	thumb	SlightlyDarkenPalsInWeather
0x080BEFD4	0x080BEFE1	thumb	GetMapHeaderFromConnection
0x080BEFE4	0x080BEFF7	thumb	InitMap
0x080BEFF8	0x080BF00F	thumb	InitMapFromSavedGame
0x080BF010	0x080BF0D7	thumb	InitMapLayoutData
0x080BF0D8	0x080BF13B	thumb	InitBackupMapLayoutData
0x080BF13C	0x080BF1EF	thumb	InitBackupMapLayoutConnections
0x080BF1F0	0x080BF263	thumb	FillConnection
0x080BF264	0x080BF2F7	thumb	FillSouthConnection
0x080BF2F8	0x080BF383	thumb	FillNorthConnection
0x080BF384	0x080BF3DB	thumb	FillWestConnection
0x080BF3DC	0x080BF437	thumb	FillEastConnection
0x080BF438	0x080BF4B7	thumb	MapGridGetElevationAt
0x080BF4B8	0x080BF537	thumb	MapGridGetCollisionAt
0x080BF538	0x080BF5E7	thumb	MapGridGetMetatileIdAt
0x080BF5E8	0x080BF607	thumb	ExtractMetatileAttribute
0x080BF608	0x080BF66B	thumb	MapGridGetMetatileAttributeAt
0x080BF66C	0x080BF6A7	thumb	MapGridGetMetatileBehaviorAt
0x080BF6A8	0x080BF6E3	thumb	MapGridGetMetatileLayerTypeAt
0x080BF6E4	0x080BF72F	thumb	MapGridSetMetatileIdAt
0x080BF730	0x080BF76F	thumb	MapGridSetMetatileEntryAt
0x080BF770	0x080BF7C3	thumb	MapGridSetMetatileImpassabilityAt
0x080BF7C4	0x080BF81B	thumb	GetAttributeByMetatileIdAndMapLayout
0x080BF81C	0x080BF87B	thumb	SaveMapView
0x080BF87C	0x080BF8A7	thumb	SavedMapViewIsEmpty
0x080BF8A8	0x080BF8D7	thumb	ClearSavedMapView
0x080BF8D8	0x080BF96B	thumb	LoadSavedMapView
0x080BF96C	0x080BFA83	thumb	MoveMapViewToBackup
0x080BFA84	0x080BFB3B	thumb	GetMapBorderIdAt
0x080BFB3C	0x080BFB5F	thumb	GetPostCameraMoveMapBorderId
0x080BFB60	0x080BFB97	thumb	CanCameraMoveInDirection
0x080BFB98	0x080BFC0F	thumb	SetPositionFromConnection
0x080BFC10	0x080BFCFF	thumb	CameraMove
0x080BFD00	0x080BFD5B	thumb	GetIncomingConnection
0x080BFD5C	0x080BFDFB	thumb	IsPosInIncomingConnectingMap
0x080BFDFC	0x080BFE2B	thumb	IsCoordInIncomingConnectingMap
0x080BFE2C	0x080BFE3D	thumb	IsCoordInConnectingMap
0x080BFE40	0x080BFEA5	thumb	IsPosInConnectingMap
0x080BFEA8	0x080BFF8F	thumb	GetMapConnectionAtPos
0x080BFF90	0x080BFFA3	thumb	SetCameraFocusCoords
0x080BFFA4	0x080BFFBB	thumb	GetCameraFocusCoords
0x080BFFBC	0x080BFFCB	thumb	SetCameraCoords
0x080BFFCC	0x080BFFDF	thumb	GetCameraCoords
0x080BFFE0	0x080C0017	thumb	CopyTilesetToVram
0x080C0018	0x080C004F	thumb	CopyTilesetToVramUsingHeap
0x080C0050	0x080C00AF	thumb	ApplyGlobalTintToPaletteEntries
0x080C00B0	0x080C011F	thumb	ApplyGlobalTintToPaletteSlot
0x080C0120	0x080C019F	thumb	LoadTilesetPalette
0x080C01A0	0x080C01D1	thumb	CopyPrimaryTilesetToVram
0x080C01D4	0x080C020D	thumb	CopySecondaryTilesetToVram
0x080C0210	0x080C0249	thumb	CopySecondaryTilesetToVramUsingHeap
0x080C024C	0x080C025B	thumb	LoadPrimaryTilesetPalette
0x080C025C	0x080C026B	thumb	LoadSecondaryTilesetPalette
0x080C026C	0x080C02DB	thumb	CopyMapTilesetsToVram
0x080C02DC	0x080C02FB	thumb	LoadMapTilesetPalettes
0x080C02FC	0x080C02FD	thumb	DoWateringBerryTreeAnim
0x080C0300	0x080C031D	thumb	MetatileAtCoordsIsGrassTile
0x080C0320	0x080C03E7	thumb	SetUpFieldMove_Cut
0x080C03E8	0x080C03FF	thumb	FieldCallback_CutGrass
0x080C0400	0x080C042B	thumb	FldEff_UseCutOnGrass
0x080C042C	0x080C0447	thumb	FieldCallback_CutTree
0x080C0448	0x080C0473	thumb	FldEff_UseCutOnTree
0x080C0474	0x080C0497	thumb	FieldMoveCallback_CutGrass
0x080C0498	0x080C067F	thumb	FldEff_CutGrass
0x080C0680	0x080C06D3	thumb	SetCutGrassMetatileAt
0x080C06D4	0x080C077B	thumb	MetatileIsLongGrass
0x080C077C	0x080C07EF	thumb	MetatileIsMowedLongGrass
0x080C07F0	0x080C084F	thumb	GetMowedMetatileBasedOnInput
0x080C0850	0x080C0973	thumb	CleanupLongGrass
0x080C0974	0x080C0987	thumb	SpriteCallback_CutGrass_Init
0x080C0988	0x080C09DF	thumb	SpriteCallback_CutGrass_Run
0x080C09E0	0x080C0A3F	thumb	SpriteCallback_CutGrass_Cleanup
0x080C0A40	0x080C0A55	thumb	FieldMoveCallback_CutTree
0x080C0A58	0x080C0A87	thumb	SetUpFieldMove_Dig
0x080C0A88	0x080C0AA3	thumb	FieldCallback_Dig
0x080C0AA4	0x080C0ACF	thumb	FldEff_UseDig
0x080C0AD0	0x080C0AFB	thumb	StartDigFieldEffect
0x080C0AFC	0x080C0B3F	thumb	SetUpFieldMove_Flash
0x080C0B40	0x080C0B73	thumb	FieldCallback_Flash
0x080C0B74	0x080C0B93	thumb	FldEff_UseFlash
0x080C0B94	0x080C0BA9	thumb	CB2_ChangeMapMain
0x080C0BAC	0x080C0BBD	thumb	VBC_ChangeMapVBlank
0x080C0BC0	0x080C0CB7	thumb	CB2_DoChangeMap
0x080C0CB8	0x080C0D47	thumb	TryDoMapTransition
0x080C0D48	0x080C0D8F	thumb	MapTransitionIsEnter
0x080C0D90	0x080C0DD7	thumb	MapTransitionIsExit
0x080C0DD8	0x080C0DEB	thumb	FlashTransition_Exit
0x080C0DEC	0x080C0E07	thumb	Task_FlashTransition_Exit_0
0x080C0E08	0x080C0EA3	thumb	Task_FlashTransition_Exit_1
0x080C0EA4	0x080C0EE7	thumb	Task_FlashTransition_Exit_2
0x080C0EE8	0x080C0F53	thumb	Task_FlashTransition_Exit_3
0x080C0F54	0x080C0F87	thumb	Task_FlashTransition_Exit_4
0x080C0F88	0x080C0F9B	thumb	FlashTransition_Enter
0x080C0F9C	0x080C0FB7	thumb	Task_FlashTransition_Enter_0
0x080C0FB8	0x080C1057	thumb	Task_FlashTransition_Enter_1
0x080C1058	0x080C10BF	thumb	Task_FlashTransition_Enter_2
0x080C10C0	0x080C1113	thumb	Task_FlashTransition_Enter_3
0x080C1114	0x080C113B	thumb	RunMapPreviewScreen
0x080C113C	0x080C1267	thumb	Task_MapPreviewScreen_0
0x080C126C	0x080C12D3	thumb	Task_FieldPoisonEffect
0x080C12D4	0x080C12EB	thumb	FldEffPoison_Start
0x080C12EC	0x080C12FB	thumb	FldEffPoison_IsActive
0x080C12FC	0x080C1347	thumb	CheckObjectGraphicsInFrontOfPlayer
0x080C1348	0x080C1367	thumb	CreateFieldEffectShowMon
0x080C1368	0x080C13F3	thumb	Task_FieldEffectShowMon_Init
0x080C13F4	0x080C143B	thumb	Task_FieldEffectShowMon_WaitPlayerAnim
0x080C143C	0x080C14D7	thumb	Task_FieldEffectShowMon_WaitFldeff
0x080C14D8	0x080C150F	thumb	Task_FieldEffectShowMon_Cleanup
0x080C1510	0x080C153F	thumb	SetUpFieldMove_RockSmash
0x080C1540	0x080C155B	thumb	FieldCallback_UseRockSmash
0x080C155C	0x080C159B	thumb	FldEff_UseRockSmash
0x080C159C	0x080C15B1	thumb	StartRockSmashFieldEffect
0x080C15B4	0x080C15F7	thumb	SetUpFieldMove_SoftBoiled
0x080C15F8	0x080C1637	thumb	ChooseMonForSoftboiled
0x080C1638	0x080C171B	thumb	Task_TryUseSoftboiledOnPartyMon
0x080C171C	0x080C176F	thumb	Task_SoftboiledRestoreHealth
0x080C1770	0x080C17D3	thumb	Task_DisplayHPRestoredMessage
0x080C17D4	0x080C1833	thumb	Task_FinishSoftboiled
0x080C1834	0x080C1863	thumb	Task_ChooseNewMonForSoftboiled
0x080C1864	0x080C189B	thumb	CantUseSoftboiledOnMon
0x080C189C	0x080C18E7	thumb	SetUpFieldMove_Strength
0x080C18E8	0x080C1903	thumb	FieldCB_UseStrength
0x080C1904	0x080C1947	thumb	FldEff_UseStrength
0x080C1948	0x080C1957	thumb	ShowMonCB_UseStrength
0x080C1958	0x080C197B	thumb	Unused_StartSweetscentFldeff
0x080C197C	0x080C199B	thumb	SetUpFieldMove_SweetScent
0x080C199C	0x080C19B3	thumb	FieldCallback_SweetScent
0x080C19B4	0x080C19DF	thumb	FldEff_SweetScent
0x080C19E0	0x080C1A73	thumb	StartSweetScentFieldEffect
0x080C1A74	0x080C1B03	thumb	TrySweetScentEncounter
0x080C1B04	0x080C1B4B	thumb	FailSweetScentEncounter
0x080C1B4C	0x080C1B83	thumb	SetUpFieldMove_Teleport
0x080C1B84	0x080C1B9F	thumb	FieldCallback_Teleport
0x080C1BA0	0x080C1BCB	thumb	FldEff_UseTeleport
0x080C1BCC	0x080C1BDB	thumb	StartTeleportFieldEffect
0x080C1BDC	0x080C1C17	thumb	InitGpuRegManager
0x080C1C18	0x080C1C4B	thumb	CopyBufferedValueToGpuReg
0x080C1C4C	0x080C1CA7	thumb	CopyBufferedValuesToGpuRegs
0x080C1CA8	0x080C1D37	thumb	SetGpuReg
0x080C1D38	0x080C1D63	thumb	GetGpuReg
0x080C1D64	0x080C1D7F	thumb	SetGpuRegBits
0x080C1D80	0x080C1D9B	thumb	ClearGpuRegBits
0x080C1D9C	0x080C1DD3	thumb	SyncRegIE
0x080C1DD4	0x080C1E3F	thumb	EnableInterrupts
0x080C1E40	0x080C1EA7	thumb	DisableInterrupts
0x080C1EA8	0x080C1ED7	thumb	UpdateRegDispstatIntrBits
0x080C1ED8	0x080C1EE9	thumb	VBlankCB_HofIdle
0x080C1EEC	0x080C1F05	thumb	CB2_HofIdle
0x080C1F08	0x080C2017	thumb	InitHallOfFameScreen
0x080C2018	0x080C2053	thumb	CB2_DoHallOfFameScreen
0x080C2054	0x080C2083	thumb	CB2_DoHallOfFameScreenDontSaveData
0x080C2084	0x080C2233	thumb	Task_Hof_InitMonData
0x080C2234	0x080C22EF	thumb	Task_Hof_InitTeamSaveData
0x080C22F0	0x080C232F	thumb	Task_Hof_TrySaveData
0x080C2330	0x080C235F	thumb	Task_Hof_DelayAfterSave
0x080C2360	0x080C237B	thumb	Task_Hof_StartDisplayingMons
0x080C237C	0x080C247B	thumb	Task_Hof_DisplayMon
0x080C247C	0x080C2513	thumb	Task_Hof_PlayMonCryAndPrintInfo
0x080C2514	0x080C25FF	thumb	Task_Hof_TryDisplayAnotherMon
0x080C2600	0x080C2683	thumb	Task_Hof_PaletteFadeAndPrintWelcomeText
0x080C2684	0x080C2753	thumb	Task_Hof_ApplauseAndConfetti
0x080C2754	0x080C2793	thumb	Task_Hof_WaitBorderFadeAway
0x080C2794	0x080C281B	thumb	Task_Hof_SpawnPlayerPic
0x080C281C	0x080C28B7	thumb	Task_Hof_WaitAndPrintPlayerInfo
0x080C28B8	0x080C28EB	thumb	Task_Hof_ExitOnKeyPressed
0x080C28EC	0x080C2937	thumb	Task_Hof_HandlePaletteOnExit
0x080C2938	0x080C2A1F	thumb	Task_Hof_HandleExit
0x080C2A20	0x080C2A63	thumb	SetWarpsToRollCredits
0x080C2A64	0x080C2B87	thumb	CB2_InitHofPC
0x080C2B88	0x080C2C1B	thumb	Task_HofPC_CopySaveData
0x080C2C1C	0x080C2DDF	thumb	Task_HofPC_DrawSpritesPrintText
0x080C2DE0	0x080C2F03	thumb	Task_HofPC_PrintMonInfo
0x080C2F04	0x080C3027	thumb	Task_HofPC_HandleInput
0x080C3028	0x080C3067	thumb	Task_HofPC_HandlePaletteOnExit
0x080C3068	0x080C30DB	thumb	Task_HofPC_HandleExit
0x080C30DC	0x080C313B	thumb	Task_HofPC_PrintDataIsCorrupted
0x080C313C	0x080C3163	thumb	Task_HofPC_ExitOnButtonPress
0x080C3164	0x080C31BB	thumb	HallOfFame_PrintWelcomeText
0x080C31BC	0x080C33B3	thumb	HallOfFame_PrintMonInfo
0x080C33B4	0x080C3587	thumb	HallOfFame_PrintPlayerInfo
0x080C3588	0x080C3627	thumb	ClearVramOamPltt_LoadHofPal
0x080C3628	0x080C3663	thumb	HofInit_ResetGpuBuffersAndLoadConfettiGfx
0x080C3664	0x080C36DF	thumb	Hof_InitBgs
0x080C36E0	0x080C37C3	thumb	DrawHofBackground
0x080C37C4	0x080C37C5	thumb	SpriteCB_EndGetOnScreen
0x080C37C8	0x080C3817	thumb	SpriteCB_GetOnScreen
0x080C3818	0x080C3867	thumb	SpriteCB_Confetti
0x080C3868	0x080C38D3	thumb	Hof_SpawnConfetti
0x080C38D4	0x080C390B	thumb	GetHealLocationIndexFromMapGroupAndNum
0x080C390C	0x080C3947	thumb	GetHealLocationPointerFromMapGroupAndNum
0x080C3948	0x080C395F	thumb	GetHealLocation
0x080C3960	0x080C3A7F	thumb	SetWhiteoutRespawnWarpAndHealerNpc
0x080C3A80	0x080C3A93	thumb	SetWhiteoutRespawnHealerNpcAsLastTalked
0x080C3A94	0x080C3A9F	thumb	MapNamePopupWindowIdSetDummy
0x080C3AA0	0x080C3ACB	thumb	CreateHelpMessageWindow
0x080C3ACC	0x080C3B0B	thumb	DestroyHelpMessageWindow
0x080C3B0C	0x080C3BF7	thumb	DrawHelpMessageWindowTilesById
0x080C3BF8	0x080C3C0B	thumb	DrawHelpMessageWindowTiles
0x080C3C0C	0x080C3C3F	thumb	PrintHelpMessageText
0x080C3C40	0x080C3C8F	thumb	PrintTextOnHelpMessageWindow
0x080C3C90	0x080C40CB	thumb	RunHelpSystemCallback
0x080C40CC	0x080C4103	thumb	SaveCallbacks
0x080C4104	0x080C413B	thumb	SaveMapGPURegs
0x080C413C	0x080C4157	thumb	SaveMapTiles
0x080C4158	0x080C416B	thumb	SaveMapTextColors
0x080C416C	0x080C4183	thumb	RestoreCallbacks
0x080C4184	0x080C41BB	thumb	RestoreGPURegs
0x080C41BC	0x080C41D7	thumb	RestoreMapTiles
0x080C41D8	0x080C41EB	thumb	RestoreMapTextColors
0x080C41EC	0x080C4207	thumb	CommitTilemap
0x080C4208	0x080C429F	thumb	HS_DrawBgTilemapRect
0x080C42A0	0x080C42E7	thumb	HS_BufferFillMapWithTile1FF
0x080C42E8	0x080C4413	thumb	HS_ShowOrHideWordHELPinTopLeft
0x080C4414	0x080C44B3	thumb	HS_ShowOrHideControlsGuideInTopRight
0x080C44B4	0x080C453F	thumb	HS_ShowOrHideMainWindowText
0x080C4540	0x080C45C3	thumb	HS_SetMainWindowBgBrightness
0x080C45C4	0x080C4653	thumb	HS_ShowOrHideToplevelTooltipWindow
0x080C4654	0x080C4717	thumb	HS_ShowOrHideHeaderAndFooterLines_Lighter
0x080C4718	0x080C47DB	thumb	HS_ShowOrHideHeaderAndFooterLines_Darker
0x080C47DC	0x080C48A3	thumb	HS_ShowOrHideVerticalBlackBarsAlongSides
0x080C48A4	0x080C4907	thumb	HS_ShowOrHideHeaderLine_Darker_FooterStyle
0x080C4908	0x080C498F	thumb	HS_ShowOrHideScrollArrows
0x080C4990	0x080C4C3B	thumb	HelpSystemRenderText
0x080C4C3C	0x080C4CDF	thumb	DecompressAndRenderGlyph
0x080C4CE0	0x080C4D13	thumb	HelpSystem_PrintTextInTopLeftCorner
0x080C4D14	0x080C4D57	thumb	HelpSystem_PrintTextRightAlign_Row52
0x080C4D58	0x080C4D93	thumb	HelpSystem_PrintTextAt
0x080C4D94	0x080C4E0B	thumb	HelpSystem_PrintQuestionAndAnswerPair
0x080C4E0C	0x080C4E5F	thumb	HelpSystem_PrintTopicMouseoverDescription
0x080C4E60	0x080C4E87	thumb	HelpSystem_FillPanel3
0x080C4E88	0x080C4EAF	thumb	HelpSystem_FillPanel2
0x080C4EB0	0x080C4ED7	thumb	HelpSystem_FillPanel1
0x080C4ED8	0x080C4F63	thumb	HelpSystem_InitListMenuController
0x080C4F64	0x080C4F6F	thumb	HelpSystem_SetInputDelay
0x080C4F70	0x080C502B	thumb	HelpSystem_GetMenuInput
0x080C502C	0x080C5087	thumb	HS_UpdateMenuScrollArrows
0x080C5088	0x080C5127	thumb	PrintListMenuItems
0x080C5128	0x080C517B	thumb	PlaceListMenuCursor
0x080C517C	0x080C51CF	thumb	HS_RemoveSelectionCursorAt
0x080C51D0	0x080C5253	thumb	TryMoveCursor1
0x080C5254	0x080C53A3	thumb	MoveCursor
0x080C53A4	0x080C53B3	thumb	SetHelpContextDontCheckBattle
0x080C53B4	0x080C53D7	thumb	SetHelpContext
0x080C53D8	0x080C53EB	thumb	Script_SetHelpContext
0x080C53EC	0x080C53FF	thumb	BackupHelpContext
0x080C5400	0x080C5413	thumb	RestoreHelpContext
0x080C5414	0x080C5457	thumb	IsInMartMap
0x080C5458	0x080C549B	thumb	IsInGymMap
0x080C549C	0x080C54DB	thumb	IsCurrentMapInArray
0x080C54DC	0x080C556B	thumb	IsInDungeonMap
0x080C556C	0x080C563B	thumb	SetHelpContextForMap
0x080C563C	0x080C567B	thumb	HelpSystem_UpdateHasntSeenIntro
0x080C567C	0x080C568B	thumb	HelpSystem_IsSinglePlayer
0x080C568C	0x080C5697	thumb	HelpSystem_Disable
0x080C5698	0x080C56BF	thumb	HelpSystem_Enable
0x080C56C0	0x080C56CB	thumb	HelpSystem_DisableToggleWithRButton
0x080C56CC	0x080C56D7	thumb	HelpSystem_EnableToggleWithRButton
0x080C56D8	0x080C56EB	thumb	ResetHelpSystemListMenu
0x080C56EC	0x080C5767	thumb	BuildAndPrintMainTopicsListMenu
0x080C5768	0x080C57F3	thumb	BuildMainTopicsListAndMoveToH00
0x080C57F4	0x080C586B	thumb	BuildAndPrintSubmenuList
0x080C586C	0x080C59BF	thumb	SetHelpSystemSubmenuItems
0x080C59C0	0x080C59E3	thumb	HelpSystem_ShouldShowBasicTerms
0x080C59E4	0x080C5C0B	thumb	IsHelpSystemSubmenuEnabled
0x080C5C0C	0x080C5C7F	thumb	HasGottenAtLeastOneHM
0x080C5C80	0x080C5DAB	thumb	RunHelpMenuSubroutine
0x080C5DAC	0x080C5DE7	thumb	HelpSystemSubroutine_PrintWelcomeMessage
0x080C5DE8	0x080C5E0B	thumb	HelpSystemSubroutine_WelcomeWaitButton
0x080C5E0C	0x080C5E2B	thumb	HelpSystemSubroutine_WelcomeEndGotoMenu
0x080C5E2C	0x080C5E93	thumb	HelpSystemSubroutine_MenuInputHandlerMain
0x080C5E94	0x080C5EC3	thumb	HelpMenuSubroutine_InitSubmenu
0x080C5EC4	0x080C5EF7	thumb	HelpMenuSubroutine_ReturnFromSubmenu
0x080C5EF8	0x080C5F33	thumb	HelpMenuSubroutine_SubmenuInputHandler
0x080C5F34	0x080C5F53	thumb	HelpSystem_PrintTopicLabel
0x080C5F54	0x080C6027	thumb	HelpMenuSubroutine_HelpItemPrint
0x080C6028	0x080C604F	thumb	HelpMenuSubroutine_ReturnFromHelpItem
0x080C6050	0x080C607F	thumb	HelpMenuSubroutine_HelpItemWaitButton
0x080C6080	0x080C6097	thumb	PrintWelcomeMessageOnPanel1
0x080C6098	0x080C60AB	thumb	PrintTextOnPanel2Row52RightAlign
0x080C60AC	0x080C60B7	thumb	GetHelpSystemMenuLevel
0x080C60B8	0x080C60BD	thumb	ResetHelpSystemCursor
0x080C60C0	0x080C60F7	thumb	PrintHelpSystemTopicMouseoverDescription
0x080C60F8	0x080C612B	thumb	Task_WaitFadeAndSetCallback
0x080C612C	0x080C6157	thumb	HallOfFamePCBeginFade
0x080C6158	0x080C6177	thumb	ReturnFromHallOfFamePC
0x080C6178	0x080C61AF	thumb	ReshowPCMenuAfterHallOfFamePC
0x080C61B0	0x080C61CB	thumb	Task_WaitForPaletteFade
0x080C61CC	0x080C62CB	thumb	ApplyImageProcessingEffects
0x080C62CC	0x080C637F	thumb	ApplyImageEffect_RedChannelGrayscale
0x080C6380	0x080C643F	thumb	ApplyImageEffect_RedChannelGrayscaleHighlight
0x080C6440	0x080C6459	thumb	ApplyImageEffect_Pointillism
0x080C645C	0x080C650F	thumb	ApplyImageEffect_Grayscale
0x080C6510	0x080C65EB	thumb	ApplyImageEffect_Blur
0x080C65EC	0x080C66CB	thumb	ApplyImageEffect_PersonalityColor
0x080C66CC	0x080C679B	thumb	ApplyImageEffect_BlackAndWhite
0x080C679C	0x080C69CB	thumb	ApplyImageEffect_BlackOutline
0x080C69CC	0x080C6A8F	thumb	ApplyImageEffect_Invert
0x080C6A90	0x080C6BE7	thumb	ApplyImageEffect_Shimmer
0x080C6BE8	0x080C6C9F	thumb	ApplyImageEffect_BlurRight
0x080C6CA0	0x080C6D6B	thumb	ApplyImageEffect_BlurDown
0x080C6D6C	0x080C6F47	thumb	AddPointillismPoints
0x080C6F48	0x080C6F73	thumb	ConvertColorToGrayscale
0x080C6F74	0x080C6FB3	thumb	QuantizePixel_PersonalityColor
0x080C6FB4	0x080C7037	thumb	GetColorFromPersonality
0x080C7038	0x080C706F	thumb	QuantizePixel_BlackAndWhite
0x080C7070	0x080C708D	thumb	QuantizePixel_BlackOutline
0x080C7090	0x080C70B3	thumb	QuantizePixel_Invert
0x080C70B4	0x080C71A9	thumb	QuantizePixel_MotionBlur
0x080C71AC	0x080C72A3	thumb	QuantizePixel_Blur
0x080C72A4	0x080C7397	thumb	QuantizePixel_BlurHard
0x080C7398	0x080C750B	thumb	ConvertImageProcessingToGBA
0x080C750C	0x080C7603	thumb	ApplyImageProcessingQuantization
0x080C7604	0x080C768B	thumb	SetPresetPalette_PrimaryColors
0x080C768C	0x080C76A3	thumb	SetPresetPalette_BlackAndWhite
0x080C76A4	0x080C76D7	thumb	SetPresetPalette_GrayscaleSmall
0x080C76D8	0x080C7703	thumb	SetPresetPalette_Grayscale
0x080C7704	0x080C7857	thumb	QuantizePalette_Standard
0x080C7858	0x080C7957	thumb	QuantizePalette_BlackAndWhite
0x080C7958	0x080C7A3B	thumb	QuantizePalette_GrayscaleSmall
0x080C7A3C	0x080C7B0B	thumb	QuantizePalette_Grayscale
0x080C7B0C	0x080C7BBF	thumb	QuantizePalette_PrimaryColors
0x080C7BC0	0x080C7C3F	thumb	QuantizePixel_Standard
0x080C7C40	0x080C7D2F	thumb	QuantizePixel_PrimaryColors
0x080C7D30	0x080C7D5D	thumb	QuantizePixel_GrayscaleSmall
0x080C7D60	0x080C7D85	thumb	QuantizePixel_Grayscale
0x080C7D88	0x080C7D99	thumb	VBlankCB_Copyright
0x080C7D9C	0x080C7DB7	thumb	CB2_WaitFadeBeforeSetUpIntro
0x080C7DB8	0x080C7DF7	thumb	LoadCopyrightGraphics
0x080C7DF8	0x080C7E07	thumb	SerialCB_CopyrightScreen
0x080C7E08	0x080C8013	thumb	SetUpCopyrightScreen
0x080C8014	0x080C8057	thumb	CB2_InitCopyrightScreenAfterBootup
0x080C8058	0x080C8061	thumb	CB2_InitCopyrightScreenAfterTitleScreen
0x080C8064	0x080C81D7	thumb	CB2_SetUpIntro
0x080C81D8	0x080C81ED	thumb	CB2_Intro
0x080C81F0	0x080C8201	thumb	VBlankCB_Intro
0x080C8204	0x080C8273	thumb	Intro_ResetGpuRegs
0x080C8274	0x080C82AB	thumb	StartIntroSequence
0x080C82AC	0x080C82B3	thumb	SetIntroCB
0x080C82B4	0x080C82EB	thumb	Task_CallIntroCallback
0x080C82EC	0x080C838B	thumb	IntroCB_Init
0x080C838C	0x080C8433	thumb	IntroCB_GF_OpenWindow
0x080C8434	0x080C84A3	thumb	IntroCB_GF_Star
0x080C84A4	0x080C855B	thumb	IntroCB_GF_RevealName
0x080C855C	0x080C86B7	thumb	IntroCB_GF_RevealLogo
0x080C86B8	0x080C8887	thumb	IntroCB_Scene1
0x080C8888	0x080C8903	thumb	Scene1_Task_AnimateGrass
0x080C8904	0x080C8927	thumb	Scene1_StartGrassScrolling
0x080C8928	0x080C897B	thumb	Scene1_Task_BgZoom
0x080C897C	0x080C8BDB	thumb	IntroCB_Scene2
0x080C8BDC	0x080C8BF7	thumb	Scene2_Task_PanForest
0x080C8BF8	0x080C8C11	thumb	Scene2_Task_PanMons
0x080C8C14	0x080C8C67	thumb	Scene2_CreateMonSprites
0x080C8C68	0x080C8C85	thumb	Scene2_DestroyMonSprites
0x080C8C88	0x080C8EA7	thumb	IntroCB_Scene3_Entrance
0x080C8EA8	0x080C8EDF	thumb	Scene3_Task_BgScroll
0x080C8EE0	0x080C8EF3	thumb	Scene3_StartBgScroll
0x080C8EF4	0x080C8F17	thumb	Scene3_SlowBgScroll
0x080C8F18	0x080C8F67	thumb	Scene3_Task_GengarBounce
0x080C8F68	0x080C8F8B	thumb	Scene3_PauseGengarBounce
0x080C8F8C	0x080C8FAF	thumb	Scene3_ResumeGengarBounce
0x080C8FB0	0x080C8FCF	thumb	Scene3_IsGengarMidBounce
0x080C8FD0	0x080C900F	thumb	Scene3_CreateGrassSprite
0x080C9010	0x080C90AB	thumb	SpriteCB_Grass
0x080C90AC	0x080C93AB	thumb	IntroCB_Scene3_Fight
0x080C93AC	0x080C93C1	thumb	Scene3_CalcCenterToCornerVec
0x080C93C4	0x080C947B	thumb	Scene3_CreateGengarSprite
0x080C947C	0x080C94AF	thumb	Scene3_NidorinoZoom
0x080C94B0	0x080C94B1	thumb	SpriteCB_Idle
0x080C94B4	0x080C94EB	thumb	Scene3_GengarZoom
0x080C94EC	0x080C956B	thumb	IntroCB_ExitToTitleScreen
0x080C956C	0x080C9653	thumb	GFScene_LoadGfxCreateStar
0x080C9654	0x080C96FB	thumb	GFScene_CreateStarSparkle
0x080C96FC	0x080C970F	thumb	GFScene_StartNameSparklesSmall
0x080C9710	0x080C97CB	thumb	GFScene_Task_NameSparklesSmall
0x080C97CC	0x080C97DF	thumb	GFScene_StartNameSparklesBig
0x080C97E0	0x080C986F	thumb	GFScene_Task_NameSparklesBig
0x080C9870	0x080C9893	thumb	GFScene_CreateLogoSprite
0x080C9894	0x080C98DF	thumb	GFScene_CreatePresentsSprite
0x080C98E0	0x080C991F	thumb	Scene3_StartGengarAttack
0x080C9920	0x080C995B	thumb	Scene3_ApplyGengarAnim
0x080C995C	0x080C9AE7	thumb	Scene3_Task_GengarAttack
0x080C9AE8	0x080C9B4B	thumb	Scene3_CreateGengarSwipeSprites
0x080C9B4C	0x080C9B7B	thumb	SpriteCB_GengarSwipe
0x080C9B7C	0x080C9C17	thumb	Scene3_Task_GengarEnter
0x080C9C18	0x080C9CCF	thumb	SpriteCB_Star
0x080C9CD0	0x080C9D8F	thumb	SpriteCB_SparklesSmall_Star
0x080C9D90	0x080C9E5B	thumb	SpriteCB_SparklesSmall_Name
0x080C9E5C	0x080C9E6F	thumb	SpriteCB_SparklesBig
0x080C9E70	0x080C9E9B	thumb	Scene3_CreateNidorinoSprite
0x080C9E9C	0x080C9ED7	thumb	Scene3_StartNidorinoEntrance
0x080C9ED8	0x080C9F1B	thumb	Scene3_SpriteCB_NidorinoEnter
0x080C9F1C	0x080C9F2F	thumb	Scene3_IsNidorinoEntering
0x080C9F30	0x080C9F57	thumb	Scene3_StartNidorinoCry
0x080C9F58	0x080C9FE7	thumb	SpriteCB_NidorinoCry
0x080C9FE8	0x080CA037	thumb	Scene3_StartNidorinoRecoil
0x080CA038	0x080CA1BB	thumb	SpriteCB_NidorinoRecoil
0x080CA1BC	0x080CA1CF	thumb	Scene3_NidorinoAnimIsRunning
0x080CA1D0	0x080CA25F	thumb	CreateNidorinoRecoilDustSprites
0x080CA260	0x080CA2F7	thumb	SpriteCB_RecoilDust
0x080CA2F8	0x080CA347	thumb	Scene3_StartNidorinoHop
0x080CA348	0x080CA3FF	thumb	SpriteCB_NidorinoHop
0x080CA400	0x080CA45B	thumb	Scene3_StartNidorinoAttack
0x080CA45C	0x080CA52B	thumb	SpriteCB_NidorinoAttack
0x080CA52C	0x080CA553	thumb	LoadFightSceneSpriteGraphics
0x080CA558	0x080CA57B	thumb	AGBPrintInit
0x080CA57C	0x080CA5CF	thumb	AGBPutcInternal
0x080CA5D0	0x080CA63F	thumb	AGBPutc
0x080CA640	0x080CA6EB	thumb	AGBPrint
0x080CA6EC	0x080CA70B	thumb	AGBPrintf
0x080CA70C	0x080CA78F	thumb	AGBPrintTransferDataInternal
0x080CA790	0x080CA7E3	thumb	AGBPrintFlush1Block
0x080CA7E4	0x080CA84F	thumb	AGBPrintFlush
0x080CA850	0x080CA8E7	thumb	AGBAssert
0x080CA8EC	0x080CA8FF	thumb	ResetItemMenuIconState
0x080CA900	0x080CA947	thumb	CreateBagSprite
0x080CA948	0x080CA97B	thumb	SetBagVisualPocketId
0x080CA97C	0x080CA993	thumb	SpriteCB_BagVisualSwitchingPockets
0x080CA994	0x080CA9CF	thumb	ShakeBagSprite
0x080CA9D0	0x080CA9F3	thumb	SpriteCB_ShakeBagSprite
0x080CA9F4	0x080CAA9B	thumb	CreateSwapLine
0x080CAA9C	0x080CAAD7	thumb	SetSwapLineInvisibility
0x080CAAD8	0x080CAB13	thumb	UpdateSwapLinePos
0x080CAB14	0x080CAB53	thumb	TryAllocItemIconTilesBuffers
0x080CAB54	0x080CAB81	thumb	CopyItemIconPicTo4x4Buffer
0x080CAB84	0x080CAC9B	thumb	AddItemIconObject
0x080CAC9C	0x080CADB3	thumb	AddItemIconObjectWithCustomObjectTemplate
0x080CADB4	0x080CAE07	thumb	CreateItemMenuIcon
0x080CAE08	0x080CAE37	thumb	DestroyItemMenuIcon
0x080CAE38	0x080CAE5B	thumb	GetItemIconGfxPtr
0x080CAE5C	0x080CAEAF	thumb	CreateBerryPouchItemIcon
0x080CAEB0	0x080CAF9F	thumb	GoToBagMenu
0x080CAFA0	0x080CAFB3	thumb	CB2_BagMenuFromStartMenu
0x080CAFB4	0x080CAFC7	thumb	CB2_BagMenuFromBattle
0x080CAFC8	0x080CAFE1	thumb	CB2_BagMenuRun
0x080CAFE4	0x080CAFF5	thumb	VBlankCB_BagMenuRun
0x080CAFF8	0x080CB017	thumb	CB2_OpenBagMenu
0x080CB018	0x080CB237	thumb	LoadBagMenuGraphics
0x080CB238	0x080CB277	thumb	FadeOutOfBagMenu
0x080CB278	0x080CB2A7	thumb	Task_WaitFadeOutOfBagMenu
0x080CB2A8	0x080CB2CB	thumb	NullBagMenuBufferPtrs
0x080CB2CC	0x080CB33B	thumb	BagMenuInitBgsAndAllocTilemapBuffer
0x080CB33C	0x080CB45B	thumb	DoLoadBagGraphics
0x080CB45C	0x080CB4CF	thumb	CreateBagInputHandlerTask
0x080CB4D0	0x080CB503	thumb	TryAllocListMenuBuffers
0x080CB504	0x080CB64B	thumb	Bag_BuildListMenuTemplate
0x080CB64C	0x080CB68F	thumb	BagListMenuGetItemNameColored
0x080CB690	0x080CB723	thumb	BagListMenuMoveCursorFunc
0x080CB724	0x080CB82B	thumb	BagListMenuItemPrintFunc
0x080CB82C	0x080CB849	thumb	bag_menu_print_cursor_
0x080CB84C	0x080CB8A3	thumb	bag_menu_print_cursor
0x080CB8A4	0x080CB8CB	thumb	PrintBagPocketName
0x080CB8CC	0x080CB93B	thumb	PrintItemDescriptionOnMessageWindow
0x080CB93C	0x080CB983	thumb	CreatePocketScrollArrowPair
0x080CB984	0x080CB9B7	thumb	CreatePocketSwitchArrowPair
0x080CB9B8	0x080CB9EB	thumb	CreatePocketScrollArrowPair_SellQuantity
0x080CB9EC	0x080CBA1F	thumb	CreateArrowPair_QuantitySelect
0x080CBA20	0x080CBA4F	thumb	BagDestroyPocketScrollArrowPair
0x080CBA50	0x080CBA6F	thumb	BagDestroyPocketSwitchArrowPair
0x080CBA70	0x080CBA8B	thumb	ResetBagCursorPositions
0x080CBA8C	0x080CBADF	thumb	PocketCalculateInitialCursorPosAndItemsAbove
0x080CBAE0	0x080CBB03	thumb	CalculateInitialCursorPosAndItemsAbove
0x080CBB04	0x080CBB5F	thumb	UpdatePocketScrollPositions
0x080CBB60	0x080CBBAB	thumb	DestroyBagMenuResources
0x080CBBAC	0x080CBBE3	thumb	ItemMenu_StartFadeToExitCallback
0x080CBBE4	0x080CBC57	thumb	Task_ItemMenu_WaitFadeAndSwitchToExitCallback
0x080CBC58	0x080CBCEF	thumb	ShowBagOrBeginWin0OpenTask
0x080CBCF0	0x080CBD1F	thumb	Bag_BeginCloseWin0Animation
0x080CBD20	0x080CBD2B	thumb	CB2_SetUpReshowBattleScreenAfterMenu
0x080CBD2C	0x080CBD9B	thumb	Task_AnimateWin0v
0x080CBD9C	0x080CBDA9	thumb	MoveItemSlotInList
0x080CBDAC	0x080CBE13	thumb	Pocket_CalculateNItemsAndMaxShowed
0x080CBE14	0x080CBE37	thumb	All_CalculateNItemsAndMaxShowed
0x080CBE38	0x080CBE97	thumb	DisplayItemMessageInBag
0x080CBE98	0x080CBEA3	thumb	ItemMenu_SetExitCallback
0x080CBEA4	0x080CBEC7	thumb	GetSelectedItemIndex
0x080CBEC8	0x080CC153	thumb	Task_BagMenu_HandleInput
0x080CC154	0x080CC197	thumb	Task_ItemContextMenuByLocation
0x080CC198	0x080CC203	thumb	Task_RedrawArrowsAndReturnToBagMenuSelect
0x080CC204	0x080CC22B	thumb	Bag_FillMessageBoxWithPalette
0x080CC22C	0x080CC2DF	thumb	ProcessPocketSwitchInput
0x080CC2E0	0x080CC3BF	thumb	SwitchPockets
0x080CC3C0	0x080CC5CF	thumb	Task_AnimateSwitchPockets
0x080CC5D0	0x080CC6CB	thumb	BeginMovingItemInPocket
0x080CC6CC	0x080CC7A3	thumb	Task_MoveItemInPocket_HandleInput
0x080CC7A4	0x080CC8AB	thumb	ExecuteMoveItemInPocket
0x080CC8AC	0x080CC96B	thumb	AbortMovingItemInPocket
0x080CC96C	0x080CCA43	thumb	InitQuantityToTossOrDeposit
0x080CCA44	0x080CCAA3	thumb	UpdateQuantityToTossOrDeposit
0x080CCAA4	0x080CCAE3	thumb	DrawItemListRow
0x080CCAE4	0x080CCB27	thumb	IsUnregisterableKeyItem
0x080CCB28	0x080CCE23	thumb	OpenContextMenu
0x080CCE24	0x080CCE4B	thumb	Task_ItemContext_FieldOrBattle
0x080CCE4C	0x080CCE9F	thumb	Task_FieldItemContextMenuHandleInput
0x080CCEA0	0x080CCF0F	thumb	Task_ItemMenuAction_Use
0x080CCF10	0x080CCF7B	thumb	Task_ItemMenuAction_Toss
0x080CCF7C	0x080CCFEB	thumb	Task_ConfirmTossItems
0x080CCFEC	0x080CD083	thumb	Task_TossItem_No
0x080CD084	0x080CD137	thumb	Task_SelectQuantityToToss
0x080CD138	0x080CD1CB	thumb	Task_TossItem_Yes
0x080CD1CC	0x080CD277	thumb	Task_WaitAB_RedrawAndReturnToBag
0x080CD278	0x080CD307	thumb	Task_ItemMenuAction_ToggleSelect
0x080CD308	0x080CD3E7	thumb	Task_ItemMenuAction_Give
0x080CD3E8	0x080CD403	thumb	Task_PrintThereIsNoPokemon
0x080CD404	0x080CD443	thumb	Task_PrintItemCantBeHeld
0x080CD444	0x080CD46B	thumb	Task_WaitAButtonAndCloseContextMenu
0x080CD46C	0x080CD54F	thumb	Task_ReturnToBagFromContextMenu
0x080CD550	0x080CD60F	thumb	Task_UnusedReturnToBag
0x080CD610	0x080CD6AF	thumb	Task_ItemMenuAction_Cancel
0x080CD6B0	0x080CD6FB	thumb	Task_ItemMenuAction_BattleUse
0x080CD6FC	0x080CD80F	thumb	Task_ItemContext_FieldGive
0x080CD810	0x080CD823	thumb	GoToTMCase_Give
0x080CD824	0x080CD837	thumb	GoToBerryPouch_Give
0x080CD838	0x080CD841	thumb	ReturnToBagMenuFromSubmenu_Give
0x080CD844	0x080CD957	thumb	Task_ItemContext_PcBoxGive
0x080CD958	0x080CD96B	thumb	GoToTMCase_PCBox
0x080CD96C	0x080CD97F	thumb	GoToBerryPouch_PCBox
0x080CD980	0x080CD993	thumb	ReturnToBagMenuFromSubmenu_PCBox
0x080CD994	0x080CDA97	thumb	Task_ItemContext_Sell
0x080CDA98	0x080CDAAB	thumb	GoToTMCase_Sell
0x080CDAAC	0x080CDABF	thumb	GoToBerryPouch_Sell
0x080CDAC0	0x080CDAD3	thumb	ReturnToBagMenuFromSubmenu_Sell
0x080CDAD4	0x080CDB43	thumb	Task_PrintSaleConfirmationText
0x080CDB44	0x080CDB57	thumb	Task_ShowSellYesNoMenu
0x080CDB58	0x080CDC03	thumb	Task_SellItem_No
0x080CDC04	0x080CDCEB	thumb	Task_InitSaleQuantitySelectInterface
0x080CDCEC	0x080CDD0D	thumb	UpdateSalePriceDisplay
0x080CDD10	0x080CDDFF	thumb	Task_SelectQuantityToSell
0x080CDE00	0x080CDE8B	thumb	Task_SellItem_Yes
0x080CDE8C	0x080CDF9B	thumb	Task_FinalizeSaleToShop
0x080CDF9C	0x080CDFDB	thumb	Task_WaitPressAB_AfterSell
0x080CDFDC	0x080CE01F	thumb	Task_ItemContext_Deposit
0x080CE020	0x080CE0CB	thumb	Task_SelectQuantityToDeposit
0x080CE0CC	0x080CE197	thumb	Task_TryDoItemDeposit
0x080CE198	0x080CE227	thumb	UseRegisteredKeyItemOnField
0x080CE228	0x080CE23F	thumb	BagIsTutorial
0x080CE240	0x080CE35B	thumb	BackUpPlayerBag
0x080CE35C	0x080CE40F	thumb	RestorePlayerBag
0x080CE410	0x080CE437	thumb	InitOldManBag
0x080CE438	0x080CE55F	thumb	Task_Bag_OldManTutorial
0x080CE560	0x080CE597	thumb	Task_Pokedude_FadeFromBag
0x080CE598	0x080CE5EB	thumb	Task_Pokedude_WaitFadeAndExitBag
0x080CE5EC	0x080CE65F	thumb	InitPokedudeBag
0x080CE660	0x080CE6AB	thumb	Task_BButtonInterruptTeachyTv
0x080CE6AC	0x080CE8CF	thumb	Task_Bag_TeachyTvRegister
0x080CE8D0	0x080CEA93	thumb	Task_Bag_TeachyTvCatching
0x080CEA94	0x080CEBF3	thumb	Task_Bag_TeachyTvStatus
0x080CEBF4	0x080CED47	thumb	Task_Bag_TeachyTvTMs
0x080CED48	0x080CEDB3	thumb	BagMenu_Print
0x080CEDB4	0x080CEF0F	thumb	AddBagSortSubMenu
0x080CEF10	0x080CEF6F	thumb	Task_FieldItemSortMenuHandleInput
0x080CEF70	0x080CEF93	thumb	Task_LoadBagSortOptions
0x080CEF94	0x080CEFCB	thumb	ItemMenu_SortByName
0x080CEFCC	0x080CF003	thumb	ItemMenu_SortByType
0x080CF004	0x080CF03B	thumb	ItemMenu_SortByAmount
0x080CF03C	0x080CF073	thumb	ItemMenu_SortByNumber
0x080CF074	0x080CF133	thumb	SortBagItems
0x080CF134	0x080CF177	thumb	Task_SortFinish
0x080CF178	0x080CF23B	thumb	SortItemsInBag
0x080CF23C	0x080CF249	thumb	MergeSort
0x080CF24C	0x080CF317	thumb	Merge
0x080CF318	0x080CF361	thumb	CompareItemsAlphabetically
0x080CF364	0x080CF3A1	thumb	CompareItemsByMost
0x080CF3A4	0x080CF3C9	thumb	CompareItemsById
0x080CF3CC	0x080CF417	thumb	CompareItemsByType
0x080CF418	0x080CF487	thumb	MoveItemSlotInList.part.0
0x080CF488	0x080CF4D3	thumb	MergeSort.part.0
0x080CF4D8	0x080CF4F1	thumb	ItemPc_Init
0x080CF4F4	0x080CF50D	thumb	ItemPc_MainCB
0x080CF510	0x080CF521	thumb	ItemPc_VBlankCB
0x080CF524	0x080CF53B	thumb	ItemPc_RunSetup
0x080CF53C	0x080CF6F7	thumb	ItemPc_DoGfxSetup
0x080CF6F8	0x080CF733	thumb	ItemPc_FadeAndBail
0x080CF734	0x080CF763	thumb	Task_ItemPcWaitFadeAndBail
0x080CF764	0x080CF7D3	thumb	ItemPc_InitBgs
0x080CF7D4	0x080CF883	thumb	ItemPc_LoadGraphics
0x080CF884	0x080CF8EF	thumb	ItemPc_AllocateResourcesForListMenu
0x080CF8F0	0x080CF9B3	thumb	ItemPc_BuildListMenuTemplate
0x080CF9B4	0x080CFA7B	thumb	ItemPc_MoveCursorFunc
0x080CFA7C	0x080CFB1F	thumb	ItemPc_ItemPrintFunc
0x080CFB20	0x080CFB3D	thumb	ItemPc_PrintOrRemoveCursor
0x080CFB40	0x080CFBA3	thumb	ItemPc_PrintOrRemoveCursorAt
0x080CFBA4	0x080CFBD3	thumb	ItemPc_PrintWithdrawItem
0x080CFBD4	0x080CFC0F	thumb	ItemPc_PlaceTopMenuScrollIndicatorArrows
0x080CFC10	0x080CFC47	thumb	ItemPc_PlaceWithdrawQuantityScrollIndicatorArrows
0x080CFC48	0x080CFC67	thumb	ItemPc_RemoveScrollIndicatorArrowPair
0x080CFC68	0x080CFCA7	thumb	ItemPc_SetCursorPosition
0x080CFCA8	0x080CFCF3	thumb	ItemPc_FreeResources
0x080CFCF4	0x080CFD47	thumb	Task_ItemPcTurnOff1
0x080CFD48	0x080CFDBB	thumb	Task_ItemPcTurnOff2
0x080CFDBC	0x080CFDCF	thumb	ItemPc_GetCursorPosition
0x080CFDD0	0x080CFDE7	thumb	ItemPc_GetItemIdBySlotId
0x080CFDE8	0x080CFE0B	thumb	ItemPc_GetItemQuantityBySlotId
0x080CFE0C	0x080CFE57	thumb	ItemPc_CountPcItems
0x080CFE58	0x080CFE6F	thumb	ItemPc_SetScrollPosition
0x080CFE70	0x080CFE97	thumb	ItemPc_SetMessageWindowPalette
0x080CFE98	0x080CFEA3	thumb	ItemPc_SetInitializedFlag
0x080CFEA4	0x080CFFEB	thumb	Task_ItemPcMain
0x080CFFEC	0x080D002F	thumb	ItemPc_ReturnFromSubmenu
0x080D0030	0x080D00FF	thumb	ItemPc_MoveItemModeInit
0x080D0100	0x080D0193	thumb	Task_ItemPcMoveItemModeRun
0x080D0194	0x080D023F	thumb	ItemPc_InsertItemIntoNewSlot
0x080D0240	0x080D02BF	thumb	ItemPc_MoveItemModeCancel
0x080D02C0	0x080D03DB	thumb	Task_ItemPcSubmenuInit
0x080D03DC	0x080D041B	thumb	Task_ItemPcSubmenuRun
0x080D041C	0x080D04EB	thumb	Task_ItemPcWithdraw
0x080D04EC	0x080D0607	thumb	ItemPc_DoWithdraw
0x080D0608	0x080D0653	thumb	Task_ItemPcWaitButtonAndFinishWithdrawMultiple
0x080D0654	0x080D0677	thumb	Task_ItemPcWaitButtonWithdrawMultipleFailed
0x080D0678	0x080D0713	thumb	Task_ItemPcCleanUpWithdraw
0x080D0714	0x080D07DF	thumb	ItemPc_WithdrawMultipleInitWindow
0x080D07E0	0x080D0847	thumb	UpdateWithdrawQuantityDisplay
0x080D0848	0x080D09A3	thumb	Task_ItemPcHandleWithdrawMultiple
0x080D09A4	0x080D0A33	thumb	Task_ItemPcGive
0x080D0A34	0x080D0A87	thumb	ItemPc_CB2_SwitchToPartyMenu
0x080D0A88	0x080D0A95	thumb	ItemPc_CB2_ReturnFromPartyMenu
0x080D0A98	0x080D0B1B	thumb	gTask_ItemPcWaitButtonAndExitSubmenu
0x080D0B1C	0x080D0BAF	thumb	Task_ItemPcCancel
0x080D0BB0	0x080D0C33	thumb	ItemPc_InitWindows
0x080D0C34	0x080D0CBB	thumb	unused_ItemPc_AddTextPrinterParameterized
0x080D0CBC	0x080D0D27	thumb	ItemPc_AddTextPrinterParameterized
0x080D0D28	0x080D0D3D	thumb	ItemPc_SetBorderStyleOnWindow
0x080D0D40	0x080D0D7F	thumb	ItemPc_GetOrCreateSubwindow
0x080D0D80	0x080D0DAB	thumb	ItemPc_DestroySubwindow
0x080D0DAC	0x080D0DBB	thumb	ItemPc_GetSubwindow
0x080D0DBC	0x080D0DF1	thumb	ItemPc_PrintOnWindow5WithContinueTask
0x080D0DF4	0x080D0E43	thumb	ItemPc_Init.part.0
0x080D0E44	0x080D0E9B	thumb	ItemPc_SetScrollPosition.part.0
0x080D0EA0	0x080D0F1F	thumb	SetUpItemUseCallback
0x080D0F20	0x080D0F5F	thumb	SetUpItemUseOnFieldCallback
0x080D0F60	0x080D0F77	thumb	FieldCB_FadeInFromBlack
0x080D0F78	0x080D0F9B	thumb	Task_WaitFadeIn_CallItemUseOnFieldCB
0x080D0F9C	0x080D0FE7	thumb	DisplayItemMessageInCurrentContext
0x080D0FE8	0x080D102F	thumb	PrintNotTheTimeToUseThat
0x080D1030	0x080D1051	thumb	Task_ItemUse_CloseMessageBoxAndReturnToField
0x080D1054	0x080D1083	thumb	CheckIfItemIsTMHMOrEvolutionStone
0x080D1084	0x080D1093	thumb	SetFieldCallback2ForItemUse
0x080D1094	0x080D10BF	thumb	FieldCB2_UseItemFromField
0x080D10C0	0x080D10E3	thumb	Task_ItemUseWaitForFade
0x080D10E4	0x080D10FF	thumb	FieldUseFunc_Mail
0x080D1100	0x080D1123	thumb	CB2_CheckMail
0x080D1124	0x080D1257	thumb	FieldUseFunc_Bike
0x080D1258	0x080D1289	thumb	ItemUseOnFieldCB_Bicycle
0x080D128C	0x080D131B	thumb	FieldUseFunc_Rod
0x080D131C	0x080D139B	thumb	CanFish
0x080D139C	0x080D13BF	thumb	ItemUseOnFieldCB_Rod
0x080D13C0	0x080D1413	thumb	ItemUseOutOfBattle_Itemfinder
0x080D1414	0x080D14A7	thumb	FieldUseFunc_CoinCase
0x080D14A8	0x080D153B	thumb	FieldUseFunc_PowderJar
0x080D153C	0x080D15D3	thumb	FieldUseFunc_SootSack
0x080D15D4	0x080D15E7	thumb	GetAshCount
0x080D15E8	0x080D16BB	thumb	FieldUseFunc_PokeFlute
0x080D16BC	0x080D16E3	thumb	Task_PlayPokeFlute
0x080D16E4	0x080D1737	thumb	Task_DisplayPokeFluteMessage
0x080D1738	0x080D1745	thumb	DoSetUpItemUseCallback
0x080D1748	0x080D1763	thumb	FieldUseFunc_Medicine
0x080D1764	0x080D177F	thumb	FieldUseFunc_Ether
0x080D1780	0x080D179B	thumb	FieldUseFunc_PpUp
0x080D179C	0x080D17B7	thumb	FieldUseFunc_RareCandy
0x080D17B8	0x080D17D3	thumb	FieldUseFunc_EvoItem
0x080D17D4	0x080D17EF	thumb	FieldUseFunc_SacredAsh
0x080D17F0	0x080D1837	thumb	FieldUseFunc_TmCase
0x080D1838	0x080D184B	thumb	InitTMCaseFromBag
0x080D184C	0x080D188B	thumb	Task_InitTMCaseFromField
0x080D188C	0x080D18D3	thumb	FieldUseFunc_BerryPouch
0x080D18D4	0x080D18E7	thumb	InitBerryPouchFromBag
0x080D18E8	0x080D1927	thumb	Task_InitBerryPouchFromField
0x080D1928	0x080D1943	thumb	BattleUseFunc_BerryPouch
0x080D1944	0x080D1957	thumb	InitBerryPouchFromBattle
0x080D1958	0x080D19C7	thumb	FieldUseFunc_TeachyTv
0x080D19C8	0x080D19DB	thumb	InitTeachyTvFromBag
0x080D19DC	0x080D1A17	thumb	Task_InitTeachyTvFromField
0x080D1A18	0x080D1A63	thumb	FieldUseFunc_Repel
0x080D1A64	0x080D1AD7	thumb	Task_UseRepel
0x080D1AD8	0x080D1B1F	thumb	RemoveUsedItem
0x080D1B20	0x080D1BC3	thumb	FieldUseFunc_BlackWhiteFlute
0x080D1BC4	0x080D1C07	thumb	Task_UsedBlackWhiteFlute
0x080D1C08	0x080D1C17	thumb	CanUseEscapeRopeOnCurrMap
0x080D1C18	0x080D1CDF	thumb	ItemUseOutOfBattle_EscapeRope
0x080D1CE0	0x080D1D1B	thumb	ItemUseOnFieldCB_EscapeRope
0x080D1D1C	0x080D1D35	thumb	Task_UseDigEscapeRopeOnField
0x080D1D38	0x080D1D7F	thumb	FieldUseFunc_TownMap
0x080D1D80	0x080D1D93	thumb	UseTownMapFromBag
0x080D1D94	0x080D1DCF	thumb	Task_UseTownMapFromField
0x080D1DD0	0x080D1E3F	thumb	FieldUseFunc_FameChecker
0x080D1E40	0x080D1E4F	thumb	UseFameCheckerFromBag
0x080D1E50	0x080D1E8B	thumb	Task_UseFameCheckerFromField
0x080D1E8C	0x080D1F5F	thumb	FieldUseFunc_VsSeeker
0x080D1F60	0x080D1F81	thumb	Task_ItemUse_CloseMessageBoxAndReturnToField_VsSeeker
0x080D1F84	0x080D1FC7	thumb	BattleUseFunc_PokeBallEtc
0x080D1FC8	0x080D1FDD	thumb	BattleUseFunc_PokeFlute
0x080D1FE0	0x080D204F	thumb	BattleUseFunc_StatBooster
0x080D2050	0x080D20A7	thumb	Task_BattleUse_StatBooster_DelayAndPrint
0x080D20A8	0x080D20CB	thumb	Task_BattleUse_StatBooster_WaitButton_ReturnToBattle
0x080D20CC	0x080D2107	thumb	ItemUse_SwitchToPartyMenuInBattle
0x080D2108	0x080D214F	thumb	BattleUseFunc_Medicine
0x080D2150	0x080D2197	thumb	BattleUseFunc_SacredAsh
0x080D2198	0x080D21DF	thumb	BattleUseFunc_Ether
0x080D21E0	0x080D2257	thumb	BattleUseFunc_PokeDoll
0x080D2258	0x080D233B	thumb	ItemUseOutOfBattle_EnigmaBerry
0x080D233C	0x080D23C7	thumb	ItemUseInBattle_EnigmaBerry
0x080D23C8	0x080D2447	thumb	FieldUseFunc_OakStopsYou
0x080D2448	0x080D249B	thumb	ItemUse_SetQuestLogEvent
0x080D249C	0x080D24B7	thumb	ItemUseOutOfBattle_ReduceEV
0x080D24BC	0x080D24CF	thumb	GetBagItemQuantity
0x080D24D0	0x080D24E3	thumb	SetBagItemQuantity
0x080D24E4	0x080D24E7	thumb	GetPcItemQuantity
0x080D24E8	0x080D24EB	thumb	SetPcItemQuantity
0x080D24EC	0x080D2523	thumb	ApplyNewEncryptionKeyToBagItems
0x080D2524	0x080D255B	thumb	ApplyNewEncryptionKeyToBagItems_
0x080D255C	0x080D25C7	thumb	DeserializeTmHmItemSlots
0x080D25C8	0x080D266F	thumb	DeserializeKeyItemSlots
0x080D2670	0x080D26DF	thumb	SetBagPocketsPointers
0x080D26E0	0x080D272B	thumb	CopyItemName
0x080D272C	0x080D275F	thumb	BagPocketGetFirstEmptySlot
0x080D2760	0x080D278F	thumb	IsPocketNotEmpty
0x080D2790	0x080D2803	thumb	CheckBagHasItem
0x080D2804	0x080D283F	thumb	HasAtLeastOneBerry
0x080D2840	0x080D28DB	thumb	CheckBagHasSpace
0x080D28DC	0x080D290F	thumb	SetTmHmOwned
0x080D2910	0x080D2B0B	thumb	AddBagItem
0x080D2B0C	0x080D2B33	thumb	RemoveTMItemBall
0x080D2B34	0x080D2BBF	thumb	RemoveBagItem
0x080D2BC0	0x080D2BDF	thumb	GetPocketByItemId
0x080D2BE0	0x080D2C0F	thumb	ClearItemSlots
0x080D2C10	0x080D2C2F	thumb	ClearPCItemSlots
0x080D2C30	0x080D2C73	thumb	ClearBag
0x080D2C74	0x080D2C9F	thumb	PCItemsGetFirstEmptySlot
0x080D2CA0	0x080D2CCB	thumb	CountItemsInPC
0x080D2CCC	0x080D2D0B	thumb	CheckPCHasItem
0x080D2D0C	0x080D2D83	thumb	AddPCItem
0x080D2D84	0x080D2DD3	thumb	RemovePCItem
0x080D2DD4	0x080D2E1B	thumb	ItemPcCompaction
0x080D2E1C	0x080D2E4F	thumb	RegisteredItemHandleBikeSwap
0x080D2E50	0x080D2E59	thumb	SwapItemSlots
0x080D2E5C	0x080D2EDF	thumb	BagPocketCompaction
0x080D2EE0	0x080D2FFF	thumb	SortPocketAndPlaceHMsFirst
0x080D3000	0x080D309B	thumb	SortAndCompactBagPocket
0x080D309C	0x080D30B3	thumb	BagGetItemIdByPocketPosition
0x080D30B4	0x080D30DB	thumb	BagGetQuantityByPocketPosition
0x080D30DC	0x080D313F	thumb	BagGetQuantityByItemId
0x080D3140	0x080D31BF	thumb	TrySetObtainedItemQuestLogEvent
0x080D31C0	0x080D31D3	thumb	SanitizeItemId
0x080D31D4	0x080D31F3	thumb	ItemId_GetName
0x080D31F4	0x080D3213	thumb	ItemId_GetId
0x080D3214	0x080D3233	thumb	ItemId_GetPrice
0x080D3234	0x080D3253	thumb	ItemId_GetHoldEffect
0x080D3254	0x080D3273	thumb	ItemId_GetHoldEffectParam
0x080D3274	0x080D3297	thumb	ItemId_GetDescription
0x080D3298	0x080D32CB	thumb	ItemId_GetImportance
0x080D32CC	0x080D32EB	thumb	ItemId_GetRegistrability
0x080D32EC	0x080D330B	thumb	ItemId_GetPocket
0x080D330C	0x080D332B	thumb	ItemId_GetType
0x080D332C	0x080D334F	thumb	ItemId_GetFieldFunc
0x080D3350	0x080D336F	thumb	ItemId_GetBattleUsage
0x080D3370	0x080D338F	thumb	ItemId_GetBattleFunc
0x080D3390	0x080D33AF	thumb	ItemId_GetSecondaryId
0x080D33B0	0x080D3487	thumb	CheckAssetsForSoftlock
0x080D3488	0x080D36D3	thumb	RemoveTMItemBall.part.0
0x080D36D4	0x080D3747	thumb	ItemUseOnFieldCB_Itemfinder
0x080D3748	0x080D3769	thumb	Task_NoResponse_CleanUp
0x080D376C	0x080D3837	thumb	Task_ItemfinderResponseSoundsAndAnims
0x080D3838	0x080D389B	thumb	Task_ItemfinderUnderfootSoundsAndAnims
0x080D389C	0x080D39D3	thumb	HiddenItemIsWithinRangeOfPlayer
0x080D39D4	0x080D3A2F	thumb	SetUnderfootHiddenItem
0x080D3A30	0x080D3A97	thumb	SetNormalHiddenItem
0x080D3A98	0x080D3AF1	thumb	HiddenItemAtPos
0x080D3AF4	0x080D3B93	thumb	HiddenItemInConnectedMapAtPos
0x080D3B94	0x080D3CCB	thumb	FindHiddenItemsInConnectedMaps
0x080D3CCC	0x080D3D7B	thumb	RegisterHiddenItemRelativeCoordsIfCloser
0x080D3D7C	0x080D3DD3	thumb	GetPlayerDirectionTowardsHiddenItem
0x080D3DD4	0x080D3DEF	thumb	Task_ItemfinderResponsePrintMessage
0x080D3DF0	0x080D3E19	thumb	Task_ItemfinderResponseCleanUp
0x080D3E1C	0x080D3E37	thumb	Task_ItemfinderUnderfootPrintMessage
0x080D3E38	0x080D3E5F	thumb	Task_ItemfinderUnderfootDigUpItem
0x080D3E60	0x080D3E6F	thumb	LoadArrowAndStarTiles
0x080D3E70	0x080D3E7D	thumb	DestroyArrowAndStarTiles
0x080D3E80	0x080D3F77	thumb	CreateArrowSprite
0x080D3F78	0x080D3FC7	thumb	SpriteCallback_Arrow
0x080D3FC8	0x080D3FDB	thumb	SpriteCallback_DestroyArrow
0x080D3FDC	0x080D4037	thumb	CreateStarSprite
0x080D4038	0x080D4087	thumb	SpriteCallback_Star
0x080D4088	0x080D4091	thumb	SpriteCallback_DestroyStar
0x080D4094	0x080D40A9	thumb	CB2_InitKeySystemMenu
0x080D40AC	0x080D40BD	thumb	VBlankCB_KeySystemMenu
0x080D40C0	0x080D419F	thumb	CB2_KeySystemMenuFromContinueScreen
0x080D41A0	0x080D41B1	thumb	KeySystemMenu_InitCallbacks
0x080D41B4	0x080D41C3	thumb	KeySystemMenu_SetVBlankCallback
0x080D41C4	0x080D42AF	thumb	CB2_KeySystemMenu
0x080D42B0	0x080D42CB	thumb	SetKeySystemMenuTask
0x080D42CC	0x080D440F	thumb	InitKeySystemMenuBg
0x080D4410	0x080D44A7	thumb	KeySystemMenu_PickSwitchCancel
0x080D44A8	0x080D44C1	thumb	KeySystemMenu_ResetSpriteData
0x080D44C4	0x080D4553	thumb	LoadKeySystemMenuPalette
0x080D4554	0x080D46C3	thumb	Task_KeySystemMenu
0x080D46C4	0x080D47FF	thumb	KeySystemMenu_ProcessInput
0x080D4800	0x080D4917	thumb	BufferKeySystemMenuString
0x080D4918	0x080D49EB	thumb	CloseAndSaveKeySystemMenu
0x080D49EC	0x080D4A3F	thumb	PrintKeySystemMenuHeader
0x080D4A40	0x080D4B9D	thumb	DrawKeySystemMenuBg
0x080D4BA0	0x080D4C43	thumb	LoadKeySystemMenuItemNames
0x080D4C44	0x080D4C7B	thumb	UpdateSettingSelectionDisplay
0x080D4C7C	0x080D4C8D	thumb	VBlankCB_MoveRelearner
0x080D4C90	0x080D4CBB	thumb	DisplayMoveTutorMenu
0x080D4CBC	0x080D4CF3	thumb	Task_InitMoveRelearnerMenu
0x080D4CF4	0x080D4DDF	thumb	MoveRelearnerLoadBgGfx
0x080D4DE0	0x080D4E53	thumb	CB2_MoveRelearner_Init
0x080D4E54	0x080D4EBF	thumb	CB2_MoveRelearner_Resume
0x080D4EC0	0x080D4F17	thumb	CB2_MoveRelearner
0x080D4F18	0x080D4F47	thumb	StringExpandPlaceholdersAndPrintTextOnWindow7Color2
0x080D4F48	0x080D54E7	thumb	MoveRelearnerStateMachine
0x080D54E8	0x080D5501	thumb	DrawTextBorderOnWindows6and7
0x080D5504	0x080D554B	thumb	PrintTeachWhichMoveToStrVar1
0x080D554C	0x080D557B	thumb	InitMoveRelearnerStateVariables
0x080D557C	0x080D55C1	thumb	SpriteCB_ListMenuScrollIndicators
0x080D55C4	0x080D5673	thumb	SpawnListMenuScrollIndicatorSprites
0x080D5674	0x080D57B7	thumb	MoveRelearnerInitListMenuBuffersEtc
0x080D57B8	0x080D58D7	thumb	MoveRelearnerMenuHandleInput
0x080D58D8	0x080D5913	thumb	MoveLearnerInitListMenu
0x080D5914	0x080D5A47	thumb	PrintMoveInfo
0x080D5A48	0x080D5AC3	thumb	LoadMoveInfoUI
0x080D5AC4	0x080D5B33	thumb	PrintMoveInfoHandleCancel_CopyToVram
0x080D5B34	0x080D5B67	thumb	MoveRelearnerMenu_MoveCursorFunc
0x080D5B68	0x080D5B89	thumb	YesNoMenuProcessInput
0x080D5B8C	0x080D5C3B	thumb	PrintTextOnWindow
0x080D5C3C	0x080D5C73	arm	IntrSIO32
0x080D5C74	0x080D5F2F	arm	sio32intr_clock_master
0x080D5F30	0x080D62FB	arm	sio32intr_clock_slave
0x080D62FC	0x080D6353	arm	handshake_wait
0x080D6354	0x080D6427	arm	STWI_set_timer_in_RAM
0x080D6428	0x080D6457	arm	STWI_stop_timer_in_RAM
0x080D6458	0x080D64A3	arm	STWI_init_slave
0x080D64A4	0x080D64A7	arm	Callback_Dummy_M
0x080D64A8	0x080D64AB	arm	Callback_Dummy_S
0x080D64AC	0x080D64AF	arm	Callback_Dummy_ID
0x080D64B0	0x080D65DF	thumb	rfu_initializeAPI
0x080D65E0	0x080D666F	thumb	rfu_STC_clearAPIVariables
0x080D6670	0x080D6683	thumb	rfu_REQ_PARENT_resumeRetransmitAndChange
0x080D6684	0x080D66CF	thumb	rfu_UNI_PARENT_getDRAC_ACK
0x080D66D0	0x080D66E1	thumb	rfu_setTimerInterrupt
0x080D66E4	0x080D66F3	thumb	rfu_getSTWIRecvBuffer
0x080D66F4	0x080D66FD	thumb	rfu_setMSCCallback
0x080D6700	0x080D6723	thumb	rfu_setREQCallback
0x080D6724	0x080D673F	thumb	rfu_enableREQCallback
0x080D6740	0x080D677B	thumb	rfu_STC_REQ_callback
0x080D677C	0x080D67DF	thumb	rfu_CB_defaultCallback
0x080D67E0	0x080D67F3	thumb	rfu_waitREQComplete
0x080D67F4	0x080D6807	thumb	rfu_REQ_RFUStatus
0x080D6808	0x080D6843	thumb	rfu_getRFUStatus
0x080D6844	0x080D68BF	thumb	rfu_MBOOT_CHILD_inheritanceLinkStatus
0x080D68C0	0x080D6993	thumb	rfu_REQ_stopMode
0x080D6994	0x080D69DF	thumb	rfu_CB_stopMode
0x080D69E0	0x080D6A17	thumb	rfu_REQBN_softReset_and_checkID
0x080D6A18	0x080D6A2B	thumb	rfu_REQ_reset
0x080D6A2C	0x080D6A73	thumb	rfu_CB_reset
0x080D6A74	0x080D6AD3	thumb	rfu_REQ_configSystem
0x080D6AD4	0x080D6B3B	thumb	rfu_REQ_configGameData
0x080D6B3C	0x080D6BDB	thumb	rfu_CB_configGameData
0x080D6BDC	0x080D6C4B	thumb	rfu_REQ_startSearchChild
0x080D6C4C	0x080D6C93	thumb	rfu_CB_startSearchChild
0x080D6C94	0x080D6CDF	thumb	rfu_STC_clearLinkStatus
0x080D6CE0	0x080D6CF3	thumb	rfu_REQ_pollSearchChild
0x080D6CF4	0x080D6D07	thumb	rfu_REQ_endSearchChild
0x080D6D08	0x080D6DB7	thumb	rfu_CB_pollAndEndSearchChild
0x080D6DB8	0x080D6EBB	thumb	rfu_STC_readChildList
0x080D6EBC	0x080D6ECF	thumb	rfu_REQ_startSearchParent
0x080D6ED0	0x080D6F17	thumb	rfu_CB_startSearchParent
0x080D6F18	0x080D6F2B	thumb	rfu_REQ_pollSearchParent
0x080D6F2C	0x080D6F73	thumb	rfu_CB_pollSearchParent
0x080D6F74	0x080D6F87	thumb	rfu_REQ_endSearchParent
0x080D6F88	0x080D708B	thumb	rfu_STC_readParentCandidateList
0x080D708C	0x080D70FB	thumb	rfu_REQ_startConnectParent
0x080D70FC	0x080D710F	thumb	rfu_REQ_pollConnectParent
0x080D7110	0x080D721F	thumb	rfu_CB_pollConnectParent
0x080D7220	0x080D7253	thumb	rfu_getConnectParentStatus
0x080D7254	0x080D7287	thumb	rfu_REQ_endConnectParent
0x080D7288	0x080D732F	thumb	rfu_syncVBlank
0x080D7330	0x080D76B7	thumb	rfu_REQBN_watchLink
0x080D76B8	0x080D7747	thumb	rfu_STC_removeLinkData
0x080D7748	0x080D77DB	thumb	rfu_REQ_disconnect
0x080D77DC	0x080D794B	thumb	rfu_CB_disconnect
0x080D794C	0x080D799B	thumb	rfu_REQ_CHILD_startConnectRecovery
0x080D799C	0x080D79AF	thumb	rfu_REQ_CHILD_pollConnectRecovery
0x080D79B0	0x080D7A83	thumb	rfu_CB_CHILD_pollConnectRecovery
0x080D7A84	0x080D7AAB	thumb	rfu_CHILD_getConnectRecoveryStatus
0x080D7AAC	0x080D7ABF	thumb	rfu_REQ_CHILD_endConnectRecovery
0x080D7AC0	0x080D7AE3	thumb	rfu_STC_fastCopy
0x080D7AE4	0x080D7B33	thumb	rfu_REQ_changeMasterSlave
0x080D7B34	0x080D7B73	thumb	rfu_getMasterSlave
0x080D7B74	0x080D7C0B	thumb	rfu_clearAllSlot
0x080D7C0C	0x080D7C5B	thumb	rfu_STC_releaseFrame
0x080D7C5C	0x080D7E2F	thumb	rfu_clearSlot
0x080D7E30	0x080D7E77	thumb	rfu_setRecvBuffer
0x080D7E78	0x080D7E99	thumb	rfu_NI_setSendData
0x080D7E9C	0x080D7ED7	thumb	rfu_UNI_setSendData
0x080D7ED8	0x080D7F07	thumb	rfu_NI_CHILD_setSendGameName
0x080D7F08	0x080D80EB	thumb	rfu_STC_setSendData_org
0x080D80EC	0x080D820B	thumb	rfu_changeSendTarget
0x080D820C	0x080D8277	thumb	rfu_NI_stopReceivingData
0x080D8278	0x080D8307	thumb	rfu_UNI_changeAndReadySendData
0x080D8308	0x080D832F	thumb	rfu_UNI_readySendData
0x080D8330	0x080D8347	thumb	rfu_UNI_clearRecvNewDataFlag
0x080D8348	0x080D8453	thumb	rfu_REQ_sendData
0x080D8454	0x080D851F	thumb	rfu_CB_sendData
0x080D8520	0x080D8557	thumb	rfu_CB_sendData2
0x080D8558	0x080D85BF	thumb	rfu_CB_sendData3
0x080D85C0	0x080D870F	thumb	rfu_constructSendLLFrame
0x080D8710	0x080D8883	thumb	rfu_STC_NI_constructLLSF
0x080D8884	0x080D895B	thumb	rfu_STC_UNI_constructLLSF
0x080D895C	0x080D8997	thumb	rfu_REQ_recvData
0x080D8998	0x080D8ABF	thumb	rfu_CB_recvData
0x080D8AC0	0x080D8B4B	thumb	rfu_STC_PARENT_analyzeRecvPacket
0x080D8B4C	0x080D8B97	thumb	rfu_STC_CHILD_analyzeRecvPacket
0x080D8B98	0x080D8D97	thumb	rfu_STC_analyzeLLSF
0x080D8D98	0x080D8E2B	thumb	rfu_STC_UNI_receive
0x080D8E2C	0x080D8FAF	thumb	rfu_STC_NI_receive_Sender
0x080D8FB0	0x080D911B	thumb	rfu_STC_NI_receive_Receiver
0x080D911C	0x080D919F	thumb	rfu_STC_NI_initSlot_asRecvControllData
0x080D91A0	0x080D9233	thumb	rfu_STC_NI_initSlot_asRecvDataEntity
0x080D9234	0x080D92DB	thumb	rfu_NI_checkCommFailCounter
0x080D92DC	0x080D92F3	thumb	rfu_REQ_noise
0x080D92F8	0x080D93BB	thumb	AgbRFU_checkID
0x080D93BC	0x080D942F	thumb	Sio32IDInit
0x080D9430	0x080D94FF	thumb	Sio32IDMain
0x080D9500	0x080D961F	thumb	Sio32IDIntr
0x080D9620	0x080D96CF	thumb	STWI_init_all
0x080D96D0	0x080D970F	thumb	STWI_init_timer
0x080D9710	0x080D9797	thumb	AgbRFU_SoftReset
0x080D9798	0x080D97A7	thumb	STWI_set_MS_mode
0x080D97A8	0x080D97EB	thumb	STWI_read_status
0x080D97EC	0x080D97FB	thumb	STWI_init_Callback_M
0x080D97FC	0x080D980B	thumb	STWI_init_Callback_S
0x080D980C	0x080D9817	thumb	STWI_set_Callback_M
0x080D9818	0x080D9823	thumb	STWI_set_Callback_S
0x080D9824	0x080D982F	thumb	STWI_set_Callback_ID
0x080D9830	0x080D9843	thumb	STWI_poll_CommandEnd
0x080D9844	0x080D9863	thumb	STWI_send_ResetREQ
0x080D9864	0x080D9883	thumb	STWI_send_LinkStatusREQ
0x080D9884	0x080D98A3	thumb	STWI_send_VersionStatusREQ
0x080D98A4	0x080D98C3	thumb	STWI_send_SystemStatusREQ
0x080D98C4	0x080D98E3	thumb	STWI_send_SlotStatusREQ
0x080D98E4	0x080D9903	thumb	STWI_send_ConfigStatusREQ
0x080D9904	0x080D9957	thumb	STWI_send_GameConfigREQ
0x080D9958	0x080D998F	thumb	STWI_send_SystemConfigREQ
0x080D9990	0x080D99AF	thumb	STWI_send_SC_StartREQ
0x080D99B0	0x080D99CF	thumb	STWI_send_SC_PollingREQ
0x080D99D0	0x080D99EF	thumb	STWI_send_SC_EndREQ
0x080D99F0	0x080D9A0F	thumb	STWI_send_SP_StartREQ
0x080D9A10	0x080D9A2F	thumb	STWI_send_SP_PollingREQ
0x080D9A30	0x080D9A4F	thumb	STWI_send_SP_EndREQ
0x080D9A50	0x080D9A7B	thumb	STWI_send_CP_StartREQ
0x080D9A7C	0x080D9A9B	thumb	STWI_send_CP_PollingREQ
0x080D9A9C	0x080D9ABB	thumb	STWI_send_CP_EndREQ
0x080D9ABC	0x080D9AFB	thumb	STWI_send_DataTxREQ
0x080D9AFC	0x080D9B3B	thumb	STWI_send_DataTxAndChangeREQ
0x080D9B3C	0x080D9B5B	thumb	STWI_send_DataRxREQ
0x080D9B5C	0x080D9B7B	thumb	STWI_send_MS_ChangeREQ
0x080D9B7C	0x080D9BB3	thumb	STWI_send_DataReadyAndChangeREQ
0x080D9BB4	0x080D9BEB	thumb	STWI_send_DisconnectedAndChangeREQ
0x080D9BEC	0x080D9C0B	thumb	STWI_send_ResumeRetransmitAndChangeREQ
0x080D9C0C	0x080D9C37	thumb	STWI_send_DisconnectREQ
0x080D9C38	0x080D9C6B	thumb	STWI_send_TestModeREQ
0x080D9C6C	0x080D9CA7	thumb	STWI_send_CPR_StartREQ
0x080D9CA8	0x080D9CC7	thumb	STWI_send_CPR_PollingREQ
0x080D9CC8	0x080D9CE7	thumb	STWI_send_CPR_EndREQ
0x080D9CE8	0x080D9D07	thumb	STWI_send_StopModeREQ
0x080D9D08	0x080D9D9F	thumb	STWI_intr_timer
0x080D9DA0	0x080D9E2B	thumb	STWI_set_timer
0x080D9E2C	0x080D9E4B	thumb	STWI_stop_timer
0x080D9E4C	0x080D9EE7	thumb	STWI_init
0x080D9EE8	0x080D9F57	thumb	STWI_start_Command
0x080D9F58	0x080D9FC7	thumb	STWI_restart_Command
0x080D9FC8	0x080D9FFF	thumb	STWI_reset_ClockCounter
0x080DA004	0x080DA005	thumb	Debug_PrintString
0x080DA008	0x080DA009	thumb	Debug_PrintNum
0x080DA00C	0x080DA0C7	thumb	ResetLinkRfuGFLayer
0x080DA0C8	0x080DA12F	thumb	InitRFU
0x080DA130	0x080DA177	thumb	InitRFUAPI
0x080DA178	0x080DA233	thumb	Task_ParentSearchForChildren
0x080DA234	0x080DA243	thumb	Rfu_GetIndexOfNewestChild
0x080DA244	0x080DA2D7	thumb	SetLinkPlayerIdsFromSlots
0x080DA2D8	0x080DA3CF	thumb	Task_ChildSearchForParent
0x080DA3D0	0x080DA40F	thumb	InitChildRecvBuffers
0x080DA410	0x080DA477	thumb	InitParentSendData
0x080DA478	0x080DA5CB	thumb	Task_UnionRoomListen
0x080DA5CC	0x080DA5E3	thumb	LinkRfu_CreateConnectionAsParent
0x080DA5E4	0x080DA5EF	thumb	LinkRfu_StopManagerBeforeEnteringChat
0x080DA5F0	0x080DA66F	thumb	MscCallback_Child
0x080DA670	0x080DA683	thumb	MSCCallback_Parent
0x080DA684	0x080DA71B	thumb	LinkRfu_Shutdown
0x080DA71C	0x080DA74B	thumb	CreateTask_ParentSearchForChildren
0x080DA74C	0x080DA767	thumb	CanTryReconnectParent
0x080DA768	0x080DA7A7	thumb	TryReconnectParent
0x080DA7A8	0x080DA7D7	thumb	CreateTask_ChildSearchForParent
0x080DA7D8	0x080DA7E7	thumb	LmanAcceptSlotFlagIsNotZero
0x080DA7E8	0x080DA803	thumb	LinkRfu_StopManagerAndFinalizeSlots
0x080DA804	0x080DA823	thumb	WaitRfuState
0x080DA824	0x080DA82F	thumb	StopUnionRoomLinkManager
0x080DA830	0x080DA853	thumb	ReadySendDataForSlots
0x080DA854	0x080DA8A7	thumb	ReadAllPlayerRecvCmds
0x080DA8A8	0x080DA8D3	thumb	MoveSendCmdToRecv
0x080DA8D4	0x080DA93B	thumb	UpdateBackupQueue
0x080DA93C	0x080DA977	thumb	IsRfuRecvQueueEmpty
0x080DA978	0x080DAA4B	thumb	RfuMain1_Parent
0x080DAA4C	0x080DACA7	thumb	RfuMain2_Parent
0x080DACA8	0x080DACF3	thumb	ChildBuildSendCmd
0x080DACF4	0x080DAE5F	thumb	RfuMain1_Child
0x080DAE60	0x080DAF37	thumb	HandleSendFailure
0x080DAF38	0x080DAF5B	thumb	Rfu_SetBlockReceivedFlag
0x080DAF5C	0x080DAF7B	thumb	Rfu_ResetBlockReceivedFlag
0x080DAF7C	0x080DAFC3	thumb	LoadLinkPlayerIds
0x080DAFC4	0x080DB00F	thumb	SendKeysToRfu
0x080DB010	0x080DB017	thumb	GetHostRfuGameData
0x080DB018	0x080DB02F	thumb	IsSendingKeysToRfu
0x080DB030	0x080DB063	thumb	StartSendingKeysToRfu
0x080DB064	0x080DB06F	thumb	ClearLinkRfuCallback
0x080DB070	0x080DB3EB	thumb	RfuHandleReceiveCommand
0x080DB3EC	0x080DB40B	thumb	AreAllPlayersReadyToReceive
0x080DB40C	0x080DB443	thumb	AreAllPlayersFinishedReceiving
0x080DB444	0x080DB451	thumb	ResetSendDataManager
0x080DB454	0x080DB487	thumb	Rfu_GetBlockReceivedStatus
0x080DB488	0x080DB577	thumb	RfuPrepareSendBuffer
0x080DB578	0x080DB5AB	thumb	Rfu_SendPacket
0x080DB5AC	0x080DB677	thumb	Rfu_InitBlockSend
0x080DB678	0x080DB6D7	thumb	HandleBlockSend
0x080DB6D8	0x080DB73B	thumb	SendNextBlock
0x080DB73C	0x080DB7D3	thumb	SendLastBlock
0x080DB7D4	0x080DB7EF	thumb	Rfu_SendBlockRequest
0x080DB7F0	0x080DB817	thumb	RfuShutdownAfterDisconnect
0x080DB818	0x080DB853	thumb	DisconnectRfu
0x080DB854	0x080DB87F	thumb	TryDisconnectRfu
0x080DB880	0x080DB8AF	thumb	LinkRfu_FatalError
0x080DB8B0	0x080DB913	thumb	WaitAllReadyToCloseLink
0x080DB914	0x080DB94B	thumb	SendReadyCloseLink
0x080DB94C	0x080DB97B	thumb	Task_TryReadyCloseLink
0x080DB97C	0x080DB99F	thumb	Rfu_SetCloseLinkCallback
0x080DB9A0	0x080DBA23	thumb	SendReadyExitStandbyUntilAllReady
0x080DBA24	0x080DBA5B	thumb	LinkLeaderReadyToExitStandby
0x080DBA5C	0x080DBAEB	thumb	Rfu_LinkStandby
0x080DBAEC	0x080DBB07	thumb	Rfu_SetLinkStandbyCallback
0x080DBB08	0x080DBB2B	thumb	IsRfuSerialNumberValid
0x080DBB2C	0x080DBB49	thumb	Rfu_SetLinkRecovery
0x080DBB4C	0x080DBB67	thumb	Rfu_StopPartnerSearch
0x080DBB68	0x080DBB83	thumb	Rfu_GetMultiplayerId
0x080DBB84	0x080DBB8F	thumb	Rfu_GetLinkPlayerCount
0x080DBB90	0x080DBB9F	thumb	IsLinkRfuTaskFinished
0x080DBBA0	0x080DBBB7	thumb	CallRfuFunc
0x080DBBB8	0x080DBC67	thumb	CheckForLeavingGroupMembers
0x080DBC68	0x080DBCC7	thumb	RfuTryDisconnectLeavingChildren
0x080DBCC8	0x080DBCEF	thumb	HasTrainerLeftPartnersList
0x080DBCF0	0x080DBD3B	thumb	SendRfuStatusToPartner
0x080DBD3C	0x080DBD77	thumb	SendLeaveGroupNotice
0x080DBD78	0x080DBDA3	thumb	WaitSendRfuStatusToPartner
0x080DBDA4	0x080DBDEB	thumb	UpdateChildStatuses
0x080DBDEC	0x080DBE87	thumb	GetJoinGroupStatus
0x080DBE88	0x080DC0AB	thumb	Task_PlayerExchange
0x080DC0AC	0x080DC0D7	thumb	ClearSelectedLinkPlayerIds
0x080DC0D8	0x080DC13F	thumb	ReceiveRfuLinkPlayers
0x080DC140	0x080DC17F	thumb	ValidateAndReceivePokemonSioInfo
0x080DC180	0x080DC35F	thumb	Task_PlayerExchangeUpdate
0x080DC360	0x080DC3FF	thumb	Task_PlayerExchangeChat
0x080DC400	0x080DC4C7	thumb	RfuCheckErrorStatus
0x080DC4C8	0x080DC4EB	thumb	RfuMain1_UnionRoom
0x080DC4EC	0x080DC54B	thumb	RfuMain1
0x080DC54C	0x080DC577	thumb	RfuMain2
0x080DC578	0x080DC58F	thumb	SetHostRfuUsername
0x080DC590	0x080DC5B3	thumb	ResetHostRfuGameData
0x080DC5B4	0x080DC5CB	thumb	SetHostRfuGameData
0x080DC5CC	0x080DC5EB	thumb	SetHostRfuWonderFlags
0x080DC5EC	0x080DC617	thumb	SetTradeBoardRegisteredMonInfo
0x080DC618	0x080DC63F	thumb	UpdateGameData_GroupLockedIn
0x080DC640	0x080DC66F	thumb	UpdateGameData_SetActivity
0x080DC670	0x080DC747	thumb	SetUnionRoomChatPlayerData
0x080DC748	0x080DC767	thumb	RfuSetErrorParams
0x080DC768	0x080DC777	thumb	ResetErrorState
0x080DC778	0x080DC78F	thumb	RfuSetIgnoreError
0x080DC790	0x080DC7F3	thumb	DisconnectNewChild
0x080DC7F4	0x080DC803	thumb	StartDisconnectNewChild
0x080DC804	0x080DC9D3	thumb	LinkManagerCB_Parent
0x080DC9D4	0x080DCB47	thumb	LinkManagerCB_Child
0x080DCB48	0x080DCB73	thumb	ParentResetChildRecvMetadata
0x080DCB74	0x080DCBB3	thumb	GetNewChildrenInUnionRoomChat
0x080DCBB4	0x080DCF1F	thumb	LinkManagerCB_UnionRoom
0x080DCF20	0x080DCF33	thumb	RfuSetNormalDisconnectMode
0x080DCF34	0x080DCF43	thumb	RfuSetStatus
0x080DCF44	0x080DCF4F	thumb	RfuGetStatus
0x080DCF50	0x080DCF67	thumb	RfuHasErrored
0x080DCF68	0x080DCF77	thumb	Rfu_IsPlayerExchangeActive
0x080DCF78	0x080DCF83	thumb	Rfu_IsMaster
0x080DCF84	0x080DCF8D	thumb	RfuVSync
0x080DCF90	0x080DCFAF	thumb	ClearRecvCommands
0x080DCFB0	0x080DCFC1	thumb	VBlank_RfuIdle
0x080DCFC4	0x080DD073	thumb	Debug_RfuIdle
0x080DD074	0x080DD083	thumb	IsUnionRoomListenTaskActive
0x080DD084	0x080DD0AF	thumb	CreateTask_RfuIdle
0x080DD0B0	0x080DD0D3	thumb	DestroyTask_RfuIdle
0x080DD0D4	0x080DD0E9	thumb	CB2_RfuIdle
0x080DD0EC	0x080DD15F	thumb	InitializeRfuLinkManager_LinkLeader
0x080DD160	0x080DD1B7	thumb	InitializeRfuLinkManager_JoinGroup
0x080DD1B8	0x080DD21F	thumb	InitializeRfuLinkManager_EnterUnionRoom
0x080DD220	0x080DD229	thumb	ReadU16
0x080DD22C	0x080DD2C3	thumb	GetPartnerIndexByNameAndTrainerID
0x080DD2C4	0x080DD317	thumb	RfuReqDisconnectSlot
0x080DD318	0x080DD333	thumb	RequestDisconnectSlotByTrainerNameAndId
0x080DD334	0x080DD38B	thumb	Rfu_DisconnectPlayerById
0x080DD38C	0x080DD3EF	thumb	Task_SendDisconnectCommand
0x080DD3F0	0x080DD443	thumb	SendDisconnectCommand
0x080DD444	0x080DD51F	thumb	Task_RfuReconnectWithParent
0x080DD520	0x080DD55F	thumb	CreateTask_RfuReconnectWithParent
0x080DD560	0x080DD5E7	thumb	IsPartnerActivityIncompatible
0x080DD5E8	0x080DD6D3	thumb	Task_TryConnectToUnionRoomParent
0x080DD6D4	0x080DD75F	thumb	TryConnectToUnionRoomParent
0x080DD760	0x080DD773	thumb	IsRfuRecoveringFromLinkLoss
0x080DD774	0x080DD7A7	thumb	IsRfuCommunicatingWithAllChildren
0x080DD7A8	0x080DD7A9	thumb	Debug_PrintEmpty
0x080DD7AC	0x080DD7E3	thumb	Debug_PrintStatus
0x080DD7E4	0x080DD7F3	thumb	GetRfuSendQueueLength
0x080DD7F4	0x080DD803	thumb	GetRfuRecvQueueLength
0x080DD804	0x080DD805	thumb	Task_Idle
0x080DD808	0x080DD83B	thumb	RfuRecvQueue_Reset
0x080DD83C	0x080DD86F	thumb	RfuSendQueue_Reset
0x080DD870	0x080DD8AF	thumb	RfuUnusedQueue_Reset
0x080DD8B0	0x080DD94F	thumb	RfuRecvQueue_Enqueue
0x080DD950	0x080DD9DB	thumb	RfuSendQueue_Enqueue
0x080DD9DC	0x080DDA63	thumb	RfuRecvQueue_Dequeue
0x080DDA64	0x080DDADF	thumb	RfuSendQueue_Dequeue
0x080DDAE0	0x080DDB4F	thumb	RfuBackupQueue_Enqueue
0x080DDB50	0x080DDB97	thumb	RfuBackupQueue_Dequeue
0x080DDB98	0x080DDBEF	thumb	RfuUnusedQueue_Dequeue
0x080DDBF0	0x080DDC53	thumb	RfuUnusedQueue_Enqueue
0x080DDC54	0x080DDD07	thumb	PopulateArrayWithSequence
0x080DDD08	0x080DDD2F	thumb	PkmnStrToASCII
0x080DDD30	0x080DDD57	thumb	ASCIIToPkmnStr
0x080DDD58	0x080DDDB7	thumb	GetConnectedChildStrength
0x080DDDB8	0x080DDE27	thumb	InitHostRfuGameData
0x080DDE28	0x080DDEF3	thumb	Rfu_GetCompatiblePlayerData
0x080DDEF4	0x080DDF4B	thumb	Rfu_GetWonderDistributorPlayerData
0x080DDF4C	0x080DDF6F	thumb	CopyHostRfuGameDataAndUsername
0x080DDF70	0x080DE013	thumb	CreateWirelessStatusIndicatorSprite
0x080DE014	0x080DE06B	thumb	DestroyWirelessStatusIndicatorSprite
0x080DE06C	0x080DE0A7	thumb	LoadWirelessStatusIndicatorSpriteGfx
0x080DE0A8	0x080DE0D7	thumb	GetParentSignalStrength
0x080DE0D8	0x080DE0E7	thumb	SetAndRestartWirelessStatusIndicatorAnim
0x080DE0E8	0x080DE2B7	thumb	UpdateWirelessStatusIndicatorSprite
0x080DE2B8	0x080DE2D9	thumb	CopyTrainerRecord
0x080DE2DC	0x080DE2E9	thumb	ZeroName
0x080DE2EC	0x080DE303	thumb	NameIsEmpty
0x080DE304	0x080DE4DF	thumb	SaveLinkTrainerNames
0x080DE4E0	0x080DE55B	thumb	PlayerHasMetTrainerBefore
0x080DE55C	0x080DE633	thumb	IsWirelessAdapterConnected
0x080DE634	0x080DE641	thumb	Task_DestroySelf
0x080DE644	0x080DE717	thumb	InitLinkTestBG
0x080DE718	0x080DE78B	thumb	LoadLinkTestBgGfx
0x080DE78C	0x080DE84B	thumb	LinkTestScreen
0x080DE84C	0x080DE85B	thumb	SetLocalLinkPlayerId
0x080DE85C	0x080DE8CF	thumb	InitLocalLinkPlayer
0x080DE8D0	0x080DE8E1	thumb	VBlankCB_LinkError
0x080DE8E4	0x080DE90B	thumb	InitLink
0x080DE90C	0x080DE943	thumb	Task_TriggerHandshake
0x080DE944	0x080DEA8F	thumb	OpenLink
0x080DEA90	0x080DEB0F	thumb	CloseLink
0x080DEB10	0x080DECDB	thumb	TestBlockTransfer
0x080DECDC	0x080DEE23	thumb	LinkTestProcessKeyInput
0x080DEE24	0x080DEE47	thumb	CB2_LinkTest
0x080DEE48	0x080DEEB3	thumb	LinkMain2
0x080DEEB4	0x080DEEFB	thumb	HandleReceiveRemoteLinkPlayer
0x080DEEFC	0x080DF1BF	thumb	ProcessRecvCmds
0x080DF1C0	0x080DF31B	thumb	BuildSendCmd
0x080DF31C	0x080DF343	thumb	StartSendingKeysToLink
0x080DF344	0x080DF36F	thumb	IsSendingKeysToLink
0x080DF370	0x080DF38F	thumb	LinkCB_SendHeldKeys
0x080DF390	0x080DF39B	thumb	ClearLinkCallback
0x080DF39C	0x080DF3BB	thumb	ClearLinkCallback_2
0x080DF3BC	0x080DF3DF	thumb	GetLinkPlayerCount
0x080DF3E0	0x080DF3FB	thumb	OpenLinkTimed
0x080DF3FC	0x080DF55B	thumb	GetLinkPlayerDataExchangeStatusTimed
0x080DF55C	0x080DF60B	thumb	IsLinkPlayerDataExchangeComplete
0x080DF60C	0x080DF623	thumb	GetLinkPlayerTrainerId
0x080DF624	0x080DF637	thumb	ResetLinkPlayers
0x080DF638	0x080DF647	thumb	ResetBlockSend
0x080DF648	0x080DF663	thumb	InitBlockSend
0x080DF664	0x080DF683	thumb	LinkCB_BlockSendBegin
0x080DF684	0x080DF6DB	thumb	LinkCB_BlockSend
0x080DF6DC	0x080DF6E7	thumb	LinkCB_BlockSendEnd
0x080DF6E8	0x080DF717	thumb	LinkCB_BerryBlenderSendHeldKeys
0x080DF718	0x080DF733	thumb	SetBerryBlenderLinkCallback
0x080DF734	0x080DF73F	thumb	GetBerryBlenderKeySendAttempts
0x080DF740	0x080DF74F	thumb	SendBerryBlenderNoSpaceForPokeblocks
0x080DF750	0x080DF773	thumb	GetMultiplayerId
0x080DF774	0x080DF7A7	thumb	BitmaskAllOtherLinkPlayers
0x080DF7A8	0x080DF7E7	thumb	SendBlock
0x080DF7E8	0x080DF82B	thumb	SendBlockRequest
0x080DF82C	0x080DF84F	thumb	IsLinkTaskFinished
0x080DF850	0x080DF887	thumb	GetBlockReceivedStatus
0x080DF888	0x080DF8AF	thumb	SetBlockReceivedFlag
0x080DF8B0	0x080DF8EB	thumb	ResetBlockReceivedFlags
0x080DF8EC	0x080DF917	thumb	ResetBlockReceivedFlag
0x080DF918	0x080DF937	thumb	CheckShouldAdvanceLinkState
0x080DF938	0x080DF963	thumb	LinkTestCalcBlockChecksum
0x080DF964	0x080DF99B	thumb	LinkTest_PrintNumChar
0x080DF99C	0x080DF9D3	thumb	LinkTest_PrintChar
0x080DF9D4	0x080DFA63	thumb	LinkTest_PrintHex
0x080DFA64	0x080DFAE7	thumb	LinkTest_PrintString
0x080DFAE8	0x080DFB0F	thumb	LinkCB_RequestPlayerDataExchange
0x080DFB10	0x080DFE57	thumb	Task_PrintTestData
0x080DFE58	0x080DFE6B	thumb	SetLinkDebugValues
0x080DFE6C	0x080DFE97	thumb	GetSavedLinkPlayerCountAsBitFlags
0x080DFE98	0x080DFEEF	thumb	GetLinkPlayerCountAsBitFlags
0x080DFEF0	0x080DFF37	thumb	SaveLinkPlayers
0x080DFF38	0x080DFF43	thumb	GetSavedPlayerCount
0x080DFF44	0x080DFF4F	thumb	GetSavedMultiplayerId
0x080DFF50	0x080DFF93	thumb	DoesLinkPlayerCountMatchSaved
0x080DFF94	0x080E0087	thumb	CheckLinkPlayersMatchSaved
0x080E0088	0x080E009B	thumb	ResetLinkPlayerCount
0x080E009C	0x080E00AB	thumb	GetLinkPlayerCount_2
0x080E00AC	0x080E00CF	thumb	IsLinkMaster
0x080E00D0	0x080E00DB	thumb	GetDummy2
0x080E00DC	0x080E011F	thumb	SetCloseLinkCallbackAndType
0x080E0120	0x080E016B	thumb	SetCloseLinkCallback
0x080E016C	0x080E0197	thumb	LinkCB_ReadyCloseLink
0x080E0198	0x080E0213	thumb	LinkCB_WaitCloseLink
0x080E0214	0x080E024B	thumb	SetLinkStandbyCallback
0x080E024C	0x080E0277	thumb	LinkCB_Standby
0x080E0278	0x080E02D3	thumb	LinkCB_StandbyForAll
0x080E02D4	0x080E03A7	thumb	CheckErrorStatus
0x080E03A8	0x080E03BF	thumb	SetLinkErrorFromRfu
0x080E03C0	0x080E0507	thumb	CB2_LinkError
0x080E0508	0x080E05BB	thumb	ErrorMsg_MoveCloserToPartner
0x080E05BC	0x080E0617	thumb	ErrorMsg_CheckConnections
0x080E0618	0x080E0717	thumb	CB2_PrintErrorMessage
0x080E0718	0x080E0727	thumb	GetSioMultiSI
0x080E0728	0x080E0747	thumb	IsSioMultiMaster
0x080E0748	0x080E0757	thumb	IsLinkConnectionEstablished
0x080E0758	0x080E0763	thumb	SetSuppressLinkErrorMessage
0x080E0764	0x080E076F	thumb	HasLinkErrorOccurred
0x080E0770	0x080E07C7	thumb	LocalLinkPlayerToBlock
0x080E07C8	0x080E0837	thumb	LinkPlayerFromBlock
0x080E0838	0x080E08AF	thumb	HandleLinkConnection
0x080E08B0	0x080E08C7	thumb	SetWirelessCommType1
0x080E08C8	0x080E08DF	thumb	SetWirelessCommType0_Internal
0x080E08E0	0x080E08F7	thumb	SetWirelessCommType0
0x080E08F8	0x080E091F	thumb	GetLinkRecvQueueLength
0x080E0920	0x080E094F	thumb	IsLinkRecvQueueAtOverworldMax
0x080E0950	0x080E0961	thumb	ConvertLinkPlayerName
0x080E0964	0x080E09BF	thumb	DisableSerial
0x080E09C0	0x080E0A4F	thumb	EnableSerial
0x080E0A50	0x080E0AAF	thumb	ResetSerial
0x080E0AB0	0x080E0C37	thumb	LinkMain1
0x080E0C38	0x080E0C5F	thumb	CheckMasterOrSlave
0x080E0C60	0x080E0C93	thumb	InitTimer
0x080E0C94	0x080E0D63	thumb	EnqueueSendCmd
0x080E0D64	0x080E0E1F	thumb	DequeueRecvCmds
0x080E0E20	0x080E0E9B	thumb	LinkVSync
0x080E0E9C	0x080E0ED3	thumb	Timer3Intr
0x080E0ED4	0x080E0F77	thumb	SerialCB
0x080E0F78	0x080E0F87	thumb	StartTransfer
0x080E0F88	0x080E1063	thumb	DoHandshake
0x080E1064	0x080E118B	thumb	DoRecv
0x080E118C	0x080E1213	thumb	DoSend
0x080E1214	0x080E123B	thumb	StopTimer
0x080E123C	0x080E1263	thumb	SendRecvDone
0x080E1264	0x080E1297	thumb	ResetSendBuffer
0x080E1298	0x080E12F3	thumb	ResetRecvBuffer
0x080E12F4	0x080E1377	thumb	InitBlockSend.part.0
0x080E137C	0x080E137D	thumb	ListMenuDummyTask
0x080E1380	0x080E14BB	thumb	DoMysteryGiftListMenu
0x080E14BC	0x080E14E3	thumb	ListMenuInit
0x080E14E4	0x080E152B	thumb	ListMenuInitInRect
0x080E152C	0x080E15CF	thumb	ListMenu_ProcessInput
0x080E15D0	0x080E160F	thumb	DestroyListMenuTask
0x080E1610	0x080E1657	thumb	RedrawListMenu
0x080E1658	0x080E168F	thumb	ChangeListMenuPals
0x080E1690	0x080E16C7	thumb	ChangeListMenuCoords
0x080E16C8	0x080E172F	thumb	ListMenuTestInput
0x080E1730	0x080E174F	thumb	ListMenuGetCurrentItemArrayId
0x080E1750	0x080E1773	thumb	ListMenuGetScrollAndRow
0x080E1774	0x080E17B7	thumb	ListMenuGetYCoordForPrintingArrowCursor
0x080E17B8	0x080E188B	thumb	ListMenuInitInternal
0x080E188C	0x080E192F	thumb	ListMenuPrint
0x080E1930	0x080E19E7	thumb	ListMenuPrintEntries
0x080E19E8	0x080E1ACB	thumb	ListMenuDrawCursor
0x080E1ACC	0x080E1B1B	thumb	ListMenuAddCursorObject
0x080E1B1C	0x080E1B31	thumb	ListMenuErasePrintedCursor
0x080E1B34	0x080E1C0F	thumb	ListMenuUpdateSelectedRowIndexAndScrollOffset
0x080E1C10	0x080E1D2F	thumb	ListMenuScroll
0x080E1D30	0x080E1E1D	thumb	ListMenuChangeSelection
0x080E1E20	0x080E1E45	thumb	ListMenuCallSelectionChangedCallback
0x080E1E48	0x080E1E7B	thumb	ListMenuOverrideSetColors
0x080E1E7C	0x080E1E8D	thumb	ListMenuDefaultCursorMoveFunc
0x080E1E90	0x080E1F17	thumb	ListMenuGetTemplateField
0x080E1F18	0x080E1FE3	thumb	ListMenuSetTemplateField
0x080E1FE4	0x080E1FFF	thumb	ListMenu_LoadMonIconPalette
0x080E2000	0x080E2039	thumb	ListMenu_DrawMonIconGraphics
0x080E203C	0x080E2063	thumb	ListMenuLoadStdPalAt
0x080E2064	0x080E20AF	thumb	BlitMenuInfoIcon
0x080E20B0	0x080E211B	thumb	ListMenuErasePrintedCursor.part.0
0x080E2124	0x080E2147	thumb	CheckForFlashMemory
0x080E2148	0x080E216B	thumb	ClearSav2
0x080E216C	0x080E218F	thumb	ClearSav1
0x080E2190	0x080E21DB	thumb	SetSaveBlocksPointers
0x080E21DC	0x080E22EB	thumb	MoveSaveBlocks_ResetHeap
0x080E22EC	0x080E22FB	thumb	UseContinueGameWarp
0x080E22FC	0x080E230F	thumb	ClearContinueGameWarpStatus
0x080E2310	0x080E2323	thumb	SetContinueGameWarpStatus
0x080E2324	0x080E233F	thumb	SetContinueGameWarpStatusToDynamicWarp
0x080E2340	0x080E2353	thumb	ClearContinueGameWarpStatus2
0x080E2354	0x080E238F	thumb	SavePlayerParty
0x080E2390	0x080E23CB	thumb	LoadPlayerParty
0x080E23CC	0x080E242F	thumb	SaveObjectEvents
0x080E2430	0x080E247B	thumb	LoadObjectEvents
0x080E247C	0x080E248D	thumb	SaveSerializedGame
0x080E2490	0x080E24E7	thumb	LoadSerializedGame
0x080E24E8	0x080E2543	thumb	SerializeKeyItemSlots
0x080E2544	0x080E2643	thumb	LoadPlayerBag
0x080E2644	0x080E2783	thumb	SavePlayerBag
0x080E2784	0x080E279B	thumb	ApplyNewEncryptionKeyToHword
0x080E279C	0x080E27B3	thumb	ApplyNewEncryptionKeyToWord
0x080E27B4	0x080E282F	thumb	ApplyNewEncryptionKeyToAllEncryptedData
0x080E2830	0x080E287F	thumb	ClearMailData
0x080E2880	0x080E28A9	thumb	ClearMailStruct
0x080E28AC	0x080E28D5	thumb	MonHasMail
0x080E28D8	0x080E2A77	thumb	GiveMailToMon
0x080E2A78	0x080E2A9B	thumb	SpeciesToMailSpecies
0x080E2A9C	0x080E2AB7	thumb	MailSpeciesToSpecies
0x080E2AB8	0x080E2B1B	thumb	GiveMailToMon2
0x080E2B1C	0x080E2B1F	thumb	DummyMailFunc
0x080E2B20	0x080E2B8F	thumb	TakeMailFromMon
0x080E2B90	0x080E2BB3	thumb	ClearMailItemId
0x080E2BB4	0x080E2C6F	thumb	TakeMailFromMon2
0x080E2C70	0x080E2C7F	thumb	ItemIsMail
0x080E2C80	0x080E2D47	thumb	ReadMail
0x080E2D48	0x080E30C3	thumb	DoInitMailView
0x080E30C4	0x080E30E7	thumb	CB2_InitMailView
0x080E30E8	0x080E31CB	thumb	BufferMailMessage
0x080E31CC	0x080E330B	thumb	AddMailMessagePrinters
0x080E330C	0x080E331D	thumb	VBlankCB_ShowMail
0x080E3320	0x080E334B	thumb	CB2_RunShowMailCB
0x080E334C	0x080E336B	thumb	ShowMailCB_WaitFadeIn
0x080E336C	0x080E33A7	thumb	ShowMailCB_WaitButton
0x080E33A8	0x080E341F	thumb	ShowMailCB_Teardown
0x080E3424	0x080E3453	thumb	MailboxPC_InitBuffers
0x080E3454	0x080E348B	thumb	MailboxPC_GetAddWindow
0x080E348C	0x080E34B7	thumb	MailboxPC_RemoveWindow
0x080E34B8	0x080E34C7	thumb	MailboxPC_GetWindowId
0x080E34C8	0x080E353B	thumb	ItemPrintFunc
0x080E353C	0x080E35CF	thumb	MailboxPC_InitListMenu
0x080E35D0	0x080E35E3	thumb	MoveCursorFunc
0x080E35E4	0x080E3613	thumb	MailboxPC_AddScrollIndicatorArrows
0x080E3614	0x080E3627	thumb	MailboxPC_DestroyListMenuBuffer
0x080E3628	0x080E363D	thumb	CB2_MainMenu
0x080E3640	0x080E3651	thumb	VBlankCB_MainMenu
0x080E3654	0x080E365F	thumb	CB2_InitMainMenu
0x080E3660	0x080E366B	thumb	CB2_InitMainMenu_2
0x080E366C	0x080E3823	thumb	MainMenuGpuInit
0x080E3824	0x080E3977	thumb	Task_SetWin0BldRegsAndCheckSaveFile
0x080E3978	0x080E39DF	thumb	PrintSaveErrorStatus
0x080E39E0	0x080E3A6B	thumb	Task_SaveErrorStatus_RunPrinterThenWaitButton
0x080E3A6C	0x080E3AE7	thumb	Task_SetWin0BldRegsNoSaveFileCheck
0x080E3AE8	0x080E3B03	thumb	Task_WaitFadeAndPrintMainMenuText
0x080E3B04	0x080E3DFF	thumb	Task_PrintMainMenuText
0x080E3E00	0x080E3E57	thumb	Task_WaitDma3AndFadeIn
0x080E3E58	0x080E3EBF	thumb	Task_UpdateVisualSelection
0x080E3EC0	0x080E3EF7	thumb	Task_HandleMenuInput
0x080E3EF8	0x080E4007	thumb	Task_ExecuteMainMenuSelection
0x080E4008	0x080E40D7	thumb	Task_DoFireredOrLeafgreenMultichoice
0x080E40D8	0x080E41F3	thumb	CreateFRLGChoiceMenu
0x080E41F4	0x080E422B	thumb	DrawFRLGChoiceFrame
0x080E422C	0x080E42CB	thumb	Task_ChooseVersionOnNewGame
0x080E42CC	0x080E42EF	thumb	Task_StartNewGame
0x080E42F0	0x080E43C3	thumb	Task_MysteryGiftError
0x080E43C4	0x080E43EB	thumb	Task_ReturnToTileScreen
0x080E43EC	0x080E442F	thumb	MoveWindowByMenuTypeAndCursorPos
0x080E4430	0x080E4507	thumb	HandleMenuInput
0x080E4508	0x080E4567	thumb	PrintMessageOnWindow4
0x080E4568	0x080E458F	thumb	PrintContinueStats
0x080E4590	0x080E45F3	thumb	PrintPlayerName
0x080E45F4	0x080E465B	thumb	PrintPlayTime
0x080E465C	0x080E4677	thumb	PrintDexCount
0x080E4678	0x080E46F3	thumb	PrintBadgeCount
0x080E46F4	0x080E473F	thumb	LoadUserFrameToBg
0x080E4740	0x080E4773	thumb	SetStdFrame0OnBg
0x080E4774	0x080E4889	thumb	MainMenu_DrawWindow_WindowFunction
0x080E488C	0x080E49A1	thumb	MainMenu_DrawWindow
0x080E49A4	0x080E49EB	thumb	MainMenu_EraseWindow
0x080E49EC	0x080E4A7F	thumb	PrintDexCount.part.0
0x080E4A80	0x080E4A97	thumb	PutMemBlockHeader
0x080E4A98	0x080E4AAB	thumb	PutFirstMemBlockHeader
0x080E4AAC	0x080E4B53	thumb	AllocInternal
0x080E4B54	0x080E4C3F	thumb	FreeInternal
0x080E4C40	0x080E4C79	thumb	AllocZeroedInternal
0x080E4C7C	0x080E4CDF	thumb	CheckMemBlockInternal
0x080E4CE0	0x080E4D03	thumb	InitHeap
0x080E4D04	0x080E4D17	thumb	Alloc
0x080E4D18	0x080E4D5B	thumb	AllocZeroed
0x080E4D5C	0x080E4D6F	thumb	Free
0x080E4D70	0x080E4DDB	thumb	CheckMemBlock
0x080E4DDC	0x080E4E4B	thumb	CheckHeap
0x080E4E4C	0x080E4EDF	thumb	ShowMapNamePopup
0x080E4EE0	0x080E504F	thumb	Task_MapNamePopup
0x080E5050	0x080E507B	thumb	DismissMapNamePopup
0x080E507C	0x080E5093	thumb	IsMapNamePopupTaskActive
0x080E5094	0x080E5137	thumb	MapNamePopupCreateWindow
0x080E5138	0x080E521F	thumb	MapNamePopupPrintMapNameOnWindow
0x080E5220	0x080E526F	thumb	MapNamePopupAppendFloorNum
0x080E5270	0x080E5297	thumb	GetMapPreviewScreenIdx
0x080E5298	0x080E52DB	thumb	MapHasPreviewScreen
0x080E52DC	0x080E532B	thumb	MapHasPreviewScreen_HandleQLState2
0x080E532C	0x080E5347	thumb	MapPreview_InitBgs
0x080E5348	0x080E53CF	thumb	MapPreview_LoadGfx
0x080E53D0	0x080E53F7	thumb	MapPreview_Unload
0x080E53F8	0x080E5401	thumb	MapPreview_IsGfxLoadFinished
0x080E5404	0x080E54AB	thumb	MapPreview_StartForestTransition
0x080E54AC	0x080E5527	thumb	MapPreview_CreateMapNameWindow
0x080E5528	0x080E553F	thumb	ForestMapPreviewScreenIsRunning
0x080E5540	0x080E56CF	thumb	Task_RunMapPreviewScreenForest
0x080E56D0	0x080E56FF	thumb	GetDungeonMapPreviewScreenInfo
0x080E5700	0x080E574F	thumb	MapPreview_GetDuration
0x080E5750	0x080E5773	thumb	MapPreview_SetFlag
0x080E5774	0x080E578D	thumb	Q_8_8_mul
0x080E5790	0x080E57AF	thumb	Q_N_S_mul
0x080E57B0	0x080E57DB	thumb	Q_24_8_mul
0x080E57DC	0x080E57F9	thumb	Q_8_8_div
0x080E57FC	0x080E581D	thumb	Q_N_S_div
0x080E5820	0x080E583F	thumb	Q_24_8_div
0x080E5840	0x080E5855	thumb	Q_8_8_inv
0x080E5858	0x080E5873	thumb	Q_N_S_inv
0x080E5874	0x080E5887	thumb	Q_24_8_inv
0x080E5888	0x080E5927	thumb	DisplayMessageAndContinueTask
0x080E5928	0x080E593D	thumb	RunTextPrinters_CheckActive
0x080E5940	0x080E596F	thumb	Task_ContinueTaskAfterMessagePrints
0x080E5970	0x080E59C3	thumb	Task_CallYesOrNoCallback
0x080E59C4	0x080E5A1B	thumb	CreateYesNoMenuWithCallbacks
0x080E5A1C	0x080E5A47	thumb	GetLRKeysPressed
0x080E5A48	0x080E5A73	thumb	GetLRKeysPressedAndHeld
0x080E5A74	0x080E5AA7	thumb	IsHoldingItemAllowed
0x080E5AA8	0x080E5AD3	thumb	IsWritingMailAllowed
0x080E5AD4	0x080E5AF3	thumb	MenuHelpers_IsLinkActive
0x080E5AF4	0x080E5B1B	thumb	IsActiveOverworldLinkBusy
0x080E5B1C	0x080E5B4F	thumb	MenuHelpers_ShouldWaitForLinkRecv
0x080E5B50	0x080E5B61	thumb	SetVBlankHBlankCallbacksToNull
0x080E5B64	0x080E5BAF	thumb	ResetVramOamAndBgCntRegs
0x080E5BB0	0x080E5C2D	thumb	ResetAllBgsCoordinatesAndBgCntRegs
0x080E5C30	0x080E5CB3	thumb	AdjustQuantityAccordingToDPadInput
0x080E5CB4	0x080E5CC3	thumb	GetDialogBoxFontId
0x080E5CC8	0x080E5D4F	thumb	SpriteCallback_ScrollIndicatorArrow
0x080E5D50	0x080E5DDB	thumb	AddScrollIndicatorArrowObject
0x080E5DDC	0x080E5EBB	thumb	AddScrollIndicatorArrowPair
0x080E5EBC	0x080E5F27	thumb	AddScrollIndicatorArrowPairParameterized
0x080E5F28	0x080E5F8B	thumb	Task_ScrollIndicatorArrowPair
0x080E5F8C	0x080E5FEB	thumb	RemoveScrollIndicatorArrowPair
0x080E5FEC	0x080E5FFF	thumb	ListMenuAddCursorObjectInternal
0x080E6000	0x080E605F	thumb	ListMenuUpdateCursorObject
0x080E6060	0x080E60CF	thumb	ListMenuRemoveCursorObject
0x080E60D0	0x080E60D1	thumb	Task_RedOutlineCursor
0x080E60D4	0x080E60FD	thumb	ListMenuGetRedOutlineCursorSpriteCount
0x080E6100	0x080E61DB	thumb	ListMenuSetUpRedOutlineCursorSpriteOamTable
0x080E61DC	0x080E6307	thumb	ListMenuAddRedOutlineCursorObject
0x080E6308	0x080E633B	thumb	ListMenuUpdateRedOutlineCursorObject
0x080E633C	0x080E6393	thumb	ListMenuRemoveRedOutlineCursorObject
0x080E6394	0x080E63BB	thumb	SpriteCallback_RedArrowCursor
0x080E63BC	0x080E63BD	thumb	Task_RedArrowCursor
0x080E63C0	0x080E649B	thumb	ListMenuAddRedArrowCursorObject
0x080E649C	0x080E64C7	thumb	ListMenuUpdateRedArrowCursorObject
0x080E64C8	0x080E6517	thumb	ListMenuRemoveRedArrowCursorObject
0x080E6518	0x080E655F	thumb	DrawDialogFrameWithCustomTileAndPalette
0x080E6560	0x080E65AF	thumb	DrawDialogFrameWithCustomTile
0x080E65B0	0x080E6967	thumb	WindowFunc_DrawDialogFrameWithCustomTileAndPalette
0x080E6968	0x080E699F	thumb	ClearDialogWindowAndFrameToTransparent
0x080E69A0	0x080E69ED	thumb	WindowFunc_ClearDialogWindowAndFrameNullPalette
0x080E69F0	0x080E6A37	thumb	DrawStdFrameWithCustomTileAndPalette
0x080E6A38	0x080E6A87	thumb	DrawStdFrameWithCustomTile
0x080E6A88	0x080E6BDB	thumb	WindowFunc_DrawStdFrameWithCustomTileAndPalette
0x080E6BDC	0x080E6C13	thumb	ClearStdWindowAndFrameToTransparent
0x080E6C14	0x080E6C57	thumb	WindowFunc_ClearStdWindowAndFrameToTransparent
0x080E6C58	0x080E6CBF	thumb	CreateTopBarWindowLoadPalette
0x080E6CC0	0x080E6D23	thumb	TopBarWindowPrintString
0x080E6D24	0x080E6DC7	thumb	TopBarWindowPrintTwoStrings
0x080E6DC8	0x080E6DDF	thumb	CopyTopBarWindowToVram
0x080E6DE0	0x080E6E03	thumb	ClearTopBarWindow
0x080E6E04	0x080E6E37	thumb	DestroyTopBarWindow
0x080E6E38	0x080E6E93	thumb	Menu_InitCursorInternal
0x080E6E94	0x080E6EDB	thumb	Menu_InitCursor
0x080E6EDC	0x080E6F57	thumb	InitMenuDefaultCursorHeight
0x080E6F58	0x080E6FC3	thumb	Menu_RedrawCursor
0x080E6FC4	0x080E700F	thumb	Menu_MoveCursor
0x080E7010	0x080E7053	thumb	Menu_MoveCursorNoWrapAround
0x080E7054	0x080E705F	thumb	Menu_GetCursorPos
0x080E7060	0x080E70C3	thumb	Menu_ProcessInput
0x080E70C4	0x080E715F	thumb	Menu_ProcessInputNoWrapAround
0x080E7160	0x080E7207	thumb	Menu_ProcessInputNoWrapAround2
0x080E7208	0x080E726F	thumb	Menu_ProcessInput_other
0x080E7270	0x080E7313	thumb	Menu_ProcessInputNoWrapAround_other
0x080E7314	0x080E7397	thumb	PrintTextArray
0x080E7398	0x080E7435	thumb	MultichoiceList_PrintItems
0x080E7438	0x080E74BB	thumb	PrintMenuTable
0x080E74BC	0x080E75B1	thumb	AddItemMenuActionTextPrinters
0x080E75B4	0x080E7603	thumb	PrintMenuActionTextsAtTopById
0x080E7604	0x080E762F	thumb	SetWindowTemplateFields
0x080E7630	0x080E7663	thumb	CreateWindowTemplate
0x080E7664	0x080E77CB	thumb	CreateYesNoMenu
0x080E77CC	0x080E77F3	thumb	CreateYesNoMenu2
0x080E77F4	0x080E7837	thumb	Menu_ProcessInputNoWrapClearOnChoose
0x080E7838	0x080E786F	thumb	DestroyYesNoMenu
0x080E7870	0x080E7947	thumb	MultichoiceGrid_PrintItems
0x080E7948	0x080E7A25	thumb	MultichoiceGrid_PrintItemsCustomOrder
0x080E7A28	0x080E7A9F	thumb	MultichoiceGrid_InitCursorInternal
0x080E7AA0	0x080E7B13	thumb	MultichoiceGrid_InitCursor
0x080E7B14	0x080E7BDB	thumb	MultichoiceGrid_RedrawCursor
0x080E7BDC	0x080E7CBB	thumb	MultichoiceGrid_MoveCursor
0x080E7CBC	0x080E7D57	thumb	MultichoiceGrid_MoveCursorIfValid
0x080E7D58	0x080E7DF3	thumb	Menu_ProcessGridInput_NoSoundLimit
0x080E7DF4	0x080E7E8F	thumb	Menu_ProcessInputGridLayout
0x080E7E90	0x080E7F33	thumb	Menu_ProcessGridInputRepeat_NoSoundLimit
0x080E7F34	0x080E7FDB	thumb	Menu_ProcessGridInputRepeat
0x080E7FDC	0x080E8061	thumb	AddTextPrinterParameterized3
0x080E8064	0x080E80E7	thumb	AddTextPrinterParameterized4
0x080E80E8	0x080E8199	thumb	AddTextPrinterParameterized5
0x080E819C	0x080E8237	thumb	Menu_PrintFormatIntlPlayerName
0x080E8238	0x080E83E7	thumb	UnusedBlitBitmapRect
0x080E83E8	0x080E847B	thumb	StartBlendTask
0x080E847C	0x080E848B	thumb	IsBlendTaskActive
0x080E848C	0x080E852F	thumb	Task_SmoothBlendLayers
0x080E8530	0x080E85D7	thumb	Menu2_GetMonSpriteAnchorCoord
0x080E85D8	0x080E85EF	thumb	Menu2_GetMonSpriteAnchorCoordMinusx20
0x080E85F0	0x080E85F3	thumb	MetatileBehavior_IsATile
0x080E85F4	0x080E85FF	thumb	MetatileBehavior_IsJumpEast
0x080E8600	0x080E860B	thumb	MetatileBehavior_IsJumpWest
0x080E860C	0x080E8617	thumb	MetatileBehavior_IsJumpNorth
0x080E8618	0x080E8623	thumb	MetatileBehavior_IsJumpSouth
0x080E8624	0x080E8645	thumb	MetatileBehavior_IsPokeGrass
0x080E8648	0x080E865D	thumb	MetatileBehavior_IsSand
0x080E8660	0x080E8675	thumb	MetatileBehavior_IsSandOrShallowFlowingWater
0x080E8678	0x080E867B	thumb	MetatileBehavior_IsDeepSand
0x080E867C	0x080E869F	thumb	MetatileBehavior_IsReflective
0x080E86A0	0x080E86AB	thumb	MetatileBehavior_IsIce
0x080E86AC	0x080E86B7	thumb	MetatileBehavior_IsWarpDoor
0x080E86B8	0x080E86C3	thumb	MetatileBehavior_IsWarpDoor_2
0x080E86C4	0x080E86D9	thumb	MetatileBehavior_IsEscalator
0x080E86DC	0x080E86E7	thumb	MetatileBehavior_IsDirectionalUpRightStairWarp
0x080E86E8	0x080E86F3	thumb	MetatileBehavior_IsDirectionalUpLeftStairWarp
0x080E86F4	0x080E86FF	thumb	MetatileBehavior_IsDirectionalDownRightStairWarp
0x080E8700	0x080E870B	thumb	MetatileBehavior_IsDirectionalDownLeftStairWarp
0x080E870C	0x080E8721	thumb	MetatileBehavior_IsDirectionalStairWarp
0x080E8724	0x080E872F	thumb	MetatileBehavior_IsLadder
0x080E8730	0x080E873B	thumb	MetatileBehavior_IsNonAnimDoor
0x080E873C	0x080E873F	thumb	MetatileBehavior_IsDeepSouthWarp
0x080E8740	0x080E8753	thumb	MetatileBehavior_IsSurfable
0x080E8754	0x080E875F	thumb	MetatileBehavior_IsFastWater
0x080E8760	0x080E876B	thumb	MetatileBehavior_IsEastArrowWarp
0x080E876C	0x080E8777	thumb	MetatileBehavior_IsWestArrowWarp
0x080E8778	0x080E8783	thumb	MetatileBehavior_IsNorthArrowWarp
0x080E8784	0x080E878F	thumb	MetatileBehavior_IsSouthArrowWarp
0x080E8790	0x080E87A5	thumb	MetatileBehavior_IsArrowWarp
0x080E87A8	0x080E87DF	thumb	MetatileBehavior_IsForcedMovementTile
0x080E87E0	0x080E87EB	thumb	MetatileBehavior_IsIce_2
0x080E87EC	0x080E87F7	thumb	MetatileBehavior_IsTrickHouseSlipperyFloor
0x080E87F8	0x080E8803	thumb	MetatileBehavior_IsWalkNorth
0x080E8804	0x080E880F	thumb	MetatileBehavior_IsWalkSouth
0x080E8810	0x080E881B	thumb	MetatileBehavior_IsWalkWest
0x080E881C	0x080E8827	thumb	MetatileBehavior_IsWalkEast
0x080E8828	0x080E8833	thumb	MetatileBehavior_IsNorthwardCurrent
0x080E8834	0x080E883F	thumb	MetatileBehavior_IsSouthwardCurrent
0x080E8840	0x080E884B	thumb	MetatileBehavior_IsWestwardCurrent
0x080E884C	0x080E8857	thumb	MetatileBehavior_IsEastwardCurrent
0x080E8858	0x080E8863	thumb	MetatileBehavior_IsSlideNorth
0x080E8864	0x080E886F	thumb	MetatileBehavior_IsSlideSouth
0x080E8870	0x080E887B	thumb	MetatileBehavior_IsSlideWest
0x080E887C	0x080E8887	thumb	MetatileBehavior_IsSlideEast
0x080E8888	0x080E8893	thumb	MetatileBehavior_IsCounter
0x080E8894	0x080E88AB	thumb	MetatileBehavior_IsPlayerFacingTVScreen
0x080E88AC	0x080E88B7	thumb	MetatileBehavior_IsPC
0x080E88B8	0x080E88CD	thumb	MetatileBehavior_HasRipples
0x080E88D0	0x080E88DB	thumb	MetatileBehavior_IsPuddle
0x080E88DC	0x080E88FB	thumb	MetatileBehavior_IsTallGrass
0x080E88FC	0x080E8907	thumb	MetatileBehavior_IsLongGrass
0x080E8908	0x080E890B	thumb	MetatileBehavior_IsFootprints
0x080E890C	0x080E890F	thumb	MetatileBehavior_IsBridge
0x080E8910	0x080E8913	thumb	MetatileBehavior_GetBridgeType
0x080E8914	0x080E891F	thumb	MetatileBehavior_IsUnused01
0x080E8920	0x080E892B	thumb	MetatileBehavior_UnusedIsTallGrass
0x080E892C	0x080E8937	thumb	MetatileBehavior_IsIndoorEncounter
0x080E8938	0x080E8943	thumb	MetatileBehavior_IsMountain
0x080E8944	0x080E8959	thumb	MetatileBehavior_IsDiveable
0x080E895C	0x080E8971	thumb	MetatileBehavior_IsUnableToEmerge
0x080E8974	0x080E897F	thumb	MetatileBehavior_IsShallowFlowingWater
0x080E8980	0x080E898B	thumb	MetatileBehavior_IsThinIce
0x080E898C	0x080E8997	thumb	MetatileBehavior_IsCrackedIce
0x080E8998	0x080E89B9	thumb	MetatileBehavior_IsDeepWaterTerrain
0x080E89BC	0x080E89C7	thumb	MetatileBehavior_IsUnusedWater
0x080E89C8	0x080E89E7	thumb	MetatileBehavior_IsSurfableAndNotWaterfall
0x080E89E8	0x080E8A05	thumb	MetatileBehavior_IsEastBlocked
0x080E8A08	0x080E8A25	thumb	MetatileBehavior_IsWestBlocked
0x080E8A28	0x080E8A49	thumb	MetatileBehavior_IsNorthBlocked
0x080E8A4C	0x080E8A6D	thumb	MetatileBehavior_IsSouthBlocked
0x080E8A70	0x080E8A7B	thumb	MetatileBehavior_IsShortGrass
0x080E8A7C	0x080E8A87	thumb	MetatileBehavior_IsHotSprings
0x080E8A88	0x080E8A93	thumb	MetatileBehavior_IsWaterfall
0x080E8A94	0x080E8A97	thumb	MetatileBehavior_IsFortreeBridge
0x080E8A98	0x080E8A9B	thumb	MetatileBehavior_IsPacifidlogVerticalLogTop
0x080E8A9C	0x080E8A9F	thumb	MetatileBehavior_IsPacifidlogVerticalLogBottom
0x080E8AA0	0x080E8AA3	thumb	MetatileBehavior_IsPacifidlogHorizontalLogLeft
0x080E8AA4	0x080E8AA7	thumb	MetatileBehavior_IsPacifidlogHorizontalLogRight
0x080E8AA8	0x080E8AAB	thumb	MetatileBehavior_IsPacifidlogLog
0x080E8AAC	0x080E8AAF	thumb	MetatileBehavior_IsTrickHousePuzzleDoor
0x080E8AB0	0x080E8ABB	thumb	MetatileBehavior_IsRegionMap
0x080E8ABC	0x080E8ABF	thumb	MetatileBehavior_IsRoulette
0x080E8AC0	0x080E8AC3	thumb	MetatileBehavior_IsPokeblockFeeder
0x080E8AC4	0x080E8AC7	thumb	MetatileBehavior_IsSecretBaseJumpMat
0x080E8AC8	0x080E8ACB	thumb	MetatileBehavior_IsSecretBaseSpinMat
0x080E8ACC	0x080E8ACF	thumb	MetatileBehavior_IsLavaridgeB1FWarp
0x080E8AD0	0x080E8ADB	thumb	MetatileBehavior_IsLavaridge1FWarp
0x080E8ADC	0x080E8AE7	thumb	MetatileBehavior_IsWarpPad
0x080E8AE8	0x080E8AF3	thumb	MetatileBehavior_IsUnionRoomWarp
0x080E8AF4	0x080E8B23	thumb	MetatileBehavior_IsWater
0x080E8B24	0x080E8B2F	thumb	MetatileBehavior_IsFallWarp
0x080E8B30	0x080E8B33	thumb	MetatileBehavior_IsCrackedFloor
0x080E8B34	0x080E8B49	thumb	MetatileBehavior_IsCyclingRoadPullDownTile
0x080E8B4C	0x080E8B57	thumb	MetatileBehavior_IsCyclingRoadPullDownTileGrass
0x080E8B58	0x080E8B5B	thumb	MetatileBehavior_IsBumpySlope
0x080E8B5C	0x080E8B5F	thumb	MetatileBehavior_IsIsolatedVerticalRail
0x080E8B60	0x080E8B63	thumb	MetatileBehavior_IsIsolatedHorizontalRail
0x080E8B64	0x080E8B67	thumb	MetatileBehavior_IsVerticalRail
0x080E8B68	0x080E8B6B	thumb	MetatileBehavior_IsHorizontalRail
0x080E8B6C	0x080E8B81	thumb	MetatileBehavior_IsSeaweed
0x080E8B84	0x080E8B8F	thumb	MetatileBehavior_IsRunningDisallowed
0x080E8B90	0x080E8BAB	thumb	MetatileBehavior_IsSafariExtensionSign
0x080E8BAC	0x080E8BB7	thumb	MetatileBehavior_IsBookshelf
0x080E8BB8	0x080E8BC3	thumb	MetatileBehavior_IsPokeMartShelf
0x080E8BC4	0x080E8BDB	thumb	MetatileBehavior_IsPlayerFacingPokemonCenterSign
0x080E8BDC	0x080E8BF3	thumb	MetatileBehavior_IsPlayerFacingPokeMartSign
0x080E8BF4	0x080E8BF7	thumb	MetatileBehavior_UnknownDummy1
0x080E8BF8	0x080E8BFB	thumb	MetatileBehavior_UnknownDummy2
0x080E8BFC	0x080E8BFF	thumb	MetatileBehavior_UnknownDummy3
0x080E8C00	0x080E8C03	thumb	MetatileBehavior_UnknownDummy4
0x080E8C04	0x080E8C1B	thumb	TestMetatileAttributeBit
0x080E8C1C	0x080E8C27	thumb	MetatileBehavior_IsSpinRight
0x080E8C28	0x080E8C33	thumb	MetatileBehavior_IsSpinLeft
0x080E8C34	0x080E8C3F	thumb	MetatileBehavior_IsSpinUp
0x080E8C40	0x080E8C4B	thumb	MetatileBehavior_IsSpinDown
0x080E8C4C	0x080E8C57	thumb	MetatileBehavior_IsStopSpinning
0x080E8C58	0x080E8C6D	thumb	MetatileBehavior_IsSpinTile
0x080E8C70	0x080E8C7B	thumb	MetatileBehavior_IsSignpost
0x080E8C7C	0x080E8C87	thumb	MetatileBehavior_IsCabinet
0x080E8C88	0x080E8C93	thumb	MetatileBehavior_IsKitchen
0x080E8C94	0x080E8C9F	thumb	MetatileBehavior_IsDresser
0x080E8CA0	0x080E8CAB	thumb	MetatileBehavior_IsSnacks
0x080E8CAC	0x080E8CB7	thumb	MetatileBehavior_IsStrengthButton
0x080E8CB8	0x080E8CCF	thumb	MetatileBehavior_IsPlayerFacingCableClubWirelessMonitor
0x080E8CD0	0x080E8CE7	thumb	MetatileBehavior_IsPlayerFacingBattleRecords
0x080E8CE8	0x080E8CF3	thumb	MetatileBehavior_IsQuestionnaire
0x080E8CF4	0x080E8CFF	thumb	MetatileBehavior_IsIndigoPlateauSign1
0x080E8D00	0x080E8D0B	thumb	MetatileBehavior_IsIndigoPlateauSign2
0x080E8D0C	0x080E8D17	thumb	MetatileBehavior_IsFood
0x080E8D18	0x080E8D23	thumb	MetatileBehavior_IsRockStairs
0x080E8D24	0x080E8D2F	thumb	MetatileBehavior_IsBlueprints
0x080E8D30	0x080E8D3B	thumb	MetatileBehavior_IsPainting
0x080E8D3C	0x080E8D47	thumb	MetatileBehavior_IsPowerPlantMachine
0x080E8D48	0x080E8D53	thumb	MetatileBehavior_IsTelephone
0x080E8D54	0x080E8D5F	thumb	MetatileBehavior_IsComputer
0x080E8D60	0x080E8D6B	thumb	MetatileBehavior_IsAdvertisingPoster
0x080E8D6C	0x080E8D77	thumb	MetatileBehavior_IsTastyFood
0x080E8D78	0x080E8D83	thumb	MetatileBehavior_IsTrashBin
0x080E8D84	0x080E8D8F	thumb	MetatileBehavior_IsCup
0x080E8D90	0x080E8D93	thumb	MetatileBehavior_IsPolishedWindow
0x080E8D94	0x080E8D97	thumb	MetatileBehavior_IsBeautifulSkyWindow
0x080E8D98	0x080E8DA3	thumb	MetatileBehavior_IsBlinkingLights
0x080E8DA4	0x080E8DAF	thumb	MetatileBehavior_IsNeatlyLinedUpTools
0x080E8DB0	0x080E8DBB	thumb	MetatileBehavior_IsImpressiveMachine
0x080E8DBC	0x080E8DC7	thumb	MetatileBehavior_IsVideoGame
0x080E8DC8	0x080E8DD3	thumb	MetatileBehavior_IsBurglary
0x080E8DD4	0x080E8DDF	thumb	MetatileBehavior_IsTrainerTowerMonitor
0x080E8DE0	0x080E8DEB	thumb	MetatileBehavior_IsAshGrass
0x080E8DEC	0x080E8E43	thumb	StartMinigameCountdown
0x080E8E44	0x080E8E53	thumb	IsMinigameCountdownRunning
0x080E8E54	0x080E8FC7	thumb	Task_MinigameCountdown
0x080E8FC8	0x080E9117	thumb	RunMinigameCountdownDigitsAnim
0x080E9118	0x080E9167	thumb	StartStartGraphic
0x080E9168	0x080E918B	thumb	IsStartGraphicAnimRunning
0x080E918C	0x080E9263	thumb	SpriteCB_Start
0x080E9264	0x080E929F	thumb	Load321StartGfx
0x080E92A0	0x080E92EB	thumb	CreateNumberSprite
0x080E92EC	0x080E93A7	thumb	CreateStartSprite
0x080E93A8	0x080E93B3	thumb	InitMonMarkingsMenu
0x080E93B4	0x080E93FB	thumb	BufferMenuWindowTiles
0x080E93FC	0x080E94D7	thumb	BufferMenuFrameTiles
0x080E94D8	0x080E94E9	thumb	BufferMonMarkingsMenuTiles
0x080E94EC	0x080E9527	thumb	OpenMonMarkingsMenu
0x080E9528	0x080E95AB	thumb	FreeMonMarkingsMenu
0x080E95AC	0x080E965F	thumb	HandleMonMarkingsMenuInput
0x080E9660	0x080E98A7	thumb	CreateMonMarkingsMenuSprites
0x080E98A8	0x080E98A9	thumb	SpriteCB_Dummy
0x080E98AC	0x080E98DB	thumb	SpriteCB_Marking
0x080E98DC	0x080E98F3	thumb	SpriteCB_Cursor
0x080E98F4	0x080E9913	thumb	CreateMonMarkingAllCombosSprite
0x080E9914	0x080E9933	thumb	CreateMonMarkingComboSprite
0x080E9934	0x080E99B3	thumb	CreateMarkingComboSprite
0x080E99B4	0x080E99CF	thumb	UpdateMonMarkingTiles
0x080E99D0	0x080E99E3	thumb	GetMoney
0x080E99E4	0x080E99F7	thumb	SetMoney
0x080E99F8	0x080E9A13	thumb	IsEnoughMoney
0x080E9A14	0x080E9A3F	thumb	AddMoney
0x080E9A40	0x080E9A5F	thumb	RemoveMoney
0x080E9A60	0x080E9A8F	thumb	IsEnoughForCostInVar0x8005
0x080E9A90	0x080E9AC7	thumb	SubtractMoneyFromVar0x8005
0x080E9AC8	0x080E9B47	thumb	PrintMoneyAmountInMoneyBox
0x080E9B48	0x080E9BD7	thumb	PrintMoneyAmount
0x080E9BD8	0x080E9C1F	thumb	PrintMoneyAmountInMoneyBoxWithBorder
0x080E9C20	0x080E9C37	thumb	ChangeAmountInMoneyBox
0x080E9C38	0x080E9CD3	thumb	DrawMoneyBox
0x080E9CD4	0x080E9CF7	thumb	HideMoneyBox
0x080E9CF8	0x080E9D2B	thumb	MultiBootInit
0x080E9D2C	0x080EA2A7	thumb	MultiBootMain
0x080EA2A8	0x080EA30B	thumb	MultiBootSend
0x080EA30C	0x080EA353	thumb	MultiBootStartProbe
0x080EA354	0x080EA44F	thumb	MultiBootStartMaster
0x080EA450	0x080EA459	thumb	MultiBootCheckComplete
0x080EA45C	0x080EA5BF	thumb	MultiBootHandShake
0x080EA5C0	0x080EA5D7	thumb	MultiBootWaitCycles
0x080EA5D8	0x080EA603	thumb	MultiBootWaitSendDone
0x080EA604	0x080EA627	thumb	CheckCompatibility
0x080EA628	0x080EA647	thumb	SetIncompatible
0x080EA648	0x080EA677	thumb	InitMysteryEventScript
0x080EA678	0x080EA693	thumb	RunMysteryEventScriptCommand
0x080EA694	0x080EA6C7	thumb	MEventScript_InitContext
0x080EA6C8	0x080EA6EF	thumb	MEventScript_Run
0x080EA6F0	0x080EA737	thumb	RunMysteryEventScript
0x080EA738	0x080EA743	thumb	SetMysteryEventScriptStatus
0x080EA744	0x080EA74F	thumb	MEScrCmd_end
0x080EA750	0x080EA7AF	thumb	MEScrCmd_checkcompat
0x080EA7B0	0x080EA7B3	thumb	MEScrCmd_nop
0x080EA7B4	0x080EA7C1	thumb	MEScrCmd_setstatus
0x080EA7C4	0x080EA7FB	thumb	MEScrCmd_setmsg
0x080EA7FC	0x080EA817	thumb	MEScrCmd_runscript
0x080EA818	0x080EA8CB	thumb	MEScrCmd_setenigmaberry
0x080EA8CC	0x080EA8FF	thumb	MEScrCmd_giveribbon
0x080EA900	0x080EA95B	thumb	MEScrCmd_initramscript
0x080EA95C	0x080EA97F	thumb	MEScrCmd_givenationaldex
0x080EA980	0x080EA9AB	thumb	MEScrCmd_addrareword
0x080EA9AC	0x080EA9D7	thumb	MEScrCmd_setrecordmixinggift
0x080EA9D8	0x080EAAEB	thumb	MEScrCmd_givepokemon
0x080EAAEC	0x080EAB33	thumb	MEScrCmd_addtrainer
0x080EAB34	0x080EAB5F	thumb	MEScrCmd_enableresetrtc
0x080EAB60	0x080EABA1	thumb	MEScrCmd_checksum
0x080EABA4	0x080EABE5	thumb	MEScrCmd_crc
0x080EABE8	0x080EAC03	thumb	MysteryGiftClient_Create
0x080EAC04	0x080EAC7F	thumb	MysteryGiftClient_Run
0x080EAC80	0x080EAC8F	thumb	MysteryGiftClient_AdvanceState
0x080EAC90	0x080EAC9B	thumb	MysteryGiftClient_GetMsg
0x080EAC9C	0x080EACA7	thumb	MysteryGiftClient_SetParam
0x080EACA8	0x080EACEF	thumb	MysteryGiftClient_Init
0x080EACF0	0x080EAD11	thumb	MysteryGiftClient_Free
0x080EAD14	0x080EAD2D	thumb	MysteryGiftClient_CopyRecvScript
0x080EAD30	0x080EAD63	thumb	MysteryGiftClient_InitSendWord
0x080EAD64	0x080EAD8B	thumb	Client_Init
0x080EAD8C	0x080EAD8F	thumb	Client_Done
0x080EAD90	0x080EADAD	thumb	Client_Recv
0x080EADB0	0x080EADCD	thumb	Client_Send
0x080EADD0	0x080EAFB7	thumb	Client_Run
0x080EAFB8	0x080EAFC9	thumb	Client_Wait
0x080EAFCC	0x080EB001	thumb	Client_RunMysteryEventScript
0x080EB004	0x080EB033	thumb	Client_RunBufferScript
0x080EB034	0x080EB05F	thumb	MysteryGiftClient_CallFunc
0x080EB064	0x080EB06F	thumb	MysteryGiftLink_Recv
0x080EB070	0x080EB07B	thumb	MysteryGiftLink_Send
0x080EB07C	0x080EB0A3	thumb	MysteryGiftLink_Init
0x080EB0A4	0x080EB0BF	thumb	MysteryGiftLink_InitSend
0x080EB0C0	0x080EB0CD	thumb	MysteryGiftLink_InitRecv
0x080EB0D0	0x080EB0E7	thumb	MGL_ReceiveBlock
0x080EB0E8	0x080EB0FD	thumb	MGL_HasReceived
0x080EB100	0x080EB10D	thumb	MGL_ResetReceived
0x080EB110	0x080EB1DF	thumb	MGL_Receive
0x080EB1E0	0x080EB2C7	thumb	MGL_Send
0x080EB2CC	0x080EB2DD	thumb	VBlankCB_MysteryGiftEReader
0x080EB2E0	0x080EB2F5	thumb	CB2_MysteryGiftEReader
0x080EB2F8	0x080EB503	thumb	HandleMysteryGiftOrEReaderSetup
0x080EB504	0x080EB52F	thumb	CB2_InitMysteryGift
0x080EB530	0x080EB55B	thumb	CB2_InitEReader
0x080EB55C	0x080EB5A3	thumb	MainCB_FreeAllBuffersAndReturnToInitTitleScreen
0x080EB5A4	0x080EB66B	thumb	PrintMysteryGiftOrEReaderTopMenu
0x080EB66C	0x080EB67D	thumb	MG_DrawTextBorder
0x080EB680	0x080EB6FB	thumb	MG_DrawCheckerboardPattern
0x080EB6FC	0x080EB745	thumb	ClearScreenInBg0
0x080EB748	0x080EB7A3	thumb	AddTextPrinterToWindow1
0x080EB7A4	0x080EB7BD	thumb	ClearTextWindow
0x080EB7C0	0x080EB84F	thumb	PrintMysteryGiftMenuMessage
0x080EB850	0x080EB877	thumb	HideDownArrow
0x080EB878	0x080EB89B	thumb	ShowDownArrow
0x080EB89C	0x080EB8FF	thumb	HideDownArrowAndWaitButton
0x080EB900	0x080EB94B	thumb	PrintStringAndWait2Seconds
0x080EB94C	0x080EB9F3	thumb	MysteryGift_HandleThreeOptionMenu
0x080EB9F4	0x080EBB23	thumb	DoMysteryGiftYesNo
0x080EBB24	0x080EBC67	thumb	HandleMysteryGiftListMenu
0x080EBC68	0x080EBC7B	thumb	ValidateCardOrNews
0x080EBC7C	0x080EBCD7	thumb	HandleLoadWonderCardOrNews
0x080EBCD8	0x080EBCED	thumb	ClearSavedNewsOrCard
0x080EBCF0	0x080EBD1F	thumb	ExitWonderCardOrNews
0x080EBD20	0x080EBD43	thumb	AskDiscardGift
0x080EBD44	0x080EBD63	thumb	PrintThrownAway
0x080EBD64	0x080EBDDF	thumb	SaveOnMysteryGiftMenu
0x080EBDE0	0x080EBEA7	thumb	GetClientResultMessage
0x080EBEA8	0x080EBF19	thumb	PrintSuccessMessage
0x080EBF1C	0x080EBF9F	thumb	GetServerResultMessage
0x080EBFA0	0x080EC027	thumb	PrintServerResultMessage
0x080EC028	0x080EC05F	thumb	CreateMysteryGiftTask
0x080EC060	0x080EC93B	thumb	Task_MysteryGift
0x080EC93C	0x080EC941	thumb	GetMysteryGiftBaseBlock
0x080EC944	0x080EC967	thumb	MysterGiftServer_CreateForNews
0x080EC968	0x080EC98B	thumb	MysterGiftServer_CreateForCard
0x080EC98C	0x080EC9DB	thumb	MysterGiftServer_Run
0x080EC9DC	0x080ECA31	thumb	MysteryGiftServer_Init
0x080ECA34	0x080ECA55	thumb	MysteryGiftServer_Free
0x080ECA58	0x080ECA97	thumb	MysteryGiftServer_InitSend
0x080ECA98	0x080ECAA3	thumb	MysteryGiftServer_GetSendData
0x080ECAA4	0x080ECAB5	thumb	MysteryGiftServer_Compare
0x080ECAB8	0x080ECABF	thumb	Server_Init
0x080ECAC0	0x080ECAC3	thumb	Server_Done
0x080ECAC4	0x080ECADD	thumb	Server_Recv
0x080ECAE0	0x080ECAF9	thumb	Server_Send
0x080ECAFC	0x080ED00B	thumb	Server_Run
0x080ED00C	0x080ED063	thumb	MysteryGiftServer_CallFunc
0x080ED068	0x080ED0F3	thumb	WonderCard_Init
0x080ED0F4	0x080ED11F	thumb	WonderCard_Destroy
0x080ED120	0x080ED2EF	thumb	WonderCard_Enter
0x080ED2F0	0x080ED40F	thumb	WonderCard_Exit
0x080ED410	0x080ED63B	thumb	BufferCardText
0x080ED63C	0x080ED903	thumb	DrawCardWindow
0x080ED904	0x080EDA63	thumb	CreateCardSprites
0x080EDA64	0x080EDAFB	thumb	DestroyCardSprites
0x080EDAFC	0x080EDB53	thumb	WonderNews_Init
0x080EDB54	0x080EDB7F	thumb	WonderNews_Destroy
0x080EDB80	0x080EDE0B	thumb	WonderNews_Enter
0x080EDE0C	0x080EDFA3	thumb	WonderNews_Exit
0x080EDFA4	0x080EDFDB	thumb	WonderNews_RemoveScrollIndicatorArrowPair
0x080EDFDC	0x080EE017	thumb	WonderNews_AddScrollIndicatorArrowPair
0x080EE018	0x080EE0A3	thumb	WonderNews_GetInput
0x080EE0A4	0x080EE14F	thumb	BufferNewsText
0x080EE150	0x080EE25B	thumb	DrawNewsWindows
0x080EE25C	0x080EE307	thumb	UpdateNewsScroll
0x080EE308	0x080EE357	thumb	ClearMysteryGift
0x080EE358	0x080EE36B	thumb	GetSavedWonderNews
0x080EE36C	0x080EE37F	thumb	GetSavedWonderCard
0x080EE380	0x080EE393	thumb	GetSavedWonderCardMetadata
0x080EE394	0x080EE3A7	thumb	GetSavedWonderNewsMetadata
0x080EE3A8	0x080EE3BB	thumb	GetQuestionnaireWordsPtr
0x080EE3BC	0x080EE3F3	thumb	ClearSavedWonderNewsAndRelated
0x080EE3F4	0x080EE467	thumb	SaveWonderNews
0x080EE468	0x080EE4A3	thumb	ValidateSavedWonderNews
0x080EE4A4	0x080EE4AB	thumb	ValidateWonderNews
0x080EE4AC	0x080EE4C7	thumb	IsSendingSavedWonderNewsAllowed
0x080EE4C8	0x080EE4FF	thumb	ClearSavedWonderNews
0x080EE500	0x080EE52F	thumb	ClearSavedWonderNewsMetadata
0x080EE530	0x080EE58B	thumb	IsWonderNewsSameAsSaved
0x080EE58C	0x080EE61F	thumb	ClearSavedWonderCardAndRelated
0x080EE620	0x080EE69F	thumb	SaveWonderCard
0x080EE6A0	0x080EE6EB	thumb	ValidateSavedWonderCard
0x080EE6EC	0x080EE71F	thumb	ValidateWonderCard
0x080EE720	0x080EE73F	thumb	IsSendingSavedWonderCardAllowed
0x080EE740	0x080EE777	thumb	ClearSavedWonderCard
0x080EE778	0x080EE7AF	thumb	ClearSavedWonderCardMetadata
0x080EE7B0	0x080EE7D3	thumb	GetWonderCardFlagId
0x080EE7D4	0x080EE7E5	thumb	DisableWonderCardSending
0x080EE7E8	0x080EE7FF	thumb	IsWonderCardFlagIDInValidRange
0x080EE800	0x080EE84B	thumb	IsSavedWonderCardGiftNotReceived
0x080EE84C	0x080EE879	thumb	GetNumStampsInMetadata
0x080EE87C	0x080EE8AB	thumb	IsStampInMetadata
0x080EE8AC	0x080EE8C9	thumb	ValidateStamp
0x080EE8CC	0x080EE923	thumb	GetNumStampsInSavedCard
0x080EE924	0x080EE9B3	thumb	MysteryGift_TrySaveStamp
0x080EE9B4	0x080EEAA3	thumb	MysteryGift_LoadLinkGameData
0x080EEAA4	0x080EEADB	thumb	MysteryGift_ValidateLinkGameData
0x080EEADC	0x080EEAF1	thumb	MysteryGift_CompareCardFlags
0x080EEAF4	0x080EEB55	thumb	MysteryGift_CheckStamps
0x080EEB58	0x080EEB77	thumb	MysteryGift_DoesQuestionnaireMatch
0x080EEB78	0x080EEBA9	thumb	GetNumStampsInLinkData
0x080EEBAC	0x080EEC1B	thumb	MysteryGift_GetCardStatFromLinkData
0x080EEC1C	0x080EEC9B	thumb	IncrementCardStat
0x080EEC9C	0x080EED5F	thumb	MysteryGift_GetCardStat
0x080EED60	0x080EED6B	thumb	MysteryGift_DisableStats
0x080EED6C	0x080EEDAB	thumb	MysteryGift_TryEnableStatsByFlagId
0x080EEDAC	0x080EEF33	thumb	MysteryGift_TryIncrementStat
0x080EEF34	0x080EEF5F	thumb	ClearSavedTrainerIds
0x080EEF60	0x080EEFB1	thumb	RecordTrainerId
0x080EEFB4	0x080EEFD3	thumb	IncrementCardStatForNewTrainer
0x080EEFD4	0x080EF04F	thumb	DoNamingScreen
0x080EF050	0x080EF177	thumb	CB2_LoadNamingScreen
0x080EF178	0x080EF21F	thumb	NamingScreen_Init
0x080EF220	0x080EF273	thumb	SetSpritesVisible
0x080EF274	0x080EF41B	thumb	NamingScreen_InitBGs
0x080EF41C	0x080EF443	thumb	CreateNamingScreenTask
0x080EF444	0x080EF503	thumb	Task_NamingScreen
0x080EF504	0x080EF513	thumb	PageToNextGfxId
0x080EF514	0x080EF52F	thumb	CurrentPageToNextKeyboardId
0x080EF530	0x080EF54B	thumb	CurrentPageToKeyboardId
0x080EF54C	0x080EF617	thumb	MainState_FadeIn
0x080EF618	0x080EF62F	thumb	MainState_WaitFadeIn
0x080EF630	0x080EF639	thumb	MainState_HandleInput
0x080EF63C	0x080EF6B3	thumb	MainState_MoveToOKButton
0x080EF6B4	0x080EF743	thumb	MainState_PressedOKButton
0x080EF744	0x080EF777	thumb	MainState_FadeOut
0x080EF778	0x080EF78F	thumb	MainState_Exit
0x080EF790	0x080EF887	thumb	DisplaySentToPCMessage
0x080EF888	0x080EF8BB	thumb	MainState_WaitSentToPCMessage
0x080EF8BC	0x080EF97B	thumb	MainState_StartPageSwap
0x080EF97C	0x080EFA73	thumb	MainState_WaitPageSwap
0x080EFA74	0x080EFAAF	thumb	StartPageSwapAnim
0x080EFAB0	0x080EFAE3	thumb	Task_HandlePageSwapAnim
0x080EFAE4	0x080EFAFB	thumb	IsPageSwapAnimNotInProgress
0x080EFAFC	0x080EFB17	thumb	PageSwapAnimState_Init
0x080EFB18	0x080EFBAB	thumb	PageSwapAnimState_1
0x080EFBAC	0x080EFC2F	thumb	PageSwapAnimState_2
0x080EFC30	0x080EFC47	thumb	PageSwapAnimState_Done
0x080EFC48	0x080EFC6B	thumb	CreateButtonFlashTask
0x080EFC6C	0x080EFD0F	thumb	TryStartButtonFlash
0x080EFD10	0x080EFDC7	thumb	Task_UpdateButtonFlash
0x080EFDC8	0x080EFE15	thumb	GetButtonPalOffset
0x080EFE18	0x080EFE37	thumb	RestoreButtonColor
0x080EFE38	0x080EFE57	thumb	StartButtonFlash
0x080EFE58	0x080EFF4F	thumb	SpriteCB_Cursor
0x080EFF50	0x080EFF8F	thumb	SpriteCB_InputArrow
0x080EFF90	0x080F002B	thumb	SpriteCB_Underscore
0x080F002C	0x080F0063	thumb	CreateSprites
0x080F0064	0x080F00DF	thumb	CreateCursorSprite
0x080F00E0	0x080F014F	thumb	SetCursorPos
0x080F0150	0x080F0183	thumb	GetCursorPos
0x080F0184	0x080F01DB	thumb	MoveCursorToOKButton
0x080F01DC	0x080F0213	thumb	SetCursorInvisibility
0x080F0214	0x080F0243	thumb	SetCursorFlashing
0x080F0244	0x080F026F	thumb	SquishCursor
0x080F0270	0x080F0297	thumb	IsCursorAnimFinished
0x080F0298	0x080F02EB	thumb	GetKeyRoleAtCursorPos
0x080F02EC	0x080F030F	thumb	GetCurrentPageColumnCount
0x080F0310	0x080F03B7	thumb	CreatePageSwapButtonSprites
0x080F03B8	0x080F03E7	thumb	StartPageSwapButtonAnim
0x080F03E8	0x080F040B	thumb	SpriteCB_PageSwap
0x080F040C	0x080F049F	thumb	PageSwapSprite_Init
0x080F04A0	0x080F04A3	thumb	PageSwapSprite_Idle
0x080F04A4	0x080F054B	thumb	PageSwapSprite_SlideOff
0x080F054C	0x080F058B	thumb	PageSwapSprite_SlideOn
0x080F058C	0x080F05D3	thumb	SetPageSwapButtonGfx
0x080F05D4	0x080F063B	thumb	CreateBackOkSprites
0x080F063C	0x080F0703	thumb	CreateTextEntrySprites
0x080F0704	0x080F072B	thumb	CreateInputTargetIcon
0x080F072C	0x080F072D	thumb	NamingScreen_NoIcon
0x080F0730	0x080F077F	thumb	NamingScreen_CreatePlayerIcon
0x080F0780	0x080F07BB	thumb	NamingScreen_CreatePCIcon
0x080F07BC	0x080F080F	thumb	NamingScreen_CreateMonIcon
0x080F0810	0x080F088B	thumb	NamingScreen_CreateRivalIcon
0x080F088C	0x080F0937	thumb	HandleKeyboardEvent
0x080F0938	0x080F09F3	thumb	KeyboardKeyHandler_Character
0x080F09F4	0x080F0A23	thumb	KeyboardKeyHandler_Page
0x080F0A24	0x080F0A45	thumb	KeyboardKeyHandler_Backspace
0x080F0A48	0x080F0A7F	thumb	KeyboardKeyHandler_OK
0x080F0A80	0x080F0A97	thumb	SwapKeyboardPage
0x080F0A98	0x080F0AAB	thumb	CreateInputHandlerTask
0x080F0AAC	0x080F0ACB	thumb	GetInputEvent
0x080F0ACC	0x080F0AF3	thumb	SetInputState
0x080F0AF4	0x080F0B1F	thumb	Task_HandleInput
0x080F0B20	0x080F0B25	thumb	Input_Disabled
0x080F0B28	0x080F0B67	thumb	Input_Enabled
0x080F0B68	0x080F0CD7	thumb	HandleDpadMovement
0x080F0CD8	0x080F0D1F	thumb	DrawNormalTextEntryBox
0x080F0D20	0x080F0D93	thumb	DrawMonTextEntryBox
0x080F0D94	0x080F0DB7	thumb	DrawTextEntryBox
0x080F0DB8	0x080F0DDF	thumb	TryDrawGenderIcon
0x080F0DE0	0x080F0DE1	thumb	DummyGenderIcon
0x080F0DE4	0x080F0E4F	thumb	DrawGenderIcon
0x080F0E50	0x080F0E87	thumb	GetCharAtKeyboardPos
0x080F0E88	0x080F0EC7	thumb	GetTextEntryPosition
0x080F0EC8	0x080F0EFF	thumb	GetPreviousTextCaretPosition
0x080F0F00	0x080F0FBB	thumb	DeleteTextCharacter
0x080F0FBC	0x080F1087	thumb	AddTextCharacter
0x080F1088	0x080F10D7	thumb	BufferCharacter
0x080F10D8	0x080F1123	thumb	SaveInputText
0x080F1124	0x080F1197	thumb	LoadGfx
0x080F1198	0x080F11C7	thumb	CreateHelperTasks
0x080F11C8	0x080F11F7	thumb	LoadPalettes
0x080F11F8	0x080F1209	thumb	DecompressToBgTilemapBuffer
0x080F120C	0x080F1313	thumb	DrawTextEntry
0x080F1314	0x080F137B	thumb	PrintKeyboardKeys
0x080F137C	0x080F13EF	thumb	DrawKeyboardPageOnDeck
0x080F13F0	0x080F146B	thumb	PrintControls
0x080F146C	0x080F1481	thumb	CB2_NamingScreen
0x080F1484	0x080F1495	thumb	ResetVHBlank
0x080F1498	0x080F14A7	thumb	SetVBlank
0x080F14A8	0x080F1527	thumb	VBlankCB_NamingScreen
0x080F1528	0x080F1545	thumb	NamingScreen_ShowBgs
0x080F1548	0x080F1573	thumb	IsWideLetter
0x080F1574	0x080F15E7	thumb	Debug_NamingScreenPlayer
0x080F15E8	0x080F165B	thumb	Debug_NamingScreenBox
0x080F165C	0x080F16CF	thumb	Debug_NamingScreenCaughtMon
0x080F16D0	0x080F1743	thumb	Debug_NamingScreenNickname
0x080F1744	0x080F17B7	thumb	Debug_NamingScreenRival
0x080F17B8	0x080F1807	thumb	MainState_Exit.part.0
0x080F1808	0x080F1863	thumb	MainState_WaitFadeIn.part.0
0x080F1868	0x080F1877	thumb	SetTrainerId
0x080F1878	0x080F1885	thumb	CopyTrainerId
0x080F1888	0x080F18B3	thumb	InitPlayerTrainerId
0x080F18B4	0x080F18D3	thumb	SetDefaultOptions
0x080F18D4	0x080F18FB	thumb	ClearPokedexFlags
0x080F18FC	0x080F191F	thumb	ClearBattleTower
0x080F1920	0x080F193D	thumb	WarpToPlayersRoom
0x080F1940	0x080F1967	thumb	Sav2_ClearSetDefault
0x080F1968	0x080F199B	thumb	ResetMenuAndMonGlobals
0x080F199C	0x080F1B03	thumb	NewGameInitData
0x080F1B04	0x080F1B5F	thumb	ResetMiniGamesResults
0x080F1B60	0x080F1B6B	thumb	ClearScheduledBgCopiesToVram
0x080F1B6C	0x080F1B7B	thumb	ScheduleBgCopyTilemapToVram
0x080F1B7C	0x080F1BDF	thumb	DoScheduledBgTilemapCopiesToVram
0x080F1BE0	0x080F1BFF	thumb	ResetTempTileDataBuffers
0x080F1C00	0x080F1C4B	thumb	FreeTempTileDataBuffersIfPossible
0x080F1C4C	0x080F1CF7	thumb	DecompressAndCopyTileDataToVram
0x080F1CF8	0x080F1D9F	thumb	DecompressAndCopyTileDataToVram2
0x080F1DA0	0x080F1E3F	thumb	DecompressAndLoadBgGfxUsingHeap
0x080F1E40	0x080F1EDB	thumb	DecompressAndLoadBgGfxUsingHeap2
0x080F1EDC	0x080F1F17	thumb	TaskFreeBufAfterCopyingTileDataToVram
0x080F1F18	0x080F1F45	thumb	MallocAndDecompress
0x080F1F48	0x080F1F6F	thumb	CopyDecompressedTileDataToVram
0x080F1F70	0x080F1FEF	thumb	SetBgTilemapPalette
0x080F1FF0	0x080F206B	thumb	CopyToBufferFromBgTilemap
0x080F206C	0x080F20C1	thumb	ResetBgPositions
0x080F20C4	0x080F20E3	thumb	InitStandardTextBoxWindows
0x080F20E4	0x080F20ED	thumb	FreeAllOverworldWindowBuffers
0x080F20F0	0x080F2111	thumb	InitTextBoxGfxAndPrinters
0x080F2114	0x080F2123	thumb	RunTextPrinters_CheckPrinter0Active
0x080F2124	0x080F217B	thumb	AddTextPrinterParameterized2
0x080F217C	0x080F2257	thumb	AddTextPrinterDiffStyle
0x080F2258	0x080F22CF	thumb	AddTextPrinterForMessage
0x080F22D0	0x080F231F	thumb	AddTextPrinterWithCustomSpeedForMessage
0x080F2320	0x080F2373	thumb	LoadStdWindowFrameGfx
0x080F2374	0x080F23AB	thumb	DrawDialogueFrame
0x080F23AC	0x080F23E3	thumb	DrawStdWindowFrame
0x080F23E4	0x080F2433	thumb	ClearDialogWindowAndFrame
0x080F2434	0x080F246B	thumb	ClearStdWindowAndFrame
0x080F246C	0x080F25AB	thumb	WindowFunc_DrawStandardFrame
0x080F25AC	0x080F2A13	thumb	WindowFunc_DrawDialogueFrame
0x080F2A14	0x080F2A57	thumb	WindowFunc_ClearStdWindowAndFrame
0x080F2A58	0x080F2AA5	thumb	WindowFunc_ClearDialogWindowAndFrame
0x080F2AA8	0x080F2AD9	thumb	EraseFieldMessageBox
0x080F2ADC	0x080F2AF3	thumb	SetStdWindowBorderStyle
0x080F2AF4	0x080F2B43	thumb	LoadMessageBoxAndFrameGfx
0x080F2B44	0x080F2B57	thumb	Menu_LoadStdPal
0x080F2B58	0x080F2B6F	thumb	Menu_LoadStdPalAt
0x080F2B70	0x080F2B77	thumb	GetStdMenuPalette
0x080F2B78	0x080F2B93	thumb	GetStdPalColor
0x080F2B94	0x080F2BF7	thumb	DisplayItemMessageOnField
0x080F2BF8	0x080F2C1F	thumb	DisplayYesNoMenuDefaultYes
0x080F2C20	0x080F2C47	thumb	DisplayYesNoMenuDefaultNo
0x080F2C48	0x080F2C73	thumb	GetTextSpeedSetting
0x080F2C74	0x080F2CCF	thumb	CreateStartMenuWindow
0x080F2CD0	0x080F2CDB	thumb	GetStartMenuWindowId
0x080F2CDC	0x080F2CF7	thumb	RemoveStartMenuWindow
0x080F2CF8	0x080F2CFD	thumb	GetDlgWindowBaseTileNum
0x080F2D00	0x080F2D05	thumb	GetStdWindowBaseTileNum
0x080F2D08	0x080F2D27	thumb	DrawHelpMessageWindowWithText
0x080F2D28	0x080F2D33	thumb	DestroyHelpMessageWindow_
0x080F2D34	0x080F2D5F	thumb	LoadSignpostWindowFrameGfx
0x080F2D60	0x080F2D6F	thumb	SetDefaultFontsPointer
0x080F2D70	0x080F2E0F	thumb	GetFontAttribute
0x080F2E10	0x080F2E23	thumb	GetMenuCursorDimensionByFont
0x080F2E24	0x080F2E35	thumb	VBlankCB_NewGameScene
0x080F2E38	0x080F2E51	thumb	CB2_NewGameScene
0x080F2E54	0x080F2E83	thumb	StartNewGameScene
0x080F2E84	0x080F31B7	thumb	Task_NewGameScene
0x080F31B8	0x080F3253	thumb	ControlsGuide_LoadPage1
0x080F3254	0x080F3387	thumb	Task_ControlsGuide_LoadPage
0x080F3388	0x080F342F	thumb	Task_ControlsGuide_HandleInput
0x080F3430	0x080F350F	thumb	Task_ControlsGuide_ChangePage
0x080F3510	0x080F35BB	thumb	Task_ControlsGuide_Clear
0x080F35BC	0x080F3717	thumb	Task_PikachuIntro_LoadPage1
0x080F3718	0x080F395B	thumb	Task_PikachuIntro_HandleInput
0x080F395C	0x080F39DB	thumb	Task_PikachuIntro_Clear
0x080F39DC	0x080F3AAB	thumb	Task_OakSpeech_Init
0x080F3AAC	0x080F3B63	thumb	Task_OakSpeech_WelcomeToTheWorld
0x080F3B64	0x080F3C03	thumb	Task_OakSpeech_ThisWorld
0x080F3C04	0x080F3C87	thumb	Task_OakSpeech_ReleaseNidoranFFromPokeBall
0x080F3C88	0x080F3D57	thumb	Task_OakSpeech_IsInhabitedFarAndWide
0x080F3D58	0x080F3DEF	thumb	Task_OakSpeech_IStudyPokemon
0x080F3DF0	0x080F3E5F	thumb	Task_OakSpeech_ReturnNidoranFToPokeBall
0x080F3E60	0x080F3F73	thumb	Task_OakSpeech_TellMeALittleAboutYourself
0x080F3F74	0x080F3FB7	thumb	Task_OakSpeech_FadeOutOak
0x080F3FB8	0x080F408F	thumb	Task_OakSpeech_AskPlayerGender
0x080F4090	0x080F41A3	thumb	Task_OakSpeech_ShowGenderOptions
0x080F41A4	0x080F41E7	thumb	Task_OakSpeech_HandleGenderInput
0x080F41E8	0x080F4247	thumb	Task_OakSpeech_ClearGenderWindows
0x080F4248	0x080F4293	thumb	Task_OakSpeech_LoadPlayerPic
0x080F4294	0x080F434B	thumb	Task_OakSpeech_YourNameWhatIsIt
0x080F434C	0x080F4397	thumb	Task_OakSpeech_FadeOutForPlayerNamingScreen
0x080F4398	0x080F4407	thumb	Task_OakSpeech_MoveRivalDisplayNameOptions
0x080F4408	0x080F44EF	thumb	Task_OakSpeech_RepeatNameQuestion
0x080F44F0	0x080F457B	thumb	Task_OakSpeech_HandleRivalNameInput
0x080F457C	0x080F461F	thumb	Task_OakSpeech_DoNamingScreen
0x080F4620	0x080F46FB	thumb	Task_OakSpeech_ConfirmName
0x080F46FC	0x080F47E3	thumb	Task_OakSpeech_HandleConfirmNameInput
0x080F47E4	0x080F4843	thumb	Task_OakSpeech_FadeOutPlayerPic
0x080F4844	0x080F487F	thumb	Task_OakSpeech_FadeOutRivalPic
0x080F4880	0x080F48C7	thumb	Task_OakSpeech_FadeInRivalPic
0x080F48C8	0x080F4973	thumb	Task_OakSpeech_AskRivalsName
0x080F4974	0x080F4A13	thumb	Task_OakSpeech_ReshowPlayersPic
0x080F4A14	0x080F4A8F	thumb	Task_OakSpeech_LetsGo
0x080F4A90	0x080F4ACF	thumb	Task_OakSpeech_FadeOutBGM
0x080F4AD0	0x080F4B63	thumb	Task_OakSpeech_SetUpExitAnimation
0x080F4B64	0x080F4B9F	thumb	Task_OakSpeech_SetUpShrinkPlayerPic
0x080F4BA0	0x080F4C3F	thumb	Task_OakSpeech_ShrinkPlayerPic
0x080F4C40	0x080F4C7F	thumb	Task_OakSpeech_SetUpDestroyPlatformSprites
0x080F4C80	0x080F4CD7	thumb	Task_OakSpeech_DestroyPlatformSprites
0x080F4CD8	0x080F4D03	thumb	Task_OakSpeech_SetUpFadePlayerPicWhite
0x080F4D04	0x080F4D87	thumb	Task_OakSpeech_FadePlayerPicWhite
0x080F4D88	0x080F4DCB	thumb	Task_OakSpeech_FadePlayerPicToBlack
0x080F4DCC	0x080F4DF3	thumb	Task_OakSpeech_WaitForFade
0x080F4DF4	0x080F4E37	thumb	Task_OakSpeech_FreeResources
0x080F4E38	0x080F50F7	thumb	CB2_ReturnFromNamingScreen
0x080F50F8	0x080F5177	thumb	CreateNidoranFSprite
0x080F5178	0x080F518F	thumb	SpriteCB_Pikachu
0x080F5190	0x080F52DF	thumb	CreatePikachuOrPlatformSprites
0x080F52E0	0x080F5373	thumb	DestroyPikachuOrPlatformSprites
0x080F5374	0x080F5483	thumb	LoadTrainerPic
0x080F5484	0x080F54AB	thumb	ClearTrainerPic
0x080F54AC	0x080F55EB	thumb	Task_SlowFadeIn
0x080F55EC	0x080F566B	thumb	CreateFadeInTask
0x080F566C	0x080F5777	thumb	Task_SlowFadeOut
0x080F5778	0x080F57F7	thumb	CreateFadeOutTask
0x080F57F8	0x080F590F	thumb	PrintNameChoiceOptions
0x080F5910	0x080F59D3	thumb	GetDefaultName
0x080F59D4	0x080F59E9	thumb	CB2_InitOptionMenu
0x080F59EC	0x080F59FD	thumb	VBlankCB_OptionMenu
0x080F5A00	0x080F5ADF	thumb	CB2_OptionsMenuFromStartMenu
0x080F5AE0	0x080F5AF1	thumb	OptionMenu_InitCallbacks
0x080F5AF4	0x080F5B03	thumb	OptionMenu_SetVBlankCallback
0x080F5B04	0x080F5BFB	thumb	CB2_OptionMenu
0x080F5BFC	0x080F5C17	thumb	SetOptionMenuTask
0x080F5C18	0x080F5D5B	thumb	InitOptionMenuBg
0x080F5D5C	0x080F5DF3	thumb	OptionMenu_PickSwitchCancel
0x080F5DF4	0x080F5E0D	thumb	OptionMenu_ResetSpriteData
0x080F5E10	0x080F5E8F	thumb	LoadOptionMenuPalette
0x080F5E90	0x080F5FF7	thumb	Task_OptionMenu
0x080F5FF8	0x080F6147	thumb	OptionMenu_ProcessInput
0x080F6148	0x080F628F	thumb	BufferOptionMenuString
0x080F6290	0x080F6397	thumb	CloseAndSaveOptionMenu
0x080F6398	0x080F6417	thumb	PrintOptionMenuHeader
0x080F6418	0x080F6575	thumb	DrawOptionMenuBg
0x080F6578	0x080F661B	thumb	LoadOptionMenuItemNames
0x080F661C	0x080F6653	thumb	UpdateSettingSelectionDisplay
0x080F6654	0x080F665D	thumb	WriteOrreMapName
0x080F6660	0x080F66CF	thumb	DetermineOrreMetLocation
0x080F66D0	0x080F66F7	thumb	GetOrreMetLocationString
0x080F66F8	0x080F680B	thumb	ResolveOrreMetLocationCollision
0x080F680C	0x080F690F	thumb	CheckNationalDexEligibilityOnSaveLoad
0x080F6910	0x080F6953	thumb	DoCoordsMatchPMCExitMat
0x080F6954	0x080F699F	thumb	DoWhiteOut
0x080F69A0	0x080F69F7	thumb	ComputeWhiteOutMoneyLoss
0x080F69F8	0x080F6A1B	thumb	OverworldWhiteOutGetMoneyLoss
0x080F6A1C	0x080F6A47	thumb	CountBadgesForOverworldWhiteOutLossCalculation
0x080F6A48	0x080F6A51	thumb	Overworld_ResetStateAfterFly
0x080F6A54	0x080F6AC7	thumb	Overworld_ResetStateAfterTeleport
0x080F6AC8	0x080F6AD1	thumb	Overworld_ResetStateAfterDigEscRope
0x080F6AD4	0x080F6ADD	thumb	Overworld_ResetStateAfterWhitingOut
0x080F6AE0	0x080F6B13	thumb	Overworld_ResetStateOnContinue
0x080F6B14	0x080F6B33	thumb	ResetGameStats
0x080F6B34	0x080F6B7B	thumb	IncrementGameStat
0x080F6B7C	0x080F6BAB	thumb	GetGameStat
0x080F6BAC	0x080F6BDF	thumb	SetGameStat
0x080F6BE0	0x080F6C07	thumb	ApplyNewEncryptionKeyToGameStats
0x080F6C08	0x080F6CCF	thumb	LoadObjEventTemplatesFromHeader
0x080F6CD0	0x080F6D03	thumb	LoadSaveblockObjEventScripts
0x080F6D04	0x080F6D3F	thumb	SetObjEventTemplateCoords
0x080F6D40	0x080F6D77	thumb	SetObjEventTemplateMovementType
0x080F6D78	0x080F6DC3	thumb	ResetObjEventTemplateMovementType
0x080F6DC4	0x080F6DEB	thumb	InitMapView
0x080F6DEC	0x080F6E0B	thumb	GetMapLayout
0x080F6E0C	0x080F6E4F	thumb	ApplyCurrentWarp
0x080F6E50	0x080F6E6D	thumb	SetWarpData
0x080F6E70	0x080F6EA1	thumb	IsDummyWarp
0x080F6EA4	0x080F6EB7	thumb	Overworld_GetMapHeaderByGroupAndId
0x080F6EB8	0x080F6EDB	thumb	GetDestinationWarpMapHeader
0x080F6EDC	0x080F6F33	thumb	LoadCurrentMapData
0x080F6F34	0x080F6F87	thumb	LoadSaveblockMapHeader
0x080F6F88	0x080F6FE7	thumb	SetPlayerCoordsFromWarp
0x080F6FE8	0x080F6FF9	thumb	WarpIntoMap
0x080F6FFC	0x080F701F	thumb	SetWarpDestination
0x080F7020	0x080F7033	thumb	SetWarpDestinationToMapWarp
0x080F7034	0x080F7057	thumb	SetDynamicWarp
0x080F7058	0x080F707F	thumb	SetDynamicWarpWithCoords
0x080F7080	0x080F7097	thumb	SetWarpDestinationToDynamicWarp
0x080F7098	0x080F70C7	thumb	SetWarpDestinationToHealLocation
0x080F70C8	0x080F70DF	thumb	SetWarpDestinationToLastHealLocation
0x080F70E0	0x080F70EF	thumb	Overworld_SetWhiteoutRespawnPoint
0x080F70F0	0x080F711B	thumb	SetLastHealLocationWarp
0x080F711C	0x080F71CB	thumb	UpdateEscapeWarp
0x080F71CC	0x080F71F7	thumb	SetEscapeWarp
0x080F71F8	0x080F720F	thumb	SetWarpDestinationToEscapeWarp
0x080F7210	0x080F7233	thumb	SetFixedDiveWarp
0x080F7234	0x080F724B	thumb	SetWarpDestinationToDiveWarp
0x080F724C	0x080F726F	thumb	SetFixedHoleWarp
0x080F7270	0x080F72CF	thumb	SetWarpDestinationToFixedHoleWarp
0x080F72D0	0x080F72E7	thumb	SetWarpDestinationToContinueGameWarp
0x080F72E8	0x080F730B	thumb	SetContinueGameWarp
0x080F730C	0x080F733B	thumb	SetContinueGameWarpToHealLocation
0x080F733C	0x080F734F	thumb	SetContinueGameWarpToDynamicWarp
0x080F7350	0x080F7387	thumb	GetMapConnection
0x080F7388	0x080F7417	thumb	SetDiveWarp
0x080F7418	0x080F742D	thumb	SetDiveWarpEmerge
0x080F7430	0x080F7445	thumb	SetDiveWarpDive
0x080F7448	0x080F755B	thumb	LoadMapFromCameraTransition
0x080F755C	0x080F766B	thumb	LoadMapFromWarp
0x080F766C	0x080F76E3	thumb	QL_LoadMapNormal
0x080F76E4	0x080F76F7	thumb	ResetInitialPlayerAvatarState
0x080F76F8	0x080F7707	thumb	SetInitialPlayerAvatarStateWithDirection
0x080F7708	0x080F775B	thumb	StoreInitialPlayerAvatarState
0x080F775C	0x080F77C7	thumb	GetInitialPlayerAvatarState
0x080F77C8	0x080F7847	thumb	GetAdjustedInitialTransitionFlags
0x080F7848	0x080F787F	thumb	MetatileBehavior_IsSurfableInSeafoamIslands
0x080F7880	0x080F794F	thumb	GetAdjustedInitialDirection
0x080F7950	0x080F7977	thumb	GetCenterScreenMetatileBehavior
0x080F7978	0x080F7987	thumb	Overworld_IsBikingAllowed
0x080F7988	0x080F79CF	thumb	SetDefaultFlashLevel
0x080F79D0	0x080F79F7	thumb	SetFlashLevel
0x080F79F8	0x080F7A07	thumb	Overworld_GetFlashLevel
0x080F7A08	0x080F7A33	thumb	SetCurrentMapLayout
0x080F7A34	0x080F7A43	thumb	Overworld_SetWarpDestinationFromWarp
0x080F7A44	0x080F7A7B	thumb	GetLocationMusic
0x080F7A7C	0x080F7AD7	thumb	GetCurrLocationDefaultMusic
0x080F7AD8	0x080F7B33	thumb	GetWarpDestinationMusic
0x080F7B34	0x080F7B3D	thumb	Overworld_ResetMapMusic
0x080F7B40	0x080F7BFB	thumb	Overworld_PlaySpecialMapMusic
0x080F7BFC	0x080F7C07	thumb	Overworld_SetSavedMusic
0x080F7C08	0x080F7C17	thumb	Overworld_ClearSavedMusic
0x080F7C18	0x080F7CAB	thumb	Overworld_TryMapConnectionMusicTransition
0x080F7CAC	0x080F7CCB	thumb	Overworld_ChangeMusicToDefault
0x080F7CCC	0x080F7CE7	thumb	Overworld_ChangeMusicTo
0x080F7CE8	0x080F7D1F	thumb	GetMapMusicFadeoutSpeed
0x080F7D20	0x080F7D97	thumb	TryFadeOutOldMapMusic
0x080F7D98	0x080F7DA1	thumb	BGMusicStopped
0x080F7DA4	0x080F7DAF	thumb	Overworld_FadeOutMapMusic
0x080F7DB0	0x080F7E3B	thumb	PlayAmbientCry
0x080F7E3C	0x080F7F17	thumb	UpdateAmbientCry
0x080F7F18	0x080F7F2F	thumb	ChooseAmbientCrySpecies
0x080F7F30	0x080F7F77	thumb	Overworld_MusicCanOverrideMapMusic
0x080F7F78	0x080F7F93	thumb	GetMapTypeByGroupAndId
0x080F7F94	0x080F7FB3	thumb	GetMapTypeByWarpData
0x080F7FB4	0x080F7FDB	thumb	GetCurrentMapType
0x080F7FDC	0x080F8003	thumb	GetLastUsedWarpMapType
0x080F8004	0x080F802B	thumb	GetLastUsedWarpMapSectionId
0x080F802C	0x080F8051	thumb	IsMapTypeOutdoors
0x080F8054	0x080F80A3	thumb	Overworld_MapTypeAllowsTeleportAndFly
0x080F80A4	0x080F80B9	thumb	IsMapTypeIndoors
0x080F80BC	0x080F80E3	thumb	GetSavedWarpRegionMapSectionId
0x080F80E4	0x080F810B	thumb	GetCurrentRegionMapSectionId
0x080F810C	0x080F8133	thumb	GetCurrentMapBattleScene
0x080F8134	0x080F81CB	thumb	InitOverworldBgs
0x080F81CC	0x080F825B	thumb	InitOverworldBgs_NoResetHeap
0x080F825C	0x080F828B	thumb	CleanupOverworldWindowsAndTilemaps
0x080F828C	0x080F8295	thumb	ResetSafariZoneFlag_
0x080F8298	0x080F82AF	thumb	IsUpdateLinkStateCBActive
0x080F82B0	0x080F8327	thumb	DoCB1_Overworld
0x080F8328	0x080F8387	thumb	DoCB1_Overworld_QuestLogPlayback
0x080F8388	0x080F83C7	thumb	CB1_Overworld
0x080F83C8	0x080F8401	thumb	OverworldBasic
0x080F8404	0x080F843D	thumb	CB2_OverworldBasic
0x080F8440	0x080F84CB	thumb	CB2_Overworld
0x080F84CC	0x080F84D7	thumb	SetMainCallback1
0x080F84D8	0x080F851B	thumb	RunFieldCallback
0x080F851C	0x080F85D3	thumb	CB2_NewGame
0x080F85D4	0x080F86CF	thumb	CB2_WhiteOut
0x080F86D0	0x080F86FF	thumb	CB2_LoadMap
0x080F8700	0x080F874F	thumb	CB2_LoadMap2
0x080F8750	0x080F8773	thumb	CB2_ReturnToFieldCableClub
0x080F8774	0x080F87DB	thumb	CB2_LoadMapOnReturnToFieldCableClub
0x080F87DC	0x080F880F	thumb	CB2_ReturnToField
0x080F8810	0x080F883B	thumb	CB2_ReturnToFieldLocal
0x080F883C	0x080F888F	thumb	CB2_ReturnToFieldLink
0x080F8890	0x080F891F	thumb	CB2_ReturnToFieldFromMultiplayer
0x080F8920	0x080F8963	thumb	CB2_ReturnToFieldWithOpenMenu
0x080F8964	0x080F89A7	thumb	CB2_ReturnToFieldContinueScript
0x080F89A8	0x080F89EB	thumb	CB2_ReturnToFieldContinueScriptPlayMapMusic
0x080F89EC	0x080F8A2F	thumb	CB2_ReturnToFieldFromDiploma
0x080F8A30	0x080F8A53	thumb	FieldCB_ShowMapNameOnContinue
0x080F8A54	0x080F8B4B	thumb	CB2_ContinueSavedGame
0x080F8B4C	0x080F8B93	thumb	FieldClearVBlankHBlankCallbacks
0x080F8B94	0x080F8BA3	thumb	SetFieldVBlankCallback
0x080F8BA4	0x080F8BC1	thumb	VBlankCB_Field
0x080F8BC4	0x080F8BFF	thumb	InitCurrentFlashLevelScanlineEffect
0x080F8C00	0x080F8D9F	thumb	LoadMapInStepsLink
0x080F8DA0	0x080F8F17	thumb	LoadMapInStepsLocal
0x080F8F18	0x080F8FF7	thumb	ReturnToFieldLocal
0x080F8FF8	0x080F9183	thumb	ReturnToFieldLink
0x080F9184	0x080F9199	thumb	DoMapLoadLoop
0x080F919C	0x080F91A5	thumb	MoveSaveBlocks_ResetHeap_
0x080F91A8	0x080F923B	thumb	ResetScreenForMapLoad
0x080F923C	0x080F926B	thumb	InitViewGraphics
0x080F926C	0x080F936B	thumb	InitOverworldGraphicsRegisters
0x080F936C	0x080F93C3	thumb	ResumeMap
0x080F93C4	0x080F93EB	thumb	InitObjectEventsLink
0x080F93EC	0x080F945B	thumb	InitObjectEventsLocal
0x080F945C	0x080F946D	thumb	ReloadObjectsAndRunReturnToFieldMapScript
0x080F9470	0x080F949B	thumb	SetCameraToTrackPlayer
0x080F949C	0x080F94CB	thumb	SetCameraToTrackGuestPlayer
0x080F94CC	0x080F94FB	thumb	SetCameraToTrackGuestPlayer_2
0x080F94FC	0x080F952B	thumb	OffsetCameraFocusByLinkPlayerId
0x080F952C	0x080F95AF	thumb	SpawnLinkPlayers
0x080F95B0	0x080F95DF	thumb	CreateLinkPlayerSprites
0x080F95E0	0x080F961B	thumb	CB2_SetUpOverworldForQLPlaybackWithWarpExit
0x080F961C	0x080F964F	thumb	CB2_SetUpOverworldForQLPlayback
0x080F9650	0x080F968F	thumb	CB2_LoadMapForQLPlayback
0x080F9690	0x080F96A3	thumb	DoLoadMap_QLPlayback
0x080F96A4	0x080F97FF	thumb	LoadMap_QLPlayback
0x080F9800	0x080F98EB	thumb	CB2_EnterFieldFromQuestLog
0x080F98EC	0x080F994F	thumb	Overworld_CreditsMainCB
0x080F9950	0x080F995B	thumb	FieldCB2_Credits_WaitFade
0x080F995C	0x080F9977	thumb	Overworld_DoScrollSceneForCredits
0x080F9978	0x080F9A5B	thumb	SetUpScrollSceneForCredits
0x080F9A5C	0x080F9B23	thumb	MapLdr_Credits
0x080F9B24	0x080F9BC7	thumb	CameraCB_CreditsPan
0x080F9BC8	0x080F9BFF	thumb	Task_OvwldCredits_FadeOut
0x080F9C00	0x080F9C4F	thumb	Task_OvwldCredits_WaitFade
0x080F9C50	0x080F9CA7	thumb	CB1_UpdateLinkState
0x080F9CA8	0x080F9CCF	thumb	ResetAllMultiplayerState
0x080F9CD0	0x080F9CE3	thumb	ClearAllPlayerKeys
0x080F9CE4	0x080F9CF7	thumb	SetKeyInterceptCallback
0x080F9CF8	0x080F9D23	thumb	CheckRfuKeepAliveTimer
0x080F9D24	0x080F9D33	thumb	ResetAllLinkStates
0x080F9D34	0x080F9D67	thumb	AreAllPlayersInLinkState
0x080F9D68	0x080F9D9B	thumb	IsAnyPlayerInLinkState
0x080F9D9C	0x080F9FAF	thumb	HandleLinkPlayerKeyInput
0x080F9FB0	0x080FA093	thumb	UpdateAllLinkPlayers
0x080FA094	0x080FA10F	thumb	UpdateHeldKeyCode
0x080FA110	0x080FA14F	thumb	KeyInterCB_ReadButtons
0x080FA150	0x080FA16F	thumb	GetDirectionForDpadKey
0x080FA170	0x080FA17B	thumb	ResetPlayerHeldKeys
0x080FA17C	0x080FA1D3	thumb	KeyInterCB_SelfIdle
0x080FA1D4	0x080FA203	thumb	KeyInterCB_Idle
0x080FA204	0x080FA22F	thumb	KeyInterCB_DeferToEventScript
0x080FA230	0x080FA263	thumb	KeyInterCB_DeferToRecvQueue
0x080FA264	0x080FA2BF	thumb	KeyInterCB_DeferToSendQueue
0x080FA2C0	0x080FA2EF	thumb	KeyInterCB_DoNothingAndKeepAlive
0x080FA2F0	0x080FA34F	thumb	KeyInterCB_Ready
0x080FA350	0x080FA36B	thumb	KeyInterCB_SetReady
0x080FA36C	0x080FA36F	thumb	KeyInterCB_SendNothing
0x080FA370	0x080FA3E7	thumb	KeyInterCB_WaitForPlayersToExit
0x080FA3E8	0x080FA403	thumb	KeyInterCB_SendExitRoomKey
0x080FA404	0x080FA407	thumb	KeyInterCB_SendNothing_2
0x080FA408	0x080FA4B7	thumb	GetCableClubPartnersReady
0x080FA4B8	0x080FA4E3	thumb	IsAnyPlayerExitingCableClub
0x080FA4E4	0x080FA4FF	thumb	SetInCableClubSeat
0x080FA500	0x080FA51B	thumb	SetLinkWaitingForScript
0x080FA51C	0x080FA537	thumb	QueueExitLinkRoomKey
0x080FA538	0x080FA553	thumb	SetStartedCableClubActivity
0x080FA554	0x080FA5AB	thumb	LoadCableClubPlayer
0x080FA5AC	0x080FA5B7	thumb	IsCableClubPlayerUnfrozen
0x080FA5B8	0x080FA5C3	thumb	CanCableClubPlayerPressStart
0x080FA5C4	0x080FA5D9	thumb	TryGetTileEventScript
0x080FA5DC	0x080FA603	thumb	PlayerIsAtSouthExit
0x080FA604	0x080FA68F	thumb	TryInteractWithPlayer
0x080FA690	0x080FA71B	thumb	GetDirectionForEventScript
0x080FA71C	0x080FA725	thumb	InitLinkPlayerQueueScript
0x080FA728	0x080FA73B	thumb	InitLinkRoomStartMenuScript
0x080FA73C	0x080FA755	thumb	RunInteractLocalPlayerScript
0x080FA758	0x080FA773	thumb	CreateConfirmLeaveTradeRoomPrompt
0x080FA774	0x080FA78D	thumb	InitMenuBasedScript
0x080FA790	0x080FA7A3	thumb	RunTerminateLinkScript
0x080FA7A4	0x080FA7D3	thumb	Overworld_LinkRecvQueueLengthMoreThan2
0x080FA7D4	0x080FA83F	thumb	Overworld_RecvKeysFromLinkIsRunning
0x080FA840	0x080FA8A7	thumb	Overworld_SendKeysToLinkIsRunning
0x080FA8A8	0x080FA8C3	thumb	IsSendingKeysOverCable
0x080FA8C4	0x080FA8EF	thumb	GetLinkSendQueueLength
0x080FA8F0	0x080FA8FD	thumb	ZeroLinkPlayerObjectEvent
0x080FA900	0x080FA913	thumb	ClearLinkPlayerObjectEvents
0x080FA914	0x080FA921	thumb	ZeroObjectEvent
0x080FA924	0x080FA9EF	thumb	SpawnLinkPlayerObjectEvent
0x080FA9F0	0x080FAA27	thumb	InitLinkPlayerObjectEventPos
0x080FAA28	0x080FAA53	thumb	SetLinkPlayerObjectRange
0x080FAA54	0x080FAAAB	thumb	DestroyLinkPlayerObject
0x080FAAAC	0x080FAACB	thumb	GetSpriteForLinkedPlayer
0x080FAACC	0x080FAAF7	thumb	GetLinkPlayerCoords
0x080FAAF8	0x080FAB17	thumb	GetLinkPlayerFacingDirection
0x080FAB18	0x080FAB3B	thumb	GetLinkPlayerElevation
0x080FAB3C	0x080FAB5F	thumb	GetLinkPlayerObjectStepTimer
0x080FAB60	0x080FABB7	thumb	GetLinkPlayerIdAt
0x080FABB8	0x080FAC23	thumb	SetPlayerFacingDirection
0x080FAC24	0x080FAC3F	thumb	MovementEventModeCB_Normal
0x080FAC40	0x080FAC43	thumb	MovementEventModeCB_Ignored
0x080FAC44	0x080FAC5F	thumb	MovementEventModeCB_Normal_2
0x080FAC60	0x080FAC63	thumb	FacingHandler_DoNothing
0x080FAC64	0x080FACEB	thumb	FacingHandler_DpadMovement
0x080FACEC	0x080FAD17	thumb	FacingHandler_ForcedFacingChange
0x080FAD18	0x080FAD1D	thumb	MovementStatusHandler_EnterFreeMode
0x080FAD20	0x080FAD55	thumb	MovementStatusHandler_TryAdvanceScript
0x080FAD58	0x080FAD7F	thumb	FlipVerticalAndClearForced
0x080FAD80	0x080FADDB	thumb	LinkPlayerDetectCollision
0x080FADDC	0x080FAE73	thumb	CreateLinkPlayerSprite
0x080FAE74	0x080FAF2F	thumb	SpriteCB_LinkPlayer
0x080FAF34	0x080FAF49	thumb	RouletteFlash_Reset
0x080FAF4C	0x080FAFCD	thumb	RouletteFlash_Add
0x080FAFD0	0x080FAFFF	thumb	RouletteFlash_Remove
0x080FB000	0x080FB207	thumb	RouletteFlash_FadePalette
0x080FB208	0x080FB283	thumb	RouletteFlash_FlashPalette
0x080FB284	0x080FB2D9	thumb	RouletteFlash_Run
0x080FB2DC	0x080FB32F	thumb	RouletteFlash_Enable
0x080FB330	0x080FB3EF	thumb	RouletteFlash_Stop
0x080FB3F0	0x080FB417	thumb	InitPulseBlend
0x080FB418	0x080FB467	thumb	InitPulseBlendPaletteSettings
0x080FB468	0x080FB4B7	thumb	ClearPulseBlendPalettesSettings
0x080FB4B8	0x080FB519	thumb	UnloadUsedPulseBlendPalettes
0x080FB51C	0x080FB583	thumb	MarkUsedPulseBlendPalettes
0x080FB584	0x080FB69F	thumb	UnmarkUsedPulseBlendPalettes
0x080FB6A0	0x080FB82B	thumb	UpdatePulseBlend
0x080FB82C	0x080FB877	thumb	FillTilemapRect
0x080FB878	0x080FB8CF	thumb	SetTilemapRect
0x080FB8D0	0x080FB90F	thumb	LoadCompressedPalette
0x080FB910	0x080FB93F	thumb	LoadPalette
0x080FB940	0x080FB983	thumb	FillPalette
0x080FB984	0x080FB9DF	thumb	TransferPlttBuffer
0x080FB9E0	0x080FBA63	thumb	UpdatePaletteFade
0x080FBA64	0x080FBAC7	thumb	ResetPaletteFade
0x080FBAC8	0x080FBAF3	thumb	ReadPlttIntoBuffers
0x080FBAF4	0x080FBB2B	thumb	BeginNormalPaletteFade
0x080FBB2C	0x080FBB97	thumb	BeginPlttFade
0x080FBB98	0x080FBC43	thumb	PaletteStruct_Run
0x080FBC44	0x080FBD4F	thumb	PaletteStruct_Copy
0x080FBD50	0x080FBD67	thumb	PaletteStruct_Blend
0x080FBD68	0x080FBDEF	thumb	PaletteStruct_TryEnd
0x080FBDF0	0x080FBE3F	thumb	PaletteStruct_ResetById
0x080FBE40	0x080FBE73	thumb	PaletteStruct_Reset
0x080FBE74	0x080FBE93	thumb	ResetPaletteFadeControl
0x080FBE94	0x080FBECB	thumb	PaletteStruct_SetUnusedFlag
0x080FBECC	0x080FBF03	thumb	PaletteStruct_ClearUnusedFlag
0x080FBF04	0x080FBF2B	thumb	PaletteStruct_GetPalNum
0x080FBF2C	0x080FC067	thumb	UpdateNormalPaletteFade
0x080FC068	0x080FC09B	thumb	InvertPlttBuffer
0x080FC09C	0x080FC13B	thumb	TintPlttBuffer
0x080FC13C	0x080FC17B	thumb	UnfadePlttBuffer
0x080FC17C	0x080FC1F7	thumb	BeginFastPaletteFade
0x080FC1F8	0x080FC26F	thumb	BeginFastPaletteFadeInternal
0x080FC270	0x080FC2C7	thumb	UpdateFastPaletteFade
0x080FC2C8	0x080FC33B	thumb	BeginHardwarePaletteFade
0x080FC33C	0x080FC3FB	thumb	UpdateHardwarePaletteFade
0x080FC3FC	0x080FC43B	thumb	UpdateBlendRegisters
0x080FC43C	0x080FC47B	thumb	IsSoftwarePaletteFadeFinishing
0x080FC47C	0x080FC4BB	thumb	BlendPalettes
0x080FC4BC	0x080FC50F	thumb	BlendPalettesUnfaded
0x080FC510	0x080FC577	thumb	TintPalette_GrayScale
0x080FC578	0x080FC5DB	thumb	TintPalette_GrayScale2
0x080FC5DC	0x080FC665	thumb	TintPalette_SepiaTone
0x080FC668	0x080FC719	thumb	TintPalette_CustomTone
0x080FC71C	0x080FC7E9	thumb	CopyPaletteInvertedTint
0x080FC7EC	0x080FC897	thumb	BlendPalettesGradually
0x080FC898	0x080FC8D7	thumb	IsBlendPalettesGraduallyTaskActive
0x080FC8D8	0x080FC8F7	thumb	DestroyBlendPalettesGraduallyTask
0x080FC8F8	0x080FC9AF	thumb	Task_BlendPalettesGradually
0x080FC9B0	0x080FCA4B	thumb	PaletteStruct_Blend.part.0
0x080FCA4C	0x080FCD73	thumb	UpdateFastPaletteFade.part.0
0x080FCD74	0x080FCE47	thumb	BeginNormalPaletteFade.part.0
0x080FCE4C	0x080FCE8B	thumb	ChoosePartyMon
0x080FCE8C	0x080FCECB	thumb	SelectMoveTutorMon
0x080FCECC	0x080FCF07	thumb	Task_ChoosePartyMon
0x080FCF08	0x080FCF53	thumb	SelectMoveDeleterMove
0x080FCF54	0x080FCF9F	thumb	GetNumMovesSelectedMonHas
0x080FCFA0	0x080FCFF7	thumb	BufferMoveDeleterNicknameAndMove
0x080FCFF8	0x080FD0E3	thumb	ShiftMoveSlot
0x080FD0E4	0x080FD14F	thumb	MoveDeleterForgetMove
0x080FD150	0x080FD17B	thumb	IsSelectedMonEgg
0x080FD17C	0x080FD29F	thumb	InitPartyMenu
0x080FD2A0	0x080FD2B9	thumb	CB2_UpdatePartyMenu
0x080FD2BC	0x080FD2CD	thumb	VBlankCB_PartyMenu
0x080FD2D0	0x080FD2EF	thumb	CB2_InitPartyMenu
0x080FD2F0	0x080FD4FF	thumb	ShowPartyMenu
0x080FD500	0x080FD53F	thumb	ExitPartyMenu
0x080FD540	0x080FD56F	thumb	Task_ExitPartyMenu
0x080FD570	0x080FD593	thumb	ResetPartyMenu
0x080FD594	0x080FD60B	thumb	AllocPartyMenuBg
0x080FD60C	0x080FD757	thumb	AllocPartyMenuBgGfx
0x080FD758	0x080FD787	thumb	PartyPaletteBufferCopy
0x080FD788	0x080FD7D3	thumb	FreePartyPointers
0x080FD7D4	0x080FD827	thumb	InitPartyMenuBoxes
0x080FD828	0x080FD9C7	thumb	RenderPartyMenuBox
0x080FD9C8	0x080FDAA7	thumb	DisplayPartyPokemonData
0x080FDAA8	0x080FDB43	thumb	DisplayPartyPokemonDescriptionData
0x080FDB44	0x080FDBB3	thumb	DisplayPartyPokemonDataForChooseMultiple
0x080FDBB4	0x080FDBDB	thumb	DisplayPartyPokemonDataForWirelessMinigame
0x080FDBDC	0x080FDC73	thumb	DisplayPartyPokemonDataForMoveTutorOrEvolutionItem
0x080FDC74	0x080FDCBF	thumb	DisplayPartyPokemonDataToTeachMove
0x080FDCC0	0x080FDE03	thumb	DisplayPartyPokemonDataForMultiBattle
0x080FDE04	0x080FDE2F	thumb	RenderPartyMenuBoxes
0x080FDE30	0x080FDE3F	thumb	GetPartyMenuBgTile
0x080FDE40	0x080FE0D3	thumb	CreatePartyMonSprites
0x080FE0D4	0x080FE0FF	thumb	CreatePartyMonSpritesLoop
0x080FE100	0x080FE1D7	thumb	CreateCancelConfirmPokeballSprites
0x080FE1D8	0x080FE2EB	thumb	AnimatePartySlot
0x080FE2EC	0x080FE383	thumb	GetPartyBoxPaletteFlags
0x080FE384	0x080FE3C7	thumb	DrawCancelConfirmButtons
0x080FE3C8	0x080FE3DB	thumb	IsMultiBattle
0x080FE3DC	0x080FE411	thumb	SwapPartyPokemon
0x080FE414	0x080FE44B	thumb	Task_ClosePartyMenu
0x080FE44C	0x080FE4A3	thumb	Task_ClosePartyMenuAndSetCB2
0x080FE4A4	0x080FE4AF	thumb	GetCursorSelectionMonId
0x080FE4B0	0x080FE4BF	thumb	GetPartyMenuType
0x080FE4C0	0x080FE563	thumb	Task_HandleChooseMonInput
0x080FE564	0x080FE57B	thumb	GetCurrentPartySlotPtr
0x080FE57C	0x080FE59F	thumb	HandleChooseMonSelection
0x080FE5A0	0x080FE5CB	thumb	IsSelectedMonNotEgg
0x080FE5CC	0x080FE707	thumb	HandleChooseMonCancel
0x080FE708	0x080FE77B	thumb	DisplayCancelChooseMonYesNo
0x080FE77C	0x080FE7CB	thumb	Task_CancelChooseMonYesNo
0x080FE7CC	0x080FE83F	thumb	Task_HandleCancelChooseMonYesNoInput
0x080FE840	0x080FE947	thumb	PartyMenuButtonHandler
0x080FE948	0x080FE993	thumb	UpdateCurrentPartySelection
0x080FE994	0x080FEA67	thumb	UpdatePartySelectionSingleLayout
0x080FEA68	0x080FEC0F	thumb	UpdatePartySelectionDoubleLayout
0x080FEC10	0x080FEC53	thumb	GetNewSlotDoubleLayout
0x080FEC54	0x080FEC6B	thumb	GetMonNickname
0x080FEC6C	0x080FEC97	thumb	DisplayPartyMenuMessage
0x080FEC98	0x080FECDB	thumb	Task_PrintAndWaitForText
0x080FECDC	0x080FECEB	thumb	IsPartyMenuTextPrinterActive
0x080FECEC	0x080FED1B	thumb	Task_WaitForLinkAndReturnToChooseMon
0x080FED1C	0x080FED7B	thumb	Task_ReturnToChooseMonAfterText
0x080FED7C	0x080FEE27	thumb	DisplayGaveHeldItemMessage
0x080FEE28	0x080FEEA7	thumb	DisplayTookHeldItemMessage
0x080FEEA8	0x080FEF13	thumb	DisplayAlreadyHoldingItemSwitchMessage
0x080FEF14	0x080FEF9B	thumb	DisplaySwitchedHeldItemMessage
0x080FEF9C	0x080FEFD1	thumb	GiveItemToMon
0x080FEFD4	0x080FF019	thumb	TryTakeMonItem
0x080FF01C	0x080FF06B	thumb	BufferBagFullCantTakeItemMessage
0x080FF06C	0x080FF13F	thumb	Task_PartyMenuModifyHP
0x080FF140	0x080FF1AF	thumb	PartyMenuModifyHP
0x080FF1B0	0x080FF203	thumb	ResetHPTaskData
0x080FF204	0x080FF22F	thumb	GetAilmentFromStatus
0x080FF230	0x080FF287	thumb	GetMonAilment
0x080FF288	0x080FF33F	thumb	SetPartyMonsAllowedInMinigame
0x080FF340	0x080FF36B	thumb	IsMonAllowedInPokemonJump
0x080FF36C	0x080FF391	thumb	IsMonAllowedInDodrioBerryPicking
0x080FF394	0x080FF3AB	thumb	IsMonAllowedInMinigame
0x080FF3AC	0x080FF443	thumb	TryEnterMonForMinigame
0x080FF444	0x080FF48B	thumb	CancelParticipationPrompt
0x080FF48C	0x080FF4DB	thumb	Task_CancelParticipationYesNo
0x080FF4DC	0x080FF543	thumb	Task_HandleCancelParticipationYesNoInput
0x080FF544	0x080FF5E7	thumb	CanMonLearnTMTutor
0x080FF5E8	0x080FF613	thumb	GetTutorMove
0x080FF614	0x080FF66B	thumb	CanLearnTutorMove
0x080FF66C	0x080FF693	thumb	Task_FirstBattleEnterParty_WaitFadeIn
0x080FF694	0x080FF6CB	thumb	Task_FirstBattleEnterParty_DarkenScreen
0x080FF6CC	0x080FF6F3	thumb	Task_FirstBattleEnterParty_WaitDarken
0x080FF6F4	0x080FF787	thumb	Task_FirstBattleEnterParty_CreatePrinter
0x080FF788	0x080FF7B3	thumb	Task_FirstBattleEnterParty_RunPrinterMsg1
0x080FF7B4	0x080FF7EB	thumb	Task_FirstBattleEnterParty_LightenFirstMonIcon
0x080FF7EC	0x080FF813	thumb	Task_FirstBattleEnterParty_WaitLightenFirstMonIcon
0x080FF814	0x080FF87B	thumb	Task_FirstBattleEnterParty_StartPrintMsg2
0x080FF87C	0x080FF8C7	thumb	Task_FirstBattleEnterParty_RunPrinterMsg2
0x080FF8C8	0x080FF8FF	thumb	Task_FirstBattleEnterParty_FadeNormal
0x080FF900	0x080FF95B	thumb	Task_FirstBattleEnterParty_WaitFadeNormal
0x080FF95C	0x080FF97F	thumb	Task_PartyMenu_Pokedude
0x080FF980	0x080FFA63	thumb	Task_PartyMenu_PokedudeStep
0x080FFA64	0x080FFABB	thumb	PartyMenuPokedudeIsCancelled
0x080FFABC	0x080FFAD7	thumb	PartyMenuHandlePokedudeCancel
0x080FFAD8	0x080FFAFB	thumb	Task_PartyMenuFromBag_Pokedude
0x080FFAFC	0x080FFB9B	thumb	Task_PartyMenuFromBag_PokedudeStep
0x080FFB9C	0x080FFC27	thumb	InitPartyMenuWindows
0x080FFC28	0x080FFC47	thumb	CreateCancelConfirmWindows
0x080FFC48	0x080FFC5B	thumb	GetPartyMenuPalBufferPtr
0x080FFC5C	0x080FFD3F	thumb	BlitBitmapToPartyWindow
0x080FFD40	0x080FFD93	thumb	BlitBitmapToPartyWindow_LeftColumn
0x080FFD94	0x080FFDE7	thumb	BlitBitmapToPartyWindow_RightColumn
0x080FFDE8	0x080FFE7B	thumb	DrawEmptySlot
0x080FFE7C	0x081000B3	thumb	LoadPartyBoxPalette
0x081000B4	0x081000E7	thumb	DisplayPartyPokemonBarDetail
0x081000E8	0x0810010B	thumb	DisplayPartyPokemonNickname
0x0810010C	0x08100179	thumb	DisplayPartyPokemonLevelCheck
0x0810017C	0x081001D3	thumb	DisplayPartyPokemonLevel
0x081001D4	0x0810023B	thumb	DisplayPartyPokemonGenderNidoranCheck
0x0810023C	0x0810031B	thumb	DisplayPartyPokemonGender
0x0810031C	0x0810033F	thumb	DisplayPartyPokemonHPCheck
0x08100340	0x08100387	thumb	DisplayPartyPokemonHP
0x08100388	0x081003AB	thumb	DisplayPartyPokemonMaxHPCheck
0x081003AC	0x08100403	thumb	DisplayPartyPokemonMaxHP
0x08100404	0x0810043B	thumb	DisplayPartyPokemonHPBarCheck
0x0810043C	0x08100563	thumb	DisplayPartyPokemonHPBar
0x08100564	0x081005CB	thumb	DisplayPartyPokemonDescriptionText
0x081005CC	0x081005F1	thumb	PartyMenuRemoveWindow
0x081005F4	0x081006FF	thumb	DisplayPartyMenuStdMessage
0x08100700	0x0810075B	thumb	ShouldUseChooseMonText
0x0810075C	0x081008C7	thumb	DisplaySelectionWindow
0x081008C8	0x0810090F	thumb	PartyMenuPrintText
0x08100910	0x08100937	thumb	PartyMenuDisplayYesNoMenu
0x08100938	0x08100967	thumb	CreateLevelUpStatsWindow
0x08100968	0x0810099B	thumb	RemoveLevelUpStatsWindow
0x0810099C	0x081009E7	thumb	PartyMenu_Oak_PrintText
0x081009E8	0x08100A5B	thumb	FirstBattleEnterParty_CreateWindowAndMsg1Printer
0x08100A5C	0x08100A81	thumb	FirstBattleEnterParty_DestroyVoiceoverWindow
0x08100A84	0x08100B17	thumb	ToggleFieldMoveDescriptionWindow
0x08100B18	0x08100BFB	thumb	CreatePartyMonIconSprite
0x08100BFC	0x08100C53	thumb	CreatePartyMonIconSpriteParameterized
0x08100C54	0x08100CB3	thumb	UpdateHPBar
0x08100CB4	0x08100CE1	thumb	UpdatePartyMonHPBar
0x08100CE4	0x08100D43	thumb	AnimateSelectedPartyIcon
0x08100D44	0x08100D63	thumb	SpriteCB_BouncePartyMonIcon
0x08100D64	0x08100D6D	thumb	SpriteCB_UpdatePartyMonIcon
0x08100D70	0x08100DA3	thumb	CreatePartyMonHeldItemSprite
0x08100DA4	0x08100DEB	thumb	CreatePartyMonHeldItemSpriteParameterized
0x08100DEC	0x08100E5B	thumb	UpdatePartyMonHeldItemSprite
0x08100E5C	0x08100EC7	thumb	ShowOrHideHeldItemSprite
0x08100EC8	0x08100EE3	thumb	LoadHeldItemIcons
0x08100EE4	0x08100F87	thumb	DrawHeldItemIconsForTrade
0x08100F88	0x08100FEB	thumb	CreateHeldItemSpriteForTrade
0x08100FEC	0x08101037	thumb	SpriteCB_HeldItem
0x08101038	0x08101063	thumb	CreatePartyMonPokeballSprite
0x08101064	0x0810109F	thumb	CreatePartyMonPokeballSpriteParameterized
0x081010A0	0x081010D7	thumb	CreatePokeballButtonSprite
0x081010D8	0x081010F7	thumb	CreateSmallPokeballButtonSprite
0x081010F8	0x08101117	thumb	PartyMenuStartSpriteAnim
0x08101118	0x08101193	thumb	SpriteCB_BounceConfirmCancelButton
0x08101194	0x081011B7	thumb	LoadPartyMenuPokeballGfx
0x081011B8	0x0810123B	thumb	CreatePartyMonStatusSprite
0x0810123C	0x081012BF	thumb	CreatePartyMonStatusSpriteParameterized
0x081012C0	0x0810131F	thumb	SetPartyMonAilmentGfx
0x08101320	0x0810137B	thumb	UpdatePartyMonAilmentGfx
0x0810137C	0x08101397	thumb	LoadPartyMenuAilmentGfx
0x08101398	0x081013DF	thumb	SetPartyMonSelectionActions
0x081013E0	0x081014C3	thumb	SetPartyMonFieldSelectionActions
0x081014C4	0x0810157F	thumb	GetPartyMenuActionsType
0x08101580	0x08101633	thumb	CreateSelectionWindow
0x08101634	0x0810165F	thumb	Task_TryCreateSelectionWindow
0x08101660	0x08101747	thumb	Task_HandleSelectionMenuInput
0x08101748	0x08101797	thumb	CursorCB_Summary
0x08101798	0x081017DF	thumb	CB2_ShowPokemonSummaryScreen
0x081017E0	0x08101827	thumb	CB2_ReturnToPartyMenuFromSummaryScreen
0x08101828	0x081018AB	thumb	CursorCB_Switch
0x081018AC	0x08101A33	thumb	SwitchSelectedMons
0x08101A34	0x08101A8D	thumb	TryMovePartySlot
0x08101A90	0x08101B7F	thumb	MoveAndBufferPartySlot
0x08101B80	0x08101BD3	thumb	MovePartyMenuBoxSprites
0x08101BD4	0x08101C37	thumb	SlidePartyMenuBoxSpritesOneStep
0x08101C38	0x08101CC3	thumb	SlidePartyMenuBoxOneStep
0x08101CC4	0x08101DD7	thumb	Task_SlideSelectedSlotsOffscreen
0x08101DD8	0x08101E7F	thumb	Task_SlideSelectedSlotsOnscreen
0x08101E80	0x08101F77	thumb	SwitchMenuBoxSprites
0x08101F78	0x08102023	thumb	SwitchPartyMon
0x08102024	0x0810206F	thumb	SetSwitchedPartyOrderQuestLogEvent
0x08102070	0x081020DB	thumb	FinishTwoMonAction
0x081020DC	0x08102163	thumb	CursorCB_Cancel1
0x08102164	0x081021EF	thumb	CursorCB_Item
0x081021F0	0x0810223F	thumb	CursorCB_Give
0x08102240	0x08102253	thumb	CB2_SelectBagItemToGive
0x08102254	0x0810233B	thumb	CB2_GiveHoldItem
0x0810233C	0x081023B3	thumb	Task_GiveHoldItem
0x081023B4	0x08102457	thumb	Task_SwitchHoldItemsPrompt
0x08102458	0x081024A7	thumb	Task_SwitchItemsYesNo
0x081024A8	0x0810258B	thumb	Task_HandleSwitchItemsYesNoInput
0x0810258C	0x081025E3	thumb	Task_WriteMailToGiveMonAfterText
0x081025E4	0x08102633	thumb	CB2_WriteMailToGiveMon
0x08102634	0x081026DF	thumb	CB2_ReturnToPartyMenuFromWritingMail
0x081026E0	0x0810274B	thumb	Task_DisplayGaveMailFromPartyMessage
0x0810274C	0x08102793	thumb	Task_UpdateHeldItemSprite
0x08102794	0x081028B7	thumb	CursorCB_TakeItem
0x081028B8	0x08102943	thumb	CursorCB_Mail
0x08102944	0x08102993	thumb	CursorCB_Read
0x08102994	0x081029DF	thumb	CB2_ReadHeldMail
0x081029E0	0x08102A1F	thumb	CB2_ReturnToPartyMenuFromReadingMail
0x08102A20	0x08102AAB	thumb	CursorCB_TakeMail
0x08102AAC	0x08102AFB	thumb	Task_SendMailToPCYesNo
0x08102AFC	0x08102BCF	thumb	Task_HandleSendMailToPCYesNoInput
0x08102BD0	0x08102C1F	thumb	Task_LoseMailMessageYesNo
0x08102C20	0x08102CFB	thumb	Task_HandleLoseMailMessageYesNoInput
0x08102CFC	0x08102DE3	thumb	CursorCB_Cancel2
0x08102DE4	0x08102E97	thumb	CursorCB_SendMon
0x08102E98	0x08102FD3	thumb	CursorCB_Enter
0x08102FD4	0x08102FF7	thumb	MoveCursorToConfirm
0x08102FF8	0x081030EB	thumb	CursorCB_NoEntry
0x081030EC	0x0810313F	thumb	CursorCB_Store
0x08103140	0x0810328F	thumb	CursorCB_Register
0x08103290	0x081033FB	thumb	CursorCB_Trade1
0x081033FC	0x081033FD	thumb	CursorCB_Trade2
0x08103400	0x081036DF	thumb	CursorCB_FieldMove
0x081036E0	0x08103723	thumb	DisplayFieldMoveExitAreaMessage
0x08103724	0x08103773	thumb	Task_FieldMoveExitAreaYesNo
0x08103774	0x08103807	thumb	Task_HandleFieldMoveExitAreaYesNoInput
0x08103808	0x0810381F	thumb	FieldCallback_PrepareFadeInFromMenu
0x08103820	0x08103873	thumb	Task_FieldMoveWaitForFade
0x08103874	0x0810389B	thumb	GetFieldMoveMonSpecies
0x0810389C	0x081038B7	thumb	Task_CancelAfterAorBPress
0x081038B8	0x081038DB	thumb	DisplayCantUseFlashMessage
0x081038DC	0x081038F7	thumb	FieldCallback_Surf
0x081038F8	0x0810395B	thumb	SetUpFieldMove_Surf
0x0810395C	0x081039D3	thumb	DisplayCantUseSurfMessage
0x081039D4	0x081039EB	thumb	SetUpFieldMove_Fly
0x081039EC	0x08103A17	thumb	CB2_ReturnToPartyMenuFromFlyMap
0x08103A18	0x08103A33	thumb	FieldCallback_Waterfall
0x08103A34	0x08103A8F	thumb	SetUpFieldMove_Waterfall
0x08103A90	0x08103ADB	thumb	SetSwappedHeldItemQuestLogEvent
0x08103ADC	0x08103B3F	thumb	SetUsedFieldMoveQuestLogEvent
0x08103B40	0x08103BAB	thumb	SetUsedFlyQuestLogEvent
0x08103BAC	0x08103CAF	thumb	CB2_ShowPartyMenuForItemUse
0x08103CB0	0x08103CBF	thumb	CB2_ReturnToBagMenu
0x08103CC0	0x08103CCF	thumb	CB2_ReturnToTMCaseMenu
0x08103CD0	0x08103CDF	thumb	CB2_ReturnToBerryPouchMenu
0x08103CE0	0x08103D27	thumb	Task_DoUseItemAnim
0x08103D28	0x08103D63	thumb	CB2_DoUseItemAnim
0x08103D64	0x08103DEB	thumb	CB2_UseItem
0x08103DEC	0x08103EEF	thumb	CB2_UseTMHMAfterForgettingMove
0x08103EF0	0x08103F3B	thumb	Task_SetSacredAshCB
0x08103F3C	0x08103F6B	thumb	IsHPRecoveryItem
0x08103F6C	0x08104073	thumb	GetMedicineItemEffectMessage
0x08104074	0x0810409F	thumb	NotUsingHPEVItemOnShedinja
0x081040A0	0x081040B7	thumb	IsItemFlute
0x081040B8	0x08104107	thumb	ExecuteTableBasedItemEffect_
0x08104108	0x08104257	thumb	ItemUseCB_Medicine
0x08104258	0x08104497	thumb	ItemUseCB_MedicineStep
0x08104498	0x0810451F	thumb	Task_DisplayHPRestoredMessage
0x08104520	0x0810457F	thumb	Task_ClosePartyMenuAfterText
0x08104580	0x0810463B	thumb	ShowMoveSelectWindow
0x0810463C	0x081046E7	thumb	Task_HandleRestoreWhichMoveInput
0x081046E8	0x0810477F	thumb	ItemUseCB_TryRestorePP
0x08104780	0x081047D3	thumb	SetSelectedMoveForPPItem
0x081047D4	0x08104823	thumb	ReturnToUseOnWhichMon
0x08104824	0x081048EF	thumb	TryUsePPItemOutsideBattle
0x081048F0	0x081049C3	thumb	ItemUseCB_RestorePP
0x081049C4	0x08104ACB	thumb	TryUsePPItemInBattle
0x08104ACC	0x08104B03	thumb	ItemUseCB_PPUp
0x08104B04	0x08104B1B	thumb	ItemIdToBattleMoveId
0x08104B1C	0x08104B3F	thumb	IsMoveHm
0x08104B40	0x08104B67	thumb	MonKnowsMove
0x08104B68	0x08104BA7	thumb	DisplayLearnMoveMessage
0x08104BA8	0x08104BF7	thumb	DisplayLearnMoveMessageAndClose
0x08104BF8	0x08104DAB	thumb	ItemUseCB_TMHM
0x08104DAC	0x08104DB9	thumb	ItemUseCB_LearnedMove
0x08104DBC	0x08104E6F	thumb	Task_LearnedMove
0x08104E70	0x08104EA7	thumb	Task_DoLearnedMoveFanfareAfterText
0x08104EA8	0x08104F1B	thumb	Task_LearnNextMoveOrClosePartyMenu
0x08104F1C	0x08104F6B	thumb	Task_ReplaceMoveYesNo
0x08104F6C	0x0810502B	thumb	Task_HandleReplaceMoveYesNoInput
0x0810502C	0x08105083	thumb	Task_ShowSummaryScreenToForgetMove
0x08105084	0x081050BB	thumb	CB2_ShowSummaryScreenToForgetMove
0x081050BC	0x0810513F	thumb	CB2_ReturnToPartyMenuWhileLearningMove
0x08105140	0x081051D7	thumb	Task_ReturnToPartyMenuWhileLearningMove
0x081051D8	0x081051E5	thumb	ItemUseCB_ReplaceMoveWithTMHM
0x081051E8	0x08105287	thumb	Task_ReplaceMoveWithTMHM
0x08105288	0x0810533B	thumb	DisplayPartyMenuForgotMoveMessage
0x0810533C	0x0810538F	thumb	Task_PartyMenuReplaceMove
0x08105390	0x0810540B	thumb	StopLearningMovePrompt
0x0810540C	0x0810545B	thumb	Task_StopLearningMoveYesNo
0x0810545C	0x081055A3	thumb	Task_HandleStopLearningMoveYesNoInput
0x081055A4	0x081055C3	thumb	Task_TryLearningNextMoveAfterText
0x081055C4	0x081056AB	thumb	ItemUseCB_RareCandy
0x081056AC	0x081057B7	thumb	ItemUseCB_RareCandyStep
0x081057B8	0x081058D7	thumb	UpdateMonDisplayInfoAfterRareCandy
0x081058D8	0x0810592B	thumb	Task_DisplayLevelUpStatsPg1
0x0810592C	0x0810598F	thumb	Task_DisplayLevelUpStatsPg2
0x08105990	0x081059EF	thumb	DisplayLevelUpStatsPg1
0x081059F0	0x08105A2B	thumb	DisplayLevelUpStatsPg2
0x08105A2C	0x08105ADF	thumb	Task_TryLearnNewMoves
0x08105AE0	0x08105B37	thumb	Task_TryLearningNextMove
0x08105B38	0x08105B9F	thumb	PartyMenuTryEvolution
0x08105BA0	0x08105C47	thumb	DisplayMonNeedsToReplaceMove
0x08105C48	0x08105CE7	thumb	DisplayMonLearnedMove
0x08105CE8	0x08105D7F	thumb	ItemUseCB_SacredAsh
0x08105D80	0x08105EEB	thumb	UseSacredAsh
0x08105EEC	0x08105FD7	thumb	Task_SacredAshLoop
0x08105FD8	0x0810605B	thumb	Task_SacredAshDisplayHPRestored
0x0810605C	0x0810610F	thumb	ItemUseCB_EvolutionStone
0x08106110	0x081061C7	thumb	CB2_UseEvolutionStone
0x081061C8	0x081061CB	thumb	MonCanEvolve
0x081061CC	0x081062DB	thumb	GetItemEffectType
0x081062DC	0x081062F7	thumb	TryTutorSelectedMon
0x081062F8	0x0810631F	thumb	CB2_PartyMenuFromStartMenu
0x08106320	0x0810637B	thumb	CB2_ChooseMonToGiveItem
0x0810637C	0x0810647F	thumb	TryGiveItemOrMailToSelectedMon
0x08106480	0x08106557	thumb	GiveItemOrMailToSelectedMon
0x08106558	0x081065D7	thumb	GiveItemToSelectedMon
0x081065D8	0x08106643	thumb	Task_UpdateHeldItemSpriteAndClosePartyMenu
0x08106644	0x0810669F	thumb	CB2_WriteMailToGiveMonFromBag
0x081066A0	0x08106733	thumb	CB2_ReturnToPartyOrBagMenuFromWritingMail
0x08106734	0x08106797	thumb	Task_DisplayGaveMailFromBagMessage
0x08106798	0x081067E7	thumb	Task_SwitchItemsFromBagYesNo
0x081067E8	0x081068F3	thumb	Task_HandleSwitchItemsFromBagYesNoInput
0x081068F4	0x0810693B	thumb	DisplayItemMustBeRemovedFirstMessage
0x0810693C	0x0810695F	thumb	RemoveItemToGiveFromBag
0x08106960	0x08106983	thumb	ReturnGiveItemToBagOrPC
0x08106984	0x081069AF	thumb	ChooseMonToGiveMailFromMailbox
0x081069B0	0x08106A6F	thumb	TryGiveMailToSelectedMon
0x08106A70	0x08106AC7	thumb	InitChooseMonsForBattle
0x08106AC8	0x08106ADB	thumb	ClearSelectedPartyOrder
0x08106ADC	0x08106B1F	thumb	GetPartySlotEntryStatus
0x08106B20	0x08106BC7	thumb	GetBattleEntryEligibility
0x08106BC8	0x08106CCF	thumb	CheckBattleEntriesAndGetMessage
0x08106CD0	0x08106CF3	thumb	HasPartySlotAlreadyBeenSelected
0x08106CF4	0x08106D6B	thumb	Task_ValidateChosenMonsForBattle
0x08106D6C	0x08106DA3	thumb	Task_ContinueChoosingMonsForBattle
0x08106DA4	0x08106DC7	thumb	ChooseMonForTradingBoard
0x08106DC8	0x08106E2B	thumb	ChooseMonForMoveTutor
0x08106E2C	0x08106E57	thumb	ChooseMonForWirelessMinigame
0x08106E58	0x08106E7B	thumb	GetPartyLayoutFromBattleType
0x08106E7C	0x08106F1F	thumb	OpenPartyMenuInTutorialBattle
0x08106F20	0x08106F6F	thumb	Pokedude_OpenPartyMenuInBattle
0x08106F70	0x08106FBF	thumb	Pokedude_ChooseMonForInBattleItem
0x08106FC0	0x08107077	thumb	EnterPartyFromItemMenuInBattle
0x08107078	0x081070B3	thumb	GetPartyMenuActionsTypeInBattle
0x081070B4	0x0810731B	thumb	TrySwitchInPokemon
0x0810731C	0x08107333	thumb	BufferBattlePartyCurrentOrder
0x08107334	0x081073F3	thumb	BufferBattlePartyOrder
0x081073F4	0x08107417	thumb	BufferBattlePartyCurrentOrderBySide
0x08107418	0x081074F7	thumb	BufferBattlePartyOrderBySide
0x081074F8	0x08107597	thumb	SwitchPartyOrderLinkMulti
0x08107598	0x081075B3	thumb	GetPartyIdFromBattleSlot
0x081075B4	0x081075E3	thumb	SetPartyIdAtBattleSlot
0x081075E4	0x08107683	thumb	SwitchPartyMonSlots
0x08107684	0x081076BF	thumb	GetPartyIdFromBattlePartyId
0x081076C0	0x08107753	thumb	UpdatePartyToBattleOrder
0x08107754	0x081077CF	thumb	UpdatePartyToFieldOrder
0x081077D0	0x0810784F	thumb	SwitchAliveMonIntoLeadSlot
0x08107850	0x08107863	thumb	CB2_SetUpExitToBattleScreen
0x08107864	0x0810788F	thumb	ShowPartyMenuToShowcaseMultiBattleParty
0x08107890	0x081078C7	thumb	Task_InitMultiPartnerPartySlideIn
0x081078C8	0x0810794F	thumb	Task_MultiPartnerPartySlideIn
0x08107950	0x0810799F	thumb	Task_WaitAfterMultiPartnerPartySlideIn
0x081079A0	0x081079BF	thumb	MoveMultiPartyMenuBoxSprite
0x081079C0	0x08107A4B	thumb	SlideMultiPartyMenuBoxSpritesOneStep
0x08107A4C	0x08107A83	thumb	ChooseMonForDaycare
0x08107A84	0x08107ABB	thumb	ChoosePartyMonByMenuType
0x08107ABC	0x08107AD3	thumb	CB2_FadeFromPartyMenu
0x08107AD4	0x08107AF7	thumb	Task_PartyMenuWaitForFade
0x08107AF8	0x08107C9F	thumb	ItemUseCB_ReduceEV
0x08107CA0	0x08107DFF	thumb	ItemUseCB_ReduceEV2
0x08107E00	0x08107E7F	thumb	ItemEffectToMonEv
0x08107E80	0x08107EF7	thumb	ItemEffectToStatString
0x08107EF8	0x08107F13	thumb	FieldCallback_Dive
0x08107F14	0x08107F4B	thumb	SetUpFieldMove_Dive
0x08107F4C	0x08108063	thumb	CreateCancelConfirmWindows.part.0
0x08108064	0x081080C7	thumb	DisplayPartyPokemonNickname.part.0
0x081080C8	0x08108119	thumb	DisplayPartyPokemonHPCheck.part.0
0x0810811C	0x0810816F	thumb	DisplayPartyPokemonMaxHPCheck.part.0
0x08108170	0x081082D7	thumb	TryTutorSelectedMon.part.0
0x081082D8	0x081084A3	thumb	HandleChooseMonSelection.part.0
0x081084B4	0x081084D7	thumb	BeginPCScreenEffect_TurnOn
0x081084D8	0x081084FB	thumb	BeginPCScreenEffect_TurnOff
0x081084FC	0x0810850B	thumb	IsPCScreenEffectRunning_TurnOn
0x0810850C	0x0810851B	thumb	IsPCScreenEffectRunning_TurnOff
0x0810851C	0x08108563	thumb	BeginPCScreenEffect
0x08108564	0x08108727	thumb	Task_PCScreenEffect_TurnOn
0x08108728	0x081088CB	thumb	Task_PCScreenEffect_TurnOff
0x081088D0	0x081088EB	thumb	PlayTimeCounter_Reset
0x081088EC	0x08108923	thumb	PlayTimeCounter_Start
0x08108924	0x0810892F	thumb	PlayTimeCounter_Stop
0x08108930	0x081089A7	thumb	PlayTimeCounter_Update
0x081089A8	0x081089CF	thumb	PlayTimeCounter_SetToMax
0x081089D0	0x081089E1	thumb	NewGameInitPCItems
0x081089E4	0x08108A2F	thumb	BedroomPC
0x08108A30	0x08108A7B	thumb	PlayerPC
0x08108A7C	0x08108B53	thumb	Task_DrawPlayerPcTopMenu
0x08108B54	0x08108BDB	thumb	Task_TopMenuHandleInput
0x08108BDC	0x08108BFF	thumb	Task_ReturnToTopMenu
0x08108C00	0x08108C27	thumb	Task_PlayerPcItemStorage
0x08108C28	0x08108D1B	thumb	Task_PlayerPcMailbox
0x08108D1C	0x08108D4B	thumb	Task_PlayerPcTurnOff
0x08108D4C	0x08108E0F	thumb	Task_CreateItemStorageSubmenu
0x08108E10	0x08108E3B	thumb	PrintStringOnWindow0WithDialogueFrame
0x08108E3C	0x08108F07	thumb	Task_TopMenu_ItemStorageSubmenu_HandleInput
0x08108F08	0x08108F47	thumb	Task_DepositItem_WaitFadeAndGoToBag
0x08108F48	0x08108F6F	thumb	Task_PlayerPcDepositItem
0x08108F70	0x08108F97	thumb	Task_ReturnToItemStorageSubmenu
0x08108F98	0x08108FBF	thumb	CB2_ReturnFromDepositMenu
0x08108FC0	0x0810902F	thumb	Task_PlayerPcWithdrawItem
0x08109030	0x08109057	thumb	CB2_ReturnFromWithdrawMenu
0x08109058	0x08109093	thumb	Task_WithdrawItem_WaitFadeAndGoToItemStorage
0x08109094	0x081090BF	thumb	Task_WithdrawItemBeginFade
0x081090C0	0x0810910F	thumb	Task_PlayerPcCancel
0x08109110	0x0810914B	thumb	Task_SetPageItemVars
0x0810914C	0x0810917B	thumb	CountPCMail
0x0810917C	0x0810920B	thumb	PCMailCompaction
0x0810920C	0x08109283	thumb	Task_DrawMailboxPcMenu
0x08109284	0x08109333	thumb	Task_MailboxPcHandleInput
0x08109334	0x081093C3	thumb	Task_PrintWhatToDoWithSelectedMail
0x081093C4	0x08109417	thumb	Task_DestroyMailboxPcViewAndCancel
0x08109418	0x08109483	thumb	Task_DrawMailSubmenu
0x08109484	0x081094DB	thumb	Task_MailSubmenuHandleInput
0x081094DC	0x08109503	thumb	Task_PlayerPcReadMail
0x08109504	0x0810955F	thumb	Task_WaitFadeAndReadSelectedMail
0x08109560	0x08109587	thumb	Task_WaitFadeAndReturnToMailboxPcInputHandler
0x08109588	0x081095D7	thumb	CB2_ReturnToMailbox
0x081095D8	0x081095F7	thumb	CB2_SetCbToReturnToMailbox
0x081095F8	0x08109613	thumb	Task_PlayerPcMoveMailToBag
0x08109614	0x08109637	thumb	Task_DrawYesNoMenuToConfirmMoveToBag
0x08109638	0x08109683	thumb	Task_MoveToBagYesNoMenuHandleInput
0x08109684	0x0810975B	thumb	Task_TryPutMailInBag_DestroyMsgIfSuccessful
0x0810975C	0x08109787	thumb	Task_DeclinedMoveMailToBag
0x08109788	0x081097CF	thumb	Task_PlayerPcGiveMailToMon
0x081097D0	0x081097FB	thumb	Task_WaitFadeAndGoToPartyMenu
0x081097FC	0x081098D3	thumb	CB2_ReturnToMailboxPc_UpdateScrollVariables
0x081098D4	0x081098F3	thumb	Mailbox_ReturnToMailListAfterDeposit
0x081098F4	0x0810990F	thumb	Task_Error_NoPokemon
0x08109910	0x08109943	thumb	Task_RedrawPlayerPcMailboxAndSetUpInputHandler
0x08109944	0x0810996F	thumb	Task_PlayerPcExitMailSubmenu
0x08109974	0x081099D3	thumb	DoPokeballSendOutAnimation
0x081099D4	0x08109B8B	thumb	Task_DoPokeballSendOutAnim
0x08109B8C	0x08109C73	thumb	SpriteCB_BallThrow
0x08109C74	0x08109C7F	thumb	SpriteCB_BallThrow_ReachMon
0x08109C80	0x08109CE7	thumb	SpriteCB_BallThrow_StartShrinkMon
0x08109CE8	0x08109D6B	thumb	SpriteCB_BallThrow_ShrinkMon
0x08109D6C	0x08109DBB	thumb	SpriteCB_BallThrow_Close
0x08109DBC	0x08109EAB	thumb	SpriteCB_BallThrow_FallToGround
0x08109EAC	0x08109EE7	thumb	SpriteCB_BallThrow_StartShakes
0x08109EE8	0x0810A003	thumb	SpriteCB_BallThrow_Shake
0x0810A004	0x0810A153	thumb	Task_PlayCryWhenReleasedFromBall
0x0810A154	0x0810A333	thumb	SpriteCB_ReleaseMonFromBall
0x0810A334	0x0810A34F	thumb	SpriteCB_BallThrow_StartCaptureMon
0x0810A350	0x0810A457	thumb	HandleBallAnimEnd
0x0810A458	0x0810A503	thumb	SpriteCB_BallThrow_CaptureMon
0x0810A504	0x0810A547	thumb	SpriteCB_PlayerMonSendOut_1
0x0810A548	0x0810A677	thumb	SpriteCB_PlayerMonSendOut_2
0x0810A678	0x0810A693	thumb	SpriteCB_ReleaseMon2FromBall
0x0810A694	0x0810A6EB	thumb	SpriteCB_OpponentMonSendOut
0x0810A6EC	0x0810A70F	thumb	AnimateBallOpenParticlesForPokeball
0x0810A710	0x0810A723	thumb	LaunchBallFadeMonTaskForPokeball
0x0810A724	0x0810A7DF	thumb	CreatePokeballSpriteToReleaseMon
0x0810A7E0	0x0810A89B	thumb	SpriteCB_PokeballReleaseMon
0x0810A89C	0x0810A99F	thumb	SpriteCB_ReleasedMonFlyOut
0x0810A9A0	0x0810AA3B	thumb	CreateTradePokeballSprite
0x0810AA3C	0x0810AAEF	thumb	SpriteCB_TradePokeball
0x0810AAF0	0x0810AB5B	thumb	SpriteCB_TradePokeballSendOff
0x0810AB5C	0x0810AB6F	thumb	SpriteCB_TradePokeballEnd
0x0810AB70	0x0810AB79	thumb	DestroySpriteAndFreeResources_Ball
0x0810AB7C	0x0810AC0B	thumb	StartHealthboxSlideIn
0x0810AC0C	0x0810AC2B	thumb	SpriteCB_HealthboxSlideInDelayed
0x0810AC2C	0x0810AC4B	thumb	SpriteCB_HealthboxSlideIn
0x0810AC4C	0x0810AC83	thumb	DoHitAnimHealthboxEffect
0x0810AC84	0x0810ACC7	thumb	SpriteCB_HitAnimHealthoxEffect
0x0810ACC8	0x0810AD2F	thumb	LoadBallGfx
0x0810AD30	0x0810AD57	thumb	FreeBallGfx
0x0810AD58	0x0810AD97	thumb	GetBattlerPokeballItemId
0x0810AD9C	0x0810ADC7	thumb	Task_ShowAreaMarkers
0x0810ADC8	0x0810AF4B	thumb	CreatePokedexAreaMarkers
0x0810AF4C	0x0810AFF7	thumb	DestroyPokedexAreaMarkers
0x0810AFF8	0x0810B027	thumb	GetAreaMarkerSubsprite
0x0810B028	0x0810B03B	thumb	GetNumPokedexAreaMarkers
0x0810B03C	0x0810B04D	thumb	VBlankCB
0x0810B050	0x0810B07F	thumb	CB2_PokedexScreen
0x0810B080	0x0810B307	thumb	DexScreen_LoadResources
0x0810B308	0x0810B343	thumb	CB2_OpenPokedexFromStartMenu
0x0810B344	0x0810B3FF	thumb	DoClosePokedex
0x0810B400	0x0810B423	thumb	CB2_ClosePokedex
0x0810B424	0x0810B8F7	thumb	Task_PokedexScreen
0x0810B8F8	0x0810BE13	thumb	DexScreen_InitGfxForTopMenu
0x0810BE14	0x0810BE87	thumb	MoveCursorFunc_DexModeSelect
0x0810BE88	0x0810BEBB	thumb	ItemPrintFunc_DexModeSelect
0x0810BEBC	0x0810C173	thumb	Task_DexScreen_NumericalOrder
0x0810C174	0x0810C2E7	thumb	DexScreen_InitGfxForNumericalOrderList
0x0810C2E8	0x0810C4AB	thumb	Task_DexScreen_CharacteristicOrder
0x0810C4AC	0x0810C597	thumb	DexScreen_CreateCharacteristicListMenu
0x0810C598	0x0810C5D7	thumb	DexScreen_CanShowMonInDex
0x0810C5D8	0x0810CC33	thumb	DexScreen_CountMonsInOrderedList
0x0810CC34	0x0810CC7F	thumb	DexScreen_InitListMenuForOrderedList
0x0810CC80	0x0810CCC3	thumb	DexScreen_DestroyDexOrderListMenu
0x0810CCC4	0x0810CCFB	thumb	DexScreen_CreateDexOrderScrollArrows
0x0810CCFC	0x0810CD87	thumb	ItemPrintFunc_OrderedListMenu
0x0810CD88	0x0810D373	thumb	Task_DexScreen_CategorySubmenu
0x0810D374	0x0810D3B7	thumb	DexScreen_CreateCategoryMenuScrollArrows
0x0810D3B8	0x0810D3FF	thumb	DexScreen_InputHandler_GetShoulderInput
0x0810D400	0x0810D6AF	thumb	Task_DexScreen_ShowMonPage
0x0810D6B0	0x0810D7BF	thumb	DexScreen_TryScrollMonsVertical
0x0810D7C0	0x0810D7D7	thumb	DexScreen_RemoveWindow
0x0810D7D8	0x0810D86F	thumb	DexScreen_AddTextPrinterParameterized
0x0810D870	0x0810D8FB	thumb	DexScreen_PrintNum3LeadingZeroes
0x0810D8FC	0x0810D9AD	thumb	DexScreen_PrintNum3RightAlign
0x0810D9B0	0x0810D9D7	thumb	DexScreen_GetDefaultPersonality
0x0810D9D8	0x0810DA23	thumb	DexScreen_LoadMonPicInWindow
0x0810DA24	0x0810DB97	thumb	DexScreen_PrintMonDexNo
0x0810DB98	0x0810DC6F	thumb	HabitatNameTagNumPrinter
0x0810DC70	0x0810DCFF	thumb	DexScreen_GetSetPokedexFlag
0x0810DD00	0x0810DD77	thumb	DexScreen_GetDexCount
0x0810DD78	0x0810DDBD	thumb	DexScreen_PrintControlInfo
0x0810DDC0	0x0810DFAF	thumb	DexScreen_DrawMonPicInCategoryPage
0x0810DFB0	0x0810DFEF	thumb	DexScreen_DestroyCategoryPageMonIconAndInfoWindows
0x0810DFF0	0x0810E04F	thumb	DexScreen_PrintCategoryPageNumbers
0x0810E050	0x0810E24B	thumb	DexScreen_CreateCategoryListGfx
0x0810E24C	0x0810E32B	thumb	DexScreen_CreateCategoryPageSelectionCursor
0x0810E32C	0x0810E35F	thumb	DexScreen_UpdateCategoryPageCursorObject
0x0810E360	0x0810E385	thumb	DexPage_TileBuffer_CopyCol
0x0810E388	0x0810E3A3	thumb	DexPage_TileBuffer_FillCol
0x0810E3A4	0x0810E4DF	thumb	DexScreen_TurnCategoryPage_BgEffect
0x0810E4E0	0x0810E713	thumb	DexScreen_FlipCategoryPageInDirection
0x0810E714	0x0810E96B	thumb	DexScreen_DexPageZoomEffectFrame
0x0810E96C	0x0810EA1B	thumb	DexScreen_PrintMonCategory
0x0810EA1C	0x0810EB4F	thumb	DexScreen_PrintMonHeight
0x0810EB50	0x0810ECEB	thumb	DexScreen_PrintMonWeight
0x0810ECEC	0x0810ED97	thumb	DexScreen_PrintMonFlavorText
0x0810ED98	0x0810EE57	thumb	DexScreen_DrawMonFootprint
0x0810EE58	0x0810F043	thumb	DexScreen_DrawMonDexPage
0x0810F044	0x0810F08B	thumb	RemoveDexPageWindows
0x0810F08C	0x0810F7A7	thumb	DexScreen_DrawMonAreaPage
0x0810F7A8	0x0810F7F7	thumb	DexScreen_DestroyAreaScreenResources
0x0810F7F8	0x0810F843	thumb	DexScreen_IsPageUnlocked
0x0810F844	0x0810F87B	thumb	DexScreen_IsCategoryUnlocked
0x0810F87C	0x0810F907	thumb	DexScreen_CreateCategoryPageSpeciesList
0x0810F908	0x0810F97F	thumb	DexScreen_GetPageLimitsForCategory
0x0810F980	0x0810FA3F	thumb	DexScreen_LookUpCategoryBySpecies
0x0810FA40	0x0810FA8F	thumb	DexScreen_PageNumberToRenderablePages
0x0810FA90	0x0810FABB	thumb	DexScreen_InputHandler_StartToCry
0x0810FABC	0x0810FB5F	thumb	DexScreen_RegisterMonToPokedex
0x0810FB60	0x0810FB6D	thumb	Task_DexScreen_RegisterNonKantoMonBeforeNationalDex
0x0810FB70	0x0810FDBB	thumb	Task_DexScreen_RegisterMonToPokedex
0x0810FDBC	0x0810FE1F	thumb	DexScreen_PrintStringWithAlignment
0x0810FE20	0x0810FE33	thumb	GetPokedexCategoryName
0x0810FE34	0x0810FE67	thumb	GetPokedexHeightWeight
0x0810FE68	0x0810FE7B	thumb	GetSetPokedexFlag
0x0810FE7C	0x0810FEE5	thumb	GetNationalPokedexCount
0x0810FEE8	0x0810FF45	thumb	GetKantoPokedexCount
0x0810FF48	0x0810FFAD	thumb	GetExtendedPokedexCount
0x0810FFB0	0x0810FFD9	thumb	HasAllHoennMons
0x0810FFDC	0x08110005	thumb	HasAllExtendedMons
0x08110008	0x0811002D	thumb	HasAllKantoMons
0x08110030	0x0811008D	thumb	HasAllMons
0x08110090	0x081100B9	thumb	HasNationalMon
0x081100BC	0x081100E1	thumb	HasAllKantoMonsNew
0x081100E4	0x08110135	thumb	HasAllMonsNew
0x08110138	0x08110147	thumb	AbsFollowerDelta
0x08110148	0x0811015D	thumb	IsPokemonFollowerLocalId
0x08110160	0x0811017F	thumb	IsPokemonFollowerObjectEvent
0x08110180	0x081101BB	thumb	FindFollowerObjectEventId
0x081101BC	0x08110203	thumb	ClearFollowerRuntimeState
0x08110204	0x08110283	thumb	RemovePokemonFollower
0x08110284	0x08110297	thumb	RecallPokemonFollowerForScript
0x08110298	0x0811031F	thumb	TryRemovePokemonFollowerToFreeObject
0x08110320	0x0811035F	thumb	GetScriptedMovementDestination
0x08110360	0x081104BF	thumb	HandlePokemonFollowerBeforeScriptedMovement
0x081104C0	0x081104CB	thumb	ClearPokemonFollowerScriptHide
0x081104CC	0x08110517	thumb	ShouldSuppressPokemonFollower
0x08110518	0x08110597	thumb	FindEligiblePartyMon
0x08110598	0x0811063B	thumb	ChooseInitialFollowerCoords
0x0811063C	0x081107AB	thumb	SpawnPokemonFollower
0x081107AC	0x08110827	thumb	GetDirectionTowardCoords
0x08110828	0x081108B1	thumb	GetFollowerLedgeJumpDirection
0x081108B4	0x081108E3	thumb	GetActivePlayerLedgeJumpDirection
0x081108E4	0x081109F3	thumb	TryMoveFollower
0x081109F4	0x08110AC3	thumb	RepairFollowerPosition
0x08110AC4	0x08110D1F	thumb	UpdateFollowerMovement
0x08110D20	0x08110E23	thumb	UpdatePokemonFollower
0x08110E24	0x08110ECB	thumb	CreateMonIcon
0x08110ECC	0x08110F43	thumb	CreateMonIcon_HandleDeoxys
0x08110F44	0x08110FBF	thumb	GetIconSpecies
0x08110FC0	0x08110FF3	thumb	GetUnownLetterByPersonality
0x08110FF4	0x08111043	thumb	MailSpeciesToIconSpecies
0x08111044	0x081110A3	thumb	GetMonIconTiles
0x081110A4	0x0811117B	thumb	GetMonIconPtr
0x0811117C	0x081111AB	thumb	DestroyMonIcon
0x081111AC	0x081111CB	thumb	LoadMonIconPalettes
0x081111CC	0x08111217	thumb	SafeLoadMonIconPalette
0x08111218	0x08111247	thumb	LoadMonIconPalette
0x08111248	0x0811128B	thumb	FreeMonIconPalettes
0x0811128C	0x081112BF	thumb	SafeFreeMonIconPalette
0x081112C0	0x081112E3	thumb	FreeMonIconPalette
0x081112E4	0x081112ED	thumb	SpriteCB_MonIcon
0x081112F0	0x08111323	thumb	LoadMonIconPalettesAt
0x08111324	0x0811134B	thumb	GetValidMonIconPalettePtr
0x0811134C	0x08111363	thumb	GetValidMonIconPalIndex
0x08111364	0x08111373	thumb	GetMonIconPaletteIndexFromSpecies
0x08111374	0x0811141B	thumb	UpdateMonIconFrame
0x0811141C	0x081114AB	thumb	CreateMonIconSprite
0x081114AC	0x081114DB	thumb	DestroyMonIconInternal
0x081114DC	0x081114F1	thumb	SetPartyHPBarSprite
0x081114F4	0x08111533	thumb	CreateStaticCountdownTask
0x08111534	0x0811155F	thumb	StartStaticCountdown
0x08111560	0x0811156F	thumb	IsStaticCountdownRunning
0x08111570	0x081115D3	thumb	Task_StaticCountdown
0x081115D4	0x081116C3	thumb	StaticCountdown_CreateSprites
0x081116C4	0x08111747	thumb	Task_StaticCountdown_Init
0x08111748	0x081117BF	thumb	Task_StaticCountdown_Free
0x081117C0	0x081118BB	thumb	SpriteCB_StaticCountdown
0x081118BC	0x08111903	thumb	Task_StaticCountdown_Start
0x08111904	0x0811197F	thumb	Task_StaticCountdown_Run
0x08111980	0x08111AA3	thumb	StartPokemonJump
0x08111AA4	0x08111ABF	thumb	FreePokemonJump
0x08111AC0	0x08111B0F	thumb	InitGame
0x08111B10	0x08111BB3	thumb	ResetForNewGame
0x08111BB4	0x08111C27	thumb	InitPlayerAndJumpTypes
0x08111C28	0x08111C6B	thumb	ResetPlayersForNewGame
0x08111C6C	0x08111C93	thumb	GetPokemonJumpSpeciesIdx
0x08111C94	0x08111CBD	thumb	InitJumpMonInfo
0x08111CC0	0x08111CD1	thumb	VBlankCB_PokemonJump
0x08111CD4	0x08111CE9	thumb	CB2_PokemonJump
0x08111CEC	0x08111D0B	thumb	SetPokeJumpTask
0x08111D0C	0x08111E67	thumb	Task_StartPokemonJump
0x08111E68	0x08111E8F	thumb	SetLinkTimeInterval
0x08111E90	0x08111EC7	thumb	SetFunc_Leader
0x08111EC8	0x08111FAB	thumb	RecvLinkData_Leader
0x08111FAC	0x0811204B	thumb	Task_PokemonJump_Leader
0x0811204C	0x081120C3	thumb	SendLinkData_Leader
0x081120C4	0x081120F3	thumb	SetFunc_Member
0x081120F4	0x08112223	thumb	RecvLinkData_Member
0x08112224	0x08112283	thumb	Task_PokemonJump_Member
0x08112284	0x08112307	thumb	SendLinkData_Member
0x08112308	0x08112347	thumb	GameIntro_Leader
0x08112348	0x0811237F	thumb	GameIntro_Member
0x08112380	0x081123DB	thumb	WaitRound_Leader
0x081123DC	0x0811244F	thumb	WaitRound_Member
0x08112450	0x0811249F	thumb	GameRound_Leader
0x081124A0	0x081124D7	thumb	GameRound_Member
0x081124D8	0x08112573	thumb	GameOver_Leader
0x08112574	0x081125F3	thumb	GameOver_Member
0x081125F4	0x08112683	thumb	AskPlayAgain_Leader
0x08112684	0x081126D3	thumb	AskPlayAgain_Member
0x081126D4	0x08112723	thumb	ResetGame_Leader
0x08112724	0x0811275B	thumb	ResetGame_Member
0x0811275C	0x081127AF	thumb	ExitGame
0x081127B0	0x081127EF	thumb	GivePrize_Leader
0x081127F0	0x0811280F	thumb	GivePrize_Member
0x08112810	0x081128EB	thumb	SavePokeJump
0x081128EC	0x08112A43	thumb	DoGameIntro
0x08112A44	0x08112B03	thumb	HandleSwingRound
0x08112B04	0x08112C63	thumb	DoVineHitEffect
0x08112C64	0x08112D87	thumb	TryGivePrize
0x08112D88	0x08112E13	thumb	DoPlayAgainPrompt
0x08112E14	0x08112EE7	thumb	ClosePokeJumpLink
0x08112EE8	0x08112F53	thumb	CloseMessageAndResetScore
0x08112F54	0x08113093	thumb	Task_CommunicateMonInfo
0x08113094	0x081130AF	thumb	SetTaskWithPokeJumpStruct
0x081130B0	0x081130CB	thumb	InitVineState
0x081130CC	0x081130FF	thumb	ResetVineState
0x08113100	0x08113187	thumb	UpdateVineState
0x08113188	0x081131B3	thumb	GetVineSpeed
0x081131B4	0x081132BB	thumb	UpdateVineSpeed
0x081132BC	0x081132DF	thumb	PokeJumpRandom
0x081132E0	0x081132FF	thumb	ResetVineAfterHit
0x08113300	0x0811330B	thumb	IsGameOver
0x0811330C	0x0811333F	thumb	ResetPlayersJumpStates
0x08113340	0x08113357	thumb	ResetPlayersMonState
0x08113358	0x08113383	thumb	IsPlayersMonState
0x08113384	0x081133A3	thumb	SetMonStateJump
0x081133A4	0x081133C7	thumb	SetMonStateHit
0x081133C8	0x081133E3	thumb	SetMonStateNormal
0x081133E4	0x0811346F	thumb	UpdateGame
0x08113470	0x081134AF	thumb	TryUpdateVineSwing
0x081134B0	0x081134BF	thumb	DisallowVineUpdates
0x081134C0	0x081134CF	thumb	AllowVineUpdates
0x081134D0	0x081135DF	thumb	HandleMonState
0x081135E0	0x081136CB	thumb	UpdateJump
0x081136CC	0x08113853	thumb	TryUpdateScore
0x08113854	0x081138DB	thumb	UpdateVineHitStates
0x081138DC	0x0811391B	thumb	AllPlayersJumpedOrHit
0x0811391C	0x0811394F	thumb	DidAllPlayersClearVine
0x08113950	0x08113983	thumb	ShouldPlayAgain
0x08113984	0x081139A3	thumb	AddJumpScore
0x081139A4	0x081139E3	thumb	GetPlayersAtJumpPeak
0x081139E4	0x08113A07	thumb	AreLinkQueuesEmpty
0x08113A08	0x08113A43	thumb	GetNumPlayersForBonus
0x08113A44	0x08113A53	thumb	ClearUnreadField
0x08113A54	0x08113A5F	thumb	GetScoreBonus
0x08113A60	0x08113A77	thumb	TryUpdateExcellentsRecord
0x08113A78	0x08113A8F	thumb	HasEnoughScoreForPrize
0x08113A90	0x08113AFB	thumb	GetPrizeData
0x08113AFC	0x08113B09	thumb	UnpackPrizeData
0x08113B0C	0x08113B23	thumb	GetPrizeItemId
0x08113B24	0x08113B73	thumb	GetPrizeQuantity
0x08113B74	0x08113BA3	thumb	GetQuantityLimitedByBag
0x08113BA4	0x08113BB1	thumb	GetNumPokeJumpPlayers
0x08113BB4	0x08113BBF	thumb	GetPokeJumpMultiplayerId
0x08113BC0	0x08113BDF	thumb	GetMonInfoByMultiplayerId
0x08113BE0	0x08113BFF	thumb	GetPokeJumpPlayerName
0x08113C00	0x08113C27	thumb	IsSpeciesAllowedInPokemonJump
0x08113C28	0x08113C83	thumb	IsPokemonJumpSpeciesInParty
0x08113C84	0x08113CA5	thumb	SendPacket_MonInfo
0x08113CA8	0x08113CF3	thumb	RecvPacket_MonInfo
0x08113CF4	0x08113D0B	thumb	SendPacket_Unused
0x08113D0C	0x08113D4F	thumb	SendPacket_LeaderState
0x08113D50	0x08113DB7	thumb	RecvPacket_LeaderState
0x08113DB8	0x08113DE3	thumb	SendPacket_MemberState
0x08113DE4	0x08113E3F	thumb	RecvPacket_MemberStateToLeader
0x08113E40	0x08113E8F	thumb	RecvPacket_MemberStateToMember
0x08113E90	0x08113ED7	thumb	StartPokeJumpGfx
0x08113ED8	0x08113EE5	thumb	FreeWindowsAndDigitObj
0x08113EE8	0x08113EF3	thumb	InitPokeJumpGfx
0x08113EF4	0x08113F37	thumb	SetUpPokeJumpGfxFuncById
0x08113F38	0x08113F4B	thumb	IsPokeJumpGfxFuncFinished
0x08113F4C	0x08113F6F	thumb	SetUpPokeJumpGfxFunc
0x08113F70	0x08113F93	thumb	Task_RunPokeJumpGfxFunc
0x08113F94	0x0811412B	thumb	LoadPokeJumpGfx
0x0811412C	0x081141C7	thumb	PrintPlayerNamesNoHighlight
0x081141C8	0x08114253	thumb	PrintPlayerNamesWithHighlight
0x08114254	0x081142CB	thumb	ErasePlayerNames
0x081142CC	0x081143A3	thumb	Msg_WantToPlayAgain
0x081143A4	0x08114457	thumb	Msg_SavingDontTurnOff
0x08114458	0x081144BB	thumb	EraseMessage
0x081144BC	0x0811456F	thumb	Msg_SomeoneDroppedOut
0x08114570	0x08114623	thumb	Msg_CommunicationStandby
0x08114624	0x0811468F	thumb	DoPokeJumpCountdown
0x08114690	0x081146B7	thumb	SetUpResetVineGfx
0x081146B8	0x08114723	thumb	ResetVineGfx
0x08114724	0x08114803	thumb	PrintPrizeMessage
0x08114804	0x0811488F	thumb	PrintPrizeFilledBagMessage
0x08114890	0x0811491B	thumb	PrintNoRoomForPrizeMessage
0x0811491C	0x081149AB	thumb	DoPrizeMessageAndFanfare
0x081149AC	0x081149DB	thumb	ClearMessageWindow
0x081149DC	0x08114A23	thumb	RemoveMessageWindow
0x08114A24	0x08114A2D	thumb	HandlePlayAgainInput
0x08114A30	0x08114A65	thumb	AddMessageWindow
0x08114A68	0x08114AA3	thumb	CreatePokeJumpYesNoMenu
0x08114AA4	0x08114B0F	thumb	PrintScoreSuffixes
0x08114B10	0x08114BE7	thumb	CreateJumpMonSprites
0x08114BE8	0x08114C03	thumb	SetMonSpriteY
0x08114C04	0x08114C33	thumb	UpdateVineSwing
0x08114C34	0x08114CE7	thumb	DoSameJumpTimeBonus
0x08114CE8	0x08114D2B	thumb	InitDigitPrinters
0x08114D2C	0x08114D39	thumb	PrintScore
0x08114D3C	0x08114D4B	thumb	PrintJumpsInRow
0x08114D4C	0x08114D7F	thumb	StartMonHitShake
0x08114D80	0x08114DB3	thumb	StartMonHitFlash
0x08114DB4	0x08114DDB	thumb	IsMonHitShakeActive
0x08114DDC	0x08114E4F	thumb	StopMonHitFlash
0x08114E50	0x08114E8B	thumb	ResetMonSpriteSubpriorities
0x08114E8C	0x08114EBF	thumb	StartMonIntroBounce
0x08114EC0	0x08114EFF	thumb	IsMonIntroBounceActive
0x08114F00	0x08114F83	thumb	AddPlayerNameWindows
0x08114F84	0x0811501F	thumb	PrintPokeJumpPlayerName
0x08115020	0x0811507F	thumb	PrintPokeJumpPlayerNames
0x08115080	0x081150B3	thumb	DrawPlayerNameWindows
0x081150B4	0x081150FF	thumb	ShowBonus
0x08115100	0x0811513B	thumb	UpdateBonus
0x0811513C	0x08115177	thumb	Task_UpdateBonus
0x08115178	0x081151BB	thumb	LoadSpriteSheetsAndPalettes
0x081151BC	0x081151CB	thumb	ResetPokeJumpSpriteData
0x081151CC	0x081152EF	thumb	CreateJumpMonSprite
0x081152F0	0x08115353	thumb	DoStarAnim
0x08115354	0x081153BB	thumb	SpriteCB_Star
0x081153BC	0x081153E7	thumb	Gfx_StartMonHitShake
0x081153E8	0x08115407	thumb	Gfx_IsMonHitShakeActive
0x08115408	0x08115447	thumb	SpriteCB_MonHitShake
0x08115448	0x08115473	thumb	Gfx_StartMonHitFlash
0x08115474	0x081154DF	thumb	Gfx_StopMonHitFlash
0x081154E0	0x08115515	thumb	SpriteCB_MonHitFlash
0x08115518	0x0811554B	thumb	Gfx_ResetMonSpriteSubpriorities
0x0811554C	0x08115577	thumb	Gfx_StartMonIntroBounce
0x08115578	0x081155B3	thumb	Gfx_IsMonIntroBounceActive
0x081155B4	0x08115637	thumb	SpriteCB_MonIntroBounce
0x08115638	0x08115687	thumb	CreateStarSprite
0x08115688	0x08115757	thumb	CreateVineSprites
0x08115758	0x0811584F	thumb	UpdateVineAnim
0x08115850	0x08115897	thumb	StartPokeJumpCountdown
0x08115898	0x081158A1	thumb	IsPokeJumpCountdownRunning
0x081158A4	0x081158B7	thumb	GetPokeJumpRecords
0x081158B8	0x081158DB	thumb	ResetPokemonJumpRecords
0x081158DC	0x0811593F	thumb	TryUpdateRecords
0x08115940	0x08115963	thumb	IncrementGamesWithMaxPlayers
0x08115964	0x0811597B	thumb	ShowPokemonJumpRecords
0x0811597C	0x08115A0F	thumb	Task_ShowPokemonJumpRecords
0x08115A10	0x08115B2B	thumb	PrintRecordsText
0x08115B2C	0x08115B41	thumb	TruncateToFirstWordOnly
0x08115B48	0x08115BCB	thumb	GetMonSizeHash
0x08115BCC	0x08115BF3	thumb	TranslateBigMonSizeTableIndex
0x08115BF4	0x08115C8B	thumb	GetMonSize
0x08115C8C	0x08115CD3	thumb	FormatMonSizeRecord
0x08115CD4	0x08115D6B	thumb	CompareMonSize
0x08115D6C	0x08115DA7	thumb	GetMonSizeRecordInfo
0x08115DA8	0x08115DBB	thumb	InitHeracrossSizeRecord
0x08115DBC	0x08115DF3	thumb	GetHeracrossSizeRecordInfo
0x08115DF4	0x08115E13	thumb	CompareHeracrossSize
0x08115E14	0x08115E27	thumb	InitMagikarpSizeRecord
0x08115E28	0x08115E5F	thumb	GetMagikarpSizeRecordInfo
0x08115E60	0x08115E7F	thumb	CompareMagikarpSize
0x08115E80	0x08115F2B	thumb	GiveGiftRibbonToParty
0x08115F2C	0x08116027	thumb	InitPokemonSpecialAnimScene
0x08116028	0x0811603F	thumb	PokemonSpecialAnimSceneInitIsNotFinished
0x08116040	0x08116049	thumb	PSA_FreeWindowBuffers
0x0811604C	0x08116071	thumb	PSA_ShowMessageWindow
0x08116074	0x0811608F	thumb	PSA_HideMessageWindow
0x08116090	0x08116233	thumb	PSA_PrintMessage
0x08116234	0x08116249	thumb	PSA_AfterPoof_ClearMessageWindow
0x0811624C	0x0811625B	thumb	PSA_IsMessagePrintTaskActive
0x0811625C	0x0811628D	thumb	PSA_DarkenMonSprite
0x08116290	0x081162EF	thumb	PSA_RunPoofAnim
0x081162F0	0x081162FD	thumb	PSA_UseTM_SetUpZoomOutAnim
0x08116300	0x0811632B	thumb	PSA_UseTM_CleanUpForCancel
0x0811632C	0x0811649B	thumb	PSA_UseTM_RunZoomOutAnim
0x0811649C	0x081164A9	thumb	PSA_UseTM_SetUpMachineSetWobble
0x081164AC	0x08116503	thumb	PSA_UseTM_RunMachineSetWobble
0x08116504	0x08116521	thumb	PSA_CreateLevelUpVerticalSpritesTask
0x08116524	0x08116533	thumb	PSA_LevelUpVerticalSpritesTaskIsRunning
0x08116534	0x0811656F	thumb	PSA_DrawLevelUpWindowPg1
0x08116570	0x08116591	thumb	PSA_DrawLevelUpWindowPg2
0x08116594	0x0811659D	thumb	PSA_IsCopyingLevelUpWindowToVram
0x081165A0	0x081165F3	thumb	LoadBgGfxByAnimType
0x081165F4	0x0811675F	thumb	PSA_CreateMonSpriteAtCloseness
0x08116760	0x081167B7	thumb	PSA_SetUpZoomAnim
0x081167B8	0x081167C7	thumb	PSA_IsZoomTaskActive
0x081167C8	0x081168DB	thumb	Task_ZoomAnim
0x081168DC	0x081168E9	thumb	SetSpriteWithCloseness
0x081168EC	0x081168FB	thumb	IsZoomSpriteCBActive
0x081168FC	0x08116917	thumb	GetSpriteOffsetByScale
0x08116918	0x08116941	thumb	GetYPosByScale
0x08116944	0x0811698F	thumb	MonSpriteZoom_UpdateYPos
0x08116990	0x081169CB	thumb	ItemSpriteZoom_UpdateYPos
0x081169CC	0x081169EB	thumb	StartMonWiggleAnim
0x081169EC	0x081169FB	thumb	StopMonWiggleAnim
0x081169FC	0x08116A57	thumb	SpriteCallback_MonSpriteWiggle
0x08116A58	0x08116A7D	thumb	LoadMonSpriteGraphics
0x08116A80	0x08116B17	thumb	PSA_SetUpItemUseOnMonAnim
0x08116B18	0x08116B1F	thumb	GetBlendColorByItemId
0x08116B20	0x08116B4D	thumb	CreateItemIconSpriteAtMaxCloseness
0x08116B50	0x08116BAF	thumb	PSA_CreateItemIconObject
0x08116BB0	0x08116BBF	thumb	PSA_IsItemUseOnMonAnimActive
0x08116BC0	0x08116D17	thumb	Task_ItemUseOnMonAnim
0x08116D18	0x08116DC3	thumb	CreateSprites_UseItem_OutwardSpiralDots
0x08116DC4	0x08116E27	thumb	SpriteCB_OutwardSpiralDots
0x08116E28	0x08116E4F	thumb	PSA_UseItem_CleanUpForCancel
0x08116E50	0x08116F03	thumb	InitItemIconSpriteState
0x08116F04	0x08116F27	thumb	MachineSetWobbleInit
0x08116F28	0x08116F37	thumb	MachineSetWobble_SetCB
0x08116F38	0x08116F53	thumb	MachineSetWobbleCBIsRunning
0x08116F54	0x08116F8B	thumb	SpriteCB_MachineSetWobble
0x08116F8C	0x08116FEB	thumb	StartZoomOutAnimForUseTM
0x08116FEC	0x081170CB	thumb	CreateStarSprites
0x081170CC	0x081170D7	thumb	AnyStarSpritesActive
0x081170D8	0x08117121	thumb	SpriteCB_Star
0x08117124	0x0811716B	thumb	PSAScene_SeedRandomInTask
0x0811716C	0x08117193	thumb	StopMakingOutwardSpiralDots
0x08117194	0x081172EB	thumb	Task_UseItem_OutwardSpiralDots
0x081172EC	0x0811731F	thumb	PSAScene_RandomFromTask
0x08117320	0x0811737B	thumb	SpriteCallback_UseItem_OutwardSpiralDots
0x0811737C	0x08117397	thumb	LoadOutwardSpiralDotsGfx
0x08117398	0x081173A7	thumb	IsOutwardSpiralDotsTaskRunning
0x081173A8	0x0811745B	thumb	CreateLevelUpVerticalSpritesTask
0x0811745C	0x0811746B	thumb	LevelUpVerticalSpritesTaskIsRunning
0x0811746C	0x081174E3	thumb	Task_LevelUpVerticalSprites
0x081174E4	0x0811757F	thumb	CreateLevelUpVerticalSprite
0x08117580	0x081175B7	thumb	SpriteCB_LevelUpVertical
0x081175B8	0x08117707	thumb	DrawLevelUpWindowPg1
0x08117708	0x081177EF	thumb	DrawLevelUpWindowPg2
0x081177F0	0x08117815	thumb	StartUseItemAnim_Normal
0x08117818	0x08117883	thumb	StartUseItemAnim_ForgetMoveAndLearnTMorHM
0x08117884	0x081178CF	thumb	StartUseItemAnim_CantEvolve
0x081178D0	0x081179FF	thumb	AllocPSA
0x08117A00	0x08117A11	thumb	VBlankCB_PSA
0x08117A14	0x08117A2D	thumb	CB2_PSA
0x08117A30	0x08117A5B	thumb	SetUseItemAnimCallback
0x08117A5C	0x08117AC7	thumb	SetUpUseItemAnim_Normal
0x08117AC8	0x08117AFF	thumb	SetUpUseItemAnim_ForgetMoveAndLearnTMorHM
0x08117B00	0x08117B33	thumb	SetUpUseItemAnim_CantEvolve
0x08117B34	0x08117D17	thumb	Task_UseItem_Normal
0x08117D18	0x08117E9F	thumb	Task_ForgetMove
0x08117EA0	0x08118013	thumb	Task_EvoStone_CantEvolve
0x08118014	0x08118103	thumb	Task_UseTM_NoForget
0x08118104	0x08118233	thumb	Task_MachineSet
0x08118234	0x081182B7	thumb	Task_CleanUp
0x081182B8	0x081182DF	thumb	GetAnimTypeByItemId
0x081182E0	0x081182FF	thumb	GetClosenessFromFriendship
0x08118300	0x08118313	thumb	GetPSAStruct
0x08118314	0x08118333	thumb	PSA_GetPokemon
0x08118334	0x0811834B	thumb	PSA_GetSceneWork
0x0811834C	0x08118363	thumb	PSA_GetItemId
0x08118364	0x0811837B	thumb	PSA_GetNameOfMoveForgotten
0x0811837C	0x08118393	thumb	PSA_GetNameOfMoveToTeach
0x08118394	0x081183B7	thumb	PSA_CopyMonNickname
0x081183B8	0x081183CF	thumb	PSA_GetMonNickname
0x081183D0	0x081183E7	thumb	PSA_GetAnimType
0x081183E8	0x081183FF	thumb	PSA_GetMonSpecies
0x08118400	0x08118417	thumb	PSA_GetMonPersonality
0x08118418	0x0811845D	thumb	GetMonLevelUpWindowStats
0x08118460	0x0811846B	thumb	PSA_IsCancelDisabled
0x0811846C	0x0811856F	thumb	StoreHPAndStatusInBoxMon
0x08118570	0x0811863F	thumb	PopulateBoxHpAndStatusToPartyMon
0x08118640	0x081186B3	thumb	GetFirstAliveBoxMon
0x081186B4	0x08118717	thumb	SwapFirstAliveBoxPokemon
0x08118718	0x0811872F	thumb	GetDeoxysSpeciesFromForme
0x08118730	0x081187B3	thumb	InitCursor
0x081187B4	0x08118827	thumb	InitCursorOnReopen
0x08118828	0x081188CF	thumb	GetCursorCoordsByPos
0x081188D0	0x0811891F	thumb	GetSpeciesAtCursorPosition
0x08118920	0x08118A0B	thumb	UpdateCursorPos
0x08118A0C	0x08118AD7	thumb	InitNewCursorPos
0x08118AD8	0x08118BA3	thumb	InitCursorMove
0x08118BA4	0x08118D4F	thumb	SetCursorPosition
0x08118D50	0x08118E67	thumb	DoCursorNewPosUpdate
0x08118E68	0x08118EBB	thumb	SetCursorInParty
0x08118EBC	0x08118ECB	thumb	SetCursorBoxPosition
0x08118ECC	0x08118ED7	thumb	ClearSavedCursorPos
0x08118ED8	0x08118EEB	thumb	SaveCursorPos
0x08118EEC	0x08118EF7	thumb	GetSavedCursorPos
0x08118EF8	0x08118F1F	thumb	InitMonPlaceChange
0x08118F20	0x08118F4F	thumb	InitMultiMonPlaceChange
0x08118F50	0x08118F6B	thumb	DoMonPlaceChange
0x08118F6C	0x0811900F	thumb	MonPlaceChange_Grab
0x08119010	0x08119097	thumb	MonPlaceChange_Place
0x08119098	0x08119143	thumb	MonPlaceChange_Shift
0x08119144	0x0811916F	thumb	MonPlaceChange_DoMoveCursorDown
0x08119170	0x0811918F	thumb	MonPlaceChange_DoMoveCursorUp
0x08119190	0x081191BB	thumb	MonPlaceChange_MoveCursorDown
0x081191BC	0x081191DB	thumb	MonPlaceChange_MoveCursorUp
0x081191DC	0x0811923F	thumb	MoveMon
0x08119240	0x08119293	thumb	PlaceMon
0x08119294	0x081192C3	thumb	DoTrySetDisplayMonData
0x081192C4	0x0811935F	thumb	SetMovedMonData
0x08119360	0x081193E3	thumb	SetPlacedMonData
0x081193E4	0x0811940B	thumb	PurgeMonOrBoxMon
0x0811940C	0x08119497	thumb	SetShiftedMonData
0x08119498	0x0811951B	thumb	TryStorePartyMonInBox
0x0811951C	0x0811955B	thumb	ResetSelectionAfterDeposit
0x0811955C	0x081195AB	thumb	InitReleaseMon
0x081195AC	0x081195D7	thumb	TryHideReleaseMon
0x081195D8	0x0811965B	thumb	ReleaseMon
0x0811965C	0x08119683	thumb	TrySetCursorFistAnim
0x08119684	0x0811979F	thumb	InitCanReleaseMonVars
0x081197A0	0x081198EF	thumb	RunCanReleaseMon
0x081198F0	0x0811991F	thumb	SaveMovingMon
0x08119920	0x0811996B	thumb	LoadSavedMovingMon
0x0811996C	0x08119A23	thumb	InitSummaryScreenData
0x08119A24	0x08119A47	thumb	SetSelectionAfterSummaryScreen
0x08119A48	0x08119AD7	thumb	CompactPartySlots
0x08119AD8	0x08119B5B	thumb	SetMonMarkings
0x08119B5C	0x08119B93	thumb	CanMovePartyMon
0x08119B94	0x08119BF7	thumb	CanShiftMon
0x08119BF8	0x08119C03	thumb	IsMonBeingMoved
0x08119C04	0x08119C17	thumb	IsCursorOnBoxTitle
0x08119C18	0x08119C3B	thumb	IsCursorOnCloseBox
0x08119C3C	0x08119C4B	thumb	IsCursorInBox
0x08119C4C	0x08119C7B	thumb	TrySetDisplayMonData
0x08119C7C	0x08119CB3	thumb	ReshowDisplayMon
0x08119CB4	0x0811A0BB	thumb	SetDisplayMonData
0x0811A0BC	0x0811A0EB	thumb	HandleInput_InBox
0x0811A0EC	0x0811A31F	thumb	HandleInput_InBox_Normal
0x0811A320	0x0811A43B	thumb	HandleInput_InBox_GrabbingMultiple
0x0811A43C	0x0811A533	thumb	HandleInput_InBox_MovingMultiple
0x0811A534	0x0811A6CB	thumb	HandleInput_InParty
0x0811A6CC	0x0811A7DB	thumb	HandleInput_BoxTitle
0x0811A7DC	0x0811A8D7	thumb	HandleInput_OnButtons
0x0811A8D8	0x0811A91F	thumb	HandleInput
0x0811A920	0x0811A96B	thumb	AddBoxMenu
0x0811A96C	0x0811A9AF	thumb	SetSelectionMenuTexts
0x0811A9B0	0x0811AA67	thumb	SetMenuTextsForMon
0x0811AA68	0x0811AAF7	thumb	SetMenuTextsForItem
0x0811AAF8	0x0811AB13	thumb	SpriteCB_CursorShadow
0x0811AB14	0x0811ACA3	thumb	CreateCursorSprites
0x0811ACA4	0x0811ACDB	thumb	ToggleCursorMultiMoveMode
0x0811ACDC	0x0811ACE7	thumb	GetBoxCursorPosition
0x0811ACE8	0x0811AD2F	thumb	GetCursorBoxColumnAndRow
0x0811AD30	0x0811AD4B	thumb	StartCursorAnim
0x0811AD4C	0x0811AD57	thumb	GetMovingMonOriginalBoxId
0x0811AD58	0x0811AD73	thumb	SetCursorPriorityTo1
0x0811AD74	0x0811AD97	thumb	TryHideItemAtCursor
0x0811AD98	0x0811ADBB	thumb	TryShowItemAtCursor
0x0811ADBC	0x0811ADEB	thumb	InitMenu
0x0811ADEC	0x0811AE53	thumb	SetMenuText
0x0811AE54	0x0811AE87	thumb	GetMenuItemTextId
0x0811AE88	0x0811AF5B	thumb	AddMenu
0x0811AF5C	0x0811AF5F	thumb	IsMenuLoading
0x0811AF60	0x0811B027	thumb	HandleMenuInput
0x0811B028	0x0811B04F	thumb	RemoveMenu
0x0811B050	0x0811B0B7	thumb	TrySetDisplayMonData.part.0
0x0811B0BC	0x0811B123	thumb	InitMonIconFields
0x0811B124	0x0811B133	thumb	GetMonIconPriorityByCursorArea
0x0811B134	0x0811B19F	thumb	CreateMovingMonIcon
0x0811B1A0	0x0811B2D7	thumb	InitBoxMonSprites
0x0811B2D8	0x0811B3B7	thumb	CreateBoxMonIconAtPos
0x0811B3B8	0x0811B3F7	thumb	StartBoxMonIconsScrollOut
0x0811B3F8	0x0811B42F	thumb	SpriteCB_BoxMonIconScrollIn
0x0811B430	0x0811B467	thumb	SpriteCB_BoxMonIconScrollOut
0x0811B468	0x0811B4C7	thumb	DestroyAllIconsInColumn
0x0811B4C8	0x0811B6A3	thumb	CreateBoxMonIconsInColumn
0x0811B6A4	0x0811B747	thumb	InitBoxMonIconScroll
0x0811B748	0x0811B833	thumb	UpdateBoxMonIconScroll
0x0811B834	0x0811B8EB	thumb	SetBoxSpeciesAndPersonalities
0x0811B8EC	0x0811B923	thumb	DestroyBoxMonIconAtPosition
0x0811B924	0x0811B957	thumb	SetBoxMonIconObjMode
0x0811B958	0x0811BADF	thumb	CreatePartyMonsSprites
0x0811BAE0	0x0811BBC7	thumb	CompactPartySprites
0x0811BBC8	0x0811BBDB	thumb	GetNumPartySpritesCompacting
0x0811BBDC	0x0811BC37	thumb	MovePartySpriteToNextSlot
0x0811BC38	0x0811BCBB	thumb	SpriteCB_MovePartySpriteToNextSlot
0x0811BCBC	0x0811BCEB	thumb	DestroyMovingMonIcon
0x0811BCEC	0x0811BD73	thumb	MovePartySprites
0x0811BD74	0x0811BDAB	thumb	DestroyPartyMonIcon
0x0811BDAC	0x0811BDF3	thumb	DestroyAllPartyMonIcons
0x0811BDF4	0x0811BE27	thumb	SetPartyMonIconObjMode
0x0811BE28	0x0811BEAB	thumb	SetMovingMonSprite
0x0811BEAC	0x0811BF1F	thumb	SetPlacedMonSprite
0x0811BF20	0x0811BF77	thumb	SetShiftMonSpritePtr
0x0811BF78	0x0811C08B	thumb	ShiftMons
0x0811C08C	0x0811C113	thumb	DoReleaseMonAnim
0x0811C114	0x0811C147	thumb	TryHideReleaseMonSprite
0x0811C148	0x0811C187	thumb	DestroyReleaseMonIcon
0x0811C188	0x0811C1B3	thumb	DoReleaseMonComeBackAnim
0x0811C1B4	0x0811C1DF	thumb	ResetReleaseMonSpritePtr
0x0811C1E0	0x0811C203	thumb	SetMovingMonPriority
0x0811C204	0x0811C223	thumb	SpriteCB_HeldMon
0x0811C224	0x0811C2AF	thumb	TryLoadMonIconTiles
0x0811C2B0	0x0811C2F7	thumb	RemoveSpeciesFromIconList
0x0811C2F8	0x0811C3CB	thumb	CreateMonIconSprite
0x0811C3CC	0x0811C3E1	thumb	DestroyBoxMonIcon
0x0811C3E4	0x0811C40B	thumb	CreateInitBoxTask
0x0811C40C	0x0811C41B	thumb	IsInitBoxActive
0x0811C41C	0x0811C4FB	thumb	Task_InitBox
0x0811C4FC	0x0811C5E7	thumb	SetUpScrollToBox
0x0811C5E8	0x0811C6EF	thumb	ScrollToBox
0x0811C6F0	0x0811C72F	thumb	DetermineBoxScrollDirection
0x0811C730	0x0811C757	thumb	SetWallpaperForCurrentBox
0x0811C758	0x0811C7EF	thumb	DoWallpaperGfxChange
0x0811C7F0	0x0811C8EF	thumb	LoadWallpaperGfx
0x0811C8F0	0x0811C8FF	thumb	WaitForWallpaperGfxLoad
0x0811C900	0x0811C98F	thumb	DrawWallpaper
0x0811C990	0x0811CA17	thumb	TrimOldWallpaper
0x0811CA18	0x0811CB9B	thumb	InitBoxTitle
0x0811CB9C	0x0811CD23	thumb	CreateIncomingBoxTitle
0x0811CD24	0x0811CD67	thumb	CycleBoxTitleSprites
0x0811CD68	0x0811CD93	thumb	SpriteCB_IncomingBoxTitle
0x0811CD94	0x0811CDCB	thumb	SpriteCB_OutgoingBoxTitle
0x0811CDCC	0x0811CE17	thumb	CycleBoxTitleColor
0x0811CE18	0x0811CE35	thumb	GetBoxTitleBaseX
0x0811CE38	0x0811CECB	thumb	CreateBoxScrollArrows
0x0811CECC	0x0811CF1B	thumb	StartBoxScrollArrowsSlide
0x0811CF1C	0x0811CF5F	thumb	StopBoxScrollArrowsSlide
0x0811CF60	0x0811CF9B	thumb	AnimateBoxScrollArrows
0x0811CF9C	0x0811D047	thumb	SpriteCB_BoxScrollArrow
0x0811D048	0x0811D0AB	thumb	CreateChooseBoxArrows
0x0811D0AC	0x0811D1B9	thumb	DrawTextWindowAndBufferTiles
0x0811D1BC	0x0811D289	thumb	PrintStringToBufferCopyNow
0x0811D28C	0x0811D2B9	thumb	CountMonsInBox
0x0811D2BC	0x0811D2E9	thumb	GetFirstFreeBoxSpot
0x0811D2EC	0x0811D333	thumb	CountPartyNonEggMons
0x0811D334	0x0811D38B	thumb	CountPartyAliveNonEggMonsExcept
0x0811D38C	0x0811D3A3	thumb	CountPartyAliveNonEggMons_IgnoreVar0x8004Slot
0x0811D3A4	0x0811D3D7	thumb	CountPartyMons
0x0811D3D8	0x0811D401	thumb	StringCopyAndFillWithSpaces
0x0811D404	0x0811D487	thumb	UnusedWriteRectCpu
0x0811D488	0x0811D56F	thumb	UnusedWriteRectDma
0x0811D570	0x0811D927	thumb	Task_PCMainMenu
0x0811D928	0x0811D94F	thumb	ShowPokemonStorageSystemPC
0x0811D950	0x0811D99B	thumb	FieldTask_ReturnToPcMenu
0x0811D99C	0x0811DA13	thumb	CreatePCMainMenu
0x0811DA14	0x0811DA3F	thumb	CB2_ExitPokeStorage
0x0811DA40	0x0811DA9F	thumb	ResetPokemonStorageSystem
0x0811DAA0	0x0811DB3B	thumb	LoadChooseBoxMenuGfx
0x0811DB3C	0x0811DB7F	thumb	FreeBoxSelectionPopupSpriteGfx
0x0811DB80	0x0811DB8D	thumb	CreateChooseBoxMenuSprites
0x0811DB90	0x0811DB99	thumb	DestroyChooseBoxMenuSprites
0x0811DB9C	0x0811DC33	thumb	HandleBoxChooseSelectionInput
0x0811DC34	0x0811DDD7	thumb	ChooseBoxMenu_CreateSprites
0x0811DDD8	0x0811DE27	thumb	ChooseBoxMenu_DestroySprites
0x0811DE28	0x0811DE57	thumb	ChooseBoxMenu_MoveRight
0x0811DE58	0x0811DE83	thumb	ChooseBoxMenu_MoveLeft
0x0811DE84	0x0811DF73	thumb	ChooseBoxMenu_PrintBoxNameAndCount
0x0811DF74	0x0811DFCB	thumb	ChooseBoxMenu_PrintTextToSprite
0x0811DFCC	0x0811DFFD	thumb	SpriteCB_ChooseBoxArrow
0x0811E000	0x0811E04F	thumb	MultiMove_Init
0x0811E050	0x0811E067	thumb	MultiMove_Free
0x0811E068	0x0811E077	thumb	MultiMove_SetFunction
0x0811E078	0x0811E0CF	thumb	MultiMove_RunFunction
0x0811E0D0	0x0811E1B7	thumb	MultiMove_Function_Start
0x0811E1B8	0x0811E21F	thumb	MultiMove_Function_Single
0x0811E220	0x0811E27F	thumb	MultiMove_Function_ChangeSelection
0x0811E280	0x0811E2E7	thumb	MultiMove_Function_GrabSelection
0x0811E2E8	0x0811E301	thumb	MultiMove_Function_MoveMons
0x0811E304	0x0811E3B3	thumb	MultiMove_Function_PlaceMons
0x0811E3B4	0x0811E43F	thumb	MultiMove_TryMoveGroup
0x0811E440	0x0811E547	thumb	MultiMove_UpdateSelectedIcons
0x0811E548	0x0811E577	thumb	MultiMove_SelectColumn
0x0811E578	0x0811E5A7	thumb	MultiMove_SelectRow
0x0811E5A8	0x0811E64F	thumb	MultiMove_DeselectColumn
0x0811E650	0x0811E6E3	thumb	MultiMove_DeselectRow
0x0811E6E4	0x0811E793	thumb	MultiMove_SetIconToBg
0x0811E794	0x0811E7EB	thumb	MultiMove_ClearIconFromBg
0x0811E7EC	0x0811E7FB	thumb	MultiMove_InitBg
0x0811E7FC	0x0811E83B	thumb	MultiMove_UpdateBg
0x0811E83C	0x0811E94B	thumb	MultiMove_GetMonsFromSelection
0x0811E94C	0x0811E9CB	thumb	MultiMove_RemoveMonsFromBox
0x0811E9CC	0x0811EA9F	thumb	MultiMove_CreatePlacedMonIcons
0x0811EAA0	0x0811EB83	thumb	MultiMove_SetPlacedMonData
0x0811EB84	0x0811EBCB	thumb	MultiMove_ResetBg
0x0811EBCC	0x0811EBE7	thumb	MultiMove_GetOriginPosition
0x0811EBE8	0x0811EC87	thumb	MultiMove_CanPlaceSelection
0x0811EC88	0x0811EDAB	thumb	CreateItemIconSprites
0x0811EDAC	0x0811EEFB	thumb	TryLoadItemIconAtPos
0x0811EEFC	0x0811EF67	thumb	TryHideItemIconAtPos
0x0811EF68	0x0811F047	thumb	Item_FromMonToMoving
0x0811F048	0x0811F117	thumb	InitItemIconInCursor
0x0811F118	0x0811F22B	thumb	Item_SwitchMonsWithMoving
0x0811F22C	0x0811F2DB	thumb	Item_GiveMovingToMon
0x0811F2DC	0x0811F38B	thumb	Item_TakeMons
0x0811F38C	0x0811F3EF	thumb	MoveItemFromCursorToBag
0x0811F3F0	0x0811F433	thumb	MoveHeldItemWithPartyMenu
0x0811F434	0x0811F48B	thumb	IsItemIconAnimActive
0x0811F48C	0x0811F4CB	thumb	IsActiveItemMoving
0x0811F4CC	0x0811F4E7	thumb	GetMovingItemName
0x0811F4E8	0x0811F4FB	thumb	GetMovingItem
0x0811F4FC	0x0811F547	thumb	GetNewItemIconIdx
0x0811F548	0x0811F58F	thumb	IsItemIconAtPosition
0x0811F590	0x0811F5D3	thumb	GetItemIconIdxByPosition
0x0811F5D4	0x0811F603	thumb	GetItemIconIdxBySprite
0x0811F604	0x0811F61D	thumb	SetItemIconPosition
0x0811F620	0x0811F631	thumb	LoadItemIconGfx
0x0811F634	0x0811F663	thumb	SetItemIconAffineAnim
0x0811F664	0x0811F681	thumb	SetItemIconCallback
0x0811F684	0x0811F6CB	thumb	SetItemIconActive
0x0811F6CC	0x0811F6DB	thumb	GetItemIconPic
0x0811F6DC	0x0811F6EB	thumb	GetItemIconPalette
0x0811F6EC	0x0811F767	thumb	PrintItemDescription
0x0811F768	0x0811F797	thumb	InitItemInfoWindow
0x0811F798	0x0811F827	thumb	UpdateItemInfoWindowSlideIn
0x0811F828	0x0811F8F7	thumb	UpdateItemInfoWindowSlideOut
0x0811F8F8	0x0811F983	thumb	DrawItemInfoWindow
0x0811F984	0x0811F9D3	thumb	SpriteCB_ItemIcon_WaitAnim
0x0811F9D4	0x0811FA53	thumb	SpriteCB_ItemIcon_ToHand
0x0811FA54	0x0811FA83	thumb	SpriteCB_ItemIcon_SetPosToCursor
0x0811FA84	0x0811FB47	thumb	SpriteCB_ItemIcon_ToMon
0x0811FB48	0x0811FC17	thumb	SpriteCB_ItemIcon_SwapToHand
0x0811FC18	0x0811FCEB	thumb	SpriteCB_ItemIcon_SwapToMon
0x0811FCEC	0x0811FD5F	thumb	SpriteCB_ItemIcon_HideParty
0x0811FD60	0x0811FD73	thumb	UnkUtil_Init
0x0811FD74	0x0811FDAB	thumb	UnkUtil_Run
0x0811FDAC	0x0811FE53	thumb	UnkUtil_CpuAdd
0x0811FE54	0x0811FE8D	thumb	UnkUtil_CpuRun
0x0811FE90	0x0811FEF3	thumb	UnkUtil_DmaAdd
0x0811FEF4	0x0811FFE3	thumb	UnkUtil_DmaRun
0x0811FFE4	0x081200AF	thumb	SetItemIconPosition.part.0
0x081200B0	0x08120173	thumb	LoadItemIconGfx.part.0
0x08120174	0x0812024B	thumb	SetItemIconCallback.part.0
0x08120250	0x0812027B	thumb	VBlankCB_PokeStorage
0x0812027C	0x081202E3	thumb	CB2_PokeStorage
0x081202E4	0x08120357	thumb	EnterPokeStorage
0x08120358	0x081203B7	thumb	CB2_ReturnToPokeStorage
0x081203B8	0x081203FD	thumb	ResetAllBgCoords
0x08120400	0x0812047F	thumb	ResetForPokeStorage
0x08120480	0x081204AB	thumb	InitStartingPosData
0x081204AC	0x081204E3	thumb	SetMonIconTransparency
0x081204E4	0x08120507	thumb	SetPokeStorageTask
0x08120508	0x08120747	thumb	Task_InitPokeStorage
0x08120748	0x0812079F	thumb	Task_ShowPokeStorage
0x081207A0	0x081207FB	thumb	Task_ReshowPokeStorage
0x081207FC	0x08120CC7	thumb	Task_PokeStorageMain
0x08120CC8	0x08120D3B	thumb	Task_ShowPartyPokemon
0x08120D3C	0x08120DDB	thumb	Task_HidePartyPokemon
0x08120DDC	0x0812112F	thumb	Task_OnSelectedMon
0x08121130	0x0812119F	thumb	Task_MoveMon
0x081211A0	0x08121213	thumb	Task_PlaceMon
0x08121214	0x0812126B	thumb	Task_ShiftMon
0x0812126C	0x0812137F	thumb	Task_WithdrawMon
0x08121380	0x081214B3	thumb	Task_DepositMenu
0x081214B4	0x081216D3	thumb	Task_ReleaseMon
0x081216D4	0x08121777	thumb	Task_ShowMarkMenu
0x08121778	0x0812184F	thumb	Task_TakeItemForMoving
0x08121850	0x08121907	thumb	Task_GiveMovingItemToMon
0x08121908	0x08121A07	thumb	Task_ItemToBag
0x08121A08	0x08121AEF	thumb	Task_SwitchSelectedItem
0x08121AF0	0x08121BAF	thumb	Task_ShowItemInfo
0x08121BB0	0x08121CD7	thumb	Task_CloseBoxWhileHoldingItem
0x08121CD8	0x08121D2B	thumb	Task_HandleMovingMonFromParty
0x08121D2C	0x08121DAF	thumb	Task_PrintCantStoreMail
0x08121DB0	0x08121EB7	thumb	Task_HandleBoxOptions
0x08121EB8	0x08122013	thumb	Task_HandleWallpapers
0x08122014	0x08122103	thumb	Task_JumpBox
0x08122104	0x0812216F	thumb	Task_NameBox
0x08122170	0x081221DB	thumb	Task_ShowMonSummary
0x081221DC	0x08122247	thumb	Task_GiveItemFromBag
0x08122248	0x081223DB	thumb	Task_OnCloseBoxPressed
0x081223DC	0x0812256B	thumb	Task_OnBPressed
0x0812256C	0x08122687	thumb	Task_ChangeScreen
0x08122688	0x081226DF	thumb	GiveChosenBagItem
0x081226E0	0x08122703	thumb	FreePokeStorageData
0x08122704	0x0812273B	thumb	SetScrollingBackground
0x0812273C	0x08122755	thumb	ScrollBackground
0x08122758	0x081227BB	thumb	LoadPokeStorageMenuGfx
0x081227BC	0x081227DB	thumb	InitPokeStorageWindows
0x081227DC	0x081227EB	thumb	LoadsMiscSpritePalette
0x081227EC	0x08122883	thumb	InitPalettesAndSprites
0x08122884	0x081228E3	thumb	CreateMarkingComboSprite
0x081228E4	0x08122953	thumb	CreateWaveformSprites
0x08122954	0x0812297F	thumb	RefreshDisplayMonData
0x08122980	0x081229DF	thumb	StartDisplayMonMosaic
0x081229E0	0x081229F7	thumb	IsDisplayMonMosaicActive
0x081229F8	0x08122A3F	thumb	SpriteCB_DisplayMonMosaic
0x08122A40	0x08122B37	thumb	CreateDisplayMonSprite
0x08122B38	0x08122BD7	thumb	LoadDisplayMonGfx
0x08122BD8	0x08122D1F	thumb	PrintDisplayMonInfo
0x08122D20	0x08122DA3	thumb	UpdateWaveformAnimation
0x08122DA4	0x08122EB3	thumb	InitSupplementalTilemaps
0x08122EB4	0x08122EDF	thumb	SetUpShowPartyMenu
0x08122EE0	0x08122F4B	thumb	ShowPartyMenu
0x08122F4C	0x08122F7B	thumb	SetUpHidePartyMenu
0x08122F7C	0x08123033	thumb	HidePartyMenu
0x08123034	0x0812306B	thumb	UpdateCloseBoxButtonTilemap
0x0812306C	0x08123087	thumb	StartFlashingCloseBoxButton
0x08123088	0x081230C7	thumb	StopFlashingCloseBoxButton
0x081230C8	0x0812310B	thumb	UpdateCloseBoxButtonFlash
0x0812310C	0x08123137	thumb	SetPartySlotTilemaps
0x08123138	0x08123197	thumb	SetPartySlotTilemap
0x08123198	0x081231E3	thumb	UpdatePartySlotColors
0x081231E4	0x0812321F	thumb	SetUpDoShowPartyMenu
0x08123220	0x0812328B	thumb	DoShowPartyMenu
0x0812328C	0x081232C7	thumb	InitPokeStorageBg0
0x081232C8	0x081233DF	thumb	PrintStorageMessage
0x081233E0	0x08123413	thumb	ShowYesNoWindow
0x08123414	0x08123427	thumb	ClearBottomWindow
0x08123428	0x0812344D	thumb	AddWallpaperSetsMenu
0x08123450	0x081234D7	thumb	AddWallpapersMenu
0x081234D8	0x081234E3	thumb	GetCurrentBoxOption
0x081234E4	0x08123537	thumb	InitCursorItemIcon
0x08123538	0x0812365B	thumb	SetPokeStorageQuestLogEvent
0x0812365C	0x0812368B	thumb	UpdateBoxToSendMons
0x0812368C	0x081236A3	thumb	BackupPokemonStorage
0x081236A4	0x081236BF	thumb	RestorePokemonStorage
0x081236C0	0x081236CB	thumb	StorageGetCurrentBox
0x081236CC	0x081236DF	thumb	SetCurrentBox
0x081236E0	0x0812371F	thumb	GetBoxMonDataAt
0x08123720	0x08123763	thumb	SetBoxMonDataAt
0x08123764	0x0812379F	thumb	GetCurrentBoxMonData
0x081237A0	0x081237DB	thumb	SetCurrentBoxMonData
0x081237DC	0x0812381F	thumb	GetBoxMonNickAt
0x08123820	0x0812385F	thumb	SetBoxMonNickAt
0x08123860	0x081238A3	thumb	GetAndCopyBoxMonDataAt
0x081238A4	0x081238E3	thumb	SetBoxMonAt
0x081238E4	0x08123923	thumb	CopyBoxMonAt
0x08123924	0x08123997	thumb	CreateBoxMonAt
0x08123998	0x081239D3	thumb	ZeroBoxMonAt
0x081239D4	0x08123A1B	thumb	BoxMonAtToMon
0x08123A1C	0x08123A4F	thumb	GetBoxedMonPtr
0x08123A50	0x08123A77	thumb	GetBoxNamePtr
0x08123A78	0x08123A9B	thumb	GetBoxWallpaper
0x08123A9C	0x08123AC3	thumb	SetBoxWallpaper
0x08123AC4	0x08123B53	thumb	SeekToNextMonInBox
0x08123B54	0x08123D17	thumb	ShowPokemonSummaryScreen
0x08123D18	0x08123D4B	thumb	ShowSelectMovePokemonSummaryScreen
0x08123D4C	0x08123D77	thumb	PageFlipInputIsDisabled
0x08123D78	0x08123E13	thumb	IsPageFlipInput
0x08123E14	0x08124097	thumb	Task_InputHandler_Info
0x08124098	0x08124317	thumb	Task_PokeSum_FlipPages
0x08124318	0x081245CF	thumb	Task_FlipPages_FromInfo
0x081245D0	0x0812484B	thumb	Task_BackOutOfSelectMove
0x0812484C	0x081248D3	thumb	PokeSum_SetHpExpBarCoordsFullRight
0x081248D4	0x08124957	thumb	PokeSum_SetHpExpBarCoordsFullLeft
0x08124958	0x08124A47	thumb	PokeSum_InitBgCoordsBeforePageFlips
0x08124A48	0x08124B6F	thumb	PokeSum_HideSpritesBeforePageFlip
0x08124B70	0x08124CDF	thumb	PokeSum_ShowSpritesBeforePageFlip
0x08124CE0	0x08124DBF	thumb	PokeSum_IsPageFlipFinished
0x08124DC0	0x08124FBF	thumb	PokeSum_UpdateBgPriorityForPageFlip
0x08124FC0	0x08125043	thumb	PokeSum_CopyNewBgTilemapBeforePageFlip_2
0x08125044	0x081250BF	thumb	PokeSum_CopyNewBgTilemapBeforePageFlip
0x081250C0	0x0812540B	thumb	CB2_SetUpPSS
0x0812540C	0x0812550F	thumb	PokeSum_HandleLoadBgGfx
0x08125510	0x081255AB	thumb	PokeSum_Setup_BufferStrings
0x081255AC	0x08125817	thumb	BufferMonInfo
0x08125818	0x081263B3	thumb	BufferMonSkills
0x081263B4	0x081263EF	thumb	BufferMonMoves
0x081263F0	0x081267F3	thumb	BufferMonMoveI
0x081267F4	0x0812687B	thumb	PokeSum_HandleCreateSprites
0x0812687C	0x08126891	thumb	PokeSum_Setup_SpritesReset
0x08126894	0x08126A3B	thumb	PokeSum_Setup_InitGpu
0x08126A3C	0x08126A8B	thumb	PokeSum_FinishSetup
0x08126A8C	0x08126AD3	thumb	PokeSum_PrintPageName
0x08126AD4	0x08126B2B	thumb	PokeSum_PrintControlsString
0x08126B2C	0x08126C07	thumb	PrintMonLevelNickOnWindow2
0x08126C08	0x08126C5F	thumb	PokeSum_PrintRightPaneText
0x08126C60	0x08126D9B	thumb	PrintInfoPage
0x08126D9C	0x08126F0B	thumb	PrintSkillsPage
0x08126F0C	0x08126F7F	thumb	PrintMovesPage
0x08126F80	0x081271BB	thumb	PokeSum_PrintMoveName
0x081271BC	0x0812721F	thumb	PokeSum_PrintBottomPaneText
0x08127220	0x08127273	thumb	PokeSum_PrintTrainerMemo
0x08127274	0x08127477	thumb	PokeSum_PrintTrainerMemo_Mon_HeldByOT
0x08127478	0x08127703	thumb	PokeSum_PrintTrainerMemo_Mon_NotHeldByOT
0x08127704	0x0812772B	thumb	IsMonFromOrre
0x0812772C	0x0812776F	thumb	PokeSum_PrintTrainerMemo_Mon
0x08127770	0x08127803	thumb	IsEggFromBoxRS
0x08127804	0x0812794B	thumb	PokeSum_PrintTrainerMemo_Egg
0x0812794C	0x081279A3	thumb	PokeSum_PrintExpPoints_NextLv
0x081279A4	0x08127A6F	thumb	PokeSum_PrintSelectedMoveStats
0x08127A70	0x08127AAF	thumb	PokeSum_PrintAbilityDataOrMoveTypes
0x08127AB0	0x08127B17	thumb	PokeSum_PrintAbilityNameAndDesc
0x08127B18	0x08127BAB	thumb	PokeSum_DrawMoveTypeIcons
0x08127BAC	0x08127C7B	thumb	PokeSum_PrintPageHeaderText
0x08127C7C	0x08127CB3	thumb	CommitStaticWindowTilemaps
0x08127CB4	0x08127D2F	thumb	Task_DestroyResourcesOnExit
0x08127D30	0x08127D45	thumb	CB2_RunPokemonSummaryScreen
0x08127D48	0x08127DB3	thumb	PokeSum_FlipPages_SlideHpExpBarsOut
0x08127DB4	0x08127E5B	thumb	PokeSum_FlipPages_SlideHpExpBarsIn
0x08127E5C	0x08127EAB	thumb	PokeSum_FlipPages_SlideLayerLeft
0x08127EAC	0x08127F13	thumb	PokeSum_FlipPages_SlideLayeRight
0x08127F14	0x08127F47	thumb	PokeSum_FlipPages_HandleBgHofs
0x08127F48	0x08127F87	thumb	PokeSum_FlipPages_HandleHpExpBarSprites
0x08127F88	0x08128007	thumb	VBlankCB_PokemonSummaryScreen
0x08128008	0x08128019	thumb	PokeSum_Setup_ResetCallbacks
0x0812801C	0x0812802B	thumb	PokeSum_Setup_SetVBlankCallback
0x0812802C	0x081280DF	thumb	PokeSum_CreateWindows
0x081280E0	0x0812826F	thumb	PokeSum_AddWindows
0x08128270	0x08128297	thumb	PokeSum_RemoveWindows
0x08128298	0x081282D3	thumb	PokeSum_SetHelpContext
0x081282D4	0x08128377	thumb	PokeSum_BufferOtName_IsEqualToCurrentOwner
0x08128378	0x081287AF	thumb	PokeSum_DrawPageProgressTiles
0x081287B0	0x0812886F	thumb	PokeSum_PrintMonTypeIcons
0x08128870	0x0812887B	thumb	GetLastViewedMonIndex
0x0812887C	0x08128887	thumb	GetMoveSlotToReplace
0x08128888	0x0812889B	thumb	SetPokemonSummaryScreenMode
0x0812889C	0x081288DB	thumb	IsMultiBattlePartner
0x081288DC	0x0812892F	thumb	BufferSelectedMonData
0x08128930	0x08128973	thumb	GetMonMoveBySlotId
0x08128974	0x081289B7	thumb	GetMonPpByMoveSlot
0x081289B8	0x08128A1F	thumb	StatusToAilment
0x08128A20	0x08128DAF	thumb	Task_HandleInput_SelectMove
0x08128DB0	0x08128ECF	thumb	SwapMonMoveSlots
0x08128ED0	0x08128FEF	thumb	SwapBoxMonMoveSlots
0x08128FF0	0x08129043	thumb	UpdateCurrentMonBufferFromPartyOrBox
0x08129044	0x081290B3	thumb	PokeSum_CanForgetSelectedMove
0x081290B4	0x08129323	thumb	Task_InputHandler_SelectOrForgetMove
0x08129324	0x081293BB	thumb	SpriteCB_PokeSum_MonPicSprite
0x081293BC	0x0812944B	thumb	SpriteCB_PokeSum_EggPicShake
0x0812944C	0x0812944D	thumb	SpriteCB_MonPicDummy
0x08129450	0x081295A7	thumb	PokeSum_CreateMonPicSprite
0x081295A8	0x081296F7	thumb	PokeSum_SetMonPicSpriteCallback
0x081296F8	0x08129727	thumb	PokeSum_ShowOrHideMonPicSprite
0x08129728	0x08129753	thumb	PokeSum_DestroyMonPicSprite
0x08129754	0x081297DB	thumb	CreateBallIconObj
0x081297DC	0x0812980B	thumb	ShowOrHideBallIconObj
0x0812980C	0x08129833	thumb	DestroyBallIconObj
0x08129834	0x08129943	thumb	PokeSum_CreateMonIconSprite
0x08129944	0x08129973	thumb	PokeSum_ShowOrHideMonIconSprite
0x08129974	0x081299B7	thumb	PokeSum_DestroyMonIconSprite
0x081299B8	0x08129B6F	thumb	CreateMoveSelectionCursorObjs
0x08129B70	0x08129B9B	thumb	ShoworHideMoveSelectionCursor
0x08129B9C	0x08129C73	thumb	SpriteCB_MoveSelectionCursor
0x08129C74	0x08129CAB	thumb	DestroyMoveSelectionCursorObjs
0x08129CAC	0x08129D7F	thumb	CreateMonStatusIconObj
0x08129D80	0x08129DAB	thumb	DestroyMonStatusIconObj
0x08129DAC	0x08129E03	thumb	UpdateMonStatusIconObj
0x08129E04	0x08129E77	thumb	ShowOrHideStatusIcon
0x08129E78	0x0812A02B	thumb	CreateHpBarObjs
0x0812A02C	0x0812A1FB	thumb	UpdateHpBarObjs
0x0812A1FC	0x0812A22F	thumb	DestroyHpBarObjs
0x0812A230	0x0812A25B	thumb	ShowOrHideHpBarObjs
0x0812A25C	0x0812A39B	thumb	CreateExpBarObjs
0x0812A39C	0x0812A5B3	thumb	UpdateExpBarObjs
0x0812A5B4	0x0812A5E7	thumb	DestroyExpBarObjs
0x0812A5E8	0x0812A613	thumb	ShowOrHideExpBarObjs
0x0812A614	0x0812A6E3	thumb	CreatePokerusIconObj
0x0812A6E4	0x0812A70F	thumb	DestroyPokerusIconObj
0x0812A710	0x0812A753	thumb	ShowPokerusIconObjIfHasOrHadPokerus
0x0812A754	0x0812A7DB	thumb	HideShowPokerusIcon
0x0812A7DC	0x0812A8DB	thumb	CreateShinyStarObj
0x0812A8DC	0x0812A907	thumb	DestroyShinyStarObj
0x0812A908	0x0812A97B	thumb	HideShowShinyStar
0x0812A97C	0x0812A9B7	thumb	ShowShinyStarObjIfMonShiny
0x0812A9B8	0x0812AABB	thumb	PokeSum_DestroySprites
0x0812AABC	0x0812AB93	thumb	PokeSum_CreateSprites
0x0812AB94	0x0812AC0B	thumb	PokeSum_CreateMonMarkingsSprite
0x0812AC0C	0x0812AC27	thumb	PokeSum_DestroyMonMarkingsSprite
0x0812AC28	0x0812AC6F	thumb	PokeSum_ShowOrHideMonMarkingsSprite
0x0812AC70	0x0812ACC7	thumb	PokeSum_UpdateMonMarkingsAnim
0x0812ACC8	0x0812AD73	thumb	PokeSum_SeekToNextMon
0x0812AD74	0x0812AE03	thumb	SeekToNextMonInSingleParty
0x0812AE04	0x0812AE3F	thumb	PokeSum_CanSeekToMon
0x0812AE40	0x0812AECF	thumb	SeekToMonInMultiParty_SeekForward
0x0812AED0	0x0812AF5F	thumb	SeekToMonInMultiParty_SeekBack
0x0812AF60	0x0812B037	thumb	SeekToNextMonInMultiParty
0x0812B038	0x0812B343	thumb	Task_PokeSum_SwitchDisplayedPokemon
0x0812B344	0x0812B375	thumb	PokeSum_UpdateWin1ActiveFlag
0x0812B378	0x0812B3DB	thumb	PokeSum_TryPlayMonCry
0x0812B3DC	0x0812B3E7	thumb	PokeSum_IsMonBoldOrGentle
0x0812B3E8	0x0812B423	thumb	CurrentMonIsFromGBA
0x0812B424	0x0812B457	thumb	MapSecIsInKantoOrSevii
0x0812B458	0x0812B473	thumb	ShowPokemonSummaryScreen_NullParty
0x0812B474	0x0812B4FD	thumb	GetHiddenPowerType
0x0812B500	0x0812B563	thumb	GetWeatherBallType
0x0812B564	0x0812B571	thumb	ZeroBoxMonData
0x0812B574	0x0812B595	thumb	ZeroMonData
0x0812B598	0x0812B5D7	thumb	ZeroPlayerPartyMons
0x0812B5D8	0x0812B617	thumb	ZeroEnemyPartyMons
0x0812B618	0x0812B69B	thumb	CreateMon
0x0812B69C	0x0812B94F	thumb	CreateBoxMon
0x0812B950	0x0812B9B3	thumb	CreateMonWithNature
0x0812B9B4	0x0812BAD7	thumb	CreateMonWithGenderNatureLetter
0x0812BAD8	0x0812BC9F	thumb	CreateMonWithGenderNatureAbility
0x0812BCA0	0x0812BD11	thumb	CreateEnemyMonWithIVsPersonality
0x0812BD14	0x0812BDA3	thumb	CreateMaleMon
0x0812BDA4	0x0812BDE1	thumb	CreateMonWithIVsPersonality
0x0812BDE4	0x0812BE51	thumb	CreateMonWithIVsOTID
0x0812BE54	0x0812BEE3	thumb	CreateMonWithEVSpread
0x0812BEE4	0x0812C05B	thumb	CreateBattleTowerMon
0x0812C05C	0x0812C0CF	thumb	CreateEventMon
0x0812C0D0	0x0812C25B	thumb	ConvertPokemonToBattleTowerPokemon
0x0812C25C	0x0812C2E9	thumb	CalculateBoxMonChecksum
0x0812C2EC	0x0812C79F	thumb	CalculateMonStats
0x0812C7A0	0x0812C81F	thumb	BoxMonToMon
0x0812C820	0x0812C87B	thumb	GetLevelFromMonExp
0x0812C87C	0x0812C8D7	thumb	GetLevelFromBoxMonExp
0x0812C8D8	0x0812C8E5	thumb	GiveMoveToMon
0x0812C8E8	0x0812C95F	thumb	GiveMoveToBoxMon
0x0812C960	0x0812C9A7	thumb	GiveMoveToBattleMon
0x0812C9A8	0x0812C9E3	thumb	SetMonMoveSlot
0x0812C9E4	0x0812CA0B	thumb	SetBattleMonMoveSlot
0x0812CA0C	0x0812CA15	thumb	GiveMonInitialMoveset
0x0812CA18	0x0812CAF3	thumb	GiveBoxMonInitialMoveset
0x0812CAF4	0x0812CC3F	thumb	MonTryLearningNewMove
0x0812CC40	0x0812CCC7	thumb	MonTryLearningNewMoveEvolution
0x0812CCC8	0x0812CD7F	thumb	DeleteFirstMoveAndGiveMoveToMon
0x0812CD80	0x0812CE37	thumb	DeleteFirstMoveAndGiveMoveToBoxMon
0x0812CE38	0x0812D9B3	thumb	CalculateBaseDamage
0x0812D9B4	0x0812DA8F	thumb	CountAliveMonsInBattle
0x0812DA90	0x0812DAEF	thumb	GetDefaultMoveTarget
0x0812DAF0	0x0812DAF9	thumb	GetMonGender
0x0812DAFC	0x0812DB4B	thumb	GetBoxMonGender
0x0812DB4C	0x0812DB7F	thumb	GetGenderFromSpeciesAndPersonality
0x0812DB80	0x0812DC33	thumb	SetMultiuseSpriteTemplateToPokemon
0x0812DC34	0x0812DCBF	thumb	SetMultiuseSpriteTemplateToTrainerBack
0x0812DCC0	0x0812DCD7	thumb	EncryptBoxMon
0x0812DCD8	0x0812DCEF	thumb	DecryptBoxMon
0x0812DCF0	0x0812DE53	thumb	GetSubstruct
0x0812DE54	0x0812DEEF	thumb	GetMonData
0x0812DEF0	0x0812E47B	thumb	GetBoxMonData
0x0812E47C	0x0812E527	thumb	SetMonData
0x0812E528	0x0812EB8B	thumb	SetBoxMonData
0x0812EB8C	0x0812EB95	thumb	CopyMon
0x0812EB98	0x0812EC17	thumb	GiveMonToPlayer
0x0812EC18	0x0812ECE3	thumb	SendMonToPC
0x0812ECE4	0x0812ED1F	thumb	CalculatePlayerPartyCount
0x0812ED20	0x0812ED5B	thumb	CalculateEnemyPartyCount
0x0812ED5C	0x0812EE0F	thumb	GetMonsStateToDoubles
0x0812EE10	0x0812EE37	thumb	GetAbilityBySpecies
0x0812EE38	0x0812EE7B	thumb	GetMonAbility
0x0812EE7C	0x0812EFAB	thumb	CreateSecretBaseEnemyParty
0x0812EFAC	0x0812EFE7	thumb	GetSecretBaseTrainerPicIndex
0x0812EFE8	0x0812F023	thumb	GetSecretBaseTrainerNameIndex
0x0812F024	0x0812F073	thumb	IsPlayerPartyAndPokemonStorageFull
0x0812F074	0x0812F0A1	thumb	IsPokemonStorageFull
0x0812F0A4	0x0812F0FB	thumb	bufferspeciesname
0x0812F0FC	0x0812F137	thumb	CalculatePPWithBonus
0x0812F138	0x0812F16B	thumb	RemoveMonPPBonus
0x0812F16C	0x0812F187	thumb	RemoveBattleMonPPBonus
0x0812F188	0x0812F4E7	thumb	CopyPlayerPartyMonToBattleData
0x0812F4E8	0x0812F507	thumb	ExecuteTableBasedItemEffect
0x0812F508	0x0813048F	thumb	PokemonUseItemEffects
0x08130490	0x081304DB	thumb	HealStatusConditions
0x081304DC	0x08130C93	thumb	PokemonItemUseNoEffect
0x08130C94	0x08130C9D	thumb	PartyMonHasStatus
0x08130CA0	0x08130F3B	thumb	GetItemEffectParamOffset
0x08130F3C	0x08130F87	thumb	BufferStatRoseMessage
0x08130F88	0x0813111B	thumb	Battle_PrintStatBoosterEffectMessage
0x0813111C	0x08131133	thumb	GetNature
0x08131134	0x08131143	thumb	GetNatureFromPersonality
0x08131144	0x081313F3	thumb	GetEvolutionTargetSpecies
0x081313F4	0x0813142F	thumb	HoennPokedexNumToSpecies
0x08131430	0x0813146B	thumb	NationalPokedexNumToSpecies
0x0813146C	0x081314A7	thumb	ExtendedPokedexNumToSpecies
0x081314A8	0x081314E3	thumb	NationalToHoennOrder
0x081314E4	0x0813151F	thumb	NationalToExtendedOrder
0x08131520	0x0813153B	thumb	SpeciesToNationalPokedexNum
0x0813153C	0x08131557	thumb	SpeciesToHoennPokedexNum
0x08131558	0x08131573	thumb	SpeciesToExtendedPokedexNum
0x08131574	0x0813158F	thumb	HoennToNationalOrder
0x08131590	0x081315AB	thumb	ExtendedToNationalOrder
0x081315AC	0x08131643	thumb	SpeciesToCryId
0x08131644	0x0813176F	thumb	DrawSpindaSpotsUnused
0x08131770	0x0813188B	thumb	DrawSpindaSpots
0x0813188C	0x081318FF	thumb	EvolutionRenameMon
0x08131900	0x08131927	thumb	GetPlayerFlankId
0x08131928	0x0813194B	thumb	GetLinkTrainerFlankId
0x0813194C	0x08131967	thumb	GetBattlerMultiplayerId
0x08131968	0x0813199B	thumb	GetTrainerEncounterMusicId
0x0813199C	0x081319EF	thumb	ModifyStatByNature
0x081319F0	0x08131B97	thumb	AdjustFriendship
0x08131B98	0x08131D43	thumb	MonGainEVs
0x08131D44	0x08131D69	thumb	GetMonEVCount
0x08131D6C	0x08131D6D	thumb	RandomlyGivePartyPokerus
0x08131D70	0x08131DDD	thumb	CheckPartyPokerus
0x08131DE0	0x08131E41	thumb	CheckPartyHasHadPokerus
0x08131E44	0x08131E45	thumb	UpdatePartyPokerusTime
0x08131E48	0x08131E49	thumb	PartySpreadPokerus
0x08131E4C	0x08131E87	thumb	SetMonExpWithMaxLevelCheck
0x08131E88	0x08131F37	thumb	TryIncrementMonLevel
0x08131F38	0x08131F7B	thumb	CanMonLearnTMHM
0x08131F7C	0x08132313	thumb	GetMoveRelearnerMoves
0x08132314	0x08132357	thumb	PopulateSpeciesEvoLineForRelearner
0x08132358	0x0813238F	thumb	GetLevelUpMovesBySpecies
0x08132390	0x08132507	thumb	GetNumberOfRelearnableMoves
0x08132508	0x08132583	thumb	SpeciesToPokedexNum
0x08132584	0x08132597	thumb	ClearBattleMonForms
0x08132598	0x08132667	thumb	GetBattleBGM
0x08132668	0x0813267D	thumb	PlayBattleBGM
0x08132680	0x081326A7	thumb	PlayMapChosenOrBattleBGM
0x081326A8	0x081326DD	thumb	GetMonFrontSpritePal
0x081326E0	0x0813273F	thumb	GetMonSpritePalFromSpeciesAndPersonality
0x08132740	0x081327AF	thumb	GetMonSpritePalStruct
0x081327B0	0x081327FB	thumb	GetMonSpritePalStructFromOtIdPersonality
0x081327FC	0x08132823	thumb	IsHMMove2
0x08132824	0x0813283B	thumb	IsMonSpriteNotFlipped
0x0813283C	0x08132863	thumb	GetMonFlavorRelation
0x08132864	0x08132883	thumb	GetFlavorRelationByPersonality
0x08132884	0x081328A9	thumb	IsTradedMon
0x081328AC	0x081328EB	thumb	IsOtherTrainer
0x081328EC	0x081328F5	thumb	MonRestorePP
0x081328F8	0x08132987	thumb	BoxMonRestorePP
0x08132988	0x08132A13	thumb	SetMonPreventsSwitchingString
0x08132A14	0x08132B23	thumb	SetWildMonHeldItem
0x08132B24	0x08132B55	thumb	IsMonShiny
0x08132B58	0x08132B6D	thumb	IsShinyOtIdPersonality
0x08132B70	0x08132BAF	thumb	GetTrainerPartnerName
0x08132BB0	0x08132C0B	thumb	GetPlayerPartyHighestLevel
0x08132C0C	0x08132C1B	thumb	FacilityClassToPicIndex
0x08132C1C	0x08132CD7	thumb	ShouldIgnoreDeoxysForm
0x08132CD8	0x08132E1B	thumb	GetDeoxysStat
0x08132E1C	0x08132EA3	thumb	SetDeoxysStats
0x08132EA4	0x08132EE3	thumb	GetUnionRoomTrainerPic
0x08132EE4	0x08132F23	thumb	GetUnionRoomTrainerClass
0x08132F24	0x08132FBF	thumb	CreateEnemyEventMon
0x08132FC0	0x08133047	thumb	HandleSetPokedexFlag
0x08133048	0x08133093	thumb	CheckBattleTypeGhost
0x08133094	0x08133163	thumb	InitMonSpritesGfx_Mode1
0x08133164	0x0813321B	thumb	InitMonSpritesGfx_Mode0
0x0813321C	0x08133413	thumb	CreateMonSpritesGfxManager
0x08133414	0x08133493	thumb	DestroyMonSpritesGfxManager
0x08133494	0x081334BB	thumb	MonSpritesGfxManager_GetSpritePtr
0x081334BC	0x08133517	thumb	SetFirstDeoxysForm
0x08133518	0x0813353B	thumb	ShouldSkipFriendshipChange
0x0813353C	0x08133687	thumb	PopulateSpeciesEvoLineForRelearner.part.0
0x08133688	0x08133767	thumb	EnterHallOfFame
0x08133768	0x0813377B	thumb	SetCB2WhiteOut
0x0813377C	0x081337C3	thumb	GetPokedexCount
0x081337C4	0x081338AF	thumb	GetProfOaksRatingMessageByCount
0x081338B0	0x081338C7	thumb	GetProfOaksRatingMessage
0x081338C8	0x08133AC3	thumb	TrySetQuestLogBattleEvent
0x08133AC4	0x08133B9B	thumb	TrySetQuestLogLinkBattleEvent
0x08133B9C	0x08133BE7	thumb	GetLinkMultiBattlePlayerIndexes
0x08133BE8	0x08133C43	thumb	SetQuestLogEvent
0x08133C44	0x08133CCB	thumb	InQuestLogDisabledLocation
0x08133CCC	0x08133D6B	thumb	QuestLog_ShouldEndSceneOnMapChange
0x08133D6C	0x08133DCB	thumb	ShouldRegisterEvent_HandlePartyActions
0x08133DCC	0x08133E27	thumb	ShouldRegisterEvent_HandleBeatStoryTrainer
0x08133E28	0x08133E33	thumb	QL_EnableRecordingSteps
0x08133E34	0x08133ED3	thumb	ShouldRegisterEvent
0x08133ED4	0x08133F33	thumb	TryDeferLinkEvent
0x08133F34	0x08133F47	thumb	ResetDeferredLinkEvent
0x08133F48	0x08133F93	thumb	QuestLog_StartRecordingInputsAfterDeferredEvent
0x08133F94	0x08133FFF	thumb	TryDeferTrainerBattleEvent
0x08134000	0x081340B3	thumb	QuestLogEvents_HandleEndTrainerBattle
0x081340B4	0x081340EF	thumb	QL_RecordWait
0x081340F0	0x0813417D	thumb	IsEventWithSpecialEncounterSpecies
0x08134180	0x081341B7	thumb	QL_SkipCommand
0x081341B8	0x081341D7	thumb	QL_UpdateLastDepartedLocation
0x081341D8	0x0813421F	thumb	QL_LoadEvent
0x08134220	0x0813425F	thumb	QL_TryRepeatEvent
0x08134260	0x0813426B	thumb	QL_ResetRepeatEventTracker
0x0813426C	0x0813429F	thumb	UpdateRepeatEventCounter
0x081342A0	0x081342BB	thumb	QL_ResetEventStates
0x081342BC	0x081342D9	thumb	QL_RecordAction_SceneEnd
0x081342DC	0x08134301	thumb	QL_LoadAction_SceneEnd
0x08134304	0x08134327	thumb	QL_RecordAction_Wait
0x08134328	0x0813434F	thumb	QL_LoadAction_Wait
0x08134350	0x08134385	thumb	QL_RecordAction_Input
0x08134388	0x081343BD	thumb	QL_LoadAction_Input
0x081343C0	0x081343FB	thumb	QL_RecordAction_MovementOrGfxChange
0x081343FC	0x08134437	thumb	QL_LoadAction_MovementOrGfxChange
0x08134438	0x081344D3	thumb	RecordEventHeader
0x081344D4	0x081344F3	thumb	LoadEvent
0x081344F4	0x08134547	thumb	QuestLog_GetSpeciesName
0x08134548	0x08134567	thumb	RecordEvent_SwitchedPartyOrder
0x08134568	0x081345D7	thumb	LoadEvent_SwitchedPartyOrder
0x081345D8	0x0813460F	thumb	RecordEvent_UsedItem
0x08134610	0x08134777	thumb	LoadEvent_UsedItem
0x08134778	0x08134797	thumb	RecordEvent_GiveTakeHeldItem
0x08134798	0x081347B7	thumb	RecordEvent_GaveHeldItemFromPartyMenu
0x081347B8	0x08134817	thumb	LoadEvent_GaveHeldItemFromPartyMenu
0x08134818	0x08134837	thumb	RecordEvent_GaveHeldItemFromBagMenu
0x08134838	0x08134897	thumb	LoadEvent_GaveHeldItemFromBagMenu
0x08134898	0x081348B7	thumb	RecordEvent_GaveHeldItemFromPC
0x081348B8	0x08134917	thumb	LoadEvent_GaveHeldItemFromPC
0x08134918	0x08134937	thumb	RecordEvent_TookHeldItem
0x08134938	0x08134997	thumb	LoadEvent_TookHeldItem
0x08134998	0x081349BB	thumb	RecordEvent_SwappedHeldItem
0x081349BC	0x081349DF	thumb	RecordEvent_SwappedHeldItemFromBag
0x081349E0	0x08134A57	thumb	LoadEvent_SwappedHeldItem
0x08134A58	0x08134A7B	thumb	RecordEvent_SwappedHeldItemFromPC
0x08134A7C	0x08134AF3	thumb	LoadEvent_SwappedHeldItemFromPC
0x08134AF4	0x08134B2F	thumb	RecordEvent_UsedPkmnCenter
0x08134B30	0x08134B4B	thumb	LoadEvent_UsedPkmnCenter
0x08134B4C	0x08134B7B	thumb	RecordEvent_LinkTraded
0x08134B7C	0x08134C2B	thumb	LoadEvent_LinkTraded
0x08134C2C	0x08134C57	thumb	RecordEvent_LinkBattledSingle
0x08134C58	0x08134CD7	thumb	LoadEvent_LinkBattledSingle
0x08134CD8	0x08134D03	thumb	RecordEvent_LinkBattledDouble
0x08134D04	0x08134D83	thumb	LoadEvent_LinkBattledDouble
0x08134D84	0x08134DCB	thumb	RecordEvent_LinkBattledMulti
0x08134DCC	0x08134EF7	thumb	LoadEvent_LinkBattledMulti
0x08134EF8	0x08134F0B	thumb	RecordEvent_UsedUnionRoom
0x08134F0C	0x08134F27	thumb	LoadEvent_UsedUnionRoom
0x08134F28	0x08134F3B	thumb	RecordEvent_UsedUnionRoomChat
0x08134F3C	0x08134F57	thumb	LoadEvent_UsedUnionRoomChat
0x08134F58	0x08134F87	thumb	RecordEvent_LinkTradedUnionRoom
0x08134F88	0x08135037	thumb	LoadEvent_LinkTradedUnionRoom
0x08135038	0x08135063	thumb	RecordEvent_LinkBattledUnionRoom
0x08135064	0x081350DB	thumb	LoadEvent_LinkBattledUnionRoom
0x081350DC	0x08135103	thumb	RecordEvent_SwitchedMonsBetweenBoxes
0x08135104	0x081351A3	thumb	LoadEvent_SwitchedMonsBetweenBoxes
0x081351A4	0x081351C7	thumb	RecordEvent_SwitchedMonsWithinBox
0x081351C8	0x08135263	thumb	LoadEvent_SwitchedMonsWithinBox
0x08135264	0x08135299	thumb	RecordEvent_SwitchedPartyMonForPCMon
0x0813529C	0x08135337	thumb	LoadEvent_SwitchedPartyMonForPCMon
0x08135338	0x0813535B	thumb	RecordEvent_MovedMonBetweenBoxes
0x0813535C	0x081353D3	thumb	LoadEvent_MovedMonBetweenBoxes
0x081353D4	0x081353F3	thumb	RecordEvent_MovedMonWithinBox
0x081353F4	0x0813545B	thumb	LoadEvent_MovedMonWithinBox
0x0813545C	0x0813547B	thumb	RecordEvent_WithdrewMonFromPC
0x0813547C	0x081354E3	thumb	LoadEvent_WithdrewMonFromPC
0x081354E4	0x08135503	thumb	RecordEvent_DepositedMonInPC
0x08135504	0x0813556B	thumb	LoadEvent_DepositedMonInPC
0x0813556C	0x0813558B	thumb	RecordEvent_SwitchedMultipleMons
0x0813558C	0x081355E7	thumb	LoadEvent_SwitchedMultipleMons
0x081355E8	0x08135603	thumb	RecordEvent_DepositedItemInPC
0x08135604	0x08135637	thumb	LoadEvent_DepositedItemInPC
0x08135638	0x08135653	thumb	RecordEvent_WithdrewItemFromPC
0x08135654	0x08135687	thumb	LoadEvent_WithdrewItemFromPC
0x08135688	0x081356B3	thumb	RecordEvent_DefeatedTrainer
0x081356B4	0x081356EB	thumb	RecordEvent_DefeatedGymLeader
0x081356EC	0x081357CB	thumb	LoadEvent_DefeatedGymLeader
0x081357CC	0x08135857	thumb	RecordEvent_DefeatedWildMon
0x08135858	0x081359B7	thumb	LoadEvent_DefeatedWildMon
0x081359B8	0x08135A01	thumb	IsSpeciesFromSpecialEncounter
0x08135A04	0x08135A3B	thumb	RecordEvent_DefeatedEliteFourMember
0x08135A3C	0x08135B03	thumb	LoadEvent_DefeatedEliteFourMember
0x08135B04	0x08135B4B	thumb	RecordEvent_DefeatedChampion
0x08135B4C	0x08135C53	thumb	LoadEvent_DefeatedChampion
0x08135C54	0x08135C8B	thumb	RecordEvent_DefeatedNormalTrainer
0x08135C8C	0x08135D93	thumb	LoadEvent_DefeatedTrainer
0x08135D94	0x08135DC3	thumb	RecordEvent_DepartedLocation
0x08135DC4	0x08135E67	thumb	LoadEvent_DepartedLocation
0x08135E68	0x08135E73	thumb	SetQLPlayedTheSlots
0x08135E74	0x08135E9F	thumb	ShouldRegisterEvent_HandleDeparted
0x08135EA0	0x08135EC7	thumb	ShouldRegisterEvent_DepartedGameCorner
0x08135EC8	0x08135F03	thumb	RecordEvent_UsedFieldMove
0x08135F04	0x08135F97	thumb	LoadEvent_UsedFieldMove
0x08135F98	0x08135FC7	thumb	RecordEvent_BoughtItem
0x08135FC8	0x08136053	thumb	LoadEvent_BoughtItem
0x08136054	0x08136083	thumb	RecordEvent_SoldItem
0x08136084	0x08136173	thumb	LoadEvent_SoldItem
0x08136174	0x08136193	thumb	RecordEvent_ObtainedStoryItem
0x08136194	0x081361DB	thumb	LoadEvent_ObtainedStoryItem
0x081361DC	0x08136227	thumb	QuestLog_RecordEnteredMap
0x08136228	0x0813627F	thumb	SetQuestLogEvent_Arrived
0x08136280	0x0813629B	thumb	RecordEvent_ArrivedInLocation
0x0813629C	0x081362CF	thumb	LoadEvent_ArrivedInLocation
0x081362D0	0x081362FF	thumb	TranslateLinkPartnersName
0x08136300	0x081364E7	thumb	SetQuestLogEvent.part.0
0x081364EC	0x08136643	thumb	QL_RecordObjects
0x08136644	0x081368E7	thumb	QL_LoadObjects
0x081368E8	0x08136963	thumb	QL_TryStopSurfing
0x08136964	0x0813697F	thumb	QuestLogUpdatePlayerSprite
0x08136980	0x081369A3	thumb	QuestLogTryRecordPlayerAvatarGfxTransition
0x081369A4	0x081369BF	thumb	QuestLogCallUpdatePlayerSprite
0x081369C0	0x081369FB	thumb	QL_GfxTransition_Normal
0x081369FC	0x08136A3F	thumb	QL_GfxTransition_Bike
0x08136A40	0x08136AC3	thumb	QL_GfxTransition_Fish
0x08136AC4	0x08136C13	thumb	Task_QLFishMovement
0x08136C14	0x08136C7F	thumb	QL_GfxTransition_StartSurf
0x08136C80	0x08136C97	thumb	QL_GfxTransition_VSSeeker
0x08136C98	0x08136CBD	thumb	Task_QLVSSeekerMovement
0x08136CC0	0x08136CCD	thumb	QL_SetObjectGraphicsId
0x08136CD0	0x08136CDB	thumb	QL_GfxTransition_StopSurfSouth
0x08136CDC	0x08136CE7	thumb	QL_GfxTransition_StopSurfNorth
0x08136CE8	0x08136CF3	thumb	QL_GfxTransition_StopSurfWest
0x08136CF4	0x08136CFF	thumb	QL_GfxTransition_StopSurfEast
0x08136D04	0x08136D5B	thumb	QL_AddASLROffset
0x08136D5C	0x08136DAF	thumb	ResetQuestLog
0x08136DB0	0x08136DE3	thumb	ClearSavedScene
0x08136DE4	0x08136DEF	thumb	QL_ResetDefeatedWildMonRecord
0x08136DF0	0x08136E07	thumb	RunQuestLogCB
0x08136E08	0x08136E53	thumb	QL_IsRoomToSaveEvent
0x08136E54	0x08136E9F	thumb	QL_IsRoomToSaveAction
0x08136EA0	0x08136EC7	thumb	SetQuestLogState
0x08136EC8	0x08136F1F	thumb	QLogCB_Recording
0x08136F20	0x08136F9B	thumb	QLogCB_Playback
0x08136F9C	0x08136FAF	thumb	GetQuestLogState
0x08136FB0	0x08136FD3	thumb	GetQuestLogStartType
0x08136FD4	0x08137177	thumb	QL_StartRecordingAction
0x08137178	0x081371C7	thumb	SetPlayerInitialCoordsAtScene
0x081371C8	0x081372CF	thumb	SetNPCInitialCoordsAtScene
0x081372D0	0x0813731F	thumb	SetGameStateAtScene
0x08137320	0x0813736B	thumb	BackUpTrainerRematches
0x0813736C	0x08137387	thumb	BackUpMapLayout
0x08137388	0x081373B7	thumb	RecordSceneEnd
0x081373B8	0x0813743F	thumb	TryRecordActionSequence
0x08137440	0x081374E3	thumb	TryStartQuestLogPlayback
0x081374E4	0x0813751B	thumb	Task_BeginQuestLogPlayback
0x0813751C	0x0813754F	thumb	QL_InitSceneObjectsAndActions
0x08137550	0x0813758B	thumb	FieldCB2_QuestLogStartPlaybackWithWarpExit
0x0813758C	0x081375C7	thumb	FieldCB2_QuestLogStartPlaybackStandingInPlace
0x081375C8	0x08137687	thumb	DrawPreviouslyOnQuestHeader
0x08137688	0x081376A3	thumb	CommitQuestLogWindow1
0x081376A4	0x0813776B	thumb	QL_LoadObjectsAndTemplates
0x0813776C	0x081377CF	thumb	QLPlayback_SetInitialPlayerPosition
0x081377D0	0x0813784F	thumb	QLPlayback_InitOverworldState
0x08137850	0x081378A7	thumb	QL_CopySaveState
0x081378A8	0x08137A73	thumb	QL_ResetPartyAndPC
0x08137A74	0x08137ADB	thumb	SetPokemonCounts
0x08137ADC	0x08137B0B	thumb	QuestLog_GetPartyCount
0x08137B0C	0x08137B3B	thumb	QuestLog_GetBoxMonCount
0x08137B3C	0x08137B93	thumb	RestoreTrainerRematches
0x08137B94	0x08137BD3	thumb	QL_RestoreMapLayoutId
0x08137BD4	0x08137CC7	thumb	ReadQuestLogScriptFromSav1
0x08137CC8	0x08137CE7	thumb	DoSceneEndTransition
0x08137CE8	0x08137D4F	thumb	QuestLog_AdvancePlayhead
0x08137D50	0x08137E53	thumb	QuestLog_StartFinalScene
0x08137E54	0x08137EBB	thumb	QuestLog_AdvancePlayhead_
0x08137EBC	0x08137F0F	thumb	QL_AvoidDisplay
0x08137F10	0x08137FAF	thumb	Task_AvoidDisplay
0x08137FB0	0x0813804B	thumb	QuestLog_PlayCurrentEvent
0x0813804C	0x081380E3	thumb	HandleShowQuestLogMessage
0x081380E4	0x08138127	thumb	GetQuestLogTextDisplayDuration
0x08138128	0x0813815F	thumb	QL_IsTrainerSightDisabled
0x08138160	0x081381DB	thumb	QL_HandleInput
0x081381DC	0x081381EF	thumb	QuestLogScenePlaybackIsEnding
0x081381F0	0x0813820F	thumb	QuestLog_DrawPreviouslyOnQuestHeaderIfInPlaybackMode
0x08138210	0x0813827F	thumb	DrawSceneDescription
0x08138280	0x08138317	thumb	CopyDescriptionWindowTiles
0x08138318	0x0813835B	thumb	QuestLog_CloseTextWindow
0x0813835C	0x0813837B	thumb	DoSkipToEndTransition
0x0813837C	0x081383EB	thumb	QuestLog_WaitFadeAndCancelPlayback
0x081383EC	0x0813840F	thumb	QuestLog_InitPalettesBackup
0x08138410	0x08138433	thumb	QuestLog_BackUpPalette
0x08138434	0x0813845F	thumb	FieldCB2_FinalScene
0x08138460	0x08138497	thumb	Task_FinalScene_WaitFade
0x08138498	0x08138533	thumb	Task_QuestLogScene_SavedGame
0x08138534	0x08138597	thumb	Task_WaitAtEndOfQuestLog
0x08138598	0x081386D7	thumb	Task_EndQuestLog
0x081386D8	0x0813878B	thumb	RestoreScreenAfterPlayback
0x0813878C	0x08138813	thumb	QL_SlightlyDarkenSomePals
0x08138814	0x0813887B	thumb	QL_FinishRecordingScene
0x0813887C	0x081388F3	thumb	QuestLog_CutRecording
0x081388F4	0x08138993	thumb	SortQuestLogInSav1
0x08138994	0x081389A9	thumb	SaveQuestLogData
0x081389AC	0x08138A1B	thumb	QL_UpdateObject
0x08138A1C	0x08138A8F	thumb	QuestLogRecordNPCStep
0x08138A90	0x08138B0B	thumb	QuestLogRecordNPCStepWithDuration
0x08138B0C	0x08138B73	thumb	QuestLogRecordPlayerStep
0x08138B74	0x08138BC3	thumb	QuestLogRecordPlayerStepWithDuration
0x08138BC4	0x08138C0B	thumb	QuestLogRecordPlayerAvatarGfxTransition
0x08138C0C	0x08138C57	thumb	QuestLogRecordPlayerAvatarGfxTransitionWithDuration
0x08138C58	0x08138CBB	thumb	QL_RecordFieldInput
0x08138CBC	0x08138CEB	thumb	TogglePlaybackStateForOverworldLock
0x08138CEC	0x08138D63	thumb	QuestLog_OnEscalatorWarp
0x08138D64	0x08138E83	thumb	ResetActions
0x08138E84	0x08139033	thumb	QL_TryRunActions
0x08139034	0x08139043	thumb	QL_AfterRecordFishActionSuccessful
0x08139044	0x0813906F	thumb	QL_GetPlaybackState
0x08139070	0x08139097	thumb	RecordHeadAtEndOfEntryOrScriptContext2Enabled
0x08139098	0x081390AF	thumb	RecordHeadAtEndOfEntry
0x081390B0	0x08139117	thumb	QuestLogGetFlagOrVarPtr
0x08139118	0x08139173	thumb	QuestLogSetFlagOrVar
0x08139174	0x081391DF	thumb	QuestLogResetFlagsOrVars
0x081391E4	0x08139203	thumb	Random
0x08139204	0x08139213	thumb	SeedRng
0x08139214	0x08139223	thumb	SeedRng2
0x08139224	0x08139243	thumb	Random2
0x08139244	0x081392C9	thumb	RegionMap_DarkenPalette
0x081392CC	0x08139367	thumb	TintMapEdgesPalette
0x08139368	0x081393CF	thumb	InitRegionMap
0x081393D0	0x08139443	thumb	InitRegionMapWithExitCB
0x08139444	0x08139533	thumb	InitRegionMapType
0x08139534	0x08139687	thumb	CB2_OpenRegionMap
0x08139688	0x0813987B	thumb	LoadRegionMapGfx
0x0813987C	0x081398A3	thumb	CreateMainMapTask
0x081398A4	0x0813991B	thumb	SelectedMapsecSEEnabled
0x0813991C	0x081399D7	thumb	PlaySEForSelectedMapsec
0x081399D8	0x08139C93	thumb	Task_RegionMap
0x08139C94	0x08139CA7	thumb	SetMainMapTask
0x08139CA8	0x08139CBB	thumb	GetMainMapTask
0x08139CBC	0x08139CDF	thumb	SaveMainMapTask
0x08139CE0	0x08139D77	thumb	FreeRegionMap
0x08139D78	0x08139D93	thumb	FreeRegionMapForFlyMap
0x08139D94	0x08139DA9	thumb	CB2_RegionMap
0x08139DAC	0x08139DBD	thumb	VBlankCB_RegionMap
0x08139DC0	0x08139DD1	thumb	NullVBlankHBlankCallbacks
0x08139DD4	0x08139DE3	thumb	SetRegionMapVBlankCB
0x08139DE4	0x08139F6B	thumb	InitRegionMapBgs
0x08139F6C	0x08139FAF	thumb	SetBgTilemapBuffers
0x08139FB0	0x08139FC9	thumb	ResetOamForRegionMap
0x08139FCC	0x08139FF9	thumb	SetBg0andBg3Hidden
0x08139FFC	0x0813A087	thumb	UpdateMapsecNameBox
0x0813A088	0x0813A113	thumb	DisplayCurrentMapName
0x0813A114	0x0813A133	thumb	DrawDungeonNameBox
0x0813A134	0x0813A21F	thumb	DisplayCurrentDungeonName
0x0813A220	0x0813A245	thumb	ClearMapsecNameText
0x0813A248	0x0813A363	thumb	BufferRegionMapBg
0x0813A364	0x0813A37F	thumb	GetRegionMapPermission
0x0813A380	0x0813A393	thumb	GetSelectedRegionMap
0x0813A394	0x0813A3A7	thumb	GetRegionMapPlayerIsOn
0x0813A3A8	0x0813A3BB	thumb	SetSelectedRegionMap
0x0813A3BC	0x0813A3CF	thumb	SetRegionMapPlayerIsOn
0x0813A3D0	0x0813A4E3	thumb	InitSwitchMapMenu
0x0813A4E4	0x0813A51B	thumb	ResetGpuRegsForSwitchMapMenu
0x0813A51C	0x0813A557	thumb	FadeSwitchMapMenuIn
0x0813A558	0x0813A58F	thumb	FadeSwitchMapMenuOut
0x0813A590	0x0813A7A7	thumb	Task_SwitchMapMenu
0x0813A7A8	0x0813A827	thumb	FreeSwitchMapMenu
0x0813A828	0x0813A85F	thumb	BrightenScreenForSwitchMapMenu
0x0813A860	0x0813A8B3	thumb	LoadSwitchMapTilemap
0x0813A8B4	0x0813A957	thumb	SetGpuRegsToDimScreen
0x0813A958	0x0813A987	thumb	DimScreenForSwitchMapMenu
0x0813A988	0x0813AB77	thumb	HandleSwitchMapInput
0x0813AB78	0x0813AB8F	thumb	SpriteCB_SwitchMapCursor
0x0813AB90	0x0813AC03	thumb	CreateSwitchMapCursor
0x0813AC04	0x0813AC19	thumb	CreateSwitchMapCursorSubsprite
0x0813AC1C	0x0813AD1F	thumb	CreateSwitchMapCursorSubsprite_
0x0813AD20	0x0813AD87	thumb	FreeSwitchMapCursor
0x0813AD88	0x0813ADBF	thumb	GetDungeonFlavorText
0x0813ADC0	0x0813ADF7	thumb	GetDungeonName
0x0813ADF8	0x0813AEAF	thumb	InitDungeonMapPreview
0x0813AEB0	0x0813AF27	thumb	LoadMapPreviewGfx
0x0813AF28	0x0813AFF3	thumb	Task_DungeonMapPreview
0x0813AFF4	0x0813B1EB	thumb	Task_DrawDungeonMapPreviewFlavorText
0x0813B1EC	0x0813B25F	thumb	FreeDungeonMapPreview
0x0813B260	0x0813B27B	thumb	CopyMapPreviewTilemapToBgTilemapBuffer
0x0813B27C	0x0813B34F	thumb	InitScreenForDungeonMapPreview
0x0813B350	0x0813B48B	thumb	UpdateDungeonMapPreview
0x0813B48C	0x0813B48D	thumb	SpriteCB_MapEdge
0x0813B490	0x0813B553	thumb	CreateMapEdgeSprite
0x0813B554	0x0813B617	thumb	InitMapOpenAnim
0x0813B618	0x0813B66B	thumb	SetMapEdgeInvisibility
0x0813B66C	0x0813B767	thumb	LoadMapEdgeGfx
0x0813B768	0x0813B7D7	thumb	InitScreenForMapOpenAnim
0x0813B7D8	0x0813B83F	thumb	SetGpuRegsToFadeMapToWhite
0x0813B840	0x0813B863	thumb	FinishMapOpenAnim
0x0813B864	0x0813B89B	thumb	FreeMapOpenCloseAnim
0x0813B89C	0x0813B8FF	thumb	FreeMapEdgeSprites
0x0813B900	0x0813BBBB	thumb	Task_MapOpenAnim
0x0813BBBC	0x0813BCFF	thumb	MoveMapEdgesOutward
0x0813BD00	0x0813BD37	thumb	SetGpuWindowDimsToMapEdges
0x0813BD38	0x0813BDA7	thumb	InitScreenForMapCloseAnim
0x0813BDA8	0x0813BDC3	thumb	DoMapCloseAnim
0x0813BDC4	0x0813BE05	thumb	CreateMapEdgeSprites
0x0813BE08	0x0813BF2F	thumb	Task_MapCloseAnim
0x0813BF30	0x0813C073	thumb	MoveMapEdgesInward
0x0813C074	0x0813C0B3	thumb	SpriteCB_MapCursor
0x0813C0B4	0x0813C13B	thumb	CreateMapCursor
0x0813C13C	0x0813C1D3	thumb	CreateMapCursorSprite
0x0813C1D4	0x0813C1F7	thumb	SetMapCursorInvisibility
0x0813C1F8	0x0813C207	thumb	ResetCursorSnap
0x0813C208	0x0813C243	thumb	FreeMapCursor
0x0813C244	0x0813C3AB	thumb	HandleRegionMapInput
0x0813C3AC	0x0813C457	thumb	MoveMapCursor
0x0813C458	0x0813C46B	thumb	GetRegionMapInput
0x0813C46C	0x0813C573	thumb	SnapToIconOrButton
0x0813C574	0x0813C57F	thumb	GetMapCursorX
0x0813C580	0x0813C58B	thumb	GetMapCursorY
0x0813C58C	0x0813C62F	thumb	GetMapsecUnderCursor
0x0813C630	0x0813C6B7	thumb	GetDungeonMapsecUnderCursor
0x0813C6B8	0x0813C85B	thumb	GetMapsecType
0x0813C85C	0x0813CAC7	thumb	GetDungeonMapsecType
0x0813CAC8	0x0813CAE3	thumb	GetSelectedMapsecType
0x0813CAE4	0x0813CB07	thumb	GetPlayerCurrentMapSectionId
0x0813CB08	0x0813CC8F	thumb	GetPlayerPositionOnRegionMap
0x0813CC90	0x0813CF67	thumb	GetPlayerPositionOnRegionMap_HandleOverrides
0x0813CF68	0x0813CFC3	thumb	GetSelectedMapSection
0x0813CFC4	0x0813D04B	thumb	CreatePlayerIcon
0x0813D04C	0x0813D103	thumb	CreatePlayerIconSprite
0x0813D104	0x0813D127	thumb	SetPlayerIconInvisibility
0x0813D128	0x0813D163	thumb	FreePlayerIcon
0x0813D164	0x0813D16F	thumb	GetPlayerIconX
0x0813D170	0x0813D17B	thumb	GetPlayerIconY
0x0813D17C	0x0813D1D7	thumb	InitMapIcons
0x0813D1D8	0x0813D283	thumb	LoadMapIcons
0x0813D284	0x0813D2A7	thumb	FinishMapIconLoad
0x0813D2A8	0x0813D387	thumb	CreateFlyIconSprite
0x0813D388	0x0813D49B	thumb	CreateDungeonIconSprite
0x0813D49C	0x0813D583	thumb	CreateFlyIcons
0x0813D584	0x0813D637	thumb	CreateDungeonIcons
0x0813D638	0x0813D6D7	thumb	SetFlyIconInvisibility
0x0813D6D8	0x0813D76F	thumb	SetDungeonIconInvisibility
0x0813D770	0x0813D80B	thumb	FreeMapIcons
0x0813D80C	0x0813D88B	thumb	SaveRegionMapGpuRegs
0x0813D88C	0x0813D90F	thumb	SetRegionMapGpuRegs
0x0813D910	0x0813D937	thumb	FreeRegionMapGpuRegs
0x0813D938	0x0813D989	thumb	ResetGpuRegs
0x0813D98C	0x0813D9A1	thumb	SetBldCnt
0x0813D9A4	0x0813D9B3	thumb	SetBldY
0x0813D9B4	0x0813D9C7	thumb	SetBldAlpha
0x0813D9C8	0x0813D9DB	thumb	SetWinIn
0x0813D9DC	0x0813D9EB	thumb	SetWinOut
0x0813D9EC	0x0813DA3B	thumb	SetDispCnt
0x0813DA3C	0x0813DA77	thumb	SetGpuWindowDims
0x0813DA78	0x0813DAA3	thumb	FreeAndResetGpuRegs
0x0813DAA4	0x0813DAD7	thumb	IsCeladonDeptStoreMapsec
0x0813DAD8	0x0813DB67	thumb	GetMapName
0x0813DB68	0x0813DB77	thumb	GetMapNameGeneric
0x0813DB78	0x0813DB87	thumb	GetMapNameGeneric_
0x0813DB88	0x0813DBDF	thumb	PrintTopBarTextLeft
0x0813DBE0	0x0813DC37	thumb	PrintTopBarTextRight
0x0813DC38	0x0813DC5B	thumb	ClearOrDrawTopBar
0x0813DC5C	0x0813DCD3	thumb	CB2_OpenFlyMap
0x0813DCD4	0x0813DFC7	thumb	Task_FlyMap
0x0813DFC8	0x0813DFDF	thumb	InitFlyMap
0x0813DFE0	0x0813E08B	thumb	FreeFlyMap
0x0813E08C	0x0813E0C7	thumb	SetFlyWarpDestination
0x0813E0CC	0x0813E137	thumb	SetAllRenewableItemFlags
0x0813E138	0x0813E15F	thumb	IncrementRenewableHiddenItemStepCounter
0x0813E160	0x0813E1D3	thumb	TryRegenerateRenewableHiddenItems
0x0813E1D4	0x0813E227	thumb	SampleRenewableItemFlags
0x0813E228	0x0813E2AF	thumb	ReloadSave
0x0813E2B0	0x0813E2B1	thumb	ReshowBattleScreenDummy
0x0813E2B4	0x0813E327	thumb	ReshowBattleScreenAfterMenu
0x0813E328	0x0813E5FF	thumb	CB2_ReshowBattleScreenAfterMenu
0x0813E600	0x0813E65F	thumb	ReshowBattleScreen_TurnOnDisplay
0x0813E660	0x0813E67F	thumb	LoadBattlerSpriteGfx
0x0813E680	0x0813E69B	thumb	CreateBattlerSprite
0x0813E69C	0x0813E6B7	thumb	CreateHealthboxSprite
0x0813E6B8	0x0813E78F	thumb	LoadBattlerSpriteGfx.part.0
0x0813E790	0x0813E9E3	thumb	CreateBattlerSprite.part.0
0x0813E9E4	0x0813EB0B	thumb	CreateHealthboxSprite.part.0
0x0813EB0C	0x0813EB3F	thumb	ClearRoamerData
0x0813EB40	0x0813EBBF	thumb	GetRoamerSpecies
0x0813EBC0	0x0813ECC7	thumb	CreateInitialRoamerMon
0x0813ECC8	0x0813ED3F	thumb	InitRoamer
0x0813ED40	0x0813ED6F	thumb	UpdateLocationHistoryForRoamer
0x0813ED70	0x0813EDB7	thumb	RoamerMoveToOtherLocationSet
0x0813EDB8	0x0813EE5B	thumb	RoamerMove
0x0813EE5C	0x0813EE97	thumb	IsRoamerAt
0x0813EE98	0x0813EF6B	thumb	CreateRoamerMonInstance
0x0813EF6C	0x0813EFAF	thumb	TryStartRoamerEncounter
0x0813EFB0	0x0813F01B	thumb	UpdateRoamerHPStatus
0x0813F01C	0x0813F02F	thumb	SetRoamerInactive
0x0813F030	0x0813F03F	thumb	GetRoamerLocation
0x0813F040	0x0813F06F	thumb	GetRoamerLocationMapSectionId
0x0813F070	0x0813F07D	thumb	GetSafariZoneFlag
0x0813F080	0x0813F08D	thumb	SetSafariZoneFlag
0x0813F090	0x0813F09D	thumb	ResetSafariZoneFlag
0x0813F0A0	0x0813F0CB	thumb	EnterSafariMode
0x0813F0CC	0x0813F0EB	thumb	ExitSafariMode
0x0813F0EC	0x0813F12B	thumb	SafariZoneTakeStep
0x0813F12C	0x0813F13B	thumb	SafariZoneRetirePrompt
0x0813F13C	0x0813F1EF	thumb	CB2_EndSafariBattle
0x0813F1F0	0x0813F1FF	thumb	SafariZoneRefillSteps
0x0813F200	0x0813F213	thumb	SafariZoneCheckSteps
0x0813F214	0x0813F21F	thumb	SetNotInSaveFailedScreen
0x0813F220	0x0813F237	thumb	DoSaveFailedScreen
0x0813F238	0x0813F3A7	thumb	RunSaveFailedScreen
0x0813F3A8	0x0813F3BB	thumb	BlankPalettes
0x0813F3BC	0x0813F3D7	thumb	RequestDmaCopyFromScreenBuffer
0x0813F3D8	0x0813F3F3	thumb	RequestDmaCopyFromCharBuffer
0x0813F3F4	0x0813F48F	thumb	FillBgMapBufferRect
0x0813F490	0x0813F4DB	thumb	UpdateMapBufferWithText
0x0813F4DC	0x0813F513	thumb	ClearMapBuffer
0x0813F514	0x0813F577	thumb	PrintTextOnSaveFailedScreen
0x0813F578	0x0813F5FF	thumb	TryWipeDamagedSectors
0x0813F600	0x0813F637	thumb	VerifySectorWipe
0x0813F638	0x0813F6AF	thumb	WipeSector
0x0813F6B0	0x0813F6E5	thumb	WipeDamagedSectors
0x0813F6E8	0x0813F727	thumb	IsCurMapInLocationList
0x0813F728	0x0813F76B	thumb	IsCurMapPokeCenter
0x0813F76C	0x0813F76F	thumb	IsCurMapReloadLocation
0x0813F770	0x0813F773	thumb	IsCurMapInEmptyList
0x0813F774	0x0813F7CB	thumb	TrySetPokeCenterWarpStatus
0x0813F7CC	0x0813F7DF	thumb	TrySetReloadWarpStatus
0x0813F7E0	0x0813F7F3	thumb	TrySetUnknownWarpStatus
0x0813F7F4	0x0813F84F	thumb	TrySetMapSaveWarpStatus
0x0813F850	0x0813F88F	thumb	SetUnlockedPokedexFlags
0x0813F890	0x0813F8B3	thumb	SetPostgameFlags
0x0813F8B4	0x0813F9BB	thumb	SaveStatToString
0x0813F9BC	0x0813F9DB	thumb	ClearSaveData
0x0813F9DC	0x0813F9F7	thumb	Save_ResetSaveCounters
0x0813F9F8	0x0813FA3B	thumb	SetDamagedSectorBits
0x0813FA3C	0x0813FAD7	thumb	WriteSaveSectorOrSlot
0x0813FAD8	0x0813FBBF	thumb	HandleWriteSector
0x0813FBC0	0x0813FC4B	thumb	HandleWriteSectorNBytes
0x0813FC4C	0x0813FC7B	thumb	TryWriteSector
0x0813FC7C	0x0813FCD7	thumb	RestoreSaveBackupVarsAndIncrement
0x0813FCD8	0x0813FD1B	thumb	RestoreSaveBackupVars
0x0813FD1C	0x0813FD77	thumb	HandleWriteIncrementalSector
0x0813FD78	0x0813FDBF	thumb	HandleReplaceSectorAndVerify
0x0813FDC0	0x0813FF17	thumb	HandleReplaceSector
0x0813FF18	0x0813FF9B	thumb	CopySectorSignatureByte
0x0813FF9C	0x08140017	thumb	WriteSectorSignatureByte
0x08140018	0x08140053	thumb	TryLoadSaveSlot
0x08140054	0x08140143	thumb	CopySaveSlotData
0x08140144	0x08140337	thumb	GetSaveValidStatus
0x08140338	0x081403B7	thumb	TryLoadSaveSector
0x081403B8	0x081403CF	thumb	ReadFlashSector
0x081403D0	0x081403F7	thumb	CalculateChecksum
0x081403F8	0x0814046F	thumb	UpdateSaveAddresses
0x08140470	0x0814055B	thumb	HandleSavingData
0x0814055C	0x0814059F	thumb	TrySavingData
0x081405A0	0x08140613	thumb	LinkFullSave_Init
0x08140614	0x0814067F	thumb	LinkFullSave_WriteSector
0x08140680	0x081406C7	thumb	LinkFullSave_ReplaceLastSector
0x081406C8	0x081406EF	thumb	LinkFullSave_SetLastSectorSignature
0x081406F0	0x0814077F	thumb	WriteSaveBlock2
0x08140780	0x08140803	thumb	WriteSaveBlock1Sector
0x08140804	0x08140897	thumb	LoadGameSave
0x08140898	0x081408EB	thumb	TryReadSpecialSaveSector
0x081408EC	0x08140937	thumb	TryWriteSpecialSaveSector
0x08140938	0x08140AB7	thumb	Task_LinkFullSave
0x08140ABC	0x08140AF7	thumb	ScanlineEffect_Stop
0x08140AF8	0x08140B2F	thumb	ScanlineEffect_Clear
0x08140B30	0x08140B93	thumb	ScanlineEffect_SetParams
0x08140B94	0x08140C1F	thumb	ScanlineEffect_InitHBlankDmaTransfer
0x08140C20	0x08140C3B	thumb	CopyValue16Bit
0x08140C3C	0x08140C57	thumb	CopyValue32Bit
0x08140C58	0x08140DB7	thumb	TaskFunc_UpdateWavePerFrame
0x08140DB8	0x08140DF7	thumb	GenerateWave
0x08140DF8	0x08140F5B	thumb	ScanlineEffect_InitWave
0x08140F60	0x08140F63	thumb	ScrCmd_nop
0x08140F64	0x08140F67	thumb	ScrCmd_nop1
0x08140F68	0x08140F73	thumb	ScrCmd_end
0x08140F74	0x08140F8B	thumb	ScrCmd_gotonative
0x08140F8C	0x08140FC7	thumb	ScrCmd_special
0x08140FC8	0x08141017	thumb	ScrCmd_specialvar
0x08141018	0x0814102F	thumb	ScrCmd_callnative
0x08141030	0x0814103B	thumb	ScrCmd_waitstate
0x0814103C	0x08141053	thumb	ScrCmd_goto
0x08141054	0x0814105F	thumb	ScrCmd_return
0x08141060	0x08141077	thumb	ScrCmd_call
0x08141078	0x081410AF	thumb	ScrCmd_goto_if
0x081410B0	0x081410E7	thumb	ScrCmd_call_if
0x081410E8	0x08141107	thumb	ScrCmd_setvaddress
0x08141108	0x08141127	thumb	ScrCmd_vgoto
0x08141128	0x08141147	thumb	ScrCmd_vcall
0x08141148	0x08141187	thumb	ScrCmd_vgoto_if
0x08141188	0x081411C7	thumb	ScrCmd_vcall_if
0x081411C8	0x081411F7	thumb	ScrCmd_gotostd
0x081411F8	0x08141227	thumb	ScrCmd_callstd
0x08141228	0x0814126F	thumb	ScrCmd_gotostd_if
0x08141270	0x081412B7	thumb	ScrCmd_callstd_if
0x081412B8	0x081412CB	thumb	ScrCmd_returnram
0x081412CC	0x081412E1	thumb	ScrCmd_endram
0x081412E4	0x081412F7	thumb	ScrCmd_setmysteryeventstatus
0x081412F8	0x0814131B	thumb	ScrCmd_trywondercardscript
0x0814131C	0x08141339	thumb	ScrCmd_loadword
0x0814133C	0x0814135B	thumb	ScrCmd_loadbytefromptr
0x0814135C	0x08141373	thumb	ScrCmd_setptr
0x08141374	0x0814138B	thumb	ScrCmd_loadbyte
0x0814138C	0x081413A9	thumb	ScrCmd_setptrbyte
0x081413AC	0x081413C9	thumb	ScrCmd_copylocal
0x081413CC	0x081413E7	thumb	ScrCmd_copybyte
0x081413E8	0x08141405	thumb	ScrCmd_setvar
0x08141408	0x0814142B	thumb	ScrCmd_copyvar
0x0814142C	0x0814144D	thumb	ScrCmd_setorcopyvar
0x08141450	0x08141469	thumb	Compare
0x0814146C	0x081414A1	thumb	ScrCmd_compare_local_to_local
0x081414A4	0x081414D1	thumb	ScrCmd_compare_local_to_value
0x081414D4	0x08141509	thumb	ScrCmd_compare_local_to_ptr
0x0814150C	0x0814153D	thumb	ScrCmd_compare_ptr_to_local
0x08141540	0x0814156B	thumb	ScrCmd_compare_ptr_to_value
0x0814156C	0x08141597	thumb	ScrCmd_compare_ptr_to_ptr
0x08141598	0x081415C5	thumb	ScrCmd_compare_var_to_value
0x081415C8	0x081415FD	thumb	ScrCmd_compare_var_to_var
0x08141600	0x08141621	thumb	ScrCmd_addvar
0x08141624	0x08141649	thumb	ScrCmd_subvar
0x0814164C	0x08141673	thumb	ScrCmd_random
0x08141674	0x081416AB	thumb	ScrCmd_additem
0x081416AC	0x081416DF	thumb	ScrCmd_removeitem
0x081416E0	0x08141713	thumb	ScrCmd_checkitemspace
0x08141714	0x08141747	thumb	ScrCmd_checkitem
0x08141748	0x08141763	thumb	ScrCmd_checkitemtype
0x08141764	0x08141793	thumb	ScrCmd_addpcitem
0x08141794	0x081417C3	thumb	ScrCmd_checkpcitem
0x081417C4	0x081417D3	thumb	ScrCmd_adddecoration
0x081417D4	0x081417E3	thumb	ScrCmd_removedecoration
0x081417E4	0x081417F3	thumb	ScrCmd_checkdecorspace
0x081417F4	0x08141803	thumb	ScrCmd_checkdecor
0x08141804	0x08141813	thumb	ScrCmd_setflag
0x08141814	0x08141823	thumb	ScrCmd_clearflag
0x08141824	0x08141839	thumb	ScrCmd_checkflag
0x0814183C	0x0814184F	thumb	ScrCmd_incrementgamestat
0x08141850	0x0814187F	thumb	ScrCmd_comparestat
0x08141880	0x08141899	thumb	ScrCmd_setworldmapflag
0x0814189C	0x081418B3	thumb	ScrCmd_animateflash
0x081418B4	0x081418C7	thumb	ScrCmd_setflashlevel
0x081418C8	0x081418D7	thumb	IsPaletteNotActive
0x081418D8	0x081418FF	thumb	ScrCmd_fadescreen
0x08141900	0x0814192B	thumb	ScrCmd_fadescreenspeed
0x0814192C	0x08141943	thumb	RunPauseTimer
0x08141944	0x08141967	thumb	ScrCmd_delay
0x08141968	0x0814196B	thumb	ScrCmd_initclock
0x0814196C	0x0814196F	thumb	ScrCmd_dotimebasedevents
0x08141970	0x0814198F	thumb	ScrCmd_gettime
0x08141990	0x081419A3	thumb	ScrCmd_setweather
0x081419A4	0x081419AF	thumb	ScrCmd_resetweather
0x081419B0	0x081419BB	thumb	ScrCmd_doweather
0x081419BC	0x081419CF	thumb	ScrCmd_setstepcallback
0x081419D0	0x081419E3	thumb	ScrCmd_setmaplayoutindex
0x081419E4	0x08141A4B	thumb	ScrCmd_warp
0x08141A4C	0x08141AB3	thumb	ScrCmd_warpsilent
0x08141AB4	0x08141B1B	thumb	ScrCmd_warpdoor
0x08141B1C	0x08141B89	thumb	ScrCmd_warphole
0x08141B8C	0x08141BF3	thumb	ScrCmd_warpteleport
0x08141BF4	0x08141C63	thumb	ScrCmd_warpspinenter
0x08141C64	0x08141CC3	thumb	ScrCmd_setwarp
0x08141CC4	0x08141D25	thumb	ScrCmd_setdynamicwarp
0x08141D28	0x08141D87	thumb	ScrCmd_setdivewarp
0x08141D88	0x08141DE7	thumb	ScrCmd_setholewarp
0x08141DE8	0x08141E47	thumb	ScrCmd_setescapewarp
0x08141E48	0x08141E77	thumb	ScrCmd_getplayerxy
0x08141E78	0x08141E8B	thumb	ScrCmd_getpartysize
0x08141E8C	0x08141E9B	thumb	ScrCmd_playse
0x08141E9C	0x08141EA9	thumb	WaitForSoundEffectFinish
0x08141EAC	0x08141EBF	thumb	ScrCmd_waitse
0x08141EC0	0x08141ECF	thumb	ScrCmd_playfanfare
0x08141ED0	0x08141ED9	thumb	WaitForFanfareFinish
0x08141EDC	0x08141EEF	thumb	ScrCmd_waitfanfare
0x08141EF0	0x08141F2B	thumb	ScrCmd_playbgm
0x08141F2C	0x08141F3B	thumb	ScrCmd_savebgm
0x08141F3C	0x08141F5B	thumb	ScrCmd_fadedefaultbgm
0x08141F5C	0x08141F7F	thumb	ScrCmd_fadenewbgm
0x08141F80	0x08141FCB	thumb	ScrCmd_fadeoutbgm
0x08141FCC	0x08142003	thumb	ScrCmd_fadeinbgm
0x08142004	0x0814203F	thumb	ScrCmd_applymovement
0x08142040	0x0814207B	thumb	ScrCmd_applymovementat
0x0814207C	0x0814209F	thumb	WaitForMovementFinish
0x081420A0	0x081420EF	thumb	ScrCmd_waitmovement
0x081420F0	0x0814213B	thumb	ScrCmd_waitmovementat
0x0814213C	0x0814215F	thumb	ScrCmd_removeobject
0x08142160	0x08142189	thumb	ScrCmd_removeobjectat
0x0814218C	0x081421AF	thumb	ScrCmd_addobject
0x081421B0	0x081421D9	thumb	ScrCmd_addobjectat
0x081421DC	0x0814222B	thumb	ScrCmd_setobjectxy
0x0814222C	0x08142267	thumb	ScrCmd_setobjectxyperm
0x08142268	0x0814228B	thumb	ScrCmd_copyobjectxytoperm
0x0814228C	0x081422B7	thumb	ScrCmd_showobjectat
0x081422B8	0x081422E3	thumb	ScrCmd_hideobjectat
0x081422E4	0x08142319	thumb	ScrCmd_setobjectsubpriority
0x0814231C	0x08142345	thumb	ScrCmd_resetobjectsubpriority
0x08142348	0x0814237B	thumb	ScrCmd_faceplayer
0x0814237C	0x081423AB	thumb	ScrCmd_turnobject
0x081423AC	0x081423CF	thumb	ScrCmd_setobjectmovementtype
0x081423D0	0x08142427	thumb	ScrCmd_createvobject
0x08142428	0x08142443	thumb	ScrCmd_turnvobject
0x08142444	0x0814246F	thumb	ScrCmd_lockall
0x08142470	0x081424C7	thumb	ScrCmd_lock
0x081424C8	0x081424F7	thumb	ScrCmd_releaseall
0x081424F8	0x08142547	thumb	ScrCmd_release
0x08142548	0x08142567	thumb	ScrCmd_textcolor
0x08142568	0x08142581	thumb	ScrCmd_message
0x08142584	0x081425A7	thumb	ScrCmd_loadhelp
0x081425A8	0x081425B3	thumb	ScrCmd_unloadhelp
0x081425B4	0x081425CD	thumb	ScrCmd_messageautoscroll
0x081425D0	0x081425E3	thumb	ScrCmd_waitmessage
0x081425E4	0x081425EF	thumb	ScrCmd_closemessage
0x081425F0	0x0814268B	thumb	WaitForAorBPress
0x0814268C	0x081426AD	thumb	ScriptContext_NextCommandEndsScript
0x081426B0	0x0814274F	thumb	ScriptContext_GetQuestLogInput
0x08142750	0x0814278F	thumb	ScrCmd_waitbuttonpress
0x08142790	0x081427BB	thumb	ScrCmd_yesnobox
0x081427BC	0x081427F3	thumb	ScrCmd_multichoice
0x081427F4	0x08142837	thumb	ScrCmd_multichoicedefault
0x08142838	0x0814283B	thumb	ScrCmd_drawbox
0x0814283C	0x0814287F	thumb	ScrCmd_multichoicegrid
0x08142880	0x08142889	thumb	ScrCmd_erasebox
0x0814288C	0x0814288F	thumb	ScrCmd_drawboxtext
0x08142890	0x081428BF	thumb	ScrCmd_showmonpic
0x081428C0	0x081428DD	thumb	ScrCmd_hidemonpic
0x081428E0	0x081428E9	thumb	ScrCmd_showcontestpainting
0x081428EC	0x08142927	thumb	ScrCmd_braillemessage
0x08142928	0x0814294F	thumb	ScrCmd_getbraillestringwidth
0x08142950	0x0814296B	thumb	ScrCmd_vmessage
0x0814296C	0x081429A3	thumb	ScrCmd_bufferspeciesname
0x081429A4	0x081429EF	thumb	ScrCmd_bufferleadmonspeciesname
0x081429F0	0x08142A2F	thumb	ScrCmd_bufferpartymonnick
0x08142A30	0x08142A57	thumb	ScrCmd_bufferitemname
0x08142A58	0x08142ADF	thumb	ScrCmd_bufferitemnameplural
0x08142AE0	0x08142AF5	thumb	ScrCmd_bufferdecorationname
0x08142AF8	0x08142B2F	thumb	ScrCmd_buffermovename
0x08142B30	0x08142B67	thumb	ScrCmd_buffernumberstring
0x08142B68	0x08142B9B	thumb	ScrCmd_bufferstdstring
0x08142B9C	0x08142BC3	thumb	ScrCmd_bufferstring
0x08142BC4	0x08142BE3	thumb	ScrCmd_vbuffermessage
0x08142BE4	0x08142C13	thumb	ScrCmd_vbufferstring
0x08142C14	0x08142C47	thumb	ScrCmd_bufferboxname
0x08142C48	0x08142CAF	thumb	ScrCmd_givemon
0x08142CB0	0x08142CCB	thumb	ScrCmd_giveegg
0x08142CCC	0x08142CF1	thumb	ScrCmd_setmonmove
0x08142CF4	0x08142D63	thumb	ScrCmd_checkpartymove
0x08142D64	0x08142D97	thumb	ScrCmd_addmoney
0x08142D98	0x08142DCB	thumb	ScrCmd_removemoney
0x08142DCC	0x08142E07	thumb	ScrCmd_checkmoney
0x08142E08	0x08142E57	thumb	ScrCmd_showmoneybox
0x08142E58	0x08142E63	thumb	ScrCmd_hidemoneybox
0x08142E64	0x08142E93	thumb	ScrCmd_updatemoneybox
0x08142E94	0x08142EC7	thumb	ScrCmd_showcoinsbox
0x08142EC8	0x08142ED9	thumb	ScrCmd_hidecoinsbox
0x08142EDC	0x08142EF1	thumb	ScrCmd_updatecoinsbox
0x08142EF4	0x08142F07	thumb	ScrCmd_trainerbattle
0x08142F08	0x08142F13	thumb	ScrCmd_dotrainerbattle
0x08142F14	0x08142F25	thumb	ScrCmd_gotopostbattlescript
0x08142F28	0x08142F39	thumb	ScrCmd_gotobeatenscript
0x08142F3C	0x08142F55	thumb	ScrCmd_checktrainerflag
0x08142F58	0x08142F6B	thumb	ScrCmd_settrainerflag
0x08142F6C	0x08142F7F	thumb	ScrCmd_cleartrainerflag
0x08142F80	0x08142FA9	thumb	ScrCmd_setwildbattle
0x08142FAC	0x08142FBB	thumb	ScrCmd_dowildbattle
0x08142FBC	0x08142FCF	thumb	ScrCmd_pokemart
0x08142FD0	0x08142FE3	thumb	ScrCmd_pokemartdecoration
0x08142FE4	0x08142FF7	thumb	ScrCmd_pokemartdecoration2
0x08142FF8	0x0814301B	thumb	ScrCmd_playslotmachine
0x0814301C	0x0814301F	thumb	ScrCmd_setberrytree
0x08143020	0x08143023	thumb	ScrCmd_getpokenewsactive
0x08143024	0x0814302F	thumb	ScrCmd_choosecontestmon
0x08143030	0x08143033	thumb	ScrCmd_startcontest
0x08143034	0x08143037	thumb	ScrCmd_showcontestresults
0x08143038	0x0814303B	thumb	ScrCmd_contestlinktransfer
0x0814303C	0x0814305B	thumb	ScrCmd_dofieldeffect
0x0814305C	0x08143083	thumb	ScrCmd_setfieldeffectargument
0x08143084	0x0814309B	thumb	WaitForFieldEffectFinish
0x0814309C	0x081430C3	thumb	ScrCmd_waitfieldeffect
0x081430C4	0x081430D7	thumb	ScrCmd_setrespawn
0x081430D8	0x081430EF	thumb	ScrCmd_checkplayergender
0x081430F0	0x08143119	thumb	ScrCmd_playmoncry
0x0814311C	0x0814312F	thumb	ScrCmd_waitmoncry
0x08143130	0x08143191	thumb	ScrCmd_setmetatile
0x08143194	0x081431D3	thumb	ScrCmd_opendoor
0x081431D4	0x08143203	thumb	ScrCmd_closedoor
0x08143204	0x08143211	thumb	IsDoorAnimationStopped
0x08143214	0x08143227	thumb	ScrCmd_waitdooranim
0x08143228	0x08143257	thumb	ScrCmd_setdooropen
0x08143258	0x08143287	thumb	ScrCmd_setdoorclosed
0x08143288	0x0814328B	thumb	ScrCmd_addelevmenuitem
0x0814328C	0x0814328F	thumb	ScrCmd_showelevmenu
0x08143290	0x081432A9	thumb	ScrCmd_checkcoins
0x081432AC	0x081432CF	thumb	ScrCmd_addcoins
0x081432D0	0x081432F3	thumb	ScrCmd_removecoins
0x081432F4	0x081432FF	thumb	ScrCmd_signmsg
0x08143300	0x0814330B	thumb	ScrCmd_normalmsg
0x0814330C	0x0814333B	thumb	ScrCmd_setmonmodernfatefulencounter
0x0814333C	0x08143367	thumb	ScrCmd_checkmonmodernfatefulencounter
0x08143368	0x081433A7	thumb	ScrCmd_setmonmetlocation
0x081433A8	0x081433F3	thumb	ScrCmd_fadescreenswapbuffers
0x081433F4	0x08143413	thumb	ScrCmd_setobjectmovementtypeinstant
0x08143414	0x0814342B	thumb	ScrCmd_resetobjectmovementtype
0x08143430	0x0814344D	thumb	GetStringTilesWide
0x08143450	0x081434B7	thumb	GetMenuWidthFromList
0x081434B8	0x08143503	thumb	ScriptMenu_Multichoice
0x08143504	0x0814355B	thumb	ScriptMenu_MultichoiceWithDefault
0x0814355C	0x081436BB	thumb	DrawVerticalMultichoiceMenu
0x081436BC	0x081436D7	thumb	GetMCWindowHeight
0x081436D8	0x0814374F	thumb	CreateMCMenuInputHandlerTask
0x08143750	0x081437FB	thumb	Task_MultichoiceMenu_HandleInput
0x081437FC	0x0814386B	thumb	MultiChoicePrintHelpDescription
0x0814386C	0x081438AF	thumb	ScriptMenu_YesNo
0x081438B0	0x081438BF	thumb	IsScriptActive
0x081438C0	0x08143923	thumb	Task_YesNoMenu_HandleInput
0x08143924	0x08143A6B	thumb	ScriptMenu_MultichoiceGrid
0x08143A6C	0x08143ACF	thumb	Hask_MultichoiceGridMenu_HandleInput
0x08143AD0	0x08143AF7	thumb	CreatePCMenu
0x08143AF8	0x08143CFB	thumb	CreatePCMenuWindow
0x08143CFC	0x08143D2B	thumb	ScriptMenu_DisplayPCStartupPrompt
0x08143D2C	0x08143D97	thumb	Task_ScriptShowMonPic
0x08143D98	0x08143E87	thumb	ScriptMenu_ShowPokemonPic
0x08143E88	0x08143EBB	thumb	ScriptMenu_HidePokemonPic
0x08143EBC	0x08143ED3	thumb	PicboxWait
0x08143ED4	0x08143F43	thumb	PicboxCancel
0x08143F44	0x08143FB3	thumb	Task_WaitMuseumFossilPic
0x08143FB4	0x081440EB	thumb	OpenMuseumFossilPic
0x081440EC	0x0814411B	thumb	CloseMuseumFossilPic
0x0814411C	0x08144167	thumb	CreateWindowFromRect
0x08144168	0x08144187	thumb	DestroyScriptMenuWindow
0x08144188	0x08144213	thumb	QL_DestroyAbortedDisplay
0x08144214	0x081443DB	thumb	DrawSeagallopDestinationMenu
0x081443DC	0x0814445B	thumb	GetSelectedSeagallopDestination
0x0814445C	0x081444C7	thumb	ScriptMovement_StartObjectMovementScript
0x081444C8	0x0814453B	thumb	ScriptMovement_IsObjectMovementFinished
0x0814453C	0x0814458F	thumb	ScriptMovement_UnfreezeObjectEvents
0x08144590	0x081445BB	thumb	ScriptMovement_StartMoveObjects
0x081445BC	0x081445CB	thumb	GetMoveObjectsTaskId
0x081445CC	0x08144657	thumb	ScriptMovement_TryAddNewMovement
0x08144658	0x08144683	thumb	GetMovementScriptIdFromObjectEventId
0x08144684	0x081446AB	thumb	LoadObjectEventIdPtrFromMovementScript
0x081446AC	0x081446D7	thumb	SetObjectEventIdAtMovementScript
0x081446D8	0x081446FF	thumb	LoadObjectEventIdFromMovementScript
0x08144700	0x08144727	thumb	ClearMovementScriptFinished
0x08144728	0x0814474F	thumb	SetMovementScriptFinished
0x08144750	0x08144777	thumb	IsMovementScriptFinished
0x08144778	0x08144787	thumb	SetMovementScript
0x08144788	0x08144797	thumb	GetMovementScript
0x08144798	0x081447F7	thumb	ScriptMovement_AddNewMovement
0x081447F8	0x08144833	thumb	ScriptMovement_UnfreezeActiveObjects
0x08144834	0x08144887	thumb	ScriptMovement_MoveObjects
0x08144888	0x0814493F	thumb	ScriptMovement_TakeStep
0x08144940	0x08144A77	thumb	HealPlayerParty
0x08144A78	0x08144B23	thumb	HealPlayerPartyOak
0x08144B24	0x08144C1F	thumb	ScriptGiveMon
0x08144C20	0x08144C5F	thumb	ScriptGiveEgg
0x08144C60	0x08144C7F	thumb	HasEnoughMonsForDoubleBattle
0x08144C80	0x08144CC7	thumb	CheckPartyMonHasHeldItem
0x08144CC8	0x08144CEF	thumb	DoesPartyHaveEnigmaBerry
0x08144CF0	0x08144D63	thumb	CreateScriptedWildMon
0x08144D64	0x08144D97	thumb	ScriptSetMonMoveSlot
0x08144D98	0x08144DB3	thumb	ChooseHalfPartyForBattle
0x08144DB4	0x08144DD7	thumb	CB2_ReturnFromChooseHalfParty
0x08144DD8	0x08144DF3	thumb	ChooseBattleTowerPlayerParty
0x08144DF4	0x08144E27	thumb	CB2_ReturnFromChooseBattleTowerParty
0x08144E28	0x08144EB7	thumb	ReducePlayerPartyToThree
0x08144EB8	0x08144EDB	thumb	InitScriptContext
0x08144EDC	0x08144EE5	thumb	SetupBytecodeScript
0x08144EE8	0x08144EEF	thumb	SetupNativeScript
0x08144EF0	0x08144EF7	thumb	StopScript
0x08144EF8	0x08144F67	thumb	RunScriptCommand
0x08144F68	0x08144F7F	thumb	ScriptPush
0x08144F80	0x08144F99	thumb	ScriptPop
0x08144F9C	0x08144F9F	thumb	ScriptJump
0x08144FA0	0x08144FBB	thumb	ScriptCall
0x08144FBC	0x08144FD7	thumb	ScriptReturn
0x08144FD8	0x08144FEB	thumb	ScriptReadHalfword
0x08144FEC	0x08145019	thumb	ScriptReadWord
0x0814501C	0x08145027	thumb	LockPlayerFieldControls
0x08145028	0x08145033	thumb	UnlockPlayerFieldControls
0x08145034	0x0814503F	thumb	ArePlayerFieldControlsLocked
0x08145040	0x0814504B	thumb	SetQuestLogInputIsDpadFlag
0x0814504C	0x08145057	thumb	ClearQuestLogInputIsDpadFlag
0x08145058	0x08145067	thumb	IsQuestLogInputDpad
0x08145068	0x08145073	thumb	RegisterQuestLogInput
0x08145074	0x0814507F	thumb	ClearQuestLogInput
0x08145080	0x0814508B	thumb	GetRegisteredQuestLogInput
0x0814508C	0x08145097	thumb	DisableMsgBoxWalkaway
0x08145098	0x081450A3	thumb	EnableMsgBoxWalkaway
0x081450A4	0x081450AF	thumb	IsMsgBoxWalkawayDisabled
0x081450B0	0x081450C7	thumb	SetWalkingIntoSignVars
0x081450C8	0x081450D3	thumb	ClearMsgBoxCancelableState
0x081450D4	0x081450E3	thumb	CanWalkAwayToCancelMsgBox
0x081450E4	0x081450EF	thumb	MsgSetSignpost
0x081450F0	0x081450FB	thumb	MsgSetNotSignpost
0x081450FC	0x0814510B	thumb	IsMsgSignpost
0x0814510C	0x0814511F	thumb	ResetFacingNpcOrSignpostVars
0x08145120	0x0814512F	thumb	ScriptContext_IsEnabled
0x08145130	0x0814516F	thumb	ScriptContext_Init
0x08145170	0x081451AB	thumb	ScriptContext_RunScript
0x081451AC	0x08145217	thumb	ScriptContext_SetupScript
0x08145218	0x08145223	thumb	ScriptContext_Stop
0x08145224	0x0814523B	thumb	ScriptContext_Enable
0x0814523C	0x08145287	thumb	RunScriptImmediately
0x08145288	0x081452BF	thumb	MapHeaderGetScriptTable
0x081452C0	0x081452D5	thumb	MapHeaderRunScriptType
0x081452D8	0x08145329	thumb	MapHeaderCheckScriptTable
0x0814532C	0x0814533F	thumb	RunOnLoadMapScript
0x08145340	0x08145353	thumb	RunOnTransitionMapScript
0x08145354	0x08145373	thumb	RunOnResumeMapScript
0x08145374	0x08145387	thumb	RunOnReturnToFieldMapScript
0x08145388	0x0814539B	thumb	RunOnDiveWarpMapScript
0x0814539C	0x0814541F	thumb	TryRunOnFrameMapScript
0x08145420	0x08145433	thumb	TryRunOnWarpIntoMapScript
0x08145434	0x08145453	thumb	CalculateRamScriptChecksum
0x08145454	0x0814547F	thumb	ClearRamScript
0x08145480	0x0814551B	thumb	InitRamScript
0x0814551C	0x081455B3	thumb	GetRamScript
0x081455B4	0x08145607	thumb	ValidateRamScript
0x08145608	0x08145687	thumb	GetSavedRamScriptIfValid
0x08145688	0x081456FB	thumb	InitRamScript_NoObjectEvent
0x081456FC	0x0814572B	thumb	GetStartingLevelOfRoute5DaycareMon
0x0814572C	0x08145747	thumb	CheckCurrentMasterTitle
0x08145748	0x08145763	thumb	SetCurrentMasterTitle
0x08145764	0x081457A3	thumb	CheckHasAnyMasterTitle
0x081457A4	0x081457CF	thumb	CheckAllMasterTrainerFlags
0x081457D0	0x081457EB	thumb	ShouldChangeMasterTrainerMovementType
0x081457EC	0x0814580B	thumb	ClearAllButFirstPokemon
0x0814580C	0x08145847	thumb	CheckSlot1EVTotal
0x08145848	0x081458AB	thumb	CheckMasterPokemonInSlot1
0x081458AC	0x081458BF	thumb	ShouldSpawnSoftlockClerk
0x081458C0	0x081458E3	thumb	HideWarpArrowSprite
0x081458E4	0x08145917	thumb	CoordsOfPMCExitWarpTo80068007
0x08145918	0x0814592B	thumb	HasNationalMonToVarResult
0x0814592C	0x08145997	thumb	TeachTrappedTentacoolSurf
0x08145998	0x08145A77	thumb	CheckPlayerTrappedOnCinnabar
0x08145A78	0x08145A97	thumb	CheckNuzlockeMode
0x08145A98	0x08145AB3	thumb	CheckNoFreeHealsMode
0x08145AB4	0x08145B1F	thumb	AllPossibleGymLeadersPresent
0x08145B20	0x08145B33	thumb	ReturnBattleHouseLevel
0x08145B34	0x08145D7F	thumb	UpdateBattleHouseStepCounter
0x08145D80	0x0814650B	thumb	UseBattleHouseVar
0x0814650C	0x0814652B	thumb	HandleUseExpiredRepel
0x0814652C	0x08146547	thumb	DetermineCeruleanCaveLayout
0x08146548	0x081465B7	thumb	CheckTrainerCardStars
0x081465B8	0x081466DF	thumb	CheckEventTickets
0x081466E0	0x0814670F	thumb	RecalculatePartyStats
0x08146710	0x0814673B	thumb	ResetTintFilter
0x0814673C	0x08146757	thumb	SetLastViewedPokedexEntry
0x08146758	0x08146773	thumb	TurnOffNuzlockeMode
0x08146774	0x0814678F	thumb	TurnOffNoPMC
0x08146790	0x081467B7	thumb	SetNoPMCTest
0x081467B8	0x081467DB	thumb	IsVersionFireRedToVarResult
0x081467DC	0x081467FF	thumb	IsChallengeModeToVarResult
0x08146800	0x0814690B	thumb	FillBagsTest
0x08146910	0x0814692B	thumb	DoSeagallopFerryScene
0x0814692C	0x08146AE3	thumb	CB2_SetUpSeagallopScene
0x08146AE4	0x08146AF5	thumb	VBlankCB_SeaGallop
0x08146AF8	0x08146B0D	thumb	MainCB2_SeaGallop
0x08146B10	0x08146B2B	thumb	Task_Seagallop_0
0x08146B2C	0x08146B6F	thumb	ScrollBG
0x08146B70	0x08146BAF	thumb	Task_Seagallop_1
0x08146BB0	0x08146BE3	thumb	Task_Seagallop_2
0x08146BE4	0x08146C7F	thumb	Task_Seagallop_3
0x08146C80	0x08146DAF	thumb	ResetGPU
0x08146DB0	0x08146DCD	thumb	ResetAllAssets
0x08146DD0	0x08146DDF	thumb	SetDispcnt
0x08146DE0	0x08146E35	thumb	ResetBGPos
0x08146E38	0x08146E53	thumb	LoadFerrySpriteResources
0x08146E54	0x08146E73	thumb	FreeFerrySpriteResources
0x08146E74	0x08146EDB	thumb	CreateFerrySprite
0x08146EDC	0x08146F39	thumb	SpriteCB_Ferry
0x08146F3C	0x08146F8F	thumb	CreateWakeSprite
0x08146F90	0x08146FA3	thumb	SpriteCB_Wake
0x08146FA4	0x08146FCF	thumb	GetDirectionOfTravel
0x08146FD0	0x0814707B	thumb	GetSeagallopNumber
0x0814707C	0x081470A7	thumb	IsPlayerLeftOfVermilionSailor
0x081470A8	0x08147193	thumb	CreateShopMenu
0x08147194	0x081471D3	thumb	GetMartTypeFromItemList
0x081471D4	0x081471FB	thumb	SetShopItemsForSale
0x081471FC	0x08147207	thumb	SetShopMenuCallback
0x08147208	0x08147243	thumb	Task_ShopMenu
0x08147244	0x0814727B	thumb	Task_HandleShopMenuBuy
0x0814727C	0x081472B3	thumb	Task_HandleShopMenuSell
0x081472B4	0x081472D7	thumb	CB2_GoToSellMenu
0x081472D8	0x0814733B	thumb	Task_HandleShopMenuQuit
0x0814733C	0x08147357	thumb	ClearShopMenuWindow
0x08147358	0x08147387	thumb	Task_GoToBuyOrSellMenu
0x08147388	0x0814739F	thumb	MapPostLoadHook_ReturnToShopMenu
0x081473A0	0x08147403	thumb	Task_ReturnToShopMenu
0x08147404	0x08147427	thumb	ShowShopMenuAfterExitingBuyOrSellMenu
0x08147428	0x08147441	thumb	CB2_BuyMenu
0x08147444	0x08147455	thumb	VBlankCB_BuyMenu
0x08147458	0x0814759B	thumb	CB2_InitBuyMenu
0x0814759C	0x08147613	thumb	InitShopData
0x08147614	0x081476C3	thumb	BuyMenuInitBgs
0x081476C4	0x08147747	thumb	BuyMenuDecompressBgGraphics
0x08147748	0x08147797	thumb	RecolorItemDescriptionBox
0x08147798	0x081477F7	thumb	BuyMenuDrawGraphics
0x081477F8	0x0814796B	thumb	BuyMenuBuildListMenuTemplate
0x0814796C	0x08147987	thumb	PokeMartWriteNameAndIdAt
0x08147988	0x08147A7B	thumb	BuyMenuPrintItemDescriptionAndShowItemIcon
0x08147A7C	0x08147AFF	thumb	BuyMenuPrintPriceInList
0x08147B00	0x08147BD3	thumb	LoadTmHmNameInMart
0x08147BD4	0x08147BE3	thumb	GetMartFontId
0x08147BE4	0x08147C01	thumb	BuyMenuPrintCursor
0x08147C04	0x08147C63	thumb	BuyMenuPrintCursorAtYPosition
0x08147C64	0x08147CCF	thumb	BuyMenuFreeMemory
0x08147CD0	0x08147CEF	thumb	SetShopExitCallback
0x08147CF0	0x08147D4F	thumb	BuyMenuAddScrollIndicatorArrows
0x08147D50	0x08147D8F	thumb	BuyQuantityAddScrollIndicatorArrows
0x08147D90	0x08147DBB	thumb	BuyMenuRemoveScrollIndicatorArrows
0x08147DBC	0x08147DCD	thumb	BuyMenuDrawMapView
0x08147DD0	0x08147E97	thumb	BuyMenuDrawMapBg
0x08147E98	0x08147F3B	thumb	BuyMenuDrawMapMetatile
0x08147F3C	0x08147F61	thumb	BuyMenuDrawMapMetatileLayer
0x08147F64	0x08148047	thumb	BuyMenuCollectObjectEventData
0x08148048	0x081480DB	thumb	BuyMenuDrawObjectEvents
0x081480DC	0x08148113	thumb	BuyMenuCopyTilemapData
0x08148114	0x0814818F	thumb	BuyMenuPrintItemQuantityAndPrice
0x08148190	0x08148353	thumb	Task_BuyMenu
0x08148354	0x08148463	thumb	Task_BuyHowManyDialogueInit
0x08148464	0x08148583	thumb	Task_BuyHowManyDialogueHandleInput
0x08148584	0x08148597	thumb	CreateBuyMenuConfirmPurchaseWindow
0x08148598	0x081485F3	thumb	BuyMenuTryMakePurchase
0x081485F4	0x08148653	thumb	BuyMenuSubtractMoney
0x08148654	0x081486D7	thumb	Task_ReturnToItemListAfterItemPurchase
0x081486D8	0x0814874F	thumb	BuyMenuReturnToItemList
0x08148750	0x08148793	thumb	ExitBuyMenu
0x08148794	0x081487D7	thumb	Task_ExitBuyMenu
0x081487D8	0x081487D9	thumb	DebugFunc_PrintPurchaseDetails
0x081487DC	0x081487DD	thumb	DebugFunc_PrintShopMenuHistoryBeforeClearMaybe
0x081487E0	0x0814886B	thumb	RecordItemTransaction
0x0814886C	0x0814889F	thumb	RecordTransactionForQuestLog
0x081488A0	0x081488F7	thumb	CreatePokemartMenu
0x081488F8	0x08148933	thumb	CreateDecorationShop1Menu
0x08148934	0x0814896F	thumb	CreateDecorationShop2Menu
0x08148974	0x081489DB	thumb	PlaySlotMachine
0x081489DC	0x08148A0F	thumb	InitSlotMachineState
0x08148A10	0x08148AAB	thumb	CB2_InitSlotMachine
0x08148AAC	0x08148ACB	thumb	CleanSupSlotMachineState
0x08148ACC	0x08148AE1	thumb	CB2_RunSlotMachine
0x08148AE4	0x08148DBF	thumb	MainTask_SlotsGameLoop
0x08148DC0	0x08148E5B	thumb	MainTask_NoCoinsGameOver
0x08148E5C	0x08148F2B	thumb	MainTask_ShowHelp
0x08148F2C	0x0814905F	thumb	MainTask_ConfirmExitGame
0x08149060	0x0814917F	thumb	MainTask_DarnNoPayout
0x08149180	0x081493EB	thumb	MainTask_WinHandlePayout
0x081493EC	0x0814946B	thumb	MainTask_ExitSlots
0x0814946C	0x0814948B	thumb	SetMainTask
0x0814948C	0x08149517	thumb	Task_SpinReels
0x08149518	0x0814952B	thumb	StartReels
0x0814952C	0x08149555	thumb	StopCurrentReel
0x08149558	0x0814956B	thumb	IsReelSpinning
0x0814956C	0x08149597	thumb	GetNextReelPosition
0x08149598	0x08149727	thumb	StopReel1
0x08149728	0x08149837	thumb	StopReel2
0x08149838	0x081498DB	thumb	StopReel3
0x081498DC	0x08149A53	thumb	TwoReelBiasCheck
0x08149A54	0x08149C2F	thumb	OneReelBiasCheck
0x08149C30	0x08149C7F	thumb	TestReelIconAttribute
0x08149C80	0x08149C93	thumb	ReelIconToPayoutRank
0x08149C94	0x08149D47	thumb	CalcSlotBias
0x08149D48	0x08149D57	thumb	ResetMachineBias
0x08149D58	0x08149E93	thumb	CalcPayout
0x08149E94	0x08149EA3	thumb	GetPayout
0x08149EA4	0x08149EAF	thumb	GetPlayerBet
0x08149EB0	0x08149EBF	thumb	GetWinFlagByLine
0x08149EC0	0x08149F6F	thumb	LoadSpriteGraphicsAndAllocateManager
0x08149F70	0x08149F8B	thumb	DestroyGfxManager
0x08149F8C	0x08149FB5	thumb	InitGfxManager
0x08149FB8	0x0814A0EB	thumb	CreateReelIconSprites
0x0814A0EC	0x0814A1EB	thumb	UpdateReelIconSprites
0x0814A1EC	0x0814A22F	thumb	HBlankCB_SlotMachine
0x0814A230	0x0814A29F	thumb	CreateScoreDigitSprites
0x0814A2A0	0x0814A333	thumb	UpdateCoinsDisplay
0x0814A334	0x0814A387	thumb	CreateClefairySprites
0x0814A388	0x0814A3AF	thumb	SetClefairySpriteAnim
0x0814A3B0	0x0814A3EF	thumb	CreateSlotMachine
0x0814A3F0	0x0814A43B	thumb	DestroySlotMachine
0x0814A43C	0x0814A477	thumb	Task_SlotMachine
0x0814A478	0x0814A489	thumb	VBlankCB_SlotMachine
0x0814A48C	0x0814A4A3	thumb	GetSlotMachineSetupTaskDataPtr
0x0814A4A4	0x0814A4E3	thumb	SetSlotMachineSetupTask
0x0814A4E4	0x0814A507	thumb	IsSlotMachineSetupTaskActive
0x0814A508	0x0814A87B	thumb	SlotsTask_GraphicsInit
0x0814A87C	0x0814A8B7	thumb	SlotsTask_FadeOut
0x0814A8B8	0x0814A8ED	thumb	SlotsTask_UpdateLineStates
0x0814A8F0	0x0814A913	thumb	SlotsTask_ClefairyUpdateOnReelsStart
0x0814A914	0x0814A943	thumb	SlotsTask_StartClefairyDanceAndWinningLineFlash
0x0814A944	0x0814A9A7	thumb	SlotsTask_StopWinningLineFlashTask
0x0814A9A8	0x0814A9CB	thumb	SlotsTask_ClefairyFainted
0x0814A9CC	0x0814A9EF	thumb	SlotsTask_ClefairyNeutral
0x0814A9F0	0x0814A9FB	thumb	SlotsTask_UpdateCoinsDisplay
0x0814A9FC	0x0814AA33	thumb	SlotsTask_MessageOutOfCoins
0x0814AA34	0x0814AAA3	thumb	SlotsTask_AskQuitPlaying
0x0814AAA4	0x0814AAF7	thumb	SlotsTask_DestroyYesNoMenu
0x0814AAF8	0x0814AB31	thumb	SlotsTask_PressReelButton
0x0814AB34	0x0814AB63	thumb	SlotsTask_ReleaseReelButtons
0x0814AB64	0x0814ABF5	thumb	SlotsTask_ShowHelp
0x0814ABF8	0x0814AC6D	thumb	SlotsTask_HideHelp
0x0814AC70	0x0814ACB3	thumb	Slot_PrintOnWindow0
0x0814ACB4	0x0814ACBF	thumb	Slot_ClearWindow0
0x0814ACC0	0x0814AE23	thumb	SetLineStatesByBet
0x0814AE24	0x0814AE63	thumb	SetLineState
0x0814AE64	0x0814B047	thumb	Task_FlashWinningLine
0x0814B048	0x0814B06B	thumb	SignalStopWinningLineFlashTask
0x0814B06C	0x0814B0B3	thumb	Slot_CreateYesNoMenu
0x0814B0B4	0x0814B0DF	thumb	Slot_DestroyYesNoMenu
0x0814B0E0	0x0814B133	thumb	InitReelButtonTileMem
0x0814B134	0x0814B147	thumb	SetReelButtonPressed
0x0814B148	0x0814B18B	thumb	ReleaseReelButtons
0x0814B18C	0x0814B1B7	thumb	PressReelButton
0x0814B1B8	0x0814B1F7	thumb	SetReelButtonPressed.part.0
0x0814B1FC	0x0814B22B	thumb	InitMapMusic
0x0814B22C	0x0814B2FB	thumb	MapMusicMain
0x0814B2FC	0x0814B323	thumb	ResetMapMusic
0x0814B324	0x0814B32F	thumb	GetCurrentMapMusic
0x0814B330	0x0814B34F	thumb	PlayNewMapMusic
0x0814B350	0x0814B36F	thumb	StopMapMusic
0x0814B370	0x0814B3AF	thumb	FadeOutMapMusic
0x0814B3B0	0x0814B3F3	thumb	FadeOutAndPlayNewMapMusic
0x0814B3F4	0x0814B443	thumb	FadeOutAndFadeInNewMapMusic
0x0814B444	0x0814B47F	thumb	FadeInNewMapMusic
0x0814B480	0x0814B497	thumb	IsNotWaitingForBGMStop
0x0814B498	0x0814B4DB	thumb	PlayFanfareByFanfareNum
0x0814B4DC	0x0814B513	thumb	WaitFanfare
0x0814B514	0x0814B52B	thumb	StopFanfareByFanfareNum
0x0814B52C	0x0814B5B7	thumb	PlayFanfare
0x0814B5B8	0x0814B5CF	thumb	IsFanfareTaskInactive
0x0814B5D0	0x0814B5FF	thumb	Task_Fanfare
0x0814B600	0x0814B61F	thumb	CreateFanfareTask
0x0814B620	0x0814B677	thumb	FadeInNewBGM
0x0814B678	0x0814B68B	thumb	FadeOutBGMTemporarily
0x0814B68C	0x0814B6A3	thumb	IsBGMPausedOrStopped
0x0814B6A4	0x0814B6B7	thumb	FadeInBGM
0x0814B6B8	0x0814B6CB	thumb	FadeOutBGM
0x0814B6CC	0x0814B6DB	thumb	IsBGMStopped
0x0814B6DC	0x0814B733	thumb	PlayCry_Normal
0x0814B734	0x0814B757	thumb	PlayCry_NormalNoDucking
0x0814B758	0x0814B7C7	thumb	PlayCry_ByMode
0x0814B7C8	0x0814B813	thumb	PlayCry_ReleaseDouble
0x0814B814	0x0814B87B	thumb	PlayCry_Script
0x0814B87C	0x0814BAA3	thumb	PlayCryInternal
0x0814BAA4	0x0814BAC3	thumb	IsCryFinished
0x0814BAC4	0x0814BADB	thumb	StopCryAndClearCrySongs
0x0814BADC	0x0814BAEF	thumb	StopCry
0x0814BAF0	0x0814BB13	thumb	IsCryPlayingOrClearCrySongs
0x0814BB14	0x0814BB2B	thumb	IsCryPlaying
0x0814BB2C	0x0814BB73	thumb	Task_DuckBGMForPokemonCry
0x0814BB74	0x0814BB93	thumb	RestoreBGMVolumeAfterPokemonCry
0x0814BB94	0x0814BBBB	thumb	PlayBGM
0x0814BBBC	0x0814BBE3	thumb	PlaySE
0x0814BBE4	0x0814BC27	thumb	PlaySE12WithPanning
0x0814BC28	0x0814BC57	thumb	PlaySE1WithPanning
0x0814BC58	0x0814BC87	thumb	PlaySE2WithPanning
0x0814BC88	0x0814BCB3	thumb	SE12PanpotControl
0x0814BCB4	0x0814BCDB	thumb	IsSEPlaying
0x0814BCDC	0x0814BCF3	thumb	IsBGMPlaying
0x0814BCF4	0x0814BD0B	thumb	IsSpecialSEPlaying
0x0814BD0C	0x0814BD2F	thumb	SetBGMVolume_SuppressHelpSystemReduction
0x0814BD30	0x0814BD53	thumb	BGMVolumeMax_EnableHelpSystemReduction
0x0814BD54	0x0814BE87	thumb	SetEscalatorMetatile
0x0814BE88	0x0814BF5F	thumb	Task_DrawEscalator
0x0814BF60	0x0814BFA3	thumb	CreateEscalatorTask
0x0814BFA4	0x0814BFEB	thumb	StartEscalator
0x0814BFEC	0x0814BFFF	thumb	StopEscalator
0x0814C000	0x0814C02F	thumb	IsEscalatorMoving
0x0814C030	0x0814C093	thumb	AnimateTeleporterHousing
0x0814C094	0x0814C183	thumb	Task_DrawTeleporterHousing
0x0814C184	0x0814C1C3	thumb	AnimateTeleporterCable
0x0814C1C4	0x0814C29F	thumb	Task_DrawTeleporterCable
0x0814C2A0	0x0814C34B	thumb	ResetSpriteData
0x0814C34C	0x0814C3FF	thumb	AnimateSprites
0x0814C400	0x0814C73B	thumb	BuildOamBuffer
0x0814C73C	0x0814C767	thumb	CopyMatricesToOamBuffer
0x0814C768	0x0814C79D	thumb	SortSprites
0x0814C7A0	0x0814C7E7	thumb	CreateSprite
0x0814C7E8	0x0814C82F	thumb	CreateSpriteAtEnd
0x0814C830	0x0814C88B	thumb	CreateInvisibleSprite
0x0814C88C	0x0814CAE7	thumb	CreateSpriteAt
0x0814CAE8	0x0814CB83	thumb	CreateSpriteAndAnimate
0x0814CB84	0x0814CC17	thumb	DestroySprite
0x0814CC18	0x0814CC4B	thumb	ResetOamRange
0x0814CC4C	0x0814CC77	thumb	LoadOam
0x0814CC78	0x0814CCA7	thumb	ClearSpriteCopyRequests
0x0814CCA8	0x0814CCC7	thumb	ResetOamMatrices
0x0814CCC8	0x0814CCE7	thumb	SetOamMatrix
0x0814CCE8	0x0814CD33	thumb	ResetSprite
0x0814CD34	0x0814CD67	thumb	CalcCenterToCornerVec
0x0814CD68	0x0814CE23	thumb	AllocSpriteTiles
0x0814CE24	0x0814CE5F	thumb	SpriteTileAllocBitmapOp
0x0814CE60	0x0814CEA3	thumb	FreeSpriteTilesIfNotUsingSheet
0x0814CEA4	0x0814CEA5	thumb	SpriteCallbackDummy
0x0814CEA8	0x0814CEFB	thumb	ProcessSpriteCopyRequests
0x0814CEFC	0x0814CF43	thumb	RequestSpriteFrameImageCopy
0x0814CF44	0x0814CF73	thumb	RequestSpriteCopy
0x0814CF74	0x0814CF8F	thumb	CopyFromSprites
0x0814CF90	0x0814CFAB	thumb	CopyToSprites
0x0814CFAC	0x0814D0B3	thumb	ResetAllSprites
0x0814D0B4	0x0814D0CB	thumb	FreeSpriteTiles
0x0814D0CC	0x0814D0FF	thumb	FreeSpritePalette
0x0814D100	0x0814D15B	thumb	FreeSpriteOamMatrix
0x0814D15C	0x0814D1FB	thumb	DestroySpriteAndFreeResources
0x0814D1FC	0x0814D23B	thumb	AnimateSprite
0x0814D23C	0x0814D333	thumb	BeginAnim
0x0814D334	0x0814D3E7	thumb	ContinueAnim
0x0814D3E8	0x0814D4BF	thumb	AnimCmd_frame
0x0814D4C0	0x0814D4D3	thumb	AnimCmd_end
0x0814D4D4	0x0814D5B7	thumb	AnimCmd_jump
0x0814D5B8	0x0814D603	thumb	AnimCmd_loop
0x0814D604	0x0814D637	thumb	BeginAnimLoop
0x0814D638	0x0814D65B	thumb	ContinueAnimLoop
0x0814D65C	0x0814D66D	thumb	JumpToTopOfAnimLoop
0x0814D670	0x0814D6EF	thumb	BeginAffineAnim
0x0814D6F0	0x0814D6FF	thumb	ContinueAffineAnim
0x0814D700	0x0814D75B	thumb	AffineAnimDelay
0x0814D75C	0x0814D797	thumb	AffineAnimCmd_loop
0x0814D798	0x0814D7D7	thumb	BeginAffineAnimLoop
0x0814D7D8	0x0814D80B	thumb	ContinueAffineAnimLoop
0x0814D80C	0x0814D893	thumb	JumpToTopOfAffineAnimLoop
0x0814D894	0x0814D8DB	thumb	AffineAnimCmd_jump
0x0814D8DC	0x0814D917	thumb	AffineAnimCmd_end
0x0814D918	0x0814D9A7	thumb	AffineAnimCmd_frame
0x0814D9A8	0x0814D9BB	thumb	CopyOamMatrix
0x0814D9BC	0x0814D9CD	thumb	GetSpriteMatrixNum
0x0814D9D0	0x0814D9E1	thumb	SetSpriteMatrixAnchor
0x0814D9E4	0x0814DA0D	thumb	GetAnchorCoord
0x0814DA10	0x0814DAD7	thumb	UpdateSpriteMatrixAnchorPos
0x0814DAD8	0x0814DB17	thumb	SetSpriteOamFlipBits
0x0814DB18	0x0814DB33	thumb	AffineAnimStateRestartAnim
0x0814DB34	0x0814DB63	thumb	AffineAnimStateStartAnim
0x0814DB64	0x0814DB8F	thumb	AffineAnimStateReset
0x0814DB90	0x0814DBB7	thumb	ApplyAffineAnimFrameAbsolute
0x0814DBB8	0x0814DBD7	thumb	DecrementAnimDelayCounter
0x0814DBD8	0x0814DBFF	thumb	DecrementAffineAnimDelayCounter
0x0814DC00	0x0814DC8F	thumb	ApplyAffineAnimFrameRelativeAndUpdateMatrix
0x0814DC90	0x0814DCA9	thumb	ConvertScaleParam
0x0814DCAC	0x0814DCE7	thumb	GetAffineAnimFrame
0x0814DCE8	0x0814DD2F	thumb	ApplyAffineAnimFrame
0x0814DD30	0x0814DD43	thumb	StartSpriteAnim
0x0814DD44	0x0814DD61	thumb	StartSpriteAnimIfDifferent
0x0814DD64	0x0814DDB1	thumb	SeekSpriteAnim
0x0814DDB4	0x0814DDFF	thumb	StartSpriteAffineAnim
0x0814DE00	0x0814DE63	thumb	StartSpriteAffineAnimIfDifferent
0x0814DE64	0x0814DE9B	thumb	ChangeSpriteAffineAnim
0x0814DE9C	0x0814DED7	thumb	ChangeSpriteAffineAnimIfDifferent
0x0814DED8	0x0814DF15	thumb	SetSpriteSheetFrameTileNum
0x0814DF18	0x0814DF7B	thumb	ResetAffineAnimData
0x0814DF7C	0x0814DFA3	thumb	AllocOamMatrix
0x0814DFA4	0x0814DFE7	thumb	FreeOamMatrix
0x0814DFE8	0x0814E07B	thumb	InitSpriteAffineAnim
0x0814E07C	0x0814E0DF	thumb	SetOamMatrixRotationScaling
0x0814E0E0	0x0814E17B	thumb	LoadSpriteSheet
0x0814E17C	0x0814E199	thumb	LoadSpriteSheets
0x0814E19C	0x0814E20B	thumb	FreeSpriteTilesByTag
0x0814E20C	0x0814E237	thumb	FreeSpriteTileRanges
0x0814E238	0x0814E267	thumb	GetSpriteTileStartByTag
0x0814E268	0x0814E28F	thumb	IndexOfSpriteTileTag
0x0814E290	0x0814E2CB	thumb	GetSpriteTileTagByTileStart
0x0814E2CC	0x0814E323	thumb	AllocSpriteTileRange
0x0814E324	0x0814E343	thumb	FreeAllSpritePalettes
0x0814E344	0x0814E3AF	thumb	LoadSpritePalette
0x0814E3B0	0x0814E3D3	thumb	LoadSpritePalettes
0x0814E3D4	0x0814E3EB	thumb	DoLoadSpritePalette
0x0814E3EC	0x0814E42B	thumb	AllocSpritePalette
0x0814E42C	0x0814E45B	thumb	IndexOfSpritePaletteTag
0x0814E45C	0x0814E46B	thumb	GetSpritePaletteTagByPaletteNum
0x0814E46C	0x0814E49F	thumb	FreeSpritePaletteByTag
0x0814E4A0	0x0814E4A9	thumb	SetSubspriteTables
0x0814E4AC	0x0814E4FF	thumb	AddSpriteToOamBuffer
0x0814E500	0x0814E6BB	thumb	AddSubspritesToOamBuffer
0x0814E6BC	0x0814E717	thumb	JumpToTopOfAnimLoop.part.0
0x0814E718	0x0814E7D7	thumb	ContinueAffineAnim.part.0
0x0814E7DC	0x0814E807	thumb	DoSSAnneDepartureCutscene
0x0814E808	0x0814E847	thumb	Task_SSAnneInit
0x0814E848	0x0814E8FB	thumb	Task_SSAnneRun
0x0814E8FC	0x0814E943	thumb	Task_SSAnneFinish
0x0814E944	0x0814E9B7	thumb	CreateWakeBehindBoat
0x0814E9B8	0x0814EA37	thumb	WakeSpriteCallback
0x0814EA38	0x0814EAB7	thumb	CreateSmokeSprite
0x0814EAB8	0x0814EAE1	thumb	SmokeSpriteCallback
0x0814EAE4	0x0814EAFF	thumb	SetHasPokedexAndPokemon
0x0814EB00	0x0814EB3F	thumb	SetUpStartMenu
0x0814EB40	0x0814EB57	thumb	AppendToStartMenuItems
0x0814EB58	0x0814EBD3	thumb	SetUpStartMenu_NormalField
0x0814EBD4	0x0814EC2F	thumb	SetUpStartMenu_SafariZone
0x0814EC30	0x0814EC77	thumb	SetUpStartMenu_Link
0x0814EC78	0x0814ECBF	thumb	SetUpStartMenu_UnionRoom
0x0814ECC0	0x0814ED5F	thumb	DrawSafariZoneStatsWindow
0x0814ED60	0x0814ED8F	thumb	DestroySafariZoneStatsWindow
0x0814ED90	0x0814EE67	thumb	PrintStartMenuItems
0x0814EE68	0x0814EF53	thumb	DoDrawStartMenu
0x0814EF54	0x0814EF6B	thumb	DrawStartMenuInOneGo
0x0814EF6C	0x0814EF87	thumb	task50_startmenu
0x0814EF88	0x0814EFB3	thumb	OpenStartMenuWithFollowupFunc
0x0814EFB4	0x0814EFCB	thumb	FieldCB2_DrawStartMenu
0x0814EFCC	0x0814EFE7	thumb	SetUpReturnToStartMenu
0x0814EFE8	0x0814F043	thumb	Task_StartMenuHandleInput
0x0814F044	0x0814F093	thumb	ShowStartMenu
0x0814F094	0x0814F0EF	thumb	HandleOWEDebugCodeInput
0x0814F0F0	0x0814F1E7	thumb	OpenOWEDebugMenu
0x0814F1E8	0x0814F1EB	thumb	StartCB_OWEDebugOpenFailed
0x0814F1EC	0x0814F20F	thumb	CloseOWEDebugMenu
0x0814F210	0x0814F257	thumb	PrintOWEDebugStatus
0x0814F258	0x0814F289	thumb	GiveOWEDebugMon
0x0814F28C	0x0814F43F	thumb	GiveOWEDebugEvolutionKit
0x0814F440	0x0814F497	thumb	StartOWEDebugBattle
0x0814F498	0x0814F5D3	thumb	StartCB_OWEDebugHandleInput
0x0814F5D4	0x0814F777	thumb	StartCB_HandleInput
0x0814F778	0x0814F7BB	thumb	StartMenu_FadeScreenIfLeavingOverworld
0x0814F7BC	0x0814F7F7	thumb	StartMenuPokedexSanityCheck
0x0814F7F8	0x0814F84F	thumb	StartMenuPokedexCallback
0x0814F850	0x0814F8A3	thumb	StartMenuPokemonCallback
0x0814F8A4	0x0814F8F7	thumb	StartMenuBagCallback
0x0814F8F8	0x0814F94B	thumb	StartMenuPlayerCallback
0x0814F94C	0x0814F95F	thumb	StartMenuSaveCallback
0x0814F960	0x0814F9BF	thumb	StartMenuOptionCallback
0x0814F9C0	0x0814FA0F	thumb	StartMenuExitCallback
0x0814FA10	0x0814FA63	thumb	StartMenuSafariZoneRetireCallback
0x0814FA64	0x0814FA97	thumb	StartMenuLinkPlayerCallback
0x0814FA98	0x0814FAD3	thumb	StartCB_Save1
0x0814FAD4	0x0814FB4F	thumb	StartCB_Save2
0x0814FB50	0x0814FB73	thumb	StartMenu_PrepareForSave
0x0814FB74	0x0814FB9B	thumb	RunSaveDialogCB
0x0814FB9C	0x0814FBD3	thumb	Field_AskSaveTheGame
0x0814FBD4	0x0814FC0B	thumb	PrintSaveTextWithFollowupFunc
0x0814FC0C	0x0814FC63	thumb	task50_save_game
0x0814FC64	0x0814FC71	thumb	CloseSaveMessageWindow
0x0814FC74	0x0814FC8F	thumb	CloseSaveStatsWindow_
0x0814FC90	0x0814FC9B	thumb	SetSaveDialogDelayTo60Frames
0x0814FC9C	0x0814FCCB	thumb	SaveDialog_Wait60FramesOrAButtonHeld
0x0814FCCC	0x0814FCEF	thumb	SaveDialog_Wait60FramesThenCheckAButtonHeld
0x0814FCF0	0x0814FD47	thumb	SaveDialogCB_PrintAskSaveText
0x0814FD48	0x0814FD63	thumb	SaveDialogCB_AskSavePrintYesNoMenu
0x0814FD64	0x0814FDD3	thumb	SaveDialogCB_AskSaveHandleInput
0x0814FDD4	0x0814FE3F	thumb	SaveDialogCB_PrintAskOverwriteText
0x0814FE40	0x0814FE5B	thumb	SaveDialogCB_AskOverwritePrintYesNoMenu
0x0814FE5C	0x0814FE77	thumb	SaveDialogCB_AskReplacePreviousFilePrintYesNoMenu
0x0814FE78	0x0814FEC3	thumb	SaveDialogCB_AskOverwriteOrReplacePreviousFileHandleInput
0x0814FEC4	0x0814FF07	thumb	SaveDialogCB_PrintSavingDontTurnOffPower
0x0814FF08	0x0814FF43	thumb	SaveDialogCB_DoSave
0x0814FF44	0x0814FFBB	thumb	SaveDialogCB_PrintSaveResult
0x0814FFBC	0x0814FFE3	thumb	SaveDialogCB_WaitPrintSuccessAndPlaySE
0x0814FFE4	0x08150037	thumb	SaveDialogCB_ReturnSuccess
0x08150038	0x0815005F	thumb	SaveDialogCB_WaitPrintErrorAndPlaySE
0x08150060	0x0815009F	thumb	SaveDialogCB_ReturnError
0x081500A0	0x081500A9	thumb	VBlankCB_WhileSavingAfterLinkBattle
0x081500AC	0x081501CB	thumb	DoSetUpSaveAfterLinkBattle
0x081501CC	0x081501F7	thumb	CB2_SetUpSaveAfterLinkBattle
0x081501F8	0x08150205	thumb	CB2_WhileSavingAfterLinkBattle
0x08150208	0x08150323	thumb	task50_after_link_battle_save
0x08150324	0x081504AF	thumb	PrintSaveStats
0x081504B0	0x081504CB	thumb	CloseSaveStatsWindow
0x081504CC	0x081504ED	thumb	CloseStartMenu
0x081504F0	0x081504FB	thumb	AppendToList
0x08150500	0x08150525	thumb	StringCopy_Nickname
0x08150528	0x08150541	thumb	StringGet_Nickname
0x08150544	0x08150565	thumb	StringCopy_PlayerName
0x08150568	0x0815057B	thumb	StringCopy
0x0815057C	0x0815059D	thumb	StringAppend
0x081505A0	0x081505BD	thumb	StringCopyN
0x081505C0	0x081505EB	thumb	StringAppendN
0x081505EC	0x08150603	thumb	StringLength
0x08150604	0x0815062D	thumb	StringCompare
0x08150630	0x08150653	thumb	StringCompareN
0x08150654	0x081507BF	thumb	ConvertIntToDecimalStringN
0x081507C0	0x081508F3	thumb	ConvertIntToHexStringN
0x081508F4	0x0815098B	thumb	StringExpandPlaceholders
0x0815098C	0x081509F3	thumb	StringBraille
0x081509F4	0x081509FB	thumb	ExpandPlaceholder_UnknownStringVar
0x081509FC	0x08150A07	thumb	ExpandPlaceholder_PlayerName
0x08150A08	0x08150A0F	thumb	ExpandPlaceholder_StringVar1
0x08150A10	0x08150A17	thumb	ExpandPlaceholder_StringVar2
0x08150A18	0x08150A1F	thumb	ExpandPlaceholder_StringVar3
0x08150A20	0x08150A3F	thumb	ExpandPlaceholder_KunChan
0x08150A40	0x08150A77	thumb	ExpandPlaceholder_RivalName
0x08150A78	0x08150A7F	thumb	ExpandPlaceholder_Version
0x08150A80	0x08150A87	thumb	ExpandPlaceholder_Magma
0x08150A88	0x08150A8F	thumb	ExpandPlaceholder_Aqua
0x08150A90	0x08150A97	thumb	ExpandPlaceholder_Maxie
0x08150A98	0x08150A9F	thumb	ExpandPlaceholder_Archie
0x08150AA0	0x08150AA7	thumb	ExpandPlaceholder_Groudon
0x08150AA8	0x08150AAF	thumb	ExpandPlaceholder_Kyogre
0x08150AB0	0x08150ACF	thumb	GetExpandedPlaceholder
0x08150AD0	0x08150AF1	thumb	StringFill
0x08150AF4	0x08150B43	thumb	StringCopyPadded
0x08150B44	0x08150B63	thumb	StringFillWithTerminator
0x08150B64	0x08150B8F	thumb	StringCopyN_Multibyte
0x08150B90	0x08150BAD	thumb	StringLength_Multibyte
0x08150BB0	0x08150BE5	thumb	WriteColorChangeControlCode
0x08150BE8	0x08150BFB	thumb	GetExtCtrlCodeLength
0x08150BFC	0x08150C1F	thumb	SkipExtCtrlCode
0x08150C20	0x08150C93	thumb	StringCompareWithoutExtCtrlCodes
0x08150C94	0x08150CE9	thumb	ConvertInternationalString
0x08150CEC	0x08150D3B	thumb	StripExtCtrlCodes
0x08150D40	0x08150D9F	thumb	ResetTasks
0x08150DA0	0x08150DF3	thumb	CreateTask
0x08150DF4	0x08150E8F	thumb	InsertTask
0x08150E90	0x08150EE7	thumb	DestroyTask
0x08150EE8	0x08150F2B	thumb	RunTasks
0x08150F2C	0x08150F4F	thumb	FindFirstActiveTask
0x08150F50	0x08150F51	thumb	TaskDummy
0x08150F54	0x08150F73	thumb	SetTaskFuncWithFollowupFunc
0x08150F74	0x08150F9B	thumb	SwitchTaskToFollowupFunc
0x08150F9C	0x08150FCB	thumb	FuncIsActiveTask
0x08150FCC	0x08150FF3	thumb	FindTaskIdByFunc
0x08150FF4	0x08151017	thumb	GetTaskCount
0x08151018	0x08151047	thumb	SetWordTaskArg
0x08151048	0x08151077	thumb	GetWordTaskArg
0x0815107C	0x08151095	thumb	TeachyTvCallback
0x08151098	0x081510A9	thumb	TeachyTvVblankHandler
0x081510AC	0x081510DF	thumb	InitTeachyTvController
0x081510E0	0x0815110B	thumb	CB2_ReturnToTeachyTV
0x0815110C	0x08151117	thumb	SetTeachyTvControllerModeToResume
0x08151118	0x08151337	thumb	TeachyTvMainCallback
0x08151338	0x081513DB	thumb	TeachyTvSetupBg
0x081513DC	0x08151463	thumb	TeachyTvLoadGraphic
0x08151464	0x08151493	thumb	TeachyTvCreateAndRenderRbox
0x08151494	0x081514FF	thumb	TeachyTvSetupWindow
0x08151500	0x0815153B	thumb	TeachyTvSetupScrollIndicatorArrowPair
0x0815153C	0x08151563	thumb	TeachyTvRemoveScrollIndicatorArrowPair
0x08151564	0x08151577	thumb	TeachyTvAudioByInput
0x08151578	0x0815159D	thumb	TeachyTvInitIo
0x081515A0	0x081515E3	thumb	TeachyTvSetupObjEventAndOam
0x081515E4	0x08151617	thumb	TeachyTvSetSpriteCoordsAndSwitchFrame
0x08151618	0x08151637	thumb	TeachyTvSetWindowRegs
0x08151638	0x0815164D	thumb	TeachyTvClearWindowRegs
0x08151650	0x08151697	thumb	TeachyTvBg2AnimController
0x08151698	0x08151797	thumb	TeachyTvSetupPostBattleWindowAndObj
0x08151798	0x081517D3	thumb	TeachyTvInitTextPrinter
0x081517D4	0x081517EF	thumb	TeachyTvFree
0x081517F0	0x08151827	thumb	TeachyTvQuitBeginFade
0x08151828	0x08151873	thumb	TeachyTvQuitFadeControlAndTaskDel
0x08151874	0x081519AB	thumb	TeachyTvOptionListController
0x081519AC	0x08151A4B	thumb	TTVcmd_TransitionRenderBg2TeachyTvGraphicInitNpcPos
0x08151A4C	0x08151A9F	thumb	TTVcmd_ClearBg2TeachyTvGraphic
0x08151AA0	0x08151B2B	thumb	TTVcmd_NpcMoveAndSetupTextPrinter
0x08151B2C	0x08151B57	thumb	TTVcmd_IdleIfTextPrinterIsActive
0x08151B58	0x08151C23	thumb	TeachyTvRenderMsgAndSwitchClusterFuncs
0x08151C24	0x08151C87	thumb	TTVcmd_TextPrinterSwitchStringByOptionChosen
0x08151C88	0x08151CEB	thumb	TTVcmd_TextPrinterSwitchStringByOptionChosen2
0x08151CEC	0x08151D17	thumb	TTVcmd_IdleIfTextPrinterIsActive2
0x08151D18	0x08151D57	thumb	TTVcmd_EraseTextWindowIfKeyPressed
0x08151D58	0x08151D9B	thumb	TTVcmd_StartAnimNpcWalkIntoGrass
0x08151D9C	0x08151E3F	thumb	TTVcmd_DudeMoveUp
0x08151E40	0x08151EEF	thumb	TTVcmd_DudeMoveRight
0x08151EF0	0x08151F43	thumb	TTVcmd_DudeTurnLeft
0x08151F44	0x08151FC7	thumb	TTVcmd_DudeMoveLeft
0x08151FC8	0x08152053	thumb	TTVcmd_RenderAndRemoveBg1EndGraphic
0x08152054	0x08152077	thumb	TeachyTvClearBg1EndGraphicText
0x08152078	0x0815216F	thumb	TTVcmd_End
0x08152170	0x081521D3	thumb	TTVcmd_TaskBattleOrFadeByOptionChosen
0x081521D4	0x081521F3	thumb	TeachyTvSetupBagItemsByOptionChosen
0x081521F4	0x08152237	thumb	TeachyTvPostBattleFadeControl
0x08152238	0x08152317	thumb	TeachyTvGrassAnimationMain
0x08152318	0x081523AF	thumb	TeachyTvGrassAnimationObjCallback
0x081523B0	0x081523EF	thumb	TeachyTvGrassAnimationCheckIfNeedsToGenerateGrassObj
0x081523F0	0x08152473	thumb	TeachyTvPrepBattle
0x08152474	0x081524C3	thumb	TeachyTvPreBattleAnimAndSetBattleCallback
0x081524C4	0x081524F3	thumb	TeachyTvRestorePlayerPartyCallback
0x081524F4	0x081526F3	thumb	TeachyTvLoadBg3Map
0x081526F4	0x08152717	thumb	TeachyTvLoadMapTilesetToBuffer
0x08152718	0x08152833	thumb	TeachyTvPushBackNewMapPalIndexArrayEntry
0x08152834	0x081528E9	thumb	TeachyTvComputeMapTilesFromTilesetAndMetaTiles
0x081528EC	0x081529D3	thumb	TeachyTvComputeSingleMapTileBlockFromTilesetAndMetaTiles
0x081529D4	0x08152A0F	thumb	TeachyTvComputePalIndexArrayEntryByMetaTile
0x08152A10	0x08152A53	thumb	TeachyTvLoadMapPalette
0x08152A58	0x08152A63	thumb	SetFontsPointer
0x08152A64	0x08152A7B	thumb	DeactivateAllTextPrinters
0x08152A7C	0x08152B27	thumb	AddTextPrinterParameterized
0x08152B28	0x08152C13	thumb	AddTextPrinter
0x08152C14	0x08152CC7	thumb	RunTextPrinters
0x08152CC8	0x08152CDF	thumb	IsTextPrinterActive
0x08152CE0	0x08152D07	thumb	RenderFont
0x08152D08	0x08152DEF	thumb	GenerateFontHalfRowLookupTable
0x08152DF0	0x08152E0F	thumb	SaveTextColors
0x08152E10	0x08152E1F	thumb	RestoreTextColors
0x08152E20	0x08152E63	thumb	DecompressGlyphTile
0x08152E64	0x08152E93	thumb	GetLastTextColor
0x08152E94	0x0815360F	thumb	CopyGlyphToWindow
0x08153610	0x08153C47	thumb	CopyGlyphToWindow_Parameterized
0x08153C48	0x08153C49	thumb	ClearTextSpan
0x08153C4C	0x08153C63	thumb	GetUserWindowGraphics
0x08153C64	0x08153C93	thumb	LoadHelpMessageWindowGfxOnBg
0x08153C94	0x08153CC3	thumb	LoadMenuMessageWindowGfxOnBg
0x08153CC4	0x08153CF3	thumb	LoadSignpostWindowGfxOnBg
0x08153CF4	0x08153D23	thumb	LoadStdWindowGfxOnBg
0x08153D24	0x08153D3F	thumb	LoadQuestLogWindowTilesOnBg
0x08153D40	0x08153D77	thumb	LoadUserWindowGfxByFrameOnBg
0x08153D78	0x08153DCB	thumb	LoadUserWindowGfx2
0x08153DCC	0x08153E07	thumb	LoadHelpMessageWindowGfx
0x08153E08	0x08153E43	thumb	LoadMenuMessageWindowGfx
0x08153E44	0x08153E7F	thumb	LoadSignpostWindowGfx
0x08153E80	0x08153EBB	thumb	LoadStdWindowGfx
0x08153EBC	0x08153EE7	thumb	LoadStdWindowTiles
0x08153EE8	0x08153F13	thumb	LoadQuestLogWindowTiles
0x08153F14	0x08153F5F	thumb	LoadUserWindowGfxByFrame
0x08153F60	0x08153FB3	thumb	LoadUserWindowGfx
0x08153FB4	0x0815411D	thumb	DrawTextBorderOuter
0x08154120	0x081542A9	thumb	DrawTextBorderInner
0x081542AC	0x08154321	thumb	rbox_fill_rectangle
0x08154324	0x0815433B	thumb	GetTextWindowPalette
0x0815433C	0x0815435F	thumb	FontFunc_Small
0x08154360	0x08154383	thumb	FontFunc_NormalCopy1
0x08154384	0x081543A7	thumb	FontFunc_Normal
0x081543A8	0x081543CB	thumb	FontFunc_NormalCopy2
0x081543CC	0x081543EF	thumb	FontFunc_Male
0x081543F0	0x08154413	thumb	FontFunc_Female
0x08154414	0x0815442F	thumb	TextPrinterInitDownArrowCounters
0x08154430	0x081544EB	thumb	TextPrinterDrawDownArrow
0x081544EC	0x08154521	thumb	TextPrinterClearDownArrow
0x08154524	0x0815454B	thumb	TextPrinterWaitAutoMode
0x0815454C	0x0815459B	thumb	TextPrinterWaitWithDownArrow
0x0815459C	0x081545EB	thumb	TextPrinterWait
0x081545EC	0x0815469B	thumb	DrawDownArrow
0x0815469C	0x08154BBF	thumb	RenderText
0x08154BC0	0x08154CC3	thumb	GetStringWidthFixedWidthFont
0x08154CC4	0x08154CF3	thumb	GetFontWidthFunc
0x08154CF4	0x08154F7B	thumb	GetStringWidth
0x08154F7C	0x081550F7	thumb	RenderTextHandleBold
0x081550F8	0x0815512F	thumb	SpriteCB_TextCursor
0x08155130	0x081551A7	thumb	CreateTextCursorSprite
0x081551A8	0x081551D3	thumb	DestroyTextCursorSprite
0x081551D4	0x0815521F	thumb	DrawKeypadIcon
0x08155220	0x0815522F	thumb	GetKeypadIconTileOffset
0x08155230	0x0815523F	thumb	GetKeypadIconWidth
0x08155240	0x0815524F	thumb	GetKeypadIconHeight
0x08155250	0x081552C7	thumb	DecompressGlyph_Small
0x081552C8	0x081552DF	thumb	GetGlyphWidth_Small
0x081552E0	0x0815536F	thumb	DecompressGlyph_NormalCopy1
0x08155370	0x08155387	thumb	GetGlyphWidth_NormalCopy1
0x08155388	0x0815547B	thumb	DecompressGlyph_Normal
0x0815547C	0x0815549F	thumb	GetGlyphWidth_Normal
0x081554A0	0x0815552B	thumb	DecompressGlyph_NormalCopy2
0x0815552C	0x08155543	thumb	GetGlyphWidth_NormalCopy2
0x08155544	0x08155637	thumb	DecompressGlyph_Male
0x08155638	0x0815565B	thumb	GetGlyphWidth_Male
0x0815565C	0x0815574F	thumb	DecompressGlyph_Female
0x08155750	0x08155773	thumb	GetGlyphWidth_Female
0x08155774	0x081557B7	thumb	DecompressGlyph_Bold
0x081557B8	0x081557D7	thumb	GetStringCenterAlignXOffset
0x081557D8	0x081557F9	thumb	GetStringCenterAlignXOffsetWithLetterSpacing
0x081557FC	0x0815581B	thumb	GetStringWidthDifference
0x08155820	0x08155867	thumb	TilemapUtil_Init
0x08155868	0x0815587B	thumb	TilemapUtil_Free
0x0815587C	0x081558D7	thumb	TilemapUtil_UpdateAll
0x081558D8	0x08155983	thumb	TilemapUtil_SetTilemap
0x08155984	0x081559AF	thumb	TilemapUtil_SetSavedMap
0x081559B0	0x081559EB	thumb	TilemapUtil_SetPos
0x081559EC	0x08155A33	thumb	TilemapUtil_SetRect
0x08155A34	0x08155ACF	thumb	TilemapUtil_Move
0x08155AD0	0x08155AEB	thumb	TilemapUtil_Update
0x08155AEC	0x08155B87	thumb	TilemapUtil_DrawPrev
0x08155B88	0x08155C17	thumb	TilemapUtil_Draw
0x08155C18	0x08155C4F	thumb	TilemapUtil_Update.part.0
0x08155C50	0x08155C77	thumb	ResetTilesetAnimBuffer
0x08155C78	0x08155CA7	thumb	AppendTilesetAnimToBuffer
0x08155CA8	0x08155CFB	thumb	TransferTilesetAnimsBuffer
0x08155CFC	0x08155D83	thumb	InitTilesetAnimations
0x08155D84	0x08155DBB	thumb	InitSecondaryTilesetAnimation
0x08155DBC	0x08155E47	thumb	UpdateTilesetAnimations
0x08155E48	0x08155E7F	thumb	_InitPrimaryTilesetAnimation
0x08155E80	0x08155EB7	thumb	_InitSecondaryTilesetAnimation
0x08155EB8	0x08155F0F	thumb	QueueAnimTiles_General_Flower
0x08155F10	0x08155F83	thumb	QueueAnimTiles_General_Water_Current_LandWatersEdge
0x08155F84	0x08155FCB	thumb	QueueAnimTiles_General_SandWatersEdge
0x08155FCC	0x081560CF	thumb	TilesetAnim_General
0x081560D0	0x081560F7	thumb	InitTilesetAnim_General
0x081560F8	0x08156153	thumb	QueueAnimTiles_CeladonCity_Fountain
0x08156154	0x081561C7	thumb	TilesetAnim_CeladonCity
0x081561C8	0x081561EB	thumb	InitTilesetAnim_CeladonCity
0x081561EC	0x08156233	thumb	QueueAnimTiles_SilphCo_Fountain
0x08156234	0x0815629F	thumb	TilesetAnim_SilphCo
0x081562A0	0x081562C3	thumb	InitTilesetAnim_SilphCo
0x081562C4	0x0815630B	thumb	QueueAnimTiles_MtEmber_Steam
0x0815630C	0x08156357	thumb	TilesetAnim_MtEmber
0x08156358	0x0815637F	thumb	InitTilesetAnim_MtEmber
0x08156380	0x081563C7	thumb	QueueAnimTiles_VermilionGym_MotorizedDoor
0x081563C8	0x08156413	thumb	TilesetAnim_VermilionGym
0x08156414	0x08156437	thumb	InitTilesetAnim_VermilionGym
0x08156438	0x0815647F	thumb	QueueAnimTiles_CeladonGym_Flowers
0x08156480	0x081564CB	thumb	TilesetAnim_CeladonGym
0x081564CC	0x081564F3	thumb	InitTilesetAnim_CeladonGym
0x081564F4	0x0815653B	thumb	QueueAnimTiles_Underwater_Seaweed
0x0815653C	0x08156587	thumb	TilesetAnim_Underwater
0x08156588	0x081565AB	thumb	InitTilesetAnim_Underwater
0x081565AC	0x081565F3	thumb	QueueAnimTiles_BattleFrontierOutsideWest_Flag
0x081565F4	0x0815663B	thumb	QueueAnimTiles_BattleFrontierOutsideEast_Flag
0x0815663C	0x08156683	thumb	QueueAnimTiles_BattleFrontierOutsideWest_Flower
0x08156684	0x081566CB	thumb	QueueAnimTiles_BattleFrontierOutsideEast_Flower
0x081566CC	0x08156753	thumb	TilesetAnim_BattleFrontierOutsideWest
0x08156754	0x081567DB	thumb	TilesetAnim_BattleFrontierOutsideEast
0x081567DC	0x08156803	thumb	InitTilesetAnim_BattleFrontierOutsideWest
0x08156804	0x0815682B	thumb	InitTilesetAnim_BattleFrontierOutsideEast
0x0815682C	0x08156873	thumb	QueueAnimTiles_SeviiIslands67_Flower
0x08156874	0x081568BF	thumb	TilesetAnim_SeviiIslands67
0x081568C0	0x081568E7	thumb	InitTilesetAnim_SeviiIslands67
0x081568E8	0x0815693F	thumb	QueueAnimTiles_SeviiIslands5_ShortGrassFlower
0x08156940	0x0815699F	thumb	TilesetAnim_SeviiIslands5
0x081569A0	0x081569CF	thumb	InitTilesetAnim_SeviiIslands5
0x081569D4	0x081569F3	thumb	MakePromptBackgroundTransparent
0x081569F4	0x08156B27	thumb	LoadOliveTitleScreen
0x08156B28	0x08156C73	thumb	CB2_InitTitleScreen
0x08156C74	0x08156CD9	thumb	ResetGpuRegs
0x08156CDC	0x08156CF1	thumb	CB2_TitleScreenRun
0x08156CF4	0x08156D2B	thumb	VBlankCB
0x08156D2C	0x08156D5F	thumb	Task_TitleScreenTimer
0x08156D60	0x08156DCF	thumb	Task_TitleScreenMain
0x08156DD0	0x08156DDB	thumb	SetTitleScreenScene
0x08156DDC	0x08156E05	thumb	SetTitleScreenScene_Init
0x08156E08	0x08156E11	thumb	SetTitleScreenScene_FlashSprite
0x08156E14	0x08156E5F	thumb	SetTitleScreenScene_FadeIn
0x08156E60	0x08156F6F	thumb	SetTitleScreenScene_Run
0x08156F70	0x08156FA7	thumb	SetGpuRegsForTitleScreenRun
0x08156FA8	0x08157043	thumb	SetTitleScreenScene_Restart
0x08157044	0x08157163	thumb	SetTitleScreenScene_Cry
0x08157164	0x0815729B	thumb	Task_TitleScreen_SlideWin0
0x0815729C	0x0815739F	thumb	Task_TitleScreen_BlinkPressStart
0x081573A0	0x081573C7	thumb	SignalEndTitleScreenPaletteSomethingTask
0x081573C8	0x081574A7	thumb	UpdateScanlineEffectRegBuffer
0x081574A8	0x081574CF	thumb	ScheduleStopScanlineEffect
0x081574D0	0x08157537	thumb	LoadMainTitleScreenPalsAndResetBgs
0x08157538	0x08157553	thumb	CB2_FadeOutTransitionToSaveClearScreen
0x08157554	0x08157573	thumb	CB2_FadeOutTransitionToBerryFix
0x08157574	0x081575EB	thumb	LoadSpriteGfxAndPals
0x081575EC	0x081576A7	thumb	SpriteCallback_TitleScreenFlameOrLeaf
0x081576A8	0x0815776B	thumb	CreateFlameOrLeafSprite
0x0815776C	0x08157A43	thumb	Task_FlameOrLeafSpawner
0x08157A44	0x08157A83	thumb	SpriteCallback_Streak
0x08157A84	0x08157AE3	thumb	CreateStreakSprites
0x08157AE4	0x08157AF9	thumb	TitleScreen_srand
0x08157AFC	0x08157B33	thumb	TitleScreen_rand
0x08157B34	0x08157B4F	thumb	CreateBlankSprite
0x08157B50	0x08157BAB	thumb	SetPalOnOrCreateBlankSprite
0x08157BAC	0x08157BE3	thumb	CreateSlashSprite
0x08157BE4	0x08157BFF	thumb	DeactivateSlashSprite
0x08157C00	0x08157C27	thumb	IsSlashSpriteDeactivated
0x08157C28	0x08157CB7	thumb	SpriteCallback_Slash
0x08157CBC	0x08157D47	thumb	InitTMCase
0x08157D48	0x08157D61	thumb	CB2_Idle
0x08157D64	0x08157D75	thumb	VBlankCB_Idle
0x08157D78	0x08157D97	thumb	CB2_SetUpTMCaseUI_Blocking
0x08157D98	0x08157F23	thumb	DoSetUpTMCaseUI
0x08157F24	0x08157F4F	thumb	ResetBufferPointers_NoFree
0x08157F50	0x08157FB7	thumb	LoadBGTemplates
0x08157FB8	0x08158083	thumb	HandleLoadTMCaseGraphicsAndPalettes
0x08158084	0x081580C3	thumb	CreateTMCaseListMenuBuffers
0x081580C4	0x0815819F	thumb	InitTMCaseListMenuItems
0x081581A0	0x0815824F	thumb	GetTMNumberAndMoveString
0x08158250	0x081582B3	thumb	List_MoveCursorFunc
0x081582B4	0x081582FB	thumb	List_ItemPrintFunc
0x081582FC	0x0815834B	thumb	PrintDescription
0x0815834C	0x08158379	thumb	SetDescriptionWindowShade
0x0815837C	0x08158399	thumb	PrintListCursor
0x0815839C	0x08158407	thumb	PrintListCursorAtRow
0x08158408	0x08158443	thumb	CreateListScrollArrows
0x08158444	0x0815847B	thumb	CreateQuantityScrollArrows
0x0815847C	0x0815849B	thumb	RemoveScrollArrows
0x0815849C	0x081584A7	thumb	ResetTMCaseCursorPos
0x081584A8	0x08158507	thumb	TMCaseSetup_GetTMCount
0x08158508	0x08158547	thumb	TMCaseSetup_InitListMenuPositions
0x08158548	0x0815855F	thumb	TMCaseSetup_UpdateVisualMenuOffset
0x08158560	0x081585BB	thumb	DestroyTMCaseBuffers
0x081585BC	0x081585F3	thumb	Task_BeginFadeOutFromTMCase
0x081585F4	0x0815865F	thumb	Task_FadeOutAndCloseTMCase
0x08158660	0x081587BB	thumb	Task_HandleListInput
0x081587BC	0x081587FF	thumb	ReturnToList
0x08158800	0x081589BF	thumb	Task_SelectedTMHM_Field
0x081589C0	0x08158A1F	thumb	Task_ContextMenu_HandleInput
0x08158A20	0x08158AEB	thumb	Action_Use
0x08158AEC	0x08158BE7	thumb	Action_Give
0x08158BE8	0x08158C23	thumb	PrintError_ThereIsNoPokemon
0x08158C24	0x08158C7F	thumb	PrintError_ItemCantBeHeld
0x08158C80	0x08158CA7	thumb	Task_WaitButtonAfterErrorPrint
0x08158CA8	0x08158D4B	thumb	CloseMessageAndReturnToList
0x08158D4C	0x08158DF7	thumb	Action_Exit
0x08158DF8	0x08158E9B	thumb	Task_SelectedTMHM_GiveParty
0x08158E9C	0x08158F3F	thumb	Task_SelectedTMHM_GivePC
0x08158F40	0x08159023	thumb	Task_SelectedTMHM_Sell
0x08159024	0x081590A3	thumb	Task_AskConfirmSaleWithAmount
0x081590A4	0x081590D3	thumb	Task_PlaceYesNoBox
0x081590D4	0x08159163	thumb	Task_SaleOfTMsCanceled
0x08159164	0x0815924B	thumb	Task_InitQuantitySelectUI
0x0815924C	0x081592B7	thumb	SellTM_PrintQuantityAndSalePrice
0x081592B8	0x081593F3	thumb	Task_QuantitySelect_HandleInput
0x081593F4	0x0815948B	thumb	Task_PrintSaleConfirmedText
0x0815948C	0x0815955F	thumb	Task_DoSaleOfTMs
0x08159560	0x081595AB	thumb	Task_AfterSale_ReturnToList
0x081595AC	0x081595CF	thumb	ClearTMHMSlots
0x081595D0	0x081596CF	thumb	Pokedude_InitTMCase
0x081596D0	0x081596FF	thumb	Task_Pokedude_Start
0x08159700	0x081599AF	thumb	Task_Pokedude_Run
0x081599B0	0x08159A53	thumb	InitWindowTemplatesAndPals
0x08159A54	0x08159ABF	thumb	TMCase_Print
0x08159AC0	0x08159AD3	thumb	TMCase_SetWindowBorder1
0x08159AD4	0x08159AE7	thumb	TMCase_SetWindowBorder2
0x08159AE8	0x08159B1D	thumb	PrintMessageWithFollowupTask
0x08159B20	0x08159B5B	thumb	PrintTitle
0x08159B5C	0x08159B99	thumb	DrawMoveInfoLabels
0x08159B9C	0x08159CDF	thumb	PrintMoveInfo
0x08159CE0	0x08159D0B	thumb	PlaceHMTileInWindow
0x08159D0C	0x08159D33	thumb	PrintPlayersMoney
0x08159D34	0x08159D63	thumb	HandleCreateYesNoMenu
0x08159D64	0x08159D9F	thumb	AddContextMenu
0x08159DA0	0x08159DC7	thumb	RemoveContextMenu
0x08159DC8	0x08159E53	thumb	CreateDiscSprite
0x08159E54	0x08159E6F	thumb	SetDiscSpriteAnim
0x08159E70	0x08159EC7	thumb	TintDiscpriteByType
0x08159EC8	0x08159F1F	thumb	SetDiscSpritePosition
0x08159F20	0x08159F43	thumb	SwapDisc
0x08159F44	0x08159FDB	thumb	SpriteCB_SwapDisc
0x08159FDC	0x0815A033	thumb	LoadDiscTypePalettes
0x0815A034	0x0815A08B	thumb	TMCaseSetup_UpdateVisualMenuOffset.part.0
0x0815A090	0x0815A0B3	thumb	SpriteCB_LinkMonGlow
0x0815A0B4	0x0815A0E3	thumb	SpriteCB_LinkMonGlowWireless
0x0815A0E4	0x0815A123	thumb	SpriteCB_LinkMonShadow
0x0815A124	0x0815A143	thumb	SpriteCB_CableEndSending
0x0815A144	0x0815A163	thumb	SpriteCB_CableEndReceiving
0x0815A164	0x0815A187	thumb	SpriteCB_GbaScreen
0x0815A188	0x0815A1F7	thumb	SetTradeBGAffine
0x0815A1F8	0x0815A247	thumb	SetTradeGpuRegs
0x0815A248	0x0815A25D	thumb	VBlankCB_TradeAnim
0x0815A260	0x0815A26F	thumb	ClearLinkTimeoutTimer
0x0815A270	0x0815A2BF	thumb	CheckLinkTimeout
0x0815A2C0	0x0815A2DB	thumb	TradeGetMultiplayerId
0x0815A2DC	0x0815A41B	thumb	LoadTradeMonPic
0x0815A41C	0x0815A6FF	thumb	CB2_LinkTrade
0x0815A700	0x0815A711	thumb	InitTradeSequenceBgGpuRegs
0x0815A714	0x0815A72F	thumb	LinkTradeDrawWindow
0x0815A730	0x0815A827	thumb	TradeAnimInit_LoadGfx
0x0815A828	0x0815A9CF	thumb	CB2_InitInGameTrade
0x0815A9D0	0x0815AA27	thumb	UpdatePokedexForReceivedMon
0x0815AA28	0x0815AA31	thumb	TryEnableNationalDexFromLinkPartner
0x0815AA34	0x0815AB6B	thumb	TradeMons
0x0815AB6C	0x0815ABB7	thumb	HandleLinkDataSend
0x0815ABB8	0x0815ABEF	thumb	CB2_InGameTrade
0x0815ABF0	0x0815AEBF	thumb	SetTradeSequenceBgGpuRegs
0x0815AEC0	0x0815AF03	thumb	LoadTradeGbaSpriteGfx
0x0815AF04	0x0815AFCF	thumb	TradeBufferOTnameAndNicknames
0x0815AFD0	0x0815AFF3	thumb	DoTradeAnim
0x0815AFF4	0x0815BCE7	thumb	DoTradeAnim_Cable
0x0815BCE8	0x0815CA3F	thumb	DoTradeAnim_Wireless
0x0815CA40	0x0815CADF	thumb	CB2_TryLinkTradeEvolution
0x0815CAE0	0x0815CB6F	thumb	HandleLinkDataReceive
0x0815CB70	0x0815CBFB	thumb	SpriteCB_BouncingPokeball
0x0815CBFC	0x0815CC73	thumb	SpriteCB_BouncingPokeballDepart
0x0815CC74	0x0815CCD3	thumb	SpriteCB_BouncingPokeballDepartEnd
0x0815CCD4	0x0815CD73	thumb	SpriteCB_BouncingPokeballArrive
0x0815CD74	0x0815CE1F	thumb	GetInGameTradeSpeciesInfo
0x0815CE20	0x0815CE87	thumb	BufferInGameTradeMonName
0x0815CE88	0x0815D0FB	thumb	CreateInGameTradePokemonInternal
0x0815D0FC	0x0815D147	thumb	GetInGameTradeMail
0x0815D148	0x0815D183	thumb	GetTradeSpecies
0x0815D184	0x0815D19F	thumb	CreateInGameTradePokemon
0x0815D1A0	0x0815D247	thumb	CB2_UpdateLinkTrade
0x0815D248	0x0815D2B7	thumb	CB2_WaitTradeComplete
0x0815D2B8	0x0815D55F	thumb	CB2_SaveAndEndTrade
0x0815D560	0x0815D5DB	thumb	CB2_FreeTradeAnim
0x0815D5DC	0x0815D60B	thumb	DoInGameTradeScene
0x0815D60C	0x0815D643	thumb	Task_InGameTrade
0x0815D644	0x0815D69B	thumb	CheckPartnersMonForRibbons
0x0815D69C	0x0815D6A5	thumb	LoadTradeAnimGfx
0x0815D6A8	0x0815D707	thumb	DrawTextOnTradeWindow
0x0815D708	0x0815D7CF	thumb	Task_AnimateWirelessSignal
0x0815D7D0	0x0815D88B	thumb	Task_OpenCenterWhiteColumn
0x0815D88C	0x0815D957	thumb	Task_CloseCenterWhiteColumn
0x0815D958	0x0815DA57	thumb	InitTradeMenu
0x0815DA58	0x0815DA67	thumb	CB2_StartCreateTradeMenu
0x0815DA68	0x0815E143	thumb	CB2_CreateTradeMenu
0x0815E144	0x0815E66B	thumb	CB2_ReturnToTradeMenuFromSummary
0x0815E66C	0x0815E67D	thumb	VBlankCB_TradeMenu
0x0815E680	0x0815E6BF	thumb	CB_FadeToStartTrade
0x0815E6C0	0x0815E70F	thumb	CB_WaitToStartTrade
0x0815E710	0x0815E793	thumb	CB_StartLinkTrade
0x0815E794	0x0815E7E7	thumb	CB2_TradeMenu
0x0815E7E8	0x0815E8AF	thumb	LoadTradeBgGfx
0x0815E8B0	0x0815E92F	thumb	SetActiveMenuOptions
0x0815E930	0x0815E947	thumb	Trade_Memcpy
0x0815E948	0x0815EB6B	thumb	BufferTradeParties
0x0815EB6C	0x0815EBA7	thumb	PrintIsThisTradeOkay
0x0815EBA8	0x0815EC83	thumb	Leader_ReadLinkBuffer
0x0815EC84	0x0815EDA3	thumb	Follower_ReadLinkBuffer
0x0815EDA4	0x0815EFC7	thumb	Leader_HandleCommunication
0x0815EFC8	0x0815EFF9	thumb	CB1_UpdateLink
0x0815EFFC	0x0815F03F	thumb	GetNewCursorPosition
0x0815F040	0x0815F10B	thumb	TradeMenuMoveCursor
0x0815F10C	0x0815F15B	thumb	SetReadyToTrade
0x0815F15C	0x0815F2D3	thumb	CB_ProcessMenuInput
0x0815F2D4	0x0815F33B	thumb	RedrawChooseAPokemonWindow
0x0815F33C	0x0815F463	thumb	CB_ProcessSelectedMonInput
0x0815F464	0x0815F47F	thumb	CB_ChooseMonAfterButtonPress
0x0815F480	0x0815F497	thumb	CB_ShowTradeMonSummaryScreen
0x0815F498	0x0815F527	thumb	CheckValidityOfTradeMons
0x0815F528	0x0815F66F	thumb	CommunicateWhetherMonCanBeTraded
0x0815F670	0x0815F703	thumb	CB_ProcessConfirmTradeInput
0x0815F704	0x0815F743	thumb	RestoreNicknamesCoveredByYesNo
0x0815F744	0x0815F807	thumb	CB_ProcessCancelTradeInput
0x0815F808	0x0815F87B	thumb	CB_SetSelectedMons
0x0815F87C	0x0815F8D3	thumb	CB_PrintIsThisTradeOkay
0x0815F8D4	0x0815F91F	thumb	CB_InitConfirmTradePrompt
0x0815F920	0x0815F993	thumb	CB_HandleTradeCanceled
0x0815F994	0x0815F9CB	thumb	CB_InitExitCanceledTrade
0x0815F9CC	0x0815FA3B	thumb	CB_ExitCanceledTrade
0x0815FA3C	0x0815FA5F	thumb	CB_WaitToStartRfuTrade
0x0815FA60	0x0815FB5F	thumb	RunTradeMenuCallback
0x0815FB60	0x0815FB93	thumb	SetSelectedMon
0x0815FB94	0x0815FEBB	thumb	DrawSelectedMonScreen
0x0815FEBC	0x0815FF17	thumb	GetMonNicknameWidth
0x0815FF18	0x0815FFF7	thumb	BufferMovesString
0x0815FFF8	0x08160063	thumb	PrintPartyMonNickname
0x08160064	0x081600CB	thumb	PrintPartyNicknames
0x081600CC	0x0816024B	thumb	PrintLevelAndGender
0x0816024C	0x081602C3	thumb	PrintPartyLevelsAndGenders
0x081602C4	0x08160347	thumb	ShowTradePartyMonIcons
0x08160348	0x08160359	thumb	PrintTradePartnerPartyNicknames
0x0816035C	0x081603DF	thumb	RedrawPartyWindow
0x081603E0	0x08160403	thumb	Task_DrawSelectionSummary
0x08160404	0x08160427	thumb	Task_DrawSelectionTrade
0x08160428	0x08160473	thumb	QueueAction
0x08160474	0x08160567	thumb	DoQueuedActions
0x08160568	0x081605B7	thumb	PrintTradeMessage
0x081605B8	0x08160647	thumb	LoadUISpriteGfx
0x08160648	0x08160667	thumb	DrawBottomRowText
0x08160668	0x0816075F	thumb	ComputePartyTradeableFlags
0x08160760	0x08160833	thumb	ComputePartyHPBarLevels
0x08160834	0x081608C7	thumb	SetTradePartyHPBarSprites
0x081608C8	0x081608FB	thumb	SaveTradeGiftRibbons
0x081608FC	0x08160A13	thumb	CanTradeSelectedMon
0x08160A14	0x08160AA7	thumb	GetGameProgressForLinkTrade
0x08160AA8	0x08160AC7	thumb	IsDeoxysOrMewUntradable
0x08160AC8	0x08160BA3	thumb	GetUnionRoomTradeMessageId
0x08160BA4	0x08160BF3	thumb	CanRegisterMonForTradingBoard
0x08160BF4	0x08160C53	thumb	CB_ShowTradeMonSummaryScreen.part.0
0x08160C54	0x08160CC7	thumb	VBlankCB_TrainerCard
0x08160CC8	0x08160D03	thumb	HBlankCB_TrainerCard
0x08160D04	0x08160D19	thumb	CB2_TrainerCard
0x08160D1C	0x08160D4F	thumb	CloseTrainerCard
0x08160D50	0x0816101B	thumb	Task_TrainerCard
0x0816101C	0x081611BF	thumb	LoadCardGfx
0x081611C0	0x081612E3	thumb	CB2_InitTrainerCard
0x081612E4	0x081612FB	thumb	GetCappedGameStat
0x081612FC	0x08161331	thumb	GetTrainerStarCount
0x08161334	0x081614C3	thumb	SetPlayerCardData
0x081614C4	0x08161513	thumb	TrainerCard_GenerateCardForLinkPlayer
0x08161514	0x081615AF	thumb	SetDataFromTrainerCard
0x081615B0	0x08161623	thumb	HandleGpuRegs
0x08161624	0x08161677	thumb	UpdateCardFlipRegs
0x08161678	0x08161691	thumb	ResetGpuRegs
0x08161694	0x08161695	thumb	TrainerCardNull
0x08161698	0x081616C7	thumb	DmaClearOam
0x081616C8	0x081616FB	thumb	DmaClearPltt
0x081616FC	0x08161761	thumb	ResetBgRegs
0x08161764	0x081617E3	thumb	InitBgsAndWindows
0x081617E4	0x081617FB	thumb	SetTrainerCardCB2
0x081617FC	0x0816181F	thumb	SetUpTrainerCardTask
0x08161820	0x08161877	thumb	PrintAllOnCardFront
0x08161878	0x081618DB	thumb	PrintAllOnCardBack
0x081618DC	0x0816199F	thumb	BufferTextForCardBack
0x081619A0	0x08161A1B	thumb	PrintNameOnCardFront
0x08161A1C	0x08161A7F	thumb	PrintIdOnCard
0x08161A80	0x08161B4B	thumb	PrintMoneyOnCard
0x08161B4C	0x08161B67	thumb	GetCaughtMonsCount
0x08161B68	0x08161C67	thumb	PrintPokedexOnCard
0x08161C68	0x08161DDB	thumb	PrintTimeOnCard
0x08161DDC	0x08161EA3	thumb	PrintProfilePhraseOnCard
0x08161EA4	0x08161EEF	thumb	BufferNameForCardBack
0x08161EF0	0x08161F6F	thumb	PrintNameOnCardBack
0x08161F70	0x08162007	thumb	BufferHofDebutTime
0x08162008	0x0816206F	thumb	PrintHofDebutTimeOnCard
0x08162070	0x081620F3	thumb	BufferLinkBattleResults
0x081620F4	0x0816218B	thumb	PrintLinkBattleResultsOnCard
0x0816218C	0x081621CF	thumb	BufferNumTrades
0x081621D0	0x0816223F	thumb	PrintTradesStringOnCard
0x08162240	0x0816228B	thumb	BufferBerryCrushPoints
0x0816228C	0x08162307	thumb	PrintBerryCrushStringOnCard
0x08162308	0x08162353	thumb	BufferUnionRoomStats
0x08162354	0x081623D3	thumb	PrintUnionStringOnCard
0x081623D4	0x08162473	thumb	PrintPokemonIconsOnCard
0x08162474	0x0816252F	thumb	LoadMonIconGfx
0x08162530	0x081625B3	thumb	PrintStickersOnCard
0x081625B4	0x0816260F	thumb	LoadStickerGfx
0x08162610	0x08162629	thumb	DrawTrainerCardWindow
0x0816262C	0x0816278F	thumb	SetTrainerCardBgsAndPals
0x08162790	0x081627E7	thumb	DrawCardScreenBackground
0x081627E8	0x0816283F	thumb	DrawCardFrontOrBack
0x08162840	0x0816292B	thumb	DrawStarsAndBadgesOnCard
0x0816292C	0x08162A27	thumb	DrawCardBackStats
0x08162A28	0x08162A57	thumb	BlinkTimeColon
0x08162A58	0x08162A6F	thumb	GetTrainerCardStars
0x08162A70	0x08162AB3	thumb	FlipTrainerCard
0x08162AB4	0x08162ACB	thumb	IsCardFlipTaskActive
0x08162ACC	0x08162AFF	thumb	Task_DoCardFlipTask
0x08162B00	0x08162B37	thumb	Task_BeginCardFlip
0x08162B38	0x08162C7B	thumb	Task_AnimateCardFlipDown
0x08162C7C	0x08162D7B	thumb	Task_DrawFlippedCardSide
0x08162D7C	0x08162DF7	thumb	Task_SetCardFlipped
0x08162DF8	0x08162F2B	thumb	Task_AnimateCardFlipUp
0x08162F2C	0x08162F53	thumb	Task_EndCardFlip
0x08162F54	0x08162FE3	thumb	ShowPlayerTrainerCard
0x08162FE4	0x0816304F	thumb	ShowTrainerCardInLink
0x08163050	0x081630BB	thumb	InitTrainerCardData
0x081630BC	0x081630FB	thumb	GetCardType
0x081630FC	0x081631B7	thumb	CreateTrainerCardTrainerPic
0x081631B8	0x081631CB	thumb	Unref_InitTrainerCard
0x081631CC	0x081631FB	thumb	Unref_InitTrainerCardLink
0x081631FC	0x0816322B	thumb	Unref_InitTrainerCardLink2
0x0816322C	0x081633A3	thumb	TrainerCard_GenerateCardForLinkPlayer.part.0
0x081633A8	0x081633C7	thumb	ResetTrainerFanClub
0x081633C8	0x08163407	thumb	Script_TryLoseFansFromPlayTimeAfterLinkBattle
0x08163408	0x0816343F	thumb	TryLoseFansFromPlayTimeAfterLinkBattle
0x08163440	0x0816345B	thumb	Script_UpdateTrainerFanClubGameClear
0x0816345C	0x0816346B	thumb	UpdateTrainerFanClubGameClear
0x0816346C	0x081634EF	thumb	TryGainNewFanFromCounter
0x081634F0	0x0816355B	thumb	PlayerGainRandomTrainerFan
0x0816355C	0x081635F3	thumb	PlayerLoseRandomTrainerFan
0x081635F4	0x0816361F	thumb	Script_GetNumFansOfPlayerInTrainerFanClub
0x08163620	0x08163641	thumb	GetNumFansOfPlayerInTrainerFanClub
0x08163644	0x0816366B	thumb	Script_TryLoseFansFromPlayTime
0x0816366C	0x0816368B	thumb	TryLoseFansFromPlayTime
0x0816368C	0x081636AB	thumb	Script_IsFanClubMemberFanOfPlayer
0x081636AC	0x081636BF	thumb	IsFanClubMemberFanOfPlayer
0x081636C0	0x081636C9	thumb	SetInitialFansOfPlayer
0x081636CC	0x0816370F	thumb	Script_BufferFanClubTrainerName
0x08163710	0x0816379F	thumb	BufferFanClubTrainerName
0x081637A0	0x081637B3	thumb	Special_UpdateTrainerFansAfterLinkBattle
0x081637B4	0x08163817	thumb	UpdateTrainerFansAfterLinkBattle
0x08163818	0x0816381D	thumb	DidPlayerGetFirstFans
0x08163820	0x0816383B	thumb	Script_SetPlayerGotFirstFans
0x0816383C	0x08163847	thumb	SetPlayerGotFirstFans
0x08163848	0x08163863	thumb	Script_TryGainNewFanFromCounter
0x08163864	0x081638D7	thumb	TryLoseFansFromPlayTime.part.0
0x081638D8	0x08163927	thumb	UpdateTrainerFanClubGameClear.part.0
0x08163928	0x08163929	thumb	DummyPicSpriteCallback
0x0816392C	0x08163943	thumb	ResetAllPicSprites
0x08163944	0x081639CF	thumb	DecompressPic
0x081639D0	0x081639F5	thumb	DecompressPic_HandleDeoxys
0x081639F8	0x08163A7B	thumb	LoadPicPaletteByTagOrSlot
0x08163A7C	0x08163AB3	thumb	LoadPicPaletteBySlot
0x08163AB4	0x08163AD3	thumb	AssignSpriteAnimsTable
0x08163AD4	0x08163C47	thumb	CreatePicSprite
0x08163C48	0x08163CA5	thumb	CreatePicSprite_HandleDeoxys
0x08163CA8	0x08163D4F	thumb	FreeAndDestroyPicSpriteInternal
0x08163D50	0x08163DCB	thumb	LoadPicSpriteInWindow
0x08163DCC	0x08163E9F	thumb	CreateTrainerCardSprite
0x08163EA0	0x08163EF7	thumb	CreateMonPicSprite
0x08163EF8	0x08163F41	thumb	CreateMonPicSprite_HandleDeoxys
0x08163F44	0x08163F51	thumb	FreeAndDestroyMonPicSprite
0x08163F54	0x08163F83	thumb	LoadMonPicInWindow
0x08163F84	0x08163FCB	thumb	CreateTrainerCardMonIconSprite
0x08163FCC	0x0816400D	thumb	CreateTrainerPicSprite
0x08164010	0x0816401D	thumb	FreeAndDestroyTrainerPicSprite
0x08164020	0x08164067	thumb	LoadTrainerPicInWindow
0x08164068	0x081640A5	thumb	CreateTrainerCardTrainerPicSprite
0x081640A8	0x081640CB	thumb	PlayerGenderToFrontTrainerPicId
0x081640CC	0x08164117	thumb	CheckForTrainersWantingBattle
0x08164118	0x0816418F	thumb	CheckTrainer
0x08164190	0x08164237	thumb	GetTrainerApproachDistance
0x08164238	0x0816427F	thumb	GetTrainerApproachDistanceSouth
0x08164280	0x081642B3	thumb	GetTrainerApproachDistanceNorth
0x081642B4	0x081642E7	thumb	GetTrainerApproachDistanceWest
0x081642E8	0x0816431B	thumb	GetTrainerApproachDistanceEast
0x0816431C	0x081643A7	thumb	CheckPathBetweenTrainerAndPlayer
0x081643A8	0x081643D7	thumb	TrainerApproachPlayer
0x081643D8	0x0816440F	thumb	StartTrainerApproachWithFollowupTask
0x08164410	0x0816445F	thumb	Task_RunTrainerSeeFuncList
0x08164460	0x08164463	thumb	TrainerSeeFunc_Dummy
0x08164464	0x081644BB	thumb	TrainerSeeFunc_StartExclMark
0x081644BC	0x081644FF	thumb	TrainerSeeFunc_WaitExclMark
0x08164500	0x08164565	thumb	TrainerSeeFunc_TrainerApproach
0x08164568	0x081645EB	thumb	TrainerSeeFunc_PrepareToEngage
0x081645EC	0x0816462B	thumb	TrainerSeeFunc_End
0x0816462C	0x0816465B	thumb	TrainerSeeFunc_BeginRemoveDisguise
0x0816465C	0x08164675	thumb	TrainerSeeFunc_WaitRemoveDisguise
0x08164678	0x081646A7	thumb	TrainerSeeFunc_TrainerInAshFacesPlayer
0x081646A8	0x081646FB	thumb	TrainerSeeFunc_BeginJumpOutOfAsh
0x081646FC	0x0816476B	thumb	TrainerSeeFunc_WaitJumpOutOfAsh
0x0816476C	0x08164785	thumb	TrainerSeeFunc_EndJumpOutOfAsh
0x08164788	0x081647E7	thumb	TrainerSeeFunc_OffscreenAboveTrainerCreateCameraObj
0x081647E8	0x0816489B	thumb	TrainerSeeFunc_OffscreenAboveTrainerCameraObjMoveUp
0x0816489C	0x08164957	thumb	TrainerSeeFunc_OffscreenAboveTrainerCameraObjMoveDown
0x08164958	0x081649FF	thumb	Task_RevealTrainer_RunTrainerSeeFuncList
0x08164A00	0x08164A2B	thumb	MovementAction_RevealTrainer_RunTrainerSeeFuncList
0x08164A2C	0x08164A67	thumb	EndTrainerApproach
0x08164A68	0x08164A79	thumb	Task_DestroyTrainerApproachTask
0x08164A7C	0x08164AE3	thumb	FldEff_ExclamationMarkIcon1
0x08164AE4	0x08164B4B	thumb	FldEff_DoubleExclMarkIcon
0x08164B4C	0x08164BB3	thumb	FldEff_XIcon
0x08164BB4	0x08164C1B	thumb	FldEff_SmileyFaceIcon
0x08164C1C	0x08164C83	thumb	FldEff_QuestionMarkIcon
0x08164C84	0x08164CC7	thumb	SetIconSpriteData
0x08164CC8	0x08164D5F	thumb	SpriteCB_TrainerIcons
0x08164D68	0x08164D9B	thumb	CallTrainerTowerFunc
0x08164D9C	0x08164DB3	thumb	GetTrainerTowerOpponentClass
0x08164DB4	0x08164DC7	thumb	GetTrainerTowerOpponentName
0x08164DC8	0x08164DDF	thumb	GetTrainerTowerTrainerFrontSpriteId
0x08164DE0	0x08164EEB	thumb	InitTrainerTowerBattleStruct
0x08164EEC	0x08164F03	thumb	FreeTrainerTowerBattleStruct
0x08164F04	0x08164F4B	thumb	GetTrainerTowerOpponentWinText
0x08164F4C	0x08164F93	thumb	GetTrainerTowerOpponentLoseText
0x08164F94	0x0816502F	thumb	SetUpTrainerTowerDataStruct
0x08165030	0x08165047	thumb	FreeTrainerTowerDataStruct
0x08165048	0x081650A3	thumb	InitTrainerTowerFloor
0x081650A4	0x081651A3	thumb	SetTrainerTowerNPCGraphics
0x081651A4	0x08165203	thumb	TT_ConvertEasyChatMessageToString
0x08165204	0x081652F3	thumb	BufferTowerOpponentSpeech
0x081652F4	0x08165387	thumb	TrainerTowerGetOpponentTextColor
0x08165388	0x08165397	thumb	CB2_EndTrainerTowerBattle
0x08165398	0x081653CF	thumb	Task_DoTrainerTowerBattle
0x081653D0	0x0816542B	thumb	DoTrainerTowerBattle
0x0816542C	0x08165457	thumb	TrainerTowerGetChallengeType
0x08165458	0x0816547F	thumb	TrainerTowerAddFloorCleared
0x08165480	0x081654F3	thumb	GetFloorAlreadyCleared
0x081654F4	0x0816558F	thumb	StartTrainerTowerChallenge
0x08165590	0x08165603	thumb	GetOwnerState
0x08165604	0x0816568B	thumb	GiveChallengePrize
0x0816568C	0x08165707	thumb	CheckFinalTime
0x08165708	0x0816575F	thumb	TrainerTowerResumeTimer
0x08165760	0x0816578B	thumb	TrainerTowerSetPlayerLost
0x0816578C	0x081657D3	thumb	GetTrainerTowerChallengeStatus
0x081657D4	0x08165897	thumb	GetCurrentTime
0x08165898	0x08165A0B	thumb	ShowResultsBoard
0x08165A0C	0x08165A2F	thumb	CloseResultsBoard
0x08165A30	0x08165A43	thumb	TrainerTowerGetDoublesEligiblity
0x08165A44	0x08165A73	thumb	TrainerTowerGetNumFloors
0x08165A74	0x08165A9F	thumb	ShouldWarpToCounter
0x08165AA0	0x08165B0F	thumb	PlayTrainerTowerEncounterMusic
0x08165B10	0x08165B3F	thumb	HasSpokenToOwner
0x08165B40	0x08165CBB	thumb	BuildEnemyParty
0x08165CBC	0x08165D13	thumb	GetPartyMaxLevel
0x08165D14	0x08165D77	thumb	ValidateOrResetCurTrainerTowerRecord
0x08165D78	0x08165EF3	thumb	PrintTrainerTowerRecords
0x08165EF4	0x08165F07	thumb	GetTrainerTowerRecordTime
0x08165F08	0x08165F1B	thumb	SetTrainerTowerRecordTime
0x08165F1C	0x08165F5B	thumb	ResetTrainerTowerResults
0x08165F60	0x08165F7B	thumb	Sin
0x08165F7C	0x08165F9B	thumb	Cos
0x08165F9C	0x08165FCF	thumb	Sin2
0x08165FD0	0x0816600B	thumb	Cos2
0x0816600C	0x0816609B	thumb	SetUpPartiesAndStartBattle
0x0816609C	0x081660E3	thumb	UnionRoomBattle_CreateTextPrinter
0x081660E4	0x0816615F	thumb	UnionRoomBattle_PrintTextOnWindow0
0x08166160	0x08166171	thumb	VBlankCB_UnionRoomBattle
0x08166174	0x08166383	thumb	CB2_UnionRoomBattle
0x08166384	0x081663FB	thumb	UnionRoomChat_TryAllocGraphicsWork
0x081663FC	0x08166407	thumb	UnionRoomChat_RunDisplaySubtask0
0x08166408	0x08166437	thumb	UnionRoomChat_FreeGraphicsWork
0x08166438	0x0816643F	thumb	InitWork
0x08166440	0x08166463	thumb	UnionRoomChat_ResetDisplaySubtasks
0x08166464	0x081664AB	thumb	UnionRoomChat_RunDisplaySubtasks
0x081664AC	0x081664F7	thumb	UnionRoomChat_StartDisplaySubtask
0x081664F8	0x0816650B	thumb	RunDisplaySubtask
0x0816650C	0x0816662B	thumb	DisplaySubtask_LoadGfx
0x0816662C	0x0816665B	thumb	DisplaySubtask_PrintWin3
0x0816665C	0x08166695	thumb	DisplaySubtask_HideWin3
0x08166698	0x081666FD	thumb	DisplaySubtask_SwitchPages
0x08166700	0x0816670B	thumb	DisplaySubtask_MoveSelectorCursorObj
0x0816670C	0x08166753	thumb	DisplaySubtask_ShowQuitChattingDialog
0x08166754	0x08166803	thumb	DisplaySubtask_HideQuitChattingDialog
0x08166804	0x08166879	thumb	DisplaySubtask_UpdateMessageBuffer
0x0816687C	0x08166923	thumb	DisplaySubtask_PrintRegisterWhere
0x08166924	0x08166A03	thumb	DisplaySubtask_CancelRegister
0x08166A04	0x08166A35	thumb	DisplaySubtask_ReturnToKeyboard
0x08166A38	0x08166AF3	thumb	DisplaySubtask_ScrollChat
0x08166AF4	0x08166B19	thumb	DisplaySubtask_AnimateSelectorCursorBlink
0x08166B1C	0x08166B57	thumb	DisplaySubtask_PrintInputText
0x08166B58	0x08166B93	thumb	DisplaySubtask_PrintExitingChat
0x08166B94	0x08166BDF	thumb	DisplaySubtask_PrintLeaderLeft
0x08166BE0	0x08166C23	thumb	DisplaySubtask_AskSave
0x08166C24	0x08166C67	thumb	DisplaySubtask_AskOverwriteSave
0x08166C68	0x08166CA3	thumb	DisplaySubtask_PrintSavingDontTurnOffPower
0x08166CA4	0x08166CEF	thumb	DisplaySubtask_PrintSavedTheGame
0x08166CF0	0x08166D33	thumb	DisplaySubtask_ShowConfirmLeaderLeaveDialog
0x08166D34	0x08166D37	thumb	DisplaySubtaskDummy
0x08166D38	0x08166DEB	thumb	PlaceYesNoMenuAt
0x08166DEC	0x08166E13	thumb	HideYesNoMenuWindow
0x08166E14	0x08166E37	thumb	DestroyYesNoMenuWindow
0x08166E38	0x08166E41	thumb	UnionRoomChat_ProcessInput
0x08166E44	0x08166F4F	thumb	PlaceStdMessageWindow
0x08166F50	0x08166F83	thumb	HideStdMessageWindow
0x08166F84	0x08166FA7	thumb	DestroyStdMessageWindow
0x08166FA8	0x08166FCF	thumb	FillWin1Rect
0x08166FD0	0x0816705B	thumb	PrintOnWin1Parameterized
0x0816705C	0x08167197	thumb	PrintCurrentKeyboardPage
0x08167198	0x08167217	thumb	AnimateMoveBg1Right
0x08167218	0x08167297	thumb	AnimateMoveBg1Left
0x08167298	0x081672E7	thumb	PrintKeyboardSwapTextsOnWin3
0x081672E8	0x081672FB	thumb	ClearWin3
0x081672FC	0x08167357	thumb	PrintTextOnWin0Colorized
0x08167358	0x0816740F	thumb	ResetGpuBgState
0x08167410	0x0816745F	thumb	SetBgTilemapWorkBuffers
0x08167460	0x0816748F	thumb	ClearBg0
0x08167490	0x081674DF	thumb	LoadUnionRoomChatPanelGfx
0x081674E0	0x0816751F	thumb	LoadLinkMiscMenuGfx
0x08167520	0x08167543	thumb	LoadBg1Pal8
0x08167544	0x0816756F	thumb	LoadWin0
0x08167570	0x08167587	thumb	LoadWin2
0x08167588	0x081675A3	thumb	LoadWin1
0x081675A4	0x081675D3	thumb	LoadWin3
0x081675D4	0x0816761F	thumb	InitScanlineEffect
0x08167620	0x08167677	thumb	FillScanlineEffectWithValue1col
0x08167678	0x081676DB	thumb	FillScanlineEffectWithValue2col
0x081676E0	0x0816771B	thumb	UnionRoomChat_TryAllocSpriteWork
0x0816771C	0x08167733	thumb	UnionRoomChat_FreeSpriteWork
0x08167734	0x08167763	thumb	UnionRoomChat_CreateSelectorCursorObj
0x08167764	0x08167787	thumb	UnionRoomChat_ToggleSelectorCursorObjVisibility
0x08167788	0x081677DF	thumb	UnionRoomChat_MoveSelectorCursorObj
0x081677E0	0x0816780F	thumb	UnionRoomChat_UpdateObjPalCycle
0x08167810	0x08167843	thumb	UnionRoomChat_SetSelectorCursorClosedImage
0x08167844	0x0816788B	thumb	UnionRoomChat_AnimateSelectorCursorReopen
0x0816788C	0x081678D7	thumb	UnionRoomChat_SpawnTextEntryPointerSprites
0x081678D8	0x08167903	thumb	SpriteCB_TextEntryCursor
0x08167904	0x0816792B	thumb	SpriteCB_CharacterSelectCursor
0x0816792C	0x08167983	thumb	CreatePageSwitchUISprites
0x08167984	0x081679EF	thumb	UpdateVisibleUnionRoomChatIcon
0x081679F0	0x08167A27	thumb	EnterUnionRoomChat
0x08167A28	0x08167A87	thumb	InitChatWork
0x08167A88	0x08167AAB	thumb	FreeChatWork
0x08167AAC	0x08167B77	thumb	CB2_LoadInterface
0x08167B78	0x08167B8D	thumb	VBlankCB_UnionRoomChatMain
0x08167B90	0x08167BA9	thumb	CB2_UnionRoomChatMain
0x08167BAC	0x08167C07	thumb	Task_HandlePlayerInput
0x08167C08	0x08167C8B	thumb	ChatEntryRoutine_Join
0x08167C8C	0x08167D63	thumb	ChatEntryRoutine_HandleInput
0x08167D64	0x08167E43	thumb	ChatEntryRoutine_Switch
0x08167E44	0x08167FBF	thumb	ChatEntryRoutine_AskQuitChatting
0x08167FC0	0x081680CB	thumb	ChatEntryRoutine_ExitChat
0x081680CC	0x08168163	thumb	ChatEntryRoutine_Drop
0x08168164	0x0816821F	thumb	ChatEntryRoutine_Disbanded
0x08168220	0x081682DB	thumb	ChatEntryRoutine_SendMessage
0x081682DC	0x081683D7	thumb	ChatEntryRoutine_Register
0x081683D8	0x0816859F	thumb	ChatEntryRoutine_SaveAndExit
0x081685A0	0x081685AF	thumb	GoToRoutine
0x081685B0	0x0816863F	thumb	TypeChatMessage_HandleDPad
0x08168640	0x0816871B	thumb	AppendCharacterToChatMessageBuffer
0x0816871C	0x08168757	thumb	DeleteLastCharacterOfChatMessageBuffer
0x08168758	0x0816879B	thumb	ToggleCaseOfLastCharacterInChatMessageBuffer
0x0816879C	0x081687AB	thumb	ChatMsgHasAtLeastOneCharcter
0x081687AC	0x08168803	thumb	RegisterTextAtRow
0x08168804	0x08168817	thumb	ResetMessageEntryBuffer
0x08168818	0x08168853	thumb	SaveRegisteredTextsToSB1
0x08168854	0x0816886B	thumb	UnionRoomChat_GetWorkRegisteredText
0x0816886C	0x08168887	thumb	GetEndOfUnk1A
0x08168888	0x081688AF	thumb	GetPtrToLastCharOfUnk1A
0x081688B0	0x081688D3	thumb	GetNumCharsInMessageEntryBuffer
0x081688D4	0x081688D9	thumb	PrepareSendBuffer_Null
0x081688DC	0x08168903	thumb	PrepareSendBuffer_Join
0x08168904	0x08168933	thumb	PrepareSendBuffer_Chat
0x08168934	0x0816895F	thumb	PrepareSendBuffer_Leave
0x08168960	0x08168987	thumb	PrepareSendBuffer_Drop
0x08168988	0x081689AF	thumb	PrepareSendBuffer_Disband
0x081689B0	0x08168A5B	thumb	ProcessReceivedChatMessage
0x08168A5C	0x08168A67	thumb	GetCurrentKeyboardPage
0x08168A68	0x08168A7B	thumb	UnionRoomChat_GetCursorColAndRow
0x08168A7C	0x08168A87	thumb	UnionRoomChat_GetMessageEntryBuffer
0x08168A88	0x08168A9B	thumb	UnionRoomChat_LenMessageEntryBuffer
0x08168A9C	0x08168ABB	thumb	UnionRoomChat_GetBufferSelectionRegion
0x08168ABC	0x08168AFB	thumb	UnionRoomChat_GetEndOfMessageEntryBuffer
0x08168AFC	0x08168B1F	thumb	UnionRoomChat_GetNumCharsInMessageEntryBuffer
0x08168B20	0x08168B2B	thumb	UnionRoomChat_GetLastReceivedMessage
0x08168B2C	0x08168B37	thumb	UnionRoomChat_GetReceivedPlayerIndex
0x08168B38	0x08168B43	thumb	UnionRoomChat_GetMessageEntryCursorPosition
0x08168B44	0x08168B83	thumb	UnionRoomChat_GetWhetherShouldShowCaseToggleIcon
0x08168B84	0x08168B8F	thumb	UnionRoomChat_GetNameOfPlayerWhoDisbandedChat
0x08168B90	0x08168C7B	thumb	UnionRoomChat_InitializeRegisteredTexts
0x08168C7C	0x08168E17	thumb	Task_ReceiveChatMessage
0x08168E1C	0x08168E2F	thumb	IsPlayerStandingStill
0x08168E30	0x08168E47	thumb	GetUnionRoomPlayerGraphicsId
0x08168E48	0x08168E7B	thumb	GetUnionRoomPlayerCoords
0x08168E7C	0x08168EB7	thumb	IsUnionRoomPlayerAt
0x08168EB8	0x08168EC7	thumb	IsUnionRoomPlayerHidden
0x08168EC8	0x08168ED7	thumb	HideUnionRoomPlayer
0x08168ED8	0x08168EE7	thumb	ShowUnionRoomPlayer
0x08168EE8	0x08168F03	thumb	SetUnionRoomPlayerGfx
0x08168F04	0x08168F23	thumb	CreateUnionRoomPlayerObjectEvent
0x08168F24	0x08168F43	thumb	RemoveUnionRoomPlayerObjectEvent
0x08168F44	0x08168FB7	thumb	SetUnionRoomPlayerEnterExitMovement
0x08168FB8	0x0816901F	thumb	TryReleaseUnionRoomPlayerObjectEvent
0x08169020	0x0816909B	thumb	InitUnionRoomPlayerObjects
0x0816909C	0x0816910B	thumb	AnimateUnionRoomPlayerDespawn
0x0816910C	0x0816921B	thumb	AnimateUnionRoomPlayerSpawn
0x0816921C	0x08169273	thumb	SpawnGroupLeader
0x08169274	0x081692B3	thumb	DespawnGroupLeader
0x081692B4	0x08169357	thumb	AnimateUnionRoomPlayer
0x08169358	0x0816939F	thumb	Task_AnimateUnionRoomPlayers
0x081693A0	0x081693DB	thumb	CreateTask_AnimateUnionRoomPlayers
0x081693DC	0x081693F7	thumb	DestroyTask_AnimateUnionRoomPlayers
0x081693F8	0x08169457	thumb	DestroyUnionRoomPlayerObjects
0x08169458	0x081694E3	thumb	CreateUnionRoomPlayerSprites
0x081694E4	0x0816950B	thumb	DestroyUnionRoomPlayerSprites
0x0816950C	0x08169577	thumb	MakeGroupAssemblyAreasPassable
0x08169578	0x0816959B	thumb	GetNewFacingDirectionForUnionRoomPlayer
0x0816959C	0x081695B1	thumb	IsUnionRoomPlayerInvisible
0x081695B4	0x0816966B	thumb	SpawnGroupMember
0x0816966C	0x081696B7	thumb	DespawnGroupMember
0x081696B8	0x08169827	thumb	AssembleGroup
0x08169828	0x081698CB	thumb	SpawnGroupLeaderAndMembers
0x081698CC	0x08169913	thumb	DespawnGroupLeaderAndMembers
0x08169914	0x081699A7	thumb	UpdateUnionRoomPlayerSprites
0x081699A8	0x081699B7	thumb	ScheduleUnionRoomPlayerRefresh
0x081699B8	0x081699D7	thumb	HandleUnionRoomPlayerRefresh
0x081699D8	0x08169AE3	thumb	TryInteractWithUnionRoomMember
0x08169AE4	0x08169AFF	thumb	SetUnionRoomObjectFacingDirection
0x08169B00	0x08169B3F	thumb	UpdateUnionRoomMemberFacing
0x08169B40	0x08169BBB	thumb	PrintNumPlayersWaitingForMsg
0x08169BBC	0x08169C1F	thumb	PrintPlayerNameAndIdOnWindow
0x08169C20	0x08169C47	thumb	GetAwaitingCommunicationText
0x08169C48	0x08169C83	thumb	TryBecomeLinkLeader
0x08169C84	0x0816A333	thumb	Task_TryBecomeLinkLeader
0x0816A334	0x0816A393	thumb	Leader_DestroyResources
0x0816A394	0x0816A3CF	thumb	Leader_GetAcceptNewMemberPrompt
0x0816A3D0	0x0816A403	thumb	GetYouDeclinedTheOfferMessage
0x0816A404	0x0816A43F	thumb	GetYouAskedToJoinGroupPleaseWaitMessage
0x0816A440	0x0816A47B	thumb	GetGroupLeaderSentAnOKMessage
0x0816A47C	0x0816A4F7	thumb	Leader_SetStateIfMemberListChanged
0x0816A4F8	0x0816A553	thumb	ItemPrintFunc_PossibleGroupMembers
0x0816A554	0x0816A633	thumb	LeaderUpdateGroupMembership
0x0816A634	0x0816A70B	thumb	LeaderPrunePlayerList
0x0816A70C	0x0816A747	thumb	TryJoinLinkGroup
0x0816A748	0x0816AC47	thumb	Task_TryJoinLinkGroup
0x0816AC48	0x0816AC4B	thumb	IsTryingToTradeAcrossVersionTooSoon
0x0816AC4C	0x0816ACC3	thumb	AskToJoinRfuGroup
0x0816ACC4	0x0816ACF7	thumb	CreateTask_ListenToWireless
0x0816ACF8	0x0816AE2F	thumb	Task_ListenToWireless
0x0816AE30	0x0816AE67	thumb	IsPartnerActivityAcceptable
0x0816AE68	0x0816AE97	thumb	GetGroupListTextColor
0x0816AE98	0x0816AEFB	thumb	ListMenuItemPrintFunc_UnionRoomGroups
0x0816AEFC	0x0816B0A3	thumb	GetNewLeaderCandidate
0x0816B0A4	0x0816B0B9	thumb	Task_CreateTradeMenu
0x0816B0BC	0x0816B0CF	thumb	CreateTask_CreateTradeMenu
0x0816B0D0	0x0816B207	thumb	Task_StartUnionRoomTrade
0x0816B208	0x0816B2D7	thumb	Task_ExchangeCards
0x0816B2D8	0x0816B33B	thumb	CB2_ShowCard
0x0816B33C	0x0816B3B3	thumb	StartUnionRoomBattle
0x0816B3B4	0x0816B417	thumb	WarpForWirelessMinigame
0x0816B418	0x0816B47F	thumb	WarpForCableClubActivity
0x0816B480	0x0816B4D7	thumb	CB2_TransitionToCableClub
0x0816B4D8	0x0816B4F7	thumb	CreateTrainerCardInBuffer
0x0816B4F8	0x0816B74F	thumb	Task_StartActivity
0x0816B750	0x0816B7EF	thumb	Task_RunScriptAndFadeToActivity
0x0816B7F0	0x0816B803	thumb	CreateTask_RunScriptAndFadeToActivity
0x0816B804	0x0816B827	thumb	CreateTask_StartActivity
0x0816B828	0x0816B863	thumb	CreateTask_SendMysteryGift
0x0816B864	0x0816BCEF	thumb	Task_SendMysteryGift
0x0816BCF0	0x0816BD33	thumb	CreateTask_LinkMysteryGiftWithFriend
0x0816BD34	0x0816C08F	thumb	Task_CardOrNewsWithFriend
0x0816C090	0x0816C0D3	thumb	CreateTask_LinkMysteryGiftOverWireless
0x0816C0D4	0x0816C41F	thumb	Task_CardOrNewsOverWireless
0x0816C420	0x0816C467	thumb	RunUnionRoom
0x0816C468	0x0816C471	thumb	ReadAsU16
0x0816C474	0x0816C497	thumb	ScheduleFieldMessageWithFollowupState
0x0816C498	0x0816C4BB	thumb	ScheduleFieldMessageAndExit
0x0816C4BC	0x0816C4D3	thumb	CopyPlayerListToBuffer
0x0816C4D4	0x0816C4EB	thumb	CopyPlayerListFromBuffer
0x0816C4EC	0x0816DA03	thumb	Task_RunUnionRoom
0x0816DA04	0x0816DA23	thumb	SetUsingUnionRoomStartMenu
0x0816DA24	0x0816DA5B	thumb	ReceiveUnionRoomActivityPacket
0x0816DA5C	0x0816DAAF	thumb	HandleContactFromOtherPlayer
0x0816DAB0	0x0816DB03	thumb	InitUnionRoom
0x0816DB04	0x0816DCCF	thumb	Task_InitUnionRoom
0x0816DCD0	0x0816DCF7	thumb	BufferUnionRoomPlayerName
0x0816DCF8	0x0816DEB3	thumb	HandlePlayerListUpdate
0x0816DEB4	0x0816E077	thumb	Task_SearchForChildOrParent
0x0816E078	0x0816E0A7	thumb	CreateTask_SearchForChildOrParent
0x0816E0A8	0x0816E23F	thumb	Task_ListenForCompatiblePartners
0x0816E240	0x0816E25F	thumb	HasWonderCardOrNewsByLinkGroup
0x0816E260	0x0816E2F7	thumb	Task_ListenForWonderDistributor
0x0816E2F8	0x0816E323	thumb	CreateTask_ListenForCompatiblePartners
0x0816E324	0x0816E34F	thumb	CreateTask_ListenForWonderDistributor
0x0816E350	0x0816E37B	thumb	UR_PrintFieldMessage
0x0816E37C	0x0816E389	thumb	UR_RunTextPrinters
0x0816E38C	0x0816E3D7	thumb	PrintOnTextbox
0x0816E3D8	0x0816E42F	thumb	UnionRoomHandleYesNo
0x0816E430	0x0816E47B	thumb	CreateTradeBoardWindow
0x0816E47C	0x0816E495	thumb	DeleteTradeBoardWindow
0x0816E498	0x0816E56B	thumb	ListMenuHandler_AllItemsAvailable
0x0816E56C	0x0816E6AF	thumb	TradeBoardMenuHandler
0x0816E6B0	0x0816E6D5	thumb	UR_ClearBg0
0x0816E6D8	0x0816E701	thumb	JoinGroup_EnableScriptContexts
0x0816E704	0x0816E80F	thumb	PrintUnionRoomText
0x0816E810	0x0816E851	thumb	ClearRfuPlayerList
0x0816E854	0x0816E879	thumb	ClearIncomingPlayerList
0x0816E87C	0x0816E8A9	thumb	ArePlayersDifferent
0x0816E8AC	0x0816E8EF	thumb	ArePlayerDataDifferent
0x0816E8F0	0x0816E939	thumb	GetNewIncomingPlayerId
0x0816E93C	0x0816E953	thumb	TryAddIncomingPlayerToList
0x0816E954	0x0816EA3B	thumb	PrintGroupMemberOnWindow
0x0816EA3C	0x0816EA6B	thumb	PrintGroupCandidateOnWindow
0x0816EA6C	0x0816EAA7	thumb	IsPlayerFacingTradingBoard
0x0816EAA8	0x0816EABB	thumb	GetResponseIdx_InviteToURoomActivity
0x0816EABC	0x0816EAED	thumb	ConvPartnerUnameAndGetWhetherMetAlready
0x0816EAF0	0x0816EC57	thumb	UnionRoomGetPlayerInteractionResponse
0x0816EC58	0x0816EC59	thumb	ItemPrintFunc_Unused
0x0816EC5C	0x0816ED1F	thumb	TradeBoardPrintItemInfo
0x0816ED20	0x0816EDCF	thumb	TradeBoardListMenuItemPrintFunc
0x0816EDD0	0x0816EE01	thumb	GetIndexOfNthTradeBoardOffer
0x0816EE04	0x0816EE0F	thumb	GetUnionRoomPlayerGender
0x0816EE10	0x0816EE9B	thumb	IsRequestedTradeInPlayerParty
0x0816EE9C	0x0816EEEF	thumb	GetURoomActivityRejectMsg
0x0816EEF0	0x0816EF7B	thumb	GetURoomActivityStartMsg
0x0816EF7C	0x0816F0BB	thumb	GetChatLeaderActionRequestMessage
0x0816F0BC	0x0816F0DF	thumb	PollPartnerYesNoResponse
0x0816F0E0	0x0816F0FB	thumb	InUnionRoom
0x0816F0FC	0x0816F157	thumb	HasAtLeastTwoMonsOfLevel30OrLower
0x0816F158	0x0816F167	thumb	ResetUnionRoomTrade
0x0816F168	0x0816F17F	thumb	Script_ResetUnionRoomTrade
0x0816F180	0x0816F1BF	thumb	RegisterTradeMonAndGetIsEgg
0x0816F1C0	0x0816F1F3	thumb	RegisterTradeMon
0x0816F1F4	0x0816F257	thumb	GetPartyPositionOfRegisteredMon
0x0816F258	0x0816F2B3	thumb	HandleCancelActivity
0x0816F2B4	0x0816F2C1	thumb	StartScriptInteraction
0x0816F2C4	0x0816F2EB	thumb	GetLinkPlayerInfoFlags
0x0816F2EC	0x0816F321	thumb	GetActivePartnersInfo
0x0816F324	0x0816F507	thumb	ViewURoomPartnerTrainerCard
0x0816F508	0x0816F53B	thumb	CableClub_OnResumeFunc
0x0816F53C	0x0816F58B	thumb	TryAddIncomingPlayerToList.part.0
0x0816F58C	0x0816F613	thumb	PrintGroupCandidateOnWindow.part.0
0x0816F614	0x0816F64B	thumb	CreateInvisibleSpriteWithCallback
0x0816F64C	0x0816F653	thumb	StoreWordInTwoHalfwords
0x0816F654	0x0816F65F	thumb	LoadWordFromTwoHalfwords
0x0816F660	0x0816F67D	thumb	SetBgAffineStruct
0x0816F680	0x0816F6B1	thumb	DoBgAffineSet
0x0816F6B4	0x0816F877	thumb	CopySpriteTiles
0x0816F878	0x0816F891	thumb	CountTrailingZeroBits
0x0816F894	0x0816F8EF	thumb	CalcCRC16
0x0816F8F0	0x0816F92B	thumb	CalcCRC16WithTable
0x0816F92C	0x0816F945	thumb	CalcByteArraySum
0x0816F948	0x0816F95B	thumb	VsSeekerFreezeObjectsAfterChargeComplete
0x0816F95C	0x0816FA3F	thumb	Task_ResetObjectsRematchWantedState
0x0816FA40	0x0816FB4B	thumb	VsSeekerResetObjectMovementAfterChargeComplete
0x0816FB4C	0x0816FC67	thumb	UpdateVsSeekerStepCounter
0x0816FC68	0x0816FC9F	thumb	MapResetTrainerRematches
0x0816FCA0	0x0816FD33	thumb	ResetMovementOfRematchableTrainers
0x0816FD34	0x0816FD4B	thumb	VsSeekerResetInBagStepCounter
0x0816FD4C	0x0816FD67	thumb	VsSeekerSetStepCounterInBagFull
0x0816FD68	0x0816FD7B	thumb	VsSeekerResetChargingStepCounter
0x0816FD7C	0x0816FD93	thumb	VsSeekerSetStepCounterFullyCharged
0x0816FD94	0x0816FE3B	thumb	Task_VsSeeker_0
0x0816FE3C	0x0816FE67	thumb	Task_VsSeeker_1
0x0816FE68	0x0816FF27	thumb	Task_VsSeeker_2
0x0816FF28	0x08170013	thumb	GatherNearbyTrainerInfo
0x08170014	0x0817008B	thumb	Task_VsSeeker_3
0x0817008C	0x081700FF	thumb	CanUseVsSeeker
0x08170100	0x08170307	thumb	GetVsSeekerResponseInArea
0x08170308	0x08170477	thumb	ClearRematchStateByTrainerId
0x08170478	0x08170593	thumb	TryGetRematchTrainerIdGivenGameState
0x08170594	0x081705BF	thumb	GetRematchTrainerIdGivenGameState
0x081705C0	0x08170633	thumb	ShouldTryRematchBattle
0x08170634	0x08170673	thumb	ShouldTryRematchBattleInternal
0x08170674	0x0817069F	thumb	HasRematchTrainerAlreadyBeenFought
0x081706A0	0x081706CB	thumb	ClearRematchStateOfLastTalked
0x081706CC	0x0817070B	thumb	LookupVsSeekerOpponentInArray
0x0817070C	0x0817074F	thumb	GetRematchTrainerId
0x08170750	0x081707B7	thumb	IsTrainerReadyForRematch
0x081707B8	0x08170817	thumb	IsTrainerReadyForRematchInternal
0x08170818	0x0817086B	thumb	ObjectEventIdIsSane
0x0817086C	0x08170889	thumb	GetRandomFaceDirectionMovementType
0x0817088C	0x0817091F	thumb	GetRunningBehaviorFromGraphicsId
0x08170920	0x08170929	thumb	GetTrainerFlagFromScript
0x0817092C	0x08170949	thumb	GetRematchIdx
0x0817094C	0x08170967	thumb	IsThisTrainerRematchable
0x08170968	0x08170987	thumb	ClearAllTrainerRematchStates
0x08170988	0x08170A1B	thumb	IsTrainerVisibleOnScreen
0x08170A1C	0x08170A77	thumb	GetNextAvailableRematchTrainer
0x08170A78	0x08170AE3	thumb	GetRematchableTrainerLocalId
0x08170AE4	0x08170B17	thumb	StartTrainerObjectMovementScript
0x08170B18	0x08170B83	thumb	GetCurVsSeekerResponse
0x08170B84	0x08170CB7	thumb	StartAllRespondantIdleMovements
0x08170CB8	0x08170CDF	thumb	OwMonSetSlotSpecies
0x08170CE0	0x08170CFB	thumb	OwMonGetSlotSpecies
0x08170CFC	0x08170D15	thumb	OwMonSlotUsesUnidentifiedGhost
0x08170D18	0x08170D4B	thumb	OwMonGetSlotVisualSpecies
0x08170D4C	0x08170D9B	thumb	GetOwMonAppearanceKey
0x08170D9C	0x08170DB3	thumb	OwMonSlotIsShiny
0x08170DB4	0x08170DCF	thumb	OwMonGfxIdToSpecies
0x08170DD0	0x08170DE7	thumb	OwMonGfxIdIsShiny
0x08170DE8	0x08170E63	thumb	OwMonGetPaletteForSlot
0x08170E64	0x08170E9F	thumb	MetatileBehavior_IsLandWildEncounter
0x08170EA0	0x08170EAD	thumb	MetatileBehavior_IsWaterWildEncounter
0x08170EB0	0x08170EBD	thumb	MetatileBehavior_IsSurfableFishableWater
0x08170EC0	0x08170EFB	thumb	AreCoordsInsidePlayerMap
0x08170EFC	0x08170F25	thumb	BattleSetup_StartWildBattle
0x08170F28	0x08170F41	thumb	RandomUniform
0x08170F44	0x08170F53	thumb	SanitizeSpeciesId
0x08170F54	0x08170F6F	thumb	IsSpeciesEnabled
0x08170F70	0x08170F73	thumb	GetUnownSpeciesId
0x08170F74	0x08170F81	thumb	GetGraphicsIdForMon
0x08170F84	0x08170F87	thumb	GetOWEBehaviorForSpecies
0x08170F88	0x08170F8B	thumb	OWE_GetMovementTypeFromSpecies
0x08170F8C	0x08170F8F	thumb	OWE_GetViewDistanceFromSpecies
0x08170F90	0x08170F93	thumb	OWE_GetViewWidthFromSpecies
0x08170F94	0x08170F97	thumb	OWE_GetViewActiveDistanceFromSpecies
0x08170F98	0x08170F9B	thumb	OWE_GetActiveSpeedFromSpecies
0x08170F9C	0x08170F9F	thumb	DoMassOutbreakEncounterTest
0x08170FA0	0x08170FA1	thumb	SetUpMassOutbreakEncounter
0x08170FA4	0x08170FA7	thumb	AreLegendariesInSootopolisPreventingEncounters
0x08170FA8	0x08170FAB	thumb	TryDoDoubleWildBattle
0x08170FAC	0x08170FD5	thumb	BattleSetup_StartDoubleWildBattle
0x08170FD8	0x08171001	thumb	BattleSetup_StartRoamerBattle
0x08171004	0x08171007	thumb	IsAbilityAllowingEncounter
0x08171008	0x0817100B	thumb	GetFollowerObject
0x0817100C	0x0817100F	thumb	GetFollowerNPCObjectId
0x08171010	0x08171011	thumb	Script_RequestEffects
0x08171014	0x08171017	thumb	CanAllocSpriteTiles
0x08171018	0x0817104B	thumb	CountFreePaletteSlots
0x0817104C	0x0817108D	thumb	DetermineObjectEventDirectionFromObject
0x08171090	0x081710F3	thumb	ObjectEventsTurnToEachOther
0x081710F4	0x081711AF	thumb	GetObjectObjectCollidesWith
0x081711B0	0x081711ED	thumb	InSpawnAnimationRange
0x081711F0	0x0817127F	thumb	MovementAction_OverworldEncounterSpawn
0x08171280	0x08171337	thumb	ScriptFaceEachOther
0x08171338	0x081713B3	thumb	TryTriggerOWEOnPlayerTile
0x081713B4	0x081713DD	thumb	GetEncounterChainShinyOdds
0x081713E0	0x0817141B	thumb	UpdateWildEncounterChain
0x0817141C	0x08171427	thumb	GetWildChainSpecies
0x08171428	0x08171433	thumb	GetWildChainCount
0x08171434	0x0817147F	thumb	ComputePlayerShinyOdds
0x08171480	0x081714D7	thumb	OwMonMakePersonality
0x081714D8	0x0817150B	thumb	OwMonIsExpensiveWeatherActive
0x0817150C	0x08171547	thumb	OwMonShouldSkipGrassEffect
0x08171548	0x08171577	thumb	OwMonInvalidatePaletteCache
0x08171578	0x0817159F	thumb	IsOwMonObject
0x081715A0	0x0817162F	thumb	IsSpriteOwnedByOwMon
0x08171630	0x0817169B	thumb	GetBanksOccupiedByOtherSprites
0x0817169C	0x08171723	thumb	LoadOwMonBank
0x08171724	0x08171837	thumb	OwMonCanAssignPalette
0x08171838	0x0817187B	thumb	OwMonApplySpritePalette
0x0817187C	0x08171B03	thumb	OwMonRefreshSpritePalettes
0x08171B04	0x08171B0F	thumb	SetSavedOWEMovementState
0x08171B10	0x08171B19	thumb	ClearSavedOWEMovementState
0x08171B1C	0x08171D67	thumb	UpdateOverworldWildEncounter
0x08171D68	0x08171DA5	thumb	IsOverworldWildEncounter
0x08171DA8	0x08171DBF	thumb	IsGeneratedOWELocalId
0x08171DC0	0x08171DE5	thumb	GetOverworldWildEncounterType
0x08171DE8	0x08171FBB	thumb	StartWildBattleWithOWE
0x08171FBC	0x08172017	thumb	SetOverworldObjectSpecies
0x08172018	0x08172137	thumb	CreateEnemyPartyOWE
0x08172138	0x08172183	thumb	OWE_DoesOWERoamerExist
0x08172184	0x081721BF	thumb	StartWildBattleWithOWE_CheckRoamer
0x081721C0	0x081721C3	thumb	StartWildBattleWithOWE_CheckBattleFrontier
0x081721C4	0x081721ED	thumb	StartWildBattleWithOWE_CheckMassOutbreak
0x081721F0	0x08172273	thumb	StartWildBattleWithOWE_CheckDoubleBattle
0x08172274	0x0817227F	thumb	SetInstantOWESpawnTimer
0x08172280	0x0817228B	thumb	SetMinimumOWESpawnTimer
0x0817228C	0x081723BB	thumb	SpawnDebugOverworldWildEncounter
0x081723BC	0x0817246B	thumb	TryTriggerOverworldWildEncounter
0x0817246C	0x08172483	thumb	GetOverworlWildEncounterScript
0x08172484	0x081724DF	thumb	CheckCurrentWildMonHeaderForOWE
0x081724E0	0x081725A3	thumb	GetOldestActiveOWESlot
0x081725A4	0x0817262F	thumb	GetNextOWESpawnSlot
0x08172630	0x0817266F	thumb	GetSpeciesByOWESpawnSlot
0x08172670	0x081727B9	thumb	TrySelectTileForOWE
0x081727BC	0x08172877	thumb	SetSpeciesInfoForOWE
0x08172878	0x0817289B	thumb	GetGraphicsIdForOWE
0x0817289C	0x081728C5	thumb	GetGraphicsIdForOWE_Unused
0x081728C8	0x081728FF	thumb	CheckCanLoadOWE
0x08172900	0x08172913	thumb	CheckCanLoadOWE_Palette
0x08172914	0x08172947	thumb	GetNumberOfSpawnAnimTiles
0x08172948	0x081729A3	thumb	CheckCanLoadOWE_Tiles
0x081729A4	0x08172AA7	thumb	SortOWEAges
0x08172AA8	0x08172ADB	thumb	OnOverworldWildEncounterSpawn
0x08172ADC	0x08172B43	thumb	OnOverworldWildEncounterDespawn
0x08172B44	0x08172B73	thumb	IsOWEDespawnExempt
0x08172B74	0x08172BB9	thumb	DespawnOWEDueToNPCCollision
0x08172BBC	0x08172C47	thumb	DespawnAllOverworldWildEncounters
0x08172C48	0x08172C87	thumb	TryAndDespawnOldestGeneratedOWE_ToFreeObject
0x08172C88	0x08172D27	thumb	DespawnOWEOnBattleStart
0x08172D28	0x08172D29	thumb	TryDespawnOWEsCrossingMapConnection
0x08172D2C	0x08172D5F	thumb	RemoveOldestGeneratedOWE
0x08172D60	0x08172DCB	thumb	ShouldDespawnGeneratedForNewOWE
0x08172DCC	0x08172E33	thumb	SetNewOWESpawnCountdown
0x08172E34	0x08172E87	thumb	DoOWESpawnAnim
0x08172E88	0x08172EB9	thumb	DoOWEDespawnAnim
0x08172EBC	0x08172F17	thumb	GetOWESpawnDespawnAnimType
0x08172F18	0x08172F2F	thumb	PlayOWECry
0x08172F30	0x08172F93	thumb	GetRandomOWEObjectEvent
0x08172F94	0x08172FE7	thumb	OWE_ShouldPlayOWEFleeSound
0x08172FE8	0x0817301B	thumb	RestoreSavedOWEBehaviorState
0x0817301C	0x08173097	thumb	CheckRestrictedOWEMovement
0x08173098	0x0817310F	thumb	CheckRestrictedOWEMovementAtCoords
0x08173110	0x0817317B	thumb	CheckRestrictedOWEMovementMetatile
0x0817317C	0x081731B3	thumb	CheckRestrictedOWEMovementMap
0x081731B4	0x08173303	thumb	CanAwareOWESeePlayer
0x08173304	0x08173337	thumb	CanOWEReachPlayer
0x08173338	0x081733B7	thumb	IsPlayerInsideOWEActiveDistance
0x081733B8	0x0817342F	thumb	IsOWENextToPlayer
0x08173430	0x0817347D	thumb	IsOWENextToObject
0x08173480	0x08173517	thumb	DirectionOfOWEToPlayerFromCollision
0x08173518	0x08173567	thumb	GetApproachingOWEDistanceToPlayer
0x08173568	0x08173593	thumb	GetOWEWalkMovementActionInDirectionWithSpeed
0x08173594	0x08173667	thumb	CheckOWEPathToPlayerFromCollision
0x08173668	0x0817369B	thumb	OWEApproachForBattle
0x0817369C	0x0817388B	thumb	Task_OWEApproachForBattle
0x0817388C	0x081738B1	thumb	TryPlayAmbientCryOWE
0x081738B4	0x08173917	thumb	GetNumberOfActiveOWEs
0x08173918	0x08173AC7	thumb	TryGetObjectEventTemplateForOWE
0x08173AC8	0x08173AD7	thumb	GetOWESpawnDespawnAnimFldEffPalette
0x08173AD8	0x08173B03	thumb	CheckValidOWESpecies
0x08173B04	0x08173B8F	thumb	PlayOWECry.part.0
0x08173B90	0x08173B9B	thumb	DisableWildEncounters
0x08173B9C	0x08173BC1	thumb	ChooseOliveWildMonInfo
0x08173BC4	0x08173BF3	thumb	GetOliveRareStarterForMapSection
0x08173BF4	0x08173C2F	thumb	ChooseWildMonIndex_Land
0x08173C30	0x08173C77	thumb	ChooseWildMonIndex_WaterRock
0x08173C78	0x08173CF9	thumb	ChooseWildMonIndex_Fishing
0x08173CFC	0x08173D8B	thumb	ChooseWildMonLevel
0x08173D8C	0x08173E1B	thumb	GetCurrentMapWildMonHeaderId
0x08173E1C	0x08173E57	thumb	UnlockedTanobyOrAreNotInTanoby
0x08173E58	0x08173F6B	thumb	GenerateWildMon
0x08173F6C	0x08173FBF	thumb	GenerateUnownPersonalityByLetter
0x08173FC0	0x08173FED	thumb	GetUnownLetterByPersonalityLoByte
0x08173FF0	0x08174227	thumb	TryGenerateWildMon
0x08174228	0x08174259	thumb	GenerateFishingEncounter
0x0817425C	0x08174297	thumb	DoWildEncounterRateDiceRoll
0x08174298	0x0817433B	thumb	DoWildEncounterRateTest
0x0817433C	0x0817439F	thumb	GetAbilityEncounterRateModType
0x081743A0	0x081743BB	thumb	DoGlobalWildEncounterDiceRoll
0x081743BC	0x08174567	thumb	StandardWildEncounter
0x08174568	0x081745DB	thumb	RockSmashWildEncounter
0x081745DC	0x081746C7	thumb	SweetScentWildEncounter
0x081746C8	0x081746FF	thumb	DoesCurrentMapHaveFishingMons
0x08174700	0x0817475B	thumb	FishingWildEncounter
0x0817475C	0x0817491B	thumb	GetLocalWildMon
0x0817491C	0x081749AB	thumb	GetLocalWaterMon
0x081749AC	0x081749F7	thumb	UpdateRepelCounter
0x081749F8	0x08174A7B	thumb	IsWildLevelAllowedByRepel
0x08174A7C	0x08174AB3	thumb	ApplyFluteEncounterRateMod
0x08174AB4	0x08174ADB	thumb	GetFluteEncounterRateModType
0x08174ADC	0x08174AFF	thumb	ApplyCleanseTagEncounterRateMod
0x08174B00	0x08174B0F	thumb	IsLeadMonHoldingCleanseTag
0x08174B10	0x08174B23	thumb	SeedWildEncounterRng
0x08174B24	0x08174B43	thumb	WildEncounterRandom
0x08174B44	0x08174BD3	thumb	GetMapBaseEncounterCooldown
0x08174BD4	0x08174BE3	thumb	ResetEncounterRateModifiers
0x08174BE4	0x08174CA7	thumb	HandleWildEncounterCooldown
0x08174CA8	0x08174CF7	thumb	TryStandardWildEncounter
0x08174CF8	0x08174D27	thumb	AddToWildEncounterRateBuff
0x08174D28	0x08174D77	thumb	PickWildMonNature
0x08174D78	0x08174DCB	thumb	IsAbilityAllowingEncounter
0x08174DCC	0x08174E97	thumb	TryGetAbilityInfluencedWildMonIndex
0x08174E98	0x08174F43	thumb	TryGetRandomWildMonIndexByType
0x08174F44	0x08174FFF	thumb	ViridianForestNuzlockeOverride
0x08175000	0x081751C3	thumb	GetSpeciesPokedexAreaMarkers
0x081751C4	0x081751E5	thumb	GetRoamerIndex
0x081751E8	0x0817523F	thumb	GetRoamerPokedexAreaMarkers
0x08175240	0x08175347	thumb	IsSpeciesOnMap
0x08175348	0x08175373	thumb	IsSpeciesInEncounterTable
0x08175374	0x08175383	thumb	GetMapSecIdFromWildMonHeader
0x08175384	0x081753B7	thumb	FindDexAreaByMapSec
0x081753B8	0x081753B9	thumb	nullsub_9
0x081753BC	0x081754B3	thumb	AddWindow8Bit
0x081754B4	0x081754EB	thumb	FillWindowPixelBuffer8Bit
0x081754EC	0x0817553B	thumb	FillWindowPixelRect8Bit
0x0817553C	0x081755E3	thumb	BlitBitmapRectToWindow4BitTo8Bit
0x081755E4	0x0817564F	thumb	CopyWindowToVram8Bit
0x08175650	0x0817567B	thumb	GetNumActiveWindowsOnBg8Bit
0x0817567C	0x0817567D	thumb	nullsub_8
0x08175680	0x0817581F	thumb	InitWindows
0x08175820	0x0817596B	thumb	AddWindow
0x0817596C	0x08175A1B	thumb	RemoveWindow
0x08175A1C	0x08175A6B	thumb	FreeAllWindowBuffers
0x08175A6C	0x08175ABB	thumb	CopyWindowToVram
0x08175ABC	0x08175B23	thumb	PutWindowTilemap
0x08175B24	0x08175BEF	thumb	PutWindowRectTilemapOverridePalette
0x08175BF0	0x08175C2B	thumb	ClearWindowTilemap
0x08175C2C	0x08175CEF	thumb	PutWindowRectTilemap
0x08175CF0	0x08175D4F	thumb	BlitBitmapToWindow
0x08175D50	0x08175DE3	thumb	BlitBitmapRectToWindow
0x08175DE4	0x08175E87	thumb	BlitBitmapRectToWindowWithColorKey
0x08175E88	0x08175ED7	thumb	FillWindowPixelRect
0x08175ED8	0x08175F0F	thumb	CopyToWindowPixelBuffer
0x08175F10	0x08175F53	thumb	FillWindowPixelBuffer
0x08175F54	0x0817628F	thumb	ScrollWindow
0x08176290	0x081762C3	thumb	CallWindowFunction
0x081762C4	0x0817631F	thumb	SetWindowAttribute
0x08176320	0x081763AF	thumb	GetWindowAttribute
0x081763B0	0x081763DB	thumb	GetNumActiveWindowsOnBg
0x081763E0	0x08176403	thumb	CB2_RunWirelessCommunicationScreen
0x08176404	0x08176415	thumb	VBlankCB_WirelessCommunicationScreen
0x08176418	0x08176427	thumb	ShowWirelessCommunicationScreen
0x08176428	0x0817656F	thumb	CB2_InitWirelessCommunicationScreen
0x08176570	0x081765A3	thumb	ExitWirelessCommunicationStatusScreen
0x081765A4	0x081765EB	thumb	CyclePalette
0x081765EC	0x081766B3	thumb	PrintHeaderTexts
0x081766B4	0x08176887	thumb	Task_WirelessCommunicationScreen
0x08176888	0x08176923	thumb	WCSS_AddTextPrinterParameterized
0x08176924	0x081769AF	thumb	CountPlayersInGroupAndGetActivity
0x081769B0	0x081769CD	thumb	HaveCountsChanged
0x081769D0	0x08176A77	thumb	UpdateCommunicationCounts
0x08176A78	0x08176ABF	thumb	WonderNews_SetReward
0x08176AC0	0x08176ADB	thumb	WonderNews_Reset
0x08176ADC	0x08176B17	thumb	WonderNews_IncrementStepCounter
0x08176B18	0x08176BEB	thumb	WonderNews_GetRewardInfo
0x08176BEC	0x08176C19	thumb	GetRewardItem
0x08176C1C	0x08176C25	thumb	ResetSentRewardCounter
0x08176C28	0x08176C4D	thumb	IncrementSentRewardCounter
0x08176C50	0x08176C6F	thumb	IncrementRewardCounter
0x08176C70	0x08176CA9	thumb	GetRewardType
0x08176CAC	0x08176CAF	thumb	ArcTan2
0x08176CB0	0x08176CB3	thumb	BgAffineSet
0x08176CB4	0x08176CB7	thumb	CpuFastSet
0x08176CB8	0x08176CBB	thumb	CpuSet
0x08176CBC	0x08176CBF	thumb	Div
0x08176CC0	0x08176CC3	thumb	LZ77UnCompVram
0x08176CC4	0x08176CC7	thumb	LZ77UnCompWram
0x08176CC8	0x08176CCD	thumb	MultiBoot
0x08176CD0	0x08176CD3	thumb	ObjAffineSet
0x08176CD4	0x08176CD7	thumb	RegisterRamReset
0x08176CD8	0x08176CEF	thumb	SoftReset
0x08176CF0	0x08176CF3	thumb	Sqrt
0x08176CF4	0x08176CF9	thumb	VBlankIntrWait
0x08176CFC	0x08176D0F	thumb	GameCubeMultiBoot_Hash
0x08176D10	0x08176E03	thumb	GameCubeMultiBoot_Main
0x08176E10	0x08176E23	thumb	GameCubeMultiBoot_ExecuteProgram
0x08176E24	0x08176E6D	thumb	GameCubeMultiBoot_Init
0x08176E6E	0x08176F9D	thumb	GameCubeMultiBoot_HandleSerialInterrupt
0x08176F9E	0x08176FBF	thumb	GameCubeMultiBoot_Quit
0x08176FD8	0x08176FE7	thumb	umul3232H32
0x08176FE8	0x0817706B	thumb	SoundMain
0x0817706C	0x08177427	thumb	SoundMainRAM
0x08177428	0x081776E3	arm	SoundMainRAM_Unk1
0x081776E4	0x0817776F	arm	SoundMainRAM_Unk2
0x08177770	0x08177785	thumb	SoundMainBTM
0x08177788	0x081777A7	thumb	RealClearChain
0x081777A8	0x081777D5	thumb	ply_fine
0x081777D8	0x081777ED	thumb	MPlayJumpTableCopy
0x081777F0	0x00000000	thumb	ldrb_r3_r2
0x081777F2	0x00000000	thumb	chk_adr_r2
0x0817780C	0x08177F2D	thumb	ld_r3_tp_adr_i
0x08177818	0x08177837	thumb	ply_goto
0x08177838	0x08177851	thumb	ply_patt
0x08177854	0x08177867	thumb	ply_pend
0x08177868	0x08177895	thumb	ply_rept
0x08177898	0x081778A1	thumb	ply_prio
0x081778A4	0x081778B7	thumb	ply_tempo
0x081778B8	0x081778C9	thumb	ply_keysh
0x081778CC	0x081778F9	thumb	ply_voice
0x081778FC	0x0817790D	thumb	ply_vol
0x08177910	0x08177923	thumb	ply_pan
0x08177924	0x08177937	thumb	ply_bend
0x08177938	0x08177949	thumb	ply_bendr
0x0817794C	0x08177955	thumb	ply_lfodl
0x08177958	0x0817796F	thumb	ply_modt
0x08177970	0x08177983	thumb	ply_tune
0x08177984	0x0817799B	thumb	ply_port
0x0817799C	0x081779E7	thumb	m4aSoundVSync
0x081779E8	0x08177C4F	thumb	MPlayMain
0x08177C50	0x08177C93	thumb	TrackStop
0x08177C94	0x08177CC3	thumb	ChnVolSetAsm
0x08177CC4	0x08177EC7	thumb	ply_note
0x08177EC8	0x08177F07	thumb	ply_endtie
0x08177F08	0x08177F21	thumb	clear_modM
0x08177F24	0x00000000	thumb	ld_r3_tp_adr_i_unchecked
0x08177F30	0x08177F41	thumb	ply_lfos
0x08177F44	0x08177F55	thumb	ply_mod
0x08177F58	0x08177FBF	arm	vsprintf
0x08177FC0	0x0817800F	arm	_vsprintf_r
0x08178010	0x08178173	arm	memmove
0x08178174	0x08178273	arm	memset
0x08178274	0x08178497	arm	strcmp
0x08178498	0x081785C7	arm	memcpy
0x081785C8	0x0817B76F	arm	_svfprintf_r
0x0817B770	0x0817B817	arm	__ssprint_r
0x0817B818	0x0817B83F	arm	stdio_exit_handler
0x0817B840	0x0817B893	arm	cleanup_stdio
0x0817B894	0x0817B8CB	arm	__fp_lock
0x0817B8CC	0x0817B903	arm	__fp_unlock
0x0817B904	0x0817BA4F	arm	global_stdio_init.part.0
0x0817BA50	0x0817BB83	arm	__sfp
0x0817BB84	0x0817BBE7	arm	__sinit
0x0817BBE8	0x0817BBFF	arm	__sfp_lock_acquire
0x0817BC00	0x0817BC17	arm	__sfp_lock_release
0x0817BC18	0x0817BC47	arm	__fp_lock_all
0x0817BC48	0x0817BC77	arm	__fp_unlock_all
0x0817BC78	0x0817BD47	arm	strncpy
0x0817BD48	0x0817BDC7	arm	currentlocale
0x0817BDC8	0x0817C58F	arm	__loadlocale
0x0817C590	0x0817C623	arm	__get_locale_env
0x0817C624	0x0817C95F	arm	_setlocale_r
0x0817C960	0x0817C96F	arm	__locale_mb_cur_max
0x0817C970	0x0817C98B	arm	setlocale
0x0817C98C	0x0817C993	arm	__localeconv_l
0x0817C994	0x0817C99F	arm	_localeconv_r
0x0817C9A0	0x0817C9AB	arm	localeconv
0x0817C9AC	0x0817CA9B	arm	strcpy
0x0817CA9C	0x0817CA9F	arm	__retarget_lock_init
0x0817CAA0	0x0817CAA3	arm	__retarget_lock_init_recursive
0x0817CAA4	0x0817CAA7	arm	__retarget_lock_close
0x0817CAA8	0x0817CAAB	arm	__retarget_lock_close_recursive
0x0817CAAC	0x0817CAAF	arm	__retarget_lock_acquire
0x0817CAB0	0x0817CAB3	arm	__retarget_lock_acquire_recursive
0x0817CAB4	0x0817CABB	arm	__retarget_lock_try_acquire
0x0817CABC	0x0817CAC3	arm	__retarget_lock_try_acquire_recursive
0x0817CAC4	0x0817CAC7	arm	__retarget_lock_release
0x0817CAC8	0x0817CACB	arm	__retarget_lock_release_recursive
0x0817CACC	0x0817CBAF	arm	memchr
0x0817CBB0	0x0817CC0F	arm	strlen
0x0817CC10	0x0817CC6B	arm	_wcrtomb_r
0x0817CC6C	0x0817CCDF	arm	wcrtomb
0x0817CCE0	0x0817CD0B	arm	_wcsrtombs_r
0x0817CD0C	0x0817CD53	arm	wcsrtombs
0x0817CD54	0x0817CD63	arm	__set_ctype
0x0817CD64	0x0817CE07	arm	frexp
0x0817CE08	0x0817CFDF	arm	quorem
0x0817CFE0	0x0817E807	arm	_dtoa_r
0x0817E808	0x0817E91B	arm	_malloc_trim_r
0x0817E91C	0x0817EC03	arm	_free_r
0x0817EC04	0x0817ECD3	arm	_findenv_r
0x0817ECD4	0x0817ECEF	arm	_getenv_r
0x0817ECF0	0x0817F4BF	arm	_malloc_r
0x0817F4C0	0x0817F4DB	arm	_mbtowc_r
0x0817F4DC	0x0817F51F	arm	__ascii_mbtowc
0x0817F520	0x0817F853	arm	__utf8_mbtowc
0x0817F854	0x0817F927	arm	__sjis_mbtowc
0x0817F928	0x0817FA63	arm	__eucjp_mbtowc
0x0817FA64	0x0817FC2F	arm	__jis_mbtowc
0x0817FC30	0x0817FC47	arm	__malloc_lock
0x0817FC48	0x0817FC5F	arm	__malloc_unlock
0x0817FC60	0x0817FCD7	arm	_fwalk_sglue
0x0817FCD8	0x0817FD63	arm	_Balloc
0x0817FD64	0x0817FD7F	arm	_Bfree
0x0817FD80	0x0817FE7F	arm	__multadd
0x0817FE80	0x0817FF93	arm	__s2b
0x0817FF94	0x08180013	arm	__hi0bits
0x08180014	0x0818010B	arm	__lo0bits
0x0818010C	0x081801B7	arm	__i2b
0x081801B8	0x081803DF	arm	__multiply
0x081803E0	0x08180513	arm	__pow5mult
0x08180514	0x0818064F	arm	__lshift
0x08180650	0x081806A3	arm	__mcmp
0x081806A4	0x081808A7	arm	__mdiff
0x081808A8	0x0818090B	arm	__ulp
0x0818090C	0x081809FB	arm	__b2d
0x081809FC	0x08180B1F	arm	__d2b
0x08180B20	0x08180BA3	arm	__ratio
0x08180BA4	0x08180BFF	arm	_mprec_log10
0x08180C00	0x08180C8B	arm	__copybits
0x08180C8C	0x08180CE7	arm	__any_on
0x08180CE8	0x0818102F	arm	_strtol_l.part.0
0x08181030	0x0818106B	arm	_strtol_r
0x0818106C	0x081810BF	arm	strtol_l
0x081810C0	0x08181113	arm	strtol
0x08181114	0x0818123F	arm	__ssputs_r
0x08181240	0x0818125B	arm	_wctomb_r
0x0818125C	0x0818128B	arm	__ascii_wctomb
0x0818128C	0x0818137F	arm	__utf8_wctomb
0x08181380	0x0818140F	arm	__sjis_wctomb
0x08181410	0x081814C7	arm	__eucjp_wctomb
0x081814C8	0x0818159F	arm	__jis_wctomb
0x081815A0	0x081816F3	arm	_fclose_r
0x081816F4	0x08181707	arm	fclose
0x08181708	0x08181913	arm	__sflush_r
0x08181914	0x081819AF	arm	_fflush_r
0x081819B0	0x08181A83	arm	fflush
0x08181A84	0x08181AB7	arm	__sread
0x08181AB8	0x08181ABF	arm	__seofread
0x08181AC0	0x08181B1B	arm	__swrite
0x08181B1C	0x08181B4B	arm	__sseek
0x08181B4C	0x08181B5F	arm	__sclose
0x08181B60	0x08181BCF	arm	strcasecmp
0x08181BD0	0x08181C43	arm	strcat
0x08181C44	0x08181D7F	arm	strchr
0x08181D80	0x08181DC3	arm	strlcpy
0x08181DC4	0x08181E4F	arm	strncasecmp
0x08181E50	0x08181F2F	arm	strncmp
0x08181F30	0x08181F6B	arm	_close_r
0x08181F6C	0x08182033	arm	_reclaim_reent
0x08182034	0x0818207B	arm	_lseek_r
0x0818207C	0x081820C3	arm	_read_r
0x081820C4	0x08182107	arm	_sbrk_r
0x08182108	0x0818214F	arm	_write_r
0x08182150	0x0818215F	arm	__errno
0x08182160	0x0818218F	arm	sysconf
0x08182190	0x081822FF	arm	_wcsnrtombs_l
0x08182300	0x0818233F	arm	_wcsnrtombs_r
0x08182340	0x0818238B	arm	wcsnrtombs
0x0818238C	0x081823E3	arm	__assert_func
0x081823E4	0x081823F3	arm	__assert
0x081823F4	0x081824C3	arm	_calloc_r
0x081824C4	0x081824DB	arm	__env_lock
0x081824DC	0x081824F3	arm	__env_unlock
0x081824F4	0x0818251F	arm	_fiprintf_r
0x08182520	0x0818255B	arm	fiprintf
0x0818255C	0x08183F37	arm	_vfiprintf_r
0x08183F38	0x08183F63	arm	vfiprintf
0x08183F64	0x08184037	arm	__sbprintf
0x08184038	0x081844F7	arm	_realloc_r
0x081844F8	0x0818452B	arm	__sprint_r
0x0818452C	0x081846D3	arm	__swsetup_r
0x081846D4	0x081846E7	arm	abort
0x081846E8	0x08184B77	arm	__sfvwrite_r
0x08184B78	0x08184CBB	arm	__smakebuf_r
0x08184CBC	0x08184D3B	arm	__swhatbuf_r
0x08184D3C	0x08184D8F	arm	_init_signal_r
0x08184D90	0x08184E1B	arm	_signal_r
0x08184E1C	0x08184EAF	arm	_raise_r
0x08184EB0	0x08184F5F	arm	__sigtramp_r
0x08184F60	0x08184FF7	arm	raise
0x08184FF8	0x0818507F	arm	signal
0x08185080	0x081850DF	arm	_init_signal
0x081850E0	0x08185193	arm	__sigtramp
0x08185194	0x081851D3	arm	_fstat_r
0x081851D4	0x0818520F	arm	_isatty_r
0x08185210	0x0818524F	arm	_kill_r
0x08185250	0x0818525F	arm	_getpid_r
0x081854F0	0x08185687	arm	__mulsf3
0x08185688	0x0818577B	arm	__udivsi3
0x0818577C	0x0818579B	arm	__aeabi_uidivmod
0x0818579C	0x00000000	arm	__aeabi_idiv
0x081858C4	0x081858E3	arm	__aeabi_idivmod
0x081858E4	0x081859AB	arm	__umodsi3
0x081859AC	0x08185A8F	arm	__modsi3
0x08185A90	0x08185A93	arm	__aeabi_idiv0
0x08185A94	0x00000000	arm	__aeabi_drsub
0x08185A9C	0x08185DAF	arm	__subdf3
0x08185AA0	0x08185DAF	arm	__adddf3
0x08185DB0	0x08185DD3	arm	__aeabi_ui2d
0x08185DD4	0x08185DFB	arm	__floatsidf
0x08185DFC	0x08185E43	arm	__extendsfdf2
0x08185E44	0x08185EB7	arm	__aeabi_ul2d
0x08185E58	0x08185EB7	arm	__floatdidf
0x08185EB8	0x08186147	arm	__muldf3
0x08186148	0x08186353	arm	__aeabi_ddiv
0x08186354	0x081863EB	arm	__gedf2
0x0818635C	0x081863EB	arm	__ltdf2
0x08186364	0x081863EB	arm	__eqdf2
0x081863EC	0x0818641F	arm	__aeabi_cdrcmple
0x08186408	0x0818641F	arm	__aeabi_cdcmple
0x08186420	0x08186437	arm	__aeabi_dcmpeq
0x08186438	0x0818644F	arm	__aeabi_dcmplt
0x08186450	0x08186467	arm	__aeabi_dcmple
0x08186468	0x0818647F	arm	__aeabi_dcmpge
0x08186480	0x08186497	arm	__aeabi_dcmpgt
0x08186498	0x081864CF	arm	__aeabi_dcmpun
0x081864D0	0x0818652B	arm	__aeabi_d2iz
0x0818652C	0x0818657F	arm	__fixunsdfsi
0x08186580	0x08186747	arm	__aeabi_frsub
0x08186588	0x08186747	arm	__subsf3
0x0818658C	0x08186747	arm	__addsf3
0x08186748	0x0818676F	arm	__aeabi_ui2f
0x08186750	0x0818676F	arm	__floatsisf
0x08186770	0x0818682B	arm	__floatundisf
0x08186780	0x0818682B	arm	__floatdisf
0x0818682C	0x0818687F	arm	__aeabi_f2uiz
0x08186880	0x08186897	arm	__muldi3
0x08186898	0x08186A3B	arm	__divdi3
0x08186A3C	0x08186B5B	arm	__udivdi3
0x08186B5C	0x08186B83	arm	__clzdi2
0x08186B84	0x08186BCB	arm	__clzsi2
0x08186BCC	0x08186BE3	arm	_close
0x08186BE4	0x08186BFB	arm	_fstat
0x08186BFC	0x08186C13	arm	_getpid
0x08186C14	0x08186C2B	arm	_isatty
0x08186C2C	0x08186C43	arm	_kill
0x08186C44	0x08186C5B	arm	_lseek
0x08186C5C	0x08186C73	arm	_read
0x08186C74	0x08186C9F	arm	_sbrk
0x08186CA0	0x08186CB7	arm	_write
0x08186CB8	0x08186CBB	arm	_exit
0x08186CC0	0x08186CC7	thumb	____floatsidf_from_thumb
0x08186CC8	0x08186CCF	thumb	____mulsf3_from_thumb
0x08186CD0	0x08186CD7	thumb	____gedf2_from_thumb
0x08186CD8	0x08186CDF	thumb	__vsprintf_from_thumb
0x08186CE0	0x08186CE7	thumb	____divsi3_from_thumb
0x08186CE8	0x08186CEF	thumb	____muldf3_from_thumb
0x08186CF0	0x08186CFB	thumb	__gDecompressionBuffer_veneer
0x08186CFC	0x08186D03	thumb	__memcpy_from_thumb
0x08186D04	0x08186D0B	thumb	____fixunsdfsi_from_thumb
0x08186D0C	0x08186D13	thumb	____fixunssfsi_from_thumb
0x08186D14	0x08186D1B	thumb	____divdi3_from_thumb
0x08186D1C	0x08186D23	thumb	__memset_from_thumb
0x08186D24	0x08186D2B	thumb	____umodsi3_from_thumb
0x08186D2C	0x08186D33	thumb	____subdf3_from_thumb
0x08186D34	0x08186D3B	thumb	____floatsisf_from_thumb
0x08186D3C	0x08186D43	thumb	____adddf3_from_thumb
0x08186D44	0x08186D4B	thumb	____udivdi3_from_thumb
0x08186D4C	0x08186D53	thumb	____muldi3_from_thumb
0x08186D54	0x08186D5B	thumb	____ledf2_from_thumb
0x08186D5C	0x08186D63	thumb	__memmove_from_thumb
0x08186D64	0x08186D6B	thumb	__strcmp_from_thumb
0x08186D6C	0x08186D73	thumb	____udivsi3_from_thumb
0x08186D74	0x08186D7B	thumb	____modsi3_from_thumb
0x08186D7C	0x08186D83	thumb	____addsf3_from_thumb
