# addr	region	name  (STT_OBJECT in ROM)
0x08000100	rom	sGFRomHeader
0x0821ABE0	rom	_impure_ptr
0x0821ABE8	rom	_impure_data
0x0821AD28	rom	__sglue
0x0821AD34	rom	global_locale_string
0x0821AE1C	rom	__global_locale
0x0821AF88	rom	__default_locale
0x0821AFA8	rom	__malloc_sbrk_base
0x0821AFAC	rom	__malloc_trim_threshold
0x0821AFB0	rom	__malloc_av_
0x0821B3B8	rom	environ
0x0821B408	rom	CSWTCH.53
0x0821B414	rom	CSWTCH.54
0x0821B420	rom	CSWTCH.55
0x0821B42C	rom	gGameVersion
0x0821B42D	rom	gGameLanguage
0x0821B430	rom	BuildDateTime
0x0821B448	rom	gIntrTableTemplate
0x0821B480	rom	sTimerIntrFunc
0x0821B484	rom	AgbLibFlashVersion
0x0821B494	rom	sSetupInfos
0x0821B4A0	rom	leMaxTime
0x0821B4B8	rom	LE26FV10N1TS
0x0821B4E8	rom	mxMaxTime
0x0821B500	rom	MX29L010
0x0821B530	rom	DefaultFlash
0x0821B6CC	rom	sBagWindowPalF
0x0821B6EC	rom	sTextColors
0x0821B6F8	rom	sDefaultBagWindowsStd
0x0821B718	rom	sDefaultBagWindowsDeposit
0x0821B738	rom	sWindowTemplates
0x0821B7A8	rom	sUnused
0x0821B7AC	rom	sBattleAICmdTable
0x0821B924	rom	sDiscouragedPowerfulMoveEffects
0x0821B970	rom	sAffineAnim_MegahornHorn_0
0x0821B980	rom	sAffineAnim_MegahornHorn_1
0x0821B990	rom	sAffineAnim_MegahornHorn_2
0x0821B9A0	rom	sAffineAnims_MegahornHorn
0x0821B9AC	rom	gMegahornHornSpriteTemplate
0x0821B9C4	rom	sAffineAnim_LeechLifeNeedle_0
0x0821B9D4	rom	sAffineAnim_LeechLifeNeedle_1
0x0821B9E4	rom	sAffineAnim_LeechLifeNeedle_2
0x0821B9F4	rom	sAffineAnims_LeechLifeNeedle
0x0821BA00	rom	gLeechLifeNeedleSpriteTemplate
0x0821BA18	rom	gWebThreadSpriteTemplate
0x0821BA30	rom	gStringWrapSpriteTemplate
0x0821BA48	rom	sAffineAnim_SpiderWeb
0x0821BA60	rom	sAffineAnims_SpiderWeb
0x0821BA64	rom	gSpiderWebSpriteTemplate
0x0821BA7C	rom	gLinearStingerSpriteTemplate
0x0821BA94	rom	gPinMissileSpriteTemplate
0x0821BAAC	rom	gIcicleSpearSpriteTemplate
0x0821BAC4	rom	sAffineAnim_TailGlowOrb
0x0821BAFC	rom	sAffineAnims_TailGlowOrb
0x0821BB00	rom	gTailGlowOrbSpriteTemplate
0x0821BB18	rom	sUnusedBagStealSpriteTemplate
0x0821BB30	rom	sAffineAnim_Bite_0
0x0821BB40	rom	sAffineAnim_Bite_1
0x0821BB50	rom	sAffineAnim_Bite_2
0x0821BB60	rom	sAffineAnim_Bite_3
0x0821BB70	rom	sAffineAnim_Bite_4
0x0821BB80	rom	sAffineAnim_Bite_5
0x0821BB90	rom	sAffineAnim_Bite_6
0x0821BBA0	rom	sAffineAnim_Bite_7
0x0821BBB0	rom	gAffineAnims_Bite
0x0821BBD0	rom	gSharpTeethSpriteTemplate
0x0821BBE8	rom	gClampJawSpriteTemplate
0x0821BC00	rom	sAffineAnim_TearDrop_0
0x0821BC18	rom	sAffineAnim_TearDrop_1
0x0821BC30	rom	sAffineAnims_TearDrop
0x0821BC38	rom	gTearDropSpriteTemplate
0x0821BC50	rom	sAnim_ClawSlash_0
0x0821BC68	rom	sAnim_ClawSlash_1
0x0821BC80	rom	sAnims_ClawSlash
0x0821BC88	rom	gClawSlashSpriteTemplate
0x0821BCFC	rom	sAnim_OutrageOverheatFire_0
0x0821BD14	rom	sAnims_OutrageOverheatFire
0x0821BD18	rom	gOutrageFlameSpriteTemplate
0x0821BD30	rom	sAnim_DragonBreathFire_0
0x0821BD40	rom	sAnim_DragonBreathFire_1
0x0821BD50	rom	sAnims_DragonBreathFire
0x0821BD58	rom	sAffineAnim_DragonBreathFire_0
0x0821BD70	rom	sAffineAnim_DragonBreathFire_1
0x0821BD88	rom	sAffineAnims_DragonBreathFire
0x0821BD90	rom	gDragonBreathFireSpriteTemplate
0x0821BDA8	rom	sAnim_DragonRageFirePlume
0x0821BDC0	rom	sAnims_DragonRageFirePlume
0x0821BDC4	rom	gDragonRageFirePlumeSpriteTemplate
0x0821BDDC	rom	sAnim_DragonRageFire
0x0821BDEC	rom	sAnims_DragonRageFire
0x0821BDF4	rom	sAffineAnim_DragonRageFire_0
0x0821BE04	rom	sAffineAnim_DragonRageFire_1
0x0821BE14	rom	sAffineAnims_DragonRageFire
0x0821BE1C	rom	gDragonRageFireSpitSpriteTemplate
0x0821BE34	rom	gDragonDanceOrbSpriteTemplate
0x0821BE4C	rom	gOverheatFlameSpriteTemplate
0x0821BE78	rom	sUnused
0x0821BE7C	rom	sPowderParticlesAnimCmds
0x0821BEA0	rom	sPowderParticlesAnimTable
0x0821BEA4	rom	gSleepPowderParticleSpriteTemplate
0x0821BEBC	rom	gStunSporeParticleSpriteTemplate
0x0821BED4	rom	gPoisonPowderParticleSpriteTemplate
0x0821BEEC	rom	sSolarBeamBigOrbAnimCmds1
0x0821BEF4	rom	sSolarBeamBigOrbAnimCmds2
0x0821BEFC	rom	sSolarBeamBigOrbAnimCmds3
0x0821BF04	rom	sSolarBeamBigOrbAnimCmds4
0x0821BF0C	rom	sSolarBeamBigOrbAnimCmds5
0x0821BF14	rom	sSolarBeamBigOrbAnimCmds6
0x0821BF1C	rom	sSolarBeamBigOrbAnimCmds7
0x0821BF24	rom	sSolarBeamSmallOrbAnimCms
0x0821BF2C	rom	sPowerAbsorptionOrbAnimCmds
0x0821BF34	rom	sSolarBeamBigOrbAnimTable
0x0821BF50	rom	sSolarBeamSmallOrbAnimTable
0x0821BF54	rom	sPowerAbsorptionOrbAnimTable
0x0821BF58	rom	sPowerAbsorptionOrbAffineAnimCmds
0x0821BF68	rom	sPowerAbsorptionOrbAffineAnimTable
0x0821BF6C	rom	gPowerAbsorptionOrbSpriteTemplate
0x0821BF84	rom	gSolarBeamBigOrbSpriteTemplate
0x0821BF9C	rom	gSolarBeamSmallOrbSpriteTemplate
0x0821BFB4	rom	sStockpileAbsorptionOrbAffineCmds
0x0821BFCC	rom	sStockpileAbsorptionOrbAffineAnimTable
0x0821BFD0	rom	gStockpileAbsorptionOrbSpriteTemplate
0x0821BFE8	rom	sAbsorptionOrbAffineAnimCmds
0x0821BFF8	rom	sAbsorptionOrbAffineAnimTable
0x0821BFFC	rom	gAbsorptionOrbSpriteTemplate
0x0821C014	rom	gHyperBeamOrbSpriteTemplate
0x0821C02C	rom	sLeechSeedAnimCmds1
0x0821C034	rom	sLeechSeedAnimCmds2
0x0821C040	rom	sLeechSeedAnimTable
0x0821C048	rom	gLeechSeedSpriteTemplate
0x0821C060	rom	sSporeParticleAnimCmds1
0x0821C068	rom	sSporeParticleAnimCmds2
0x0821C070	rom	sSporeParticleAnimTable
0x0821C078	rom	gSporeParticleSpriteTemplate
0x0821C090	rom	sPetalDanceBigFlowerAnimCmds
0x0821C098	rom	sPetalDanceSmallFlowerAnimCmds
0x0821C0A0	rom	sPetalDanceBigFlowerAnimTable
0x0821C0A4	rom	sPetalDanceSmallFlowerAnimTable
0x0821C0A8	rom	gPetalDanceBigFlowerSpriteTemplate
0x0821C0C0	rom	gPetalDanceSmallFlowerSpriteTemplate
0x0821C0D8	rom	sRazorLeafParticleAnimCmds1
0x0821C104	rom	sRazorLeafParticleAnimCmds2
0x0821C114	rom	sRazorLeafParticleAnimTable
0x0821C11C	rom	gRazorLeafParticleSpriteTemplate
0x0821C134	rom	gTwisterLeafSpriteTemplate
0x0821C14C	rom	sRazorLeafCutterAnimCmds
0x0821C160	rom	sRazorLeafCutterAnimTable
0x0821C164	rom	gRazorLeafCutterSpriteTemplate
0x0821C17C	rom	sSwiftStarAffineAnimCmds
0x0821C18C	rom	sSwiftStarAffineAnimTable
0x0821C190	rom	gSwiftStarSpriteTemplate
0x0821C1A8	rom	sAnim_ConstrictBinding
0x0821C1BC	rom	sAnim_ConstrictBinding_Flipped
0x0821C1D0	rom	sAnims_ConstrictBinding
0x0821C1D8	rom	sAffineAnim_ConstrictBinding
0x0821C1F8	rom	sAffineAnim_ConstrictBinding_Flipped
0x0821C218	rom	sAffineAnims_ConstrictBinding
0x0821C220	rom	gConstrictBindingSpriteTemplate
0x0821C238	rom	sMimicOrbAffineAnimCmds1
0x0821C250	rom	sMimicOrbAffineAnimCmds2
0x0821C260	rom	sMimicOrbAffineAnimTable
0x0821C268	rom	gMimicOrbSpriteTemplate
0x0821C280	rom	sIngrainRootAnimCmds1
0x0821C294	rom	sIngrainRootAnimCmds2
0x0821C2A8	rom	sIngrainRootAnimCmds3
0x0821C2B8	rom	sIngrainRootAnimCmds4
0x0821C2C8	rom	sIngrainRootAnimTable
0x0821C2D8	rom	gIngrainRootSpriteTemplate
0x0821C2F0	rom	gFrenzyPlantRootSpriteTemplate
0x0821C308	rom	sIngrainOrbAnimCmds
0x0821C314	rom	sIngrainOrbAnimTable
0x0821C318	rom	gIngrainOrbSpriteTemplate
0x0821C330	rom	sFallingBagAnimCmds
0x0821C338	rom	sFallingBagAnimTable
0x0821C33C	rom	sFallingBagAffineAnimCmds1
0x0821C35C	rom	sFallingBagAffineAnimCmds2
0x0821C394	rom	sFallingBagAffineAnimTable
0x0821C39C	rom	gPresentSpriteTemplate
0x0821C3B4	rom	gKnockOffItemSpriteTemplate
0x0821C3CC	rom	sPresentHealParticleAnimCmds
0x0821C3E0	rom	sPresentHealParticleAnimTable
0x0821C3E4	rom	gPresentHealParticleSpriteTemplate
0x0821C3FC	rom	gItemStealSpriteTemplate
0x0821C414	rom	sTrickBagAffineAnimCmds1
0x0821C424	rom	sTrickBagAffineAnimCmds2
0x0821C464	rom	sTrickBagAffineAnimTable
0x0821C474	rom	gTrickBagSpriteTemplate
0x0821C48C	rom	gTrickBagCoordinates
0x0821C4B0	rom	sLeafBladeAnimCmds1
0x0821C4B8	rom	sLeafBladeAnimCmds2
0x0821C4C0	rom	sLeafBladeAnimCmds3
0x0821C4C8	rom	sLeafBladeAnimCmds4
0x0821C4D0	rom	sLeafBladeAnimCmds5
0x0821C4D8	rom	sLeafBladeAnimCmds6
0x0821C4E0	rom	sLeafBladeAnimCmds7
0x0821C4E8	rom	sLeafBladeAnimTable
0x0821C504	rom	gLeafBladeSpriteTemplate
0x0821C51C	rom	sAromatherapyBigFlowerAffineAnimCmds
0x0821C534	rom	sAromatherapyBigFlowerAffineAnimTable
0x0821C538	rom	gAromatherapySmallFlowerSpriteTemplate
0x0821C550	rom	gAromatherapyBigFlowerSpriteTemplate
0x0821C568	rom	sSilverWindBigSparkAffineAnimCmds
0x0821C580	rom	sSilverWindMediumSparkAffineAnimCmds
0x0821C598	rom	sSilverWindSmallSparkAffineAnimCmds
0x0821C5B0	rom	sSilverWindBigSparkAffineAnimTable
0x0821C5B4	rom	sSilverWindMediumSparkAffineAnimTable
0x0821C5B8	rom	sSilverWindSmallSparkAffineAnimTable
0x0821C5BC	rom	gSilverWindBigSparkSpriteTemplate
0x0821C5D4	rom	gSilverWindMediumSparkSpriteTemplate
0x0821C5EC	rom	gSilverWindSmallSparkSpriteTemplate
0x0821C604	rom	sMagicalLeafBlendColors
0x0821C614	rom	gNeedleArmSpikeSpriteTemplate
0x0821C62C	rom	sAnim_Whip
0x0821C640	rom	sAnim_Whip_Flipped
0x0821C654	rom	sAnims_Whip
0x0821C65C	rom	gSlamHitSpriteTemplate
0x0821C674	rom	gVineWhipSpriteTemplate
0x0821C68C	rom	sAnim_SlidingHit
0x0821C6A4	rom	sAnims_SlidingHit
0x0821C6A8	rom	sSlidingHit1SpriteTemplate
0x0821C6C0	rom	sSlidingHit2SpriteTemplate
0x0821C6D8	rom	sAffineAnim_FlickeringPunch_Normal
0x0821C6E8	rom	sAffineAnim_FlickeringPunch_TurnedTopLeft
0x0821C6F8	rom	sAffineAnim_FlickeringPunch_TurnedLeft
0x0821C708	rom	sAffineAnim_FlickeringPunch_TurnedBottomLeft
0x0821C718	rom	sAffineAnim_FlickeringPunch_UpsideDown
0x0821C728	rom	sAffineAnim_FlickeringPunch_TurnedBottomRight
0x0821C738	rom	sAffineAnim_FlickeringPunch_TurnedRight
0x0821C748	rom	sAffineAnim_FlickeringPunch_TurnedTopRight
0x0821C758	rom	sAffineAnims_FlickeringPunch
0x0821C778	rom	sFlickeringPunchSpriteTemplate
0x0821C790	rom	sCuttingSliceAnimCmds
0x0821C7A4	rom	sCuttingSliceAnimTable
0x0821C7A8	rom	gCuttingSliceSpriteTemplate
0x0821C7C0	rom	gAirCutterSliceSpriteTemplate
0x0821C7D8	rom	sAnim_CirclingMusicNote_Eighth
0x0821C7E0	rom	sAnim_CirclingMusicNote_BeamedEighth
0x0821C7E8	rom	sAnim_CirclingMusicNote_SlantedBeamedEighth
0x0821C7F0	rom	sAnim_CirclingMusicNote_Quarter
0x0821C7F8	rom	sAnim_CirclingMusicNote_QuarterRest
0x0821C800	rom	sAnim_CirclingMusicNote_EighthRest
0x0821C808	rom	sAnim_CirclingMusicNote_Eighth_Flipped
0x0821C810	rom	sAnim_CirclingMusicNote_BeamedEighth_Flipped
0x0821C818	rom	sAnim_CirclingMusicNote_SlantedBeamedEighth_Flipped
0x0821C820	rom	sAnim_CirclingMusicNote_Quarter_Flipped
0x0821C828	rom	sAnims_CirclingMusicNote
0x0821C850	rom	sCirclingMusicNoteSpriteTemplate
0x0821C868	rom	gProtectSpriteTemplate
0x0821C880	rom	sMilkBottleAffineAnimCmds1
0x0821C890	rom	sMilkBottleAffineAnimCmds2
0x0821C8C0	rom	sMilkBottleAffineAnimTable
0x0821C8C8	rom	gMilkBottleSpriteTemplate
0x0821C8E0	rom	sGrantingStarsAnimCmds
0x0821C904	rom	sGrantingStarsAnimTable
0x0821C908	rom	gGrantingStarsSpriteTemplate
0x0821C920	rom	gSparklingStarsSpriteTemplate
0x0821C938	rom	sAnim_BubbleBurst
0x0821C95C	rom	sAnim_BubbleBurst_Flipped
0x0821C980	rom	sAnims_BubbleBurst
0x0821C988	rom	sBubbleBurstSpriteTemplate
0x0821C9A0	rom	sSleepLetterZAnimCmds
0x0821C9A8	rom	sSleepLetterZAnimTable
0x0821C9AC	rom	sSleepLetterZAffineAnimCmds1
0x0821C9C4	rom	sSleepLetterZAffineAnimCmds1_2
0x0821C9DC	rom	sSleepLetterZAffineAnimCmds2
0x0821C9F4	rom	sSleepLetterZAffineAnimCmds2_2
0x0821CA0C	rom	sSleepLetterZAffineAnimTable
0x0821CA14	rom	gSleepLetterZSpriteTemplate
0x0821CA2C	rom	gLockOnTargetSpriteTemplate
0x0821CA44	rom	gLockOnMoveTargetSpriteTemplate
0x0821CA5C	rom	sInclineMonCoordTable
0x0821CA64	rom	gBowMonSpriteTemplate
0x0821CA7C	rom	sTipMonSpriteTemplate
0x0821CA94	rom	sSlashSliceAnimCmds1
0x0821CAA8	rom	sSlashSliceAnimCmds2
0x0821CAB0	rom	sSlashSliceAnimTable
0x0821CAB8	rom	gSlashSliceSpriteTemplate
0x0821CAD0	rom	gFalseSwipeSliceSpriteTemplate
0x0821CAE8	rom	gFalseSwipePositionedSliceSpriteTemplate
0x0821CB00	rom	sEndureEnergyAnimCmds
0x0821CB14	rom	sEndureEnergyAnimTable
0x0821CB18	rom	gEndureEnergySpriteTemplate
0x0821CB30	rom	sSharpenSphereAnimCmds
0x0821CB6C	rom	sSharpenSphereAnimTable
0x0821CB70	rom	gSharpenSphereSpriteTemplate
0x0821CB88	rom	gOctazookaBallSpriteTemplate
0x0821CBA0	rom	sOctazookaAnimCmds
0x0821CBB8	rom	sOctazookaAnimTable
0x0821CBBC	rom	gOctazookaSmokeSpriteTemplate
0x0821CBD4	rom	sConversionAnimCmds
0x0821CBE8	rom	sConversionAnimTable
0x0821CBEC	rom	sConversionAffineAnimCmds
0x0821CBFC	rom	sConversionAffineAnimTable
0x0821CC00	rom	gConversionSpriteTemplate
0x0821CC18	rom	sConversion2AnimCmds
0x0821CC2C	rom	sConversion2AnimTable
0x0821CC30	rom	gConversion2SpriteTemplate
0x0821CC48	rom	gMoonSpriteTemplate
0x0821CC60	rom	sMoonlightSparkleAnimCmds
0x0821CC74	rom	sMoonlightSparkleAnimTable
0x0821CC78	rom	gMoonlightSparkleSpriteTemplate
0x0821CC90	rom	sHealingBlueStarAnimCmds
0x0821CCB4	rom	sHealingBlueStarAnimTable
0x0821CCB8	rom	gHealingBlueStarSpriteTemplate
0x0821CCD0	rom	gHornHitSpriteTemplate
0x0821CCE8	rom	sSuperFangAnimCmds
0x0821CCFC	rom	sSuperFangAnimTable
0x0821CD00	rom	gSuperFangSpriteTemplate
0x0821CD18	rom	sWavyMusicNotesAnimCmds1
0x0821CD20	rom	sWavyMusicNotesAnimCmds2
0x0821CD28	rom	sWavyMusicNotesAnimCmds3
0x0821CD30	rom	sWavyMusicNotesAnimCmds4
0x0821CD38	rom	sWavyMusicNotesAnimCmds5
0x0821CD40	rom	sWavyMusicNotesAnimCmds6
0x0821CD48	rom	sWavyMusicNotesAnimCmds7
0x0821CD50	rom	sWavyMusicNotesAnimCmds8
0x0821CD58	rom	gMusicNotesAnimTable
0x0821CD78	rom	sWavyMusicNotesAffineAnimCmds
0x0821CD90	rom	sMusicNotesAffineAnimTable
0x0821CD94	rom	gWavyMusicNotesSpriteTemplate
0x0821CDAC	rom	sParticlesColorBlendTable
0x0821CDDC	rom	gFastFlyingMusicNotesSpriteTemplate
0x0821CDF4	rom	gBellyDrumHandSpriteTemplate
0x0821CE0C	rom	sSlowFlyingMusicNotesAffineAnimCmds
0x0821CE24	rom	sSlowFlyinsMusicNotesAffineAnimTable
0x0821CE28	rom	gSlowFlyingMusicNotesSpriteTemplate
0x0821CE40	rom	sMetronomeThroughtBubbleAnimCmds1
0x0821CE54	rom	sMetronomeThroughtBubbleAnimCmds3
0x0821CE68	rom	sMetronomeThroughtBubbleAnimCmds2
0x0821CE7C	rom	sMetronomeThroughtBubbleAnimCmds4
0x0821CE90	rom	sMetronomeThroughtBubbleAnimTable
0x0821CEA0	rom	gThoughtBubbleSpriteTemplate
0x0821CEB8	rom	sMetronomeFingerAffineAnimCmds1
0x0821CED0	rom	sMetronomeFingerAffineAnimCmds2
0x0821CEF8	rom	sMetronomeFingerAffineAnimCmds2_2
0x0821CF40	rom	sMetronomeFingerAffineAnimTable
0x0821CF48	rom	gMetronomeFingerSpriteTemplate
0x0821CF60	rom	gFollowMeFingerSpriteTemplate
0x0821CF78	rom	sTauntFingerAnimCmds1
0x0821CF80	rom	sTauntFingerAnimCmds2
0x0821CF88	rom	sTauntFingerAnimCmds3
0x0821CFA8	rom	sTauntFingerAnimCmds4
0x0821CFC8	rom	sTauntFingerAnimTable
0x0821CFD8	rom	gTauntFingerSpriteTemplate
0x0821D050	rom	CSWTCH.218
0x0821D058	rom	CSWTCH.219
0x0821D060	rom	sCirclingFingerSpriteTemplate
0x0821D078	rom	sAnim_BouncingMusicNote
0x0821D080	rom	sAnims_BouncingMusicNote
0x0821D084	rom	sBouncingMusicNoteSpriteTemplate
0x0821D09C	rom	sVibrateBattlerBackSpriteTemplate
0x0821D0B4	rom	sMovingClampSpriteTemplate
0x0821D0CC	rom	sAnim_SmallExplosion
0x0821D0E0	rom	sAnims_SmallExplosion
0x0821D0E4	rom	sAffineAnim_SmallExplosion
0x0821D0FC	rom	sAffineAnims_SmallExplosion
0x0821D100	rom	sSmallExplosionSpriteTemplate
0x0821D118	rom	sKinesisZapEnergyAnimCmds
0x0821D13C	rom	sKinesisZapEnergyAnimTable
0x0821D140	rom	gKinesisZapEnergySpriteTemplate
0x0821D158	rom	sSwordsDanceBladeAffineAnimCmds
0x0821D178	rom	sSwordsDanceBladeAffineAnimTable
0x0821D17C	rom	gSwordsDanceBladeSpriteTemplate
0x0821D194	rom	gSonicBoomSpriteTemplate
0x0821D1AC	rom	gAirWaveProjectileSpriteTemplate
0x0821D1C4	rom	sGrowingRingAffineAnimCmds
0x0821D1DC	rom	sWaterPulseRingAffineAnimCmds
0x0821D21C	rom	gGrowingRingAffineAnimTable
0x0821D220	rom	sWaterPulseRingAffineAnimTable
0x0821D224	rom	gSupersonicRingSpriteTemplate
0x0821D23C	rom	gScreechRingSpriteTemplate
0x0821D254	rom	gMetalSoundSpriteTemplate
0x0821D26C	rom	gWaterPulseRingSpriteTemplate
0x0821D284	rom	gEggThrowSpriteTemplate
0x0821D29C	rom	sVoidLinesSpriteTemplate
0x0821D2B4	rom	sCoinAnimCmds
0x0821D2BC	rom	sCoinAnimTable
0x0821D2C0	rom	sFallingCoinAffineAnimCmds
0x0821D2D0	rom	sFallingCoinAffineAnimTable
0x0821D2D4	rom	gCoinThrowSpriteTemplate
0x0821D2EC	rom	gFallingCoinSpriteTemplate
0x0821D304	rom	sBulletSeedAffineAnimCmds
0x0821D314	rom	sBulletSeedAffineAnimTable
0x0821D318	rom	gBulletSeedSpriteTemplate
0x0821D330	rom	sRazorWindTornadoAffineAnimCmds
0x0821D348	rom	sRazorWindTornadoAffineAnimTable
0x0821D34C	rom	gRazorWindTornadoSpriteTemplate
0x0821D364	rom	sViceGripAnimCmds1
0x0821D374	rom	sViceGripAnimCmds2
0x0821D384	rom	sViceGripAnimTable
0x0821D38C	rom	gViceGripSpriteTemplate
0x0821D3A4	rom	sGuillotineAnimCmds1
0x0821D3B4	rom	sGuillotineAnimCmds2
0x0821D3C4	rom	sGuillotineAnimTable
0x0821D3CC	rom	gGuillotineSpriteTemplate
0x0821D3E4	rom	sSplashEffectAffineAnimCmds
0x0821D404	rom	sGrowAndShrinkAffineAnimCmds
0x0821D424	rom	sBreathPuffAnimCmds1
0x0821D438	rom	sBreathPuffAnimCmds2
0x0821D44C	rom	sBreathPuffAnimTable
0x0821D454	rom	gBreathPuffSpriteTemplate
0x0821D46C	rom	sAngerMarkAffineAnimCmds
0x0821D484	rom	sAngerMarkAffineAnimTable
0x0821D488	rom	gAngerMarkSpriteTemplate
0x0821D4A0	rom	sThrashMoveMonAffineAnimCmds
0x0821D4D0	rom	gPencilSpriteTemplate
0x0821D4E8	rom	gSnoreZSpriteTemplate
0x0821D500	rom	sExplosionAnimCmds
0x0821D514	rom	sExplosionAnimTable
0x0821D518	rom	gExplosionSpriteTemplate
0x0821D530	rom	sSoftBoiledEggAffineAnimCmds1
0x0821D550	rom	sSoftBoiledEggAffineAnimCmds2
0x0821D560	rom	sSoftBoiledEggAffineAnimCmds3
0x0821D5A0	rom	sSoftBoiledEggAffineAnimTable
0x0821D5AC	rom	gSoftBoiledEggSpriteTemplate
0x0821D5C4	rom	sThinRingExpandingAffineAnimCmds1
0x0821D5DC	rom	sThinRingExpandingAffineAnimCmds2
0x0821D5F4	rom	sHyperVoiceRingAffineAnimCmds
0x0821D60C	rom	sThinRingExpandingAffineAnimTable
0x0821D614	rom	sHyperVoiceRingAffineAnimTable
0x0821D618	rom	gThinRingExpandingSpriteTemplate
0x0821D630	rom	sThinRingShrinkingAffineAnimCmds
0x0821D648	rom	sThinRingShrinkingAffineAnimTable
0x0821D64C	rom	gThinRingShrinkingSpriteTemplate
0x0821D664	rom	gBlendThinRingExpandingSpriteTemplate
0x0821D67C	rom	gHyperVoiceRingSpriteTemplate
0x0821D694	rom	gUproarRingSpriteTemplate
0x0821D6AC	rom	sStretchAttackerAffineAnimCmds
0x0821D6BC	rom	sSpeedDustAnimCmds
0x0821D6D4	rom	sSpeedDustAnimTable
0x0821D6D8	rom	gSpeedDustSpriteTemplate
0x0821D6F0	rom	sSpeedDustPosTable
0x0821D6F8	rom	sBellAnimCmds
0x0821D730	rom	sBellAnimTable
0x0821D734	rom	gBellSpriteTemplate
0x0821D74C	rom	gMusicNotePaletteTagsTable
0x0821D754	rom	gHealBellMusicNoteSpriteTemplate
0x0821D76C	rom	gMagentaHeartSpriteTemplate
0x0821D784	rom	sAffineAnims_StretchBattlerUp
0x0821D79C	rom	gRedHeartProjectileSpriteTemplate
0x0821D7B4	rom	gRedHeartBurstSpriteTemplate
0x0821D7CC	rom	gRedHeartRisingSpriteTemplate
0x0821D7E4	rom	sHiddenPowerOrbAffineAnimCmds
0x0821D7FC	rom	sHiddenPowerOrbAffineAnimTable
0x0821D800	rom	gHiddenPowerOrbSpriteTemplate
0x0821D818	rom	gHiddenPowerOrbScatterSpriteTemplate
0x0821D830	rom	sSpitUpOrbAffineAnimCmds
0x0821D848	rom	sSpitUpOrbAffineAnimTable
0x0821D84C	rom	gSpitUpOrbSpriteTemplate
0x0821D864	rom	sEyeSparkleAnimCmds
0x0821D87C	rom	sEyeSparkleAnimTable
0x0821D880	rom	gEyeSparkleSpriteTemplate
0x0821D898	rom	sAngelSpriteAnimCmds
0x0821D8A0	rom	sAngelSpriteAnimTable
0x0821D8A4	rom	gAngelSpriteTemplate
0x0821D8BC	rom	gPinkHeartSpriteTemplate
0x0821D8D4	rom	sDevilAnimCmds1
0x0821D8DC	rom	sDevilAnimCmds2
0x0821D8E4	rom	sDevilAnimTable
0x0821D8EC	rom	gDevilSpriteTemplate
0x0821D904	rom	sAnim_FurySwipes
0x0821D918	rom	sAnim_FurySwipes_Flipped
0x0821D92C	rom	sAnims_FurySwipes
0x0821D934	rom	gFurySwipesSpriteTemplate
0x0821D94C	rom	sMovementWavesAnimCmds1
0x0821D960	rom	sMovementWavesAnimCmds2
0x0821D974	rom	sMovementWavesAnimTable
0x0821D97C	rom	gMovementWavesSpriteTemplate
0x0821D994	rom	sUproarAffineAnimCmds
0x0821D9B4	rom	gJaggedMusicNoteSpriteTemplate
0x0821D9CC	rom	sPerishSongMusicNoteAffineAnimCmds1
0x0821D9DC	rom	sPerishSongMusicNoteAffineAnimCmds2
0x0821D9EC	rom	sPerishSongMusicNoteAffineAnimCmds3
0x0821D9FC	rom	sPerishSongMusicNoteAffineAnimTable
0x0821DA08	rom	gPerishSongMusicNoteSpriteTemplate
0x0821DA20	rom	gPerishSongMusicNote2SpriteTemplate
0x0821DA38	rom	sGuardRingAffineAnimCmds1
0x0821DA48	rom	sGuardRingAffineAnimCmds2
0x0821DA58	rom	sGuardRingAffineAnimTable
0x0821DA60	rom	gGuardRingSpriteTemplate
0x0821DAB8	rom	sScratchAnimCmds
0x0821DAD0	rom	sScratchAnimTable
0x0821DAD4	rom	gScratchSpriteTemplate
0x0821DAEC	rom	gBlackSmokeSpriteTemplate
0x0821DB04	rom	gBlackBallSpriteTemplate
0x0821DB1C	rom	sOpeningEyeAnimCmds
0x0821DB2C	rom	sOpeningEyeAnimTable
0x0821DB30	rom	gOpeningEyeSpriteTemplate
0x0821DB48	rom	gWhiteHaloSpriteTemplate
0x0821DB60	rom	gTealAlertSpriteTemplate
0x0821DB78	rom	sMeanLookEyeAffineAnimCmds1
0x0821DB98	rom	sMeanLookEyeAffineAnimCmds2
0x0821DBB0	rom	sMeanLookEyeAffineAnimTable
0x0821DBB8	rom	gMeanLookEyeSpriteTemplate
0x0821DBD0	rom	gSpikesSpriteTemplate
0x0821DBE8	rom	sLeerAnimCmds
0x0821DC00	rom	sLeerAnimTable
0x0821DC04	rom	gLeerSpriteTemplate
0x0821DC1C	rom	sLetterZAnimCmds
0x0821DC24	rom	sLetterZAnimTable
0x0821DC28	rom	sLetterZAffineAnimCmds
0x0821DC40	rom	sLetterZAffineAnimTable
0x0821DC44	rom	gLetterZSpriteTemplate
0x0821DC5C	rom	sFangAnimCmds
0x0821DC70	rom	sFangAnimTable
0x0821DC74	rom	sFangAffineAnimCmds
0x0821DC8C	rom	sFangAffineAnimTable
0x0821DC90	rom	gFangSpriteTemplate
0x0821DCA8	rom	sSpotlightAffineAnimCmds1
0x0821DCC0	rom	sSpotlightAffineAnimCmds2
0x0821DCD8	rom	sSpotlightAffineAnimTable
0x0821DCE0	rom	gSpotlightSpriteTemplate
0x0821DCF8	rom	gClappingHandSpriteTemplate
0x0821DD10	rom	gClappingHand2SpriteTemplate
0x0821DD28	rom	sRapidSpinAnimCmds
0x0821DD38	rom	sRapidSpinAnimTable
0x0821DD3C	rom	gRapidSpinSpriteTemplate
0x0821DD54	rom	sAffineAnims_Torment
0x0821DD74	rom	sTriAttackTriangleAnimCmds
0x0821DD7C	rom	sTriAttackTriangleAnimTable
0x0821DD80	rom	sTriAttackTriangleAffineAnimCmds
0x0821DDA8	rom	sTriAttackTriangleAffineAnimTable
0x0821DDAC	rom	gTriAttackTriangleSpriteTemplate
0x0821DDC4	rom	sEclipsingOrbAnimCmds
0x0821DDE8	rom	sEclipsingOrbAnimTable
0x0821DDEC	rom	gEclipsingOrbSpriteTemplate
0x0821DE04	rom	DefenseCurlDeformMonAffineAnimCmds
0x0821DE24	rom	gBatonPassPokeballSpriteTemplate
0x0821DE3C	rom	gWishStarSpriteTemplate
0x0821DE54	rom	gMiniTwinklingStarSpriteTemplate
0x0821DE6C	rom	sStockpileDeformMonAffineAnimCmds
0x0821DE94	rom	sSpitUpDeformMonAffineAnimCmds
0x0821DECC	rom	gSwallowBlueOrbSpriteTemplate
0x0821DEE4	rom	sSwallowDeformMonAffineAnimCmds
0x0821DF14	rom	sMorningSunLightBeamCoordsTable
0x0821DF18	rom	sGreenStarAnimCmds1
0x0821DF24	rom	sGreenStarAnimCmds2
0x0821DF2C	rom	sGreenStarAnimCmds3
0x0821DF34	rom	sGreenStarAnimTable
0x0821DF40	rom	gGreenStarSpriteTemplate
0x0821DF58	rom	sDoomDesireLightBeamCoordTable
0x0821DF5C	rom	sDoomDesireLightBeamDelayTable
0x0821DF64	rom	sStrongFrustrationAffineAnimCmds
0x0821DF84	rom	gWeakFrustrationAngerMarkSpriteTemplate
0x0821DF9C	rom	sSweetScentPetalAnimCmds1
0x0821DFC0	rom	sSweetScentPetalAnimCmds2
0x0821DFE4	rom	sSweetScentPetalAnimCmds3
0x0821DFEC	rom	sSweetScentPetalAnimCmdTable
0x0821DFF8	rom	gSweetScentPetalSpriteTemplate
0x0821E010	rom	sUnusedPalette
0x0821E030	rom	sPainSplitAnimCmds
0x0821E040	rom	sPainSplitAnimCmdTable
0x0821E044	rom	gPainSplitProjectileSpriteTemplate
0x0821E05C	rom	gFlatterConfettiSpriteTemplate
0x0821E074	rom	gFlatterSpotlightSpriteTemplate
0x0821E08C	rom	gReversalOrbSpriteTemplate
0x0821E0A4	rom	sDeepInhaleAffineAnimCmds
0x0821E0D4	rom	sYawnCloudAffineAnimCmds1
0x0821E0F4	rom	sYawnCloudAffineAnimCmds2
0x0821E114	rom	sYawnCloudAffineAnimCmds3
0x0821E134	rom	sYawnCloudAffineAnimTable
0x0821E140	rom	gYawnCloudSpriteTemplate
0x0821E158	rom	sSmokeBallEscapeCloudAffineAnimCmds1
0x0821E178	rom	sSmokeBallEscapeCloudAffineAnimCmds2
0x0821E198	rom	sSmokeBallEscapeCloudAffineAnimCmds3
0x0821E1B8	rom	sSmokeBallEscapeCloudAffineAnimCmds4
0x0821E1D8	rom	sSmokeBallEscapeCloudAffineAnimTable
0x0821E1E8	rom	gSmokeBallEscapeCloudSpriteTemplate
0x0821E200	rom	sFacadeSquishAffineAnimCmds
0x0821E220	rom	gFacadeSweatDropSpriteTemplate
0x0821E238	rom	sFacadeBlendColors
0x0821E268	rom	sRoarNoiseLineAnimCmds1
0x0821E274	rom	sRoarNoiseLineAnimCmds2
0x0821E280	rom	sRoarNoiseLineAnimTable
0x0821E288	rom	gRoarNoiseLineSpriteTemplate
0x0821E2A0	rom	gGlareEyeDotSpriteTemplate
0x0821E2B8	rom	gAssistPawprintSpriteTemplate
0x0821E2D0	rom	sBarrageBallAffineAnimCmds1
0x0821E2E0	rom	sBarrageBallAffineAnimCmds2
0x0821E2F8	rom	sBarrageBallAffineAnimTable
0x0821E300	rom	gBarrageBallSpriteTemplate
0x0821E318	rom	gSmellingSaltsHandSpriteTemplate
0x0821E330	rom	sSmellingSaltsSquishAffineAnimCmds
0x0821E348	rom	gSmellingSaltExclamationSpriteTemplate
0x0821E360	rom	gHelpingHandClapSpriteTemplate
0x0821E378	rom	gForesightMagnifyingGlassSpriteTemplate
0x0821E390	rom	gMeteorMashStarSpriteTemplate
0x0821E3A8	rom	sUnusedStarBurstSpriteTemplate
0x0821E3C0	rom	gBlockXSpriteTemplate
0x0821E3D8	rom	sUnusedItemBagStealSpriteTemplate
0x0821E3F0	rom	sKnockOffStrikeAnimCmds
0x0821E3FC	rom	sKnockOffStrikeAnimTable
0x0821E400	rom	sKnockOffStrikeAffineanimCmds1
0x0821E418	rom	sKnockOffStrikeAffineanimCmds2
0x0821E430	rom	sKnockOffStrikeAffineAnimTable
0x0821E438	rom	gKnockOffStrikeSpriteTemplate
0x0821E450	rom	sRecycleSpriteAffineAnimCmds
0x0821E460	rom	sRecycleSpriteAffineAnimTable
0x0821E464	rom	gRecycleSpriteTemplate
0x0821E47C	rom	sSlackOffSquishAffineAnimCmds
0x0821E5B8	rom	sAnim_Lightning
0x0821E5D0	rom	sAnims_Lightning
0x0821E5D4	rom	gLightningSpriteTemplate
0x0821E5EC	rom	sAffineAnim_UnusedSpinningFist
0x0821E60C	rom	sAffineAnims_UnusedSpinningFist
0x0821E610	rom	sUnusedSpinningFistSpriteTemplate
0x0821E628	rom	sAnim_UnusedCirclingShock
0x0821E644	rom	sAnims_UnusedCirclingShock
0x0821E648	rom	sUnusedCirclingShockSpriteTemplate
0x0821E660	rom	gSparkElectricitySpriteTemplate
0x0821E678	rom	gZapCannonBallSpriteTemplate
0x0821E690	rom	sAffineAnim_FlashingSpark
0x0821E6A0	rom	sAffineAnims_FlashingSpark
0x0821E6A4	rom	gZapCannonSparkSpriteTemplate
0x0821E6BC	rom	sAnim_ThunderboltOrb
0x0821E6CC	rom	sAnims_ThunderboltOrb
0x0821E6D0	rom	sAffineAnim_ThunderboltOrb
0x0821E6F0	rom	sAffineAnims_ThunderboltOrb
0x0821E6F4	rom	gThunderboltOrbSpriteTemplate
0x0821E70C	rom	gSparkElectricityFlashingSpriteTemplate
0x0821E724	rom	gElectricitySpriteTemplate
0x0821E73C	rom	sElectricBoltSegmentSpriteTemplate
0x0821E754	rom	gThunderWaveSpriteTemplate
0x0821E76C	rom	sElectricChargingParticleCoordOffsets
0x0821E78C	rom	sAnim_ElectricChargingParticles_0
0x0821E7A0	rom	sAnim_ElectricChargingParticles_1
0x0821E7B4	rom	sAnims_ElectricChargingParticles
0x0821E7BC	rom	gElectricChargingParticlesSpriteTemplate
0x0821E7D4	rom	sAffineAnim_GrowingElectricOrb_0
0x0821E814	rom	sAffineAnim_GrowingElectricOrb_1
0x0821E844	rom	sAffineAnim_GrowingElectricOrb_2
0x0821E864	rom	sAffineAnims_GrowingElectricOrb
0x0821E870	rom	gGrowingChargeOrbSpriteTemplate
0x0821E888	rom	sAnim_ElectricPuff
0x0821E89C	rom	sAnims_ElectricPuff
0x0821E8A0	rom	gElectricPuffSpriteTemplate
0x0821E8B8	rom	gVoltTackleOrbSlideSpriteTemplate
0x0821E8D0	rom	sAnim_VoltTackleBolt_0
0x0821E8D8	rom	sAnim_VoltTackleBolt_1
0x0821E8E0	rom	sAnim_VoltTackleBolt_2
0x0821E8E8	rom	sAnim_VoltTackleBolt_3
0x0821E8F0	rom	sAnims_VoltTackleBolt
0x0821E900	rom	sAffineAnim_VoltTackleBolt
0x0821E910	rom	sAffineAnims_VoltTackleBolt
0x0821E914	rom	gVoltTackleBoltSpriteTemplate
0x0821E92C	rom	gGrowingShockWaveOrbSpriteTemplate
0x0821E944	rom	sShockWaveProgressingBoltSpriteTemplate
0x0821E99C	rom	sUnusedHumanoidFootSpriteTemplate
0x0821E9B4	rom	sAnim_Fist
0x0821E9BC	rom	sAnim_FootWide
0x0821E9C4	rom	sAnim_FootTall
0x0821E9CC	rom	sAnim_HandLeft
0x0821E9D4	rom	sAnim_HandRight
0x0821E9DC	rom	sAnims_HandsAndFeet
0x0821E9F0	rom	gKarateChopSpriteTemplate
0x0821EA08	rom	gJumpKickSpriteTemplate
0x0821EA20	rom	gFistFootSpriteTemplate
0x0821EA38	rom	gFistFootRandomPosSpriteTemplate
0x0821EA50	rom	gCrossChopHandSpriteTemplate
0x0821EA68	rom	gSlidingKickSpriteTemplate
0x0821EA80	rom	sAffineAnim_SpinningHandOrFoot
0x0821EA98	rom	sAffineAnims_SpinningHandOrFoot
0x0821EA9C	rom	gSpinningHandOrFootSpriteTemplate
0x0821EAB4	rom	sAffineAnim_MegaPunchKick
0x0821EACC	rom	sAffineAnims_MegaPunchKick
0x0821EAD0	rom	gMegaPunchKickSpriteTemplate
0x0821EAE8	rom	gStompFootSpriteTemplate
0x0821EB00	rom	gDizzyPunchDuckSpriteTemplate
0x0821EB18	rom	gBrickBreakWallSpriteTemplate
0x0821EB30	rom	gBrickBreakWallShardSpriteTemplate
0x0821EB48	rom	sAffineAnim_SuperpowerOrb
0x0821EB70	rom	sAffineAnims_SuperpowerOrb
0x0821EB74	rom	gSuperpowerOrbSpriteTemplate
0x0821EB8C	rom	gSuperpowerRockSpriteTemplate
0x0821EBA4	rom	gSuperpowerFireballSpriteTemplate
0x0821EBBC	rom	gArmThrustHandSpriteTemplate
0x0821EBD4	rom	sAnim_RevengeSmallScratch_0
0x0821EBE4	rom	sAnim_RevengeSmallScratch_1
0x0821EBF4	rom	sAnim_RevengeSmallScratch_2
0x0821EC04	rom	sAnims_RevengeSmallScratch
0x0821EC10	rom	gRevengeSmallScratchSpriteTemplate
0x0821EC28	rom	sAnim_RevengeBigScratch_0
0x0821EC34	rom	sAnim_RevengeBigScratch_1
0x0821EC40	rom	sAnim_RevengeBigScratch_2
0x0821EC4C	rom	sAnims_RevengeBigScratch
0x0821EC58	rom	gRevengeBigScratchSpriteTemplate
0x0821EC70	rom	sAffineAnim_FocusPunchFist
0x0821EC88	rom	sAffineAnims_FocusPunchFist
0x0821EC8C	rom	gFocusPunchFistSpriteTemplate
0x0821ECA4	rom	sAnim_FireSpiralSpread_0
0x0821ECB4	rom	sAnim_FireSpiralSpread_1
0x0821ECC4	rom	sAnims_FireSpiralSpread
0x0821ECCC	rom	gFireSpiralInwardSpriteTemplate
0x0821ECE4	rom	gFireSpreadSpriteTemplate
0x0821ECFC	rom	sAnim_LargeFlame
0x0821ED20	rom	sAnims_LargeFlame
0x0821ED24	rom	sAnim_FirePlume
0x0821ED3C	rom	sAnims_FirePlume
0x0821ED40	rom	sAffineAnim_LargeFlame
0x0821ED58	rom	sAffineAnims_LargeFlame
0x0821ED5C	rom	gLargeFlameSpriteTemplate
0x0821ED74	rom	gLargeFlameScatterSpriteTemplate
0x0821ED8C	rom	gFirePlumeSpriteTemplate
0x0821EDA4	rom	sUnusedEmberFirePlumeSpriteTemplate
0x0821EDBC	rom	sAnim_UnusedSmallEmber
0x0821EDCC	rom	sAnims_UnusedSmallEmber
0x0821EDD0	rom	sUnusedSmallEmberSpriteTemplate
0x0821EDE8	rom	sAffineAnim_SunlightRay
0x0821EE00	rom	sAffineAnims_SunlightRay
0x0821EE04	rom	gSunlightRaySpriteTemplate
0x0821EE1C	rom	sAnim_BasicFire
0x0821EE34	rom	gAnims_BasicFire
0x0821EE38	rom	gEmberSpriteTemplate
0x0821EE50	rom	gEmberFlareSpriteTemplate
0x0821EE68	rom	gBurnFlameSpriteTemplate
0x0821EE80	rom	gFireBlastRingSpriteTemplate
0x0821EE98	rom	sAnim_FireBlastCross
0x0821EEA4	rom	sAnims_FireBlastCross
0x0821EEA8	rom	sAffineAnim_Unused_0
0x0821EEB8	rom	sAffineAnim_Unused_1
0x0821EEC8	rom	sAffineAnims_Unused
0x0821EED0	rom	gFireBlastCrossSpriteTemplate
0x0821EEE8	rom	gFireSpiralOutwardSpriteTemplate
0x0821EF00	rom	gWeatherBallFireDownSpriteTemplate
0x0821EF18	rom	gEruptionLaunchRockSpriteTemplate
0x0821EF30	rom	sEruptionLaunchRockSpeeds
0x0821EF4C	rom	gEruptionFallingRockSpriteTemplate
0x0821EF64	rom	sAnim_WillOWispOrb_0
0x0821EF78	rom	sAnim_WillOWispOrb_1
0x0821EF80	rom	sAnim_WillOWispOrb_2
0x0821EF88	rom	sAnim_WillOWispOrb_3
0x0821EF90	rom	sAnims_WillOWispOrb
0x0821EFA0	rom	gWillOWispOrbSpriteTemplate
0x0821EFB8	rom	sAnim_WillOWispFire
0x0821EFCC	rom	sAnims_WillOWispFire
0x0821EFD0	rom	gWillOWispFireSpriteTemplate
0x0821EFE8	rom	sShakeDirsPattern0
0x0821EFF8	rom	sShakeDirsPattern1
0x0821F024	rom	gEllipticalGustSpriteTemplate
0x0821F03C	rom	sAffineAnim_GustToTarget
0x0821F054	rom	sAffineAnims_GustToTarget
0x0821F058	rom	gGustToTargetSpriteTemplate
0x0821F070	rom	sAffineAnim_AirWaveCrescent
0x0821F084	rom	sAffineAnims_AirWaveCrescent
0x0821F088	rom	gAirWaveCrescentSpriteTemplate
0x0821F0A0	rom	sAffineAnim_FlyBallUp
0x0821F0C8	rom	sAffineAnims_FlyBallUp
0x0821F0CC	rom	sAffineAnim_FlyBallAttack_0
0x0821F0DC	rom	sAffineAnim_FlyBallAttack_1
0x0821F0EC	rom	sAffineAnims_FlyBallAttack
0x0821F0F4	rom	gFlyBallUpSpriteTemplate
0x0821F10C	rom	gFlyBallAttackSpriteTemplate
0x0821F124	rom	sAnim_FallingFeather_0
0x0821F12C	rom	sAnim_FallingFeather_1
0x0821F134	rom	sAnims_FallingFeather
0x0821F13C	rom	gFallingFeatherSpriteTemplate
0x0821F154	rom	sUnusedPal
0x0821F174	rom	sUnusedBubbleThrowSpriteTemplate
0x0821F18C	rom	sUnusedFeatherSpriteTemplate
0x0821F1A4	rom	sAnim_WhirlwindLines
0x0821F1BC	rom	sAnims_WhirlwindLines
0x0821F1C0	rom	gWhirlwindLineSpriteTemplate
0x0821F1D8	rom	sAffineAnim_BounceBallShrink
0x0821F208	rom	sAffineAnims_BounceBallShrink
0x0821F20C	rom	gBounceBallShrinkSpriteTemplate
0x0821F224	rom	sAffineAnim_BounceBallLand
0x0821F234	rom	sAffineAnims_BounceBallLand
0x0821F238	rom	gBounceBallLandSpriteTemplate
0x0821F250	rom	sAffineAnim_DiveBall
0x0821F278	rom	sAffineAnims_DiveBall
0x0821F27C	rom	gDiveBallSpriteTemplate
0x0821F294	rom	sAnim_Unused
0x0821F2B4	rom	sAnims_Unused
0x0821F2B8	rom	gDiveWaterSplashSpriteTemplate
0x0821F2D0	rom	gSprayWaterDropletSpriteTemplate
0x0821F2E8	rom	sUnusedFlashingLightSpriteTemplate
0x0821F300	rom	gSkyAttackBirdSpriteTemplate
0x0821F318	rom	sAffineAnim_ConfuseRayBallBounce
0x0821F330	rom	sAffineAnims_ConfuseRayBallBounce
0x0821F334	rom	gConfuseRayBallBounceSpriteTemplate
0x0821F34C	rom	gConfuseRayBallSpiralSpriteTemplate
0x0821F364	rom	sAffineAnim_ShadowBall
0x0821F374	rom	sAffineAnims_ShadowBall
0x0821F378	rom	gShadowBallSpriteTemplate
0x0821F390	rom	sAnim_Lick
0x0821F3A8	rom	sAnims_Lick
0x0821F3AC	rom	gLickSpriteTemplate
0x0821F3C4	rom	sAffineAnim_Unused
0x0821F3D4	rom	sAffineAnims_Unused
0x0821F3D8	rom	gDestinyBondWhiteShadowSpriteTemplate
0x0821F3F0	rom	gCurseNailSpriteTemplate
0x0821F408	rom	gCurseGhostSpriteTemplate
0x0821F420	rom	gNightmareDevilSpriteTemplate
0x0821F438	rom	sAnim_GrudgeFlame
0x0821F44C	rom	sAnims_GrudgeFlame
0x0821F450	rom	gGrudgeFlameSpriteTemplate
0x0821F468	rom	sMonMoveCircularSpriteTemplate
0x0821F4E4	rom	sAffineAnim_Bonemerang
0x0821F4F4	rom	sAffineAnim_SpinningBone
0x0821F504	rom	sAffineAnims_Bonemerang
0x0821F508	rom	sAffineAnims_SpinningBone
0x0821F50C	rom	gBonemerangSpriteTemplate
0x0821F524	rom	gSpinningBoneSpriteTemplate
0x0821F53C	rom	gSandAttackDirtSpriteTemplate
0x0821F554	rom	sAnim_MudSlapMud
0x0821F55C	rom	sAnims_MudSlapMud
0x0821F560	rom	gMudSlapMudSpriteTemplate
0x0821F578	rom	gMudsportMudSpriteTemplate
0x0821F590	rom	gDirtPlumeSpriteTemplate
0x0821F5A8	rom	gDirtMoundSpriteTemplate
0x0821F5E8	rom	sAnim_Unused
0x0821F5F4	rom	sAnims_Unused
0x0821F5F8	rom	sUnusedIceCrystalThrowSpriteTemplate
0x0821F610	rom	sAnim_IceCrystalLargeChunk
0x0821F618	rom	sAnim_IceCrystalLarge
0x0821F620	rom	sAnim_IceCrystalSmall
0x0821F628	rom	sAnim_Snowball
0x0821F630	rom	sAnim_BlizzardIceCrystal
0x0821F638	rom	sAnim_SmallBubblePair
0x0821F644	rom	sAnims_IceCrystalLargeChunk
0x0821F648	rom	sAnims_IceCrystalLarge
0x0821F64C	rom	sAnims_IceCrystalSmall
0x0821F650	rom	sAnims_Snowball
0x0821F654	rom	sAnims_BlizzardIceCrystal
0x0821F658	rom	gAnims_SmallBubblePair
0x0821F65C	rom	sAffineAnim_IceCrystalSpiralInwardLarge
0x0821F66C	rom	sAffineAnims_IceCrystalSpiralInwardLarge
0x0821F670	rom	gIceCrystalSpiralInwardLarge
0x0821F688	rom	gIceCrystalSpiralInwardSmall
0x0821F6A0	rom	sAffineAnim_IceBeamInnerCrystal
0x0821F6B0	rom	sAffineAnims_IceBeamInnerCrystal
0x0821F6B4	rom	gIceBeamInnerCrystalSpriteTemplate
0x0821F6CC	rom	gIceBeamOuterCrystalSpriteTemplate
0x0821F6E4	rom	sAffineAnim_IceCrystalHit
0x0821F704	rom	sAffineAnims_IceCrystalHit
0x0821F708	rom	gIceCrystalHitLargeSpriteTemplate
0x0821F720	rom	gIceCrystalHitSmallSpriteTemplate
0x0821F738	rom	gSwirlingSnowballSpriteTemplate
0x0821F750	rom	gBlizzardIceCrystalSpriteTemplate
0x0821F768	rom	gPowderSnowSnowballSpriteTemplate
0x0821F780	rom	sAnim_IceGroundSpike
0x0821F7A0	rom	sAnims_IceGroundSpike
0x0821F7A4	rom	gIceGroundSpikeSpriteTemplate
0x0821F7BC	rom	sAnim_Cloud
0x0821F7C8	rom	sAnims_Cloud
0x0821F7CC	rom	gMistCloudSpriteTemplate
0x0821F7E4	rom	gSmogCloudSpriteTemplate
0x0821F7FC	rom	sHazeBlendAmounts
0x0821F810	rom	gMistBallSpriteTemplate
0x0821F828	rom	sMistBlendAmounts
0x0821F83C	rom	gPoisonGasCloudSpriteTemplate
0x0821F854	rom	sHailCoordData
0x0821F87C	rom	sAffineAnim_HailParticle_0
0x0821F88C	rom	sAffineAnim_HailParticle_1
0x0821F89C	rom	sAffineAnim_HailParticle_2
0x0821F8AC	rom	sAffineAnim_WeatherBallIceDown
0x0821F8BC	rom	sAffineAnims_HailParticle
0x0821F8C8	rom	sAffineAnims_WeatherBallIceDown
0x0821F8CC	rom	sHailParticleSpriteTemplate
0x0821F8E4	rom	gWeatherBallIceDownSpriteTemplate
0x0821F8FC	rom	sAnim_IceBallChunk_0
0x0821F904	rom	sAnim_IceBallChunk_1
0x0821F918	rom	sAnims_IceBallChunk
0x0821F920	rom	sAffineAnim_IceBallChunk_0
0x0821F930	rom	sAffineAnim_IceBallChunk_1
0x0821F940	rom	sAffineAnim_IceBallChunk_2
0x0821F950	rom	sAffineAnim_IceBallChunk_3
0x0821F960	rom	sAffineAnim_IceBallChunk_4
0x0821F970	rom	sAffineAnims_IceBallChunk
0x0821F984	rom	gIceBallChunkSpriteTemplate
0x0821F99C	rom	gIceBallImpactShardSpriteTemplate
0x0821F9DC	rom	gHorizontalLungeSpriteTemplate
0x0821F9F4	rom	gVerticalDipSpriteTemplate
0x0821FA0C	rom	gSlideMonToOriginalPosSpriteTemplate
0x0821FA24	rom	gSlideMonToOffsetSpriteTemplate
0x0821FA3C	rom	gSlideMonToOffsetAndBackSpriteTemplate
0x0821FA54	rom	sBattlerCoords
0x0821FA74	rom	gCastformFrontSpriteCoords
0x0821FA84	rom	sCastformElevations
0x0821FA88	rom	sCastformBackSpriteYCoords
0x0821FA8C	rom	sSpriteTemplates_MoveEffectMons
0x0821FABC	rom	sSpriteSheets_MoveEffectMons
0x0821FAE8	rom	CSWTCH.249
0x0821FAEC	rom	sAnim_ConfusionDuck_0
0x0821FB00	rom	sAnim_ConfusionDuck_1
0x0821FB14	rom	sAnims_ConfusionDuck
0x0821FB1C	rom	gConfusionDuckSpriteTemplate
0x0821FB34	rom	gSimplePaletteBlendSpriteTemplate
0x0821FB4C	rom	gComplexPaletteBlendSpriteTemplate
0x0821FB64	rom	sAnim_CirclingSparkle
0x0821FB7C	rom	sAnims_CirclingSparkle
0x0821FB80	rom	sCirclingSparkleSpriteTemplate
0x0821FB98	rom	gShakeMonOrTerrainSpriteTemplate
0x0821FBB0	rom	sAffineAnim_HitSplat_0
0x0821FBC0	rom	sAffineAnim_HitSplat_1
0x0821FBD8	rom	sAffineAnim_HitSplat_2
0x0821FBF0	rom	sAffineAnim_HitSplat_3
0x0821FC08	rom	sAffineAnims_HitSplat
0x0821FC18	rom	gBasicHitSplatSpriteTemplate
0x0821FC30	rom	gHandleInvertHitSplatSpriteTemplate
0x0821FC48	rom	gWaterHitSplatSpriteTemplate
0x0821FC60	rom	gRandomPosHitSplatSpriteTemplate
0x0821FC78	rom	gMonEdgeHitSplatSpriteTemplate
0x0821FC90	rom	gCrossImpactSpriteTemplate
0x0821FCA8	rom	gFlashingHitSplatSpriteTemplate
0x0821FCC0	rom	gPersistHitSplatSpriteTemplate
0x0821FCD8	rom	sAnim_ToxicBubble
0x0821FCEC	rom	sAnims_ToxicBubble
0x0821FCF0	rom	gToxicBubbleSpriteTemplate
0x0821FD08	rom	sAnim_PoisonProjectile
0x0821FD10	rom	sAnim_AcidPoisonDroplet
0x0821FD18	rom	sAnim_SludgeBombHit
0x0821FD20	rom	sAnims_PoisonProjectile
0x0821FD24	rom	sAnims_AcidPoisonDroplet
0x0821FD28	rom	sAnims_SludgeBombHit
0x0821FD2C	rom	sAffineAnim_PoisonProjectile
0x0821FD4C	rom	sAffineAnim_SludgeBombHit
0x0821FD5C	rom	sAffineAnims_PoisonProjectile
0x0821FD60	rom	sAffineAnims_SludgeBombHit
0x0821FD64	rom	gSludgeProjectileSpriteTemplate
0x0821FD7C	rom	gAcidPoisonBubbleSpriteTemplate
0x0821FD94	rom	gSludgeBombHitParticleSpriteTemplate
0x0821FDAC	rom	sAffineAnim_AcidPoisonDroplet
0x0821FDC4	rom	gAffineAnims_Droplet
0x0821FDC8	rom	gAcidPoisonDropletSpriteTemplate
0x0821FDE0	rom	sAffineAnim_Bubble
0x0821FDF8	rom	sAffineAnims_Bubble
0x0821FDFC	rom	gPoisonBubbleSpriteTemplate
0x0821FE14	rom	gWaterBubbleSpriteTemplate
0x0821FE2C	rom	sAffineAnim_PsychUpSpiral
0x0821FE44	rom	sAffineAnims_PsychUpSpiral
0x0821FE48	rom	gPsychUpSpiralSpriteTemplate
0x0821FE60	rom	gLightScreenWallSpriteTemplate
0x0821FE78	rom	gReflectWallSpriteTemplate
0x0821FE90	rom	gMirrorCoatWallSpriteTemplate
0x0821FEA8	rom	gBarrierWallSpriteTemplate
0x0821FEC0	rom	gMagicCoatWallSpriteTemplate
0x0821FED8	rom	sAnim_ReflectSparkle
0x0821FEF0	rom	sAnims_ReflectSparkle
0x0821FEF4	rom	gReflectSparkleSpriteTemplate
0x0821FF0C	rom	sAnim_SpecialScreenSparkle
0x0821FF20	rom	sAnims_SpecialScreenSparkle
0x0821FF24	rom	gSpecialScreenSparkleSpriteTemplate
0x0821FF3C	rom	gGoldRingSpriteTemplate
0x0821FF54	rom	sAnim_BentSpoon_0
0x0821FF94	rom	sAnim_BentSpoon_1
0x0821FFD4	rom	sAnims_BentSpoon
0x0821FFDC	rom	gBentSpoonSpriteTemplate
0x0821FFF4	rom	sAnim_QuestionMark
0x08220014	rom	sAnims_QuestionMark
0x08220018	rom	sAffineAnim_QuestionMark
0x08220040	rom	sAffineAnims_QuestionMark
0x08220044	rom	gQuestionMarkSpriteTemplate
0x0822005C	rom	sAffineAnim_MeditateStretchAttacker
0x0822007C	rom	sAffineAnim_Teleport
0x08220094	rom	sImprisonOrbSpriteTemplate
0x082200AC	rom	gRedXSpriteTemplate
0x082200C4	rom	sAffineAnim_SkillSwapOrb_0
0x082200DC	rom	sAffineAnim_SkillSwapOrb_1
0x08220104	rom	sAffineAnim_SkillSwapOrb_2
0x0822012C	rom	sAffineAnim_SkillSwapOrb_3
0x08220154	rom	sAffineAnims_SkillSwapOrb
0x08220164	rom	sSkillSwapOrbSpriteTemplate
0x0822017C	rom	sAffineAnim_LusterPurgeCircle
0x08220194	rom	gAffineAnims_LusterPurgeCircle
0x08220198	rom	gLusterPurgeCircleSpriteTemplate
0x082201B0	rom	sAffineAnim_PsychoBoostOrb_0
0x08220208	rom	sAffineAnim_PsychoBoostOrb_1
0x08220218	rom	sAffineAnims_PsychoBoostOrb
0x08220220	rom	gPsychoBoostOrbSpriteTemplate
0x08220238	rom	sAnim_FlyingRock_0
0x08220240	rom	sAnim_FlyingRock_1
0x08220248	rom	sAnim_FlyingRock_2
0x08220250	rom	sAnims_FlyingRock
0x0822025C	rom	gFallingRockSpriteTemplate
0x08220274	rom	gRockFragmentSpriteTemplate
0x0822028C	rom	gSwirlingDirtSpriteTemplate
0x082202A4	rom	sAffineAnim_Whirlpool
0x082202C4	rom	sAffineAnims_Whirlpool
0x082202C8	rom	gWhirlpoolSpriteTemplate
0x082202E0	rom	gFireSpinSpriteTemplate
0x082202F8	rom	gFlyingSandCrescentSpriteTemplate
0x08220310	rom	sFlyingSandSubsprites
0x08220318	rom	sFlyingSandSubspriteTable
0x08220320	rom	sAnim_Rock_Biggest
0x08220328	rom	sAnim_Rock_Bigger
0x08220330	rom	sAnim_Rock_Big
0x08220338	rom	sAnim_Rock_Small
0x08220340	rom	sAnim_Rock_Smaller
0x08220348	rom	sAnim_Rock_Smallest
0x08220350	rom	sAnims_BasicRock
0x08220368	rom	gAncientPowerRockSpriteTemplate
0x08220380	rom	gRolloutMudSpriteTemplate
0x08220398	rom	gRolloutRockSpriteTemplate
0x082203B0	rom	gRockTombRockSpriteTemplate
0x082203C8	rom	sAffineAnim_BasicRock_0
0x082203D8	rom	sAffineAnim_BasicRock_1
0x082203E8	rom	sAffineAnims_BasicRock
0x082203F0	rom	gRockBlastRockSpriteTemplate
0x08220408	rom	gRockScatterSpriteTemplate
0x08220420	rom	gTwisterRockSpriteTemplate
0x08220438	rom	gWeatherBallRockDownSpriteTemplate
0x08220478	rom	CSWTCH.46
0x0822048C	rom	CSWTCH.47
0x082204A0	rom	sSmokescreenImpactSpriteSheet
0x082204A8	rom	sSmokescreenImpactSpritePalette
0x082204B0	rom	sOamData_SmokescreenImpact
0x082204B8	rom	sAnim_SmokescreenImpact_0
0x082204C8	rom	sAnim_SmokescreenImpact_1
0x082204D8	rom	sAnim_SmokescreenImpact_2
0x082204E8	rom	sAnim_SmokescreenImpact_3
0x082204F8	rom	sAnims_SmokescreenImpact
0x08220508	rom	sSmokescreenImpactSpriteTemplate
0x08220520	rom	gSpriteSheet_EnemyShadow
0x08220528	rom	sOamData_EnemyShadow
0x08220530	rom	gSpriteTemplate_EnemyShadow
0x08220548	rom	sCaptureStar
0x08220554	rom	gBallParticleSpritesheets
0x082205B4	rom	gBallParticlePalettes
0x08220614	rom	sAnim_RegularBall
0x08220630	rom	sAnim_MasterBall
0x08220638	rom	sAnim_NetDiveBall
0x08220640	rom	sAnim_NestBall
0x08220648	rom	sAnim_LuxuryPremierBall
0x08220654	rom	sAnim_UltraRepeatTimerBall
0x0822065C	rom	sAnims_BallParticles
0x08220674	rom	sBallParticleAnimNums
0x08220680	rom	sBallParticleAnimationFuncs
0x082206B0	rom	sBallParticlesSpriteTemplates
0x082207D0	rom	sBallOpenFadeColors
0x082207F8	rom	gSafariBaitSpriteTemplate
0x08220810	rom	sSpriteAnim_SafariRock_0
0x08220818	rom	sSpriteAnimTable_SafariRock
0x0822081C	rom	gSafariRockTemplate
0x0822084C	rom	CSWTCH.148
0x08220858	rom	sAnim_FlickeringOrb
0x0822086C	rom	sAnims_FlickeringOrb
0x08220870	rom	sFlickeringOrbSpriteTemplate
0x08220888	rom	sFlickeringOrbFlippedSpriteTemplate
0x082208A0	rom	sAnim_WeatherBallNormal
0x082208A8	rom	sAnims_WeatherBallNormal
0x082208AC	rom	gWeatherBallUpSpriteTemplate
0x082208C4	rom	gWeatherBallNormalDownSpriteTemplate
0x082208DC	rom	sAnim_SpinningSparkle
0x082208F4	rom	sAnims_SpinningSparkle
0x082208F8	rom	gSpinningSparkleSpriteTemplate
0x08220910	rom	sFlickeringFootSpriteTemplate
0x08220928	rom	sAnim_FlickeringImpact_0
0x08220930	rom	sAnim_FlickeringImpact_1
0x08220938	rom	sAnim_FlickeringImpact_2
0x08220940	rom	sAnims_FlickeringImpact
0x0822094C	rom	sFlickeringImpactSpriteTemplate
0x08220964	rom	sAnim_FlickeringShrinkOrb
0x0822096C	rom	sAnims_FlickeringShrinkOrb
0x08220970	rom	sAffineAnim_FlickeringShrinkOrb
0x08220988	rom	sAffineAnims_FlickeringShrinkOrb
0x0822098C	rom	sFlickeringShrinkOrbSpriteTemplate
0x082209A4	rom	sFrozenIceCubeSubsprites
0x082209B4	rom	sFrozenIceCubeSubspriteTable
0x082209BC	rom	sFrozenIceCubeSpriteTemplate
0x082209D4	rom	sFlashingCircleImpactSpriteTemplate
0x08220A9C	rom	sRgbWhite
0x08220AA0	rom	gBattleAnimRegOffsBgCnt
0x08220AA4	rom	gBattleIntroRegOffsBgCnt
0x08220B0C	rom	sUnusedWater_Gfx
0x08220E8C	rom	sUnusedWater
0x08221E8C	rom	sAnim_RainDrop
0x08221EAC	rom	sAnims_RainDrop
0x08221EB0	rom	gRainDropSpriteTemplate
0x08221EC8	rom	sAffineAnim_WaterBubbleProjectile
0x08221EE0	rom	sAffineAnims_WaterBubbleProjectile
0x08221EE4	rom	sAnim_WaterBubbleProjectile
0x08221EF4	rom	sAnims_WaterBubbleProjectile
0x08221EF8	rom	gWaterBubbleProjectileSpriteTemplate
0x08221F10	rom	sAnim_AuroraBeamRing_0
0x08221F18	rom	sAnim_AuroraBeamRing_1
0x08221F20	rom	sAnims_AuroraBeamRing
0x08221F28	rom	sAffineAnim_AuroraBeamRing
0x08221F40	rom	sAffineAnims_AuroraBeamRing
0x08221F44	rom	gAuroraBeamRingSpriteTemplate
0x08221F5C	rom	sAnim_WaterMudOrb
0x08221F70	rom	gAnims_WaterMudOrb
0x08221F74	rom	gHydroPumpOrbSpriteTemplate
0x08221F8C	rom	gMudShotOrbSpriteTemplate
0x08221FA4	rom	gSignalBeamRedOrbSpriteTemplate
0x08221FBC	rom	gSignalBeamGreenOrbSpriteTemplate
0x08221FD4	rom	sAnim_FlamethrowerFlame
0x08221FE4	rom	sAnims_FlamethrowerFlame
0x08221FE8	rom	gFlamethrowerFlameSpriteTemplate
0x08222000	rom	gPsywaveRingSpriteTemplate
0x08222018	rom	sAffineAnim_HydroCannonCharge
0x08222038	rom	sAffineAnim_HydroCannonBeam
0x08222048	rom	sAffineAnims_HydroCannonCharge
0x0822204C	rom	sAffineAnims_HydroCannonBeam
0x08222050	rom	gHydroCannonChargeSpriteTemplate
0x08222068	rom	gHydroCannonBeamSpriteTemplate
0x08222080	rom	sAnim_WaterBubble
0x08222088	rom	sAnim_WaterGunDroplet
0x08222090	rom	gAnims_WaterBubble
0x08222094	rom	sAnims_WaterGunDroplet
0x08222098	rom	gWaterGunProjectileSpriteTemplate
0x082220B0	rom	gWaterGunDropletSpriteTemplate
0x082220C8	rom	gSmallBubblePairSpriteTemplate
0x082220E0	rom	gSmallDriftingBubblesSpriteTemplate
0x082220F8	rom	gSmallWaterOrbSpriteTemplate
0x08222110	rom	sAnim_WaterPulseBubble_0
0x08222118	rom	sAnim_WaterPulseBubble_1
0x08222120	rom	sAnim_WeatherBallWaterDown
0x08222128	rom	sAnims_WaterPulseBubble
0x08222130	rom	sAnims_WeatherBallWaterDown
0x08222134	rom	sAffineAnim_WaterPulseRingBubble_0
0x0822214C	rom	sAffineAnim_WaterPulseRingBubble_1
0x08222164	rom	sAffineAnim_WeatherBallWaterDown
0x0822217C	rom	sAffineAnims_WaterPulseRingBubble
0x08222184	rom	sAffineAnims_WeatherBallWaterDown
0x08222188	rom	gWaterPulseBubbleSpriteTemplate
0x082221A0	rom	gWaterPulseRingBubbleSpriteTemplate
0x082221B8	rom	gWeatherBallWaterDownSpriteTemplate
0x0822220C	rom	gOamData_AffineOff_ObjNormal_8x8
0x08222214	rom	gOamData_AffineOff_ObjNormal_16x16
0x0822221C	rom	gOamData_AffineOff_ObjNormal_32x32
0x08222224	rom	gOamData_AffineOff_ObjNormal_64x64
0x0822222C	rom	gOamData_AffineOff_ObjNormal_16x8
0x08222234	rom	gOamData_AffineOff_ObjNormal_32x8
0x0822223C	rom	gOamData_AffineOff_ObjNormal_32x16
0x08222244	rom	gOamData_AffineOff_ObjNormal_64x32
0x0822224C	rom	gOamData_AffineOff_ObjNormal_8x16
0x08222254	rom	gOamData_AffineOff_ObjNormal_8x32
0x0822225C	rom	gOamData_AffineOff_ObjNormal_16x32
0x08222264	rom	gOamData_AffineOff_ObjNormal_32x64
0x0822226C	rom	gOamData_AffineNormal_ObjNormal_8x8
0x08222274	rom	gOamData_AffineNormal_ObjNormal_16x16
0x0822227C	rom	gOamData_AffineNormal_ObjNormal_32x32
0x08222284	rom	gOamData_AffineNormal_ObjNormal_64x64
0x0822228C	rom	gOamData_AffineNormal_ObjNormal_16x8
0x08222294	rom	gOamData_AffineNormal_ObjNormal_32x8
0x0822229C	rom	gOamData_AffineNormal_ObjNormal_32x16
0x082222A4	rom	gOamData_AffineNormal_ObjNormal_64x32
0x082222AC	rom	gOamData_AffineNormal_ObjNormal_8x16
0x082222B4	rom	gOamData_AffineNormal_ObjNormal_8x32
0x082222BC	rom	gOamData_AffineNormal_ObjNormal_16x32
0x082222C4	rom	gOamData_AffineNormal_ObjNormal_32x64
0x082222CC	rom	gOamData_AffineDouble_ObjNormal_8x8
0x082222D4	rom	gOamData_AffineDouble_ObjNormal_16x16
0x082222DC	rom	gOamData_AffineDouble_ObjNormal_32x32
0x082222E4	rom	gOamData_AffineDouble_ObjNormal_64x64
0x082222EC	rom	gOamData_AffineDouble_ObjNormal_16x8
0x082222F4	rom	gOamData_AffineDouble_ObjNormal_32x8
0x082222FC	rom	gOamData_AffineDouble_ObjNormal_32x16
0x08222304	rom	gOamData_AffineDouble_ObjNormal_64x32
0x0822230C	rom	gOamData_AffineDouble_ObjNormal_8x16
0x08222314	rom	gOamData_AffineDouble_ObjNormal_8x32
0x0822231C	rom	gOamData_AffineDouble_ObjNormal_16x32
0x08222324	rom	gOamData_AffineDouble_ObjNormal_32x64
0x0822232C	rom	gOamData_AffineOff_ObjBlend_8x8
0x08222334	rom	gOamData_AffineOff_ObjBlend_16x16
0x0822233C	rom	gOamData_AffineOff_ObjBlend_32x32
0x08222344	rom	gOamData_AffineOff_ObjBlend_64x64
0x0822234C	rom	gOamData_AffineOff_ObjBlend_16x8
0x08222354	rom	gOamData_AffineOff_ObjBlend_32x8
0x0822235C	rom	gOamData_AffineOff_ObjBlend_32x16
0x08222364	rom	gOamData_AffineOff_ObjBlend_64x32
0x0822236C	rom	gOamData_AffineOff_ObjBlend_8x16
0x08222374	rom	gOamData_AffineOff_ObjBlend_8x32
0x0822237C	rom	gOamData_AffineOff_ObjBlend_16x32
0x08222384	rom	gOamData_AffineOff_ObjBlend_32x64
0x0822238C	rom	gOamData_AffineNormal_ObjBlend_8x8
0x08222394	rom	gOamData_AffineNormal_ObjBlend_16x16
0x0822239C	rom	gOamData_AffineNormal_ObjBlend_32x32
0x082223A4	rom	gOamData_AffineNormal_ObjBlend_64x64
0x082223AC	rom	gOamData_AffineNormal_ObjBlend_16x8
0x082223B4	rom	gOamData_AffineNormal_ObjBlend_32x8
0x082223BC	rom	gOamData_AffineNormal_ObjBlend_32x16
0x082223C4	rom	gOamData_AffineNormal_ObjBlend_64x32
0x082223CC	rom	gOamData_AffineNormal_ObjBlend_8x16
0x082223D4	rom	gOamData_AffineNormal_ObjBlend_8x32
0x082223DC	rom	gOamData_AffineNormal_ObjBlend_16x32
0x082223E4	rom	gOamData_AffineNormal_ObjBlend_32x64
0x082223EC	rom	gOamData_AffineDouble_ObjBlend_8x8
0x082223F4	rom	gOamData_AffineDouble_ObjBlend_16x16
0x082223FC	rom	gOamData_AffineDouble_ObjBlend_32x32
0x08222404	rom	gOamData_AffineDouble_ObjBlend_64x64
0x0822240C	rom	gOamData_AffineDouble_ObjBlend_16x8
0x08222414	rom	gOamData_AffineDouble_ObjBlend_32x8
0x0822241C	rom	gOamData_AffineDouble_ObjBlend_32x16
0x08222424	rom	gOamData_AffineDouble_ObjBlend_64x32
0x0822242C	rom	gOamData_AffineDouble_ObjBlend_8x16
0x08222434	rom	gOamData_AffineDouble_ObjBlend_8x32
0x0822243C	rom	gOamData_AffineDouble_ObjBlend_16x32
0x08222444	rom	gOamData_AffineDouble_ObjBlend_32x64
0x0822244C	rom	gBattleAnimPicTable
0x08222D54	rom	gBattleAnimPaletteTable
0x0822365C	rom	gBattleAnimBackgroundTable
0x082237A0	rom	sScriptCmdTable
0x08223860	rom	sUnused
0x08223864	rom	sVsLetter_V_OamData
0x0822386C	rom	sVsLetter_S_OamData
0x08223874	rom	sVsLetterAffineAnimCmds0
0x08223884	rom	sVsLetterAffineAnimCmds1
0x082238A4	rom	sVsLetterAffineAnimTable
0x082238AC	rom	sVsLetter_V_SpriteTemplate
0x082238C4	rom	sVsLetter_S_SpriteTemplate
0x082238DC	rom	sVsLettersSpriteSheet
0x082238E4	rom	gBattleBgTemplates
0x082238F4	rom	sStandardBattleWindowTemplates
0x082239C4	rom	sBattleTerrainPalette_Grass
0x08223A10	rom	sBattleTerrainTiles_Grass
0x08223F6C	rom	sBattleTerrainTilemap_Grass
0x0822422C	rom	sBattleTerrainAnimTiles_Grass
0x0822451C	rom	sBattleTerrainAnimTilemap_Grass
0x08224638	rom	sBattleTerrainPalette_LongGrass
0x08224688	rom	sBattleTerrainTiles_LongGrass
0x08224BE4	rom	sBattleTerrainTilemap_LongGrass
0x08224EA0	rom	sBattleTerrainAnimTiles_LongGrass
0x082253D4	rom	sBattleTerrainAnimTilemap_LongGrass
0x0822555C	rom	sBattleTerrainPalette_Sand
0x082255A8	rom	sBattleTerrainTiles_Sand
0x08225940	rom	sBattleTerrainTilemap_Sand
0x08225BDC	rom	sBattleTerrainAnimTiles_Sand
0x08225E08	rom	sBattleTerrainAnimTilemap_Sand
0x08225F04	rom	sBattleTerrainPalette_Underwater
0x08225F54	rom	sBattleTerrainTiles_Underwater
0x08226294	rom	sBattleTerrainTilemap_Underwater
0x08226534	rom	sBattleTerrainAnimTiles_Underwater
0x082266A0	rom	sBattleTerrainAnimTilemap_Underwater
0x08226760	rom	sBattleTerrainPalette_Water
0x082267B0	rom	sBattleTerrainTiles_Water
0x08226BCC	rom	sBattleTerrainTilemap_Water
0x08226E6C	rom	sBattleTerrainAnimTiles_Water
0x082271A4	rom	sBattleTerrainAnimTilemap_Water
0x082272A4	rom	sBattleTerrainPalette_Pond
0x082272FC	rom	sBattleTerrainTiles_Pond
0x08227640	rom	sBattleTerrainTilemap_Pond
0x082278D8	rom	sBattleTerrainAnimTiles_Pond
0x08227AE4	rom	sBattleTerrainAnimTilemap_Pond
0x08227B9C	rom	sBattleTerrainPalette_Mountain
0x08227BE8	rom	sBattleTerrainTiles_Mountain
0x08227F1C	rom	sBattleTerrainTilemap_Mountain
0x082281BC	rom	sBattleTerrainAnimTiles_Mountain
0x0822848C	rom	sBattleTerrainAnimTilemap_Mountain
0x0822855C	rom	sBattleTerrainPalette_Cave
0x082285B0	rom	sBattleTerrainTiles_Cave
0x082289DC	rom	sBattleTerrainTilemap_Cave
0x08228C7C	rom	sBattleTerrainAnimTiles_Cave
0x0822925C	rom	sBattleTerrainAnimTilemap_Cave
0x082293B4	rom	sBattleTerrainPalette_Building
0x082293F8	rom	sBattleTerrainTiles_Building
0x08229730	rom	sBattleTerrainTilemap_Building
0x082299D4	rom	sBattleTerrainAnimTiles_Building
0x08229A54	rom	sBattleTerrainAnimTilemap_Building
0x08229AEC	rom	sBattleTerrainPalette_Link
0x08229B30	rom	sBattleTerrainPalette_Gym
0x08229B7C	rom	sBattleTerrainPalette_Leader
0x08229BC8	rom	sBattleTerrainPalette_Indoor2
0x08229C14	rom	sBattleTerrainPalette_Indoor1
0x08229C68	rom	sBattleTerrainPalette_Lorelei
0x08229CB4	rom	sBattleTerrainPalette_Bruno
0x08229D04	rom	sBattleTerrainPalette_Agatha
0x08229D50	rom	sBattleTerrainPalette_Lance
0x08229DA0	rom	sBattleTerrainPalette_Champion
0x08229DE0	rom	sBattleTerrainPalette_Plain
0x08229E1C	rom	sBattleTerrainTiles_Indoor
0x0822A154	rom	sBattleTerrainTilemap_Indoor
0x0822A3F8	rom	sBattleTerrainTable
0x0822A588	rom	sMapBattleSceneMapping
0x0822A5C4	rom	sLinkOpponentBufferCommands
0x0822A888	rom	sLinkPartnerBufferCommands
0x0822AB4C	rom	sOakOldManBufferCommands
0x0822AE68	rom	sOpponentBufferCommands
0x0822AF4C	rom	sUnused
0x0822B134	rom	sPlayerBufferCommands
0x0822B218	rom	sTargetIdentities
0x0822B21C	rom	sUnused
0x0822B560	rom	sPokedudeBufferCommands
0x0822B644	rom	sUnused
0x0822B82C	rom	sInputScripts_ChooseAction_Battle
0x0822B83C	rom	sInputScripts_ChooseAction_Status
0x0822B854	rom	sInputScripts_ChooseAction_Matchups
0x0822B86C	rom	sInputScripts_ChooseAction_Catching
0x0822B884	rom	sInputScripts_ChooseAction
0x0822B894	rom	sInputScripts_ChooseMove_Battle
0x0822B8A4	rom	sInputScripts_ChooseMove_Status
0x0822B8C4	rom	sInputScripts_ChooseMove_Matchups
0x0822B8E4	rom	sInputScripts_ChooseMove_Catching
0x0822B8FC	rom	sInputScripts_ChooseMove
0x0822B90C	rom	sPokedudeTextScripts_Battle
0x0822B92C	rom	sPokedudeTextScripts_Status
0x0822B954	rom	sPokedudeTextScripts_Matchups
0x0822B98C	rom	sPokedudeTextScripts_Catching
0x0822B9BC	rom	sPokedudeTextScripts
0x0822B9CC	rom	sPokedudeTexts_Battle
0x0822B9DC	rom	sPokedudeTexts_Status
0x0822B9F0	rom	sPokedudeTexts_TypeMatchup
0x0822BA0C	rom	sPokedudeTexts_Catching
0x0822BA24	rom	sParties_Battle
0x0822BA54	rom	sParties_Status
0x0822BA84	rom	sParties_Matchups
0x0822BAC4	rom	sParties_Catching
0x0822BAF4	rom	sPokedudeBattlePartyPointers
0x0822BB34	rom	sSafariBufferCommands
0x0822BC30	rom	sSpriteSheet_SinglesPlayerHealthbox
0x0822BC38	rom	sSpriteSheet_SinglesOpponentHealthbox
0x0822BC40	rom	sSpriteSheets_DoublesPlayerHealthbox
0x0822BC50	rom	sSpriteSheets_DoublesOpponentHealthbox
0x0822BC60	rom	sSpriteSheet_SafariHealthbox
0x0822BC68	rom	sSpriteSheets_HealthBar
0x0822BC88	rom	sSpritePalettes_HealthBoxHealthBar
0x0822BCDC	rom	sOamData_Healthbox
0x0822BCE4	rom	sHealthboxPlayerSpriteTemplates
0x0822BD14	rom	sHealthboxOpponentSpriteTemplates
0x0822BD44	rom	sHealthboxSafariSpriteTemplate
0x0822BD5C	rom	sOamData_Healthbar
0x0822BD64	rom	sHealthbarSpriteTemplates
0x0822BDC4	rom	sUnused_Subsprites_0
0x0822BDD8	rom	sUnused_Subsprites_2
0x0822BDEC	rom	sUnused_Subsprites_1
0x0822BDF4	rom	sUnused_Subsprites_3
0x0822BDFC	rom	sHealthBar_Subsprites_Player
0x0822BE04	rom	sHealthBar_Subsprites_Opponent
0x0822BE10	rom	sUnused_SubspriteTable
0x0822BE30	rom	sHealthBar_SubspriteTable
0x0822BE40	rom	sStatusSummaryBar_Subsprites_Enter
0x0822BE50	rom	sStatusSummaryBar_Subsprites_Exit
0x0822BE68	rom	sStatusSummaryBar_SubspriteTable_Enter
0x0822BE70	rom	sStatusSummaryBar_SubspriteTable_Exit
0x0822BE78	rom	sBattleInterface_Unused
0x0822BED8	rom	sPartySummaryBarSpriteSheets
0x0822BEE8	rom	sPartySummaryBarSpritePals
0x0822BEF8	rom	sPartySummaryBallSpritePals
0x0822BF08	rom	sPartySummaryBallSpriteSheets
0x0822BF18	rom	sOamData_Healthbox2
0x0822BF20	rom	sOamData_PartySummaryBall
0x0822BF28	rom	sPartySummaryBarSpriteTemplates
0x0822BF58	rom	sPartySummaryBallSpriteTemplates
0x0822BF9C	rom	sText_Slash
0x0822BFB4	rom	sText_HealthboxNickname
0x0822BFB8	rom	sStatusIconColors
0x0822BFF8	rom	sHealthboxWindowTemplate
0x0822C000	rom	CSWTCH.159
0x0822C008	rom	CSWTCH.160
0x0822C010	rom	CSWTCH.167
0x0822C014	rom	CSWTCH.168
0x0822C018	rom	CSWTCH.169
0x0822C01C	rom	CSWTCH.170
0x0822C020	rom	CSWTCH.171
0x0822C024	rom	sBattleIntroSlideFuncs
0x0822C0D4	rom	sParty_BlackBeltKoichiChallenge
0x0822C124	rom	sTrainer_BlackBeltKoichiChallenge
0x0822C14C	rom	sIntroScanlineParams16Bit
0x0822C158	rom	gUnknownDebugSprite
0x0822C170	rom	sText_ShedinjaJpnName
0x0822C178	rom	gOamData_BattlerOpponent
0x0822C180	rom	gOamData_BattlerPlayer
0x0822C188	rom	sAnim_Unused
0x0822C190	rom	sAnims_Unused
0x0822C194	rom	sAffineAnim_Unused
0x0822C1AC	rom	sAffineAnims_Unused
0x0822C1B0	rom	sPlayerThrowXTranslation
0x0822C1B8	rom	gTypeEffectiveness
0x0822C308	rom	gTypeNames
0x0822C388	rom	gTrainerMoneyTable
0x0822C52C	rom	sNoneDescription
0x0822C540	rom	sStenchDescription
0x0822C55C	rom	sDrizzleDescription
0x0822C574	rom	sSpeedBoostDescription
0x0822C58C	rom	sBattleArmorDescription
0x0822C5A4	rom	sSturdyDescription
0x0822C5C0	rom	sDampDescription
0x0822C5DC	rom	sLimberDescription
0x0822C5F0	rom	sSandVeilDescription
0x0822C60C	rom	sStaticDescription
0x0822C624	rom	sVoltAbsorbDescription
0x0822C640	rom	sWaterAbsorbDescription
0x0822C658	rom	sObliviousDescription
0x0822C670	rom	sCloudNineDescription
0x0822C68C	rom	sCompoundEyesDescription
0x0822C6A0	rom	sInsomniaDescription
0x0822C6B0	rom	sColorChangeDescription
0x0822C6CC	rom	sImmunityDescription
0x0822C6E0	rom	sFlashFireDescription
0x0822C6FC	rom	sShieldDustDescription
0x0822C714	rom	sOwnTempoDescription
0x0822C728	rom	sSuctionCupsDescription
0x0822C744	rom	sIntimidateDescription
0x0822C760	rom	sShadowTagDescription
0x0822C77C	rom	sRoughSkinDescription
0x0822C78C	rom	sWonderGuardDescription
0x0822C7A4	rom	sLevitateDescription
0x0822C7C0	rom	sEffectSporeDescription
0x0822C7DC	rom	sSynchronizeDescription
0x0822C7F8	rom	sClearBodyDescription
0x0822C814	rom	sNaturalCureDescription
0x0822C830	rom	sLightningRodDescription
0x0822C848	rom	sSereneGraceDescription
0x0822C860	rom	sSwiftSwimDescription
0x0822C878	rom	sChlorophyllDescription
0x0822C894	rom	sIlluminateDescription
0x0822C8B0	rom	sTraceDescription
0x0822C8C8	rom	sHugePowerDescription
0x0822C8D8	rom	sPoisonPointDescription
0x0822C8F0	rom	sInnerFocusDescription
0x0822C904	rom	sMagmaArmorDescription
0x0822C918	rom	sWaterVeilDescription
0x0822C928	rom	sMagnetPullDescription
0x0822C944	rom	sSoundproofDescription
0x0822C960	rom	sRainDishDescription
0x0822C97C	rom	sSandStreamDescription
0x0822C994	rom	sPressureDescription
0x0822C9AC	rom	sThickFatDescription
0x0822C9C8	rom	sEarlyBirdDescription
0x0822C9E4	rom	sFlameBodyDescription
0x0822CA00	rom	sRunAwayDescription
0x0822CA18	rom	sKeenEyeDescription
0x0822CA34	rom	sHyperCutterDescription
0x0822CA50	rom	sPickupDescription
0x0822CA64	rom	sTruantDescription
0x0822CA80	rom	sHustleDescription
0x0822CA9C	rom	sCuteCharmDescription
0x0822CAB4	rom	sPlusDescription
0x0822CACC	rom	sMinusDescription
0x0822CAE4	rom	sForecastDescription
0x0822CB00	rom	sStickyHoldDescription
0x0822CB18	rom	sShedSkinDescription
0x0822CB34	rom	sGutsDescription
0x0822CB50	rom	sMarvelScaleDescription
0x0822CB6C	rom	sLiquidOozeDescription
0x0822CB84	rom	sOvergrowDescription
0x0822CBA0	rom	sBlazeDescription
0x0822CBBC	rom	sTorrentDescription
0x0822CBD8	rom	sSwarmDescription
0x0822CBF4	rom	sRockHeadDescription
0x0822CC0C	rom	sDroughtDescription
0x0822CC28	rom	sArenaTrapDescription
0x0822CC3C	rom	sVitalSpiritDescription
0x0822CC4C	rom	sWhiteSmokeDescription
0x0822CC68	rom	sPurePowerDescription
0x0822CC78	rom	sShellArmorDescription
0x0822CC90	rom	sDisguiseDescription
0x0822CCB0	rom	sAirLockDescription
0x0822CCCC	rom	gAbilityDescriptionPointers
0x0822CE04	rom	gAbilityNames
0x0822D1FC	rom	sTurnActionsFuncsTable
0x0822D234	rom	sEndTurnFuncsTable
0x0822D258	rom	gStatusConditionString_PoisonJpn
0x0822D260	rom	gStatusConditionString_SleepJpn
0x0822D268	rom	gStatusConditionString_ParalysisJpn
0x0822D270	rom	gStatusConditionString_BurnJpn
0x0822D278	rom	gStatusConditionString_IceJpn
0x0822D280	rom	gStatusConditionString_ConfusionJpn
0x0822D288	rom	gStatusConditionString_LoveJpn
0x0822D290	rom	gStatusConditionStringsTable
0x0822D3E8	rom	sText_Empty1
0x0822D3EC	rom	sText_Trainer1LoseText
0x0822D3F0	rom	sText_Trainer2LoseText
0x0822D3F4	rom	sText_Trainer1RecallPkmn1
0x0822D408	rom	sText_Trainer1WinText
0x0822D40C	rom	sText_Trainer1RecallPkmn2
0x0822D420	rom	sText_Trainer1RecallBoth
0x0822D43C	rom	sText_Trainer2WinText
0x0822D440	rom	sText_PkmnGainedEXP
0x0822D460	rom	sText_EmptyString4
0x0822D464	rom	sText_ABoosted
0x0822D470	rom	sText_PkmnGrewToLv
0x0822D488	rom	sText_PkmnLearnedMove
0x0822D49C	rom	sText_TryToLearnMove1
0x0822D4B8	rom	sText_TryToLearnMove2
0x0822D4E4	rom	sText_TryToLearnMove3
0x0822D508	rom	sText_PkmnForgotMove
0x0822D518	rom	sText_StopLearningMove
0x0822D530	rom	sText_DidNotLearnMove
0x0822D548	rom	sText_UseNextPkmn
0x0822D55C	rom	sText_AttackMissed
0x0822D570	rom	sText_PkmnProtectedItself
0x0822D588	rom	sText_AvoidedDamage
0x0822D5A4	rom	sText_PkmnMakesGroundMiss
0x0822D5C8	rom	sText_PkmnAvoidedAttack
0x0822D5E0	rom	sText_ItDoesntAffect
0x0822D5F8	rom	sText_AttackerFainted
0x0822D608	rom	sText_TargetFainted
0x0822D618	rom	sText_PlayerGotMoney
0x0822D634	rom	sText_PlayerWhiteout
0x0822D654	rom	sText_PlayerPanicked
0x0822D688	rom	sText_PlayerWhiteoutAgainstTrainer
0x0822D6C4	rom	sText_PlayerPaidAsPrizeMoney
0x0822D700	rom	sText_PlayerWhiteout2
0x0822D714	rom	sText_PreventsEscape
0x0822D734	rom	sText_CantEscape2
0x0822D744	rom	sText_AttackerCantEscape
0x0822D758	rom	sText_HitXTimes
0x0822D768	rom	sText_PkmnFellAsleep
0x0822D778	rom	sText_PkmnMadeSleep
0x0822D790	rom	sText_PkmnAlreadyAsleep
0x0822D7A8	rom	sText_PkmnAlreadyAsleep2
0x0822D7C0	rom	sText_PkmnWasntAffected
0x0822D7D4	rom	sText_PkmnWasPoisoned
0x0822D7E8	rom	sText_PkmnPoisonedBy
0x0822D800	rom	sText_PkmnHurtByPoison
0x0822D818	rom	sText_PkmnAlreadyPoisoned
0x0822D830	rom	sText_PkmnBadlyPoisoned
0x0822D848	rom	sText_PkmnEnergyDrained
0x0822D864	rom	sText_PkmnWasBurned
0x0822D874	rom	sText_PkmnBurnedBy
0x0822D888	rom	sText_PkmnHurtByBurn
0x0822D8A0	rom	sText_PkmnAlreadyHasBurn
0x0822D8B8	rom	sText_PkmnWasFrozen
0x0822D8D0	rom	sText_PkmnFrozenBy
0x0822D8E8	rom	sText_PkmnIsFrozen
0x0822D8FC	rom	sText_PkmnWasDefrosted
0x0822D910	rom	sText_PkmnWasDefrosted2
0x0822D924	rom	sText_PkmnWasDefrostedBy
0x0822D93C	rom	sText_PkmnWasParalyzed
0x0822D968	rom	sText_PkmnWasParalyzedBy
0x0822D998	rom	sText_PkmnIsParalyzed
0x0822D9B8	rom	sText_PkmnIsAlreadyParalyzed
0x0822D9D4	rom	sText_PkmnHealedParalysis
0x0822D9F0	rom	sText_PkmnDreamEaten
0x0822DA08	rom	sText_StatsWontIncrease
0x0822DA24	rom	sText_StatsWontDecrease
0x0822DA3C	rom	sText_TeamStoppedWorking
0x0822DA5C	rom	sText_FoeStoppedWorking
0x0822DA7C	rom	sText_PkmnIsConfused
0x0822DA8C	rom	sText_PkmnHealedConfusion
0x0822DAAC	rom	sText_PkmnWasConfused
0x0822DAC0	rom	sText_PkmnAlreadyConfused
0x0822DAD8	rom	sText_PkmnFellInLove
0x0822DAEC	rom	sText_PkmnInLove
0x0822DB04	rom	sText_PkmnImmobilizedByLove
0x0822DB20	rom	sText_PkmnBlownAway
0x0822DB34	rom	sText_PkmnChangedType
0x0822DB58	rom	sText_PkmnFlinched
0x0822DB68	rom	sText_PkmnRegainedHealth
0x0822DB7C	rom	sText_PkmnHPFull
0x0822DB90	rom	sText_PkmnRaisedSpDef
0x0822DBA8	rom	sText_PkmnRaisedSpDefALittle
0x0822DBCC	rom	sText_PkmnRaisedDef
0x0822DBE4	rom	sText_PkmnRaisedDefALittle
0x0822DC08	rom	sText_PkmnCoveredByVeil
0x0822DC2C	rom	sText_PkmnUsedSafeguard
0x0822DC54	rom	sText_PkmnSafeguardExpired
0x0822DC84	rom	sText_PkmnWentToSleep
0x0822DC98	rom	sText_PkmnSleptHealthy
0x0822DCB8	rom	sText_PkmnWhippedWhirlwind
0x0822DCD4	rom	sText_PkmnTookSunlight
0x0822DCEC	rom	sText_PkmnLoweredHead
0x0822DD04	rom	sText_PkmnIsGlowing
0x0822DD14	rom	sText_PkmnFlewHigh
0x0822DD28	rom	sText_PkmnDugHole
0x0822DD38	rom	sText_PkmnHidUnderwater
0x0822DD4C	rom	sText_PkmnSprangUp
0x0822DD5C	rom	sText_PkmnSqueezedByBind
0x0822DD7C	rom	sText_PkmnTrappedInVortex
0x0822DD9C	rom	sText_PkmnTrappedBySandTomb
0x0822DDBC	rom	sText_PkmnWrappedBy
0x0822DDD4	rom	sText_PkmnClamped
0x0822DDE4	rom	sText_PkmnHurtBy
0x0822DDF8	rom	sText_PkmnFreedFrom
0x0822DE10	rom	sText_PkmnCrashed
0x0822DE2C	rom	gBattleText_MistShroud
0x0822DE48	rom	sText_PkmnProtectedByMist
0x0822DE64	rom	gBattleText_GetPumped
0x0822DE7C	rom	sText_PkmnHitWithRecoil
0x0822DE94	rom	sText_PkmnProtectedItself2
0x0822DEAC	rom	sText_PkmnBuffetedBySandstorm
0x0822DED0	rom	sText_PkmnPeltedByHail
0x0822DEE8	rom	sText_PkmnsXWoreOff
0x0822DEFC	rom	sText_PkmnSeeded
0x0822DF0C	rom	sText_PkmnEvadedAttack
0x0822DF24	rom	sText_PkmnSappedByLeechSeed
0x0822DF4C	rom	sText_PkmnFastAsleep
0x0822DF60	rom	sText_PkmnWokeUp
0x0822DF6C	rom	sText_PkmnUproarKeptAwake
0x0822DF8C	rom	sText_PkmnWokeUpInUproar
0x0822DFA8	rom	sText_PkmnCausedUproar
0x0822DFC0	rom	sText_PkmnMakingUproar
0x0822DFD8	rom	sText_PkmnCalmedDown
0x0822DFE8	rom	sText_PkmnCantSleepInUproar
0x0822E00C	rom	sText_PkmnStockpiled
0x0822E020	rom	sText_PkmnCantStockpile
0x0822E040	rom	sText_PkmnCantSleepInUproar2
0x0822E064	rom	sText_UproarKeptPkmnAwake
0x0822E084	rom	sText_PkmnStayedAwakeUsing
0x0822E0A4	rom	sText_PkmnStoringEnergy
0x0822E0BC	rom	sText_PkmnUnleashedEnergy
0x0822E0D4	rom	sText_PkmnFatigueConfusion
0x0822E0F8	rom	sText_PkmnPickedUpItem
0x0822E10C	rom	sText_PkmnUnaffected
0x0822E120	rom	sText_PkmnTransformedInto
0x0822E138	rom	sText_PkmnMadeSubstitute
0x0822E150	rom	sText_PkmnHasSubstitute
0x0822E170	rom	sText_SubstituteDamaged
0x0822E194	rom	sText_PkmnSubstituteFaded
0x0822E1AC	rom	sText_PkmnMustRecharge
0x0822E1C0	rom	sText_PkmnRageBuilding
0x0822E1D8	rom	sText_PkmnMoveWasDisabled
0x0822E1F0	rom	sText_PkmnMoveDisabledNoMore
0x0822E208	rom	sText_PkmnGotEncore
0x0822E21C	rom	sText_PkmnEncoreEnded
0x0822E230	rom	sText_PkmnTookAim
0x0822E244	rom	sText_PkmnSketchedMove
0x0822E254	rom	sText_PkmnTryingToTakeFoe
0x0822E27C	rom	sText_PkmnTookFoe
0x0822E290	rom	sText_PkmnReducedPP
0x0822E2A8	rom	sText_PkmnStoleItem
0x0822E2BC	rom	sText_TargetCantEscapeNow
0x0822E2D4	rom	sText_PkmnFellIntoNightmare
0x0822E2F0	rom	sText_PkmnLockedInNightmare
0x0822E310	rom	sText_PkmnLaidCurse
0x0822E33C	rom	sText_PkmnAfflictedByCurse
0x0822E35C	rom	sText_SpikesScattered
0x0822E394	rom	sText_PkmnHurtBySpikes
0x0822E3AC	rom	sText_PointedStonesFloat
0x0822E3E8	rom	sText_PkmnHurtByPointedStones
0x0822E408	rom	sText_PkmnIdentified
0x0822E41C	rom	sText_PkmnPerishCountFell
0x0822E43C	rom	sText_PkmnBracedItself
0x0822E450	rom	sText_PkmnEnduredHit
0x0822E464	rom	sText_MagnitudeStrength
0x0822E474	rom	sText_PkmnCutHPMaxedAttack
0x0822E49C	rom	sText_PkmnCopiedStatChanges
0x0822E4BC	rom	sText_PkmnGotFree
0x0822E4D4	rom	sText_PkmnShedLeechSeed
0x0822E4E8	rom	sText_PkmnBlewAwaySpikes
0x0822E500	rom	sText_PkmnBlewAwayPointedStones
0x0822E520	rom	sText_PkmnBlewAwayEntryHazards
0x0822E540	rom	sText_PkmnFledFromBattle
0x0822E558	rom	sText_PkmnForesawAttack
0x0822E570	rom	sText_PkmnTookAttack
0x0822E588	rom	sText_PkmnChoseXAsDestiny
0x0822E5A4	rom	sText_PkmnAttack
0x0822E5B4	rom	sText_PkmnCenterAttention
0x0822E5D8	rom	sText_PkmnChargingPower
0x0822E5F4	rom	sText_NaturePowerTurnedInto
0x0822E614	rom	sText_PkmnStatusNormal
0x0822E634	rom	sText_PkmnSubjectedToTorment
0x0822E654	rom	sText_PkmnTighteningFocus
0x0822E670	rom	sText_PkmnFellForTaunt
0x0822E688	rom	sText_PkmnReadyToHelp
0x0822E6A0	rom	sText_PkmnSwitchedItems
0x0822E6C8	rom	sText_PkmnObtainedX
0x0822E6D8	rom	sText_PkmnObtainedX2
0x0822E6E8	rom	sText_PkmnObtainedXYObtainedZ
0x0822E708	rom	sText_PkmnCopiedFoe
0x0822E71C	rom	sText_PkmnMadeWish
0x0822E72C	rom	sText_PkmnWishCameTrue
0x0822E744	rom	sText_PkmnPlantedRoots
0x0822E75C	rom	sText_PkmnAbsorbedNutrients
0x0822E784	rom	sText_PkmnAnchoredItself
0x0822E7A8	rom	sText_PkmnWasMadeDrowsy
0x0822E7BC	rom	sText_PkmnKnockedOff
0x0822E7D4	rom	sText_PkmnSwappedAbilities
0x0822E7FC	rom	sText_PkmnSealedOpponentMove
0x0822E820	rom	sText_PkmnWantsGrudge
0x0822E848	rom	sText_PkmnLostPPGrudge
0x0822E874	rom	sText_PkmnShroudedItself
0x0822E890	rom	sText_PkmnMoveBounced
0x0822E8B8	rom	sText_PkmnWaitsForTarget
0x0822E8E0	rom	sText_PkmnSnatchedMove
0x0822E8F8	rom	sText_ElectricityWeakened
0x0822E91C	rom	sText_FireWeakened
0x0822E938	rom	sText_XFoundOneY
0x0822E94C	rom	sText_SoothingAroma
0x0822E978	rom	sText_ItemsCantBeUsedNow
0x0822E994	rom	sText_ForXCommaYZ
0x0822E9A4	rom	sText_PkmnUsedXToGetPumped
0x0822E9BC	rom	sText_PkmnLostFocus
0x0822E9E4	rom	sText_PkmnWasDraggedOut
0x0822E9FC	rom	sText_TheWallShattered
0x0822EA10	rom	sText_ButNoEffect
0x0822EA28	rom	sText_PkmnHasNoMovesLeft
0x0822EA40	rom	sText_PkmnMoveIsDisabled
0x0822EA58	rom	sText_PkmnCantUseMoveTorment
0x0822EA94	rom	sText_PkmnCantUseMoveTaunt
0x0822EAB8	rom	sText_PkmnCantUseMoveSealed
0x0822EAD8	rom	sText_PkmnMadeItRain
0x0822EAF0	rom	sText_PkmnRaisedSpeed
0x0822EB0C	rom	sText_PkmnProtectedBy
0x0822EB24	rom	sText_PkmnPreventsUsage
0x0822EB48	rom	sText_PkmnRestoredHPUsing
0x0822EB68	rom	sText_PkmnsXMadeYUseless
0x0822EB84	rom	sText_PkmnChangedTypeWith
0x0822EBA4	rom	sText_PkmnPreventsParalysisWith
0x0822EBC0	rom	sText_PkmnPreventsRomanceWith
0x0822EBDC	rom	sText_PkmnPreventsPoisoningWith
0x0822EBF8	rom	sText_PkmnPreventsConfusionWith
0x0822EC14	rom	sText_PkmnRaisedFirePowerWith
0x0822EC34	rom	sText_PkmnAnchorsItselfWith
0x0822EC50	rom	sText_PkmnCutsAttackWith
0x0822EC6C	rom	sText_PkmnPreventsStatLossWith
0x0822EC88	rom	sText_PkmnHurtsWith
0x0822EC9C	rom	sText_PkmnTraced
0x0822ECB0	rom	sText_PkmnsXPreventsBurns
0x0822ECC8	rom	sText_PkmnsXBlocksY
0x0822ECDC	rom	sText_PkmnsXBlocksY2
0x0822ECF0	rom	sText_PkmnsXRestoredHPALittle2
0x0822ED14	rom	sText_PkmnsXWhippedUpSandstorm
0x0822ED34	rom	sText_PkmnsXIntensifiedSun
0x0822ED58	rom	sText_PkmnsXPreventsYLoss
0x0822ED74	rom	sText_PkmnsXInfatuatedY
0x0822ED8C	rom	sText_PkmnsXMadeYIneffective
0x0822EDAC	rom	sText_PkmnsXCuredYProblem
0x0822EDCC	rom	sText_ItSuckedLiquidOoze
0x0822EDEC	rom	sText_PkmnTransformed
0x0822EDFC	rom	sText_PkmnsXTookAttack
0x0822EE18	rom	gText_PkmnsXPreventsSwitching
0x0822EE38	rom	sText_PreventedFromWorking
0x0822EE60	rom	sText_PkmnsXMadeItIneffective
0x0822EE80	rom	sText_PkmnsXPreventsFlinching
0x0822EE9C	rom	sText_PkmnsXPreventsYsZ
0x0822EEC4	rom	sText_PkmnsXCuredItsYProblem
0x0822EEE4	rom	sText_PkmnsXHadNoEffectOnY
0x0822EF04	rom	sText_TooScaredToMove
0x0822EF20	rom	sText_GetOutGetOut
0x0822EF3C	rom	sText_StatSharply
0x0822EF48	rom	gBattleText_Rose
0x0822EF50	rom	sText_StatHarshly
0x0822EF5C	rom	sText_StatFell
0x0822EF64	rom	sText_AttackersStatRose
0x0822EF70	rom	gText_DefendersStatRose
0x0822EF7C	rom	sText_UsingItemTheStatOfPkmnRose
0x0822EF98	rom	sText_AttackersStatFell
0x0822EFA4	rom	sText_DefendersStatFell
0x0822EFB0	rom	sText_StatsWontIncrease2
0x0822EFD0	rom	sText_StatsWontDecrease2
0x0822EFF0	rom	sText_CriticalHit
0x0822F000	rom	sText_OneHitKO
0x0822F014	rom	sText_123Poof
0x0822F040	rom	sText_AndEllipsis
0x0822F048	rom	sText_HMMovesCantBeForgotten
0x0822F06C	rom	sText_NotVeryEffective
0x0822F088	rom	sText_SuperEffective
0x0822F0A0	rom	sText_GotAwaySafely
0x0822F0B8	rom	sText_PkmnFledUsingIts
0x0822F0D4	rom	sText_PkmnFledUsing
0x0822F0EC	rom	sText_WildPkmnFled
0x0822F100	rom	sText_PlayerDefeatedLinkTrainer
0x0822F114	rom	sText_TwoLinkTrainersDefeated
0x0822F12C	rom	sText_PlayerLostAgainstLinkTrainer
0x0822F144	rom	sText_PlayerLostToTwo
0x0822F160	rom	sText_PlayerBattledToDrawLinkTrainer
0x0822F188	rom	sText_PlayerBattledToDrawVsTwo
0x0822F1B4	rom	sText_WildFled
0x0822F1C4	rom	sText_TwoWildFled
0x0822F1D8	rom	sText_NoRunningFromTrainers
0x0822F208	rom	sText_CantEscape
0x0822F218	rom	sText_DontLeaveBirch
0x0822F21C	rom	sText_ButNothingHappened
0x0822F234	rom	sText_ButItFailed
0x0822F244	rom	sText_ItHurtConfusion
0x0822F268	rom	sText_MirrorMoveFailed
0x0822F280	rom	sText_StartedToRain
0x0822F294	rom	sText_DownpourStarted
0x0822F2A8	rom	sText_RainContinues
0x0822F2C0	rom	sText_DownpourContinues
0x0822F2D8	rom	sText_RainStopped
0x0822F2EC	rom	sText_SandstormBrewed
0x0822F300	rom	sText_SandstormRages
0x0822F318	rom	sText_SandstormSubsided
0x0822F330	rom	sText_SunlightGotBright
0x0822F34C	rom	sText_SunlightStrong
0x0822F364	rom	sText_SunlightFaded
0x0822F378	rom	sText_StartedHail
0x0822F38C	rom	sText_HailContinues
0x0822F3A4	rom	sText_HailStopped
0x0822F3B8	rom	sText_FailedToSpitUp
0x0822F3DC	rom	sText_FailedToSwallow
0x0822F400	rom	sText_WindBecameHeatWave
0x0822F424	rom	sText_StatChangesGone
0x0822F448	rom	sText_CoinsScattered
0x0822F464	rom	sText_TooWeakForSubstitute
0x0822F48C	rom	sText_SharedPain
0x0822F4AC	rom	sText_BellChimed
0x0822F4BC	rom	sText_FaintInThree
0x0822F4EC	rom	sText_NoPPLeft
0x0822F510	rom	sText_ButNoPPLeft
0x0822F538	rom	sText_PkmnIgnoresAsleep
0x0822F558	rom	sText_PkmnIgnoredOrders
0x0822F56C	rom	sText_PkmnBeganToNap
0x0822F580	rom	sText_PkmnLoafing
0x0822F598	rom	sText_PkmnWontObey
0x0822F5A8	rom	sText_PkmnTurnedAway
0x0822F5B8	rom	sText_PkmnPretendNotNotice
0x0822F5D4	rom	sText_EnemyAboutToSwitchPkmn
0x0822F608	rom	sText_EnemyAboutToSwitchPkmnNoPredict
0x0822F644	rom	sText_PkmnLearnedMove2
0x0822F654	rom	sText_PlayerDefeatedLinkTrainerTrainer1
0x0822F66C	rom	sText_ThrewARock
0x0822F688	rom	sText_ThrewSomeBait
0x0822F6A8	rom	sText_PkmnWatchingCarefully
0x0822F6C4	rom	sText_PkmnIsAngry
0x0822F6D4	rom	sText_PkmnIsEating
0x0822F6E4	rom	sText_OutOfSafariBalls
0x0822F71C	rom	sText_WildPkmnAppeared
0x0822F730	rom	sText_WildPkmnAppeared2
0x0822F744	rom	sText_WildPkmnAppearedPause
0x0822F75C	rom	sText_TwoWildPkmnAppeared
0x0822F778	rom	sText_GhostAppearedCantId
0x0822F7AC	rom	sText_TheGhostAppeared
0x0822F7C4	rom	sText_SilphScopeUnveil
0x0822F7F0	rom	sText_TheGhostWas
0x0822F80C	rom	sText_Trainer1WantsToBattle
0x0822F82C	rom	sText_LinkTrainerWantsToBattle
0x0822F840	rom	sText_TwoLinkTrainersWantToBattle
0x0822F85C	rom	sText_Trainer1SentOutPkmn
0x0822F874	rom	sText_Trainer1SentOutTwoPkmn
0x0822F894	rom	sText_Trainer1SentOutPkmn2
0x0822F8A8	rom	sText_LinkTrainerSentOutPkmn
0x0822F8B8	rom	sText_LinkTrainerSentOutTwoPkmn
0x0822F8D0	rom	sText_TwoLinkTrainersSentOutPkmn
0x0822F8F0	rom	sText_LinkTrainerSentOutPkmn2
0x0822F900	rom	sText_LinkTrainerMultiSentOutPkmn
0x0822F910	rom	sText_GoPkmn
0x0822F918	rom	sText_GoTwoPkmn
0x0822F928	rom	sText_GoPkmn2
0x0822F930	rom	sText_DoItPkmn
0x0822F93C	rom	sText_GoForItPkmn
0x0822F94C	rom	sText_YourFoesWeakGetEmPkmn
0x0822F96C	rom	sText_LinkPartnerSentOutPkmnGoPkmn
0x0822F984	rom	sText_PkmnThatsEnough
0x0822F9A4	rom	sText_PkmnComeBack
0x0822F9B4	rom	sText_PkmnOkComeBack
0x0822F9C8	rom	sText_PkmnGoodComeBack
0x0822F9E0	rom	sText_Trainer1WithdrewPkmn
0x0822F9F4	rom	sText_LinkTrainer1WithdrewPkmn
0x0822FA04	rom	sText_LinkTrainer2WithdrewPkmn
0x0822FA14	rom	sText_WildPkmnPrefix
0x0822FA1C	rom	sText_FoePkmnPrefix
0x0822FA24	rom	sText_FoePkmnPrefix2
0x0822FA28	rom	sText_AllyPkmnPrefix
0x0822FA30	rom	sText_FoePkmnPrefix3
0x0822FA34	rom	sText_AllyPkmnPrefix2
0x0822FA3C	rom	sText_FoePkmnPrefix4
0x0822FA40	rom	sText_AllyPkmnPrefix3
0x0822FA48	rom	sText_AttackerUsedX
0x0822FA54	rom	sText_MonPickedUpItem
0x0822FA78	rom	sText_MonPickedUpItemSolo
0x0822FA8C	rom	sText_LinkTrainerSentOutPkmnTitle
0x0822FA9C	rom	sText_LinkTrainerSentOutTwoPkmnTitle
0x0822FAB4	rom	sText_LinkPartnerSentOutPkmnGoPkmnTitle
0x0822FACC	rom	sText_TwoLinkTrainersSentOutPkmnYY
0x0822FAEC	rom	sText_TwoLinkTrainersSentOutPkmnYN
0x0822FB0C	rom	sText_TwoLinkTrainersSentOutPkmnNY
0x0822FB2C	rom	sText_LinkTrainer1WithdrewPkmnTitle
0x0822FB3C	rom	sText_LinkTrainer2WithdrewPkmnTitle
0x0822FB4C	rom	sText_LinkTrainerSentOutPkmn2Title
0x0822FB5C	rom	sText_LinkTrainerMultiSentOutPkmnTitle
0x0822FB6C	rom	sText_TwoLinkTrainersWantToBattleYY
0x0822FB88	rom	sText_TwoLinkTrainersWantToBattleYN
0x0822FBA4	rom	sText_HP2
0x0822FBA8	rom	sText_Attack2
0x0822FBB0	rom	sText_Defense2
0x0822FBB8	rom	sText_Speed
0x0822FBC0	rom	sText_SpAtk2
0x0822FBC8	rom	sText_SpDef2
0x0822FBD0	rom	sText_Accuracy
0x0822FBDC	rom	sText_Evasiveness
0x0822FBE8	rom	gStatNamesTable
0x0822FC08	rom	sText_PokeblockWasTooSpicy
0x0822FC18	rom	sText_PokeblockWasTooDry
0x0822FC28	rom	sText_PokeblockWasTooSweet
0x0822FC38	rom	sText_PokeblockWasTooBitter
0x0822FC48	rom	sText_PokeblockWasTooSour
0x0822FC58	rom	gPokeblockWasTooXStringTable
0x0822FC6C	rom	sText_PlayerUsedItem
0x0822FC78	rom	sText_OldManUsedItem
0x0822FC90	rom	sText_PokedudeUsedItem
0x0822FCA8	rom	sText_Trainer1UsedItem
0x0822FCB8	rom	sText_TrainerBlockedBall
0x0822FCD8	rom	sText_DontBeAThief
0x0822FCEC	rom	sText_ItDodgedBall
0x0822FD28	rom	sText_YouMissedPkmn
0x0822FD40	rom	sText_PkmnBrokeFree
0x0822FD60	rom	sText_ItAppearedCaught
0x0822FD80	rom	sText_AarghAlmostHadIt
0x0822FD98	rom	sText_ShootSoClose
0x0822FDB8	rom	sText_GotchaPkmnCaught
0x0822FDD8	rom	sText_GotchaPkmnCaught2
0x0822FDF8	rom	sText_GiveNicknameCaptured
0x0822FE1C	rom	sText_PkmnSentToPC
0x0822FE34	rom	sText_Someones
0x0822FE40	rom	sText_Bills
0x0822FE48	rom	sText_PkmnDataAddedToDex
0x0822FE70	rom	sText_ItIsRaining
0x0822FE80	rom	sText_SandstormIsRaging
0x0822FE98	rom	sText_BoxIsFull
0x0822FEC4	rom	sText_EnigmaBerry
0x0822FED4	rom	sText_BerrySuffix
0x0822FEDC	rom	sText_PkmnsItemCuredParalysis
0x0822FEF8	rom	sText_PkmnsItemCuredPoison
0x0822FF10	rom	sText_PkmnsItemHealedBurn
0x0822FF2C	rom	sText_PkmnsItemDefrostedIt
0x0822FF44	rom	sText_PkmnsItemWokeIt
0x0822FF64	rom	sText_PkmnsItemSnappedOut
0x0822FF8C	rom	sText_PkmnsItemCuredProblem
0x0822FFAC	rom	sText_PkmnsItemNormalizedStatus
0x0822FFCC	rom	sText_PkmnsItemRestoredHealth
0x0822FFE8	rom	sText_PkmnsItemRestoredPP
0x08230004	rom	sText_PkmnsItemRestoredStatus
0x08230024	rom	sText_PkmnsItemRestoredHPALittle
0x08230048	rom	sText_ItemAllowsOnlyYMove
0x08230070	rom	sText_PkmnHungOnWithX
0x0823008C	rom	gText_EmptyString3
0x08230090	rom	sText_PlayedFluteCatchyTune
0x082300C0	rom	sText_PlayedThe
0x082300D4	rom	sText_PkmnHearingFluteAwoke
0x082300FC	rom	sText_YouThrowABallNowRight
0x08230130	rom	gText_ForPetesSake
0x082301E0	rom	gText_TheTrainerThat
0x08230240	rom	gText_TryBattling
0x082302AC	rom	gText_InflictingDamageIsKey
0x082302EC	rom	gText_LoweringStats
0x0823032C	rom	gText_KeepAnEyeOnHP
0x08230380	rom	gText_OakNoRunningFromATrainer
0x082303C4	rom	gText_WinEarnsPrizeMoney
0x0823044C	rom	gText_HowDissapointing
0x0823059C	rom	gText_GrandMaster
0x082305AC	rom	gText_Master
0x082305B8	rom	gBattleStringsTable
0x08230BAC	rom	gMissStringIds
0x08230BB8	rom	gNoEscapeStringIds
0x08230BC4	rom	gMoveWeatherChangeStringIds
0x08230BD0	rom	gSandstormHailContinuesStringIds
0x08230BD4	rom	gSandstormHailDmgStringIds
0x08230BD8	rom	gSandstormHailEndStringIds
0x08230BDC	rom	gRainContinuesStringIds
0x08230BE4	rom	gProtectLikeUsedStringIds
0x08230BEC	rom	gReflectLightScreenSafeguardStringIds
0x08230BF8	rom	gLeechSeedStringIds
0x08230C04	rom	gRestUsedStringIds
0x08230C08	rom	gUproarOverTurnStringIds
0x08230C0C	rom	gStockpileUsedStringIds
0x08230C10	rom	gWokeUpStringIds
0x08230C14	rom	gSwallowFailStringIds
0x08230C18	rom	gUproarAwakeStringIds
0x08230C20	rom	gStatUpStringIds
0x08230C2C	rom	gStatDownStringIds
0x08230C34	rom	gFirstTurnOfTwoStringIds
0x08230C44	rom	gWrappedStringIds
0x08230C50	rom	gMistUsedStringIds
0x08230C54	rom	gFocusEnergyUsedStringIds
0x08230C58	rom	gTransformUsedStringIds
0x08230C5C	rom	gSubstituteUsedStringIds
0x08230C60	rom	gGotPoisonedStringIds
0x08230C64	rom	gGotParalyzedStringIds
0x08230C68	rom	gFellAsleepStringIds
0x08230C6C	rom	gGotBurnedStringIds
0x08230C70	rom	gGotFrozenStringIds
0x08230C74	rom	gGotDefrostedStringIds
0x08230C78	rom	gKOFailedStringIds
0x08230C7C	rom	gAttractUsedStringIds
0x08230C80	rom	gAbsorbDrainStringIds
0x08230C84	rom	gSportsUsedStringIds
0x08230C88	rom	gPartyStatusHealStringIds
0x08230C94	rom	gFutureMoveUsedStringIds
0x08230C98	rom	gBallEscapeStringIds
0x08230CA0	rom	gWeatherStartsStringIds
0x08230CC0	rom	gInobedientStringIds
0x08230CC8	rom	gSafariReactionStringIds
0x08230CD0	rom	gTrainerItemCuredStatusStringIds
0x08230CDC	rom	gBerryEffectStringIds
0x08230CE0	rom	gBRNPreventionStringIds
0x08230CE8	rom	gPRLZPreventionStringIds
0x08230CF0	rom	gPSNPreventionStringIds
0x08230CF8	rom	gItemSwapStringIds
0x08230D00	rom	gFlashFireStringIds
0x08230D04	rom	gCaughtMonStringIds
0x08230D0C	rom	gDoubleBattleRecallStrings
0x08230D14	rom	gTrappingMoves
0x08230D24	rom	gText_PkmnIsEvolving
0x08230D3C	rom	gText_CongratsPkmnEvolved
0x08230D6C	rom	gText_PkmnStoppedEvolving
0x08230D88	rom	gText_EllipsisQuestionMark
0x08230D90	rom	gText_WhatWillPkmnDo
0x08230DA4	rom	gText_WhatWillPlayerThrow
0x08230DB8	rom	gText_WhatWillOldManDo
0x08230DD4	rom	gText_LinkStandby
0x08230DE8	rom	gText_BattleMenu
0x08230E0C	rom	gText_SafariZoneMenu
0x08230E2C	rom	gText_MoveInterfacePP
0x08230E30	rom	gText_MoveInterfaceType
0x08230E38	rom	gText_MoveInterfaceDynamicColors
0x08230E44	rom	gText_BattleYesNoChoice
0x08230E54	rom	gText_BattleSwitchWhich
0x08230E6C	rom	sText_UnusedColors
0x08230E78	rom	sText_RightArrow2
0x08230E7C	rom	sText_Plus
0x08230E80	rom	sText_Dash
0x08230E84	rom	sText_MaxHP
0x08230E94	rom	sText_Attack
0x08230E9C	rom	sText_Defense
0x08230EA4	rom	sText_SpAtk
0x08230EAC	rom	sText_SpDef
0x08230EB4	rom	sStatNamesTable2
0x08230ECC	rom	gText_SafariBalls
0x08230EDC	rom	gText_HighlightRed_Left
0x08230EE8	rom	gText_HighlightRed
0x08230EEC	rom	gText_Sleep
0x08230EF4	rom	gText_Poison
0x08230EFC	rom	gText_Burn
0x08230F04	rom	gText_Paralysis
0x08230F10	rom	gText_Ice
0x08230F14	rom	gText_Confusion
0x08230F20	rom	gText_Love
0x08230F28	rom	gText_BattleTowerBan_Space
0x08230F2C	rom	gText_BattleTowerBan_Newline1
0x08230F30	rom	gText_BattleTowerBan_Newline2
0x08230F34	rom	gText_BattleTowerBan_Is1
0x08230F38	rom	gText_BattleTowerBan_Is2
0x08230F3C	rom	gText_BadEgg
0x08230F44	rom	gText_BattleWallyName
0x08230F48	rom	gText_Win
0x08230F50	rom	gText_Loss
0x08230F58	rom	gText_Draw
0x08230F60	rom	sText_SpaceIs
0x08230F64	rom	sText_ApostropheS
0x08230F68	rom	gText_ANormalMove
0x08230F78	rom	gText_AFightingMove
0x08230F88	rom	gText_AFlyingMove
0x08230F98	rom	gText_APoisonMove
0x08230FA8	rom	gText_AGroundMove
0x08230FB8	rom	gText_ARockMove
0x08230FC4	rom	gText_ABugMove
0x08230FD0	rom	gText_AGhostMove
0x08230FE0	rom	gText_ASteelMove
0x08230FF0	rom	gText_AMysteryMove
0x08230FFC	rom	gText_AFireMove
0x08231008	rom	gText_AWaterMove
0x08231018	rom	gText_AGrassMove
0x08231028	rom	gText_AnElectricMove
0x0823103C	rom	gText_APsychicMove
0x0823104C	rom	gText_AnIceMove
0x08231058	rom	gText_ADragonMove
0x08231068	rom	gText_ADarkMove
0x08231074	rom	gText_TimeBoard
0x08231080	rom	gText_ClearTime
0x0823108C	rom	gText_XMinYZSec
0x082310A0	rom	gText_Unused_1F
0x082310A4	rom	gText_Unused_2F
0x082310A8	rom	gText_Unused_3F
0x082310AC	rom	gText_Unused_4F
0x082310B0	rom	gText_Unused_5F
0x082310B4	rom	gText_Unused_6F
0x082310B8	rom	gText_Unused_7F
0x082310BC	rom	gText_Unused_8F
0x082310C0	rom	gTrainerTowerChallengeTypeTexts
0x082310D0	rom	sText_Trainer1Fled
0x082310E0	rom	sText_PlayerLostAgainstTrainer1
0x082310FC	rom	sText_PlayerBattledToDrawTrainer1
0x08231124	rom	sATypeMove_Table
0x08231274	rom	sTextOnWindowsInfo_Normal
0x082313A0	rom	sNpcTextColorToFont
0x082313A4	rom	CSWTCH.153
0x082313B0	rom	CSWTCH.154
0x082313BC	rom	CSWTCH.155
0x08231C94	rom	sTiles
0x08231D54	rom	sPalette
0x08231D74	rom	sTilemap
0x08232574	rom	sWindowTemplates
0x08232584	rom	sTextColor
0x08232588	rom	sBgTemplates
0x08232590	rom	sFrontierResultsWindowTemplate
0x08232598	rom	sStringVars
0x082325C4	rom	gBattleScriptingCommandsTable
0x082329A4	rom	sAccuracyStageRatios
0x082329D8	rom	sCriticalHitChance
0x082329E4	rom	sStatusFlagsForMoveEffects
0x08232AD4	rom	sMoveEffectBS_Ptrs
0x08232B70	rom	sUnusedWinTemplate
0x08232B78	rom	sLevelUpBanner_Pal
0x08232B98	rom	sLevelUpBanner_Gfx
0x08232C60	rom	sRubyLevelUpStatBoxStats
0x08232C68	rom	sOamData_MonIconOnLvlUpBanner
0x08232C70	rom	sSpriteTemplate_MonIconOnLvlUpBanner
0x08232C88	rom	sProtectSuccessRates
0x08232C90	rom	sMovesForbiddenToCopy
0x08232CB8	rom	sFlailHpScaleToPowerTable
0x08232CC4	rom	gNaturePowerMoves
0x08232CD8	rom	sWeightToDamageTable
0x08232CF0	rom	sPickupItems
0x08232D30	rom	sTerrainToType
0x08232D3C	rom	sBallCatchBonuses
0x08232D40	rom	sUnused
0x08233054	rom	sBattleTransitionTable_Wild
0x0823305C	rom	sBattleTransitionTable_Trainer
0x08233064	rom	sOrdinaryBattleParams
0x082330AC	rom	sContinueScriptBattleParams
0x082330F4	rom	sDoubleBattleParams
0x0823313C	rom	sOrdinaryNoIntroBattleParams
0x08233184	rom	sEarlyRivalBattleParams
0x082331CC	rom	sContinueScriptDoubleBattleParams
0x08233214	rom	NuzlockeLUT
0x082333B0	rom	sUnused
0x082333C4	rom	sSingleBattleTrainerInfo
0x08233510	rom	gBattleTowerTrainers
0x08233E70	rom	sBattleTowerHeldItems
0x08233EF0	rom	gBattleTowerLevel50Mons
0x082351B0	rom	gBattleTowerLevel100Mons
0x08236470	rom	sFemaleTrainerClasses
0x08236470	rom	sFemaleTrainerGfx
0x08236470	rom	sMaleTrainerClasses
0x08236470	rom	sMaleTrainerGfx
0x08236470	rom	gBattleTowerBannedSpecies
0x08236488	rom	sShortStreakPrizes
0x08236494	rom	sLongStreakPrizes
0x0823653C	rom	sBigPokeball_Gfx
0x08236ABC	rom	sSlidingPokeball_Tilemap
0x08236AFC	rom	sSlidingPokeball_Gfx
0x08236CFC	rom	sMugshotBanner_Gfx
0x08236EDC	rom	sUnusedBrendan_Gfx
0x082376DC	rom	sUnusedLass_Gfx
0x08237EDC	rom	sGridSquare_Gfx
0x082380BC	rom	sTasks_Intro
0x08238108	rom	sTasks_Main
0x08238154	rom	sTaskHandlers
0x08238164	rom	sBlur_Funcs
0x08238170	rom	sSwirl_Funcs
0x08238178	rom	sShuffle_Funcs
0x08238180	rom	sBigPokeball_Funcs
0x08238198	rom	sPokeballsTrail_Funcs
0x082381A4	rom	sPokeballsTrail_StartXCoords
0x082381A8	rom	sPokeballsTrail_Delays
0x082381B4	rom	sPokeballsTrail_Speeds
0x082381B8	rom	sClockwiseWipe_Funcs
0x082381D4	rom	sRipple_Funcs
0x082381DC	rom	sWave_Funcs
0x082381E8	rom	sSpiral_AngleData
0x08238208	rom	sSpiral_Funcs
0x08238210	rom	sMugshot_Funcs
0x08238238	rom	sMugshotsTrainerPicIDsTable
0x08238240	rom	sMugshotsOpponentRotationScales
0x08238258	rom	sMugshotsOpponentCoords
0x08238270	rom	sMugshotTrainerPicFuncs
0x0823828C	rom	sTrainerPicSlideSpeeds
0x08238290	rom	sTrainerPicSlideAccels
0x08238294	rom	sSlice_Funcs
0x082382A0	rom	sWhiteBarsFade_Funcs
0x082382B4	rom	sWhiteBarsFade_StartDelays
0x082382C0	rom	sGridSquares_Funcs
0x082382CC	rom	sAngledWipes_Funcs
0x082382E0	rom	sAngledWipes_MoveData
0x08238328	rom	sAngledWipes_EndDelays
0x08238338	rom	sTransitionIntroFuncs
0x08238340	rom	sSpriteImage_Pokeball
0x08238348	rom	sSpriteAnim_Pokeball
0x08238350	rom	sSpriteAnimTable_Pokeball
0x08238354	rom	sSpriteAffineAnim_Pokeball1
0x08238364	rom	sSpriteAffineAnim_Pokeball2
0x08238374	rom	sSpriteAffineAnimTable_Pokeball
0x0823837C	rom	sSpriteTemplate_Pokeball
0x08238394	rom	sOam_UnusedBrendanLass
0x0823839C	rom	sImageTable_UnusedBrendan
0x082383A4	rom	sImageTable_UnusedLass
0x082383AC	rom	sSpriteAnim_UnusedBrendanLass
0x082383B4	rom	sSpriteAnimTable_UnusedBrendanLass
0x082383B8	rom	sSpriteTemplate_UnusedBrendanLass
0x082383E8	rom	sFieldEffectPal_Pokeball
0x08238408	rom	gSpritePalette_Pokeball
0x08238410	rom	sMugshotPal_Lorelei
0x08238430	rom	sMugshotPal_Bruno
0x08238450	rom	sMugshotPal_Agatha
0x08238470	rom	sMugshotPal_Lance
0x08238490	rom	sMugshotPal_Blue
0x082384B0	rom	sMugshotPal_Red
0x082384D0	rom	sMugshotPal_Green
0x082384F0	rom	sOpponentMugshotsPals
0x08238508	rom	sPlayerMugshotsPals
0x08238510	rom	sUnusedTrainerPalette
0x08238530	rom	sSpritePalette_UnusedTrainer
0x08238538	rom	sBigPokeball_Tilemap
0x082389E8	rom	sMugshotsTilemap
0x08238EE8	rom	sSoundMovesTable
0x08239378	rom	sBitTable
0x08239380	rom	sSyncPressBonus
0x08239388	rom	sIntroOutroVibrationData
0x082393AC	rom	sVibrationData
0x082393C0	rom	sMessages
0x082393E4	rom	sBerryCrushCommands
0x0823944C	rom	sSparkleThresholds
0x0823945C	rom	sBigSparkleThresholds
0x08239460	rom	sReceivedPlayerBitmasks
0x08239464	rom	sBgTemplates
0x08239474	rom	sBerryCrushTextColorTable
0x08239488	rom	sWindowTemplate_BerryCrushRankings
0x08239490	rom	sWindowTemplates_PlayerNames
0x082394C0	rom	sWindowTemplates_Results
0x082394E0	rom	sResultsWindowHeights
0x082394E8	rom	sPressingSpeedConversionTable
0x08239508	rom	sBerryCrushCorePal
0x08239528	rom	sBerryCrushImpactAndSparklesPal
0x08239548	rom	sBerryCrushTimerPal
0x08239568	rom	sBerryCrushCoreTiles
0x08239894	rom	sBerryCrushImpactTiles
0x08239C10	rom	sBerryCrushPowderSparklesTiles
0x08239D5C	rom	sBerryCrushTimerTiles
0x08239E28	rom	sCrusherTop_Tilemap
0x08239F58	rom	sContainerCap_Tilemap
0x0823A0F0	rom	sBg_Tilemap
0x0823A318	rom	sPlayerIdToPosId
0x0823A32C	rom	sPlayerCoords
0x0823A368	rom	sImpactCoords
0x0823A370	rom	sSparkleCoords
0x0823A388	rom	sPlayerBerrySpriteTags
0x0823A394	rom	sSpriteSheets
0x0823A3BC	rom	sSpritePals
0x0823A3DC	rom	sAnim_CrusherBase
0x0823A3E4	rom	sAnim_Impact_Small
0x0823A3F4	rom	sAnim_Impact_Big
0x0823A408	rom	sAnim_Sparkle_Small
0x0823A424	rom	sAnim_Sparkle_Big
0x0823A448	rom	sAnim_Timer
0x0823A450	rom	sAnim_PlayerBerry
0x0823A458	rom	sAffineAnim_PlayerBerry_0
0x0823A470	rom	sAffineAnim_PlayerBerry_1
0x0823A488	rom	sAnimTable_BerryCrushCore
0x0823A48C	rom	sAnimTable_BerryCrushImpact
0x0823A494	rom	sAnimTable_BerryCrushPowderSparkles
0x0823A49C	rom	sAnimTable_BerryCrushTimer
0x0823A4A0	rom	sAnimTable_PlayerBerry
0x0823A4A4	rom	sAffineAnimTable_PlayerBerry
0x0823A4AC	rom	sSpriteTemplate_BerryCrushCore
0x0823A4C4	rom	sSpriteTemplate_BerryCrushImpact
0x0823A4DC	rom	sSpriteTemplate_BerryCrushPowderSparkles
0x0823A4F4	rom	sSpriteTemplate_BerryCrushTimer
0x0823A50C	rom	sSpriteTemplate_PlayerBerry
0x0823A524	rom	sDigitObjTemplates
0x0823A554	rom	sBCRankingHeaders
0x0823A660	rom	sBerryFixGraphics
0x0823A6D4	rom	sBgTemplates
0x0823A6E0	rom	sBerryPouchContextMenuTasks
0x0823A6F4	rom	sYesNoFuncs_Toss
0x0823A6FC	rom	sYesNoFuncs_Sell
0x0823A704	rom	sContextMenuActions
0x0823A72C	rom	sOptions_UseGiveTossExit
0x0823A730	rom	sOptions_GiveExit
0x0823A734	rom	sOptions_Exit
0x0823A738	rom	sOptions_UseToss_Exit
0x0823A73C	rom	sText_Space
0x0823A740	rom	sWindowTemplates_Main
0x0823A760	rom	sWindowTemplates_Variable
0x0823A7D0	rom	sTextColors
0x0823A7DC	rom	sOamData
0x0823A7E4	rom	sSpriteAnim_Dummy
0x0823A7EC	rom	sSpriteAnimTable
0x0823A7F0	rom	sSpriteAffineAnim_Static
0x0823A800	rom	sSpriteAffineAnim_Wobble
0x0823A828	rom	sSpriteAffineAnimTable
0x0823A830	rom	sBerryPouchSpriteSheet
0x0823A838	rom	sBerryPouchSpritePal
0x0823A840	rom	sSpriteTemplate_BerryPouch
0x0823A8A4	rom	sBerryDescriptionPart1_Cheri
0x0823A8B8	rom	sBerryDescriptionPart2_Cheri
0x0823A8CC	rom	sBerryDescriptionPart1_Chesto
0x0823A8E4	rom	sBerryDescriptionPart2_Chesto
0x0823A8F8	rom	sBerryDescriptionPart1_Pecha
0x0823A908	rom	sBerryDescriptionPart2_Pecha
0x0823A920	rom	sBerryDescriptionPart1_Rawst
0x0823A938	rom	sBerryDescriptionPart2_Rawst
0x0823A94C	rom	sBerryDescriptionPart1_Aspear
0x0823A964	rom	sBerryDescriptionPart2_Aspear
0x0823A97C	rom	sBerryDescriptionPart1_Leppa
0x0823A994	rom	sBerryDescriptionPart2_Leppa
0x0823A9AC	rom	sBerryDescriptionPart1_Oran
0x0823A9C4	rom	sBerryDescriptionPart2_Oran
0x0823A9D8	rom	sBerryDescriptionPart1_Persim
0x0823A9EC	rom	sBerryDescriptionPart2_Persim
0x0823AA00	rom	sBerryDescriptionPart1_Lum
0x0823AA18	rom	sBerryDescriptionPart2_Lum
0x0823AA30	rom	sBerryDescriptionPart1_Sitrus
0x0823AA48	rom	sBerryDescriptionPart2_Sitrus
0x0823AA5C	rom	sBerryDescriptionPart1_Figy
0x0823AA74	rom	sBerryDescriptionPart2_Figy
0x0823AA88	rom	sBerryDescriptionPart1_Wiki
0x0823AAA0	rom	sBerryDescriptionPart2_Wiki
0x0823AAB8	rom	sBerryDescriptionPart1_Mago
0x0823AAD0	rom	sBerryDescriptionPart2_Mago
0x0823AAE4	rom	sBerryDescriptionPart1_Aguav
0x0823AAFC	rom	sBerryDescriptionPart2_Aguav
0x0823AB14	rom	sBerryDescriptionPart1_Iapapa
0x0823AB28	rom	sBerryDescriptionPart2_Iapapa
0x0823AB40	rom	sBerryDescriptionPart1_Razz
0x0823AB58	rom	sBerryDescriptionPart2_Razz
0x0823AB70	rom	sBerryDescriptionPart1_Bluk
0x0823AB84	rom	sBerryDescriptionPart2_Bluk
0x0823AB98	rom	sBerryDescriptionPart1_Nanab
0x0823ABB0	rom	sBerryDescriptionPart2_Nanab
0x0823ABC8	rom	sBerryDescriptionPart1_Wepear
0x0823ABE0	rom	sBerryDescriptionPart2_Wepear
0x0823ABF8	rom	sBerryDescriptionPart1_Pinap
0x0823AC0C	rom	sBerryDescriptionPart2_Pinap
0x0823AC24	rom	sBerryDescriptionPart1_Pomeg
0x0823AC38	rom	sBerryDescriptionPart2_Pomeg
0x0823AC4C	rom	sBerryDescriptionPart1_Kelpsy
0x0823AC60	rom	sBerryDescriptionPart2_Kelpsy
0x0823AC78	rom	sBerryDescriptionPart1_Qualot
0x0823AC90	rom	sBerryDescriptionPart2_Qualot
0x0823ACA4	rom	sBerryDescriptionPart1_Hondew
0x0823ACBC	rom	sBerryDescriptionPart2_Hondew
0x0823ACD0	rom	sBerryDescriptionPart1_Grepa
0x0823ACE4	rom	sBerryDescriptionPart2_Grepa
0x0823ACF8	rom	sBerryDescriptionPart1_Tamato
0x0823AD10	rom	sBerryDescriptionPart2_Tamato
0x0823AD24	rom	sBerryDescriptionPart1_Cornn
0x0823AD38	rom	sBerryDescriptionPart2_Cornn
0x0823AD50	rom	sBerryDescriptionPart1_Magost
0x0823AD64	rom	sBerryDescriptionPart2_Magost
0x0823AD70	rom	sBerryDescriptionPart1_Rabuta
0x0823AD88	rom	sBerryDescriptionPart2_Rabuta
0x0823AD98	rom	sBerryDescriptionPart1_Nomel
0x0823ADAC	rom	sBerryDescriptionPart2_Nomel
0x0823ADC4	rom	sBerryDescriptionPart1_Spelon
0x0823ADDC	rom	sBerryDescriptionPart2_Spelon
0x0823ADF4	rom	sBerryDescriptionPart1_Pamtre
0x0823AE0C	rom	sBerryDescriptionPart2_Pamtre
0x0823AE24	rom	sBerryDescriptionPart1_Watmel
0x0823AE3C	rom	sBerryDescriptionPart2_Watmel
0x0823AE54	rom	sBerryDescriptionPart1_Durin
0x0823AE6C	rom	sBerryDescriptionPart2_Durin
0x0823AE84	rom	sBerryDescriptionPart1_Belue
0x0823AE9C	rom	sBerryDescriptionPart2_Belue
0x0823AEB4	rom	sBerryDescriptionPart1_Liechi
0x0823AEC8	rom	sBerryDescriptionPart2_Liechi
0x0823AEE0	rom	sBerryDescriptionPart1_Ganlon
0x0823AEF4	rom	sBerryDescriptionPart2_Ganlon
0x0823AF0C	rom	sBerryDescriptionPart1_Salac
0x0823AF20	rom	sBerryDescriptionPart2_Salac
0x0823AF38	rom	sBerryDescriptionPart1_Petaya
0x0823AF4C	rom	sBerryDescriptionPart2_Petaya
0x0823AF64	rom	sBerryDescriptionPart1_Apicot
0x0823AF78	rom	sBerryDescriptionPart2_Apicot
0x0823AF90	rom	sBerryDescriptionPart1_Lansat
0x0823AFA8	rom	sBerryDescriptionPart2_Lansat
0x0823AFC0	rom	sBerryDescriptionPart1_Starf
0x0823AFD4	rom	sBerryDescriptionPart2_Starf
0x0823AFEC	rom	sBerryDescriptionPart1_Enigma
0x0823AFFC	rom	sBerryDescriptionPart2_Enigma
0x0823B010	rom	gBerries
0x0823B4C4	rom	gBerryCrush_BerryData
0x0823B570	rom	gBlankBerryTree
0x0823B578	rom	gBGControlRegs
0x0823B588	rom	gBGHOffsetRegs
0x0823B598	rom	gBGVOffsetRegs
0x0823B5A8	rom	gDISPCNTBGFlags
0x0823B5B0	rom	gOverworldBackgroundLayerFlags
0x0823B5B8	rom	gBLDCNTTarget1BGFlags
0x0823B5C0	rom	gBGControlRegOffsets
0x0823B5C4	rom	gBGHOffsetRegOffsets
0x0823B5C8	rom	gBGVOffsetRegOffsets
0x0823B5CC	rom	sZeroedBgControlStruct
0x0823B65C	rom	CSWTCH.78
0x0823B66C	rom	sBikeTransitions
0x0823B680	rom	sBikeInputHandlers
0x0823B68C	rom	sAcroBikeJumpTimerList
0x0823B690	rom	sAcroBikeTricksList
0x0823B700	rom	sScrollDistances
0x0823B704	rom	sBrailleGlyphs
0x0823C784	rom	sShopBuyMenuWindowTemplatesNormal
0x0823C7BC	rom	sShopBuyMenuWindowTemplatesTM
0x0823C7FC	rom	sShopBuyMenuYesNoWindowTemplate
0x0823C804	rom	sShopBuyMenuTextColors
0x0823C810	rom	sBgTemplates
0x0823C820	rom	sGround_Tilemap
0x0823C978	rom	sTrees_Tilemap
0x0823CAFC	rom	sBgMountains_Tilemap
0x0823CCC0	rom	sPylonHook_TilemapEntries
0x0823CCD4	rom	sPylonStems_Tilemap
0x0823CCF8	rom	sSpriteSheets
0x0823CD18	rom	sSpritePalettes
0x0823CD28	rom	sOam_CableCar
0x0823CD30	rom	sOam_CableCarDoor
0x0823CD38	rom	sOam_Cable
0x0823CD40	rom	sSpriteTemplate_CableCar
0x0823CD70	rom	sSpriteTemplate_Cable
0x0823CDB0	rom	sWindowTemplate_LinkPlayerCount
0x0823CDB8	rom	sTrainerCardColorNames
0x0823CE34	rom	sBgTemplates
0x0823CE38	rom	sWindowTemplates
0x0823CE50	rom	sTextColor
0x0823CE6C	rom	sWeatherCoordEventFuncs
0x0823CED4	rom	sBgTemplates_MonSceneOrTheEnd
0x0823CEE0	rom	sWindowTemplates_Charizard
0x0823CF00	rom	sWindowTemplates_Venusaur
0x0823CF20	rom	sWindowTemplates_Blastoise
0x0823CF40	rom	sWindowTemplates_Pikachu
0x0823CF60	rom	sCreditsMonCircle_Pal
0x0823CF80	rom	sCreditsMonCircle_Tiles
0x0823D384	rom	sCreditsMonCircle_Tilemap
0x0823D4BC	rom	sCharizard1_Tiles
0x0823DB58	rom	sCharizard2_Tiles
0x0823E53C	rom	sVenusaurUnused_Tiles
0x0823EA88	rom	sVenusaur1_Tiles
0x0823F234	rom	sVenusaur2_Tiles
0x0823FB70	rom	sBlastoise1_Tiles
0x08240274	rom	sBlastoise2_Tiles
0x08240AC8	rom	sPikachu1_Tiles
0x08240EE4	rom	sPikachu2_Tiles
0x0824142C	rom	sUnused
0x08241430	rom	sTheEnd_Pal
0x08241450	rom	sTheEnd_Tiles
0x082414C4	rom	sTheEnd_Tilemap
0x0824160C	rom	sCopyrightOrTheEndGfxHeaders
0x08241624	rom	sCreditsScript
0x0824172C	rom	sTextColor_Unused
0x08241730	rom	sTextColor_Header
0x08241734	rom	sTextColor_Regular
0x08241738	rom	sCreditsWindowTemplate
0x08241740	rom	sPlayerMale_Pal
0x08241760	rom	sPlayerMale_Tiles
0x08242528	rom	sPlayerFemale_Pal
0x08242548	rom	sPlayerFemale_Tiles
0x082432D0	rom	sRival_Pal
0x082432F0	rom	sRival_Tiles
0x08243C48	rom	sGround_Grass_Pal
0x08243C68	rom	sGround_Grass_Tiles
0x08244184	rom	sGround_Dirt_Pal
0x082441A4	rom	sGround_Dirt_Tiles
0x082446C8	rom	sGround_City_Pal
0x082446E8	rom	sGround_City_Tiles
0x08244C4C	rom	sPlayerRivalSpriteParams
0x08244C6C	rom	sOamData_PlayerOrRival
0x08244C74	rom	sAnimCmds_PlayerOrRival
0x08244C90	rom	sAnimCmdTable_PlayerOrRival
0x08244C94	rom	sPlayerOrRivalSpriteTemplate
0x08244CAC	rom	sOamData_Ground
0x08244CB4	rom	sAnimCmds_GroundRunning
0x08244CD8	rom	sAnimCmds_GroundStatic
0x08244CE0	rom	sAnimCmdTable_GroundRunning
0x08244CE4	rom	sAnimCmdTable_GroundStatic
0x08244CE8	rom	sGroundSpriteTemplate_Running
0x08244D00	rom	sGroundSpriteTemplate_Static
0x08244D18	rom	sOverworldCmd_Route23
0x08244D38	rom	sOverworldCmd_ViridianCity
0x08244D58	rom	sOverworldCmd_PewterCity
0x08244D78	rom	sOverworldCmd_CeruleanCity
0x08244D98	rom	sOverworldCmd_Route25
0x08244DB8	rom	sOverworldCmd_VermilionCity
0x08244DD8	rom	sOverworldCmd_Route10
0x08244DF8	rom	sOverworldCmd_CeladonCity
0x08244E18	rom	sOverworldCmd_SaffronCity
0x08244E38	rom	sOverworldCmd_Route17
0x08244E58	rom	sOverworldCmd_FuchsiaCity
0x08244E78	rom	sOverworldCmd_CinnabarIsland
0x08244E98	rom	sOverworldCmd_Route21
0x08244EB8	rom	sOverworldMapScenes
0x08244EEC	rom	sCreditsTexts
0x0824517C	rom	CSWTCH.169
0x08245184	rom	CSWTCH.177
0x08245194	rom	gBattlerPicTable_PlayerLeft
0x082451B4	rom	gBattlerPicTable_OpponentLeft
0x082451D4	rom	gBattlerPicTable_PlayerRight
0x082451F4	rom	gBattlerPicTable_OpponentRight
0x08245214	rom	gTrainerBackPicTable_Red
0x0824523C	rom	gTrainerBackPicTable_Leaf
0x08245264	rom	gTrainerBackPicTable_Pokedude
0x08245284	rom	gTrainerBackPicTable_OldMan
0x082452A4	rom	gTrainerBackPicTable_RSBrendan
0x082452C4	rom	gTrainerBackPicTable_RSMay
0x082452E4	rom	gTrainerBackPicTable_EmBrendan
0x08245304	rom	gTrainerBackPicTable_EmMay
0x08245324	rom	sAnim_GeneralFrame0
0x0824532C	rom	sAnim_GeneralFrame3
0x08245334	rom	sAffineAnim_Battler_Normal
0x08245344	rom	sAffineAnim_Battler_Flipped
0x08245354	rom	sAffineAnim_Battler_Emerge
0x0824536C	rom	sAffineAnim_Battler_Return
0x08245384	rom	sAffineAnim_Battler_HorizontalSquishLoop
0x082453A4	rom	sAffineAnim_Battler_Grow
0x082453B4	rom	sAffineAnim_Battler_Shrink
0x082453C4	rom	sAffineAnim_Battler_BigToSmall
0x082453DC	rom	sAffineAnim_Battler_GrowLarge
0x082453EC	rom	sAffineAnim_Battler_TipRight
0x08245404	rom	gAffineAnims_BattleSpritePlayerSide
0x08245428	rom	sAffineAnim_Battler_SpinShrink
0x08245438	rom	sAffineAnim_Battler_TipLeft
0x08245450	rom	sAffineAnim_Battler_RotateUpAndBack
0x08245470	rom	sAffineAnim_Battler_Spin
0x08245480	rom	gAffineAnims_BattleSpriteOpponentSide
0x082454AC	rom	gAffineAnims_BattleSpriteContest
0x082454D8	rom	sAnim_MonPic_0
0x082454E0	rom	sAnim_MonPic_1
0x082454E8	rom	sAnim_MonPic_2
0x082454F0	rom	sAnim_MonPic_3
0x082454F8	rom	gAnims_MonPic
0x08245508	rom	gMonFrontPicCoords
0x08245BE8	rom	gMonFrontPicTable
0x082469A8	rom	gMonBackPicCoords
0x08247088	rom	gMonBackPicTable
0x08247E48	rom	gMonPaletteTable
0x08248C08	rom	gMonShinyPaletteTable
0x082499C8	rom	sAnims_AquaLeaderArchie
0x082499CC	rom	sAnims_AquaGruntM
0x082499D0	rom	sAnims_AquaGruntF
0x082499D4	rom	sAnims_RSAromaLady
0x082499D8	rom	sAnims_RSRuinManiac
0x082499DC	rom	sAnims_Interviewer
0x082499E0	rom	sAnims_RSTuberF
0x082499E4	rom	sAnims_RSTuberM
0x082499E8	rom	sAnims_RSCooltrainerM
0x082499EC	rom	sAnims_RSCooltrainerF
0x082499F0	rom	sAnims_HexManiac
0x082499F4	rom	sAnims_RSLady
0x082499F8	rom	sAnims_RSBeauty
0x082499FC	rom	sAnims_RichBoy
0x08249A00	rom	sAnims_RSPokemaniac
0x08249A04	rom	sAnims_RSSwimmerM
0x08249A08	rom	sAnims_RSBlackBelt
0x08249A0C	rom	sAnims_Guitarist
0x08249A10	rom	sAnims_Kindler
0x08249A14	rom	sAnims_RSCamper
0x08249A18	rom	sAnims_BugManiac
0x08249A1C	rom	sAnims_RSPsychicM
0x08249A20	rom	sAnims_RSPsychicF
0x08249A24	rom	sAnims_RSGentleman
0x08249A28	rom	sAnims_EliteFourSidney
0x08249A2C	rom	sAnims_EliteFourPhoebe
0x08249A30	rom	sAnims_LeaderRoxanne
0x08249A34	rom	sAnims_LeaderBrawly
0x08249A38	rom	sAnims_LeaderTateAndLiza
0x08249A3C	rom	sAnims_SchoolKidM
0x08249A40	rom	sAnims_SchoolKidF
0x08249A44	rom	sAnims_SrAndJr
0x08249A48	rom	sAnims_PokefanM
0x08249A4C	rom	sAnims_PokefanF
0x08249A50	rom	sAnims_ExpertM
0x08249A54	rom	sAnims_ExpertF
0x08249A58	rom	sAnims_RSYoungster
0x08249A5C	rom	sAnims_ChampionSteven
0x08249A60	rom	sAnims_RSFisherman
0x08249A64	rom	sAnims_CyclingTriathleteM
0x08249A68	rom	sAnims_CyclingTriathleteF
0x08249A6C	rom	sAnims_RunningTriathleteM
0x08249A70	rom	sAnims_RunningTriathleteF
0x08249A74	rom	sAnims_SwimmingTriathleteM
0x08249A78	rom	sAnims_SwimmingTriathleteF
0x08249A7C	rom	sAnims_DragonTamer
0x08249A80	rom	sAnims_RSBirdKeeper
0x08249A84	rom	sAnims_NinjaBoy
0x08249A88	rom	sAnims_BattleGirl
0x08249A8C	rom	sAnims_ParasolLady
0x08249A90	rom	sAnims_RSSwimmerF
0x08249A94	rom	sAnims_RSPicnicker
0x08249A98	rom	sAnims_RSTwins
0x08249A9C	rom	sAnims_RSSailor
0x08249AA0	rom	sAnims_Collector
0x08249AA4	rom	sAnims_Wally
0x08249AA8	rom	sAnims_RSBrendan1
0x08249AAC	rom	sAnims_RSMay1
0x08249AB0	rom	sAnims_RSPokemonBreederM
0x08249AB4	rom	sAnims_RSPokemonBreederF
0x08249AB8	rom	sAnims_RSPokemonRangerM
0x08249ABC	rom	sAnims_RSPokemonRangerF
0x08249AC0	rom	sAnims_MagmaLeaderMaxie
0x08249AC4	rom	sAnims_MagmaGruntM
0x08249AC8	rom	sAnims_MagmaGruntF
0x08249ACC	rom	sAnims_RSLass
0x08249AD0	rom	sAnims_RSBugCatcher
0x08249AD4	rom	sAnims_RSHiker
0x08249AD8	rom	sAnims_RSYoungCouple
0x08249ADC	rom	sAnims_OldCouple
0x08249AE0	rom	sAnims_RSSisAndBro
0x08249AE4	rom	sAnims_AquaAdminM
0x08249AE8	rom	sAnims_AquaAdminF
0x08249AEC	rom	sAnims_MagmaAdminM
0x08249AF0	rom	sAnims_MagmaAdminF
0x08249AF4	rom	sAnims_LeaderWattson
0x08249AF8	rom	sAnims_LeaderFlannery
0x08249AFC	rom	sAnims_LeaderNorman
0x08249B00	rom	sAnims_LeaderWinona
0x08249B04	rom	sAnims_LeaderWallace
0x08249B08	rom	sAnims_EliteFourGlacia
0x08249B0C	rom	sAnims_EliteFourDrake
0x08249B10	rom	sAnims_Youngster
0x08249B14	rom	sAnims_BugCatcher
0x08249B18	rom	sAnims_Lass
0x08249B1C	rom	sAnims_Sailor
0x08249B20	rom	sAnims_Camper
0x08249B24	rom	sAnims_Picnicker
0x08249B28	rom	sAnims_Pokemaniac
0x08249B2C	rom	sAnims_SuperNerd
0x08249B30	rom	sAnims_Hiker
0x08249B34	rom	sAnims_Biker
0x08249B38	rom	sAnims_Burglar
0x08249B3C	rom	sAnims_Engineer
0x08249B40	rom	sAnims_Fisherman
0x08249B44	rom	sAnims_SwimmerM
0x08249B48	rom	sAnims_CueBall
0x08249B4C	rom	sAnims_Gamer
0x08249B50	rom	sAnims_Beauty
0x08249B54	rom	sAnims_SwimmerF
0x08249B58	rom	sAnims_PsychicM
0x08249B5C	rom	sAnims_Rocker
0x08249B60	rom	sAnims_Juggler
0x08249B64	rom	sAnims_Tamer
0x08249B68	rom	sAnims_BirdKeeper
0x08249B6C	rom	sAnims_BlackBelt
0x08249B70	rom	sAnims_RivalEarly
0x08249B74	rom	sAnims_Scientist
0x08249B78	rom	sAnims_LeaderGiovanni
0x08249B7C	rom	sAnims_RocketGruntM
0x08249B80	rom	sAnims_CooltrainerM
0x08249B84	rom	sAnims_CooltrainerF
0x08249B88	rom	sAnims_EliteFourLorelei
0x08249B8C	rom	sAnims_EliteFourBruno
0x08249B90	rom	sAnims_EliteFourAgatha
0x08249B94	rom	sAnims_EliteFourLance
0x08249B98	rom	sAnims_LeaderBrock
0x08249B9C	rom	sAnims_LeaderMisty
0x08249BA0	rom	sAnims_LeaderLtSurge
0x08249BA4	rom	sAnims_LeaderErika
0x08249BA8	rom	sAnims_LeaderKoga
0x08249BAC	rom	sAnims_LeaderBlaine
0x08249BB0	rom	sAnims_LeaderSabrina
0x08249BB4	rom	sAnims_Gentleman
0x08249BB8	rom	sAnims_RivalLate
0x08249BBC	rom	sAnims_ChampionRival
0x08249BC0	rom	sAnims_Channeler
0x08249BC4	rom	sAnims_Twins
0x08249BC8	rom	sAnims_CoolCouple
0x08249BCC	rom	sAnims_YoungCouple
0x08249BD0	rom	sAnims_CrushKin
0x08249BD4	rom	sAnims_SisAndBro
0x08249BD8	rom	sAnims_ProfessorOak
0x08249BDC	rom	sAnims_RSBrendan2
0x08249BE0	rom	sAnims_RSMay2
0x08249BE4	rom	sAnims_Red
0x08249BE8	rom	sAnims_Leaf
0x08249BEC	rom	sAnims_RocketGruntF
0x08249BF0	rom	sAnims_PsychicF
0x08249BF4	rom	sAnims_CrushGirl
0x08249BF8	rom	sAnims_TuberF
0x08249BFC	rom	sAnims_PokemonBreeder
0x08249C00	rom	sAnims_PokemonRangerM
0x08249C04	rom	sAnims_PokemonRangerF
0x08249C08	rom	sAnims_AromaLady
0x08249C0C	rom	sAnims_RuinManiac
0x08249C10	rom	sAnims_Lady
0x08249C14	rom	sAnims_Painter
0x08249C18	rom	gTrainerFrontAnimsPtrTable
0x08249E9C	rom	gTrainerFrontPicCoords
0x0824A120	rom	gTrainerFrontPicTable
0x0824A628	rom	gTrainerFrontPicPaletteTable
0x0824AB30	rom	sAnimCmd_Red_1
0x0824AB48	rom	sAnimCmd_Leaf_1
0x0824AB60	rom	sAnimCmd_Pokedude_1
0x0824AB74	rom	sAnimCmd_OldMan_1
0x0824AB88	rom	sAnimCmd_RSBrendan_1
0x0824ABA0	rom	sAnimCmd_RSMay_1
0x0824ABB8	rom	gAnimCmd_EmBrendan_1
0x0824ABD0	rom	gAnimCmd_EmMay_Steven_1
0x0824ABE8	rom	sBackAnims_Red
0x0824ABF0	rom	sBackAnims_Leaf
0x0824ABF8	rom	sBackAnims_Pokedude
0x0824AC00	rom	sBackAnims_OldMan
0x0824AC08	rom	sBackAnims_RSBrendan
0x0824AC10	rom	sBackAnims_RSMay
0x0824AC18	rom	sBackAnims_EmBrendan
0x0824AC20	rom	sBackAnims_EmMay
0x0824AC28	rom	gTrainerBackAnimsPtrTable
0x0824AC48	rom	gTrainerBackPicCoords
0x0824AC68	rom	gTrainerBackPicTable
0x0824ACA8	rom	gTrainerBackPicPaletteTable
0x0824ACE8	rom	gEnemyMonElevation
0x0824AE84	rom	sParty_LeaderLtSurgeRematch
0x0824AEFC	rom	sParty_LeaderLtSurgeRematchChallenge
0x0824AF8C	rom	sParty_LeaderErikaRematch
0x0824B004	rom	sParty_LeaderErikaRematchChallenge
0x0824B094	rom	sParty_LeaderKogaRematch
0x0824B10C	rom	sParty_LeaderKogaRematchChallenge
0x0824B19C	rom	sParty_LeaderSabrinaRematch
0x0824B214	rom	sParty_LeaderSabrinaRematchChallenge
0x0824B2A4	rom	sParty_LeaderBlaineRematch
0x0824B31C	rom	sParty_LeaderBlaineRematchChallenge
0x0824B3AC	rom	sParty_PkmnRangerHelena
0x0824B3C4	rom	sParty_PkmnRangerHelena2
0x0824B3F4	rom	sParty_CooltrainerAtticus
0x0824B40C	rom	sParty_CooltrainerAtticus2
0x0824B43C	rom	sParty_FishermanDeforest
0x0824B45C	rom	sParty_FishermanDeforest2
0x0824B48C	rom	sParty_BirdKeeperSpedo
0x0824B4AC	rom	sParty_BirdKeeperSpedo2
0x0824B4DC	rom	sParty_CooltrainerCaspara
0x0824B4F4	rom	sParty_CooltrainerCaspara2
0x0824B554	rom	sParty_SwimmerFemaleSedef
0x0824B574	rom	sParty_SwimmerFemaleSedef2
0x0824B5A4	rom	sParty_MasterOak
0x0824B634	rom	sParty_LeaderMistyRematchChallenge
0x0824B6C4	rom	sParty_EliteFourSidney
0x0824B6CC	rom	sParty_EliteFourPhoebe
0x0824B6D4	rom	sParty_LeaderRoxanne
0x0824B6DC	rom	sParty_LeaderBrawly
0x0824B6E4	rom	sParty_LeaderTateLiza
0x0824B6EC	rom	sParty_SchoolKidM
0x0824B6F4	rom	sParty_SchoolKidF
0x0824B6FC	rom	sParty_SrAndJr
0x0824B704	rom	sParty_PokefanM
0x0824B70C	rom	sParty_PokefanF
0x0824B714	rom	sParty_ExpertM
0x0824B71C	rom	sParty_ExpertF
0x0824B724	rom	sParty_RSYoungster
0x0824B72C	rom	sParty_RSChampion
0x0824B734	rom	sParty_RSFisherman
0x0824B73C	rom	sParty_CyclingTriathleteM
0x0824B744	rom	sParty_CyclingTriathleteF
0x0824B74C	rom	sParty_RunningTriathleteM
0x0824B754	rom	sParty_RunningTriathleteF
0x0824B75C	rom	sParty_SwimmingTriathleteM
0x0824B764	rom	sParty_SwimmingTriathleteF
0x0824B76C	rom	sParty_DragonTamer
0x0824B774	rom	sParty_RSBirdKeeper
0x0824B77C	rom	sParty_NinjaBoy
0x0824B784	rom	sParty_BattleGirl
0x0824B78C	rom	sParty_ParasolLady
0x0824B794	rom	sParty_RSSwimmerF
0x0824B79C	rom	sParty_RSPicnicker
0x0824B7A4	rom	sParty_RSTwins
0x0824B7AC	rom	sParty_RSSailor
0x0824B7B4	rom	sParty_BoarderM
0x0824B7BC	rom	sParty_BoarderF
0x0824B7C4	rom	sParty_Collector
0x0824B7CC	rom	sParty_Wally
0x0824B7D4	rom	sParty_Brendan
0x0824B7DC	rom	sParty_Brendan2
0x0824B7E4	rom	sParty_Brendan3
0x0824B7EC	rom	sParty_May
0x0824B7F4	rom	sParty_May2
0x0824B7FC	rom	sParty_May3
0x0824B804	rom	sParty_RSPkmnBreederM
0x0824B80C	rom	sParty_RSPkmnBreederF
0x0824B814	rom	sParty_RSPkmnRangerM
0x0824B81C	rom	sParty_RSPkmnRangerF
0x0824B824	rom	sParty_MagmaLeader
0x0824B82C	rom	sParty_MagmaGruntM
0x0824B834	rom	sParty_MagmaGruntF
0x0824B83C	rom	sParty_RSLass
0x0824B844	rom	sParty_RSBugCatcher
0x0824B84C	rom	sParty_RSHiker
0x0824B854	rom	sParty_RSYoungCouple
0x0824B864	rom	sParty_OldCouple
0x0824B86C	rom	sParty_RSSisAndBro
0x0824B874	rom	sParty_AquaAdminMatt
0x0824B87C	rom	sParty_AquaAdminShelly
0x0824B884	rom	sParty_MagmaAdminTabitha
0x0824B88C	rom	sParty_MagmaAdminCourtney
0x0824B894	rom	sParty_LeaderWattson
0x0824B89C	rom	sParty_LeaderFlannery
0x0824B8A4	rom	sParty_LeaderNorman
0x0824B8AC	rom	sParty_LeaderWinona
0x0824B8B4	rom	sParty_LeaderWallace
0x0824B8BC	rom	sParty_EliteFourGlacia
0x0824B8C4	rom	sParty_EliteFourDrake
0x0824B8CC	rom	sParty_YoungsterBen
0x0824B8DC	rom	sParty_YoungsterCalvin
0x0824B8E4	rom	sParty_YoungsterJosh
0x0824B8FC	rom	sParty_YoungsterTimmy
0x0824B90C	rom	sParty_YoungsterJoey
0x0824B91C	rom	sParty_YoungsterDan
0x0824B924	rom	sParty_YoungsterChad
0x0824B934	rom	sParty_YoungsterTyler
0x0824B93C	rom	sParty_YoungsterEddie
0x0824B944	rom	sParty_YoungsterDillon
0x0824B954	rom	sParty_YoungsterYasu
0x0824B96C	rom	sParty_YoungsterDave
0x0824B97C	rom	sParty_YoungsterBen2
0x0824B98C	rom	sParty_BugCatcherRick
0x0824B99C	rom	sParty_BugCatcherDoug
0x0824B9B4	rom	sParty_BugCatcherSammy
0x0824B9BC	rom	sParty_BugCatcherColton
0x0824B9D4	rom	sParty_BugCatcherGreg
0x0824B9F4	rom	sParty_BugCatcherJames
0x0824BA04	rom	sParty_BugCatcherKent
0x0824BA14	rom	sParty_BugCatcherRobby
0x0824BA2C	rom	sParty_BugCatcherCale
0x0824BA4C	rom	sParty_BugCatcherKeigo
0x0824BA64	rom	sParty_BugCatcherElijah
0x0824BA6C	rom	sParty_BugCatcher2
0x0824BA84	rom	sParty_BugCatcherBrent
0x0824BA94	rom	sParty_BugCatcherConner
0x0824BAAC	rom	sParty_LassJanice
0x0824BABC	rom	sParty_LassSally
0x0824BACC	rom	sParty_LassRobin
0x0824BAD4	rom	sParty_LassCrissy
0x0824BAEC	rom	sParty_LassMiriam
0x0824BAFC	rom	sParty_LassIris
0x0824BB04	rom	sParty_LassReli
0x0824BB14	rom	sParty_LassAli
0x0824BB2C	rom	sParty_Lass2
0x0824BB3C	rom	sParty_LassHaley
0x0824BB54	rom	sParty_LassAnn
0x0824BB64	rom	sParty_LassDawn
0x0824BB74	rom	sParty_LassPaige
0x0824BB84	rom	sParty_LassAndrea
0x0824BB9C	rom	sParty_LassMegan
0x0824BBC4	rom	sParty_LassJulia
0x0824BBD4	rom	sParty_LassKay
0x0824BBE4	rom	sParty_LassLisa
0x0824BBF4	rom	sParty_SailorEdmond
0x0824BC04	rom	sParty_SailorTrevor
0x0824BC14	rom	sParty_SailorLeonard
0x0824BC1C	rom	sParty_SailorDuncan
0x0824BC34	rom	sParty_SailorHuey
0x0824BC44	rom	sParty_SailorDylan
0x0824BC5C	rom	sParty_SailorPhillip
0x0824BC64	rom	sParty_SailorDwayne
0x0824BC74	rom	sParty_CamperLiam
0x0824BC94	rom	sParty_CamperShane
0x0824BCA4	rom	sParty_CamperEthan
0x0824BCAC	rom	sParty_CamperRicky
0x0824BCB4	rom	sParty_CamperJeff
0x0824BCC4	rom	sParty_Camper2
0x0824BCCC	rom	sParty_CamperChris
0x0824BCDC	rom	sParty_CamperDrew
0x0824BCFC	rom	sParty_PicnickerDiana
0x0824BD04	rom	sParty_PicnickerNancy
0x0824BD14	rom	sParty_PicnickerIsabelle
0x0824BD2C	rom	sParty_PicnickerKelsey
0x0824BD3C	rom	sParty_PicnickerAlicia
0x0824BD5C	rom	sParty_PicnickerCaitlin
0x0824BD64	rom	sParty_PicnickerHeidi
0x0824BD74	rom	sParty_PicnickerCarol
0x0824BD84	rom	sParty_PicnickerSofia
0x0824BD9C	rom	sParty_PicnickerMartha
0x0824BDAC	rom	sParty_PicnickerTina
0x0824BDBC	rom	sParty_PicnickerHannah
0x0824BDE4	rom	sParty_PokemaniacMark
0x0824BDF4	rom	sParty_PokemaniacHerman
0x0824BE04	rom	sParty_PokemaniacCooper
0x0824BE1C	rom	sParty_PokemaniacSteve
0x0824BE2C	rom	sParty_PokemaniacWinston
0x0824BE34	rom	sParty_PokemaniacDawson
0x0824BE4C	rom	sParty_PokemaniacAshton
0x0824BE5C	rom	sParty_SuperNerdJovan
0x0824BE6C	rom	sParty_SuperNerdMiguel
0x0824BE84	rom	sParty_SuperNerdAidan
0x0824BEC4	rom	sParty_SuperNerdGlenn
0x0824BEDC	rom	sParty_SuperNerdLeslie
0x0824BEEC	rom	sParty_SuperNerd1
0x0824BF04	rom	sParty_SuperNerd2
0x0824BF24	rom	sParty_SuperNerd3
0x0824BF34	rom	sParty_SuperNerdErik
0x0824BF4C	rom	sParty_SuperNerdAvery
0x0824BF6C	rom	sParty_SuperNerdDerek
0x0824BF74	rom	sParty_SuperNerdZac
0x0824BF84	rom	sParty_HikerMarcos
0x0824BF9C	rom	sParty_HikerFranklin
0x0824BFAC	rom	sParty_HikerNob
0x0824BFCC	rom	sParty_HikerWayne
0x0824BFD4	rom	sParty_HikerAlan
0x0824BFF4	rom	sParty_HikerBrice
0x0824C00C	rom	sParty_HikerClark
0x0824C02C	rom	sParty_HikerTrent
0x0824C03C	rom	sParty_HikerDudley
0x0824C06C	rom	sParty_HikerAllen
0x0824C07C	rom	sParty_HikerEric
0x0824C08C	rom	sParty_HikerLenny
0x0824C0AC	rom	sParty_HikerOliver
0x0824C0C4	rom	sParty_HikerLucas
0x0824C0E4	rom	sParty_BikerJared
0x0824C114	rom	sParty_BikerMalik
0x0824C134	rom	sParty_BikerErnest
0x0824C184	rom	sParty_BikerAlex
0x0824C1B4	rom	sParty_BikerLao
0x0824C1D4	rom	sParty_Biker1
0x0824C1DC	rom	sParty_BikerHideo
0x0824C1E4	rom	sParty_BikerRuben
0x0824C214	rom	sParty_BikerBilly
0x0824C21C	rom	sParty_BikerNikolas
0x0824C23C	rom	sParty_BikerJaxon
0x0824C25C	rom	sParty_BikerWilliam
0x0824C2AC	rom	sParty_BikerLukas
0x0824C2EC	rom	sParty_BikerIsaac
0x0824C31C	rom	sParty_BikerGerald
0x0824C33C	rom	sParty_Burglar1
0x0824C34C	rom	sParty_Burglar2
0x0824C354	rom	sParty_Burglar3
0x0824C36C	rom	sParty_BurglarQuinn
0x0824C384	rom	sParty_BurglarRamon
0x0824C38C	rom	sParty_BurglarDusty
0x0824C39C	rom	sParty_BurglarArnie
0x0824C3AC	rom	sParty_Burglar4
0x0824C3BC	rom	sParty_BurglarSimon
0x0824C3C4	rom	sParty_BurglarLewis
0x0824C3D4	rom	sParty_EngineerBaily
0x0824C3E4	rom	sParty_EngineerBraxton
0x0824C3EC	rom	sParty_EngineerBernie
0x0824C404	rom	sParty_FishermanDale
0x0824C41C	rom	sParty_FishermanBarny
0x0824C434	rom	sParty_FishermanNed
0x0824C44C	rom	sParty_FishermanChip
0x0824C45C	rom	sParty_FishermanHank
0x0824C464	rom	sParty_FishermanElliot
0x0824C484	rom	sParty_FishermanRonald
0x0824C4A4	rom	sParty_FishermanClaude
0x0824C4B4	rom	sParty_FishermanWade
0x0824C4E4	rom	sParty_FishermanNolan
0x0824C4F4	rom	sParty_FishermanAndrew
0x0824C504	rom	sParty_SwimmerMaleLuis
0x0824C514	rom	sParty_SwimmerMaleRichard
0x0824C524	rom	sParty_SwimmerMaleReece
0x0824C53C	rom	sParty_SwimmerMaleMatthew
0x0824C54C	rom	sParty_SwimmerMaleDouglas
0x0824C56C	rom	sParty_SwimmerMaleDavid
0x0824C584	rom	sParty_SwimmerMaleTony
0x0824C594	rom	sParty_SwimmerMaleAxle
0x0824C5BC	rom	sParty_SwimmerMaleBarry
0x0824C5CC	rom	sParty_SwimmerMaleDean
0x0824C5D4	rom	sParty_SwimmerMaleDarrin
0x0824C5F4	rom	sParty_SwimmerMaleSpencer
0x0824C604	rom	sParty_SwimmerMaleJack
0x0824C60C	rom	sParty_SwimmerMaleJerome
0x0824C61C	rom	sParty_SwimmerMaleRoland
0x0824C634	rom	sParty_CueBallKoji
0x0824C64C	rom	sParty_CueBallLuke
0x0824C65C	rom	sParty_CueBallCamron
0x0824C66C	rom	sParty_CueBallRaul
0x0824C67C	rom	sParty_CueBallIsaiah
0x0824C68C	rom	sParty_CueBallZeek
0x0824C694	rom	sParty_CueBallJamal
0x0824C6B4	rom	sParty_CueBallCorey
0x0824C6C4	rom	sParty_CueBallChase
0x0824C6DC	rom	sParty_GamerHugo
0x0824C6EC	rom	sParty_GamerJasper
0x0824C6FC	rom	sParty_GamerDirk
0x0824C70C	rom	sParty_GamerDarian
0x0824C71C	rom	sParty_GamerStan
0x0824C734	rom	sParty_Gamer1
0x0824C73C	rom	sParty_GamerRich
0x0824C74C	rom	sParty_BeautyBridget
0x0824C76C	rom	sParty_BeautyTamia
0x0824C77C	rom	sParty_BeautyLori
0x0824C784	rom	sParty_BeautyLola
0x0824C79C	rom	sParty_BeautySheila
0x0824C7AC	rom	sParty_SwimmerFemaleTiffany
0x0824C7B4	rom	sParty_SwimmerFemaleNora
0x0824C7CC	rom	sParty_SwimmerFemaleMelissa
0x0824C7DC	rom	sParty_BeautyGrace
0x0824C7EC	rom	sParty_BeautyOlivia
0x0824C7FC	rom	sParty_BeautyLauren
0x0824C814	rom	sParty_SwimmerFemaleAnya
0x0824C83C	rom	sParty_SwimmerFemaleAlice
0x0824C84C	rom	sParty_SwimmerFemaleConnie
0x0824C864	rom	sParty_SwimmerFemaleShirley
0x0824C87C	rom	sParty_PsychicJohan
0x0824C89C	rom	sParty_PsychicTyron
0x0824C8AC	rom	sParty_PsychicCameron
0x0824C8C4	rom	sParty_PsychicPreston
0x0824C8CC	rom	sParty_RockerRandall
0x0824C8E4	rom	sParty_RockerLuca
0x0824C8F4	rom	sParty_JugglerDalton
0x0824C904	rom	sParty_JugglerNelson
0x0824C924	rom	sParty_JugglerKirk
0x0824C944	rom	sParty_JugglerShawn
0x0824C954	rom	sParty_JugglerGregory
0x0824C964	rom	sParty_JugglerEdward
0x0824C9A4	rom	sParty_JugglerKayden
0x0824C9AC	rom	sParty_JugglerNate
0x0824C9BC	rom	sParty_TamerPhil
0x0824C9CC	rom	sParty_TamerEdgar
0x0824C9E4	rom	sParty_TamerJason
0x0824C9EC	rom	sParty_TamerCole
0x0824C9FC	rom	sParty_TamerVincent
0x0824CA0C	rom	sParty_TamerJohn
0x0824CA2C	rom	sParty_BirdKeeperSebastian
0x0824CA3C	rom	sParty_BirdKeeperPerry
0x0824CA64	rom	sParty_BirdKeeperRobert
0x0824CA84	rom	sParty_BirdKeeperDonald
0x0824CA8C	rom	sParty_BirdKeeperBenny
0x0824CA9C	rom	sParty_BirdKeeperEdwin
0x0824CABC	rom	sParty_BirdKeeperChester
0x0824CAD4	rom	sParty_BirdKeeperWilton
0x0824CAE4	rom	sParty_BirdKeeperRamiro
0x0824CAEC	rom	sParty_BirdKeeperJacob
0x0824CB0C	rom	sParty_BirdKeeperRoger
0x0824CB24	rom	sParty_BirdKeeperReed
0x0824CB44	rom	sParty_BirdKeeperKeith
0x0824CB54	rom	sParty_BirdKeeperCarter
0x0824CB6C	rom	sParty_BirdKeeperMitch
0x0824CB8C	rom	sParty_BirdKeeperBeck
0x0824CB9C	rom	sParty_BirdKeeperMarlon
0x0824CBB4	rom	sParty_BlackBeltKoichi
0x0824CBC4	rom	sParty_BlackBeltMike
0x0824CBDC	rom	sParty_BlackBeltHideki
0x0824CBEC	rom	sParty_BlackBeltAaron
0x0824CBF4	rom	sParty_BlackBeltHitoshi
0x0824CC0C	rom	sParty_BlackBeltAtsushi
0x0824CC1C	rom	sParty_BlackBeltKiyo
0x0824CC24	rom	sParty_BlackBeltTakashi
0x0824CC3C	rom	sParty_BlackBeltDaisuke
0x0824CC54	rom	sParty_RivalOaksLabSquirtle
0x0824CC5C	rom	sParty_RivalOaksLabBulbasaur
0x0824CC64	rom	sParty_RivalOaksLabCharmander
0x0824CC6C	rom	sParty_RivalRoute22EarlySquirtle
0x0824CC8C	rom	sParty_RivalRoute22EarlyBulbasaur
0x0824CCAC	rom	sParty_RivalRoute22EarlyCharmander
0x0824CCCC	rom	sParty_RivalCeruleanSquirtle
0x0824CD0C	rom	sParty_RivalCeruleanBulbasaur
0x0824CD4C	rom	sParty_RivalCeruleanCharmander
0x0824CD8C	rom	sParty_ScientistTed
0x0824CD9C	rom	sParty_ScientistConnor
0x0824CDDC	rom	sParty_ScientistJerry
0x0824CDF4	rom	sParty_ScientistJose
0x0824CE14	rom	sParty_ScientistRodney
0x0824CE1C	rom	sParty_ScientistBeau
0x0824CE5C	rom	sParty_ScientistTaylor
0x0824CEAC	rom	sParty_ScientistJoshua
0x0824CEBC	rom	sParty_ScientistParker
0x0824CECC	rom	sParty_ScientistEd
0x0824CEFC	rom	sParty_ScientistTravis
0x0824CF0C	rom	sParty_ScientistBraydon
0x0824CF24	rom	sParty_ScientistIvan
0x0824CF34	rom	sParty_BossGiovanni
0x0824CF4C	rom	sParty_BossGiovanni2
0x0824CF6C	rom	sParty_LeaderGiovanni
0x0824CFBC	rom	sParty_TeamRocketGrunt
0x0824CFCC	rom	sParty_TeamRocketGrunt2
0x0824CFE4	rom	sParty_TeamRocketGrunt3
0x0824CFF4	rom	sParty_TeamRocketGrunt4
0x0824D004	rom	sParty_TeamRocketGrunt5
0x0824D014	rom	sParty_TeamRocketGrunt6
0x0824D024	rom	sParty_TeamRocketGrunt7
0x0824D034	rom	sParty_TeamRocketGrunt8
0x0824D044	rom	sParty_TeamRocketGrunt9
0x0824D054	rom	sParty_TeamRocketGrunt10
0x0824D084	rom	sParty_TeamRocketGrunt11
0x0824D0A4	rom	sParty_TeamRocketGrunt12
0x0824D0C4	rom	sParty_TeamRocketGrunt13
0x0824D114	rom	sParty_TeamRocketGrunt14
0x0824D12C	rom	sParty_TeamRocketGrunt15
0x0824D13C	rom	sParty_TeamRocketGrunt16
0x0824D154	rom	sParty_TeamRocketGrunt17
0x0824D16C	rom	sParty_TeamRocketGrunt18
0x0824D17C	rom	sParty_TeamRocketGrunt19
0x0824D194	rom	sParty_TeamRocketGrunt20
0x0824D1A4	rom	sParty_TeamRocketGrunt21
0x0824D1C4	rom	sParty_TeamRocketGrunt22
0x0824D1D4	rom	sParty_TeamRocketGrunt23
0x0824D1E4	rom	sParty_TeamRocketGrunt24
0x0824D20C	rom	sParty_TeamRocketGrunt25
0x0824D224	rom	sParty_TeamRocketGrunt26
0x0824D234	rom	sParty_TeamRocketGrunt27
0x0824D24C	rom	sParty_TeamRocketGrunt28
0x0824D254	rom	sParty_TeamRocketGrunt29
0x0824D25C	rom	sParty_TeamRocketGrunt30
0x0824D26C	rom	sParty_TeamRocketGrunt31
0x0824D284	rom	sParty_TeamRocketGrunt32
0x0824D2C4	rom	sParty_TeamRocketGrunt33
0x0824D2D4	rom	sParty_TeamRocketGrunt34
0x0824D2E4	rom	sParty_TeamRocketGrunt35
0x0824D304	rom	sParty_TeamRocketGrunt36
0x0824D31C	rom	sParty_TeamRocketGrunt37
0x0824D334	rom	sParty_TeamRocketGrunt38
0x0824D34C	rom	sParty_TeamRocketGrunt39
0x0824D354	rom	sParty_TeamRocketGrunt40
0x0824D37C	rom	sParty_TeamRocketGrunt41
0x0824D394	rom	sParty_CooltrainerSamuel
0x0824D3E4	rom	sParty_CooltrainerGeorge
0x0824D434	rom	sParty_CooltrainerColby
0x0824D484	rom	sParty_CooltrainerPaul
0x0824D4D4	rom	sParty_CooltrainerRolando
0x0824D524	rom	sParty_CooltrainerGilbert
0x0824D574	rom	sParty_CooltrainerOwen
0x0824D5C4	rom	sParty_CooltrainerBerke
0x0824D614	rom	sParty_CooltrainerYuji
0x0824D664	rom	sParty_CooltrainerWarren
0x0824D6B4	rom	sParty_CooltrainerMary
0x0824D704	rom	sParty_CooltrainerCaroline
0x0824D754	rom	sParty_CooltrainerAlexa
0x0824D7A4	rom	sParty_CooltrainerShannon
0x0824D7F4	rom	sParty_CooltrainerNaomi
0x0824D844	rom	sParty_CooltrainerBrooke
0x0824D894	rom	sParty_CooltrainerAustina
0x0824D8E4	rom	sParty_CooltrainerJulie
0x0824D934	rom	sParty_EliteFourLorelei
0x0824D998	rom	sParty_EliteFourBruno
0x0824D9FC	rom	sParty_EliteFourAgatha
0x0824DA60	rom	sParty_EliteFourLance
0x0824DAC4	rom	sParty_LeaderBrock
0x0824DAE4	rom	sParty_LeaderMisty
0x0824DB04	rom	sParty_LeaderLtSurge
0x0824DB34	rom	sParty_LeaderErika
0x0824DB64	rom	sParty_LeaderKoga
0x0824DBA4	rom	sParty_LeaderBlaine
0x0824DBE4	rom	sParty_LeaderSabrina
0x0824DC24	rom	sParty_GentlemanThomas
0x0824DC34	rom	sParty_GentlemanArthur
0x0824DC44	rom	sParty_GentlemanTucker
0x0824DC4C	rom	sParty_GentlemanNorton
0x0824DC54	rom	sParty_GentlemanWalter
0x0824DC64	rom	sParty_RivalSsAnneSquirtle
0x0824DC84	rom	sParty_RivalSsAnneBulbasaur
0x0824DCA4	rom	sParty_RivalSsAnneCharmander
0x0824DCC4	rom	sParty_RivalPokemonTowerSquirtle
0x0824DCEC	rom	sParty_RivalPokemonTowerBulbasaur
0x0824DD14	rom	sParty_RivalPokemonTowerCharmander
0x0824DD3C	rom	sParty_RivalSilphSquirtle
0x0824DD64	rom	sParty_RivalSilphBulbasaur
0x0824DD8C	rom	sParty_RivalSilphCharmander
0x0824DDB4	rom	sParty_RivalRoute22LateSquirtle
0x0824DE14	rom	sParty_RivalRoute22LateBulbasaur
0x0824DE74	rom	sParty_RivalRoute22LateCharmander
0x0824DED4	rom	sParty_ChampionFirstSquirtle
0x0824DF4C	rom	sParty_ChampionFirstBulbasaur
0x0824DFC4	rom	sParty_ChampionFirstCharmander
0x0824E03C	rom	sParty_ChannelerPatricia
0x0824E044	rom	sParty_ChannelerCarly
0x0824E04C	rom	sParty_ChannelerHope
0x0824E054	rom	sParty_ChannelerPaula
0x0824E05C	rom	sParty_ChannelerLaurel
0x0824E06C	rom	sParty_ChannelerJody
0x0824E074	rom	sParty_ChannelerTammy
0x0824E07C	rom	sParty_ChannelerRuth
0x0824E084	rom	sParty_ChannelerKarina
0x0824E08C	rom	sParty_ChannelerJanae
0x0824E094	rom	sParty_ChannelerAngelica
0x0824E0AC	rom	sParty_ChannelerEmilia
0x0824E0B4	rom	sParty_ChannelerJennifer
0x0824E0BC	rom	sParty_Channeler1
0x0824E0C4	rom	sParty_Channeler2
0x0824E0CC	rom	sParty_Channeler3
0x0824E0D4	rom	sParty_Channeler4
0x0824E0DC	rom	sParty_Channeler5
0x0824E0E4	rom	sParty_Channeler6
0x0824E0FC	rom	sParty_Channeler7
0x0824E104	rom	sParty_Channeler8
0x0824E10C	rom	sParty_ChannelerAmanda
0x0824E11C	rom	sParty_ChannelerStacy
0x0824E124	rom	sParty_ChannelerTasha
0x0824E13C	rom	sParty_HikerJeremy
0x0824E14C	rom	sParty_PicnickerAlma
0x0824E164	rom	sParty_PicnickerSusie
0x0824E18C	rom	sParty_PicnickerValerie
0x0824E19C	rom	sParty_PicnickerGwen
0x0824E1BC	rom	sParty_BikerVirgil
0x0824E1EC	rom	sParty_CamperFlint
0x0824E1FC	rom	sParty_PicnickerMissy
0x0824E20C	rom	sParty_PicnickerIrene
0x0824E224	rom	sParty_PicnickerDana
0x0824E23C	rom	sParty_PicnickerAriana
0x0824E25C	rom	sParty_PicnickerLeah
0x0824E26C	rom	sParty_CamperJustin
0x0824E27C	rom	sParty_PicnickerYazmin
0x0824E294	rom	sParty_PicnickerKindra
0x0824E2AC	rom	sParty_PicnickerBecky
0x0824E2BC	rom	sParty_PicnickerCelia
0x0824E2C4	rom	sParty_GentlemanBrooks
0x0824E2CC	rom	sParty_GentlemanLamar
0x0824E2DC	rom	sParty_TwinsEliAnne
0x0824E2EC	rom	sParty_CoolCoupleRayTyra
0x0824E30C	rom	sParty_YoungCoupleGiaJes
0x0824E31C	rom	sParty_TwinsKiriJan
0x0824E32C	rom	sParty_CrushKinRonMya
0x0824E33C	rom	sParty_YoungCoupleLeaJed
0x0824E34C	rom	sParty_SisAndBroLiaLuc
0x0824E35C	rom	sParty_SisAndBroLilIan
0x0824E36C	rom	sParty_BugCatcher3
0x0824E374	rom	sParty_BugCatcher4
0x0824E37C	rom	sParty_BugCatcher5
0x0824E384	rom	sParty_BugCatcher6
0x0824E38C	rom	sParty_BugCatcher7
0x0824E394	rom	sParty_BugCatcher8
0x0824E39C	rom	sParty_YoungsterBen3
0x0824E3AC	rom	sParty_YoungsterBen4
0x0824E3BC	rom	sParty_YoungsterChad2
0x0824E3CC	rom	sParty_LassReli2
0x0824E3DC	rom	sParty_LassReli3
0x0824E3EC	rom	sParty_YoungsterTimmy2
0x0824E404	rom	sParty_YoungsterTimmy3
0x0824E41C	rom	sParty_YoungsterTimmy4
0x0824E434	rom	sParty_YoungsterChad3
0x0824E444	rom	sParty_LassJanice2
0x0824E454	rom	sParty_LassJanice3
0x0824E464	rom	sParty_YoungsterChad4
0x0824E474	rom	sParty_HikerFranklin2
0x0824E484	rom	sParty_PkmnProfProfOak
0x0824E48C	rom	sParty_PlayerBrendan
0x0824E494	rom	sParty_PlayerMay
0x0824E49C	rom	sParty_PlayerRed
0x0824E4A4	rom	sParty_PlayerLeaf
0x0824E4AC	rom	sParty_TeamRocketGrunt42
0x0824E4BC	rom	sParty_PsychicJaclyn
0x0824E4EC	rom	sParty_CrushGirlSharon
0x0824E4FC	rom	sParty_TuberAmira
0x0824E514	rom	sParty_PkmnBreederAlize
0x0824E52C	rom	sParty_PkmnRangerNicolas
0x0824E54C	rom	sParty_PkmnRangerMadeline
0x0824E56C	rom	sParty_AromaLadyNikki
0x0824E57C	rom	sParty_RuinManiacStanly
0x0824E594	rom	sParty_LadyJacki
0x0824E5A4	rom	sParty_PainterDaisy
0x0824E5B4	rom	sParty_BikerGoon
0x0824E5D4	rom	sParty_BikerGoon2
0x0824E5E4	rom	sParty_BikerGoon3
0x0824E5EC	rom	sParty_Biker2
0x0824E5F4	rom	sParty_BugCatcherAnthony
0x0824E604	rom	sParty_BugCatcherCharlie
0x0824E61C	rom	sParty_TwinsEliAnne2
0x0824E62C	rom	sParty_YoungsterJohnson
0x0824E644	rom	sParty_BikerRicardo
0x0824E674	rom	sParty_BikerJaren
0x0824E684	rom	sParty_TeamRocketGrunt43
0x0824E694	rom	sParty_TeamRocketGrunt44
0x0824E6B4	rom	sParty_TeamRocketGrunt45
0x0824E6CC	rom	sParty_TeamRocketGrunt46
0x0824E6E4	rom	sParty_TeamRocketGrunt47
0x0824E6FC	rom	sParty_TeamRocketGrunt48
0x0824E70C	rom	sParty_TeamRocketAdmin
0x0824E73C	rom	sParty_TeamRocketAdmin2
0x0824E76C	rom	sParty_ScientistGideon
0x0824E7BC	rom	sParty_SwimmerFemaleAmara
0x0824E7D4	rom	sParty_SwimmerFemaleMaria
0x0824E7E4	rom	sParty_SwimmerFemaleAbigail
0x0824E7FC	rom	sParty_SwimmerMaleFinn
0x0824E804	rom	sParty_SwimmerMaleGarrett
0x0824E81C	rom	sParty_FishermanTommy
0x0824E844	rom	sParty_CrushGirlTanya
0x0824E854	rom	sParty_BlackBeltShea
0x0824E864	rom	sParty_BlackBeltHugh
0x0824E874	rom	sParty_CamperBryce
0x0824E88C	rom	sParty_PicnickerClaire
0x0824E8AC	rom	sParty_CrushKinMikKia
0x0824E8BC	rom	sParty_AromaLadyViolet
0x0824E8D4	rom	sParty_TuberAlexis
0x0824E8F4	rom	sParty_TwinsJoyMeg
0x0824E904	rom	sParty_SwimmerFemaleTisha
0x0824E90C	rom	sParty_PainterCelina
0x0824E91C	rom	sParty_PainterRayna
0x0824E92C	rom	sParty_LadyGillian
0x0824E944	rom	sParty_YoungsterDestin
0x0824E954	rom	sParty_SwimmerMaleToby
0x0824E96C	rom	sParty_TeamRocketGrunt49
0x0824E984	rom	sParty_TeamRocketGrunt50
0x0824E9A4	rom	sParty_TeamRocketGrunt51
0x0824E9BC	rom	sParty_BirdKeeperMilo
0x0824E9CC	rom	sParty_BirdKeeperChaz
0x0824E9DC	rom	sParty_BirdKeeperHarold
0x0824E9EC	rom	sParty_FishermanTylor
0x0824E9FC	rom	sParty_SwimmerMaleMymo
0x0824EA0C	rom	sParty_SwimmerFemaleNicole
0x0824EA14	rom	sParty_SisAndBroAvaGeb
0x0824EA24	rom	sParty_AromaLadyRose
0x0824EA34	rom	sParty_SwimmerMaleSamir
0x0824EA3C	rom	sParty_SwimmerFemaleDenise
0x0824EA4C	rom	sParty_TwinsMiuMia
0x0824EA5C	rom	sParty_HikerEarl
0x0824EA6C	rom	sParty_RuinManiacFoster
0x0824EA74	rom	sParty_RuinManiacLarry
0x0824EA84	rom	sParty_HikerDaryl
0x0824EA8C	rom	sParty_PokemaniacHector
0x0824EA9C	rom	sParty_PsychicDario
0x0824EAAC	rom	sParty_PsychicRodette
0x0824EADC	rom	sParty_AromaLadyMiah
0x0824EAEC	rom	sParty_YoungCoupleEveJon
0x0824EAFC	rom	sParty_JugglerMason
0x0824EB3C	rom	sParty_CrushGirlCyndy
0x0824EB54	rom	sParty_CrushGirlJocelyn
0x0824EB64	rom	sParty_TamerEvan
0x0824EB7C	rom	sParty_PokemaniacMark2
0x0824EB8C	rom	sParty_PkmnRangerLogan
0x0824EBAC	rom	sParty_PkmnRangerJackson
0x0824EBDC	rom	sParty_PkmnRangerBeth
0x0824EBF4	rom	sParty_PkmnRangerKatelyn
0x0824EC04	rom	sParty_CooltrainerLeroy
0x0824EC54	rom	sParty_CooltrainerMichelle
0x0824ECA4	rom	sParty_CoolCoupleLexNya
0x0824ECC4	rom	sParty_RuinManiacBrandon
0x0824ECCC	rom	sParty_RuinManiacBenjamin
0x0824ECFC	rom	sParty_PainterEdna
0x0824ED0C	rom	sParty_GentlemanClifford
0x0824ED1C	rom	sParty_LadySelphy
0x0824ED58	rom	sParty_RuinManiacLawson
0x0824ED70	rom	sParty_PsychicLaura
0x0824ED88	rom	sParty_PkmnBreederBethany
0x0824ED90	rom	sParty_PkmnBreederAllison
0x0824EDA8	rom	sParty_BugCatcherGarret
0x0824EDB0	rom	sParty_BugCatcherJonah
0x0824EDD0	rom	sParty_BugCatcherVance
0x0824EDE0	rom	sParty_YoungsterNash
0x0824EDF8	rom	sParty_YoungsterCordell
0x0824EE08	rom	sParty_LassDalia
0x0824EE28	rom	sParty_LassJoana
0x0824EE30	rom	sParty_CamperRiley
0x0824EE40	rom	sParty_PicnickerMarcy
0x0824EE58	rom	sParty_RuinManiacLayton
0x0824EE70	rom	sParty_PicnickerKelsey2
0x0824EE80	rom	sParty_PicnickerKelsey3
0x0824EE90	rom	sParty_PicnickerKelsey4
0x0824EEA0	rom	sParty_CamperRicky2
0x0824EEA8	rom	sParty_CamperRicky3
0x0824EEB0	rom	sParty_CamperRicky4
0x0824EEB8	rom	sParty_CamperJeff2
0x0824EEC8	rom	sParty_CamperJeff3
0x0824EED8	rom	sParty_CamperJeff4
0x0824EEE8	rom	sParty_PicnickerIsabelle2
0x0824EF00	rom	sParty_PicnickerIsabelle3
0x0824EF18	rom	sParty_PicnickerIsabelle4
0x0824EF30	rom	sParty_YoungsterYasu2
0x0824EF48	rom	sParty_YoungsterYasu3
0x0824EF60	rom	sParty_EngineerBernie2
0x0824EF78	rom	sParty_GamerDarian2
0x0824EF88	rom	sParty_CamperChris2
0x0824EF98	rom	sParty_CamperChris3
0x0824EFA8	rom	sParty_CamperChris4
0x0824EFB8	rom	sParty_PicnickerAlicia2
0x0824EFC0	rom	sParty_PicnickerAlicia3
0x0824EFC8	rom	sParty_PicnickerAlicia4
0x0824EFD0	rom	sParty_HikerJeremy2
0x0824EFE0	rom	sParty_PokemaniacMark3
0x0824EFF0	rom	sParty_PokemaniacHerman2
0x0824F000	rom	sParty_PokemaniacHerman3
0x0824F010	rom	sParty_HikerTrent2
0x0824F020	rom	sParty_LassMegan2
0x0824F048	rom	sParty_LassMegan3
0x0824F070	rom	sParty_SuperNerdGlenn2
0x0824F088	rom	sParty_GamerRich2
0x0824F098	rom	sParty_BikerJaren2
0x0824F0A8	rom	sParty_FishermanElliot2
0x0824F0C8	rom	sParty_RockerLuca2
0x0824F0D8	rom	sParty_BeautySheila2
0x0824F0E8	rom	sParty_BirdKeeperRobert2
0x0824F108	rom	sParty_BirdKeeperRobert3
0x0824F128	rom	sParty_PicnickerSusie2
0x0824F150	rom	sParty_PicnickerSusie3
0x0824F178	rom	sParty_PicnickerSusie4
0x0824F1A0	rom	sParty_BikerLukas2
0x0824F1C0	rom	sParty_BirdKeeperBenny2
0x0824F1D0	rom	sParty_BirdKeeperBenny3
0x0824F1E0	rom	sParty_BirdKeeperMarlon2
0x0824F1F8	rom	sParty_BirdKeeperMarlon3
0x0824F210	rom	sParty_BeautyGrace2
0x0824F220	rom	sParty_BirdKeeperChester2
0x0824F238	rom	sParty_BirdKeeperChester3
0x0824F250	rom	sParty_PicnickerBecky2
0x0824F260	rom	sParty_PicnickerBecky3
0x0824F270	rom	sParty_PicnickerBecky4
0x0824F280	rom	sParty_CrushKinRonMya2
0x0824F290	rom	sParty_CrushKinRonMya3
0x0824F2A0	rom	sParty_CrushKinRonMya4
0x0824F2B0	rom	sParty_BikerRuben2
0x0824F2C8	rom	sParty_CueBallCamron2
0x0824F2D8	rom	sParty_BikerJaxon2
0x0824F2E8	rom	sParty_CueBallIsaiah2
0x0824F2F8	rom	sParty_CueBallCorey2
0x0824F308	rom	sParty_BirdKeeperJacob2
0x0824F328	rom	sParty_BirdKeeperJacob3
0x0824F348	rom	sParty_SwimmerFemaleAlice2
0x0824F358	rom	sParty_SwimmerMaleDarrin2
0x0824F378	rom	sParty_PicnickerMissy2
0x0824F388	rom	sParty_PicnickerMissy3
0x0824F398	rom	sParty_FishermanWade2
0x0824F3C8	rom	sParty_SwimmerMaleJack2
0x0824F3D0	rom	sParty_SisAndBroLilIan2
0x0824F3E0	rom	sParty_SisAndBroLilIan3
0x0824F3F0	rom	sParty_SwimmerMaleFinn2
0x0824F3F8	rom	sParty_CrushGirlSharon2
0x0824F408	rom	sParty_CrushGirlSharon3
0x0824F418	rom	sParty_CrushGirlTanya2
0x0824F428	rom	sParty_CrushGirlTanya3
0x0824F438	rom	sParty_BlackBeltShea2
0x0824F448	rom	sParty_BlackBeltShea3
0x0824F458	rom	sParty_BlackBeltHugh2
0x0824F468	rom	sParty_BlackBeltHugh3
0x0824F478	rom	sParty_CrushKinMikKia2
0x0824F488	rom	sParty_CrushKinMikKia3
0x0824F498	rom	sParty_TuberAmira2
0x0824F4B0	rom	sParty_TwinsJoyMeg2
0x0824F4C0	rom	sParty_PainterRayna2
0x0824F4D0	rom	sParty_YoungsterDestin2
0x0824F4E0	rom	sParty_PkmnBreederAlize2
0x0824F4F8	rom	sParty_YoungCoupleGiaJes2
0x0824F508	rom	sParty_YoungCoupleGiaJes3
0x0824F518	rom	sParty_BirdKeeperMilo2
0x0824F528	rom	sParty_BirdKeeperChaz2
0x0824F538	rom	sParty_BirdKeeperHarold2
0x0824F548	rom	sParty_SwimmerFemaleNicole2
0x0824F550	rom	sParty_PsychicJaclyn2
0x0824F580	rom	sParty_SwimmerMaleSamir2
0x0824F588	rom	sParty_HikerEarl2
0x0824F598	rom	sParty_RuinManiacLarry2
0x0824F5A8	rom	sParty_PokemaniacHector2
0x0824F5B8	rom	sParty_PsychicDario2
0x0824F5C8	rom	sParty_PsychicRodette2
0x0824F5F8	rom	sParty_JugglerMason2
0x0824F618	rom	sParty_PkmnRangerNicolas2
0x0824F638	rom	sParty_PkmnRangerMadeline2
0x0824F658	rom	sParty_CrushGirlCyndy2
0x0824F670	rom	sParty_TamerEvan2
0x0824F688	rom	sParty_PkmnRangerJackson2
0x0824F6B8	rom	sParty_PkmnRangerKatelyn2
0x0824F6C8	rom	sParty_CooltrainerLeroy2
0x0824F718	rom	sParty_CooltrainerMichelle2
0x0824F768	rom	sParty_CoolCoupleLexNya2
0x0824F788	rom	sParty_BugCatcherColton2
0x0824F7A0	rom	sParty_BugCatcherColton3
0x0824F7B8	rom	sParty_BugCatcherColton4
0x0824F7D0	rom	sParty_SwimmerMaleMatthew2
0x0824F7E0	rom	sParty_SwimmerMaleTony2
0x0824F7F0	rom	sParty_SwimmerFemaleMelissa2
0x0824F800	rom	sParty_EliteFourLorelei2
0x0824F864	rom	sParty_EliteFourBruno2
0x0824F8C8	rom	sParty_EliteFourAgatha2
0x0824F92C	rom	sParty_EliteFourLance2
0x0824F990	rom	sParty_ChampionRematchSquirtle
0x0824FA08	rom	sParty_ChampionRematchBulbasaur
0x0824FA80	rom	sParty_ChampionRematchCharmander
0x0824FAF8	rom	sParty_CueBallPaxton
0x0824FB08	rom	sParty_LeaderBrockChallenge
0x0824FB44	rom	sParty_LeaderMistyChallenge
0x0824FB80	rom	sParty_LeaderLtSurgeChallenge
0x0824FBD0	rom	sParty_LeaderErikaChallenge
0x0824FC30	rom	sParty_LeaderKogaChallenge
0x0824FC94	rom	sParty_LeaderSabrinaChallenge
0x0824FCF8	rom	sParty_LeaderBlaineChallenge
0x0824FD5C	rom	sParty_LeaderGiovanniChallenge
0x0824FDD4	rom	sParty_EliteFourLoreleiChallenge
0x0824FE4C	rom	sParty_EliteFourBrunoChallenge
0x0824FEC4	rom	sParty_EliteFourAgathaChallenge
0x0824FF3C	rom	sParty_EliteFourLanceChallenge
0x0824FFB4	rom	sParty_ChampionFirstSquirtleChallenge
0x0825002C	rom	sParty_ChampionFirstBulbasaurChallenge
0x082500A4	rom	sParty_ChampionFirstCharmanderChallenge
0x0825011C	rom	sParty_EliteFourLoreleiChallenge2
0x082501AC	rom	sParty_EliteFourBrunoChallenge2
0x0825023C	rom	sParty_EliteFourAgathaChallenge2
0x082502CC	rom	sParty_EliteFourLanceChallenge2
0x0825035C	rom	sParty_ChampionRematchSquirtleChallenge
0x082503EC	rom	sParty_ChampionRematchBulbasaurChallenge
0x0825047C	rom	sParty_ChampionRematchCharmanderChallenge
0x0825050C	rom	sParty_LeaderBrockRematch
0x08250584	rom	sParty_LeaderBrockRematchChallenge
0x08250614	rom	sParty_LeaderMistyRematch
0x0825068C	rom	sParty_MasterBulbasaur
0x082506A4	rom	sParty_MasterIvysaur
0x082506BC	rom	sParty_MasterVenusaur
0x082506D4	rom	sParty_MasterCharmander
0x082506EC	rom	sParty_MasterCharmeleon
0x08250704	rom	sParty_MasterCharizard
0x0825071C	rom	sParty_MasterSquirtle
0x08250734	rom	sParty_MasterWartortle
0x0825074C	rom	sParty_MasterBlastoise
0x08250764	rom	sParty_MasterCaterpie
0x0825077C	rom	sParty_MasterMetapod
0x08250794	rom	sParty_MasterButterfree
0x082507AC	rom	sParty_MasterWeedle
0x082507C4	rom	sParty_MasterKakuna
0x082507DC	rom	sParty_MasterBeedrill
0x082507F4	rom	sParty_MasterPidgey
0x0825080C	rom	sParty_MasterPidgeotto
0x08250824	rom	sParty_MasterPidgeot
0x0825083C	rom	sParty_MasterRattata
0x08250854	rom	sParty_MasterRaticate
0x0825086C	rom	sParty_MasterSpearow
0x08250884	rom	sParty_MasterFearow
0x0825089C	rom	sParty_MasterEkans
0x082508B4	rom	sParty_MasterArbok
0x082508CC	rom	sParty_MasterPikachu
0x082508E4	rom	sParty_MasterRaichu
0x082508FC	rom	sParty_MasterSandshrew
0x08250914	rom	sParty_MasterSandslash
0x0825092C	rom	sParty_MasterNidoranF
0x08250944	rom	sParty_MasterNidorina
0x0825095C	rom	sParty_MasterNidoqueen
0x08250974	rom	sParty_MasterNidoranM
0x0825098C	rom	sParty_MasterNidorino
0x082509A4	rom	sParty_MasterNidoking
0x082509BC	rom	sParty_MasterClefairy
0x082509D4	rom	sParty_MasterClefable
0x082509EC	rom	sParty_MasterVulpix
0x08250A04	rom	sParty_MasterNinetales
0x08250A1C	rom	sParty_MasterJigglypuff
0x08250A34	rom	sParty_MasterWigglytuff
0x08250A4C	rom	sParty_MasterZubat
0x08250A64	rom	sParty_MasterGolbat
0x08250A7C	rom	sParty_MasterOddish
0x08250A94	rom	sParty_MasterGloom
0x08250AAC	rom	sParty_MasterVileplume
0x08250AC4	rom	sParty_MasterParas
0x08250ADC	rom	sParty_MasterParasect
0x08250AF4	rom	sParty_MasterVenonat
0x08250B0C	rom	sParty_MasterVenomoth
0x08250B24	rom	sParty_MasterDiglett
0x08250B3C	rom	sParty_MasterDugtrio
0x08250B54	rom	sParty_MasterMeowth
0x08250B6C	rom	sParty_MasterPersian
0x08250B84	rom	sParty_MasterPsyduck
0x08250B9C	rom	sParty_MasterGolduck
0x08250BB4	rom	sParty_MasterMankey
0x08250BCC	rom	sParty_MasterPrimeape
0x08250BE4	rom	sParty_MasterGrowlithe
0x08250BFC	rom	sParty_MasterArcanine
0x08250C14	rom	sParty_MasterPoliwag
0x08250C2C	rom	sParty_MasterPoliwhirl
0x08250C44	rom	sParty_MasterPoliwrath
0x08250C5C	rom	sParty_MasterAbra
0x08250C74	rom	sParty_MasterKadabra
0x08250C8C	rom	sParty_MasterAlakazam
0x08250CA4	rom	sParty_MasterMachop
0x08250CBC	rom	sParty_MasterMachoke
0x08250CD4	rom	sParty_MasterMachamp
0x08250CEC	rom	sParty_MasterBellsprout
0x08250D04	rom	sParty_MasterWeepinbell
0x08250D1C	rom	sParty_MasterVictreebel
0x08250D34	rom	sParty_MasterTentacool
0x08250D4C	rom	sParty_MasterTentacruel
0x08250D64	rom	sParty_MasterGeodude
0x08250D7C	rom	sParty_MasterGraveler
0x08250D94	rom	sParty_MasterGolem
0x08250DAC	rom	sParty_MasterPonyta
0x08250DC4	rom	sParty_MasterRapidash
0x08250DDC	rom	sParty_MasterSlowpoke
0x08250DF4	rom	sParty_MasterSlowbro
0x08250E0C	rom	sParty_MasterMagnemite
0x08250E24	rom	sParty_MasterMagneton
0x08250E3C	rom	sParty_MasterFarfetchd
0x08250E54	rom	sParty_MasterDoduo
0x08250E6C	rom	sParty_MasterDodrio
0x08250E84	rom	sParty_MasterSeel
0x08250E9C	rom	sParty_MasterDewgong
0x08250EB4	rom	sParty_MasterGrimer
0x08250ECC	rom	sParty_MasterMuk
0x08250EE4	rom	sParty_MasterShellder
0x08250EFC	rom	sParty_MasterCloyster
0x08250F14	rom	sParty_MasterGastly
0x08250F2C	rom	sParty_MasterHaunter
0x08250F44	rom	sParty_MasterGengar
0x08250F5C	rom	sParty_MasterOnix
0x08250F74	rom	sParty_MasterDrowzee
0x08250F8C	rom	sParty_MasterHypno
0x08250FA4	rom	sParty_MasterKrabby
0x08250FBC	rom	sParty_MasterKingler
0x08250FD4	rom	sParty_MasterVoltorb
0x08250FEC	rom	sParty_MasterElectrode
0x08251004	rom	sParty_MasterExeggcute
0x0825101C	rom	sParty_MasterExeggutor
0x08251034	rom	sParty_MasterCubone
0x0825104C	rom	sParty_MasterMarowak
0x08251064	rom	sParty_MasterHitmonlee
0x0825107C	rom	sParty_MasterHitmonchan
0x08251094	rom	sParty_MasterLickitung
0x082510AC	rom	sParty_MasterKoffing
0x082510C4	rom	sParty_MasterWeezing
0x082510DC	rom	sParty_MasterRhyhorn
0x082510F4	rom	sParty_MasterRhydon
0x0825110C	rom	sParty_MasterChansey
0x08251124	rom	sParty_MasterTangela
0x0825113C	rom	sParty_MasterKangaskhan
0x08251154	rom	sParty_MasterHorsea
0x0825116C	rom	sParty_MasterSeadra
0x08251184	rom	sParty_MasterGoldeen
0x0825119C	rom	sParty_MasterSeaking
0x082511B4	rom	sParty_MasterStaryu
0x082511CC	rom	sParty_MasterStarmie
0x082511E4	rom	sParty_MasterMrMime
0x082511FC	rom	sParty_MasterScyther
0x08251214	rom	sParty_MasterJynx
0x0825122C	rom	sParty_MasterElectabuzz
0x08251244	rom	sParty_MasterMagmar
0x0825125C	rom	sParty_MasterPinsir
0x08251274	rom	sParty_MasterTauros
0x0825128C	rom	sParty_MasterMagikarp
0x082512A4	rom	sParty_MasterGyarados
0x082512BC	rom	sParty_MasterLapras
0x082512D4	rom	sParty_MasterEevee
0x082512EC	rom	sParty_MasterVaporeon
0x08251304	rom	sParty_MasterJolteon
0x0825131C	rom	sParty_MasterFlareon
0x08251334	rom	sParty_MasterPorygon
0x0825134C	rom	sParty_MasterOmanyte
0x08251364	rom	sParty_MasterOmastar
0x0825137C	rom	sParty_MasterKabuto
0x08251394	rom	sParty_MasterKabutops
0x082513AC	rom	sParty_MasterAerodactyl
0x082513C4	rom	sParty_MasterSnorlax
0x082513DC	rom	sParty_MasterDratini
0x082513F4	rom	sParty_MasterDragonair
0x0825140C	rom	sParty_MasterDragonite
0x08251424	rom	gTrainerClassNames
0x08251994	rom	gTrainers
0x08259194	rom	gMasterTrainers
0x0825A904	rom	gSpeciesNames
0x0825BAB8	rom	gMoveNames
0x0825CCCC	rom	gEggMoves
0x0825D5B4	rom	sDaycareLevelMenuWindowTemplate
0x0825D5BC	rom	sLevelMenuItems
0x0825D5D4	rom	sDaycareListMenuLevelTemplate
0x0825D5EC	rom	sCompatibilityMessages
0x0825D5FC	rom	sNewLineText
0x0825D600	rom	sJapaneseEggNickname
0x0825D604	rom	sEggPalette
0x0825D624	rom	sEggHatchTiles
0x0825DE24	rom	sEggShardTiles
0x0825DEA4	rom	sOamData_EggHatch
0x0825DEAC	rom	sSpriteAnim_EggHatch0
0x0825DEB4	rom	sSpriteAnim_EggHatch1
0x0825DEBC	rom	sSpriteAnim_EggHatch2
0x0825DEC4	rom	sSpriteAnim_EggHatch3
0x0825DECC	rom	sSpriteAnimTable_EggHatch
0x0825DEDC	rom	sEggHatch_Sheet
0x0825DEE4	rom	sEggShards_Sheet
0x0825DEEC	rom	sEgg_SpritePalette
0x0825DEF4	rom	sSpriteTemplate_EggHatch
0x0825DF0C	rom	sOamData_EggShard
0x0825DF14	rom	sSpriteAnim_EggShard0
0x0825DF1C	rom	sSpriteAnim_EggShard1
0x0825DF24	rom	sSpriteAnim_EggShard2
0x0825DF2C	rom	sSpriteAnim_EggShard3
0x0825DF34	rom	sSpriteAnimTable_EggShard
0x0825DF44	rom	sSpriteTemplate_EggShard
0x0825DF5C	rom	sBgTemplates_EggHatch
0x0825DF64	rom	sWinTemplates_EggHatch
0x0825DF74	rom	sYesNoWinTemplate
0x0825DF7C	rom	sEggShardVelocities
0x0825E050	rom	CSWTCH.202
0x0825E058	rom	DecorGfx_SMALL_DESK
0x0825E05C	rom	DecorGfx_POKEMON_DESK
0x0825E060	rom	DecorGfx_HEAVY_DESK
0x0825E06C	rom	DecorGfx_RAGGED_DESK
0x0825E078	rom	DecorGfx_COMFORT_DESK
0x0825E084	rom	DecorGfx_PRETTY_DESK
0x0825E098	rom	DecorGfx_BRICK_DESK
0x0825E0AC	rom	DecorGfx_CAMP_DESK
0x0825E0C0	rom	DecorGfx_HARD_DESK
0x0825E0D4	rom	DecorGfx_SMALL_CHAIR
0x0825E0D8	rom	DecorGfx_POKEMON_CHAIR
0x0825E0DC	rom	DecorGfx_HEAVY_CHAIR
0x0825E0E0	rom	DecorGfx_PRETTY_CHAIR
0x0825E0E4	rom	DecorGfx_COMFORT_CHAIR
0x0825E0E8	rom	DecorGfx_RAGGED_CHAIR
0x0825E0EC	rom	DecorGfx_BRICK_CHAIR
0x0825E0F0	rom	DecorGfx_CAMP_CHAIR
0x0825E0F4	rom	DecorGfx_HARD_CHAIR
0x0825E0F8	rom	DecorGfx_RED_PLANT
0x0825E0FC	rom	DecorGfx_TROPICAL_PLANT
0x0825E100	rom	DecorGfx_PRETTY_FLOWERS
0x0825E104	rom	DecorGfx_COLORFUL_PLANT
0x0825E10C	rom	DecorGfx_BIG_PLANT
0x0825E114	rom	DecorGfx_GORGEOUS_PLANT
0x0825E11C	rom	DecorGfx_RED_BRICK
0x0825E120	rom	DecorGfx_YELLOW_BRICK
0x0825E124	rom	DecorGfx_BLUE_BRICK
0x0825E128	rom	DecorGfx_RED_BALLOON
0x0825E12C	rom	DecorGfx_BLUE_BALLOON
0x0825E130	rom	DecorGfx_YELLOW_BALLOON
0x0825E134	rom	DecorGfx_RED_TENT
0x0825E148	rom	DecorGfx_BLUE_TENT
0x0825E15C	rom	DecorGfx_SOLID_BOARD
0x0825E160	rom	DecorGfx_SLIDE
0x0825E170	rom	DecorGfx_FENCE_LENGTH
0x0825E174	rom	DecorGfx_FENCE_WIDTH
0x0825E178	rom	DecorGfx_TIRE
0x0825E180	rom	DecorGfx_STAND
0x0825E190	rom	DecorGfx_MUD_BALL
0x0825E194	rom	DecorGfx_BREAKABLE_DOOR
0x0825E198	rom	DecorGfx_SAND_ORNAMENT
0x0825E19C	rom	DecorGfx_SILVER_SHIELD
0x0825E1A0	rom	DecorGfx_GOLD_SHIELD
0x0825E1A4	rom	DecorGfx_GLASS_ORNAMENT
0x0825E1A8	rom	DecorGfx_TV
0x0825E1AC	rom	DecorGfx_ROUND_TV
0x0825E1B0	rom	DecorGfx_CUTE_TV
0x0825E1B4	rom	DecorGfx_GLITTER_MAT
0x0825E1B8	rom	DecorGfx_JUMP_MAT
0x0825E1BC	rom	DecorGfx_SPIN_MAT
0x0825E1C0	rom	DecorGfx_C_LOW_NOTE_MAT
0x0825E1C4	rom	DecorGfx_D_NOTE_MAT
0x0825E1C8	rom	DecorGfx_E_NOTE_MAT
0x0825E1CC	rom	DecorGfx_F_NOTE_MAT
0x0825E1D0	rom	DecorGfx_G_NOTE_MAT
0x0825E1D4	rom	DecorGfx_A_NOTE_MAT
0x0825E1D8	rom	DecorGfx_B_NOTE_MAT
0x0825E1DC	rom	DecorGfx_C_HIGH_NOTE_MAT
0x0825E1E0	rom	DecorGfx_SURF_MAT
0x0825E1F4	rom	DecorGfx_THUNDER_MAT
0x0825E208	rom	DecorGfx_FIRE_BLAST_MAT
0x0825E21C	rom	DecorGfx_POWDER_SNOW_MAT
0x0825E230	rom	DecorGfx_ATTRACT_MAT
0x0825E244	rom	DecorGfx_FISSURE_MAT
0x0825E258	rom	DecorGfx_SPIKES_MAT
0x0825E26C	rom	DecorGfx_BALL_POSTER
0x0825E270	rom	DecorGfx_GREEN_POSTER
0x0825E274	rom	DecorGfx_RED_POSTER
0x0825E278	rom	DecorGfx_BLUE_POSTER
0x0825E27C	rom	DecorGfx_CUTE_POSTER
0x0825E280	rom	DecorGfx_PIKA_POSTER
0x0825E284	rom	DecorGfx_LONG_POSTER
0x0825E288	rom	DecorGfx_SEA_POSTER
0x0825E28C	rom	DecorGfx_SKY_POSTER
0x0825E290	rom	DecorGfx_KISS_POSTER
0x0825E294	rom	DecorGfx_PICHU_DOLL
0x0825E298	rom	DecorGfx_PIKACHU_DOLL
0x0825E29C	rom	DecorGfx_MARILL_DOLL
0x0825E2A0	rom	DecorGfx_TOGEPI_DOLL
0x0825E2A4	rom	DecorGfx_CYNDAQUIL_DOLL
0x0825E2A8	rom	DecorGfx_CHIKORITA_DOLL
0x0825E2AC	rom	DecorGfx_TOTODILE_DOLL
0x0825E2B0	rom	DecorGfx_JIGGLYPUFF_DOLL
0x0825E2B4	rom	DecorGfx_MEOWTH_DOLL
0x0825E2B8	rom	DecorGfx_CLEFAIRY_DOLL
0x0825E2BC	rom	DecorGfx_DITTO_DOLL
0x0825E2C0	rom	DecorGfx_SMOOCHUM_DOLL
0x0825E2C4	rom	DecorGfx_TREECKO_DOLL
0x0825E2C8	rom	DecorGfx_TORCHIC_DOLL
0x0825E2CC	rom	DecorGfx_MUDKIP_DOLL
0x0825E2D0	rom	DecorGfx_DUSKULL_DOLL
0x0825E2D4	rom	DecorGfx_WYNAUT_DOLL
0x0825E2D8	rom	DecorGfx_BALTOY_DOLL
0x0825E2DC	rom	DecorGfx_KECLEON_DOLL
0x0825E2E0	rom	DecorGfx_AZURILL_DOLL
0x0825E2E4	rom	DecorGfx_SKITTY_DOLL
0x0825E2E8	rom	DecorGfx_SWABLU_DOLL
0x0825E2EC	rom	DecorGfx_GULPIN_DOLL
0x0825E2F0	rom	DecorGfx_LOTAD_DOLL
0x0825E2F4	rom	DecorGfx_SEEDOT_DOLL
0x0825E2F8	rom	DecorGfx_PIKA_CUSHION
0x0825E2FC	rom	DecorGfx_ROUND_CUSHION
0x0825E300	rom	DecorGfx_KISS_CUSHION
0x0825E304	rom	DecorGfx_ZIGZAG_CUSHION
0x0825E308	rom	DecorGfx_SPIN_CUSHION
0x0825E30C	rom	DecorGfx_DIAMOND_CUSHION
0x0825E310	rom	DecorGfx_BALL_CUSHION
0x0825E314	rom	DecorGfx_GRASS_CUSHION
0x0825E318	rom	DecorGfx_FIRE_CUSHION
0x0825E31C	rom	DecorGfx_WATER_CUSHION
0x0825E320	rom	DecorGfx_SNORLAX_DOLL
0x0825E324	rom	DecorGfx_RHYDON_DOLL
0x0825E328	rom	DecorGfx_LAPRAS_DOLL
0x0825E32C	rom	DecorGfx_VENUSAUR_DOLL
0x0825E330	rom	DecorGfx_CHARIZARD_DOLL
0x0825E334	rom	DecorGfx_BLASTOISE_DOLL
0x0825E338	rom	DecorGfx_WAILMER_DOLL
0x0825E33C	rom	DecorGfx_REGIROCK_DOLL
0x0825E340	rom	DecorGfx_REGICE_DOLL
0x0825E344	rom	DecorGfx_REGISTEEL_DOLL
0x0825E348	rom	DecorDesc_SMALL_DESK
0x0825E364	rom	DecorDesc_POKEMON_DESK
0x0825E394	rom	DecorDesc_HEAVY_DESK
0x0825E3CC	rom	DecorDesc_RAGGED_DESK
0x0825E404	rom	DecorDesc_COMFORT_DESK
0x0825E440	rom	DecorDesc_PRETTY_DESK
0x0825E478	rom	DecorDesc_BRICK_DESK
0x0825E4B0	rom	DecorDesc_CAMP_DESK
0x0825E4EC	rom	DecorDesc_HARD_DESK
0x0825E520	rom	DecorDesc_SMALL_CHAIR
0x0825E53C	rom	DecorDesc_POKEMON_CHAIR
0x0825E570	rom	DecorDesc_HEAVY_CHAIR
0x0825E590	rom	DecorDesc_PRETTY_CHAIR
0x0825E5B0	rom	DecorDesc_COMFORT_CHAIR
0x0825E5D0	rom	DecorDesc_RAGGED_CHAIR
0x0825E5EC	rom	DecorDesc_BRICK_CHAIR
0x0825E60C	rom	DecorDesc_CAMP_CHAIR
0x0825E628	rom	DecorDesc_HARD_CHAIR
0x0825E644	rom	DecorDesc_RED_PLANT
0x0825E660	rom	DecorDesc_TROPICAL_PLANT
0x0825E688	rom	DecorDesc_PRETTY_FLOWERS
0x0825E6A0	rom	DecorDesc_COLORFUL_PLANT
0x0825E6C8	rom	DecorDesc_BIG_PLANT
0x0825E6F8	rom	DecorDesc_GORGEOUS_PLANT
0x0825E720	rom	DecorDesc_RED_BRICK
0x0825E758	rom	DecorDesc_YELLOW_BRICK
0x0825E790	rom	DecorDesc_BLUE_BRICK
0x0825E7C4	rom	DecorDesc_RED_BALLOON
0x0825E7FC	rom	DecorDesc_BLUE_BALLOON
0x0825E834	rom	DecorDesc_YELLOW_BALLOON
0x0825E86C	rom	DecorDesc_RED_TENT
0x0825E898	rom	DecorDesc_BLUE_TENT
0x0825E8C4	rom	DecorDesc_SOLID_BOARD
0x0825E8F4	rom	DecorDesc_SLIDE
0x0825E91C	rom	DecorDesc_FENCE_LENGTH
0x0825E940	rom	DecorDesc_FENCE_WIDTH
0x0825E964	rom	DecorDesc_TIRE
0x0825E99C	rom	DecorDesc_STAND
0x0825E9BC	rom	DecorDesc_MUD_BALL
0x0825E9EC	rom	DecorDesc_BREAKABLE_DOOR
0x0825EA20	rom	DecorDesc_SAND_ORNAMENT
0x0825EA50	rom	DecorDesc_SILVER_SHIELD
0x0825EA84	rom	DecorDesc_GOLD_SHIELD
0x0825EAB8	rom	DecorDesc_GLASS_ORNAMENT
0x0825EAF4	rom	DecorDesc_TV
0x0825EB14	rom	DecorDesc_ROUND_TV
0x0825EB40	rom	DecorDesc_CUTE_TV
0x0825EB6C	rom	DecorDesc_GLITTER_MAT
0x0825EB94	rom	DecorDesc_JUMP_MAT
0x0825EBC4	rom	DecorDesc_SPIN_MAT
0x0825EBF4	rom	DecorDesc_C_LOW_NOTE_MAT
0x0825EC24	rom	DecorDesc_D_NOTE_MAT
0x0825EC50	rom	DecorDesc_E_NOTE_MAT
0x0825EC7C	rom	DecorDesc_F_NOTE_MAT
0x0825ECA8	rom	DecorDesc_G_NOTE_MAT
0x0825ECD4	rom	DecorDesc_A_NOTE_MAT
0x0825ED00	rom	DecorDesc_B_NOTE_MAT
0x0825ED2C	rom	DecorDesc_C_HIGH_NOTE_MAT
0x0825ED5C	rom	DecorDesc_SURF_MAT
0x0825ED90	rom	DecorDesc_THUNDER_MAT
0x0825EDC8	rom	DecorDesc_FIRE_BLAST_MAT
0x0825EE04	rom	DecorDesc_POWDER_SNOW_MAT
0x0825EE40	rom	DecorDesc_ATTRACT_MAT
0x0825EE78	rom	DecorDesc_FISSURE_MAT
0x0825EEB0	rom	DecorDesc_SPIKES_MAT
0x0825EEE8	rom	DecorDesc_BALL_POSTER
0x0825EF10	rom	DecorDesc_GREEN_POSTER
0x0825EF38	rom	DecorDesc_RED_POSTER
0x0825EF60	rom	DecorDesc_BLUE_POSTER
0x0825EF84	rom	DecorDesc_CUTE_POSTER
0x0825EFAC	rom	DecorDesc_PIKA_POSTER
0x0825EFDC	rom	DecorDesc_LONG_POSTER
0x0825F004	rom	DecorDesc_SEA_POSTER
0x0825F02C	rom	DecorDesc_SKY_POSTER
0x0825F054	rom	DecorDesc_KISS_POSTER
0x0825F07C	rom	DecorDesc_PICHU_DOLL
0x0825F0A8	rom	DecorDesc_PIKACHU_DOLL
0x0825F0D8	rom	DecorDesc_MARILL_DOLL
0x0825F104	rom	DecorDesc_TOGEPI_DOLL
0x0825F130	rom	DecorDesc_CYNDAQUIL_DOLL
0x0825F160	rom	DecorDesc_CHIKORITA_DOLL
0x0825F190	rom	DecorDesc_TOTODILE_DOLL
0x0825F1C0	rom	DecorDesc_JIGGLYPUFF_DOLL
0x0825F1F0	rom	DecorDesc_MEOWTH_DOLL
0x0825F21C	rom	DecorDesc_CLEFAIRY_DOLL
0x0825F24C	rom	DecorDesc_DITTO_DOLL
0x0825F278	rom	DecorDesc_SMOOCHUM_DOLL
0x0825F2A8	rom	DecorDesc_TREECKO_DOLL
0x0825F2D8	rom	DecorDesc_TORCHIC_DOLL
0x0825F308	rom	DecorDesc_MUDKIP_DOLL
0x0825F334	rom	DecorDesc_DUSKULL_DOLL
0x0825F364	rom	DecorDesc_WYNAUT_DOLL
0x0825F390	rom	DecorDesc_BALTOY_DOLL
0x0825F3BC	rom	DecorDesc_KECLEON_DOLL
0x0825F3EC	rom	DecorDesc_AZURILL_DOLL
0x0825F41C	rom	DecorDesc_SKITTY_DOLL
0x0825F448	rom	DecorDesc_SWABLU_DOLL
0x0825F474	rom	DecorDesc_GULPIN_DOLL
0x0825F4A0	rom	DecorDesc_LOTAD_DOLL
0x0825F4CC	rom	DecorDesc_SEEDOT_DOLL
0x0825F4F8	rom	DecorDesc_PIKA_CUSHION
0x0825F528	rom	DecorDesc_ROUND_CUSHION
0x0825F558	rom	DecorDesc_KISS_CUSHION
0x0825F58C	rom	DecorDesc_ZIGZAG_CUSHION
0x0825F5C0	rom	DecorDesc_SPIN_CUSHION
0x0825F5F0	rom	DecorDesc_DIAMOND_CUSHION
0x0825F620	rom	DecorDesc_BALL_CUSHION
0x0825F650	rom	DecorDesc_GRASS_CUSHION
0x0825F684	rom	DecorDesc_FIRE_CUSHION
0x0825F6B8	rom	DecorDesc_WATER_CUSHION
0x0825F6EC	rom	DecorDesc_SNORLAX_DOLL
0x0825F718	rom	DecorDesc_RHYDON_DOLL
0x0825F744	rom	DecorDesc_LAPRAS_DOLL
0x0825F770	rom	DecorDesc_VENUSAUR_DOLL
0x0825F79C	rom	DecorDesc_CHARIZARD_DOLL
0x0825F7C8	rom	DecorDesc_BLASTOISE_DOLL
0x0825F7F4	rom	DecorDesc_WAILMER_DOLL
0x0825F820	rom	DecorDesc_REGIROCK_DOLL
0x0825F84C	rom	DecorDesc_REGICE_DOLL
0x0825F878	rom	DecorDesc_REGISTEEL_DOLL
0x0825F8A4	rom	gDecorations
0x082607C4	rom	sTilesPerImage
0x082607D4	rom	gMinigameDigits_Pal
0x082607F4	rom	gMinigameDigits_Gfx
0x082608B4	rom	sUnusedMinigameDigits_Gfx
0x082609A4	rom	sDiplomaGfx
0x082616CC	rom	sDiplomaTilemap
0x08261B38	rom	sDiplomaPal
0x08261B78	rom	sText_Empty
0x08261B80	rom	sTextColors
0x08261B84	rom	sBgTemplates
0x08261B8C	rom	sWindowTemplates
0x08261BC0	rom	sBgTemplates_Duplicate
0x08261BD0	rom	sWindowTemplate_Dummy_Duplicate
0x08261BD8	rom	sWindowTemplates_Results_Duplicate
0x08261BE8	rom	sWindowTemplate_Prize_Duplicate
0x08261BF0	rom	sWindowTemplates_PlayAgain_Duplicate
0x08261C00	rom	sWindowTemplate_DroppedOut_Duplicate
0x08261C08	rom	sWindowTemplate_CommStandby_Duplicate
0x08261C10	rom	sActiveColumnMap
0x08261D24	rom	sDodrioHeadToColumnMap
0x08261D70	rom	sDodrioNeighborMap
0x08261DBC	rom	sPlayerIdAtColumn
0x08261DF4	rom	sUnsharedColumns
0x08261E10	rom	sDuplicateGfx
0x08265200	rom	sBerryFallDelays
0x0826520C	rom	sTreeBorderXPos
0x08265214	rom	sDifficultyThresholds
0x0826521C	rom	sPrizeBerryIds
0x0826523C	rom	sLeaderFuncs
0x0826526C	rom	sMemberFuncs
0x082653C0	rom	sBerryScoreMultipliers
0x082653C8	rom	sWindowTemplates_Records
0x082653D0	rom	sRecordsTexts
0x082653E0	rom	sRecordNumMaxDigits
0x082653E4	rom	sRecordTextYCoords
0x082653EC	rom	sRecordNumYCoords
0x082653F4	rom	sDebug_BerryResults
0x0826541C	rom	sJPText_Vowels
0x08265424	rom	sText_Letters
0x0826542C	rom	sText_Digits
0x08265434	rom	sPlaceholderPlayerNames
0x08265448	rom	sBgTemplates
0x08265458	rom	sWindowTemplate_Dummy
0x08265460	rom	sWindowTemplates_Results
0x08265470	rom	sWindowTemplate_Prize
0x08265478	rom	sWindowTemplates_PlayAgain
0x08265488	rom	sWindowTemplate_DroppedOut
0x08265490	rom	sWindowTemplate_CommStandby
0x08265498	rom	sActiveColumnMap_Duplicate
0x082655AC	rom	sDodrioHeadToColumnMap_Duplicate
0x082655F8	rom	sDodrioNeighborMap_Duplicate
0x08265644	rom	sPlayerIdAtColumn_Duplicate
0x0826567C	rom	sUnsharedColumns_Duplicate
0x08265698	rom	sBg_Pal
0x082656D8	rom	sDodrioNormal_Pal
0x082656F8	rom	sDodrioShiny_Pal
0x08265718	rom	sStatus_Pal
0x08265738	rom	sBerries_Pal
0x08265758	rom	sBerries_Gfx
0x0826590C	rom	sCloud_Pal
0x0826592C	rom	sBg_Gfx
0x082661BC	rom	sTreeBorder_Gfx
0x08266F88	rom	sStatus_Gfx
0x0826701C	rom	sCloud_Gfx
0x08267164	rom	sDodrio_Gfx
0x08268380	rom	sBg_Tilemap
0x082685EC	rom	sTreeBorderRight_Tilemap
0x0826883C	rom	sTreeBorderLeft_Tilemap
0x08268A88	rom	sOamData_Dodrio
0x08268A90	rom	sOamData_16x16_Priority0
0x08268A98	rom	sOamData_Berry
0x08268AA0	rom	sOamData_Cloud
0x08268AA8	rom	sAnim_Dodrio_Normal
0x08268AB0	rom	sAnim_Dodrio_PickRight
0x08268AB8	rom	sAnim_Dodrio_PickMiddle
0x08268AC0	rom	sAnim_Dodrio_PickLeft
0x08268AC8	rom	sAnim_Dodrio_Down
0x08268AD0	rom	sAnims_Dodrio
0x08268AE4	rom	sAnims_StatusBar_Yellow
0x08268AEC	rom	sAnims_StatusBar_Gray
0x08268AF4	rom	sAnims_StatusBar_Red
0x08268AFC	rom	sAnims_StatusBar
0x08268B08	rom	sAnim_Berry_Blue
0x08268B10	rom	sAnim_Berry_Green
0x08268B18	rom	sAnim_Berry_Gold
0x08268B20	rom	sAnim_Berry_BlueSquished
0x08268B28	rom	sAnim_Berry_GreenSquished
0x08268B30	rom	sAnim_Berry_GoldSquished
0x08268B38	rom	sAnim_Berry_Eaten
0x08268B40	rom	sAnim_Berry_Empty1
0x08268B48	rom	sAnim_Berry_Empty2
0x08268B50	rom	sAnims_Berry
0x08268B74	rom	sAnim_Cloud
0x08268B7C	rom	sAnims_Cloud
0x08268BA8	rom	sUnusedSounds
0x08268BBC	rom	sBerryIconXCoords
0x08268BF4	rom	sCloudStartCoords
0x08268C48	rom	sTextColorTable
0x08268C54	rom	sNameWindowCoords_1Player
0x08268C58	rom	sNameWindowCoords_2Players
0x08268C60	rom	sNameWindowCoords_3Players
0x08268C6C	rom	sNameWindowCoords_4Players
0x08268C7C	rom	sNameWindowCoords_5Players
0x08268C90	rom	sNameWindowCoords
0x08268CA4	rom	sRankingTexts
0x08268CB8	rom	sResultsXCoords
0x08268CC0	rom	sResultsYCoords
0x08268CCC	rom	sRankingYCoords
0x08268CD8	rom	sGfxFuncs
0x08268D8C	rom	moveDelays.0
0x08268D90	rom	sTextColorTable
0x08268E48	rom	sECPhrase_MysteryEventIsExciting
0x08268E50	rom	sECPhrase_LinkTogetherWithAll
0x08268E58	rom	sEasyChatScreenTemplates
0x08268F7C	rom	sAlphabetLayout
0x08268F98	rom	sTriangleCursor_Pal
0x08268FB8	rom	sRectangleCursor_Pal
0x08268FD8	rom	sTriangleCursor_Gfx
0x08268FF8	rom	sScrollIndicator_Gfx
0x082690F8	rom	sStartSelectButtons_Gfx
0x082691F8	rom	sRSInterviewFrame_Pal
0x08269218	rom	sRSInterviewFrame_Gfx
0x0826934C	rom	sTextInputFrameOrange_Pal
0x0826936C	rom	sTextInputFrameGreen_Pal
0x0826938C	rom	sTextInputFrame_Gfx
0x08269454	rom	sTitleText_Pal
0x0826945C	rom	sText_Pal
0x08269468	rom	sPhraseFrameDimensions
0x08269480	rom	sEasyChatBgTemplates
0x08269490	rom	sEasyChatWindowTemplates
0x082694B0	rom	sEasyChatYesNoWindowTemplate
0x082694B8	rom	sText_Underscore
0x082694BC	rom	sText_Clear17
0x082694C0	rom	sEasyChatKeyboardAlphabet
0x082694D0	rom	sEasyChatSpriteSheets
0x082694F0	rom	sEasyChatSpritePalettes
0x08269518	rom	sEasyChatCompressedSpriteSheets
0x08269538	rom	sAlphabetKeyboardColumnOffsets
0x08269540	rom	sOamData_TriangleCursor
0x08269548	rom	sSpriteTemplate_TriangleCursor
0x08269560	rom	sOamData_RectangleCursor
0x08269568	rom	sAnim_RectangleCursor_OnGroup
0x08269570	rom	sAnim_RectangleCursor_OnButton
0x08269578	rom	sAnim_RectangleCursor_OnOthers
0x08269580	rom	sAnim_RectangleCursor_OnLetter
0x08269588	rom	sAnims_RectangleCursor
0x08269598	rom	sSpriteTemplate_RectangleCursor
0x082695B0	rom	sOamData_ModeWindow
0x082695B8	rom	sAnim_ModeWindow_Hidden
0x082695C0	rom	sAnim_ModeWindow_ToGroup
0x082695CC	rom	sAnim_ModeWindow_ToAlphabet
0x082695D8	rom	sAnim_ModeWindow_ToHidden
0x082695E4	rom	sAnim_ModeWindow_Transition
0x082695EC	rom	sAnims_ModeWindow
0x08269600	rom	sSpriteTemplate_ModeWindow
0x08269618	rom	sOamData_ButtonWindow
0x08269620	rom	sSpriteTemplate_ButtonWindow
0x08269638	rom	sOamData_StartSelectButton
0x08269640	rom	sOamData_ScrollIndicator
0x08269648	rom	sAnim_Frame0
0x08269650	rom	sAnim_Frame1
0x08269658	rom	sAnims_TwoFrame
0x08269660	rom	sSpriteTemplate_StartSelectButtons
0x08269678	rom	sSpriteTemplate_ScrollIndicator
0x082697FC	rom	CSWTCH.310
0x08269800	rom	sEasyChatGroup_Pokemon
0x08269994	rom	sEasyChatWord_IChooseYou
0x082699A4	rom	sEasyChatWord_Gotcha
0x082699AC	rom	sEasyChatWord_Trade
0x082699B4	rom	sEasyChatWord_Sapphire
0x082699C0	rom	sEasyChatWord_Evolve
0x082699C8	rom	sEasyChatWord_Encyclopedia
0x082699D8	rom	sEasyChatWord_Nature
0x082699E0	rom	sEasyChatWord_Center
0x082699E8	rom	sEasyChatWord_Egg
0x082699EC	rom	sEasyChatWord_Link
0x082699F4	rom	sEasyChatWord_SpAbility
0x08269A00	rom	sEasyChatWord_Trainer
0x08269A08	rom	sEasyChatWord_Version
0x08269A10	rom	sEasyChatWord_Pokenav
0x08269A18	rom	sEasyChatWord_Pokemon
0x08269A20	rom	sEasyChatWord_Get
0x08269A24	rom	sEasyChatWord_Pokedex
0x08269A2C	rom	sEasyChatWord_Ruby
0x08269A34	rom	sEasyChatWord_Level
0x08269A3C	rom	sEasyChatWord_Red
0x08269A40	rom	sEasyChatWord_Green
0x08269A48	rom	sEasyChatWord_Bag
0x08269A4C	rom	sEasyChatWord_Flame
0x08269A54	rom	sEasyChatWord_Gold
0x08269A5C	rom	sEasyChatWord_Leaf
0x08269A64	rom	sEasyChatWord_Silver
0x08269A6C	rom	sEasyChatGroup_Trainer
0x08269BA4	rom	sEasyChatWord_Dark
0x08269BAC	rom	sEasyChatWord_Stench
0x08269BB4	rom	sEasyChatWord_ThickFat
0x08269BC0	rom	sEasyChatWord_RainDish
0x08269BCC	rom	sEasyChatWord_Drizzle
0x08269BD4	rom	sEasyChatWord_ArenaTrap
0x08269BE0	rom	sEasyChatWord_Intimidate
0x08269BEC	rom	sEasyChatWord_RockHead
0x08269BF8	rom	sEasyChatWord_Color
0x08269C00	rom	sEasyChatWord_AltColor
0x08269C0C	rom	sEasyChatWord_Rock
0x08269C14	rom	sEasyChatWord_Beautiful
0x08269C20	rom	sEasyChatWord_Beauty
0x08269C28	rom	sEasyChatWord_AirLock
0x08269C34	rom	sEasyChatWord_Psychic
0x08269C3C	rom	sEasyChatWord_HyperCutter
0x08269C4C	rom	sEasyChatWord_Fighting
0x08269C58	rom	sEasyChatWord_ShadowTag
0x08269C64	rom	sEasyChatWord_Smart
0x08269C6C	rom	sEasyChatWord_Smartness
0x08269C78	rom	sEasyChatWord_SpeedBoost
0x08269C84	rom	sEasyChatWord_Cool
0x08269C8C	rom	sEasyChatWord_Coolness
0x08269C98	rom	sEasyChatWord_BattleArmor
0x08269CA8	rom	sEasyChatWord_Cute
0x08269CB0	rom	sEasyChatWord_Cuteness
0x08269CBC	rom	sEasyChatWord_Sturdy
0x08269CC4	rom	sEasyChatWord_SuctionCups
0x08269CD4	rom	sEasyChatWord_Grass
0x08269CDC	rom	sEasyChatWord_ClearBody
0x08269CE8	rom	sEasyChatWord_Torrent
0x08269CF0	rom	sEasyChatWord_Ghost
0x08269CF8	rom	sEasyChatWord_Ice
0x08269CFC	rom	sEasyChatWord_Guts
0x08269D04	rom	sEasyChatWord_RoughSkin
0x08269D10	rom	sEasyChatWord_ShellArmor
0x08269D1C	rom	sEasyChatWord_NaturalCure
0x08269D2C	rom	sEasyChatWord_Damp
0x08269D34	rom	sEasyChatWord_Ground
0x08269D3C	rom	sEasyChatWord_Limber
0x08269D44	rom	sEasyChatWord_MagnetPull
0x08269D50	rom	sEasyChatWord_WhiteSmoke
0x08269D5C	rom	sEasyChatWord_Synchronize
0x08269D68	rom	sEasyChatWord_Overgrow
0x08269D74	rom	sEasyChatWord_SwiftSwim
0x08269D80	rom	sEasyChatWord_SandStream
0x08269D8C	rom	sEasyChatWord_SandVeil
0x08269D98	rom	sEasyChatWord_KeenEye
0x08269DA4	rom	sEasyChatWord_InnerFocus
0x08269DB0	rom	sEasyChatWord_Static
0x08269DB8	rom	sEasyChatWord_Type
0x08269DC0	rom	sEasyChatWord_Tough
0x08269DC8	rom	sEasyChatWord_Toughness
0x08269DD4	rom	sEasyChatWord_ShedSkin
0x08269DE0	rom	sEasyChatWord_HugePower
0x08269DEC	rom	sEasyChatWord_VoltAbsorb
0x08269DF8	rom	sEasyChatWord_WaterAbsorb
0x08269E08	rom	sEasyChatWord_Electric
0x08269E14	rom	sEasyChatWord_Forecast
0x08269E20	rom	sEasyChatWord_SereneGrace
0x08269E30	rom	sEasyChatWord_Poison
0x08269E38	rom	sEasyChatWord_PoisonPoint
0x08269E48	rom	sEasyChatWord_Dragon
0x08269E50	rom	sEasyChatWord_Trace
0x08269E58	rom	sEasyChatWord_Oblivious
0x08269E64	rom	sEasyChatWord_Truant
0x08269E6C	rom	sEasyChatWord_RunAway
0x08269E78	rom	sEasyChatWord_StickyHold
0x08269E84	rom	sEasyChatWord_CloudNine
0x08269E90	rom	sEasyChatWord_Normal
0x08269E98	rom	sEasyChatWord_Steel
0x08269EA0	rom	sEasyChatWord_Illuminate
0x08269EAC	rom	sEasyChatWord_EarlyBird
0x08269EB8	rom	sEasyChatWord_Hustle
0x08269EC0	rom	sEasyChatWord_Shine
0x08269EC8	rom	sEasyChatWord_Flying
0x08269ED0	rom	sEasyChatWord_Drought
0x08269ED8	rom	sEasyChatWord_Lightningrod
0x08269EE8	rom	sEasyChatWord_Compoundeyes
0x08269EF8	rom	sEasyChatWord_MarvelScale
0x08269F08	rom	sEasyChatWord_WonderGuard
0x08269F18	rom	sEasyChatWord_Insomnia
0x08269F24	rom	sEasyChatWord_Levitate
0x08269F30	rom	sEasyChatWord_Plus
0x08269F38	rom	sEasyChatWord_Pressure
0x08269F44	rom	sEasyChatWord_LiquidOoze
0x08269F50	rom	sEasyChatWord_ColorChange
0x08269F60	rom	sEasyChatWord_Soundproof
0x08269F6C	rom	sEasyChatWord_EffectSpore
0x08269F7C	rom	sEasyChatWord_Pkrs
0x08269F80	rom	sEasyChatWord_Fire
0x08269F88	rom	sEasyChatWord_FlameBody
0x08269F94	rom	sEasyChatWord_Minus
0x08269F9C	rom	sEasyChatWord_OwnTempo
0x08269FA8	rom	sEasyChatWord_MagmaArmor
0x08269FB4	rom	sEasyChatWord_Water
0x08269FBC	rom	sEasyChatWord_WaterVeil
0x08269FC8	rom	sEasyChatWord_Bug
0x08269FCC	rom	sEasyChatWord_Swarm
0x08269FD4	rom	sEasyChatWord_CuteCharm
0x08269FE0	rom	sEasyChatWord_Immunity
0x08269FEC	rom	sEasyChatWord_Blaze
0x08269FF4	rom	sEasyChatWord_Pickup
0x08269FFC	rom	sEasyChatWord_Pattern
0x0826A004	rom	sEasyChatWord_FlashFire
0x0826A010	rom	sEasyChatWord_VitalSpirit
0x0826A020	rom	sEasyChatWord_Chlorophyll
0x0826A02C	rom	sEasyChatWord_PurePower
0x0826A038	rom	sEasyChatWord_ShieldDust
0x0826A044	rom	sEasyChatGroup_Status
0x0826A560	rom	sEasyChatWord_MatchUp
0x0826A56C	rom	sEasyChatWord_Go
0x0826A570	rom	sEasyChatWord_No1
0x0826A578	rom	sEasyChatWord_Decide
0x0826A580	rom	sEasyChatWord_LetMeWin
0x0826A58C	rom	sEasyChatWord_Wins
0x0826A594	rom	sEasyChatWord_Win
0x0826A598	rom	sEasyChatWord_Won
0x0826A59C	rom	sEasyChatWord_IfIWin
0x0826A5A8	rom	sEasyChatWord_WhenIWin
0x0826A5B4	rom	sEasyChatWord_CantWin
0x0826A5C0	rom	sEasyChatWord_CanWin
0x0826A5C8	rom	sEasyChatWord_NoMatch
0x0826A5D4	rom	sEasyChatWord_Spirit
0x0826A5DC	rom	sEasyChatWord_Decided
0x0826A5E4	rom	sEasyChatWord_TrumpCard
0x0826A5F0	rom	sEasyChatWord_TakeThat
0x0826A5FC	rom	sEasyChatWord_ComeOn
0x0826A604	rom	sEasyChatWord_Attack
0x0826A60C	rom	sEasyChatWord_Surrender
0x0826A618	rom	sEasyChatWord_Gutsy
0x0826A620	rom	sEasyChatWord_Talent
0x0826A628	rom	sEasyChatWord_Strategy
0x0826A634	rom	sEasyChatWord_Smite
0x0826A63C	rom	sEasyChatWord_Match
0x0826A644	rom	sEasyChatWord_Victory
0x0826A64C	rom	sEasyChatWord_Offensive
0x0826A658	rom	sEasyChatWord_Sense
0x0826A660	rom	sEasyChatWord_Versus
0x0826A668	rom	sEasyChatWord_Fights
0x0826A670	rom	sEasyChatWord_Power
0x0826A678	rom	sEasyChatWord_Challenge
0x0826A684	rom	sEasyChatWord_Strong
0x0826A68C	rom	sEasyChatWord_TooStrong
0x0826A698	rom	sEasyChatWord_GoEasy
0x0826A6A0	rom	sEasyChatWord_Foe
0x0826A6A4	rom	sEasyChatWord_Genius
0x0826A6AC	rom	sEasyChatWord_Legend
0x0826A6B4	rom	sEasyChatWord_Escape
0x0826A6BC	rom	sEasyChatWord_Aim
0x0826A6C0	rom	sEasyChatWord_Battle
0x0826A6C8	rom	sEasyChatWord_Fight
0x0826A6D0	rom	sEasyChatWord_Resuscitate
0x0826A6DC	rom	sEasyChatWord_Points
0x0826A6E4	rom	sEasyChatWord_Serious
0x0826A6EC	rom	sEasyChatWord_GiveUp
0x0826A6F4	rom	sEasyChatWord_Loss
0x0826A6FC	rom	sEasyChatWord_IfILose
0x0826A708	rom	sEasyChatWord_Lost
0x0826A710	rom	sEasyChatWord_Lose
0x0826A718	rom	sEasyChatWord_Guard
0x0826A720	rom	sEasyChatWord_Partner
0x0826A728	rom	sEasyChatWord_Reject
0x0826A730	rom	sEasyChatWord_Accept
0x0826A738	rom	sEasyChatWord_Invincible
0x0826A744	rom	sEasyChatWord_Received
0x0826A750	rom	sEasyChatWord_Easy
0x0826A758	rom	sEasyChatWord_Weak
0x0826A760	rom	sEasyChatWord_TooWeak
0x0826A76C	rom	sEasyChatWord_Pushover
0x0826A778	rom	sEasyChatWord_Leader
0x0826A780	rom	sEasyChatWord_Rule
0x0826A788	rom	sEasyChatWord_Move
0x0826A790	rom	sEasyChatGroup_Battle
0x0826AA84	rom	sEasyChatWord_Thanks
0x0826AA8C	rom	sEasyChatWord_Yes
0x0826AA90	rom	sEasyChatWord_HereGoes
0x0826AA9C	rom	sEasyChatWord_HereICome
0x0826AAA8	rom	sEasyChatWord_HereItIs
0x0826AAB4	rom	sEasyChatWord_Yeah
0x0826AABC	rom	sEasyChatWord_Welcome
0x0826AAC4	rom	sEasyChatWord_Oi
0x0826AAC8	rom	sEasyChatWord_HowDo
0x0826AAD0	rom	sEasyChatWord_Congrats
0x0826AADC	rom	sEasyChatWord_GiveMe
0x0826AAE4	rom	sEasyChatWord_Sorry
0x0826AAEC	rom	sEasyChatWord_Apologize
0x0826AAF8	rom	sEasyChatWord_Forgive
0x0826AB00	rom	sEasyChatWord_HeyThere
0x0826AB0C	rom	sEasyChatWord_Hello
0x0826AB14	rom	sEasyChatWord_GoodBye
0x0826AB20	rom	sEasyChatWord_ThankYou
0x0826AB2C	rom	sEasyChatWord_IveArrived
0x0826AB3C	rom	sEasyChatWord_Pardon
0x0826AB44	rom	sEasyChatWord_Excuse
0x0826AB4C	rom	sEasyChatWord_SeeYa
0x0826AB54	rom	sEasyChatWord_ExcuseMe
0x0826AB60	rom	sEasyChatWord_WellThen
0x0826AB6C	rom	sEasyChatWord_GoAhead
0x0826AB78	rom	sEasyChatWord_Appreciate
0x0826AB84	rom	sEasyChatWord_HeyQues
0x0826AB8C	rom	sEasyChatWord_WhatsUpQues
0x0826AB98	rom	sEasyChatWord_HuhQues
0x0826ABA0	rom	sEasyChatWord_No
0x0826ABA4	rom	sEasyChatWord_Hi
0x0826ABA8	rom	sEasyChatWord_YeahYeah
0x0826ABB4	rom	sEasyChatWord_ByeBye
0x0826ABBC	rom	sEasyChatWord_MeetYou
0x0826ABC8	rom	sEasyChatWord_Hey
0x0826ABCC	rom	sEasyChatWord_Smell
0x0826ABD4	rom	sEasyChatWord_Listening
0x0826ABE0	rom	sEasyChatWord_HooHah
0x0826ABE8	rom	sEasyChatWord_Yahoo
0x0826ABF0	rom	sEasyChatWord_Yo
0x0826ABF4	rom	sEasyChatWord_ComeOver
0x0826AC00	rom	sEasyChatWord_CountOn
0x0826AC0C	rom	sEasyChatGroup_Greetings
0x0826AE04	rom	sEasyChatWord_Opponent
0x0826AE10	rom	sEasyChatWord_I
0x0826AE14	rom	sEasyChatWord_You
0x0826AE18	rom	sEasyChatWord_Yours
0x0826AE20	rom	sEasyChatWord_Son
0x0826AE24	rom	sEasyChatWord_Your
0x0826AE2C	rom	sEasyChatWord_Youre
0x0826AE34	rom	sEasyChatWord_Youve
0x0826AE3C	rom	sEasyChatWord_Mother
0x0826AE44	rom	sEasyChatWord_Grandfather
0x0826AE50	rom	sEasyChatWord_Uncle
0x0826AE58	rom	sEasyChatWord_Father
0x0826AE60	rom	sEasyChatWord_Boy
0x0826AE64	rom	sEasyChatWord_Adult
0x0826AE6C	rom	sEasyChatWord_Brother
0x0826AE74	rom	sEasyChatWord_Sister
0x0826AE7C	rom	sEasyChatWord_Grandmother
0x0826AE88	rom	sEasyChatWord_Aunt
0x0826AE90	rom	sEasyChatWord_Parent
0x0826AE98	rom	sEasyChatWord_Man
0x0826AE9C	rom	sEasyChatWord_Me
0x0826AEA0	rom	sEasyChatWord_Girl
0x0826AEA8	rom	sEasyChatWord_Babe
0x0826AEB0	rom	sEasyChatWord_Family
0x0826AEB8	rom	sEasyChatWord_Her
0x0826AEBC	rom	sEasyChatWord_Him
0x0826AEC0	rom	sEasyChatWord_He
0x0826AEC4	rom	sEasyChatWord_Place
0x0826AECC	rom	sEasyChatWord_Daughter
0x0826AED8	rom	sEasyChatWord_His
0x0826AEDC	rom	sEasyChatWord_Hes
0x0826AEE4	rom	sEasyChatWord_Arent
0x0826AEEC	rom	sEasyChatWord_Siblings
0x0826AEF8	rom	sEasyChatWord_Kid
0x0826AEFC	rom	sEasyChatWord_Children
0x0826AF08	rom	sEasyChatWord_Mr
0x0826AF0C	rom	sEasyChatWord_Mrs
0x0826AF14	rom	sEasyChatWord_Myself
0x0826AF1C	rom	sEasyChatWord_IWas
0x0826AF24	rom	sEasyChatWord_ToMe
0x0826AF2C	rom	sEasyChatWord_My
0x0826AF30	rom	sEasyChatWord_IAm
0x0826AF38	rom	sEasyChatWord_Ive
0x0826AF40	rom	sEasyChatWord_Who
0x0826AF44	rom	sEasyChatWord_Someone
0x0826AF4C	rom	sEasyChatWord_WhoWas
0x0826AF54	rom	sEasyChatWord_ToWhom
0x0826AF5C	rom	sEasyChatWord_Whose
0x0826AF64	rom	sEasyChatWord_WhoIs
0x0826AF6C	rom	sEasyChatWord_Its
0x0826AF74	rom	sEasyChatWord_Lady
0x0826AF7C	rom	sEasyChatWord_Friend
0x0826AF84	rom	sEasyChatWord_Ally
0x0826AF8C	rom	sEasyChatWord_Person
0x0826AF94	rom	sEasyChatWord_Dude
0x0826AF9C	rom	sEasyChatWord_They
0x0826AFA4	rom	sEasyChatWord_TheyWere
0x0826AFB0	rom	sEasyChatWord_ToThem
0x0826AFB8	rom	sEasyChatWord_Their
0x0826AFC0	rom	sEasyChatWord_Theyre
0x0826AFC8	rom	sEasyChatWord_Theyve
0x0826AFD0	rom	sEasyChatWord_We
0x0826AFD4	rom	sEasyChatWord_Been
0x0826AFDC	rom	sEasyChatWord_ToUs
0x0826AFE4	rom	sEasyChatWord_Our
0x0826AFE8	rom	sEasyChatWord_WeAre
0x0826AFF0	rom	sEasyChatWord_Rival
0x0826AFF8	rom	sEasyChatWord_Weve
0x0826B000	rom	sEasyChatWord_Woman
0x0826B008	rom	sEasyChatWord_She
0x0826B00C	rom	sEasyChatWord_SheWas
0x0826B014	rom	sEasyChatWord_ToHer
0x0826B01C	rom	sEasyChatWord_Hers
0x0826B024	rom	sEasyChatWord_SheIs
0x0826B02C	rom	sEasyChatWord_Some
0x0826B034	rom	sEasyChatGroup_People
0x0826B3B8	rom	sEasyChatWord_Excl
0x0826B3BC	rom	sEasyChatWord_ExclExcl
0x0826B3C0	rom	sEasyChatWord_QuesExcl
0x0826B3C4	rom	sEasyChatWord_Ques
0x0826B3C8	rom	sEasyChatWord_Ellipsis
0x0826B3CC	rom	sEasyChatWord_EllipsisExcl
0x0826B3D0	rom	sEasyChatWord_EllipsisEllipsisEllipsis
0x0826B3D4	rom	sEasyChatWord_Dash
0x0826B3D8	rom	sEasyChatWord_DashDashDash
0x0826B3E0	rom	sEasyChatWord_UhOh
0x0826B3E8	rom	sEasyChatWord_Waaah
0x0826B3F0	rom	sEasyChatWord_Ahaha
0x0826B3F8	rom	sEasyChatWord_OhQues
0x0826B3FC	rom	sEasyChatWord_Nope
0x0826B404	rom	sEasyChatWord_Urgh
0x0826B40C	rom	sEasyChatWord_Hmm
0x0826B410	rom	sEasyChatWord_Whoah
0x0826B418	rom	sEasyChatWord_WroooaarExcl
0x0826B424	rom	sEasyChatWord_Wow
0x0826B428	rom	sEasyChatWord_Giggle
0x0826B430	rom	sEasyChatWord_Sigh
0x0826B438	rom	sEasyChatWord_Unbelievable
0x0826B448	rom	sEasyChatWord_Cries
0x0826B450	rom	sEasyChatWord_Agree
0x0826B458	rom	sEasyChatWord_EhQues
0x0826B45C	rom	sEasyChatWord_Cry
0x0826B460	rom	sEasyChatWord_Ehehe
0x0826B468	rom	sEasyChatWord_OiOiOi
0x0826B474	rom	sEasyChatWord_OhYeah
0x0826B480	rom	sEasyChatWord_Oh
0x0826B484	rom	sEasyChatWord_Oops
0x0826B48C	rom	sEasyChatWord_Shocked
0x0826B494	rom	sEasyChatWord_Eek
0x0826B498	rom	sEasyChatWord_Graaah
0x0826B4A0	rom	sEasyChatWord_Gwahahaha
0x0826B4AC	rom	sEasyChatWord_Way
0x0826B4B0	rom	sEasyChatWord_Tch
0x0826B4B4	rom	sEasyChatWord_Hehe
0x0826B4BC	rom	sEasyChatWord_Hah
0x0826B4C0	rom	sEasyChatWord_Yup
0x0826B4C4	rom	sEasyChatWord_Hahaha
0x0826B4CC	rom	sEasyChatWord_Aiyeeh
0x0826B4D4	rom	sEasyChatWord_Hiyah
0x0826B4DC	rom	sEasyChatWord_Fufufu
0x0826B4E4	rom	sEasyChatWord_Lol
0x0826B4E8	rom	sEasyChatWord_Snort
0x0826B4F0	rom	sEasyChatWord_Humph
0x0826B4F8	rom	sEasyChatWord_Hehehe
0x0826B500	rom	sEasyChatWord_Heh
0x0826B504	rom	sEasyChatWord_Hohoho
0x0826B50C	rom	sEasyChatWord_UhHuh
0x0826B514	rom	sEasyChatWord_OhDear
0x0826B520	rom	sEasyChatWord_Arrgh
0x0826B528	rom	sEasyChatWord_Mufufu
0x0826B530	rom	sEasyChatWord_Mmm
0x0826B534	rom	sEasyChatWord_OhKay
0x0826B53C	rom	sEasyChatWord_Okay
0x0826B544	rom	sEasyChatWord_Lalala
0x0826B54C	rom	sEasyChatWord_Yay
0x0826B550	rom	sEasyChatWord_Aww
0x0826B554	rom	sEasyChatWord_Wowee
0x0826B55C	rom	sEasyChatWord_Gwah
0x0826B564	rom	sEasyChatWord_Wahahaha
0x0826B570	rom	sEasyChatGroup_Voices
0x0826B864	rom	sEasyChatWord_Listen
0x0826B86C	rom	sEasyChatWord_NotVery
0x0826B878	rom	sEasyChatWord_Mean
0x0826B880	rom	sEasyChatWord_Lie
0x0826B884	rom	sEasyChatWord_Lay
0x0826B888	rom	sEasyChatWord_Recommend
0x0826B894	rom	sEasyChatWord_Nitwit
0x0826B89C	rom	sEasyChatWord_Quite
0x0826B8A4	rom	sEasyChatWord_From
0x0826B8AC	rom	sEasyChatWord_Feeling
0x0826B8B4	rom	sEasyChatWord_But
0x0826B8B8	rom	sEasyChatWord_However
0x0826B8C0	rom	sEasyChatWord_Case
0x0826B8C8	rom	sEasyChatWord_The
0x0826B8CC	rom	sEasyChatWord_Miss
0x0826B8D4	rom	sEasyChatWord_How
0x0826B8D8	rom	sEasyChatWord_Hit
0x0826B8DC	rom	sEasyChatWord_Enough
0x0826B8E4	rom	sEasyChatWord_ALot
0x0826B8EC	rom	sEasyChatWord_ALittle
0x0826B8F8	rom	sEasyChatWord_Absolutely
0x0826B904	rom	sEasyChatWord_And
0x0826B908	rom	sEasyChatWord_Only
0x0826B910	rom	sEasyChatWord_Around
0x0826B918	rom	sEasyChatWord_Probably
0x0826B924	rom	sEasyChatWord_If
0x0826B928	rom	sEasyChatWord_Very
0x0826B930	rom	sEasyChatWord_ATinyBit
0x0826B93C	rom	sEasyChatWord_Wild
0x0826B944	rom	sEasyChatWord_Thats
0x0826B94C	rom	sEasyChatWord_Just
0x0826B954	rom	sEasyChatWord_EvenSo
0x0826B960	rom	sEasyChatWord_MustBe
0x0826B968	rom	sEasyChatWord_Naturally
0x0826B974	rom	sEasyChatWord_ForNow
0x0826B980	rom	sEasyChatWord_Understood
0x0826B98C	rom	sEasyChatWord_Joking
0x0826B994	rom	sEasyChatWord_Ready
0x0826B99C	rom	sEasyChatWord_Something
0x0826B9A8	rom	sEasyChatWord_Somehow
0x0826B9B0	rom	sEasyChatWord_Although
0x0826B9BC	rom	sEasyChatWord_Also
0x0826B9C4	rom	sEasyChatWord_Perfect
0x0826B9CC	rom	sEasyChatWord_AsMuchAs
0x0826B9D8	rom	sEasyChatWord_Really
0x0826B9E0	rom	sEasyChatWord_Truly
0x0826B9E8	rom	sEasyChatWord_Seriously
0x0826B9F4	rom	sEasyChatWord_Totally
0x0826B9FC	rom	sEasyChatWord_Until
0x0826BA04	rom	sEasyChatWord_AsIf
0x0826BA0C	rom	sEasyChatWord_Mood
0x0826BA14	rom	sEasyChatWord_Rather
0x0826BA1C	rom	sEasyChatWord_Awfully
0x0826BA24	rom	sEasyChatWord_Mode
0x0826BA2C	rom	sEasyChatWord_More
0x0826BA34	rom	sEasyChatWord_TooLate
0x0826BA40	rom	sEasyChatWord_Finally
0x0826BA48	rom	sEasyChatWord_Any
0x0826BA4C	rom	sEasyChatWord_Instead
0x0826BA54	rom	sEasyChatWord_Fantastic
0x0826BA60	rom	sEasyChatGroup_Speech
0x0826BD30	rom	sEasyChatWord_Will
0x0826BD38	rom	sEasyChatWord_WillBeHere
0x0826BD48	rom	sEasyChatWord_Or
0x0826BD4C	rom	sEasyChatWord_Times
0x0826BD54	rom	sEasyChatWord_Wonder
0x0826BD5C	rom	sEasyChatWord_IsItQues
0x0826BD64	rom	sEasyChatWord_Be
0x0826BD68	rom	sEasyChatWord_Gimme
0x0826BD70	rom	sEasyChatWord_Could
0x0826BD78	rom	sEasyChatWord_LikelyTo
0x0826BD84	rom	sEasyChatWord_Would
0x0826BD8C	rom	sEasyChatWord_Is
0x0826BD90	rom	sEasyChatWord_IsntItQues
0x0826BD9C	rom	sEasyChatWord_Lets
0x0826BDA4	rom	sEasyChatWord_Other
0x0826BDAC	rom	sEasyChatWord_Are
0x0826BDB0	rom	sEasyChatWord_Was
0x0826BDB4	rom	sEasyChatWord_Were
0x0826BDBC	rom	sEasyChatWord_Those
0x0826BDC4	rom	sEasyChatWord_Isnt
0x0826BDCC	rom	sEasyChatWord_Wont
0x0826BDD4	rom	sEasyChatWord_Cant
0x0826BDDC	rom	sEasyChatWord_Can
0x0826BDE0	rom	sEasyChatWord_Dont
0x0826BDE8	rom	sEasyChatWord_Do
0x0826BDEC	rom	sEasyChatWord_Does
0x0826BDF4	rom	sEasyChatWord_Whom
0x0826BDFC	rom	sEasyChatWord_Which
0x0826BE04	rom	sEasyChatWord_Wasnt
0x0826BE0C	rom	sEasyChatWord_Werent
0x0826BE14	rom	sEasyChatWord_Have
0x0826BE1C	rom	sEasyChatWord_Havent
0x0826BE24	rom	sEasyChatWord_A
0x0826BE28	rom	sEasyChatWord_An
0x0826BE2C	rom	sEasyChatWord_Not
0x0826BE30	rom	sEasyChatWord_There
0x0826BE38	rom	sEasyChatWord_OkQues
0x0826BE3C	rom	sEasyChatWord_So
0x0826BE40	rom	sEasyChatWord_Maybe
0x0826BE48	rom	sEasyChatWord_About
0x0826BE50	rom	sEasyChatWord_Over
0x0826BE58	rom	sEasyChatWord_It
0x0826BE5C	rom	sEasyChatWord_All
0x0826BE60	rom	sEasyChatWord_For
0x0826BE64	rom	sEasyChatWord_On
0x0826BE68	rom	sEasyChatWord_Off
0x0826BE6C	rom	sEasyChatWord_As
0x0826BE70	rom	sEasyChatWord_To
0x0826BE74	rom	sEasyChatWord_With
0x0826BE7C	rom	sEasyChatWord_Better
0x0826BE84	rom	sEasyChatWord_Ever
0x0826BE8C	rom	sEasyChatWord_Since
0x0826BE94	rom	sEasyChatWord_Of
0x0826BE98	rom	sEasyChatWord_BelongsTo
0x0826BEA4	rom	sEasyChatWord_At
0x0826BEA8	rom	sEasyChatWord_In
0x0826BEAC	rom	sEasyChatWord_Out
0x0826BEB0	rom	sEasyChatWord_Too
0x0826BEB4	rom	sEasyChatWord_Like
0x0826BEBC	rom	sEasyChatWord_Did
0x0826BEC0	rom	sEasyChatWord_Didnt
0x0826BEC8	rom	sEasyChatWord_Doesnt
0x0826BED0	rom	sEasyChatWord_Without
0x0826BED8	rom	sEasyChatWord_After
0x0826BEE0	rom	sEasyChatWord_Before
0x0826BEE8	rom	sEasyChatWord_While
0x0826BEF0	rom	sEasyChatWord_Than
0x0826BEF8	rom	sEasyChatWord_Once
0x0826BF00	rom	sEasyChatWord_Anywhere
0x0826BF0C	rom	sEasyChatGroup_Endings
0x0826C248	rom	sEasyChatWord_Meet
0x0826C250	rom	sEasyChatWord_Play
0x0826C258	rom	sEasyChatWord_Hurried
0x0826C260	rom	sEasyChatWord_Goes
0x0826C268	rom	sEasyChatWord_Giddy
0x0826C270	rom	sEasyChatWord_Happy
0x0826C278	rom	sEasyChatWord_Happiness
0x0826C284	rom	sEasyChatWord_Excite
0x0826C28C	rom	sEasyChatWord_Important
0x0826C298	rom	sEasyChatWord_Funny
0x0826C2A0	rom	sEasyChatWord_Got
0x0826C2A4	rom	sEasyChatWord_GoHome
0x0826C2AC	rom	sEasyChatWord_Disappointed
0x0826C2BC	rom	sEasyChatWord_Disappoints
0x0826C2C8	rom	sEasyChatWord_Sad
0x0826C2CC	rom	sEasyChatWord_Try
0x0826C2D0	rom	sEasyChatWord_Tries
0x0826C2D8	rom	sEasyChatWord_Hears
0x0826C2E0	rom	sEasyChatWord_Think
0x0826C2E8	rom	sEasyChatWord_Hear
0x0826C2F0	rom	sEasyChatWord_Wants
0x0826C2F8	rom	sEasyChatWord_Misheard
0x0826C304	rom	sEasyChatWord_Dislike
0x0826C30C	rom	sEasyChatWord_Angry
0x0826C314	rom	sEasyChatWord_Anger
0x0826C31C	rom	sEasyChatWord_Scary
0x0826C324	rom	sEasyChatWord_Lonesome
0x0826C330	rom	sEasyChatWord_Disappoint
0x0826C33C	rom	sEasyChatWord_Joy
0x0826C340	rom	sEasyChatWord_Gets
0x0826C348	rom	sEasyChatWord_Never
0x0826C350	rom	sEasyChatWord_Darn
0x0826C358	rom	sEasyChatWord_Downcast
0x0826C364	rom	sEasyChatWord_Incredible
0x0826C370	rom	sEasyChatWord_Likes
0x0826C378	rom	sEasyChatWord_Dislikes
0x0826C384	rom	sEasyChatWord_Boring
0x0826C38C	rom	sEasyChatWord_Care
0x0826C394	rom	sEasyChatWord_Cares
0x0826C39C	rom	sEasyChatWord_AllRight
0x0826C3A8	rom	sEasyChatWord_Adore
0x0826C3B0	rom	sEasyChatWord_Disaster
0x0826C3BC	rom	sEasyChatWord_Enjoy
0x0826C3C4	rom	sEasyChatWord_Enjoys
0x0826C3CC	rom	sEasyChatWord_Eat
0x0826C3D0	rom	sEasyChatWord_Lacking
0x0826C3D8	rom	sEasyChatWord_Bad
0x0826C3DC	rom	sEasyChatWord_Hard
0x0826C3E4	rom	sEasyChatWord_Terrible
0x0826C3F0	rom	sEasyChatWord_Should
0x0826C3F8	rom	sEasyChatWord_Nice
0x0826C400	rom	sEasyChatWord_Drink
0x0826C408	rom	sEasyChatWord_Surprise
0x0826C414	rom	sEasyChatWord_Fear
0x0826C41C	rom	sEasyChatWord_Want
0x0826C424	rom	sEasyChatWord_Wait
0x0826C42C	rom	sEasyChatWord_Satisfied
0x0826C438	rom	sEasyChatWord_See
0x0826C43C	rom	sEasyChatWord_Rare
0x0826C444	rom	sEasyChatWord_Negative
0x0826C450	rom	sEasyChatWord_Done
0x0826C458	rom	sEasyChatWord_Danger
0x0826C460	rom	sEasyChatWord_Defeated
0x0826C46C	rom	sEasyChatWord_Beat
0x0826C474	rom	sEasyChatWord_Great
0x0826C47C	rom	sEasyChatWord_Romantic
0x0826C488	rom	sEasyChatWord_Question
0x0826C494	rom	sEasyChatWord_Understand
0x0826C4A0	rom	sEasyChatWord_Understands
0x0826C4AC	rom	sEasyChatGroup_Feelings
0x0826C7E8	rom	sEasyChatWord_Hot
0x0826C7EC	rom	sEasyChatWord_Exists
0x0826C7F4	rom	sEasyChatWord_Excess
0x0826C7FC	rom	sEasyChatWord_Approved
0x0826C808	rom	sEasyChatWord_Has
0x0826C80C	rom	sEasyChatWord_Good
0x0826C814	rom	sEasyChatWord_Less
0x0826C81C	rom	sEasyChatWord_Momentum
0x0826C828	rom	sEasyChatWord_Going
0x0826C830	rom	sEasyChatWord_Weird
0x0826C838	rom	sEasyChatWord_Busy
0x0826C840	rom	sEasyChatWord_Together
0x0826C84C	rom	sEasyChatWord_Full
0x0826C854	rom	sEasyChatWord_Absent
0x0826C85C	rom	sEasyChatWord_Being
0x0826C864	rom	sEasyChatWord_Need
0x0826C86C	rom	sEasyChatWord_Tasty
0x0826C874	rom	sEasyChatWord_Skilled
0x0826C87C	rom	sEasyChatWord_Noisy
0x0826C884	rom	sEasyChatWord_Big
0x0826C888	rom	sEasyChatWord_Late
0x0826C890	rom	sEasyChatWord_Close
0x0826C898	rom	sEasyChatWord_Docile
0x0826C8A0	rom	sEasyChatWord_Amusing
0x0826C8A8	rom	sEasyChatWord_Entertaining
0x0826C8B8	rom	sEasyChatWord_Perfection
0x0826C8C4	rom	sEasyChatWord_Pretty
0x0826C8CC	rom	sEasyChatWord_Healthy
0x0826C8D4	rom	sEasyChatWord_Excellent
0x0826C8E0	rom	sEasyChatWord_UpsideDown
0x0826C8EC	rom	sEasyChatWord_Cold
0x0826C8F4	rom	sEasyChatWord_Refreshing
0x0826C900	rom	sEasyChatWord_Unavoidable
0x0826C90C	rom	sEasyChatWord_Much
0x0826C914	rom	sEasyChatWord_Overwhelming
0x0826C924	rom	sEasyChatWord_Fabulous
0x0826C930	rom	sEasyChatWord_Else
0x0826C938	rom	sEasyChatWord_Expensive
0x0826C944	rom	sEasyChatWord_Correct
0x0826C94C	rom	sEasyChatWord_Impossible
0x0826C958	rom	sEasyChatWord_Small
0x0826C960	rom	sEasyChatWord_Different
0x0826C96C	rom	sEasyChatWord_Tired
0x0826C974	rom	sEasyChatWord_Skill
0x0826C97C	rom	sEasyChatWord_Top
0x0826C980	rom	sEasyChatWord_NonStop
0x0826C98C	rom	sEasyChatWord_Preposterous
0x0826C99C	rom	sEasyChatWord_None
0x0826C9A4	rom	sEasyChatWord_Nothing
0x0826C9AC	rom	sEasyChatWord_Natural
0x0826C9B4	rom	sEasyChatWord_Becomes
0x0826C9BC	rom	sEasyChatWord_Lukewarm
0x0826C9C8	rom	sEasyChatWord_Fast
0x0826C9D0	rom	sEasyChatWord_Low
0x0826C9D4	rom	sEasyChatWord_Awful
0x0826C9DC	rom	sEasyChatWord_Alone
0x0826C9E4	rom	sEasyChatWord_Bored
0x0826C9EC	rom	sEasyChatWord_Secret
0x0826C9F4	rom	sEasyChatWord_Mystery
0x0826C9FC	rom	sEasyChatWord_Lacks
0x0826CA04	rom	sEasyChatWord_Best
0x0826CA0C	rom	sEasyChatWord_Lousy
0x0826CA14	rom	sEasyChatWord_Mistake
0x0826CA1C	rom	sEasyChatWord_Kind
0x0826CA24	rom	sEasyChatWord_Well
0x0826CA2C	rom	sEasyChatWord_Weakened
0x0826CA38	rom	sEasyChatWord_Simple
0x0826CA40	rom	sEasyChatWord_Seems
0x0826CA48	rom	sEasyChatWord_Badly
0x0826CA50	rom	sEasyChatGroup_Conditions
0x0826CD8C	rom	sEasyChatWord_Meets
0x0826CD94	rom	sEasyChatWord_Concede
0x0826CD9C	rom	sEasyChatWord_Give
0x0826CDA4	rom	sEasyChatWord_Gives
0x0826CDAC	rom	sEasyChatWord_Played
0x0826CDB4	rom	sEasyChatWord_Plays
0x0826CDBC	rom	sEasyChatWord_Collect
0x0826CDC4	rom	sEasyChatWord_Walking
0x0826CDCC	rom	sEasyChatWord_Walks
0x0826CDD4	rom	sEasyChatWord_Says
0x0826CDDC	rom	sEasyChatWord_Went
0x0826CDE4	rom	sEasyChatWord_Said
0x0826CDEC	rom	sEasyChatWord_WakeUp
0x0826CDF4	rom	sEasyChatWord_WakesUp
0x0826CE00	rom	sEasyChatWord_Angers
0x0826CE08	rom	sEasyChatWord_Teach
0x0826CE10	rom	sEasyChatWord_Teaches
0x0826CE18	rom	sEasyChatWord_Please
0x0826CE20	rom	sEasyChatWord_Learn
0x0826CE28	rom	sEasyChatWord_Change
0x0826CE30	rom	sEasyChatWord_Story
0x0826CE38	rom	sEasyChatWord_Trust
0x0826CE40	rom	sEasyChatWord_Lavish
0x0826CE48	rom	sEasyChatWord_Listens
0x0826CE50	rom	sEasyChatWord_Hearing
0x0826CE58	rom	sEasyChatWord_Trains
0x0826CE60	rom	sEasyChatWord_Choose
0x0826CE68	rom	sEasyChatWord_Come
0x0826CE70	rom	sEasyChatWord_Came
0x0826CE78	rom	sEasyChatWord_Search
0x0826CE80	rom	sEasyChatWord_Make
0x0826CE88	rom	sEasyChatWord_Cause
0x0826CE90	rom	sEasyChatWord_Know
0x0826CE98	rom	sEasyChatWord_Knows
0x0826CEA0	rom	sEasyChatWord_Refuse
0x0826CEA8	rom	sEasyChatWord_Stores
0x0826CEB0	rom	sEasyChatWord_Brag
0x0826CEB8	rom	sEasyChatWord_Ignorant
0x0826CEC4	rom	sEasyChatWord_Thinks
0x0826CECC	rom	sEasyChatWord_Believe
0x0826CED4	rom	sEasyChatWord_Slide
0x0826CEDC	rom	sEasyChatWord_Eats
0x0826CEE4	rom	sEasyChatWord_Use
0x0826CEE8	rom	sEasyChatWord_Uses
0x0826CEF0	rom	sEasyChatWord_Using
0x0826CEF8	rom	sEasyChatWord_Couldnt
0x0826CF04	rom	sEasyChatWord_Capable
0x0826CF0C	rom	sEasyChatWord_Disappear
0x0826CF18	rom	sEasyChatWord_Appear
0x0826CF20	rom	sEasyChatWord_Throw
0x0826CF28	rom	sEasyChatWord_Worry
0x0826CF30	rom	sEasyChatWord_Slept
0x0826CF38	rom	sEasyChatWord_Sleep
0x0826CF40	rom	sEasyChatWord_Release
0x0826CF48	rom	sEasyChatWord_Drinks
0x0826CF50	rom	sEasyChatWord_Runs
0x0826CF58	rom	sEasyChatWord_Run
0x0826CF5C	rom	sEasyChatWord_Works
0x0826CF64	rom	sEasyChatWord_Working
0x0826CF6C	rom	sEasyChatWord_Talking
0x0826CF74	rom	sEasyChatWord_Talk
0x0826CF7C	rom	sEasyChatWord_Sink
0x0826CF84	rom	sEasyChatWord_Smack
0x0826CF8C	rom	sEasyChatWord_Pretend
0x0826CF94	rom	sEasyChatWord_Praise
0x0826CF9C	rom	sEasyChatWord_Overdo
0x0826CFA4	rom	sEasyChatWord_Show
0x0826CFAC	rom	sEasyChatWord_Looks
0x0826CFB4	rom	sEasyChatWord_Sees
0x0826CFBC	rom	sEasyChatWord_Seek
0x0826CFC4	rom	sEasyChatWord_Own
0x0826CFC8	rom	sEasyChatWord_Take
0x0826CFD0	rom	sEasyChatWord_Allow
0x0826CFD8	rom	sEasyChatWord_Forget
0x0826CFE0	rom	sEasyChatWord_Forgets
0x0826CFE8	rom	sEasyChatWord_Appears
0x0826CFF0	rom	sEasyChatWord_Faint
0x0826CFF8	rom	sEasyChatWord_Fainted
0x0826D000	rom	sEasyChatGroup_Actions
0x0826D3A8	rom	sEasyChatWord_Chores
0x0826D3B0	rom	sEasyChatWord_Home
0x0826D3B8	rom	sEasyChatWord_Money
0x0826D3C0	rom	sEasyChatWord_Allowance
0x0826D3CC	rom	sEasyChatWord_Bath
0x0826D3D4	rom	sEasyChatWord_Conversation
0x0826D3E4	rom	sEasyChatWord_School
0x0826D3EC	rom	sEasyChatWord_Commemorate
0x0826D3F8	rom	sEasyChatWord_Habit
0x0826D400	rom	sEasyChatWord_Group
0x0826D408	rom	sEasyChatWord_Word
0x0826D410	rom	sEasyChatWord_Store
0x0826D418	rom	sEasyChatWord_Service
0x0826D420	rom	sEasyChatWord_Work
0x0826D428	rom	sEasyChatWord_System
0x0826D430	rom	sEasyChatWord_Train
0x0826D438	rom	sEasyChatWord_Class
0x0826D440	rom	sEasyChatWord_Lessons
0x0826D448	rom	sEasyChatWord_Information
0x0826D454	rom	sEasyChatWord_Living
0x0826D45C	rom	sEasyChatWord_Teacher
0x0826D464	rom	sEasyChatWord_Tournament
0x0826D470	rom	sEasyChatWord_Letter
0x0826D478	rom	sEasyChatWord_Event
0x0826D480	rom	sEasyChatWord_Digital
0x0826D488	rom	sEasyChatWord_Test
0x0826D490	rom	sEasyChatWord_DeptStore
0x0826D49C	rom	sEasyChatWord_Television
0x0826D4A8	rom	sEasyChatWord_Phone
0x0826D4B0	rom	sEasyChatWord_Item
0x0826D4B8	rom	sEasyChatWord_Name
0x0826D4C0	rom	sEasyChatWord_News
0x0826D4C8	rom	sEasyChatWord_Popular
0x0826D4D0	rom	sEasyChatWord_Party
0x0826D4D8	rom	sEasyChatWord_Study
0x0826D4E0	rom	sEasyChatWord_Machine
0x0826D4E8	rom	sEasyChatWord_Mail
0x0826D4F0	rom	sEasyChatWord_Message
0x0826D4F8	rom	sEasyChatWord_Promise
0x0826D500	rom	sEasyChatWord_Dream
0x0826D508	rom	sEasyChatWord_Kindergarten
0x0826D518	rom	sEasyChatWord_Life
0x0826D520	rom	sEasyChatWord_Radio
0x0826D528	rom	sEasyChatWord_Rental
0x0826D530	rom	sEasyChatWord_World
0x0826D538	rom	sEasyChatGroup_Lifestyle
0x0826D754	rom	sEasyChatWord_Idol
0x0826D75C	rom	sEasyChatWord_Anime
0x0826D764	rom	sEasyChatWord_Song
0x0826D76C	rom	sEasyChatWord_Movie
0x0826D774	rom	sEasyChatWord_Sweets
0x0826D77C	rom	sEasyChatWord_Chat
0x0826D784	rom	sEasyChatWord_ChildsPlay
0x0826D794	rom	sEasyChatWord_Toys
0x0826D79C	rom	sEasyChatWord_Music
0x0826D7A4	rom	sEasyChatWord_Cards
0x0826D7AC	rom	sEasyChatWord_Shopping
0x0826D7B8	rom	sEasyChatWord_Camera
0x0826D7C0	rom	sEasyChatWord_Viewing
0x0826D7C8	rom	sEasyChatWord_Spectator
0x0826D7D4	rom	sEasyChatWord_Gourmet
0x0826D7DC	rom	sEasyChatWord_Game
0x0826D7E4	rom	sEasyChatWord_Rpg
0x0826D7E8	rom	sEasyChatWord_Collection
0x0826D7F4	rom	sEasyChatWord_Complete
0x0826D800	rom	sEasyChatWord_Magazine
0x0826D80C	rom	sEasyChatWord_Walk
0x0826D814	rom	sEasyChatWord_Bike
0x0826D81C	rom	sEasyChatWord_Hobby
0x0826D824	rom	sEasyChatWord_Sports
0x0826D82C	rom	sEasyChatWord_Software
0x0826D838	rom	sEasyChatWord_Songs
0x0826D840	rom	sEasyChatWord_Diet
0x0826D848	rom	sEasyChatWord_Treasure
0x0826D854	rom	sEasyChatWord_Travel
0x0826D85C	rom	sEasyChatWord_Dance
0x0826D864	rom	sEasyChatWord_Channel
0x0826D86C	rom	sEasyChatWord_Making
0x0826D874	rom	sEasyChatWord_Fishing
0x0826D87C	rom	sEasyChatWord_Date
0x0826D884	rom	sEasyChatWord_Design
0x0826D88C	rom	sEasyChatWord_Locomotive
0x0826D898	rom	sEasyChatWord_PlushDoll
0x0826D8A4	rom	sEasyChatWord_Pc
0x0826D8A8	rom	sEasyChatWord_Flowers
0x0826D8B0	rom	sEasyChatWord_Hero
0x0826D8B8	rom	sEasyChatWord_Nap
0x0826D8BC	rom	sEasyChatWord_Heroine
0x0826D8C4	rom	sEasyChatWord_Fashion
0x0826D8CC	rom	sEasyChatWord_Adventure
0x0826D8D8	rom	sEasyChatWord_Board
0x0826D8E0	rom	sEasyChatWord_Ball
0x0826D8E8	rom	sEasyChatWord_Book
0x0826D8F0	rom	sEasyChatWord_Festival
0x0826D8FC	rom	sEasyChatWord_Comics
0x0826D904	rom	sEasyChatWord_Holiday
0x0826D90C	rom	sEasyChatWord_Plans
0x0826D914	rom	sEasyChatWord_Trendy
0x0826D91C	rom	sEasyChatWord_Vacation
0x0826D928	rom	sEasyChatWord_Look
0x0826D930	rom	sEasyChatGroup_Hobbies
0x0826DBB8	rom	sEasyChatWord_Fall
0x0826DBC0	rom	sEasyChatWord_Morning
0x0826DBC8	rom	sEasyChatWord_Tomorrow
0x0826DBD4	rom	sEasyChatWord_Last
0x0826DBDC	rom	sEasyChatWord_Day
0x0826DBE0	rom	sEasyChatWord_Sometime
0x0826DBEC	rom	sEasyChatWord_Always
0x0826DBF4	rom	sEasyChatWord_Current
0x0826DBFC	rom	sEasyChatWord_Forever
0x0826DC04	rom	sEasyChatWord_Days
0x0826DC0C	rom	sEasyChatWord_End
0x0826DC10	rom	sEasyChatWord_Tuesday
0x0826DC18	rom	sEasyChatWord_Yesterday
0x0826DC24	rom	sEasyChatWord_Today
0x0826DC2C	rom	sEasyChatWord_Friday
0x0826DC34	rom	sEasyChatWord_Monday
0x0826DC3C	rom	sEasyChatWord_Later
0x0826DC44	rom	sEasyChatWord_Earlier
0x0826DC4C	rom	sEasyChatWord_Another
0x0826DC54	rom	sEasyChatWord_Time
0x0826DC5C	rom	sEasyChatWord_Finish
0x0826DC64	rom	sEasyChatWord_Wednesday
0x0826DC70	rom	sEasyChatWord_Soon
0x0826DC78	rom	sEasyChatWord_Start
0x0826DC80	rom	sEasyChatWord_Month
0x0826DC88	rom	sEasyChatWord_Stop
0x0826DC90	rom	sEasyChatWord_Now
0x0826DC94	rom	sEasyChatWord_Final
0x0826DC9C	rom	sEasyChatWord_Next
0x0826DCA4	rom	sEasyChatWord_Age
0x0826DCA8	rom	sEasyChatWord_Saturday
0x0826DCB4	rom	sEasyChatWord_Summer
0x0826DCBC	rom	sEasyChatWord_Sunday
0x0826DCC4	rom	sEasyChatWord_Beginning
0x0826DCD0	rom	sEasyChatWord_Spring
0x0826DCD8	rom	sEasyChatWord_Daytime
0x0826DCE0	rom	sEasyChatWord_Winter
0x0826DCE8	rom	sEasyChatWord_Daily
0x0826DCF0	rom	sEasyChatWord_Olden
0x0826DCF8	rom	sEasyChatWord_Almost
0x0826DD00	rom	sEasyChatWord_Nearly
0x0826DD08	rom	sEasyChatWord_Thursday
0x0826DD14	rom	sEasyChatWord_Nighttime
0x0826DD20	rom	sEasyChatWord_Night
0x0826DD28	rom	sEasyChatWord_Week
0x0826DD30	rom	sEasyChatGroup_Time
0x0826DF4C	rom	sEasyChatWord_Highs
0x0826DF54	rom	sEasyChatWord_Lows
0x0826DF5C	rom	sEasyChatWord_Um
0x0826DF60	rom	sEasyChatWord_Rear
0x0826DF68	rom	sEasyChatWord_Things
0x0826DF70	rom	sEasyChatWord_Thing
0x0826DF78	rom	sEasyChatWord_Below
0x0826DF80	rom	sEasyChatWord_Above
0x0826DF88	rom	sEasyChatWord_Back
0x0826DF90	rom	sEasyChatWord_High
0x0826DF98	rom	sEasyChatWord_Here
0x0826DFA0	rom	sEasyChatWord_Inside
0x0826DFA8	rom	sEasyChatWord_Outside
0x0826DFB0	rom	sEasyChatWord_Beside
0x0826DFB8	rom	sEasyChatWord_ThisIsItExcl
0x0826DFC4	rom	sEasyChatWord_This
0x0826DFCC	rom	sEasyChatWord_Every
0x0826DFD4	rom	sEasyChatWord_These
0x0826DFDC	rom	sEasyChatWord_TheseWere
0x0826DFE8	rom	sEasyChatWord_Down
0x0826DFF0	rom	sEasyChatWord_That
0x0826DFF8	rom	sEasyChatWord_ThoseAre
0x0826E004	rom	sEasyChatWord_ThoseWere
0x0826E010	rom	sEasyChatWord_ThatsItExcl
0x0826E01C	rom	sEasyChatWord_Am
0x0826E020	rom	sEasyChatWord_ThatWas
0x0826E02C	rom	sEasyChatWord_Front
0x0826E034	rom	sEasyChatWord_Up
0x0826E038	rom	sEasyChatWord_Choice
0x0826E040	rom	sEasyChatWord_Far
0x0826E044	rom	sEasyChatWord_Away
0x0826E04C	rom	sEasyChatWord_Near
0x0826E054	rom	sEasyChatWord_Where
0x0826E05C	rom	sEasyChatWord_When
0x0826E064	rom	sEasyChatWord_What
0x0826E06C	rom	sEasyChatWord_Deep
0x0826E074	rom	sEasyChatWord_Shallow
0x0826E07C	rom	sEasyChatWord_Why
0x0826E080	rom	sEasyChatWord_Confused
0x0826E08C	rom	sEasyChatWord_Opposite
0x0826E098	rom	sEasyChatWord_Left
0x0826E0A0	rom	sEasyChatWord_Right
0x0826E0A8	rom	sEasyChatGroup_Misc
0x0826E2A0	rom	sEasyChatWord_Wandering
0x0826E2AC	rom	sEasyChatWord_Rickety
0x0826E2B4	rom	sEasyChatWord_RockSolid
0x0826E2C0	rom	sEasyChatWord_Hungry
0x0826E2C8	rom	sEasyChatWord_Tight
0x0826E2D0	rom	sEasyChatWord_Ticklish
0x0826E2DC	rom	sEasyChatWord_Twirling
0x0826E2E8	rom	sEasyChatWord_Spiraling
0x0826E2F4	rom	sEasyChatWord_Thirsty
0x0826E2FC	rom	sEasyChatWord_Lolling
0x0826E304	rom	sEasyChatWord_Silky
0x0826E30C	rom	sEasyChatWord_Sadly
0x0826E314	rom	sEasyChatWord_Hopeless
0x0826E320	rom	sEasyChatWord_Useless
0x0826E328	rom	sEasyChatWord_Drooling
0x0826E334	rom	sEasyChatWord_Exciting
0x0826E340	rom	sEasyChatWord_Thick
0x0826E348	rom	sEasyChatWord_Smooth
0x0826E350	rom	sEasyChatWord_Slimy
0x0826E358	rom	sEasyChatWord_Thin
0x0826E360	rom	sEasyChatWord_Break
0x0826E368	rom	sEasyChatWord_Voracious
0x0826E374	rom	sEasyChatWord_Scatter
0x0826E37C	rom	sEasyChatWord_Awesome
0x0826E384	rom	sEasyChatWord_Wimpy
0x0826E38C	rom	sEasyChatWord_Wobbly
0x0826E394	rom	sEasyChatWord_Shaky
0x0826E39C	rom	sEasyChatWord_Ripped
0x0826E3A4	rom	sEasyChatWord_Shredded
0x0826E3B0	rom	sEasyChatWord_Increasing
0x0826E3BC	rom	sEasyChatWord_Yet
0x0826E3C0	rom	sEasyChatWord_Destroyed
0x0826E3CC	rom	sEasyChatWord_Fiery
0x0826E3D4	rom	sEasyChatWord_LoveyDovey
0x0826E3E0	rom	sEasyChatWord_Happily
0x0826E3E8	rom	sEasyChatWord_Anticipation
0x0826E3F8	rom	sEasyChatGroup_Adjectives
0x0826E5A8	rom	sEasyChatWord_Appeal
0x0826E5B0	rom	sEasyChatWord_Events
0x0826E5B8	rom	sEasyChatWord_StayAtHome
0x0826E5C8	rom	sEasyChatWord_Berry
0x0826E5D0	rom	sEasyChatWord_Contest
0x0826E5D8	rom	sEasyChatWord_Mc
0x0826E5DC	rom	sEasyChatWord_Judge
0x0826E5E4	rom	sEasyChatWord_Super
0x0826E5EC	rom	sEasyChatWord_Stage
0x0826E5F4	rom	sEasyChatWord_HallOfFame
0x0826E604	rom	sEasyChatWord_Evolution
0x0826E610	rom	sEasyChatWord_Hyper
0x0826E618	rom	sEasyChatWord_BattleTower
0x0826E628	rom	sEasyChatWord_Leaders
0x0826E630	rom	sEasyChatWord_BattleRoom
0x0826E63C	rom	sEasyChatWord_Hidden
0x0826E644	rom	sEasyChatWord_SecretBase
0x0826E650	rom	sEasyChatWord_Blend
0x0826E658	rom	sEasyChatWord_POKEBLOCK
0x0826E660	rom	sEasyChatWord_Master
0x0826E668	rom	sEasyChatWord_Rank
0x0826E670	rom	sEasyChatWord_Ribbon
0x0826E678	rom	sEasyChatWord_Crush
0x0826E680	rom	sEasyChatWord_Direct
0x0826E688	rom	sEasyChatWord_Tower
0x0826E690	rom	sEasyChatWord_Union
0x0826E698	rom	sEasyChatWord_Room
0x0826E6A0	rom	sEasyChatWord_Wireless
0x0826E6AC	rom	sEasyChatGroup_Events
0x0826E7FC	rom	sEasyChatGroup_Move1
0x0826E930	rom	sEasyChatGroup_Move2
0x0826EAC0	rom	sEasyChatWord_KthxBye
0x0826EACC	rom	sEasyChatWord_YesSirExcl
0x0826EAD8	rom	sEasyChatWord_AvantGarde
0x0826EAE4	rom	sEasyChatWord_Couple
0x0826EAEC	rom	sEasyChatWord_MuchObliged
0x0826EAFC	rom	sEasyChatWord_YeehawExcl
0x0826EB04	rom	sEasyChatWord_Mega
0x0826EB0C	rom	sEasyChatWord_1HitKOExcl
0x0826EB18	rom	sEasyChatWord_Destiny
0x0826EB20	rom	sEasyChatWord_Cancel
0x0826EB28	rom	sEasyChatWord_New
0x0826EB2C	rom	sEasyChatWord_Flatten
0x0826EB34	rom	sEasyChatWord_Kidding
0x0826EB3C	rom	sEasyChatWord_Loser
0x0826EB44	rom	sEasyChatWord_Losing
0x0826EB4C	rom	sEasyChatWord_Happening
0x0826EB58	rom	sEasyChatWord_HipAnd
0x0826EB60	rom	sEasyChatWord_Shake
0x0826EB68	rom	sEasyChatWord_Shady
0x0826EB70	rom	sEasyChatWord_Upbeat
0x0826EB78	rom	sEasyChatWord_Modern
0x0826EB80	rom	sEasyChatWord_SmellYa
0x0826EB8C	rom	sEasyChatWord_Bang
0x0826EB94	rom	sEasyChatWord_Knockout
0x0826EBA0	rom	sEasyChatWord_Hassle
0x0826EBA8	rom	sEasyChatWord_Winner
0x0826EBB0	rom	sEasyChatWord_Fever
0x0826EBB8	rom	sEasyChatWord_Wannabe
0x0826EBC0	rom	sEasyChatWord_Baby
0x0826EBC8	rom	sEasyChatWord_Heart
0x0826EBD0	rom	sEasyChatWord_Old
0x0826EBD4	rom	sEasyChatWord_Young
0x0826EBDC	rom	sEasyChatWord_Ugly
0x0826EBE4	rom	sEasyChatGroup_TrendySaying
0x0826ED70	rom	sEasyChatGroup_Pokemon2
0x0826EF68	rom	sEasyChatGroups
0x0826F018	rom	sEasyChatWordsByLetter_Others
0x0826F02C	rom	sEasyChatWordsByLetter_A
0x0826F100	rom	sEasyChatWordsByLetter_B
0x0826F1AC	rom	sEasyChatWordsByLetter_C
0x0826F29C	rom	sEasyChatWordsByLetter_D
0x0826F358	rom	sEasyChatWordsByLetter_E
0x0826F3CC	rom	sEasyChatWordsByLetter_F
0x0826F46C	rom	sEasyChatWordsByLetter_G
0x0826F530	rom	sEasyChatWordsByLetter_H
0x0826F5FC	rom	sEasyChatWordsByLetter_I
0x0826F65C	rom	sEasyChatWordsByLetter_J
0x0826F678	rom	sEasyChatWordsByLetter_K
0x0826F6BC	rom	sEasyChatWordsByLetter_L
0x0826F760	rom	sEasyChatWordsByLetter_M
0x0826F87C	rom	sEasyChatWordsByLetter_N
0x0826F8E8	rom	sEasyChatWordsByLetter_O
0x0826F940	rom	sEasyChatWordsByLetter_P
0x0826FA0C	rom	sEasyChatWordsByLetter_Q
0x0826FA18	rom	sEasyChatWordsByLetter_R
0x0826FAB8	rom	sEasyChatWordsByLetter_S
0x0826FCC4	rom	sEasyChatWordsByLetter_T
0x0826FDD0	rom	sEasyChatWordsByLetter_U
0x0826FE00	rom	sEasyChatWordsByLetter_V
0x0826FE44	rom	sEasyChatWordsByLetter_W
0x0826FF24	rom	sEasyChatWordsByLetter_X
0x0826FF2C	rom	sEasyChatWordsByLetter_Y
0x0826FF54	rom	sEasyChatWordsByLetter_Z
0x0826FF64	rom	sEasyChatWordsByLetterPointers
0x0827003C	rom	sEasyChatGroupNamePointers
0x08270094	rom	sDefaultProfileWords
0x0827009C	rom	sDefaultBattleStartWords
0x082700A8	rom	sDeoxysValue
0x0827019C	rom	gReflectionEffectPaletteMap
0x082701AC	rom	gCameraSpriteTemplate
0x082701C4	rom	gCameraObjectFuncs
0x082701D0	rom	gObjectEventPal_Player
0x082701F0	rom	gObjectEventPal_PlayerUnused
0x08270210	rom	gObjectEventPaletteNull1
0x08270230	rom	gObjectEventPaletteNull2
0x08270250	rom	gObjectEventPaletteNull3
0x08270270	rom	gObjectEventPaletteNull4
0x08270290	rom	gObjectEventPaletteNull5
0x082702B0	rom	gObjectEventPaletteNull6
0x082702D0	rom	gObjectEventPaletteNull7
0x082702F0	rom	gObjectEventPaletteNull8
0x08270310	rom	gObjectEventPaletteNull9
0x08270330	rom	gObjectEventPaletteNull10
0x08270350	rom	gObjectEventPaletteNull11
0x08270370	rom	gObjectEventPaletteNull12
0x08270390	rom	gObjectEventPaletteNull13
0x082703B0	rom	gObjectEventPaletteNull14
0x082703D0	rom	gObjectEventPic_RedNormal
0x08270CD0	rom	gObjectEventPic_RedSurfRun
0x08271AD0	rom	gObjectEventPic_GreenNormal
0x082723D0	rom	gObjectEventPic_GreenSurfRun
0x082731D0	rom	gObjectEventPal_PlayerReflection
0x082731F0	rom	gObjectEventPal_BridgeReflection
0x08273210	rom	gObjectEventPic_RedItem
0x08273B10	rom	gObjectEventPic_GreenItem
0x08274410	rom	gObjectEventPic_RedSurf
0x08275610	rom	gObjectEventPic_GreenSurf
0x08276810	rom	gObjectEventPic_RedBike
0x08277A10	rom	gObjectEventPic_RedVSSeekerBike
0x08278610	rom	gObjectEventPic_GreenBike
0x08279810	rom	gObjectEventPic_GreenVSSeekerBike
0x0827A410	rom	gObjectEventPic_RSBrendan
0x0827AD10	rom	gObjectEventPic_RSMay
0x0827B610	rom	gObjectEventPic_RedFish
0x0827CE10	rom	gObjectEventPic_GreenFish
0x0827E610	rom	gObjectEventPic_Pokedex
0x0827E690	rom	gObjectEventPic_TownMap
0x0827E790	rom	gObjectEventPic_UnusedMan
0x0827EA90	rom	gObjectEventPic_Giovanni
0x0827F390	rom	gObjectEventPic_Blaine
0x0827FC90	rom	gObjectEventPic_Sabrina
0x08280590	rom	gObjectEventPic_Daisy
0x08280E90	rom	gObjectEventPic_Lorelei
0x08281790	rom	gObjectEventPic_Erika
0x08282090	rom	gObjectEventPic_Koga
0x08282990	rom	gObjectEventPic_Brock
0x08283290	rom	gObjectEventPic_LtSurge
0x08283B90	rom	gObjectEventPic_Bill
0x08284490	rom	gObjectEventPal_NpcBlue
0x082844B0	rom	gObjectEventPal_NpcPink
0x082844D0	rom	gObjectEventPal_NpcGreen
0x082844F0	rom	gObjectEventPal_NpcWhite
0x08284510	rom	gObjectEventPal_NpcBlueReflection
0x08284530	rom	gObjectEventPal_NpcPinkReflection
0x08284550	rom	gObjectEventPal_NpcGreenReflection
0x08284570	rom	gObjectEventPal_NpcWhiteReflection
0x08284590	rom	gUnderwaterEventObjectPalette
0x082845B0	rom	gObjectEventPic_LittleBoy
0x08284A30	rom	gObjectEventPic_LittleGirl
0x08284F30	rom	gObjectEventPic_SittingBoy
0x08285230	rom	gObjectEventPic_Lass
0x08285C30	rom	gObjectEventPic_Youngster
0x08286630	rom	gObjectEventPic_Boy
0x08287030	rom	gObjectEventPic_Woman1
0x08287A30	rom	gObjectEventPic_Woman3
0x08288330	rom	gObjectEventPic_BugCatcher
0x08288D30	rom	gObjectEventPic_BattleGirl
0x08289730	rom	gObjectEventPic_RichBoy
0x0828A030	rom	gObjectEventPic_FatMan
0x0828A930	rom	gObjectEventPic_BaldingMan
0x0828B330	rom	gObjectEventPic_Woman2
0x0828BD30	rom	gObjectEventPic_OldMan1
0x0828C730	rom	gObjectEventPic_OldManLyingDown
0x0828C930	rom	gObjectEventPic_WorkerM
0x0828D330	rom	gObjectEventPic_WorkerF
0x0828DD30	rom	gObjectEventPic_Beauty
0x0828E730	rom	gObjectEventPic_Chef
0x0828F030	rom	gObjectEventPic_OldMan2
0x0828F930	rom	gObjectEventPic_OldWoman
0x08290230	rom	gObjectEventPic_Camper
0x08290C30	rom	gObjectEventPic_Picnicker
0x08291630	rom	gObjectEventPic_CooltrainerM
0x08292030	rom	gObjectEventPic_CooltrainerF
0x08292A30	rom	gObjectEventPic_Psyduck
0x08292BB0	rom	gObjectEventPic_SuperNerd
0x082935B0	rom	gObjectEventPic_Channeler
0x08293FB0	rom	gObjectEventPic_RocketF
0x082948B0	rom	gObjectEventPic_SwimmerMWater
0x082952B0	rom	gObjectEventPic_SwimmerFWater
0x08295CB0	rom	gObjectEventPic_SwimmerMLand
0x082966B0	rom	gObjectEventPic_SwimmerFLand
0x082970B0	rom	gObjectEventPic_Blackbelt
0x08297AB0	rom	gObjectEventPic_Scientist
0x082984B0	rom	gObjectEventPic_Gentleman
0x08298EB0	rom	gObjectEventPic_Sailor
0x082998B0	rom	gObjectEventPic_Captain
0x0829A1B0	rom	gObjectEventPic_Fisher
0x0829ABB0	rom	gObjectEventPic_TeachyTVHost
0x0829B4B0	rom	gObjectEventPic_UnusedWoman
0x0829BDB0	rom	gObjectEventPic_TuberF
0x0829C2B0	rom	gObjectEventPic_TuberMWater
0x0829C7B0	rom	gObjectEventPic_TuberMLand
0x0829CCB0	rom	gObjectEventPic_Hiker
0x0829D6B0	rom	gObjectEventPic_Biker
0x0829EAB0	rom	gObjectEventPic_GymGuy
0x0829F3B0	rom	gObjectEventPic_Man
0x0829FDB0	rom	gObjectEventPic_Rocker
0x082A07B0	rom	gObjectEventPic_ProfOak
0x082A10B0	rom	gObjectEventPic_Blue
0x082A19B0	rom	gObjectEventPic_Nurse
0x082A1DB0	rom	gObjectEventPic_CableClubReceptionist
0x082A26B0	rom	gObjectEventPic_UnionRoomReceptionist
0x082A29B0	rom	gObjectEventPic_UnusedMaleReceptionist
0x082A2CB0	rom	gObjectEventPic_ItemBall
0x082A2D30	rom	gObjectEventPic_MrFuji
0x082A3630	rom	gObjectEventPic_Bruno
0x082A3930	rom	gObjectEventPic_Clerk
0x082A4230	rom	gObjectEventPic_MGDeliveryman
0x082A4530	rom	gObjectEventPic_TrainerTowerDude
0x082A4830	rom	gObjectEventPic_Cameraman
0x082A5130	rom	gObjectEventPic_RocketM
0x082A5A30	rom	gObjectEventPic_Celio
0x082A6330	rom	gObjectEventPic_Lapras
0x082A64B0	rom	gObjectEventPic_Zapdos
0x082A66B0	rom	gObjectEventPic_Moltres
0x082A68B0	rom	gObjectEventPic_Articuno
0x082A6AB0	rom	gObjectEventPic_Mewtwo
0x082A6B30	rom	gObjectEventPic_Mew
0x082A7430	rom	gObjectEventPic_Entei
0x082A74B0	rom	gObjectEventPic_Raikou
0x082A7530	rom	gObjectEventPic_Suicune
0x082A75B0	rom	gObjectEventPic_Lugia
0x082A79B0	rom	gObjectEventPic_HoOh
0x082A7DB0	rom	gObjectEventPic_Celebi
0x082A7E30	rom	gObjectEventPic_DeoxysD
0x082A8230	rom	gObjectEventPic_DeoxysA
0x082A8630	rom	gObjectEventPic_DeoxysN
0x082A8A30	rom	gObjectEventPic_Agatha
0x082A8D30	rom	gObjectEventPic_Misty
0x082A9630	rom	gObjectEventPic_Lance
0x082A9930	rom	gObjectEventPic_GBAKid
0x082A9C30	rom	gObjectEventPic_Mom
0x082A9F30	rom	gObjectEventPic_Pidgeot
0x082AA0B0	rom	gObjectEventPic_Omanyte
0x082AA230	rom	gObjectEventPic_Kangaskhan
0x082AA3B0	rom	gObjectEventPic_NidoranF
0x082AA530	rom	gObjectEventPic_NidoranM
0x082AA6B0	rom	gObjectEventPic_Nidorino
0x082AA830	rom	gObjectEventPic_Meowth
0x082AA9B0	rom	gObjectEventPic_Seel
0x082AAB30	rom	gObjectEventPic_Voltorb
0x082AACB0	rom	gObjectEventPic_Slowpoke
0x082AAE30	rom	gObjectEventPic_Slowbro
0x082AAFB0	rom	gObjectEventPic_Machop
0x082AB130	rom	gObjectEventPic_Wigglytuff
0x082AB2B0	rom	gObjectEventPic_Doduo
0x082AB430	rom	gObjectEventPic_Fearow
0x082AB5B0	rom	gObjectEventPic_Kabuto
0x082AB730	rom	gObjectEventPic_Machoke
0x082AB8B0	rom	gObjectEventPic_Snorlax
0x082ABAB0	rom	gObjectEventPic_Spearow
0x082ABC30	rom	gObjectEventPic_Cubone
0x082ABDB0	rom	gObjectEventPic_Poliwrath
0x082ABF30	rom	gObjectEventPic_Chansey
0x082AC0B0	rom	gObjectEventPic_Pikachu
0x082AC230	rom	gObjectEventPic_Jigglypuff
0x082AC3B0	rom	gObjectEventPic_Pidgey
0x082AC530	rom	gObjectEventPic_Clefairy
0x082AC6B0	rom	gObjectEventPic_CutTree
0x082AC8B0	rom	gObjectEventPic_RockSmashRock
0x082ACAB0	rom	gObjectEventPic_StrengthBoulder
0x082ACB30	rom	gObjectEventPic_Fossil
0x082ACBB0	rom	gObjectEventPic_Ruby
0x082ACC30	rom	gObjectEventPic_Sapphire
0x082ACCB0	rom	gObjectEventPic_OldAmber
0x082ACD30	rom	gObjectEventPic_GymSign
0x082ACE30	rom	gObjectEventPic_Sign
0x082ACEB0	rom	gObjectEventPic_WoodenSign
0x082ACF30	rom	gObjectEventPic_Clipboard
0x082ACFB0	rom	gObjectEventPic_CableCar
0x082AD7B0	rom	gObjectEventPal_CableCar
0x082AD7D0	rom	gObjectEventPic_Sudowoodo
0x082ADAD0	rom	gObjectEventPic_Abra
0x082ADC50	rom	gObjectEventPic_SwimmerFWater2
0x082AE650	rom	gObjectEventPal_Meteorite
0x082AE670	rom	gObjectEventPic_BirthIslandStone
0x082AE870	rom	gObjectEventPic_LaprasDoll
0x082AEA70	rom	gObjectEventPal_Seagallop
0x082AEA90	rom	gObjectEventPic_Seagallop
0x082AF290	rom	gObjectEventPal_SSAnne
0x082AF2B0	rom	gEmBrendanPalette
0x082AF2D0	rom	gEmMayPalette
0x082AF2F0	rom	gObjectEventPic_SSAnne
0x082B02F0	rom	gObjectEventPic_SurfBlob
0x082B0EF0	rom	gObjectEventPic_Policeman
0x082B17F0	rom	gObjectEventPic_CueBall
0x082B2BF0	rom	gObjectEventPic_Painter
0x082B35F0	rom	gObjectEventPic_BirdKeeper
0x082B3FF0	rom	gObjectEventPic_Burglar
0x082B49F0	rom	gObjectEventPic_PokemonRangerF
0x082B53F0	rom	gObjectEventPic_PokemonRangerM
0x082B5DF0	rom	gObjectEventPic_RuinManiac
0x082B67F0	rom	gObjectEventPic_PokeManiac
0x082B71F0	rom	gObjectEventPic_PsychicM
0x082B7BF0	rom	gObjectEventPic_PsychicF
0x082B85F0	rom	gObjectEventPic_AromaLady
0x082B8FF0	rom	gObjectEventPic_Twin
0x082B94F0	rom	gObjectEventPic_YoungCoupleM
0x082B9EF0	rom	gObjectEventPic_YoungCoupleF
0x082BA8F0	rom	gObjectEventPic_Engineer
0x082BB2F0	rom	gObjectEventPic_Juggler
0x082BBCF0	rom	gObjectEventPic_Tamer
0x082BC6F0	rom	gObjectEventPic_PokemonBreeder
0x082BD0F0	rom	gObjectEventPic_RedUnderwater
0x082BD8F0	rom	gObjectEventPic_GreenUnderwater
0x082BE0F0	rom	gObjectEventPic_Scott
0x082BE9F0	rom	gObjectEventPic_Bulbasaur
0x082BEB70	rom	gObjectEventPic_Charmander
0x082BECF0	rom	gObjectEventPic_Squirtle
0x082BEE70	rom	gObjectEventPic_Latias
0x082BF470	rom	gObjectEventPic_Latios
0x082BFA70	rom	gObjectEventPic_EmBrendan
0x082C0370	rom	gObjectEventPic_EmMay
0x082C0C70	rom	gObjectEventPic_MasterBeauty
0x082C1670	rom	gObjectEventPic_MasterBirdKeeper
0x082C2070	rom	gObjectEventPic_MasterBlackbelt
0x082C2A70	rom	gObjectEventPic_MasterBugCatcher
0x082C3470	rom	gObjectEventPic_MasterCooltrainerM
0x082C3E70	rom	gObjectEventPic_MasterHiker
0x082C4870	rom	gObjectEventPic_MasterLass
0x082C5270	rom	gObjectEventPic_MasterPsychicM
0x082C5C70	rom	gObjectEventPic_MasterScientist
0x082C6670	rom	gObjectEventPic_MasterYoungster
0x082C7070	rom	gObjectEventPal_RSQuintyPlump
0x082C7090	rom	gObjectEventPal_RSQuintyPlumpReflection
0x082C70B0	rom	gObjectEventPic_Lady
0x082C7AB0	rom	gObjectEventPal_Lady
0x082C7AD0	rom	gObjectEventPic_Rocker2
0x082C84D0	rom	gObjectEventPic_Anabel
0x082C8DD0	rom	gObjectEventPic_Tucker
0x082C9FD0	rom	gObjectEventPic_Greta
0x082CA8D0	rom	gObjectEventPic_Spenser
0x082CB1D0	rom	gObjectEventPic_Noland
0x082CBAD0	rom	gObjectEventPic_Lucy
0x082CC3D0	rom	gObjectEventPic_Brandon
0x082CCCD0	rom	gFieldEffectObjectPic_ShadowSmall
0x082CCCF0	rom	gFieldEffectObjectPic_ShadowMedium
0x082CCD30	rom	gFieldEffectObjectPic_ShadowLarge
0x082CCDB0	rom	gFieldEffectObjectPic_ShadowExtraLarge
0x082CD1B0	rom	sFiller1
0x082CD2D0	rom	gFieldEffectObjectPic_CutGrass
0x082CD2F0	rom	gFieldEffectObjectPic_CutGrass2
0x082CD310	rom	gFieldEffectPal_CutGrass
0x082CD330	rom	gFieldEffectObjectPic_Ripple
0x082CD5B0	rom	gFieldEffectObjectPic_Ash
0x082CD830	rom	gFieldEffectObjectPic_Arrow
0x082CDC30	rom	gFieldEffectObjectPalette0
0x082CDC50	rom	gFieldEffectObjectPalette1
0x082CDC70	rom	sFiller2
0x082CDC90	rom	gFieldEffectObjectPic_GroundImpactDust
0x082CDD50	rom	gFieldEffectObjectPic_UnusedGrass3
0x082CDE10	rom	gFieldEffectObjectPic_JumpTallGrass
0x082CDF10	rom	gFieldEffectObjectPic_UnusedGrass4
0x082CE110	rom	gFieldEffectObjectPic_JumpLongGrass
0x082CE410	rom	gFieldEffectObjectPic_UnusedGrass
0x082CE890	rom	gFieldEffectObjectPic_UnusedGrass2
0x082CEA90	rom	gFieldEffectObjectPic_LongGrass
0x082CEC90	rom	gFieldEffectObjectPic_TallGrass
0x082CF110	rom	gFieldEffectObjectPic_ShortGrass
0x082CF210	rom	gFieldEffectObjectPic_SandFootprints
0x082CF310	rom	gFieldEffectObjectPic_DeepSandFootprints
0x082CF410	rom	gFieldEffectObjectPic_BikeTireTracks
0x082CF610	rom	gFieldEffectObjectPic_UnusedSand
0x082CF810	rom	gFieldEffectObjectPic_SandPile
0x082CF8D0	rom	gFieldEffectObjectPic_JumpBigSplash
0x082CFAD0	rom	gFieldEffectObjectPic_Splash
0x082CFB50	rom	gFieldEffectObjectPic_JumpSmallSplash
0x082CFC10	rom	gFieldEffectObjectPic_WaterSurfacing
0x082CFE90	rom	gFieldEffectObjectPic_TreeDisguise
0x082D0590	rom	gFieldEffectObjectPic_MountainDisguise
0x082D0C90	rom	gFieldEffectObjectPic_SandDisguisePlaceholder
0x082D1390	rom	gFieldEffectObjectPic_HotSpringsWater
0x082D1410	rom	gFieldEffectPal_Ash
0x082D1430	rom	gFieldEffectObjectPic_AshPuff
0x082D16B0	rom	gFieldEffectObjectPic_AshLaunch
0x082D1930	rom	gFieldEffectObjectPic_Bubbles
0x082D2130	rom	gFieldEffectObjectPic_SmallSparkle
0x082D2230	rom	gFieldEffectPal_SmallSparkle
0x082D2250	rom	gFieldEffectObjectPic_Bird
0x082D4A50	rom	gSevenIsland_Grass
0x082D4ED0	rom	gBlackSandFootPrints_Pal
0x082D4EF0	rom	gSnowFootPrints_Pal
0x082D4F10	rom	gThreeIslandGrass_Pal
0x082D4F50	rom	sMovementTypeCallbacks
0x082D509C	rom	gRangedMovementTypes
0x082D50F0	rom	gInitialMovementTypeFacingDirections
0x082D5144	rom	gObjectEventGraphicsInfo_RedNormal
0x082D5168	rom	gObjectEventGraphicsInfo_RedBike
0x082D518C	rom	gObjectEventGraphicsInfo_RedSurf
0x082D51B0	rom	gObjectEventGraphicsInfo_RedFieldMove
0x082D51D4	rom	gObjectEventGraphicsInfo_RedFish
0x082D51F8	rom	gObjectEventGraphicsInfo_RedVSSeeker
0x082D521C	rom	gObjectEventGraphicsInfo_RedVSSeekerBike
0x082D5240	rom	gObjectEventGraphicsInfo_GreenNormal
0x082D5264	rom	gObjectEventGraphicsInfo_GreenBike
0x082D5288	rom	gObjectEventGraphicsInfo_GreenSurf
0x082D52AC	rom	gObjectEventGraphicsInfo_GreenFieldMove
0x082D52D0	rom	gObjectEventGraphicsInfo_GreenFish
0x082D52F4	rom	gObjectEventGraphicsInfo_GreenVSSeeker
0x082D5318	rom	gObjectEventGraphicsInfo_GreenVSSeekerBike
0x082D533C	rom	gObjectEventGraphicsInfo_RSBrendan
0x082D5360	rom	gObjectEventGraphicsInfo_RSMay
0x082D5384	rom	gObjectEventGraphicsInfo_LittleBoy
0x082D53A8	rom	gObjectEventGraphicsInfo_LittleGirl
0x082D53CC	rom	gObjectEventGraphicsInfo_Youngster
0x082D53F0	rom	gObjectEventGraphicsInfo_Boy
0x082D5414	rom	gObjectEventGraphicsInfo_BugCatcher
0x082D5438	rom	gObjectEventGraphicsInfo_SittingBoy
0x082D545C	rom	gObjectEventGraphicsInfo_Lass
0x082D5480	rom	gObjectEventGraphicsInfo_Woman1
0x082D54A4	rom	gObjectEventGraphicsInfo_BattleGirl
0x082D54C8	rom	gObjectEventGraphicsInfo_Man
0x082D54EC	rom	gObjectEventGraphicsInfo_Rocker
0x082D5510	rom	gObjectEventGraphicsInfo_FatMan
0x082D5534	rom	gObjectEventGraphicsInfo_Woman2
0x082D5558	rom	gObjectEventGraphicsInfo_Beauty
0x082D557C	rom	gObjectEventGraphicsInfo_BaldingMan
0x082D55A0	rom	gObjectEventGraphicsInfo_Woman3
0x082D55C4	rom	gObjectEventGraphicsInfo_OldMan1
0x082D55E8	rom	gObjectEventGraphicsInfo_OldMan2
0x082D560C	rom	gObjectEventGraphicsInfo_OldManLyingDown
0x082D5630	rom	gObjectEventGraphicsInfo_OldWoman
0x082D5654	rom	gObjectEventGraphicsInfo_TuberMWater
0x082D5678	rom	gObjectEventGraphicsInfo_TuberF
0x082D569C	rom	gObjectEventGraphicsInfo_TuberMLand
0x082D56C0	rom	gObjectEventGraphicsInfo_Camper
0x082D56E4	rom	gObjectEventGraphicsInfo_Picnicker
0x082D5708	rom	gObjectEventGraphicsInfo_CooltrainerM
0x082D572C	rom	gObjectEventGraphicsInfo_CooltrainerF
0x082D5750	rom	gObjectEventGraphicsInfo_SwimmerMWater
0x082D5774	rom	gObjectEventGraphicsInfo_SwimmerFWater
0x082D5798	rom	gObjectEventGraphicsInfo_SwimmerMLand
0x082D57BC	rom	gObjectEventGraphicsInfo_SwimmerFLand
0x082D57E0	rom	gObjectEventGraphicsInfo_WorkerM
0x082D5804	rom	gObjectEventGraphicsInfo_WorkerF
0x082D5828	rom	gObjectEventGraphicsInfo_RocketM
0x082D584C	rom	gObjectEventGraphicsInfo_RocketF
0x082D5870	rom	gObjectEventGraphicsInfo_GBAKid
0x082D5894	rom	gObjectEventGraphicsInfo_SuperNerd
0x082D58B8	rom	gObjectEventGraphicsInfo_Biker
0x082D58DC	rom	gObjectEventGraphicsInfo_Blackbelt
0x082D5900	rom	gObjectEventGraphicsInfo_Scientist
0x082D5924	rom	gObjectEventGraphicsInfo_Hiker
0x082D5948	rom	gObjectEventGraphicsInfo_Fisher
0x082D596C	rom	gObjectEventGraphicsInfo_Channeler
0x082D5990	rom	gObjectEventGraphicsInfo_Chef
0x082D59B4	rom	gObjectEventGraphicsInfo_Policeman
0x082D59D8	rom	gObjectEventGraphicsInfo_Gentleman
0x082D59FC	rom	gObjectEventGraphicsInfo_Sailor
0x082D5A20	rom	gObjectEventGraphicsInfo_Captain
0x082D5A44	rom	gObjectEventGraphicsInfo_Nurse
0x082D5A68	rom	gObjectEventGraphicsInfo_CableClubReceptionist
0x082D5A8C	rom	gObjectEventGraphicsInfo_UnionRoomReceptionist
0x082D5AB0	rom	gObjectEventGraphicsInfo_UnusedMaleReceptionist
0x082D5AD4	rom	gObjectEventGraphicsInfo_Clerk
0x082D5AF8	rom	gObjectEventGraphicsInfo_MGDeliveryman
0x082D5B1C	rom	gObjectEventGraphicsInfo_TrainerTowerDude
0x082D5B40	rom	gObjectEventGraphicsInfo_ProfOak
0x082D5B64	rom	gObjectEventGraphicsInfo_Blue
0x082D5B88	rom	gObjectEventGraphicsInfo_Bill
0x082D5BAC	rom	gObjectEventGraphicsInfo_Lance
0x082D5BD0	rom	gObjectEventGraphicsInfo_Agatha
0x082D5BF4	rom	gObjectEventGraphicsInfo_Daisy
0x082D5C18	rom	gObjectEventGraphicsInfo_Lorelei
0x082D5C3C	rom	gObjectEventGraphicsInfo_MrFuji
0x082D5C60	rom	gObjectEventGraphicsInfo_Bruno
0x082D5C84	rom	gObjectEventGraphicsInfo_Brock
0x082D5CA8	rom	gObjectEventGraphicsInfo_Misty
0x082D5CCC	rom	gObjectEventGraphicsInfo_LtSurge
0x082D5CF0	rom	gObjectEventGraphicsInfo_Erika
0x082D5D14	rom	gObjectEventGraphicsInfo_Koga
0x082D5D38	rom	gObjectEventGraphicsInfo_Sabrina
0x082D5D5C	rom	gObjectEventGraphicsInfo_Blaine
0x082D5D80	rom	gObjectEventGraphicsInfo_Giovanni
0x082D5DA4	rom	gObjectEventGraphicsInfo_Mom
0x082D5DC8	rom	gObjectEventGraphicsInfo_Celio
0x082D5DEC	rom	gObjectEventGraphicsInfo_TeachyTVHost
0x082D5E10	rom	gObjectEventGraphicsInfo_GymGuy
0x082D5E34	rom	gObjectEventGraphicsInfo_ItemBall
0x082D5E58	rom	gObjectEventGraphicsInfo_TownMap
0x082D5E7C	rom	gObjectEventGraphicsInfo_Pokedex
0x082D5EA0	rom	gObjectEventGraphicsInfo_CutTree
0x082D5EC4	rom	gObjectEventGraphicsInfo_RockSmashRock
0x082D5EE8	rom	gObjectEventGraphicsInfo_StrengthBoulder
0x082D5F0C	rom	gObjectEventGraphicsInfo_Fossil
0x082D5F30	rom	gObjectEventGraphicsInfo_Ruby
0x082D5F54	rom	gObjectEventGraphicsInfo_Sapphire
0x082D5F78	rom	gObjectEventGraphicsInfo_OldAmber
0x082D5F9C	rom	gObjectEventGraphicsInfo_GymSign
0x082D5FC0	rom	gObjectEventGraphicsInfo_Sign
0x082D5FE4	rom	gObjectEventGraphicsInfo_TrainerTips
0x082D6008	rom	gObjectEventGraphicsInfo_Clipboard
0x082D602C	rom	gObjectEventGraphicsInfo_Meteorite
0x082D6050	rom	gObjectEventGraphicsInfo_LaprasDoll
0x082D6074	rom	gObjectEventGraphicsInfo_Seagallop
0x082D6098	rom	gObjectEventGraphicsInfo_Snorlax
0x082D60BC	rom	gObjectEventGraphicsInfo_Spearow
0x082D60E0	rom	gObjectEventGraphicsInfo_Cubone
0x082D6104	rom	gObjectEventGraphicsInfo_Poliwrath
0x082D6128	rom	gObjectEventGraphicsInfo_Clefairy
0x082D614C	rom	gObjectEventGraphicsInfo_Pidgeot
0x082D6170	rom	gObjectEventGraphicsInfo_Jigglypuff
0x082D6194	rom	gObjectEventGraphicsInfo_Pidgey
0x082D61B8	rom	gObjectEventGraphicsInfo_Chansey
0x082D61DC	rom	gObjectEventGraphicsInfo_Omanyte
0x082D6200	rom	gObjectEventGraphicsInfo_Kangaskhan
0x082D6224	rom	gObjectEventGraphicsInfo_Pikachu
0x082D6248	rom	gObjectEventGraphicsInfo_Psyduck
0x082D626C	rom	gObjectEventGraphicsInfo_NidoranF
0x082D6290	rom	gObjectEventGraphicsInfo_NidoranM
0x082D62B4	rom	gObjectEventGraphicsInfo_Nidorino
0x082D62D8	rom	gObjectEventGraphicsInfo_Meowth
0x082D62FC	rom	gObjectEventGraphicsInfo_Seel
0x082D6320	rom	gObjectEventGraphicsInfo_Voltorb
0x082D6344	rom	gObjectEventGraphicsInfo_Slowpoke
0x082D6368	rom	gObjectEventGraphicsInfo_Slowbro
0x082D638C	rom	gObjectEventGraphicsInfo_Machop
0x082D63B0	rom	gObjectEventGraphicsInfo_Wigglytuff
0x082D63D4	rom	gObjectEventGraphicsInfo_Doduo
0x082D63F8	rom	gObjectEventGraphicsInfo_Fearow
0x082D641C	rom	gObjectEventGraphicsInfo_Machoke
0x082D6440	rom	gObjectEventGraphicsInfo_Lapras
0x082D6464	rom	gObjectEventGraphicsInfo_Zapdos
0x082D6488	rom	gObjectEventGraphicsInfo_Moltres
0x082D64AC	rom	gObjectEventGraphicsInfo_Articuno
0x082D64D0	rom	gObjectEventGraphicsInfo_Mewtwo
0x082D64F4	rom	gObjectEventGraphicsInfo_Mew
0x082D6518	rom	gObjectEventGraphicsInfo_Entei
0x082D653C	rom	gObjectEventGraphicsInfo_Suicune
0x082D6560	rom	gObjectEventGraphicsInfo_Raikou
0x082D6584	rom	gObjectEventGraphicsInfo_Lugia
0x082D65A8	rom	gObjectEventGraphicsInfo_HoOh
0x082D65CC	rom	gObjectEventGraphicsInfo_Celebi
0x082D65F0	rom	gObjectEventGraphicsInfo_Kabuto
0x082D6614	rom	gObjectEventGraphicsInfo_DeoxysD
0x082D6638	rom	gObjectEventGraphicsInfo_DeoxysA
0x082D665C	rom	gObjectEventGraphicsInfo_DeoxysN
0x082D6680	rom	gObjectEventGraphicsInfo_SSAnne
0x082D66A4	rom	gObjectEventGraphicsInfo_CueBall
0x082D66C8	rom	gObjectEventGraphicsInfo_Painter
0x082D66EC	rom	gObjectEventGraphicsInfo_BirdKeeper
0x082D6710	rom	gObjectEventGraphicsInfo_Burglar
0x082D6734	rom	gObjectEventGraphicsInfo_PokemonRangerF
0x082D6758	rom	gObjectEventGraphicsInfo_PokemonRangerM
0x082D677C	rom	gObjectEventGraphicsInfo_RuinManiac
0x082D67A0	rom	gObjectEventGraphicsInfo_PokeManiac
0x082D67C4	rom	gObjectEventGraphicsInfo_PsychicM
0x082D67E8	rom	gObjectEventGraphicsInfo_PsychicF
0x082D680C	rom	gObjectEventGraphicsInfo_AromaLady
0x082D6830	rom	gObjectEventGraphicsInfo_Twin
0x082D6854	rom	gObjectEventGraphicsInfo_YoungCoupleM
0x082D6878	rom	gObjectEventGraphicsInfo_YoungCoupleF
0x082D689C	rom	gObjectEventGraphicsInfo_Engineer
0x082D68C0	rom	gObjectEventGraphicsInfo_Juggler
0x082D68E4	rom	gObjectEventGraphicsInfo_Tamer
0x082D6908	rom	gObjectEventGraphicsInfo_PokemonBreeder
0x082D692C	rom	gObjectEventGraphicsInfo_RedUnderwater
0x082D6950	rom	gObjectEventGraphicsInfo_GreenUnderwater
0x082D6974	rom	gObjectEventGraphicsInfo_Scott
0x082D6998	rom	gObjectEventGraphicsInfo_Bulbasaur
0x082D69BC	rom	gObjectEventGraphicsInfo_Charmander
0x082D69E0	rom	gObjectEventGraphicsInfo_Squirtle
0x082D6A04	rom	gObjectEventGraphicsInfo_Latias
0x082D6A28	rom	gObjectEventGraphicsInfo_Latios
0x082D6A4C	rom	gObjectEventGraphicsInfo_EmBrendan
0x082D6A70	rom	gObjectEventGraphicsInfo_EmMay
0x082D6A94	rom	gObjectEventGraphicsInfo_CableCar
0x082D6AB8	rom	gObjectEventGraphicsInfo_Sudowoodo
0x082D6ADC	rom	gObjectEventGraphicsInfo_Abra
0x082D6B00	rom	gObjectEventGraphicsInfo_SwimmerFWater2
0x082D6B24	rom	gObjectEventGraphicsInfo_MasterBeauty
0x082D6B48	rom	gObjectEventGraphicsInfo_MasterBirdKeeper
0x082D6B6C	rom	gObjectEventGraphicsInfo_MasterBlackbelt
0x082D6B90	rom	gObjectEventGraphicsInfo_MasterBugCatcher
0x082D6BB4	rom	gObjectEventGraphicsInfo_MasterCooltrainerM
0x082D6BD8	rom	gObjectEventGraphicsInfo_MasterHiker
0x082D6BFC	rom	gObjectEventGraphicsInfo_MasterLass
0x082D6C20	rom	gObjectEventGraphicsInfo_MasterPsychicM
0x082D6C44	rom	gObjectEventGraphicsInfo_MasterScientist
0x082D6C68	rom	gObjectEventGraphicsInfo_MasterYoungster
0x082D6C8C	rom	gObjectEventGraphicsInfo_Lady
0x082D6CB0	rom	gObjectEventGraphicsInfo_Rocker2
0x082D6CD4	rom	gObjectEventGraphicsInfo_Anabel
0x082D6CF8	rom	gObjectEventGraphicsInfo_Tucker
0x082D6D1C	rom	gObjectEventGraphicsInfo_Greta
0x082D6D40	rom	gObjectEventGraphicsInfo_Spenser
0x082D6D64	rom	gObjectEventGraphicsInfo_Noland
0x082D6D88	rom	gObjectEventGraphicsInfo_Lucy
0x082D6DAC	rom	gObjectEventGraphicsInfo_Brandon
0x082D6DD0	rom	gObjectEventGraphicsInfoPointers
0x082D70FC	rom	gFieldEffectObjectTemplate_ShadowSmall
0x082D7114	rom	gFieldEffectObjectTemplate_ShadowMedium
0x082D712C	rom	gFieldEffectObjectTemplate_ShadowLarge
0x082D7144	rom	gFieldEffectObjectTemplate_ShadowExtraLarge
0x082D715C	rom	gFieldEffectObjectTemplate_TallGrass
0x082D7174	rom	gFieldEffectObjectTemplate_Ripple
0x082D718C	rom	gFieldEffectObjectTemplate_Ash
0x082D71A4	rom	gFieldEffectObjectTemplate_SurfBlob
0x082D71BC	rom	gFieldEffectObjectTemplate_Arrow
0x082D71D4	rom	gFieldEffectObjectTemplate_GroundImpactDust
0x082D71EC	rom	gFieldEffectObjectTemplate_JumpTallGrass
0x082D7204	rom	gFieldEffectObjectTemplate_SandFootprints
0x082D721C	rom	gFieldEffectObjectTemplate_JumpBigSplash
0x082D7234	rom	gFieldEffectObjectTemplate_Splash
0x082D724C	rom	gFieldEffectObjectTemplate_JumpSmallSplash
0x082D7264	rom	gFieldEffectObjectTemplate_LongGrass
0x082D727C	rom	gFieldEffectObjectTemplate_JumpLongGrass
0x082D7294	rom	gFieldEffectObjectTemplate_UnusedGrass
0x082D72AC	rom	gFieldEffectObjectTemplate_UnusedGrass2
0x082D72C4	rom	gFieldEffectObjectTemplate_UnusedSand
0x082D72DC	rom	gFieldEffectObjectTemplate_WaterSurfacing
0x082D72F4	rom	gFieldEffectObjectTemplate_ReflectionDistortion
0x082D730C	rom	gFieldEffectObjectTemplate_DeepSandFootprints
0x082D7324	rom	gFieldEffectObjectTemplate_TreeDisguise
0x082D733C	rom	gFieldEffectObjectTemplate_MountainDisguise
0x082D7354	rom	gFieldEffectObjectTemplate_Bird
0x082D736C	rom	gFieldEffectObjectTemplate_BikeTireTracks
0x082D7384	rom	gFieldEffectObjectTemplate_SandDisguisePlaceholder
0x082D739C	rom	gFieldEffectObjectTemplate_SandPile
0x082D73B4	rom	gFieldEffectObjectTemplate_ShortGrass
0x082D73CC	rom	gFieldEffectObjectTemplate_HotSpringsWater
0x082D73E4	rom	gFieldEffectObjectTemplate_AshPuff
0x082D73FC	rom	gFieldEffectObjectTemplate_AshLaunch
0x082D7414	rom	gFieldEffectObjectTemplate_Bubbles
0x082D742C	rom	gFieldEffectObjectTemplate_SmallSparkle
0x082D7444	rom	gUnknown_TallGrass_OneIsland
0x082D745C	rom	gUnknown_TallGrass_SevenIsland
0x082D7474	rom	gFieldEffectObjectTemplatePointers
0x082D750C	rom	sPicTable_RedNormal
0x082D75AC	rom	sPicTable_RedBike
0x082D75F4	rom	sPicTable_GreenNormal
0x082D7694	rom	sPicTable_GreenBike
0x082D76DC	rom	sPicTable_RedSurf
0x082D773C	rom	sPicTable_GreenSurf
0x082D779C	rom	sPicTable_RedItem
0x082D77E4	rom	sPicTable_GreenItem
0x082D782C	rom	sPicTable_RedVSSeekerBike
0x082D785C	rom	sPicTable_GreenVSSeekerBike
0x082D788C	rom	sPicTable_RedUnderwater
0x082D78D4	rom	sPicTable_GreenUnderwater
0x082D791C	rom	sPicTable_RSBrendan
0x082D796C	rom	sPicTable_RSMay
0x082D79BC	rom	sPicTable_Policeman
0x082D7A04	rom	sPicTable_LittleBoy
0x082D7A4C	rom	sPicTable_LittleGirl
0x082D7A9C	rom	sPicTable_Twin
0x082D7AEC	rom	sPicTable_SittingBoy
0x082D7B34	rom	sPicTable_Lass
0x082D7B84	rom	sPicTable_Youngster
0x082D7BD4	rom	sPicTable_Woman1
0x082D7C24	rom	sPicTable_Woman3
0x082D7C6C	rom	sPicTable_BattleGirl
0x082D7CBC	rom	sPicTable_Painter
0x082D7D0C	rom	sPicTable_BugCatcher
0x082D7D5C	rom	sPicTable_FatMan
0x082D7DA4	rom	sPicTable_Scott
0x082D7DEC	rom	sPicTable_BaldingMan
0x082D7E3C	rom	sPicTable_Woman2
0x082D7E8C	rom	sPicTable_OldMan1
0x082D7EDC	rom	sPicTable_WorkerM
0x082D7F24	rom	sPicTable_WorkerF
0x082D7F6C	rom	sPicTable_Beauty
0x082D7FBC	rom	sPicTable_Chef
0x082D8004	rom	sPicTable_OldMan2
0x082D8054	rom	sPicTable_OldManLyingDown
0x082D809C	rom	sPicTable_OldWoman
0x082D80E4	rom	sPicTable_Camper
0x082D8134	rom	sPicTable_Picnicker
0x082D8184	rom	sPicTable_CooltrainerM
0x082D81D4	rom	sPicTable_CooltrainerF
0x082D8224	rom	sPicTable_Boy
0x082D8274	rom	sPicTable_SuperNerd
0x082D82C4	rom	sPicTable_Channeler
0x082D8314	rom	sPicTable_RocketF
0x082D835C	rom	sPicTable_SwimmerMWater
0x082D83AC	rom	sPicTable_SwimmerFWater
0x082D83FC	rom	sPicTable_SwimmerMLand
0x082D844C	rom	sPicTable_SwimmerFLand
0x082D849C	rom	sPicTable_Blackbelt
0x082D84EC	rom	sPicTable_Scientist
0x082D853C	rom	sPicTable_Gentleman
0x082D858C	rom	sPicTable_Sailor
0x082D85DC	rom	sPicTable_Captain
0x082D8624	rom	sPicTable_Fisher
0x082D8674	rom	sPicTable_TeachyTVHost
0x082D86BC	rom	sPicTable_UnusedWoman
0x082D8704	rom	sPicTable_TuberF
0x082D8754	rom	sPicTable_TuberMWater
0x082D87A4	rom	sPicTable_TuberMLand
0x082D87F4	rom	sPicTable_Hiker
0x082D8844	rom	sPicTable_BirdKeeper
0x082D8894	rom	sPicTable_PokemonRangerF
0x082D88E4	rom	sPicTable_PokemonRangerM
0x082D8934	rom	sPicTable_Burglar
0x082D8984	rom	sPicTable_RuinManiac
0x082D89D4	rom	sPicTable_PsychicM
0x082D8A24	rom	sPicTable_PsychicF
0x082D8A74	rom	sPicTable_AromaLady
0x082D8AC4	rom	sPicTable_PokeManiac
0x082D8B14	rom	sPicTable_Juggler
0x082D8B64	rom	sPicTable_PokemonBreeder
0x082D8BB4	rom	sPicTable_Tamer
0x082D8C04	rom	sPicTable_Engineer
0x082D8C54	rom	sPicTable_YoungCoupleM
0x082D8CA4	rom	sPicTable_YoungCoupleF
0x082D8CF4	rom	sPicTable_CueBall
0x082D8D44	rom	sPicTable_Biker
0x082D8D94	rom	sPicTable_GymGuy
0x082D8DDC	rom	sPicTable_Nurse
0x082D8E2C	rom	sPicTable_UnusedMaleReceptionist
0x082D8E74	rom	sPicTable_ItemBall
0x082D8E7C	rom	sPicTable_ProfOak
0x082D8EC4	rom	sPicTable_Man
0x082D8F14	rom	sPicTable_Rocker
0x082D8F64	rom	sPicTable_MrFuji
0x082D8FAC	rom	sPicTable_Bruno
0x082D8FF4	rom	sPicTable_CutTree
0x082D9014	rom	sPicTable_Clerk
0x082D905C	rom	sPicTable_MGDeliveryman
0x082D90A4	rom	sPicTable_TrainerTowerDude
0x082D90EC	rom	sPicTable_CableClubReceptionist
0x082D9134	rom	sPicTable_UnionRoomReceptionist
0x082D917C	rom	sPicTable_RockSmashRock
0x082D919C	rom	sPicTable_StrengthBoulder
0x082D91A4	rom	sPicTable_RocketM
0x082D91EC	rom	sPicTable_Celio
0x082D9234	rom	sPicTable_Agatha
0x082D927C	rom	sPicTable_Brock
0x082D92C4	rom	sPicTable_Misty
0x082D930C	rom	sPicTable_LtSurge
0x082D9354	rom	sPicTable_Erika
0x082D939C	rom	sPicTable_Koga
0x082D93E4	rom	sPicTable_Giovanni
0x082D942C	rom	sPicTable_Blaine
0x082D9474	rom	sPicTable_Sabrina
0x082D94BC	rom	sPicTable_Bill
0x082D9504	rom	sPicTable_Daisy
0x082D954C	rom	sPicTable_Lorelei
0x082D9594	rom	sPicTable_Lance
0x082D95DC	rom	sPicTable_Blue
0x082D9624	rom	sPicTable_RedFish
0x082D9684	rom	sPicTable_GreenFish
0x082D96E4	rom	sPicTable_TownMap
0x082D96EC	rom	sPicTable_Pokedex
0x082D96F4	rom	sPicTable_GBAKid
0x082D973C	rom	sPicTable_Fossil
0x082D9744	rom	sPicTable_Ruby
0x082D974C	rom	sPicTable_Sapphire
0x082D9754	rom	sPicTable_OldAmber
0x082D975C	rom	sPicTable_GymSign
0x082D9764	rom	sPicTable_Sign
0x082D976C	rom	sPicTable_WoodenSign
0x082D9774	rom	sPicTable_Clipboard
0x082D977C	rom	sPicTable_BirthIslandStone
0x082D9784	rom	sPicTable_LaprasDoll
0x082D978C	rom	sPicTable_Seagallop
0x082D97D4	rom	sPicTable_SSAnne
0x082D981C	rom	sPicTable_Snorlax
0x082D9864	rom	sPicTable_Spearow
0x082D98AC	rom	sPicTable_Pidgeot
0x082D98F4	rom	sPicTable_Omanyte
0x082D993C	rom	sPicTable_Kangaskhan
0x082D9984	rom	sPicTable_Psyduck
0x082D99CC	rom	sPicTable_NidoranF
0x082D9A14	rom	sPicTable_NidoranM
0x082D9A5C	rom	sPicTable_Nidorino
0x082D9AA4	rom	sPicTable_Meowth
0x082D9AEC	rom	sPicTable_Seel
0x082D9B34	rom	sPicTable_Voltorb
0x082D9B7C	rom	sPicTable_Slowpoke
0x082D9BC4	rom	sPicTable_Slowbro
0x082D9C0C	rom	sPicTable_Machop
0x082D9C54	rom	sPicTable_Wigglytuff
0x082D9C9C	rom	sPicTable_Doduo
0x082D9CE4	rom	sPicTable_Fearow
0x082D9D2C	rom	sPicTable_Lapras
0x082D9D74	rom	sPicTable_Zapdos
0x082D9DBC	rom	sPicTable_Moltres
0x082D9E04	rom	sPicTable_Articuno
0x082D9E4C	rom	sPicTable_DeoxysD
0x082D9E94	rom	sPicTable_DeoxysA
0x082D9EDC	rom	sPicTable_DeoxysN
0x082D9F24	rom	sPicTable_Mewtwo
0x082D9F6C	rom	sPicTable_Mew
0x082D9FB4	rom	sPicTable_Entei
0x082D9FFC	rom	sPicTable_Raikou
0x082DA044	rom	sPicTable_Suicune
0x082DA08C	rom	sPicTable_Bulbasaur
0x082DA0D4	rom	sPicTable_Charmander
0x082DA11C	rom	sPicTable_Squirtle
0x082DA164	rom	sPicTable_Lugia
0x082DA1AC	rom	sPicTable_HoOh
0x082DA1F4	rom	sPicTable_Celebi
0x082DA23C	rom	sPicTable_Cubone
0x082DA284	rom	sPicTable_Poliwrath
0x082DA2CC	rom	sPicTable_Chansey
0x082DA314	rom	sPicTable_Pikachu
0x082DA35C	rom	sPicTable_Jigglypuff
0x082DA3A4	rom	sPicTable_Pidgey
0x082DA3EC	rom	sPicTable_Clefairy
0x082DA434	rom	sPicTable_Machoke
0x082DA47C	rom	sPicTable_Kabuto
0x082DA4C4	rom	sPicTable_Mom
0x082DA50C	rom	sPicTable_Latias
0x082DA554	rom	sPicTable_Latios
0x082DA59C	rom	sPicTable_EmBrendan
0x082DA5E4	rom	sPicTable_EmMay
0x082DA62C	rom	sPicTable_CableCar
0x082DA634	rom	sPicTable_Sudowoodo
0x082DA67C	rom	sPicTable_Abra
0x082DA6C4	rom	sPicTable_SwimmerFWater2
0x082DA714	rom	sPicTable_MasterBeauty
0x082DA764	rom	sPicTable_MasterBirdKeeper
0x082DA7B4	rom	sPicTable_MasterBlackbelt
0x082DA804	rom	sPicTable_MasterBugCatcher
0x082DA854	rom	sPicTable_MasterCooltrainerM
0x082DA8A4	rom	sPicTable_MasterHiker
0x082DA8F4	rom	sPicTable_MasterLass
0x082DA944	rom	sPicTable_MasterPsychicM
0x082DA994	rom	sPicTable_MasterScientist
0x082DA9E4	rom	sPicTable_MasterYoungster
0x082DAA34	rom	sPicTable_Lady
0x082DAA84	rom	sPicTable_Rocker2
0x082DAAD4	rom	sPicTable_Anabel
0x082DAB24	rom	sPicTable_Tucker
0x082DAB74	rom	sPicTable_Greta
0x082DABC4	rom	sPicTable_Spenser
0x082DAC14	rom	sPicTable_Noland
0x082DAC64	rom	sPicTable_Lucy
0x082DACB4	rom	sPicTable_Brandon
0x082DAD04	rom	sAnim_StayStill
0x082DAD18	rom	sAnim_QuintyPlumpFaceSouth
0x082DAD20	rom	sAnim_QuintyPlumpFaceNorth
0x082DAD28	rom	sAnim_QuintyPlumpFaceWest
0x082DAD30	rom	sAnim_QuintyPlumpFaceEast
0x082DAD38	rom	sAnim_QuintyPlumpGoSouth
0x082DAD4C	rom	sAnim_QuintyPlumpGoNorth
0x082DAD60	rom	sAnim_QuintyPlumpGoWest
0x082DAD74	rom	sAnim_QuintyPlumpGoEast
0x082DAD88	rom	sAnim_QuintyPlumpGoFastSouth
0x082DAD9C	rom	sAnim_QuintyPlumpGoFastNorth
0x082DADB0	rom	sAnim_QuintyPlumpGoFastWest
0x082DADC4	rom	sAnim_QuintyPlumpGoFastEast
0x082DADD8	rom	sAnim_QuintyPlumpGoFasterSouth
0x082DADEC	rom	sAnim_QuintyPlumpGoFasterNorth
0x082DAE00	rom	sAnim_QuintyPlumpGoFasterWest
0x082DAE14	rom	sAnim_QuintyPlumpGoFasterEast
0x082DAE28	rom	sAnim_QuintyPlumpGoFastestSouth
0x082DAE3C	rom	sAnim_QuintyPlumpGoFastestNorth
0x082DAE50	rom	sAnim_QuintyPlumpGoFastestWest
0x082DAE64	rom	sAnim_QuintyPlumpGoFastestEast
0x082DAE78	rom	sAnim_FaceSouth
0x082DAE80	rom	sAnim_FaceNorth
0x082DAE88	rom	sAnim_FaceWest
0x082DAE90	rom	sAnim_FaceEast
0x082DAE98	rom	sAnim_GoSouth
0x082DAEAC	rom	sAnim_GoNorth
0x082DAEC0	rom	sAnim_GoWest
0x082DAED4	rom	sAnim_GoEast
0x082DAEE8	rom	sAnim_GoFastSouth
0x082DAEFC	rom	sAnim_GoFastNorth
0x082DAF10	rom	sAnim_GoFastWest
0x082DAF24	rom	sAnim_GoFastEast
0x082DAF38	rom	sAnim_GoFasterSouth
0x082DAF4C	rom	sAnim_GoFasterNorth
0x082DAF60	rom	sAnim_GoFasterWest
0x082DAF74	rom	sAnim_GoFasterEast
0x082DAF88	rom	sAnim_GoFastestSouth
0x082DAF9C	rom	sAnim_GoFastestNorth
0x082DAFB0	rom	sAnim_GoFastestWest
0x082DAFC4	rom	sAnim_GoFastestEast
0x082DAFD8	rom	sAnim_RaiseHand
0x082DAFE0	rom	sAnim_HoOhFlapWings
0x082DAFF4	rom	sAnim_HoOhStayStill
0x082DAFFC	rom	sAnim_SurfFaceSouth
0x082DB004	rom	sAnim_SurfFaceNorth
0x082DB00C	rom	sAnim_SurfFaceWest
0x082DB014	rom	sAnim_SurfFaceEast
0x082DB01C	rom	sAnim_UnknownFaceSouth
0x082DB024	rom	sAnim_UnknownFaceNorth
0x082DB02C	rom	sAnim_UnknownFaceWest
0x082DB034	rom	sAnim_UnknownFaceEast
0x082DB03C	rom	sAnim_UnknownGoSouth
0x082DB060	rom	sAnim_UnknownGoNorth
0x082DB084	rom	sAnim_UnknownGoWest
0x082DB0A8	rom	sAnim_UnknownGoEast
0x082DB0CC	rom	sAnim_UnknownGoFastNorth
0x082DB0F0	rom	sAnim_UnknownGoFastSouth
0x082DB114	rom	sAnim_UnknownGoFastWest
0x082DB138	rom	sAnim_UnknownGoFastEast
0x082DB15C	rom	sAnim_UnknownGoFasterNorth
0x082DB180	rom	sAnim_UnknownGoFasterSouth
0x082DB1A4	rom	sAnim_UnknownGoFasterWest
0x082DB1C8	rom	sAnim_UnknownGoFasterEast
0x082DB1EC	rom	sAnim_UnknownGoFastestNorth
0x082DB210	rom	sAnim_UnknownGoFastestSouth
0x082DB234	rom	sAnim_UnknownGoFastestWest
0x082DB258	rom	sAnim_UnknownGoFastestEast
0x082DB27C	rom	sAnim_SpinSouth
0x082DB294	rom	sAnim_SpinNorth
0x082DB2AC	rom	sAnim_SpinWest
0x082DB2C4	rom	sAnim_SpinEast
0x082DB2DC	rom	sAnim_ShakeHeadOrWalkInPlace
0x082DB2F4	rom	sAnim_RunSouth
0x082DB308	rom	sAnim_RunNorth
0x082DB31C	rom	sAnim_RunWest
0x082DB330	rom	sAnim_RunEast
0x082DB344	rom	sAnim_FieldMove
0x082DB35C	rom	sAnim_VSSeeker
0x082DB38C	rom	sAnim_VSSeekerBike
0x082DB3C0	rom	sAnim_GetOnOffSurfSouth
0x082DB3C8	rom	sAnim_GetOnOffSurfNorth
0x082DB3D0	rom	sAnim_GetOnOffSurfWest
0x082DB3D8	rom	sAnim_GetOnOffSurfEast
0x082DB3E0	rom	sAnim_BunnyHopBackWheelSouth
0x082DB3EC	rom	sAnim_BunnyHopBackWheelNorth
0x082DB3F8	rom	sAnim_BunnyHopBackWheelWest
0x082DB404	rom	sAnim_BunnyHopBackWheelEast
0x082DB410	rom	sAnim_BunnyHopFrontWheelSouth
0x082DB41C	rom	sAnim_BunnyHopFrontWheelNorth
0x082DB428	rom	sAnim_BunnyHopFrontWheelWest
0x082DB434	rom	sAnim_BunnyHopFrontWheelEast
0x082DB440	rom	sAnim_StandingWheelieBackWheelSouth
0x082DB44C	rom	sAnim_StandingWheelieBackWheelNorth
0x082DB458	rom	sAnim_StandingWheelieBackWheelWest
0x082DB464	rom	sAnim_StandingWheelieBackWheelEast
0x082DB470	rom	sAnim_StandingWheelieFrontWheelSouth
0x082DB47C	rom	sAnim_StandingWheelieFrontWheelNorth
0x082DB488	rom	sAnim_StandingWheelieFrontWheelWest
0x082DB494	rom	sAnim_StandingWheelieFrontWheelEast
0x082DB4A0	rom	sAnim_MovingWheelieSouth
0x082DB4B4	rom	sAnim_MovingWheelieNorth
0x082DB4C8	rom	sAnim_MovingWheelieWest
0x082DB4DC	rom	sAnim_MovingWheelieEast
0x082DB4F0	rom	sAnim_BerryTreeStage0
0x082DB4F8	rom	sAnim_BerryTreeStage1
0x082DB504	rom	sAnim_BerryTreeStage2
0x082DB510	rom	sAnim_BerryTreeStage3
0x082DB524	rom	sAnim_BerryTreeStage4
0x082DB538	rom	sAnim_NurseBow
0x082DB548	rom	sAnim_RockBreak
0x082DB55C	rom	sAnim_TreeCut
0x082DB570	rom	sAnim_TakeOutRodSouth
0x082DB584	rom	sAnim_TakeOutRodNorth
0x082DB598	rom	sAnim_TakeOutRodWest
0x082DB5AC	rom	sAnim_TakeOutRodEast
0x082DB5C0	rom	sAnim_PutAwayRodSouth
0x082DB5D4	rom	sAnim_PutAwayRodNorth
0x082DB5E8	rom	sAnim_PutAwayRodWest
0x082DB5FC	rom	sAnim_PutAwayRodEast
0x082DB610	rom	sAnim_HookedPokemonSouth
0x082DB624	rom	sAnim_HookedPokemonNorth
0x082DB638	rom	sAnim_HookedPokemonWest
0x082DB64C	rom	sAnim_HookedPokemonEast
0x082DB660	rom	sAffineAnim_KyogreGroudon_GoSouthStart
0x082DB690	rom	sAffineAnim_KyogreGroudon_GoSouth
0x082DB6C8	rom	sAnimTable_Inanimate
0x082DB6CC	rom	sAnimTable_QuintyPlump
0x082DB71C	rom	sAnimTable_Standard
0x082DB770	rom	sAnimTable_HoOh
0x082DB7C4	rom	sAnimTable_Unknown
0x082DB824	rom	sAnimTable_RedGreenNormal
0x082DB898	rom	sAnimTable_AcroBike
0x082DB938	rom	sAnimTable_RedGreenSurf
0x082DB998	rom	sAnimTable_Nurse
0x082DB9EC	rom	sAnimTable_RedGreenFieldMove
0x082DB9F0	rom	sAnimTable_RedGreenVSSeeker
0x082DB9F4	rom	sAnimTable_RedGreenVSSeekerBike
0x082DB9F8	rom	sAnimTable_BerryTree
0x082DBA0C	rom	sAnimTable_RockSmashRock
0x082DBA14	rom	sAnimTable_CutTree
0x082DBA1C	rom	sAnimTable_RedGreenFish
0x082DBA4C	rom	sStepAnimTables
0x082DBA94	rom	gObjectEventBaseOam_8x8
0x082DBA9C	rom	gObjectEventBaseOam_16x8
0x082DBAA4	rom	gObjectEventBaseOam_16x16
0x082DBAAC	rom	gObjectEventBaseOam_32x16
0x082DBAB4	rom	gObjectEventBaseOam_32x8
0x082DBABC	rom	gObjectEventBaseOam_64x32
0x082DBAC4	rom	gObjectEventBaseOam_16x32
0x082DBACC	rom	gObjectEventBaseOam_32x32
0x082DBAD4	rom	gObjectEventBaseOam_64x64
0x082DBADC	rom	gObjectEventSpriteOamTable_16x16_0
0x082DBAE0	rom	gObjectEventSpriteOamTable_16x16_1
0x082DBAE4	rom	gObjectEventSpriteOamTable_16x16_2
0x082DBAEC	rom	gObjectEventSpriteOamTable_16x16_3
0x082DBAF4	rom	gObjectEventSpriteOamTable_16x16_4
0x082DBAFC	rom	gObjectEventSpriteOamTables_16x16
0x082DBB2C	rom	gObjectEventSpriteOamTable_16x32_0
0x082DBB30	rom	gObjectEventSpriteOamTable_16x32_1
0x082DBB34	rom	gObjectEventSpriteOamTable_16x32_2
0x082DBB40	rom	gObjectEventSpriteOamTable_16x32_3
0x082DBB48	rom	gObjectEventSpriteOamTable_16x32_4
0x082DBB50	rom	gObjectEventSpriteOamTables_16x32
0x082DBB80	rom	gObjectEventSpriteOamTable_32x32_0
0x082DBB84	rom	gObjectEventSpriteOamTable_32x32_1
0x082DBB88	rom	gObjectEventSpriteOamTable_32x32_2
0x082DBB94	rom	gObjectEventSpriteOamTable_32x32_3
0x082DBB9C	rom	gObjectEventSpriteOamTable_32x32_4
0x082DBBA4	rom	gObjectEventSpriteOamTables_32x32
0x082DBBD4	rom	gObjectEventSpriteOamTable_48x48
0x082DBC04	rom	gObjectEventSpriteOamTables_48x48
0x082DBC34	rom	gObjectEventSpriteOamTable_64x32_0
0x082DBC38	rom	gObjectEventSpriteOamTable_64x32_1
0x082DBC3C	rom	gObjectEventSpriteOamTable_64x32_2
0x082DBC40	rom	gObjectEventSpriteOamTable_64x32_3
0x082DBC44	rom	gObjectEventSpriteOamTables_64x32
0x082DBC74	rom	gObjectEventSpriteOamTable_64x64_0
0x082DBC78	rom	gObjectEventSpriteOamTable_64x64_1
0x082DBC7C	rom	gObjectEventSpriteOamTable_64x64_2
0x082DBC80	rom	gObjectEventSpriteOamTable_64x64_3
0x082DBC84	rom	gObjectEventSpriteOamTables_64x64
0x082DBCB4	rom	gObjectEventSpriteOamTable_96x40_0
0x082DBCF0	rom	gObjectEventSpriteOamTable_96x40_1
0x082DBD2C	rom	gObjectEventSpriteOamTable_96x40_2
0x082DBD68	rom	gObjectEventSpriteOamTable_96x40_3
0x082DBDA4	rom	gObjectEventSpriteOamTables_96x40
0x082DBDD4	rom	gObjectEventSpriteOamTable_128x64_0
0x082DBDE4	rom	gObjectEventSpriteOamTable_128x64_1
0x082DBDF4	rom	gObjectEventSpriteOamTable_128x64_2
0x082DBE04	rom	gObjectEventSpriteOamTables_128x64
0x082DBE34	rom	gObjectEventSpriteOamTable_88x32_0
0x082DBE74	rom	gObjectEventSpriteOamTable_88x32_1
0x082DBEB4	rom	gObjectEventSpriteOamTable_88x32_2
0x082DBEF4	rom	gObjectEventSpriteOamTable_88x32_3
0x082DBF34	rom	gObjectEventSpriteOamTables_88x32
0x082DBF64	rom	gObjectEventGraphicsInfo_UnusedWoman
0x082DBF88	rom	gObjectEventGraphicsInfo_RedBikeAlt
0x082DBFAC	rom	gObjectEventPal_MonSlot0
0x082DBFCC	rom	gObjectEventPal_MonSlot1
0x082DBFEC	rom	gObjectEventPal_MonSlot2
0x082DC00C	rom	gObjectEventPal_MonSlot3
0x082DC02C	rom	gObjectEventPic_MonAbra
0x082DCC2C	rom	gObjectEventPal_MonAbra
0x082DCC4C	rom	gObjectEventPalShiny_MonAbra
0x082DCC6C	rom	gObjectEventPic_MonAbsol
0x082DDC6C	rom	gObjectEventPal_MonAbsol
0x082DDC8C	rom	gObjectEventPalShiny_MonAbsol
0x082DDCAC	rom	gObjectEventPic_MonAerodactyl
0x082DE8AC	rom	gObjectEventPal_MonAerodactyl
0x082DE8CC	rom	gObjectEventPalShiny_MonAerodactyl
0x082DE8EC	rom	gObjectEventPic_MonAggron
0x082DF4EC	rom	gObjectEventPal_MonAggron
0x082DF50C	rom	gObjectEventPalShiny_MonAggron
0x082DF52C	rom	gObjectEventPic_MonAipom
0x082E012C	rom	gObjectEventPal_MonAipom
0x082E014C	rom	gObjectEventPalShiny_MonAipom
0x082E016C	rom	gObjectEventPic_MonAlakazam
0x082E0D6C	rom	gObjectEventPal_MonAlakazam
0x082E0D8C	rom	gObjectEventPalShiny_MonAlakazam
0x082E0DAC	rom	gObjectEventPic_MonAltaria
0x082E19AC	rom	gObjectEventPal_MonAltaria
0x082E19CC	rom	gObjectEventPalShiny_MonAltaria
0x082E19EC	rom	gObjectEventPic_MonAmpharos
0x082E25EC	rom	gObjectEventPal_MonAmpharos
0x082E260C	rom	gObjectEventPalShiny_MonAmpharos
0x082E262C	rom	gObjectEventPic_MonAnnihilape
0x082E322C	rom	gObjectEventPal_MonAnnihilape
0x082E324C	rom	gObjectEventPalShiny_MonAnnihilape
0x082E326C	rom	gObjectEventPic_MonAnorith
0x082E3E6C	rom	gObjectEventPal_MonAnorith
0x082E3E8C	rom	gObjectEventPalShiny_MonAnorith
0x082E3EAC	rom	gObjectEventPic_MonArbok
0x082E4AAC	rom	gObjectEventPal_MonArbok
0x082E4ACC	rom	gObjectEventPalShiny_MonArbok
0x082E4AEC	rom	gObjectEventPic_MonArcanine
0x082E56EC	rom	gObjectEventPal_MonArcanine
0x082E570C	rom	gObjectEventPalShiny_MonArcanine
0x082E572C	rom	gObjectEventPic_MonAriados
0x082E632C	rom	gObjectEventPal_MonAriados
0x082E634C	rom	gObjectEventPalShiny_MonAriados
0x082E636C	rom	gObjectEventPic_MonArmaldo
0x082E6F6C	rom	gObjectEventPal_MonArmaldo
0x082E6F8C	rom	gObjectEventPalShiny_MonArmaldo
0x082E6FAC	rom	gObjectEventPic_MonAron
0x082E7BAC	rom	gObjectEventPal_MonAron
0x082E7BCC	rom	gObjectEventPalShiny_MonAron
0x082E7BEC	rom	gObjectEventPic_MonArticuno
0x082E87EC	rom	gObjectEventPal_MonArticuno
0x082E880C	rom	gObjectEventPalShiny_MonArticuno
0x082E882C	rom	gObjectEventPic_MonAzumarill
0x082E942C	rom	gObjectEventPal_MonAzumarill
0x082E944C	rom	gObjectEventPalShiny_MonAzumarill
0x082E946C	rom	gObjectEventPic_MonAzurill
0x082EA06C	rom	gObjectEventPal_MonAzurill
0x082EA08C	rom	gObjectEventPalShiny_MonAzurill
0x082EA0AC	rom	gObjectEventPic_MonBagon
0x082EACAC	rom	gObjectEventPal_MonBagon
0x082EACCC	rom	gObjectEventPalShiny_MonBagon
0x082EACEC	rom	gObjectEventPic_MonBaltoy
0x082EB8EC	rom	gObjectEventPal_MonBaltoy
0x082EB90C	rom	gObjectEventPalShiny_MonBaltoy
0x082EB92C	rom	gObjectEventPic_MonBanette
0x082EC52C	rom	gObjectEventPal_MonBanette
0x082EC54C	rom	gObjectEventPalShiny_MonBanette
0x082EC56C	rom	gObjectEventPic_MonBarboach
0x082ED16C	rom	gObjectEventPal_MonBarboach
0x082ED18C	rom	gObjectEventPalShiny_MonBarboach
0x082ED1AC	rom	gObjectEventPic_MonBayleef
0x082EDDAC	rom	gObjectEventPal_MonBayleef
0x082EDDCC	rom	gObjectEventPalShiny_MonBayleef
0x082EDDEC	rom	gObjectEventPic_MonBeautifly
0x082EE9EC	rom	gObjectEventPal_MonBeautifly
0x082EEA0C	rom	gObjectEventPalShiny_MonBeautifly
0x082EEA2C	rom	gObjectEventPic_MonBeedrill
0x082EF62C	rom	gObjectEventPal_MonBeedrill
0x082EF64C	rom	gObjectEventPalShiny_MonBeedrill
0x082EF66C	rom	gObjectEventPic_MonBeldum
0x082F026C	rom	gObjectEventPal_MonBeldum
0x082F028C	rom	gObjectEventPalShiny_MonBeldum
0x082F02AC	rom	gObjectEventPic_MonBellossom
0x082F0EAC	rom	gObjectEventPal_MonBellossom
0x082F0ECC	rom	gObjectEventPalShiny_MonBellossom
0x082F0EEC	rom	gObjectEventPic_MonBellsprout
0x082F1AEC	rom	gObjectEventPal_MonBellsprout
0x082F1B0C	rom	gObjectEventPalShiny_MonBellsprout
0x082F1B2C	rom	gObjectEventPic_MonBlastoise
0x082F272C	rom	gObjectEventPal_MonBlastoise
0x082F274C	rom	gObjectEventPalShiny_MonBlastoise
0x082F276C	rom	gObjectEventPic_MonBlaziken
0x082F336C	rom	gObjectEventPal_MonBlaziken
0x082F338C	rom	gObjectEventPalShiny_MonBlaziken
0x082F33AC	rom	gObjectEventPic_MonBlissey
0x082F3FAC	rom	gObjectEventPal_MonBlissey
0x082F3FCC	rom	gObjectEventPalShiny_MonBlissey
0x082F3FEC	rom	gObjectEventPic_MonBreloom
0x082F4BEC	rom	gObjectEventPal_MonBreloom
0x082F4C0C	rom	gObjectEventPalShiny_MonBreloom
0x082F4C2C	rom	gObjectEventPic_MonBulbasaur
0x082F582C	rom	gObjectEventPal_MonBulbasaur
0x082F584C	rom	gObjectEventPalShiny_MonBulbasaur
0x082F586C	rom	gObjectEventPic_MonButterfree
0x082F646C	rom	gObjectEventPal_MonButterfree
0x082F648C	rom	gObjectEventPalShiny_MonButterfree
0x082F64AC	rom	gObjectEventPic_MonCacnea
0x082F70AC	rom	gObjectEventPal_MonCacnea
0x082F70CC	rom	gObjectEventPalShiny_MonCacnea
0x082F70EC	rom	gObjectEventPic_MonCacturne
0x082F7CEC	rom	gObjectEventPal_MonCacturne
0x082F7D0C	rom	gObjectEventPalShiny_MonCacturne
0x082F7D2C	rom	gObjectEventPic_MonCamerupt
0x082F892C	rom	gObjectEventPal_MonCamerupt
0x082F894C	rom	gObjectEventPalShiny_MonCamerupt
0x082F896C	rom	gObjectEventPic_MonCarvanha
0x082F956C	rom	gObjectEventPal_MonCarvanha
0x082F958C	rom	gObjectEventPalShiny_MonCarvanha
0x082F95AC	rom	gObjectEventPic_MonCascoon
0x082FA1AC	rom	gObjectEventPal_MonCascoon
0x082FA1CC	rom	gObjectEventPalShiny_MonCascoon
0x082FA1EC	rom	gObjectEventPic_MonCastform
0x082FADEC	rom	gObjectEventPal_MonCastform
0x082FAE0C	rom	gObjectEventPalShiny_MonCastform
0x082FAE2C	rom	gObjectEventPic_MonCaterpie
0x082FBA2C	rom	gObjectEventPal_MonCaterpie
0x082FBA4C	rom	gObjectEventPalShiny_MonCaterpie
0x082FBA6C	rom	gObjectEventPic_MonCelebi
0x082FC66C	rom	gObjectEventPal_MonCelebi
0x082FC68C	rom	gObjectEventPalShiny_MonCelebi
0x082FC6AC	rom	gObjectEventPic_MonChansey
0x082FD2AC	rom	gObjectEventPal_MonChansey
0x082FD2CC	rom	gObjectEventPalShiny_MonChansey
0x082FD2EC	rom	gObjectEventPic_MonCharizard
0x082FDEEC	rom	gObjectEventPal_MonCharizard
0x082FDF0C	rom	gObjectEventPalShiny_MonCharizard
0x082FDF2C	rom	gObjectEventPic_MonCharmander
0x082FEB2C	rom	gObjectEventPal_MonCharmander
0x082FEB4C	rom	gObjectEventPalShiny_MonCharmander
0x082FEB6C	rom	gObjectEventPic_MonCharmeleon
0x082FF76C	rom	gObjectEventPal_MonCharmeleon
0x082FF78C	rom	gObjectEventPalShiny_MonCharmeleon
0x082FF7AC	rom	gObjectEventPic_MonChikorita
0x083003AC	rom	gObjectEventPal_MonChikorita
0x083003CC	rom	gObjectEventPalShiny_MonChikorita
0x083003EC	rom	gObjectEventPic_MonChimecho
0x08300FEC	rom	gObjectEventPal_MonChimecho
0x0830100C	rom	gObjectEventPalShiny_MonChimecho
0x0830102C	rom	gObjectEventPic_MonChinchou
0x08301C2C	rom	gObjectEventPal_MonChinchou
0x08301C4C	rom	gObjectEventPalShiny_MonChinchou
0x08301C6C	rom	gObjectEventPic_MonClamperl
0x0830286C	rom	gObjectEventPal_MonClamperl
0x0830288C	rom	gObjectEventPalShiny_MonClamperl
0x083028AC	rom	gObjectEventPic_MonClaydol
0x083034AC	rom	gObjectEventPal_MonClaydol
0x083034CC	rom	gObjectEventPalShiny_MonClaydol
0x083034EC	rom	gObjectEventPic_MonClefable
0x083040EC	rom	gObjectEventPal_MonClefable
0x0830410C	rom	gObjectEventPalShiny_MonClefable
0x0830412C	rom	gObjectEventPic_MonClefairy
0x08304D2C	rom	gObjectEventPal_MonClefairy
0x08304D4C	rom	gObjectEventPalShiny_MonClefairy
0x08304D6C	rom	gObjectEventPic_MonCleffa
0x0830596C	rom	gObjectEventPal_MonCleffa
0x0830598C	rom	gObjectEventPalShiny_MonCleffa
0x083059AC	rom	gObjectEventPic_MonCloyster
0x083065AC	rom	gObjectEventPal_MonCloyster
0x083065CC	rom	gObjectEventPalShiny_MonCloyster
0x083065EC	rom	gObjectEventPic_MonCombusken
0x083071EC	rom	gObjectEventPal_MonCombusken
0x0830720C	rom	gObjectEventPalShiny_MonCombusken
0x0830722C	rom	gObjectEventPic_MonCorphish
0x08307E2C	rom	gObjectEventPal_MonCorphish
0x08307E4C	rom	gObjectEventPalShiny_MonCorphish
0x08307E6C	rom	gObjectEventPic_MonCorsola
0x08308A6C	rom	gObjectEventPal_MonCorsola
0x08308A8C	rom	gObjectEventPalShiny_MonCorsola
0x08308AAC	rom	gObjectEventPic_MonCradily
0x083096AC	rom	gObjectEventPal_MonCradily
0x083096CC	rom	gObjectEventPalShiny_MonCradily
0x083096EC	rom	gObjectEventPic_MonCrawdaunt
0x0830A2EC	rom	gObjectEventPal_MonCrawdaunt
0x0830A30C	rom	gObjectEventPalShiny_MonCrawdaunt
0x0830A32C	rom	gObjectEventPic_MonCrobat
0x0830AF2C	rom	gObjectEventPal_MonCrobat
0x0830AF4C	rom	gObjectEventPalShiny_MonCrobat
0x0830AF6C	rom	gObjectEventPic_MonCroconaw
0x0830BF6C	rom	gObjectEventPal_MonCroconaw
0x0830BF8C	rom	gObjectEventPalShiny_MonCroconaw
0x0830BFAC	rom	gObjectEventPic_MonCubone
0x0830CFAC	rom	gObjectEventPal_MonCubone
0x0830CFCC	rom	gObjectEventPalShiny_MonCubone
0x0830CFEC	rom	gObjectEventPic_MonCyndaquil
0x0830DBEC	rom	gObjectEventPal_MonCyndaquil
0x0830DC0C	rom	gObjectEventPalShiny_MonCyndaquil
0x0830DC2C	rom	gObjectEventPic_MonDelcatty
0x0830E82C	rom	gObjectEventPal_MonDelcatty
0x0830E84C	rom	gObjectEventPalShiny_MonDelcatty
0x0830E86C	rom	gObjectEventPic_MonDelibird
0x0830F46C	rom	gObjectEventPal_MonDelibird
0x0830F48C	rom	gObjectEventPalShiny_MonDelibird
0x0830F4AC	rom	gObjectEventPic_MonDeoxys
0x083104AC	rom	gObjectEventPal_MonDeoxys
0x083104CC	rom	gObjectEventPalShiny_MonDeoxys
0x083104EC	rom	gObjectEventPic_MonDewgong
0x083110EC	rom	gObjectEventPal_MonDewgong
0x0831110C	rom	gObjectEventPalShiny_MonDewgong
0x0831112C	rom	gObjectEventPic_MonDiglett
0x08311D2C	rom	gObjectEventPal_MonDiglett
0x08311D4C	rom	gObjectEventPalShiny_MonDiglett
0x08311D6C	rom	gObjectEventPic_MonDitto
0x0831296C	rom	gObjectEventPal_MonDitto
0x0831298C	rom	gObjectEventPalShiny_MonDitto
0x083129AC	rom	gObjectEventPic_MonDodrio
0x083135AC	rom	gObjectEventPal_MonDodrio
0x083135CC	rom	gObjectEventPalShiny_MonDodrio
0x083135EC	rom	gObjectEventPic_MonDoduo
0x083141EC	rom	gObjectEventPal_MonDoduo
0x0831420C	rom	gObjectEventPalShiny_MonDoduo
0x0831422C	rom	gObjectEventPic_MonDonphan
0x08314E2C	rom	gObjectEventPal_MonDonphan
0x08314E4C	rom	gObjectEventPalShiny_MonDonphan
0x08314E6C	rom	gObjectEventPic_MonDragonair
0x08315A6C	rom	gObjectEventPal_MonDragonair
0x08315A8C	rom	gObjectEventPalShiny_MonDragonair
0x08315AAC	rom	gObjectEventPic_MonDragonite
0x083166AC	rom	gObjectEventPal_MonDragonite
0x083166CC	rom	gObjectEventPalShiny_MonDragonite
0x083166EC	rom	gObjectEventPic_MonDratini
0x083172EC	rom	gObjectEventPal_MonDratini
0x0831730C	rom	gObjectEventPalShiny_MonDratini
0x0831732C	rom	gObjectEventPic_MonDrowzee
0x08317F2C	rom	gObjectEventPal_MonDrowzee
0x08317F4C	rom	gObjectEventPalShiny_MonDrowzee
0x08317F6C	rom	gObjectEventPic_MonDugtrio
0x08318B6C	rom	gObjectEventPal_MonDugtrio
0x08318B8C	rom	gObjectEventPalShiny_MonDugtrio
0x08318BAC	rom	gObjectEventPic_MonDunsparce
0x083197AC	rom	gObjectEventPal_MonDunsparce
0x083197CC	rom	gObjectEventPalShiny_MonDunsparce
0x083197EC	rom	gObjectEventPic_MonDusclops
0x0831A3EC	rom	gObjectEventPal_MonDusclops
0x0831A40C	rom	gObjectEventPalShiny_MonDusclops
0x0831A42C	rom	gObjectEventPic_MonDuskull
0x0831B02C	rom	gObjectEventPal_MonDuskull
0x0831B04C	rom	gObjectEventPalShiny_MonDuskull
0x0831B06C	rom	gObjectEventPic_MonDustox
0x0831BC6C	rom	gObjectEventPal_MonDustox
0x0831BC8C	rom	gObjectEventPalShiny_MonDustox
0x0831BCAC	rom	gObjectEventPic_MonEevee
0x0831C8AC	rom	gObjectEventPal_MonEevee
0x0831C8CC	rom	gObjectEventPalShiny_MonEevee
0x0831C8EC	rom	gObjectEventPic_MonEkans
0x0831D4EC	rom	gObjectEventPal_MonEkans
0x0831D50C	rom	gObjectEventPalShiny_MonEkans
0x0831D52C	rom	gObjectEventPic_MonElectabuzz
0x0831E12C	rom	gObjectEventPal_MonElectabuzz
0x0831E14C	rom	gObjectEventPalShiny_MonElectabuzz
0x0831E16C	rom	gObjectEventPic_MonElectrike
0x0831ED6C	rom	gObjectEventPal_MonElectrike
0x0831ED8C	rom	gObjectEventPalShiny_MonElectrike
0x0831EDAC	rom	gObjectEventPic_MonElectrode
0x0831F9AC	rom	gObjectEventPal_MonElectrode
0x0831F9CC	rom	gObjectEventPalShiny_MonElectrode
0x0831F9EC	rom	gObjectEventPic_MonElekid
0x083205EC	rom	gObjectEventPal_MonElekid
0x0832060C	rom	gObjectEventPalShiny_MonElekid
0x0832062C	rom	gObjectEventPic_MonEntei
0x0832122C	rom	gObjectEventPal_MonEntei
0x0832124C	rom	gObjectEventPalShiny_MonEntei
0x0832126C	rom	gObjectEventPic_MonEspeon
0x08321E6C	rom	gObjectEventPal_MonEspeon
0x08321E8C	rom	gObjectEventPalShiny_MonEspeon
0x08321EAC	rom	gObjectEventPic_MonExeggcute
0x08322AAC	rom	gObjectEventPal_MonExeggcute
0x08322ACC	rom	gObjectEventPalShiny_MonExeggcute
0x08322AEC	rom	gObjectEventPic_MonExeggutor
0x083236EC	rom	gObjectEventPal_MonExeggutor
0x0832370C	rom	gObjectEventPalShiny_MonExeggutor
0x0832372C	rom	gObjectEventPic_MonExploud
0x0832432C	rom	gObjectEventPal_MonExploud
0x0832434C	rom	gObjectEventPalShiny_MonExploud
0x0832436C	rom	gObjectEventPic_MonFarfetchd
0x0832536C	rom	gObjectEventPal_MonFarfetchd
0x0832538C	rom	gObjectEventPalShiny_MonFarfetchd
0x083253AC	rom	gObjectEventPic_MonFearow
0x08325FAC	rom	gObjectEventPal_MonFearow
0x08325FCC	rom	gObjectEventPalShiny_MonFearow
0x08325FEC	rom	gObjectEventPic_MonFeebas
0x08326BEC	rom	gObjectEventPal_MonFeebas
0x08326C0C	rom	gObjectEventPalShiny_MonFeebas
0x08326C2C	rom	gObjectEventPic_MonFeraligatr
0x0832782C	rom	gObjectEventPal_MonFeraligatr
0x0832784C	rom	gObjectEventPalShiny_MonFeraligatr
0x0832786C	rom	gObjectEventPic_MonFlaaffy
0x0832846C	rom	gObjectEventPal_MonFlaaffy
0x0832848C	rom	gObjectEventPalShiny_MonFlaaffy
0x083284AC	rom	gObjectEventPic_MonFlareon
0x083290AC	rom	gObjectEventPal_MonFlareon
0x083290CC	rom	gObjectEventPalShiny_MonFlareon
0x083290EC	rom	gObjectEventPic_MonFlygon
0x08329CEC	rom	gObjectEventPal_MonFlygon
0x08329D0C	rom	gObjectEventPalShiny_MonFlygon
0x08329D2C	rom	gObjectEventPic_MonForretress
0x0832A92C	rom	gObjectEventPal_MonForretress
0x0832A94C	rom	gObjectEventPalShiny_MonForretress
0x0832A96C	rom	gObjectEventPic_MonFurret
0x0832B56C	rom	gObjectEventPal_MonFurret
0x0832B58C	rom	gObjectEventPalShiny_MonFurret
0x0832B5AC	rom	gObjectEventPic_MonGardevoir
0x0832C1AC	rom	gObjectEventPal_MonGardevoir
0x0832C1CC	rom	gObjectEventPalShiny_MonGardevoir
0x0832C1EC	rom	gObjectEventPic_MonGastly
0x0832CDEC	rom	gObjectEventPal_MonGastly
0x0832CE0C	rom	gObjectEventPalShiny_MonGastly
0x0832CE2C	rom	gObjectEventPic_MonGengar
0x0832DA2C	rom	gObjectEventPal_MonGengar
0x0832DA4C	rom	gObjectEventPalShiny_MonGengar
0x0832DA6C	rom	gObjectEventPic_MonGeodude
0x0832E66C	rom	gObjectEventPal_MonGeodude
0x0832E68C	rom	gObjectEventPalShiny_MonGeodude
0x0832E6AC	rom	gObjectEventPic_MonGirafarig
0x0832F2AC	rom	gObjectEventPal_MonGirafarig
0x0832F2CC	rom	gObjectEventPalShiny_MonGirafarig
0x0832F2EC	rom	gObjectEventPic_MonGlaceon
0x0832FEEC	rom	gObjectEventPal_MonGlaceon
0x0832FF0C	rom	gObjectEventPalShiny_MonGlaceon
0x0832FF2C	rom	gObjectEventPic_MonGlalie
0x08330B2C	rom	gObjectEventPal_MonGlalie
0x08330B4C	rom	gObjectEventPalShiny_MonGlalie
0x08330B6C	rom	gObjectEventPic_MonGligar
0x0833176C	rom	gObjectEventPal_MonGligar
0x0833178C	rom	gObjectEventPalShiny_MonGligar
0x083317AC	rom	gObjectEventPic_MonGloom
0x083323AC	rom	gObjectEventPal_MonGloom
0x083323CC	rom	gObjectEventPalShiny_MonGloom
0x083323EC	rom	gObjectEventPic_MonGolbat
0x08332FEC	rom	gObjectEventPal_MonGolbat
0x0833300C	rom	gObjectEventPalShiny_MonGolbat
0x0833302C	rom	gObjectEventPic_MonGoldeen
0x08333C2C	rom	gObjectEventPal_MonGoldeen
0x08333C4C	rom	gObjectEventPalShiny_MonGoldeen
0x08333C6C	rom	gObjectEventPic_MonGolduck
0x0833486C	rom	gObjectEventPal_MonGolduck
0x0833488C	rom	gObjectEventPalShiny_MonGolduck
0x083348AC	rom	gObjectEventPic_MonGolem
0x083354AC	rom	gObjectEventPal_MonGolem
0x083354CC	rom	gObjectEventPalShiny_MonGolem
0x083354EC	rom	gObjectEventPic_MonGorebyss
0x083360EC	rom	gObjectEventPal_MonGorebyss
0x0833610C	rom	gObjectEventPalShiny_MonGorebyss
0x0833612C	rom	gObjectEventPic_MonGranbull
0x08336D2C	rom	gObjectEventPal_MonGranbull
0x08336D4C	rom	gObjectEventPalShiny_MonGranbull
0x08336D6C	rom	gObjectEventPic_MonGraveler
0x0833796C	rom	gObjectEventPal_MonGraveler
0x0833798C	rom	gObjectEventPalShiny_MonGraveler
0x083379AC	rom	gObjectEventPic_MonGrimer
0x083385AC	rom	gObjectEventPal_MonGrimer
0x083385CC	rom	gObjectEventPalShiny_MonGrimer
0x083385EC	rom	gObjectEventPic_MonGroudon
0x0833B5EC	rom	gObjectEventPal_MonGroudon
0x0833B60C	rom	gObjectEventPalShiny_MonGroudon
0x0833B62C	rom	gObjectEventPic_MonGrovyle
0x0833C22C	rom	gObjectEventPal_MonGrovyle
0x0833C24C	rom	gObjectEventPalShiny_MonGrovyle
0x0833C26C	rom	gObjectEventPic_MonGrowlithe
0x0833CE6C	rom	gObjectEventPal_MonGrowlithe
0x0833CE8C	rom	gObjectEventPalShiny_MonGrowlithe
0x0833CEAC	rom	gObjectEventPic_MonGrumpig
0x0833DAAC	rom	gObjectEventPal_MonGrumpig
0x0833DACC	rom	gObjectEventPalShiny_MonGrumpig
0x0833DAEC	rom	gObjectEventPic_MonGulpin
0x0833E6EC	rom	gObjectEventPal_MonGulpin
0x0833E70C	rom	gObjectEventPalShiny_MonGulpin
0x0833E72C	rom	gObjectEventPic_MonGyarados
0x0833F32C	rom	gObjectEventPal_MonGyarados
0x0833F34C	rom	gObjectEventPalShiny_MonGyarados
0x0833F36C	rom	gObjectEventPic_MonHariyama
0x0833FF6C	rom	gObjectEventPal_MonHariyama
0x0833FF8C	rom	gObjectEventPalShiny_MonHariyama
0x0833FFAC	rom	gObjectEventPic_MonHaunter
0x08340BAC	rom	gObjectEventPal_MonHaunter
0x08340BCC	rom	gObjectEventPalShiny_MonHaunter
0x08340BEC	rom	gObjectEventPic_MonHeracross
0x083417EC	rom	gObjectEventPal_MonHeracross
0x0834180C	rom	gObjectEventPalShiny_MonHeracross
0x0834182C	rom	gObjectEventPic_MonHitmonchan
0x0834242C	rom	gObjectEventPal_MonHitmonchan
0x0834244C	rom	gObjectEventPalShiny_MonHitmonchan
0x0834246C	rom	gObjectEventPic_MonHitmonlee
0x0834306C	rom	gObjectEventPal_MonHitmonlee
0x0834308C	rom	gObjectEventPalShiny_MonHitmonlee
0x083430AC	rom	gObjectEventPic_MonHitmontop
0x08343CAC	rom	gObjectEventPal_MonHitmontop
0x08343CCC	rom	gObjectEventPalShiny_MonHitmontop
0x08343CEC	rom	gObjectEventPic_MonHoOh
0x08346CEC	rom	gObjectEventPal_MonHoOh
0x08346D0C	rom	gObjectEventPalShiny_MonHoOh
0x08346D2C	rom	gObjectEventPic_MonHoothoot
0x0834792C	rom	gObjectEventPal_MonHoothoot
0x0834794C	rom	gObjectEventPalShiny_MonHoothoot
0x0834796C	rom	gObjectEventPic_MonHoppip
0x0834856C	rom	gObjectEventPal_MonHoppip
0x0834858C	rom	gObjectEventPalShiny_MonHoppip
0x083485AC	rom	gObjectEventPic_MonHorsea
0x083491AC	rom	gObjectEventPal_MonHorsea
0x083491CC	rom	gObjectEventPalShiny_MonHorsea
0x083491EC	rom	gObjectEventPic_MonHoundoom
0x08349DEC	rom	gObjectEventPal_MonHoundoom
0x08349E0C	rom	gObjectEventPalShiny_MonHoundoom
0x08349E2C	rom	gObjectEventPic_MonHoundour
0x0834AA2C	rom	gObjectEventPal_MonHoundour
0x0834AA4C	rom	gObjectEventPalShiny_MonHoundour
0x0834AA6C	rom	gObjectEventPic_MonHuntail
0x0834B66C	rom	gObjectEventPal_MonHuntail
0x0834B68C	rom	gObjectEventPalShiny_MonHuntail
0x0834B6AC	rom	gObjectEventPic_MonHypno
0x0834C2AC	rom	gObjectEventPal_MonHypno
0x0834C2CC	rom	gObjectEventPalShiny_MonHypno
0x0834C2EC	rom	gObjectEventPic_MonIgglybuff
0x0834CEEC	rom	gObjectEventPal_MonIgglybuff
0x0834CF0C	rom	gObjectEventPalShiny_MonIgglybuff
0x0834CF2C	rom	gObjectEventPic_MonIllumise
0x0834DB2C	rom	gObjectEventPal_MonIllumise
0x0834DB4C	rom	gObjectEventPalShiny_MonIllumise
0x0834DB6C	rom	gObjectEventPic_MonIvysaur
0x0834E76C	rom	gObjectEventPal_MonIvysaur
0x0834E78C	rom	gObjectEventPalShiny_MonIvysaur
0x0834E7AC	rom	gObjectEventPic_MonJigglypuff
0x0834F3AC	rom	gObjectEventPal_MonJigglypuff
0x0834F3CC	rom	gObjectEventPalShiny_MonJigglypuff
0x0834F3EC	rom	gObjectEventPic_MonJirachi
0x0834FFEC	rom	gObjectEventPal_MonJirachi
0x0835000C	rom	gObjectEventPalShiny_MonJirachi
0x0835002C	rom	gObjectEventPic_MonJolteon
0x08350C2C	rom	gObjectEventPal_MonJolteon
0x08350C4C	rom	gObjectEventPalShiny_MonJolteon
0x08350C6C	rom	gObjectEventPic_MonJumpluff
0x0835186C	rom	gObjectEventPal_MonJumpluff
0x0835188C	rom	gObjectEventPalShiny_MonJumpluff
0x083518AC	rom	gObjectEventPic_MonJynx
0x083524AC	rom	gObjectEventPal_MonJynx
0x083524CC	rom	gObjectEventPalShiny_MonJynx
0x083524EC	rom	gObjectEventPic_MonKabuto
0x083530EC	rom	gObjectEventPal_MonKabuto
0x0835310C	rom	gObjectEventPalShiny_MonKabuto
0x0835312C	rom	gObjectEventPic_MonKabutops
0x08353D2C	rom	gObjectEventPal_MonKabutops
0x08353D4C	rom	gObjectEventPalShiny_MonKabutops
0x08353D6C	rom	gObjectEventPic_MonKadabra
0x08354D6C	rom	gObjectEventPal_MonKadabra
0x08354D8C	rom	gObjectEventPalShiny_MonKadabra
0x08354DAC	rom	gObjectEventPic_MonKakuna
0x083559AC	rom	gObjectEventPal_MonKakuna
0x083559CC	rom	gObjectEventPalShiny_MonKakuna
0x083559EC	rom	gObjectEventPic_MonKangaskhan
0x083565EC	rom	gObjectEventPal_MonKangaskhan
0x0835660C	rom	gObjectEventPalShiny_MonKangaskhan
0x0835662C	rom	gObjectEventPic_MonKecleon
0x0835722C	rom	gObjectEventPal_MonKecleon
0x0835724C	rom	gObjectEventPalShiny_MonKecleon
0x0835726C	rom	gObjectEventPic_MonKingdra
0x08357E6C	rom	gObjectEventPal_MonKingdra
0x08357E8C	rom	gObjectEventPalShiny_MonKingdra
0x08357EAC	rom	gObjectEventPic_MonKingler
0x08358EAC	rom	gObjectEventPal_MonKingler
0x08358ECC	rom	gObjectEventPalShiny_MonKingler
0x08358EEC	rom	gObjectEventPic_MonKirlia
0x08359AEC	rom	gObjectEventPal_MonKirlia
0x08359B0C	rom	gObjectEventPalShiny_MonKirlia
0x08359B2C	rom	gObjectEventPic_MonKleavor
0x0835A72C	rom	gObjectEventPal_MonKleavor
0x0835A74C	rom	gObjectEventPalShiny_MonKleavor
0x0835A76C	rom	gObjectEventPic_MonKoffing
0x0835B36C	rom	gObjectEventPal_MonKoffing
0x0835B38C	rom	gObjectEventPalShiny_MonKoffing
0x0835B3AC	rom	gObjectEventPic_MonKrabby
0x0835C3AC	rom	gObjectEventPal_MonKrabby
0x0835C3CC	rom	gObjectEventPalShiny_MonKrabby
0x0835C3EC	rom	gObjectEventPic_MonKyogre
0x0835F3EC	rom	gObjectEventPal_MonKyogre
0x0835F40C	rom	gObjectEventPalShiny_MonKyogre
0x0835F42C	rom	gObjectEventPic_MonLairon
0x0836002C	rom	gObjectEventPal_MonLairon
0x0836004C	rom	gObjectEventPalShiny_MonLairon
0x0836006C	rom	gObjectEventPic_MonLanturn
0x08360C6C	rom	gObjectEventPal_MonLanturn
0x08360C8C	rom	gObjectEventPalShiny_MonLanturn
0x08360CAC	rom	gObjectEventPic_MonLapras
0x083618AC	rom	gObjectEventPal_MonLapras
0x083618CC	rom	gObjectEventPalShiny_MonLapras
0x083618EC	rom	gObjectEventPic_MonLarvitar
0x083624EC	rom	gObjectEventPal_MonLarvitar
0x0836250C	rom	gObjectEventPalShiny_MonLarvitar
0x0836252C	rom	gObjectEventPic_MonLatias
0x0836312C	rom	gObjectEventPal_MonLatias
0x0836314C	rom	gObjectEventPalShiny_MonLatias
0x0836316C	rom	gObjectEventPic_MonLatios
0x08363D6C	rom	gObjectEventPal_MonLatios
0x08363D8C	rom	gObjectEventPalShiny_MonLatios
0x08363DAC	rom	gObjectEventPic_MonLeafeon
0x083649AC	rom	gObjectEventPal_MonLeafeon
0x083649CC	rom	gObjectEventPalShiny_MonLeafeon
0x083649EC	rom	gObjectEventPic_MonLedian
0x083655EC	rom	gObjectEventPal_MonLedian
0x0836560C	rom	gObjectEventPalShiny_MonLedian
0x0836562C	rom	gObjectEventPic_MonLedyba
0x0836622C	rom	gObjectEventPal_MonLedyba
0x0836624C	rom	gObjectEventPalShiny_MonLedyba
0x0836626C	rom	gObjectEventPic_MonLickitung
0x08366E6C	rom	gObjectEventPal_MonLickitung
0x08366E8C	rom	gObjectEventPalShiny_MonLickitung
0x08366EAC	rom	gObjectEventPic_MonLileep
0x08367AAC	rom	gObjectEventPal_MonLileep
0x08367ACC	rom	gObjectEventPalShiny_MonLileep
0x08367AEC	rom	gObjectEventPic_MonLinoone
0x083686EC	rom	gObjectEventPal_MonLinoone
0x0836870C	rom	gObjectEventPalShiny_MonLinoone
0x0836872C	rom	gObjectEventPic_MonLombre
0x0836932C	rom	gObjectEventPal_MonLombre
0x0836934C	rom	gObjectEventPalShiny_MonLombre
0x0836936C	rom	gObjectEventPic_MonLotad
0x08369F6C	rom	gObjectEventPal_MonLotad
0x08369F8C	rom	gObjectEventPalShiny_MonLotad
0x08369FAC	rom	gObjectEventPic_MonLoudred
0x0836ABAC	rom	gObjectEventPal_MonLoudred
0x0836ABCC	rom	gObjectEventPalShiny_MonLoudred
0x0836ABEC	rom	gObjectEventPic_MonLucario
0x0836B7EC	rom	gObjectEventPal_MonLucario
0x0836B80C	rom	gObjectEventPalShiny_MonLucario
0x0836B82C	rom	gObjectEventPic_MonLudicolo
0x0836C42C	rom	gObjectEventPal_MonLudicolo
0x0836C44C	rom	gObjectEventPalShiny_MonLudicolo
0x0836C46C	rom	gObjectEventPic_MonLugia
0x0836F46C	rom	gObjectEventPal_MonLugia
0x0836F48C	rom	gObjectEventPalShiny_MonLugia
0x0836F4AC	rom	gObjectEventPic_MonLunatone
0x083700AC	rom	gObjectEventPal_MonLunatone
0x083700CC	rom	gObjectEventPalShiny_MonLunatone
0x083700EC	rom	gObjectEventPic_MonLuvdisc
0x08370CEC	rom	gObjectEventPal_MonLuvdisc
0x08370D0C	rom	gObjectEventPalShiny_MonLuvdisc
0x08370D2C	rom	gObjectEventPic_MonMachamp
0x0837192C	rom	gObjectEventPal_MonMachamp
0x0837194C	rom	gObjectEventPalShiny_MonMachamp
0x0837196C	rom	gObjectEventPic_MonMachoke
0x0837256C	rom	gObjectEventPal_MonMachoke
0x0837258C	rom	gObjectEventPalShiny_MonMachoke
0x083725AC	rom	gObjectEventPic_MonMachop
0x083731AC	rom	gObjectEventPal_MonMachop
0x083731CC	rom	gObjectEventPalShiny_MonMachop
0x083731EC	rom	gObjectEventPic_MonMagby
0x08373DEC	rom	gObjectEventPal_MonMagby
0x08373E0C	rom	gObjectEventPalShiny_MonMagby
0x08373E2C	rom	gObjectEventPic_MonMagcargo
0x08374E2C	rom	gObjectEventPal_MonMagcargo
0x08374E4C	rom	gObjectEventPalShiny_MonMagcargo
0x08374E6C	rom	gObjectEventPic_MonMagikarp
0x08375A6C	rom	gObjectEventPal_MonMagikarp
0x08375A8C	rom	gObjectEventPalShiny_MonMagikarp
0x08375AAC	rom	gObjectEventPic_MonMagmar
0x083766AC	rom	gObjectEventPal_MonMagmar
0x083766CC	rom	gObjectEventPalShiny_MonMagmar
0x083766EC	rom	gObjectEventPic_MonMagnemite
0x083772EC	rom	gObjectEventPal_MonMagnemite
0x0837730C	rom	gObjectEventPalShiny_MonMagnemite
0x0837732C	rom	gObjectEventPic_MonMagneton
0x08377F2C	rom	gObjectEventPal_MonMagneton
0x08377F4C	rom	gObjectEventPalShiny_MonMagneton
0x08377F6C	rom	gObjectEventPic_MonMakuhita
0x08378B6C	rom	gObjectEventPal_MonMakuhita
0x08378B8C	rom	gObjectEventPalShiny_MonMakuhita
0x08378BAC	rom	gObjectEventPic_MonManectric
0x083797AC	rom	gObjectEventPal_MonManectric
0x083797CC	rom	gObjectEventPalShiny_MonManectric
0x083797EC	rom	gObjectEventPic_MonMankey
0x0837A3EC	rom	gObjectEventPal_MonMankey
0x0837A40C	rom	gObjectEventPalShiny_MonMankey
0x0837A42C	rom	gObjectEventPic_MonMantine
0x0837B02C	rom	gObjectEventPal_MonMantine
0x0837B04C	rom	gObjectEventPalShiny_MonMantine
0x0837B06C	rom	gObjectEventPic_MonMareep
0x0837BC6C	rom	gObjectEventPal_MonMareep
0x0837BC8C	rom	gObjectEventPalShiny_MonMareep
0x0837BCAC	rom	gObjectEventPic_MonMarill
0x0837C8AC	rom	gObjectEventPal_MonMarill
0x0837C8CC	rom	gObjectEventPalShiny_MonMarill
0x0837C8EC	rom	gObjectEventPic_MonMarowak
0x0837D8EC	rom	gObjectEventPal_MonMarowak
0x0837D90C	rom	gObjectEventPalShiny_MonMarowak
0x0837D92C	rom	gObjectEventPic_MonMarshtomp
0x0837E52C	rom	gObjectEventPal_MonMarshtomp
0x0837E54C	rom	gObjectEventPalShiny_MonMarshtomp
0x0837E56C	rom	gObjectEventPic_MonMasquerain
0x0837F16C	rom	gObjectEventPal_MonMasquerain
0x0837F18C	rom	gObjectEventPalShiny_MonMasquerain
0x0837F1AC	rom	gObjectEventPic_MonMawile
0x0837FDAC	rom	gObjectEventPal_MonMawile
0x0837FDCC	rom	gObjectEventPalShiny_MonMawile
0x0837FDEC	rom	gObjectEventPic_MonMedicham
0x083809EC	rom	gObjectEventPal_MonMedicham
0x08380A0C	rom	gObjectEventPalShiny_MonMedicham
0x08380A2C	rom	gObjectEventPic_MonMeditite
0x0838162C	rom	gObjectEventPal_MonMeditite
0x0838164C	rom	gObjectEventPalShiny_MonMeditite
0x0838166C	rom	gObjectEventPic_MonMeganium
0x0838226C	rom	gObjectEventPal_MonMeganium
0x0838228C	rom	gObjectEventPalShiny_MonMeganium
0x083822AC	rom	gObjectEventPic_MonMeowth
0x08382EAC	rom	gObjectEventPal_MonMeowth
0x08382ECC	rom	gObjectEventPalShiny_MonMeowth
0x08382EEC	rom	gObjectEventPic_MonMetagross
0x08383AEC	rom	gObjectEventPal_MonMetagross
0x08383B0C	rom	gObjectEventPalShiny_MonMetagross
0x08383B2C	rom	gObjectEventPic_MonMetang
0x0838472C	rom	gObjectEventPal_MonMetang
0x0838474C	rom	gObjectEventPalShiny_MonMetang
0x0838476C	rom	gObjectEventPic_MonMetapod
0x0838536C	rom	gObjectEventPal_MonMetapod
0x0838538C	rom	gObjectEventPalShiny_MonMetapod
0x083853AC	rom	gObjectEventPic_MonMew
0x08385FAC	rom	gObjectEventPal_MonMew
0x08385FCC	rom	gObjectEventPalShiny_MonMew
0x08385FEC	rom	gObjectEventPic_MonMewtwo
0x08386BEC	rom	gObjectEventPal_MonMewtwo
0x08386C0C	rom	gObjectEventPalShiny_MonMewtwo
0x08386C2C	rom	gObjectEventPic_MonMightyena
0x0838782C	rom	gObjectEventPal_MonMightyena
0x0838784C	rom	gObjectEventPalShiny_MonMightyena
0x0838786C	rom	gObjectEventPic_MonMilotic
0x0838846C	rom	gObjectEventPal_MonMilotic
0x0838848C	rom	gObjectEventPalShiny_MonMilotic
0x083884AC	rom	gObjectEventPic_MonMiltank
0x083890AC	rom	gObjectEventPal_MonMiltank
0x083890CC	rom	gObjectEventPalShiny_MonMiltank
0x083890EC	rom	gObjectEventPic_MonMimikyu
0x08389CEC	rom	gObjectEventPal_MonMimikyu
0x08389D0C	rom	gObjectEventPalShiny_MonMimikyu
0x08389D2C	rom	gObjectEventPic_MonMinun
0x0838A92C	rom	gObjectEventPal_MonMinun
0x0838A94C	rom	gObjectEventPalShiny_MonMinun
0x0838A96C	rom	gObjectEventPic_MonMisdreavus
0x0838B56C	rom	gObjectEventPal_MonMisdreavus
0x0838B58C	rom	gObjectEventPalShiny_MonMisdreavus
0x0838B5AC	rom	gObjectEventPic_MonMoltres
0x0838C1AC	rom	gObjectEventPal_MonMoltres
0x0838C1CC	rom	gObjectEventPalShiny_MonMoltres
0x0838C1EC	rom	gObjectEventPic_MonMrMime
0x0838CDEC	rom	gObjectEventPal_MonMrMime
0x0838CE0C	rom	gObjectEventPalShiny_MonMrMime
0x0838CE2C	rom	gObjectEventPic_MonMudkip
0x0838DA2C	rom	gObjectEventPal_MonMudkip
0x0838DA4C	rom	gObjectEventPalShiny_MonMudkip
0x0838DA6C	rom	gObjectEventPic_MonMuk
0x0838E66C	rom	gObjectEventPal_MonMuk
0x0838E68C	rom	gObjectEventPalShiny_MonMuk
0x0838E6AC	rom	gObjectEventPic_MonMurkrow
0x0838F2AC	rom	gObjectEventPal_MonMurkrow
0x0838F2CC	rom	gObjectEventPalShiny_MonMurkrow
0x0838F2EC	rom	gObjectEventPic_MonNatu
0x0838FEEC	rom	gObjectEventPal_MonNatu
0x0838FF0C	rom	gObjectEventPalShiny_MonNatu
0x0838FF2C	rom	gObjectEventPic_MonNidoking
0x08390B2C	rom	gObjectEventPal_MonNidoking
0x08390B4C	rom	gObjectEventPalShiny_MonNidoking
0x08390B6C	rom	gObjectEventPic_MonNidoqueen
0x0839176C	rom	gObjectEventPal_MonNidoqueen
0x0839178C	rom	gObjectEventPalShiny_MonNidoqueen
0x083917AC	rom	gObjectEventPic_MonNidoranF
0x083923AC	rom	gObjectEventPal_MonNidoranF
0x083923CC	rom	gObjectEventPalShiny_MonNidoranF
0x083923EC	rom	gObjectEventPic_MonNidoranM
0x08392FEC	rom	gObjectEventPal_MonNidoranM
0x0839300C	rom	gObjectEventPalShiny_MonNidoranM
0x0839302C	rom	gObjectEventPic_MonNidorina
0x08393C2C	rom	gObjectEventPal_MonNidorina
0x08393C4C	rom	gObjectEventPalShiny_MonNidorina
0x08393C6C	rom	gObjectEventPic_MonNidorino
0x0839486C	rom	gObjectEventPal_MonNidorino
0x0839488C	rom	gObjectEventPalShiny_MonNidorino
0x083948AC	rom	gObjectEventPic_MonNincada
0x083954AC	rom	gObjectEventPal_MonNincada
0x083954CC	rom	gObjectEventPalShiny_MonNincada
0x083954EC	rom	gObjectEventPic_MonNinetales
0x083960EC	rom	gObjectEventPal_MonNinetales
0x0839610C	rom	gObjectEventPalShiny_MonNinetales
0x0839612C	rom	gObjectEventPic_MonNinjask
0x08396D2C	rom	gObjectEventPal_MonNinjask
0x08396D4C	rom	gObjectEventPalShiny_MonNinjask
0x08396D6C	rom	gObjectEventPic_MonNoctowl
0x0839796C	rom	gObjectEventPal_MonNoctowl
0x0839798C	rom	gObjectEventPalShiny_MonNoctowl
0x083979AC	rom	gObjectEventPic_MonNosepass
0x083985AC	rom	gObjectEventPal_MonNosepass
0x083985CC	rom	gObjectEventPalShiny_MonNosepass
0x083985EC	rom	gObjectEventPic_MonNumel
0x083991EC	rom	gObjectEventPal_MonNumel
0x0839920C	rom	gObjectEventPalShiny_MonNumel
0x0839922C	rom	gObjectEventPic_MonNuzleaf
0x08399E2C	rom	gObjectEventPal_MonNuzleaf
0x08399E4C	rom	gObjectEventPalShiny_MonNuzleaf
0x08399E6C	rom	gObjectEventPic_MonOctillery
0x0839AA6C	rom	gObjectEventPal_MonOctillery
0x0839AA8C	rom	gObjectEventPalShiny_MonOctillery
0x0839AAAC	rom	gObjectEventPic_MonOddish
0x0839B6AC	rom	gObjectEventPal_MonOddish
0x0839B6CC	rom	gObjectEventPalShiny_MonOddish
0x0839B6EC	rom	gObjectEventPic_MonOmanyte
0x0839C2EC	rom	gObjectEventPal_MonOmanyte
0x0839C30C	rom	gObjectEventPalShiny_MonOmanyte
0x0839C32C	rom	gObjectEventPic_MonOmastar
0x0839CF2C	rom	gObjectEventPal_MonOmastar
0x0839CF4C	rom	gObjectEventPalShiny_MonOmastar
0x0839CF6C	rom	gObjectEventPic_MonOnix
0x0839DB6C	rom	gObjectEventPal_MonOnix
0x0839DB8C	rom	gObjectEventPalShiny_MonOnix
0x0839DBAC	rom	gObjectEventPic_MonParas
0x0839E7AC	rom	gObjectEventPal_MonParas
0x0839E7CC	rom	gObjectEventPalShiny_MonParas
0x0839E7EC	rom	gObjectEventPic_MonParasect
0x0839F3EC	rom	gObjectEventPal_MonParasect
0x0839F40C	rom	gObjectEventPalShiny_MonParasect
0x0839F42C	rom	gObjectEventPic_MonPelipper
0x083A002C	rom	gObjectEventPal_MonPelipper
0x083A004C	rom	gObjectEventPalShiny_MonPelipper
0x083A006C	rom	gObjectEventPic_MonPersian
0x083A0C6C	rom	gObjectEventPal_MonPersian
0x083A0C8C	rom	gObjectEventPalShiny_MonPersian
0x083A0CAC	rom	gObjectEventPic_MonPhanpy
0x083A18AC	rom	gObjectEventPal_MonPhanpy
0x083A18CC	rom	gObjectEventPalShiny_MonPhanpy
0x083A18EC	rom	gObjectEventPic_MonPichu
0x083A24EC	rom	gObjectEventPal_MonPichu
0x083A250C	rom	gObjectEventPalShiny_MonPichu
0x083A252C	rom	gObjectEventPic_MonPidgeot
0x083A312C	rom	gObjectEventPal_MonPidgeot
0x083A314C	rom	gObjectEventPalShiny_MonPidgeot
0x083A316C	rom	gObjectEventPic_MonPidgeotto
0x083A3D6C	rom	gObjectEventPal_MonPidgeotto
0x083A3D8C	rom	gObjectEventPalShiny_MonPidgeotto
0x083A3DAC	rom	gObjectEventPic_MonPidgey
0x083A49AC	rom	gObjectEventPal_MonPidgey
0x083A49CC	rom	gObjectEventPalShiny_MonPidgey
0x083A49EC	rom	gObjectEventPic_MonPikachu
0x083A55EC	rom	gObjectEventPal_MonPikachu
0x083A560C	rom	gObjectEventPalShiny_MonPikachu
0x083A562C	rom	gObjectEventPic_MonPiloswine
0x083A622C	rom	gObjectEventPal_MonPiloswine
0x083A624C	rom	gObjectEventPalShiny_MonPiloswine
0x083A626C	rom	gObjectEventPic_MonPineco
0x083A6E6C	rom	gObjectEventPal_MonPineco
0x083A6E8C	rom	gObjectEventPalShiny_MonPineco
0x083A6EAC	rom	gObjectEventPic_MonPinsir
0x083A7AAC	rom	gObjectEventPal_MonPinsir
0x083A7ACC	rom	gObjectEventPalShiny_MonPinsir
0x083A7AEC	rom	gObjectEventPic_MonPlusle
0x083A86EC	rom	gObjectEventPal_MonPlusle
0x083A870C	rom	gObjectEventPalShiny_MonPlusle
0x083A872C	rom	gObjectEventPic_MonPolitoed
0x083A932C	rom	gObjectEventPal_MonPolitoed
0x083A934C	rom	gObjectEventPalShiny_MonPolitoed
0x083A936C	rom	gObjectEventPic_MonPoliwag
0x083A9F6C	rom	gObjectEventPal_MonPoliwag
0x083A9F8C	rom	gObjectEventPalShiny_MonPoliwag
0x083A9FAC	rom	gObjectEventPic_MonPoliwhirl
0x083AABAC	rom	gObjectEventPal_MonPoliwhirl
0x083AABCC	rom	gObjectEventPalShiny_MonPoliwhirl
0x083AABEC	rom	gObjectEventPic_MonPoliwrath
0x083AB7EC	rom	gObjectEventPal_MonPoliwrath
0x083AB80C	rom	gObjectEventPalShiny_MonPoliwrath
0x083AB82C	rom	gObjectEventPic_MonPonyta
0x083AC42C	rom	gObjectEventPal_MonPonyta
0x083AC44C	rom	gObjectEventPalShiny_MonPonyta
0x083AC46C	rom	gObjectEventPic_MonPoochyena
0x083AD06C	rom	gObjectEventPal_MonPoochyena
0x083AD08C	rom	gObjectEventPalShiny_MonPoochyena
0x083AD0AC	rom	gObjectEventPic_MonPorygon
0x083ADCAC	rom	gObjectEventPal_MonPorygon
0x083ADCCC	rom	gObjectEventPalShiny_MonPorygon
0x083ADCEC	rom	gObjectEventPic_MonPorygon2
0x083AE8EC	rom	gObjectEventPal_MonPorygon2
0x083AE90C	rom	gObjectEventPalShiny_MonPorygon2
0x083AE92C	rom	gObjectEventPic_MonPrimeape
0x083AF52C	rom	gObjectEventPal_MonPrimeape
0x083AF54C	rom	gObjectEventPalShiny_MonPrimeape
0x083AF56C	rom	gObjectEventPic_MonPsyduck
0x083B016C	rom	gObjectEventPal_MonPsyduck
0x083B018C	rom	gObjectEventPalShiny_MonPsyduck
0x083B01AC	rom	gObjectEventPic_MonPupitar
0x083B0DAC	rom	gObjectEventPal_MonPupitar
0x083B0DCC	rom	gObjectEventPalShiny_MonPupitar
0x083B0DEC	rom	gObjectEventPic_MonQuagsire
0x083B19EC	rom	gObjectEventPal_MonQuagsire
0x083B1A0C	rom	gObjectEventPalShiny_MonQuagsire
0x083B1A2C	rom	gObjectEventPic_MonQuilava
0x083B262C	rom	gObjectEventPal_MonQuilava
0x083B264C	rom	gObjectEventPalShiny_MonQuilava
0x083B266C	rom	gObjectEventPic_MonQwilfish
0x083B326C	rom	gObjectEventPal_MonQwilfish
0x083B328C	rom	gObjectEventPalShiny_MonQwilfish
0x083B32AC	rom	gObjectEventPic_MonRaichu
0x083B3EAC	rom	gObjectEventPal_MonRaichu
0x083B3ECC	rom	gObjectEventPalShiny_MonRaichu
0x083B3EEC	rom	gObjectEventPic_MonRaichuAlolan
0x083B4AEC	rom	gObjectEventPal_MonRaichuAlolan
0x083B4B0C	rom	gObjectEventPalShiny_MonRaichuAlolan
0x083B4B2C	rom	gObjectEventPic_MonRaikou
0x083B572C	rom	gObjectEventPal_MonRaikou
0x083B574C	rom	gObjectEventPalShiny_MonRaikou
0x083B576C	rom	gObjectEventPic_MonRalts
0x083B636C	rom	gObjectEventPal_MonRalts
0x083B638C	rom	gObjectEventPalShiny_MonRalts
0x083B63AC	rom	gObjectEventPic_MonRapidash
0x083B6FAC	rom	gObjectEventPal_MonRapidash
0x083B6FCC	rom	gObjectEventPalShiny_MonRapidash
0x083B6FEC	rom	gObjectEventPic_MonRaticate
0x083B7BEC	rom	gObjectEventPal_MonRaticate
0x083B7C0C	rom	gObjectEventPalShiny_MonRaticate
0x083B7C2C	rom	gObjectEventPic_MonRattata
0x083B882C	rom	gObjectEventPal_MonRattata
0x083B884C	rom	gObjectEventPalShiny_MonRattata
0x083B886C	rom	gObjectEventPic_MonRayquaza
0x083BB86C	rom	gObjectEventPal_MonRayquaza
0x083BB88C	rom	gObjectEventPalShiny_MonRayquaza
0x083BB8AC	rom	gObjectEventPic_MonRegice
0x083BC4AC	rom	gObjectEventPal_MonRegice
0x083BC4CC	rom	gObjectEventPalShiny_MonRegice
0x083BC4EC	rom	gObjectEventPic_MonRegirock
0x083BD0EC	rom	gObjectEventPal_MonRegirock
0x083BD10C	rom	gObjectEventPalShiny_MonRegirock
0x083BD12C	rom	gObjectEventPic_MonRegisteel
0x083BDD2C	rom	gObjectEventPal_MonRegisteel
0x083BDD4C	rom	gObjectEventPalShiny_MonRegisteel
0x083BDD6C	rom	gObjectEventPic_MonRelicanth
0x083BE96C	rom	gObjectEventPal_MonRelicanth
0x083BE98C	rom	gObjectEventPalShiny_MonRelicanth
0x083BE9AC	rom	gObjectEventPic_MonRemoraid
0x083BF5AC	rom	gObjectEventPal_MonRemoraid
0x083BF5CC	rom	gObjectEventPalShiny_MonRemoraid
0x083BF5EC	rom	gObjectEventPic_MonRhydon
0x083C01EC	rom	gObjectEventPal_MonRhydon
0x083C020C	rom	gObjectEventPalShiny_MonRhydon
0x083C022C	rom	gObjectEventPic_MonRhyhorn
0x083C0E2C	rom	gObjectEventPal_MonRhyhorn
0x083C0E4C	rom	gObjectEventPalShiny_MonRhyhorn
0x083C0E6C	rom	gObjectEventPic_MonRiolu
0x083C1A6C	rom	gObjectEventPal_MonRiolu
0x083C1A8C	rom	gObjectEventPalShiny_MonRiolu
0x083C1AAC	rom	gObjectEventPic_MonRoselia
0x083C2AAC	rom	gObjectEventPal_MonRoselia
0x083C2ACC	rom	gObjectEventPalShiny_MonRoselia
0x083C2AEC	rom	gObjectEventPic_MonSableye
0x083C36EC	rom	gObjectEventPal_MonSableye
0x083C370C	rom	gObjectEventPalShiny_MonSableye
0x083C372C	rom	gObjectEventPic_MonSalamence
0x083C432C	rom	gObjectEventPal_MonSalamence
0x083C434C	rom	gObjectEventPalShiny_MonSalamence
0x083C436C	rom	gObjectEventPic_MonSandshrew
0x083C4F6C	rom	gObjectEventPal_MonSandshrew
0x083C4F8C	rom	gObjectEventPalShiny_MonSandshrew
0x083C4FAC	rom	gObjectEventPic_MonSandslash
0x083C5BAC	rom	gObjectEventPal_MonSandslash
0x083C5BCC	rom	gObjectEventPalShiny_MonSandslash
0x083C5BEC	rom	gObjectEventPic_MonSceptile
0x083C67EC	rom	gObjectEventPal_MonSceptile
0x083C680C	rom	gObjectEventPalShiny_MonSceptile
0x083C682C	rom	gObjectEventPic_MonScizor
0x083C742C	rom	gObjectEventPal_MonScizor
0x083C744C	rom	gObjectEventPalShiny_MonScizor
0x083C746C	rom	gObjectEventPic_MonScyther
0x083C806C	rom	gObjectEventPal_MonScyther
0x083C808C	rom	gObjectEventPalShiny_MonScyther
0x083C80AC	rom	gObjectEventPic_MonSeadra
0x083C8CAC	rom	gObjectEventPal_MonSeadra
0x083C8CCC	rom	gObjectEventPalShiny_MonSeadra
0x083C8CEC	rom	gObjectEventPic_MonSeaking
0x083C98EC	rom	gObjectEventPal_MonSeaking
0x083C990C	rom	gObjectEventPalShiny_MonSeaking
0x083C992C	rom	gObjectEventPic_MonSealeo
0x083CA52C	rom	gObjectEventPal_MonSealeo
0x083CA54C	rom	gObjectEventPalShiny_MonSealeo
0x083CA56C	rom	gObjectEventPic_MonSeedot
0x083CB16C	rom	gObjectEventPal_MonSeedot
0x083CB18C	rom	gObjectEventPalShiny_MonSeedot
0x083CB1AC	rom	gObjectEventPic_MonSeel
0x083CBDAC	rom	gObjectEventPal_MonSeel
0x083CBDCC	rom	gObjectEventPalShiny_MonSeel
0x083CBDEC	rom	gObjectEventPic_MonSentret
0x083CC9EC	rom	gObjectEventPal_MonSentret
0x083CCA0C	rom	gObjectEventPalShiny_MonSentret
0x083CCA2C	rom	gObjectEventPic_MonSeviper
0x083CDA2C	rom	gObjectEventPal_MonSeviper
0x083CDA4C	rom	gObjectEventPalShiny_MonSeviper
0x083CDA6C	rom	gObjectEventPic_MonSharpedo
0x083CE66C	rom	gObjectEventPal_MonSharpedo
0x083CE68C	rom	gObjectEventPalShiny_MonSharpedo
0x083CE6AC	rom	gObjectEventPic_MonShedinja
0x083CF2AC	rom	gObjectEventPal_MonShedinja
0x083CF2CC	rom	gObjectEventPalShiny_MonShedinja
0x083CF2EC	rom	gObjectEventPic_MonShelgon
0x083CFEEC	rom	gObjectEventPal_MonShelgon
0x083CFF0C	rom	gObjectEventPalShiny_MonShelgon
0x083CFF2C	rom	gObjectEventPic_MonShellder
0x083D0B2C	rom	gObjectEventPal_MonShellder
0x083D0B4C	rom	gObjectEventPalShiny_MonShellder
0x083D0B6C	rom	gObjectEventPic_MonShiftry
0x083D176C	rom	gObjectEventPal_MonShiftry
0x083D178C	rom	gObjectEventPalShiny_MonShiftry
0x083D17AC	rom	gObjectEventPic_MonShroomish
0x083D23AC	rom	gObjectEventPal_MonShroomish
0x083D23CC	rom	gObjectEventPalShiny_MonShroomish
0x083D23EC	rom	gObjectEventPic_MonShuckle
0x083D2FEC	rom	gObjectEventPal_MonShuckle
0x083D300C	rom	gObjectEventPalShiny_MonShuckle
0x083D302C	rom	gObjectEventPic_MonShuppet
0x083D3C2C	rom	gObjectEventPal_MonShuppet
0x083D3C4C	rom	gObjectEventPalShiny_MonShuppet
0x083D3C6C	rom	gObjectEventPic_MonSilcoon
0x083D486C	rom	gObjectEventPal_MonSilcoon
0x083D488C	rom	gObjectEventPalShiny_MonSilcoon
0x083D48AC	rom	gObjectEventPic_MonSkarmory
0x083D54AC	rom	gObjectEventPal_MonSkarmory
0x083D54CC	rom	gObjectEventPalShiny_MonSkarmory
0x083D54EC	rom	gObjectEventPic_MonSkiploom
0x083D60EC	rom	gObjectEventPal_MonSkiploom
0x083D610C	rom	gObjectEventPalShiny_MonSkiploom
0x083D612C	rom	gObjectEventPic_MonSkitty
0x083D6D2C	rom	gObjectEventPal_MonSkitty
0x083D6D4C	rom	gObjectEventPalShiny_MonSkitty
0x083D6D6C	rom	gObjectEventPic_MonSlaking
0x083D796C	rom	gObjectEventPal_MonSlaking
0x083D798C	rom	gObjectEventPalShiny_MonSlaking
0x083D79AC	rom	gObjectEventPic_MonSlakoth
0x083D85AC	rom	gObjectEventPal_MonSlakoth
0x083D85CC	rom	gObjectEventPalShiny_MonSlakoth
0x083D85EC	rom	gObjectEventPic_MonSlowbro
0x083D91EC	rom	gObjectEventPal_MonSlowbro
0x083D920C	rom	gObjectEventPalShiny_MonSlowbro
0x083D922C	rom	gObjectEventPic_MonSlowking
0x083D9E2C	rom	gObjectEventPal_MonSlowking
0x083D9E4C	rom	gObjectEventPalShiny_MonSlowking
0x083D9E6C	rom	gObjectEventPic_MonSlowpoke
0x083DAA6C	rom	gObjectEventPal_MonSlowpoke
0x083DAA8C	rom	gObjectEventPalShiny_MonSlowpoke
0x083DAAAC	rom	gObjectEventPic_MonSlugma
0x083DB6AC	rom	gObjectEventPal_MonSlugma
0x083DB6CC	rom	gObjectEventPalShiny_MonSlugma
0x083DB6EC	rom	gObjectEventPic_MonSmeargle
0x083DC2EC	rom	gObjectEventPal_MonSmeargle
0x083DC30C	rom	gObjectEventPalShiny_MonSmeargle
0x083DC32C	rom	gObjectEventPic_MonSmoochum
0x083DCF2C	rom	gObjectEventPal_MonSmoochum
0x083DCF4C	rom	gObjectEventPalShiny_MonSmoochum
0x083DCF6C	rom	gObjectEventPic_MonSneasel
0x083DDF6C	rom	gObjectEventPal_MonSneasel
0x083DDF8C	rom	gObjectEventPalShiny_MonSneasel
0x083DDFAC	rom	gObjectEventPic_MonSnorlax
0x083DEBAC	rom	gObjectEventPal_MonSnorlax
0x083DEBCC	rom	gObjectEventPalShiny_MonSnorlax
0x083DEBEC	rom	gObjectEventPic_MonSnorunt
0x083DF7EC	rom	gObjectEventPal_MonSnorunt
0x083DF80C	rom	gObjectEventPalShiny_MonSnorunt
0x083DF82C	rom	gObjectEventPic_MonSnubbull
0x083E042C	rom	gObjectEventPal_MonSnubbull
0x083E044C	rom	gObjectEventPalShiny_MonSnubbull
0x083E046C	rom	gObjectEventPic_MonSolrock
0x083E106C	rom	gObjectEventPal_MonSolrock
0x083E108C	rom	gObjectEventPalShiny_MonSolrock
0x083E10AC	rom	gObjectEventPic_MonSpearow
0x083E1CAC	rom	gObjectEventPal_MonSpearow
0x083E1CCC	rom	gObjectEventPalShiny_MonSpearow
0x083E1CEC	rom	gObjectEventPic_MonSpheal
0x083E28EC	rom	gObjectEventPal_MonSpheal
0x083E290C	rom	gObjectEventPalShiny_MonSpheal
0x083E292C	rom	gObjectEventPic_MonSpinarak
0x083E352C	rom	gObjectEventPal_MonSpinarak
0x083E354C	rom	gObjectEventPalShiny_MonSpinarak
0x083E356C	rom	gObjectEventPic_MonSpinda
0x083E416C	rom	gObjectEventPal_MonSpinda
0x083E418C	rom	gObjectEventPalShiny_MonSpinda
0x083E41AC	rom	gObjectEventPic_MonSpoink
0x083E4DAC	rom	gObjectEventPal_MonSpoink
0x083E4DCC	rom	gObjectEventPalShiny_MonSpoink
0x083E4DEC	rom	gObjectEventPic_MonSquirtle
0x083E59EC	rom	gObjectEventPal_MonSquirtle
0x083E5A0C	rom	gObjectEventPalShiny_MonSquirtle
0x083E5A2C	rom	gObjectEventPic_MonStantler
0x083E662C	rom	gObjectEventPal_MonStantler
0x083E664C	rom	gObjectEventPalShiny_MonStantler
0x083E666C	rom	gObjectEventPic_MonStarmie
0x083E726C	rom	gObjectEventPal_MonStarmie
0x083E728C	rom	gObjectEventPalShiny_MonStarmie
0x083E72AC	rom	gObjectEventPic_MonStaryu
0x083E82AC	rom	gObjectEventPal_MonStaryu
0x083E82CC	rom	gObjectEventPalShiny_MonStaryu
0x083E82EC	rom	gObjectEventPic_MonSteelix
0x083EB2EC	rom	gObjectEventPal_MonSteelix
0x083EB30C	rom	gObjectEventPalShiny_MonSteelix
0x083EB32C	rom	gObjectEventPic_MonSudowoodo
0x083EBF2C	rom	gObjectEventPal_MonSudowoodo
0x083EBF4C	rom	gObjectEventPalShiny_MonSudowoodo
0x083EBF6C	rom	gObjectEventPic_MonSuicune
0x083ECB6C	rom	gObjectEventPal_MonSuicune
0x083ECB8C	rom	gObjectEventPalShiny_MonSuicune
0x083ECBAC	rom	gObjectEventPic_MonSunflora
0x083ED7AC	rom	gObjectEventPal_MonSunflora
0x083ED7CC	rom	gObjectEventPalShiny_MonSunflora
0x083ED7EC	rom	gObjectEventPic_MonSunkern
0x083EE3EC	rom	gObjectEventPal_MonSunkern
0x083EE40C	rom	gObjectEventPalShiny_MonSunkern
0x083EE42C	rom	gObjectEventPic_MonSurskit
0x083EF02C	rom	gObjectEventPal_MonSurskit
0x083EF04C	rom	gObjectEventPalShiny_MonSurskit
0x083EF06C	rom	gObjectEventPic_MonSwablu
0x083EFC6C	rom	gObjectEventPal_MonSwablu
0x083EFC8C	rom	gObjectEventPalShiny_MonSwablu
0x083EFCAC	rom	gObjectEventPic_MonSwalot
0x083F08AC	rom	gObjectEventPal_MonSwalot
0x083F08CC	rom	gObjectEventPalShiny_MonSwalot
0x083F08EC	rom	gObjectEventPic_MonSwampert
0x083F14EC	rom	gObjectEventPal_MonSwampert
0x083F150C	rom	gObjectEventPalShiny_MonSwampert
0x083F152C	rom	gObjectEventPic_MonSwellow
0x083F212C	rom	gObjectEventPal_MonSwellow
0x083F214C	rom	gObjectEventPalShiny_MonSwellow
0x083F216C	rom	gObjectEventPic_MonSwinub
0x083F2D6C	rom	gObjectEventPal_MonSwinub
0x083F2D8C	rom	gObjectEventPalShiny_MonSwinub
0x083F2DAC	rom	gObjectEventPic_MonTaillow
0x083F39AC	rom	gObjectEventPal_MonTaillow
0x083F39CC	rom	gObjectEventPalShiny_MonTaillow
0x083F39EC	rom	gObjectEventPic_MonTangela
0x083F45EC	rom	gObjectEventPal_MonTangela
0x083F460C	rom	gObjectEventPalShiny_MonTangela
0x083F462C	rom	gObjectEventPic_MonTauros
0x083F522C	rom	gObjectEventPal_MonTauros
0x083F524C	rom	gObjectEventPalShiny_MonTauros
0x083F526C	rom	gObjectEventPic_MonTeddiursa
0x083F626C	rom	gObjectEventPal_MonTeddiursa
0x083F628C	rom	gObjectEventPalShiny_MonTeddiursa
0x083F62AC	rom	gObjectEventPic_MonTentacool
0x083F6EAC	rom	gObjectEventPal_MonTentacool
0x083F6ECC	rom	gObjectEventPalShiny_MonTentacool
0x083F6EEC	rom	gObjectEventPic_MonTentacruel
0x083F7AEC	rom	gObjectEventPal_MonTentacruel
0x083F7B0C	rom	gObjectEventPalShiny_MonTentacruel
0x083F7B2C	rom	gObjectEventPic_MonTogepi
0x083F872C	rom	gObjectEventPal_MonTogepi
0x083F874C	rom	gObjectEventPalShiny_MonTogepi
0x083F876C	rom	gObjectEventPic_MonTogetic
0x083F936C	rom	gObjectEventPal_MonTogetic
0x083F938C	rom	gObjectEventPalShiny_MonTogetic
0x083F93AC	rom	gObjectEventPic_MonTorchic
0x083F9FAC	rom	gObjectEventPal_MonTorchic
0x083F9FCC	rom	gObjectEventPalShiny_MonTorchic
0x083F9FEC	rom	gObjectEventPic_MonTorkoal
0x083FABEC	rom	gObjectEventPal_MonTorkoal
0x083FAC0C	rom	gObjectEventPalShiny_MonTorkoal
0x083FAC2C	rom	gObjectEventPic_MonTotodile
0x083FB82C	rom	gObjectEventPal_MonTotodile
0x083FB84C	rom	gObjectEventPalShiny_MonTotodile
0x083FB86C	rom	gObjectEventPic_MonTrapinch
0x083FC46C	rom	gObjectEventPal_MonTrapinch
0x083FC48C	rom	gObjectEventPalShiny_MonTrapinch
0x083FC4AC	rom	gObjectEventPic_MonTreecko
0x083FD0AC	rom	gObjectEventPal_MonTreecko
0x083FD0CC	rom	gObjectEventPalShiny_MonTreecko
0x083FD0EC	rom	gObjectEventPic_MonTropius
0x083FDCEC	rom	gObjectEventPal_MonTropius
0x083FDD0C	rom	gObjectEventPalShiny_MonTropius
0x083FDD2C	rom	gObjectEventPic_MonTyphlosion
0x083FE92C	rom	gObjectEventPal_MonTyphlosion
0x083FE94C	rom	gObjectEventPalShiny_MonTyphlosion
0x083FE96C	rom	gObjectEventPic_MonTyranitar
0x083FF56C	rom	gObjectEventPal_MonTyranitar
0x083FF58C	rom	gObjectEventPalShiny_MonTyranitar
0x083FF5AC	rom	gObjectEventPic_MonTyrogue
0x084001AC	rom	gObjectEventPal_MonTyrogue
0x084001CC	rom	gObjectEventPalShiny_MonTyrogue
0x084001EC	rom	gObjectEventPic_MonUmbreon
0x08400DEC	rom	gObjectEventPal_MonUmbreon
0x08400E0C	rom	gObjectEventPalShiny_MonUmbreon
0x08400E2C	rom	gObjectEventPic_MonUnown
0x08401A2C	rom	gObjectEventPal_MonUnown
0x08401A4C	rom	gObjectEventPalShiny_MonUnown
0x08401A6C	rom	gObjectEventPic_MonUrsaring
0x0840266C	rom	gObjectEventPal_MonUrsaring
0x0840268C	rom	gObjectEventPalShiny_MonUrsaring
0x084026AC	rom	gObjectEventPic_MonVaporeon
0x084032AC	rom	gObjectEventPal_MonVaporeon
0x084032CC	rom	gObjectEventPalShiny_MonVaporeon
0x084032EC	rom	gObjectEventPic_MonVenomoth
0x08403EEC	rom	gObjectEventPal_MonVenomoth
0x08403F0C	rom	gObjectEventPalShiny_MonVenomoth
0x08403F2C	rom	gObjectEventPic_MonVenonat
0x08404B2C	rom	gObjectEventPal_MonVenonat
0x08404B4C	rom	gObjectEventPalShiny_MonVenonat
0x08404B6C	rom	gObjectEventPic_MonVenusaur
0x0840576C	rom	gObjectEventPal_MonVenusaur
0x0840578C	rom	gObjectEventPalShiny_MonVenusaur
0x084057AC	rom	gObjectEventPic_MonVibrava
0x084063AC	rom	gObjectEventPal_MonVibrava
0x084063CC	rom	gObjectEventPalShiny_MonVibrava
0x084063EC	rom	gObjectEventPic_MonVictreebel
0x08406FEC	rom	gObjectEventPal_MonVictreebel
0x0840700C	rom	gObjectEventPalShiny_MonVictreebel
0x0840702C	rom	gObjectEventPic_MonVigoroth
0x08407C2C	rom	gObjectEventPal_MonVigoroth
0x08407C4C	rom	gObjectEventPalShiny_MonVigoroth
0x08407C6C	rom	gObjectEventPic_MonVileplume
0x0840886C	rom	gObjectEventPal_MonVileplume
0x0840888C	rom	gObjectEventPalShiny_MonVileplume
0x084088AC	rom	gObjectEventPic_MonVolbeat
0x084094AC	rom	gObjectEventPal_MonVolbeat
0x084094CC	rom	gObjectEventPalShiny_MonVolbeat
0x084094EC	rom	gObjectEventPic_MonVoltorb
0x0840A0EC	rom	gObjectEventPal_MonVoltorb
0x0840A10C	rom	gObjectEventPalShiny_MonVoltorb
0x0840A12C	rom	gObjectEventPic_MonVulpix
0x0840AD2C	rom	gObjectEventPal_MonVulpix
0x0840AD4C	rom	gObjectEventPalShiny_MonVulpix
0x0840AD6C	rom	gObjectEventPic_MonWailmer
0x0840B96C	rom	gObjectEventPal_MonWailmer
0x0840B98C	rom	gObjectEventPalShiny_MonWailmer
0x0840B9AC	rom	gObjectEventPic_MonWailord
0x0840E9AC	rom	gObjectEventPal_MonWailord
0x0840E9CC	rom	gObjectEventPalShiny_MonWailord
0x0840E9EC	rom	gObjectEventPic_MonWalrein
0x0840F5EC	rom	gObjectEventPal_MonWalrein
0x0840F60C	rom	gObjectEventPalShiny_MonWalrein
0x0840F62C	rom	gObjectEventPic_MonWartortle
0x0841022C	rom	gObjectEventPal_MonWartortle
0x0841024C	rom	gObjectEventPalShiny_MonWartortle
0x0841026C	rom	gObjectEventPic_MonWeedle
0x08410E6C	rom	gObjectEventPal_MonWeedle
0x08410E8C	rom	gObjectEventPalShiny_MonWeedle
0x08410EAC	rom	gObjectEventPic_MonWeepinbell
0x08411AAC	rom	gObjectEventPal_MonWeepinbell
0x08411ACC	rom	gObjectEventPalShiny_MonWeepinbell
0x08411AEC	rom	gObjectEventPic_MonWeezing
0x08412AEC	rom	gObjectEventPal_MonWeezing
0x08412B0C	rom	gObjectEventPalShiny_MonWeezing
0x08412B2C	rom	gObjectEventPic_MonWhiscash
0x0841372C	rom	gObjectEventPal_MonWhiscash
0x0841374C	rom	gObjectEventPalShiny_MonWhiscash
0x0841376C	rom	gObjectEventPic_MonWhismur
0x0841436C	rom	gObjectEventPal_MonWhismur
0x0841438C	rom	gObjectEventPalShiny_MonWhismur
0x084143AC	rom	gObjectEventPic_MonWigglytuff
0x08414FAC	rom	gObjectEventPal_MonWigglytuff
0x08414FCC	rom	gObjectEventPalShiny_MonWigglytuff
0x08414FEC	rom	gObjectEventPic_MonWingull
0x08415BEC	rom	gObjectEventPal_MonWingull
0x08415C0C	rom	gObjectEventPalShiny_MonWingull
0x08415C2C	rom	gObjectEventPic_MonWobbuffet
0x0841682C	rom	gObjectEventPal_MonWobbuffet
0x0841684C	rom	gObjectEventPalShiny_MonWobbuffet
0x0841686C	rom	gObjectEventPic_MonWooper
0x0841746C	rom	gObjectEventPal_MonWooper
0x0841748C	rom	gObjectEventPalShiny_MonWooper
0x084174AC	rom	gObjectEventPic_MonWurmple
0x084180AC	rom	gObjectEventPal_MonWurmple
0x084180CC	rom	gObjectEventPalShiny_MonWurmple
0x084180EC	rom	gObjectEventPic_MonWynaut
0x08418CEC	rom	gObjectEventPal_MonWynaut
0x08418D0C	rom	gObjectEventPalShiny_MonWynaut
0x08418D2C	rom	gObjectEventPic_MonXatu
0x0841992C	rom	gObjectEventPal_MonXatu
0x0841994C	rom	gObjectEventPalShiny_MonXatu
0x0841996C	rom	gObjectEventPic_MonYanma
0x0841A56C	rom	gObjectEventPal_MonYanma
0x0841A58C	rom	gObjectEventPalShiny_MonYanma
0x0841A5AC	rom	gObjectEventPic_MonZangoose
0x0841B5AC	rom	gObjectEventPal_MonZangoose
0x0841B5CC	rom	gObjectEventPalShiny_MonZangoose
0x0841B5EC	rom	gObjectEventPic_MonZapdos
0x0841C1EC	rom	gObjectEventPal_MonZapdos
0x0841C20C	rom	gObjectEventPalShiny_MonZapdos
0x0841C22C	rom	gObjectEventPic_MonZigzagoon
0x0841CE2C	rom	gObjectEventPal_MonZigzagoon
0x0841CE4C	rom	gObjectEventPalShiny_MonZigzagoon
0x0841CE6C	rom	gObjectEventPic_MonZubat
0x0841DA6C	rom	gObjectEventPal_MonZubat
0x0841DA8C	rom	gObjectEventPalShiny_MonZubat
0x0841DAAC	rom	sAnim_Mon_FaceSouth
0x0841DAB4	rom	sAnim_Mon_FaceNorth
0x0841DABC	rom	sAnim_Mon_FaceWest
0x0841DAC4	rom	sAnim_Mon_FaceEast
0x0841DACC	rom	sAnim_Mon_GoSouth
0x0841DAD8	rom	sAnim_Mon_GoNorth
0x0841DAE4	rom	sAnim_Mon_GoWest
0x0841DAF0	rom	sAnim_Mon_GoEast
0x0841DAFC	rom	sAnim_Mon_GoFastSouth
0x0841DB08	rom	sAnim_Mon_GoFastNorth
0x0841DB14	rom	sAnim_Mon_GoFastWest
0x0841DB20	rom	sAnim_Mon_GoFastEast
0x0841DB2C	rom	sAnimTable_MonOverworld
0x0841DB80	rom	sPicTable_MonAbra
0x0841DBB0	rom	sPicTable_MonAbsol
0x0841DBF0	rom	sPicTable_MonAerodactyl
0x0841DC20	rom	sPicTable_MonAggron
0x0841DC50	rom	sPicTable_MonAipom
0x0841DC80	rom	sPicTable_MonAlakazam
0x0841DCB0	rom	sPicTable_MonAltaria
0x0841DCE0	rom	sPicTable_MonAmpharos
0x0841DD10	rom	sPicTable_MonAnnihilape
0x0841DD40	rom	sPicTable_MonAnorith
0x0841DD70	rom	sPicTable_MonArbok
0x0841DDA0	rom	sPicTable_MonArcanine
0x0841DDD0	rom	sPicTable_MonAriados
0x0841DE00	rom	sPicTable_MonArmaldo
0x0841DE30	rom	sPicTable_MonAron
0x0841DE60	rom	sPicTable_MonArticuno
0x0841DE90	rom	sPicTable_MonAzumarill
0x0841DEC0	rom	sPicTable_MonAzurill
0x0841DEF0	rom	sPicTable_MonBagon
0x0841DF20	rom	sPicTable_MonBaltoy
0x0841DF50	rom	sPicTable_MonBanette
0x0841DF80	rom	sPicTable_MonBarboach
0x0841DFB0	rom	sPicTable_MonBayleef
0x0841DFE0	rom	sPicTable_MonBeautifly
0x0841E010	rom	sPicTable_MonBeedrill
0x0841E040	rom	sPicTable_MonBeldum
0x0841E070	rom	sPicTable_MonBellossom
0x0841E0A0	rom	sPicTable_MonBellsprout
0x0841E0D0	rom	sPicTable_MonBlastoise
0x0841E100	rom	sPicTable_MonBlaziken
0x0841E130	rom	sPicTable_MonBlissey
0x0841E160	rom	sPicTable_MonBreloom
0x0841E190	rom	sPicTable_MonBulbasaur
0x0841E1C0	rom	sPicTable_MonButterfree
0x0841E1F0	rom	sPicTable_MonCacnea
0x0841E220	rom	sPicTable_MonCacturne
0x0841E250	rom	sPicTable_MonCamerupt
0x0841E280	rom	sPicTable_MonCarvanha
0x0841E2B0	rom	sPicTable_MonCascoon
0x0841E2E0	rom	sPicTable_MonCastform
0x0841E310	rom	sPicTable_MonCaterpie
0x0841E340	rom	sPicTable_MonCelebi
0x0841E370	rom	sPicTable_MonChansey
0x0841E3A0	rom	sPicTable_MonCharizard
0x0841E3D0	rom	sPicTable_MonCharmander
0x0841E400	rom	sPicTable_MonCharmeleon
0x0841E430	rom	sPicTable_MonChikorita
0x0841E460	rom	sPicTable_MonChimecho
0x0841E490	rom	sPicTable_MonChinchou
0x0841E4C0	rom	sPicTable_MonClamperl
0x0841E4F0	rom	sPicTable_MonClaydol
0x0841E520	rom	sPicTable_MonClefable
0x0841E550	rom	sPicTable_MonClefairy
0x0841E580	rom	sPicTable_MonCleffa
0x0841E5B0	rom	sPicTable_MonCloyster
0x0841E5E0	rom	sPicTable_MonCombusken
0x0841E610	rom	sPicTable_MonCorphish
0x0841E640	rom	sPicTable_MonCorsola
0x0841E670	rom	sPicTable_MonCradily
0x0841E6A0	rom	sPicTable_MonCrawdaunt
0x0841E6D0	rom	sPicTable_MonCrobat
0x0841E700	rom	sPicTable_MonCroconaw
0x0841E740	rom	sPicTable_MonCubone
0x0841E780	rom	sPicTable_MonCyndaquil
0x0841E7B0	rom	sPicTable_MonDelcatty
0x0841E7E0	rom	sPicTable_MonDelibird
0x0841E810	rom	sPicTable_MonDeoxys
0x0841E850	rom	sPicTable_MonDewgong
0x0841E880	rom	sPicTable_MonDiglett
0x0841E8B0	rom	sPicTable_MonDitto
0x0841E8E0	rom	sPicTable_MonDodrio
0x0841E910	rom	sPicTable_MonDoduo
0x0841E940	rom	sPicTable_MonDonphan
0x0841E970	rom	sPicTable_MonDragonair
0x0841E9A0	rom	sPicTable_MonDragonite
0x0841E9D0	rom	sPicTable_MonDratini
0x0841EA00	rom	sPicTable_MonDrowzee
0x0841EA30	rom	sPicTable_MonDugtrio
0x0841EA60	rom	sPicTable_MonDunsparce
0x0841EA90	rom	sPicTable_MonDusclops
0x0841EAC0	rom	sPicTable_MonDuskull
0x0841EAF0	rom	sPicTable_MonDustox
0x0841EB20	rom	sPicTable_MonEevee
0x0841EB50	rom	sPicTable_MonEkans
0x0841EB80	rom	sPicTable_MonElectabuzz
0x0841EBB0	rom	sPicTable_MonElectrike
0x0841EBE0	rom	sPicTable_MonElectrode
0x0841EC10	rom	sPicTable_MonElekid
0x0841EC40	rom	sPicTable_MonEntei
0x0841EC70	rom	sPicTable_MonEspeon
0x0841ECA0	rom	sPicTable_MonExeggcute
0x0841ECD0	rom	sPicTable_MonExeggutor
0x0841ED00	rom	sPicTable_MonExploud
0x0841ED30	rom	sPicTable_MonFarfetchd
0x0841ED70	rom	sPicTable_MonFearow
0x0841EDA0	rom	sPicTable_MonFeebas
0x0841EDD0	rom	sPicTable_MonFeraligatr
0x0841EE00	rom	sPicTable_MonFlaaffy
0x0841EE30	rom	sPicTable_MonFlareon
0x0841EE60	rom	sPicTable_MonFlygon
0x0841EE90	rom	sPicTable_MonForretress
0x0841EEC0	rom	sPicTable_MonFurret
0x0841EEF0	rom	sPicTable_MonGardevoir
0x0841EF20	rom	sPicTable_MonGastly
0x0841EF50	rom	sPicTable_MonGengar
0x0841EF80	rom	sPicTable_MonGeodude
0x0841EFB0	rom	sPicTable_MonGirafarig
0x0841EFE0	rom	sPicTable_MonGlaceon
0x0841F010	rom	sPicTable_MonGlalie
0x0841F040	rom	sPicTable_MonGligar
0x0841F070	rom	sPicTable_MonGloom
0x0841F0A0	rom	sPicTable_MonGolbat
0x0841F0D0	rom	sPicTable_MonGoldeen
0x0841F100	rom	sPicTable_MonGolduck
0x0841F130	rom	sPicTable_MonGolem
0x0841F160	rom	sPicTable_MonGorebyss
0x0841F190	rom	sPicTable_MonGranbull
0x0841F1C0	rom	sPicTable_MonGraveler
0x0841F1F0	rom	sPicTable_MonGrimer
0x0841F220	rom	sPicTable_MonGroudon
0x0841F250	rom	sPicTable_MonGrovyle
0x0841F280	rom	sPicTable_MonGrowlithe
0x0841F2B0	rom	sPicTable_MonGrumpig
0x0841F2E0	rom	sPicTable_MonGulpin
0x0841F310	rom	sPicTable_MonGyarados
0x0841F340	rom	sPicTable_MonHariyama
0x0841F370	rom	sPicTable_MonHaunter
0x0841F3A0	rom	sPicTable_MonHeracross
0x0841F3D0	rom	sPicTable_MonHitmonchan
0x0841F400	rom	sPicTable_MonHitmonlee
0x0841F430	rom	sPicTable_MonHitmontop
0x0841F460	rom	sPicTable_MonHoOh
0x0841F490	rom	sPicTable_MonHoothoot
0x0841F4C0	rom	sPicTable_MonHoppip
0x0841F4F0	rom	sPicTable_MonHorsea
0x0841F520	rom	sPicTable_MonHoundoom
0x0841F550	rom	sPicTable_MonHoundour
0x0841F580	rom	sPicTable_MonHuntail
0x0841F5B0	rom	sPicTable_MonHypno
0x0841F5E0	rom	sPicTable_MonIgglybuff
0x0841F610	rom	sPicTable_MonIllumise
0x0841F640	rom	sPicTable_MonIvysaur
0x0841F670	rom	sPicTable_MonJigglypuff
0x0841F6A0	rom	sPicTable_MonJirachi
0x0841F6D0	rom	sPicTable_MonJolteon
0x0841F700	rom	sPicTable_MonJumpluff
0x0841F730	rom	sPicTable_MonJynx
0x0841F760	rom	sPicTable_MonKabuto
0x0841F790	rom	sPicTable_MonKabutops
0x0841F7C0	rom	sPicTable_MonKadabra
0x0841F800	rom	sPicTable_MonKakuna
0x0841F830	rom	sPicTable_MonKangaskhan
0x0841F860	rom	sPicTable_MonKecleon
0x0841F890	rom	sPicTable_MonKingdra
0x0841F8C0	rom	sPicTable_MonKingler
0x0841F900	rom	sPicTable_MonKirlia
0x0841F930	rom	sPicTable_MonKleavor
0x0841F960	rom	sPicTable_MonKoffing
0x0841F990	rom	sPicTable_MonKrabby
0x0841F9D0	rom	sPicTable_MonKyogre
0x0841FA00	rom	sPicTable_MonLairon
0x0841FA30	rom	sPicTable_MonLanturn
0x0841FA60	rom	sPicTable_MonLapras
0x0841FA90	rom	sPicTable_MonLarvitar
0x0841FAC0	rom	sPicTable_MonLatias
0x0841FAF0	rom	sPicTable_MonLatios
0x0841FB20	rom	sPicTable_MonLeafeon
0x0841FB50	rom	sPicTable_MonLedian
0x0841FB80	rom	sPicTable_MonLedyba
0x0841FBB0	rom	sPicTable_MonLickitung
0x0841FBE0	rom	sPicTable_MonLileep
0x0841FC10	rom	sPicTable_MonLinoone
0x0841FC40	rom	sPicTable_MonLombre
0x0841FC70	rom	sPicTable_MonLotad
0x0841FCA0	rom	sPicTable_MonLoudred
0x0841FCD0	rom	sPicTable_MonLucario
0x0841FD00	rom	sPicTable_MonLudicolo
0x0841FD30	rom	sPicTable_MonLugia
0x0841FD60	rom	sPicTable_MonLunatone
0x0841FD90	rom	sPicTable_MonLuvdisc
0x0841FDC0	rom	sPicTable_MonMachamp
0x0841FDF0	rom	sPicTable_MonMachoke
0x0841FE20	rom	sPicTable_MonMachop
0x0841FE50	rom	sPicTable_MonMagby
0x0841FE80	rom	sPicTable_MonMagcargo
0x0841FEC0	rom	sPicTable_MonMagikarp
0x0841FEF0	rom	sPicTable_MonMagmar
0x0841FF20	rom	sPicTable_MonMagnemite
0x0841FF50	rom	sPicTable_MonMagneton
0x0841FF80	rom	sPicTable_MonMakuhita
0x0841FFB0	rom	sPicTable_MonManectric
0x0841FFE0	rom	sPicTable_MonMankey
0x08420010	rom	sPicTable_MonMantine
0x08420040	rom	sPicTable_MonMareep
0x08420070	rom	sPicTable_MonMarill
0x084200A0	rom	sPicTable_MonMarowak
0x084200E0	rom	sPicTable_MonMarshtomp
0x08420110	rom	sPicTable_MonMasquerain
0x08420140	rom	sPicTable_MonMawile
0x08420170	rom	sPicTable_MonMedicham
0x084201A0	rom	sPicTable_MonMeditite
0x084201D0	rom	sPicTable_MonMeganium
0x08420200	rom	sPicTable_MonMeowth
0x08420230	rom	sPicTable_MonMetagross
0x08420260	rom	sPicTable_MonMetang
0x08420290	rom	sPicTable_MonMetapod
0x084202C0	rom	sPicTable_MonMew
0x084202F0	rom	sPicTable_MonMewtwo
0x08420320	rom	sPicTable_MonMightyena
0x08420350	rom	sPicTable_MonMilotic
0x08420380	rom	sPicTable_MonMiltank
0x084203B0	rom	sPicTable_MonMimikyu
0x084203E0	rom	sPicTable_MonMinun
0x08420410	rom	sPicTable_MonMisdreavus
0x08420440	rom	sPicTable_MonMoltres
0x08420470	rom	sPicTable_MonMrMime
0x084204A0	rom	sPicTable_MonMudkip
0x084204D0	rom	sPicTable_MonMuk
0x08420500	rom	sPicTable_MonMurkrow
0x08420530	rom	sPicTable_MonNatu
0x08420560	rom	sPicTable_MonNidoking
0x08420590	rom	sPicTable_MonNidoqueen
0x084205C0	rom	sPicTable_MonNidoranF
0x084205F0	rom	sPicTable_MonNidoranM
0x08420620	rom	sPicTable_MonNidorina
0x08420650	rom	sPicTable_MonNidorino
0x08420680	rom	sPicTable_MonNincada
0x084206B0	rom	sPicTable_MonNinetales
0x084206E0	rom	sPicTable_MonNinjask
0x08420710	rom	sPicTable_MonNoctowl
0x08420740	rom	sPicTable_MonNosepass
0x08420770	rom	sPicTable_MonNumel
0x084207A0	rom	sPicTable_MonNuzleaf
0x084207D0	rom	sPicTable_MonOctillery
0x08420800	rom	sPicTable_MonOddish
0x08420830	rom	sPicTable_MonOmanyte
0x08420860	rom	sPicTable_MonOmastar
0x08420890	rom	sPicTable_MonOnix
0x084208C0	rom	sPicTable_MonParas
0x084208F0	rom	sPicTable_MonParasect
0x08420920	rom	sPicTable_MonPelipper
0x08420950	rom	sPicTable_MonPersian
0x08420980	rom	sPicTable_MonPhanpy
0x084209B0	rom	sPicTable_MonPichu
0x084209E0	rom	sPicTable_MonPidgeot
0x08420A10	rom	sPicTable_MonPidgeotto
0x08420A40	rom	sPicTable_MonPidgey
0x08420A70	rom	sPicTable_MonPikachu
0x08420AA0	rom	sPicTable_MonPiloswine
0x08420AD0	rom	sPicTable_MonPineco
0x08420B00	rom	sPicTable_MonPinsir
0x08420B30	rom	sPicTable_MonPlusle
0x08420B60	rom	sPicTable_MonPolitoed
0x08420B90	rom	sPicTable_MonPoliwag
0x08420BC0	rom	sPicTable_MonPoliwhirl
0x08420BF0	rom	sPicTable_MonPoliwrath
0x08420C20	rom	sPicTable_MonPonyta
0x08420C50	rom	sPicTable_MonPoochyena
0x08420C80	rom	sPicTable_MonPorygon
0x08420CB0	rom	sPicTable_MonPorygon2
0x08420CE0	rom	sPicTable_MonPrimeape
0x08420D10	rom	sPicTable_MonPsyduck
0x08420D40	rom	sPicTable_MonPupitar
0x08420D70	rom	sPicTable_MonQuagsire
0x08420DA0	rom	sPicTable_MonQuilava
0x08420DD0	rom	sPicTable_MonQwilfish
0x08420E00	rom	sPicTable_MonRaichu
0x08420E30	rom	sPicTable_MonRaichuAlolan
0x08420E60	rom	sPicTable_MonRaikou
0x08420E90	rom	sPicTable_MonRalts
0x08420EC0	rom	sPicTable_MonRapidash
0x08420EF0	rom	sPicTable_MonRaticate
0x08420F20	rom	sPicTable_MonRattata
0x08420F50	rom	sPicTable_MonRayquaza
0x08420F80	rom	sPicTable_MonRegice
0x08420FB0	rom	sPicTable_MonRegirock
0x08420FE0	rom	sPicTable_MonRegisteel
0x08421010	rom	sPicTable_MonRelicanth
0x08421040	rom	sPicTable_MonRemoraid
0x08421070	rom	sPicTable_MonRhydon
0x084210A0	rom	sPicTable_MonRhyhorn
0x084210D0	rom	sPicTable_MonRiolu
0x08421100	rom	sPicTable_MonRoselia
0x08421140	rom	sPicTable_MonSableye
0x08421170	rom	sPicTable_MonSalamence
0x084211A0	rom	sPicTable_MonSandshrew
0x084211D0	rom	sPicTable_MonSandslash
0x08421200	rom	sPicTable_MonSceptile
0x08421230	rom	sPicTable_MonScizor
0x08421260	rom	sPicTable_MonScyther
0x08421290	rom	sPicTable_MonSeadra
0x084212C0	rom	sPicTable_MonSeaking
0x084212F0	rom	sPicTable_MonSealeo
0x08421320	rom	sPicTable_MonSeedot
0x08421350	rom	sPicTable_MonSeel
0x08421380	rom	sPicTable_MonSentret
0x084213B0	rom	sPicTable_MonSeviper
0x084213F0	rom	sPicTable_MonSharpedo
0x08421420	rom	sPicTable_MonShedinja
0x08421450	rom	sPicTable_MonShelgon
0x08421480	rom	sPicTable_MonShellder
0x084214B0	rom	sPicTable_MonShiftry
0x084214E0	rom	sPicTable_MonShroomish
0x08421510	rom	sPicTable_MonShuckle
0x08421540	rom	sPicTable_MonShuppet
0x08421570	rom	sPicTable_MonSilcoon
0x084215A0	rom	sPicTable_MonSkarmory
0x084215D0	rom	sPicTable_MonSkiploom
0x08421600	rom	sPicTable_MonSkitty
0x08421630	rom	sPicTable_MonSlaking
0x08421660	rom	sPicTable_MonSlakoth
0x08421690	rom	sPicTable_MonSlowbro
0x084216C0	rom	sPicTable_MonSlowking
0x084216F0	rom	sPicTable_MonSlowpoke
0x08421720	rom	sPicTable_MonSlugma
0x08421750	rom	sPicTable_MonSmeargle
0x08421780	rom	sPicTable_MonSmoochum
0x084217B0	rom	sPicTable_MonSneasel
0x084217F0	rom	sPicTable_MonSnorlax
0x08421820	rom	sPicTable_MonSnorunt
0x08421850	rom	sPicTable_MonSnubbull
0x08421880	rom	sPicTable_MonSolrock
0x084218B0	rom	sPicTable_MonSpearow
0x084218E0	rom	sPicTable_MonSpheal
0x08421910	rom	sPicTable_MonSpinarak
0x08421940	rom	sPicTable_MonSpinda
0x08421970	rom	sPicTable_MonSpoink
0x084219A0	rom	sPicTable_MonSquirtle
0x084219D0	rom	sPicTable_MonStantler
0x08421A00	rom	sPicTable_MonStarmie
0x08421A30	rom	sPicTable_MonStaryu
0x08421A70	rom	sPicTable_MonSteelix
0x08421AA0	rom	sPicTable_MonSudowoodo
0x08421AD0	rom	sPicTable_MonSuicune
0x08421B00	rom	sPicTable_MonSunflora
0x08421B30	rom	sPicTable_MonSunkern
0x08421B60	rom	sPicTable_MonSurskit
0x08421B90	rom	sPicTable_MonSwablu
0x08421BC0	rom	sPicTable_MonSwalot
0x08421BF0	rom	sPicTable_MonSwampert
0x08421C20	rom	sPicTable_MonSwellow
0x08421C50	rom	sPicTable_MonSwinub
0x08421C80	rom	sPicTable_MonTaillow
0x08421CB0	rom	sPicTable_MonTangela
0x08421CE0	rom	sPicTable_MonTauros
0x08421D10	rom	sPicTable_MonTeddiursa
0x08421D50	rom	sPicTable_MonTentacool
0x08421D80	rom	sPicTable_MonTentacruel
0x08421DB0	rom	sPicTable_MonTogepi
0x08421DE0	rom	sPicTable_MonTogetic
0x08421E10	rom	sPicTable_MonTorchic
0x08421E40	rom	sPicTable_MonTorkoal
0x08421E70	rom	sPicTable_MonTotodile
0x08421EA0	rom	sPicTable_MonTrapinch
0x08421ED0	rom	sPicTable_MonTreecko
0x08421F00	rom	sPicTable_MonTropius
0x08421F30	rom	sPicTable_MonTyphlosion
0x08421F60	rom	sPicTable_MonTyranitar
0x08421F90	rom	sPicTable_MonTyrogue
0x08421FC0	rom	sPicTable_MonUmbreon
0x08421FF0	rom	sPicTable_MonUnown
0x08422020	rom	sPicTable_MonUrsaring
0x08422050	rom	sPicTable_MonVaporeon
0x08422080	rom	sPicTable_MonVenomoth
0x084220B0	rom	sPicTable_MonVenonat
0x084220E0	rom	sPicTable_MonVenusaur
0x08422110	rom	sPicTable_MonVibrava
0x08422140	rom	sPicTable_MonVictreebel
0x08422170	rom	sPicTable_MonVigoroth
0x084221A0	rom	sPicTable_MonVileplume
0x084221D0	rom	sPicTable_MonVolbeat
0x08422200	rom	sPicTable_MonVoltorb
0x08422230	rom	sPicTable_MonVulpix
0x08422260	rom	sPicTable_MonWailmer
0x08422290	rom	sPicTable_MonWailord
0x084222C0	rom	sPicTable_MonWalrein
0x084222F0	rom	sPicTable_MonWartortle
0x08422320	rom	sPicTable_MonWeedle
0x08422350	rom	sPicTable_MonWeepinbell
0x08422380	rom	sPicTable_MonWeezing
0x084223C0	rom	sPicTable_MonWhiscash
0x084223F0	rom	sPicTable_MonWhismur
0x08422420	rom	sPicTable_MonWigglytuff
0x08422450	rom	sPicTable_MonWingull
0x08422480	rom	sPicTable_MonWobbuffet
0x084224B0	rom	sPicTable_MonWooper
0x084224E0	rom	sPicTable_MonWurmple
0x08422510	rom	sPicTable_MonWynaut
0x08422540	rom	sPicTable_MonXatu
0x08422570	rom	sPicTable_MonYanma
0x084225A0	rom	sPicTable_MonZangoose
0x084225E0	rom	sPicTable_MonZapdos
0x08422610	rom	sPicTable_MonZigzagoon
0x08422640	rom	sPicTable_MonZubat
0x08422670	rom	gMonObjectEventGraphicsInfo
0x08426060	rom	sObjectEventPic_UnidentifiedGhost
0x08426C60	rom	sPicTable_UnidentifiedGhost
0x08426C90	rom	sObjectEventGraphicsInfo_UnidentifiedGhost
0x08426CB4	rom	gOwMonPalettes
0x08427994	rom	sObjectEventSpritePalettes
0x08427A74	rom	sPlayerReflectionPaletteTags
0x08427A7C	rom	sUnusedPlayerReflectionPaletteTags
0x08427A84	rom	sPlayerUnderwaterReflectionPaletteTags
0x08427A8C	rom	gPlayerReflectionPaletteSets
0x08427AAC	rom	sRSQuintyPlumpReflectionPaletteTags
0x08427AB4	rom	sRSTruckReflectionPaletteTags
0x08427ABC	rom	sRSMachokeReflectionPaletteTags
0x08427AC4	rom	sRSMovingBoxReflectionPaletteTags
0x08427ACC	rom	sMeteoriteReflectionPaletteTags
0x08427AD4	rom	sSeagallopReflectionPaletteTags
0x08427ADC	rom	sRSSubmarineShadowReflectionPaletteTags
0x08427AE4	rom	sRSKyogreReflectionPaletteTags
0x08427AEC	rom	sReflectionPaletteTags_CableCar
0x08427AF4	rom	sReflectionPaletteTags_Lady
0x08427AFC	rom	sRSGroudonReflectionPaletteTags
0x08427B04	rom	sGreenNPCReflectionPaletteTags
0x08427B0C	rom	gSpecialObjectReflectionPaletteSets
0x08427B84	rom	sObjectPaletteTags0
0x08427B98	rom	sObjectPaletteTags1
0x08427BAC	rom	sObjectPaletteTags2
0x08427BC0	rom	sObjectPaletteTags3
0x08427BD4	rom	gObjectPaletteTagSets
0x08427BE4	rom	gSpritePalette_GeneralFieldEffect0
0x08427BEC	rom	gSpritePalette_GeneralFieldEffect1
0x08427BF4	rom	gBlackSandFootprintsPal
0x08427BFC	rom	gThreeIslandGrassPal
0x08427C04	rom	gSnowFootprintsPal
0x08427C0C	rom	sAnim_Shadow
0x08427C14	rom	sAnimTable_Shadow
0x08427C18	rom	sPicTable_ShadowSmall
0x08427C20	rom	sPicTable_ShadowMedium
0x08427C28	rom	sPicTable_ShadowLarge
0x08427C30	rom	sPicTable_ShadowExtraLarge
0x08427C38	rom	sPicTable_TallGrass
0x08427C60	rom	gSevenIsland_Grass_SpriteFrameImage
0x08427C88	rom	gUnknown_83A53DC_OneIsland
0x08427CB0	rom	sAnim_TallGrass
0x08427CC8	rom	sAnimTable_TallGrass
0x08427CCC	rom	sPicTable_Ripple
0x08427CF4	rom	sAnim_Ripple
0x08427D18	rom	sAnimTable_Ripple
0x08427D1C	rom	sPicTable_Ash
0x08427D44	rom	sAnim_Ash
0x08427D5C	rom	sAnimTable_Ash
0x08427D60	rom	sPicTable_SurfBlob
0x08427D90	rom	sSurfBlobAnim_FaceSouth
0x08427D9C	rom	sSurfBlobAnim_FaceNorth
0x08427DA8	rom	sSurfBlobAnim_FaceWest
0x08427DB4	rom	sSurfBlobAnim_FaceEast
0x08427DC0	rom	sAnimTable_SurfBlob
0x08427DD0	rom	sPicTable_Arrow
0x08427E10	rom	sArrowAnim_South
0x08427E1C	rom	sArrowAnim_North
0x08427E28	rom	sArrowAnim_West
0x08427E34	rom	sArrowAnim_East
0x08427E40	rom	sAnimTable_Arrow
0x08427E50	rom	sPicTable_GroundImpactDust
0x08427E68	rom	sAnim_GroundImpactDust
0x08427E78	rom	sAnimTable_GroundImpactDust
0x08427E7C	rom	sPicTable_JumpTallGrass
0x08427E9C	rom	sAnim_JumpTallGrass
0x08427EB0	rom	sAnimTable_JumpTallGrass
0x08427EB4	rom	sPicTable_SandFootprints
0x08427EC4	rom	sSandFootprintsAnim_South
0x08427ECC	rom	sSandFootprintsAnim_North
0x08427ED4	rom	sSandFootprintsAnim_West
0x08427EDC	rom	sSandFootprintsAnim_East
0x08427EE4	rom	sAnimTable_SandFootprints
0x08427EF8	rom	sPicTable_DeepSandFootprints
0x08427F08	rom	sDeepSandFootprintsAnim_South
0x08427F10	rom	sDeepSandFootprintsAnim_North
0x08427F18	rom	sDeepSandFootprintsAnim_West
0x08427F20	rom	sDeepSandFootprintsAnim_East
0x08427F28	rom	sAnimTable_DeepSandFootprints
0x08427F3C	rom	sPicTable_BikeTireTracks
0x08427F5C	rom	sBikeTireTracksAnim_South
0x08427F64	rom	sBikeTireTracksAnim_North
0x08427F6C	rom	sBikeTireTracksAnim_West
0x08427F74	rom	sBikeTireTracksAnim_East
0x08427F7C	rom	sBikeTireTracksAnim_SECornerTurn
0x08427F84	rom	sBikeTireTracksAnim_SWCornerTurn
0x08427F8C	rom	sBikeTireTracksAnim_NWCornerTurn
0x08427F94	rom	sBikeTireTracksAnim_NECornerTurn
0x08427F9C	rom	sAnimTable_BikeTireTracks
0x08427FC0	rom	sPicTable_JumpBigSplash
0x08427FE0	rom	sAnim_JumpBigSplash
0x08427FF4	rom	sAnimTable_JumpBigSplash
0x08427FF8	rom	sPicTable_Splash
0x08428008	rom	sAnim_Splash_0
0x08428014	rom	sAnim_Splash_1
0x08428038	rom	sAnimTable_Splash
0x08428040	rom	sPicTable_JumpSmallSplash
0x08428058	rom	sAnim_JumpSmallSplash
0x08428068	rom	sAnimTable_JumpSmallSplash
0x0842806C	rom	sPicTable_LongGrass
0x0842808C	rom	sAnim_LongGrass
0x084280AC	rom	sAnimTable_LongGrass
0x084280B0	rom	sPicTable_JumpLongGrass
0x084280E0	rom	sAnim_JumpLongGrass
0x084280FC	rom	sAnimTable_JumpLongGrass
0x08428100	rom	sPicTable_UnusedGrass
0x08428148	rom	sAnim_UnusedGrass
0x08428170	rom	sAnimTable_UnusedGrass
0x08428174	rom	sPicTable_UnusedGrass2
0x08428194	rom	sAnim_UnusedGrass2
0x084281B0	rom	sAnimTable_UnusedGrass2
0x084281B4	rom	sPicTable_UnusedSand
0x084281D4	rom	sAnim_UnusedSand
0x084281E8	rom	sAnimTable_UnusedSand
0x084281EC	rom	sPicTable_SandPile
0x08428204	rom	sAnim_SandPile
0x08428214	rom	sAnimTable_SandPile
0x08428218	rom	sPicTable_WaterSurfacing
0x08428238	rom	sAnim_WaterSurfacing
0x08428254	rom	sAnimTable_WaterSurfacing
0x08428258	rom	sAffineAnim_ReflectionDistortion_0
0x084282A8	rom	sAffineAnim_ReflectionDistortion_1
0x084282F8	rom	sAffineAnims_ReflectionDistortion
0x08428300	rom	sPicTable_TreeDisguise
0x08428338	rom	sAnim_TreeDisguise
0x08428340	rom	sAnim_TreeDisguiseReveal
0x08428360	rom	sAnimTable_TreeDisguise
0x08428368	rom	sPicTable_MountainDisguise
0x084283A0	rom	sAnim_MountainDisguise
0x084283A8	rom	sAnim_MountainDisguiseReveal
0x084283C8	rom	sAnimTable_MountainDisguise
0x084283D0	rom	sPicTable_SandDisguisePlaceholder
0x08428408	rom	sPicTable_Bird
0x08428430	rom	sAnim_Bird_WithoutPlayer
0x08428438	rom	sAnim_Bird_Red_FlyOut
0x08428440	rom	sAnim_Bird_Red_FlyIn
0x08428448	rom	sAnim_Bird_Green_FlyOut
0x08428450	rom	sAnim_Bird_Green_FlyIn
0x08428458	rom	sAnimTable_Bird
0x0842846C	rom	sPicTable_ShortGrass
0x0842847C	rom	sAnim_ShortGrass
0x08428488	rom	sAnimTable_ShortGrass
0x0842848C	rom	sPicTable_HotSpringsWater
0x08428494	rom	sAnim_HotSpringsWater
0x0842849C	rom	sAnimTable_HotSpringsWater
0x084284A0	rom	sPicTable_AshPuff
0x084284C8	rom	sAnim_AshPuff
0x084284E0	rom	sAnimTable_AshPuff
0x084284E4	rom	gSpritePalette_Ash
0x084284EC	rom	sPicTable_AshLaunch
0x08428514	rom	sAnim_AshLaunch
0x0842852C	rom	sAnimTable_AshLaunch
0x08428530	rom	sPicTable_Bubbles
0x08428570	rom	sAnim_Bubbles
0x08428594	rom	sAnimTable_Bubbles
0x08428598	rom	sPicTable_SmallSparkle
0x084285A8	rom	sAnim_SmallSparkle
0x084285B8	rom	sAnimTable_SmallSparkle
0x084285BC	rom	gSpritePalette_SmallSparkle
0x084285C4	rom	gMovementDelaysMedium
0x084285CC	rom	gMovementDelaysLong
0x084285D4	rom	gMovementDelaysShort
0x084285DC	rom	gMovementTypeFuncs_WanderAround
0x084285F8	rom	gMovementTypeFuncs_WanderAroundSlower
0x08428614	rom	gStandardDirections
0x08428618	rom	gGetVectorDirectionFuncs
0x08428644	rom	gMovementTypeFuncs_LookAround
0x08428658	rom	gMovementTypeFuncs_WanderUpAndDown
0x08428674	rom	gUpAndDownDirections
0x08428678	rom	gMovementTypeFuncs_WanderLeftAndRight
0x08428694	rom	gLeftAndRightDirections
0x08428698	rom	gMovementTypeFuncs_FaceDirection
0x084286A4	rom	gMovementTypeFuncs_FaceDownAndUp
0x084286B8	rom	gMovementTypeFuncs_FaceLeftAndRight
0x084286CC	rom	gMovementTypeFuncs_FaceUpAndLeft
0x084286E0	rom	gUpAndLeftDirections
0x084286E4	rom	gMovementTypeFuncs_FaceUpAndRight
0x084286F8	rom	gUpAndRightDirections
0x084286FC	rom	gMovementTypeFuncs_FaceDownAndLeft
0x08428710	rom	gDownAndLeftDirections
0x08428714	rom	gMovementTypeFuncs_FaceDownAndRight
0x08428728	rom	gDownAndRightDirections
0x0842872C	rom	gMovementTypeFuncs_FaceDownUpAndLeft
0x08428740	rom	gDownUpAndLeftDirections
0x08428744	rom	gMovementTypeFuncs_FaceDownUpAndRight
0x08428758	rom	gDownUpAndRightDirections
0x0842875C	rom	gMovementTypeFuncs_FaceUpLeftAndRight
0x08428770	rom	gUpLeftAndRightDirections
0x08428774	rom	gMovementTypeFuncs_FaceDownLeftAndRight
0x08428788	rom	gDownLeftAndRightDirections
0x0842878C	rom	gMovementTypeFuncs_RotateCounterclockwise
0x0842879C	rom	gCounterclockwiseDirections
0x084287A4	rom	gMovementTypeFuncs_RotateClockwise
0x084287B4	rom	gClockwiseDirections
0x084287BC	rom	gMovementTypeFuncs_WalkBackAndForth
0x084287CC	rom	gMovementTypeFuncs_WalkSequenceUpRightLeftDown
0x084287D8	rom	gUpRightLeftDownDirections
0x084287DC	rom	gMovementTypeFuncs_WalkSequenceRightLeftDownUp
0x084287E8	rom	gRightLeftDownUpDirections
0x084287EC	rom	gMovementTypeFuncs_WalkSequenceDownUpRightLeft
0x084287F8	rom	gDownUpRightLeftDirections
0x084287FC	rom	gMovementTypeFuncs_WalkSequenceLeftDownUpRight
0x08428808	rom	gLeftDownUpRightDirections
0x0842880C	rom	gMovementTypeFuncs_WalkSequenceUpLeftRightDown
0x08428818	rom	gUpLeftRightDownDirections
0x0842881C	rom	gMovementTypeFuncs_WalkSequenceLeftRightDownUp
0x08428828	rom	gLeftRightDownUpDirections
0x0842882C	rom	gMovementTypeFuncs_WalkSequenceDownUpLeftRight
0x08428838	rom	gMovementTypeFuncs_WalkSequenceRightDownUpLeft
0x08428844	rom	gRightDownUpLeftDirections
0x08428848	rom	gMovementTypeFuncs_WalkSequenceLeftUpDownRight
0x08428854	rom	gLeftUpDownRightDirections
0x08428858	rom	gMovementTypeFuncs_WalkSequenceUpDownRightLeft
0x08428864	rom	gUpDownRightLeftDirections
0x08428868	rom	gMovementTypeFuncs_WalkSequenceRightLeftUpDown
0x08428874	rom	gRightLeftUpDownDirections
0x08428878	rom	gMovementTypeFuncs_WalkSequenceDownRightLeftUp
0x08428884	rom	gDownRightLeftUpDirections
0x08428888	rom	gMovementTypeFuncs_WalkSequenceRightUpDownLeft
0x08428894	rom	gRightUpDownLeftDirections
0x08428898	rom	gMovementTypeFuncs_WalkSequenceUpDownLeftRight
0x084288A4	rom	gUpDownLeftRightDirections
0x084288A8	rom	gMovementTypeFuncs_WalkSequenceLeftRightUpDown
0x084288B4	rom	gLeftRightUpDownDirections
0x084288B8	rom	gMovementTypeFuncs_WalkSequenceDownLeftRightUp
0x084288C4	rom	gDownLeftRightUpDirections
0x084288C8	rom	gMovementTypeFuncs_WalkSequenceUpLeftDownRight
0x084288D4	rom	gUpLeftDownRightDirections
0x084288D8	rom	gMovementTypeFuncs_WalkSequenceDownRightUpLeft
0x084288E4	rom	gDownRightUpLeftDirections
0x084288E8	rom	gMovementTypeFuncs_WalkSequenceLeftDownRightUp
0x084288F4	rom	gLeftDownRightUpDirections
0x084288F8	rom	gMovementTypeFuncs_WalkSequenceRightUpLeftDown
0x08428904	rom	gRightUpLeftDownDirections
0x08428908	rom	gMovementTypeFuncs_WalkSequenceUpRightDownLeft
0x08428914	rom	gUpRightDownLeftDirections
0x08428918	rom	gMovementTypeFuncs_WalkSequenceDownLeftUpRight
0x08428924	rom	gDownLeftUpRightDirections
0x08428928	rom	gMovementTypeFuncs_WalkSequenceLeftUpRightDown
0x08428934	rom	gLeftUpRightDownDirections
0x08428938	rom	gMovementTypeFuncs_WalkSequenceRightDownLeftUp
0x08428944	rom	gRightDownLeftUpDirections
0x08428948	rom	gMovementTypeFuncs_CopyPlayer
0x08428954	rom	gCopyPlayerMovementFuncs
0x08428980	rom	gMovementTypeFuncs_CopyPlayerInGrass
0x0842898C	rom	gMovementTypeFuncs_Buried
0x08428990	rom	gMovementTypeFuncs_WalkInPlace
0x08428998	rom	gMovementTypeFuncs_WalkInPlaceFast
0x084289A0	rom	gMovementTypeFuncs_JogInPlace
0x084289A8	rom	gMovementTypeFuncs_Invisible
0x084289B4	rom	gMovementTypeFuncs_RaiseHandAndStop
0x084289C0	rom	gMovementTypeFuncs_RaiseHandAndJump
0x084289C8	rom	gMovementTypeFuncs_RaiseHandAndSwim
0x084289D0	rom	sFaceDirectionAnimNums
0x084289DC	rom	sMoveDirectionAnimNums
0x084289E8	rom	sMoveDirectionFastAnimNums
0x084289F4	rom	sMoveDirectionFasterAnimNums
0x08428A00	rom	sMoveDirectionFastestAnimNums
0x08428A0C	rom	sJumpSpecialDirectionAnimNums
0x08428A18	rom	sAcroBunnyHopBackWheelDirectionAnimNums
0x08428A24	rom	sAcroBunnyHopFrontWheelDirectionAnimNums
0x08428A30	rom	sAcroStandingWheelieBackWheelDirectionAnimNums
0x08428A3C	rom	sSpinDirectionAnimNums
0x08428A48	rom	sAcroStandingWheelieFrontWheelDirectionAnimNums
0x08428A54	rom	sAcroMovingWheelieDirectionAnimNums
0x08428A60	rom	sFishingDirectionAnimNums
0x08428A6C	rom	sFishingNoCatchDirectionAnimNums
0x08428A78	rom	sFishingBiteDirectionAnimNums
0x08428A84	rom	sRunningDirectionAnimNums
0x08428A90	rom	sTrainerFacingDirectionMovementTypes
0x08428A9C	rom	gOppositeDirectionBlockedMetatileFuncs
0x08428AAC	rom	gDirectionBlockedMetatileFuncs
0x08428ABC	rom	sDirectionToVectors
0x08428AE0	rom	sFaceDirectionMovementActions
0x08428AE8	rom	sFaceDirectionFastMovementActions
0x08428AF0	rom	sWalkSlowestMovementActions
0x08428AF8	rom	sWalkSlowerMovementActions
0x08428B00	rom	sWalkSlowMovementActions
0x08428B08	rom	sWalkNormalMovementActions
0x08428B10	rom	sWalkFastMovementActions
0x08428B18	rom	sGlideMovementActions
0x08428B20	rom	sRideWaterCurrentMovementActions
0x08428B28	rom	sWalkFasterMovementActions
0x08428B30	rom	sSlideMovementActions
0x08428B38	rom	sPlayerRunMovementActions
0x08428B40	rom	sPlayerRunSlowMovementActions
0x08428B48	rom	sSpinMovementActions
0x08428B50	rom	sJump2MovementActions
0x08428B58	rom	sJumpInPlaceMovementActions
0x08428B60	rom	sJumpInPlaceTurnAroundMovementActions
0x08428B68	rom	sJumpMovementActions
0x08428B70	rom	sJumpSpecialMovementActions
0x08428B78	rom	sJumpSpecialWithEffectMovementActions
0x08428B80	rom	sWalkInPlaceSlowMovementActions
0x08428B88	rom	sWalkInPlaceNormalMovementActions
0x08428B90	rom	sWalkInPlaceFastMovementActions
0x08428B98	rom	sWalkInPlaceFasterMovementActions
0x08428BA0	rom	sAcroWheelieFaceDirectionMovementActions
0x08428BA8	rom	sAcroPopWheelieFaceDirectionMovementActions
0x08428BB0	rom	sAcroEndWheelieFaceDirectionMovementActions
0x08428BB8	rom	sAcroWheelieHopFaceDirectionMovementActions
0x08428BC0	rom	sAcroWheelieHopMovementActions
0x08428BC8	rom	sAcroWheelieJumpMovementActions
0x08428BD0	rom	sAcroWheelieInPlaceMovementActions
0x08428BD8	rom	sAcroPopWheelieMoveMovementActions
0x08428BE0	rom	sAcroWheelieMoveMovementActions
0x08428BE8	rom	gOppositeDirections
0x08428BF0	rom	sPlayerDirectionsForCopy
0x08428C00	rom	sPlayerDirectionToCopyDirection
0x08428C10	rom	sMovementActionFuncs_FaceDown
0x08428C18	rom	sMovementActionFuncs_FaceUp
0x08428C20	rom	sMovementActionFuncs_FaceLeft
0x08428C28	rom	sMovementActionFuncs_FaceRight
0x08428C30	rom	sMovementActionFuncs_FaceDownFast
0x08428C38	rom	sMovementActionFuncs_FaceUpFast
0x08428C40	rom	sMovementActionFuncs_FaceLeftFast
0x08428C48	rom	sMovementActionFuncs_FaceRightFast
0x08428C50	rom	sMovementActionFuncs_WalkSlowerDown
0x08428C5C	rom	sMovementActionFuncs_WalkSlowerUp
0x08428C68	rom	sMovementActionFuncs_WalkSlowerLeft
0x08428C74	rom	sMovementActionFuncs_WalkSlowerRight
0x08428C80	rom	sMovementActionFuncs_WalkSlowUp
0x08428C8C	rom	sMovementActionFuncs_WalkSlowDown
0x08428C98	rom	sMovementActionFuncs_WalkSlowLeft
0x08428CA4	rom	sMovementActionFuncs_WalkSlowRight
0x08428CB0	rom	sMovementActionFuncs_WalkNormalDown
0x08428CBC	rom	sMovementActionFuncs_WalkNormalUp
0x08428CC8	rom	sMovementActionFuncs_WalkNormalLeft
0x08428CD4	rom	sMovementActionFuncs_WalkNormalRight
0x08428CE0	rom	sMovementActionFuncs_Jump2Down
0x08428CEC	rom	sMovementActionFuncs_Jump2Up
0x08428CF8	rom	sMovementActionFuncs_Jump2Left
0x08428D04	rom	sMovementActionFuncs_Jump2Right
0x08428D10	rom	sMovementActionFuncs_Delay1
0x08428D1C	rom	sMovementActionFuncs_Delay2
0x08428D28	rom	sMovementActionFuncs_Delay4
0x08428D34	rom	sMovementActionFuncs_Delay8
0x08428D40	rom	sMovementActionFuncs_Delay16
0x08428D4C	rom	sMovementActionFuncs_WalkFastDown
0x08428D58	rom	sMovementActionFuncs_WalkFastUp
0x08428D64	rom	sMovementActionFuncs_WalkFastLeft
0x08428D70	rom	sMovementActionFuncs_WalkFastRight
0x08428D7C	rom	sMovementActionFuncs_WalkInPlaceSlowDown
0x08428D88	rom	sMovementActionFuncs_WalkInPlaceSlowUp
0x08428D94	rom	sMovementActionFuncs_WalkInPlaceSlowLeft
0x08428DA0	rom	sMovementActionFuncs_WalkInPlaceSlowRight
0x08428DAC	rom	sMovementActionFuncs_WalkInPlaceNormalDown
0x08428DB8	rom	sMovementActionFuncs_WalkInPlaceNormalUp
0x08428DC4	rom	sMovementActionFuncs_WalkInPlaceNormalLeft
0x08428DD0	rom	sMovementActionFuncs_WalkInPlaceNormalRight
0x08428DDC	rom	sMovementActionFuncs_WalkInPlaceFastDown
0x08428DE8	rom	sMovementActionFuncs_WalkInPlaceFastUp
0x08428DF4	rom	sMovementActionFuncs_WalkInPlaceFastLeft
0x08428E00	rom	sMovementActionFuncs_WalkInPlaceFastRight
0x08428E0C	rom	sMovementActionFuncs_WalkInPlaceFasterDown
0x08428E18	rom	sMovementActionFuncs_WalkInPlaceFasterUp
0x08428E24	rom	sMovementActionFuncs_WalkInPlaceFasterLeft
0x08428E30	rom	sMovementActionFuncs_WalkInPlaceFasterRight
0x08428E3C	rom	sMovementActionFuncs_RideWaterCurrentDown
0x08428E48	rom	sMovementActionFuncs_RideWaterCurrentUp
0x08428E54	rom	sMovementActionFuncs_RideWaterCurrentLeft
0x08428E60	rom	sMovementActionFuncs_RideWaterCurrentRight
0x08428E6C	rom	sMovementActionFuncs_WalkFasterDown
0x08428E78	rom	sMovementActionFuncs_WalkFasterUp
0x08428E84	rom	sMovementActionFuncs_WalkFasterLeft
0x08428E90	rom	sMovementActionFuncs_WalkFasterRight
0x08428E9C	rom	sMovementActionFuncs_SlideDown
0x08428EA8	rom	sMovementActionFuncs_SlideUp
0x08428EB4	rom	sMovementActionFuncs_SlideLeft
0x08428EC0	rom	sMovementActionFuncs_SlideRight
0x08428ECC	rom	sMovementActionFuncs_PlayerRunDown
0x08428ED8	rom	sMovementActionFuncs_PlayerRunUp
0x08428EE4	rom	sMovementActionFuncs_PlayerRunLeft
0x08428EF0	rom	sMovementActionFuncs_PlayerRunRight
0x08428EFC	rom	sMovementActionFuncs_PlayerRunDownSlow
0x08428F08	rom	sMovementActionFuncs_PlayerRunUpSlow
0x08428F14	rom	sMovementActionFuncs_PlayerRunLeftSlow
0x08428F20	rom	sMovementActionFuncs_PlayerRunRightSlow
0x08428F2C	rom	sMovementActionFuncs_StartAnimInDirection
0x08428F38	rom	sMovementActionFuncs_JumpSpecialDown
0x08428F44	rom	sMovementActionFuncs_JumpSpecialUp
0x08428F50	rom	sMovementActionFuncs_JumpSpecialLeft
0x08428F5C	rom	sMovementActionFuncs_JumpSpecialRight
0x08428F68	rom	sMovementActionFuncs_FacePlayer
0x08428F70	rom	sMovementActionFuncs_FaceAwayPlayer
0x08428F78	rom	sMovementActionFuncs_LockFacingDirection
0x08428F80	rom	sMovementActionFuncs_UnlockFacingDirection
0x08428F88	rom	sMovementActionFuncs_JumpDown
0x08428F94	rom	sMovementActionFuncs_JumpUp
0x08428FA0	rom	sMovementActionFuncs_JumpLeft
0x08428FAC	rom	sMovementActionFuncs_JumpRight
0x08428FB8	rom	sMovementActionFuncs_JumpInPlaceDown
0x08428FC4	rom	sMovementActionFuncs_JumpInPlaceUp
0x08428FD0	rom	sMovementActionFuncs_JumpInPlaceLeft
0x08428FDC	rom	sMovementActionFuncs_JumpInPlaceRight
0x08428FE8	rom	sMovementActionFuncs_JumpInPlaceDownUp
0x08428FF4	rom	sMovementActionFuncs_JumpInPlaceUpDown
0x08429000	rom	sMovementActionFuncs_JumpInPlaceLeftRight
0x0842900C	rom	sMovementActionFuncs_JumpInPlaceRightLeft
0x08429018	rom	sMovementActionFuncs_FaceOriginalDirection
0x08429020	rom	sMovementActionFuncs_NurseJoyBowDown
0x0842902C	rom	sMovementActionFuncs_EnableJumpLandingGroundEffect
0x08429034	rom	sMovementActionFuncs_DisableJumpLandingGroundEffect
0x0842903C	rom	sMovementActionFuncs_DisableAnimation
0x08429044	rom	sMovementActionFuncs_RestoreAnimation
0x0842904C	rom	sMovementActionFuncs_SetInvisible
0x08429054	rom	sMovementActionFuncs_SetVisible
0x0842905C	rom	sMovementActionFuncs_EmoteExclamationMark
0x08429064	rom	sMovementActionFuncs_EmoteQuestionMark
0x0842906C	rom	sMovementActionFuncs_EmoteX
0x08429074	rom	sMovementActionFuncs_EmoteDoubleExclMark
0x0842907C	rom	sMovementActionFuncs_EmoteSmile
0x08429084	rom	sMovementActionFuncs_RevealTrainer
0x08429090	rom	sMovementActionFuncs_RockSmashBreak
0x084290A0	rom	sMovementActionFuncs_CutTree
0x084290B0	rom	sMovementActionFuncs_SetFixedPriority
0x084290B8	rom	sMovementActionFuncs_ClearFixedPriority
0x084290C0	rom	sMovementActionFuncs_InitAffineAnim
0x084290C8	rom	sMovementActionFuncs_ClearAffineAnim
0x084290D0	rom	sMovementActionFuncs_WalkDownStartAffine
0x084290DC	rom	sMovementActionFuncs_WalkDownAffine
0x084290E8	rom	sMovementActionFuncs_AcroWheelieFaceDown
0x084290F0	rom	sMovementActionFuncs_AcroWheelieFaceUp
0x084290F8	rom	sMovementActionFuncs_AcroWheelieFaceLeft
0x08429100	rom	sMovementActionFuncs_AcroWheelieFaceRight
0x08429108	rom	sMovementActionFuncs_AcroPopWheelieDown
0x08429114	rom	sMovementActionFuncs_AcroPopWheelieUp
0x08429120	rom	sMovementActionFuncs_AcroPopWheelieLeft
0x0842912C	rom	sMovementActionFuncs_AcroPopWheelieRight
0x08429138	rom	sMovementActionFuncs_AcroEndWheelieFaceDown
0x08429144	rom	sMovementActionFuncs_AcroEndWheelieFaceUp
0x08429150	rom	sMovementActionFuncs_AcroEndWheelieFaceLeft
0x0842915C	rom	sMovementActionFuncs_AcroEndWheelieFaceRight
0x08429168	rom	sMovementActionFuncs_AcroWheelieHopFaceDown
0x08429174	rom	sMovementActionFuncs_AcroWheelieHopFaceUp
0x08429180	rom	sMovementActionFuncs_AcroWheelieHopFaceLeft
0x0842918C	rom	sMovementActionFuncs_AcroWheelieHopFaceRight
0x08429198	rom	sMovementActionFuncs_AcroWheelieHopDown
0x084291A4	rom	sMovementActionFuncs_AcroWheelieHopUp
0x084291B0	rom	sMovementActionFuncs_AcroWheelieHopLeft
0x084291BC	rom	sMovementActionFuncs_AcroWheelieHopRight
0x084291C8	rom	sMovementActionFuncs_AcroWheelieJumpDown
0x084291D4	rom	sMovementActionFuncs_AcroWheelieJumpUp
0x084291E0	rom	sMovementActionFuncs_AcroWheelieJumpLeft
0x084291EC	rom	sMovementActionFuncs_AcroWheelieJumpRight
0x084291F8	rom	sMovementActionFuncs_AcroWheelieInPlaceDown
0x08429204	rom	sMovementActionFuncs_AcroWheelieInPlaceUp
0x08429210	rom	sMovementActionFuncs_AcroWheelieInPlaceLeft
0x0842921C	rom	sMovementActionFuncs_AcroWheelieInPlaceRight
0x08429228	rom	sMovementActionFuncs_AcroPopWheelieMoveDown
0x08429234	rom	sMovementActionFuncs_AcroPopWheelieMoveUp
0x08429240	rom	sMovementActionFuncs_AcroPopWheelieMoveLeft
0x0842924C	rom	sMovementActionFuncs_AcroPopWheelieMoveRight
0x08429258	rom	sMovementActionFuncs_AcroWheelieMoveDown
0x08429264	rom	sMovementActionFuncs_AcroWheelieMoveUp
0x08429270	rom	sMovementActionFuncs_AcroWheelieMoveLeft
0x0842927C	rom	sMovementActionFuncs_AcroWheelieMoveRight
0x08429288	rom	sMovementActionFuncs_SpinDown
0x08429294	rom	sMovementActionFuncs_SpinUp
0x084292A0	rom	sMovementActionFuncs_SpinLeft
0x084292AC	rom	sMovementActionFuncs_SpinRight
0x084292B8	rom	sMovementActionFuncs_RaiseHandAndStop
0x084292C0	rom	sMovementActionFuncs_RaiseHandAndJump
0x084292C8	rom	sMovementActionFuncs_RaiseHandAndSwim
0x084292D0	rom	sMovementActionFuncs_WalkSlowestDown
0x084292DC	rom	sMovementActionFuncs_WalkSlowestUp
0x084292E8	rom	sMovementActionFuncs_WalkSlowestLeft
0x084292F4	rom	sMovementActionFuncs_WalkSlowestRight
0x08429300	rom	sMovementActionFuncs_ShakeHeadOrWalkInPlace
0x08429308	rom	sMovementActionFuncs_GlideDown
0x08429314	rom	sMovementActionFuncs_GlideUp
0x08429320	rom	sMovementActionFuncs_GlideLeft
0x0842932C	rom	sMovementActionFuncs_GlideRight
0x08429338	rom	sMovementActionFuncs_FlyUp
0x08429344	rom	sMovementActionFuncs_FlyDown
0x08429350	rom	sMovementActionFuncs_JumpSpecialWithEffectDown
0x0842935C	rom	sMovementActionFuncs_JumpSpecialWithEffectUp
0x08429368	rom	sMovementActionFuncs_JumpSpecialWithEffectLeft
0x08429374	rom	sMovementActionFuncs_JumpSpecialWithEffectRight
0x08429380	rom	sMovementActionFuncs
0x08429628	rom	sDirectionAnimFuncsBySpeed
0x0842963C	rom	sJumpInitDisplacements
0x08429644	rom	sJumpDisplacements
0x0842964C	rom	MovementActionFuncs_UnusedAcroActionDown
0x08429658	rom	MovementActionFuncs_UnusedAcroActionUp
0x08429664	rom	MovementActionFuncs_UnusedAcroActionLeft
0x08429670	rom	MovementActionFuncs_UnusedAcroActionRight
0x08429684	rom	sElevationToSubpriority
0x08429694	rom	sElevationToPriority
0x084296A4	rom	sElevationToSubspriteTableNum
0x084296B4	rom	sGroundEffectTracksFuncs
0x084296C0	rom	sGroundEffectFuncs
0x08429710	rom	sSpeedNormalStepFuncs
0x08429750	rom	sSpeedFast1StepFuncs
0x08429770	rom	sSpeedFast2StepFuncs
0x08429788	rom	sSpeedFasterStepFuncs
0x08429798	rom	sSpeedFastestStepFuncs
0x084297A0	rom	sNpcStepFuncTables
0x084297B4	rom	sStepTimes
0x084297C0	rom	sJumpY_High
0x084297D0	rom	sJumpY_Low
0x084297E0	rom	sJumpY_Normal
0x084297F0	rom	sJumpYTable
0x08429800	rom	metatileFuncs.3
0x08429818	rom	jumpLandingFlags.2
0x08429830	rom	ledgeBehaviorFuncs.1
0x08429840	rom	bikeTireTracks_Transitions.0
0x08429850	rom	sEvolutionSparklesPalData
0x08429870	rom	sEvolutionSparklesTileData
0x08429890	rom	sSpriteSheet_EvolutionSparkles
0x084298A0	rom	sSpritePalette_EvolutionSparkles
0x084298B0	rom	sOamData_EvolutionSparkles
0x084298B8	rom	sSpriteAnim_EvolutionSparkles_0
0x084298C0	rom	sSpriteAnimTable_EvolutionSparkles
0x084298C4	rom	sSpriteTemplate_EvolutionSparkles
0x084298DC	rom	sEvolutionSparkleMatrixScales
0x084298F4	rom	sUnused
0x08429914	rom	sUnusedPal
0x08429934	rom	sMovingBackgroundTiles
0x0842A02C	rom	sMovingBackgroundMap1
0x0842A510	rom	sMovingBackgroundMap2
0x0842A9E4	rom	sBlackPalette
0x0842AA04	rom	sUnusedTilemap
0x0842B084	rom	sBgAnim_Pal
0x0842B0C4	rom	sText_ShedinjaJapaneseName
0x0842B0CC	rom	sText_UnusedColors
0x0842B0D8	rom	sText_UnusedArrows
0x0842B0F8	rom	sBgAnim_PaletteControl
0x0842B108	rom	sBgAnim_PalIndexes
0x0842B55C	rom	sFameCheckerTilemap
0x0842BD5C	rom	sQuestionMarkSpriteGfx
0x0842BE5C	rom	sSpinningPokeballSpriteGfx
0x0842C03C	rom	sSpinningPokeballSpritePalette
0x0842C05C	rom	sSelectorCursorSpriteGfx
0x0842C45C	rom	sSelectorCursorSpritePalette
0x0842C47C	rom	sFujiSpriteGfx
0x0842CC7C	rom	sFujiSpritePalette
0x0842CC9C	rom	sBillSpriteGfx
0x0842D49C	rom	sBillSpritePalette
0x0842D4BC	rom	sDaisySpriteGfx
0x0842DCBC	rom	sDaisySpritePalette
0x0842DCDC	rom	sOakSpriteGfx
0x0842E4DC	rom	sOakSpritePalette
0x0842E4FC	rom	sUnkPalette
0x0842E51C	rom	sSilhouettePalette
0x0842E53C	rom	sTextColor_White
0x0842E540	rom	sTextColor_DkGrey
0x0842E544	rom	sTextColor_Green
0x0842E548	rom	sTrainerIdxs
0x0842E568	rom	sNonTrainerNamePointers
0x0842E578	rom	sFameCheckerTrainerPicIdxs
0x0842E588	rom	sFameCheckerTrainerGenders_Unused
0x0842E598	rom	sFameCheckerNameAndQuotesPointers
0x0842E618	rom	sFameCheckerFlavorTextPointers
0x0842E798	rom	sFameCheckerArrayNpcGraphicsIds
0x0842E7F8	rom	sFlavorTextOriginLocationTexts
0x0842E978	rom	sFlavorTextOriginObjectNameTexts
0x0842EAF8	rom	sUISpriteSheets
0x0842EB38	rom	sUISpritePalettes
0x0842EB50	rom	sUIBgTemplates
0x0842EB60	rom	sUIWindowTemplates
0x0842EB88	rom	sSelectorCursorAnim0
0x0842EB94	rom	sSelectorCursorAnims
0x0842EB98	rom	sSelectorCursorOamData
0x0842EBA0	rom	sSpriteTemplate_SelectorCursor
0x0842EBB8	rom	sUnused
0x0842EBC0	rom	sQuestionMarkTileOamData
0x0842EBC8	rom	sQuestionMarkTileAnim0
0x0842EBD0	rom	sQuestionMarkTileAnims
0x0842EBD4	rom	sQuestionMarkTileSpriteTemplate
0x0842EBEC	rom	sSpinningPokeballAnim0
0x0842EBF4	rom	sSpinningPokeballAnims
0x0842EBF8	rom	sSpinningPokeballOamData
0x0842EC00	rom	sSpinningPokeballAffineAnim0
0x0842EC10	rom	sSpinningPokeballAffineAnims
0x0842EC14	rom	sSpinningPokeballSpriteTemplate
0x0842EC2C	rom	sDaisyFujiOakBillAnim0
0x0842EC34	rom	sDaisyFujiOakBillAnims
0x0842EC38	rom	sDaisyFujiOakBillOamData
0x0842EC40	rom	sDaisySpriteTemplate
0x0842EC58	rom	sFujiSpriteTemplate
0x0842EC70	rom	sOakSpriteTemplate
0x0842EC88	rom	sBillSpriteTemplate
0x0842ECE8	rom	sFarawayIslandRockCoords
0x0842ED50	rom	sDoorAnimTiles_General
0x0842EED0	rom	sDoorNullPalette1
0x0842EEF0	rom	sDoorAnimTiles_SlidingSingle
0x0842F070	rom	sDoorNullPalette2
0x0842F090	rom	sDoorAnimTiles_SlidingDouble
0x0842F210	rom	sDoorNullPalette3
0x0842F230	rom	sDoorAnimTiles_Pallet
0x0842F3B0	rom	sDoorNullPalette4
0x0842F3D0	rom	sDoorAnimTiles_OaksLab
0x0842F550	rom	sDoorNullPalette5
0x0842F570	rom	sDoorAnimTiles_Viridian
0x0842F6F0	rom	sDoorNullPalette6
0x0842F710	rom	sDoorAnimTiles_Pewter
0x0842F890	rom	sDoorNullPalette7
0x0842F8B0	rom	sDoorAnimTiles_Saffron
0x0842FA30	rom	sDoorNullPalette8
0x0842FA50	rom	sDoorAnimTiles_SilphCo
0x0842FBD0	rom	sDoorNullPalette9
0x0842FBF0	rom	sDoorAnimTiles_Cerulean
0x0842FD70	rom	sDoorNullPalette10
0x0842FD90	rom	sDoorAnimTiles_Lavender
0x0842FF10	rom	sDoorNullPalette11
0x0842FF30	rom	sDoorAnimTiles_Vermilion
0x084300B0	rom	sDoorNullPalette12
0x084300D0	rom	sDoorAnimTiles_PokemonFanClub
0x08430250	rom	sDoorNullPalette13
0x08430270	rom	sDoorAnimTiles_DeptStore
0x084303F0	rom	sDoorNullPalette14
0x08430410	rom	sDoorAnimTiles_Fuchsia
0x08430590	rom	sDoorNullPalette15
0x084305B0	rom	sDoorAnimTiles_SafariZone
0x08430730	rom	sDoorNullPalette16
0x08430750	rom	sDoorAnimTiles_CinnabarLab
0x084308D0	rom	sDoorNullPalette17
0x084308F0	rom	sDoorAnimTiles_DeptStoreElevator
0x08430BF0	rom	sDoorNullPalette18
0x08430C10	rom	sDoorAnimTiles_CableClub
0x08430F10	rom	sDoorNullPalette19
0x08430F30	rom	sDoorAnimTiles_HideoutElevator
0x08431230	rom	sDoorNullPalette20
0x08431250	rom	sDoorAnimTiles_SSAnne
0x08431550	rom	sDoorNullPalette21
0x08431570	rom	sDoorAnimTiles_Empty1
0x08431870	rom	sDoorNullPalette22
0x08431890	rom	sDoorAnimTiles_Empty2
0x08431B90	rom	sDoorNullPalette23
0x08431BB0	rom	sDoorAnimTiles_Empty3
0x08431EB0	rom	sDoorNullPalette24
0x08431ED0	rom	sDoorAnimTiles_Empty4
0x084321D0	rom	sDoorNullPalette25
0x084321F0	rom	sDoorAnimTiles_Empty5
0x084324F0	rom	sDoorNullPalette26
0x08432510	rom	sDoorAnimTiles_Empty6
0x08432810	rom	sDoorNullPalette27
0x08432830	rom	sDoorAnimTiles_Empty7
0x08432B30	rom	sDoorNullPalette28
0x08432B50	rom	sDoorAnimTiles_Empty8
0x08432CD0	rom	sDoorNullPalette29
0x08432CF0	rom	sDoorAnimTiles_Empty9
0x08432E70	rom	sDoorNullPalette30
0x08432E90	rom	sDoorAnimTiles_Empty10
0x08433010	rom	sDoorNullPalette31
0x08433030	rom	sDoorAnimTiles_Empty11
0x084331B0	rom	sDoorNullPalette32
0x084331D0	rom	sDoorAnimTiles_Empty12
0x08433350	rom	sDoorNullPalette33
0x08433370	rom	sDoorAnimTiles_Empty13
0x084334F0	rom	sDoorNullPalette34
0x08433510	rom	sDoorAnimTiles_Empty14
0x08433690	rom	sDoorNullPalette35
0x084336B0	rom	sDoorAnimTiles_Empty15
0x08433830	rom	sDoorNullPalette36
0x08433850	rom	sDoorAnimTiles_Empty16
0x084339D0	rom	sDoorNullPalette37
0x084339F0	rom	sDoorAnimTiles_Empty17
0x08433B70	rom	sDoorNullPalette38
0x08433B90	rom	sDoorAnimTiles_Empty18
0x08433D10	rom	sDoorNullPalette39
0x08433D30	rom	sDoorAnimTiles_Empty19
0x08433EB0	rom	sDoorNullPalette40
0x08433ED0	rom	sDoorAnimTiles_Empty20
0x08434050	rom	sDoorNullPalette41
0x08434070	rom	sDoorAnimTiles_Empty21
0x084341F0	rom	sDoorNullPalette42
0x08434210	rom	sDoorAnimTiles_Empty22
0x08434390	rom	sDoorNullPalette43
0x084343B0	rom	sDoorAnimTiles_Empty23
0x08434530	rom	sDoorNullPalette44
0x08434550	rom	sDoorAnimTiles_Empty24
0x084346D0	rom	sDoorNullPalette45
0x084346F0	rom	sDoorAnimTiles_Empty25
0x08434870	rom	sDoorNullPalette46
0x08434890	rom	sDoorAnimTiles_Empty26
0x08434A10	rom	sDoorNullPalette47
0x08434A30	rom	sDoorAnimTiles_Empty27
0x08434BB0	rom	sDoorNullPalette48
0x08434BD0	rom	sDoorAnimTiles_Empty28
0x08434D50	rom	sDoorNullPalette49
0x08434D70	rom	sDoorAnimTiles_Empty29
0x08434EF0	rom	sDoorNullPalette50
0x08434F10	rom	sDoorAnimTiles_Empty30
0x08435090	rom	sDoorNullPalette51
0x084350B0	rom	sDoorAnimTiles_Empty31
0x08435230	rom	sDoorNullPalette52
0x08435250	rom	sDoorAnimTiles_UnusedTop
0x08435350	rom	sDoorAnimTiles_Empty32
0x08435450	rom	sDoorAnimTiles_UnusedMidTop
0x08435550	rom	sDoorAnimTiles_Empty33
0x08435650	rom	sDoorAnimTiles_UnusedMidBottom
0x08435750	rom	sDoorAnimTiles_Empty34
0x08435850	rom	sDoorAnimTiles_UnusedBottom
0x08435950	rom	sDoorNullPalette53
0x08435970	rom	sDoorAnimTiles_SilphCoElevator
0x08435C70	rom	sDoorNullPalette54
0x08435C90	rom	sDoorAnimTiles_Sevii123
0x08435E10	rom	sDoorNullPalette55
0x08435E30	rom	sDoorAnimTiles_JoyfulGameCorner
0x08435FB0	rom	sDoorNullPalette56
0x08435FD0	rom	sDoorAnimTiles_OneIslandPokeCenter
0x08436150	rom	sDoorNullPalette57
0x08436170	rom	sDoorAnimTiles_Sevii45
0x084362F0	rom	sDoorNullPalette58
0x08436310	rom	sDoorAnimTiles_FourIslandDayCare
0x08436490	rom	sDoorNullPalette59
0x084364B0	rom	sDoorAnimTiles_RocketWarehouse
0x08436630	rom	sDoorNullPalette60
0x08436650	rom	sDoorAnimTiles_Sevii67
0x084367D0	rom	sDoorNullPalette61
0x084367F0	rom	sDoorAnimTiles_Teleporter
0x08436AF0	rom	sDoorNullPalette62
0x08436B10	rom	sDoorAnimTiles_TrainerTowerLobbyElevator
0x08436E10	rom	sDoorNullPalette63
0x08436E30	rom	sDoorAnimTiles_TrainerTowerRoofElevator
0x08437130	rom	sDoorNullPalette64
0x08437150	rom	sDoorAnimTiles_BattleTower
0x084372D0	rom	sDoorNullPalette65
0x084372F0	rom	sDoorAnimTiles_BattleTowerElevator
0x08437470	rom	sDoorNullPalette66
0x08437490	rom	sDoorAnimFrames_OpenSmall
0x084374A4	rom	sDoorAnimFrames_OpenLarge
0x084374B8	rom	sDoorAnimFrames_CloseSmall
0x084374CC	rom	sDoorAnimFrames_CloseLarge
0x084374E0	rom	sDoorAnimPalettes_General
0x084374E8	rom	sDoorAnimPalettes_SlidingSingle
0x084374F0	rom	sDoorAnimPalettes_SlidingDouble
0x084374F8	rom	sDoorAnimPalettes_Pallet
0x08437500	rom	sDoorAnimPalettes_OaksLab
0x08437508	rom	sDoorAnimPalettes_Viridian
0x08437510	rom	sDoorAnimPalettes_Pewter
0x08437518	rom	sDoorAnimPalettes_Saffron
0x08437520	rom	sDoorAnimPalettes_SilphCo
0x08437528	rom	sDoorAnimPalettes_Cerulean
0x08437530	rom	sDoorAnimPalettes_Lavender
0x08437538	rom	sDoorAnimPalettes_Vermilion
0x08437540	rom	sDoorAnimPalettes_PokemonFanClub
0x08437548	rom	sDoorAnimPalettes_DeptStore
0x08437550	rom	sDoorAnimPalettes_Fuchsia
0x08437558	rom	sDoorAnimPalettes_SafariZone
0x08437560	rom	sDoorAnimPalettes_CinnabarLab
0x08437568	rom	sDoorAnimPalettes_DeptStoreElevator
0x08437570	rom	sDoorAnimPalettes_CableClub
0x08437578	rom	sDoorAnimPalettes_HideoutElevator
0x08437580	rom	sDoorAnimPalettes_SSAnne
0x08437588	rom	sDoorAnimPalettes_SilphCoElevator
0x08437590	rom	sDoorAnimPalettes_Sevii123
0x08437598	rom	sDoorAnimPalettes_JoyfulGameCorner
0x084375A0	rom	sDoorAnimPalettes_OneIslandPokeCenter
0x084375A8	rom	sDoorAnimPalettes_Sevii45
0x084375B0	rom	sDoorAnimPalettes_FourIslandDayCare
0x084375B8	rom	sDoorAnimPalettes_RocketWarehouse
0x084375C0	rom	sDoorAnimPalettes_Sevii67
0x084375C8	rom	sDoorAnimPalettes_Teleporter
0x084375D0	rom	sDoorAnimPalettes_TrainerTowerLobbyElevator
0x084375D8	rom	sDoorAnimPalettes_TrainerTowerRoofElevator
0x084375E0	rom	sDoorGraphics
0x08437790	rom	gShadowEffectTemplateIds
0x08437794	rom	gShadowVerticalOffsets
0x0843779C	rom	gFadeFootprintsTireTracksFuncs
0x084377A4	rom	gAshFieldEffectFuncs
0x084377B8	rom	sNewGameOakObject_Gfx
0x08437FB8	rom	sNewGameOakObject_Pal
0x08437FD8	rom	sPokeballGlow_Gfx
0x08437FF8	rom	sPokeballGlow_Pal
0x08438018	rom	sPokecenterMonitor_Gfx
0x08438418	rom	sHofMonitor_Pal
0x08438438	rom	sHofMonitor_Gfx
0x08438638	rom	sFieldMoveStreaksOutdoors_Gfx
0x08438838	rom	sFieldMoveStreaksOutdoors_Pal
0x08438858	rom	sFieldMoveStreaksOutdoors_Tilemap
0x08438AD8	rom	sFieldMoveStreaksIndoors_Gfx
0x08438B58	rom	sFieldMoveStreaksIndoors_Pal
0x08438B78	rom	sFieldMoveStreaksIndoors_Tilemap
0x08438DF8	rom	sRockFragment_TopLeft
0x08438E18	rom	sRockFragment_TopRight
0x08438E38	rom	sRockFragment_BottomLeft
0x08438E58	rom	sRockFragment_BottomRight
0x08438E78	rom	sFldEffScrcmdTable
0x08438E98	rom	sNewGameOakOamAttributes
0x08438EA0	rom	sOamData_8x8
0x08438EA8	rom	sOamData_16x16
0x08438EB0	rom	sNewGameOakObjectSpriteFrames
0x08438EB8	rom	sNewGameOakObjectPaletteInfo
0x08438EC0	rom	sNewGameOakAnim
0x08438EC8	rom	sNewGameOakAnimTable
0x08438ECC	rom	sNewGameOakObjectTemplate
0x08438EE4	rom	gSpritePalette_PokeballGlow
0x08438EEC	rom	gSpritePalette_HofMonitor
0x08438EF4	rom	sOamData_32x16
0x08438EFC	rom	sPicTable_PokeballGlow
0x08438F04	rom	sPicTable_PokecenterMonitor
0x08438F24	rom	sPicTable_HofMonitor
0x08438F44	rom	sSubsprites_PokecenterMonitor
0x08438F54	rom	sSubspriteTable_PokecenterMonitor
0x08438F5C	rom	sSubsprites_HofMonitorBig
0x08438F6C	rom	sSubspriteTable_HofMonitorBig
0x08438F74	rom	sAnim_Static
0x08438F7C	rom	sAnim_Flicker
0x08438F9C	rom	sAnims_Flicker
0x08438FA4	rom	sAnim_HofMonitor
0x08438FCC	rom	sAnims_HofMonitor
0x08438FD0	rom	sSpriteTemplate_PokeballGlow
0x08438FE8	rom	sSpriteTemplate_PokecenterMonitor
0x08439000	rom	sSpriteTemplate_HofMonitor
0x08439018	rom	sPokecenterHealEffectFuncs
0x08439028	rom	sHallOfFameRecordEffectFuncs
0x08439038	rom	sPokeballGlowEffectFuncs
0x08439058	rom	sPokeballCoordOffsets
0x08439070	rom	sPokeballGlowReds
0x08439074	rom	sPokeballGlowGreens
0x08439078	rom	sPokeballGlowBlues
0x0843907C	rom	sFallWarpEffectCBPtrs
0x08439098	rom	sEscalatorWarpFieldEffectFuncs
0x084390B0	rom	sEscalatorWarpInFieldEffectFuncs
0x084390CC	rom	sUseWaterfallFieldEffectFuncs
0x084390E0	rom	sDiveFieldEffectFuncs
0x084390EC	rom	sLavaridgeGymB1FWarpEffectFuncs
0x08439104	rom	sLavaridgeGymB1FWarpExitEffectFuncs
0x08439114	rom	sLavaridgeGym1FWarpEffectFuncs
0x08439128	rom	sEscapeRopeWarpOutEffectFuncs
0x08439130	rom	sSpinDirections
0x08439138	rom	sEscapeRopeWarpInEffectFuncs
0x08439140	rom	sTeleportEffectFuncs
0x08439150	rom	sTeleportInEffectFuncs
0x0843915C	rom	sShowMonOutdoorsEffectFuncs
0x08439178	rom	sShowMonIndoorsEffectFuncs
0x08439194	rom	sUseSurfEffectFuncs
0x084391A8	rom	sUseVsSeekerEffectFuncs
0x084391B8	rom	sFlyOutFieldEffectFuncs
0x084391DC	rom	sAffineAnim_FlyBirdLeaveBall
0x084391F4	rom	sAffineAnim_FlyBirdReturnToBall
0x0843920C	rom	sAffineAnims_FlyBirdBall
0x08439214	rom	sFlyInFieldEffectFuncs
0x08439254	rom	sAffineAnim_FlyBirdOutOfMap
0x08439264	rom	sAffineAnim_FlyBirdIntoMap
0x0843927C	rom	sAffineAnims_FlyBirdWithPlayer
0x08439284	rom	sDestroyDeoxysRockEffectFuncs
0x08439290	rom	sImages_DeoxysRockFragment
0x084392B0	rom	sAnim_RockFragment_TopLeft
0x084392B8	rom	sAnim_RockFragment_TopRight
0x084392C0	rom	sAnim_RockFragment_BottomLeft
0x084392C8	rom	sAnim_RockFragment_BottomRight
0x084392D0	rom	sAnims_DeoxysRockFragment
0x084392E0	rom	sSpriteTemplate_DeoxysRockFragment
0x08439338	rom	sForcedMovementFuncs
0x084393E8	rom	sPlayerNotOnBikeFuncs
0x084393F4	rom	sQuestLogSurfDismountActionIds
0x084393FC	rom	sAcroBikeTrickMetatiles
0x08439410	rom	sAcroBikeTrickCollisionTypes
0x08439418	rom	sPlayerAvatarTransitionFuncs
0x08439438	rom	sArrowWarpMetatileBehaviorChecks
0x0843950C	rom	sPlayerAvatarGfxIds
0x0843951C	rom	sHoennLinkPartnerGfxIds
0x08439520	rom	sEmeraldLinkPartnerGfxIds
0x08439524	rom	sPlayerAvatarGfxToStateFlag
0x08439534	rom	sPlayerAvatarVsSeekerBikeGfxIds
0x08439538	rom	sArrowWarpMetatileBehaviorChecks2
0x08439548	rom	sBoulderTaskSteps
0x08439554	rom	sPlayerAvatarSecretBaseMatJump
0x08439558	rom	sPlayerAvatarSecretBaseMatSpin
0x08439568	rom	sFishingStateFuncs
0x084395B4	rom	sTeleportFacingDirectionSequence
0x084395BC	rom	dot.0
0x084395C0	rom	sFlashLevelToRadius
0x084395CC	rom	gMaxFlashLevel
0x084395D0	rom	sWindowTemplate_WhiteoutText
0x084395D8	rom	sWhiteoutTextColors
0x084395F8	rom	gTitleNames
0x0843A0BC	rom	sStringVarPtrs
0x0843A0C8	rom	sSlotMachineRandomSeeds
0x0843A0E0	rom	sSlotMachineIndices
0x0843A138	rom	sResortGorgeousDeluxeRewards
0x0843A144	rom	sElevatorCurrentFloorWindowTemplate
0x0843A14C	rom	sFloorNamePointers
0x0843A18C	rom	sFloorNameWidthPadding
0x0843A19C	rom	sElevatorWindowMetatilesGoingUp
0x0843A1B0	rom	sElevatorWindowMetatilesGoingDown
0x0843A1C4	rom	sElevatorAnimationDuration
0x0843A1D0	rom	sElevatorWindowAnimDuration
0x0843A278	rom	sListMenuLabels
0x0843A428	rom	sStarterSpecies
0x0843A430	rom	sMartMaps
0x0843A454	rom	sInsideOutsidePairs
0x0843A600	rom	sPokeCenter1FMaps
0x0843A62C	rom	sEliteFourLightingPalettes
0x0843A7AC	rom	sChampionRoomLightingPalettes
0x0843A8CC	rom	sEliteFourLightingTimers
0x0843A8D8	rom	sChampionRoomLightingTimers
0x0843A8E0	rom	sCapeBrinkCompatibleSpecies
0x0843A8E4	rom	sDeoxysObjectPals
0x0843AA44	rom	sDeoxysCoords
0x0843AA5C	rom	sDeoxysStepCaps
0x0843AA68	rom	CSWTCH.231
0x0843AA68	rom	CSWTCH.234
0x0843AA6C	rom	sPerStepCallbacks
0x0843AA8C	rom	sIcefallCaveIceCoords
0x0843AAA0	rom	sCloudSpriteMapCoords
0x0843AAAC	rom	sCloudSpriteSheet
0x0843AAB4	rom	sCloudSpriteOamData
0x0843AABC	rom	sCloudSpriteAnimCmd
0x0843AAC4	rom	sCloudSpriteAnimCmds
0x0843AAC8	rom	sCloudSpriteTemplate
0x0843AB08	rom	sRainSpriteCoords
0x0843AB68	rom	sRainSpriteOamData
0x0843AB70	rom	sRainSpriteFallAnimCmd
0x0843AB78	rom	sRainSpriteSplashAnimCmd
0x0843AB88	rom	sRainSpriteHeavySplashAnimCmd
0x0843AB98	rom	sRainSpriteAnimCmds
0x0843ABA4	rom	sRainSpriteTemplate
0x0843ABBC	rom	sRainSpriteMovement
0x0843ABC4	rom	sRainSpriteFallingDurations
0x0843ABCC	rom	sRainSpriteSheet
0x0843ABD4	rom	sSnowflakeSpriteOamData
0x0843ABDC	rom	sSnowflakeSpriteImages
0x0843ABEC	rom	sSnowflakeAnimCmd0
0x0843ABF4	rom	sSnowflakeAnimCmd1
0x0843ABFC	rom	sSnowflakeAnimCmds
0x0843AC04	rom	sSnowflakeSpriteTemplate
0x0843AC58	rom	sUnusedData
0x0843AC68	rom	sOamData_FogH
0x0843AC70	rom	sAnim_FogH_0
0x0843AC78	rom	sAnim_FogH_1
0x0843AC80	rom	sAnim_FogH_2
0x0843AC88	rom	sAnim_FogH_3
0x0843AC90	rom	sAnim_FogH_4
0x0843AC98	rom	sAnim_FogH_5
0x0843ACA0	rom	sAnims_FogH
0x0843ACB8	rom	sAffineAnim_FogH
0x0843ACC8	rom	sAffineAnims_FogH
0x0843ACCC	rom	sFogHorizontalSpriteTemplate
0x0843ACEC	rom	sAshSpriteSheet
0x0843ACF4	rom	sAshSpriteOamData
0x0843ACFC	rom	sAshSpriteAnimCmd0
0x0843AD08	rom	sAshSpriteAnimCmds
0x0843AD0C	rom	sAshSpriteTemplate
0x0843AD24	rom	gFogDiagonalSpriteSheet
0x0843AD2C	rom	sFogDiagonalSpriteOamData
0x0843AD34	rom	sFogDiagonalSpriteAnimCmd0
0x0843AD3C	rom	sFogDiagonalSpriteAnimCmds
0x0843AD40	rom	sFogDiagonalSpriteTemplate
0x0843AD58	rom	sSandstormSpriteOamData
0x0843AD60	rom	sSandstormSpriteAnimCmd0
0x0843AD68	rom	sSandstormSpriteAnimCmd1
0x0843AD70	rom	sSandstormSpriteAnimCmds
0x0843AD78	rom	sSandstormSpriteTemplate
0x0843AD90	rom	sSandstormSpriteSheet
0x0843AD98	rom	sSwirlEntranceDelays
0x0843ADA4	rom	sBubbleStartDelays
0x0843ADAC	rom	sWeatherBubbleSpriteSheet
0x0843ADB4	rom	sBubbleStartCoords
0x0843ADE8	rom	sBubbleSpriteAnimCmd0
0x0843ADF4	rom	sBubbleSpriteAnimCmds
0x0843ADF8	rom	sBubbleSpriteTemplate
0x0843AE10	rom	sWeatherCycleRoute119
0x0843AE14	rom	sWeatherCycleRoute123
0x0843AE70	rom	sDarkenedContrastColorMaps
0x0843B0D0	rom	sContrastColorMaps
0x0843B330	rom	gWeatherPtr
0x0843B334	rom	sWeatherFuncs
0x0843B424	rom	sWeatherPalStateFuncs
0x0843B434	rom	sBasePaletteGammaTypes
0x0843B454	rom	sDroughtWeatherColors
0x08447454	rom	gDefaultWeatherSpritePalette
0x08447474	rom	gCloudsWeatherPalette
0x08447494	rom	gSandstormWeatherPalette
0x084474B4	rom	gWeatherFogDiagonalTiles
0x08447CB4	rom	gWeatherFogHorizontalTiles
0x084484B4	rom	gWeatherCloudTiles
0x08448CB4	rom	gWeatherSnow1Tiles
0x08448CD4	rom	gWeatherSnow2Tiles
0x08448CF4	rom	gWeatherBubbleTiles
0x08448D34	rom	gWeatherAshTiles
0x08449D34	rom	gWeatherRainTiles
0x0844A334	rom	gWeatherSandstormTiles
0x0844AD8C	rom	CSWTCH.87
0x0844AD8C	rom	CSWTCH.90
0x0844AD9C	rom	CSWTCH.88
0x0844AD9C	rom	CSWTCH.91
0x0844ADA0	rom	sDummyConnectionFlags
0x0844ADA4	rom	sMetatileAttrMasks
0x0844ADC4	rom	sMetatileAttrShifts
0x0844ADCC	rom	sCutGrassMetatileMapping
0x0844AE84	rom	sOamData_FldEff_CutGrass
0x0844AE8C	rom	sSpriteAnim_Fldeff_CutGrass_0
0x0844AE94	rom	sSpriteAnimTable_FldEff_CutGrass
0x0844AE98	rom	sSpriteFrameImages_FldEff_CutGrass
0x0844AEA0	rom	gFldEffPalette_CutGrass
0x0844AEA8	rom	sSpriteTemplate_FldEff_CutGrass
0x0844AEC0	rom	sTransitionTypes
0x0844AF8C	rom	sCaveTransitionPalette_White
0x0844AFAC	rom	sCaveTransitionPalette_Black
0x0844AFCC	rom	sCaveTransitionPalette_Enter
0x0844AFDC	rom	sCaveTransitionPalette_Exit
0x0844AFEC	rom	sCaveTransitionTilemap
0x0844B1CC	rom	sCaveTransitionTiles
0x0844B298	rom	gBattleInterface_Textbox_Gfx
0x0844B770	rom	gBattleInterface_Textbox_Pal
0x0844B7B4	rom	gBattleInterface_Textbox_Tilemap
0x0844B9E0	rom	gMonFrontPic_CircledQuestionMark
0x0844BC24	rom	gMonBackPic_CircledQuestionMark
0x0844BE68	rom	gMonPalette_CircledQuestionMark
0x0844BE80	rom	gMonShinyPalette_CircledQuestionMark
0x0844BE98	rom	gUnusedGfx_OldCharmap
0x0844C670	rom	gUnusedTimemap_OldCharmap
0x0844C89C	rom	gUnusedPal_OldCharmap
0x0844C8C4	rom	gSmokescreenImpactTiles
0x0844C9A4	rom	gSmokescreenImpactPalette
0x0844C9BC	rom	gBallGfx_Poke
0x0844CA78	rom	gBallPal_Poke
0x0844CA98	rom	gBallGfx_Great
0x0844CB54	rom	gBallPal_Great
0x0844CB78	rom	gBallGfx_Safari
0x0844CC3C	rom	gBallPal_Safari
0x0844CC60	rom	gBallGfx_Ultra
0x0844CD14	rom	gBallPal_Ultra
0x0844CD34	rom	gBallGfx_Master
0x0844CDF4	rom	gBallPal_Master
0x0844CE18	rom	gBallGfx_Net
0x0844CED8	rom	gBallPal_Net
0x0844CEF8	rom	gBallGfx_Dive
0x0844D00C	rom	gBallPal_Dive
0x0844D034	rom	gBallGfx_Nest
0x0844D0F8	rom	gBallPal_Nest
0x0844D11C	rom	gBallGfx_Repeat
0x0844D1DC	rom	gBallPal_Repeat
0x0844D200	rom	gBallGfx_Timer
0x0844D2F8	rom	gBallPal_Timer
0x0844D31C	rom	gBallGfx_Luxury
0x0844D448	rom	gBallPal_Luxury
0x0844D470	rom	gBallGfx_Premier
0x0844D560	rom	gBallPal_Premier
0x0844D580	rom	gOpenPokeballGfx
0x0844D5FC	rom	gBlankGfxCompressed
0x0844D6F8	rom	gBattleAnimSpriteGfx_Bubble
0x0844D7B8	rom	gBattleAnimSpriteGfx_Bone
0x0844D868	rom	gBattleAnimSpriteGfx_AirWave
0x0844D8DC	rom	gBattleAnimSpriteGfx_Orb
0x0844D98C	rom	gBattleAnimSpriteGfx_Sword
0x0844DA60	rom	gBattleAnimSpriteGfx_Seed
0x0844DB2C	rom	gBattleAnimSpritePal_RainDrops
0x0844DB4C	rom	gBattleAnimSpritePal_Bone
0x0844DB70	rom	gBattleAnimSpritePal_AirWave
0x0844DB98	rom	gBattleAnimSpritePal_Orb
0x0844DBAC	rom	gBattleAnimSpritePal_Sword
0x0844DBD4	rom	gBattleAnimSpritePal_Seed
0x0844DBFC	rom	gBattleAnimSpriteGfx_Needle
0x0844DC24	rom	gBattleAnimSpritePal_Needle
0x0844DC4C	rom	gBattleAnimSpriteGfx_Explosion6
0x0844DDC8	rom	gBattleAnimSpritePal_Explosion6
0x0844DDE8	rom	gBattleAnimSpriteGfx_PinkOrb
0x0844DE08	rom	gBattleAnimSpritePal_PinkOrb
0x0844DE24	rom	gBattleAnimSpritePal_IceCube
0x0844DE44	rom	gBattleAnimSpriteGfx_IceCube
0x0844E224	rom	gBattleAnimSpriteGfx_Gust
0x0844E50C	rom	gBattleAnimSpritePal_Gust
0x0844E52C	rom	gBattleAnimSpriteGfx_Spark2
0x0844E5A4	rom	gBattleAnimSpritePal_Spark2
0x0844E5CC	rom	gBattleAnimSpriteGfx_Orange
0x0844E634	rom	gBattleAnimSpritePal_Orange
0x0844E64C	rom	gBattleAnimSpriteGfx_Spikes
0x0844E694	rom	gBattleAnimSpritePal_Spikes
0x0844E6B8	rom	gBattleAnimSpriteGfx_YellowBall
0x0844E6EC	rom	gBattleAnimSpritePal_YellowBall
0x0844E704	rom	gBattleAnimSpriteGfx_TiedBag
0x0844E770	rom	gBattleAnimSpritePal_TiedBag
0x0844E798	rom	gBattleAnimSpriteGfx_BlackSmoke
0x0844E808	rom	gBattleAnimSpritePal_BlackSmoke
0x0844E818	rom	gBattleAnimSpriteGfx_BlackBall
0x0844E838	rom	gBattleAnimSpritePal_BlackBall
0x0844E85C	rom	gBattleAnimSpritePal_Glass
0x0844E878	rom	gBattleAnimSpriteGfx_Glass
0x0844E938	rom	gBattleAnimSpriteGfx_HornHit
0x0844EA04	rom	gBattleAnimSpritePal_HornHit
0x0844EA2C	rom	gBattleAnimSpritePal_BlueShards
0x0844EA54	rom	gBattleAnimSpriteGfx_BlueShards
0x0844EB5C	rom	gUnused_BattleSpritePalette_023
0x0844EB84	rom	gUnusedGfx_MusicNotes
0x0844EC80	rom	gBattleAnimSpritePal_Hit
0x0844ECA8	rom	gBattleAnimSpriteGfx_Hit
0x0844EFE0	rom	gBattleAnimSpritePal_Hit2
0x0844F008	rom	gBattleAnimSpritePal_WavingHand
0x0844F030	rom	gBattleAnimSpriteGfx_WavingHand
0x0844F120	rom	gBattleAnimSpriteGfx_ClosingEye
0x0844F1EC	rom	gBattleAnimSpritePal_ClosingEye
0x0844F200	rom	gBattleAnimSpriteGfx_BlueStar
0x0844F5E0	rom	gBattleAnimSpritePal_BlueStar
0x0844F600	rom	gBattleAnimSpritePal_BubbleBurst
0x0844F628	rom	gBattleAnimSpriteGfx_BubbleBurst
0x0844F714	rom	gBattleAnimSpriteGfx_HitDuplicate
0x0844FA4C	rom	gBattleAnimSpritePal_HitDuplicate
0x0844FA74	rom	gBattleAnimSpritePal_Leer
0x0844FA9C	rom	gBattleAnimSpriteGfx_Leer
0x0844FD98	rom	gBattleAnimSpritePal_BlueBurst
0x0844FDC0	rom	gBattleAnimSpriteGfx_BlueBurst
0x08450110	rom	gBattleAnimSpriteGfx_SmallEmber
0x084503C8	rom	gBattleAnimSpritePal_SmallEmber
0x084503F0	rom	gBattleAnimSpriteGfx_GraySmoke
0x084507B0	rom	gBattleAnimSpritePal_GraySmoke
0x084507D4	rom	gBattleAnimSpritePal_Fire
0x084507FC	rom	gBattleAnimSpriteGfx_Fire
0x0845116C	rom	gBattleAnimSpriteGfx_SpinningFire
0x08451538	rom	gBattleAnimSpriteGfx_FirePlume
0x084518D0	rom	gBattleAnimSpritePal_Lightning2
0x084518F8	rom	gBattleAnimSpriteGfx_Lightning2
0x08451CCC	rom	gBattleAnimSpriteGfx_Lightning
0x08452018	rom	gBattleAnimSpriteGfx_SpinningBall
0x0845205C	rom	gBattleAnimSpritePal_SpinningBall
0x08452070	rom	gBattleAnimSpritePal_SpinningBall2
0x084520A4	rom	gOldBattleInterfaceGfx
0x08452408	rom	gOldBattleInterfacePal_1_2_3
0x0845244C	rom	gOldBattleInterfacePal4
0x08452464	rom	gOldBattleInterfacePal_5_6_7
0x084524BC	rom	gOldBattleInterfaceGfx2
0x08452A84	rom	gOldBattleInterfaceTilemap
0x08452B94	rom	gBattleAnimSpritePal_ClawSlash2
0x08452BBC	rom	gBattleAnimSpritePal_ClawSlash
0x08452BE4	rom	gBattleAnimSpriteGfx_ClawSlash2
0x08452E08	rom	gBattleAnimSpriteGfx_ClawSlash
0x08453104	rom	gBattleAnimSpriteGfx_Scratch3
0x08453310	rom	gBattleAnimSpriteGfx_Scratch2
0x084534B0	rom	gUnusedHpBar_Gfx
0x08453544	rom	gBattleAnimSpriteGfx_BubbleBurst2
0x08453814	rom	gBattleAnimSpritePal_BubbleBurst2
0x0845383C	rom	gBattleAnimSpriteGfx_IceChunk
0x08453C3C	rom	gBattleAnimSpritePal_IceChunk
0x08453C64	rom	gBattleAnimSpritePal_Glass2
0x08453C8C	rom	gBattleAnimSpriteGfx_Glass2
0x08453EF8	rom	gBattleAnimSpritePal_PinkHeart2
0x08453F20	rom	gBattleAnimSpriteGfx_PinkHeart2
0x0845418C	rom	gInterfaceGfx_UnusedWindow
0x08454648	rom	gInterfacePal_UnusedWindow
0x08454670	rom	gInterfaceGfx_HPNumbers
0x08454884	rom	gBattleAnimSpriteGfx_SapDrip
0x08454C64	rom	gBattleAnimSpritePal_SapDrip
0x08454C84	rom	gBattleAnimSpritePal_SapDrip2
0x08454CA8	rom	gUnusedGfx_Window2
0x08454F44	rom	gUnusedGfx_Window2Bar
0x08454F70	rom	gBattleAnimSpriteGfx_Sparkle1
0x08455208	rom	gBattleAnimSpritePal_Sparkle1
0x08455230	rom	gBattleAnimSpritePal_Sparkle2
0x08455258	rom	gBattleAnimSpritePal_HumanoidFoot
0x0845527C	rom	gBattleAnimSpriteGfx_HumanoidFoot
0x0845531C	rom	gBattleAnimSpriteGfx_MonsterFoot
0x084553C8	rom	gBattleAnimSpriteGfx_HumanoidHand
0x08455494	rom	gUnusedGfx_LineSketch
0x08455618	rom	gUnusedPal_LineSketch
0x08455628	rom	gBattleAnimSpriteGfx_YellowUnk
0x08455654	rom	gBattleAnimSpritePal_YellowUnk
0x0845566C	rom	gBattleAnimSpriteGfx_SlamHit
0x08455B14	rom	gBattleAnimSpritePal_SlamHit
0x08455B3C	rom	gBattleAnimSpriteGfx_RedFist
0x08455C00	rom	gBattleAnimSpriteGfx_Ring
0x08455C88	rom	gBattleAnimSpritePal_Ring
0x08455CAC	rom	gBattleAnimSpriteGfx_Rocks
0x08456114	rom	gBattleAnimSpritePal_Rocks
0x0845613C	rom	gBattleAnimSpriteGfx_Z
0x0845619C	rom	gBattleAnimSpritePal_Z
0x084561B8	rom	gBattleAnimSpriteGfx_YellowUnk2
0x084561E0	rom	gBattleAnimSpritePal_YellowUnk2
0x084561FC	rom	gBattleAnimSpriteGfx_AirSlash
0x084562AC	rom	gBattleAnimSpritePal_AirSlash
0x084562CC	rom	gBattleAnimSpriteGfx_SpinningGreenOrbs
0x0845669C	rom	gBattleAnimSpritePal_SpinningGreenOrbs
0x084566C4	rom	gBattleAnimSpriteGfx_Leaf
0x08456880	rom	gBattleAnimSpritePal_Leaf
0x084568A8	rom	gUnusedGfx_Metronome
0x08456918	rom	gBattleAnimSpritePal_Clapping
0x0845693C	rom	gBattleAnimSpriteGfx_PoisonPowder
0x08456A50	rom	gBattleAnimSpritePal_PoisonPowder
0x08456A70	rom	gBattleAnimSpriteGfx_BrownTriangle
0x08456ABC	rom	gBattleAnimSpritePal_BrownTriangle
0x08456AE4	rom	gBattleAnimSpriteGfx_Sparkle3
0x08456B64	rom	gBattleAnimSpritePal_Sparkle3
0x08456B8C	rom	gBattleAnimSpriteGfx_Sparkle4
0x08456DB8	rom	gBattleAnimSpriteGfx_MusicNotes
0x08456E88	rom	gBattleAnimSpritePal_MusicNotes
0x08456EA0	rom	gBattleAnimSpriteGfx_Duck
0x08456FBC	rom	gBattleAnimSpritePal_Duck
0x08456FDC	rom	gBattleAnimSpriteGfx_Alert
0x08457258	rom	gBattleAnimSpritePal_Alert
0x0845727C	rom	gBattleAnimSpriteGfx_Shock4
0x08457414	rom	gBattleAnimSpritePal_Shock4
0x0845743C	rom	gBattleAnimSpriteGfx_Shock
0x0845786C	rom	gBattleAnimSpriteGfx_Bell2
0x08457BD0	rom	gBattleAnimSpritePal_Bell2
0x08457BF4	rom	gBattleAnimSpriteGfx_PinkGlove
0x08457C78	rom	gBattleAnimSpritePal_PinkGlove
0x08457C9C	rom	gBattleAnimUnused_Unknown1
0x08457CC0	rom	gBattleAnimUnused_Unknown2
0x08457CE4	rom	gBattleAnimUnused_Unknown3
0x08457D08	rom	gBattleAnimUnusedGfx_LineSketch2
0x08457D60	rom	gBattleAnimUnusedPal_LineSketch2
0x08457D80	rom	gBattleAnimUnusedTilemap_LineSketch2
0x08457E10	rom	gBattleAnimSpriteGfx_BlueLines
0x08457E34	rom	gBattleAnimSpritePal_BlueLines
0x08457E48	rom	gBattleAnimSpritePal_Impact3
0x08457E70	rom	gBattleAnimSpritePal_Impact2
0x08457E98	rom	gBattleAnimSpritePal_Reticle
0x08457EB0	rom	gBattleAnimSpritePal_Breath
0x08457ED8	rom	gBattleAnimSpritePal_Snowball
0x08457EF4	rom	gBattleAnimSpritePal_Vine
0x08457F1C	rom	gBattleAnimSpritePal_Sword2
0x08457F40	rom	gBattleAnimSpritePal_RedTube
0x08457F5C	rom	gBattleAnimSpritePal_Amnesia
0x08457F84	rom	gBattleAnimSpritePal_String2
0x08457FA4	rom	gBattleAnimUnused_Unknown4
0x08457FC4	rom	gBattleAnimSpritePal_Pencil2
0x08457FEC	rom	gBattleAnimSpritePal_Petal
0x08458008	rom	gBattleAnimSpritePal_BentSpoon
0x08458030	rom	gBattleAnimSpritePal_Coin
0x0845804C	rom	gBattleAnimSpritePal_CrackedEgg
0x08458074	rom	gBattleAnimSpritePal_FreshEgg
0x08458098	rom	gBattleAnimSpriteGfx_Impact3
0x0845853C	rom	gBattleAnimSpriteGfx_Impact2
0x08458900	rom	gBattleAnimSpriteGfx_Reticle
0x084589B8	rom	gBattleAnimSpriteGfx_Breath
0x08458B28	rom	gBattleAnimSpriteGfx_Snowball
0x08458B78	rom	gBattleAnimSpriteGfx_Vine
0x08458DEC	rom	gBattleAnimSpriteGfx_Sword2
0x08458E7C	rom	gBattleAnimSpriteGfx_Clapping
0x08458FB0	rom	gBattleAnimSpriteGfx_RedTube
0x0845902C	rom	gBattleAnimSpriteGfx_Amnesia
0x084596FC	rom	gBattleAnimSpriteGfx_String2
0x084598A0	rom	gBattleAnimSpriteGfx_Pencil2
0x08459950	rom	gBattleAnimSpriteGfx_Petal
0x08459AC0	rom	gBattleAnimSpriteGfx_BentSpoon
0x08459CA0	rom	gBattleAnimSpriteGfx_Web
0x08459DD8	rom	gBattleAnimSpriteGfx_Coin
0x08459ED8	rom	gBattleAnimSpriteGfx_CrackedEgg
0x0845A008	rom	gBattleAnimSpriteGfx_HatchedEgg
0x0845A1A0	rom	gBattleAnimSpriteGfx_FreshEgg
0x0845A20C	rom	gBattleAnimSpriteGfx_Fangs
0x0845A3CC	rom	gBattleAnimSpritePal_Fangs
0x0845A3F4	rom	gBattleAnimSpriteGfx_Explosion2
0x0845A978	rom	gBattleAnimSpritePal_Explosion2
0x0845A9A0	rom	gBattleAnimSpriteGfx_Explosion3
0x0845AA90	rom	gBattleAnimSpriteGfx_WaterDroplet
0x0845AE3C	rom	gBattleAnimSpritePal_WaterDroplet
0x0845AE64	rom	gBattleAnimSpriteGfx_WaterDroplet2
0x0845B1E8	rom	gBattleAnimSpriteGfx_Seed2
0x0845B210	rom	gBattleAnimSpritePal_Seed2
0x0845B238	rom	gBattleAnimSpriteGfx_Sprout
0x0845B61C	rom	gBattleAnimSpriteGfx_RedWand
0x0845B660	rom	gBattleAnimSpritePal_RedWand
0x0845B684	rom	gBattleAnimSpriteGfx_PurpleGreenUnk
0x0845B9AC	rom	gBattleAnimSpritePal_PurpleGreenUnk
0x0845B9D4	rom	gBattleAnimSpriteGfx_WaterColumn
0x0845BC40	rom	gBattleAnimSpritePal_WaterColumn
0x0845BC68	rom	gBattleAnimSpriteGfx_MudUnk
0x0845BD5C	rom	gBattleAnimSpritePal_MudUnk
0x0845BD84	rom	gUnusedTilemap_BlueFrame
0x0845BE9C	rom	gUnusedTilemap_RedYellowGreenFrame
0x0845C29C	rom	gUnusedGfx_ColorFrames
0x0845C83C	rom	gUnusedPal_ColorFrames
0x0845C864	rom	gBattleAnimSpriteGfx_RainDrops
0x0845C994	rom	gUnusedGfx8bpp_WaterSplash
0x0845CB1C	rom	gUnusedTilemap_WaterSplash
0x0845CBFC	rom	gUnusedPalette_WaterSplash
0x0845CC5C	rom	gUnusedGfx_BasicFrame
0x0845CCE8	rom	gUnusedPal_BasicFrame
0x0845CD10	rom	gUnusedTilemap_BasicFrame
0x0845CE1C	rom	gBattleInterface_Healthbox_Pal
0x0845CE3C	rom	gBattleInterface_Healthbar_Pal
0x0845CE5C	rom	gBattleInterface_Gfx
0x0845DD5C	rom	gBattleInterfaceGfx_UnusedWindow3
0x0845DE98	rom	gBattleInterfaceGfx_UnusedWindow4
0x0845E148	rom	gNuzlockeFirstEncounterIndicator
0x0845E168	rom	gBattleAnimSpriteGfx_FurySwipes
0x0845E414	rom	gBattleAnimSpritePal_FurySwipes
0x0845E43C	rom	gBattleAnimSpriteGfx_Vine2
0x0845E678	rom	gBattleAnimSpritePal_Vine2
0x0845E694	rom	gBattleAnimSpriteGfx_Teeth
0x0845E82C	rom	gBattleAnimSpritePal_Teeth
0x0845E848	rom	gBattleAnimSpriteGfx_Bone2
0x0845EAD8	rom	gBattleAnimSpritePal_Bone2
0x0845EB00	rom	gBattleAnimSpriteGfx_WhiteBag
0x0845EBF4	rom	gBattleAnimSpritePal_WhiteBag
0x0845EC1C	rom	gBattleAnimSpriteGfx_Unknown
0x0845EC48	rom	gBattleAnimSpritePal_Unknown
0x0845EC6C	rom	gBattleAnimSpriteGfx_PurpleCoral
0x0845ED68	rom	gBattleAnimSpritePal_PurpleCoral
0x0845ED84	rom	gBattleAnimSpriteGfx_PurpleDroplet
0x0845EEC0	rom	gBattleAnimSpriteGfx_Shock2
0x0845F158	rom	gBattleAnimSpritePal_Shock2
0x0845F180	rom	gBattleAnimSpriteGfx_ClosingEye2
0x0845F26C	rom	gBattleAnimSpritePal_ClosingEye2
0x0845F294	rom	gBattleAnimSpriteGfx_MetalBall
0x0845F2FC	rom	gBattleAnimSpritePal_MetalBall
0x0845F31C	rom	gBattleAnimSpriteGfx_MonsterDoll
0x0845F4BC	rom	gBattleAnimSpritePal_MonsterDoll
0x0845F4E0	rom	gBattleAnimSpriteGfx_Whirlwind
0x0845F74C	rom	gBattleAnimSpritePal_Whirlwind
0x0845F76C	rom	gBattleAnimSpriteGfx_Whirlwind2
0x0845F7D0	rom	gBattleAnimSpriteGfx_Explosion4
0x0845FBA0	rom	gBattleAnimSpritePal_Explosion4
0x0845FBC8	rom	gBattleAnimSpriteGfx_Explosion5
0x0845FD38	rom	gBattleAnimSpriteGfx_Tongue
0x0845FE38	rom	gBattleAnimSpritePal_Tongue
0x0845FE58	rom	gBattleAnimSpriteGfx_Smoke
0x0845FED4	rom	gBattleAnimSpritePal_Smoke
0x0845FEFC	rom	gBattleAnimSpriteGfx_Smoke2
0x0845FFCC	rom	gBattleAnimSpriteGfx_BlueFlames
0x08460208	rom	gBattleAnimSpritePal_BlueFlames
0x08460230	rom	gBattleAnimSpriteGfx_BlueFlames2
0x08460304	rom	gJpContest_Gfx1
0x08460C18	rom	gJpContest_Pal
0x08460D1C	rom	gJpContest_Bg_Tilemap
0x08460EA0	rom	gJpContest_Windows_Tilemap
0x08461160	rom	gJpContest_Numbers_Gfx
0x08461250	rom	gJpContest_Numbers_Pal
0x08461270	rom	gJpContest_Gfx2
0x08462280	rom	gContest_Interface_Pal
0x08462398	rom	gContest_Audience_Tilemap
0x08462560	rom	gContest_Interface_Tilemap
0x08462800	rom	gJpContest_Interface_Tilemap
0x0846290C	rom	gJpContest_Audience_Tilemap
0x08462D70	rom	gContest_Curtain_Tilemap
0x08462EA0	rom	gContest_Interface_Gfx
0x08463A38	rom	gContest_Audience_Gfx
0x08464694	rom	gContest_Faces_Gfx
0x084647B0	rom	gContest_JudgeSymbols_Gfx
0x08464954	rom	gContest_JudgeSymbols_Pal
0x0846497C	rom	gContest_SliderHeart_Gfx
0x0846499C	rom	gJpContest_Voltage_Gfx
0x08464A8C	rom	gJpContest_Voltage_Pal
0x08464AB4	rom	gJpContestResults_Gfx
0x0846531C	rom	gContestResults_WinnerBanner_Tilemap
0x08465430	rom	gContestResults_Interface_Tilemap
0x0846555C	rom	gContestResults_Bg_Tilemap
0x084656E4	rom	gContestResults_Pal
0x084657D0	rom	gBattleAnimSpriteGfx_Impact
0x084658A8	rom	gBattleAnimSpritePal_Impact
0x084658C0	rom	gBattleAnimSpriteGfx_Particles
0x08465970	rom	gBattleAnimSpriteGfx_CircleImpact
0x08465994	rom	gBattleAnimSpritePal_CircleImpact
0x084659BC	rom	gBattleAnimSpriteGfx_Scratch
0x08465BC0	rom	gBattleAnimSpriteGfx_SharpTeeth
0x08465DB0	rom	gBattleAnimSpritePal_SharpTeeth
0x08465DD0	rom	gBattleAnimSpriteGfx_Clamp
0x08465F70	rom	gBattleAnimSpriteGfx_Cut
0x084660BC	rom	gBattleAnimSpriteGfx_RainbowRings
0x0846613C	rom	gBattleAnimSpritePal_RainbowRings
0x0846615C	rom	gBattleAnimSpriteGfx_IceCrystals
0x08466264	rom	gBattleAnimSpritePal_IceCrystals
0x08466284	rom	gBattleAnimSpriteGfx_IceSpikes
0x084662E4	rom	gUnusedGfx_OldBeatUp
0x08466380	rom	gUnusedPal_OldBeatUp
0x0846639C	rom	gBattleAnimSpriteGfx_Orbs
0x084664B0	rom	gBattleAnimSpritePal_Orbs
0x084664D8	rom	gBattleAnimSpriteGfx_WaterOrb
0x084665A8	rom	gBattleAnimSpriteGfx_WaterImpact
0x0846668C	rom	gBattleAnimSpritePal_WaterImpact
0x084666AC	rom	gBattleAnimSpritePal_BrownOrb
0x084666CC	rom	gBattleAnimSpriteGfx_MudSand
0x08466734	rom	gBattleAnimSpritePal_MudSand
0x08466758	rom	gBattleAnimSpriteGfx_PoisonBubble
0x0846682C	rom	gBattleAnimSpritePal_PoisonBubble
0x08466848	rom	gBattleAnimSpriteGfx_ToxicBubble
0x08466940	rom	gBattleAnimSpriteGfx_HornHit2
0x084669AC	rom	gBattleAnimSpritePal_HornHit2
0x084669C4	rom	gBattleAnimSpriteGfx_AirWave2
0x08466A70	rom	gBattleAnimSpritePal_AirWave2
0x08466A90	rom	gBattleAnimSpriteGfx_SmallBubbles
0x08466B58	rom	gBattleAnimSpritePal_SmallBubbles
0x08466B78	rom	gBattleAnimSpriteGfx_RoundShadow
0x08466D90	rom	gBattleAnimSpritePal_RoundShadow
0x08466DB8	rom	gBattleAnimSpriteGfx_Sunlight
0x08466E1C	rom	gBattleAnimSpritePal_Sunlight
0x08466E34	rom	gBattleAnimSpriteGfx_Spore
0x08466EFC	rom	gBattleAnimSpritePal_Spore
0x08466F20	rom	gBattleAnimSpriteGfx_Flower
0x08466F9C	rom	gBattleAnimSpritePal_Flower
0x08466FC4	rom	gBattleAnimSpriteGfx_RazorLeaf
0x0846706C	rom	gBattleAnimSpritePal_RazorLeaf
0x08467094	rom	gBattleAnimSpriteGfx_MistCloud
0x0846710C	rom	gBattleAnimSpritePal_MistCloud
0x0846712C	rom	gBattleAnimUnusedGfx_Lights
0x08467154	rom	gBattleAnimUnusedPal_Lights
0x0846716C	rom	gBattleAnimUnusedTilemap_Lights
0x08467270	rom	gBattleAnimSpriteGfx_WhirlwindLines
0x084672F4	rom	gBattleAnimSpritePal_WhirlwindLines
0x08467314	rom	gBattleAnimSpriteGfx_GoldRing
0x08467374	rom	gBattleAnimSpritePal_GoldRing
0x0846738C	rom	gBattleAnimSpritePal_BlueRing2
0x084673A4	rom	gBattleAnimSpritePal_PurpleRing
0x084673BC	rom	gBattleAnimSpritePal_BlueRing
0x084673D4	rom	gBattleAnimSpriteGfx_GreenLightWall
0x084676E0	rom	gBattleAnimSpritePal_GreenLightWall
0x08467700	rom	gBattleAnimSpritePal_BlueLightWall
0x08467720	rom	gBattleAnimSpritePal_RedLightWall
0x08467740	rom	gBattleAnimSpritePal_GrayLightWall
0x08467760	rom	gBattleAnimSpritePal_OrangeLightWall
0x08467780	rom	gBattleAnimSpriteGfx_BlackBall2
0x084677CC	rom	gBattleAnimSpritePal_BlackBall2
0x084677F4	rom	gBattleAnimSpritePal_PurpleGasCloud
0x08467814	rom	gContestJudgeGfx
0x08467AE8	rom	gContestJudgePal
0x08467B10	rom	gBattleAnimSpriteGfx_Spark
0x08467BC4	rom	gBattleAnimSpritePal_Spark
0x08467BEC	rom	gBattleAnimSpriteGfx_SparkH
0x08467C74	rom	gBattleAnimBgImage_Dark
0x0846826C	rom	gBattleAnimBgPalette_Dark
0x0846828C	rom	gBattleAnimBgTilemap_Dark
0x084684DC	rom	gMetalShineGfx
0x08468618	rom	gMetalShinePalette
0x08468640	rom	gMetalShineTilemap
0x084687B4	rom	gUnusedGfx_Goosuto
0x084688C4	rom	gUnusedPal_Goosuto
0x084688DC	rom	gUnusedTilemap_Goosuto
0x08468A2C	rom	gBattleAnimSpriteGfx_YellowStar
0x08468ACC	rom	gBattleAnimSpritePal_YellowStar
0x08468AF4	rom	gBattleAnimSpriteGfx_LargeFreshEgg
0x08468B58	rom	gBattleAnimSpritePal_LargeFreshEgg
0x08468B80	rom	gBattleAnimSpriteGfx_ShadowBall
0x08468CD8	rom	gBattleAnimSpritePal_ShadowBall
0x08468D00	rom	gBattleAnimSpriteGfx_Lick
0x08468DC4	rom	gBattleAnimSpritePal_Lick
0x08468DDC	rom	gBattleAnimSpriteGfx_VoidLines
0x08468F44	rom	gBattleAnimSpritePal_VoidLines
0x08468F6C	rom	gBattleAnimSpritePal_String
0x08468F94	rom	gBattleAnimSpriteGfx_String
0x08469070	rom	gBattleAnimSpriteGfx_WebThread
0x08469088	rom	gBattleAnimSpriteGfx_SpiderWeb
0x08469418	rom	gBattleAnimSpriteGfx_Lightbulb
0x084694BC	rom	gBattleAnimSpritePal_Lightbulb
0x084694E4	rom	gBattleAnimSpriteGfx_Slash
0x0846975C	rom	gBattleAnimSpritePal_Slash
0x08469784	rom	gBattleAnimSpriteGfx_FocusEnergy
0x084698D8	rom	gBattleAnimSpritePal_FocusEnergy
0x08469900	rom	gBattleAnimSpriteGfx_SphereToCube
0x08469D14	rom	gBattleAnimSpritePal_SphereToCube
0x08469D3C	rom	gBattleAnimBgImage_Psychic
0x08469F0C	rom	gBattleAnimBgPalette_Psychic
0x08469F30	rom	gBattleAnimBgTilemap_Psychic
0x08469FF8	rom	gBattleAnimSpriteGfx_Eye
0x0846A1E8	rom	gBattleAnimSpritePal_Eye
0x0846A208	rom	gBattleAnimSpriteGfx_Tendrils
0x0846A5D4	rom	gBattleAnimSpritePal_Tendrils
0x0846A5F8	rom	gHealthboxSinglesPlayerGfx
0x0846A8BC	rom	gHealthboxSinglesOpponentGfx
0x0846AA4C	rom	gHealthboxDoublesPlayerGfx
0x0846ABE0	rom	gHealthboxDoublesOpponentGfx
0x0846AD74	rom	gHealthboxSafariGfx
0x0846AFEC	rom	gUnusedGfx_Shadow
0x0846B04C	rom	gUnusedPal_Shadow
0x0846B060	rom	gBattleAnimSpriteGfx_LockOn
0x0846B0F4	rom	gBattleAnimSpritePal_LockOn
0x0846B110	rom	gBattleAnimSpriteGfx_OpeningEye
0x0846B36C	rom	gBattleAnimSpritePal_OpeningEye
0x0846B390	rom	gBattleAnimSpriteGfx_RoundWhiteHalo
0x0846B5FC	rom	gBattleAnimSpritePal_RoundWhiteHalo
0x0846B624	rom	gBattleAnimSpriteGfx_TealAlert
0x0846B6A8	rom	gBattleAnimSpritePal_TealAlert
0x0846B6C8	rom	gBattleAnimSpriteGfx_FangAttack
0x0846B948	rom	gBattleAnimSpritePal_FangAttack
0x0846B970	rom	gBattleAnimSpriteGfx_PurpleHandOutline
0x0846BACC	rom	gBattleAnimSpritePal_PurpleHandOutline
0x0846BAF4	rom	gFile_graphics_battle_anims_masks_curse_sheet
0x0846BB10	rom	gFile_graphics_battle_anims_masks_curse_tilemap
0x0846BC10	rom	gBattleAnimSpriteGfx_Pencil
0x0846BCF4	rom	gBattleAnimSpritePal_Pencil
0x0846BD1C	rom	gBattleAnimSpriteGfx_Spiral
0x0846C0C0	rom	gBattleAnimSpritePal_Spiral
0x0846C0D8	rom	gBattleAnimSpriteGfx_Moon
0x0846C410	rom	gBattleAnimSpritePal_Moon
0x0846C438	rom	gBattleAnimSpriteGfx_GreenSparkle
0x0846C4F0	rom	gBattleAnimSpritePal_GreenSparkle
0x0846C510	rom	gBattleAnimSpriteGfx_SnoreZ
0x0846C680	rom	gBattleAnimSpritePal_SnoreZ
0x0846C6A8	rom	gBattleAnimSpriteGfx_Explosion
0x0846CA98	rom	gBattleAnimSpritePal_Explosion
0x0846CAC0	rom	gBattleAnimSpriteGfx_Nail
0x0846CB88	rom	gBattleAnimSpritePal_Nail
0x0846CBA4	rom	gBattleAnimSpriteGfx_GhostlySpirit
0x0846CCE4	rom	gBattleAnimSpritePal_GhostlySpirit
0x0846CD00	rom	gBattleAnimSpriteGfx_WarmRock
0x0846D370	rom	gBattleAnimSpritePal_WarmRock
0x0846D398	rom	gBattleAnimSpriteGfx_PunchImpact
0x0846D50C	rom	gBattleAnimSpritePal_PunchImpact
0x0846D534	rom	gBattleAnimSpriteGfx_BreakingEgg
0x0846D69C	rom	gBattleAnimSpritePal_BreakingEgg
0x0846D6C0	rom	gBattleAnimSpriteGfx_ThinRing
0x0846D86C	rom	gBattleAnimSpritePal_ThinRing
0x0846D890	rom	gBattleAnimSpriteGfx_MusicNotes2
0x0846DA9C	rom	gBattleAnimSpritePal_MusicNotes2
0x0846DB30	rom	gBattleAnimSpriteGfx_Bell
0x0846DD64	rom	gBattleAnimSpritePal_Bell
0x0846DD88	rom	gBattleAnimSpriteGfx_SpeedDust
0x0846DE54	rom	gBattleAnimSpritePal_SpeedDust
0x0846DE78	rom	gBattleAnimSpriteGfx_TornMetal
0x0846E268	rom	gBattleAnimSpriteGfx_ThoughtBubble
0x0846E570	rom	gBattleAnimSpritePal_ThoughtBubble
0x0846E590	rom	gBattleAnimSpriteGfx_Finger
0x0846E680	rom	gBattleAnimSpritePal_Finger
0x0846E6A4	rom	gBattleAnimSpriteGfx_MagentaHeart
0x0846E70C	rom	gBattleAnimSpritePal_PinkHeart
0x0846E72C	rom	gBattleAnimSpritePal_MagentaHeart
0x0846E74C	rom	gBattleAnimSpritePal_RedHeart
0x0846E76C	rom	gBattleAnimBg_AttractGfx
0x0846F1DC	rom	gBattleAnimBg_AttractPal
0x0846F204	rom	gBattleAnimBg_AttractTilemap
0x0846F480	rom	gBattleAnimSpriteGfx_RedOrb
0x0846F4E8	rom	gBattleAnimSpritePal_RedOrb
0x0846F508	rom	gBattleAnimSpriteGfx_CircleOfLight
0x0846F73C	rom	gBattleAnimSpriteGfx_ElectricOrbs
0x0846F78C	rom	gBattleAnimSpriteGfx_Electricity
0x0846F9F8	rom	gBattleAnimSpritePal_ElectricOrbs
0x0846FA1C	rom	gBattleAnimSpriteGfx_Finger2
0x0846FCAC	rom	gBattleAnimSpriteGfx_MovementWaves
0x0846FE38	rom	gBattleAnimSpritePal_MovementWaves
0x0846FE5C	rom	gBattleAnim_ScaryFacePal
0x0846FE84	rom	gBattleAnim_ScaryFaceGfx
0x084700B4	rom	gBattleAnimSpritePal_EyeSparkle
0x084700DC	rom	gBattleAnimSpriteGfx_EyeSparkle
0x08470188	rom	gBattleAnimSpriteGfx_Anger
0x084701E0	rom	gBattleAnimSpritePal_Anger
0x08470208	rom	gBattleAnimSpriteGfx_Conversion
0x08470244	rom	gBattleAnimSpritePal_Conversion
0x08470260	rom	gBattleAnimSpritePal_Angel
0x08470288	rom	gBattleAnimSpriteGfx_Angel
0x084703B4	rom	gBattleAnimSpritePal_Devil
0x084703D4	rom	gBattleAnimSpriteGfx_Devil
0x08470638	rom	gBattleAnimSpriteGfx_Swipe
0x08470924	rom	gBattleAnimSpritePal_Swipe
0x0847094C	rom	gBattleAnimSpritePal_Roots
0x0847096C	rom	gBattleAnimSpriteGfx_Roots
0x08470C00	rom	gBattleAnimSpritePal_ItemBag
0x08470C20	rom	gBattleAnimSpriteGfx_ItemBag
0x08470D1C	rom	gBattleAnimSpritePal_TriAttackTriangle
0x08470D44	rom	gBattleAnimSpriteGfx_TriAttackTriangle
0x08470F88	rom	gBattleAnimSpritePal_LetterZ
0x08470FA8	rom	gBattleAnimSpriteGfx_LetterZ
0x08471050	rom	gBattleAnimBgPalette_Impact
0x08471078	rom	gBattleAnimBgImage_Impact
0x08471DE4	rom	gBattleAnimBgTilemap_ImpactOpponent
0x084722E0	rom	gBattleAnimBgTilemap_ImpactPlayer
0x084727B0	rom	gBattleAnimBgTilemap_ImpactContests
0x08472BF0	rom	gBattleAnimSpriteGfx_JaggedMusicNote
0x08472D74	rom	gBattleAnimSpritePal_JaggedMusicNote
0x08472D9C	rom	gBattleAnimSpriteGfx_Spotlight
0x08472EE4	rom	gBattleAnimSpriteGfx_Pokeball
0x08472F70	rom	gBattleAnimSpritePal_Pokeball
0x08472F94	rom	gBattleAnimSpriteGfx_RapidSpin
0x08473150	rom	gBattleAnimSpritePal_RapidSpin
0x08473178	rom	gBattleAnimSpriteGfx_MilkBottle
0x08473298	rom	gBattleAnimSpritePal_MilkBottle
0x084732C0	rom	gBattleAnimSpriteGfx_WispFire
0x084737F8	rom	gBattleAnimSpritePal_WispOrb
0x08473820	rom	gBattleAnimSpriteGfx_WispOrb
0x084739F0	rom	gBattleAnimSpriteGfx_GoldStars
0x08473A74	rom	gBattleAnimSpritePal_GoldStars
0x08473A9C	rom	gBattleAnimSpriteGfx_EclipsingOrb
0x08473C5C	rom	gBattleAnimSpritePal_EclipsingOrb
0x08473C80	rom	gBattleAnimSpriteGfx_PinkPetal
0x08473CE8	rom	gBattleAnimSpritePal_PinkPetal
0x08473D0C	rom	gBattleAnimSpriteGfx_GrayOrb
0x08473D5C	rom	gBattleAnimSpritePal_GrayOrb
0x08473D78	rom	gBattleAnimSpritePal_BlueOrb
0x08473D94	rom	gBattleAnimSpritePal_RedOrb2
0x08473DB0	rom	gBattleAnimBgImage_Drill
0x08473F58	rom	gBattleAnimBgPalette_Drill
0x08473F80	rom	gBattleAnimBgPalette_Sky
0x08473FA8	rom	gBattleAnimBgTilemap_Drill
0x08474138	rom	gBattleAnimBgTilemap_DrillContests
0x084742C4	rom	gBattleAnimBgImage_Aurora
0x08474CEC	rom	gBattleAnimBgPalette_Aurora
0x08474D0C	rom	gBattleAnimBgTilemap_Aurora
0x08474F10	rom	gBattleAnimBgTilemap_HighspeedOpponent
0x08475208	rom	gBattleAnimBgPalette_Highspeed
0x08475228	rom	gBattleAnimBgPalette_Bug
0x08475248	rom	gBattleAnimBgImage_Highspeed
0x084757C8	rom	gBattleAnimBgTilemap_HighspeedPlayer
0x08475AC0	rom	gBattleAnim_MorningSunGfx
0x08475B60	rom	gBattleAnim_MorningSunPal
0x08475B78	rom	gBattleAnim_MorningSunTilemap
0x08475C94	rom	gBattleAnimBgTilemap_GuillotineOpponent
0x08475F5C	rom	gBattleAnimBgTilemap_GuillotinePlayer
0x08476258	rom	gBattleAnimBgTilemap_GuillotineContests
0x084764E8	rom	gBattleAnimBgImage_Guillotine
0x08477250	rom	gBattleAnimBgPalette_Guillotine
0x08477270	rom	gBattleAnimBgImage_Thunder
0x08477C0C	rom	gBattleAnimBgPalette_Thunder
0x08477C34	rom	gBattleAnimBgTilemap_Thunder
0x08477F2C	rom	gBattleAnimSpriteGfx_PainSplit
0x08478010	rom	gBattleAnimSpritePal_PainSplit
0x08478038	rom	gBattleAnimSpriteGfx_HandsAndFeet
0x08478268	rom	gBattleAnimSpritePal_HandsAndFeet
0x08478280	rom	gBattleAnimSpriteGfx_Confetti
0x08478320	rom	gBattleAnimSpritePal_Confetti
0x08478348	rom	gSubstituteDollPal
0x0847836C	rom	gSubstituteDollGfx
0x084785AC	rom	gSubstituteDollTilemap
0x084787D4	rom	gBattleAnimSpriteGfx_GreenStar
0x08478898	rom	gBattleAnimSpritePal_GreenStar
0x084788B4	rom	gFile_graphics_misc_confetti_sheet
0x084789D4	rom	gFile_graphics_misc_confetti_palette
0x084789FC	rom	gBattleAnimSpriteGfx_PinkCloud
0x08478B38	rom	gBattleAnimSpritePal_PinkCloud
0x08478B5C	rom	gBattleAnimSpriteGfx_SweatDrop
0x08478B84	rom	gBattleAnimSpritePal_SweatDrop
0x08478BAC	rom	gBattleStatMask_Gfx
0x08478DBC	rom	gBattleStatMask1_Tilemap
0x08478ED8	rom	gBattleStatMask2_Tilemap
0x08478FF4	rom	gBattleStatMask1_Pal
0x08479014	rom	gBattleStatMask2_Pal
0x08479034	rom	gBattleStatMask3_Pal
0x08479054	rom	gBattleStatMask4_Pal
0x08479074	rom	gBattleStatMask5_Pal
0x08479094	rom	gBattleStatMask6_Pal
0x084790B4	rom	gBattleStatMask7_Pal
0x084790D4	rom	gBattleStatMask8_Pal
0x084790F4	rom	gCureBubblesGfx
0x08479230	rom	gCureBubblesPal
0x08479250	rom	gCureBubblesTilemap
0x0847936C	rom	gBattleAnimSpritePal_PurpleScratch
0x08479394	rom	gBattleAnimSpriteGfx_PurpleScratch
0x08479538	rom	gBattleAnimSpriteGfx_PurpleSwipe
0x084799E0	rom	gBattleAnimSpriteGfx_GuardRing
0x08479ABC	rom	gBattleAnimSpritePal_GuardRing
0x08479AD8	rom	gBattleAnimSpriteGfx_TagHand
0x08479CBC	rom	gBattleAnimSpriteGfx_NoiseLine
0x08479EDC	rom	gUnusedLevelupAnimationGfx
0x08479F28	rom	gUnusedLevelupAnimationTilemap
0x0847A030	rom	gBattleAnimSpriteGfx_SmallRedEye
0x0847A048	rom	gBattleAnimSpritePal_SmallRedEye
0x0847A060	rom	gBattleAnimSpriteGfx_HollowOrb
0x0847A0B0	rom	gBattleAnimSpritePal_HollowOrb
0x0847A0D0	rom	gBattleAnimSpriteGfx_XSign
0x0847A2C4	rom	gBattleAnimSpriteGfx_BluegreenOrb
0x0847A328	rom	gBattleAnimSpritePal_BluegreenOrb
0x0847A340	rom	gBattleAnimSpriteGfx_PawPrint
0x0847A458	rom	gBattleAnimSpritePal_PawPrint
0x0847A47C	rom	gBattleAnimSpriteGfx_PurpleFlame
0x0847A658	rom	gBattleAnimSpritePal_PurpleFlame
0x0847A680	rom	gBattleAnimSpriteGfx_RedBall
0x0847A7B8	rom	gBattleAnimSpritePal_RedBall
0x0847A7E0	rom	gBattleAnimSpriteGfx_SmellingsaltEffect
0x0847A858	rom	gBattleAnimSpritePal_SmellingsaltEffect
0x0847A86C	rom	gBattleAnimSpriteGfx_MagnifyingGlass
0x0847A954	rom	gBattleAnimSpritePal_MagnifyingGlass
0x0847A97C	rom	gBattleAnimSpriteGfx_Meteor
0x0847AD08	rom	gBattleAnimSpritePal_Meteor
0x0847AD30	rom	gBattleAnimSpriteGfx_FlatRock
0x0847AE4C	rom	gBattleAnimSpritePal_FlatRock
0x0847AE6C	rom	gPPTextPalette
0x0847AE8C	rom	gMonFrontPic_Bulbasaur
0x0847B130	rom	gMonPalette_Bulbasaur
0x0847B158	rom	gMonBackPic_Bulbasaur
0x0847B41C	rom	gMonShinyPalette_Bulbasaur
0x0847B444	rom	gMonIcon_Bulbasaur
0x0847B844	rom	gMonFootprint_Bulbasaur
0x0847B864	rom	gMonFrontPic_Ivysaur
0x0847BBA0	rom	gMonPalette_Ivysaur
0x0847BBC8	rom	gMonBackPic_Ivysaur
0x0847BF1C	rom	gMonShinyPalette_Ivysaur
0x0847BF44	rom	gMonIcon_Ivysaur
0x0847C344	rom	gMonFootprint_Ivysaur
0x0847C364	rom	gMonFrontPic_Venusaur
0x0847C8A4	rom	gMonPalette_Venusaur
0x0847C8CC	rom	gMonBackPic_Venusaur
0x0847CD94	rom	gMonShinyPalette_Venusaur
0x0847CDBC	rom	gMonIcon_Venusaur
0x0847D1BC	rom	gMonFootprint_Venusaur
0x0847D1DC	rom	gMonFrontPic_Charmander
0x0847D47C	rom	gMonPalette_Charmander
0x0847D4A4	rom	gMonBackPic_Charmander
0x0847D728	rom	gMonShinyPalette_Charmander
0x0847D750	rom	gMonIcon_Charmander
0x0847DB50	rom	gMonFootprint_Charmander
0x0847DB70	rom	gMonFrontPic_Charmeleon
0x0847DF1C	rom	gMonPalette_Charmeleon
0x0847DF44	rom	gMonBackPic_Charmeleon
0x0847E238	rom	gMonShinyPalette_Charmeleon
0x0847E260	rom	gMonIcon_Charmeleon
0x0847E660	rom	gMonFootprint_Charmeleon
0x0847E680	rom	gMonFrontPic_Charizard
0x0847EB7C	rom	gMonPalette_Charizard
0x0847EBA4	rom	gMonBackPic_Charizard
0x0847EFB0	rom	gMonShinyPalette_Charizard
0x0847EFD8	rom	gMonIcon_Charizard
0x0847F3D8	rom	gMonFootprint_Charizard
0x0847F3F8	rom	gMonFrontPic_Squirtle
0x0847F694	rom	gMonPalette_Squirtle
0x0847F6BC	rom	gMonBackPic_Squirtle
0x0847F944	rom	gMonShinyPalette_Squirtle
0x0847F96C	rom	gMonIcon_Squirtle
0x0847FD6C	rom	gMonFootprint_Squirtle
0x0847FD8C	rom	gMonFrontPic_Wartortle
0x08480138	rom	gMonPalette_Wartortle
0x08480160	rom	gMonBackPic_Wartortle
0x084804A8	rom	gMonShinyPalette_Wartortle
0x084804D0	rom	gMonIcon_Wartortle
0x084808D0	rom	gMonFootprint_Wartortle
0x084808F0	rom	gMonFrontPic_Blastoise
0x08480DF4	rom	gMonPalette_Blastoise
0x08480E1C	rom	gMonBackPic_Blastoise
0x08481230	rom	gMonShinyPalette_Blastoise
0x08481258	rom	gMonIcon_Blastoise
0x08481658	rom	gMonFootprint_Blastoise
0x08481678	rom	gMonFrontPic_Caterpie
0x084818D0	rom	gMonPalette_Caterpie
0x084818F8	rom	gMonBackPic_Caterpie
0x08481B80	rom	gMonShinyPalette_Caterpie
0x08481BA8	rom	gMonIcon_Caterpie
0x08481FA8	rom	gMonFootprint_Caterpie
0x08481FC8	rom	gMonFrontPic_Metapod
0x084821E4	rom	gMonPalette_Metapod
0x08482204	rom	gMonBackPic_Metapod
0x08482420	rom	gMonShinyPalette_Metapod
0x08482440	rom	gMonIcon_Metapod
0x08482840	rom	gMonFootprint_Metapod
0x08482860	rom	gMonFrontPic_Butterfree
0x08482BD8	rom	gMonPalette_Butterfree
0x08482C00	rom	gMonBackPic_Butterfree
0x08483004	rom	gMonShinyPalette_Butterfree
0x0848302C	rom	gMonIcon_Butterfree
0x0848342C	rom	gMonFootprint_Butterfree
0x0848344C	rom	gMonFrontPic_Weedle
0x08483688	rom	gMonPalette_Weedle
0x084836B0	rom	gMonBackPic_Weedle
0x08483918	rom	gMonShinyPalette_Weedle
0x08483940	rom	gMonIcon_Weedle
0x08483D40	rom	gMonFootprint_Weedle
0x08483D60	rom	gMonFrontPic_Kakuna
0x08483FA0	rom	gMonPalette_Kakuna
0x08483FC4	rom	gMonBackPic_Kakuna
0x08484248	rom	gMonShinyPalette_Kakuna
0x0848426C	rom	gMonIcon_Kakuna
0x0848466C	rom	gMonFootprint_Kakuna
0x0848468C	rom	gMonFrontPic_Beedrill
0x08484AAC	rom	gMonPalette_Beedrill
0x08484AD4	rom	gMonBackPic_Beedrill
0x08484E48	rom	gMonShinyPalette_Beedrill
0x08484E70	rom	gMonIcon_Beedrill
0x08485270	rom	gMonFootprint_Beedrill
0x08485290	rom	gMonFrontPic_Pidgey
0x08485508	rom	gMonPalette_Pidgey
0x08485530	rom	gMonBackPic_Pidgey
0x08485884	rom	gMonShinyPalette_Pidgey
0x084858AC	rom	gMonIcon_Pidgey
0x08485CAC	rom	gMonFootprint_Pidgey
0x08485CCC	rom	gMonFrontPic_Pidgeotto
0x08486064	rom	gMonPalette_Pidgeotto
0x0848608C	rom	gMonBackPic_Pidgeotto
0x084863D8	rom	gMonShinyPalette_Pidgeotto
0x08486400	rom	gMonIcon_Pidgeotto
0x08486800	rom	gMonFootprint_Pidgeotto
0x08486820	rom	gMonFrontPic_Pidgeot
0x08486D0C	rom	gMonPalette_Pidgeot
0x08486D34	rom	gMonBackPic_Pidgeot
0x0848711C	rom	gMonShinyPalette_Pidgeot
0x08487144	rom	gMonIcon_Pidgeot
0x08487544	rom	gMonFootprint_Pidgeot
0x08487564	rom	gMonFrontPic_Rattata
0x084877BC	rom	gMonPalette_Rattata
0x084877E4	rom	gMonBackPic_Rattata
0x08487A9C	rom	gMonShinyPalette_Rattata
0x08487AC4	rom	gMonIcon_Rattata
0x08487EC4	rom	gMonFootprint_Rattata
0x08487EE4	rom	gMonFrontPic_Raticate
0x08488274	rom	gMonPalette_Raticate
0x0848829C	rom	gMonBackPic_Raticate
0x084885AC	rom	gMonShinyPalette_Raticate
0x084885D4	rom	gMonIcon_Raticate
0x084889D4	rom	gMonFootprint_Raticate
0x084889F4	rom	gMonFrontPic_Spearow
0x08488CB4	rom	gMonPalette_Spearow
0x08488CDC	rom	gMonBackPic_Spearow
0x08488FB8	rom	gMonShinyPalette_Spearow
0x08488FE0	rom	gMonIcon_Spearow
0x084893E0	rom	gMonFootprint_Spearow
0x08489400	rom	gMonFrontPic_Fearow
0x084898BC	rom	gMonPalette_Fearow
0x084898E4	rom	gMonBackPic_Fearow
0x08489BDC	rom	gMonShinyPalette_Fearow
0x08489C04	rom	gMonIcon_Fearow
0x0848A004	rom	gMonFootprint_Fearow
0x0848A024	rom	gMonFrontPic_Ekans
0x0848A2EC	rom	gMonPalette_Ekans
0x0848A314	rom	gMonBackPic_Ekans
0x0848A604	rom	gMonShinyPalette_Ekans
0x0848A62C	rom	gMonIcon_Ekans
0x0848AA2C	rom	gMonFootprint_Ekans
0x0848AA4C	rom	gMonFrontPic_Arbok
0x0848AEC0	rom	gMonPalette_Arbok
0x0848AEE8	rom	gMonBackPic_Arbok
0x0848B170	rom	gMonShinyPalette_Arbok
0x0848B198	rom	gMonIcon_Arbok
0x0848B598	rom	gMonFootprint_Arbok
0x0848B5B8	rom	gMonFrontPic_Pikachu
0x0848B888	rom	gMonPalette_Pikachu
0x0848B8B0	rom	gMonBackPic_Pikachu
0x0848BB88	rom	gMonShinyPalette_Pikachu
0x0848BBB0	rom	gMonIcon_Pikachu
0x0848BFB0	rom	gMonFootprint_Pikachu
0x0848BFD0	rom	gMonFrontPic_Raichu
0x0848C3C8	rom	gMonPalette_Raichu
0x0848C3F0	rom	gMonBackPic_Raichu
0x0848C710	rom	gMonShinyPalette_Raichu
0x0848C738	rom	gMonIcon_Raichu
0x0848CB38	rom	gMonFootprint_Raichu
0x0848CB58	rom	gMonFrontPic_RaichuAlolan
0x0848CF44	rom	gMonPalette_RaichuAlolan
0x0848CF6C	rom	gMonBackPic_RaichuAlolan
0x0848D278	rom	gMonShinyPalette_RaichuAlolan
0x0848D2A0	rom	gMonIcon_RaichuAlolan
0x0848D6A0	rom	gMonFootprint_RaichuAlolan
0x0848D6C0	rom	gMonFrontPic_Sandshrew
0x0848D99C	rom	gMonPalette_Sandshrew
0x0848D9C4	rom	gMonBackPic_Sandshrew
0x0848DCEC	rom	gMonShinyPalette_Sandshrew
0x0848DD14	rom	gMonIcon_Sandshrew
0x0848E114	rom	gMonFootprint_Sandshrew
0x0848E134	rom	gMonFrontPic_Sandslash
0x0848E54C	rom	gMonPalette_Sandslash
0x0848E574	rom	gMonBackPic_Sandslash
0x0848E990	rom	gMonShinyPalette_Sandslash
0x0848E9B8	rom	gMonIcon_Sandslash
0x0848EDB8	rom	gMonFootprint_Sandslash
0x0848EDD8	rom	gMonFrontPic_NidoranF
0x0848F03C	rom	gMonPalette_NidoranF
0x0848F064	rom	gMonBackPic_NidoranF
0x0848F344	rom	gMonShinyPalette_NidoranF
0x0848F36C	rom	gMonIcon_NidoranF
0x0848F76C	rom	gMonFootprint_NidoranF
0x0848F78C	rom	gMonFrontPic_Nidorina
0x0848FAAC	rom	gMonPalette_Nidorina
0x0848FAD4	rom	gMonBackPic_Nidorina
0x0848FE68	rom	gMonShinyPalette_Nidorina
0x0848FE90	rom	gMonIcon_Nidorina
0x08490290	rom	gMonFootprint_Nidorina
0x084902B0	rom	gMonFrontPic_Nidoqueen
0x084906DC	rom	gMonPalette_Nidoqueen
0x08490704	rom	gMonBackPic_Nidoqueen
0x08490AC8	rom	gMonShinyPalette_Nidoqueen
0x08490AF0	rom	gMonIcon_Nidoqueen
0x08490EF0	rom	gMonFootprint_Nidoqueen
0x08490F10	rom	gMonFrontPic_NidoranM
0x0849119C	rom	gMonPalette_NidoranM
0x084911C4	rom	gMonBackPic_NidoranM
0x084914F8	rom	gMonShinyPalette_NidoranM
0x08491520	rom	gMonIcon_NidoranM
0x08491920	rom	gMonFootprint_NidoranM
0x08491940	rom	gMonFrontPic_Nidorino
0x08491CC4	rom	gMonPalette_Nidorino
0x08491CEC	rom	gMonBackPic_Nidorino
0x084920A8	rom	gMonShinyPalette_Nidorino
0x084920D0	rom	gMonIcon_Nidorino
0x084924D0	rom	gMonFootprint_Nidorino
0x084924F0	rom	gMonFrontPic_Nidoking
0x08492A2C	rom	gMonPalette_Nidoking
0x08492A54	rom	gMonBackPic_Nidoking
0x08492E90	rom	gMonShinyPalette_Nidoking
0x08492EB8	rom	gMonIcon_Nidoking
0x084932B8	rom	gMonFootprint_Nidoking
0x084932D8	rom	gMonFrontPic_Clefairy
0x08493574	rom	gMonPalette_Clefairy
0x0849359C	rom	gMonBackPic_Clefairy
0x0849386C	rom	gMonShinyPalette_Clefairy
0x08493894	rom	gMonIcon_Clefairy
0x08493C94	rom	gMonFootprint_Clefairy
0x08493CB4	rom	gMonFrontPic_Clefable
0x08493FF4	rom	gMonPalette_Clefable
0x0849401C	rom	gMonBackPic_Clefable
0x08494354	rom	gMonShinyPalette_Clefable
0x0849437C	rom	gMonIcon_Clefable
0x0849477C	rom	gMonFootprint_Clefable
0x0849479C	rom	gMonFrontPic_Vulpix
0x08494AC8	rom	gMonPalette_Vulpix
0x08494AF0	rom	gMonBackPic_Vulpix
0x08494DF4	rom	gMonShinyPalette_Vulpix
0x08494E1C	rom	gMonIcon_Vulpix
0x0849521C	rom	gMonFootprint_Vulpix
0x0849523C	rom	gMonFrontPic_Ninetales
0x08495690	rom	gMonPalette_Ninetales
0x084956B4	rom	gMonBackPic_Ninetales
0x08495AA4	rom	gMonShinyPalette_Ninetales
0x08495AC8	rom	gMonIcon_Ninetales
0x08495EC8	rom	gMonFootprint_Ninetales
0x08495EE8	rom	gMonFrontPic_Jigglypuff
0x0849616C	rom	gMonPalette_Jigglypuff
0x08496194	rom	gMonBackPic_Jigglypuff
0x084963F0	rom	gMonShinyPalette_Jigglypuff
0x08496418	rom	gMonIcon_Jigglypuff
0x08496818	rom	gMonFootprint_Jigglypuff
0x08496838	rom	gMonFrontPic_Wigglytuff
0x08496BAC	rom	gMonPalette_Wigglytuff
0x08496BD4	rom	gMonBackPic_Wigglytuff
0x08496E6C	rom	gMonShinyPalette_Wigglytuff
0x08496E94	rom	gMonIcon_Wigglytuff
0x08497294	rom	gMonFootprint_Wigglytuff
0x084972B4	rom	gMonFrontPic_Zubat
0x08497570	rom	gMonPalette_Zubat
0x08497598	rom	gMonBackPic_Zubat
0x08497854	rom	gMonShinyPalette_Zubat
0x0849787C	rom	gMonIcon_Zubat
0x08497C7C	rom	gMonFootprint_Zubat
0x08497C9C	rom	gMonFrontPic_Golbat
0x0849803C	rom	gMonPalette_Golbat
0x08498064	rom	gMonBackPic_Golbat
0x08498320	rom	gMonShinyPalette_Golbat
0x08498348	rom	gMonIcon_Golbat
0x08498748	rom	gMonFootprint_Golbat
0x08498768	rom	gMonFrontPic_Oddish
0x084989A8	rom	gMonPalette_Oddish
0x084989D0	rom	gMonBackPic_Oddish
0x08498C94	rom	gMonShinyPalette_Oddish
0x08498CBC	rom	gMonIcon_Oddish
0x084990BC	rom	gMonFootprint_Oddish
0x084990DC	rom	gMonFrontPic_Gloom
0x08499444	rom	gMonPalette_Gloom
0x0849946C	rom	gMonBackPic_Gloom
0x084997EC	rom	gMonShinyPalette_Gloom
0x08499814	rom	gMonIcon_Gloom
0x08499C14	rom	gMonFootprint_Gloom
0x08499C34	rom	gMonFrontPic_Vileplume
0x08499F88	rom	gMonPalette_Vileplume
0x08499FB0	rom	gMonBackPic_Vileplume
0x0849A3FC	rom	gMonShinyPalette_Vileplume
0x0849A424	rom	gMonIcon_Vileplume
0x0849A824	rom	gMonFootprint_Vileplume
0x0849A844	rom	gMonFrontPic_Paras
0x0849AAB0	rom	gMonPalette_Paras
0x0849AAD8	rom	gMonBackPic_Paras
0x0849AD78	rom	gMonShinyPalette_Paras
0x0849ADA0	rom	gMonIcon_Paras
0x0849B1A0	rom	gMonFootprint_Paras
0x0849B1C0	rom	gMonFrontPic_Parasect
0x0849B550	rom	gMonPalette_Parasect
0x0849B578	rom	gMonBackPic_Parasect
0x0849B874	rom	gMonShinyPalette_Parasect
0x0849B89C	rom	gMonIcon_Parasect
0x0849BC9C	rom	gMonFootprint_Parasect
0x0849BCBC	rom	gMonFrontPic_Venonat
0x0849BFDC	rom	gMonPalette_Venonat
0x0849C004	rom	gMonBackPic_Venonat
0x0849C334	rom	gMonShinyPalette_Venonat
0x0849C35C	rom	gMonIcon_Venonat
0x0849C75C	rom	gMonFootprint_Venonat
0x0849C77C	rom	gMonFrontPic_Venomoth
0x0849CB80	rom	gMonPalette_Venomoth
0x0849CBA8	rom	gMonBackPic_Venomoth
0x0849CF4C	rom	gMonShinyPalette_Venomoth
0x0849CF74	rom	gMonIcon_Venomoth
0x0849D374	rom	gMonFootprint_Venomoth
0x0849D394	rom	gMonFrontPic_Diglett
0x0849D5A4	rom	gMonPalette_Diglett
0x0849D5CC	rom	gMonBackPic_Diglett
0x0849D7D8	rom	gMonShinyPalette_Diglett
0x0849D800	rom	gMonIcon_Diglett
0x0849DC00	rom	gMonFootprint_Diglett
0x0849DC20	rom	gMonFrontPic_Dugtrio
0x0849DF4C	rom	gMonPalette_Dugtrio
0x0849DF74	rom	gMonBackPic_Dugtrio
0x0849E220	rom	gMonShinyPalette_Dugtrio
0x0849E248	rom	gMonIcon_Dugtrio
0x0849E648	rom	gMonFootprint_Dugtrio
0x0849E668	rom	gMonFrontPic_Meowth
0x0849E954	rom	gMonPalette_Meowth
0x0849E97C	rom	gMonBackPic_Meowth
0x0849EC60	rom	gMonShinyPalette_Meowth
0x0849EC88	rom	gMonIcon_Meowth
0x0849F088	rom	gMonFootprint_Meowth
0x0849F0A8	rom	gMonFrontPic_Persian
0x0849F420	rom	gMonPalette_Persian
0x0849F448	rom	gMonBackPic_Persian
0x0849F788	rom	gMonShinyPalette_Persian
0x0849F7B0	rom	gMonIcon_Persian
0x0849FBB0	rom	gMonFootprint_Persian
0x0849FBD0	rom	gMonFrontPic_Psyduck
0x0849FEB4	rom	gMonPalette_Psyduck
0x0849FEDC	rom	gMonBackPic_Psyduck
0x084A0178	rom	gMonShinyPalette_Psyduck
0x084A01A0	rom	gMonIcon_Psyduck
0x084A05A0	rom	gMonFootprint_Psyduck
0x084A05C0	rom	gMonFrontPic_Golduck
0x084A0978	rom	gMonPalette_Golduck
0x084A09A0	rom	gMonBackPic_Golduck
0x084A0CCC	rom	gMonShinyPalette_Golduck
0x084A0CF4	rom	gMonIcon_Golduck
0x084A10F4	rom	gMonFootprint_Golduck
0x084A1114	rom	gMonFrontPic_Mankey
0x084A140C	rom	gMonPalette_Mankey
0x084A1434	rom	gMonBackPic_Mankey
0x084A179C	rom	gMonShinyPalette_Mankey
0x084A17C4	rom	gMonIcon_Mankey
0x084A1BC4	rom	gMonFootprint_Mankey
0x084A1BE4	rom	gMonFrontPic_Primeape
0x084A1F70	rom	gMonPalette_Primeape
0x084A1F98	rom	gMonBackPic_Primeape
0x084A2308	rom	gMonShinyPalette_Primeape
0x084A2330	rom	gMonIcon_Primeape
0x084A2730	rom	gMonFootprint_Primeape
0x084A2750	rom	gMonFrontPic_Annihilape
0x084A2C7C	rom	gMonPalette_Annihilape
0x084A2CA4	rom	gMonBackPic_Annihilape
0x084A30A0	rom	gMonShinyPalette_Annihilape
0x084A30C8	rom	gMonIcon_Annihilape
0x084A34C8	rom	gMonFootprint_Annihilape
0x084A34E8	rom	gMonFrontPic_Riolu
0x084A3788	rom	gMonPalette_Riolu
0x084A37B0	rom	gMonBackPic_Riolu
0x084A3B2C	rom	gMonShinyPalette_Riolu
0x084A3B54	rom	gMonIcon_Riolu
0x084A3F54	rom	gMonFootprint_Riolu
0x084A3F74	rom	gMonFrontPic_Lucario
0x084A42AC	rom	gMonPalette_Lucario
0x084A42D4	rom	gMonBackPic_Lucario
0x084A46CC	rom	gMonShinyPalette_Lucario
0x084A46F4	rom	gMonIcon_Lucario
0x084A4AF4	rom	gMonFootprint_Lucario
0x084A4B14	rom	gMonFrontPic_Mimikyu
0x084A4DAC	rom	gMonPalette_Mimikyu
0x084A4DCC	rom	gMonBackPic_Mimikyu
0x084A5014	rom	gMonShinyPalette_Mimikyu
0x084A5034	rom	gMonIcon_Mimikyu
0x084A5434	rom	gMonFootprint_Mimikyu
0x084A5454	rom	gMonFrontPic_Growlithe
0x084A577C	rom	gMonPalette_Growlithe
0x084A57A4	rom	gMonBackPic_Growlithe
0x084A5AE0	rom	gMonShinyPalette_Growlithe
0x084A5B08	rom	gMonIcon_Growlithe
0x084A5F08	rom	gMonFootprint_Growlithe
0x084A5F28	rom	gMonFrontPic_Arcanine
0x084A6424	rom	gMonPalette_Arcanine
0x084A644C	rom	gMonBackPic_Arcanine
0x084A682C	rom	gMonShinyPalette_Arcanine
0x084A6854	rom	gMonIcon_Arcanine
0x084A6C54	rom	gMonFootprint_Arcanine
0x084A6C74	rom	gMonFrontPic_Poliwag
0x084A6F10	rom	gMonPalette_Poliwag
0x084A6F38	rom	gMonBackPic_Poliwag
0x084A719C	rom	gMonShinyPalette_Poliwag
0x084A71C4	rom	gMonIcon_Poliwag
0x084A75C4	rom	gMonFootprint_Poliwag
0x084A75E4	rom	gMonFrontPic_Poliwhirl
0x084A7964	rom	gMonPalette_Poliwhirl
0x084A798C	rom	gMonBackPic_Poliwhirl
0x084A7C08	rom	gMonShinyPalette_Poliwhirl
0x084A7C30	rom	gMonIcon_Poliwhirl
0x084A8030	rom	gMonFootprint_Poliwhirl
0x084A8050	rom	gMonFrontPic_Poliwrath
0x084A8414	rom	gMonPalette_Poliwrath
0x084A843C	rom	gMonBackPic_Poliwrath
0x084A8730	rom	gMonShinyPalette_Poliwrath
0x084A8758	rom	gMonIcon_Poliwrath
0x084A8B58	rom	gMonFootprint_Poliwrath
0x084A8B78	rom	gMonFrontPic_Abra
0x084A8E4C	rom	gMonPalette_Abra
0x084A8E70	rom	gMonBackPic_Abra
0x084A9144	rom	gMonShinyPalette_Abra
0x084A9168	rom	gMonIcon_Abra
0x084A9568	rom	gMonFootprint_Abra
0x084A9588	rom	gMonFrontPic_Kadabra
0x084A9A50	rom	gMonPalette_Kadabra
0x084A9A78	rom	gMonBackPic_Kadabra
0x084A9E24	rom	gMonShinyPalette_Kadabra
0x084A9E4C	rom	gMonIcon_Kadabra
0x084AA24C	rom	gMonFootprint_Kadabra
0x084AA26C	rom	gMonFrontPic_Alakazam
0x084AA704	rom	gMonPalette_Alakazam
0x084AA72C	rom	gMonBackPic_Alakazam
0x084AAAAC	rom	gMonShinyPalette_Alakazam
0x084AAAD4	rom	gMonIcon_Alakazam
0x084AAED4	rom	gMonFootprint_Alakazam
0x084AAEF4	rom	gMonFrontPic_Machop
0x084AB180	rom	gMonPalette_Machop
0x084AB1A8	rom	gMonBackPic_Machop
0x084AB488	rom	gMonShinyPalette_Machop
0x084AB4B0	rom	gMonIcon_Machop
0x084AB8B0	rom	gMonFootprint_Machop
0x084AB8D0	rom	gMonFrontPic_Machoke
0x084ABC9C	rom	gMonPalette_Machoke
0x084ABCC4	rom	gMonBackPic_Machoke
0x084AC014	rom	gMonShinyPalette_Machoke
0x084AC03C	rom	gMonIcon_Machoke
0x084AC43C	rom	gMonFootprint_Machoke
0x084AC45C	rom	gMonFrontPic_Machamp
0x084AC948	rom	gMonPalette_Machamp
0x084AC970	rom	gMonBackPic_Machamp
0x084ACDCC	rom	gMonShinyPalette_Machamp
0x084ACDF4	rom	gMonIcon_Machamp
0x084AD1F4	rom	gMonFootprint_Machamp
0x084AD214	rom	gMonFrontPic_Bellsprout
0x084AD4A0	rom	gMonPalette_Bellsprout
0x084AD4C8	rom	gMonBackPic_Bellsprout
0x084AD764	rom	gMonShinyPalette_Bellsprout
0x084AD78C	rom	gMonIcon_Bellsprout
0x084ADB8C	rom	gMonFootprint_Bellsprout
0x084ADBAC	rom	gMonFrontPic_Weepinbell
0x084ADED0	rom	gMonPalette_Weepinbell
0x084ADEF8	rom	gMonBackPic_Weepinbell
0x084AE1F4	rom	gMonShinyPalette_Weepinbell
0x084AE21C	rom	gMonIcon_Weepinbell
0x084AE61C	rom	gMonFootprint_Weepinbell
0x084AE63C	rom	gMonFrontPic_Victreebel
0x084AEA68	rom	gMonPalette_Victreebel
0x084AEA90	rom	gMonBackPic_Victreebel
0x084AEE28	rom	gMonShinyPalette_Victreebel
0x084AEE50	rom	gMonIcon_Victreebel
0x084AF250	rom	gMonFootprint_Victreebel
0x084AF270	rom	gMonFrontPic_Tentacool
0x084AF518	rom	gMonPalette_Tentacool
0x084AF540	rom	gMonBackPic_Tentacool
0x084AF80C	rom	gMonShinyPalette_Tentacool
0x084AF834	rom	gMonIcon_Tentacool
0x084AFC34	rom	gMonFootprint_Tentacool
0x084AFC54	rom	gMonFrontPic_Tentacruel
0x084B0148	rom	gMonPalette_Tentacruel
0x084B0170	rom	gMonBackPic_Tentacruel
0x084B050C	rom	gMonShinyPalette_Tentacruel
0x084B0534	rom	gMonIcon_Tentacruel
0x084B0934	rom	gMonFootprint_Tentacruel
0x084B0954	rom	gMonFrontPic_Geodude
0x084B0BE8	rom	gMonPalette_Geodude
0x084B0C04	rom	gMonBackPic_Geodude
0x084B0E98	rom	gMonShinyPalette_Geodude
0x084B0EB4	rom	gMonIcon_Geodude
0x084B12B4	rom	gMonFootprint_Geodude
0x084B12D4	rom	gMonFrontPic_Graveler
0x084B16D0	rom	gMonPalette_Graveler
0x084B16F4	rom	gMonBackPic_Graveler
0x084B1970	rom	gMonShinyPalette_Graveler
0x084B1994	rom	gMonIcon_Graveler
0x084B1D94	rom	gMonFootprint_Graveler
0x084B1DB4	rom	gMonFrontPic_Golem
0x084B21E4	rom	gMonPalette_Golem
0x084B220C	rom	gMonBackPic_Golem
0x084B24CC	rom	gMonShinyPalette_Golem
0x084B24F4	rom	gMonIcon_Golem
0x084B28F4	rom	gMonFootprint_Golem
0x084B2914	rom	gMonFrontPic_Ponyta
0x084B2CA4	rom	gMonPalette_Ponyta
0x084B2CCC	rom	gMonBackPic_Ponyta
0x084B3008	rom	gMonShinyPalette_Ponyta
0x084B3030	rom	gMonIcon_Ponyta
0x084B3430	rom	gMonFootprint_Ponyta
0x084B3450	rom	gMonFrontPic_Rapidash
0x084B38D8	rom	gMonPalette_Rapidash
0x084B3900	rom	gMonBackPic_Rapidash
0x084B3D10	rom	gMonShinyPalette_Rapidash
0x084B3D38	rom	gMonIcon_Rapidash
0x084B4138	rom	gMonFootprint_Rapidash
0x084B4158	rom	gMonFrontPic_Slowpoke
0x084B442C	rom	gMonPalette_Slowpoke
0x084B4454	rom	gMonBackPic_Slowpoke
0x084B46B8	rom	gMonShinyPalette_Slowpoke
0x084B46E0	rom	gMonIcon_Slowpoke
0x084B4AE0	rom	gMonFootprint_Slowpoke
0x084B4B00	rom	gMonFrontPic_Slowbro
0x084B4FA0	rom	gMonPalette_Slowbro
0x084B4FC8	rom	gMonBackPic_Slowbro
0x084B5364	rom	gMonShinyPalette_Slowbro
0x084B538C	rom	gMonIcon_Slowbro
0x084B578C	rom	gMonFootprint_Slowbro
0x084B57AC	rom	gMonFrontPic_Magnemite
0x084B5984	rom	gMonPalette_Magnemite
0x084B59AC	rom	gMonBackPic_Magnemite
0x084B5B94	rom	gMonShinyPalette_Magnemite
0x084B5BB8	rom	gMonIcon_Magnemite
0x084B5FB8	rom	gMonFootprint_Magnemite
0x084B5FD8	rom	gMonFrontPic_Magneton
0x084B6314	rom	gMonPalette_Magneton
0x084B633C	rom	gMonBackPic_Magneton
0x084B66BC	rom	gMonShinyPalette_Magneton
0x084B66E4	rom	gMonIcon_Magneton
0x084B6AE4	rom	gMonFootprint_Magneton
0x084B6B04	rom	gMonFrontPic_Farfetchd
0x084B6E58	rom	gMonPalette_Farfetchd
0x084B6E80	rom	gMonBackPic_Farfetchd
0x084B71EC	rom	gMonShinyPalette_Farfetchd
0x084B7214	rom	gMonIcon_Farfetchd
0x084B7614	rom	gMonFootprint_Farfetchd
0x084B7634	rom	gMonFrontPic_Doduo
0x084B7920	rom	gMonPalette_Doduo
0x084B7944	rom	gMonBackPic_Doduo
0x084B7C5C	rom	gMonShinyPalette_Doduo
0x084B7C80	rom	gMonIcon_Doduo
0x084B8080	rom	gMonFootprint_Doduo
0x084B80A0	rom	gMonFrontPic_Dodrio
0x084B84E0	rom	gMonPalette_Dodrio
0x084B8508	rom	gMonBackPic_Dodrio
0x084B896C	rom	gMonShinyPalette_Dodrio
0x084B8994	rom	gMonIcon_Dodrio
0x084B8D94	rom	gMonFootprint_Dodrio
0x084B8DB4	rom	gMonFrontPic_Seel
0x084B90D8	rom	gMonPalette_Seel
0x084B9100	rom	gMonBackPic_Seel
0x084B93EC	rom	gMonShinyPalette_Seel
0x084B9414	rom	gMonIcon_Seel
0x084B9814	rom	gMonFootprint_Seel
0x084B9834	rom	gMonFrontPic_Dewgong
0x084B9C04	rom	gMonPalette_Dewgong
0x084B9C28	rom	gMonBackPic_Dewgong
0x084B9EBC	rom	gMonShinyPalette_Dewgong
0x084B9EE0	rom	gMonIcon_Dewgong
0x084BA2E0	rom	gMonFootprint_Dewgong
0x084BA300	rom	gMonFrontPic_Grimer
0x084BA628	rom	gMonPalette_Grimer
0x084BA64C	rom	gMonBackPic_Grimer
0x084BA910	rom	gMonShinyPalette_Grimer
0x084BA934	rom	gMonIcon_Grimer
0x084BAD34	rom	gMonFootprint_Grimer
0x084BAD54	rom	gMonFrontPic_Muk
0x084BB0E4	rom	gMonPalette_Muk
0x084BB108	rom	gMonBackPic_Muk
0x084BB400	rom	gMonShinyPalette_Muk
0x084BB424	rom	gMonIcon_Muk
0x084BB824	rom	gMonFootprint_Muk
0x084BB844	rom	gMonFrontPic_Shellder
0x084BBAB8	rom	gMonPalette_Shellder
0x084BBADC	rom	gMonBackPic_Shellder
0x084BBDF0	rom	gMonShinyPalette_Shellder
0x084BBE14	rom	gMonIcon_Shellder
0x084BC214	rom	gMonFootprint_Shellder
0x084BC234	rom	gMonFrontPic_Cloyster
0x084BC670	rom	gMonPalette_Cloyster
0x084BC694	rom	gMonBackPic_Cloyster
0x084BCAA0	rom	gMonShinyPalette_Cloyster
0x084BCAC4	rom	gMonIcon_Cloyster
0x084BCEC4	rom	gMonFootprint_Cloyster
0x084BCEE4	rom	gMonFrontPic_Gastly
0x084BD29C	rom	gMonPalette_Gastly
0x084BD2C4	rom	gMonBackPic_Gastly
0x084BD5E8	rom	gMonShinyPalette_Gastly
0x084BD610	rom	gMonIcon_Gastly
0x084BDA10	rom	gMonFootprint_Gastly
0x084BDA30	rom	gMonFrontPic_Haunter
0x084BDE18	rom	gMonPalette_Haunter
0x084BDE3C	rom	gMonBackPic_Haunter
0x084BE120	rom	gMonShinyPalette_Haunter
0x084BE144	rom	gMonIcon_Haunter
0x084BE544	rom	gMonFootprint_Haunter
0x084BE564	rom	gMonFrontPic_Gengar
0x084BE8C0	rom	gMonPalette_Gengar
0x084BE8E4	rom	gMonBackPic_Gengar
0x084BEC28	rom	gMonShinyPalette_Gengar
0x084BEC4C	rom	gMonIcon_Gengar
0x084BF04C	rom	gMonFootprint_Gengar
0x084BF06C	rom	gMonFrontPic_Onix
0x084BF53C	rom	gMonPalette_Onix
0x084BF558	rom	gMonBackPic_Onix
0x084BF8D4	rom	gMonShinyPalette_Onix
0x084BF8F0	rom	gMonIcon_Onix
0x084BFCF0	rom	gMonFootprint_Onix
0x084BFD10	rom	gMonFrontPic_Drowzee
0x084C0050	rom	gMonPalette_Drowzee
0x084C0074	rom	gMonBackPic_Drowzee
0x084C02B0	rom	gMonShinyPalette_Drowzee
0x084C02D4	rom	gMonIcon_Drowzee
0x084C06D4	rom	gMonFootprint_Drowzee
0x084C06F4	rom	gMonFrontPic_Hypno
0x084C0B2C	rom	gMonPalette_Hypno
0x084C0B50	rom	gMonBackPic_Hypno
0x084C0E80	rom	gMonShinyPalette_Hypno
0x084C0EA4	rom	gMonIcon_Hypno
0x084C12A4	rom	gMonFootprint_Hypno
0x084C12C4	rom	gMonFrontPic_Krabby
0x084C15E8	rom	gMonPalette_Krabby
0x084C1610	rom	gMonBackPic_Krabby
0x084C199C	rom	gMonShinyPalette_Krabby
0x084C19C4	rom	gMonIcon_Krabby
0x084C1DC4	rom	gMonFootprint_Krabby
0x084C1DE4	rom	gMonFrontPic_Kingler
0x084C2264	rom	gMonPalette_Kingler
0x084C228C	rom	gMonBackPic_Kingler
0x084C2610	rom	gMonShinyPalette_Kingler
0x084C2638	rom	gMonIcon_Kingler
0x084C2A38	rom	gMonFootprint_Kingler
0x084C2A58	rom	gMonFrontPic_Voltorb
0x084C2C60	rom	gMonPalette_Voltorb
0x084C2C84	rom	gMonBackPic_Voltorb
0x084C2EF8	rom	gMonShinyPalette_Voltorb
0x084C2F1C	rom	gMonIcon_Voltorb
0x084C331C	rom	gMonFootprint_Voltorb
0x084C333C	rom	gMonFrontPic_Electrode
0x084C35A8	rom	gMonPalette_Electrode
0x084C35CC	rom	gMonBackPic_Electrode
0x084C383C	rom	gMonShinyPalette_Electrode
0x084C3860	rom	gMonIcon_Electrode
0x084C3C60	rom	gMonFootprint_Electrode
0x084C3C80	rom	gMonFrontPic_Exeggcute
0x084C4010	rom	gMonPalette_Exeggcute
0x084C4034	rom	gMonBackPic_Exeggcute
0x084C433C	rom	gMonShinyPalette_Exeggcute
0x084C4360	rom	gMonIcon_Exeggcute
0x084C4760	rom	gMonFootprint_Exeggcute
0x084C4780	rom	gMonFrontPic_Exeggutor
0x084C4BD0	rom	gMonPalette_Exeggutor
0x084C4BF8	rom	gMonBackPic_Exeggutor
0x084C4FC4	rom	gMonShinyPalette_Exeggutor
0x084C4FEC	rom	gMonIcon_Exeggutor
0x084C53EC	rom	gMonFootprint_Exeggutor
0x084C540C	rom	gMonFrontPic_Cubone
0x084C56C8	rom	gMonPalette_Cubone
0x084C56F0	rom	gMonBackPic_Cubone
0x084C5A30	rom	gMonShinyPalette_Cubone
0x084C5A58	rom	gMonIcon_Cubone
0x084C5E58	rom	gMonFootprint_Cubone
0x084C5E78	rom	gMonFrontPic_Marowak
0x084C61F8	rom	gMonPalette_Marowak
0x084C6220	rom	gMonBackPic_Marowak
0x084C6534	rom	gMonShinyPalette_Marowak
0x084C655C	rom	gMonIcon_Marowak
0x084C695C	rom	gMonFootprint_Marowak
0x084C697C	rom	gMonFrontPic_Hitmonlee
0x084C6CF0	rom	gMonPalette_Hitmonlee
0x084C6D18	rom	gMonBackPic_Hitmonlee
0x084C6FBC	rom	gMonShinyPalette_Hitmonlee
0x084C6FE4	rom	gMonIcon_Hitmonlee
0x084C73E4	rom	gMonFootprint_Hitmonlee
0x084C7404	rom	gMonFrontPic_Hitmonchan
0x084C7744	rom	gMonPalette_Hitmonchan
0x084C776C	rom	gMonBackPic_Hitmonchan
0x084C7AB0	rom	gMonShinyPalette_Hitmonchan
0x084C7AD8	rom	gMonIcon_Hitmonchan
0x084C7ED8	rom	gMonFootprint_Hitmonchan
0x084C7EF8	rom	gMonFrontPic_Lickitung
0x084C82D0	rom	gMonPalette_Lickitung
0x084C82F8	rom	gMonBackPic_Lickitung
0x084C859C	rom	gMonShinyPalette_Lickitung
0x084C85C4	rom	gMonIcon_Lickitung
0x084C89C4	rom	gMonFootprint_Lickitung
0x084C89E4	rom	gMonFrontPic_Koffing
0x084C8CE4	rom	gMonPalette_Koffing
0x084C8D0C	rom	gMonBackPic_Koffing
0x084C900C	rom	gMonShinyPalette_Koffing
0x084C9034	rom	gMonIcon_Koffing
0x084C9434	rom	gMonFootprint_Koffing
0x084C9454	rom	gMonFrontPic_Weezing
0x084C9910	rom	gMonPalette_Weezing
0x084C9938	rom	gMonBackPic_Weezing
0x084C9CBC	rom	gMonShinyPalette_Weezing
0x084C9CE4	rom	gMonIcon_Weezing
0x084CA0E4	rom	gMonFootprint_Weezing
0x084CA104	rom	gMonFrontPic_Rhyhorn
0x084CA500	rom	gMonPalette_Rhyhorn
0x084CA520	rom	gMonBackPic_Rhyhorn
0x084CA868	rom	gMonShinyPalette_Rhyhorn
0x084CA888	rom	gMonIcon_Rhyhorn
0x084CAC88	rom	gMonFootprint_Rhyhorn
0x084CACA8	rom	gMonFrontPic_Rhydon
0x084CB19C	rom	gMonPalette_Rhydon
0x084CB1C4	rom	gMonBackPic_Rhydon
0x084CB614	rom	gMonShinyPalette_Rhydon
0x084CB63C	rom	gMonIcon_Rhydon
0x084CBA3C	rom	gMonFootprint_Rhydon
0x084CBA5C	rom	gMonFrontPic_Chansey
0x084CBD98	rom	gMonPalette_Chansey
0x084CBDBC	rom	gMonBackPic_Chansey
0x084CC00C	rom	gMonShinyPalette_Chansey
0x084CC030	rom	gMonIcon_Chansey
0x084CC430	rom	gMonFootprint_Chansey
0x084CC450	rom	gMonFrontPic_Tangela
0x084CC824	rom	gMonPalette_Tangela
0x084CC848	rom	gMonBackPic_Tangela
0x084CCBF4	rom	gMonShinyPalette_Tangela
0x084CCC18	rom	gMonIcon_Tangela
0x084CD018	rom	gMonFootprint_Tangela
0x084CD038	rom	gMonFrontPic_Kangaskhan
0x084CD4E0	rom	gMonPalette_Kangaskhan
0x084CD508	rom	gMonBackPic_Kangaskhan
0x084CD938	rom	gMonShinyPalette_Kangaskhan
0x084CD960	rom	gMonIcon_Kangaskhan
0x084CDD60	rom	gMonFootprint_Kangaskhan
0x084CDD80	rom	gMonFrontPic_Horsea
0x084CDFEC	rom	gMonPalette_Horsea
0x084CE014	rom	gMonBackPic_Horsea
0x084CE2F4	rom	gMonShinyPalette_Horsea
0x084CE31C	rom	gMonIcon_Horsea
0x084CE71C	rom	gMonFootprint_Horsea
0x084CE73C	rom	gMonFrontPic_Seadra
0x084CEAC4	rom	gMonPalette_Seadra
0x084CEAEC	rom	gMonBackPic_Seadra
0x084CEE8C	rom	gMonShinyPalette_Seadra
0x084CEEB4	rom	gMonIcon_Seadra
0x084CF2B4	rom	gMonFootprint_Seadra
0x084CF2D4	rom	gMonFrontPic_Goldeen
0x084CF63C	rom	gMonPalette_Goldeen
0x084CF664	rom	gMonBackPic_Goldeen
0x084CF9D4	rom	gMonShinyPalette_Goldeen
0x084CF9FC	rom	gMonIcon_Goldeen
0x084CFDFC	rom	gMonFootprint_Goldeen
0x084CFE1C	rom	gMonFrontPic_Seaking
0x084D0290	rom	gMonPalette_Seaking
0x084D02B8	rom	gMonBackPic_Seaking
0x084D0608	rom	gMonShinyPalette_Seaking
0x084D0630	rom	gMonIcon_Seaking
0x084D0A30	rom	gMonFootprint_Seaking
0x084D0A50	rom	gMonFrontPic_Staryu
0x084D0D00	rom	gMonPalette_Staryu
0x084D0D28	rom	gMonBackPic_Staryu
0x084D0F90	rom	gMonShinyPalette_Staryu
0x084D0FB8	rom	gMonIcon_Staryu
0x084D13B8	rom	gMonFootprint_Staryu
0x084D13D8	rom	gMonFrontPic_Starmie
0x084D1778	rom	gMonPalette_Starmie
0x084D17A0	rom	gMonBackPic_Starmie
0x084D1A44	rom	gMonShinyPalette_Starmie
0x084D1A6C	rom	gMonIcon_Starmie
0x084D1E6C	rom	gMonFootprint_Starmie
0x084D1E8C	rom	gMonFrontPic_Mrmime
0x084D2248	rom	gMonPalette_Mrmime
0x084D2270	rom	gMonBackPic_Mrmime
0x084D25A4	rom	gMonShinyPalette_Mrmime
0x084D25CC	rom	gMonIcon_Mrmime
0x084D29CC	rom	gMonFootprint_Mrmime
0x084D29EC	rom	gMonFrontPic_Scyther
0x084D2E14	rom	gMonPalette_Scyther
0x084D2E3C	rom	gMonBackPic_Scyther
0x084D3254	rom	gMonShinyPalette_Scyther
0x084D327C	rom	gMonIcon_Scyther
0x084D367C	rom	gMonFootprint_Scyther
0x084D369C	rom	gMonFrontPic_Kleavor
0x084D3B40	rom	gMonPalette_Kleavor
0x084D3B68	rom	gMonBackPic_Kleavor
0x084D3F34	rom	gMonShinyPalette_Kleavor
0x084D3F5C	rom	gMonIcon_Kleavor
0x084D435C	rom	gMonFootprint_Kleavor
0x084D437C	rom	gMonFrontPic_Jynx
0x084D4748	rom	gMonPalette_Jynx
0x084D4770	rom	gMonBackPic_Jynx
0x084D4A5C	rom	gMonShinyPalette_Jynx
0x084D4A84	rom	gMonIcon_Jynx
0x084D4E84	rom	gMonFootprint_Jynx
0x084D4EA4	rom	gMonFrontPic_Electabuzz
0x084D52FC	rom	gMonPalette_Electabuzz
0x084D5324	rom	gMonBackPic_Electabuzz
0x084D5634	rom	gMonShinyPalette_Electabuzz
0x084D565C	rom	gMonIcon_Electabuzz
0x084D5A5C	rom	gMonFootprint_Electabuzz
0x084D5A7C	rom	gMonFrontPic_Magmar
0x084D5EAC	rom	gMonPalette_Magmar
0x084D5ED4	rom	gMonBackPic_Magmar
0x084D620C	rom	gMonShinyPalette_Magmar
0x084D6234	rom	gMonIcon_Magmar
0x084D6634	rom	gMonFootprint_Magmar
0x084D6654	rom	gMonFrontPic_Pinsir
0x084D6A84	rom	gMonPalette_Pinsir
0x084D6AA8	rom	gMonBackPic_Pinsir
0x084D6DFC	rom	gMonShinyPalette_Pinsir
0x084D6E20	rom	gMonIcon_Pinsir
0x084D7220	rom	gMonFootprint_Pinsir
0x084D7240	rom	gMonFrontPic_Tauros
0x084D76A0	rom	gMonPalette_Tauros
0x084D76C8	rom	gMonBackPic_Tauros
0x084D797C	rom	gMonShinyPalette_Tauros
0x084D79A4	rom	gMonIcon_Tauros
0x084D7DA4	rom	gMonFootprint_Tauros
0x084D7DC4	rom	gMonFrontPic_Magikarp
0x084D810C	rom	gMonPalette_Magikarp
0x084D8134	rom	gMonBackPic_Magikarp
0x084D8464	rom	gMonShinyPalette_Magikarp
0x084D848C	rom	gMonIcon_Magikarp
0x084D888C	rom	gMonFootprint_Magikarp
0x084D88AC	rom	gMonFrontPic_Gyarados
0x084D8E50	rom	gMonPalette_Gyarados
0x084D8E78	rom	gMonBackPic_Gyarados
0x084D9330	rom	gMonShinyPalette_Gyarados
0x084D9358	rom	gMonIcon_Gyarados
0x084D9758	rom	gMonFootprint_Gyarados
0x084D9778	rom	gMonFrontPic_Lapras
0x084D9B58	rom	gMonPalette_Lapras
0x084D9B80	rom	gMonBackPic_Lapras
0x084D9EC4	rom	gMonShinyPalette_Lapras
0x084D9EEC	rom	gMonIcon_Lapras
0x084DA2EC	rom	gMonFootprint_Lapras
0x084DA30C	rom	gMonFrontPic_Ditto
0x084DA4FC	rom	gMonPalette_Ditto
0x084DA51C	rom	gMonBackPic_Ditto
0x084DA71C	rom	gMonShinyPalette_Ditto
0x084DA73C	rom	gMonIcon_Ditto
0x084DAB3C	rom	gMonFootprint_Ditto
0x084DAB5C	rom	gMonFrontPic_Eevee
0x084DAE48	rom	gMonPalette_Eevee
0x084DAE70	rom	gMonBackPic_Eevee
0x084DB198	rom	gMonShinyPalette_Eevee
0x084DB1C0	rom	gMonIcon_Eevee
0x084DB5C0	rom	gMonFootprint_Eevee
0x084DB5E0	rom	gMonFrontPic_Vaporeon
0x084DB974	rom	gMonPalette_Vaporeon
0x084DB99C	rom	gMonBackPic_Vaporeon
0x084DBC64	rom	gMonShinyPalette_Vaporeon
0x084DBC8C	rom	gMonIcon_Vaporeon
0x084DC08C	rom	gMonFootprint_Vaporeon
0x084DC0AC	rom	gMonFrontPic_Jolteon
0x084DC3FC	rom	gMonPalette_Jolteon
0x084DC424	rom	gMonBackPic_Jolteon
0x084DC7D0	rom	gMonShinyPalette_Jolteon
0x084DC7F8	rom	gMonIcon_Jolteon
0x084DCBF8	rom	gMonFootprint_Jolteon
0x084DCC18	rom	gMonFrontPic_Flareon
0x084DCF9C	rom	gMonPalette_Flareon
0x084DCFC4	rom	gMonBackPic_Flareon
0x084DD354	rom	gMonShinyPalette_Flareon
0x084DD37C	rom	gMonIcon_Flareon
0x084DD77C	rom	gMonFootprint_Flareon
0x084DD79C	rom	gMonFrontPic_Porygon
0x084DDA54	rom	gMonPalette_Porygon
0x084DDA78	rom	gMonBackPic_Porygon
0x084DDD30	rom	gMonShinyPalette_Porygon
0x084DDD54	rom	gMonIcon_Porygon
0x084DE154	rom	gMonFootprint_Porygon
0x084DE174	rom	gMonFrontPic_Omanyte
0x084DE404	rom	gMonPalette_Omanyte
0x084DE42C	rom	gMonBackPic_Omanyte
0x084DE778	rom	gMonShinyPalette_Omanyte
0x084DE7A0	rom	gMonIcon_Omanyte
0x084DEBA0	rom	gMonFootprint_Omanyte
0x084DEBC0	rom	gMonFrontPic_Omastar
0x084DEF80	rom	gMonPalette_Omastar
0x084DEFA8	rom	gMonBackPic_Omastar
0x084DF2E8	rom	gMonShinyPalette_Omastar
0x084DF310	rom	gMonIcon_Omastar
0x084DF710	rom	gMonFootprint_Omastar
0x084DF730	rom	gMonFrontPic_Kabuto
0x084DF958	rom	gMonPalette_Kabuto
0x084DF980	rom	gMonBackPic_Kabuto
0x084DFC18	rom	gMonShinyPalette_Kabuto
0x084DFC40	rom	gMonIcon_Kabuto
0x084E0040	rom	gMonFootprint_Kabuto
0x084E0060	rom	gMonFrontPic_Kabutops
0x084E0470	rom	gMonPalette_Kabutops
0x084E0494	rom	gMonBackPic_Kabutops
0x084E0838	rom	gMonShinyPalette_Kabutops
0x084E085C	rom	gMonIcon_Kabutops
0x084E0C5C	rom	gMonFootprint_Kabutops
0x084E0C7C	rom	gMonFrontPic_Aerodactyl
0x084E10CC	rom	gMonPalette_Aerodactyl
0x084E10F4	rom	gMonBackPic_Aerodactyl
0x084E13F8	rom	gMonShinyPalette_Aerodactyl
0x084E1420	rom	gMonIcon_Aerodactyl
0x084E1820	rom	gMonFootprint_Aerodactyl
0x084E1840	rom	gMonFrontPic_Snorlax
0x084E1C14	rom	gMonPalette_Snorlax
0x084E1C3C	rom	gMonBackPic_Snorlax
0x084E1E58	rom	gMonShinyPalette_Snorlax
0x084E1E80	rom	gMonIcon_Snorlax
0x084E2280	rom	gMonFootprint_Snorlax
0x084E22A0	rom	gMonFrontPic_Articuno
0x084E2798	rom	gMonPalette_Articuno
0x084E27C0	rom	gMonBackPic_Articuno
0x084E2A1C	rom	gMonShinyPalette_Articuno
0x084E2A44	rom	gMonIcon_Articuno
0x084E2E44	rom	gMonFootprint_Articuno
0x084E2E64	rom	gMonFrontPic_Zapdos
0x084E32B4	rom	gMonPalette_Zapdos
0x084E32DC	rom	gMonBackPic_Zapdos
0x084E3618	rom	gMonShinyPalette_Zapdos
0x084E3640	rom	gMonIcon_Zapdos
0x084E3A40	rom	gMonFootprint_Zapdos
0x084E3A60	rom	gMonFrontPic_Moltres
0x084E3F2C	rom	gMonPalette_Moltres
0x084E3F54	rom	gMonBackPic_Moltres
0x084E4290	rom	gMonShinyPalette_Moltres
0x084E42B8	rom	gMonIcon_Moltres
0x084E46B8	rom	gMonFootprint_Moltres
0x084E46D8	rom	gMonFrontPic_Dratini
0x084E4994	rom	gMonPalette_Dratini
0x084E49B8	rom	gMonBackPic_Dratini
0x084E4C48	rom	gMonShinyPalette_Dratini
0x084E4C6C	rom	gMonIcon_Dratini
0x084E506C	rom	gMonFootprint_Dratini
0x084E508C	rom	gMonFrontPic_Dragonair
0x084E5424	rom	gMonPalette_Dragonair
0x084E544C	rom	gMonBackPic_Dragonair
0x084E575C	rom	gMonShinyPalette_Dragonair
0x084E5784	rom	gMonIcon_Dragonair
0x084E5B84	rom	gMonFootprint_Dragonair
0x084E5BA4	rom	gMonFrontPic_Dragonite
0x084E60F4	rom	gMonPalette_Dragonite
0x084E611C	rom	gMonBackPic_Dragonite
0x084E6414	rom	gMonShinyPalette_Dragonite
0x084E643C	rom	gMonIcon_Dragonite
0x084E683C	rom	gMonFootprint_Dragonite
0x084E685C	rom	gMonFrontPic_Mewtwo
0x084E6C98	rom	gMonPalette_Mewtwo
0x084E6CBC	rom	gMonBackPic_Mewtwo
0x084E7088	rom	gMonShinyPalette_Mewtwo
0x084E70AC	rom	gMonIcon_Mewtwo
0x084E74AC	rom	gMonFootprint_Mewtwo
0x084E74CC	rom	gMonFrontPic_Mew
0x084E778C	rom	gMonPalette_Mew
0x084E77B0	rom	gMonBackPic_Mew
0x084E7B00	rom	gMonShinyPalette_Mew
0x084E7B24	rom	gMonIcon_Mew
0x084E7F24	rom	gMonFootprint_Mew
0x084E7F44	rom	gMonFrontPic_Chikorita
0x084E81AC	rom	gMonPalette_Chikorita
0x084E81D4	rom	gMonBackPic_Chikorita
0x084E8498	rom	gMonShinyPalette_Chikorita
0x084E84C0	rom	gMonIcon_Chikorita
0x084E88C0	rom	gMonFootprint_Chikorita
0x084E88E0	rom	gMonFrontPic_Bayleef
0x084E8CB4	rom	gMonPalette_Bayleef
0x084E8CDC	rom	gMonBackPic_Bayleef
0x084E906C	rom	gMonShinyPalette_Bayleef
0x084E9094	rom	gMonIcon_Bayleef
0x084E9494	rom	gMonFootprint_Bayleef
0x084E94B4	rom	gMonFrontPic_Meganium
0x084E9A10	rom	gMonPalette_Meganium
0x084E9A38	rom	gMonBackPic_Meganium
0x084E9D88	rom	gMonShinyPalette_Meganium
0x084E9DB0	rom	gMonIcon_Meganium
0x084EA1B0	rom	gMonFootprint_Meganium
0x084EA1D0	rom	gMonFrontPic_Cyndaquil
0x084EA45C	rom	gMonPalette_Cyndaquil
0x084EA484	rom	gMonBackPic_Cyndaquil
0x084EA7B0	rom	gMonShinyPalette_Cyndaquil
0x084EA7D8	rom	gMonIcon_Cyndaquil
0x084EABD8	rom	gMonFootprint_Cyndaquil
0x084EABF8	rom	gMonFrontPic_Quilava
0x084EAF14	rom	gMonPalette_Quilava
0x084EAF3C	rom	gMonBackPic_Quilava
0x084EB2B0	rom	gMonShinyPalette_Quilava
0x084EB2D8	rom	gMonIcon_Quilava
0x084EB6D8	rom	gMonFootprint_Quilava
0x084EB6F8	rom	gMonFrontPic_Typhlosion
0x084EBB20	rom	gMonPalette_Typhlosion
0x084EBB48	rom	gMonBackPic_Typhlosion
0x084EBF4C	rom	gMonShinyPalette_Typhlosion
0x084EBF74	rom	gMonIcon_Typhlosion
0x084EC374	rom	gMonFootprint_Typhlosion
0x084EC394	rom	gMonFrontPic_Totodile
0x084EC638	rom	gMonPalette_Totodile
0x084EC660	rom	gMonBackPic_Totodile
0x084EC940	rom	gMonShinyPalette_Totodile
0x084EC968	rom	gMonIcon_Totodile
0x084ECD68	rom	gMonFootprint_Totodile
0x084ECD88	rom	gMonFrontPic_Croconaw
0x084ED0F0	rom	gMonPalette_Croconaw
0x084ED118	rom	gMonBackPic_Croconaw
0x084ED468	rom	gMonShinyPalette_Croconaw
0x084ED490	rom	gMonIcon_Croconaw
0x084ED890	rom	gMonFootprint_Croconaw
0x084ED8B0	rom	gMonFrontPic_Feraligatr
0x084EDE1C	rom	gMonPalette_Feraligatr
0x084EDE44	rom	gMonBackPic_Feraligatr
0x084EE310	rom	gMonShinyPalette_Feraligatr
0x084EE338	rom	gMonIcon_Feraligatr
0x084EE738	rom	gMonFootprint_Feraligatr
0x084EE758	rom	gMonFrontPic_Sentret
0x084EEA34	rom	gMonPalette_Sentret
0x084EEA5C	rom	gMonBackPic_Sentret
0x084EED00	rom	gMonShinyPalette_Sentret
0x084EED28	rom	gMonIcon_Sentret
0x084EF128	rom	gMonFootprint_Sentret
0x084EF148	rom	gMonFrontPic_Furret
0x084EF47C	rom	gMonPalette_Furret
0x084EF4A4	rom	gMonBackPic_Furret
0x084EF7CC	rom	gMonShinyPalette_Furret
0x084EF7F4	rom	gMonIcon_Furret
0x084EFBF4	rom	gMonFootprint_Furret
0x084EFC14	rom	gMonFrontPic_Hoothoot
0x084EFE98	rom	gMonPalette_Hoothoot
0x084EFEC0	rom	gMonBackPic_Hoothoot
0x084F01C8	rom	gMonShinyPalette_Hoothoot
0x084F01F0	rom	gMonIcon_Hoothoot
0x084F05F0	rom	gMonFootprint_Hoothoot
0x084F0610	rom	gMonFrontPic_Noctowl
0x084F0964	rom	gMonPalette_Noctowl
0x084F098C	rom	gMonBackPic_Noctowl
0x084F0CE8	rom	gMonShinyPalette_Noctowl
0x084F0D10	rom	gMonIcon_Noctowl
0x084F1110	rom	gMonFootprint_Noctowl
0x084F1130	rom	gMonFrontPic_Ledyba
0x084F1424	rom	gMonPalette_Ledyba
0x084F144C	rom	gMonBackPic_Ledyba
0x084F177C	rom	gMonShinyPalette_Ledyba
0x084F17A4	rom	gMonIcon_Ledyba
0x084F1BA4	rom	gMonFootprint_Ledyba
0x084F1BC4	rom	gMonFrontPic_Ledian
0x084F1F4C	rom	gMonPalette_Ledian
0x084F1F74	rom	gMonBackPic_Ledian
0x084F22CC	rom	gMonShinyPalette_Ledian
0x084F22F4	rom	gMonIcon_Ledian
0x084F26F4	rom	gMonFootprint_Ledian
0x084F2714	rom	gMonFrontPic_Spinarak
0x084F2988	rom	gMonPalette_Spinarak
0x084F29B0	rom	gMonBackPic_Spinarak
0x084F2C14	rom	gMonShinyPalette_Spinarak
0x084F2C3C	rom	gMonIcon_Spinarak
0x084F303C	rom	gMonFootprint_Spinarak
0x084F305C	rom	gMonFrontPic_Ariados
0x084F341C	rom	gMonPalette_Ariados
0x084F3444	rom	gMonBackPic_Ariados
0x084F37BC	rom	gMonShinyPalette_Ariados
0x084F37E4	rom	gMonIcon_Ariados
0x084F3BE4	rom	gMonFootprint_Ariados
0x084F3C04	rom	gMonFrontPic_Crobat
0x084F3FB4	rom	gMonPalette_Crobat
0x084F3FDC	rom	gMonBackPic_Crobat
0x084F42E4	rom	gMonShinyPalette_Crobat
0x084F430C	rom	gMonIcon_Crobat
0x084F470C	rom	gMonFootprint_Crobat
0x084F472C	rom	gMonFrontPic_Chinchou
0x084F4A04	rom	gMonPalette_Chinchou
0x084F4A2C	rom	gMonBackPic_Chinchou
0x084F4D24	rom	gMonShinyPalette_Chinchou
0x084F4D4C	rom	gMonIcon_Chinchou
0x084F514C	rom	gMonFootprint_Chinchou
0x084F516C	rom	gMonFrontPic_Lanturn
0x084F54DC	rom	gMonPalette_Lanturn
0x084F5504	rom	gMonBackPic_Lanturn
0x084F5804	rom	gMonShinyPalette_Lanturn
0x084F582C	rom	gMonIcon_Lanturn
0x084F5C2C	rom	gMonFootprint_Lanturn
0x084F5C4C	rom	gMonFrontPic_Pichu
0x084F5E68	rom	gMonPalette_Pichu
0x084F5E90	rom	gMonBackPic_Pichu
0x084F60EC	rom	gMonShinyPalette_Pichu
0x084F6114	rom	gMonIcon_Pichu
0x084F6514	rom	gMonFootprint_Pichu
0x084F6534	rom	gMonFrontPic_Cleffa
0x084F6714	rom	gMonPalette_Cleffa
0x084F673C	rom	gMonBackPic_Cleffa
0x084F6978	rom	gMonShinyPalette_Cleffa
0x084F69A0	rom	gMonIcon_Cleffa
0x084F6DA0	rom	gMonFootprint_Cleffa
0x084F6DC0	rom	gMonFrontPic_Igglybuff
0x084F6FA8	rom	gMonPalette_Igglybuff
0x084F6FD0	rom	gMonBackPic_Igglybuff
0x084F720C	rom	gMonShinyPalette_Igglybuff
0x084F7234	rom	gMonIcon_Igglybuff
0x084F7634	rom	gMonFootprint_Igglybuff
0x084F7654	rom	gMonFrontPic_Togepi
0x084F7828	rom	gMonPalette_Togepi
0x084F7850	rom	gMonBackPic_Togepi
0x084F7AC4	rom	gMonShinyPalette_Togepi
0x084F7AEC	rom	gMonIcon_Togepi
0x084F7EEC	rom	gMonFootprint_Togepi
0x084F7F0C	rom	gMonFrontPic_Togetic
0x084F8180	rom	gMonPalette_Togetic
0x084F81A8	rom	gMonBackPic_Togetic
0x084F84D4	rom	gMonShinyPalette_Togetic
0x084F84FC	rom	gMonIcon_Togetic
0x084F88FC	rom	gMonFootprint_Togetic
0x084F891C	rom	gMonFrontPic_Natu
0x084F8AE8	rom	gMonPalette_Natu
0x084F8B10	rom	gMonBackPic_Natu
0x084F8D24	rom	gMonShinyPalette_Natu
0x084F8D4C	rom	gMonIcon_Natu
0x084F914C	rom	gMonFootprint_Natu
0x084F916C	rom	gMonFrontPic_Xatu
0x084F9448	rom	gMonPalette_Xatu
0x084F9470	rom	gMonBackPic_Xatu
0x084F97E8	rom	gMonShinyPalette_Xatu
0x084F9810	rom	gMonIcon_Xatu
0x084F9C10	rom	gMonFootprint_Xatu
0x084F9C30	rom	gMonFrontPic_Mareep
0x084F9EE4	rom	gMonPalette_Mareep
0x084F9F0C	rom	gMonBackPic_Mareep
0x084FA200	rom	gMonShinyPalette_Mareep
0x084FA228	rom	gMonIcon_Mareep
0x084FA628	rom	gMonFootprint_Mareep
0x084FA648	rom	gMonFrontPic_Flaaffy
0x084FA948	rom	gMonPalette_Flaaffy
0x084FA970	rom	gMonBackPic_Flaaffy
0x084FAC8C	rom	gMonShinyPalette_Flaaffy
0x084FACB4	rom	gMonIcon_Flaaffy
0x084FB0B4	rom	gMonFootprint_Flaaffy
0x084FB0D4	rom	gMonFrontPic_Ampharos
0x084FB430	rom	gMonPalette_Ampharos
0x084FB458	rom	gMonBackPic_Ampharos
0x084FB7D0	rom	gMonShinyPalette_Ampharos
0x084FB7F8	rom	gMonIcon_Ampharos
0x084FBBF8	rom	gMonFootprint_Ampharos
0x084FBC18	rom	gMonFrontPic_Bellossom
0x084FBE88	rom	gMonPalette_Bellossom
0x084FBEB0	rom	gMonBackPic_Bellossom
0x084FC1D4	rom	gMonShinyPalette_Bellossom
0x084FC1FC	rom	gMonIcon_Bellossom
0x084FC5FC	rom	gMonFootprint_Bellossom
0x084FC61C	rom	gMonFrontPic_Marill
0x084FC8E0	rom	gMonPalette_Marill
0x084FC908	rom	gMonBackPic_Marill
0x084FCBB4	rom	gMonShinyPalette_Marill
0x084FCBDC	rom	gMonIcon_Marill
0x084FCFDC	rom	gMonFootprint_Marill
0x084FCFFC	rom	gMonFrontPic_Azumarill
0x084FD2FC	rom	gMonPalette_Azumarill
0x084FD324	rom	gMonBackPic_Azumarill
0x084FD5E0	rom	gMonShinyPalette_Azumarill
0x084FD608	rom	gMonIcon_Azumarill
0x084FDA08	rom	gMonFootprint_Azumarill
0x084FDA28	rom	gMonFrontPic_Sudowoodo
0x084FDD40	rom	gMonPalette_Sudowoodo
0x084FDD68	rom	gMonBackPic_Sudowoodo
0x084FE0C4	rom	gMonShinyPalette_Sudowoodo
0x084FE0EC	rom	gMonIcon_Sudowoodo
0x084FE4EC	rom	gMonFootprint_Sudowoodo
0x084FE50C	rom	gMonFrontPic_Politoed
0x084FE848	rom	gMonPalette_Politoed
0x084FE870	rom	gMonBackPic_Politoed
0x084FEB2C	rom	gMonShinyPalette_Politoed
0x084FEB54	rom	gMonIcon_Politoed
0x084FEF54	rom	gMonFootprint_Politoed
0x084FEF74	rom	gMonFrontPic_Hoppip
0x084FF228	rom	gMonPalette_Hoppip
0x084FF250	rom	gMonBackPic_Hoppip
0x084FF530	rom	gMonShinyPalette_Hoppip
0x084FF558	rom	gMonIcon_Hoppip
0x084FF958	rom	gMonFootprint_Hoppip
0x084FF978	rom	gMonFrontPic_Skiploom
0x084FFC00	rom	gMonPalette_Skiploom
0x084FFC28	rom	gMonBackPic_Skiploom
0x084FFF08	rom	gMonShinyPalette_Skiploom
0x084FFF30	rom	gMonIcon_Skiploom
0x08500330	rom	gMonFootprint_Skiploom
0x08500350	rom	gMonFrontPic_Jumpluff
0x085006BC	rom	gMonPalette_Jumpluff
0x085006E4	rom	gMonBackPic_Jumpluff
0x08500ADC	rom	gMonShinyPalette_Jumpluff
0x08500B04	rom	gMonIcon_Jumpluff
0x08500F04	rom	gMonFootprint_Jumpluff
0x08500F24	rom	gMonFrontPic_Aipom
0x08501220	rom	gMonPalette_Aipom
0x08501248	rom	gMonBackPic_Aipom
0x0850153C	rom	gMonShinyPalette_Aipom
0x08501564	rom	gMonIcon_Aipom
0x08501964	rom	gMonFootprint_Aipom
0x08501984	rom	gMonFrontPic_Sunkern
0x08501BBC	rom	gMonPalette_Sunkern
0x08501BE4	rom	gMonBackPic_Sunkern
0x08501EA8	rom	gMonShinyPalette_Sunkern
0x08501ED0	rom	gMonIcon_Sunkern
0x085022D0	rom	gMonFootprint_Sunkern
0x085022F0	rom	gMonFrontPic_Sunflora
0x08502648	rom	gMonPalette_Sunflora
0x08502670	rom	gMonBackPic_Sunflora
0x08502A10	rom	gMonShinyPalette_Sunflora
0x08502A38	rom	gMonIcon_Sunflora
0x08502E38	rom	gMonFootprint_Sunflora
0x08502E58	rom	gMonFrontPic_Yanma
0x085031DC	rom	gMonPalette_Yanma
0x08503204	rom	gMonBackPic_Yanma
0x085035B8	rom	gMonShinyPalette_Yanma
0x085035E0	rom	gMonIcon_Yanma
0x085039E0	rom	gMonFootprint_Yanma
0x08503A00	rom	gMonFrontPic_Wooper
0x08503C40	rom	gMonPalette_Wooper
0x08503C68	rom	gMonBackPic_Wooper
0x08503EF4	rom	gMonShinyPalette_Wooper
0x08503F1C	rom	gMonIcon_Wooper
0x0850431C	rom	gMonFootprint_Wooper
0x0850433C	rom	gMonFrontPic_Quagsire
0x085046B0	rom	gMonPalette_Quagsire
0x085046D8	rom	gMonBackPic_Quagsire
0x085049D4	rom	gMonShinyPalette_Quagsire
0x085049FC	rom	gMonIcon_Quagsire
0x08504DFC	rom	gMonFootprint_Quagsire
0x08504E1C	rom	gMonFrontPic_Espeon
0x0850515C	rom	gMonPalette_Espeon
0x08505180	rom	gMonBackPic_Espeon
0x0850545C	rom	gMonShinyPalette_Espeon
0x08505480	rom	gMonIcon_Espeon
0x08505880	rom	gMonFootprint_Espeon
0x085058A0	rom	gMonFrontPic_Umbreon
0x08505BB4	rom	gMonPalette_Umbreon
0x08505BDC	rom	gMonBackPic_Umbreon
0x08505EF0	rom	gMonShinyPalette_Umbreon
0x08505F18	rom	gMonIcon_Umbreon
0x08506318	rom	gMonFootprint_Umbreon
0x08506338	rom	gMonFrontPic_Leafeon
0x08506690	rom	gMonPalette_Leafeon
0x085066B8	rom	gMonBackPic_Leafeon
0x08506A20	rom	gMonShinyPalette_Leafeon
0x08506A48	rom	gMonIcon_Leafeon
0x08506E48	rom	gMonFootprint_Leafeon
0x08506E68	rom	gMonFrontPic_Glaceon
0x08507178	rom	gMonPalette_Glaceon
0x0850719C	rom	gMonBackPic_Glaceon
0x08507470	rom	gMonShinyPalette_Glaceon
0x08507494	rom	gMonIcon_Glaceon
0x08507894	rom	gMonFootprint_Glaceon
0x085078B4	rom	gMonFrontPic_Murkrow
0x08507B94	rom	gMonPalette_Murkrow
0x08507BBC	rom	gMonBackPic_Murkrow
0x08507ED4	rom	gMonShinyPalette_Murkrow
0x08507EFC	rom	gMonIcon_Murkrow
0x085082FC	rom	gMonFootprint_Murkrow
0x0850831C	rom	gMonFrontPic_Slowking
0x085086D0	rom	gMonPalette_Slowking
0x085086F8	rom	gMonBackPic_Slowking
0x08508A84	rom	gMonShinyPalette_Slowking
0x08508AAC	rom	gMonIcon_Slowking
0x08508EAC	rom	gMonFootprint_Slowking
0x08508ECC	rom	gMonFrontPic_Misdreavus
0x0850918C	rom	gMonPalette_Misdreavus
0x085091B4	rom	gMonBackPic_Misdreavus
0x085094D8	rom	gMonShinyPalette_Misdreavus
0x08509500	rom	gMonIcon_Misdreavus
0x08509900	rom	gMonFootprint_Misdreavus
0x08509920	rom	gMonFrontPic_UnownA
0x08509AF4	rom	gMonPalette_Unown
0x08509B14	rom	gMonBackPic_UnownA
0x08509D14	rom	gMonShinyPalette_Unown
0x08509D34	rom	gMonIcon_UnownA
0x0850A134	rom	gMonFootprint_Unown
0x0850A154	rom	gMonFrontPic_Wobbuffet
0x0850A4A4	rom	gMonPalette_Wobbuffet
0x0850A4CC	rom	gMonBackPic_Wobbuffet
0x0850A710	rom	gMonShinyPalette_Wobbuffet
0x0850A738	rom	gMonIcon_Wobbuffet
0x0850AB38	rom	gMonFootprint_Wobbuffet
0x0850AB58	rom	gMonFrontPic_Girafarig
0x0850AF5C	rom	gMonPalette_Girafarig
0x0850AF84	rom	gMonBackPic_Girafarig
0x0850B330	rom	gMonShinyPalette_Girafarig
0x0850B358	rom	gMonIcon_Girafarig
0x0850B758	rom	gMonFootprint_Girafarig
0x0850B778	rom	gMonFrontPic_Pineco
0x0850BAB8	rom	gMonPalette_Pineco
0x0850BADC	rom	gMonBackPic_Pineco
0x0850BDB4	rom	gMonShinyPalette_Pineco
0x0850BDD8	rom	gMonIcon_Pineco
0x0850C1D8	rom	gMonFootprint_Pineco
0x0850C1F8	rom	gMonFrontPic_Forretress
0x0850C614	rom	gMonPalette_Forretress
0x0850C63C	rom	gMonBackPic_Forretress
0x0850C8FC	rom	gMonShinyPalette_Forretress
0x0850C924	rom	gMonIcon_Forretress
0x0850CD24	rom	gMonFootprint_Forretress
0x0850CD44	rom	gMonFrontPic_Dunsparce
0x0850D054	rom	gMonPalette_Dunsparce
0x0850D07C	rom	gMonBackPic_Dunsparce
0x0850D378	rom	gMonShinyPalette_Dunsparce
0x0850D3A0	rom	gMonIcon_Dunsparce
0x0850D7A0	rom	gMonFootprint_Dunsparce
0x0850D7C0	rom	gMonFrontPic_Gligar
0x0850DBE8	rom	gMonPalette_Gligar
0x0850DC10	rom	gMonBackPic_Gligar
0x0850DFE8	rom	gMonShinyPalette_Gligar
0x0850E010	rom	gMonIcon_Gligar
0x0850E410	rom	gMonFootprint_Gligar
0x0850E430	rom	gMonFrontPic_Steelix
0x0850E8F8	rom	gMonPalette_Steelix
0x0850E91C	rom	gMonBackPic_Steelix
0x0850ED28	rom	gMonShinyPalette_Steelix
0x0850ED4C	rom	gMonIcon_Steelix
0x0850F14C	rom	gMonFootprint_Steelix
0x0850F16C	rom	gMonFrontPic_Snubbull
0x0850F440	rom	gMonPalette_Snubbull
0x0850F468	rom	gMonBackPic_Snubbull
0x0850F790	rom	gMonShinyPalette_Snubbull
0x0850F7B8	rom	gMonIcon_Snubbull
0x0850FBB8	rom	gMonFootprint_Snubbull
0x0850FBD8	rom	gMonFrontPic_Granbull
0x0850FF64	rom	gMonPalette_Granbull
0x0850FF8C	rom	gMonBackPic_Granbull
0x085102B0	rom	gMonShinyPalette_Granbull
0x085102D8	rom	gMonIcon_Granbull
0x085106D8	rom	gMonFootprint_Granbull
0x085106F8	rom	gMonFrontPic_Qwilfish
0x085109B8	rom	gMonPalette_Qwilfish
0x085109E0	rom	gMonBackPic_Qwilfish
0x08510CC0	rom	gMonShinyPalette_Qwilfish
0x08510CE8	rom	gMonIcon_Qwilfish
0x085110E8	rom	gMonFootprint_Qwilfish
0x08511108	rom	gMonFrontPic_Scizor
0x085115F0	rom	gMonPalette_Scizor
0x08511618	rom	gMonBackPic_Scizor
0x08511998	rom	gMonShinyPalette_Scizor
0x085119C0	rom	gMonIcon_Scizor
0x08511DC0	rom	gMonFootprint_Scizor
0x08511DE0	rom	gMonFrontPic_Shuckle
0x085120A8	rom	gMonPalette_Shuckle
0x085120D0	rom	gMonBackPic_Shuckle
0x08512328	rom	gMonShinyPalette_Shuckle
0x08512350	rom	gMonIcon_Shuckle
0x08512750	rom	gMonFootprint_Shuckle
0x08512770	rom	gMonFrontPic_Heracross
0x08512B60	rom	gMonPalette_Heracross
0x08512B88	rom	gMonBackPic_Heracross
0x08512EF8	rom	gMonShinyPalette_Heracross
0x08512F20	rom	gMonIcon_Heracross
0x08513320	rom	gUnknown_heracross_icon
0x08513720	rom	gMonFootprint_Heracross
0x08513740	rom	gMonFrontPic_Sneasel
0x08513A84	rom	gMonPalette_Sneasel
0x08513AAC	rom	gMonBackPic_Sneasel
0x08513DD0	rom	gMonShinyPalette_Sneasel
0x08513DF8	rom	gMonIcon_Sneasel
0x085141F8	rom	gMonFootprint_Sneasel
0x08514218	rom	gMonFrontPic_Teddiursa
0x085144C0	rom	gMonPalette_Teddiursa
0x085144E8	rom	gMonBackPic_Teddiursa
0x08514760	rom	gMonShinyPalette_Teddiursa
0x08514788	rom	gMonIcon_Teddiursa
0x08514B88	rom	gMonFootprint_Teddiursa
0x08514BA8	rom	gMonFrontPic_Ursaring
0x08514FE0	rom	gMonPalette_Ursaring
0x08515008	rom	gMonBackPic_Ursaring
0x08515390	rom	gMonShinyPalette_Ursaring
0x085153B8	rom	gMonIcon_Ursaring
0x085157B8	rom	gMonFootprint_Ursaring
0x085157D8	rom	gMonFrontPic_Slugma
0x08515A4C	rom	gMonPalette_Slugma
0x08515A70	rom	gMonBackPic_Slugma
0x08515D58	rom	gMonShinyPalette_Slugma
0x08515D7C	rom	gMonIcon_Slugma
0x0851617C	rom	gMonFootprint_Slugma
0x0851619C	rom	gMonFrontPic_Magcargo
0x085164E4	rom	gMonPalette_Magcargo
0x0851650C	rom	gMonBackPic_Magcargo
0x08516924	rom	gMonShinyPalette_Magcargo
0x0851694C	rom	gMonIcon_Magcargo
0x08516D4C	rom	gMonFootprint_Magcargo
0x08516D6C	rom	gMonFrontPic_Swinub
0x08516F68	rom	gMonPalette_Swinub
0x08516F90	rom	gMonBackPic_Swinub
0x085171CC	rom	gMonShinyPalette_Swinub
0x085171F4	rom	gMonIcon_Swinub
0x085175F4	rom	gMonFootprint_Swinub
0x08517614	rom	gMonFrontPic_Piloswine
0x0851793C	rom	gMonPalette_Piloswine
0x08517964	rom	gMonBackPic_Piloswine
0x08517BB0	rom	gMonShinyPalette_Piloswine
0x08517BD8	rom	gMonIcon_Piloswine
0x08517FD8	rom	gMonFootprint_Piloswine
0x08517FF8	rom	gMonFrontPic_Corsola
0x085182E0	rom	gMonPalette_Corsola
0x08518308	rom	gMonBackPic_Corsola
0x085185C8	rom	gMonShinyPalette_Corsola
0x085185F0	rom	gMonIcon_Corsola
0x085189F0	rom	gMonFootprint_Corsola
0x08518A10	rom	gMonFrontPic_Remoraid
0x08518C78	rom	gMonPalette_Remoraid
0x08518CA0	rom	gMonBackPic_Remoraid
0x08518FB4	rom	gMonShinyPalette_Remoraid
0x08518FDC	rom	gMonIcon_Remoraid
0x085193DC	rom	gMonFootprint_Remoraid
0x085193FC	rom	gMonFrontPic_Octillery
0x08519730	rom	gMonPalette_Octillery
0x08519758	rom	gMonBackPic_Octillery
0x08519A10	rom	gMonShinyPalette_Octillery
0x08519A38	rom	gMonIcon_Octillery
0x08519E38	rom	gMonFootprint_Octillery
0x08519E58	rom	gMonFrontPic_Delibird
0x0851A1C8	rom	gMonPalette_Delibird
0x0851A1F0	rom	gMonBackPic_Delibird
0x0851A5B0	rom	gMonShinyPalette_Delibird
0x0851A5D8	rom	gMonIcon_Delibird
0x0851A9D8	rom	gMonFootprint_Delibird
0x0851A9F8	rom	gMonFrontPic_Mantine
0x0851AE94	rom	gMonPalette_Mantine
0x0851AEBC	rom	gMonBackPic_Mantine
0x0851B15C	rom	gMonShinyPalette_Mantine
0x0851B184	rom	gMonIcon_Mantine
0x0851B584	rom	gMonFootprint_Mantine
0x0851B5A4	rom	gMonFrontPic_Skarmory
0x0851BA84	rom	gMonPalette_Skarmory
0x0851BAAC	rom	gMonBackPic_Skarmory
0x0851BDB0	rom	gMonShinyPalette_Skarmory
0x0851BDD8	rom	gMonIcon_Skarmory
0x0851C1D8	rom	gMonFootprint_Skarmory
0x0851C1F8	rom	gMonFrontPic_Houndour
0x0851C4B0	rom	gMonPalette_Houndour
0x0851C4D8	rom	gMonBackPic_Houndour
0x0851C758	rom	gMonShinyPalette_Houndour
0x0851C780	rom	gMonIcon_Houndour
0x0851CB80	rom	gMonFootprint_Houndour
0x0851CBA0	rom	gMonFrontPic_Houndoom
0x0851CFA0	rom	gMonPalette_Houndoom
0x0851CFC8	rom	gMonBackPic_Houndoom
0x0851D2EC	rom	gMonShinyPalette_Houndoom
0x0851D314	rom	gMonIcon_Houndoom
0x0851D714	rom	gMonFootprint_Houndoom
0x0851D734	rom	gMonFrontPic_Kingdra
0x0851DB54	rom	gMonPalette_Kingdra
0x0851DB7C	rom	gMonBackPic_Kingdra
0x0851DF30	rom	gMonShinyPalette_Kingdra
0x0851DF58	rom	gMonIcon_Kingdra
0x0851E358	rom	gMonFootprint_Kingdra
0x0851E378	rom	gMonFrontPic_Phanpy
0x0851E5D4	rom	gMonPalette_Phanpy
0x0851E5FC	rom	gMonBackPic_Phanpy
0x0851E8C0	rom	gMonShinyPalette_Phanpy
0x0851E8E8	rom	gMonIcon_Phanpy
0x0851ECE8	rom	gMonFootprint_Phanpy
0x0851ED08	rom	gMonFrontPic_Donphan
0x0851F17C	rom	gMonPalette_Donphan
0x0851F1A4	rom	gMonBackPic_Donphan
0x0851F4A0	rom	gMonShinyPalette_Donphan
0x0851F4C8	rom	gMonIcon_Donphan
0x0851F8C8	rom	gMonFootprint_Donphan
0x0851F8E8	rom	gMonFrontPic_Porygon2
0x0851FB70	rom	gMonPalette_Porygon2
0x0851FB98	rom	gMonBackPic_Porygon2
0x0851FEB4	rom	gMonShinyPalette_Porygon2
0x0851FEDC	rom	gMonIcon_Porygon2
0x085202DC	rom	gMonFootprint_Porygon2
0x085202FC	rom	gMonFrontPic_Stantler
0x08520710	rom	gMonPalette_Stantler
0x08520738	rom	gMonBackPic_Stantler
0x08520A84	rom	gMonShinyPalette_Stantler
0x08520AAC	rom	gMonIcon_Stantler
0x08520EAC	rom	gMonFootprint_Stantler
0x08520ECC	rom	gMonFrontPic_Smeargle
0x08521260	rom	gMonPalette_Smeargle
0x08521288	rom	gMonBackPic_Smeargle
0x085215AC	rom	gMonShinyPalette_Smeargle
0x085215D4	rom	gMonIcon_Smeargle
0x085219D4	rom	gMonFootprint_Smeargle
0x085219F4	rom	gMonFrontPic_Tyrogue
0x08521C80	rom	gMonPalette_Tyrogue
0x08521CA8	rom	gMonBackPic_Tyrogue
0x08521FC4	rom	gMonShinyPalette_Tyrogue
0x08521FEC	rom	gMonIcon_Tyrogue
0x085223EC	rom	gMonFootprint_Tyrogue
0x0852240C	rom	gMonFrontPic_Hitmontop
0x08522798	rom	gMonPalette_Hitmontop
0x085227C0	rom	gMonBackPic_Hitmontop
0x08522BE8	rom	gMonShinyPalette_Hitmontop
0x08522C10	rom	gMonIcon_Hitmontop
0x08523010	rom	gUnusedGarbage
0x08523210	rom	gMonFootprint_Hitmontop
0x08523230	rom	gMonFrontPic_Smoochum
0x08523488	rom	gMonPalette_Smoochum
0x085234B0	rom	gMonBackPic_Smoochum
0x08523728	rom	gMonShinyPalette_Smoochum
0x08523750	rom	gMonIcon_Smoochum
0x08523B50	rom	gMonFootprint_Smoochum
0x08523B70	rom	gMonFrontPic_Elekid
0x08523E78	rom	gMonPalette_Elekid
0x08523EA0	rom	gMonBackPic_Elekid
0x085241F8	rom	gMonShinyPalette_Elekid
0x08524220	rom	gMonIcon_Elekid
0x08524620	rom	gMonFootprint_Elekid
0x08524640	rom	gMonFrontPic_Magby
0x085248C4	rom	gMonPalette_Magby
0x085248EC	rom	gMonBackPic_Magby
0x08524B98	rom	gMonShinyPalette_Magby
0x08524BC0	rom	gMonIcon_Magby
0x08524FC0	rom	gMonFootprint_Magby
0x08524FE0	rom	gMonFrontPic_Miltank
0x08525390	rom	gMonPalette_Miltank
0x085253B8	rom	gMonBackPic_Miltank
0x08525754	rom	gMonShinyPalette_Miltank
0x0852577C	rom	gMonIcon_Miltank
0x08525B7C	rom	gMonFootprint_Miltank
0x08525B9C	rom	gMonFrontPic_Blissey
0x08525F84	rom	gMonPalette_Blissey
0x08525FAC	rom	gMonBackPic_Blissey
0x08526278	rom	gMonShinyPalette_Blissey
0x085262A0	rom	gMonIcon_Blissey
0x085266A0	rom	gMonFootprint_Blissey
0x085266C0	rom	gMonFrontPic_Raikou
0x08526C3C	rom	gMonPalette_Raikou
0x08526C64	rom	gMonBackPic_Raikou
0x0852700C	rom	gMonShinyPalette_Raikou
0x08527034	rom	gMonIcon_Raikou
0x08527434	rom	gMonFootprint_Raikou
0x08527454	rom	gMonFrontPic_Entei
0x08527A50	rom	gMonPalette_Entei
0x08527A78	rom	gMonBackPic_Entei
0x08527E9C	rom	gMonShinyPalette_Entei
0x08527EC4	rom	gMonIcon_Entei
0x085282C4	rom	gMonFootprint_Entei
0x085282E4	rom	gMonFrontPic_Suicune
0x08528868	rom	gMonPalette_Suicune
0x08528890	rom	gMonBackPic_Suicune
0x08528D6C	rom	gMonShinyPalette_Suicune
0x08528D94	rom	gMonIcon_Suicune
0x08529194	rom	gMonFootprint_Suicune
0x085291B4	rom	gMonFrontPic_Larvitar
0x08529410	rom	gMonPalette_Larvitar
0x08529438	rom	gMonBackPic_Larvitar
0x085296E4	rom	gMonShinyPalette_Larvitar
0x0852970C	rom	gMonIcon_Larvitar
0x08529B0C	rom	gMonFootprint_Larvitar
0x08529B2C	rom	gMonFrontPic_Pupitar
0x08529E1C	rom	gMonPalette_Pupitar
0x08529E44	rom	gMonBackPic_Pupitar
0x0852A17C	rom	gMonShinyPalette_Pupitar
0x0852A1A4	rom	gMonIcon_Pupitar
0x0852A5A4	rom	gMonFootprint_Pupitar
0x0852A5C4	rom	gMonFrontPic_Tyranitar
0x0852AB00	rom	gMonPalette_Tyranitar
0x0852AB28	rom	gMonBackPic_Tyranitar
0x0852AF14	rom	gMonShinyPalette_Tyranitar
0x0852AF3C	rom	gMonIcon_Tyranitar
0x0852B33C	rom	gMonFootprint_Tyranitar
0x0852B35C	rom	gMonFrontPic_Lugia
0x0852B820	rom	gMonPalette_Lugia
0x0852B848	rom	gMonBackPic_Lugia
0x0852BC1C	rom	gMonShinyPalette_Lugia
0x0852BC44	rom	gMonIcon_Lugia
0x0852C044	rom	gMonFootprint_Lugia
0x0852C064	rom	gMonFrontPic_HoOh
0x0852C6B8	rom	gMonPalette_HoOh
0x0852C6E0	rom	gMonBackPic_HoOh
0x0852CAF0	rom	gMonShinyPalette_HoOh
0x0852CB18	rom	gMonIcon_HoOh
0x0852CF18	rom	gMonFootprint_HoOh
0x0852CF38	rom	gMonFrontPic_Celebi
0x0852D1B0	rom	gMonPalette_Celebi
0x0852D1D8	rom	gMonBackPic_Celebi
0x0852D584	rom	gMonShinyPalette_Celebi
0x0852D5AC	rom	gMonIcon_Celebi
0x0852D9AC	rom	gMonFootprint_Celebi
0x0852D9CC	rom	gMonFrontPic_DoubleQuestionMark
0x0852DB50	rom	gMonPalette_DoubleQuestionMark
0x0852DB64	rom	gMonBackPic_DoubleQuestionMark
0x0852DCE8	rom	gMonShinyPalette_DoubleQuestionMark
0x0852DCFC	rom	gMonFrontPic_Treecko
0x0852E004	rom	gMonPalette_Treecko
0x0852E02C	rom	gMonBackPic_Treecko
0x0852E32C	rom	gMonShinyPalette_Treecko
0x0852E354	rom	gMonIcon_Treecko
0x0852E754	rom	gMonFootprint_Treecko
0x0852E774	rom	gMonFrontPic_Grovyle
0x0852EC00	rom	gMonPalette_Grovyle
0x0852EC28	rom	gMonBackPic_Grovyle
0x0852EF64	rom	gMonShinyPalette_Grovyle
0x0852EF8C	rom	gMonIcon_Grovyle
0x0852F38C	rom	gMonFootprint_Grovyle
0x0852F3AC	rom	gMonFrontPic_Sceptile
0x0852F8B0	rom	gMonPalette_Sceptile
0x0852F8D8	rom	gMonBackPic_Sceptile
0x0852FCD4	rom	gMonShinyPalette_Sceptile
0x0852FCFC	rom	gMonIcon_Sceptile
0x085300FC	rom	gMonFootprint_Sceptile
0x0853011C	rom	gMonFrontPic_Torchic
0x085303B8	rom	gMonPalette_Torchic
0x085303E0	rom	gMonBackPic_Torchic
0x085306B8	rom	gMonShinyPalette_Torchic
0x085306E0	rom	gMonIcon_Torchic
0x08530AE0	rom	gMonFootprint_Torchic
0x08530B00	rom	gMonFrontPic_Combusken
0x08530EEC	rom	gMonPalette_Combusken
0x08530F14	rom	gMonBackPic_Combusken
0x085312E4	rom	gMonShinyPalette_Combusken
0x0853130C	rom	gMonIcon_Combusken
0x0853170C	rom	gMonFootprint_Combusken
0x0853172C	rom	gMonFrontPic_Blaziken
0x08531BA4	rom	gMonPalette_Blaziken
0x08531BCC	rom	gMonBackPic_Blaziken
0x08531FA8	rom	gMonShinyPalette_Blaziken
0x08531FD0	rom	gMonIcon_Blaziken
0x085323D0	rom	gMonFootprint_Blaziken
0x085323F0	rom	gMonFrontPic_Mudkip
0x085326A8	rom	gMonPalette_Mudkip
0x085326D0	rom	gMonBackPic_Mudkip
0x085329B0	rom	gMonShinyPalette_Mudkip
0x085329D8	rom	gMonIcon_Mudkip
0x08532DD8	rom	gMonFootprint_Mudkip
0x08532DF8	rom	gMonFrontPic_Marshtomp
0x08533180	rom	gMonPalette_Marshtomp
0x085331A8	rom	gMonBackPic_Marshtomp
0x08533558	rom	gMonShinyPalette_Marshtomp
0x08533580	rom	gMonIcon_Marshtomp
0x08533980	rom	gMonFootprint_Marshtomp
0x085339A0	rom	gMonFrontPic_Swampert
0x08533F1C	rom	gMonPalette_Swampert
0x08533F44	rom	gMonBackPic_Swampert
0x085342F8	rom	gMonShinyPalette_Swampert
0x08534320	rom	gMonIcon_Swampert
0x08534720	rom	gMonFootprint_Swampert
0x08534740	rom	gMonFrontPic_Poochyena
0x08534A08	rom	gMonPalette_Poochyena
0x08534A30	rom	gMonBackPic_Poochyena
0x08534D5C	rom	gMonShinyPalette_Poochyena
0x08534D84	rom	gMonIcon_Poochyena
0x08535184	rom	gMonFootprint_Poochyena
0x085351A4	rom	gMonFrontPic_Mightyena
0x085355DC	rom	gMonPalette_Mightyena
0x08535604	rom	gMonBackPic_Mightyena
0x0853597C	rom	gMonShinyPalette_Mightyena
0x085359A4	rom	gMonIcon_Mightyena
0x08535DA4	rom	gMonFootprint_Mightyena
0x08535DC4	rom	gMonFrontPic_Zigzagoon
0x08536194	rom	gMonPalette_Zigzagoon
0x085361BC	rom	gMonBackPic_Zigzagoon
0x085364FC	rom	gMonShinyPalette_Zigzagoon
0x08536524	rom	gMonIcon_Zigzagoon
0x08536924	rom	gMonFootprint_Zigzagoon
0x08536944	rom	gMonFrontPic_Linoone
0x08536CB4	rom	gMonPalette_Linoone
0x08536CDC	rom	gMonBackPic_Linoone
0x08536FB0	rom	gMonShinyPalette_Linoone
0x08536FD8	rom	gMonIcon_Linoone
0x085373D8	rom	gMonFootprint_Linoone
0x085373F8	rom	gMonFrontPic_Wurmple
0x08537680	rom	gMonPalette_Wurmple
0x085376A8	rom	gMonBackPic_Wurmple
0x085378F4	rom	gMonShinyPalette_Wurmple
0x0853791C	rom	gMonIcon_Wurmple
0x08537D1C	rom	gMonFootprint_Wurmple
0x08537D3C	rom	gMonFrontPic_Silcoon
0x08537FBC	rom	gMonPalette_Silcoon
0x08537FE4	rom	gMonBackPic_Silcoon
0x08538200	rom	gMonShinyPalette_Silcoon
0x08538228	rom	gMonIcon_Silcoon
0x08538628	rom	gMonFootprint_Silcoon
0x08538648	rom	gMonFrontPic_Beautifly
0x085389A0	rom	gMonPalette_Beautifly
0x085389C8	rom	gMonBackPic_Beautifly
0x08538D78	rom	gMonShinyPalette_Beautifly
0x08538DA0	rom	gMonIcon_Beautifly
0x085391A0	rom	gMonFootprint_Beautifly
0x085391C0	rom	gMonFrontPic_Cascoon
0x0853942C	rom	gMonPalette_Cascoon
0x08539454	rom	gMonBackPic_Cascoon
0x08539664	rom	gMonShinyPalette_Cascoon
0x0853968C	rom	gMonIcon_Cascoon
0x08539A8C	rom	gMonFootprint_Cascoon
0x08539AAC	rom	gMonFrontPic_Dustox
0x08539E14	rom	gMonPalette_Dustox
0x08539E3C	rom	gMonBackPic_Dustox
0x0853A094	rom	gMonShinyPalette_Dustox
0x0853A0BC	rom	gMonIcon_Dustox
0x0853A4BC	rom	gMonFootprint_Dustox
0x0853A4DC	rom	gMonFrontPic_Lotad
0x0853A73C	rom	gMonPalette_Lotad
0x0853A764	rom	gMonBackPic_Lotad
0x0853AA4C	rom	gMonShinyPalette_Lotad
0x0853AA74	rom	gMonIcon_Lotad
0x0853AE74	rom	gMonFootprint_Lotad
0x0853AE94	rom	gMonFrontPic_Lombre
0x0853B1AC	rom	gMonPalette_Lombre
0x0853B1D4	rom	gMonBackPic_Lombre
0x0853B4D0	rom	gMonShinyPalette_Lombre
0x0853B4F8	rom	gMonIcon_Lombre
0x0853B8F8	rom	gMonFootprint_Lombre
0x0853B918	rom	gMonFrontPic_Ludicolo
0x0853BDFC	rom	gMonPalette_Ludicolo
0x0853BE24	rom	gMonBackPic_Ludicolo
0x0853C120	rom	gMonShinyPalette_Ludicolo
0x0853C148	rom	gMonIcon_Ludicolo
0x0853C548	rom	gMonFootprint_Ludicolo
0x0853C568	rom	gMonFrontPic_Seedot
0x0853C7FC	rom	gMonPalette_Seedot
0x0853C824	rom	gMonBackPic_Seedot
0x0853CB04	rom	gMonShinyPalette_Seedot
0x0853CB2C	rom	gMonIcon_Seedot
0x0853CF2C	rom	gMonFootprint_Seedot
0x0853CF4C	rom	gMonFrontPic_Nuzleaf
0x0853D238	rom	gMonPalette_Nuzleaf
0x0853D260	rom	gMonBackPic_Nuzleaf
0x0853D528	rom	gMonShinyPalette_Nuzleaf
0x0853D550	rom	gMonIcon_Nuzleaf
0x0853D950	rom	gMonFootprint_Nuzleaf
0x0853D970	rom	gMonFrontPic_Shiftry
0x0853DE2C	rom	gMonPalette_Shiftry
0x0853DE54	rom	gMonBackPic_Shiftry
0x0853E118	rom	gMonShinyPalette_Shiftry
0x0853E140	rom	gMonIcon_Shiftry
0x0853E540	rom	gMonFootprint_Shiftry
0x0853E560	rom	gMonFrontPic_Nincada
0x0853E800	rom	gMonPalette_Nincada
0x0853E828	rom	gMonBackPic_Nincada
0x0853EAE0	rom	gMonShinyPalette_Nincada
0x0853EB08	rom	gMonIcon_Nincada
0x0853EF08	rom	gMonFootprint_Nincada
0x0853EF28	rom	gMonFrontPic_Ninjask
0x0853F298	rom	gMonPalette_Ninjask
0x0853F2C0	rom	gMonBackPic_Ninjask
0x0853F68C	rom	gMonShinyPalette_Ninjask
0x0853F6B4	rom	gMonIcon_Ninjask
0x0853FAB4	rom	gMonFootprint_Ninjask
0x0853FAD4	rom	gMonFrontPic_Shedinja
0x0853FDF4	rom	gMonPalette_Shedinja
0x0853FE1C	rom	gMonBackPic_Shedinja
0x085401BC	rom	gMonShinyPalette_Shedinja
0x085401E4	rom	gMonIcon_Shedinja
0x085405E4	rom	gMonFootprint_Shedinja
0x08540604	rom	gMonFrontPic_Taillow
0x0854085C	rom	gMonPalette_Taillow
0x08540884	rom	gMonBackPic_Taillow
0x08540AA4	rom	gMonShinyPalette_Taillow
0x08540ACC	rom	gMonIcon_Taillow
0x08540ECC	rom	gMonFootprint_Taillow
0x08540EEC	rom	gMonFrontPic_Swellow
0x085412B0	rom	gMonPalette_Swellow
0x085412D8	rom	gMonBackPic_Swellow
0x08541610	rom	gMonShinyPalette_Swellow
0x08541638	rom	gMonIcon_Swellow
0x08541A38	rom	gMonFootprint_Swellow
0x08541A58	rom	gMonFrontPic_Shroomish
0x08541CC0	rom	gMonPalette_Shroomish
0x08541CE8	rom	gMonBackPic_Shroomish
0x08541FC8	rom	gMonShinyPalette_Shroomish
0x08541FF0	rom	gMonIcon_Shroomish
0x085423F0	rom	gMonFootprint_Shroomish
0x08542410	rom	gMonFrontPic_Breloom
0x085427F8	rom	gMonPalette_Breloom
0x08542820	rom	gMonBackPic_Breloom
0x08542C00	rom	gMonShinyPalette_Breloom
0x08542C28	rom	gMonIcon_Breloom
0x08543028	rom	gMonFootprint_Breloom
0x08543048	rom	gMonFrontPic_Spinda
0x08543348	rom	gMonPalette_Spinda
0x08543370	rom	gMonBackPic_Spinda
0x085436AC	rom	gMonShinyPalette_Spinda
0x085436D4	rom	gMonIcon_Spinda
0x08543AD4	rom	gMonFootprint_Spinda
0x08543AF4	rom	gMonFrontPic_Wingull
0x08543D30	rom	gMonPalette_Wingull
0x08543D58	rom	gMonBackPic_Wingull
0x085440A8	rom	gMonShinyPalette_Wingull
0x085440D0	rom	gMonIcon_Wingull
0x085444D0	rom	gMonFootprint_Wingull
0x085444F0	rom	gMonFrontPic_Pelipper
0x08544888	rom	gMonPalette_Pelipper
0x085448B0	rom	gMonBackPic_Pelipper
0x08544C30	rom	gMonShinyPalette_Pelipper
0x08544C58	rom	gMonIcon_Pelipper
0x08545058	rom	gMonFootprint_Pelipper
0x08545078	rom	gMonFrontPic_Surskit
0x08545284	rom	gMonPalette_Surskit
0x085452AC	rom	gMonBackPic_Surskit
0x085454E4	rom	gMonShinyPalette_Surskit
0x0854550C	rom	gMonIcon_Surskit
0x0854590C	rom	gMonFootprint_Surskit
0x0854592C	rom	gMonFrontPic_Masquerain
0x08545CC8	rom	gMonPalette_Masquerain
0x08545CF0	rom	gMonBackPic_Masquerain
0x08546048	rom	gMonShinyPalette_Masquerain
0x08546070	rom	gMonIcon_Masquerain
0x08546470	rom	gMonFootprint_Masquerain
0x08546490	rom	gMonFrontPic_Wailmer
0x08546770	rom	gMonPalette_Wailmer
0x08546798	rom	gMonBackPic_Wailmer
0x0854697C	rom	gMonShinyPalette_Wailmer
0x085469A4	rom	gMonIcon_Wailmer
0x08546DA4	rom	gMonFootprint_Wailmer
0x08546DC4	rom	gMonFrontPic_Wailord
0x08547188	rom	gMonPalette_Wailord
0x085471B0	rom	gMonBackPic_Wailord
0x085473C8	rom	gMonShinyPalette_Wailord
0x085473F0	rom	gMonIcon_Wailord
0x085477F0	rom	gMonFootprint_Wailord
0x08547810	rom	gMonFrontPic_Skitty
0x08547B10	rom	gMonPalette_Skitty
0x08547B38	rom	gMonBackPic_Skitty
0x08547E80	rom	gMonShinyPalette_Skitty
0x08547EA8	rom	gMonIcon_Skitty
0x085482A8	rom	gMonFootprint_Skitty
0x085482C8	rom	gMonFrontPic_Delcatty
0x08548654	rom	gMonPalette_Delcatty
0x0854867C	rom	gMonBackPic_Delcatty
0x08548A18	rom	gMonShinyPalette_Delcatty
0x08548A40	rom	gMonIcon_Delcatty
0x08548E40	rom	gMonFootprint_Delcatty
0x08548E60	rom	gMonFrontPic_Kecleon
0x085491E0	rom	gMonPalette_Kecleon
0x08549208	rom	gMonBackPic_Kecleon
0x085495E0	rom	gMonShinyPalette_Kecleon
0x08549608	rom	gMonIcon_Kecleon
0x08549A08	rom	gMonFootprint_Kecleon
0x08549A28	rom	gMonFrontPic_Baltoy
0x08549C4C	rom	gMonPalette_Baltoy
0x08549C6C	rom	gMonBackPic_Baltoy
0x08549F14	rom	gMonShinyPalette_Baltoy
0x08549F34	rom	gMonIcon_Baltoy
0x0854A334	rom	gMonFootprint_Baltoy
0x0854A354	rom	gMonFrontPic_Claydol
0x0854A70C	rom	gMonPalette_Claydol
0x0854A734	rom	gMonBackPic_Claydol
0x0854AB08	rom	gMonShinyPalette_Claydol
0x0854AB30	rom	gMonIcon_Claydol
0x0854AF30	rom	gMonFootprint_Claydol
0x0854AF50	rom	gMonFrontPic_Nosepass
0x0854B21C	rom	gMonPalette_Nosepass
0x0854B244	rom	gMonBackPic_Nosepass
0x0854B4E4	rom	gMonShinyPalette_Nosepass
0x0854B50C	rom	gMonIcon_Nosepass
0x0854B90C	rom	gMonFootprint_Nosepass
0x0854B92C	rom	gMonFrontPic_Torkoal
0x0854BDD8	rom	gMonPalette_Torkoal
0x0854BE00	rom	gMonBackPic_Torkoal
0x0854C0C8	rom	gMonShinyPalette_Torkoal
0x0854C0F0	rom	gMonIcon_Torkoal
0x0854C4F0	rom	gMonFootprint_Torkoal
0x0854C510	rom	gMonFrontPic_Sableye
0x0854C7E4	rom	gMonPalette_Sableye
0x0854C80C	rom	gMonBackPic_Sableye
0x0854CB34	rom	gMonShinyPalette_Sableye
0x0854CB5C	rom	gMonIcon_Sableye
0x0854CF5C	rom	gMonFootprint_Sableye
0x0854CF7C	rom	gMonFrontPic_Barboach
0x0854D20C	rom	gMonPalette_Barboach
0x0854D234	rom	gMonBackPic_Barboach
0x0854D4C4	rom	gMonShinyPalette_Barboach
0x0854D4EC	rom	gMonIcon_Barboach
0x0854D8EC	rom	gMonFootprint_Barboach
0x0854D90C	rom	gMonFrontPic_Whiscash
0x0854DC84	rom	gMonPalette_Whiscash
0x0854DCAC	rom	gMonBackPic_Whiscash
0x0854DFF8	rom	gMonShinyPalette_Whiscash
0x0854E020	rom	gMonIcon_Whiscash
0x0854E420	rom	gMonFootprint_Whiscash
0x0854E440	rom	gMonFrontPic_Luvdisc
0x0854E600	rom	gMonPalette_Luvdisc
0x0854E624	rom	gMonBackPic_Luvdisc
0x0854E7F8	rom	gMonShinyPalette_Luvdisc
0x0854E81C	rom	gMonIcon_Luvdisc
0x0854EC1C	rom	gMonFootprint_Luvdisc
0x0854EC3C	rom	gMonFrontPic_Corphish
0x0854EF98	rom	gMonPalette_Corphish
0x0854EFC0	rom	gMonBackPic_Corphish
0x0854F2DC	rom	gMonShinyPalette_Corphish
0x0854F304	rom	gMonIcon_Corphish
0x0854F704	rom	gMonFootprint_Corphish
0x0854F724	rom	gMonFrontPic_Crawdaunt
0x0854FBB4	rom	gMonPalette_Crawdaunt
0x0854FBDC	rom	gMonBackPic_Crawdaunt
0x0854FFC0	rom	gMonShinyPalette_Crawdaunt
0x0854FFE8	rom	gMonIcon_Crawdaunt
0x085503E8	rom	gMonFootprint_Crawdaunt
0x08550408	rom	gMonFrontPic_Feebas
0x08550694	rom	gMonPalette_Feebas
0x085506BC	rom	gMonBackPic_Feebas
0x085509F4	rom	gMonShinyPalette_Feebas
0x08550A1C	rom	gMonIcon_Feebas
0x08550E1C	rom	gMonFootprint_Feebas
0x08550E3C	rom	gMonFrontPic_Milotic
0x085512CC	rom	gMonPalette_Milotic
0x085512F4	rom	gMonBackPic_Milotic
0x085515E8	rom	gMonShinyPalette_Milotic
0x08551610	rom	gMonIcon_Milotic
0x08551A10	rom	gMonFootprint_Milotic
0x08551A30	rom	gMonFrontPic_Carvanha
0x08551D5C	rom	gMonPalette_Carvanha
0x08551D84	rom	gMonBackPic_Carvanha
0x08552094	rom	gMonShinyPalette_Carvanha
0x085520BC	rom	gMonIcon_Carvanha
0x085524BC	rom	gMonFootprint_Carvanha
0x085524DC	rom	gMonFrontPic_Sharpedo
0x0855286C	rom	gMonPalette_Sharpedo
0x08552894	rom	gMonBackPic_Sharpedo
0x08552BEC	rom	gMonShinyPalette_Sharpedo
0x08552C14	rom	gMonIcon_Sharpedo
0x08553014	rom	gMonFootprint_Sharpedo
0x08553034	rom	gMonFrontPic_Trapinch
0x08553250	rom	gMonPalette_Trapinch
0x08553278	rom	gMonBackPic_Trapinch
0x08553498	rom	gMonShinyPalette_Trapinch
0x085534C0	rom	gMonIcon_Trapinch
0x085538C0	rom	gMonFootprint_Trapinch
0x085538E0	rom	gMonFrontPic_Vibrava
0x08553C50	rom	gMonPalette_Vibrava
0x08553C78	rom	gMonBackPic_Vibrava
0x08553EF0	rom	gMonShinyPalette_Vibrava
0x08553F18	rom	gMonIcon_Vibrava
0x08554318	rom	gMonFootprint_Vibrava
0x08554338	rom	gMonFrontPic_Flygon
0x08554828	rom	gMonPalette_Flygon
0x08554850	rom	gMonBackPic_Flygon
0x08554C8C	rom	gMonShinyPalette_Flygon
0x08554CB4	rom	gMonIcon_Flygon
0x085550B4	rom	gMonFootprint_Flygon
0x085550D4	rom	gMonFrontPic_Makuhita
0x085553EC	rom	gMonPalette_Makuhita
0x08555414	rom	gMonBackPic_Makuhita
0x08555704	rom	gMonShinyPalette_Makuhita
0x08555728	rom	gMonIcon_Makuhita
0x08555B28	rom	gMonFootprint_Makuhita
0x08555B48	rom	gMonFrontPic_Hariyama
0x08555FF8	rom	gMonPalette_Hariyama
0x08556020	rom	gMonBackPic_Hariyama
0x08556400	rom	gMonShinyPalette_Hariyama
0x08556428	rom	gMonIcon_Hariyama
0x08556828	rom	gMonFootprint_Hariyama
0x08556848	rom	gMonFrontPic_Electrike
0x08556AD8	rom	gMonPalette_Electrike
0x08556B00	rom	gMonBackPic_Electrike
0x08556D8C	rom	gMonShinyPalette_Electrike
0x08556DB4	rom	gMonIcon_Electrike
0x085571B4	rom	gMonFootprint_Electrike
0x085571D4	rom	gMonFrontPic_Manectric
0x08557504	rom	gMonPalette_Manectric
0x0855752C	rom	gMonBackPic_Manectric
0x08557758	rom	gMonShinyPalette_Manectric
0x08557780	rom	gMonIcon_Manectric
0x08557B80	rom	gMonFootprint_Manectric
0x08557BA0	rom	gMonFrontPic_Numel
0x08557E70	rom	gMonPalette_Numel
0x08557E98	rom	gMonBackPic_Numel
0x08558154	rom	gMonShinyPalette_Numel
0x0855817C	rom	gMonIcon_Numel
0x0855857C	rom	gMonFootprint_Numel
0x0855859C	rom	gMonFrontPic_Camerupt
0x085589B4	rom	gMonPalette_Camerupt
0x085589DC	rom	gMonBackPic_Camerupt
0x08558CA0	rom	gMonShinyPalette_Camerupt
0x08558CC8	rom	gMonIcon_Camerupt
0x085590C8	rom	gMonFootprint_Camerupt
0x085590E8	rom	gMonFrontPic_Spheal
0x0855935C	rom	gMonPalette_Spheal
0x08559384	rom	gMonBackPic_Spheal
0x08559580	rom	gMonShinyPalette_Spheal
0x085595A8	rom	gMonIcon_Spheal
0x085599A8	rom	gMonFootprint_Spheal
0x085599C8	rom	gMonFrontPic_Sealeo
0x08559D48	rom	gMonPalette_Sealeo
0x08559D70	rom	gMonBackPic_Sealeo
0x08559FEC	rom	gMonShinyPalette_Sealeo
0x0855A014	rom	gMonIcon_Sealeo
0x0855A414	rom	gMonFootprint_Sealeo
0x0855A434	rom	gMonFrontPic_Walrein
0x0855A8D4	rom	gMonPalette_Walrein
0x0855A8FC	rom	gMonBackPic_Walrein
0x0855AC84	rom	gMonShinyPalette_Walrein
0x0855ACAC	rom	gMonIcon_Walrein
0x0855B0AC	rom	gMonFootprint_Walrein
0x0855B0CC	rom	gMonFrontPic_Cacnea
0x0855B3DC	rom	gMonPalette_Cacnea
0x0855B404	rom	gMonBackPic_Cacnea
0x0855B764	rom	gMonShinyPalette_Cacnea
0x0855B78C	rom	gMonIcon_Cacnea
0x0855BB8C	rom	gMonFootprint_Cacnea
0x0855BBAC	rom	gMonFrontPic_Cacturne
0x0855BFE4	rom	gMonPalette_Cacturne
0x0855C00C	rom	gMonBackPic_Cacturne
0x0855C30C	rom	gMonShinyPalette_Cacturne
0x0855C334	rom	gMonIcon_Cacturne
0x0855C734	rom	gMonFootprint_Cacturne
0x0855C754	rom	gMonFrontPic_Snorunt
0x0855CA18	rom	gMonPalette_Snorunt
0x0855CA40	rom	gMonBackPic_Snorunt
0x0855CD24	rom	gMonShinyPalette_Snorunt
0x0855CD4C	rom	gMonIcon_Snorunt
0x0855D14C	rom	gMonFootprint_Snorunt
0x0855D16C	rom	gMonFrontPic_Glalie
0x0855D534	rom	gMonPalette_Glalie
0x0855D55C	rom	gMonBackPic_Glalie
0x0855D90C	rom	gMonShinyPalette_Glalie
0x0855D934	rom	gMonIcon_Glalie
0x0855DD34	rom	gMonFootprint_Glalie
0x0855DD54	rom	gMonFrontPic_Lunatone
0x0855E07C	rom	gMonPalette_Lunatone
0x0855E0A4	rom	gMonBackPic_Lunatone
0x0855E3FC	rom	gMonShinyPalette_Lunatone
0x0855E424	rom	gMonIcon_Lunatone
0x0855E824	rom	gMonFootprint_Lunatone
0x0855E844	rom	gMonFrontPic_Solrock
0x0855EC90	rom	gMonPalette_Solrock
0x0855ECB8	rom	gMonBackPic_Solrock
0x0855F0A4	rom	gMonShinyPalette_Solrock
0x0855F0CC	rom	gMonIcon_Solrock
0x0855F4CC	rom	gMonFootprint_Solrock
0x0855F4EC	rom	gMonFrontPic_Azurill
0x0855F7B4	rom	gMonPalette_Azurill
0x0855F7DC	rom	gMonBackPic_Azurill
0x0855FAF4	rom	gMonShinyPalette_Azurill
0x0855FB1C	rom	gMonIcon_Azurill
0x0855FF1C	rom	gMonFootprint_Azurill
0x0855FF3C	rom	gMonFrontPic_Spoink
0x085601A8	rom	gMonPalette_Spoink
0x085601D0	rom	gMonBackPic_Spoink
0x08560410	rom	gMonShinyPalette_Spoink
0x08560438	rom	gMonIcon_Spoink
0x08560838	rom	gMonFootprint_Spoink
0x08560858	rom	gMonFrontPic_Grumpig
0x08560C14	rom	gMonPalette_Grumpig
0x08560C3C	rom	gMonBackPic_Grumpig
0x08560F9C	rom	gMonShinyPalette_Grumpig
0x08560FC4	rom	gMonIcon_Grumpig
0x085613C4	rom	gMonFootprint_Grumpig
0x085613E4	rom	gMonFrontPic_Plusle
0x08561670	rom	gMonPalette_Plusle
0x08561698	rom	gMonBackPic_Plusle
0x08561950	rom	gMonShinyPalette_Plusle
0x08561978	rom	gMonIcon_Plusle
0x08561D78	rom	gMonFootprint_Plusle
0x08561D98	rom	gMonFrontPic_Minun
0x08562000	rom	gMonPalette_Minun
0x08562028	rom	gMonBackPic_Minun
0x085622F0	rom	gMonShinyPalette_Minun
0x08562318	rom	gMonIcon_Minun
0x08562718	rom	gMonFootprint_Minun
0x08562738	rom	gMonFrontPic_Mawile
0x08562AF4	rom	gMonPalette_Mawile
0x08562B1C	rom	gMonBackPic_Mawile
0x08562F1C	rom	gMonShinyPalette_Mawile
0x08562F44	rom	gMonIcon_Mawile
0x08563344	rom	gMonFootprint_Mawile
0x08563364	rom	gMonFrontPic_Meditite
0x0856361C	rom	gMonPalette_Meditite
0x08563644	rom	gMonBackPic_Meditite
0x0856390C	rom	gMonShinyPalette_Meditite
0x08563930	rom	gMonIcon_Meditite
0x08563D30	rom	gMonFootprint_Meditite
0x08563D50	rom	gMonFrontPic_Medicham
0x08564080	rom	gMonPalette_Medicham
0x085640A8	rom	gMonBackPic_Medicham
0x085643E0	rom	gMonShinyPalette_Medicham
0x08564408	rom	gMonIcon_Medicham
0x08564808	rom	gMonFootprint_Medicham
0x08564828	rom	gMonFrontPic_Swablu
0x08564B00	rom	gMonPalette_Swablu
0x08564B28	rom	gMonBackPic_Swablu
0x08564EE0	rom	gMonShinyPalette_Swablu
0x08564F08	rom	gMonIcon_Swablu
0x08565308	rom	gMonFootprint_Swablu
0x08565328	rom	gMonFrontPic_Altaria
0x08565704	rom	gMonPalette_Altaria
0x0856572C	rom	gMonBackPic_Altaria
0x08565AA4	rom	gMonShinyPalette_Altaria
0x08565ACC	rom	gMonIcon_Altaria
0x08565ECC	rom	gMonFootprint_Altaria
0x08565EEC	rom	gMonFrontPic_Wynaut
0x08566184	rom	gMonPalette_Wynaut
0x085661AC	rom	gMonBackPic_Wynaut
0x0856643C	rom	gMonShinyPalette_Wynaut
0x08566464	rom	gMonIcon_Wynaut
0x08566864	rom	gMonFootprint_Wynaut
0x08566884	rom	gMonFrontPic_Duskull
0x08566B74	rom	gMonPalette_Duskull
0x08566B9C	rom	gMonBackPic_Duskull
0x08566E4C	rom	gMonShinyPalette_Duskull
0x08566E74	rom	gMonIcon_Duskull
0x08567274	rom	gMonFootprint_Duskull
0x08567294	rom	gMonFrontPic_Dusclops
0x08567634	rom	gMonPalette_Dusclops
0x0856765C	rom	gMonBackPic_Dusclops
0x08567948	rom	gMonShinyPalette_Dusclops
0x08567970	rom	gMonIcon_Dusclops
0x08567D70	rom	gMonFootprint_Dusclops
0x08567D90	rom	gMonFrontPic_Roselia
0x085680FC	rom	gMonPalette_Roselia
0x08568124	rom	gMonBackPic_Roselia
0x085684EC	rom	gMonShinyPalette_Roselia
0x08568514	rom	gMonIcon_Roselia
0x08568914	rom	gMonFootprint_Roselia
0x08568934	rom	gMonFrontPic_Slakoth
0x08568C1C	rom	gMonPalette_Slakoth
0x08568C44	rom	gMonBackPic_Slakoth
0x08568F2C	rom	gMonShinyPalette_Slakoth
0x08568F54	rom	gMonIcon_Slakoth
0x08569354	rom	gMonFootprint_Slakoth
0x08569374	rom	gMonFrontPic_Vigoroth
0x08569770	rom	gMonPalette_Vigoroth
0x08569798	rom	gMonBackPic_Vigoroth
0x08569A60	rom	gMonShinyPalette_Vigoroth
0x08569A88	rom	gMonIcon_Vigoroth
0x08569E88	rom	gMonFootprint_Vigoroth
0x08569EA8	rom	gMonFrontPic_Slaking
0x0856A37C	rom	gMonPalette_Slaking
0x0856A3A4	rom	gMonBackPic_Slaking
0x0856A768	rom	gMonShinyPalette_Slaking
0x0856A790	rom	gMonIcon_Slaking
0x0856AB90	rom	gMonFootprint_Slaking
0x0856ABB0	rom	gMonFrontPic_Gulpin
0x0856ADC8	rom	gMonPalette_Gulpin
0x0856ADF0	rom	gMonBackPic_Gulpin
0x0856B074	rom	gMonShinyPalette_Gulpin
0x0856B09C	rom	gMonIcon_Gulpin
0x0856B49C	rom	gMonFootprint_Gulpin
0x0856B4BC	rom	gMonFrontPic_Swalot
0x0856B800	rom	gMonPalette_Swalot
0x0856B828	rom	gMonBackPic_Swalot
0x0856BB70	rom	gMonShinyPalette_Swalot
0x0856BB98	rom	gMonIcon_Swalot
0x0856BF98	rom	gMonFootprint_Swalot
0x0856BFB8	rom	gMonFrontPic_Tropius
0x0856C530	rom	gMonPalette_Tropius
0x0856C558	rom	gMonBackPic_Tropius
0x0856C87C	rom	gMonShinyPalette_Tropius
0x0856C8A4	rom	gMonIcon_Tropius
0x0856CCA4	rom	gMonFootprint_Tropius
0x0856CCC4	rom	gMonFrontPic_Whismur
0x0856CF58	rom	gMonPalette_Whismur
0x0856CF80	rom	gMonBackPic_Whismur
0x0856D1F0	rom	gMonShinyPalette_Whismur
0x0856D218	rom	gMonIcon_Whismur
0x0856D618	rom	gMonFootprint_Whismur
0x0856D638	rom	gMonFrontPic_Loudred
0x0856DAB0	rom	gMonPalette_Loudred
0x0856DAD8	rom	gMonBackPic_Loudred
0x0856DE48	rom	gMonShinyPalette_Loudred
0x0856DE70	rom	gMonIcon_Loudred
0x0856E270	rom	gMonFootprint_Loudred
0x0856E290	rom	gMonFrontPic_Exploud
0x0856E7F8	rom	gMonPalette_Exploud
0x0856E820	rom	gMonBackPic_Exploud
0x0856EC2C	rom	gMonShinyPalette_Exploud
0x0856EC54	rom	gMonIcon_Exploud
0x0856F054	rom	gMonFootprint_Exploud
0x0856F074	rom	gMonFrontPic_Clamperl
0x0856F34C	rom	gMonPalette_Clamperl
0x0856F374	rom	gMonBackPic_Clamperl
0x0856F608	rom	gMonShinyPalette_Clamperl
0x0856F630	rom	gMonIcon_Clamperl
0x0856FA30	rom	gMonFootprint_Clamperl
0x0856FA50	rom	gMonFrontPic_Huntail
0x0856FE1C	rom	gMonPalette_Huntail
0x0856FE44	rom	gMonBackPic_Huntail
0x08570198	rom	gMonShinyPalette_Huntail
0x085701C0	rom	gMonIcon_Huntail
0x085705C0	rom	gMonFootprint_Huntail
0x085705E0	rom	gMonFrontPic_Gorebyss
0x085708F0	rom	gMonPalette_Gorebyss
0x08570918	rom	gMonBackPic_Gorebyss
0x08570C00	rom	gMonShinyPalette_Gorebyss
0x08570C28	rom	gMonIcon_Gorebyss
0x08571028	rom	gMonFootprint_Gorebyss
0x08571048	rom	gMonFrontPic_Absol
0x08571478	rom	gMonPalette_Absol
0x085714A0	rom	gMonBackPic_Absol
0x08571800	rom	gMonShinyPalette_Absol
0x08571828	rom	gMonIcon_Absol
0x08571C28	rom	gMonFootprint_Absol
0x08571C48	rom	gMonFrontPic_Shuppet
0x08571E80	rom	gMonPalette_Shuppet
0x08571EA8	rom	gMonBackPic_Shuppet
0x08572140	rom	gMonShinyPalette_Shuppet
0x08572168	rom	gMonIcon_Shuppet
0x08572568	rom	gMonFootprint_Shuppet
0x08572588	rom	gMonFrontPic_Banette
0x0857283C	rom	gMonPalette_Banette
0x08572864	rom	gMonBackPic_Banette
0x08572AE0	rom	gMonShinyPalette_Banette
0x08572B08	rom	gMonIcon_Banette
0x08572F08	rom	gMonFootprint_Banette
0x08572F28	rom	gMonFrontPic_Seviper
0x08573348	rom	gMonPalette_Seviper
0x08573370	rom	gMonBackPic_Seviper
0x085737FC	rom	gMonShinyPalette_Seviper
0x08573824	rom	gMonIcon_Seviper
0x08573C24	rom	gMonFootprint_Seviper
0x08573C44	rom	gMonFrontPic_Zangoose
0x08574010	rom	gMonPalette_Zangoose
0x08574038	rom	gMonBackPic_Zangoose
0x085743AC	rom	gMonShinyPalette_Zangoose
0x085743D4	rom	gMonIcon_Zangoose
0x085747D4	rom	gMonFootprint_Zangoose
0x085747F4	rom	gMonFrontPic_Relicanth
0x08574B88	rom	gMonPalette_Relicanth
0x08574BB0	rom	gMonBackPic_Relicanth
0x08574F08	rom	gMonShinyPalette_Relicanth
0x08574F30	rom	gMonIcon_Relicanth
0x08575330	rom	gMonFootprint_Relicanth
0x08575350	rom	gMonFrontPic_Aron
0x08575538	rom	gMonPalette_Aron
0x08575560	rom	gMonBackPic_Aron
0x08575788	rom	gMonShinyPalette_Aron
0x085757B0	rom	gMonIcon_Aron
0x08575BB0	rom	gMonFootprint_Aron
0x08575BD0	rom	gMonFrontPic_Lairon
0x08575F9C	rom	gMonPalette_Lairon
0x08575FC4	rom	gMonBackPic_Lairon
0x085762B0	rom	gMonShinyPalette_Lairon
0x085762D8	rom	gMonIcon_Lairon
0x085766D8	rom	gMonFootprint_Lairon
0x085766F8	rom	gMonFrontPic_Aggron
0x08576C74	rom	gMonPalette_Aggron
0x08576C9C	rom	gMonBackPic_Aggron
0x085770C4	rom	gMonShinyPalette_Aggron
0x085770EC	rom	gMonIcon_Aggron
0x085774EC	rom	gMonFootprint_Aggron
0x0857750C	rom	gMonFrontPic_Castform
0x08577F94	rom	gMonPalette_Castform
0x08578014	rom	gMonBackPic_Castform
0x085789D0	rom	gMonShinyPalette_Castform
0x08578A4C	rom	gMonIcon_Castform
0x08578E4C	rom	gMonFootprint_Castform
0x08578E6C	rom	gMonFrontPic_Volbeat
0x085791FC	rom	gMonPalette_Volbeat
0x08579224	rom	gMonBackPic_Volbeat
0x08579584	rom	gMonShinyPalette_Volbeat
0x085795AC	rom	gMonIcon_Volbeat
0x085799AC	rom	gMonFootprint_Volbeat
0x085799CC	rom	gMonFrontPic_Illumise
0x08579D40	rom	gMonPalette_Illumise
0x08579D68	rom	gMonBackPic_Illumise
0x0857A084	rom	gMonShinyPalette_Illumise
0x0857A0AC	rom	gMonIcon_Illumise
0x0857A4AC	rom	gMonFootprint_Illumise
0x0857A4CC	rom	gMonFrontPic_Lileep
0x0857A810	rom	gMonPalette_Lileep
0x0857A838	rom	gMonBackPic_Lileep
0x0857AB7C	rom	gMonShinyPalette_Lileep
0x0857ABA4	rom	gMonIcon_Lileep
0x0857AFA4	rom	gMonFootprint_Lileep
0x0857AFC4	rom	gMonFrontPic_Cradily
0x0857B3E0	rom	gMonPalette_Cradily
0x0857B408	rom	gMonBackPic_Cradily
0x0857B804	rom	gMonShinyPalette_Cradily
0x0857B82C	rom	gMonIcon_Cradily
0x0857BC2C	rom	gMonFootprint_Cradily
0x0857BC4C	rom	gMonFrontPic_Anorith
0x0857BF70	rom	gMonPalette_Anorith
0x0857BF98	rom	gMonBackPic_Anorith
0x0857C1E0	rom	gMonShinyPalette_Anorith
0x0857C208	rom	gMonIcon_Anorith
0x0857C608	rom	gMonFootprint_Anorith
0x0857C628	rom	gMonFrontPic_Armaldo
0x0857CBA8	rom	gMonPalette_Armaldo
0x0857CBD0	rom	gMonBackPic_Armaldo
0x0857D008	rom	gMonShinyPalette_Armaldo
0x0857D030	rom	gMonIcon_Armaldo
0x0857D430	rom	gMonFootprint_Armaldo
0x0857D450	rom	gMonFrontPic_Ralts
0x0857D680	rom	gMonPalette_Ralts
0x0857D6A8	rom	gMonBackPic_Ralts
0x0857D8E4	rom	gMonShinyPalette_Ralts
0x0857D90C	rom	gMonIcon_Ralts
0x0857DD0C	rom	gMonFootprint_Ralts
0x0857DD2C	rom	gMonFrontPic_Kirlia
0x0857E028	rom	gMonPalette_Kirlia
0x0857E050	rom	gMonBackPic_Kirlia
0x0857E3C4	rom	gMonShinyPalette_Kirlia
0x0857E3EC	rom	gMonIcon_Kirlia
0x0857E7EC	rom	gMonFootprint_Kirlia
0x0857E80C	rom	gMonFrontPic_Gardevoir
0x0857EB88	rom	gMonPalette_Gardevoir
0x0857EBB0	rom	gMonBackPic_Gardevoir
0x0857EEE4	rom	gMonShinyPalette_Gardevoir
0x0857EF0C	rom	gMonIcon_Gardevoir
0x0857F30C	rom	gMonFootprint_Gardevoir
0x0857F32C	rom	gMonFrontPic_Bagon
0x0857F5A4	rom	gMonPalette_Bagon
0x0857F5CC	rom	gMonBackPic_Bagon
0x0857F8B4	rom	gMonShinyPalette_Bagon
0x0857F8DC	rom	gMonIcon_Bagon
0x0857FCDC	rom	gMonFootprint_Bagon
0x0857FCFC	rom	gMonFrontPic_Shelgon
0x08580000	rom	gMonPalette_Shelgon
0x08580028	rom	gMonBackPic_Shelgon
0x08580310	rom	gMonShinyPalette_Shelgon
0x08580338	rom	gMonIcon_Shelgon
0x08580738	rom	gMonFootprint_Shelgon
0x08580758	rom	gMonFrontPic_Salamence
0x08580BBC	rom	gMonPalette_Salamence
0x08580BE4	rom	gMonBackPic_Salamence
0x08580EC8	rom	gMonShinyPalette_Salamence
0x08580EF0	rom	gMonIcon_Salamence
0x085812F0	rom	gMonFootprint_Salamence
0x08581310	rom	gMonFrontPic_Beldum
0x08581580	rom	gMonPalette_Beldum
0x085815A8	rom	gMonBackPic_Beldum
0x08581898	rom	gMonShinyPalette_Beldum
0x085818C0	rom	gMonIcon_Beldum
0x08581CC0	rom	gMonFootprint_Beldum
0x08581CE0	rom	gMonFrontPic_Metang
0x0858213C	rom	gMonPalette_Metang
0x08582164	rom	gMonBackPic_Metang
0x08582488	rom	gMonShinyPalette_Metang
0x085824B0	rom	gMonIcon_Metang
0x085828B0	rom	gMonFootprint_Metang
0x085828D0	rom	gMonFrontPic_Metagross
0x08582D34	rom	gMonPalette_Metagross
0x08582D5C	rom	gMonBackPic_Metagross
0x08583028	rom	gMonShinyPalette_Metagross
0x08583050	rom	gMonIcon_Metagross
0x08583450	rom	gMonFootprint_Metagross
0x08583470	rom	gMonFrontPic_Regirock
0x0858392C	rom	gMonPalette_Regirock
0x08583954	rom	gMonBackPic_Regirock
0x08583DA0	rom	gMonShinyPalette_Regirock
0x08583DC8	rom	gMonIcon_Regirock
0x085841C8	rom	gMonFootprint_Regirock
0x085841E8	rom	gMonFrontPic_Regice
0x08584630	rom	gMonPalette_Regice
0x08584658	rom	gMonBackPic_Regice
0x08584948	rom	gMonShinyPalette_Regice
0x08584970	rom	gMonIcon_Regice
0x08584D70	rom	gMonFootprint_Regice
0x08584D90	rom	gMonFrontPic_Registeel
0x08585218	rom	gMonPalette_Registeel
0x08585240	rom	gMonBackPic_Registeel
0x08585578	rom	gMonShinyPalette_Registeel
0x085855A0	rom	gMonIcon_Registeel
0x085859A0	rom	gMonFootprint_Registeel
0x085859C0	rom	gMonFrontPic_Kyogre
0x08585E30	rom	gMonPalette_Kyogre
0x08585E58	rom	gMonBackPic_Kyogre
0x085860D0	rom	gMonShinyPalette_Kyogre
0x085860F8	rom	gMonIcon_Kyogre
0x085864F8	rom	gMonFootprint_Kyogre
0x08586518	rom	gMonFrontPic_Groudon
0x08586AAC	rom	gMonPalette_Groudon
0x08586AD4	rom	gMonBackPic_Groudon
0x08586F3C	rom	gMonShinyPalette_Groudon
0x08586F64	rom	gMonIcon_Groudon
0x08587364	rom	gMonFootprint_Groudon
0x08587384	rom	gMonFrontPic_Rayquaza
0x08587894	rom	gMonPalette_Rayquaza
0x085878BC	rom	gMonBackPic_Rayquaza
0x08587BF4	rom	gMonShinyPalette_Rayquaza
0x08587C1C	rom	gMonIcon_Rayquaza
0x0858801C	rom	gMonFootprint_Rayquaza
0x0858803C	rom	gMonFrontPic_Latias
0x08588460	rom	gMonPalette_Latias
0x08588488	rom	gMonBackPic_Latias
0x08588784	rom	gMonShinyPalette_Latias
0x085887AC	rom	gMonIcon_Latias
0x08588BAC	rom	gMonFootprint_Latias
0x08588BCC	rom	gMonFrontPic_Latios
0x08589020	rom	gMonPalette_Latios
0x08589048	rom	gMonBackPic_Latios
0x085893A8	rom	gMonShinyPalette_Latios
0x085893D0	rom	gMonIcon_Latios
0x085897D0	rom	gMonFootprint_Latios
0x085897F0	rom	gMonFrontPic_Jirachi
0x08589AFC	rom	gMonPalette_Jirachi
0x08589B24	rom	gMonBackPic_Jirachi
0x08589EC4	rom	gMonShinyPalette_Jirachi
0x08589EEC	rom	gMonIcon_Jirachi
0x0858A2EC	rom	gMonFootprint_Jirachi
0x0858A30C	rom	gMonFrontPic_Deoxys
0x0858B264	rom	gMonPalette_Deoxys
0x0858B28C	rom	gMonBackPic_Deoxys
0x0858BDC4	rom	gMonShinyPalette_Deoxys
0x0858BDEC	rom	gMonIcon_Deoxys
0x0858CDEC	rom	gMonFootprint_Deoxys
0x0858CE0C	rom	gMonFrontPic_Chimecho
0x0858D058	rom	gMonPalette_Chimecho
0x0858D080	rom	gMonBackPic_Chimecho
0x0858D2F4	rom	gMonShinyPalette_Chimecho
0x0858D31C	rom	gMonIcon_Chimecho
0x0858D71C	rom	gMonFootprint_Chimecho
0x0858D73C	rom	gMonFrontPic_Egg
0x0858D8F0	rom	gMonPalette_Egg
0x0858D910	rom	gMonFrontPic_UnownB
0x0858DAE8	rom	gMonBackPic_UnownB
0x0858DCEC	rom	gMonIcon_UnownB
0x0858E0EC	rom	gMonFrontPic_UnownC
0x0858E300	rom	gMonBackPic_UnownC
0x0858E5AC	rom	gMonIcon_UnownC
0x0858E9AC	rom	gMonFrontPic_UnownD
0x0858EBA4	rom	gMonBackPic_UnownD
0x0858EDFC	rom	gMonIcon_UnownD
0x0858F1FC	rom	gMonFrontPic_UnownE
0x0858F3B4	rom	gMonBackPic_UnownE
0x0858F5B4	rom	gMonIcon_UnownE
0x0858F9B4	rom	gMonFrontPic_UnownF
0x0858FBA8	rom	gMonBackPic_UnownF
0x0858FDC4	rom	gMonIcon_UnownF
0x085901C4	rom	gMonFrontPic_UnownG
0x085903A0	rom	gMonBackPic_UnownG
0x085905EC	rom	gMonIcon_UnownG
0x085909EC	rom	gMonFrontPic_UnownH
0x08590C30	rom	gMonBackPic_UnownH
0x08590EF4	rom	gMonIcon_UnownH
0x085912F4	rom	gMonFrontPic_UnownI
0x0859148C	rom	gMonBackPic_UnownI
0x08591634	rom	gMonIcon_UnownI
0x08591A34	rom	gMonFrontPic_UnownJ
0x08591BF8	rom	gMonBackPic_UnownJ
0x08591DE0	rom	gMonIcon_UnownJ
0x085921E0	rom	gMonFrontPic_UnownK
0x085923B0	rom	gMonBackPic_UnownK
0x085925A8	rom	gMonIcon_UnownK
0x085929A8	rom	gMonFrontPic_UnownL
0x08592B58	rom	gMonBackPic_UnownL
0x08592D2C	rom	gMonIcon_UnownL
0x0859312C	rom	gMonFrontPic_UnownM
0x08593350	rom	gMonBackPic_UnownM
0x085935F8	rom	gMonIcon_UnownM
0x085939F8	rom	gMonFrontPic_UnownN
0x08593BF0	rom	gMonBackPic_UnownN
0x08593E5C	rom	gMonIcon_UnownN
0x0859425C	rom	gMonFrontPic_UnownO
0x08594494	rom	gMonBackPic_UnownO
0x08594754	rom	gMonIcon_UnownO
0x08594B54	rom	gMonFrontPic_UnownP
0x08594CF4	rom	gMonBackPic_UnownP
0x08594EB8	rom	gMonIcon_UnownP
0x085952B8	rom	gMonFrontPic_UnownQ
0x0859546C	rom	gMonBackPic_UnownQ
0x08595638	rom	gMonIcon_UnownQ
0x08595A38	rom	gMonFrontPic_UnownR
0x08595BDC	rom	gMonBackPic_UnownR
0x08595DA4	rom	gMonIcon_UnownR
0x085961A4	rom	gMonFrontPic_UnownS
0x0859638C	rom	gMonBackPic_UnownS
0x085965E0	rom	gMonIcon_UnownS
0x085969E0	rom	gMonFrontPic_UnownT
0x08596B90	rom	gMonBackPic_UnownT
0x08596D44	rom	gMonIcon_UnownT
0x08597144	rom	gMonFrontPic_UnownU
0x0859735C	rom	gMonBackPic_UnownU
0x085975B0	rom	gMonIcon_UnownU
0x085979B0	rom	gMonFrontPic_UnownV
0x08597B94	rom	gMonBackPic_UnownV
0x08597DC4	rom	gMonIcon_UnownV
0x085981C4	rom	gMonFrontPic_UnownW
0x08598398	rom	gMonBackPic_UnownW
0x0859859C	rom	gMonIcon_UnownW
0x0859899C	rom	gMonFrontPic_UnownX
0x08598B60	rom	gMonBackPic_UnownX
0x08598D50	rom	gMonIcon_UnownX
0x08599150	rom	gMonFrontPic_UnownY
0x08599328	rom	gMonBackPic_UnownY
0x0859951C	rom	gMonIcon_UnownY
0x0859991C	rom	gMonFrontPic_UnownZ
0x08599ACC	rom	gMonBackPic_UnownZ
0x08599CA8	rom	gMonIcon_UnownZ
0x0859A0A8	rom	gMonFrontPic_UnownExclamationMark
0x0859A238	rom	gMonBackPic_UnownExclamationMark
0x0859A400	rom	gMonIcon_UnownExclamationMark
0x0859A800	rom	gMonFrontPic_UnownQuestionMark
0x0859A9BC	rom	gMonBackPic_UnownQuestionMark
0x0859ABBC	rom	gMonIcon_UnownQuestionMark
0x0859AFBC	rom	gTrainerFrontPic_AquaLeaderArchie
0x0859B2F8	rom	gTrainerPalette_AquaLeaderArchie
0x0859B320	rom	gTrainerFrontPic_AquaGruntM
0x0859B680	rom	gTrainerPalette_AquaGruntM
0x0859B6A8	rom	gTrainerFrontPic_AquaGruntF
0x0859B9E4	rom	gTrainerPalette_AquaGruntF
0x0859BA0C	rom	gTrainerFrontPic_RSAromaLady
0x0859BCD0	rom	gTrainerPalette_RSAromaLady
0x0859BCF8	rom	gTrainerFrontPic_RSRuinManiac
0x0859C094	rom	gTrainerPalette_RSRuinManiac
0x0859C0BC	rom	gTrainerFrontPic_Interviewer
0x0859C560	rom	gTrainerPalette_Interviewer
0x0859C588	rom	gTrainerFrontPic_RSTuberF
0x0859C82C	rom	gTrainerPalette_RSTuberF
0x0859C854	rom	gTrainerFrontPic_TuberM
0x0859CAE0	rom	gTrainerPalette_TuberM
0x0859CB08	rom	gTrainerFrontPic_RSCooltrainerM
0x0859CDF0	rom	gTrainerPalette_RSCooltrainerM
0x0859CE18	rom	gTrainerFrontPic_RSCooltrainerF
0x0859D12C	rom	gTrainerPalette_RSCooltrainerF
0x0859D154	rom	gTrainerFrontPic_HexManiac
0x0859D4C0	rom	gTrainerPalette_HexManiac
0x0859D4E8	rom	gTrainerFrontPic_RSLady
0x0859D89C	rom	gTrainerPalette_RSLady
0x0859D8C4	rom	gTrainerFrontPic_RSBeauty
0x0859DBAC	rom	gTrainerPalette_RSBeauty
0x0859DBD4	rom	gTrainerFrontPic_RichBoy
0x0859DE88	rom	gTrainerPalette_RichBoy
0x0859DEB0	rom	gTrainerFrontPic_RSPokeManiac
0x0859E220	rom	gTrainerPalette_RSPokeManiac
0x0859E248	rom	gTrainerFrontPic_RSSwimmerM
0x0859E508	rom	gTrainerPalette_RSSwimmerM
0x0859E530	rom	gTrainerFrontPic_RSBlackBelt
0x0859E894	rom	gTrainerPalette_RSBlackBelt
0x0859E8BC	rom	gTrainerFrontPic_Guitarist
0x0859EC40	rom	gTrainerPalette_Guitarist
0x0859EC68	rom	gTrainerFrontPic_Kindler
0x0859EFD4	rom	gTrainerPalette_Kindler
0x0859EFFC	rom	gTrainerFrontPic_RSCamper
0x0859F2E4	rom	gTrainerPalette_RSCamper
0x0859F30C	rom	gTrainerFrontPic_BugManiac
0x0859F75C	rom	gTrainerPalette_BugManiac
0x0859F784	rom	gTrainerFrontPic_RSPsychicM
0x0859FAB0	rom	gTrainerPalette_RSPsychicM
0x0859FAD8	rom	gTrainerFrontPic_RSPsychicF
0x0859FE00	rom	gTrainerPalette_RSPsychicF
0x0859FE28	rom	gTrainerFrontPic_RSGentleman
0x085A0128	rom	gTrainerPalette_RSGentleman
0x085A0150	rom	gTrainerFrontPic_EliteFourSidney
0x085A0484	rom	gTrainerPalette_EliteFourSidney
0x085A04AC	rom	gTrainerFrontPic_EliteFourPhoebe
0x085A07AC	rom	gTrainerPalette_EliteFourPhoebe
0x085A07D4	rom	gTrainerFrontPic_LeaderRoxanne
0x085A0AC0	rom	gTrainerPalette_LeaderRoxanne
0x085A0AE8	rom	gTrainerFrontPic_LeaderBrawly
0x085A0E7C	rom	gTrainerPalette_LeaderBrawly
0x085A0EA4	rom	gTrainerFrontPic_LeaderTateAndLiza
0x085A12E8	rom	gTrainerPalette_LeaderTateAndLiza
0x085A1310	rom	gTrainerFrontPic_SchoolKidM
0x085A15D0	rom	gTrainerPalette_SchoolKidM
0x085A15F8	rom	gTrainerFrontPic_SchoolKidF
0x085A1894	rom	gTrainerPalette_SchoolKidF
0x085A18BC	rom	gTrainerFrontPic_SrAndJr
0x085A1D2C	rom	gTrainerPalette_SrAndJr
0x085A1D54	rom	gTrainerFrontPic_PokefanM
0x085A2110	rom	gTrainerPalette_PokefanM
0x085A2138	rom	gTrainerFrontPic_PokefanF
0x085A2504	rom	gTrainerPalette_PokefanF
0x085A252C	rom	gTrainerFrontPic_ExpertM
0x085A286C	rom	gTrainerPalette_ExpertM
0x085A2894	rom	gTrainerFrontPic_ExpertF
0x085A2BB0	rom	gTrainerPalette_ExpertF
0x085A2BD8	rom	gTrainerFrontPic_RSYoungster
0x085A2E80	rom	gTrainerPalette_RSYoungster
0x085A2EA8	rom	gTrainerFrontPic_ChampionSteven
0x085A31E0	rom	gTrainerPalette_ChampionSteven
0x085A3208	rom	gTrainerFrontPic_RSFisherman
0x085A35EC	rom	gTrainerPalette_RSFisherman
0x085A3614	rom	gTrainerFrontPic_CyclingTriathleteM
0x085A3A24	rom	gTrainerPalette_CyclingTriathleteM
0x085A3A4C	rom	gTrainerFrontPic_CyclingTriathleteF
0x085A3E58	rom	gTrainerPalette_CyclingTriathleteF
0x085A3E80	rom	gTrainerFrontPic_RunningTriathleteM
0x085A4138	rom	gTrainerPalette_RunningTriathleteM
0x085A4160	rom	gTrainerFrontPic_RunningTriathleteF
0x085A4404	rom	gTrainerPalette_RunningTriathleteF
0x085A442C	rom	gTrainerFrontPic_SwimmingTriathleteM
0x085A4758	rom	gTrainerPalette_SwimmingTriathleteM
0x085A4780	rom	gTrainerFrontPic_SwimmingTriathleteF
0x085A4A5C	rom	gTrainerPalette_SwimmingTriathleteF
0x085A4A84	rom	gTrainerFrontPic_DragonTamer
0x085A4DD8	rom	gTrainerPalette_DragonTamer
0x085A4E00	rom	gTrainerFrontPic_RSBirdKeeper
0x085A5138	rom	gTrainerPalette_RSBirdKeeper
0x085A5160	rom	gTrainerFrontPic_NinjaBoy
0x085A543C	rom	gTrainerPalette_NinjaBoy
0x085A5464	rom	gTrainerFrontPic_BattleGirl
0x085A5784	rom	gTrainerPalette_BattleGirl
0x085A57AC	rom	gTrainerFrontPic_ParasolLady
0x085A5AE4	rom	gTrainerPalette_ParasolLady
0x085A5B0C	rom	gTrainerFrontPic_RSSwimmerF
0x085A5DDC	rom	gTrainerPalette_RSSwimmerF
0x085A5E04	rom	gTrainerFrontPic_RSPicnicker
0x085A60E4	rom	gTrainerPalette_RSPicnicker
0x085A610C	rom	gTrainerFrontPic_RSTwins
0x085A64D0	rom	gTrainerPalette_RSTwins
0x085A64F8	rom	gTrainerFrontPic_RSSailor
0x085A68A8	rom	gTrainerPalette_RSSailor
0x085A68D0	rom	gTrainerFrontPic_Collector
0x085A6CD4	rom	gTrainerPalette_Collector
0x085A6CFC	rom	gTrainerFrontPic_Wally
0x085A6FCC	rom	gTrainerPalette_Wally
0x085A6FF4	rom	gTrainerFrontPic_RSBrendan1
0x085A7308	rom	gTrainerPalette_RSBrendan1
0x085A7330	rom	gTrainerFrontPic_RSMay1
0x085A7630	rom	gTrainerPalette_RSMay1
0x085A7658	rom	gTrainerFrontPic_RSPokemonBreederM
0x085A7988	rom	gTrainerPalette_RSPokemonBreederM
0x085A79B0	rom	gTrainerFrontPic_RSPokemonBreederF
0x085A7CE4	rom	gTrainerPalette_RSPokemonBreederF
0x085A7D0C	rom	gTrainerFrontPic_RSPokemonRangerM
0x085A8054	rom	gTrainerPalette_RSPokemonRangerM
0x085A807C	rom	gTrainerFrontPic_RSPokemonRangerF
0x085A83B0	rom	gTrainerPalette_RSPokemonRangerF
0x085A83D8	rom	gTrainerFrontPic_MagmaLeaderMaxie
0x085A86CC	rom	gTrainerPalette_MagmaLeaderMaxie
0x085A86F4	rom	gTrainerFrontPic_MagmaGruntM
0x085A8A74	rom	gTrainerPalette_MagmaGruntM
0x085A8A9C	rom	gTrainerFrontPic_MagmaGruntF
0x085A8E28	rom	gTrainerPalette_MagmaGruntF
0x085A8E50	rom	gTrainerFrontPic_RSLass
0x085A9128	rom	gTrainerPalette_RSLass
0x085A9150	rom	gTrainerFrontPic_RSBugCatcher
0x085A947C	rom	gTrainerPalette_RSBugCatcher
0x085A94A4	rom	gTrainerFrontPic_RSHiker
0x085A9924	rom	gTrainerPalette_RSHiker
0x085A994C	rom	gTrainerFrontPic_RSYoungCouple
0x085A9D0C	rom	gTrainerPalette_RSYoungCouple
0x085A9D34	rom	gTrainerFrontPic_OldCouple
0x085AA244	rom	gTrainerPalette_OldCouple
0x085AA26C	rom	gTrainerFrontPic_RSSisAndBro
0x085AA6B8	rom	gTrainerPalette_RSSisAndBro
0x085AA6E0	rom	gTrainerFrontPic_AquaAdminM
0x085AAA94	rom	gTrainerPalette_AquaAdminM
0x085AAABC	rom	gTrainerFrontPic_AquaAdminF
0x085AAE80	rom	gTrainerPalette_AquaAdminF
0x085AAEA8	rom	gTrainerFrontPic_MagmaAdminM
0x085AB280	rom	gTrainerPalette_MagmaAdminM
0x085AB2A8	rom	gTrainerFrontPic_MagmaAdminF
0x085AB658	rom	gTrainerPalette_MagmaAdminF
0x085AB680	rom	gTrainerFrontPic_LeaderWattson
0x085AB9C8	rom	gTrainerPalette_LeaderWattson
0x085AB9F0	rom	gTrainerFrontPic_LeaderFlannery
0x085ABD70	rom	gTrainerPalette_LeaderFlannery
0x085ABD98	rom	gTrainerFrontPic_LeaderNorman
0x085AC0D4	rom	gTrainerPalette_LeaderNorman
0x085AC0FC	rom	gTrainerFrontPic_LeaderWinona
0x085AC47C	rom	gTrainerPalette_LeaderWinona
0x085AC4A4	rom	gTrainerFrontPic_LeaderWallace
0x085AC81C	rom	gTrainerPalette_LeaderWallace
0x085AC844	rom	gTrainerFrontPic_EliteFourGlacia
0x085ACBC8	rom	gTrainerPalette_EliteFourGlacia
0x085ACBF0	rom	gTrainerFrontPic_EliteFourDrake
0x085ACF98	rom	gTrainerPalette_EliteFourDrake
0x085ACFC0	rom	gTrainerFrontPic_Youngster
0x085AD260	rom	gTrainerPalette_Youngster
0x085AD288	rom	gTrainerFrontPic_BugCatcher
0x085AD5D0	rom	gTrainerPalette_BugCatcher
0x085AD5F8	rom	gTrainerFrontPic_Lass
0x085AD8E4	rom	gTrainerPalette_Lass
0x085AD90C	rom	gTrainerFrontPic_Sailor
0x085ADC2C	rom	gTrainerPalette_Sailor
0x085ADC54	rom	gTrainerFrontPic_Camper
0x085ADF34	rom	gTrainerPalette_Camper
0x085ADF5C	rom	gTrainerFrontPic_Picnicker
0x085AE244	rom	gTrainerPalette_Picnicker
0x085AE26C	rom	gTrainerFrontPic_PokeManiac
0x085AE628	rom	gTrainerPalette_PokeManiac
0x085AE650	rom	gTrainerFrontPic_SuperNerd
0x085AE968	rom	gTrainerPalette_SuperNerd
0x085AE990	rom	gTrainerFrontPic_Hiker
0x085AEE00	rom	gTrainerPalette_Hiker
0x085AEE28	rom	gTrainerFrontPic_Biker
0x085AF390	rom	gTrainerPalette_Biker
0x085AF3B8	rom	gTrainerFrontPic_Burglar
0x085AF704	rom	gTrainerPalette_Burglar
0x085AF72C	rom	gTrainerFrontPic_Engineer
0x085AFB38	rom	gTrainerPalette_Engineer
0x085AFB60	rom	gTrainerFrontPic_Fisherman
0x085AFF0C	rom	gTrainerPalette_Fisherman
0x085AFF34	rom	gTrainerFrontPic_SwimmerM
0x085B020C	rom	gTrainerPalette_SwimmerM
0x085B0234	rom	gTrainerFrontPic_CueBall
0x085B07FC	rom	gTrainerPalette_CueBall
0x085B0824	rom	gTrainerFrontPic_Gamer
0x085B0BB8	rom	gTrainerPalette_Gamer
0x085B0BE0	rom	gTrainerFrontPic_Beauty
0x085B0F3C	rom	gTrainerPalette_Beauty
0x085B0F64	rom	gTrainerFrontPic_SwimmerF
0x085B1250	rom	gTrainerPalette_SwimmerF
0x085B1278	rom	gTrainerFrontPic_PsychicM
0x085B15D8	rom	gTrainerPalette_PsychicM
0x085B1600	rom	gTrainerFrontPic_Rocker
0x085B1A5C	rom	gTrainerPalette_Rocker
0x085B1A84	rom	gTrainerFrontPic_Juggler
0x085B1EC0	rom	gTrainerPalette_Juggler
0x085B1EE8	rom	gTrainerFrontPic_Tamer
0x085B229C	rom	gTrainerPalette_Tamer
0x085B22C4	rom	gTrainerFrontPic_BirdKeeper
0x085B2688	rom	gTrainerPalette_BirdKeeper
0x085B26B0	rom	gTrainerFrontPic_BlackBelt
0x085B2AD0	rom	gTrainerPalette_BlackBelt
0x085B2AF8	rom	gTrainerFrontPic_RivalEarly
0x085B2DB0	rom	gTrainerPalette_RivalEarly
0x085B2DD8	rom	gTrainerFrontPic_Scientist
0x085B31B4	rom	gTrainerPalette_Scientist
0x085B31DC	rom	gTrainerFrontPic_LeaderGiovanni
0x085B34EC	rom	gTrainerPalette_LeaderGiovanni
0x085B3514	rom	gTrainerFrontPic_RocketGruntM
0x085B3848	rom	gTrainerPalette_RocketGruntM
0x085B3870	rom	gTrainerFrontPic_CooltrainerM
0x085B3B40	rom	gTrainerPalette_CooltrainerM
0x085B3B68	rom	gTrainerFrontPic_CooltrainerF
0x085B3E80	rom	gTrainerPalette_CooltrainerF
0x085B3EA8	rom	gTrainerFrontPic_EliteFourLorelei
0x085B41D4	rom	gTrainerPalette_EliteFourLorelei
0x085B41FC	rom	gTrainerFrontPic_EliteFourBruno
0x085B4648	rom	gTrainerPalette_EliteFourBruno
0x085B4670	rom	gTrainerFrontPic_EliteFourAgatha
0x085B498C	rom	gTrainerPalette_EliteFourAgatha
0x085B49B4	rom	gTrainerFrontPic_EliteFourLance
0x085B4D7C	rom	gTrainerPalette_EliteFourLance
0x085B4DA4	rom	gTrainerFrontPic_LeaderBrock
0x085B50F0	rom	gTrainerPalette_LeaderBrock
0x085B5118	rom	gTrainerFrontPic_LeaderMisty
0x085B5418	rom	gTrainerPalette_LeaderMisty
0x085B5440	rom	gTrainerFrontPic_LeaderLtSurge
0x085B57D0	rom	gTrainerPalette_LeaderLtSurge
0x085B57F8	rom	gTrainerFrontPic_LeaderErika
0x085B5AEC	rom	gTrainerPalette_LeaderErika
0x085B5B14	rom	gTrainerFrontPic_LeaderKoga
0x085B5E7C	rom	gTrainerPalette_LeaderKoga
0x085B5EA4	rom	gTrainerFrontPic_LeaderBlaine
0x085B62B0	rom	gTrainerPalette_LeaderBlaine
0x085B62D8	rom	gTrainerFrontPic_LeaderSabrina
0x085B65E0	rom	gTrainerPalette_LeaderSabrina
0x085B6608	rom	gTrainerFrontPic_Gentleman
0x085B6940	rom	gTrainerPalette_Gentleman
0x085B6968	rom	gTrainerFrontPic_RivalLate
0x085B6C5C	rom	gTrainerPalette_RivalLate
0x085B6C84	rom	gTrainerFrontPic_ChampionRival
0x085B6F80	rom	gTrainerPalette_ChampionRival
0x085B6FA8	rom	gTrainerFrontPic_Channeler
0x085B7380	rom	gTrainerPalette_Channeler
0x085B73A8	rom	gTrainerFrontPic_Twins
0x085B76F8	rom	gTrainerPalette_Twins
0x085B7720	rom	gTrainerFrontPic_CoolCouple
0x085B7C00	rom	gTrainerPalette_CoolCouple
0x085B7C28	rom	gTrainerFrontPic_YoungCouple
0x085B8074	rom	gTrainerPalette_YoungCouple
0x085B809C	rom	gTrainerFrontPic_CrushKin
0x085B863C	rom	gTrainerPalette_CrushKin
0x085B8664	rom	gTrainerFrontPic_SisAndBro
0x085B8AC4	rom	gTrainerPalette_SisAndBro
0x085B8AEC	rom	gTrainerFrontPic_ProfessorOak
0x085B8E58	rom	gTrainerPalette_ProfessorOak
0x085B8E80	rom	gTrainerFrontPic_RSBrendan2
0x085B9194	rom	gTrainerPalette_RSBrendan2
0x085B91BC	rom	gTrainerFrontPic_RSMay2
0x085B94BC	rom	gTrainerPalette_RSMay2
0x085B94E4	rom	gTrainerFrontPic_Red
0x085B97F0	rom	gTrainerPalette_Red
0x085B9818	rom	gTrainerFrontPic_Leaf
0x085B9B54	rom	gTrainerPalette_Leaf
0x085B9B7C	rom	gTrainerFrontPic_RocketGruntF
0x085B9E94	rom	gTrainerPalette_RocketGruntF
0x085B9EBC	rom	gTrainerFrontPic_PsychicF
0x085BA25C	rom	gTrainerPalette_PsychicF
0x085BA284	rom	gTrainerFrontPic_CrushGirl
0x085BA590	rom	gTrainerPalette_CrushGirl
0x085BA5B8	rom	gTrainerFrontPic_TuberF
0x085BA8BC	rom	gTrainerPalette_TuberF
0x085BA8E4	rom	gTrainerFrontPic_PokemonBreeder
0x085BAC24	rom	gTrainerPalette_PokemonBreeder
0x085BAC4C	rom	gTrainerFrontPic_PokemonRangerM
0x085BAFAC	rom	gTrainerPalette_PokemonRangerM
0x085BAFD4	rom	gTrainerFrontPic_PokemonRangerF
0x085BB308	rom	gTrainerPalette_PokemonRangerF
0x085BB330	rom	gTrainerFrontPic_AromaLady
0x085BB680	rom	gTrainerPalette_AromaLady
0x085BB6A8	rom	gTrainerFrontPic_RuinManiac
0x085BBAB4	rom	gTrainerPalette_RuinManiac
0x085BBADC	rom	gTrainerFrontPic_Lady
0x085BBE04	rom	gTrainerPalette_Lady
0x085BBE2C	rom	gTrainerFrontPic_Painter
0x085BC0F8	rom	gTrainerPalette_Painter
0x085BC120	rom	gTrainerFrontPic_EmBrendan
0x085BC444	rom	gTrainerPalette_EmBrendan
0x085BC46C	rom	gTrainerFrontPic_EmMay
0x085BC76C	rom	gTrainerPalette_EmMay
0x085BC794	rom	gTrainerFrontPic_MasterBeauty
0x085BCAF4	rom	gTrainerPalette_MasterBeauty
0x085BCB1C	rom	gTrainerFrontPic_MasterBirdKeeper
0x085BCEE8	rom	gTrainerPalette_MasterBirdKeeper
0x085BCF10	rom	gTrainerFrontPic_MasterBlackBelt
0x085BD330	rom	gTrainerPalette_MasterBlackBelt
0x085BD358	rom	gTrainerFrontPic_MasterBugCatcher
0x085BD6A0	rom	gTrainerPalette_MasterBugCatcher
0x085BD6C8	rom	gTrainerFrontPic_MasterCooltrainerM
0x085BD994	rom	gTrainerPalette_MasterCooltrainerM
0x085BD9BC	rom	gTrainerFrontPic_MasterHiker
0x085BDE2C	rom	gTrainerPalette_MasterHiker
0x085BDE54	rom	gTrainerFrontPic_MasterLass
0x085BE13C	rom	gTrainerPalette_MasterLass
0x085BE164	rom	gTrainerFrontPic_MasterPsychicM
0x085BE4C4	rom	gTrainerPalette_MasterPsychicM
0x085BE4EC	rom	gTrainerFrontPic_MasterScientist
0x085BE8C8	rom	gTrainerPalette_MasterScientist
0x085BE8F0	rom	gTrainerFrontPic_MasterYoungster
0x085BEB90	rom	gTrainerPalette_MasterYoungster
0x085BEBB8	rom	gTrainerFrontPic_MasterSwimmer
0x085BEEB8	rom	gTrainerPalette_MasterSwimmer
0x085BEEE0	rom	gTrainerBackPic_Red
0x085C16E0	rom	gTrainerBackPic_Leaf
0x085C3EE0	rom	gTrainerBackPic_Pokedude
0x085C5EE0	rom	gTrainerBackPic_OldMan
0x085C7EE0	rom	gTrainerBackPic_RSBrendan
0x085C9EE0	rom	gTrainerBackPic_RSMay
0x085CBEE0	rom	gTrainerBackPic_EmBrendan
0x085CDEE0	rom	gTrainerBackPic_EmMay
0x085CFEE0	rom	gTrainerPalette_RedBackPic
0x085CFF08	rom	gTrainerPalette_LeafBackPic
0x085CFF30	rom	gTrainerPalette_PokedudeBackPic
0x085CFF58	rom	gTrainerPalette_OldManBackPic
0x085CFF80	rom	gMonIcon_QuestionMark
0x085D0380	rom	gMonFootprint_QuestionMark
0x085D03A0	rom	gFile_graphics_battle_transitions_vs_frame_sheet
0x085D0488	rom	gFile_graphics_battle_transitions_vs_frame_tilemap
0x085D0594	rom	gFile_graphics_battle_transitions_vs_frame_palette
0x085D05BC	rom	gVsLettersGfx
0x085D07CC	rom	gUnusedBattleTerrain_Plain_Palette
0x085D0808	rom	gUnusedBattleTerrain_Building_Tiles_Sheet
0x085D0DB4	rom	gUnusedBattleTerrain_Stadium_Battle_Frontier_Palette
0x085D0DF0	rom	gUnusedBattleTerrain_Building_Map_Tilemap
0x085D10A0	rom	gUnusedBattleTerrain_Stadium_Tiles_Sheet
0x085D16A8	rom	gUnusedBattleTerrain_Stadium_Map_Tilemap
0x085D1958	rom	gUnusedBattleTerrain_Building_Palette
0x085D1998	rom	gUnusedBattleTerrain_Kyogre_Palette
0x085D19D4	rom	gUnusedBattleTerrain_Groudon_Palette
0x085D1A2C	rom	gUnusedBattleTerrain_Building_Palette2
0x085D1A68	rom	gUnusedBattleTerrain_Building_Palette3
0x085D1AA4	rom	gUnusedBattleTerrain_Stadium_Palette1
0x085D1B04	rom	gUnusedBattleTerrain_Stadium_Palette2
0x085D1B70	rom	gUnusedBattleTerrain_Stadium_Palette3
0x085D1BC0	rom	gUnusedBattleTerrain_Stadium_Palette4
0x085D1C08	rom	gUnusedBattleTerrain_Stadium_Palette5
0x085D1C4C	rom	gUnusedBattleTerrain_Stadium_Palette6
0x085D1C9C	rom	gUnusedBattleTerrain_Stadium_Palette7
0x085D1CD8	rom	gUnusedBattleTerrain_Building_Anim_Tiles_Sheet
0x085D20E8	rom	gUnusedBattleTerrain_Building_Anim_Map_Tilemap
0x085D220C	rom	gBattleAnimSpriteGfx_FlyingDirt
0x085D2378	rom	gFile_graphics_battle_anims_backgrounds_sandstorm_brew_tilemap
0x085D24F4	rom	gFile_graphics_battle_anims_backgrounds_sandstorm_brew_sheet
0x085D2A20	rom	gBattleAnimSpritePal_FlyingDirt
0x085D2A48	rom	gBattleAnimSpriteGfx_MetalSoundWaves
0x085D2C04	rom	gBattleAnimSpritePal_MetalSoundWaves
0x085D2C1C	rom	gBattleAnimBgImage_Ice
0x085D358C	rom	gBattleAnimBgPalette_Ice
0x085D35B0	rom	gBattleAnimBgTilemap_Ice
0x085D37A8	rom	gBattleAnimSpriteGfx_IcicleSpear
0x085D387C	rom	gBattleAnimSpritePal_IcicleSpear
0x085D38A4	rom	gContestNextTurnGfx
0x085D3900	rom	gContestNextTurnNumbersGfx
0x085D3980	rom	gContestNextTurnRandomGfx
0x085D39A0	rom	gBattleAnimSpriteGfx_GlowyRedOrb
0x085D39C0	rom	gBattleAnimSpritePal_GlowyRedOrb
0x085D39D8	rom	gBattleAnimSpritePal_GlowyGreenOrb
0x085D39F0	rom	gBattleAnimSpritePal_SleepPowder
0x085D3A10	rom	gBattleAnimSpritePal_StunSpore
0x085D3A30	rom	gContestApplauseGfx
0x085D3B5C	rom	gContestApplauseMeterGfx
0x085D3BDC	rom	gContestNextTurnPal
0x085D3BFC	rom	gBattleAnimSpriteGfx_Splash
0x085D3E18	rom	gBattleAnimSpritePal_Splash
0x085D3E3C	rom	gBattleAnimSpriteGfx_SweatBead
0x085D3E64	rom	gBattleAnimSpriteGfx_SafariBait
0x085D3EB8	rom	gBattleAnimSpritePal_SafariBait
0x085D3ED0	rom	gBattleAnimSpriteGfx_Gem1
0x085D4050	rom	gBattleAnimSpriteGfx_Gem2
0x085D41BC	rom	gBattleAnimSpriteGfx_Gem3
0x085D4324	rom	gBattleAnimSpritePal_Gem1
0x085D434C	rom	gBattleAnimBgImage_InAir
0x085D44A8	rom	gBattleAnimBgPalette_InAir
0x085D44D0	rom	gBattleAnimBgTilemap_InAir
0x085D46B8	rom	gBattleAnimSpriteGfx_Protect
0x085D4AB4	rom	gBattleAnimSpritePal_Protect
0x085D4AD4	rom	gBattleAnimBgPalette_MuddyWater
0x085D4AF8	rom	gEnemyMonShadow_Gfx
0x085D4B28	rom	gBattleInterface_PartySummaryBar_Gfx
0x085D4BAC	rom	gMonIcon_Egg
0x085D4FAC	rom	gBattleAnimBgImage_Ghost
0x085D5C74	rom	gBattleAnimBgPalette_Ghost
0x085D5C90	rom	gBattleAnimBgTilemap_Ghost
0x085D5F84	rom	gBattleAnimSpritePal_WhipHit
0x085D5FAC	rom	gBattleAnimBgPalette_SolarBeam
0x085D5FD4	rom	gBattleAnimBgTilemap_SolarBeam
0x085D64D0	rom	gFile_graphics_berry_blender_center_sheet
0x085D6CF0	rom	gFile_graphics_berry_blender_outer_sheet
0x085D7724	rom	gFile_graphics_berry_blender_outer_map_tilemap
0x085D7A38	rom	gBattleAnimBgPalette_Cosmic
0x085D7A60	rom	gBattleAnimBgImage_Cosmic
0x085D7CC0	rom	gBattleAnimBgTilemap_Cosmic
0x085D7DFC	rom	gBattleAnimSpritePal_SlamHit2
0x085D7E24	rom	gBattleAnimSpriteGfx_SlamHit2
0x085D8218	rom	gBattleAnimFogTilemap
0x085D8390	rom	gBattleAnimSpritePal_WeatherBall
0x085D83AC	rom	gBattleAnimSpriteGfx_WeatherBall
0x085D84D0	rom	gBattleAnimBgTilemap_ScaryFacePlayer
0x085D86B4	rom	gBattleAnimBgTilemap_ScaryFaceOpponent
0x085D8898	rom	gBattleAnimBgTilemap_ScaryFaceContest
0x085D8A7C	rom	gBattleAnimSpriteGfx_Hail
0x085D8ABC	rom	gBattleAnimSpritePal_Hail
0x085D8AD4	rom	gBattleAnimSpriteGfx_GreenSpike
0x085D8B14	rom	gBattleAnimSpritePal_GreenSpike
0x085D8B2C	rom	gBattleAnimSpritePal_WhiteCircleOfLight
0x085D8B44	rom	gBattleAnimSpritePal_GlowyBlueOrb
0x085D8B5C	rom	gBattleAnimSpriteGfx_Recycle
0x085D8D68	rom	gBattleAnimSpritePal_Recycle
0x085D8D84	rom	gBattleAnimSpriteGfx_RedParticles
0x085D8DD0	rom	gBattleAnimSpritePal_RedParticles
0x085D8DEC	rom	gBattleAnimSpriteGfx_DirtMound
0x085D8F74	rom	gBattleAnimSpritePal_DirtMound
0x085D8F94	rom	gBattleAnimBgImage_Fissure
0x085D9288	rom	gBattleAnimBgPalette_Fissure
0x085D92A4	rom	gBattleAnimBgTilemap_Fissure
0x085D9590	rom	gBattleAnimSpriteGfx_Bird
0x085D990C	rom	gBattleAnimSpritePal_Bird
0x085D9928	rom	gBattleAnimSpriteGfx_CrossImpact
0x085D99C8	rom	gBattleAnimSpritePal_CrossImpact
0x085D99F0	rom	gBattleAnimBgImage_Surf
0x085DAD10	rom	gBattleAnimBgPalette_Surf
0x085DAD38	rom	gBattleAnimBgTilemap_SurfOpponent
0x085DB008	rom	gBattleAnimBgTilemap_SurfPlayer
0x085DB2DC	rom	gBattleAnimBgTilemap_SurfContest
0x085DB5D0	rom	gBattleAnimSpritePal_Slash2
0x085DB5F8	rom	gBattleAnimSpriteGfx_WhiteShadow
0x085DB70C	rom	gBattleAnimSpritePal_WhiteShadow
0x085DB724	rom	gPartyMenuBg_Gfx
0x085DB9EC	rom	gPartyMenuBg_Pal
0x085DBAD4	rom	gPartyMenuBg_Tilemap
0x085DBC0C	rom	gPartyMenuPokeball_Gfx
0x085DBD8C	rom	gPartyMenuPokeballSmall_Gfx
0x085DBEA0	rom	gPartyMenuPokeball_Pal
0x085DBEC4	rom	gStatusGfx_Icons
0x085DC0C8	rom	gStatusPal_Icons
0x085DC0F0	rom	gBagBg_Gfx
0x085DC2E4	rom	gBagBg_Tilemap
0x085DC468	rom	gBagBg_ItemPC_Tilemap
0x085DC5D8	rom	gBagBgPalette
0x085DC628	rom	gBagBgPalette_FemaleOverride
0x085DC650	rom	gBagMale_Gfx
0x085DD0A0	rom	gBagFemale_Gfx
0x085DDC54	rom	gBag_Pal
0x085DDC7C	rom	gSwapLine_Gfx
0x085DDCBC	rom	gSwapLine_Pal
0x085DDCCC	rom	gTMCase_Gfx
0x085DE118	rom	gTMCaseMenu_Tilemap
0x085DE264	rom	gTMCase_Tilemap
0x085DE3A4	rom	gTMCaseMenu_Male_Pal
0x085DE414	rom	gTMCaseMenu_Female_Pal
0x085DE484	rom	gTMCaseDisc_Gfx
0x085DE614	rom	gTMCaseDiscTypes1_Pal
0x085DE75C	rom	gTMCaseDiscTypes2_Pal
0x085DE784	rom	gItemPcTiles
0x085DEAFC	rom	gItemPcBgPals
0x085DEB4C	rom	gItemPcTilemap
0x085DED00	rom	gBerryPouchSpriteTiles
0x085DF0C4	rom	gBerryPouchBgGfx
0x085DF298	rom	gBerryPouchBgPals
0x085DF2E8	rom	gBerryPouchBgPal0FemaleOverride
0x085DF310	rom	gBerryPouchSpritePalette
0x085DF338	rom	gBerryPouchBg1Tilemap
0x085DF4BC	rom	gBuyMenuFrame_Gfx
0x085DF5F0	rom	gBuyMenuFrame_Tilemap
0x085DF72C	rom	gBuyMenuFrame_TmHmTilemap
0x085DF864	rom	gBuyMenuFrame_Pal
0x085DF89C	rom	gTeachyTv_Border_Gfx
0x085DF934	rom	gTeachyTv_Gfx
0x085E02DC	rom	gTeachyTvScreen_Tilemap
0x085E0460	rom	gTeachyTvTitle_Tilemap
0x085E068C	rom	gTeachyTv_Pal
0x085E0704	rom	gUnusedGrayPalette
0x085E071C	rom	gItemIcon_QuestionMark
0x085E0794	rom	gItemIconPalette_QuestionMark
0x085E07A8	rom	gItemIcon_ReturnToFieldArrow
0x085E0830	rom	gItemIconPalette_ReturnToFieldArrow
0x085E0848	rom	gItemIcon_MasterBall
0x085E0918	rom	gItemIconPalette_MasterBall
0x085E0940	rom	gItemIcon_UltraBall
0x085E0A00	rom	gItemIconPalette_UltraBall
0x085E0A28	rom	gItemIcon_GreatBall
0x085E0AF8	rom	gItemIconPalette_GreatBall
0x085E0B20	rom	gItemIcon_PokeBall
0x085E0BD0	rom	gItemIconPalette_PokeBall
0x085E0BF4	rom	gItemIcon_SafariBall
0x085E0CC4	rom	gItemIconPalette_SafariBall
0x085E0CEC	rom	gItemIcon_NetBall
0x085E0DC0	rom	gItemIconPalette_NetBall
0x085E0DE4	rom	gItemIcon_DiveBall
0x085E0EAC	rom	gItemIconPalette_DiveBall
0x085E0ED0	rom	gItemIcon_NestBall
0x085E0F94	rom	gItemIconPalette_NestBall
0x085E0FBC	rom	gItemIcon_RepeatBall
0x085E1080	rom	gItemIconPalette_RepeatBall
0x085E10A8	rom	gItemIcon_TimerBall
0x085E1170	rom	gItemIcon_LuxuryBall
0x085E122C	rom	gItemIconPalette_LuxuryBall
0x085E1254	rom	gItemIcon_PremierBall
0x085E12F8	rom	gItemIcon_Potion
0x085E13C0	rom	gItemIconPalette_Potion
0x085E13E4	rom	gItemIcon_Antidote
0x085E1494	rom	gItemIconPalette_Antidote
0x085E14B8	rom	gItemIconPalette_BurnHeal
0x085E14DC	rom	gItemIconPalette_IceHeal
0x085E1500	rom	gItemIcon_StatusHeal
0x085E15B0	rom	gItemIconPalette_Awakening
0x085E15D4	rom	gItemIconPalette_ParalyzeHeal
0x085E15F8	rom	gItemIcon_LargePotion
0x085E16DC	rom	gItemIconPalette_FullRestore
0x085E1700	rom	gItemIconPalette_MaxPotion
0x085E1724	rom	gItemIconPalette_HyperPotion
0x085E1748	rom	gItemIconPalette_SuperPotion
0x085E176C	rom	gItemIcon_FullHeal
0x085E1814	rom	gItemIconPalette_FullHeal
0x085E183C	rom	gItemIcon_Revive
0x085E1898	rom	gItemIcon_MaxRevive
0x085E1964	rom	gItemIconPalette_Revive
0x085E1980	rom	gItemIcon_FreshWater
0x085E1A30	rom	gItemIconPalette_FreshWater
0x085E1A54	rom	gItemIcon_SodaPop
0x085E1AE8	rom	gItemIconPalette_SodaPop
0x085E1B10	rom	gItemIcon_Lemonade
0x085E1BD0	rom	gItemIconPalette_Lemonade
0x085E1BF8	rom	gItemIcon_MoomooMilk
0x085E1CA8	rom	gItemIconPalette_MoomooMilk
0x085E1CD0	rom	gItemIcon_Powder
0x085E1D5C	rom	gItemIconPalette_EnergyPowder
0x085E1D7C	rom	gItemIcon_EnergyRoot
0x085E1E48	rom	gItemIconPalette_EnergyRoot
0x085E1E64	rom	gItemIconPalette_HealPowder
0x085E1E84	rom	gItemIcon_RevivalHerb
0x085E1F54	rom	gItemIconPalette_RevivalHerb
0x085E1F74	rom	gItemIcon_Ether
0x085E2034	rom	gItemIconPalette_Ether
0x085E2058	rom	gItemIconPalette_MaxEther
0x085E207C	rom	gItemIconPalette_Elixir
0x085E20A0	rom	gItemIconPalette_MaxElixir
0x085E20C4	rom	gItemIcon_LavaCookie
0x085E2190	rom	gItemIconPalette_LavaCookieAndLetter
0x085E21B4	rom	gItemIcon_Flute
0x085E2268	rom	gItemIconPalette_BlueFlute
0x085E228C	rom	gItemIconPalette_YellowFlute
0x085E22B0	rom	gItemIconPalette_RedFlute
0x085E22D4	rom	gItemIconPalette_BlackFlute
0x085E22F8	rom	gItemIconPalette_WhiteFlute
0x085E231C	rom	gItemIcon_BerryJuice
0x085E23FC	rom	gItemIconPalette_BerryJuice
0x085E2424	rom	gItemIcon_SacredAsh
0x085E24E4	rom	gItemIconPalette_SacredAsh
0x085E2508	rom	gItemIconPalette_ShoalSalt
0x085E2528	rom	gItemIcon_ShoalShell
0x085E261C	rom	gItemIconPalette_Shell
0x085E2644	rom	gItemIcon_Shard
0x085E26A0	rom	gItemIconPalette_RedShard
0x085E26B8	rom	gItemIconPalette_BlueShard
0x085E26D0	rom	gItemIconPalette_YellowShard
0x085E26E8	rom	gItemIconPalette_GreenShard
0x085E2700	rom	gItemIcon_HPUp
0x085E27B8	rom	gItemIconPalette_HPUp
0x085E27E0	rom	gItemIcon_Vitamin
0x085E2890	rom	gItemIconPalette_Protein
0x085E28B8	rom	gItemIconPalette_Iron
0x085E28E0	rom	gItemIconPalette_Carbos
0x085E2908	rom	gItemIconPalette_Calcium
0x085E2930	rom	gItemIcon_RareCandy
0x085E29F4	rom	gItemIconPalette_RareCandy
0x085E2A10	rom	gItemIcon_PPUp
0x085E2AC0	rom	gItemIconPalette_PPUp
0x085E2AE8	rom	gItemIconPalette_Zinc
0x085E2B10	rom	gItemIcon_PPMax
0x085E2BB8	rom	gItemIconPalette_PPMax
0x085E2BE0	rom	gItemIconPalette_GuardSpec
0x085E2C04	rom	gItemIconPalette_DireHit
0x085E2C28	rom	gItemIconPalette_XAttack
0x085E2C4C	rom	gItemIcon_BattleStatItem
0x085E2D30	rom	gItemIconPalette_XDefend
0x085E2D54	rom	gItemIconPalette_XSpeed
0x085E2D78	rom	gItemIconPalette_XAccuracy
0x085E2D9C	rom	gItemIconPalette_XSpecial
0x085E2DC0	rom	gItemIcon_PokeDoll
0x085E2EB0	rom	gItemIconPalette_PokeDoll
0x085E2ECC	rom	gItemIcon_FluffyTail
0x085E2FBC	rom	gItemIconPalette_FluffyTail
0x085E2FE0	rom	gItemIcon_Repel
0x085E3080	rom	gItemIconPalette_SuperRepel
0x085E30A8	rom	gItemIconPalette_MaxRepel
0x085E30D0	rom	gItemIcon_EscapeRope
0x085E3184	rom	gItemIconPalette_EscapeRope
0x085E31A8	rom	gItemIconPalette_Repel
0x085E31D0	rom	gItemIcon_SunStone
0x085E32C8	rom	gItemIconPalette_SunStone
0x085E32E4	rom	gItemIcon_MoonStone
0x085E33B8	rom	gItemIconPalette_MoonStone
0x085E33D8	rom	gItemIcon_FireStone
0x085E34CC	rom	gItemIconPalette_FireStone
0x085E34F4	rom	gItemIcon_ThunderStone
0x085E35DC	rom	gItemIconPalette_ThunderStone
0x085E35FC	rom	gItemIcon_WaterStone
0x085E36DC	rom	gItemIconPalette_WaterStone
0x085E3700	rom	gItemIcon_LeafStone
0x085E37F4	rom	gItemIconPalette_LeafStone
0x085E381C	rom	gItemIcon_BlackAugurite
0x085E38F4	rom	gItemIconPalette_BlackAugurite
0x085E391C	rom	gItemIcon_IceStone
0x085E3A08	rom	gItemIconPalette_IceStone
0x085E3A2C	rom	gItemIcon_TinyMushroom
0x085E3AAC	rom	gItemIcon_BigMushroom
0x085E3B64	rom	gItemIconPalette_Mushroom
0x085E3B88	rom	gItemIcon_Pearl
0x085E3C04	rom	gItemIconPalette_Pearl
0x085E3C2C	rom	gItemIcon_BigPearl
0x085E3CE4	rom	gItemIcon_Stardust
0x085E3DA4	rom	gItemIconPalette_Star
0x085E3DC8	rom	gItemIcon_StarPiece
0x085E3E4C	rom	gItemIcon_Nugget
0x085E3ED8	rom	gItemIconPalette_Nugget
0x085E3EF8	rom	gItemIcon_HeartScale
0x085E3F98	rom	gItemIconPalette_HeartScale
0x085E3FB4	rom	gItemIcon_OrangeMail
0x085E4088	rom	gItemIconPalette_OrangeMail
0x085E40A8	rom	gItemIcon_HarborMail
0x085E4170	rom	gItemIconPalette_HarborMail
0x085E4190	rom	gItemIcon_GlitterMail
0x085E426C	rom	gItemIconPalette_GlitterMail
0x085E4294	rom	gItemIcon_MechMail
0x085E4370	rom	gItemIconPalette_MechMail
0x085E4390	rom	gItemIcon_WoodMail
0x085E4470	rom	gItemIconPalette_WoodMail
0x085E4490	rom	gItemIcon_WaveMail
0x085E4568	rom	gItemIconPalette_WaveMail
0x085E4588	rom	gItemIcon_BeadMail
0x085E4648	rom	gItemIconPalette_BeadMail
0x085E4668	rom	gItemIcon_ShadowMail
0x085E473C	rom	gItemIconPalette_ShadowMail
0x085E4760	rom	gItemIcon_TropicMail
0x085E4844	rom	gItemIconPalette_TropicMail
0x085E4868	rom	gItemIcon_DreamMail
0x085E4948	rom	gItemIconPalette_DreamMail
0x085E4968	rom	gItemIcon_FabMail
0x085E4A30	rom	gItemIconPalette_FabMail
0x085E4A4C	rom	gItemIcon_RetroMail
0x085E4AE4	rom	gItemIconPalette_RetroMail
0x085E4B04	rom	gItemIcon_CheriBerry
0x085E4BEC	rom	gItemIconPalette_CheriBerry
0x085E4C14	rom	gItemIcon_ChestoBerry
0x085E4CD4	rom	gItemIconPalette_ChestoBerry
0x085E4CF8	rom	gItemIcon_PechaBerry
0x085E4DB8	rom	gItemIconPalette_PechaBerry
0x085E4DDC	rom	gItemIcon_RawstBerry
0x085E4EC0	rom	gItemIconPalette_RawstBerry
0x085E4EE4	rom	gItemIcon_AspearBerry
0x085E4FCC	rom	gItemIconPalette_AspearBerry
0x085E4FF0	rom	gItemIcon_LeppaBerry
0x085E50A8	rom	gItemIconPalette_LeppaBerry
0x085E50CC	rom	gItemIcon_OranBerry
0x085E5190	rom	gItemIconPalette_OranBerry
0x085E51B4	rom	gItemIcon_PersimBerry
0x085E5288	rom	gItemIconPalette_PersimBerry
0x085E52AC	rom	gItemIcon_LumBerry
0x085E5364	rom	gItemIconPalette_LumBerry
0x085E5380	rom	gItemIcon_SitrusBerry
0x085E544C	rom	gItemIconPalette_SitrusBerry
0x085E5470	rom	gItemIcon_FigyBerry
0x085E5538	rom	gItemIconPalette_FigyBerry
0x085E555C	rom	gItemIcon_WikiBerry
0x085E5640	rom	gItemIconPalette_WikiBerry
0x085E5664	rom	gItemIcon_MagoBerry
0x085E5720	rom	gItemIconPalette_MagoBerry
0x085E5744	rom	gItemIcon_AguavBerry
0x085E5830	rom	gItemIconPalette_AguavBerry
0x085E5850	rom	gItemIcon_IapapaBerry
0x085E5938	rom	gItemIconPalette_IapapaBerry
0x085E595C	rom	gItemIcon_RazzBerry
0x085E5A3C	rom	gItemIconPalette_RazzBerry
0x085E5A60	rom	gItemIcon_BlukBerry
0x085E5B50	rom	gItemIconPalette_BlukBerry
0x085E5B74	rom	gItemIcon_NanabBerry
0x085E5C58	rom	gItemIconPalette_NanabBerry
0x085E5C7C	rom	gItemIcon_WepearBerry
0x085E5D44	rom	gItemIconPalette_WepearBerry
0x085E5D60	rom	gItemIcon_PinapBerry
0x085E5E54	rom	gItemIconPalette_PinapBerry
0x085E5E78	rom	gItemIcon_PomegBerry
0x085E5F2C	rom	gItemIconPalette_PomegBerry
0x085E5F50	rom	gItemIcon_KelpsyBerry
0x085E6020	rom	gItemIconPalette_KelpsyBerry
0x085E6040	rom	gItemIcon_QualotBerry
0x085E610C	rom	gItemIconPalette_QualotBerry
0x085E6130	rom	gItemIcon_HondewBerry
0x085E6210	rom	gItemIconPalette_HondewBerry
0x085E6234	rom	gItemIcon_GrepaBerry
0x085E62E8	rom	gItemIconPalette_GrepaBerry
0x085E630C	rom	gItemIcon_TamatoBerry
0x085E63E8	rom	gItemIconPalette_TamatoBerry
0x085E640C	rom	gItemIcon_CornnBerry
0x085E64F8	rom	gItemIconPalette_CornnBerry
0x085E6520	rom	gItemIcon_MagostBerry
0x085E65C8	rom	gItemIconPalette_MagostBerry
0x085E65EC	rom	gItemIcon_RabutaBerry
0x085E66E8	rom	gItemIconPalette_RabutaBerry
0x085E670C	rom	gItemIcon_NomelBerry
0x085E67B0	rom	gItemIconPalette_NomelBerry
0x085E67CC	rom	gItemIcon_SpelonBerry
0x085E6890	rom	gItemIconPalette_SpelonBerry
0x085E68B0	rom	gItemIcon_PamtreBerry
0x085E6990	rom	gItemIconPalette_PamtreBerry
0x085E69B8	rom	gItemIcon_WatmelBerry
0x085E6AC8	rom	gItemIconPalette_WatmelBerry
0x085E6AEC	rom	gItemIcon_DurinBerry
0x085E6BF0	rom	gItemIconPalette_DurinBerry
0x085E6C14	rom	gItemIcon_BelueBerry
0x085E6CF8	rom	gItemIconPalette_BelueBerry
0x085E6D1C	rom	gItemIcon_LiechiBerry
0x085E6DFC	rom	gItemIconPalette_LiechiBerry
0x085E6E1C	rom	gItemIcon_GanlonBerry
0x085E6EFC	rom	gItemIconPalette_GanlonBerry
0x085E6F1C	rom	gItemIcon_SalacBerry
0x085E7004	rom	gItemIconPalette_SalacBerry
0x085E7024	rom	gItemIcon_PetayaBerry
0x085E711C	rom	gItemIconPalette_PetayaBerry
0x085E7140	rom	gItemIcon_ApicotBerry
0x085E71F8	rom	gItemIconPalette_ApicotBerry
0x085E7220	rom	gItemIcon_LansatBerry
0x085E7300	rom	gItemIconPalette_LansatBerry
0x085E7324	rom	gItemIcon_StarfBerry
0x085E73F4	rom	gItemIconPalette_StarfBerry
0x085E7418	rom	gItemIcon_EnigmaBerry
0x085E74E4	rom	gItemIconPalette_EnigmaBerry
0x085E7504	rom	gItemIcon_BrightPowder
0x085E75C0	rom	gItemIconPalette_BrightPowder
0x085E75E0	rom	gItemIcon_InBattleHerb
0x085E768C	rom	gItemIconPalette_WhiteHerb
0x085E76AC	rom	gItemIcon_MachoBrace
0x085E7798	rom	gItemIconPalette_MachoBrace
0x085E77C0	rom	gItemIcon_ExpShare
0x085E78AC	rom	gItemIconPalette_ExpShare
0x085E78D4	rom	gItemIcon_QuickClaw
0x085E796C	rom	gItemIconPalette_QuickClaw
0x085E798C	rom	gItemIcon_SootheBell
0x085E7A50	rom	gItemIconPalette_SootheBell
0x085E7A74	rom	gItemIconPalette_MentalHerb
0x085E7A94	rom	gItemIcon_ChoiceBand
0x085E7B80	rom	gItemIconPalette_ChoiceBand
0x085E7BA8	rom	gItemIcon_KingsRock
0x085E7C98	rom	gItemIconPalette_KingsRock
0x085E7CB4	rom	gItemIcon_SilverPowder
0x085E7D40	rom	gItemIconPalette_SilverPowder
0x085E7D64	rom	gItemIcon_AmuletCoin
0x085E7DFC	rom	gItemIconPalette_AmuletCoin
0x085E7E20	rom	gItemIcon_CleanseTag
0x085E7EC4	rom	gItemIconPalette_CleanseTag
0x085E7EE4	rom	gItemIcon_SoulDew
0x085E7F78	rom	gItemIconPalette_SoulDew
0x085E7F98	rom	gItemIcon_DeepSeaTooth
0x085E804C	rom	gItemIconPalette_DeepSeaTooth
0x085E8070	rom	gItemIcon_DeepSeaScale
0x085E8118	rom	gItemIconPalette_DeepSeaScale
0x085E8138	rom	gItemIcon_SmokeBall
0x085E81F0	rom	gItemIconPalette_SmokeBall
0x085E8214	rom	gItemIcon_Everstone
0x085E82C8	rom	gItemIconPalette_Everstone
0x085E82E4	rom	gItemIcon_FocusBand
0x085E83D4	rom	gItemIconPalette_FocusBand
0x085E83FC	rom	gItemIcon_LuckyEgg
0x085E8484	rom	gItemIconPalette_LuckyEgg
0x085E849C	rom	gItemIcon_ScopeLens
0x085E859C	rom	gItemIconPalette_ScopeLens
0x085E85C4	rom	gItemIcon_MetalCoat
0x085E8680	rom	gItemIconPalette_MetalCoat
0x085E86A0	rom	gItemIcon_Leftovers
0x085E8744	rom	gItemIconPalette_Leftovers
0x085E8768	rom	gItemIcon_DragonScale
0x085E881C	rom	gItemIconPalette_DragonScale
0x085E883C	rom	gItemIcon_LightBall
0x085E88D0	rom	gItemIconPalette_LightBall
0x085E88F4	rom	gItemIcon_SoftSand
0x085E89B0	rom	gItemIconPalette_SoftSand
0x085E89D0	rom	gItemIcon_HardStone
0x085E8A84	rom	gItemIconPalette_HardStone
0x085E8AA8	rom	gItemIcon_MiracleSeed
0x085E8B58	rom	gItemIconPalette_MiracleSeed
0x085E8B74	rom	gItemIcon_BlackGlasses
0x085E8BFC	rom	gItemIconPalette_BlackTypeEnhancingItem
0x085E8C14	rom	gItemIcon_BlackBelt
0x085E8CDC	rom	gItemIcon_Magnet
0x085E8D8C	rom	gItemIconPalette_Magnet
0x085E8DB4	rom	gItemIcon_MysticWater
0x085E8E4C	rom	gItemIconPalette_MysticWater
0x085E8E6C	rom	gItemIcon_SharpBeak
0x085E8F28	rom	gItemIconPalette_SharpBeak
0x085E8F48	rom	gItemIcon_PoisonBarb
0x085E8FD0	rom	gItemIconPalette_PoisonBarb
0x085E8FF0	rom	gItemIcon_NeverMeltIce
0x085E90BC	rom	gItemIconPalette_NeverMeltIce
0x085E90D8	rom	gItemIcon_SpellTag
0x085E9178	rom	gItemIconPalette_SpellTag
0x085E9198	rom	gItemIcon_TwistedSpoon
0x085E9238	rom	gItemIconPalette_TwistedSpoon
0x085E9250	rom	gItemIcon_Charcoal
0x085E9320	rom	gItemIconPalette_Charcoal
0x085E933C	rom	gItemIcon_DragonFang
0x085E93F0	rom	gItemIconPalette_DragonFang
0x085E9410	rom	gItemIcon_SilkScarf
0x085E9518	rom	gItemIconPalette_SilkScarf
0x085E9538	rom	gItemIcon_UpGrade
0x085E95F4	rom	gItemIconPalette_UpGrade
0x085E961C	rom	gItemIcon_ShellBell
0x085E96FC	rom	gItemIcon_SeaIncense
0x085E97E4	rom	gItemIconPalette_SeaIncense
0x085E980C	rom	gItemIcon_LaxIncense
0x085E98F4	rom	gItemIconPalette_LaxIncense
0x085E991C	rom	gItemIcon_LuckyPunch
0x085E99E0	rom	gItemIconPalette_LuckyPunch
0x085E9A00	rom	gItemIcon_MetalPowder
0x085E9AC0	rom	gItemIconPalette_MetalPowder
0x085E9AE4	rom	gItemIcon_ThickClub
0x085E9B78	rom	gItemIconPalette_ThickClub
0x085E9B94	rom	gItemIcon_Stick
0x085E9C34	rom	gItemIconPalette_Stick
0x085E9C58	rom	gItemIcon_Scarf
0x085E9D24	rom	gItemIconPalette_RedScarf
0x085E9D40	rom	gItemIconPalette_BlueScarf
0x085E9D5C	rom	gItemIconPalette_PinkScarf
0x085E9D78	rom	gItemIconPalette_GreenScarf
0x085E9D94	rom	gItemIconPalette_YellowScarf
0x085E9DB0	rom	gItemIcon_MachBike
0x085E9EB8	rom	gItemIconPalette_MachBike
0x085E9EDC	rom	gItemIcon_CoinCase
0x085E9F9C	rom	gItemIconPalette_CoinCase
0x085E9FBC	rom	gItemIcon_Itemfinder
0x085EA078	rom	gItemIconPalette_Itemfinder
0x085EA0A0	rom	gItemIcon_OldRod
0x085EA14C	rom	gItemIconPalette_OldRod
0x085EA170	rom	gItemIcon_GoodRod
0x085EA20C	rom	gItemIconPalette_GoodRod
0x085EA234	rom	gItemIcon_SuperRod
0x085EA2E4	rom	gItemIconPalette_SuperRod
0x085EA30C	rom	gItemIcon_SSTicket
0x085EA3A0	rom	gItemIconPalette_SSTicket
0x085EA3B8	rom	gItemIcon_ContestPass
0x085EA464	rom	gItemIconPalette_ContestPass
0x085EA48C	rom	gItemIcon_WailmerPail
0x085EA558	rom	gItemIconPalette_WailmerPail
0x085EA57C	rom	gItemIcon_DevonGoods
0x085EA624	rom	gItemIconPalette_DevonGoods
0x085EA640	rom	gItemIcon_SootSack
0x085EA718	rom	gItemIconPalette_SootSack
0x085EA740	rom	gItemIcon_BasementKey
0x085EA7E8	rom	gItemIconPalette_OldKey
0x085EA810	rom	gItemIcon_AcroBike
0x085EA90C	rom	gItemIconPalette_AcroBike
0x085EA92C	rom	gItemIcon_PokeblockCase
0x085EAA14	rom	gItemIconPalette_PokeblockCase
0x085EAA3C	rom	gItemIcon_Letter
0x085EAABC	rom	gItemIcon_EonTicket
0x085EAB58	rom	gItemIconPalette_EonTicket
0x085EAB7C	rom	gItemIcon_Orb
0x085EAC34	rom	gItemIconPalette_RedOrb
0x085EAC50	rom	gItemIconPalette_BlueOrb
0x085EAC6C	rom	gItemIcon_Scanner
0x085EAD34	rom	gItemIconPalette_Scanner
0x085EAD58	rom	gItemIcon_GoGoggles
0x085EAE0C	rom	gItemIconPalette_GoGoggles
0x085EAE2C	rom	gItemIcon_Meteorite
0x085EAF0C	rom	gItemIconPalette_Meteorite
0x085EAF2C	rom	gItemIcon_Room1Key
0x085EAFE4	rom	gItemIcon_Room2Key
0x085EB0A0	rom	gItemIcon_Room4Key
0x085EB160	rom	gItemIcon_Room6Key
0x085EB21C	rom	gItemIcon_StorageKey
0x085EB2C4	rom	gItemIcon_RootFossil
0x085EB3D0	rom	gItemIconPalette_HoennFossil
0x085EB3F8	rom	gItemIcon_ClawFossil
0x085EB4E8	rom	gItemIcon_DevonScope
0x085EB5A4	rom	gItemIconPalette_DevonScope
0x085EB5CC	rom	gItemIcon_TMHM
0x085EB6C8	rom	gItemIconPalette_FightingTMHM
0x085EB6F0	rom	gItemIconPalette_DragonTMHM
0x085EB718	rom	gItemIconPalette_WaterTMHM
0x085EB740	rom	gItemIconPalette_PsychicTMHM
0x085EB768	rom	gItemIconPalette_NormalTMHM
0x085EB790	rom	gItemIconPalette_PoisonTMHM
0x085EB7B8	rom	gItemIconPalette_IceTMHM
0x085EB7E0	rom	gItemIconPalette_GrassTMHM
0x085EB808	rom	gItemIconPalette_FireTMHM
0x085EB830	rom	gItemIconPalette_DarkTMHM
0x085EB858	rom	gItemIconPalette_SteelTMHM
0x085EB880	rom	gItemIconPalette_ElectricTMHM
0x085EB8A8	rom	gItemIconPalette_GroundTMHM
0x085EB8D0	rom	gItemIconPalette_GhostTMHM
0x085EB8F8	rom	gItemIconPalette_RockTMHM
0x085EB920	rom	gItemIconPalette_FlyingTMHM
0x085EB948	rom	gItemIcon_OaksParcel
0x085EBA00	rom	gItemIconPalette_OaksParcel
0x085EBA20	rom	gItemIcon_PokeFlute
0x085EBAE4	rom	gItemIconPalette_PokeFlute
0x085EBB0C	rom	gItemIcon_SecretKey
0x085EBBD8	rom	gItemIconPalette_SecretKey
0x085EBC00	rom	gItemIcon_BikeVoucher
0x085EBCA0	rom	gItemIconPalette_BikeVoucher
0x085EBCC0	rom	gItemIcon_GoldTeeth
0x085EBDAC	rom	gItemIconPalette_GoldTeeth
0x085EBDD0	rom	gItemIcon_OldAmber
0x085EBEB0	rom	gItemIconPalette_OldAmber
0x085EBED4	rom	gItemIcon_CardKey
0x085EBF7C	rom	gItemIconPalette_CardKey
0x085EBF9C	rom	gItemIcon_LiftKey
0x085EC058	rom	gItemIconPalette_Key
0x085EC078	rom	gItemIcon_HelixFossil
0x085EC16C	rom	gItemIconPalette_KantoFossil
0x085EC18C	rom	gItemIcon_DomeFossil
0x085EC27C	rom	gItemIcon_SilphScope
0x085EC350	rom	gItemIconPalette_SilphScope
0x085EC374	rom	gItemIcon_Bicycle
0x085EC478	rom	gItemIconPalette_Bicycle
0x085EC498	rom	gItemIcon_TownMap
0x085EC554	rom	gItemIconPalette_TownMap
0x085EC57C	rom	gItemIcon_VSSeeker
0x085EC644	rom	gItemIconPalette_VSSeeker
0x085EC664	rom	gItemIcon_FameChecker
0x085EC71C	rom	gItemIconPalette_FameChecker
0x085EC740	rom	gItemIcon_TMCase
0x085EC804	rom	gItemIconPalette_TMCase
0x085EC82C	rom	gItemIcon_BerryPouch
0x085EC92C	rom	gItemIconPalette_BerryPouch
0x085EC954	rom	gItemIcon_TeachyTV
0x085ECA4C	rom	gItemIconPalette_TeachyTV
0x085ECA74	rom	gItemIcon_TriPass
0x085ECB18	rom	gItemIconPalette_TriPass
0x085ECB38	rom	gItemIcon_RainbowPass
0x085ECBE0	rom	gItemIconPalette_RainbowPass
0x085ECC08	rom	gItemIcon_Tea
0x085ECCD0	rom	gItemIconPalette_Tea
0x085ECCF4	rom	gItemIcon_MysticTicket
0x085ECD8C	rom	gItemIconPalette_MysticTicket
0x085ECDAC	rom	gItemIcon_AuroraTicket
0x085ECE48	rom	gItemIconPalette_AuroraTicket
0x085ECE6C	rom	gItemIcon_PowderJar
0x085ECF0C	rom	gItemIconPalette_PowderJar
0x085ECF34	rom	gItemIconPalette_Ruby
0x085ECF5C	rom	gItemIcon_Gem
0x085ED024	rom	gItemIconPalette_Sapphire
0x085ED04C	rom	gItemIcon_MagmaEmblem
0x085ED120	rom	gItemIconPalette_MagmaEmblem
0x085ED148	rom	gItemIcon_OldSeaMap
0x085ED24C	rom	gItemIconPalette_OldSeaMap
0x085ED274	rom	gItemIcon_LinkBracelet
0x085ED324	rom	gItemIconPalette_LinkBracelet
0x085ED348	rom	gBattleAnimSpritePal_Shock3
0x085ED370	rom	gBattleAnimSpriteGfx_Shock3
0x085ED558	rom	gBattleAnimSpritePal_WhiteFeather
0x085ED574	rom	gBattleAnimSpriteGfx_WhiteFeather
0x085ED69C	rom	gBattleAnimSpritePal_Sparkle6
0x085ED6B4	rom	gBattleAnimSpriteGfx_Sparkle6
0x085ED714	rom	gGhostPalette
0x085ED738	rom	gGhostFrontPic
0x085EDAA0	rom	gFile_graphics_mail_orange_palette_pal
0x085EDAC0	rom	gFile_graphics_mail_harbor_palette_pal
0x085EDAE0	rom	gFile_graphics_mail_glitter_palette_pal
0x085EDB00	rom	gFile_graphics_mail_mech_palette_pal
0x085EDB20	rom	gFile_graphics_mail_wood_palette_pal
0x085EDB40	rom	gFile_graphics_mail_wave_palette_pal
0x085EDB60	rom	gFile_graphics_mail_bead_palette_pal
0x085EDB80	rom	gFile_graphics_mail_shadow_palette_pal
0x085EDBA0	rom	gFile_graphics_mail_tropic_palette_pal
0x085EDBC0	rom	gFile_graphics_mail_dream_palette_pal
0x085EDBE0	rom	gFile_graphics_mail_fab_palette_pal
0x085EDC00	rom	gFile_graphics_mail_retro_palette_pal
0x085EDC20	rom	gFile_graphics_mail_orange_tiles_sheet
0x085EDDC0	rom	gFile_graphics_mail_harbor_tiles_sheet
0x085EDEFC	rom	gFile_graphics_mail_glitter_tiles_sheet
0x085EE10C	rom	gFile_graphics_mail_mech_tiles_sheet
0x085EE1E4	rom	gFile_graphics_mail_wood_tiles_sheet
0x085EE3DC	rom	gFile_graphics_mail_wave_tiles_sheet
0x085EE55C	rom	gFile_graphics_mail_bead_tiles_sheet
0x085EE604	rom	gFile_graphics_mail_shadow_tiles_sheet
0x085EE794	rom	gFile_graphics_mail_tropic_tiles_sheet
0x085EE8D4	rom	gFile_graphics_mail_dream_tiles_sheet
0x085EEA3C	rom	gFile_graphics_mail_fab_tiles_sheet
0x085EEB8C	rom	gFile_graphics_mail_retro_tiles_sheet
0x085EEE2C	rom	gFile_graphics_mail_orange_map_tilemap
0x085EEF04	rom	gFile_graphics_mail_harbor_map_tilemap
0x085EEFE4	rom	gFile_graphics_mail_glitter_map_tilemap
0x085EF0F0	rom	gFile_graphics_mail_mech_map_tilemap
0x085EF1CC	rom	gFile_graphics_mail_wood_map_tilemap
0x085EF2BC	rom	gFile_graphics_mail_wave_map_tilemap
0x085EF39C	rom	gFile_graphics_mail_bead_map_tilemap
0x085EF47C	rom	gFile_graphics_mail_shadow_map_tilemap
0x085EF588	rom	gFile_graphics_mail_tropic_map_tilemap
0x085EF678	rom	gFile_graphics_mail_dream_map_tilemap
0x085EF770	rom	gFile_graphics_mail_fab_map_tilemap
0x085EF888	rom	gFile_graphics_mail_retro_map_tilemap
0x085EF99C	rom	gMenuInfoElements1_Pal
0x085EF9BC	rom	gMenuInfoElements2_Pal
0x085EF9DC	rom	gMenuInfoElements_Gfx
0x085F19DC	rom	gMoveRelearner_Pal
0x085F19FC	rom	gMoveRelearner_Gfx
0x085F1AC4	rom	gMoveRelearner_Tilemap
0x085F1BE4	rom	gNamingScreenKeyboard_Pal
0x085F1C04	rom	gNamingScreenRival_Pal
0x085F1C24	rom	gNamingScreenMenu_Pal
0x085F1CE4	rom	gNamingScreenMenu_Gfx
0x085F1EBC	rom	gNamingScreenBackground_Tilemap
0x085F1F98	rom	gNamingScreenKeyboardUpper_Tilemap
0x085F2058	rom	gNamingScreenKeyboardLower_Tilemap
0x085F2118	rom	gNamingScreenKeyboardSymbols_Tilemap
0x085F21D8	rom	gNamingScreenPageSwapFrame_Gfx
0x085F2458	rom	gNamingScreenBackButton_Gfx
0x085F2638	rom	gNamingScreenOKButton_Gfx
0x085F2818	rom	gNamingScreenPageSwapUpper_Gfx
0x085F28B8	rom	gNamingScreenPageSwapLower_Gfx
0x085F2958	rom	gNamingScreenPageSwapOthers_Gfx
0x085F29F8	rom	gNamingScreenCursor_Gfx
0x085F2A98	rom	gNamingScreenCursorSquished_Gfx
0x085F2B38	rom	gNamingScreenCursorFilled_Gfx
0x085F2BD8	rom	gNamingScreenPageSwapButton_Gfx
0x085F2CD8	rom	gNamingScreenInputArrow_Gfx
0x085F2CF8	rom	gNamingScreenUnderscore_Gfx
0x085F2D18	rom	gTMCaseHM_Gfx
0x085F2D98	rom	gKantoTrainerCardBlue_Pal
0x085F2DF8	rom	gKantoTrainerCard_Gfx
0x085F346C	rom	gHoennTrainerCardGreen_Pal
0x085F34CC	rom	gHoennTrainerCard_Gfx
0x085F398C	rom	gEasyChatWindow_Pal
0x085F39AC	rom	gEasyChatWindow_Gfx
0x085F3A74	rom	gEasyChatWindow_Tilemap
0x085F3B24	rom	gEasyChatButtonWindow_Pal
0x085F3B44	rom	gEasyChatButtonWindow_Gfx
0x085F3D68	rom	gEasyChatMode_Gfx
0x085F4060	rom	gSummaryScreen_Bg_Gfx
0x085F4F10	rom	gSummaryScreen_Bg_Pal
0x085F4FF0	rom	gSummaryScreen_ExpBar_Gfx
0x085F50B8	rom	gSummaryScreen_HpBar_Gfx
0x085F5178	rom	gSummaryScreen_HpExpBar_Pal
0x085F5198	rom	gSummaryScreen_PageInfo_Tilemap
0x085F5350	rom	gSummaryScreen_PageSkills_Tilemap
0x085F5550	rom	gSummaryScreen_PageMoves_Tilemap
0x085F569C	rom	gSummaryScreen_PageMovesInfo_Tilemap
0x085F57CC	rom	gSummaryScreen_PageEgg_Tilemap
0x085F5908	rom	gUnusedRedPalette
0x085F5928	rom	gEasyChatRectangleCursor_Gfx
0x085F5B28	rom	gSummaryScreen_StatusAilmentIcon_Pal
0x085F5B48	rom	gSummaryScreen_StatusAilmentIcon_Gfx
0x085F5D4C	rom	gDexScreen_TopMenuIconPals_AtoZ
0x085F5D6C	rom	gDexScreen_TopMenuIconTiles_AtoZ
0x085F5FD8	rom	gPokeStoragePartyMenu_Pal
0x085F5FF8	rom	gPokeStorageInterface_Pal
0x085F6018	rom	gPokeStorageInterface_NoDisplayMon_Pal
0x085F6038	rom	gPokeStorageMenu_Gfx
0x085F66EC	rom	gPokeStoragePartyMenu_Tilemap
0x085F679C	rom	gMonMarkingsMenu_Pal
0x085F67BC	rom	gMonMarkingsMenu_Gfx
0x085F6ADC	rom	gTradeMenu_Pal
0x085F6B3C	rom	gTradeCursor_Pal
0x085F6B5C	rom	gTradeMenu_Gfx
0x085F7DDC	rom	gTradeCursor_Gfx
0x085F85DC	rom	gTradeUnused_Tilemap
0x085F85FC	rom	gTradeMenu_Tilemap
0x085F8DFC	rom	gTradeMenuMonBox_Tilemap
0x085F8E20	rom	gFameCheckerBgPals
0x085F8E60	rom	gFameCheckerBgTiles
0x085FA300	rom	gFameCheckerBg3Tilemap
0x085FAB00	rom	gFameCheckerBg2Tilemap
0x085FB300	rom	gUnionRoomChat_Bg_Pal
0x085FB320	rom	gUnionRoomChat_Bg_Gfx
0x085FB558	rom	gUnionRoomChat_Bg_Tilemap
0x085FB650	rom	gUnionRoomChat_Icons_Gfx
0x085FB768	rom	gTilesetPalettes_General
0x085FB968	rom	gTilesetTiles_General
0x085FE2AC	rom	gBerryFixGameboy_Pal
0x085FE2EC	rom	gBerryFixGameboy_Gfx
0x085FEF28	rom	gBerryFixGameboy_Tilemap
0x085FF274	rom	gBerryFixGameboyLogo_Pal
0x085FF2D4	rom	gBerryFixGameboyLogo_Gfx
0x085FFD38	rom	gBerryFixGameboyLogo_Tilemap
0x08600038	rom	gBerryFixGbaTransfer_Pal
0x08600078	rom	gBerryFixGbaTransfer_Gfx
0x08600C98	rom	gBerryFixGbaTransfer_Tilemap
0x08600F50	rom	gBerryFixGbaTransferHighlight_Pal
0x08600F90	rom	gBerryFixGbaTransferHighlight_Gfx
0x08601D88	rom	gBerryFixGbaTransferHighlight_Tilemap
0x08602038	rom	gBerryFixGbaTransferError_Pal
0x08602078	rom	gBerryFixGbaTransferError_Gfx
0x08602938	rom	gBerryFixGbaTransferError_Tilemap
0x08602B70	rom	gBerryFixWindow_Pal
0x08602BB0	rom	gBerryFixWindow_Gfx
0x086031F8	rom	gBerryFixWindow_Tilemap
0x08603464	rom	gTilesetPalettes_GenericBuilding1
0x08603664	rom	gTilesetTiles_GenericBuilding1
0x086039F8	rom	gTilesetPalettes_DepartmentStore
0x08603BF8	rom	gTilesetTiles_DepartmentStore
0x08604660	rom	gUnionRoomChat_Panel_Pal
0x08604680	rom	gUnionRoomChat_Panel_Gfx
0x086046DC	rom	gUnionRoomChat_Panel_Tilemap
0x08604788	rom	gCreditsMonPokeball_Pals
0x08604808	rom	gCreditsMonPokeball_Tiles
0x08604F7C	rom	gCreditsMonPokeball_Tilemap
0x08605334	rom	gGraphics_TitleScreen_OlivePal
0x0860550C	rom	gGraphics_TitleScreen_OlivePalSize
0x08605510	rom	gGraphics_TitleScreen_OliveTiles
0x0860CAE4	rom	gGraphics_TitleScreen_GameTitleLogoPals_FR
0x0860CCE4	rom	gGraphics_TitleScreen_GameTitleLogoTiles_FR
0x0860E7B0	rom	gGraphics_TitleScreen_GameTitleLogoMap_FR
0x0860EA08	rom	gGraphics_TitleScreen_BoxArtMonPals_FR
0x0860EA28	rom	gGraphics_TitleScreen_BoxArtMonTiles_FR
0x0860F304	rom	gGraphics_TitleScreen_BoxArtMonMap_FR
0x0860F4B4	rom	gGraphics_TitleScreen_BackgroundPals_FR
0x0860F4D4	rom	gTitleScreen_Slash_Pal_FR
0x0860F4F4	rom	gGraphics_TitleScreen_GameTitleLogoPals_LG
0x0860F6F4	rom	gGraphics_TitleScreen_GameTitleLogoTiles_LG
0x086112B8	rom	gGraphics_TitleScreen_GameTitleLogoMap_LG
0x08611518	rom	gGraphics_TitleScreen_BoxArtMonPals_LG
0x08611538	rom	gGraphics_TitleScreen_BoxArtMonTiles_LG
0x08611F9C	rom	gGraphics_TitleScreen_BoxArtMonMap_LG
0x08612138	rom	gGraphics_TitleScreen_BackgroundPals_LG
0x08612158	rom	gTitleScreen_Slash_Pal_LG
0x08612178	rom	gGraphics_TitleScreen_CopyrightPressStartTiles
0x08612438	rom	gGraphics_TitleScreen_CopyrightPressStartMap
0x0861254C	rom	gTitleScreen_BlankSprite_Tiles
0x086125CC	rom	gCreditsCopyright_Pal
0x086125EC	rom	gCreditsCopyright_Tiles
0x086129A4	rom	gCreditsCopyright_Tilemap
0x08612AA4	rom	gTradeGba_Pal
0x08612AC4	rom	gTradeGba2_Pal
0x08612B24	rom	gTradeGba_Gfx
0x08613F24	rom	sEmptyPal
0x08613F44	rom	gBerryCrush_Crusher_Pal
0x08614064	rom	gBerryCrush_Crusher_Gfx
0x08614B80	rom	gBerryCrush_TextWindows_Tilemap
0x08614BC4	rom	gCableCarBg_Pal
0x08614C44	rom	gCableCar_Pal
0x08614C64	rom	gCableCarBg_Gfx
0x0861663C	rom	gCableCar_Gfx
0x0861693C	rom	gCableCarDoor_Gfx
0x0861696C	rom	gCableCarCable_Gfx
0x08616994	rom	sHof_BgTemplates
0x086169A0	rom	sWindowTemplate
0x086169A8	rom	sTextColors
0x086169B4	rom	sHallOfFame_ConfettiSpriteSheet
0x086169C4	rom	sHallOfFame_ConfettiSpritePalette
0x086169D4	rom	sHallOfFame_MonFullTeamPositions
0x08616A04	rom	sHallOfFame_MonHalfTeamPositions
0x08616A1C	rom	sOamData_Confetti
0x08616A24	rom	sAnimCmd_Frame00
0x08616A2C	rom	sAnimCmd_Frame01
0x08616A34	rom	sAnimCmd_Frame02
0x08616A3C	rom	sAnimCmd_Frame03
0x08616A44	rom	sAnimCmd_Frame04
0x08616A4C	rom	sAnimCmd_Frame05
0x08616A54	rom	sAnimCmd_Frame06
0x08616A5C	rom	sAnimCmd_Frame07
0x08616A64	rom	sAnimCmd_Frame08
0x08616A6C	rom	sAnimCmd_Frame09
0x08616A74	rom	sAnimCmd_Frame10
0x08616A7C	rom	sAnimCmd_Frame11
0x08616A84	rom	sAnimCmd_Frame12
0x08616A8C	rom	sAnimCmd_Frame13
0x08616A94	rom	sAnimCmd_Frame14
0x08616A9C	rom	sAnimCmd_Frame15
0x08616AA4	rom	sAnimCmd_Frame16
0x08616AAC	rom	sSpriteAnimTable_Confetti
0x08616AF0	rom	sSpriteTemplate_Confetti
0x08616B08	rom	sHallOfFame_Pal
0x08616B28	rom	sHallOfFame_Gfx
0x08616CF4	rom	sDummyHofMon
0x08616D08	rom	sUnused
0x08616D50	rom	sSpawnPoints
0x08616DF8	rom	sWhiteoutRespawnHealCenterMapIdxs
0x08616E4C	rom	sWhiteoutRespawnHealerNpcIds
0x08616E64	rom	gHelpMessageWindow_Gfx
0x086170E4	rom	sHelpMessageWindowTemplate
0x086170EC	rom	sHelpMessageTextColors
0x086170F0	rom	sTiles
0x08617210	rom	sPals
0x08617274	rom	sHelpSystemTopicPtrs
0x0861728C	rom	sHelpSystemTopicMouseoverDescriptionPtrs
0x086172A4	rom	sHelpSystemSpecializedQuestionTextPtrs
0x08617358	rom	sHelpSystemSpecializedAnswerTextPtrs
0x0861740C	rom	sHelpSystemMenuTopicTextPtrs
0x086174E0	rom	sHelpSystemHowToUseMenuTextPtrs
0x086175B4	rom	sHelpSystemTermTextPtrs
0x086176B0	rom	sHelpSystemTermDefinitionsTextPtrs
0x086177AC	rom	sHelpSystemGeneralTopicTextPtrs
0x086177CC	rom	sHelpSystemGeneralTopicDescriptionTextPtrs
0x086177EC	rom	sHelpSystemTypeMatchupTextPtrs
0x0861787C	rom	sHelpSystemTypeMatchupDescriptionTextPtrs
0x0861790C	rom	sAboutGame_TitleScreen
0x08617910	rom	sAboutGame_NewGame
0x08617914	rom	sHowTo_NamingScreen
0x08617918	rom	sAboutGame_NamingScreen
0x0861791C	rom	sHowTo_Pokedex
0x08617920	rom	sHowTo_PartyMenu
0x08617928	rom	sTerms_PartyMenu
0x0861792C	rom	sHowTo_PokemonInfo
0x08617930	rom	sTerms_PokemonInfo
0x08617938	rom	sTerms_PokemonSkills
0x08617944	rom	sTerms_PokemonMoves
0x0861794C	rom	sHowTo_Bag
0x08617958	rom	sTerms_Bag
0x0861795C	rom	sHowTo_TrainerCardFront
0x08617960	rom	sTerms_TrainerCardFront
0x08617968	rom	sHowTo_TrainerCardBack
0x0861796C	rom	sHowTo_Save
0x08617970	rom	sTerms_Save
0x08617974	rom	sHowTo_Options
0x08617978	rom	sTerms_Options
0x08617980	rom	sWhatToDo_PlayersHouse
0x08617984	rom	sAboutGame_PlayersHouse
0x0861798C	rom	sWhatToDo_OaksLab
0x08617994	rom	sHowTo_OaksLab
0x086179A8	rom	sTerms_OaksLab
0x086179B0	rom	sWhatToDo_PokeCenter
0x086179BC	rom	sHowTo_PokeCenter
0x086179D4	rom	sTerms_PokeCenter
0x086179DC	rom	sAboutGame_PokeCenter
0x086179E4	rom	sWhatToDo_Mart
0x086179F0	rom	sHowTo_Mart
0x08617A04	rom	sTerms_Mart
0x08617A10	rom	sWhatToDo_Gym
0x08617A18	rom	sHowTo_Gym
0x08617A2C	rom	sTerms_Gym
0x08617A34	rom	sTypeMatchups_Gym
0x08617A58	rom	sWhatToDo_Indoors
0x08617A7C	rom	sHowTo_Indoors
0x08617A90	rom	sTerms_Indoors
0x08617A9C	rom	sWhatToDo_Overworld
0x08617AC0	rom	sHowTo_Overworld
0x08617ACC	rom	sTerms_Overworld
0x08617AD8	rom	sWhatToDo_Dungeon
0x08617AF8	rom	sHowTo_Dungeon
0x08617B04	rom	sTerms_Dungeon
0x08617B10	rom	sWhatToDo_Surfing
0x08617B24	rom	sHowTo_Surfing
0x08617B30	rom	sTerms_Surfing
0x08617B3C	rom	sWhatToDo_WildBattle
0x08617B4C	rom	sHowTo_WildBattle
0x08617B58	rom	sTerms_WildBattle
0x08617B6C	rom	sTypeMatchups_WildBattle
0x08617B90	rom	sWhatToDo_TrainerBattleSingle
0x08617B9C	rom	sHowTo_TrainerBattleSingle
0x08617BA4	rom	sTerms_TrainerBattleSingle
0x08617BB8	rom	sTypeMatchups_TrainerBattleSingle
0x08617BDC	rom	sWhatToDo_TrainerBattleDouble
0x08617BE8	rom	sHowTo_TrainerBattleDouble
0x08617BF0	rom	sTerms_TrainerBattleDouble
0x08617C04	rom	sTypeMatchups_TrainerBattleDouble
0x08617C28	rom	sWhatToDo_SafariBattle
0x08617C2C	rom	sHowTo_SafariBattle
0x08617C34	rom	sTerms_SafariBattle
0x08617C44	rom	sTypeMatchups_SafariBattle
0x08617C68	rom	sHowTo_PC
0x08617C78	rom	sHowTo_BillsPC
0x08617C88	rom	sHowTo_PlayersPCItems
0x08617C98	rom	sHowTo_PlayersPCMailbox
0x08617CA8	rom	sHowTo_PCMisc
0x08617CB8	rom	sHowTo_BedroomPC
0x08617CC0	rom	sHowTo_BedroomPCItems
0x08617CC8	rom	sHowTo_BedroomPCMailbox
0x08617CD0	rom	sTerms_Basic
0x08617CF0	rom	sHowTo_KeySystem
0x08617CF4	rom	sTerms_KeySystem
0x08617CFC	rom	sHowTo_OptionsSubMenu
0x08617D00	rom	sTerms_OptionsSubMenu
0x08617D08	rom	sHowTo_KeySystemSubMenu
0x08617D0C	rom	sTerms_KeySystemSubMenu
0x08617D18	rom	sHelpSystemSubmenuItemLists
0x08618010	rom	sUnused
0x08618810	rom	sHelpSystemContextTopicOrder
0x08618818	rom	sHelpSystemContextTopicFlags
0x08618904	rom	sMartMaps
0x0861892C	rom	sGymMaps
0x08618940	rom	sDungeonMaps
0x08618AAC	rom	sPointillismPoints
0x0861B0F0	rom	sCopyright_Pal
0x0861B110	rom	sCopyright_Gfx
0x0861B374	rom	sCopyright_Map
0x0861B4C0	rom	sGameFreakBg_Pal
0x0861B4E0	rom	sGameFreakBg_Gfx
0x0861B4F8	rom	sGameFreakBg_Map
0x0861B59C	rom	sGameFreakLogo_Pal
0x0861B5BC	rom	sGameFreakText_Gfx
0x0861B788	rom	sGameFreakLogo_Gfx
0x0861B8D4	rom	sStar_Pal
0x0861B8F4	rom	sStar_Gfx
0x0861B94C	rom	sSparkles_Pal
0x0861B96C	rom	sSparklesSmall_Gfx
0x0861B9BC	rom	sSparklesBig_Gfx
0x0861BB64	rom	sPresents_Gfx
0x0861BBC4	rom	sScene1_Grass_Pal
0x0861BBE4	rom	sScene1_Grass_Gfx
0x0861CE78	rom	sScene1_Grass_Map
0x0861D75C	rom	sScene1_Bg_Pal
0x0861D77C	rom	sScene1_Bg_Gfx
0x0861DE0C	rom	sScene1_Bg_Map
0x0861E244	rom	sScene2_Bg_Pal
0x0861E2A4	rom	sScene2_Bg_Gfx
0x0861E720	rom	sScene2_Bg_Map
0x0861E998	rom	sScene2_Plants_Pal
0x0861E9B8	rom	sScene2_Plants_Gfx
0x0861EB6C	rom	sScene2_Plants_Map
0x0861EC34	rom	sGengar_Pal
0x0861EC54	rom	sScene2_GengarClose_Gfx
0x0861F2DC	rom	sScene2_GengarClose_Map
0x0861F4C4	rom	sScene2_NidorinoClose_Pal
0x0861F4E4	rom	sScene2_NidorinoClose_Gfx
0x08620060	rom	sScene2_NidorinoClose_Map
0x086202C0	rom	sScene3_Bg_Pal
0x08620300	rom	sScene3_Bg_Gfx
0x086208E0	rom	sScene3_Bg_Map
0x08620A2C	rom	sScene3_GengarAnim_Gfx
0x08621C28	rom	sScene3_GengarAnim_Map
0x086220FC	rom	sScene2_Gengar_Gfx
0x0862253C	rom	sNidorino_Pal
0x0862255C	rom	sScene2_Nidorino_Gfx
0x086228AC	rom	sScene3_Grass_Pal
0x086228CC	rom	sScene3_Grass_Gfx
0x08622BB0	rom	sScene3_GengarStatic_Gfx
0x08623274	rom	sScene3_Nidorino_Gfx
0x086246C4	rom	sScene3_Swipe_Pal
0x086246E4	rom	sScene3_RecoilDust_Pal
0x08624704	rom	sScene3_Swipe_Gfx
0x08624970	rom	sScene3_RecoilDust_Gfx
0x08624A10	rom	sBgTemplates_GameFreakScene
0x08624A18	rom	sBgTemplates_Scene1
0x08624A20	rom	sBgTemplates_Scene2
0x08624A30	rom	sBgTemplates_Scene3
0x08624A38	rom	sWindowTemplates
0x08624A48	rom	sGengarZoomMatrixAnchors
0x08624A50	rom	sSpriteSheets_GameFreakScene
0x08624A78	rom	sSpritePalettes_GameFreakScene
0x08624A98	rom	sTextSparkleCoords
0x08624ABC	rom	sOam_Star
0x08624AC4	rom	sOam_SparklesSmall
0x08624ACC	rom	sAnim_SparklesSmall_Loop
0x08624AE0	rom	sAnim_SparklesSmall_Once
0x08624AF4	rom	sAnims_SparklesSmall
0x08624AFC	rom	sSpriteTemplate_Star
0x08624B14	rom	sSpriteTemplate_SparklesSmall
0x08624B2C	rom	sOam_SparklesBig
0x08624B34	rom	sAnim_SparklesBig
0x08624B48	rom	sAnims_SparklesBig
0x08624B4C	rom	sSpriteTemplate_SparklesBig
0x08624B64	rom	sOam_GameFreakLogo
0x08624B6C	rom	sSpriteTemplate_GameFreakLogoArt
0x08624B84	rom	sOam_PresentsText
0x08624B8C	rom	sSpriteTemplate_Presents
0x08624BA4	rom	sOam_Scene3_Nidorino
0x08624BAC	rom	sAnim_Scene3_Nidorino_Normal
0x08624BB4	rom	sAnim_Scene3_Nidorino_Cry
0x08624BBC	rom	sAnim_Scene3_Nidorino_Crouch
0x08624BC4	rom	sAnim_Scene3_Nidorino_Hop
0x08624BCC	rom	sAnim_Scene3_Nidorino_Attack
0x08624BD4	rom	sAnims_Scene3_Nidorino
0x08624BE8	rom	sAffineAnim_Scene3_Mons_Normal
0x08624BF8	rom	sAffineAnim_Scene3_Mons_Zoom
0x08624C10	rom	sAffineAnims_Scene3_Mons
0x08624C18	rom	sSpriteTemplate_Scene3_Nidorino
0x08624C30	rom	sOam_Scene2_Mons
0x08624C38	rom	sSpriteTemplate_Scene2_Nidorino
0x08624C50	rom	sSpriteTemplate_Scene2_Gengar
0x08624C68	rom	sOam_Grass
0x08624C70	rom	sAnim_Grass_Static
0x08624C78	rom	sAnim_Grass_Rustle
0x08624C84	rom	sAnims_Grass
0x08624C8C	rom	sSpriteTemplate_Grass
0x08624CA4	rom	sOam_Scene3_Gengar
0x08624CAC	rom	sAnim_Scene3_Gengar_TopLeft
0x08624CB4	rom	sAnim_Scene3_Gengar_TopRight
0x08624CBC	rom	sAnim_Scene3_Gengar_BottomLeft
0x08624CC4	rom	sAnim_Scene3_Gengar_BottomRight
0x08624CCC	rom	sAnims_Scene3_Gengar
0x08624CDC	rom	sSpriteTemplate_Scene3_Gengar
0x08624CF4	rom	sOam_Swipe
0x08624CFC	rom	sAnim_Swipe_Top
0x08624D08	rom	sAnim_Swipe_Bottom
0x08624D14	rom	sAnims_Swipe
0x08624D1C	rom	sSpriteTemplate_GengarSwipe
0x08624D34	rom	sOam_RecoilDust
0x08624D3C	rom	sAnim_RecoilDust
0x08624D50	rom	sAnims_RecoilDust
0x08624D54	rom	sSpriteTemplate_NidorinoRecoilDust
0x08624D6C	rom	sFightSceneSpriteSheets
0x08624DA4	rom	sFightSceneSpritePalettes
0x08624E98	rom	sOamData_Bag
0x08624EA0	rom	sAnim_Bag_OpenPokeBallsPocket
0x08624EAC	rom	sAnim_Bag_OpenItemsPocket
0x08624EB8	rom	sAnim_Bag_OpenKeyItemsPocket
0x08624EC4	rom	sAnim_Bag_OpenMedicinePocket
0x08624ED0	rom	sAnim_Bag_OpenHeldItemsPocket
0x08624EDC	rom	sAnims_Bag
0x08624EF0	rom	sAffineAnim_BagIdle
0x08624F00	rom	sAffineAnim_BagShake
0x08624F28	rom	sAffineAnimTable_Bag
0x08624F30	rom	gSpriteSheet_BagMale
0x08624F38	rom	gSpriteSheet_BagFemale
0x08624F40	rom	gSpritePalette_Bag
0x08624F48	rom	sSpriteTemplate_Bag
0x08624F60	rom	sOamData_SwapLine
0x08624F68	rom	sAnim_SwapLine_Start
0x08624F70	rom	sAnim_SwapLine_Mid
0x08624F78	rom	sAnim_SwapLine_End
0x08624F80	rom	sAnims_SwapLine
0x08624F8C	rom	gBagSwapSpriteSheet
0x08624F94	rom	gBagSwapSpritePalette
0x08624F9C	rom	sSpriteTemplate_SwapLine
0x08624FB4	rom	sOamData_ItemIcon
0x08624FBC	rom	sAnim_ItemIcon
0x08624FC4	rom	sAnims_ItemIcon
0x08624FC8	rom	sSpriteTemplate_ItemIcon
0x08624FE0	rom	sItemIconTable
0x08625BB0	rom	sBgTemplates
0x08625BB8	rom	sPocketNames
0x08625BCC	rom	sItemListTilemap
0x08625D7C	rom	sMenuText_ByName
0x08625D84	rom	sMenuText_ByType
0x08625D8C	rom	sMenuText_ByAmount
0x08625D94	rom	sMenuText_ByNumber
0x08625D9C	rom	sText_NothingToSort
0x08625DB8	rom	sItemMenuContextActions
0x08625E38	rom	sContextMenuItems_Field
0x08625E4C	rom	sContextMenuItems_CheckGiveTossCancel
0x08625E50	rom	sContextMenuItems_GiveIfNotKeyItemPocket
0x08625E58	rom	sContextMenuItems_Open
0x08625E5C	rom	sContextMenuItems_BattleUse
0x08625E60	rom	sContextMenuItems_Cancel
0x08625E64	rom	sItemContextTaskFuncs
0x08625E80	rom	sYesNoMenu_Toss
0x08625E88	rom	sYesNoMenu_Sell
0x08625E90	rom	sListItemTextColor_RegularItem
0x08625E98	rom	sListItemTextColor_TmCase_BerryPouch
0x08625EA0	rom	sPocketSwitchArrowPairTemplate
0x08625EB0	rom	sBlit_SelectButton
0x08625FEC	rom	sText_SortItemsHow
0x08625FFC	rom	sText_Name
0x08626004	rom	sText_Type
0x0862600C	rom	sText_Amount
0x08626014	rom	sText_Number
0x0862601C	rom	sText_ItemsSorted
0x08626030	rom	sSortTypeStrings
0x08626040	rom	sBagMenuSortItems
0x08626044	rom	sBagMenuSortKeyItems
0x08626048	rom	sBagMenuSortPokeBalls
0x0862604C	rom	sBagMenuSortTMBerries
0x08626050	rom	sItemsByType
0x08626344	rom	sFontColorTable
0x08626374	rom	sBgTemplates
0x0862637C	rom	sItemPcSubmenuOptions
0x08626394	rom	sTextColors
0x086263A0	rom	sWindowTemplates
0x086263D8	rom	sSubwindowTemplates
0x08626444	rom	sUnused
0x086265E4	rom	sExitCallbackByItemType
0x0862664C	rom	gItemDescription_ITEM_MASTER_BALL
0x086266A8	rom	gItemDescription_ITEM_ULTRA_BALL
0x086266FC	rom	gItemDescription_ITEM_GREAT_BALL
0x08626754	rom	gItemDescription_ITEM_POKE_BALL
0x086267A0	rom	gItemDescription_ITEM_SAFARI_BALL
0x08626800	rom	gItemDescription_ITEM_NET_BALL
0x08626858	rom	gItemDescription_ITEM_DIVE_BALL
0x086268AC	rom	gItemDescription_ITEM_NEST_BALL
0x086268F4	rom	gItemDescription_ITEM_REPEAT_BALL
0x08626944	rom	gItemDescription_ITEM_TIMER_BALL
0x086269A8	rom	gItemDescription_ITEM_LUXURY_BALL
0x086269F8	rom	gItemDescription_ITEM_PREMIER_BALL
0x08626A48	rom	gItemDescription_ITEM_POTION
0x08626A98	rom	gItemDescription_ITEM_ANTIDOTE
0x08626AD8	rom	gItemDescription_ITEM_BURN_HEAL
0x08626B10	rom	gItemDescription_ITEM_ICE_HEAL
0x08626B48	rom	gItemDescription_ITEM_AWAKENING
0x08626B80	rom	gItemDescription_ITEM_PARALYZE_HEAL
0x08626BBC	rom	gItemDescription_ITEM_FULL_RESTORE
0x08626C10	rom	gItemDescription_ITEM_MAX_POTION
0x08626C58	rom	gItemDescription_ITEM_HYPER_POTION
0x08626CA8	rom	gItemDescription_ITEM_SUPER_POTION
0x08626CF8	rom	gItemDescription_ITEM_FULL_HEAL
0x08626D40	rom	gItemDescription_ITEM_REVIVE
0x08626D94	rom	gItemDescription_ITEM_MAX_REVIVE
0x08626DD4	rom	gItemDescription_ITEM_FRESH_WATER
0x08626E28	rom	gItemDescription_ITEM_SODA_POP
0x08626E6C	rom	gItemDescription_ITEM_LEMONADE
0x08626EB0	rom	gItemDescription_ITEM_MOOMOO_MILK
0x08626EFC	rom	gItemDescription_ITEM_ENERGY_POWDER
0x08626F4C	rom	gItemDescription_ITEM_ENERGY_ROOT
0x08626F94	rom	gItemDescription_ITEM_HEAL_POWDER
0x08626FE4	rom	gItemDescription_ITEM_REVIVAL_HERB
0x08627034	rom	gItemDescription_ITEM_ETHER
0x08627070	rom	gItemDescription_ITEM_MAX_ETHER
0x086270A8	rom	gItemDescription_ITEM_ELIXIR
0x086270E8	rom	gItemDescription_ITEM_MAX_ELIXIR
0x0862711C	rom	gItemDescription_ITEM_LAVA_COOKIE
0x08627170	rom	gItemDescription_ITEM_BLUE_FLUTE
0x086271A4	rom	gItemDescription_ITEM_YELLOW_FLUTE
0x086271E4	rom	gItemDescription_ITEM_RED_FLUTE
0x08627224	rom	gItemDescription_ITEM_BLACK_FLUTE
0x08627274	rom	gItemDescription_ITEM_WHITE_FLUTE
0x086272C4	rom	gItemDescription_ITEM_BERRY_JUICE
0x08627308	rom	gItemDescription_ITEM_SACRED_ASH
0x0862733C	rom	gItemDescription_ITEM_SHOAL_SALT
0x08627388	rom	gItemDescription_ITEM_SHOAL_SHELL
0x086273E0	rom	gItemDescription_ITEM_RED_SHARD
0x0862742C	rom	gItemDescription_ITEM_BLUE_SHARD
0x0862747C	rom	gItemDescription_ITEM_YELLOW_SHARD
0x086274CC	rom	gItemDescription_ITEM_GREEN_SHARD
0x0862751C	rom	gItemDescription_ITEM_HP_UP
0x08627564	rom	gItemDescription_ITEM_PROTEIN
0x086275B4	rom	gItemDescription_ITEM_IRON
0x08627604	rom	gItemDescription_ITEM_CARBOS
0x08627654	rom	gItemDescription_ITEM_CALCIUM
0x086276A4	rom	gItemDescription_ITEM_RARE_CANDY
0x086276F4	rom	gItemDescription_ITEM_PP_UP
0x08627738	rom	gItemDescription_ITEM_ZINC
0x08627788	rom	gItemDescription_ITEM_PP_MAX
0x086277D0	rom	gItemDescription_ITEM_GUARD_SPEC
0x08627824	rom	gItemDescription_ITEM_DIRE_HIT
0x08627880	rom	gItemDescription_ITEM_X_ATTACK
0x086278D4	rom	gItemDescription_ITEM_X_DEFEND
0x0862792C	rom	gItemDescription_ITEM_X_SPEED
0x08627980	rom	gItemDescription_ITEM_X_ACCURACY
0x086279D8	rom	gItemDescription_ITEM_X_SPECIAL
0x08627A30	rom	gItemDescription_ITEM_POKE_DOLL
0x08627A78	rom	gItemDescription_ITEM_FLUFFY_TAIL
0x08627AC0	rom	gItemDescription_ITEM_SUPER_REPEL
0x08627AFC	rom	gItemDescription_ITEM_MAX_REPEL
0x08627B38	rom	gItemDescription_ITEM_ESCAPE_ROPE
0x08627B84	rom	gItemDescription_ITEM_REPEL
0x08627BC0	rom	gItemDescription_ITEM_SUN_STONE
0x08627C18	rom	gItemDescription_ITEM_MOON_STONE
0x08627C78	rom	gItemDescription_ITEM_FIRE_STONE
0x08627CD0	rom	gItemDescription_ITEM_THUNDER_STONE
0x08627D30	rom	gItemDescription_ITEM_WATER_STONE
0x08627D8C	rom	gItemDescription_ITEM_LEAF_STONE
0x08627DE4	rom	gItemDescription_ITEM_BLACK_AUGURITE
0x08627E28	rom	gItemDescription_ITEM_ICE_STONE
0x08627E84	rom	gItemDescription_ITEM_TINY_MUSHROOM
0x08627ECC	rom	gItemDescription_ITEM_BIG_MUSHROOM
0x08627F10	rom	gItemDescription_ITEM_PEARL
0x08627F6C	rom	gItemDescription_ITEM_BIG_PEARL
0x08627FC8	rom	gItemDescription_ITEM_STARDUST
0x08628014	rom	gItemDescription_ITEM_STAR_PIECE
0x0862806C	rom	gItemDescription_ITEM_NUGGET
0x086280C4	rom	gItemDescription_ITEM_HEART_SCALE
0x08628128	rom	gItemDescription_ITEM_LINK_BRACELET
0x08628188	rom	gItemDescription_ITEM_ORANGE_MAIL
0x086281DC	rom	gItemDescription_ITEM_HARBOR_MAIL
0x0862822C	rom	gItemDescription_ITEM_GLITTER_MAIL
0x0862827C	rom	gItemDescription_ITEM_MECH_MAIL
0x086282D0	rom	gItemDescription_ITEM_WOOD_MAIL
0x08628320	rom	gItemDescription_ITEM_WAVE_MAIL
0x08628370	rom	gItemDescription_ITEM_BEAD_MAIL
0x086283CC	rom	gItemDescription_ITEM_SHADOW_MAIL
0x0862841C	rom	gItemDescription_ITEM_TROPIC_MAIL
0x08628470	rom	gItemDescription_ITEM_DREAM_MAIL
0x086284CC	rom	gItemDescription_ITEM_FAB_MAIL
0x08628524	rom	gItemDescription_ITEM_RETRO_MAIL
0x0862857C	rom	gItemDescription_ITEM_CHERI_BERRY
0x086285C4	rom	gItemDescription_ITEM_CHESTO_BERRY
0x08628604	rom	gItemDescription_ITEM_PECHA_BERRY
0x08628648	rom	gItemDescription_ITEM_RAWST_BERRY
0x0862868C	rom	gItemDescription_ITEM_ASPEAR_BERRY
0x086286D0	rom	gItemDescription_ITEM_LEPPA_BERRY
0x08628714	rom	gItemDescription_ITEM_ORAN_BERRY
0x08628758	rom	gItemDescription_ITEM_PERSIM_BERRY
0x086287A0	rom	gItemDescription_ITEM_LUM_BERRY
0x086287E8	rom	gItemDescription_ITEM_SITRUS_BERRY
0x0862882C	rom	gItemDescription_ITEM_FIGY_BERRY
0x0862886C	rom	gItemDescription_ITEM_WIKI_BERRY
0x086288AC	rom	gItemDescription_ITEM_MAGO_BERRY
0x086288EC	rom	gItemDescription_ITEM_AGUAV_BERRY
0x0862892C	rom	gItemDescription_ITEM_IAPAPA_BERRY
0x0862896C	rom	gItemDescription_ITEM_RAZZ_BERRY
0x086289AC	rom	gItemDescription_ITEM_BLUK_BERRY
0x086289EC	rom	gItemDescription_ITEM_NANAB_BERRY
0x08628A2C	rom	gItemDescription_ITEM_WEPEAR_BERRY
0x08628A6C	rom	gItemDescription_ITEM_PINAP_BERRY
0x08628AAC	rom	gItemDescription_ITEM_POMEG_BERRY
0x08628ADC	rom	gItemDescription_ITEM_KELPSY_BERRY
0x08628B10	rom	gItemDescription_ITEM_QUALOT_BERRY
0x08628B44	rom	gItemDescription_ITEM_HONDEW_BERRY
0x08628B78	rom	gItemDescription_ITEM_GREPA_BERRY
0x08628BAC	rom	gItemDescription_ITEM_TAMATO_BERRY
0x08628BDC	rom	gItemDescription_ITEM_CORNN_BERRY
0x08628C1C	rom	gItemDescription_ITEM_MAGOST_BERRY
0x08628C5C	rom	gItemDescription_ITEM_RABUTA_BERRY
0x08628C9C	rom	gItemDescription_ITEM_NOMEL_BERRY
0x08628CDC	rom	gItemDescription_ITEM_SPELON_BERRY
0x08628D1C	rom	gItemDescription_ITEM_PAMTRE_BERRY
0x08628D5C	rom	gItemDescription_ITEM_WATMEL_BERRY
0x08628D9C	rom	gItemDescription_ITEM_DURIN_BERRY
0x08628DDC	rom	gItemDescription_ITEM_BELUE_BERRY
0x08628E1C	rom	gItemDescription_ITEM_LIECHI_BERRY
0x08628E5C	rom	gItemDescription_ITEM_GANLON_BERRY
0x08628E9C	rom	gItemDescription_ITEM_SALAC_BERRY
0x08628EDC	rom	gItemDescription_ITEM_PETAYA_BERRY
0x08628F1C	rom	gItemDescription_ITEM_APICOT_BERRY
0x08628F5C	rom	gItemDescription_ITEM_LANSAT_BERRY
0x08628FA4	rom	gItemDescription_ITEM_STARF_BERRY
0x08628FE4	rom	gItemDescription_ITEM_ENIGMA_BERRY
0x08629024	rom	gItemDescription_ITEM_BRIGHT_POWDER
0x08629084	rom	gItemDescription_ITEM_WHITE_HERB
0x086290E8	rom	gItemDescription_ITEM_MACHO_BRACE
0x08629148	rom	gItemDescription_ITEM_EXP_SHARE
0x086291AC	rom	gItemDescription_ITEM_QUICK_CLAW
0x08629210	rom	gItemDescription_ITEM_SOOTHE_BELL
0x0862927C	rom	gItemDescription_ITEM_MENTAL_HERB
0x086292DC	rom	gItemDescription_ITEM_CHOICE_BAND
0x08629338	rom	gItemDescription_ITEM_KINGS_ROCK
0x0862938C	rom	gItemDescription_ITEM_SILVER_POWDER
0x086293EC	rom	gItemDescription_ITEM_AMULET_COIN
0x0862944C	rom	gItemDescription_ITEM_CLEANSE_TAG
0x086294AC	rom	gItemDescription_ITEM_SOUL_DEW
0x08629500	rom	gItemDescription_ITEM_DEEP_SEA_TOOTH
0x08629560	rom	gItemDescription_ITEM_DEEP_SEA_SCALE
0x086295C0	rom	gItemDescription_ITEM_SMOKE_BALL
0x08629620	rom	gItemDescription_ITEM_EVERSTONE
0x08629674	rom	gItemDescription_ITEM_FOCUS_BAND
0x086296D4	rom	gItemDescription_ITEM_LUCKY_EGG
0x0862973C	rom	gItemDescription_ITEM_SCOPE_LENS
0x086297A0	rom	gItemDescription_ITEM_METAL_COAT
0x08629804	rom	gItemDescription_ITEM_LEFTOVERS
0x08629860	rom	gItemDescription_ITEM_DRAGON_SCALE
0x086298A4	rom	gItemDescription_ITEM_LIGHT_BALL
0x08629900	rom	gItemDescription_ITEM_SOFT_SAND
0x08629964	rom	gItemDescription_ITEM_HARD_STONE
0x086299C4	rom	gItemDescription_ITEM_MIRACLE_SEED
0x08629A28	rom	gItemDescription_ITEM_BLACK_GLASSES
0x08629A88	rom	gItemDescription_ITEM_BLACK_BELT
0x08629AE4	rom	gItemDescription_ITEM_MAGNET
0x08629B48	rom	gItemDescription_ITEM_MYSTIC_WATER
0x08629BAC	rom	gItemDescription_ITEM_SHARP_BEAK
0x08629C0C	rom	gItemDescription_ITEM_POISON_BARB
0x08629C74	rom	gItemDescription_ITEM_NEVER_MELT_ICE
0x08629CD0	rom	gItemDescription_ITEM_SPELL_TAG
0x08629D28	rom	gItemDescription_ITEM_TWISTED_SPOON
0x08629D8C	rom	gItemDescription_ITEM_CHARCOAL
0x08629DEC	rom	gItemDescription_ITEM_DRAGON_FANG
0x08629E50	rom	gItemDescription_ITEM_SILK_SCARF
0x08629EB0	rom	gItemDescription_ITEM_UP_GRADE
0x08629EFC	rom	gItemDescription_ITEM_SHELL_BELL
0x08629F58	rom	gItemDescription_ITEM_SEA_INCENSE
0x08629FAC	rom	gItemDescription_ITEM_LAX_INCENSE
0x0862A004	rom	gItemDescription_ITEM_LUCKY_PUNCH
0x0862A050	rom	gItemDescription_ITEM_METAL_POWDER
0x0862A09C	rom	gItemDescription_ITEM_THICK_CLUB
0x0862A0F4	rom	gItemDescription_ITEM_STICK
0x0862A14C	rom	gItemDescription_ITEM_RED_SCARF
0x0862A1AC	rom	gItemDescription_ITEM_BLUE_SCARF
0x0862A20C	rom	gItemDescription_ITEM_PINK_SCARF
0x0862A26C	rom	gItemDescription_ITEM_GREEN_SCARF
0x0862A2CC	rom	gItemDescription_ITEM_YELLOW_SCARF
0x0862A32C	rom	gItemDescription_ITEM_MACH_BIKE
0x0862A36C	rom	gItemDescription_ITEM_COIN_CASE
0x0862A3C0	rom	gItemDescription_ITEM_ITEMFINDER
0x0862A428	rom	gItemDescription_ITEM_OLD_ROD
0x0862A480	rom	gItemDescription_ITEM_GOOD_ROD
0x0862A4D8	rom	gItemDescription_ITEM_SUPER_ROD
0x0862A534	rom	gItemDescription_ITEM_SS_TICKET
0x0862A590	rom	gItemDescription_ITEM_CONTEST_PASS
0x0862A5EC	rom	gItemDescription_ITEM_WAILMER_PAIL
0x0862A644	rom	gItemDescription_ITEM_DEVON_GOODS
0x0862A69C	rom	gItemDescription_ITEM_SOOT_SACK
0x0862A6EC	rom	gItemDescription_ITEM_BASEMENT_KEY
0x0862A734	rom	gItemDescription_ITEM_ACRO_BIKE
0x0862A77C	rom	gItemDescription_ITEM_POKEBLOCK_CASE
0x0862A7D4	rom	gItemDescription_ITEM_LETTER
0x0862A82C	rom	gItemDescription_ITEM_EON_TICKET
0x0862A89C	rom	gItemDescription_ITEM_RED_ORB
0x0862A8F4	rom	gItemDescription_ITEM_BLUE_ORB
0x0862A94C	rom	gItemDescription_ITEM_SCANNER
0x0862A99C	rom	gItemDescription_ITEM_GO_GOGGLES
0x0862A9FC	rom	gItemDescription_ITEM_METEORITE
0x0862AA50	rom	gItemDescription_ITEM_ROOM_1_KEY
0x0862AAB4	rom	gItemDescription_ITEM_ROOM_2_KEY
0x0862AB18	rom	gItemDescription_ITEM_ROOM_4_KEY
0x0862AB7C	rom	gItemDescription_ITEM_ROOM_6_KEY
0x0862ABE0	rom	gItemDescription_ITEM_STORAGE_KEY
0x0862AC40	rom	gItemDescription_ITEM_ROOT_FOSSIL
0x0862AC9C	rom	gItemDescription_ITEM_CLAW_FOSSIL
0x0862ACF4	rom	gItemDescription_ITEM_DEVON_SCOPE
0x0862AD50	rom	gItemDescription_ITEM_TM01
0x0862ADB4	rom	gItemDescription_ITEM_TM02
0x0862ADFC	rom	gItemDescription_ITEM_TM03
0x0862AE4C	rom	gItemDescription_ITEM_TM04
0x0862AEA4	rom	gItemDescription_ITEM_TM05
0x0862AF04	rom	gItemDescription_ITEM_TM06
0x0862AF58	rom	gItemDescription_ITEM_TM07
0x0862AFBC	rom	gItemDescription_ITEM_TM08
0x0862B018	rom	gItemDescription_ITEM_TM09
0x0862B074	rom	gItemDescription_ITEM_TM10
0x0862B0C4	rom	gItemDescription_ITEM_TM11
0x0862B124	rom	gItemDescription_ITEM_TM12
0x0862B178	rom	gItemDescription_ITEM_TM13
0x0862B1C0	rom	gItemDescription_ITEM_TM14
0x0862B218	rom	gItemDescription_ITEM_TM15
0x0862B27C	rom	gItemDescription_ITEM_TM16
0x0862B2D0	rom	gItemDescription_ITEM_TM17
0x0862B338	rom	gItemDescription_ITEM_TM18
0x0862B394	rom	gItemDescription_ITEM_TM19
0x0862B3F4	rom	gItemDescription_ITEM_TM20
0x0862B444	rom	gItemDescription_ITEM_TM21
0x0862B494	rom	gItemDescription_ITEM_TM22
0x0862B500	rom	gItemDescription_ITEM_TM23
0x0862B558	rom	gItemDescription_ITEM_TM24
0x0862B5A8	rom	gItemDescription_ITEM_TM25
0x0862B5EC	rom	gItemDescription_ITEM_TM26
0x0862B63C	rom	gItemDescription_ITEM_TM27
0x0862B68C	rom	gItemDescription_ITEM_TM28
0x0862B6F0	rom	gItemDescription_ITEM_TM29
0x0862B750	rom	gItemDescription_ITEM_TM30
0x0862B7A4	rom	gItemDescription_ITEM_TM31
0x0862B808	rom	gItemDescription_ITEM_TM32
0x0862B864	rom	gItemDescription_ITEM_TM33
0x0862B8C8	rom	gItemDescription_ITEM_TM34
0x0862B91C	rom	gItemDescription_ITEM_TM35
0x0862B970	rom	gItemDescription_ITEM_TM36
0x0862B9C4	rom	gItemDescription_ITEM_TM37
0x0862BA28	rom	gItemDescription_ITEM_TM38
0x0862BA7C	rom	gItemDescription_ITEM_TM39
0x0862BAD0	rom	gItemDescription_ITEM_TM40
0x0862BB18	rom	gItemDescription_ITEM_TM41
0x0862BB78	rom	gItemDescription_ITEM_TM42
0x0862BBD4	rom	gItemDescription_ITEM_TM43
0x0862BC28	rom	gItemDescription_ITEM_TM44
0x0862BC8C	rom	gItemDescription_ITEM_TM45
0x0862BCE8	rom	gItemDescription_ITEM_TM46
0x0862BD34	rom	gItemDescription_ITEM_TM47
0x0862BD88	rom	gItemDescription_ITEM_TM48
0x0862BDE4	rom	gItemDescription_ITEM_TM49
0x0862BE48	rom	gItemDescription_ITEM_TM50
0x0862BEB0	rom	gItemDescription_ITEM_HM01
0x0862BF1C	rom	gItemDescription_ITEM_HM02
0x0862BF84	rom	gItemDescription_ITEM_HM03
0x0862BFE4	rom	gItemDescription_ITEM_HM04
0x0862C04C	rom	gItemDescription_ITEM_HM05
0x0862C0AC	rom	gItemDescription_ITEM_HM06
0x0862C100	rom	gItemDescription_ITEM_HM07
0x0862C150	rom	gItemDescription_ITEM_HM08
0x0862C1B8	rom	gItemDescription_ITEM_OAKS_PARCEL
0x0862C204	rom	gItemDescription_ITEM_POKE_FLUTE
0x0862C250	rom	gItemDescription_ITEM_SECRET_KEY
0x0862C2A0	rom	gItemDescription_ITEM_BIKE_VOUCHER
0x0862C2F4	rom	gItemDescription_ITEM_GOLD_TEETH
0x0862C348	rom	gItemDescription_ITEM_OLD_AMBER
0x0862C3AC	rom	gItemDescription_ITEM_CARD_KEY
0x0862C3FC	rom	gItemDescription_ITEM_LIFT_KEY
0x0862C458	rom	gItemDescription_ITEM_HELIX_FOSSIL
0x0862C4B4	rom	gItemDescription_ITEM_DOME_FOSSIL
0x0862C50C	rom	gItemDescription_ITEM_SILPH_SCOPE
0x0862C554	rom	gItemDescription_ITEM_BICYCLE
0x0862C59C	rom	gItemDescription_ITEM_TOWN_MAP
0x0862C5F4	rom	gItemDescription_ITEM_VS_SEEKER
0x0862C650	rom	gItemDescription_ITEM_FAME_CHECKER
0x0862C6A4	rom	gItemDescription_ITEM_TM_CASE
0x0862C700	rom	gItemDescription_ITEM_BERRY_POUCH
0x0862C75C	rom	gItemDescription_ITEM_TEACHY_TV
0x0862C7B0	rom	gItemDescription_ITEM_TRI_PASS
0x0862C80C	rom	gItemDescription_ITEM_RAINBOW_PASS
0x0862C86C	rom	gItemDescription_ITEM_TEA
0x0862C8BC	rom	gItemDescription_ITEM_MYSTIC_TICKET
0x0862C910	rom	gItemDescription_ITEM_AURORA_TICKET
0x0862C95C	rom	gItemDescription_ITEM_POWDER_JAR
0x0862C998	rom	gItemDescription_ITEM_RUBY
0x0862C9E4	rom	gItemDescription_ITEM_SAPPHIRE
0x0862CA30	rom	gItemDescription_ITEM_MAGMA_EMBLEM
0x0862CA6C	rom	gItemDescription_ITEM_OLD_SEA_MAP
0x0862CAC0	rom	gItemDescription_ITEM_NONE
0x0862CAC8	rom	gItems
0x08630C5C	rom	sArrowAndStarSpriteTiles
0x08630EDC	rom	sArrowAnim0
0x08630EE4	rom	sArrowAnim1
0x08630EEC	rom	sArrowAnim2
0x08630EF4	rom	sArrowAnim3
0x08630EFC	rom	sStarAnim
0x08630F04	rom	sArrowAndStarSpriteAnimTable
0x08630F18	rom	sArrowAndStarSpriteOamData
0x08630F20	rom	sAffineAnim_Left
0x08630F30	rom	sAffineAnim_Down
0x08630F40	rom	sAffineAnim_Right
0x08630F50	rom	sAffineAnim_Up
0x08630F60	rom	sArrowAndStarSpriteAffineAnimTable
0x08630F70	rom	sSpriteTemplate_ArrowAndStar
0x08630F88	rom	sArrowAndStarSpriteSheet
0x08630FA4	rom	sKeySystemMenuWinTemplates
0x08630FC4	rom	sKeySystemMenuBgTemplates
0x08630FD0	rom	sKeySystemMenuPalette
0x08630FF0	rom	sKeySystemMenuItemCounts
0x08630FF8	rom	sKeySystemSubMenuItemCounts
0x08631004	rom	sKeySystemMenuItemsNames
0x08631014	rom	sKeySystemSubMenuItemsNames
0x0863102C	rom	sVersionOptions
0x08631030	rom	sDifficultyOptions
0x0863103C	rom	sAdvancedOptions
0x08631040	rom	sNuzlockeOptions
0x08631048	rom	sIVCalcOptions
0x08631054	rom	sEVCalcOptions
0x0863105C	rom	sExpModOptions
0x0863106C	rom	sKeySystemMenuPickSwitchCancelTextColor
0x08631070	rom	sKeySystemMenuTextColor
0x086310E8	rom	gText_EasyChatKeyboard_ABCDEFothers
0x0863110C	rom	gText_EasyChatKeyboard_GHIJKL
0x08631128	rom	gText_EasyChatKeyboard_MNOPQRS
0x0863114C	rom	gText_EasyChatKeyboard_TUVWXYZ
0x08631170	rom	gText_NamingScreenKeyboard_abcdef
0x08631194	rom	gText_NamingScreenKeyboard_ghijkl
0x086311B8	rom	gText_NamingScreenKeyboard_mnopqrs
0x086311DC	rom	gText_NamingScreenKeyboard_tuvwxyz
0x08631200	rom	gText_NamingScreenKeyboard_ABCDEF
0x08631224	rom	gText_NamingScreenKeyboard_GHIJKL
0x08631248	rom	gText_NamingScreenKeyboard_MNOPQRS
0x0863126C	rom	gText_NamingScreenKeyboard_TUVWXYZ
0x08631290	rom	gText_NamingScreenKeyboard_01234
0x086312AC	rom	gText_NamingScreenKeyboard_56789
0x086312C8	rom	gText_NamingScreenKeyboard_Symbols1
0x086312E4	rom	gText_NamingScreenKeyboard_Symbols2
0x08631300	rom	gText_UnionRoomChatKeyboard_ABCDE
0x08631308	rom	gText_UnionRoomChatKeyboard_FGHIJ
0x08631310	rom	gText_UnionRoomChatKeyboard_KLMNO
0x08631318	rom	gText_UnionRoomChatKeyboard_PQRST
0x08631320	rom	gText_UnionRoomChatKeyboard_UVWXY
0x08631328	rom	gText_UnionRoomChatKeyboard_Z
0x08631330	rom	gText_UnionRoomChatKeyboard_01234Upper
0x08631338	rom	gText_UnionRoomChatKeyboard_56789Upper
0x08631340	rom	gText_UnionRoomChatKeyboard_PunctuationUpper
0x08631348	rom	gText_UnionRoomChatKeyboard_SymbolsUpper
0x08631350	rom	gText_UnionRoomChatKeyboard_abcde
0x08631358	rom	gText_UnionRoomChatKeyboard_fghij
0x08631360	rom	gText_UnionRoomChatKeyboard_klmno
0x08631368	rom	gText_UnionRoomChatKeyboard_pqrst
0x08631370	rom	gText_UnionRoomChatKeyboard_uvwxy
0x08631378	rom	gText_UnionRoomChatKeyboard_z
0x08631380	rom	gText_UnionRoomChatKeyboard_01234Lower
0x08631388	rom	gText_UnionRoomChatKeyboard_56789Lower
0x08631390	rom	gText_UnionRoomChatKeyboard_PunctuationLower
0x08631398	rom	gText_UnionRoomChatKeyboard_SymbolsLower
0x086313A0	rom	gText_EmptyTextInput1
0x086313A4	rom	gText_EmptyTextInput2
0x086313A8	rom	gText_EmptyTextInput3
0x086313AC	rom	gText_EmptyTextInput4
0x086313B0	rom	gText_EmptyTextInput5
0x086313B4	rom	gText_EmptyTextInput6
0x086313B8	rom	gText_EmptyTextInput7
0x086313BC	rom	gText_EmptyTextInput8
0x086313C0	rom	gText_UnionRoomChatKeyboard_Emoji1
0x086313CC	rom	gText_UnionRoomChatKeyboard_Emoji2
0x086313D8	rom	gText_UnionRoomChatKeyboard_Emoji3
0x086313E4	rom	gText_UnionRoomChatKeyboard_Emoji4
0x086313F0	rom	gText_UnionRoomChatKeyboard_Emoji5
0x086313FC	rom	gText_UnionRoomChatKeyboard_Emoji6
0x08631408	rom	gText_UnionRoomChatKeyboard_Emoji7
0x08631414	rom	gText_UnionRoomChatKeyboard_Emoji8
0x08631420	rom	gText_UnionRoomChatKeyboard_Emoji9
0x0863142C	rom	gText_UnionRoomChatKeyboard_Emoji10
0x08631434	rom	sLearnMoveInterfaceSpritesPalette
0x08631454	rom	sLearnMoveInterfaceSpritesTiles
0x086315D4	rom	sMoveTutorMenuWindowFrameDimensions
0x086315E0	rom	sSpriteSheet_ListMenuScrollIndicators
0x086315E8	rom	sSpritePalette_ListMenuScrollIndicators
0x086315F0	rom	sOamdata_MoveRelearnerListMenuScrollIndicators
0x086315F8	rom	sAnimCmd_ScrollIndicatorDown
0x08631600	rom	sAnimCmd_ScrollIndicatorUp
0x08631608	rom	sSpriteAnimTable_MoveRelearnerListMenuScrollIndicators
0x08631610	rom	sSpriteTemplate_MoveRelearnerListMenuScrollIndicators
0x08631628	rom	sBgTemplates
0x08631630	rom	sWindowTemplates
0x08631678	rom	sMoveRelearnerYesNoMenuTemplate
0x08631680	rom	sMoveRelearnerListMenuTemplate
0x08631720	rom	llsf_struct
0x08631740	rom	version_string
0x0863174C	rom	str_checkMbootLL
0x08631758	rom	Sio32ConnectionData
0x08631760	rom	Sio32IDLib_Var
0x08631770	rom	sRfuReqConfigTemplate
0x08631788	rom	sAvailSlots
0x08631790	rom	sAllBlocksReceived
0x086317F4	rom	sSlotToLinkPlayerTableId
0x08631800	rom	sPlayerBitsToCount
0x08631810	rom	sPlayerBitsToNewChildIdx
0x08631820	rom	sBlockRequests
0x08631848	rom	sAcceptedSerialNos
0x08631850	rom	sASCII_RfuCmds
0x086318F8	rom	sASCII_RecoverCmds
0x08631948	rom	sShutdownTasks
0x086319EC	rom	sASCII_PokemonSioInfo
0x086319FC	rom	sText_Akito
0x08631A04	rom	sASCII_LinkLossDisconnect
0x08631A1C	rom	sASCII_LinkLossRecoveryNow
0x08631A34	rom	sASCII_30Spaces
0x08631A54	rom	sASCII_15Spaces
0x08631A64	rom	sASCII_8Spaces
0x08631A70	rom	sASCII_Space
0x08631A74	rom	sASCII_Asterisk
0x08631A78	rom	sASCII_NowSlot
0x08631A80	rom	sASCII_ClockCmds
0x08631ABC	rom	sASCII_ChildParentSearch
0x08631D90	rom	sWirelessLinkIconPalette
0x08631DB0	rom	sWirelessLinkIconPic
0x08631ED4	rom	sWireless_ASCIItoRSETable
0x08631FD4	rom	sWireless_RSEtoASCIITable
0x086320D4	rom	sWirelessStatusIndicatorOamData
0x086320DC	rom	sWirelessStatusIndicator_3Bars
0x086320F8	rom	sWirelessStatusIndicator_2Bars
0x0863210C	rom	sWirelessStatusIndicator_1Bar
0x08632118	rom	sWirelessStatusIndicator_Searching
0x08632124	rom	sWirelessStatusIndicator_Error
0x08632130	rom	sWirelessStatusIndicatorAnims
0x08632144	rom	sWirelessStatusIndicatorSpriteSheet
0x0863214C	rom	sWirelessStatusIndicatorSpritePalette
0x08632154	rom	sWirelessStatusIndicatorSpriteTemplate
0x0863216C	rom	sWirelessLinkDisplayPal
0x0863218C	rom	sWirelessLinkDisplayGfx
0x08632634	rom	sWirelessLinkDisplayTilemap
0x08632820	rom	sLinkTestFontPal
0x08632840	rom	sLinkTestFontGfx
0x08634840	rom	sBlockRequests
0x08634868	rom	sASCIIGameFreakInc
0x08634878	rom	sASCIITestPrint
0x08634890	rom	sLinkErrorBgTemplates
0x08634898	rom	sLinkErrorWindowTemplates
0x086348B8	rom	sLinkErrorTextColor
0x086348D0	rom	sMenuInfoIcons
0x086349B8	rom	gMPlayJumpTableTemplate
0x08634A48	rom	gDeltaEncodingTable
0x08634A58	rom	gScaleTable
0x08634B0C	rom	gFreqTable
0x08634B3C	rom	gPcmSamplesPerVBlankTable
0x08634B54	rom	gCgbScaleTable
0x08634BD8	rom	gCgbFreqTable
0x08634BF0	rom	gNoiseTable
0x08634C2C	rom	gCgb3Vol
0x08634C3C	rom	gClockTable
0x08634C70	rom	gPokemonCrySongTemplate
0x08634CA4	rom	gXcmdTable
0x08634CDC	rom	sBgTemplates
0x08634CE8	rom	sWindowTemplates
0x08634D00	rom	sTextColor
0x08634D04	rom	sGenderPals
0x08634D0C	rom	sGfxHeaders
0x08634DFC	rom	sLayout_3x3
0x08634E08	rom	sMessageLayouts_3x3
0x08634E98	rom	sLayout_5x2
0x08634EAC	rom	sMessageLayouts_5x2
0x08634F88	rom	sWindowTemplates
0x08634FA0	rom	sTextColor
0x08634FA4	rom	sString_Dummy
0x08634FA8	rom	sString_Dummy
0x08634FAC	rom	sString_Newline
0x08634FB0	rom	sWindowTemplate
0x08635000	rom	sBg_Pal
0x08635020	rom	sTextbox_Pal
0x08635040	rom	sTextColor1
0x08635044	rom	sTextColor2
0x08635048	rom	sBgTemplate
0x0863504C	rom	sMenuCursorYMax
0x0863507C	rom	sViridianForestMapPreviewPalette
0x086350BC	rom	sViridianForestMapPreviewTiles
0x08636940	rom	sViridianForestMapPreviewTilemap
0x08636D18	rom	sRockTunnelMapPreviewPalette
0x08636D58	rom	sRockTunnelMapPreviewTiles
0x086382FC	rom	sRockTunnelMapPreviewTilemap
0x086386EC	rom	sRocketHideoutMapPreviewPalette
0x0863872C	rom	sRocketHideoutMapPreviewTiles
0x08638F04	rom	sRocketHideoutMapPreviewTilemap
0x08639160	rom	sPowerPlantMapPreviewPalette
0x086391A0	rom	sPowerPlantMapPreviewTiles
0x0863A378	rom	sPowerPlantMapPreviewTilemap
0x0863A72C	rom	sPokemonMansionMapPreviewPalette
0x0863A76C	rom	sPokemonMansionMapPreviewTiles
0x0863C074	rom	sPokemonMansionMapPreviewTilemap
0x0863C450	rom	sPokemonTowerMapPreviewPalette
0x0863C490	rom	sPokemonTowerMapPreviewTiles
0x0863D3D4	rom	sPokemonTowerMapPreviewTilemap
0x0863D6E8	rom	sSilphCoMapPreviewPalette
0x0863D728	rom	sSilphCoMapPreviewTiles
0x0863E904	rom	sSilphCoMapPreviewTilemap
0x0863ECA4	rom	sMtMoonMapPreviewPalette
0x0863ECE4	rom	sMtMoonMapPreviewTiles
0x08640610	rom	sMtMoonMapPreviewTilemap
0x086409A8	rom	sSeafoamIslandsMapPreviewPalette
0x086409E8	rom	sSeafoamIslandsMapPreviewTiles
0x08641F10	rom	sSeafoamIslandsMapPreviewTilemap
0x08642308	rom	sRocketWarehouseMapPreviewPalette
0x08642348	rom	sRocketWarehouseMapPreviewTiles
0x08642C70	rom	sRocketWarehouseMapPreviewTilemap
0x08642F2C	rom	sVictoryRoadMapPreviewPalette
0x08642F6C	rom	sVictoryRoadMapPreviewTiles
0x08644688	rom	sVictoryRoadMapPreviewTilemap
0x08644A44	rom	sMtEmberMapPreviewPalette
0x08644A84	rom	sMtEmberMapPreviewTiles
0x08646138	rom	sMtEmberMapPreviewTilemap
0x086464C4	rom	sSafariZoneMapPreviewPalette
0x08646504	rom	sSafariZoneMapPreviewTiles
0x08647A14	rom	sSafariZoneMapPreviewTilemap
0x08647D74	rom	sMoneanChamberMapPreviewPalette
0x08647DB4	rom	sMoneanChamberMapPreviewTiles
0x08649270	rom	sMoneanChamberMapPreviewTilemap
0x086495CC	rom	sDottedHoleMapPreviewPalette
0x0864960C	rom	sDottedHoleMapPreviewTiles
0x0864A86C	rom	sDottedHoleMapPreviewTilemap
0x0864ABB0	rom	sCeruleanCaveMapPreviewPalette
0x0864ABF0	rom	sCeruleanCaveMapPreviewTiles
0x0864BFC0	rom	sCeruleanCaveMapPreviewTilemap
0x0864C3BC	rom	sDiglettsCaveMapPreviewPalette
0x0864C3FC	rom	sDiglettsCaveMapPreviewTiles
0x0864DB28	rom	sDiglettsCaveMapPreviewTilemap
0x0864DF0C	rom	sLostCaveMapPreviewPalette
0x0864DF4C	rom	sLostCaveMapPreviewTiles
0x0864F198	rom	sLostCaveMapPreviewTilemap
0x0864F580	rom	sBerryForestMapPreviewPalette
0x0864F5C0	rom	sBerryForestMapPreviewTiles
0x08650FCC	rom	sBerryForestMapPreviewTilemap
0x086513AC	rom	sIcefallCaveMapPreviewPalette
0x086513EC	rom	sIcefallCaveMapPreviewTiles
0x08652AEC	rom	sIcefallCaveMapPreviewTilemap
0x08652ECC	rom	sAlteringCaveMapPreviewPalette
0x08652F0C	rom	sAlteringCaveMapPreviewTiles
0x086541C0	rom	sAlteringCaveMapPreviewTilemap
0x08654590	rom	sMapPreviewScreenData
0x08654750	rom	sMapNameWindow
0x08654758	rom	sMapPreviewBgTemplate
0x08654774	rom	sScrollIndicatorTemplates
0x08654784	rom	sOamData_ScrollArrowIndicator
0x0865478C	rom	sSpriteAnim_ScrollArrowIndicator0
0x08654794	rom	sSpriteAnim_ScrollArrowIndicator1
0x0865479C	rom	sSpriteAnim_ScrollArrowIndicator2
0x086547A4	rom	sSpriteAnim_ScrollArrowIndicator3
0x086547AC	rom	sSpriteAnimTable_ScrollArrowIndicator
0x086547BC	rom	sSpriteTemplate_ScrollArrowIndicator
0x086547D4	rom	sSubsprite_RedOutline1
0x086547D8	rom	sSubsprite_RedOutline2
0x086547DC	rom	sSubsprite_RedOutline3
0x086547E0	rom	sSubsprite_RedOutline4
0x086547E4	rom	sSubsprite_RedOutline5
0x086547E8	rom	sSubsprite_RedOutline6
0x086547EC	rom	sSubsprite_RedOutline7
0x086547F0	rom	sSubsprite_RedOutline8
0x086547F4	rom	sOamData_RedArrowCursor
0x086547FC	rom	sSpriteAnim_RedArrowCursor
0x08654804	rom	sSpriteAnimTable_RedArrowCursor
0x08654808	rom	sSpriteTemplate_RedArrowCursor
0x08654820	rom	sRedArrowPal
0x08654840	rom	sRedArrowOtherGfx
0x086548B0	rom	sSelectorOutlineGfx
0x086548F0	rom	sRedArrowGfx
0x08654934	rom	sTopBarWindowTextColors
0x08654938	rom	sMonSpriteAnchorCoords
0x08655238	rom	sBehaviorSurfable
0x08655328	rom	sTileBitAttributes
0x0865537C	rom	sSpritePal_321Start
0x0865539C	rom	sSpriteSheet_321Start
0x086557F0	rom	sOamData_Numbers
0x086557F8	rom	sOamData_Start
0x08655800	rom	sAnim_Numbers_Three
0x08655808	rom	sAnim_Numbers_Two
0x08655810	rom	sAnim_Numbers_One
0x08655818	rom	sAnimTable_Numbers
0x08655824	rom	sAnim_StartLeft
0x0865582C	rom	sAnim_StartRight
0x08655834	rom	sAnimTable_Start
0x0865583C	rom	sAffineAnim_Numbers_0
0x0865584C	rom	sAffineAnim_Numbers_1
0x08655864	rom	sAffineAnim_Numbers_2
0x08655874	rom	sAffineAnim_Numbers_3
0x08655894	rom	sAffineAnimTable_Numbers
0x086558A4	rom	sMonMarkings_Pal
0x086558C4	rom	sMonMarkings_Gfx
0x086560C4	rom	sUnused
0x086560CC	rom	sOamData_MenuWindow
0x086560D4	rom	sOamData_8x8
0x086560DC	rom	sAnim_Marking_CircleOff
0x086560E4	rom	sAnim_Marking_CircleOn
0x086560EC	rom	sAnim_Marking_SquareOff
0x086560F4	rom	sAnim_Marking_SquareOn
0x086560FC	rom	sAnim_Marking_TriangleOff
0x08656104	rom	sAnim_Marking_TriangleOn
0x0865610C	rom	sAnim_Marking_HeartOff
0x08656114	rom	sAnim_Marking_HeartOn
0x0865611C	rom	sAnim_Cursor
0x08656124	rom	sAnim_OKCancelText
0x0865612C	rom	sAnims_MenuSprite
0x08656154	rom	sAnim_MenuWindow_UpperHalf
0x0865615C	rom	sAnim_MenuWindow_LowerHalf
0x08656164	rom	sAnims_MenuWindow
0x0865616C	rom	sOamData_MarkingCombo
0x08656174	rom	sAnim_MarkingCombo_AllOff
0x0865617C	rom	sAnim_MarkingCombo_Circle
0x08656184	rom	sAnim_MarkingCombo_Square
0x0865618C	rom	sAnim_MarkingCombo_CircleSquare
0x08656194	rom	sAnim_MarkingCombo_Triangle
0x0865619C	rom	sAnim_MarkingCombo_CircleTriangle
0x086561A4	rom	sAnim_MarkingCombo_SquareTriangle
0x086561AC	rom	sAnim_MarkingCombo_CircleSquareTriangle
0x086561B4	rom	sAnim_MarkingCombo_Heart
0x086561BC	rom	sAnim_MarkingCombo_CircleHeart
0x086561C4	rom	sAnim_MarkingCombo_SquareHeart
0x086561CC	rom	sAnim_MarkingCombo_CircleSquareHeart
0x086561D4	rom	sAnim_MarkingCombo_TriangleHeart
0x086561DC	rom	sAnim_MarkingCombo_CircleTriangleHeart
0x086561E4	rom	sAnim_MarkingCombo_SquareTriangleHeart
0x086561EC	rom	sAnim_MarkingCombo_AllOn
0x086561F4	rom	sAnims_MarkingCombo
0x08656234	rom	gMoveDescription_Pound
0x08656274	rom	gMoveDescription_KarateChop
0x086562C0	rom	gMoveDescription_DoubleSlap
0x08656304	rom	gMoveDescription_CometPunch
0x0865634C	rom	gMoveDescription_MegaPunch
0x0865638C	rom	gMoveDescription_PayDay
0x086563D0	rom	gMoveDescription_FirePunch
0x08656418	rom	gMoveDescription_IcePunch
0x0865645C	rom	gMoveDescription_ThunderPunch
0x086564AC	rom	gMoveDescription_Scratch
0x086564DC	rom	gMoveDescription_ViceGrip
0x08656510	rom	gMoveDescription_Guillotine
0x08656558	rom	gMoveDescription_RazorWind
0x086565A8	rom	gMoveDescription_SwordsDance
0x086565EC	rom	gMoveDescription_Cut
0x08656630	rom	gMoveDescription_Gust
0x0865666C	rom	gMoveDescription_WingAttack
0x086566A8	rom	gMoveDescription_Whirlwind
0x086566F4	rom	gMoveDescription_Fly
0x08656740	rom	gMoveDescription_Bind
0x0865678C	rom	gMoveDescription_Slam
0x086567BC	rom	gMoveDescription_VineWhip
0x086567F0	rom	gMoveDescription_Stomp
0x08656830	rom	gMoveDescription_DoubleKick
0x08656870	rom	gMoveDescription_MegaKick
0x086568B0	rom	gMoveDescription_JumpKick
0x086568FC	rom	gMoveDescription_RollingKick
0x0865693C	rom	gMoveDescription_SandAttack
0x08656980	rom	gMoveDescription_Headbutt
0x086569C4	rom	gMoveDescription_HornAttack
0x08656A08	rom	gMoveDescription_FuryAttack
0x08656A4C	rom	gMoveDescription_HornDrill
0x08656A94	rom	gMoveDescription_Tackle
0x08656ADC	rom	gMoveDescription_BodySlam
0x08656B28	rom	gMoveDescription_Wrap
0x08656B70	rom	gMoveDescription_TakeDown
0x08656BB8	rom	gMoveDescription_Thrash
0x08656C00	rom	gMoveDescription_DoubleEdge
0x08656C44	rom	gMoveDescription_TailWhip
0x08656C8C	rom	gMoveDescription_PoisonSting
0x08656CD0	rom	gMoveDescription_Twineedle
0x08656D18	rom	gMoveDescription_PinMissile
0x08656D5C	rom	gMoveDescription_Leer
0x08656DA0	rom	gMoveDescription_Bite
0x08656DE0	rom	gMoveDescription_Growl
0x08656E28	rom	gMoveDescription_Roar
0x08656E74	rom	gMoveDescription_Sing
0x08656EBC	rom	gMoveDescription_Supersonic
0x08656EF8	rom	gMoveDescription_SonicBoom
0x08656F40	rom	gMoveDescription_Disable
0x08656F88	rom	gMoveDescription_Acid
0x08656FD4	rom	gMoveDescription_Ember
0x08657018	rom	gMoveDescription_Flamethrower
0x0865705C	rom	gMoveDescription_Mist
0x086570A4	rom	gMoveDescription_WaterGun
0x086570EC	rom	gMoveDescription_HydroPump
0x08657130	rom	gMoveDescription_Surf
0x0865717C	rom	gMoveDescription_IceBeam
0x086571C0	rom	gMoveDescription_Blizzard
0x08657204	rom	gMoveDescription_Psybeam
0x08657248	rom	gMoveDescription_BubbleBeam
0x08657290	rom	gMoveDescription_AuroraBeam
0x086572D4	rom	gMoveDescription_HyperBeam
0x0865731C	rom	gMoveDescription_Peck
0x08657354	rom	gMoveDescription_DrillPeck
0x08657394	rom	gMoveDescription_Submission
0x086573DC	rom	gMoveDescription_LowKick
0x0865741C	rom	gMoveDescription_Counter
0x08657468	rom	gMoveDescription_SeismicToss
0x086574AC	rom	gMoveDescription_Strength
0x086574F4	rom	gMoveDescription_Absorb
0x08657538	rom	gMoveDescription_MegaDrain
0x08657580	rom	gMoveDescription_LeechSeed
0x086575CC	rom	gMoveDescription_Growth
0x0865760C	rom	gMoveDescription_RazorLeaf
0x08657654	rom	gMoveDescription_SolarBeam
0x0865769C	rom	gMoveDescription_PoisonPowder
0x086576D8	rom	gMoveDescription_StunSpore
0x08657718	rom	gMoveDescription_SleepPowder
0x08657758	rom	gMoveDescription_PetalDance
0x086577A4	rom	gMoveDescription_StringShot
0x086577EC	rom	gMoveDescription_DragonRage
0x08657834	rom	gMoveDescription_FireSpin
0x08657884	rom	gMoveDescription_ThunderShock
0x086578C4	rom	gMoveDescription_Thunderbolt
0x08657908	rom	gMoveDescription_ThunderWave
0x0865794C	rom	gMoveDescription_Thunder
0x08657990	rom	gMoveDescription_RockThrow
0x086579D4	rom	gMoveDescription_Earthquake
0x08657A1C	rom	gMoveDescription_Fissure
0x08657A5C	rom	gMoveDescription_Dig
0x08657AA4	rom	gMoveDescription_Toxic
0x08657AF0	rom	gMoveDescription_Confusion
0x08657B30	rom	gMoveDescription_Psychic
0x08657B78	rom	gMoveDescription_Hypnosis
0x08657BBC	rom	gMoveDescription_Meditate
0x08657C00	rom	gMoveDescription_Agility
0x08657C44	rom	gMoveDescription_QuickAttack
0x08657C88	rom	gMoveDescription_Rage
0x08657CD0	rom	gMoveDescription_Teleport
0x08657D1C	rom	gMoveDescription_NightShade
0x08657D64	rom	gMoveDescription_Mimic
0x08657DB0	rom	gMoveDescription_Screech
0x08657DFC	rom	gMoveDescription_DoubleTeam
0x08657E44	rom	gMoveDescription_Recover
0x08657E94	rom	gMoveDescription_Harden
0x08657EE0	rom	gMoveDescription_Minimize
0x08657F28	rom	gMoveDescription_Smokescreen
0x08657F68	rom	gMoveDescription_ConfuseRay
0x08657FA8	rom	gMoveDescription_Withdraw
0x08657FF4	rom	gMoveDescription_DefenseCurl
0x08658038	rom	gMoveDescription_Barrier
0x08658080	rom	gMoveDescription_LightScreen
0x086580C4	rom	gMoveDescription_Haze
0x08658108	rom	gMoveDescription_Reflect
0x0865814C	rom	gMoveDescription_FocusEnergy
0x08658198	rom	gMoveDescription_Bide
0x086581DC	rom	gMoveDescription_Metronome
0x08658228	rom	gMoveDescription_MirrorMove
0x0865826C	rom	gMoveDescription_SelfDestruct
0x086582B4	rom	gMoveDescription_EggBomb
0x086582FC	rom	gMoveDescription_Lick
0x08658340	rom	gMoveDescription_Smog
0x08658384	rom	gMoveDescription_Sludge
0x086583C4	rom	gMoveDescription_BoneClub
0x08658410	rom	gMoveDescription_FireBlast
0x0865845C	rom	gMoveDescription_Waterfall
0x086584A0	rom	gMoveDescription_Clamp
0x086584EC	rom	gMoveDescription_Swift
0x08658530	rom	gMoveDescription_SkullBash
0x0865857C	rom	gMoveDescription_SpikeCannon
0x086585BC	rom	gMoveDescription_Constrict
0x08658604	rom	gMoveDescription_Amnesia
0x08658638	rom	gMoveDescription_Kinesis
0x08658680	rom	gMoveDescription_SoftBoiled
0x086586CC	rom	gMoveDescription_HiJumpKick
0x08658708	rom	gMoveDescription_Glare
0x08658758	rom	gMoveDescription_DreamEater
0x086587A0	rom	gMoveDescription_PoisonGas
0x086587E8	rom	gMoveDescription_Barrage
0x0865882C	rom	gMoveDescription_LeechLife
0x08658870	rom	gMoveDescription_LovelyKiss
0x086588B8	rom	gMoveDescription_SkyAttack
0x08658904	rom	gMoveDescription_Transform
0x0865894C	rom	gMoveDescription_Bubble
0x08658990	rom	gMoveDescription_DizzyPunch
0x086589D4	rom	gMoveDescription_Spore
0x08658A10	rom	gMoveDescription_Flash
0x08658A5C	rom	gMoveDescription_Psywave
0x08658AA8	rom	gMoveDescription_Splash
0x08658AEC	rom	gMoveDescription_AcidArmor
0x08658B34	rom	gMoveDescription_Crabhammer
0x08658B80	rom	gMoveDescription_Explosion
0x08658BCC	rom	gMoveDescription_FurySwipes
0x08658C0C	rom	gMoveDescription_Bonemerang
0x08658C58	rom	gMoveDescription_Rest
0x08658CA8	rom	gMoveDescription_RockSlide
0x08658CEC	rom	gMoveDescription_HyperFang
0x08658D30	rom	gMoveDescription_Sharpen
0x08658D78	rom	gMoveDescription_Conversion
0x08658DBC	rom	gMoveDescription_TriAttack
0x08658E08	rom	gMoveDescription_SuperFang
0x08658E44	rom	gMoveDescription_Slash
0x08658E8C	rom	gMoveDescription_Substitute
0x08658EC8	rom	gMoveDescription_Struggle
0x08658F10	rom	gMoveDescription_Sketch
0x08658F54	rom	gMoveDescription_TripleKick
0x08658F9C	rom	gMoveDescription_Thief
0x08658FE8	rom	gMoveDescription_SpiderWeb
0x08659030	rom	gMoveDescription_MindReader
0x08659074	rom	gMoveDescription_Nightmare
0x086590C0	rom	gMoveDescription_FlameWheel
0x08659100	rom	gMoveDescription_Snore
0x08659148	rom	gMoveDescription_Curse
0x08659194	rom	gMoveDescription_Flail
0x086591DC	rom	gMoveDescription_Conversion2
0x08659228	rom	gMoveDescription_Aeroblast
0x08659270	rom	gMoveDescription_CottonSpore
0x086592B8	rom	gMoveDescription_Reversal
0x08659300	rom	gMoveDescription_Spite
0x08659340	rom	gMoveDescription_PowderSnow
0x0865937C	rom	gMoveDescription_Protect
0x086593C8	rom	gMoveDescription_MachPunch
0x0865940C	rom	gMoveDescription_ScaryFace
0x08659450	rom	gMoveDescription_FaintAttack
0x08659498	rom	gMoveDescription_SweetKiss
0x086594DC	rom	gMoveDescription_BellyDrum
0x08659520	rom	gMoveDescription_SludgeBomb
0x08659560	rom	gMoveDescription_MudSlap
0x086595AC	rom	gMoveDescription_Octazooka
0x086595F4	rom	gMoveDescription_Spikes
0x08659640	rom	gMoveDescription_ZapCannon
0x0865968C	rom	gMoveDescription_Foresight
0x086596D4	rom	gMoveDescription_DestinyBond
0x08659718	rom	gMoveDescription_PerishSong
0x08659760	rom	gMoveDescription_IcyWind
0x086597A4	rom	gMoveDescription_Detect
0x086597F0	rom	gMoveDescription_BoneRush
0x08659830	rom	gMoveDescription_LockOn
0x08659870	rom	gMoveDescription_Outrage
0x086598B8	rom	gMoveDescription_Sandstorm
0x08659904	rom	gMoveDescription_GigaDrain
0x0865994C	rom	gMoveDescription_Endure
0x08659998	rom	gMoveDescription_Charm
0x086599E4	rom	gMoveDescription_Rollout
0x08659A28	rom	gMoveDescription_FalseSwipe
0x08659A6C	rom	gMoveDescription_Swagger
0x08659AB4	rom	gMoveDescription_MilkDrink
0x08659B00	rom	gMoveDescription_Spark
0x08659B40	rom	gMoveDescription_FuryCutter
0x08659B78	rom	gMoveDescription_SteelWing
0x08659BC4	rom	gMoveDescription_MeanLook
0x08659C08	rom	gMoveDescription_Attract
0x08659C58	rom	gMoveDescription_SleepTalk
0x08659C98	rom	gMoveDescription_HealBell
0x08659CDC	rom	gMoveDescription_Return
0x08659D28	rom	gMoveDescription_Present
0x08659D74	rom	gMoveDescription_Frustration
0x08659DC0	rom	gMoveDescription_Safeguard
0x08659E08	rom	gMoveDescription_PainSplit
0x08659E50	rom	gMoveDescription_SacredFire
0x08659E90	rom	gMoveDescription_Magnitude
0x08659ED8	rom	gMoveDescription_DynamicPunch
0x08659F28	rom	gMoveDescription_Megahorn
0x08659F6C	rom	gMoveDescription_DragonBreath
0x08659FB8	rom	gMoveDescription_BatonPass
0x0865A004	rom	gMoveDescription_Encore
0x0865A050	rom	gMoveDescription_Pursuit
0x0865A09C	rom	gMoveDescription_RapidSpin
0x0865A0E4	rom	gMoveDescription_SweetScent
0x0865A12C	rom	gMoveDescription_IronTail
0x0865A174	rom	gMoveDescription_MetalClaw
0x0865A1C0	rom	gMoveDescription_VitalThrow
0x0865A204	rom	gMoveDescription_MorningSun
0x0865A250	rom	gMoveDescription_Synthesis
0x0865A29C	rom	gMoveDescription_Moonlight
0x0865A2E8	rom	gMoveDescription_HiddenPower
0x0865A32C	rom	gMoveDescription_CrossChop
0x0865A370	rom	gMoveDescription_Twister
0x0865A3B0	rom	gMoveDescription_RainDance
0x0865A3F4	rom	gMoveDescription_SunnyDay
0x0865A430	rom	gMoveDescription_Crunch
0x0865A478	rom	gMoveDescription_MirrorCoat
0x0865A4BC	rom	gMoveDescription_PsychUp
0x0865A508	rom	gMoveDescription_ExtremeSpeed
0x0865A550	rom	gMoveDescription_AncientPower
0x0865A59C	rom	gMoveDescription_ShadowBall
0x0865A5E4	rom	gMoveDescription_FutureSight
0x0865A628	rom	gMoveDescription_RockSmash
0x0865A674	rom	gMoveDescription_Whirlpool
0x0865A6BC	rom	gMoveDescription_BeatUp
0x0865A704	rom	gMoveDescription_FakeOut
0x0865A750	rom	gMoveDescription_Uproar
0x0865A79C	rom	gMoveDescription_Stockpile
0x0865A7E4	rom	gMoveDescription_SpitUp
0x0865A824	rom	gMoveDescription_Swallow
0x0865A864	rom	gMoveDescription_HeatWave
0x0865A8AC	rom	gMoveDescription_Hail
0x0865A8F4	rom	gMoveDescription_Torment
0x0865A944	rom	gMoveDescription_Flatter
0x0865A988	rom	gMoveDescription_WillOWisp
0x0865A9D0	rom	gMoveDescription_Memento
0x0865AA14	rom	gMoveDescription_Facade
0x0865AA5C	rom	gMoveDescription_FocusPunch
0x0865AAA4	rom	gMoveDescription_SmellingSalt
0x0865AAF0	rom	gMoveDescription_FollowMe
0x0865AB38	rom	gMoveDescription_NaturePower
0x0865AB78	rom	gMoveDescription_Charge
0x0865ABB8	rom	gMoveDescription_Taunt
0x0865AC00	rom	gMoveDescription_HelpingHand
0x0865AC40	rom	gMoveDescription_Trick
0x0865AC84	rom	gMoveDescription_RolePlay
0x0865ACC8	rom	gMoveDescription_Wish
0x0865AD10	rom	gMoveDescription_Assist
0x0865AD50	rom	gMoveDescription_Ingrain
0x0865AD98	rom	gMoveDescription_Superpower
0x0865ADE4	rom	gMoveDescription_MagicCoat
0x0865AE28	rom	gMoveDescription_Recycle
0x0865AE5C	rom	gMoveDescription_Revenge
0x0865AEA4	rom	gMoveDescription_BrickBreak
0x0865AEEC	rom	gMoveDescription_Yawn
0x0865AF2C	rom	gMoveDescription_KnockOff
0x0865AF74	rom	gMoveDescription_Endeavor
0x0865AFB4	rom	gMoveDescription_Eruption
0x0865AFF8	rom	gMoveDescription_SkillSwap
0x0865B03C	rom	gMoveDescription_Imprison
0x0865B080	rom	gMoveDescription_Refresh
0x0865B0CC	rom	gMoveDescription_Grudge
0x0865B118	rom	gMoveDescription_Snatch
0x0865B15C	rom	gMoveDescription_SecretPower
0x0865B1A8	rom	gMoveDescription_Dive
0x0865B1EC	rom	gMoveDescription_ArmThrust
0x0865B230	rom	gMoveDescription_Camouflage
0x0865B26C	rom	gMoveDescription_TailGlow
0x0865B2AC	rom	gMoveDescription_LusterPurge
0x0865B2F4	rom	gMoveDescription_MistBall
0x0865B338	rom	gMoveDescription_FeatherDance
0x0865B384	rom	gMoveDescription_TeeterDance
0x0865B3BC	rom	gMoveDescription_BlazeKick
0x0865B404	rom	gMoveDescription_MudSport
0x0865B444	rom	gMoveDescription_IceBall
0x0865B488	rom	gMoveDescription_NeedleArm
0x0865B4C4	rom	gMoveDescription_SlackOff
0x0865B504	rom	gMoveDescription_HyperVoice
0x0865B548	rom	gMoveDescription_PoisonFang
0x0865B590	rom	gMoveDescription_CrushClaw
0x0865B5DC	rom	gMoveDescription_BlastBurn
0x0865B628	rom	gMoveDescription_HydroCannon
0x0865B674	rom	gMoveDescription_MeteorMash
0x0865B6C4	rom	gMoveDescription_Astonish
0x0865B708	rom	gMoveDescription_WeatherBall
0x0865B74C	rom	gMoveDescription_Aromatherapy
0x0865B79C	rom	gMoveDescription_FakeTears
0x0865B7DC	rom	gMoveDescription_AirCutter
0x0865B824	rom	gMoveDescription_Overheat
0x0865B86C	rom	gMoveDescription_OdorSleuth
0x0865B8B4	rom	gMoveDescription_RockTomb
0x0865B900	rom	gMoveDescription_SilverWind
0x0865B94C	rom	gMoveDescription_MetalSound
0x0865B994	rom	gMoveDescription_GrassWhistle
0x0865B9D4	rom	gMoveDescription_Tickle
0x0865BA18	rom	gMoveDescription_CosmicPower
0x0865BA5C	rom	gMoveDescription_WaterSpout
0x0865BAA0	rom	gMoveDescription_SignalBeam
0x0865BAE4	rom	gMoveDescription_ShadowPunch
0x0865BB24	rom	gMoveDescription_Extrasensory
0x0865BB68	rom	gMoveDescription_SkyUppercut
0x0865BBA8	rom	gMoveDescription_SandTomb
0x0865BBF0	rom	gMoveDescription_SheerCold
0x0865BC38	rom	gMoveDescription_MuddyWater
0x0865BC84	rom	gMoveDescription_BulletSeed
0x0865BCCC	rom	gMoveDescription_AerialAce
0x0865BD10	rom	gMoveDescription_IcicleSpear
0x0865BD54	rom	gMoveDescription_IronDefense
0x0865BD9C	rom	gMoveDescription_Block
0x0865BDE4	rom	gMoveDescription_Howl
0x0865BE24	rom	gMoveDescription_DragonClaw
0x0865BE6C	rom	gMoveDescription_FrenzyPlant
0x0865BEBC	rom	gMoveDescription_BulkUp
0x0865BF04	rom	gMoveDescription_Bounce
0x0865BF4C	rom	gMoveDescription_MudShot
0x0865BF90	rom	gMoveDescription_PoisonTail
0x0865BFD8	rom	gMoveDescription_Covet
0x0865C018	rom	gMoveDescription_VoltTackle
0x0865C05C	rom	gMoveDescription_MagicalLeaf
0x0865C09C	rom	gMoveDescription_WaterSport
0x0865C0D8	rom	gMoveDescription_CalmMind
0x0865C11C	rom	gMoveDescription_LeafBlade
0x0865C164	rom	gMoveDescription_DragonDance
0x0865C1AC	rom	gMoveDescription_RockBlast
0x0865C1E8	rom	gMoveDescription_ShockWave
0x0865C22C	rom	gMoveDescription_WaterPulse
0x0865C274	rom	gMoveDescription_DoomDesire
0x0865C2BC	rom	gMoveDescription_PsychoBoost
0x0865C304	rom	gMoveDescription_StoneAxe
0x0865C348	rom	gMoveDescriptionPointers
0x0865C8D4	rom	gText_MysteryGiftBerry
0x0865C908	rom	gText_MysteryGiftBerryTransform
0x0865C934	rom	gText_MysteryGiftBerryObtained
0x0865C95C	rom	gText_MysteryGiftSpecialRibbon
0x0865C990	rom	gText_MysteryGiftNationalDex
0x0865C9C8	rom	gText_MysteryGiftRareWord
0x0865C9E4	rom	gText_MysteryGiftSentOver
0x0865C9F8	rom	gText_MysteryGiftFullParty
0x0865CA28	rom	gText_MysteryGiftNewTrainer
0x0865CA4C	rom	gText_MysteryGiftCantBeUsed
0x0865CAF0	rom	sTextboxBorder_Pal
0x0865CB10	rom	sTextboxBorder_Gfx
0x0865CB40	rom	sBGTemplates
0x0865CB50	rom	sMainWindows
0x0865CB70	rom	sWindowTemplate_YesNoMsg_Wide
0x0865CB78	rom	sWindowTemplate_YesNoMsg
0x0865CB80	rom	sWindowTemplate_GiftSelect
0x0865CB88	rom	sWindowTemplate_ThreeOptions
0x0865CB90	rom	sWindowTemplate_YesNoBox
0x0865CB98	rom	sWindowTemplate_GiftSelect_3Options
0x0865CBA0	rom	sWindowTemplate_GiftSelect_2Options
0x0865CBA8	rom	sWindowTemplate_GiftSelect_1Option
0x0865CBB0	rom	sListMenuItems_CardsOrNews
0x0865CBC8	rom	sListMenuItems_WirelessOrFriend
0x0865CBE0	rom	sListMenuTemplate_ThreeOptions
0x0865CBF8	rom	sListMenuItems_ReceiveSendToss
0x0865CC18	rom	sListMenuItems_ReceiveToss
0x0865CC30	rom	sListMenuItems_ReceiveSend
0x0865CC48	rom	sListMenuItems_Receive
0x0865CC58	rom	sListMenu_ReceiveSendToss
0x0865CC70	rom	sListMenu_ReceiveToss
0x0865CC88	rom	sListMenu_ReceiveSend
0x0865CCA0	rom	sListMenu_Receive
0x0865CCB8	rom	sUnusedMenuTexts
0x0865CCC8	rom	sTextColors_TopMenu
0x0865CCCC	rom	sTextColors_TopMenu_Copy
0x0865CCD0	rom	sMG_Ereader_TextColor_2
0x0865CCD4	rom	sText_Test
0x0865CCD8	rom	sText_EonTicket
0x0865CE5C	rom	sText_CollectedAllStamps
0x0865CE9C	rom	gMysteryGiftClientScript_Init
0x0865CEAC	rom	sClientScript_SendGameData
0x0865CECC	rom	sClientScript_CantAccept
0x0865CEDC	rom	sClientScript_CommError
0x0865CEEC	rom	sClientScript_NothingSent
0x0865CEFC	rom	sClientScript_SaveCard
0x0865CF2C	rom	sClientScript_SaveNews
0x0865CF54	rom	sClientScript_HadNews
0x0865CF64	rom	sClientScript_NewsReceived
0x0865CF74	rom	sClientScript_AskToss
0x0865CF9C	rom	sClientScript_Canceled
0x0865CFAC	rom	sClientScript_HadCard
0x0865CFBC	rom	sClientScript_DynamicSuccess
0x0865CFDC	rom	sServerScript_CantSend
0x0865D00C	rom	sServerScript_CommError
0x0865D03C	rom	sServerScript_ClientCanceledNews
0x0865D06C	rom	sServerScript_HasNews
0x0865D09C	rom	sServerScript_SendNews
0x0865D120	rom	sServerScript_SendCard
0x0865D180	rom	sServerScript_TossPrompt
0x0865D1C8	rom	sServerScript_HasCard
0x0865D1F8	rom	sServerScript_NothingSent
0x0865D228	rom	gMysteryGiftServerScript_SendWonderNews
0x0865D288	rom	gMysteryGiftServerScript_SendWonderCard
0x0865D390	rom	sFuncTable
0x0865D3A4	rom	sTextColorTable
0x0865D3AC	rom	sFooterTextOffsets
0x0865D3B0	rom	sWindowTemplates
0x0865D3C8	rom	sCard0Pal
0x0865D3E8	rom	gCard1Pal
0x0865D408	rom	gCard2Pal
0x0865D428	rom	gCard3Pal
0x0865D448	rom	gCard4Pal
0x0865D468	rom	gCard5Pal
0x0865D488	rom	sCard6Pal
0x0865D4A8	rom	sCard7Pal
0x0865D4C8	rom	sCard0Gfx
0x0865D5C4	rom	sCard0Map
0x0865D6B8	rom	sCard1Gfx
0x0865D7AC	rom	sCard1Map
0x0865D894	rom	sCard2Gfx
0x0865D968	rom	sCard2Map
0x0865DA3C	rom	sCard6Gfx
0x0865DC70	rom	sCard6Map
0x0865DDB8	rom	sCard7Gfx
0x0865DFE8	rom	sCard7Map
0x0865E130	rom	sStampShadowPal0
0x0865E150	rom	sStampShadowPal1
0x0865E170	rom	sStampShadowPal2
0x0865E190	rom	sStampShadowPal3
0x0865E1B0	rom	sStampShadowPal4
0x0865E1D0	rom	sStampShadowPal5
0x0865E1F0	rom	sStampShadowPal6
0x0865E210	rom	sStampShadowPal7
0x0865E230	rom	sStampShadowGfx
0x0865E294	rom	sSpriteSheet_StampShadow
0x0865E29C	rom	sSpritePalettes_StampShadow
0x0865E2DC	rom	sSpriteTemplate_StampShadow
0x0865E2F4	rom	sCardGraphics
0x0865E3B0	rom	sTextColorTable
0x0865E3B8	rom	sWindowTemplates
0x0865E3C8	rom	sArrowsTemplate
0x0865E3D8	rom	sNews0Pal
0x0865E3F8	rom	sNews6Pal
0x0865E418	rom	sNews7Pal
0x0865E438	rom	sNews0Gfx
0x0865E4B8	rom	sNews0Map
0x0865E594	rom	sNews1Gfx
0x0865E5C4	rom	sNews1Map
0x0865E684	rom	sNews2Gfx
0x0865E6F4	rom	sNews2Map
0x0865E7C0	rom	sNews6Gfx
0x0865E850	rom	sNews6Map
0x0865E92C	rom	sNews7Gfx
0x0865E9BC	rom	sNews7Map
0x0865EA98	rom	sNewsGraphics
0x0865EB50	rom	sReceivedGiftFlags
0x0865EBA0	rom	sSubspriteTable_PageSwapFrame
0x0865EBA8	rom	sSubspriteTable_PageSwapText
0x0865EBC0	rom	sSubspriteTable_Button
0x0865EBC8	rom	sSubspriteTable_PCIcon
0x0865EBD0	rom	sSpriteTemplate_PageSwapFrame
0x0865EBE8	rom	sSpriteTemplate_PageSwapButton
0x0865EC00	rom	sSpriteTemplate_PageSwapText
0x0865EC18	rom	sSpriteTemplate_BackButton
0x0865EC30	rom	sSpriteTemplate_OkButton
0x0865EC48	rom	sSpriteTemplate_Cursor
0x0865EC60	rom	sSpriteTemplate_InputArrow
0x0865EC78	rom	sSpriteTemplate_Underscore
0x0865EC90	rom	sSpriteTemplate_PCIcon
0x0865ECA8	rom	sNamingScreenKeyboardText
0x0865ECD8	rom	sSpriteSheets
0x0865ED40	rom	sSpritePalettes
0x0865ED88	rom	sNamingScreenTemplates
0x0865ED9C	rom	sPCIconOff_Gfx
0x0865EE5C	rom	sPCIconOn_Gfx
0x0865EF1C	rom	sRival_Gfx
0x0865F81C	rom	sTransferredToPCMessages
0x0865F82C	rom	sBgTemplates
0x0865F83C	rom	sWindowTemplates
0x0865F86C	rom	sKeyboardChars
0x0865F8CC	rom	sPageColumnCounts
0x0865F8D0	rom	sPageColumnXPos
0x0865F930	rom	sPageToNextGfxId
0x0865F934	rom	sPageToNextKeyboardId
0x0865F938	rom	sPageToKeyboardId
0x0865F93C	rom	sPageSwapAnimStateFuncs
0x0865F94C	rom	sButtonKeyRoles
0x0865F950	rom	sPageSwapSpriteFuncs
0x0865F960	rom	sPageSwapPalTags
0x0865F968	rom	sPageSwapGfxTags
0x0865F970	rom	sIconFunctions
0x0865F984	rom	sAnim_Rival
0x0865F998	rom	sAnims_Rival
0x0865F9AC	rom	sKeyboardKeyHandlers
0x0865F9BC	rom	sInputFuncs
0x0865F9DC	rom	sDrawTextEntryBoxFuncs
0x0865F9F0	rom	sDrawGenderIconFuncs
0x0865F9F8	rom	sGenderColors
0x0865FA00	rom	sTextColorStruct
0x0865FA0C	rom	sFillValues
0x0865FA10	rom	sKeyboardTextColors
0x0865FA1C	rom	sNextKeyboardPageTilemaps
0x0865FA28	rom	sPlayerNamingScreenTemplate
0x0865FA34	rom	sPcBoxNamingScreenTemplate
0x0865FA40	rom	sMonNamingScreenTemplate
0x0865FA4C	rom	sRivalNamingScreenTemplate
0x0865FA58	rom	sOam_8x8
0x0865FA60	rom	sOam_16x16
0x0865FA68	rom	sOam_32x16
0x0865FA70	rom	sSubsprites_PageSwapFrame
0x0865FA90	rom	sSubsprites_PageSwapText
0x0865FA98	rom	sSubsprites_Button
0x0865FAB0	rom	sSubsprites_PCIcon
0x0865FABC	rom	sImageTable_PCIcon
0x0865FACC	rom	sAnim_Loop
0x0865FAD4	rom	sAnim_CursorSquish
0x0865FAE0	rom	sAnim_PCIcon
0x0865FAEC	rom	sAnims_Loop
0x0865FAF0	rom	sAnims_Cursor
0x0865FAF8	rom	sAnims_PCIcon
0x0865FAFC	rom	sUnusedWindow_Gfx
0x0865FD7C	rom	gMenuMessageWindow_Gfx
0x0865FFBC	rom	gStandardMenuPalette
0x0865FFDC	rom	sTextSpeedFrameDelays
0x0865FFE0	rom	sStandardTextBox_WindowTemplates
0x0865FFF0	rom	sYesNo_WindowTemplate
0x0865FFF8	rom	gFontInfos
0x08660058	rom	gMenuCursorDimensions
0x08660088	rom	sOakSpeech_Background_Pals
0x08660108	rom	sControlsGuide_PikachuIntro_Background_Tiles
0x086606C8	rom	sPikachuIntro_Background_Tilemap
0x086607C4	rom	sOakSpeech_Background_Tiles
0x08660808	rom	sOakSpeech_Background_Tilemap
0x086608B4	rom	sControlsGuide_Tilemap_Page2
0x08660954	rom	sControlsGuide_Tilemap_Page3
0x086609F4	rom	sOakSpeech_Leaf_Pal
0x08660A34	rom	sOakSpeech_Leaf_Tiles
0x0866111C	rom	sOakSpeech_Red_Pal
0x0866115C	rom	sOakSpeech_Red_Tiles
0x086617F4	rom	sOakSpeech_Oak_Pal
0x08661834	rom	sOakSpeech_Oak_Tiles
0x08661ECC	rom	sOakSpeech_Rival_Pal
0x08661F0C	rom	sOakSpeech_Rival_Tiles
0x086624F0	rom	sOakSpeech_Platform_Pal
0x08662510	rom	sPikachuIntro_Pikachu_Pal
0x08662530	rom	sOakSpeech_Platform_Gfx
0x08662694	rom	sPikachuIntro_PikachuBody_Gfx
0x08662854	rom	sPikachuIntro_PikachuEars_Gfx
0x08662938	rom	sPikachuIntro_PikachuEyes_Gfx
0x08662978	rom	sBgTemplates
0x08662984	rom	sControlsGuide_WindowTemplate_Page1
0x08662994	rom	sControlsGuide_WindowTemplate_Page2
0x086629B4	rom	sControlsGuide_WindowTemplate_Page3
0x086629D4	rom	sControlsGuide_WindowTemplates
0x086629E0	rom	sIntro_WindowTemplates
0x08662A08	rom	sTextColor_White
0x08662A0C	rom	sTextColor_DarkGray
0x08662A10	rom	sPikachuIntro_Strings
0x08662A1C	rom	sPikachuIntro_Pikachu_SpriteSheets
0x08662A34	rom	sOakSpeech_Platform_SpriteSheet
0x08662A3C	rom	sPikachuIntro_Pikachu_SpritePalette
0x08662A44	rom	sOakSpeech_Platform_SpritePalette
0x08662A4C	rom	sOakSpeech_PlatformLeft_Anim
0x08662A54	rom	sOakSpeech_PlatformMiddle_Anim
0x08662A5C	rom	sOakSpeech_PlatformRight_Anim
0x08662A64	rom	sOakSpeech_PlatformLeft_Anims
0x08662A68	rom	sOakSpeech_PlatformMiddle_Anims
0x08662A6C	rom	sOakSpeech_PlatformRight_Anims
0x08662A70	rom	sOakSpeech_Platform_SpriteTemplates
0x08662AB8	rom	sPikachuIntro_PikachuBody_Anim
0x08662AC4	rom	sPikachuIntro_PikachuEars_Anim
0x08662B04	rom	sPikachuIntro_PikachuEyes_Anim
0x08662B40	rom	sPikachuIntro_PikachuBody_Anims
0x08662B44	rom	sPikachuIntro_PikachuEars_Anims
0x08662B48	rom	sPikachuIntro_PikachuEyes_Anims
0x08662B4C	rom	sPikachuIntro_Pikachu_SpriteTemplates
0x08662B94	rom	sControlsGuide_Pages2And3_Strings
0x08662BAC	rom	sMaleNameChoices_FR
0x08662BF8	rom	sMaleNameChoices_LG
0x08662C44	rom	sFemaleNameChoices_FR
0x08662C90	rom	sFemaleNameChoices_LG
0x08662CDC	rom	sRivalNameChoices_FR
0x08662CEC	rom	sRivalNameChoices_LG
0x08662D5C	rom	sOptionMenuWinTemplates
0x08662D7C	rom	sOptionMenuBgTemplates
0x08662D88	rom	sOptionMenuPalette
0x08662DA8	rom	sOptionMenuItemCounts
0x08662DB8	rom	sOptionSubMenuItemCounts
0x08662DC4	rom	sOptionMenuItemsNames
0x08662DE0	rom	sOptionSubmenuItemsNames
0x08662DF8	rom	sTextSpeedOptions
0x08662E08	rom	sBattleSceneOptions
0x08662E0C	rom	sBattleStyleOptions
0x08662E18	rom	sSoundOptions
0x08662E20	rom	sButtonTypeOptions
0x08662E2C	rom	sBattleTransitionOptions
0x08662E34	rom	sBattleIntroAnimOptions
0x08662E3C	rom	sMoveAnimOptions
0x08662E44	rom	sHpBarAnimSpeedOptions
0x08662E54	rom	sExpBarAnimSpeedOptions
0x08662E5C	rom	sOptionMenuPickSwitchCancelTextColor
0x08662E60	rom	sOptionMenuTextColor
0x08662E64	rom	sOliveBuildVersion
0x08662F04	rom	CSWTCH.2
0x08663194	rom	gAgate_Village
0x086631A4	rom	gDeep_Colosseum
0x086631B4	rom	gLaboratory
0x086631C0	rom	gMayors_House
0x086631D0	rom	gMirors_Hideout
0x086631E4	rom	gOutskirt_Stand
0x086631F4	rom	gPhenac_City
0x08663204	rom	gPyrite_Bldg
0x08663214	rom	gPyrite_Cave
0x08663224	rom	gPyrite_Town
0x08663234	rom	gRealgam_Tower
0x08663244	rom	gRealgamTwr_Dome
0x08663258	rom	gSnagem_Hideout
0x08663268	rom	gThe_Under
0x08663274	rom	gThe_Under_Subway
0x08663288	rom	gTower_Colosseum
0x0866329C	rom	gCave
0x086632A4	rom	gCipher_Key_Lair
0x086632B8	rom	gCipher_Lab
0x086632C4	rom	gCitadark_Isle
0x086632D4	rom	gGateon_Port
0x086632E4	rom	gMt_Battle
0x086632F0	rom	gOasis
0x086632F8	rom	gPokemon_HQ_Lab
0x08663308	rom	gRock
0x08663310	rom	gXD_Eevee_Met_Location
0x0866332C	rom	gColosseum_Starter_Met_Location
0x08663348	rom	gDukings_Plusle
0x0866335C	rom	gXD_Eevee_Met_Location_JP
0x0866337C	rom	gColosseum_Starter_Met_Location_JP
0x0866339C	rom	gDukings_Plusle_JP
0x086633B4	rom	gOtherText_MetDistantLand
0x086633C8	rom	gText_PeculiarEggPokemonBox
0x08663414	rom	gText_Azusa
0x0866341C	rom	sWhiteOutMoneyLossMultipliers
0x08663428	rom	sWhiteOutMoneyLossBadgeFlagIDs
0x08663438	rom	sDummyWarpData
0x08663440	rom	sUnusedData
0x08663460	rom	gDirectionToVectors
0x086634A8	rom	sOverworldBgTemplates
0x086635E8	rom	sLinkPlayerMovementModes
0x086635F4	rom	sLinkPlayerFacingHandlers
0x08663608	rom	sUnusedLinkPlayerFacingHandlers
0x08663620	rom	sMovementStatusHandler
0x086636D8	rom	CSWTCH.420
0x086636E0	rom	sDummyPaletteStructTemplate
0x086636F0	rom	sRoundedDownGrayscaleMap
0x08663710	rom	sTutorMoves
0x08663754	rom	sTutorLearnsets
0x08664434	rom	sPartyMenuBgTemplates
0x08664440	rom	sPartyBoxInfoRects
0x08664480	rom	sPartyMenuSpriteCoords
0x08664540	rom	sConfirmButton_Tilemap
0x0866455C	rom	sCancelButton_Tilemap
0x08664578	rom	sFontColorTable
0x0866458C	rom	sSinglePartyMenuWindowTemplate
0x086645CC	rom	sDoublePartyMenuWindowTemplate
0x0866460C	rom	sMultiPartyMenuWindowTemplate
0x0866464C	rom	sShowcaseMultiPartyMenuWindowTemplate
0x08664684	rom	sCancelButtonWindowTemplate
0x0866468C	rom	sMultiCancelButtonWindowTemplate
0x08664694	rom	sConfirmButtonWindowTemplate
0x0866469C	rom	sDefaultPartyMsgWindowTemplate
0x086646A4	rom	sDoWhatWithMonMsgWindowTemplate
0x086646AC	rom	sDoWhatWithItemMsgWindowTemplate
0x086646B4	rom	sDoWhatWithMailMsgWindowTemplate
0x086646BC	rom	sWhichMoveMsgWindowTemplate
0x086646C4	rom	sItemGiveTakeWindowTemplate
0x086646CC	rom	sMailReadTakeWindowTemplate
0x086646D4	rom	sMoveSelectWindowTemplate
0x086646DC	rom	sPartyMenuYesNoWindowTemplate
0x086646E4	rom	sLevelUpStatsWindowTemplate
0x086646EC	rom	sWindowTemplate_FirstBattleOakVoiceover
0x086646F4	rom	sFieldMoveDescriptionWindowTemplate
0x086646FC	rom	sSlotTilemap_Main
0x08664744	rom	sSlotTilemap_MainNoHP
0x0866478C	rom	sSlotTilemap_Wide
0x086647C4	rom	sSlotTilemap_WideNoHP
0x086647FC	rom	sSlotTilemap_WideEmpty
0x08664834	rom	sGenderPalOffsets
0x08664838	rom	sHPBarPalOffsets
0x0866483C	rom	sPartyBoxPalOffsets1
0x08664840	rom	sPartyBoxPalOffsets2
0x08664844	rom	sGenderMalePalIds
0x08664848	rom	sGenderFemalePalIds
0x0866484C	rom	sHPBarGreenPalIds
0x08664850	rom	sHPBarYellowPalIds
0x08664854	rom	sHPBarRedPalIds
0x08664858	rom	sPartyBoxEmptySlotPalIds1
0x0866485C	rom	sPartyBoxMultiPalIds1
0x08664860	rom	sPartyBoxFaintedPalIds1
0x08664864	rom	sPartyBoxCurrSelectionPalIds1
0x08664868	rom	sPartyBoxCurrSelectionMultiPalIds
0x0866486C	rom	sPartyBoxCurrSelectionFaintedPalIds
0x08664870	rom	sPartyBoxSelectedForActionPalIds1
0x08664874	rom	sPartyBoxEmptySlotPalIds2
0x08664878	rom	sPartyBoxMultiPalIds2
0x0866487C	rom	sPartyBoxFaintedPalIds2
0x08664880	rom	sPartyBoxCurrSelectionPalIds2
0x08664884	rom	sPartyBoxSelectedForActionPalIds2
0x08664888	rom	sActionStringTable
0x086648F4	rom	sDescriptionStringTable
0x0866491C	rom	sFieldMoveDescriptionTable
0x08664950	rom	sHeldItemGfx
0x08664990	rom	sHeldItemPalette
0x086649B0	rom	sOamData_HeldItem
0x086649B8	rom	sSpriteAnim_HeldItem
0x086649C0	rom	sSpriteAnim_HeldMail
0x086649C8	rom	sSpriteAnimTable_HeldItem
0x086649D0	rom	sSpriteSheet_HeldItem
0x086649D8	rom	sSpritePalette_HeldItem
0x086649E0	rom	sSpriteTemplate_HeldItem
0x086649F8	rom	sOamData_MenuPokeball
0x08664A00	rom	sPokeballAnim_Closed
0x08664A08	rom	sPokeballAnim_Open
0x08664A10	rom	sSpriteAnimTable_MenuPokeball
0x08664A18	rom	sSpriteSheet_MenuPokeball
0x08664A20	rom	sSpritePalette_MenuPokeball
0x08664A28	rom	sSpriteTemplate_MenuPokeball
0x08664A40	rom	sOamData_MenuPokeballSmall
0x08664A48	rom	sSmallPokeballAnim_Closed
0x08664A50	rom	sSmallPokeballAnim_Open
0x08664A58	rom	sSmallPokeballAnim_Blank1
0x08664A60	rom	sSmallPokeballAnim_Blank2
0x08664A68	rom	sSmallPokeballAnim_Blank3
0x08664A70	rom	sSmallPokeballAnim_Blank4
0x08664A78	rom	sSpriteAnimTable_MenuPokeballSmall
0x08664A90	rom	sSpriteSheet_MenuPokeballSmall
0x08664A98	rom	sSpriteTemplate_MenuPokeballSmall
0x08664AB0	rom	sOamData_StatusCondition
0x08664AB8	rom	sSpriteAnim_StatusPoison
0x08664AC0	rom	sSpriteAnim_StatusParalyzed
0x08664AC8	rom	sSpriteAnim_StatusSleep
0x08664AD0	rom	sSpriteAnim_StatusFrozen
0x08664AD8	rom	sSpriteAnim_StatusBurn
0x08664AE0	rom	sSpriteAnim_StatusPokerus
0x08664AE8	rom	sSpriteAnim_StatusFaint
0x08664AF0	rom	sSpriteAnim_Blank
0x08664AF8	rom	sSpriteTemplate_StatusCondition
0x08664B18	rom	sSpriteSheet_StatusIcons
0x08664B20	rom	sSpritePalette_StatusIcons
0x08664B28	rom	sSpriteTemplate_StatusIcons
0x08664B40	rom	sMultiBattlePartnersPartyMask
0x08664B48	rom	sCursorOptions
0x08664C40	rom	sPartyMenuAction_SummarySwitchCancel
0x08664C44	rom	sPartyMenuAction_ShiftSummaryCancel
0x08664C48	rom	sPartyMenuAction_SendOutSummaryCancel
0x08664C4C	rom	sPartyMenuAction_SummaryCancel
0x08664C50	rom	sPartyMenuAction_EnterSummaryCancel
0x08664C54	rom	sPartyMenuAction_NoEntrySummaryCancel
0x08664C58	rom	sPartyMenuAction_StoreSummaryCancel
0x08664C5C	rom	sPartyMenuAction_GiveTakeItemCancel
0x08664C60	rom	sPartyMenuAction_ReadTakeMailCancel
0x08664C64	rom	sPartyMenuAction_RegisterSummaryCancel
0x08664C68	rom	sPartyMenuAction_TradeSummaryCancel1
0x08664C6C	rom	sPartyMenuAction_TradeSummaryCancel2
0x08664C70	rom	sPartyMenuActions
0x08664CA4	rom	sPartyMenuActionCounts
0x08664CB4	rom	sFieldMoves
0x08664CD0	rom	sFieldMoveCursorCallbacks
0x08664D38	rom	sUnionRoomTradeMessages
0x08664D5C	rom	sTMHMMoves
0x08664FA8	rom	CSWTCH.517
0x08664FDC	rom	sItemStorageActionDescriptionPtrs
0x08664FE8	rom	sMenuActions_TopMenu
0x08665000	rom	sItemOrder_BedroomPC
0x08665004	rom	sItemOrder_PlayerPC
0x08665008	rom	sMenuActions_ItemPc
0x08665020	rom	gNewGamePCItems
0x08665028	rom	sMenuActions_MailSubmenu
0x08665048	rom	sWindowTemplate_TopMenu_3Items
0x08665050	rom	sWindowTemplate_TopMenu_4Items
0x08665058	rom	sWindowTemplate_ItemStorageSubmenu
0x08665060	rom	gBallSpriteSheets
0x086650C0	rom	gBallSpritePalettes
0x08665120	rom	sBallOamData
0x08665128	rom	sBallAnimSeq3
0x08665130	rom	sBallAnimSeq5
0x08665138	rom	sBallAnimSeq4
0x08665140	rom	sBallAnimSeq6
0x08665148	rom	sBallAnimSeq0
0x08665150	rom	sBallAnimSeq1
0x0866515C	rom	sBallAnimSeq2
0x08665168	rom	sBallAnimSequences
0x08665184	rom	sAffineAnim_BallRotate_0
0x08665194	rom	sAffineAnim_BallRotate_Right
0x086651A4	rom	sAffineAnim_BallRotate_Left
0x086651B4	rom	sAffineAnim_BallRotate_3
0x086651C4	rom	sAffineAnim_BallRotate_4
0x086651D4	rom	sAffineAnim_BallRotate
0x086651E8	rom	gBallSpriteTemplates
0x0866538C	rom	sMarkerPal
0x086653AC	rom	sMarkerTiles
0x086654B8	rom	sSubsprite_Circular
0x086654BC	rom	sSubsprite_SmallHorizontal
0x086654C0	rom	sSubsprite_SmallVertical
0x086654C4	rom	sSubsprite_MediumHorizontal
0x086654C8	rom	sSubsprite_MediumVertical
0x086654CC	rom	sSubsprite_LargeHorizontal
0x086654D0	rom	sSubsprite_LargeVertical
0x086654D4	rom	sSubsprites
0x086654F0	rom	sAreaMarkers
0x08665630	rom	gMonFootprintTable
0x08665CA4	rom	sCategoryMonInfoBgTiles
0x08665DF4	rom	sKantoDexTiles
0x08665F2C	rom	sNatDexTiles
0x08666048	rom	sKantoDexPalette
0x08666248	rom	sDexScreen_CategoryCursorPals
0x08666260	rom	sNationalDexPalette
0x08666460	rom	sTopMenuIconTiles_Cave
0x08666758	rom	sTopMenuIconTiles_Urban
0x08666A70	rom	sTopMenuSelectionIconTiles_Cancel
0x08666CAC	rom	sTopMenuIconTiles_Forest
0x0866703C	rom	sTopMenuIconTiles_Grassland
0x08667388	rom	sTopMenuIconTiles_QuestionMark
0x086675C0	rom	sTopMenuIconTiles_Mountain
0x086678D4	rom	sTopMenuIconTiles_Rare
0x08667B84	rom	sTopMenuIconTiles_Sea
0x08667DBC	rom	sTopMenuIconTiles_Numerical
0x08668064	rom	sTopMenuIconTiles_RoughTerrain
0x086683B8	rom	sTopMenuIconTiles_WatersEdge
0x08668740	rom	sTopMenuIconTiles_Type
0x08668A78	rom	sTopMenuIconTiles_Lightest
0x08668D0C	rom	sTopMenuIconTiles_Smallest
0x08668FA0	rom	sTopMenuIconPals_Cave
0x08668FC0	rom	sTopMenuIconPals_Urban
0x08668FE0	rom	sTopMenuSelectionIconPals_Cancel
0x08669000	rom	sTopMenuIconPals_Forest
0x08669020	rom	sTopMenuIconPals_Grassland
0x08669040	rom	sTopMenuIconPals_QuestionMark
0x08669060	rom	sTopMenuIconPals_Mountain
0x08669080	rom	sTopMenuIconPals_Rare
0x086690A0	rom	sTopMenuIconPals_Sea
0x086690C0	rom	sTopMenuIconPals_Numerical
0x086690E0	rom	sTopMenuIconPals_RoughTerrain
0x08669100	rom	sTopMenuIconPals_WatersEdge
0x08669120	rom	sTopMenuIconPals_Type
0x08669140	rom	sTopMenuIconPals_Lightest
0x08669160	rom	sTopMenuIconPals_Smallest
0x08669180	rom	sDexScreen_CaughtIcon
0x086691A0	rom	sTilemap_AreaMap_Kanto
0x08669490	rom	sTilemap_AreaMap_OneIsland
0x08669508	rom	sTilemap_AreaMap_TwoIsland
0x0866957C	rom	sTilemap_AreaMap_ThreeIsland
0x086695F8	rom	sTilemap_AreaMap_FourIsland
0x08669678	rom	sTilemap_AreaMap_FiveIsland
0x08669730	rom	sTilemap_AreaMap_SixIsland
0x086697D4	rom	sTilemap_AreaMap_SevenIsland
0x08669880	rom	sBlitTiles_WideEllipse
0x08669B40	rom	gPokedexOrder_Alphabetical
0x08669E78	rom	gPokedexOrder_Weight
0x0866A17C	rom	gPokedexOrder_Height
0x0866A480	rom	gPokedexOrder_Type
0x0866A7B8	rom	gPokedexOrder_TypeExtended
0x0866AAF0	rom	gExpandedPlaceholder_PokedexDescription
0x0866AAF4	rom	gDummyPokedexText_FR
0x0866AB70	rom	gDummyPokedexTextUnused_FR
0x0866AB74	rom	gBulbasaurPokedexText_FR
0x0866ABE0	rom	gBulbasaurPokedexTextUnused_FR
0x0866ABE4	rom	gIvysaurPokedexText_FR
0x0866AC54	rom	gIvysaurPokedexTextUnused_FR
0x0866AC58	rom	gVenusaurPokedexText_FR
0x0866ACB4	rom	gVenusaurPokedexTextUnused_FR
0x0866ACB8	rom	gCharmanderPokedexText_FR
0x0866AD28	rom	gCharmanderPokedexTextUnused_FR
0x0866AD2C	rom	gCharmeleonPokedexText_FR
0x0866AD98	rom	gCharmeleonPokedexTextUnused_FR
0x0866AD9C	rom	gCharizardPokedexText_FR
0x0866AE10	rom	gCharizardPokedexTextUnused_FR
0x0866AE14	rom	gSquirtlePokedexText_FR
0x0866AE70	rom	gSquirtlePokedexTextUnused_FR
0x0866AE74	rom	gWartortlePokedexText_FR
0x0866AED0	rom	gWartortlePokedexTextUnused_FR
0x0866AED4	rom	gBlastoisePokedexText_FR
0x0866AF40	rom	gBlastoisePokedexTextUnused_FR
0x0866AF44	rom	gCaterpiePokedexText_FR
0x0866AFB8	rom	gCaterpiePokedexTextUnused_FR
0x0866AFBC	rom	gMetapodPokedexText_FR
0x0866B028	rom	gMetapodPokedexTextUnused_FR
0x0866B02C	rom	gButterfreePokedexText_FR
0x0866B094	rom	gButterfreePokedexTextUnused_FR
0x0866B098	rom	gWeedlePokedexText_FR
0x0866B104	rom	gWeedlePokedexTextUnused_FR
0x0866B108	rom	gKakunaPokedexText_FR
0x0866B178	rom	gKakunaPokedexTextUnused_FR
0x0866B17C	rom	gBeedrillPokedexText_FR
0x0866B1E8	rom	gBeedrillPokedexTextUnused_FR
0x0866B1EC	rom	gPidgeyPokedexText_FR
0x0866B24C	rom	gPidgeyPokedexTextUnused_FR
0x0866B250	rom	gPidgeottoPokedexText_FR
0x0866B2C4	rom	gPidgeottoPokedexTextUnused_FR
0x0866B2C8	rom	gPidgeotPokedexText_FR
0x0866B330	rom	gPidgeotPokedexTextUnused_FR
0x0866B334	rom	gRattataPokedexText_FR
0x0866B3A0	rom	gRattataPokedexTextUnused_FR
0x0866B3A4	rom	gRaticatePokedexText_FR
0x0866B3FC	rom	gRaticatePokedexTextUnused_FR
0x0866B400	rom	gSpearowPokedexText_FR
0x0866B46C	rom	gSpearowPokedexTextUnused_FR
0x0866B470	rom	gFearowPokedexText_FR
0x0866B4E0	rom	gFearowPokedexTextUnused_FR
0x0866B4E4	rom	gEkansPokedexText_FR
0x0866B550	rom	gEkansPokedexTextUnused_FR
0x0866B554	rom	gArbokPokedexText_FR
0x0866B5C8	rom	gArbokPokedexTextUnused_FR
0x0866B5CC	rom	gPikachuPokedexText_FR
0x0866B634	rom	gPikachuPokedexTextUnused_FR
0x0866B638	rom	gRaichuPokedexText_FR
0x0866B6A8	rom	gRaichuPokedexTextUnused_FR
0x0866B6AC	rom	gSandshrewPokedexText_FR
0x0866B70C	rom	gSandshrewPokedexTextUnused_FR
0x0866B710	rom	gSandslashPokedexText_FR
0x0866B778	rom	gSandslashPokedexTextUnused_FR
0x0866B77C	rom	gNidoranFPokedexText_FR
0x0866B7F0	rom	gNidoranFPokedexTextUnused_FR
0x0866B7F4	rom	gNidorinaPokedexText_FR
0x0866B85C	rom	gNidorinaPokedexTextUnused_FR
0x0866B860	rom	gNidoqueenPokedexText_FR
0x0866B8C8	rom	gNidoqueenPokedexTextUnused_FR
0x0866B8CC	rom	gNidoranMPokedexText_FR
0x0866B940	rom	gNidoranMPokedexTextUnused_FR
0x0866B944	rom	gNidorinoPokedexText_FR
0x0866B9AC	rom	gNidorinoPokedexTextUnused_FR
0x0866B9B0	rom	gNidokingPokedexText_FR
0x0866BA20	rom	gNidokingPokedexTextUnused_FR
0x0866BA24	rom	gClefairyPokedexText_FR
0x0866BA84	rom	gClefairyPokedexTextUnused_FR
0x0866BA88	rom	gClefablePokedexText_FR
0x0866BAEC	rom	gClefablePokedexTextUnused_FR
0x0866BAF0	rom	gVulpixPokedexText_FR
0x0866BB48	rom	gVulpixPokedexTextUnused_FR
0x0866BB4C	rom	gNinetalesPokedexText_FR
0x0866BBA4	rom	gNinetalesPokedexTextUnused_FR
0x0866BBA8	rom	gJigglypuffPokedexText_FR
0x0866BC10	rom	gJigglypuffPokedexTextUnused_FR
0x0866BC14	rom	gWigglytuffPokedexText_FR
0x0866BC7C	rom	gWigglytuffPokedexTextUnused_FR
0x0866BC80	rom	gZubatPokedexText_FR
0x0866BCE8	rom	gZubatPokedexTextUnused_FR
0x0866BCEC	rom	gGolbatPokedexText_FR
0x0866BD50	rom	gGolbatPokedexTextUnused_FR
0x0866BD54	rom	gOddishPokedexText_FR
0x0866BDC0	rom	gOddishPokedexTextUnused_FR
0x0866BDC4	rom	gGloomPokedexText_FR
0x0866BE34	rom	gGloomPokedexTextUnused_FR
0x0866BE38	rom	gVileplumePokedexText_FR
0x0866BEA0	rom	gVileplumePokedexTextUnused_FR
0x0866BEA4	rom	gParasPokedexText_FR
0x0866BF08	rom	gParasPokedexTextUnused_FR
0x0866BF0C	rom	gParasectPokedexText_FR
0x0866BF70	rom	gParasectPokedexTextUnused_FR
0x0866BF74	rom	gVenonatPokedexText_FR
0x0866BFDC	rom	gVenonatPokedexTextUnused_FR
0x0866BFE0	rom	gVenomothPokedexText_FR
0x0866C048	rom	gVenomothPokedexTextUnused_FR
0x0866C04C	rom	gDiglettPokedexText_FR
0x0866C0BC	rom	gDiglettPokedexTextUnused_FR
0x0866C0C0	rom	gDugtrioPokedexText_FR
0x0866C128	rom	gDugtrioPokedexTextUnused_FR
0x0866C12C	rom	gMeowthPokedexText_FR
0x0866C190	rom	gMeowthPokedexTextUnused_FR
0x0866C194	rom	gPersianPokedexText_FR
0x0866C210	rom	gPersianPokedexTextUnused_FR
0x0866C214	rom	gPsyduckPokedexText_FR
0x0866C280	rom	gPsyduckPokedexTextUnused_FR
0x0866C284	rom	gGolduckPokedexText_FR
0x0866C2F4	rom	gGolduckPokedexTextUnused_FR
0x0866C2F8	rom	gMankeyPokedexText_FR
0x0866C36C	rom	gMankeyPokedexTextUnused_FR
0x0866C370	rom	gPrimeapePokedexText_FR
0x0866C3E0	rom	gPrimeapePokedexTextUnused_FR
0x0866C3E4	rom	gGrowlithePokedexText_FR
0x0866C440	rom	gGrowlithePokedexTextUnused_FR
0x0866C444	rom	gArcaninePokedexText_FR
0x0866C4A4	rom	gArcaninePokedexTextUnused_FR
0x0866C4A8	rom	gPoliwagPokedexText_FR
0x0866C520	rom	gPoliwagPokedexTextUnused_FR
0x0866C524	rom	gPoliwhirlPokedexText_FR
0x0866C588	rom	gPoliwhirlPokedexTextUnused_FR
0x0866C58C	rom	gPoliwrathPokedexText_FR
0x0866C5F8	rom	gPoliwrathPokedexTextUnused_FR
0x0866C5FC	rom	gAbraPokedexText_FR
0x0866C658	rom	gAbraPokedexTextUnused_FR
0x0866C65C	rom	gKadabraPokedexText_FR
0x0866C6BC	rom	gKadabraPokedexTextUnused_FR
0x0866C6C0	rom	gAlakazamPokedexText_FR
0x0866C72C	rom	gAlakazamPokedexTextUnused_FR
0x0866C730	rom	gMachopPokedexText_FR
0x0866C7A0	rom	gMachopPokedexTextUnused_FR
0x0866C7A4	rom	gMachokePokedexText_FR
0x0866C80C	rom	gMachokePokedexTextUnused_FR
0x0866C810	rom	gMachampPokedexText_FR
0x0866C86C	rom	gMachampPokedexTextUnused_FR
0x0866C870	rom	gBellsproutPokedexText_FR
0x0866C8E0	rom	gBellsproutPokedexTextUnused_FR
0x0866C8E4	rom	gWeepinbellPokedexText_FR
0x0866C944	rom	gWeepinbellPokedexTextUnused_FR
0x0866C948	rom	gVictreebelPokedexText_FR
0x0866C9B0	rom	gVictreebelPokedexTextUnused_FR
0x0866C9B4	rom	gTentacoolPokedexText_FR
0x0866CA10	rom	gTentacoolPokedexTextUnused_FR
0x0866CA14	rom	gTentacruelPokedexText_FR
0x0866CA7C	rom	gTentacruelPokedexTextUnused_FR
0x0866CA80	rom	gGeodudePokedexText_FR
0x0866CAF0	rom	gGeodudePokedexTextUnused_FR
0x0866CAF4	rom	gGravelerPokedexText_FR
0x0866CB5C	rom	gGravelerPokedexTextUnused_FR
0x0866CB60	rom	gGolemPokedexText_FR
0x0866CBD0	rom	gGolemPokedexTextUnused_FR
0x0866CBD4	rom	gPonytaPokedexText_FR
0x0866CC34	rom	gPonytaPokedexTextUnused_FR
0x0866CC38	rom	gRapidashPokedexText_FR
0x0866CCA0	rom	gRapidashPokedexTextUnused_FR
0x0866CCA4	rom	gSlowpokePokedexText_FR
0x0866CD1C	rom	gSlowpokePokedexTextUnused_FR
0x0866CD20	rom	gSlowbroPokedexText_FR
0x0866CD90	rom	gSlowbroPokedexTextUnused_FR
0x0866CD94	rom	gMagnemitePokedexText_FR
0x0866CDFC	rom	gMagnemitePokedexTextUnused_FR
0x0866CE00	rom	gMagnetonPokedexText_FR
0x0866CE68	rom	gMagnetonPokedexTextUnused_FR
0x0866CE6C	rom	gFarfetchdPokedexText_FR
0x0866CED4	rom	gFarfetchdPokedexTextUnused_FR
0x0866CED8	rom	gDoduoPokedexText_FR
0x0866CF44	rom	gDoduoPokedexTextUnused_FR
0x0866CF48	rom	gDodrioPokedexText_FR
0x0866CFB0	rom	gDodrioPokedexTextUnused_FR
0x0866CFB4	rom	gSeelPokedexText_FR
0x0866D02C	rom	gSeelPokedexTextUnused_FR
0x0866D030	rom	gDewgongPokedexText_FR
0x0866D090	rom	gDewgongPokedexTextUnused_FR
0x0866D094	rom	gGrimerPokedexText_FR
0x0866D0F8	rom	gGrimerPokedexTextUnused_FR
0x0866D0FC	rom	gMukPokedexText_FR
0x0866D168	rom	gMukPokedexTextUnused_FR
0x0866D16C	rom	gShellderPokedexText_FR
0x0866D1D0	rom	gShellderPokedexTextUnused_FR
0x0866D1D4	rom	gCloysterPokedexText_FR
0x0866D248	rom	gCloysterPokedexTextUnused_FR
0x0866D24C	rom	gGastlyPokedexText_FR
0x0866D2B8	rom	gGastlyPokedexTextUnused_FR
0x0866D2BC	rom	gHaunterPokedexText_FR
0x0866D31C	rom	gHaunterPokedexTextUnused_FR
0x0866D320	rom	gGengarPokedexText_FR
0x0866D380	rom	gGengarPokedexTextUnused_FR
0x0866D384	rom	gOnixPokedexText_FR
0x0866D3F8	rom	gOnixPokedexTextUnused_FR
0x0866D3FC	rom	gDrowzeePokedexText_FR
0x0866D460	rom	gDrowzeePokedexTextUnused_FR
0x0866D464	rom	gHypnoPokedexText_FR
0x0866D4D0	rom	gHypnoPokedexTextUnused_FR
0x0866D4D4	rom	gKrabbyPokedexText_FR
0x0866D538	rom	gKrabbyPokedexTextUnused_FR
0x0866D53C	rom	gKinglerPokedexText_FR
0x0866D5A8	rom	gKinglerPokedexTextUnused_FR
0x0866D5AC	rom	gVoltorbPokedexText_FR
0x0866D604	rom	gVoltorbPokedexTextUnused_FR
0x0866D608	rom	gElectrodePokedexText_FR
0x0866D66C	rom	gElectrodePokedexTextUnused_FR
0x0866D670	rom	gExeggcutePokedexText_FR
0x0866D6DC	rom	gExeggcutePokedexTextUnused_FR
0x0866D6E0	rom	gExeggutorPokedexText_FR
0x0866D744	rom	gExeggutorPokedexTextUnused_FR
0x0866D748	rom	gCubonePokedexText_FR
0x0866D7B0	rom	gCubonePokedexTextUnused_FR
0x0866D7B4	rom	gMarowakPokedexText_FR
0x0866D81C	rom	gMarowakPokedexTextUnused_FR
0x0866D820	rom	gHitmonleePokedexText_FR
0x0866D88C	rom	gHitmonleePokedexTextUnused_FR
0x0866D890	rom	gHitmonchanPokedexText_FR
0x0866D8FC	rom	gHitmonchanPokedexTextUnused_FR
0x0866D900	rom	gLickitungPokedexText_FR
0x0866D96C	rom	gLickitungPokedexTextUnused_FR
0x0866D970	rom	gKoffingPokedexText_FR
0x0866D9D0	rom	gKoffingPokedexTextUnused_FR
0x0866D9D4	rom	gWeezingPokedexText_FR
0x0866DA3C	rom	gWeezingPokedexTextUnused_FR
0x0866DA40	rom	gRhyhornPokedexText_FR
0x0866DAA4	rom	gRhyhornPokedexTextUnused_FR
0x0866DAA8	rom	gRhydonPokedexText_FR
0x0866DB10	rom	gRhydonPokedexTextUnused_FR
0x0866DB14	rom	gChanseyPokedexText_FR
0x0866DB74	rom	gChanseyPokedexTextUnused_FR
0x0866DB78	rom	gTangelaPokedexText_FR
0x0866DBE0	rom	gTangelaPokedexTextUnused_FR
0x0866DBE4	rom	gKangaskhanPokedexText_FR
0x0866DC4C	rom	gKangaskhanPokedexTextUnused_FR
0x0866DC50	rom	gHorseaPokedexText_FR
0x0866DCB8	rom	gHorseaPokedexTextUnused_FR
0x0866DCBC	rom	gSeadraPokedexText_FR
0x0866DD28	rom	gSeadraPokedexTextUnused_FR
0x0866DD2C	rom	gGoldeenPokedexText_FR
0x0866DD94	rom	gGoldeenPokedexTextUnused_FR
0x0866DD98	rom	gSeakingPokedexText_FR
0x0866DDF4	rom	gSeakingPokedexTextUnused_FR
0x0866DDF8	rom	gStaryuPokedexText_FR
0x0866DE58	rom	gStaryuPokedexTextUnused_FR
0x0866DE5C	rom	gStarmiePokedexText_FR
0x0866DEC8	rom	gStarmiePokedexTextUnused_FR
0x0866DECC	rom	gMrmimePokedexText_FR
0x0866DF2C	rom	gMrmimePokedexTextUnused_FR
0x0866DF30	rom	gScytherPokedexText_FR
0x0866DF94	rom	gScytherPokedexTextUnused_FR
0x0866DF98	rom	gJynxPokedexText_FR
0x0866E000	rom	gJynxPokedexTextUnused_FR
0x0866E004	rom	gElectabuzzPokedexText_FR
0x0866E06C	rom	gElectabuzzPokedexTextUnused_FR
0x0866E070	rom	gMagmarPokedexText_FR
0x0866E0E0	rom	gMagmarPokedexTextUnused_FR
0x0866E0E4	rom	gPinsirPokedexText_FR
0x0866E150	rom	gPinsirPokedexTextUnused_FR
0x0866E154	rom	gTaurosPokedexText_FR
0x0866E1A8	rom	gTaurosPokedexTextUnused_FR
0x0866E1AC	rom	gMagikarpPokedexText_FR
0x0866E220	rom	gMagikarpPokedexTextUnused_FR
0x0866E224	rom	gGyaradosPokedexText_FR
0x0866E294	rom	gGyaradosPokedexTextUnused_FR
0x0866E298	rom	gLaprasPokedexText_FR
0x0866E2FC	rom	gLaprasPokedexTextUnused_FR
0x0866E300	rom	gDittoPokedexText_FR
0x0866E358	rom	gDittoPokedexTextUnused_FR
0x0866E35C	rom	gEeveePokedexText_FR
0x0866E3BC	rom	gEeveePokedexTextUnused_FR
0x0866E3C0	rom	gVaporeonPokedexText_FR
0x0866E430	rom	gVaporeonPokedexTextUnused_FR
0x0866E434	rom	gJolteonPokedexText_FR
0x0866E49C	rom	gJolteonPokedexTextUnused_FR
0x0866E4A0	rom	gFlareonPokedexText_FR
0x0866E514	rom	gFlareonPokedexTextUnused_FR
0x0866E518	rom	gPorygonPokedexText_FR
0x0866E584	rom	gPorygonPokedexTextUnused_FR
0x0866E588	rom	gOmanytePokedexText_FR
0x0866E5F0	rom	gOmanytePokedexTextUnused_FR
0x0866E5F4	rom	gOmastarPokedexText_FR
0x0866E660	rom	gOmastarPokedexTextUnused_FR
0x0866E664	rom	gKabutoPokedexText_FR
0x0866E6D0	rom	gKabutoPokedexTextUnused_FR
0x0866E6D4	rom	gKabutopsPokedexText_FR
0x0866E740	rom	gKabutopsPokedexTextUnused_FR
0x0866E744	rom	gAerodactylPokedexText_FR
0x0866E7B4	rom	gAerodactylPokedexTextUnused_FR
0x0866E7B8	rom	gSnorlaxPokedexText_FR
0x0866E834	rom	gSnorlaxPokedexTextUnused_FR
0x0866E838	rom	gArticunoPokedexText_FR
0x0866E8A0	rom	gArticunoPokedexTextUnused_FR
0x0866E8A4	rom	gZapdosPokedexText_FR
0x0866E904	rom	gZapdosPokedexTextUnused_FR
0x0866E908	rom	gMoltresPokedexText_FR
0x0866E978	rom	gMoltresPokedexTextUnused_FR
0x0866E97C	rom	gDratiniPokedexText_FR
0x0866E9D8	rom	gDratiniPokedexTextUnused_FR
0x0866E9DC	rom	gDragonairPokedexText_FR
0x0866EA48	rom	gDragonairPokedexTextUnused_FR
0x0866EA4C	rom	gDragonitePokedexText_FR
0x0866EAA8	rom	gDragonitePokedexTextUnused_FR
0x0866EAAC	rom	gMewtwoPokedexText_FR
0x0866EB10	rom	gMewtwoPokedexTextUnused_FR
0x0866EB14	rom	gMewPokedexText_FR
0x0866EB84	rom	gMewPokedexTextUnused_FR
0x0866EB88	rom	gChikoritaPokedexText_FR
0x0866EBDC	rom	gChikoritaPokedexTextUnused_FR
0x0866EBE0	rom	gBayleefPokedexText_FR
0x0866EC40	rom	gBayleefPokedexTextUnused_FR
0x0866EC44	rom	gMeganiumPokedexText_FR
0x0866ECA8	rom	gMeganiumPokedexTextUnused_FR
0x0866ECAC	rom	gCyndaquilPokedexText_FR
0x0866ED0C	rom	gCyndaquilPokedexTextUnused_FR
0x0866ED10	rom	gQuilavaPokedexText_FR
0x0866ED70	rom	gQuilavaPokedexTextUnused_FR
0x0866ED74	rom	gTyphlosionPokedexText_FR
0x0866EDD4	rom	gTyphlosionPokedexTextUnused_FR
0x0866EDD8	rom	gTotodilePokedexText_FR
0x0866EE38	rom	gTotodilePokedexTextUnused_FR
0x0866EE3C	rom	gCroconawPokedexText_FR
0x0866EEA0	rom	gCroconawPokedexTextUnused_FR
0x0866EEA4	rom	gFeraligatrPokedexText_FR
0x0866EF10	rom	gFeraligatrPokedexTextUnused_FR
0x0866EF14	rom	gSentretPokedexText_FR
0x0866EF7C	rom	gSentretPokedexTextUnused_FR
0x0866EF80	rom	gFurretPokedexText_FR
0x0866EFE4	rom	gFurretPokedexTextUnused_FR
0x0866EFE8	rom	gHoothootPokedexText_FR
0x0866F054	rom	gHoothootPokedexTextUnused_FR
0x0866F058	rom	gNoctowlPokedexText_FR
0x0866F0B4	rom	gNoctowlPokedexTextUnused_FR
0x0866F0B8	rom	gLedybaPokedexText_FR
0x0866F124	rom	gLedybaPokedexTextUnused_FR
0x0866F128	rom	gLedianPokedexText_FR
0x0866F190	rom	gLedianPokedexTextUnused_FR
0x0866F194	rom	gSpinarakPokedexText_FR
0x0866F1F8	rom	gSpinarakPokedexTextUnused_FR
0x0866F1FC	rom	gAriadosPokedexText_FR
0x0866F268	rom	gAriadosPokedexTextUnused_FR
0x0866F26C	rom	gCrobatPokedexText_FR
0x0866F2D4	rom	gCrobatPokedexTextUnused_FR
0x0866F2D8	rom	gChinchouPokedexText_FR
0x0866F334	rom	gChinchouPokedexTextUnused_FR
0x0866F338	rom	gLanturnPokedexText_FR
0x0866F39C	rom	gLanturnPokedexTextUnused_FR
0x0866F3A0	rom	gPichuPokedexText_FR
0x0866F408	rom	gPichuPokedexTextUnused_FR
0x0866F40C	rom	gCleffaPokedexText_FR
0x0866F464	rom	gCleffaPokedexTextUnused_FR
0x0866F468	rom	gIgglybuffPokedexText_FR
0x0866F4C4	rom	gIgglybuffPokedexTextUnused_FR
0x0866F4C8	rom	gTogepiPokedexText_FR
0x0866F528	rom	gTogepiPokedexTextUnused_FR
0x0866F52C	rom	gTogeticPokedexText_FR
0x0866F590	rom	gTogeticPokedexTextUnused_FR
0x0866F594	rom	gNatuPokedexText_FR
0x0866F600	rom	gNatuPokedexTextUnused_FR
0x0866F604	rom	gXatuPokedexText_FR
0x0866F668	rom	gXatuPokedexTextUnused_FR
0x0866F66C	rom	gMareepPokedexText_FR
0x0866F6D0	rom	gMareepPokedexTextUnused_FR
0x0866F6D4	rom	gFlaaffyPokedexText_FR
0x0866F734	rom	gFlaaffyPokedexTextUnused_FR
0x0866F738	rom	gAmpharosPokedexText_FR
0x0866F7A4	rom	gAmpharosPokedexTextUnused_FR
0x0866F7A8	rom	gBellossomPokedexText_FR
0x0866F810	rom	gBellossomPokedexTextUnused_FR
0x0866F814	rom	gMarillPokedexText_FR
0x0866F874	rom	gMarillPokedexTextUnused_FR
0x0866F878	rom	gAzumarillPokedexText_FR
0x0866F8DC	rom	gAzumarillPokedexTextUnused_FR
0x0866F8E0	rom	gSudowoodoPokedexText_FR
0x0866F94C	rom	gSudowoodoPokedexTextUnused_FR
0x0866F950	rom	gPolitoedPokedexText_FR
0x0866F9B4	rom	gPolitoedPokedexTextUnused_FR
0x0866F9B8	rom	gHoppipPokedexText_FR
0x0866FA1C	rom	gHoppipPokedexTextUnused_FR
0x0866FA20	rom	gSkiploomPokedexText_FR
0x0866FA80	rom	gSkiploomPokedexTextUnused_FR
0x0866FA84	rom	gJumpluffPokedexText_FR
0x0866FAF0	rom	gJumpluffPokedexTextUnused_FR
0x0866FAF4	rom	gAipomPokedexText_FR
0x0866FB58	rom	gAipomPokedexTextUnused_FR
0x0866FB5C	rom	gSunkernPokedexText_FR
0x0866FBC8	rom	gSunkernPokedexTextUnused_FR
0x0866FBCC	rom	gSunfloraPokedexText_FR
0x0866FC34	rom	gSunfloraPokedexTextUnused_FR
0x0866FC38	rom	gYanmaPokedexText_FR
0x0866FC9C	rom	gYanmaPokedexTextUnused_FR
0x0866FCA0	rom	gWooperPokedexText_FR
0x0866FCF4	rom	gWooperPokedexTextUnused_FR
0x0866FCF8	rom	gQuagsirePokedexText_FR
0x0866FD64	rom	gQuagsirePokedexTextUnused_FR
0x0866FD68	rom	gEspeonPokedexText_FR
0x0866FDC4	rom	gEspeonPokedexTextUnused_FR
0x0866FDC8	rom	gUmbreonPokedexText_FR
0x0866FE30	rom	gUmbreonPokedexTextUnused_FR
0x0866FE34	rom	gMurkrowPokedexText_FR
0x0866FEA0	rom	gMurkrowPokedexTextUnused_FR
0x0866FEA4	rom	gSlowkingPokedexText_FR
0x0866FF04	rom	gSlowkingPokedexTextUnused_FR
0x0866FF08	rom	gMisdreavusPokedexText_FR
0x0866FF74	rom	gMisdreavusPokedexTextUnused_FR
0x0866FF78	rom	gUnownPokedexText_FR
0x0866FFD0	rom	gUnownPokedexTextUnused_FR
0x0866FFD4	rom	gWobbuffetPokedexText_FR
0x08670038	rom	gWobbuffetPokedexTextUnused_FR
0x0867003C	rom	gGirafarigPokedexText_FR
0x086700A0	rom	gGirafarigPokedexTextUnused_FR
0x086700A4	rom	gPinecoPokedexText_FR
0x08670104	rom	gPinecoPokedexTextUnused_FR
0x08670108	rom	gForretressPokedexText_FR
0x08670174	rom	gForretressPokedexTextUnused_FR
0x08670178	rom	gDunsparcePokedexText_FR
0x086701D8	rom	gDunsparcePokedexTextUnused_FR
0x086701DC	rom	gGligarPokedexText_FR
0x08670244	rom	gGligarPokedexTextUnused_FR
0x08670248	rom	gSteelixPokedexText_FR
0x086702B0	rom	gSteelixPokedexTextUnused_FR
0x086702B4	rom	gSnubbullPokedexText_FR
0x0867031C	rom	gSnubbullPokedexTextUnused_FR
0x08670320	rom	gGranbullPokedexText_FR
0x08670388	rom	gGranbullPokedexTextUnused_FR
0x0867038C	rom	gQwilfishPokedexText_FR
0x086703F0	rom	gQwilfishPokedexTextUnused_FR
0x086703F4	rom	gScizorPokedexText_FR
0x08670458	rom	gScizorPokedexTextUnused_FR
0x0867045C	rom	gShucklePokedexText_FR
0x086704C8	rom	gShucklePokedexTextUnused_FR
0x086704CC	rom	gHeracrossPokedexText_FR
0x0867052C	rom	gHeracrossPokedexTextUnused_FR
0x08670530	rom	gSneaselPokedexText_FR
0x08670594	rom	gSneaselPokedexTextUnused_FR
0x08670598	rom	gTeddiursaPokedexText_FR
0x086705F8	rom	gTeddiursaPokedexTextUnused_FR
0x086705FC	rom	gUrsaringPokedexText_FR
0x08670660	rom	gUrsaringPokedexTextUnused_FR
0x08670664	rom	gSlugmaPokedexText_FR
0x086706C8	rom	gSlugmaPokedexTextUnused_FR
0x086706CC	rom	gMagcargoPokedexText_FR
0x08670728	rom	gMagcargoPokedexTextUnused_FR
0x0867072C	rom	gSwinubPokedexText_FR
0x08670788	rom	gSwinubPokedexTextUnused_FR
0x0867078C	rom	gPiloswinePokedexText_FR
0x086707F0	rom	gPiloswinePokedexTextUnused_FR
0x086707F4	rom	gCorsolaPokedexText_FR
0x08670858	rom	gCorsolaPokedexTextUnused_FR
0x0867085C	rom	gRemoraidPokedexText_FR
0x086708C4	rom	gRemoraidPokedexTextUnused_FR
0x086708C8	rom	gOctilleryPokedexText_FR
0x08670930	rom	gOctilleryPokedexTextUnused_FR
0x08670934	rom	gDelibirdPokedexText_FR
0x08670994	rom	gDelibirdPokedexTextUnused_FR
0x08670998	rom	gMantinePokedexText_FR
0x08670A04	rom	gMantinePokedexTextUnused_FR
0x08670A08	rom	gSkarmoryPokedexText_FR
0x08670A68	rom	gSkarmoryPokedexTextUnused_FR
0x08670A6C	rom	gHoundourPokedexText_FR
0x08670AC8	rom	gHoundourPokedexTextUnused_FR
0x08670ACC	rom	gHoundoomPokedexText_FR
0x08670B30	rom	gHoundoomPokedexTextUnused_FR
0x08670B34	rom	gKingdraPokedexText_FR
0x08670B98	rom	gKingdraPokedexTextUnused_FR
0x08670B9C	rom	gPhanpyPokedexText_FR
0x08670C00	rom	gPhanpyPokedexTextUnused_FR
0x08670C04	rom	gDonphanPokedexText_FR
0x08670C6C	rom	gDonphanPokedexTextUnused_FR
0x08670C70	rom	gPorygon2PokedexText_FR
0x08670CD8	rom	gPorygon2PokedexTextUnused_FR
0x08670CDC	rom	gStantlerPokedexText_FR
0x08670D40	rom	gStantlerPokedexTextUnused_FR
0x08670D44	rom	gSmearglePokedexText_FR
0x08670DA4	rom	gSmearglePokedexTextUnused_FR
0x08670DA8	rom	gTyroguePokedexText_FR
0x08670E0C	rom	gTyroguePokedexTextUnused_FR
0x08670E10	rom	gHitmontopPokedexText_FR
0x08670E74	rom	gHitmontopPokedexTextUnused_FR
0x08670E78	rom	gSmoochumPokedexText_FR
0x08670ED4	rom	gSmoochumPokedexTextUnused_FR
0x08670ED8	rom	gElekidPokedexText_FR
0x08670F34	rom	gElekidPokedexTextUnused_FR
0x08670F38	rom	gMagbyPokedexText_FR
0x08670FA4	rom	gMagbyPokedexTextUnused_FR
0x08670FA8	rom	gMiltankPokedexText_FR
0x08671004	rom	gMiltankPokedexTextUnused_FR
0x08671008	rom	gBlisseyPokedexText_FR
0x08671074	rom	gBlisseyPokedexTextUnused_FR
0x08671078	rom	gRaikouPokedexText_FR
0x086710D4	rom	gRaikouPokedexTextUnused_FR
0x086710D8	rom	gEnteiPokedexText_FR
0x0867113C	rom	gEnteiPokedexTextUnused_FR
0x08671140	rom	gSuicunePokedexText_FR
0x086711A8	rom	gSuicunePokedexTextUnused_FR
0x086711AC	rom	gLarvitarPokedexText_FR
0x0867120C	rom	gLarvitarPokedexTextUnused_FR
0x08671210	rom	gPupitarPokedexText_FR
0x08671274	rom	gPupitarPokedexTextUnused_FR
0x08671278	rom	gTyranitarPokedexText_FR
0x086712D4	rom	gTyranitarPokedexTextUnused_FR
0x086712D8	rom	gLugiaPokedexText_FR
0x0867133C	rom	gLugiaPokedexTextUnused_FR
0x08671340	rom	gHoOhPokedexText_FR
0x086713A8	rom	gHoOhPokedexTextUnused_FR
0x086713AC	rom	gCelebiPokedexText_FR
0x08671414	rom	gCelebiPokedexTextUnused_FR
0x08671418	rom	gTreeckoPokedexText_FR
0x08671484	rom	gTreeckoPokedexTextUnused_FR
0x08671488	rom	gGrovylePokedexText_FR
0x086714E4	rom	gGrovylePokedexTextUnused_FR
0x086714E8	rom	gSceptilePokedexText_FR
0x08671554	rom	gSceptilePokedexTextUnused_FR
0x08671558	rom	gTorchicPokedexText_FR
0x086715B4	rom	gTorchicPokedexTextUnused_FR
0x086715B8	rom	gCombuskenPokedexText_FR
0x0867161C	rom	gCombuskenPokedexTextUnused_FR
0x08671620	rom	gBlazikenPokedexText_FR
0x08671690	rom	gBlazikenPokedexTextUnused_FR
0x08671694	rom	gMudkipPokedexText_FR
0x08671700	rom	gMudkipPokedexTextUnused_FR
0x08671704	rom	gMarshtompPokedexText_FR
0x0867176C	rom	gMarshtompPokedexTextUnused_FR
0x08671770	rom	gSwampertPokedexText_FR
0x086717E0	rom	gSwampertPokedexTextUnused_FR
0x086717E4	rom	gPoochyenaPokedexText_FR
0x08671854	rom	gPoochyenaPokedexTextUnused_FR
0x08671858	rom	gMightyenaPokedexText_FR
0x086718D0	rom	gMightyenaPokedexTextUnused_FR
0x086718D4	rom	gZigzagoonPokedexText_FR
0x08671938	rom	gZigzagoonPokedexTextUnused_FR
0x0867193C	rom	gLinoonePokedexText_FR
0x086719AC	rom	gLinoonePokedexTextUnused_FR
0x086719B0	rom	gWurmplePokedexText_FR
0x08671A24	rom	gWurmplePokedexTextUnused_FR
0x08671A28	rom	gSilcoonPokedexText_FR
0x08671AA0	rom	gSilcoonPokedexTextUnused_FR
0x08671AA4	rom	gBeautiflyPokedexText_FR
0x08671B0C	rom	gBeautiflyPokedexTextUnused_FR
0x08671B10	rom	gCascoonPokedexText_FR
0x08671B70	rom	gCascoonPokedexTextUnused_FR
0x08671B74	rom	gDustoxPokedexText_FR
0x08671BE4	rom	gDustoxPokedexTextUnused_FR
0x08671BE8	rom	gLotadPokedexText_FR
0x08671C50	rom	gLotadPokedexTextUnused_FR
0x08671C54	rom	gLombrePokedexText_FR
0x08671CCC	rom	gLombrePokedexTextUnused_FR
0x08671CD0	rom	gLudicoloPokedexText_FR
0x08671D2C	rom	gLudicoloPokedexTextUnused_FR
0x08671D30	rom	gSeedotPokedexText_FR
0x08671DA8	rom	gSeedotPokedexTextUnused_FR
0x08671DAC	rom	gNuzleafPokedexText_FR
0x08671E14	rom	gNuzleafPokedexTextUnused_FR
0x08671E18	rom	gShiftryPokedexText_FR
0x08671E80	rom	gShiftryPokedexTextUnused_FR
0x08671E84	rom	gTaillowPokedexText_FR
0x08671EEC	rom	gTaillowPokedexTextUnused_FR
0x08671EF0	rom	gSwellowPokedexText_FR
0x08671F60	rom	gSwellowPokedexTextUnused_FR
0x08671F64	rom	gWingullPokedexText_FR
0x08671FC4	rom	gWingullPokedexTextUnused_FR
0x08671FC8	rom	gPelipperPokedexText_FR
0x08672034	rom	gPelipperPokedexTextUnused_FR
0x08672038	rom	gRaltsPokedexText_FR
0x08672098	rom	gRaltsPokedexTextUnused_FR
0x0867209C	rom	gKirliaPokedexText_FR
0x0867210C	rom	gKirliaPokedexTextUnused_FR
0x08672110	rom	gGardevoirPokedexText_FR
0x0867216C	rom	gGardevoirPokedexTextUnused_FR
0x08672170	rom	gSurskitPokedexText_FR
0x086721D0	rom	gSurskitPokedexTextUnused_FR
0x086721D4	rom	gMasquerainPokedexText_FR
0x0867224C	rom	gMasquerainPokedexTextUnused_FR
0x08672250	rom	gShroomishPokedexText_FR
0x086722C0	rom	gShroomishPokedexTextUnused_FR
0x086722C4	rom	gBreloomPokedexText_FR
0x08672330	rom	gBreloomPokedexTextUnused_FR
0x08672334	rom	gSlakothPokedexText_FR
0x08672390	rom	gSlakothPokedexTextUnused_FR
0x08672394	rom	gVigorothPokedexText_FR
0x086723F8	rom	gVigorothPokedexTextUnused_FR
0x086723FC	rom	gSlakingPokedexText_FR
0x08672478	rom	gSlakingPokedexTextUnused_FR
0x0867247C	rom	gNincadaPokedexText_FR
0x086724DC	rom	gNincadaPokedexTextUnused_FR
0x086724E0	rom	gNinjaskPokedexText_FR
0x08672544	rom	gNinjaskPokedexTextUnused_FR
0x08672548	rom	gShedinjaPokedexText_FR
0x0867259C	rom	gShedinjaPokedexTextUnused_FR
0x086725A0	rom	gWhismurPokedexText_FR
0x0867260C	rom	gWhismurPokedexTextUnused_FR
0x08672610	rom	gLoudredPokedexText_FR
0x08672670	rom	gLoudredPokedexTextUnused_FR
0x08672674	rom	gExploudPokedexText_FR
0x086726EC	rom	gExploudPokedexTextUnused_FR
0x086726F0	rom	gMakuhitaPokedexText_FR
0x08672754	rom	gMakuhitaPokedexTextUnused_FR
0x08672758	rom	gHariyamaPokedexText_FR
0x086727C0	rom	gHariyamaPokedexTextUnused_FR
0x086727C4	rom	gAzurillPokedexText_FR
0x08672834	rom	gAzurillPokedexTextUnused_FR
0x08672838	rom	gNosepassPokedexText_FR
0x08672894	rom	gNosepassPokedexTextUnused_FR
0x08672898	rom	gSkittyPokedexText_FR
0x08672908	rom	gSkittyPokedexTextUnused_FR
0x0867290C	rom	gDelcattyPokedexText_FR
0x08672974	rom	gDelcattyPokedexTextUnused_FR
0x08672978	rom	gSableyePokedexText_FR
0x086729D4	rom	gSableyePokedexTextUnused_FR
0x086729D8	rom	gMawilePokedexText_FR
0x08672A44	rom	gMawilePokedexTextUnused_FR
0x08672A48	rom	gAronPokedexText_FR
0x08672ABC	rom	gAronPokedexTextUnused_FR
0x08672AC0	rom	gLaironPokedexText_FR
0x08672B34	rom	gLaironPokedexTextUnused_FR
0x08672B38	rom	gAggronPokedexText_FR
0x08672BA0	rom	gAggronPokedexTextUnused_FR
0x08672BA4	rom	gMedititePokedexText_FR
0x08672C00	rom	gMedititePokedexTextUnused_FR
0x08672C04	rom	gMedichamPokedexText_FR
0x08672C70	rom	gMedichamPokedexTextUnused_FR
0x08672C74	rom	gElectrikePokedexText_FR
0x08672CD8	rom	gElectrikePokedexTextUnused_FR
0x08672CDC	rom	gManectricPokedexText_FR
0x08672D2C	rom	gManectricPokedexTextUnused_FR
0x08672D30	rom	gPluslePokedexText_FR
0x08672DA0	rom	gPluslePokedexTextUnused_FR
0x08672DA4	rom	gMinunPokedexText_FR
0x08672E20	rom	gMinunPokedexTextUnused_FR
0x08672E24	rom	gVolbeatPokedexText_FR
0x08672E90	rom	gVolbeatPokedexTextUnused_FR
0x08672E94	rom	gIllumisePokedexText_FR
0x08672F00	rom	gIllumisePokedexTextUnused_FR
0x08672F04	rom	gRoseliaPokedexText_FR
0x08672F68	rom	gRoseliaPokedexTextUnused_FR
0x08672F6C	rom	gGulpinPokedexText_FR
0x08672FD8	rom	gGulpinPokedexTextUnused_FR
0x08672FDC	rom	gSwalotPokedexText_FR
0x08673044	rom	gSwalotPokedexTextUnused_FR
0x08673048	rom	gCarvanhaPokedexText_FR
0x086730AC	rom	gCarvanhaPokedexTextUnused_FR
0x086730B0	rom	gSharpedoPokedexText_FR
0x0867311C	rom	gSharpedoPokedexTextUnused_FR
0x08673120	rom	gWailmerPokedexText_FR
0x08673190	rom	gWailmerPokedexTextUnused_FR
0x08673194	rom	gWailordPokedexText_FR
0x08673200	rom	gWailordPokedexTextUnused_FR
0x08673204	rom	gNumelPokedexText_FR
0x0867327C	rom	gNumelPokedexTextUnused_FR
0x08673280	rom	gCameruptPokedexText_FR
0x086732EC	rom	gCameruptPokedexTextUnused_FR
0x086732F0	rom	gTorkoalPokedexText_FR
0x0867334C	rom	gTorkoalPokedexTextUnused_FR
0x08673350	rom	gSpoinkPokedexText_FR
0x086733B0	rom	gSpoinkPokedexTextUnused_FR
0x086733B4	rom	gGrumpigPokedexText_FR
0x08673420	rom	gGrumpigPokedexTextUnused_FR
0x08673424	rom	gSpindaPokedexText_FR
0x08673484	rom	gSpindaPokedexTextUnused_FR
0x08673488	rom	gTrapinchPokedexText_FR
0x086734E8	rom	gTrapinchPokedexTextUnused_FR
0x086734EC	rom	gVibravaPokedexText_FR
0x08673568	rom	gVibravaPokedexTextUnused_FR
0x0867356C	rom	gFlygonPokedexText_FR
0x086735CC	rom	gFlygonPokedexTextUnused_FR
0x086735D0	rom	gCacneaPokedexText_FR
0x08673638	rom	gCacneaPokedexTextUnused_FR
0x0867363C	rom	gCacturnePokedexText_FR
0x086736A8	rom	gCacturnePokedexTextUnused_FR
0x086736AC	rom	gSwabluPokedexText_FR
0x08673710	rom	gSwabluPokedexTextUnused_FR
0x08673714	rom	gAltariaPokedexText_FR
0x0867377C	rom	gAltariaPokedexTextUnused_FR
0x08673780	rom	gZangoosePokedexText_FR
0x086737F4	rom	gZangoosePokedexTextUnused_FR
0x086737F8	rom	gSeviperPokedexText_FR
0x0867386C	rom	gSeviperPokedexTextUnused_FR
0x08673870	rom	gLunatonePokedexText_FR
0x086738E0	rom	gLunatonePokedexTextUnused_FR
0x086738E4	rom	gSolrockPokedexText_FR
0x0867394C	rom	gSolrockPokedexTextUnused_FR
0x08673950	rom	gBarboachPokedexText_FR
0x086739A8	rom	gBarboachPokedexTextUnused_FR
0x086739AC	rom	gWhiscashPokedexText_FR
0x08673A18	rom	gWhiscashPokedexTextUnused_FR
0x08673A1C	rom	gCorphishPokedexText_FR
0x08673A88	rom	gCorphishPokedexTextUnused_FR
0x08673A8C	rom	gCrawdauntPokedexText_FR
0x08673AEC	rom	gCrawdauntPokedexTextUnused_FR
0x08673AF0	rom	gBaltoyPokedexText_FR
0x08673B60	rom	gBaltoyPokedexTextUnused_FR
0x08673B64	rom	gClaydolPokedexText_FR
0x08673BD0	rom	gClaydolPokedexTextUnused_FR
0x08673BD4	rom	gLileepPokedexText_FR
0x08673C44	rom	gLileepPokedexTextUnused_FR
0x08673C48	rom	gCradilyPokedexText_FR
0x08673CB0	rom	gCradilyPokedexTextUnused_FR
0x08673CB4	rom	gAnorithPokedexText_FR
0x08673D28	rom	gAnorithPokedexTextUnused_FR
0x08673D2C	rom	gArmaldoPokedexText_FR
0x08673D88	rom	gArmaldoPokedexTextUnused_FR
0x08673D8C	rom	gFeebasPokedexText_FR
0x08673DF4	rom	gFeebasPokedexTextUnused_FR
0x08673DF8	rom	gMiloticPokedexText_FR
0x08673E5C	rom	gMiloticPokedexTextUnused_FR
0x08673E60	rom	gCastformPokedexText_FR
0x08673ECC	rom	gCastformPokedexTextUnused_FR
0x08673ED0	rom	gKecleonPokedexText_FR
0x08673F38	rom	gKecleonPokedexTextUnused_FR
0x08673F3C	rom	gShuppetPokedexText_FR
0x08673FA0	rom	gShuppetPokedexTextUnused_FR
0x08673FA4	rom	gBanettePokedexText_FR
0x08674010	rom	gBanettePokedexTextUnused_FR
0x08674014	rom	gDuskullPokedexText_FR
0x0867407C	rom	gDuskullPokedexTextUnused_FR
0x08674080	rom	gDusclopsPokedexText_FR
0x086740EC	rom	gDusclopsPokedexTextUnused_FR
0x086740F0	rom	gTropiusPokedexText_FR
0x08674160	rom	gTropiusPokedexTextUnused_FR
0x08674164	rom	gChimechoPokedexText_FR
0x086741D4	rom	gChimechoPokedexTextUnused_FR
0x086741D8	rom	gAbsolPokedexText_FR
0x08674244	rom	gAbsolPokedexTextUnused_FR
0x08674248	rom	gWynautPokedexText_FR
0x086742A4	rom	gWynautPokedexTextUnused_FR
0x086742A8	rom	gSnoruntPokedexText_FR
0x0867431C	rom	gSnoruntPokedexTextUnused_FR
0x08674320	rom	gGlaliePokedexText_FR
0x0867438C	rom	gGlaliePokedexTextUnused_FR
0x08674390	rom	gSphealPokedexText_FR
0x086743F4	rom	gSphealPokedexTextUnused_FR
0x086743F8	rom	gSealeoPokedexText_FR
0x08674464	rom	gSealeoPokedexTextUnused_FR
0x08674468	rom	gWalreinPokedexText_FR
0x086744DC	rom	gWalreinPokedexTextUnused_FR
0x086744E0	rom	gClamperlPokedexText_FR
0x08674538	rom	gClamperlPokedexTextUnused_FR
0x0867453C	rom	gHuntailPokedexText_FR
0x086745B0	rom	gHuntailPokedexTextUnused_FR
0x086745B4	rom	gGorebyssPokedexText_FR
0x08674624	rom	gGorebyssPokedexTextUnused_FR
0x08674628	rom	gRelicanthPokedexText_FR
0x0867468C	rom	gRelicanthPokedexTextUnused_FR
0x08674690	rom	gLuvdiscPokedexText_FR
0x086746F4	rom	gLuvdiscPokedexTextUnused_FR
0x086746F8	rom	gBagonPokedexText_FR
0x08674758	rom	gBagonPokedexTextUnused_FR
0x0867475C	rom	gShelgonPokedexText_FR
0x086747D4	rom	gShelgonPokedexTextUnused_FR
0x086747D8	rom	gSalamencePokedexText_FR
0x0867483C	rom	gSalamencePokedexTextUnused_FR
0x08674840	rom	gBeldumPokedexText_FR
0x0867489C	rom	gBeldumPokedexTextUnused_FR
0x086748A0	rom	gMetangPokedexText_FR
0x08674910	rom	gMetangPokedexTextUnused_FR
0x08674914	rom	gMetagrossPokedexText_FR
0x08674974	rom	gMetagrossPokedexTextUnused_FR
0x08674978	rom	gRegirockPokedexText_FR
0x086749E8	rom	gRegirockPokedexTextUnused_FR
0x086749EC	rom	gRegicePokedexText_FR
0x08674A50	rom	gRegicePokedexTextUnused_FR
0x08674A54	rom	gRegisteelPokedexText_FR
0x08674AC4	rom	gRegisteelPokedexTextUnused_FR
0x08674AC8	rom	gLatiasPokedexText_FR
0x08674B38	rom	gLatiasPokedexTextUnused_FR
0x08674B3C	rom	gLatiosPokedexText_FR
0x08674BAC	rom	gLatiosPokedexTextUnused_FR
0x08674BB0	rom	gKyogrePokedexText_FR
0x08674C1C	rom	gKyogrePokedexTextUnused_FR
0x08674C20	rom	gGroudonPokedexText_FR
0x08674C80	rom	gGroudonPokedexTextUnused_FR
0x08674C84	rom	gRayquazaPokedexText_FR
0x08674CEC	rom	gRayquazaPokedexTextUnused_FR
0x08674CF0	rom	gJirachiPokedexText_FR
0x08674D50	rom	gJirachiPokedexTextUnused_FR
0x08674D54	rom	gDeoxysPokedexText_FR
0x08674DBC	rom	gDeoxysPokedexTextUnused_FR
0x08674DC0	rom	gDummyPokedexText_LG
0x08674E3C	rom	gDummyPokedexTextUnused_LG
0x08674E40	rom	gBulbasaurPokedexText_LG
0x08674EA0	rom	gBulbasaurPokedexTextUnused_LG
0x08674EA4	rom	gIvysaurPokedexText_LG
0x08674F08	rom	gIvysaurPokedexTextUnused_LG
0x08674F0C	rom	gVenusaurPokedexText_LG
0x08674F68	rom	gVenusaurPokedexTextUnused_LG
0x08674F6C	rom	gCharmanderPokedexText_LG
0x08674FD0	rom	gCharmanderPokedexTextUnused_LG
0x08674FD4	rom	gCharmeleonPokedexText_LG
0x08675034	rom	gCharmeleonPokedexTextUnused_LG
0x08675038	rom	gCharizardPokedexText_LG
0x08675098	rom	gCharizardPokedexTextUnused_LG
0x0867509C	rom	gSquirtlePokedexText_LG
0x08675100	rom	gSquirtlePokedexTextUnused_LG
0x08675104	rom	gWartortlePokedexText_LG
0x0867516C	rom	gWartortlePokedexTextUnused_LG
0x08675170	rom	gBlastoisePokedexText_LG
0x086751CC	rom	gBlastoisePokedexTextUnused_LG
0x086751D0	rom	gCaterpiePokedexText_LG
0x08675234	rom	gCaterpiePokedexTextUnused_LG
0x08675238	rom	gMetapodPokedexText_LG
0x0867529C	rom	gMetapodPokedexTextUnused_LG
0x086752A0	rom	gButterfreePokedexText_LG
0x086752F8	rom	gButterfreePokedexTextUnused_LG
0x086752FC	rom	gWeedlePokedexText_LG
0x0867535C	rom	gWeedlePokedexTextUnused_LG
0x08675360	rom	gKakunaPokedexText_LG
0x086753CC	rom	gKakunaPokedexTextUnused_LG
0x086753D0	rom	gBeedrillPokedexText_LG
0x08675430	rom	gBeedrillPokedexTextUnused_LG
0x08675434	rom	gPidgeyPokedexText_LG
0x08675498	rom	gPidgeyPokedexTextUnused_LG
0x0867549C	rom	gPidgeottoPokedexText_LG
0x08675500	rom	gPidgeottoPokedexTextUnused_LG
0x08675504	rom	gPidgeotPokedexText_LG
0x08675568	rom	gPidgeotPokedexTextUnused_LG
0x0867556C	rom	gRattataPokedexText_LG
0x086755C8	rom	gRattataPokedexTextUnused_LG
0x086755CC	rom	gRaticatePokedexText_LG
0x08675628	rom	gRaticatePokedexTextUnused_LG
0x0867562C	rom	gSpearowPokedexText_LG
0x08675688	rom	gSpearowPokedexTextUnused_LG
0x0867568C	rom	gFearowPokedexText_LG
0x086756EC	rom	gFearowPokedexTextUnused_LG
0x086756F0	rom	gEkansPokedexText_LG
0x08675750	rom	gEkansPokedexTextUnused_LG
0x08675754	rom	gArbokPokedexText_LG
0x086757B0	rom	gArbokPokedexTextUnused_LG
0x086757B4	rom	gPikachuPokedexText_LG
0x08675814	rom	gPikachuPokedexTextUnused_LG
0x08675818	rom	gRaichuPokedexText_LG
0x0867586C	rom	gRaichuPokedexTextUnused_LG
0x08675870	rom	gSandshrewPokedexText_LG
0x086758D0	rom	gSandshrewPokedexTextUnused_LG
0x086758D4	rom	gSandslashPokedexText_LG
0x08675934	rom	gSandslashPokedexTextUnused_LG
0x08675938	rom	gNidoranFPokedexText_LG
0x08675998	rom	gNidoranFPokedexTextUnused_LG
0x0867599C	rom	gNidorinaPokedexText_LG
0x086759F4	rom	gNidorinaPokedexTextUnused_LG
0x086759F8	rom	gNidoqueenPokedexText_LG
0x08675A58	rom	gNidoqueenPokedexTextUnused_LG
0x08675A5C	rom	gNidoranMPokedexText_LG
0x08675AC0	rom	gNidoranMPokedexTextUnused_LG
0x08675AC4	rom	gNidorinoPokedexText_LG
0x08675B24	rom	gNidorinoPokedexTextUnused_LG
0x08675B28	rom	gNidokingPokedexText_LG
0x08675B80	rom	gNidokingPokedexTextUnused_LG
0x08675B84	rom	gClefairyPokedexText_LG
0x08675BEC	rom	gClefairyPokedexTextUnused_LG
0x08675BF0	rom	gClefablePokedexText_LG
0x08675C50	rom	gClefablePokedexTextUnused_LG
0x08675C54	rom	gVulpixPokedexText_LG
0x08675CB8	rom	gVulpixPokedexTextUnused_LG
0x08675CBC	rom	gNinetalesPokedexText_LG
0x08675D20	rom	gNinetalesPokedexTextUnused_LG
0x08675D24	rom	gJigglypuffPokedexText_LG
0x08675D88	rom	gJigglypuffPokedexTextUnused_LG
0x08675D8C	rom	gWigglytuffPokedexText_LG
0x08675DF4	rom	gWigglytuffPokedexTextUnused_LG
0x08675DF8	rom	gZubatPokedexText_LG
0x08675E64	rom	gZubatPokedexTextUnused_LG
0x08675E68	rom	gGolbatPokedexText_LG
0x08675ECC	rom	gGolbatPokedexTextUnused_LG
0x08675ED0	rom	gOddishPokedexText_LG
0x08675F38	rom	gOddishPokedexTextUnused_LG
0x08675F3C	rom	gGloomPokedexText_LG
0x08675F9C	rom	gGloomPokedexTextUnused_LG
0x08675FA0	rom	gVileplumePokedexText_LG
0x08676008	rom	gVileplumePokedexTextUnused_LG
0x0867600C	rom	gParasPokedexText_LG
0x08676070	rom	gParasPokedexTextUnused_LG
0x08676074	rom	gParasectPokedexText_LG
0x086760DC	rom	gParasectPokedexTextUnused_LG
0x086760E0	rom	gVenonatPokedexText_LG
0x0867613C	rom	gVenonatPokedexTextUnused_LG
0x08676140	rom	gVenomothPokedexText_LG
0x086761A0	rom	gVenomothPokedexTextUnused_LG
0x086761A4	rom	gDiglettPokedexText_LG
0x08676208	rom	gDiglettPokedexTextUnused_LG
0x0867620C	rom	gDugtrioPokedexText_LG
0x08676268	rom	gDugtrioPokedexTextUnused_LG
0x0867626C	rom	gMeowthPokedexText_LG
0x086762D0	rom	gMeowthPokedexTextUnused_LG
0x086762D4	rom	gPersianPokedexText_LG
0x08676338	rom	gPersianPokedexTextUnused_LG
0x0867633C	rom	gPsyduckPokedexText_LG
0x086763A0	rom	gPsyduckPokedexTextUnused_LG
0x086763A4	rom	gGolduckPokedexText_LG
0x08676408	rom	gGolduckPokedexTextUnused_LG
0x0867640C	rom	gMankeyPokedexText_LG
0x0867646C	rom	gMankeyPokedexTextUnused_LG
0x08676470	rom	gPrimeapePokedexText_LG
0x086764D4	rom	gPrimeapePokedexTextUnused_LG
0x086764D8	rom	gGrowlithePokedexText_LG
0x0867653C	rom	gGrowlithePokedexTextUnused_LG
0x08676540	rom	gArcaninePokedexText_LG
0x08676598	rom	gArcaninePokedexTextUnused_LG
0x0867659C	rom	gPoliwagPokedexText_LG
0x086765FC	rom	gPoliwagPokedexTextUnused_LG
0x08676600	rom	gPoliwhirlPokedexText_LG
0x08676660	rom	gPoliwhirlPokedexTextUnused_LG
0x08676664	rom	gPoliwrathPokedexText_LG
0x086766C8	rom	gPoliwrathPokedexTextUnused_LG
0x086766CC	rom	gAbraPokedexText_LG
0x08676724	rom	gAbraPokedexTextUnused_LG
0x08676728	rom	gKadabraPokedexText_LG
0x08676780	rom	gKadabraPokedexTextUnused_LG
0x08676784	rom	gAlakazamPokedexText_LG
0x086767EC	rom	gAlakazamPokedexTextUnused_LG
0x086767F0	rom	gMachopPokedexText_LG
0x08676850	rom	gMachopPokedexTextUnused_LG
0x08676854	rom	gMachokePokedexText_LG
0x086768BC	rom	gMachokePokedexTextUnused_LG
0x086768C0	rom	gMachampPokedexText_LG
0x08676918	rom	gMachampPokedexTextUnused_LG
0x0867691C	rom	gBellsproutPokedexText_LG
0x08676984	rom	gBellsproutPokedexTextUnused_LG
0x08676988	rom	gWeepinbellPokedexText_LG
0x086769E8	rom	gWeepinbellPokedexTextUnused_LG
0x086769EC	rom	gVictreebelPokedexText_LG
0x08676A4C	rom	gVictreebelPokedexTextUnused_LG
0x08676A50	rom	gTentacoolPokedexText_LG
0x08676AB0	rom	gTentacoolPokedexTextUnused_LG
0x08676AB4	rom	gTentacruelPokedexText_LG
0x08676B18	rom	gTentacruelPokedexTextUnused_LG
0x08676B1C	rom	gGeodudePokedexText_LG
0x08676B7C	rom	gGeodudePokedexTextUnused_LG
0x08676B80	rom	gGravelerPokedexText_LG
0x08676BE4	rom	gGravelerPokedexTextUnused_LG
0x08676BE8	rom	gGolemPokedexText_LG
0x08676C50	rom	gGolemPokedexTextUnused_LG
0x08676C54	rom	gPonytaPokedexText_LG
0x08676CBC	rom	gPonytaPokedexTextUnused_LG
0x08676CC0	rom	gRapidashPokedexText_LG
0x08676D20	rom	gRapidashPokedexTextUnused_LG
0x08676D24	rom	gSlowpokePokedexText_LG
0x08676D7C	rom	gSlowpokePokedexTextUnused_LG
0x08676D80	rom	gSlowbroPokedexText_LG
0x08676DE0	rom	gSlowbroPokedexTextUnused_LG
0x08676DE4	rom	gMagnemitePokedexText_LG
0x08676E4C	rom	gMagnemitePokedexTextUnused_LG
0x08676E50	rom	gMagnetonPokedexText_LG
0x08676EAC	rom	gMagnetonPokedexTextUnused_LG
0x08676EB0	rom	gFarfetchdPokedexText_LG
0x08676F14	rom	gFarfetchdPokedexTextUnused_LG
0x08676F18	rom	gDoduoPokedexText_LG
0x08676F74	rom	gDoduoPokedexTextUnused_LG
0x08676F78	rom	gDodrioPokedexText_LG
0x08676FE0	rom	gDodrioPokedexTextUnused_LG
0x08676FE4	rom	gSeelPokedexText_LG
0x08677044	rom	gSeelPokedexTextUnused_LG
0x08677048	rom	gDewgongPokedexText_LG
0x086770B0	rom	gDewgongPokedexTextUnused_LG
0x086770B4	rom	gGrimerPokedexText_LG
0x08677118	rom	gGrimerPokedexTextUnused_LG
0x0867711C	rom	gMukPokedexText_LG
0x0867717C	rom	gMukPokedexTextUnused_LG
0x08677180	rom	gShellderPokedexText_LG
0x086771D8	rom	gShellderPokedexTextUnused_LG
0x086771DC	rom	gCloysterPokedexText_LG
0x08677238	rom	gCloysterPokedexTextUnused_LG
0x0867723C	rom	gGastlyPokedexText_LG
0x0867729C	rom	gGastlyPokedexTextUnused_LG
0x086772A0	rom	gHaunterPokedexText_LG
0x08677300	rom	gHaunterPokedexTextUnused_LG
0x08677304	rom	gGengarPokedexText_LG
0x08677364	rom	gGengarPokedexTextUnused_LG
0x08677368	rom	gOnixPokedexText_LG
0x086773C8	rom	gOnixPokedexTextUnused_LG
0x086773CC	rom	gDrowzeePokedexText_LG
0x08677430	rom	gDrowzeePokedexTextUnused_LG
0x08677434	rom	gHypnoPokedexText_LG
0x08677498	rom	gHypnoPokedexTextUnused_LG
0x0867749C	rom	gKrabbyPokedexText_LG
0x086774F8	rom	gKrabbyPokedexTextUnused_LG
0x086774FC	rom	gKinglerPokedexText_LG
0x08677564	rom	gKinglerPokedexTextUnused_LG
0x08677568	rom	gVoltorbPokedexText_LG
0x086775C4	rom	gVoltorbPokedexTextUnused_LG
0x086775C8	rom	gElectrodePokedexText_LG
0x08677630	rom	gElectrodePokedexTextUnused_LG
0x08677634	rom	gExeggcutePokedexText_LG
0x08677690	rom	gExeggcutePokedexTextUnused_LG
0x08677694	rom	gExeggutorPokedexText_LG
0x086776F8	rom	gExeggutorPokedexTextUnused_LG
0x086776FC	rom	gCubonePokedexText_LG
0x08677758	rom	gCubonePokedexTextUnused_LG
0x0867775C	rom	gMarowakPokedexText_LG
0x086777C0	rom	gMarowakPokedexTextUnused_LG
0x086777C4	rom	gHitmonleePokedexText_LG
0x08677828	rom	gHitmonleePokedexTextUnused_LG
0x0867782C	rom	gHitmonchanPokedexText_LG
0x08677894	rom	gHitmonchanPokedexTextUnused_LG
0x08677898	rom	gLickitungPokedexText_LG
0x08677900	rom	gLickitungPokedexTextUnused_LG
0x08677904	rom	gKoffingPokedexText_LG
0x0867796C	rom	gKoffingPokedexTextUnused_LG
0x08677970	rom	gWeezingPokedexText_LG
0x086779CC	rom	gWeezingPokedexTextUnused_LG
0x086779D0	rom	gRhyhornPokedexText_LG
0x08677A38	rom	gRhyhornPokedexTextUnused_LG
0x08677A3C	rom	gRhydonPokedexText_LG
0x08677AA4	rom	gRhydonPokedexTextUnused_LG
0x08677AA8	rom	gChanseyPokedexText_LG
0x08677B08	rom	gChanseyPokedexTextUnused_LG
0x08677B0C	rom	gTangelaPokedexText_LG
0x08677B70	rom	gTangelaPokedexTextUnused_LG
0x08677B74	rom	gKangaskhanPokedexText_LG
0x08677BD4	rom	gKangaskhanPokedexTextUnused_LG
0x08677BD8	rom	gHorseaPokedexText_LG
0x08677C34	rom	gHorseaPokedexTextUnused_LG
0x08677C38	rom	gSeadraPokedexText_LG
0x08677C9C	rom	gSeadraPokedexTextUnused_LG
0x08677CA0	rom	gGoldeenPokedexText_LG
0x08677D04	rom	gGoldeenPokedexTextUnused_LG
0x08677D08	rom	gSeakingPokedexText_LG
0x08677D64	rom	gSeakingPokedexTextUnused_LG
0x08677D68	rom	gStaryuPokedexText_LG
0x08677DC0	rom	gStaryuPokedexTextUnused_LG
0x08677DC4	rom	gStarmiePokedexText_LG
0x08677E28	rom	gStarmiePokedexTextUnused_LG
0x08677E2C	rom	gMrmimePokedexText_LG
0x08677E90	rom	gMrmimePokedexTextUnused_LG
0x08677E94	rom	gScytherPokedexText_LG
0x08677EFC	rom	gScytherPokedexTextUnused_LG
0x08677F00	rom	gJynxPokedexText_LG
0x08677F60	rom	gJynxPokedexTextUnused_LG
0x08677F64	rom	gElectabuzzPokedexText_LG
0x08677FC0	rom	gElectabuzzPokedexTextUnused_LG
0x08677FC4	rom	gMagmarPokedexText_LG
0x08678020	rom	gMagmarPokedexTextUnused_LG
0x08678024	rom	gPinsirPokedexText_LG
0x08678080	rom	gPinsirPokedexTextUnused_LG
0x08678084	rom	gTaurosPokedexText_LG
0x086780E0	rom	gTaurosPokedexTextUnused_LG
0x086780E4	rom	gMagikarpPokedexText_LG
0x08678148	rom	gMagikarpPokedexTextUnused_LG
0x0867814C	rom	gGyaradosPokedexText_LG
0x086781AC	rom	gGyaradosPokedexTextUnused_LG
0x086781B0	rom	gLaprasPokedexText_LG
0x0867820C	rom	gLaprasPokedexTextUnused_LG
0x08678210	rom	gDittoPokedexText_LG
0x0867827C	rom	gDittoPokedexTextUnused_LG
0x08678280	rom	gEeveePokedexText_LG
0x086782E0	rom	gEeveePokedexTextUnused_LG
0x086782E4	rom	gVaporeonPokedexText_LG
0x08678348	rom	gVaporeonPokedexTextUnused_LG
0x0867834C	rom	gJolteonPokedexText_LG
0x086783A8	rom	gJolteonPokedexTextUnused_LG
0x086783AC	rom	gFlareonPokedexText_LG
0x08678410	rom	gFlareonPokedexTextUnused_LG
0x08678414	rom	gPorygonPokedexText_LG
0x08678478	rom	gPorygonPokedexTextUnused_LG
0x0867847C	rom	gOmanytePokedexText_LG
0x086784D4	rom	gOmanytePokedexTextUnused_LG
0x086784D8	rom	gOmastarPokedexText_LG
0x08678548	rom	gOmastarPokedexTextUnused_LG
0x0867854C	rom	gKabutoPokedexText_LG
0x086785AC	rom	gKabutoPokedexTextUnused_LG
0x086785B0	rom	gKabutopsPokedexText_LG
0x08678614	rom	gKabutopsPokedexTextUnused_LG
0x08678618	rom	gAerodactylPokedexText_LG
0x0867867C	rom	gAerodactylPokedexTextUnused_LG
0x08678680	rom	gSnorlaxPokedexText_LG
0x086786E0	rom	gSnorlaxPokedexTextUnused_LG
0x086786E4	rom	gArticunoPokedexText_LG
0x08678744	rom	gArticunoPokedexTextUnused_LG
0x08678748	rom	gZapdosPokedexText_LG
0x086787B0	rom	gZapdosPokedexTextUnused_LG
0x086787B4	rom	gMoltresPokedexText_LG
0x08678828	rom	gMoltresPokedexTextUnused_LG
0x0867882C	rom	gDratiniPokedexText_LG
0x08678890	rom	gDratiniPokedexTextUnused_LG
0x08678894	rom	gDragonairPokedexText_LG
0x086788F8	rom	gDragonairPokedexTextUnused_LG
0x086788FC	rom	gDragonitePokedexText_LG
0x0867895C	rom	gDragonitePokedexTextUnused_LG
0x08678960	rom	gMewtwoPokedexText_LG
0x086789C8	rom	gMewtwoPokedexTextUnused_LG
0x086789CC	rom	gMewPokedexText_LG
0x08678A34	rom	gMewPokedexTextUnused_LG
0x08678A38	rom	gChikoritaPokedexText_LG
0x08678AA0	rom	gChikoritaPokedexTextUnused_LG
0x08678AA4	rom	gBayleefPokedexText_LG
0x08678B04	rom	gBayleefPokedexTextUnused_LG
0x08678B08	rom	gMeganiumPokedexText_LG
0x08678B64	rom	gMeganiumPokedexTextUnused_LG
0x08678B68	rom	gCyndaquilPokedexText_LG
0x08678BD0	rom	gCyndaquilPokedexTextUnused_LG
0x08678BD4	rom	gQuilavaPokedexText_LG
0x08678C3C	rom	gQuilavaPokedexTextUnused_LG
0x08678C40	rom	gTyphlosionPokedexText_LG
0x08678CA4	rom	gTyphlosionPokedexTextUnused_LG
0x08678CA8	rom	gTotodilePokedexText_LG
0x08678D14	rom	gTotodilePokedexTextUnused_LG
0x08678D18	rom	gCroconawPokedexText_LG
0x08678D7C	rom	gCroconawPokedexTextUnused_LG
0x08678D80	rom	gFeraligatrPokedexText_LG
0x08678DE8	rom	gFeraligatrPokedexTextUnused_LG
0x08678DEC	rom	gSentretPokedexText_LG
0x08678E54	rom	gSentretPokedexTextUnused_LG
0x08678E58	rom	gFurretPokedexText_LG
0x08678EC0	rom	gFurretPokedexTextUnused_LG
0x08678EC4	rom	gHoothootPokedexText_LG
0x08678F1C	rom	gHoothootPokedexTextUnused_LG
0x08678F20	rom	gNoctowlPokedexText_LG
0x08678F84	rom	gNoctowlPokedexTextUnused_LG
0x08678F88	rom	gLedybaPokedexText_LG
0x08678FF0	rom	gLedybaPokedexTextUnused_LG
0x08678FF4	rom	gLedianPokedexText_LG
0x08679050	rom	gLedianPokedexTextUnused_LG
0x08679054	rom	gSpinarakPokedexText_LG
0x086790BC	rom	gSpinarakPokedexTextUnused_LG
0x086790C0	rom	gAriadosPokedexText_LG
0x08679128	rom	gAriadosPokedexTextUnused_LG
0x0867912C	rom	gCrobatPokedexText_LG
0x08679194	rom	gCrobatPokedexTextUnused_LG
0x08679198	rom	gChinchouPokedexText_LG
0x08679200	rom	gChinchouPokedexTextUnused_LG
0x08679204	rom	gLanturnPokedexText_LG
0x08679270	rom	gLanturnPokedexTextUnused_LG
0x08679274	rom	gPichuPokedexText_LG
0x086792D0	rom	gPichuPokedexTextUnused_LG
0x086792D4	rom	gCleffaPokedexText_LG
0x08679330	rom	gCleffaPokedexTextUnused_LG
0x08679334	rom	gIgglybuffPokedexText_LG
0x08679398	rom	gIgglybuffPokedexTextUnused_LG
0x0867939C	rom	gTogepiPokedexText_LG
0x08679400	rom	gTogepiPokedexTextUnused_LG
0x08679404	rom	gTogeticPokedexText_LG
0x08679464	rom	gTogeticPokedexTextUnused_LG
0x08679468	rom	gNatuPokedexText_LG
0x086794D4	rom	gNatuPokedexTextUnused_LG
0x086794D8	rom	gXatuPokedexText_LG
0x08679540	rom	gXatuPokedexTextUnused_LG
0x08679544	rom	gMareepPokedexText_LG
0x086795A8	rom	gMareepPokedexTextUnused_LG
0x086795AC	rom	gFlaaffyPokedexText_LG
0x08679610	rom	gFlaaffyPokedexTextUnused_LG
0x08679614	rom	gAmpharosPokedexText_LG
0x08679678	rom	gAmpharosPokedexTextUnused_LG
0x0867967C	rom	gBellossomPokedexText_LG
0x086796E4	rom	gBellossomPokedexTextUnused_LG
0x086796E8	rom	gMarillPokedexText_LG
0x0867974C	rom	gMarillPokedexTextUnused_LG
0x08679750	rom	gAzumarillPokedexText_LG
0x086797B0	rom	gAzumarillPokedexTextUnused_LG
0x086797B4	rom	gSudowoodoPokedexText_LG
0x0867981C	rom	gSudowoodoPokedexTextUnused_LG
0x08679820	rom	gPolitoedPokedexText_LG
0x0867987C	rom	gPolitoedPokedexTextUnused_LG
0x08679880	rom	gHoppipPokedexText_LG
0x086798EC	rom	gHoppipPokedexTextUnused_LG
0x086798F0	rom	gSkiploomPokedexText_LG
0x0867994C	rom	gSkiploomPokedexTextUnused_LG
0x08679950	rom	gJumpluffPokedexText_LG
0x086799B8	rom	gJumpluffPokedexTextUnused_LG
0x086799BC	rom	gAipomPokedexText_LG
0x08679A1C	rom	gAipomPokedexTextUnused_LG
0x08679A20	rom	gSunkernPokedexText_LG
0x08679A84	rom	gSunkernPokedexTextUnused_LG
0x08679A88	rom	gSunfloraPokedexText_LG
0x08679AF0	rom	gSunfloraPokedexTextUnused_LG
0x08679AF4	rom	gYanmaPokedexText_LG
0x08679B5C	rom	gYanmaPokedexTextUnused_LG
0x08679B60	rom	gWooperPokedexText_LG
0x08679BC8	rom	gWooperPokedexTextUnused_LG
0x08679BCC	rom	gQuagsirePokedexText_LG
0x08679C2C	rom	gQuagsirePokedexTextUnused_LG
0x08679C30	rom	gEspeonPokedexText_LG
0x08679C94	rom	gEspeonPokedexTextUnused_LG
0x08679C98	rom	gUmbreonPokedexText_LG
0x08679CF0	rom	gUmbreonPokedexTextUnused_LG
0x08679CF4	rom	gMurkrowPokedexText_LG
0x08679D58	rom	gMurkrowPokedexTextUnused_LG
0x08679D5C	rom	gSlowkingPokedexText_LG
0x08679DC0	rom	gSlowkingPokedexTextUnused_LG
0x08679DC4	rom	gMisdreavusPokedexText_LG
0x08679E24	rom	gMisdreavusPokedexTextUnused_LG
0x08679E28	rom	gUnownPokedexText_LG
0x08679E8C	rom	gUnownPokedexTextUnused_LG
0x08679E90	rom	gWobbuffetPokedexText_LG
0x08679EEC	rom	gWobbuffetPokedexTextUnused_LG
0x08679EF0	rom	gGirafarigPokedexText_LG
0x08679F58	rom	gGirafarigPokedexTextUnused_LG
0x08679F5C	rom	gPinecoPokedexText_LG
0x08679FC4	rom	gPinecoPokedexTextUnused_LG
0x08679FC8	rom	gForretressPokedexText_LG
0x0867A02C	rom	gForretressPokedexTextUnused_LG
0x0867A030	rom	gDunsparcePokedexText_LG
0x0867A090	rom	gDunsparcePokedexTextUnused_LG
0x0867A094	rom	gGligarPokedexText_LG
0x0867A0F8	rom	gGligarPokedexTextUnused_LG
0x0867A0FC	rom	gSteelixPokedexText_LG
0x0867A160	rom	gSteelixPokedexTextUnused_LG
0x0867A164	rom	gSnubbullPokedexText_LG
0x0867A1CC	rom	gSnubbullPokedexTextUnused_LG
0x0867A1D0	rom	gGranbullPokedexText_LG
0x0867A230	rom	gGranbullPokedexTextUnused_LG
0x0867A234	rom	gQwilfishPokedexText_LG
0x0867A29C	rom	gQwilfishPokedexTextUnused_LG
0x0867A2A0	rom	gScizorPokedexText_LG
0x0867A308	rom	gScizorPokedexTextUnused_LG
0x0867A30C	rom	gShucklePokedexText_LG
0x0867A360	rom	gShucklePokedexTextUnused_LG
0x0867A364	rom	gHeracrossPokedexText_LG
0x0867A3CC	rom	gHeracrossPokedexTextUnused_LG
0x0867A3D0	rom	gSneaselPokedexText_LG
0x0867A434	rom	gSneaselPokedexTextUnused_LG
0x0867A438	rom	gTeddiursaPokedexText_LG
0x0867A4A4	rom	gTeddiursaPokedexTextUnused_LG
0x0867A4A8	rom	gUrsaringPokedexText_LG
0x0867A510	rom	gUrsaringPokedexTextUnused_LG
0x0867A514	rom	gSlugmaPokedexText_LG
0x0867A578	rom	gSlugmaPokedexTextUnused_LG
0x0867A57C	rom	gMagcargoPokedexText_LG
0x0867A5E4	rom	gMagcargoPokedexTextUnused_LG
0x0867A5E8	rom	gSwinubPokedexText_LG
0x0867A648	rom	gSwinubPokedexTextUnused_LG
0x0867A64C	rom	gPiloswinePokedexText_LG
0x0867A6AC	rom	gPiloswinePokedexTextUnused_LG
0x0867A6B0	rom	gCorsolaPokedexText_LG
0x0867A710	rom	gCorsolaPokedexTextUnused_LG
0x0867A714	rom	gRemoraidPokedexText_LG
0x0867A77C	rom	gRemoraidPokedexTextUnused_LG
0x0867A780	rom	gOctilleryPokedexText_LG
0x0867A7E0	rom	gOctilleryPokedexTextUnused_LG
0x0867A7E4	rom	gDelibirdPokedexText_LG
0x0867A848	rom	gDelibirdPokedexTextUnused_LG
0x0867A84C	rom	gMantinePokedexText_LG
0x0867A8B0	rom	gMantinePokedexTextUnused_LG
0x0867A8B4	rom	gSkarmoryPokedexText_LG
0x0867A91C	rom	gSkarmoryPokedexTextUnused_LG
0x0867A920	rom	gHoundourPokedexText_LG
0x0867A984	rom	gHoundourPokedexTextUnused_LG
0x0867A988	rom	gHoundoomPokedexText_LG
0x0867A9E0	rom	gHoundoomPokedexTextUnused_LG
0x0867A9E4	rom	gKingdraPokedexText_LG
0x0867AA40	rom	gKingdraPokedexTextUnused_LG
0x0867AA44	rom	gPhanpyPokedexText_LG
0x0867AAA4	rom	gPhanpyPokedexTextUnused_LG
0x0867AAA8	rom	gDonphanPokedexText_LG
0x0867AB08	rom	gDonphanPokedexTextUnused_LG
0x0867AB0C	rom	gPorygon2PokedexText_LG
0x0867AB6C	rom	gPorygon2PokedexTextUnused_LG
0x0867AB70	rom	gStantlerPokedexText_LG
0x0867ABD8	rom	gStantlerPokedexTextUnused_LG
0x0867ABDC	rom	gSmearglePokedexText_LG
0x0867AC44	rom	gSmearglePokedexTextUnused_LG
0x0867AC48	rom	gTyroguePokedexText_LG
0x0867ACAC	rom	gTyroguePokedexTextUnused_LG
0x0867ACB0	rom	gHitmontopPokedexText_LG
0x0867AD0C	rom	gHitmontopPokedexTextUnused_LG
0x0867AD10	rom	gSmoochumPokedexText_LG
0x0867AD74	rom	gSmoochumPokedexTextUnused_LG
0x0867AD78	rom	gElekidPokedexText_LG
0x0867ADE0	rom	gElekidPokedexTextUnused_LG
0x0867ADE4	rom	gMagbyPokedexText_LG
0x0867AE44	rom	gMagbyPokedexTextUnused_LG
0x0867AE48	rom	gMiltankPokedexText_LG
0x0867AEA4	rom	gMiltankPokedexTextUnused_LG
0x0867AEA8	rom	gBlisseyPokedexText_LG
0x0867AF10	rom	gBlisseyPokedexTextUnused_LG
0x0867AF14	rom	gRaikouPokedexText_LG
0x0867AF7C	rom	gRaikouPokedexTextUnused_LG
0x0867AF80	rom	gEnteiPokedexText_LG
0x0867AFE8	rom	gEnteiPokedexTextUnused_LG
0x0867AFEC	rom	gSuicunePokedexText_LG
0x0867B048	rom	gSuicunePokedexTextUnused_LG
0x0867B04C	rom	gLarvitarPokedexText_LG
0x0867B0A8	rom	gLarvitarPokedexTextUnused_LG
0x0867B0AC	rom	gPupitarPokedexText_LG
0x0867B114	rom	gPupitarPokedexTextUnused_LG
0x0867B118	rom	gTyranitarPokedexText_LG
0x0867B180	rom	gTyranitarPokedexTextUnused_LG
0x0867B184	rom	gLugiaPokedexText_LG
0x0867B1F0	rom	gLugiaPokedexTextUnused_LG
0x0867B1F4	rom	gHoOhPokedexText_LG
0x0867B25C	rom	gHoOhPokedexTextUnused_LG
0x0867B260	rom	gCelebiPokedexText_LG
0x0867B2C4	rom	gCelebiPokedexTextUnused_LG
0x0867B2C8	rom	gTreeckoPokedexText_LG
0x0867B334	rom	gTreeckoPokedexTextUnused_LG
0x0867B338	rom	gGrovylePokedexText_LG
0x0867B394	rom	gGrovylePokedexTextUnused_LG
0x0867B398	rom	gSceptilePokedexText_LG
0x0867B404	rom	gSceptilePokedexTextUnused_LG
0x0867B408	rom	gTorchicPokedexText_LG
0x0867B464	rom	gTorchicPokedexTextUnused_LG
0x0867B468	rom	gCombuskenPokedexText_LG
0x0867B4CC	rom	gCombuskenPokedexTextUnused_LG
0x0867B4D0	rom	gBlazikenPokedexText_LG
0x0867B540	rom	gBlazikenPokedexTextUnused_LG
0x0867B544	rom	gMudkipPokedexText_LG
0x0867B5B0	rom	gMudkipPokedexTextUnused_LG
0x0867B5B4	rom	gMarshtompPokedexText_LG
0x0867B61C	rom	gMarshtompPokedexTextUnused_LG
0x0867B620	rom	gSwampertPokedexText_LG
0x0867B690	rom	gSwampertPokedexTextUnused_LG
0x0867B694	rom	gPoochyenaPokedexText_LG
0x0867B704	rom	gPoochyenaPokedexTextUnused_LG
0x0867B708	rom	gMightyenaPokedexText_LG
0x0867B780	rom	gMightyenaPokedexTextUnused_LG
0x0867B784	rom	gZigzagoonPokedexText_LG
0x0867B7E8	rom	gZigzagoonPokedexTextUnused_LG
0x0867B7EC	rom	gLinoonePokedexText_LG
0x0867B85C	rom	gLinoonePokedexTextUnused_LG
0x0867B860	rom	gWurmplePokedexText_LG
0x0867B8D4	rom	gWurmplePokedexTextUnused_LG
0x0867B8D8	rom	gSilcoonPokedexText_LG
0x0867B950	rom	gSilcoonPokedexTextUnused_LG
0x0867B954	rom	gBeautiflyPokedexText_LG
0x0867B9BC	rom	gBeautiflyPokedexTextUnused_LG
0x0867B9C0	rom	gCascoonPokedexText_LG
0x0867BA20	rom	gCascoonPokedexTextUnused_LG
0x0867BA24	rom	gDustoxPokedexText_LG
0x0867BA94	rom	gDustoxPokedexTextUnused_LG
0x0867BA98	rom	gLotadPokedexText_LG
0x0867BB00	rom	gLotadPokedexTextUnused_LG
0x0867BB04	rom	gLombrePokedexText_LG
0x0867BB7C	rom	gLombrePokedexTextUnused_LG
0x0867BB80	rom	gLudicoloPokedexText_LG
0x0867BBDC	rom	gLudicoloPokedexTextUnused_LG
0x0867BBE0	rom	gSeedotPokedexText_LG
0x0867BC58	rom	gSeedotPokedexTextUnused_LG
0x0867BC5C	rom	gNuzleafPokedexText_LG
0x0867BCC4	rom	gNuzleafPokedexTextUnused_LG
0x0867BCC8	rom	gShiftryPokedexText_LG
0x0867BD30	rom	gShiftryPokedexTextUnused_LG
0x0867BD34	rom	gTaillowPokedexText_LG
0x0867BD9C	rom	gTaillowPokedexTextUnused_LG
0x0867BDA0	rom	gSwellowPokedexText_LG
0x0867BE10	rom	gSwellowPokedexTextUnused_LG
0x0867BE14	rom	gWingullPokedexText_LG
0x0867BE74	rom	gWingullPokedexTextUnused_LG
0x0867BE78	rom	gPelipperPokedexText_LG
0x0867BEE4	rom	gPelipperPokedexTextUnused_LG
0x0867BEE8	rom	gRaltsPokedexText_LG
0x0867BF48	rom	gRaltsPokedexTextUnused_LG
0x0867BF4C	rom	gKirliaPokedexText_LG
0x0867BFBC	rom	gKirliaPokedexTextUnused_LG
0x0867BFC0	rom	gGardevoirPokedexText_LG
0x0867C01C	rom	gGardevoirPokedexTextUnused_LG
0x0867C020	rom	gSurskitPokedexText_LG
0x0867C080	rom	gSurskitPokedexTextUnused_LG
0x0867C084	rom	gMasquerainPokedexText_LG
0x0867C0FC	rom	gMasquerainPokedexTextUnused_LG
0x0867C100	rom	gShroomishPokedexText_LG
0x0867C170	rom	gShroomishPokedexTextUnused_LG
0x0867C174	rom	gBreloomPokedexText_LG
0x0867C1E0	rom	gBreloomPokedexTextUnused_LG
0x0867C1E4	rom	gSlakothPokedexText_LG
0x0867C240	rom	gSlakothPokedexTextUnused_LG
0x0867C244	rom	gVigorothPokedexText_LG
0x0867C2A8	rom	gVigorothPokedexTextUnused_LG
0x0867C2AC	rom	gSlakingPokedexText_LG
0x0867C328	rom	gSlakingPokedexTextUnused_LG
0x0867C32C	rom	gNincadaPokedexText_LG
0x0867C38C	rom	gNincadaPokedexTextUnused_LG
0x0867C390	rom	gNinjaskPokedexText_LG
0x0867C3F4	rom	gNinjaskPokedexTextUnused_LG
0x0867C3F8	rom	gShedinjaPokedexText_LG
0x0867C44C	rom	gShedinjaPokedexTextUnused_LG
0x0867C450	rom	gWhismurPokedexText_LG
0x0867C4BC	rom	gWhismurPokedexTextUnused_LG
0x0867C4C0	rom	gLoudredPokedexText_LG
0x0867C520	rom	gLoudredPokedexTextUnused_LG
0x0867C524	rom	gExploudPokedexText_LG
0x0867C59C	rom	gExploudPokedexTextUnused_LG
0x0867C5A0	rom	gMakuhitaPokedexText_LG
0x0867C604	rom	gMakuhitaPokedexTextUnused_LG
0x0867C608	rom	gHariyamaPokedexText_LG
0x0867C670	rom	gHariyamaPokedexTextUnused_LG
0x0867C674	rom	gAzurillPokedexText_LG
0x0867C6E4	rom	gAzurillPokedexTextUnused_LG
0x0867C6E8	rom	gNosepassPokedexText_LG
0x0867C744	rom	gNosepassPokedexTextUnused_LG
0x0867C748	rom	gSkittyPokedexText_LG
0x0867C7B8	rom	gSkittyPokedexTextUnused_LG
0x0867C7BC	rom	gDelcattyPokedexText_LG
0x0867C824	rom	gDelcattyPokedexTextUnused_LG
0x0867C828	rom	gSableyePokedexText_LG
0x0867C884	rom	gSableyePokedexTextUnused_LG
0x0867C888	rom	gMawilePokedexText_LG
0x0867C8F4	rom	gMawilePokedexTextUnused_LG
0x0867C8F8	rom	gAronPokedexText_LG
0x0867C96C	rom	gAronPokedexTextUnused_LG
0x0867C970	rom	gLaironPokedexText_LG
0x0867C9E4	rom	gLaironPokedexTextUnused_LG
0x0867C9E8	rom	gAggronPokedexText_LG
0x0867CA50	rom	gAggronPokedexTextUnused_LG
0x0867CA54	rom	gMedititePokedexText_LG
0x0867CAB0	rom	gMedititePokedexTextUnused_LG
0x0867CAB4	rom	gMedichamPokedexText_LG
0x0867CB20	rom	gMedichamPokedexTextUnused_LG
0x0867CB24	rom	gElectrikePokedexText_LG
0x0867CB88	rom	gElectrikePokedexTextUnused_LG
0x0867CB8C	rom	gManectricPokedexText_LG
0x0867CBDC	rom	gManectricPokedexTextUnused_LG
0x0867CBE0	rom	gPluslePokedexText_LG
0x0867CC50	rom	gPluslePokedexTextUnused_LG
0x0867CC54	rom	gMinunPokedexText_LG
0x0867CCD0	rom	gMinunPokedexTextUnused_LG
0x0867CCD4	rom	gVolbeatPokedexText_LG
0x0867CD40	rom	gVolbeatPokedexTextUnused_LG
0x0867CD44	rom	gIllumisePokedexText_LG
0x0867CDB0	rom	gIllumisePokedexTextUnused_LG
0x0867CDB4	rom	gRoseliaPokedexText_LG
0x0867CE18	rom	gRoseliaPokedexTextUnused_LG
0x0867CE1C	rom	gGulpinPokedexText_LG
0x0867CE88	rom	gGulpinPokedexTextUnused_LG
0x0867CE8C	rom	gSwalotPokedexText_LG
0x0867CEF4	rom	gSwalotPokedexTextUnused_LG
0x0867CEF8	rom	gCarvanhaPokedexText_LG
0x0867CF5C	rom	gCarvanhaPokedexTextUnused_LG
0x0867CF60	rom	gSharpedoPokedexText_LG
0x0867CFCC	rom	gSharpedoPokedexTextUnused_LG
0x0867CFD0	rom	gWailmerPokedexText_LG
0x0867D040	rom	gWailmerPokedexTextUnused_LG
0x0867D044	rom	gWailordPokedexText_LG
0x0867D0B0	rom	gWailordPokedexTextUnused_LG
0x0867D0B4	rom	gNumelPokedexText_LG
0x0867D12C	rom	gNumelPokedexTextUnused_LG
0x0867D130	rom	gCameruptPokedexText_LG
0x0867D19C	rom	gCameruptPokedexTextUnused_LG
0x0867D1A0	rom	gTorkoalPokedexText_LG
0x0867D1FC	rom	gTorkoalPokedexTextUnused_LG
0x0867D200	rom	gSpoinkPokedexText_LG
0x0867D260	rom	gSpoinkPokedexTextUnused_LG
0x0867D264	rom	gGrumpigPokedexText_LG
0x0867D2D0	rom	gGrumpigPokedexTextUnused_LG
0x0867D2D4	rom	gSpindaPokedexText_LG
0x0867D334	rom	gSpindaPokedexTextUnused_LG
0x0867D338	rom	gTrapinchPokedexText_LG
0x0867D398	rom	gTrapinchPokedexTextUnused_LG
0x0867D39C	rom	gVibravaPokedexText_LG
0x0867D418	rom	gVibravaPokedexTextUnused_LG
0x0867D41C	rom	gFlygonPokedexText_LG
0x0867D47C	rom	gFlygonPokedexTextUnused_LG
0x0867D480	rom	gCacneaPokedexText_LG
0x0867D4E8	rom	gCacneaPokedexTextUnused_LG
0x0867D4EC	rom	gCacturnePokedexText_LG
0x0867D558	rom	gCacturnePokedexTextUnused_LG
0x0867D55C	rom	gSwabluPokedexText_LG
0x0867D5C0	rom	gSwabluPokedexTextUnused_LG
0x0867D5C4	rom	gAltariaPokedexText_LG
0x0867D62C	rom	gAltariaPokedexTextUnused_LG
0x0867D630	rom	gZangoosePokedexText_LG
0x0867D6A4	rom	gZangoosePokedexTextUnused_LG
0x0867D6A8	rom	gSeviperPokedexText_LG
0x0867D71C	rom	gSeviperPokedexTextUnused_LG
0x0867D720	rom	gLunatonePokedexText_LG
0x0867D790	rom	gLunatonePokedexTextUnused_LG
0x0867D794	rom	gSolrockPokedexText_LG
0x0867D7FC	rom	gSolrockPokedexTextUnused_LG
0x0867D800	rom	gBarboachPokedexText_LG
0x0867D858	rom	gBarboachPokedexTextUnused_LG
0x0867D85C	rom	gWhiscashPokedexText_LG
0x0867D8C8	rom	gWhiscashPokedexTextUnused_LG
0x0867D8CC	rom	gCorphishPokedexText_LG
0x0867D938	rom	gCorphishPokedexTextUnused_LG
0x0867D93C	rom	gCrawdauntPokedexText_LG
0x0867D99C	rom	gCrawdauntPokedexTextUnused_LG
0x0867D9A0	rom	gBaltoyPokedexText_LG
0x0867DA10	rom	gBaltoyPokedexTextUnused_LG
0x0867DA14	rom	gClaydolPokedexText_LG
0x0867DA80	rom	gClaydolPokedexTextUnused_LG
0x0867DA84	rom	gLileepPokedexText_LG
0x0867DAF4	rom	gLileepPokedexTextUnused_LG
0x0867DAF8	rom	gCradilyPokedexText_LG
0x0867DB60	rom	gCradilyPokedexTextUnused_LG
0x0867DB64	rom	gAnorithPokedexText_LG
0x0867DBD8	rom	gAnorithPokedexTextUnused_LG
0x0867DBDC	rom	gArmaldoPokedexText_LG
0x0867DC38	rom	gArmaldoPokedexTextUnused_LG
0x0867DC3C	rom	gFeebasPokedexText_LG
0x0867DCA4	rom	gFeebasPokedexTextUnused_LG
0x0867DCA8	rom	gMiloticPokedexText_LG
0x0867DD0C	rom	gMiloticPokedexTextUnused_LG
0x0867DD10	rom	gCastformPokedexText_LG
0x0867DD7C	rom	gCastformPokedexTextUnused_LG
0x0867DD80	rom	gKecleonPokedexText_LG
0x0867DDE8	rom	gKecleonPokedexTextUnused_LG
0x0867DDEC	rom	gShuppetPokedexText_LG
0x0867DE50	rom	gShuppetPokedexTextUnused_LG
0x0867DE54	rom	gBanettePokedexText_LG
0x0867DEC0	rom	gBanettePokedexTextUnused_LG
0x0867DEC4	rom	gDuskullPokedexText_LG
0x0867DF2C	rom	gDuskullPokedexTextUnused_LG
0x0867DF30	rom	gDusclopsPokedexText_LG
0x0867DF9C	rom	gDusclopsPokedexTextUnused_LG
0x0867DFA0	rom	gTropiusPokedexText_LG
0x0867E010	rom	gTropiusPokedexTextUnused_LG
0x0867E014	rom	gChimechoPokedexText_LG
0x0867E084	rom	gChimechoPokedexTextUnused_LG
0x0867E088	rom	gAbsolPokedexText_LG
0x0867E0F4	rom	gAbsolPokedexTextUnused_LG
0x0867E0F8	rom	gWynautPokedexText_LG
0x0867E154	rom	gWynautPokedexTextUnused_LG
0x0867E158	rom	gSnoruntPokedexText_LG
0x0867E1CC	rom	gSnoruntPokedexTextUnused_LG
0x0867E1D0	rom	gGlaliePokedexText_LG
0x0867E23C	rom	gGlaliePokedexTextUnused_LG
0x0867E240	rom	gSphealPokedexText_LG
0x0867E2A4	rom	gSphealPokedexTextUnused_LG
0x0867E2A8	rom	gSealeoPokedexText_LG
0x0867E314	rom	gSealeoPokedexTextUnused_LG
0x0867E318	rom	gWalreinPokedexText_LG
0x0867E38C	rom	gWalreinPokedexTextUnused_LG
0x0867E390	rom	gClamperlPokedexText_LG
0x0867E3E8	rom	gClamperlPokedexTextUnused_LG
0x0867E3EC	rom	gHuntailPokedexText_LG
0x0867E460	rom	gHuntailPokedexTextUnused_LG
0x0867E464	rom	gGorebyssPokedexText_LG
0x0867E4D4	rom	gGorebyssPokedexTextUnused_LG
0x0867E4D8	rom	gRelicanthPokedexText_LG
0x0867E53C	rom	gRelicanthPokedexTextUnused_LG
0x0867E540	rom	gLuvdiscPokedexText_LG
0x0867E5A4	rom	gLuvdiscPokedexTextUnused_LG
0x0867E5A8	rom	gBagonPokedexText_LG
0x0867E608	rom	gBagonPokedexTextUnused_LG
0x0867E60C	rom	gShelgonPokedexText_LG
0x0867E684	rom	gShelgonPokedexTextUnused_LG
0x0867E688	rom	gSalamencePokedexText_LG
0x0867E6EC	rom	gSalamencePokedexTextUnused_LG
0x0867E6F0	rom	gBeldumPokedexText_LG
0x0867E74C	rom	gBeldumPokedexTextUnused_LG
0x0867E750	rom	gMetangPokedexText_LG
0x0867E7C0	rom	gMetangPokedexTextUnused_LG
0x0867E7C4	rom	gMetagrossPokedexText_LG
0x0867E824	rom	gMetagrossPokedexTextUnused_LG
0x0867E828	rom	gRegirockPokedexText_LG
0x0867E898	rom	gRegirockPokedexTextUnused_LG
0x0867E89C	rom	gRegicePokedexText_LG
0x0867E900	rom	gRegicePokedexTextUnused_LG
0x0867E904	rom	gRegisteelPokedexText_LG
0x0867E974	rom	gRegisteelPokedexTextUnused_LG
0x0867E978	rom	gLatiasPokedexText_LG
0x0867E9E8	rom	gLatiasPokedexTextUnused_LG
0x0867E9EC	rom	gLatiosPokedexText_LG
0x0867EA5C	rom	gLatiosPokedexTextUnused_LG
0x0867EA60	rom	gKyogrePokedexText_LG
0x0867EACC	rom	gKyogrePokedexTextUnused_LG
0x0867EAD0	rom	gGroudonPokedexText_LG
0x0867EB30	rom	gGroudonPokedexTextUnused_LG
0x0867EB34	rom	gRayquazaPokedexText_LG
0x0867EB9C	rom	gRayquazaPokedexTextUnused_LG
0x0867EBA0	rom	gJirachiPokedexText_LG
0x0867EC00	rom	gJirachiPokedexTextUnused_LG
0x0867EC04	rom	gDeoxysPokedexText_LG
0x0867EC64	rom	gDeoxysPokedexTextUnused_LG
0x0867EC68	rom	gPokedexEntries
0x086822D4	rom	sBgTemplates
0x086822E4	rom	sWindowTemplates
0x086822FC	rom	sDexScreenDataInitialState
0x0868236C	rom	sWindowTemplate_ModeSelect
0x08682374	rom	sWindowTemplate_SelectionIcon
0x0868237C	rom	sWindowTemplate_DexCounts
0x08682384	rom	sListMenuItems_KantoDexModeSelect
0x0868241C	rom	sListMenuTemplate_KantoDexModeSelect
0x08682434	rom	sListMenuItems_NatDexModeSelect
0x086824D4	rom	sListMenuTemplate_NatDexModeSelect
0x086824EC	rom	sListMenuItems_KantoExtended
0x0868258C	rom	sListMenuTemplate_KantoExtended
0x086825A4	rom	sListMenuItems_ExtendedNational
0x08682644	rom	sListMenuTemplate_ExtendedNational
0x0868265C	rom	sScrollArrowsTemplate_KantoDex
0x0868266C	rom	sScrollArrowsTemplate_NatDex
0x0868267C	rom	sTopMenuSelectionIconGfxPtrs
0x086826F4	rom	sWindowTemplate_OrderedListMenu
0x086826FC	rom	sListMenuTemplate_OrderedListMenu
0x08682714	rom	sListMenuRects_OrderedList
0x0868273C	rom	sDexOrderScrollArrowsTemplate
0x0868274C	rom	sWindowTemplate_CategoryMonIcon
0x08682754	rom	sWindowTemplate_CategoryMonInfo
0x0868275C	rom	sWindowTemplate_DexEntry_MonPic
0x08682764	rom	sWindowTemplate_DexEntry_SpeciesStats
0x0868276C	rom	sWindowTemplate_DexEntry_FlavorText
0x08682774	rom	sWindowTemplate_AreaMap_MonIcon
0x0868277C	rom	sWindowTemplate_AreaMap_SpeciesName
0x08682784	rom	sWindowTemplate_AreaMap_Size
0x0868278C	rom	sWindowTemplate_AreaMap_Area
0x08682794	rom	sWindowTemplate_AreaMap_MonTypes
0x0868279C	rom	sWindowTemplate_AreaMap_Kanto
0x086827A4	rom	sWindowTemplate_AreaMap_OneIsland
0x086827AC	rom	sWindowTemplate_AreaMap_TwoIsland
0x086827B4	rom	sWindowTemplate_AreaMap_ThreeIsland
0x086827BC	rom	sWindowTemplate_AreaMap_FourIsland
0x086827C4	rom	sWindowTemplate_AreaMap_FiveIsland
0x086827CC	rom	sWindowTemplate_AreaMap_SixIsland
0x086827D4	rom	sWindowTemplate_AreaMap_SevenIsland
0x086827DC	rom	sAreaMapStructs_SeviiIslands
0x08682814	rom	sCategoryPageIconWindowBg
0x08682894	rom	sPageIconCoords_1Mon
0x08682898	rom	sPageIconCoords_2Mons
0x086828A0	rom	sPageIconCoords_3Mons
0x086828AC	rom	sPageIconCoords_4Mons
0x086828BC	rom	sCategoryPageIconCoords
0x086828CC	rom	sDexCategoryNamePtrs
0x086828F0	rom	sPalette_Silhouette
0x08682910	rom	sDexScreenPageTurnColumns
0x08682A3C	rom	sScrollArrowsTemplate_CategoryMenu
0x08682A4C	rom	sCursorStruct_CategoryPage
0x08682A58	rom	sDexCategory_GrasslandPkmn_Page1
0x08682A60	rom	sDexCategory_GrasslandPkmn_Page2
0x08682A68	rom	sDexCategory_GrasslandPkmn_Page3
0x08682A70	rom	sDexCategory_GrasslandPkmn_Page4
0x08682A78	rom	sDexCategory_GrasslandPkmn_Page5
0x08682A80	rom	sDexCategory_GrasslandPkmn_Page6
0x08682A88	rom	sDexCategory_GrasslandPkmn_Page7
0x08682A90	rom	sDexCategory_GrasslandPkmn_Page8
0x08682A98	rom	sDexCategory_GrasslandPkmn_Page9
0x08682A9C	rom	sDexCategory_GrasslandPkmn_Page10
0x08682AA4	rom	sDexCategory_GrasslandPkmn_Page11
0x08682AAC	rom	sDexCategory_GrasslandPkmn_Page12
0x08682AB0	rom	sDexCategory_GrasslandPkmn_Page13
0x08682AB4	rom	sDexCategory_GrasslandPkmn_Page14
0x08682ABC	rom	sDexCategory_GrasslandPkmn_Page15
0x08682AC0	rom	sDexCategory_GrasslandPkmn_Page16
0x08682AC4	rom	sDexCategory_GrasslandPkmn_Page17
0x08682ACC	rom	sDexCategory_GrasslandPkmn_Page18
0x08682AD4	rom	sDexCategory_GrasslandPkmn_Page19
0x08682AD8	rom	sDexCategory_GrasslandPkmn_Page20
0x08682ADC	rom	sDexCategory_GrasslandPkmn_Page21
0x08682AE0	rom	sDexCategory_GrasslandPkmn_Page22
0x08682AE4	rom	sDexCategory_GrasslandPkmn_Page23
0x08682AEC	rom	sDexCategory_GrasslandPkmn_Page24
0x08682AF4	rom	sDexCategory_GrasslandPkmn_Page25
0x08682AFC	rom	sDexCategory_GrasslandPkmn_Page26
0x08682B04	rom	sDexCategory_GrasslandPkmn_Page27
0x08682B0C	rom	sDexCategory_ForestPkmn_Page1
0x08682B14	rom	sDexCategory_ForestPkmn_Page2
0x08682B1C	rom	sDexCategory_ForestPkmn_Page3
0x08682B24	rom	sDexCategory_ForestPkmn_Page4
0x08682B28	rom	sDexCategory_ForestPkmn_Page5
0x08682B30	rom	sDexCategory_ForestPkmn_Page6
0x08682B38	rom	sDexCategory_ForestPkmn_Page7
0x08682B40	rom	sDexCategory_ForestPkmn_Page8
0x08682B48	rom	sDexCategory_ForestPkmn_Page9
0x08682B50	rom	sDexCategory_ForestPkmn_Page10
0x08682B58	rom	sDexCategory_ForestPkmn_Page11
0x08682B60	rom	sDexCategory_ForestPkmn_Page12
0x08682B68	rom	sDexCategory_ForestPkmn_Page13
0x08682B70	rom	sDexCategory_ForestPkmn_Page14
0x08682B74	rom	sDexCategory_ForestPkmn_Page15
0x08682B78	rom	sDexCategory_ForestPkmn_Page16
0x08682B80	rom	sDexCategory_ForestPkmn_Page17
0x08682B84	rom	sDexCategory_ForestPkmn_Page18
0x08682B88	rom	sDexCategory_ForestPkmn_Page19
0x08682B90	rom	sDexCategory_ForestPkmn_Page20
0x08682B98	rom	sDexCategory_ForestPkmn_Page21
0x08682B9C	rom	sDexCategory_ForestPkmn_Page22
0x08682BA4	rom	sDexCategory_ForestPkmn_Page23
0x08682BA8	rom	sDexCategory_ForestPkmn_Page24
0x08682BAC	rom	sDexCategory_ForestPkmn_Page25
0x08682BB4	rom	sDexCategory_ForestPkmn_Page26
0x08682BB8	rom	sDexCategory_WatersEdgePkmn_Page1
0x08682BBC	rom	sDexCategory_WatersEdgePkmn_Page2
0x08682BC4	rom	sDexCategory_WatersEdgePkmn_Page3
0x08682BCC	rom	sDexCategory_WatersEdgePkmn_Page4
0x08682BD4	rom	sDexCategory_WatersEdgePkmn_Page5
0x08682BD8	rom	sDexCategory_WatersEdgePkmn_Page6
0x08682BE0	rom	sDexCategory_WatersEdgePkmn_Page7
0x08682BE8	rom	sDexCategory_WatersEdgePkmn_Page8
0x08682BF0	rom	sDexCategory_WatersEdgePkmn_Page9
0x08682BF8	rom	sDexCategory_WatersEdgePkmn_Page10
0x08682BFC	rom	sDexCategory_WatersEdgePkmn_Page11
0x08682C00	rom	sDexCategory_WatersEdgePkmn_Page12
0x08682C08	rom	sDexCategory_WatersEdgePkmn_Page13
0x08682C10	rom	sDexCategory_WatersEdgePkmn_Page14
0x08682C18	rom	sDexCategory_WatersEdgePkmn_Page15
0x08682C20	rom	sDexCategory_WatersEdgePkmn_Page16
0x08682C24	rom	sDexCategory_SeaPkmn_Page1
0x08682C28	rom	sDexCategory_SeaPkmn_Page2
0x08682C2C	rom	sDexCategory_SeaPkmn_Page3
0x08682C30	rom	sDexCategory_SeaPkmn_Page4
0x08682C38	rom	sDexCategory_SeaPkmn_Page5
0x08682C3C	rom	sDexCategory_SeaPkmn_Page6
0x08682C44	rom	sDexCategory_SeaPkmn_Page7
0x08682C4C	rom	sDexCategory_SeaPkmn_Page8
0x08682C50	rom	sDexCategory_SeaPkmn_Page9
0x08682C58	rom	sDexCategory_SeaPkmn_Page10
0x08682C60	rom	sDexCategory_SeaPkmn_Page11
0x08682C68	rom	sDexCategory_SeaPkmn_Page12
0x08682C6C	rom	sDexCategory_SeaPkmn_Page13
0x08682C70	rom	sDexCategory_SeaPkmn_Page14
0x08682C78	rom	sDexCategory_SeaPkmn_Page15
0x08682C7C	rom	sDexCategory_SeaPkmn_Page16
0x08682C80	rom	sDexCategory_CavePkmn_Page1
0x08682C88	rom	sDexCategory_CavePkmn_Page2
0x08682C90	rom	sDexCategory_CavePkmn_Page3
0x08682C98	rom	sDexCategory_CavePkmn_Page4
0x08682CA0	rom	sDexCategory_CavePkmn_Page5
0x08682CA8	rom	sDexCategory_CavePkmn_Page6
0x08682CAC	rom	sDexCategory_CavePkmn_Page7
0x08682CB4	rom	sDexCategory_CavePkmn_Page8
0x08682CB8	rom	sDexCategory_CavePkmn_Page9
0x08682CBC	rom	sDexCategory_CavePkmn_Page10
0x08682CC4	rom	sDexCategory_MountainPkmn_Page1
0x08682CCC	rom	sDexCategory_MountainPkmn_Page2
0x08682CD4	rom	sDexCategory_MountainPkmn_Page3
0x08682CDC	rom	sDexCategory_MountainPkmn_Page4
0x08682CE4	rom	sDexCategory_MountainPkmn_Page5
0x08682CE8	rom	sDexCategory_MountainPkmn_Page6
0x08682CF0	rom	sDexCategory_MountainPkmn_Page7
0x08682CF8	rom	sDexCategory_MountainPkmn_Page8
0x08682D00	rom	sDexCategory_MountainPkmn_Page9
0x08682D04	rom	sDexCategory_MountainPkmn_Page10
0x08682D0C	rom	sDexCategory_MountainPkmn_Page11
0x08682D14	rom	sDexCategory_MountainPkmn_Page12
0x08682D1C	rom	sDexCategory_MountainPkmn_Page13
0x08682D20	rom	sDexCategory_MountainPkmn_Page14
0x08682D24	rom	sDexCategory_MountainPkmn_Page15
0x08682D28	rom	sDexCategory_MountainPkmn_Page16
0x08682D30	rom	sDexCategory_MountainPkmn_Page17
0x08682D34	rom	sDexCategory_RoughTerrainPkmn_Page1
0x08682D38	rom	sDexCategory_RoughTerrainPkmn_Page2
0x08682D40	rom	sDexCategory_RoughTerrainPkmn_Page3
0x08682D44	rom	sDexCategory_RoughTerrainPkmn_Page4
0x08682D4C	rom	sDexCategory_RoughTerrainPkmn_Page5
0x08682D50	rom	sDexCategory_RoughTerrainPkmn_Page6
0x08682D58	rom	sDexCategory_RoughTerrainPkmn_Page7
0x08682D5C	rom	sDexCategory_RoughTerrainPkmn_Page8
0x08682D60	rom	sDexCategory_RoughTerrainPkmn_Page9
0x08682D68	rom	sDexCategory_RoughTerrainPkmn_Page10
0x08682D70	rom	sDexCategory_RoughTerrainPkmn_Page11
0x08682D74	rom	sDexCategory_UrbanPkmn_Page1
0x08682D7C	rom	sDexCategory_UrbanPkmn_Page2
0x08682D84	rom	sDexCategory_UrbanPkmn_Page3
0x08682D88	rom	sDexCategory_UrbanPkmn_Page4
0x08682D90	rom	sDexCategory_UrbanPkmn_Page5
0x08682D98	rom	sDexCategory_UrbanPkmn_Page6
0x08682DA0	rom	sDexCategory_UrbanPkmn_Page7
0x08682DA8	rom	sDexCategory_UrbanPkmn_Page8
0x08682DAC	rom	sDexCategory_UrbanPkmn_Page9
0x08682DB4	rom	sDexCategory_UrbanPkmn_Page10
0x08682DB8	rom	sDexCategory_UrbanPkmn_Page11
0x08682DC0	rom	sDexCategory_UrbanPkmn_Page12
0x08682DC4	rom	sDexCategory_RarePkmn_Page1
0x08682DC8	rom	sDexCategory_RarePkmn_Page2
0x08682DD0	rom	sDexCategory_RarePkmn_Page3
0x08682DD4	rom	sDexCategory_RarePkmn_Page4
0x08682DD8	rom	sDexCategory_RarePkmn_Page5
0x08682DDC	rom	sDexCategory_RarePkmn_Page6
0x08682DE0	rom	sDexCategory_RarePkmn_Page7
0x08682DE4	rom	sDexCategory_RarePkmn_Page8
0x08682DE8	rom	sDexCategory_GrasslandPkmn
0x08682EC0	rom	sDexCategory_ForestPkmn
0x08682F90	rom	sDexCategory_WatersEdgePkmn
0x08683010	rom	sDexCategory_SeaPkmn
0x08683090	rom	sDexCategory_CavePkmn
0x086830E0	rom	sDexCategory_MountainPkmn
0x08683168	rom	sDexCategory_RoughTerrainPkmn
0x086831C0	rom	sDexCategory_UrbanPkmn
0x08683220	rom	sDexCategory_RarePkmn
0x08683260	rom	gDexCategories
0x08683438	rom	sFollowerDirectionalMovements
0x08683488	rom	gMonIconPalettes
0x086834E8	rom	gMonIconTable
0x08683BC8	rom	gMonIconPaletteIndices
0x08683D80	rom	gMonIconPaletteTable
0x08683DB0	rom	sMonIconOamData
0x08683DB8	rom	sMonIconAnim_Fast
0x08683DC4	rom	sMonIconAnim_MediumFast
0x08683DD0	rom	sMonIconAnim_MediumSlow
0x08683DDC	rom	sMonIconAnim_Slow
0x08683DE8	rom	sMonIconAnim_Still
0x08683DF4	rom	sMonIconAnims
0x08683E08	rom	sMonIconAffineAnim_0
0x08683E18	rom	sMonIconAffineAnim_1
0x08683E28	rom	sMonIconAffineAnims
0x08683E30	rom	sSpriteImageSizes
0x08683E48	rom	s321Start_Static_Pal
0x08683E68	rom	s321Start_Static_Gfx
0x0868428C	rom	sSpriteSheet_321Start_Static
0x0868429C	rom	sSpritePalette_321Start_Static
0x086842AC	rom	sAnim_StaticCountdown_Three
0x086842B4	rom	sAnim_StaticCountdown_Two
0x086842BC	rom	sAnim_StaticCountdown_One
0x086842C4	rom	sAnim_StaticCountdown_StartLeft
0x086842CC	rom	sAnim_StaticCountdown_StartMid
0x086842D4	rom	sAnim_StaticCountdown_StartRight
0x086842DC	rom	sAnims_StaticCountdown
0x086842F4	rom	sSpriteTemplate_StaticCountdown
0x0868430C	rom	sStaticCountdownFuncs
0x0868431C	rom	sPokeJumpMons
0x086844C4	rom	sPokeJumpLeaderFuncs
0x086844E8	rom	sPokeJumpMemberFuncs
0x086845A4	rom	sVineBaseSpeeds
0x086845B4	rom	sVineSpeedDelays
0x086845BC	rom	sSoundEffects
0x086845C4	rom	sJumpOffsets
0x08684654	rom	sScoreBonuses
0x0868466C	rom	sPrizeItems
0x0868467C	rom	sPrizeQuantityData
0x086846A4	rom	sInterface_Pal
0x086846C4	rom	sBg_Pal
0x086846E4	rom	sBg_Gfx
0x08684910	rom	sBg_Tilemap
0x08684AC0	rom	sVenusaur_Pal
0x08684AE0	rom	sVenusaur_Gfx
0x08685430	rom	sVenusaur_Tilemap
0x086857E8	rom	sBonuses_Pal
0x08685808	rom	sBonuses_Gfx
0x086862B8	rom	sBonuses_Tilemap
0x086867E4	rom	sBgTemplates
0x086867F4	rom	sWindowTemplates
0x0868680C	rom	sPokeJumpGfxFuncs
0x0868685C	rom	sPluralTxt
0x08686864	rom	sVenusaurStates
0x08686870	rom	sSpriteSheet_Digits
0x08686878	rom	sSpritePalette_Digits
0x08686880	rom	sPlayerNameWindowCoords_2Players
0x08686888	rom	sPlayerNameWindowCoords_3Players
0x08686894	rom	sPlayerNameWindowCoords_4Players
0x086868A4	rom	sPlayerNameWindowCoords_5Players
0x086868B8	rom	sPlayerNameWindowCoords
0x086868C8	rom	sMonXCoords_2Players
0x086868CC	rom	sMonXCoords_3Players
0x086868D4	rom	sMonXCoords_4Players
0x086868DC	rom	sMonXCoords_5Players
0x086868E8	rom	sMonXCoords
0x08686908	rom	sPokeJumpPal1
0x08686928	rom	sPokeJumpPal2
0x08686948	rom	sVine1_Gfx
0x08686A68	rom	sVine2_Gfx
0x08686C3C	rom	sVine3_Gfx
0x08686D6C	rom	sVine4_Gfx
0x08686E68	rom	sStar_Gfx
0x08686FD4	rom	sCompressedSpriteSheets
0x08686FFC	rom	sSpritePalettes
0x0868700C	rom	sOamData_JumpMon
0x08687014	rom	sSpriteTemplate_Vine1
0x0868702C	rom	sSpriteTemplate_Vine2
0x08687044	rom	sSpriteTemplate_Vine3
0x0868705C	rom	sSpriteTemplate_Vine4
0x08687074	rom	sSpriteTemplate_JumpMon
0x0868708C	rom	sVineYCoords
0x086870DC	rom	sVineXCoords
0x086870EC	rom	sSpriteTemplates_Vine
0x086870FC	rom	sOamData_Vine16x32
0x08687104	rom	sOamData_Vine32x32
0x0868710C	rom	sOamData_Vine32x16
0x08687114	rom	sAnims_Vine_Highest
0x0868711C	rom	sAnims_Vine_Higher
0x08687124	rom	sAnims_Vine_High
0x0868712C	rom	sAnims_Vine_Low
0x08687134	rom	sAnims_Vine_Lower
0x0868713C	rom	sAnims_Vine_Lowest
0x08687144	rom	sAnims_VineTall_Highest
0x0868714C	rom	sAnims_VineTall_Higher
0x08687154	rom	sAnims_VineTall_High
0x0868715C	rom	sAnims_VineTall_Low
0x08687164	rom	sAnims_VineTall_Lower
0x0868716C	rom	sAnims_VineTall_Lowest
0x08687174	rom	sAnims_Vine
0x0868718C	rom	sAnims_VineTall
0x086871A4	rom	sOamData_Star
0x086871AC	rom	sAnim_Star_Still
0x086871B4	rom	sAnim_Star_Spinning
0x086871D0	rom	sAnims_Star
0x086871D8	rom	sSpriteTemplate_Star
0x086871F0	rom	sWindowTemplate_Records
0x086871F8	rom	sRecordsTexts
0x08687204	rom	sBigMonSizeTable
0x08687284	rom	sGiftRibbonsMonDataIds
0x0868728C	rom	sBg_Pal
0x086872AC	rom	sBg_TmHm_Pal
0x086872CC	rom	sBg_Gfx
0x0868738C	rom	sBg_Tilemap
0x086874B8	rom	sLevelUp_Pal
0x086874D8	rom	sLevelUp_Gfx
0x086874F4	rom	sStar_Pal
0x08687514	rom	sStar_Gfx
0x08687590	rom	sOutwardSpiralDots_Pal
0x086875B0	rom	sOutwardSpiralDots_Gfx
0x086875D0	rom	sBgTemplates
0x086875D8	rom	sWindowTemplates
0x086875E8	rom	s1_2_and_Poof_textPtrs
0x086875F4	rom	sUnusedArray
0x086875FC	rom	sAffineScales
0x08687604	rom	sStarCoordOffsets
0x0868760C	rom	sSpriteSheet_Star
0x08687614	rom	sSpritePalette_Star
0x0868761C	rom	sSpriteSheet_UseItem_OutwardSpiralDots
0x08687624	rom	sSpritePalette_UseItem_OutwardSpiralDots
0x0868762C	rom	sOamData_MonSprite
0x08687634	rom	sAffineAnim_Zoom_0
0x08687644	rom	sAffineAnim_Zoom_1
0x08687654	rom	sAffineAnim_Zoom_2
0x08687664	rom	sAffineAnim_Zoom_3
0x08687674	rom	sAffineAnimTable_Zoom
0x08687684	rom	sSpriteTemplate_MonSprite
0x0868769C	rom	sAffineAnim_ItemZoom_0
0x086876B4	rom	sAffineAnim_ItemZoom_1
0x086876CC	rom	sAffineAnim_ItemZoom_2
0x086876E4	rom	sAffineAnim_ItemZoom_3
0x086876FC	rom	sAffineAnimTable_ItemZoom
0x0868770C	rom	sOamData_LevelUpVertical
0x08687714	rom	sAnim_LevelUpVertical
0x0868771C	rom	sAnimTable_LevelUpVertical
0x08687720	rom	sSpriteTemplate_LevelUpVertical
0x08687738	rom	sOamData_Star
0x08687740	rom	sSpriteTemplate_Star
0x08687758	rom	sOamData_UseItem_OutwardSpiralDots
0x08687760	rom	sAnim_UseItem_OutwardSpiralDots_0
0x08687770	rom	sAnim_UseItem_OutwardSpiralDots_1
0x0868777C	rom	sAnimTable_UseItem_OutwardSpiralDots
0x08687784	rom	sSpriteTemplate_UseItem_OutwardSpiralDots
0x086877FC	rom	sLevelUpWindowStatNames
0x086878D8	rom	sItemAnimMap
0x086878E0	rom	sPokeStorageMisc1Pal
0x08687900	rom	sHandCursorTiles
0x08688100	rom	sHandCursorShadowTiles
0x08688248	rom	sMenuTexts
0x086882E0	rom	placeChangeFuncs.10
0x086882EC	rom	inputFuncs.9
0x08688314	rom	sSpriteTemplate_Cursor.8
0x0868832C	rom	sSpriteTemplate_CursorShadow.7
0x08688344	rom	sAnims_Cursor.6
0x08688354	rom	sAnim_Cursor_Fist.5
0x0868835C	rom	sAnim_Cursor_Open.4
0x08688364	rom	sAnim_Cursor_Still.3
0x0868836C	rom	sAnim_Cursor_Bouncing.2
0x08688378	rom	sOamData_CursorShadow.1
0x08688380	rom	sOamData_Cursor.0
0x08688388	rom	sOamData_MonIcon
0x08688390	rom	sSpriteTemplate_MonIcon
0x086883A8	rom	sAffineAnim_ReleaseMon_Release
0x086883B8	rom	sAffineAnim_ReleaseMon_ComeBack
0x086883D0	rom	sAffineAnims_ReleaseMon
0x086883D8	rom	sWallpaperPalettes_Forest
0x08688418	rom	sWallpaperTiles_Forest
0x086887E8	rom	sWallpaperTilemap_Forest
0x086888C4	rom	sWallpaperPalettes_City
0x08688904	rom	sWallpaperTiles_City
0x08688B0C	rom	sWallpaperTilemap_City
0x08688BBC	rom	sWallpaperPalettes_Desert
0x08688BFC	rom	sWallpaperTiles_Desert
0x08688EE8	rom	sWallpaperTilemap_Desert
0x08688FCC	rom	sWallpaperPalettes_Savanna
0x0868900C	rom	sWallpaperTiles_Savanna
0x0868922C	rom	sWallpaperTilemap_Savanna
0x086892F8	rom	sWallpaperPalettes_Crag
0x08689338	rom	sWallpaperTiles_Crag
0x08689688	rom	sWallpaperTilemap_Crag
0x08689760	rom	sWallpaperPalettes_Volcano
0x086897A0	rom	sWallpaperTiles_Volcano
0x08689AD0	rom	sUnusedSpace1
0x08689AD4	rom	sWallpaperTilemap_Volcano
0x08689BAC	rom	sWallpaperPalettes_Snow
0x08689BEC	rom	sWallpaperTiles_Snow
0x08689EA4	rom	sWallpaperTilemap_Snow
0x08689F70	rom	sWallpaperPalettes_Cave
0x08689FB0	rom	sWallpaperTiles_Cave
0x0868A2F4	rom	sWallpaperTilemap_Cave
0x0868A3D0	rom	sWallpaperPalettes_Beach
0x0868A410	rom	sWallpaperTiles_Beach
0x0868A794	rom	sWallpaperTilemap_Beach
0x0868A87C	rom	sWallpaperPalettes_Seafloor
0x0868A8BC	rom	sWallpaperTiles_Seafloor
0x0868AB70	rom	sWallpaperTilemap_Seafloor
0x0868AC4C	rom	sWallpaperPalettes_River
0x0868AC8C	rom	sWallpaperTiles_River
0x0868AF20	rom	sWallpaperTilemap_River
0x0868B00C	rom	sWallpaperPalettes_Sky
0x0868B04C	rom	sWallpaperTiles_Sky
0x0868B2E4	rom	sWallpaperTilemap_Sky
0x0868B3C4	rom	sWallpaperPalettes_Stars
0x0868B404	rom	sUnusedSpace2
0x0868B424	rom	sWallpaperTiles_Stars
0x0868B65C	rom	sWallpaperTilemap_Stars
0x0868B72C	rom	sWallpaperPalettes_Pokecenter
0x0868B76C	rom	sWallpaperTiles_Pokecenter
0x0868BA50	rom	sWallpaperTilemap_Pokecenter
0x0868BB34	rom	sWallpaperPalettes_Tiles
0x0868BB74	rom	sWallpaperTiles_Tiles
0x0868BD04	rom	sWallpaperTilemap_Tiles
0x0868BDAC	rom	sWallpaperPalettes_Simple
0x0868BDEC	rom	sWallpaperTiles_Simple
0x0868BF14	rom	sWallpaperTilemap_Simple
0x0868BFB8	rom	sWallpaperTilemap_Unused
0x0868C168	rom	sBoxTitleColors
0x0868C1A8	rom	sWallpapers
0x0868C268	rom	sBoxScrollArrow_Gfx
0x0868C2E8	rom	sUnusedColor
0x0868C2EC	rom	sSpriteSheet_BoxScrollArrow
0x0868C2F4	rom	sOamData_BoxTitle
0x0868C2FC	rom	sAnim_BoxTitle_Left
0x0868C304	rom	sAnim_BoxTitle_Right
0x0868C30C	rom	sAnims_BoxTitle
0x0868C314	rom	sSpriteTemplate_BoxTitle
0x0868C32C	rom	sOamData_BoxScrollArrow
0x0868C334	rom	sAnim_BoxScrollArrow_Left
0x0868C33C	rom	sAnim_BoxScrollArrow_Right
0x0868C344	rom	sAnims_BoxScrollArrow
0x0868C34C	rom	sSpriteTemplate_BoxScrollArrow
0x0868C3A0	rom	sChooseBoxMenu_Pal
0x0868C3C0	rom	sChooseBoxMenuCenter_Gfx
0x0868CBC0	rom	sChooseBoxMenuCorners_Gfx
0x0868CD40	rom	sMainMenuTexts
0x0868CD7C	rom	sWindowTemplate_MainMenu
0x0868CD84	rom	sAnim_ChooseBoxMenu_TopLeft
0x0868CD8C	rom	sAnim_ChooseBoxMenu_BottomLeft
0x0868CD94	rom	sAnim_ChooseBoxMenu_TopRight
0x0868CD9C	rom	sAnim_ChooseBoxMenu_BottomRight
0x0868CDA4	rom	sAnims_ChooseBoxMenu
0x0868CDB4	rom	sAffineAnim_ChooseBoxMenu
0x0868CDC4	rom	sAffineAnims_ChooseBoxMenu
0x0868CDC8	rom	sWindowTemplate_MultiMove
0x0868CDE8	rom	sItemInfoFrame_Gfx
0x0868CE68	rom	sOamData_ItemIcon
0x0868CE70	rom	sAffineAnim_ItemIcon_Small
0x0868CE80	rom	sAffineAnim_ItemIcon_Appear
0x0868CE98	rom	sAffineAnim_ItemIcon_Disappear
0x0868CEB0	rom	sAffineAnim_ItemIcon_PickUp
0x0868CED0	rom	sAffineAnim_ItemIcon_PutDown
0x0868CEF0	rom	sAffineAnim_ItemIcon_PutAway
0x0868CF08	rom	sAffineAnim_ItemIcon_Large
0x0868CF18	rom	sAffineAnims_ItemIcon
0x0868CF34	rom	sSpriteTemplate_ItemIcon
0x0868CF6C	rom	sScrollingBg_Gfx
0x0868D004	rom	sScrollingBg_Tilemap
0x0868D110	rom	sMenu_Pal
0x0868D130	rom	sMenu_Tilemap
0x0868D22C	rom	sPkmnData_Tilemap
0x0868D26C	rom	sScrollingBg_Pal
0x0868D28C	rom	sScrollingBgMoveItems_Pal
0x0868D2AC	rom	sCloseBoxButton_Tilemap
0x0868D2F4	rom	sPartySlotFilled_Tilemap
0x0868D30C	rom	sPartySlotEmpty_Tilemap
0x0868D324	rom	sPokeStorageMisc2Pal
0x0868D344	rom	sWaveform_Gfx
0x0868D504	rom	sUnused_Pal
0x0868D544	rom	sItemInfoFrame_Pal
0x0868D564	rom	sWindowTemplates
0x0868D584	rom	sBgTemplates
0x0868D594	rom	sMiscSpritePalette
0x0868D59C	rom	sWaveformSpriteSheet
0x0868D5A4	rom	sOamData_DisplayMon
0x0868D5AC	rom	sSpriteTemplate_DisplayMon
0x0868D5C4	rom	sMessages
0x0868D6BC	rom	sYesNoWindowTemplate
0x0868D6C4	rom	sOamData_Waveform
0x0868D6CC	rom	sAnim_Waveform_LeftOff
0x0868D6D4	rom	sAnim_Waveform_LeftOn
0x0868D6E4	rom	sAnim_Waveform_RightOff
0x0868D6EC	rom	sAnim_Waveform_RightOn
0x0868D6FC	rom	sAnims_Waveform
0x0868D70C	rom	sSpriteTemplate_Waveform
0x0868D968	rom	sTextHeaderPalette
0x0868D988	rom	sMonMarkingSpritePalette
0x0868D9A8	rom	sTextMovesPalette
0x0868D9C8	rom	sMoveSelectionCursorPals
0x0868D9E8	rom	sMoveSelectionCursorTiles_Left
0x0868DB14	rom	sMoveSelectionCursorTiles_Right
0x0868DC34	rom	sMoveSelectionCursorOamData
0x0868DC3C	rom	sMoveSelectionCursorOamAnim_Red
0x0868DC44	rom	sMoveSelectionCursorOamAnim_Blue
0x0868DC4C	rom	sMoveSelectionCursorOamAnimTable
0x0868DC54	rom	sStatusAilmentIconOamData
0x0868DC5C	rom	sStatusAilmentIconAnim_PSN
0x0868DC64	rom	sStatusAilmentIconAnim_PRZ
0x0868DC6C	rom	sStatusAilmentIconAnim_SLP
0x0868DC74	rom	sStatusAilmentIconAnim_FRZ
0x0868DC7C	rom	sStatusAilmentIconAnim_BRN
0x0868DC84	rom	sStatusAilmentIconAnim_PKRS
0x0868DC8C	rom	sStatusAilmentIconAnim_FNT
0x0868DC94	rom	sStatusAilmentIconAnim_Blank
0x0868DC9C	rom	sStatusAilmentIconAnimTable
0x0868DCBC	rom	sHpOrExpBarOamData
0x0868DCC4	rom	sHpOrExpAnim_0
0x0868DCCC	rom	sHpOrExpAnim_1
0x0868DCD4	rom	sHpOrExpAnim_2
0x0868DCDC	rom	sHpOrExpAnim_3
0x0868DCE4	rom	sHpOrExpAnim_4
0x0868DCEC	rom	sHpOrExpAnim_5
0x0868DCF4	rom	sHpOrExpAnim_6
0x0868DCFC	rom	sHpOrExpAnim_7
0x0868DD04	rom	sHpOrExpAnim_8
0x0868DD0C	rom	sHpOrExpAnim_9
0x0868DD14	rom	sHpOrExpAnim_10
0x0868DD1C	rom	sHpOrExpAnim_11
0x0868DD24	rom	sHpOrExpBarAnimTable
0x0868DD54	rom	sPokeSummary_HpBarPalYellow
0x0868DD74	rom	sPokeSummary_HpBarPalRed
0x0868DD94	rom	sPokerusIconObjOamData
0x0868DD9C	rom	sPokerusIconObjAnim0
0x0868DDA4	rom	sPokerusIconObjAnimTable
0x0868DDA8	rom	sPokerusIconObjPal
0x0868DDC8	rom	sPokerusIconObjTiles
0x0868DDD8	rom	sStarObjOamData
0x0868DDE0	rom	sStarObjAnim0
0x0868DDE8	rom	sStarObjAnimTable
0x0868DDEC	rom	sStarObjPal
0x0868DE0C	rom	sStarObjTiles
0x0868DE30	rom	sBgTilemap_MovesInfoPage
0x0868DF28	rom	sBgTilemap_MovesPage
0x0868E064	rom	sHardyNatureName
0x0868E06C	rom	sLonelyNatureName
0x0868E074	rom	sBraveNatureName
0x0868E07C	rom	sAdamantNatureName
0x0868E084	rom	sNaughtyNatureName
0x0868E08C	rom	sBoldNatureName
0x0868E094	rom	sDocileNatureName
0x0868E09C	rom	sRelaxedNatureName
0x0868E0A4	rom	sImpishNatureName
0x0868E0AC	rom	sLaxNatureName
0x0868E0B0	rom	sTimidNatureName
0x0868E0B8	rom	sHastyNatureName
0x0868E0C0	rom	sSeriousNatureName
0x0868E0C8	rom	sJollyNatureName
0x0868E0D0	rom	sNaiveNatureName
0x0868E0D8	rom	sModestNatureName
0x0868E0E0	rom	sMildNatureName
0x0868E0E8	rom	sQuietNatureName
0x0868E0F0	rom	sBashfulNatureName
0x0868E0F8	rom	sRashNatureName
0x0868E100	rom	sCalmNatureName
0x0868E108	rom	sGentleNatureName
0x0868E110	rom	sSassyNatureName
0x0868E118	rom	sCarefulNatureName
0x0868E120	rom	sQuirkyNatureName
0x0868E128	rom	gNatureNamePointers
0x0868E18C	rom	sEggHatchTimeTexts
0x0868E19C	rom	sEggOriginTexts
0x0868E1B8	rom	sPrintMoveTextColors
0x0868E1C4	rom	sBgTempaltes
0x0868E1D4	rom	sWindowTemplates_Permanent_Bg1
0x0868E1EC	rom	sWindowTemplates_Permanent_Bg2
0x0868E204	rom	sWindowTemplates_Info
0x0868E224	rom	sWindowTemplates_Skills
0x0868E244	rom	sWindowTemplates_Moves
0x0868E264	rom	sWindowTemplates_Dummy
0x0868E26C	rom	sLevelNickTextColors
0x0868E280	rom	sMultiBattlePartyOrder
0x0868E288	rom	sMonPicBounceYDelta_Under60
0x0868E28C	rom	sMonPicBounceYDelta_60to80
0x0868E294	rom	sMonPicBounceYDelta_80to99
0x0868E29C	rom	sMonPicBounceYDelta_Full
0x0868E2A4	rom	sEggPicShakeXDelta_ItWillTakeSomeTime
0x0868E2B0	rom	sEggPicShakeXDelta_OccasionallyMoves
0x0868E2BC	rom	sEggPicShakeXDelta_AlmostReadyToHatch
0x0868E2CC	rom	sHpBarPals
0x0868E458	rom	CSWTCH.1199
0x0868E470	rom	CSWTCH.1200
0x0868E488	rom	CSWTCH.1273
0x0868E494	rom	gBattleMoves
0x0868F544	rom	sCombinedMoves
0x0868F554	rom	sSpeciesToHoennPokedexNum
0x0868F88C	rom	sSpeciesToNationalPokedexNum
0x0868FBC4	rom	sSpeciesToExtendedPokedexNum
0x0868FEFC	rom	sHoennToNationalOrder
0x08690234	rom	sExtendedToNationalOrder
0x0869056C	rom	sSpindaSpotGraphics
0x086905FC	rom	sItemEffect_Potion
0x08690604	rom	sItemEffect_Antidote
0x0869060C	rom	sItemEffect_BurnHeal
0x08690614	rom	sItemEffect_IceHeal
0x0869061C	rom	sItemEffect_Awakening
0x08690624	rom	sItemEffect_ParalyzeHeal
0x0869062C	rom	sItemEffect_FullRestore
0x08690634	rom	sItemEffect_MaxPotion
0x0869063C	rom	sItemEffect_HyperPotion
0x08690644	rom	sItemEffect_SuperPotion
0x0869064C	rom	sItemEffect_FullHeal
0x08690654	rom	sItemEffect_Revive
0x0869065C	rom	sItemEffect_MaxRevive
0x08690664	rom	sItemEffect_FreshWater
0x0869066C	rom	sItemEffect_SodaPop
0x08690674	rom	sItemEffect_Lemonade
0x0869067C	rom	sItemEffect_MoomooMilk
0x08690684	rom	sItemEffect_EnergyPowder
0x08690690	rom	sItemEffect_EnergyRoot
0x0869069C	rom	sItemEffect_HealPowder
0x086906A8	rom	sItemEffect_RevivalHerb
0x086906B4	rom	sItemEffect_Ether
0x086906BC	rom	sItemEffect_MaxEther
0x086906C4	rom	sItemEffect_Elixir
0x086906CC	rom	sItemEffect_MaxElixir
0x086906D4	rom	sItemEffect_LavaCookie
0x086906DC	rom	sItemEffect_BlueFlute
0x086906E4	rom	sItemEffect_YellowFlute
0x086906EC	rom	sItemEffect_RedFlute
0x086906F4	rom	sItemEffect_BerryJuice
0x086906FC	rom	sItemEffect_SacredAsh
0x08690704	rom	sItemEffect_HPUp
0x08690710	rom	sItemEffect_Protein
0x0869071C	rom	sItemEffect_Iron
0x08690728	rom	sItemEffect_Carbos
0x08690734	rom	sItemEffect_Calcium
0x08690740	rom	sItemEffect_RareCandy
0x0869074C	rom	sItemEffect_PPUp
0x08690758	rom	sItemEffect_Zinc
0x08690764	rom	sItemEffect_PPMax
0x08690770	rom	sItemEffect_GuardSpec
0x08690778	rom	sItemEffect_DireHit
0x08690780	rom	sItemEffect_XAttack
0x08690788	rom	sItemEffect_XDefend
0x08690790	rom	sItemEffect_XSpeed
0x08690798	rom	sItemEffect_XAccuracy
0x086907A0	rom	sItemEffect_XSpecial
0x086907A8	rom	sItemEffect_SunStone
0x086907B0	rom	sItemEffect_MoonStone
0x086907B8	rom	sItemEffect_FireStone
0x086907C0	rom	sItemEffect_ThunderStone
0x086907C8	rom	sItemEffect_WaterStone
0x086907D0	rom	sItemEffect_LeafStone
0x086907D8	rom	sItemEffect_BlackAugurite
0x086907E0	rom	sItemEffect_IceStone
0x086907E8	rom	sItemEffect_CheriBerry
0x086907F0	rom	sItemEffect_ChestoBerry
0x086907F8	rom	sItemEffect_PechaBerry
0x08690800	rom	sItemEffect_RawstBerry
0x08690808	rom	sItemEffect_AspearBerry
0x08690810	rom	sItemEffect_LeppaBerry
0x08690818	rom	sItemEffect_OranBerry
0x08690820	rom	sItemEffect_PersimBerry
0x08690828	rom	sItemEffect_LumBerry
0x08690830	rom	sItemEffect_SitrusBerry
0x08690838	rom	gItemEffect_PomegBerry
0x08690844	rom	gItemEffect_KelpsyBerry
0x08690850	rom	gItemEffect_QualotBerry
0x0869085C	rom	gItemEffect_HondewBerry
0x08690868	rom	gItemEffect_GrepaBerry
0x08690874	rom	gItemEffect_TamatoBerry
0x08690880	rom	sItemEffect_LinkBracelet
0x08690888	rom	gItemEffectTable
0x08690B14	rom	gEvolutionLines
0x086924D4	rom	sNatureStatTable
0x08692554	rom	sNoneTMHMLearnset
0x08692558	rom	sBulbasaurTMHMLearnset
0x0869256C	rom	sIvysaurTMHMLearnset
0x08692580	rom	sVenusaurTMHMLearnset
0x08692598	rom	sCharmanderTMHMLearnset
0x086925B0	rom	sCharmeleonTMHMLearnset
0x086925C8	rom	sCharizardTMHMLearnset
0x086925E8	rom	sSquirtleTMHMLearnset
0x08692604	rom	sWartortleTMHMLearnset
0x08692620	rom	sBlastoiseTMHMLearnset
0x0869263C	rom	sCaterpieTMHMLearnset
0x08692640	rom	sMetapodTMHMLearnset
0x08692644	rom	sButterfreeTMHMLearnset
0x0869265C	rom	sWeedleTMHMLearnset
0x08692660	rom	sKakunaTMHMLearnset
0x08692664	rom	sBeedrillTMHMLearnset
0x0869267C	rom	sPidgeyTMHMLearnset
0x08692690	rom	sPidgeottoTMHMLearnset
0x086926A4	rom	sPidgeotTMHMLearnset
0x086926B8	rom	sRattataTMHMLearnset
0x086926D4	rom	sRaticateTMHMLearnset
0x086926F0	rom	sSpearowTMHMLearnset
0x08692704	rom	sFearowTMHMLearnset
0x08692718	rom	sEkansTMHMLearnset
0x08692730	rom	sArbokTMHMLearnset
0x08692748	rom	sPikachuTMHMLearnset
0x08692760	rom	sRaichuTMHMLearnset
0x0869277C	rom	sRaichuAlolanTMHMLearnset
0x08692798	rom	sSandshrewTMHMLearnset
0x086927B0	rom	sSandslashTMHMLearnset
0x086927CC	rom	sNidoranFTMHMLearnset
0x086927E8	rom	sNidorinaTMHMLearnset
0x08692804	rom	sNidoqueenTMHMLearnset
0x0869282C	rom	sNidoranMTMHMLearnset
0x08692848	rom	sNidorinoTMHMLearnset
0x08692864	rom	sNidokingTMHMLearnset
0x0869288C	rom	sClefairyTMHMLearnset
0x086928B0	rom	sClefableTMHMLearnset
0x086928D4	rom	sVulpixTMHMLearnset
0x086928E8	rom	sNinetalesTMHMLearnset
0x086928FC	rom	sJigglypuffTMHMLearnset
0x08692920	rom	sWigglytuffTMHMLearnset
0x08692944	rom	sZubatTMHMLearnset
0x0869295C	rom	sGolbatTMHMLearnset
0x08692974	rom	sOddishTMHMLearnset
0x08692988	rom	sGloomTMHMLearnset
0x0869299C	rom	sVileplumeTMHMLearnset
0x086929B0	rom	sParasTMHMLearnset
0x086929C8	rom	sParasectTMHMLearnset
0x086929E0	rom	sVenonatTMHMLearnset
0x086929F4	rom	sVenomothTMHMLearnset
0x08692A0C	rom	sDiglettTMHMLearnset
0x08692A20	rom	sDugtrioTMHMLearnset
0x08692A38	rom	sMeowthTMHMLearnset
0x08692A54	rom	sPersianTMHMLearnset
0x08692A74	rom	sPsyduckTMHMLearnset
0x08692A90	rom	sGolduckTMHMLearnset
0x08692AB0	rom	sMankeyTMHMLearnset
0x08692ACC	rom	sPrimeapeTMHMLearnset
0x08692AEC	rom	sAnnihilapeTMHMLearnset
0x08692B0C	rom	sRioluTMHMLearnset
0x08692B24	rom	sLucarioTMHMLearnset
0x08692B40	rom	sMimikyuTMHMLearnset
0x08692B5C	rom	sGrowlitheTMHMLearnset
0x08692B74	rom	sArcanineTMHMLearnset
0x08692B8C	rom	sPoliwagTMHMLearnset
0x08692BA4	rom	sPoliwhirlTMHMLearnset
0x08692BC0	rom	sPoliwrathTMHMLearnset
0x08692BE0	rom	sAbraTMHMLearnset
0x08692BFC	rom	sKadabraTMHMLearnset
0x08692C18	rom	sAlakazamTMHMLearnset
0x08692C38	rom	sMachopTMHMLearnset
0x08692C50	rom	sMachokeTMHMLearnset
0x08692C68	rom	sMachampTMHMLearnset
0x08692C84	rom	sBellsproutTMHMLearnset
0x08692C98	rom	sWeepinbellTMHMLearnset
0x08692CAC	rom	sVictreebelTMHMLearnset
0x08692CC0	rom	sTentacoolTMHMLearnset
0x08692CD8	rom	sTentacruelTMHMLearnset
0x08692CF0	rom	sGeodudeTMHMLearnset
0x08692D08	rom	sGravelerTMHMLearnset
0x08692D20	rom	sGolemTMHMLearnset
0x08692D38	rom	sPonytaTMHMLearnset
0x08692D4C	rom	sRapidashTMHMLearnset
0x08692D60	rom	sSlowpokeTMHMLearnset
0x08692D80	rom	sSlowbroTMHMLearnset
0x08692DA4	rom	sMagnemiteTMHMLearnset
0x08692DB8	rom	sMagnetonTMHMLearnset
0x08692DCC	rom	sFarfetchdTMHMLearnset
0x08692DE0	rom	sDoduoTMHMLearnset
0x08692DF0	rom	sDodrioTMHMLearnset
0x08692E04	rom	sSeelTMHMLearnset
0x08692E1C	rom	sDewgongTMHMLearnset
0x08692E34	rom	sGrimerTMHMLearnset
0x08692E50	rom	sMukTMHMLearnset
0x08692E70	rom	sShellderTMHMLearnset
0x08692E84	rom	sCloysterTMHMLearnset
0x08692E98	rom	sGastlyTMHMLearnset
0x08692EB0	rom	sHaunterTMHMLearnset
0x08692EC8	rom	sGengarTMHMLearnset
0x08692EE8	rom	sOnixTMHMLearnset
0x08692F00	rom	sDrowzeeTMHMLearnset
0x08692F1C	rom	sHypnoTMHMLearnset
0x08692F38	rom	sKrabbyTMHMLearnset
0x08692F50	rom	sKinglerTMHMLearnset
0x08692F6C	rom	sVoltorbTMHMLearnset
0x08692F80	rom	sElectrodeTMHMLearnset
0x08692F94	rom	sExeggcuteTMHMLearnset
0x08692FAC	rom	sExeggutorTMHMLearnset
0x08692FC4	rom	sCuboneTMHMLearnset
0x08692FE0	rom	sMarowakTMHMLearnset
0x08692FFC	rom	sHitmonleeTMHMLearnset
0x08693014	rom	sHitmonchanTMHMLearnset
0x0869302C	rom	sLickitungTMHMLearnset
0x08693050	rom	sKoffingTMHMLearnset
0x08693068	rom	sWeezingTMHMLearnset
0x08693084	rom	sRhyhornTMHMLearnset
0x086930A4	rom	sRhydonTMHMLearnset
0x086930C8	rom	sChanseyTMHMLearnset
0x086930F0	rom	sTangelaTMHMLearnset
0x08693108	rom	sKangaskhanTMHMLearnset
0x08693130	rom	sHorseaTMHMLearnset
0x08693144	rom	sSeadraTMHMLearnset
0x08693158	rom	sGoldeenTMHMLearnset
0x0869316C	rom	sSeakingTMHMLearnset
0x08693180	rom	sStaryuTMHMLearnset
0x08693198	rom	sStarmieTMHMLearnset
0x086931B4	rom	sMrmimeTMHMLearnset
0x086931D4	rom	sScytherTMHMLearnset
0x086931E8	rom	sKleavorTMHMLearnset
0x08693200	rom	sJynxTMHMLearnset
0x08693220	rom	sElectabuzzTMHMLearnset
0x0869323C	rom	sMagmarTMHMLearnset
0x08693254	rom	sPinsirTMHMLearnset
0x0869326C	rom	sTaurosTMHMLearnset
0x0869328C	rom	sMagikarpTMHMLearnset
0x08693290	rom	sGyaradosTMHMLearnset
0x086932B0	rom	sLaprasTMHMLearnset
0x086932D0	rom	sDittoTMHMLearnset
0x086932D4	rom	sEeveeTMHMLearnset
0x086932E4	rom	sVaporeonTMHMLearnset
0x08693300	rom	sJolteonTMHMLearnset
0x08693318	rom	sFlareonTMHMLearnset
0x08693330	rom	sLeafeonTMHMLearnset
0x0869334C	rom	sGlaceonTMHMLearnset
0x08693368	rom	sPorygonTMHMLearnset
0x08693384	rom	sOmanyteTMHMLearnset
0x0869339C	rom	sOmastarTMHMLearnset
0x086933B4	rom	sKabutoTMHMLearnset
0x086933D0	rom	sKabutopsTMHMLearnset
0x086933F0	rom	sAerodactylTMHMLearnset
0x08693410	rom	sSnorlaxTMHMLearnset
0x08693430	rom	sArticunoTMHMLearnset
0x08693448	rom	sZapdosTMHMLearnset
0x08693460	rom	sMoltresTMHMLearnset
0x08693478	rom	sDratiniTMHMLearnset
0x08693494	rom	sDragonairTMHMLearnset
0x086934B0	rom	sDragoniteTMHMLearnset
0x086934DC	rom	sMewtwoTMHMLearnset
0x08693508	rom	sMewTMHMLearnset
0x08693544	rom	sChikoritaTMHMLearnset
0x0869355C	rom	sBayleefTMHMLearnset
0x08693574	rom	sMeganiumTMHMLearnset
0x08693590	rom	sCyndaquilTMHMLearnset
0x086935A4	rom	sQuilavaTMHMLearnset
0x086935BC	rom	sTyphlosionTMHMLearnset
0x086935D8	rom	sTotodileTMHMLearnset
0x086935F4	rom	sCroconawTMHMLearnset
0x08693610	rom	sFeraligatrTMHMLearnset
0x08693630	rom	sSentretTMHMLearnset
0x0869364C	rom	sFurretTMHMLearnset
0x0869366C	rom	sHoothootTMHMLearnset
0x08693684	rom	sNoctowlTMHMLearnset
0x0869369C	rom	sLedybaTMHMLearnset
0x086936B4	rom	sLedianTMHMLearnset
0x086936CC	rom	sSpinarakTMHMLearnset
0x086936E0	rom	sAriadosTMHMLearnset
0x086936F4	rom	sCrobatTMHMLearnset
0x0869370C	rom	sChinchouTMHMLearnset
0x08693724	rom	sLanturnTMHMLearnset
0x0869373C	rom	sPichuTMHMLearnset
0x08693750	rom	sCleffaTMHMLearnset
0x0869376C	rom	sIgglybuffTMHMLearnset
0x08693788	rom	sTogepiTMHMLearnset
0x086937A4	rom	sTogeticTMHMLearnset
0x086937C4	rom	sNatuTMHMLearnset
0x086937E0	rom	sXatuTMHMLearnset
0x086937FC	rom	sMareepTMHMLearnset
0x08693810	rom	sFlaaffyTMHMLearnset
0x08693828	rom	sAmpharosTMHMLearnset
0x08693840	rom	sBellossomTMHMLearnset
0x08693854	rom	sMarillTMHMLearnset
0x08693870	rom	sAzumarillTMHMLearnset
0x0869388C	rom	sSudowoodoTMHMLearnset
0x086938A4	rom	sPolitoedTMHMLearnset
0x086938C0	rom	sHoppipTMHMLearnset
0x086938D4	rom	sSkiploomTMHMLearnset
0x086938E8	rom	sJumpluffTMHMLearnset
0x086938FC	rom	sAipomTMHMLearnset
0x0869391C	rom	sSunkernTMHMLearnset
0x08693930	rom	sSunfloraTMHMLearnset
0x08693948	rom	sYanmaTMHMLearnset
0x0869395C	rom	sWooperTMHMLearnset
0x08693978	rom	sQuagsireTMHMLearnset
0x08693998	rom	sEspeonTMHMLearnset
0x086939B0	rom	sUmbreonTMHMLearnset
0x086939C8	rom	sMurkrowTMHMLearnset
0x086939E0	rom	sSlowkingTMHMLearnset
0x08693A04	rom	sMisdreavusTMHMLearnset
0x08693A20	rom	sUnownTMHMLearnset
0x08693A24	rom	sWobbuffetTMHMLearnset
0x08693A28	rom	sGirafarigTMHMLearnset
0x08693A44	rom	sPinecoTMHMLearnset
0x08693A5C	rom	sForretressTMHMLearnset
0x08693A74	rom	sDunsparceTMHMLearnset
0x08693A94	rom	sGligarTMHMLearnset
0x08693AB0	rom	sSteelixTMHMLearnset
0x08693AC8	rom	sSnubbullTMHMLearnset
0x08693AEC	rom	sGranbullTMHMLearnset
0x08693B14	rom	sQwilfishTMHMLearnset
0x08693B2C	rom	sScizorTMHMLearnset
0x08693B44	rom	sShuckleTMHMLearnset
0x08693B5C	rom	sHeracrossTMHMLearnset
0x08693B74	rom	sSneaselTMHMLearnset
0x08693B94	rom	sTeddiursaTMHMLearnset
0x08693BB0	rom	sUrsaringTMHMLearnset
0x08693BCC	rom	sSlugmaTMHMLearnset
0x08693BE0	rom	sMagcargoTMHMLearnset
0x08693BF8	rom	sSwinubTMHMLearnset
0x08693C10	rom	sPiloswineTMHMLearnset
0x08693C2C	rom	sCorsolaTMHMLearnset
0x08693C4C	rom	sRemoraidTMHMLearnset
0x08693C64	rom	sOctilleryTMHMLearnset
0x08693C80	rom	sDelibirdTMHMLearnset
0x08693C94	rom	sMantineTMHMLearnset
0x08693CAC	rom	sSkarmoryTMHMLearnset
0x08693CC4	rom	sHoundourTMHMLearnset
0x08693CE0	rom	sHoundoomTMHMLearnset
0x08693CFC	rom	sKingdraTMHMLearnset
0x08693D10	rom	sPhanpyTMHMLearnset
0x08693D24	rom	sDonphanTMHMLearnset
0x08693D38	rom	sPorygon2TMHMLearnset
0x08693D54	rom	sStantlerTMHMLearnset
0x08693D70	rom	sSmeargleTMHMLearnset
0x08693D74	rom	sTyrogueTMHMLearnset
0x08693D88	rom	sHitmontopTMHMLearnset
0x08693DA0	rom	sSmoochumTMHMLearnset
0x08693DB8	rom	sElekidTMHMLearnset
0x08693DD0	rom	sMagbyTMHMLearnset
0x08693DE4	rom	sMiltankTMHMLearnset
0x08693E04	rom	sBlisseyTMHMLearnset
0x08693E2C	rom	sRaikouTMHMLearnset
0x08693E48	rom	sEnteiTMHMLearnset
0x08693E64	rom	sSuicuneTMHMLearnset
0x08693E80	rom	sLarvitarTMHMLearnset
0x08693E98	rom	sPupitarTMHMLearnset
0x08693EB0	rom	sTyranitarTMHMLearnset
0x08693ED8	rom	sLugiaTMHMLearnset
0x08693F00	rom	sHoOhTMHMLearnset
0x08693F24	rom	sCelebiTMHMLearnset
0x08693F40	rom	sTreeckoTMHMLearnset
0x08693F5C	rom	sGrovyleTMHMLearnset
0x08693F78	rom	sSceptileTMHMLearnset
0x08693F98	rom	sTorchicTMHMLearnset
0x08693FB0	rom	sCombuskenTMHMLearnset
0x08693FC8	rom	sBlazikenTMHMLearnset
0x08693FE4	rom	sMudkipTMHMLearnset
0x08693FFC	rom	sMarshtompTMHMLearnset
0x08694018	rom	sSwampertTMHMLearnset
0x08694038	rom	sPoochyenaTMHMLearnset
0x08694050	rom	sMightyenaTMHMLearnset
0x08694068	rom	sZigzagoonTMHMLearnset
0x08694084	rom	sLinooneTMHMLearnset
0x086940A4	rom	sWurmpleTMHMLearnset
0x086940A8	rom	sSilcoonTMHMLearnset
0x086940AC	rom	sBeautiflyTMHMLearnset
0x086940C4	rom	sCascoonTMHMLearnset
0x086940C8	rom	sDustoxTMHMLearnset
0x086940E0	rom	sLotadTMHMLearnset
0x086940F8	rom	sLombreTMHMLearnset
0x08694114	rom	sLudicoloTMHMLearnset
0x08694134	rom	sSeedotTMHMLearnset
0x08694148	rom	sNuzleafTMHMLearnset
0x08694164	rom	sShiftryTMHMLearnset
0x08694180	rom	sNincadaTMHMLearnset
0x08694194	rom	sNinjaskTMHMLearnset
0x086941AC	rom	sShedinjaTMHMLearnset
0x086941C4	rom	sTaillowTMHMLearnset
0x086941D8	rom	sSwellowTMHMLearnset
0x086941EC	rom	sShroomishTMHMLearnset
0x08694200	rom	sBreloomTMHMLearnset
0x0869421C	rom	sSpindaTMHMLearnset
0x0869423C	rom	sWingullTMHMLearnset
0x08694254	rom	sPelipperTMHMLearnset
0x0869426C	rom	sSurskitTMHMLearnset
0x08694284	rom	sMasquerainTMHMLearnset
0x0869429C	rom	sWailmerTMHMLearnset
0x086942B4	rom	sWailordTMHMLearnset
0x086942D0	rom	sSkittyTMHMLearnset
0x086942EC	rom	sDelcattyTMHMLearnset
0x0869430C	rom	sKecleonTMHMLearnset
0x08694330	rom	sBaltoyTMHMLearnset
0x08694348	rom	sClaydolTMHMLearnset
0x08694364	rom	sNosepassTMHMLearnset
0x0869437C	rom	sTorkoalTMHMLearnset
0x08694390	rom	sSableyeTMHMLearnset
0x086943B0	rom	sBarboachTMHMLearnset
0x086943C8	rom	sWhiscashTMHMLearnset
0x086943E4	rom	sLuvdiscTMHMLearnset
0x086943F8	rom	sCorphishTMHMLearnset
0x08694414	rom	sCrawdauntTMHMLearnset
0x08694434	rom	sFeebasTMHMLearnset
0x08694448	rom	sMiloticTMHMLearnset
0x08694460	rom	sCarvanhaTMHMLearnset
0x08694478	rom	sSharpedoTMHMLearnset
0x08694494	rom	sTrapinchTMHMLearnset
0x086944AC	rom	sVibravaTMHMLearnset
0x086944C4	rom	sFlygonTMHMLearnset
0x086944E0	rom	sMakuhitaTMHMLearnset
0x086944F8	rom	sHariyamaTMHMLearnset
0x08694510	rom	sElectrikeTMHMLearnset
0x08694524	rom	sManectricTMHMLearnset
0x0869453C	rom	sNumelTMHMLearnset
0x08694554	rom	sCameruptTMHMLearnset
0x0869456C	rom	sSphealTMHMLearnset
0x08694584	rom	sSealeoTMHMLearnset
0x086945A0	rom	sWalreinTMHMLearnset
0x086945BC	rom	sCacneaTMHMLearnset
0x086945D0	rom	sCacturneTMHMLearnset
0x086945E8	rom	sSnoruntTMHMLearnset
0x086945FC	rom	sGlalieTMHMLearnset
0x08694614	rom	sLunatoneTMHMLearnset
0x0869462C	rom	sSolrockTMHMLearnset
0x08694648	rom	sAzurillTMHMLearnset
0x0869465C	rom	sSpoinkTMHMLearnset
0x08694678	rom	sGrumpigTMHMLearnset
0x08694694	rom	sPlusleTMHMLearnset
0x086946A8	rom	sMinunTMHMLearnset
0x086946BC	rom	sMawileTMHMLearnset
0x086946D8	rom	sMedititeTMHMLearnset
0x086946F4	rom	sMedichamTMHMLearnset
0x08694710	rom	sSwabluTMHMLearnset
0x08694724	rom	sAltariaTMHMLearnset
0x08694740	rom	sWynautTMHMLearnset
0x08694744	rom	sDuskullTMHMLearnset
0x0869475C	rom	sDusclopsTMHMLearnset
0x0869477C	rom	sRoseliaTMHMLearnset
0x08694790	rom	sSlakothTMHMLearnset
0x086947B0	rom	sVigorothTMHMLearnset
0x086947D4	rom	sSlakingTMHMLearnset
0x086947F8	rom	sGulpinTMHMLearnset
0x08694810	rom	sSwalotTMHMLearnset
0x0869482C	rom	sTropiusTMHMLearnset
0x08694848	rom	sWhismurTMHMLearnset
0x08694860	rom	sLoudredTMHMLearnset
0x08694880	rom	sExploudTMHMLearnset
0x086948A0	rom	sClamperlTMHMLearnset
0x086948B4	rom	sHuntailTMHMLearnset
0x086948CC	rom	sGorebyssTMHMLearnset
0x086948E4	rom	sAbsolTMHMLearnset
0x08694908	rom	sShuppetTMHMLearnset
0x08694924	rom	sBanetteTMHMLearnset
0x08694940	rom	sSeviperTMHMLearnset
0x08694958	rom	sZangooseTMHMLearnset
0x0869497C	rom	sRelicanthTMHMLearnset
0x08694998	rom	sAronTMHMLearnset
0x086949B4	rom	sLaironTMHMLearnset
0x086949D0	rom	sAggronTMHMLearnset
0x086949F8	rom	sCastformTMHMLearnset
0x08694A14	rom	sVolbeatTMHMLearnset
0x08694A30	rom	sIllumiseTMHMLearnset
0x08694A4C	rom	sLileepTMHMLearnset
0x08694A60	rom	sCradilyTMHMLearnset
0x08694A78	rom	sAnorithTMHMLearnset
0x08694A8C	rom	sArmaldoTMHMLearnset
0x08694AA4	rom	sRaltsTMHMLearnset
0x08694AC0	rom	sKirliaTMHMLearnset
0x08694ADC	rom	sGardevoirTMHMLearnset
0x08694AF8	rom	sBagonTMHMLearnset
0x08694B10	rom	sShelgonTMHMLearnset
0x08694B28	rom	sSalamenceTMHMLearnset
0x08694B44	rom	sBeldumTMHMLearnset
0x08694B48	rom	sMetangTMHMLearnset
0x08694B64	rom	sMetagrossTMHMLearnset
0x08694B80	rom	sRegirockTMHMLearnset
0x08694B98	rom	sRegiceTMHMLearnset
0x08694BB0	rom	sRegisteelTMHMLearnset
0x08694BCC	rom	sKyogreTMHMLearnset
0x08694BEC	rom	sGroudonTMHMLearnset
0x08694C10	rom	sRayquazaTMHMLearnset
0x08694C38	rom	sLatiasTMHMLearnset
0x08694C60	rom	sLatiosTMHMLearnset
0x08694C88	rom	sJirachiTMHMLearnset
0x08694CA4	rom	sDeoxysTMHMLearnset
0x08694CCC	rom	sChimechoTMHMLearnset
0x08694CE8	rom	gTMHMLearnsets
0x08695358	rom	gFacilityClassToPicIndex
0x086953F0	rom	gFacilityClassToTrainerClass
0x08695488	rom	sHoennSpeciesIdToCryId
0x08695598	rom	gExperienceTables
0x08696238	rom	gSpeciesInfo
0x08698F48	rom	sBulbasaurLevelUpLearnset
0x08698F60	rom	sIvysaurLevelUpLearnset
0x08698F7C	rom	sVenusaurLevelUpLearnset
0x08698F9C	rom	sCharmanderLevelUpLearnset
0x08698FB4	rom	sCharmeleonLevelUpLearnset
0x08698FCC	rom	sCharizardLevelUpLearnset
0x08698FEC	rom	sSquirtleLevelUpLearnset
0x08699004	rom	sWartortleLevelUpLearnset
0x08699020	rom	sBlastoiseLevelUpLearnset
0x08699040	rom	sCaterpieLevelUpLearnset
0x08699048	rom	sMetapodLevelUpLearnset
0x08699050	rom	sButterfreeLevelUpLearnset
0x08699068	rom	sWeedleLevelUpLearnset
0x08699070	rom	sKakunaLevelUpLearnset
0x08699078	rom	sBeedrillLevelUpLearnset
0x0869908C	rom	sPidgeyLevelUpLearnset
0x086990A0	rom	sPidgeottoLevelUpLearnset
0x086990B8	rom	sPidgeotLevelUpLearnset
0x086990D4	rom	sRattataLevelUpLearnset
0x086990E8	rom	sRaticateLevelUpLearnset
0x086990FC	rom	sSpearowLevelUpLearnset
0x08699110	rom	sFearowLevelUpLearnset
0x08699128	rom	sEkansLevelUpLearnset
0x08699140	rom	sArbokLevelUpLearnset
0x0869915C	rom	sPikachuLevelUpLearnset
0x08699174	rom	sRaichuLevelUpLearnset
0x08699180	rom	sSandshrewLevelUpLearnset
0x08699194	rom	sSandslashLevelUpLearnset
0x086991AC	rom	sNidoranFLevelUpLearnset
0x086991C4	rom	sNidorinaLevelUpLearnset
0x086991DC	rom	sNidoqueenLevelUpLearnset
0x086991EC	rom	sNidoranMLevelUpLearnset
0x08699204	rom	sNidorinoLevelUpLearnset
0x0869921C	rom	sNidokingLevelUpLearnset
0x0869922C	rom	sClefairyLevelUpLearnset
0x08699248	rom	sClefableLevelUpLearnset
0x08699254	rom	sVulpixLevelUpLearnset
0x0869926C	rom	sNinetalesLevelUpLearnset
0x08699278	rom	sJigglypuffLevelUpLearnset
0x08699290	rom	sWigglytuffLevelUpLearnset
0x0869929C	rom	sZubatLevelUpLearnset
0x086992B4	rom	sGolbatLevelUpLearnset
0x086992D0	rom	sOddishLevelUpLearnset
0x086992E4	rom	sGloomLevelUpLearnset
0x086992FC	rom	sVileplumeLevelUpLearnset
0x08699308	rom	sParasLevelUpLearnset
0x0869931C	rom	sParasectLevelUpLearnset
0x08699334	rom	sVenonatLevelUpLearnset
0x0869934C	rom	sVenomothLevelUpLearnset
0x0869936C	rom	sDiglettLevelUpLearnset
0x08699384	rom	sDugtrioLevelUpLearnset
0x086993A0	rom	sMeowthLevelUpLearnset
0x086993B8	rom	sPersianLevelUpLearnset
0x086993D0	rom	sPsyduckLevelUpLearnset
0x086993E4	rom	sGolduckLevelUpLearnset
0x086993FC	rom	sMankeyLevelUpLearnset
0x08699414	rom	sPrimeapeLevelUpLearnset
0x08699434	rom	sAnnihilapeLevelUpLearnset
0x08699458	rom	sGrowlitheLevelUpLearnset
0x08699470	rom	sArcanineLevelUpLearnset
0x0869947C	rom	sPoliwagLevelUpLearnset
0x08699490	rom	sPoliwhirlLevelUpLearnset
0x086994A8	rom	sPoliwrathLevelUpLearnset
0x086994B8	rom	sAbraLevelUpLearnset
0x086994BC	rom	sKadabraLevelUpLearnset
0x086994D8	rom	sAlakazamLevelUpLearnset
0x086994F4	rom	sMachopLevelUpLearnset
0x08699510	rom	sMachokeLevelUpLearnset
0x0869952C	rom	sMachampLevelUpLearnset
0x08699548	rom	sBellsproutLevelUpLearnset
0x08699560	rom	sWeepinbellLevelUpLearnset
0x0869957C	rom	sVictreebelLevelUpLearnset
0x0869958C	rom	sTentacoolLevelUpLearnset
0x086995A0	rom	sTentacruelLevelUpLearnset
0x086995B8	rom	sGeodudeLevelUpLearnset
0x086995D0	rom	sGravelerLevelUpLearnset
0x086995EC	rom	sGolemLevelUpLearnset
0x08699608	rom	sPonytaLevelUpLearnset
0x08699620	rom	sRapidashLevelUpLearnset
0x08699640	rom	sSlowpokeLevelUpLearnset
0x08699658	rom	sSlowbroLevelUpLearnset
0x08699674	rom	sMagnemiteLevelUpLearnset
0x0869968C	rom	sMagnetonLevelUpLearnset
0x086996A8	rom	sFarfetchdLevelUpLearnset
0x086996C0	rom	sDoduoLevelUpLearnset
0x086996D4	rom	sDodrioLevelUpLearnset
0x086996EC	rom	sSeelLevelUpLearnset
0x08699700	rom	sDewgongLevelUpLearnset
0x0869971C	rom	sGrimerLevelUpLearnset
0x08699734	rom	sMukLevelUpLearnset
0x0869974C	rom	sShellderLevelUpLearnset
0x08699760	rom	sCloysterLevelUpLearnset
0x08699770	rom	sGastlyLevelUpLearnset
0x08699788	rom	sHaunterLevelUpLearnset
0x086997A4	rom	sGengarLevelUpLearnset
0x086997C0	rom	sOnixLevelUpLearnset
0x086997DC	rom	sDrowzeeLevelUpLearnset
0x086997F4	rom	sHypnoLevelUpLearnset
0x08699814	rom	sKrabbyLevelUpLearnset
0x0869982C	rom	sKinglerLevelUpLearnset
0x0869984C	rom	sVoltorbLevelUpLearnset
0x08699864	rom	sElectrodeLevelUpLearnset
0x08699880	rom	sExeggcuteLevelUpLearnset
0x08699898	rom	sExeggutorLevelUpLearnset
0x086998A4	rom	sCuboneLevelUpLearnset
0x086998C0	rom	sMarowakLevelUpLearnset
0x086998E0	rom	sHitmonleeLevelUpLearnset
0x086998FC	rom	sHitmonchanLevelUpLearnset
0x08699918	rom	sLickitungLevelUpLearnset
0x08699930	rom	sKoffingLevelUpLearnset
0x08699948	rom	sWeezingLevelUpLearnset
0x08699964	rom	sRhyhornLevelUpLearnset
0x0869997C	rom	sRhydonLevelUpLearnset
0x08699998	rom	sChanseyLevelUpLearnset
0x086999B4	rom	sTangelaLevelUpLearnset
0x086999D0	rom	sKangaskhanLevelUpLearnset
0x086999E8	rom	sHorseaLevelUpLearnset
0x086999FC	rom	sSeadraLevelUpLearnset
0x08699A14	rom	sGoldeenLevelUpLearnset
0x08699A2C	rom	sSeakingLevelUpLearnset
0x08699A48	rom	sStaryuLevelUpLearnset
0x08699A64	rom	sStarmieLevelUpLearnset
0x08699A70	rom	sMrMimeLevelUpLearnset
0x08699A94	rom	sScytherLevelUpLearnset
0x08699AAC	rom	sJynxLevelUpLearnset
0x08699AC8	rom	sElectabuzzLevelUpLearnset
0x08699ADC	rom	sMagmarLevelUpLearnset
0x08699AF8	rom	sPinsirLevelUpLearnset
0x08699B10	rom	sTaurosLevelUpLearnset
0x08699B28	rom	sMagikarpLevelUpLearnset
0x08699B30	rom	sGyaradosLevelUpLearnset
0x08699B44	rom	sLaprasLevelUpLearnset
0x08699B60	rom	sDittoLevelUpLearnset
0x08699B64	rom	sEeveeLevelUpLearnset
0x08699B78	rom	sVaporeonLevelUpLearnset
0x08699B90	rom	sJolteonLevelUpLearnset
0x08699BA8	rom	sFlareonLevelUpLearnset
0x08699BC0	rom	sPorygonLevelUpLearnset
0x08699BD8	rom	sOmanyteLevelUpLearnset
0x08699BF0	rom	sOmastarLevelUpLearnset
0x08699C0C	rom	sKabutoLevelUpLearnset
0x08699C24	rom	sKabutopsLevelUpLearnset
0x08699C44	rom	sAerodactylLevelUpLearnset
0x08699C58	rom	sSnorlaxLevelUpLearnset
0x08699C78	rom	sArticunoLevelUpLearnset
0x08699C8C	rom	sZapdosLevelUpLearnset
0x08699CA0	rom	sMoltresLevelUpLearnset
0x08699CB4	rom	sDratiniLevelUpLearnset
0x08699CCC	rom	sDragonairLevelUpLearnset
0x08699CE8	rom	sDragoniteLevelUpLearnset
0x08699D04	rom	sMewtwoLevelUpLearnset
0x08699D1C	rom	sMewLevelUpLearnset
0x08699D2C	rom	sChikoritaLevelUpLearnset
0x08699D44	rom	sBayleefLevelUpLearnset
0x08699D60	rom	sMeganiumLevelUpLearnset
0x08699D7C	rom	sCyndaquilLevelUpLearnset
0x08699D90	rom	sQuilavaLevelUpLearnset
0x08699DA4	rom	sTyphlosionLevelUpLearnset
0x08699DBC	rom	sTotodileLevelUpLearnset
0x08699DD0	rom	sCroconawLevelUpLearnset
0x08699DE8	rom	sFeraligatrLevelUpLearnset
0x08699E00	rom	sSentretLevelUpLearnset
0x08699E14	rom	sFurretLevelUpLearnset
0x08699E2C	rom	sHoothootLevelUpLearnset
0x08699E40	rom	sNoctowlLevelUpLearnset
0x08699E58	rom	sLedybaLevelUpLearnset
0x08699E70	rom	sLedianLevelUpLearnset
0x08699E88	rom	sSpinarakLevelUpLearnset
0x08699EA0	rom	sAriadosLevelUpLearnset
0x08699EBC	rom	sCrobatLevelUpLearnset
0x08699ED8	rom	sChinchouLevelUpLearnset
0x08699EF0	rom	sLanturnLevelUpLearnset
0x08699F08	rom	sPichuLevelUpLearnset
0x08699F14	rom	sCleffaLevelUpLearnset
0x08699F24	rom	sIgglybuffLevelUpLearnset
0x08699F30	rom	sTogepiLevelUpLearnset
0x08699F4C	rom	sTogeticLevelUpLearnset
0x08699F6C	rom	sNatuLevelUpLearnset
0x08699F80	rom	sXatuLevelUpLearnset
0x08699F94	rom	sMareepLevelUpLearnset
0x08699FA4	rom	sFlaaffyLevelUpLearnset
0x08699FB8	rom	sAmpharosLevelUpLearnset
0x08699FD0	rom	sBellossomLevelUpLearnset
0x08699FE0	rom	sMarillLevelUpLearnset
0x08699FF4	rom	sAzumarillLevelUpLearnset
0x0869A010	rom	sSudowoodoLevelUpLearnset
0x0869A024	rom	sPolitoedLevelUpLearnset
0x0869A034	rom	sHoppipLevelUpLearnset
0x0869A04C	rom	sSkiploomLevelUpLearnset
0x0869A068	rom	sJumpluffLevelUpLearnset
0x0869A084	rom	sAipomLevelUpLearnset
0x0869A09C	rom	sSunkernLevelUpLearnset
0x0869A0B0	rom	sSunfloraLevelUpLearnset
0x0869A0C4	rom	sYanmaLevelUpLearnset
0x0869A0DC	rom	sWooperLevelUpLearnset
0x0869A0F4	rom	sQuagsireLevelUpLearnset
0x0869A10C	rom	sEspeonLevelUpLearnset
0x0869A124	rom	sUmbreonLevelUpLearnset
0x0869A13C	rom	sMurkrowLevelUpLearnset
0x0869A150	rom	sSlowkingLevelUpLearnset
0x0869A168	rom	sMisdreavusLevelUpLearnset
0x0869A180	rom	sUnownLevelUpLearnset
0x0869A184	rom	sWobbuffetLevelUpLearnset
0x0869A190	rom	sGirafarigLevelUpLearnset
0x0869A1A8	rom	sPinecoLevelUpLearnset
0x0869A1BC	rom	sForretressLevelUpLearnset
0x0869A1D4	rom	sDunsparceLevelUpLearnset
0x0869A1EC	rom	sGligarLevelUpLearnset
0x0869A200	rom	sSteelixLevelUpLearnset
0x0869A21C	rom	sSnubbullLevelUpLearnset
0x0869A234	rom	sGranbullLevelUpLearnset
0x0869A24C	rom	sQwilfishLevelUpLearnset
0x0869A264	rom	sScizorLevelUpLearnset
0x0869A27C	rom	sShuckleLevelUpLearnset
0x0869A28C	rom	sHeracrossLevelUpLearnset
0x0869A2A4	rom	sSneaselLevelUpLearnset
0x0869A2C0	rom	sTeddiursaLevelUpLearnset
0x0869A2D8	rom	sUrsaringLevelUpLearnset
0x0869A2F4	rom	sSlugmaLevelUpLearnset
0x0869A308	rom	sMagcargoLevelUpLearnset
0x0869A320	rom	sSwinubLevelUpLearnset
0x0869A334	rom	sPiloswineLevelUpLearnset
0x0869A34C	rom	sCorsolaLevelUpLearnset
0x0869A364	rom	sRemoraidLevelUpLearnset
0x0869A378	rom	sOctilleryLevelUpLearnset
0x0869A38C	rom	sDelibirdLevelUpLearnset
0x0869A390	rom	sMantineLevelUpLearnset
0x0869A3A4	rom	sSkarmoryLevelUpLearnset
0x0869A3BC	rom	sHoundourLevelUpLearnset
0x0869A3D4	rom	sHoundoomLevelUpLearnset
0x0869A3EC	rom	sKingdraLevelUpLearnset
0x0869A404	rom	sPhanpyLevelUpLearnset
0x0869A418	rom	sDonphanLevelUpLearnset
0x0869A42C	rom	sPorygon2LevelUpLearnset
0x0869A444	rom	sStantlerLevelUpLearnset
0x0869A45C	rom	sSmeargleLevelUpLearnset
0x0869A474	rom	sTyrogueLevelUpLearnset
0x0869A478	rom	sHitmontopLevelUpLearnset
0x0869A490	rom	sSmoochumLevelUpLearnset
0x0869A4A8	rom	sElekidLevelUpLearnset
0x0869A4BC	rom	sMagbyLevelUpLearnset
0x0869A4D0	rom	sMiltankLevelUpLearnset
0x0869A4E4	rom	sBlisseyLevelUpLearnset
0x0869A500	rom	sRaikouLevelUpLearnset
0x0869A518	rom	sEnteiLevelUpLearnset
0x0869A530	rom	sSuicuneLevelUpLearnset
0x0869A548	rom	sLarvitarLevelUpLearnset
0x0869A560	rom	sPupitarLevelUpLearnset
0x0869A57C	rom	sTyranitarLevelUpLearnset
0x0869A598	rom	sLugiaLevelUpLearnset
0x0869A5B0	rom	sHoOhLevelUpLearnset
0x0869A5C8	rom	sCelebiLevelUpLearnset
0x0869A5DC	rom	sRaichuAlolanLevelUpLearnset
0x0869A5FC	rom	sKleavorLevelUpLearnset
0x0869A61C	rom	sLeafeonLevelUpLearnset
0x0869A644	rom	sGlaceonLevelUpLearnset
0x0869A668	rom	sRioluLevelUpLearnset
0x0869A67C	rom	sLucarioLevelUpLearnset
0x0869A6A0	rom	sMimikyuLevelUpLearnset
0x0869A6BC	rom	sSpecies260LevelUpLearnset
0x0869A6C0	rom	sSpecies261LevelUpLearnset
0x0869A6C4	rom	sSpecies262LevelUpLearnset
0x0869A6C8	rom	sSpecies263LevelUpLearnset
0x0869A6CC	rom	sSpecies264LevelUpLearnset
0x0869A6D0	rom	sSpecies265LevelUpLearnset
0x0869A6D4	rom	sSpecies266LevelUpLearnset
0x0869A6D8	rom	sSpecies267LevelUpLearnset
0x0869A6DC	rom	sSpecies268LevelUpLearnset
0x0869A6E0	rom	sSpecies269LevelUpLearnset
0x0869A6E4	rom	sSpecies270LevelUpLearnset
0x0869A6E8	rom	sSpecies271LevelUpLearnset
0x0869A6EC	rom	sSpecies272LevelUpLearnset
0x0869A6F0	rom	sSpecies273LevelUpLearnset
0x0869A6F4	rom	sSpecies274LevelUpLearnset
0x0869A6F8	rom	sSpecies275LevelUpLearnset
0x0869A6FC	rom	sSpecies276LevelUpLearnset
0x0869A700	rom	sTreeckoLevelUpLearnset
0x0869A718	rom	sGrovyleLevelUpLearnset
0x0869A738	rom	sSceptileLevelUpLearnset
0x0869A758	rom	sTorchicLevelUpLearnset
0x0869A770	rom	sCombuskenLevelUpLearnset
0x0869A790	rom	sBlazikenLevelUpLearnset
0x0869A7B4	rom	sMudkipLevelUpLearnset
0x0869A7D0	rom	sMarshtompLevelUpLearnset
0x0869A7F0	rom	sSwampertLevelUpLearnset
0x0869A810	rom	sPoochyenaLevelUpLearnset
0x0869A82C	rom	sMightyenaLevelUpLearnset
0x0869A84C	rom	sZigzagoonLevelUpLearnset
0x0869A868	rom	sLinooneLevelUpLearnset
0x0869A888	rom	sWurmpleLevelUpLearnset
0x0869A890	rom	sSilcoonLevelUpLearnset
0x0869A898	rom	sBeautiflyLevelUpLearnset
0x0869A8B0	rom	sCascoonLevelUpLearnset
0x0869A8B8	rom	sDustoxLevelUpLearnset
0x0869A8D0	rom	sLotadLevelUpLearnset
0x0869A8E0	rom	sLombreLevelUpLearnset
0x0869A8F8	rom	sLudicoloLevelUpLearnset
0x0869A904	rom	sSeedotLevelUpLearnset
0x0869A914	rom	sNuzleafLevelUpLearnset
0x0869A92C	rom	sShiftryLevelUpLearnset
0x0869A938	rom	sNincadaLevelUpLearnset
0x0869A950	rom	sNinjaskLevelUpLearnset
0x0869A970	rom	sShedinjaLevelUpLearnset
0x0869A988	rom	sTaillowLevelUpLearnset
0x0869A99C	rom	sSwellowLevelUpLearnset
0x0869A9B4	rom	sShroomishLevelUpLearnset
0x0869A9CC	rom	sBreloomLevelUpLearnset
0x0869A9EC	rom	sSpindaLevelUpLearnset
0x0869AA04	rom	sWingullLevelUpLearnset
0x0869AA18	rom	sPelipperLevelUpLearnset
0x0869AA34	rom	sSurskitLevelUpLearnset
0x0869AA48	rom	sMasquerainLevelUpLearnset
0x0869AA64	rom	sWailmerLevelUpLearnset
0x0869AA80	rom	sWailordLevelUpLearnset
0x0869AAA0	rom	sSkittyLevelUpLearnset
0x0869AABC	rom	sDelcattyLevelUpLearnset
0x0869AAC8	rom	sKecleonLevelUpLearnset
0x0869AAE4	rom	sBaltoyLevelUpLearnset
0x0869AAFC	rom	sClaydolLevelUpLearnset
0x0869AB1C	rom	sNosepassLevelUpLearnset
0x0869AB34	rom	sTorkoalLevelUpLearnset
0x0869AB50	rom	sSableyeLevelUpLearnset
0x0869AB6C	rom	sBarboachLevelUpLearnset
0x0869AB84	rom	sWhiscashLevelUpLearnset
0x0869ABA4	rom	sLuvdiscLevelUpLearnset
0x0869ABB8	rom	sCorphishLevelUpLearnset
0x0869ABD4	rom	sCrawdauntLevelUpLearnset
0x0869ABF4	rom	sFeebasLevelUpLearnset
0x0869ABFC	rom	sMiloticLevelUpLearnset
0x0869AC14	rom	sCarvanhaLevelUpLearnset
0x0869AC2C	rom	sSharpedoLevelUpLearnset
0x0869AC4C	rom	sTrapinchLevelUpLearnset
0x0869AC60	rom	sVibravaLevelUpLearnset
0x0869AC7C	rom	sFlygonLevelUpLearnset
0x0869AC98	rom	sMakuhitaLevelUpLearnset
0x0869ACB4	rom	sHariyamaLevelUpLearnset
0x0869ACD4	rom	sElectrikeLevelUpLearnset
0x0869ACEC	rom	sManectricLevelUpLearnset
0x0869AD0C	rom	sNumelLevelUpLearnset
0x0869AD24	rom	sCameruptLevelUpLearnset
0x0869AD40	rom	sSphealLevelUpLearnset
0x0869AD5C	rom	sSealeoLevelUpLearnset
0x0869AD78	rom	sWalreinLevelUpLearnset
0x0869AD94	rom	sCacneaLevelUpLearnset
0x0869ADB4	rom	sCacturneLevelUpLearnset
0x0869ADD8	rom	sSnoruntLevelUpLearnset
0x0869ADF0	rom	sGlalieLevelUpLearnset
0x0869AE10	rom	sLunatoneLevelUpLearnset
0x0869AE28	rom	sSolrockLevelUpLearnset
0x0869AE40	rom	sAzurillLevelUpLearnset
0x0869AE50	rom	sSpoinkLevelUpLearnset
0x0869AE68	rom	sGrumpigLevelUpLearnset
0x0869AE88	rom	sPlusleLevelUpLearnset
0x0869AEA0	rom	sMinunLevelUpLearnset
0x0869AEB8	rom	sMawileLevelUpLearnset
0x0869AED4	rom	sMedititeLevelUpLearnset
0x0869AEF0	rom	sMedichamLevelUpLearnset
0x0869AF18	rom	sSwabluLevelUpLearnset
0x0869AF30	rom	sAltariaLevelUpLearnset
0x0869AF50	rom	sWynautLevelUpLearnset
0x0869AF60	rom	sDuskullLevelUpLearnset
0x0869AF78	rom	sDusclopsLevelUpLearnset
0x0869AF98	rom	sRoseliaLevelUpLearnset
0x0869AFB8	rom	sSlakothLevelUpLearnset
0x0869AFCC	rom	sVigorothLevelUpLearnset
0x0869AFE8	rom	sSlakingLevelUpLearnset
0x0869B004	rom	sGulpinLevelUpLearnset
0x0869B01C	rom	sSwalotLevelUpLearnset
0x0869B03C	rom	sTropiusLevelUpLearnset
0x0869B054	rom	sWhismurLevelUpLearnset
0x0869B06C	rom	sLoudredLevelUpLearnset
0x0869B08C	rom	sExploudLevelUpLearnset
0x0869B0AC	rom	sClamperlLevelUpLearnset
0x0869B0B8	rom	sHuntailLevelUpLearnset
0x0869B0CC	rom	sGorebyssLevelUpLearnset
0x0869B0E0	rom	sAbsolLevelUpLearnset
0x0869B0F8	rom	sShuppetLevelUpLearnset
0x0869B110	rom	sBanetteLevelUpLearnset
0x0869B12C	rom	sSeviperLevelUpLearnset
0x0869B144	rom	sZangooseLevelUpLearnset
0x0869B15C	rom	sRelicanthLevelUpLearnset
0x0869B174	rom	sAronLevelUpLearnset
0x0869B190	rom	sLaironLevelUpLearnset
0x0869B1B0	rom	sAggronLevelUpLearnset
0x0869B1D0	rom	sCastformLevelUpLearnset
0x0869B1E4	rom	sVolbeatLevelUpLearnset
0x0869B1FC	rom	sIllumiseLevelUpLearnset
0x0869B214	rom	sLileepLevelUpLearnset
0x0869B22C	rom	sCradilyLevelUpLearnset
0x0869B248	rom	sAnorithLevelUpLearnset
0x0869B260	rom	sArmaldoLevelUpLearnset
0x0869B27C	rom	sRaltsLevelUpLearnset
0x0869B294	rom	sKirliaLevelUpLearnset
0x0869B2B4	rom	sGardevoirLevelUpLearnset
0x0869B2D0	rom	sBagonLevelUpLearnset
0x0869B2E8	rom	sShelgonLevelUpLearnset
0x0869B308	rom	sSalamenceLevelUpLearnset
0x0869B32C	rom	sBeldumLevelUpLearnset
0x0869B330	rom	sMetangLevelUpLearnset
0x0869B348	rom	sMetagrossLevelUpLearnset
0x0869B364	rom	sRegirockLevelUpLearnset
0x0869B378	rom	sRegiceLevelUpLearnset
0x0869B38C	rom	sRegisteelLevelUpLearnset
0x0869B3A4	rom	sKyogreLevelUpLearnset
0x0869B3BC	rom	sGroudonLevelUpLearnset
0x0869B3D4	rom	sRayquazaLevelUpLearnset
0x0869B3EC	rom	sLatiasLevelUpLearnset
0x0869B404	rom	sLatiosLevelUpLearnset
0x0869B41C	rom	sJirachiLevelUpLearnset
0x0869B438	rom	sDeoxysLevelUpLearnset
0x0869B454	rom	sChimechoLevelUpLearnset
0x0869B470	rom	gEvolutionTable
0x086A0E90	rom	gLevelUpLearnsets
0x086A1500	rom	sPokeblockFlavorCompatibilityTable
0x086A1580	rom	gPPUpGetMask
0x086A1584	rom	gPPUpClearMask
0x086A1588	rom	gPPUpAddValues
0x086A158C	rom	gStatStageRatios
0x086A15A8	rom	sText_GameFreak
0x086A15B0	rom	sHoldEffectToType
0x086A15D4	rom	gSpriteTemplates_Battlers
0x086A1634	rom	sTrainerBackSpriteTemplates
0x086A16F4	rom	sSecretBaseFacilityClasses
0x086A1700	rom	sGetMonDataEVConstants
0x086A1708	rom	sStatsToRaise
0x086A1710	rom	sFriendshipEventDeltas
0x086A1730	rom	sHMMoves
0x086A1744	rom	sDeoxysBaseStats
0x086A1774	rom	sDeoxysLevelUpLearnsets
0x086A17EC	rom	gUnionRoomFacilityClasses
0x086A180C	rom	sOamData_64x64
0x086A1814	rom	sSpriteTemplate_64x64
0x086A1DE4	rom	CSWTCH.20
0x086A1DF4	rom	sRecordEventFuncs
0x086A1EA0	rom	sLoadEventFuncs
0x086A1F4C	rom	sQuestLogEventCmdSizes
0x086A1F78	rom	sDefeatedOpponentFlavorTexts
0x086A1F84	rom	sDefeatedChampionFlavorTexts
0x086A1F90	rom	sBattleOutcomeTexts
0x086A1F9C	rom	sLocationNameTexts
0x086A2068	rom	sDepartedLocationTexts
0x086A2090	rom	sLocationToDepartedTextId
0x086A20C4	rom	sGymCityMapSecs
0x086A20CC	rom	sUsedFieldMoveTexts
0x086A20FC	rom	sWorldMapFlags
0x086A2140	rom	sQLGfxTransitions
0x086A2164	rom	sWindowTemplates
0x086A217C	rom	sTextColors
0x086A2180	rom	sDescriptionWindow_Gfx
0x086A21E0	rom	sQuestLogTextLineYCoords
0x086A21E4	rom	sDummyFlagOrVarRecord
0x086A21E8	rom	sMapsecName_LITTLEROOTTOWN
0x086A21F8	rom	sMapsecName_OLDALETOWN
0x086A2204	rom	sMapsecName_DEWFORDTOWN
0x086A2214	rom	sMapsecName_LAVARIDGETOWN
0x086A2224	rom	sMapsecName_FALLARBORTOWN
0x086A2234	rom	sMapsecName_VERDANTURFTOWN
0x086A2244	rom	sMapsecName_PACIFIDLOGTOWN
0x086A2254	rom	sMapsecName_PETALBURGCITY
0x086A2264	rom	sMapsecName_SLATEPORTCITY
0x086A2274	rom	sMapsecName_MAUVILLECITY
0x086A2284	rom	sMapsecName_RUSTBOROCITY
0x086A2294	rom	sMapsecName_FORTREECITY
0x086A22A4	rom	sMapsecName_LILYCOVECITY
0x086A22B4	rom	sMapsecName_MOSSDEEPCITY
0x086A22C4	rom	sMapsecName_SOOTOPOLISCITY
0x086A22D4	rom	sMapsecName_EVERGRANDECITY
0x086A22E8	rom	sMapsecName_ROUTE101
0x086A22F4	rom	sMapsecName_ROUTE102
0x086A2300	rom	sMapsecName_ROUTE103
0x086A230C	rom	sMapsecName_ROUTE104
0x086A2318	rom	sMapsecName_ROUTE105
0x086A2324	rom	sMapsecName_ROUTE106
0x086A2330	rom	sMapsecName_ROUTE107
0x086A233C	rom	sMapsecName_ROUTE108
0x086A2348	rom	sMapsecName_ROUTE109
0x086A2354	rom	sMapsecName_ROUTE110
0x086A2360	rom	sMapsecName_ROUTE111
0x086A236C	rom	sMapsecName_ROUTE112
0x086A2378	rom	sMapsecName_ROUTE113
0x086A2384	rom	sMapsecName_ROUTE114
0x086A2390	rom	sMapsecName_ROUTE115
0x086A239C	rom	sMapsecName_ROUTE116
0x086A23A8	rom	sMapsecName_ROUTE117
0x086A23B4	rom	sMapsecName_ROUTE118
0x086A23C0	rom	sMapsecName_ROUTE119
0x086A23CC	rom	sMapsecName_ROUTE120
0x086A23D8	rom	sMapsecName_ROUTE121
0x086A23E4	rom	sMapsecName_ROUTE122
0x086A23F0	rom	sMapsecName_ROUTE123
0x086A23FC	rom	sMapsecName_ROUTE124
0x086A2408	rom	sMapsecName_ROUTE125
0x086A2414	rom	sMapsecName_ROUTE126
0x086A2420	rom	sMapsecName_ROUTE127
0x086A242C	rom	sMapsecName_ROUTE128
0x086A2438	rom	sMapsecName_ROUTE129
0x086A2444	rom	sMapsecName_ROUTE130
0x086A2450	rom	sMapsecName_ROUTE131
0x086A245C	rom	sMapsecName_ROUTE132
0x086A2468	rom	sMapsecName_ROUTE133
0x086A2474	rom	sMapsecName_ROUTE134
0x086A2480	rom	sMapsecName_UNDERWATER
0x086A248C	rom	sMapsecName_GRANITECAVE
0x086A249C	rom	sMapsecName_MTCHIMNEY
0x086A24A8	rom	sMapsecName_SAFARIZONE
0x086A24B4	rom	sMapsecName_BATTLEFRONTIER
0x086A24C4	rom	sMapsecName_PETALBURGWOODS
0x086A24D4	rom	sMapsecName_RUSTURFTUNNEL
0x086A24E4	rom	sMapsecName_ABANDONEDSHIP
0x086A24F4	rom	sMapsecName_NEWMAUVILLE
0x086A2504	rom	sMapsecName_METEORFALLS
0x086A2514	rom	sMapsecName_MTPYRE
0x086A2520	rom	sMapsecName_HIDEOUT_Clone
0x086A2528	rom	sMapsecName_SHOALCAVE
0x086A2534	rom	sMapsecName_SEAFLOORCAVERN
0x086A2544	rom	sMapsecName_VICTORYROAD
0x086A2554	rom	sMapsecName_MIRAGEISLAND
0x086A2564	rom	sMapsecName_CAVEOFORIGIN
0x086A2574	rom	sMapsecName_SOUTHERNISLAND
0x086A2584	rom	sMapsecName_FIERYPATH
0x086A2590	rom	sMapsecName_JAGGEDPASS
0x086A259C	rom	sMapsecName_SEALEDCHAMBER
0x086A25AC	rom	sMapsecName_SCORCHEDSLAB
0x086A25BC	rom	sMapsecName_ISLANDCAVE
0x086A25C8	rom	sMapsecName_DESERTRUINS
0x086A25D8	rom	sMapsecName_ANCIENTTOMB
0x086A25E8	rom	sMapsecName_INSIDEOFTRUCK
0x086A25F8	rom	sMapsecName_SKYPILLAR
0x086A2604	rom	sMapsecName_SECRETBASE
0x086A2610	rom	sMapsecName_FERRY
0x086A2618	rom	sMapsecName_PALLETTOWN
0x086A2624	rom	sMapsecName_VIRIDIANCITY
0x086A2634	rom	sMapsecName_PEWTERCITY
0x086A2640	rom	sMapsecName_CERULEANCITY
0x086A2650	rom	sMapsecName_LAVENDERTOWN
0x086A2660	rom	sMapsecName_VERMILIONCITY
0x086A2670	rom	sMapsecName_CELADONCITY
0x086A2680	rom	sMapsecName_FUCHSIACITY
0x086A2690	rom	sMapsecName_CINNABARISLAND
0x086A26A0	rom	sMapsecName_INDIGOPLATEAU
0x086A26B0	rom	sMapsecName_SAFFRONCITY
0x086A26C0	rom	sMapsecName_ROUTE4_Clone
0x086A26C8	rom	sMapsecName_ROUTE10_Clone
0x086A26D4	rom	sMapsecName_ROUTE1
0x086A26DC	rom	sMapsecName_ROUTE2
0x086A26E4	rom	sMapsecName_ROUTE3
0x086A26EC	rom	sMapsecName_ROUTE4
0x086A26F4	rom	sMapsecName_ROUTE5
0x086A26FC	rom	sMapsecName_ROUTE6
0x086A2704	rom	sMapsecName_ROUTE7
0x086A270C	rom	sMapsecName_ROUTE8
0x086A2714	rom	sMapsecName_ROUTE9
0x086A271C	rom	sMapsecName_ROUTE10
0x086A2728	rom	sMapsecName_ROUTE11
0x086A2734	rom	sMapsecName_ROUTE12
0x086A2740	rom	sMapsecName_ROUTE13
0x086A274C	rom	sMapsecName_ROUTE14
0x086A2758	rom	sMapsecName_ROUTE15
0x086A2764	rom	sMapsecName_ROUTE16
0x086A2770	rom	sMapsecName_ROUTE17
0x086A277C	rom	sMapsecName_ROUTE18
0x086A2788	rom	sMapsecName_ROUTE19
0x086A2794	rom	sMapsecName_ROUTE20
0x086A27A0	rom	sMapsecName_ROUTE21
0x086A27AC	rom	sMapsecName_ROUTE22
0x086A27B8	rom	sMapsecName_ROUTE23
0x086A27C4	rom	sMapsecName_ROUTE24
0x086A27D0	rom	sMapsecName_ROUTE25
0x086A27DC	rom	sMapsecName_VIRIDIANFOREST
0x086A27EC	rom	sMapsecName_MTMOON
0x086A27F8	rom	sMapsecName_SSANNE
0x086A2804	rom	sMapsecName_UNDERGROUNDPATH
0x086A2818	rom	sMapsecName_UNDERGROUNDPATH_Clone
0x086A282C	rom	sMapsecName_DIGLETTSCAVE
0x086A283C	rom	sMapsecName_ROCKETHIDEOUT
0x086A284C	rom	sMapsecName_SILPHCO
0x086A2858	rom	sMapsecName_POKMONMANSION
0x086A2868	rom	sMapsecName_POKMONLEAGUE
0x086A2878	rom	sMapsecName_ROCKTUNNEL
0x086A2884	rom	sMapsecName_SEAFOAMISLANDS
0x086A2894	rom	sMapsecName_POKMONTOWER
0x086A28A4	rom	sMapsecName_CERULEANCAVE
0x086A28B4	rom	sMapsecName_POWERPLANT
0x086A28C0	rom	sMapsecName_ONEISLAND
0x086A28CC	rom	sMapsecName_TWOISLAND
0x086A28D8	rom	sMapsecName_THREEISLAND
0x086A28E8	rom	sMapsecName_FOURISLAND
0x086A28F4	rom	sMapsecName_FIVEISLAND
0x086A2900	rom	sMapsecName_SEVENISLAND
0x086A2910	rom	sMapsecName_SIXISLAND
0x086A291C	rom	sMapsecName_KINDLEROAD
0x086A2928	rom	sMapsecName_TREASUREBEACH
0x086A2938	rom	sMapsecName_CAPEBRINK
0x086A2944	rom	sMapsecName_BONDBRIDGE
0x086A2950	rom	sMapsecName_THREEISLEPORT
0x086A2960	rom	sMapsecName_SEVIIISLE6
0x086A2970	rom	sMapsecName_SEVIIISLE7
0x086A2980	rom	sMapsecName_SEVIIISLE8
0x086A2990	rom	sMapsecName_SEVIIISLE9
0x086A29A0	rom	sMapsecName_RESORTGORGEOUS
0x086A29B0	rom	sMapsecName_WATERLABYRINTH
0x086A29C0	rom	sMapsecName_FIVEISLEMEADOW
0x086A29D4	rom	sMapsecName_MEMORIALPILLAR
0x086A29E4	rom	sMapsecName_OUTCASTISLAND
0x086A29F4	rom	sMapsecName_GREENPATH
0x086A2A00	rom	sMapsecName_WATERPATH
0x086A2A0C	rom	sMapsecName_RUINVALLEY
0x086A2A18	rom	sMapsecName_TRAINERTOWER
0x086A2A28	rom	sMapsecName_CANYONENTRANCE
0x086A2A38	rom	sMapsecName_SEVAULTCANYON
0x086A2A48	rom	sMapsecName_TANOBYRUINS
0x086A2A58	rom	sMapsecName_SEVIIISLE22
0x086A2A68	rom	sMapsecName_SEVIIISLE23
0x086A2A78	rom	sMapsecName_SEVIIISLE24
0x086A2A88	rom	sMapsecName_NAVELROCK
0x086A2A94	rom	sMapsecName_MTEMBER
0x086A2AA0	rom	sMapsecName_BERRYFOREST
0x086A2AB0	rom	sMapsecName_ICEFALLCAVE
0x086A2AC0	rom	sMapsecName_ROCKETWAREHOUSE
0x086A2AD4	rom	sMapsecName_TRAINERTOWER_Clone
0x086A2AE4	rom	sMapsecName_DOTTEDHOLE
0x086A2AF0	rom	sMapsecName_LOSTCAVE
0x086A2AFC	rom	sMapsecName_PATTERNBUSH
0x086A2B0C	rom	sMapsecName_ALTERINGCAVE
0x086A2B1C	rom	sMapsecName_TANOBYCHAMBERS
0x086A2B2C	rom	sMapsecName_THREEISLEPATH
0x086A2B3C	rom	sMapsecName_TANOBYKEY
0x086A2B48	rom	sMapsecName_BIRTHISLAND
0x086A2B58	rom	sMapsecName_MONEANCHAMBER
0x086A2B68	rom	sMapsecName_LIPTOOCHAMBER
0x086A2B78	rom	sMapsecName_WEEPTHCHAMBER
0x086A2B88	rom	sMapsecName_DILFORDCHAMBER
0x086A2B98	rom	sMapsecName_SCUFIBCHAMBER
0x086A2BA8	rom	sMapsecName_RIXYCHAMBER
0x086A2BB8	rom	sMapsecName_VIAPOISCHAMBER
0x086A2BC8	rom	sMapsecName_EMBERSPA
0x086A2BD4	rom	sMapsecName_CELADONDEPT
0x086A2BE4	rom	sMapsecName_AQUAHIDEOUT
0x086A2BF4	rom	sMapsecName_MAGMAHIDEOUT
0x086A2C04	rom	sMapsecName_MIRAGETOWER
0x086A2C14	rom	sMapsecName_FARAWAYISLAND
0x086A2C24	rom	sMapsecName_ARTISANCAVE
0x086A2C34	rom	sMapsecName_MARINECAVE
0x086A2C40	rom	sMapsecName_TERRACAVE
0x086A2C4C	rom	sMapsecName_DESERTUNDERPASS
0x086A2C60	rom	sMapsecName_TRAINERHILL
0x086A2C70	rom	sTopBar_Pal
0x086A2C90	rom	sMapCursor_Pal
0x086A2CB0	rom	sPlayerIcon_RedPal
0x086A2CD0	rom	sPlayerIcon_LeafPal
0x086A2CF0	rom	sMiscIcon_Pal
0x086A2D10	rom	sRegionMap_Pal
0x086A2DB0	rom	sUnusedPalette
0x086A2DB8	rom	sSwitchMapCursor_Pal
0x086A2DD8	rom	sMapEdge_Pal
0x086A2DF8	rom	sSwitchMapCursorLeft_Gfx
0x086A2E84	rom	sSwitchMapCursorRight_Gfx
0x086A2F14	rom	sMapCursor_Gfx
0x086A2F58	rom	sPlayerIcon_Red
0x086A2FD0	rom	sPlayerIcon_Leaf
0x086A3050	rom	sRegionMap_Gfx
0x086A3D64	rom	sMapEdge_Gfx
0x086A3FB4	rom	sSwitchMapMenu_Gfx
0x086A42D0	rom	sKanto_Tilemap
0x086A4530	rom	sSevii123_Tilemap
0x086A4640	rom	sSevii45_Tilemap
0x086A4724	rom	sSevii67_Tilemap
0x086A4840	rom	sMapEdge_Tilemap
0x086A4950	rom	sSwitchMap_KantoSeviiAll_Tilemap
0x086A4AB8	rom	sSwitchMap_KantoSevii123_Tilemap
0x086A4BC4	rom	sSwitchMap_KantoSeviiAll2_Tilemap
0x086A4D00	rom	sMapEdge_TopLeft
0x086A4E20	rom	sMapEdge_TopRight
0x086A4F84	rom	sMapEdge_MidLeft
0x086A5074	rom	sMapEdge_MidRight
0x086A516C	rom	sMapEdge_BottomLeft
0x086A5238	rom	sMapEdge_BottomRight
0x086A530C	rom	sDungeonIcon
0x086A533C	rom	sFlyIcon
0x086A53AC	rom	sBackground_Gfx
0x086A53D4	rom	sBackground_Tilemap
0x086A5484	rom	sHoennRegionMap_Gfx
0x086A61E8	rom	sHoennRegionMap_Pal
0x086A6228	rom	sHoenn_Tilemap
0x086A6574	rom	sHoennRegionMapBgTemplates
0x086A6584	rom	sRegionMapBgTemplates
0x086A6594	rom	sRegionMapWindowTemplates
0x086A65C4	rom	sTextColor_White
0x086A65C8	rom	sTextColor_Green
0x086A65CC	rom	sTextColor_Red
0x086A65D0	rom	sTextColorTable
0x086A65D8	rom	sSeviiMapsecs
0x086A6634	rom	sRegionMapPermissions
0x086A6644	rom	sMapsecNameWindowDims
0x086A665C	rom	sOamData_SwitchMapCursor
0x086A6664	rom	sAnim_SwitchMapCursor
0x086A6670	rom	sAnims_SwitchMapCursor
0x086A6674	rom	sDungeonInfo
0x086A6758	rom	sOamData_MapEdge
0x086A6760	rom	sAnim_MapEdge
0x086A6768	rom	sAnims_MapEdge
0x086A676C	rom	sMapWindowDim
0x086A6774	rom	sOamData_MapCursor
0x086A677C	rom	sAnim_MapCursor
0x086A6788	rom	sAnims_MapCursor
0x086A678C	rom	sOamData_PlayerIcon
0x086A6794	rom	sAnim_PlayerIcon
0x086A679C	rom	sAnims_PlayerIcon
0x086A67A0	rom	sOamData_FlyIcon
0x086A67A8	rom	sOamData_DungeonIcon
0x086A67B0	rom	sAnim_FlyIcon
0x086A67BC	rom	sAnim_DungeonIconVisited
0x086A67C4	rom	sAnim_DungeonIconNotVisited
0x086A67CC	rom	sAnims_FlyIcon
0x086A67D0	rom	sAnims_DungeonIcon
0x086A67D8	rom	sWinFlags
0x086A67DC	rom	sWinRegs
0x086A67E0	rom	sTextColors
0x086A67E4	rom	sMapNames
0x086A6B38	rom	sMapSectionTopLeftCorners
0x086A6E90	rom	sMapSectionDimensions
0x086A71E8	rom	sRegionMapSections_Kanto
0x086A747C	rom	sRegionMapSections_Sevii123
0x086A7710	rom	sRegionMapSections_Sevii45
0x086A79A4	rom	sRegionMapSections_Sevii67
0x086A7C38	rom	sMapFlyDestinations
0x086A85B8	rom	sRenewableHiddenItems
0x086A87B0	rom	sRoamerLocations
0x086A8868	rom	sSaveFailedScreenPals
0x086A88AC	rom	sSaveLocationPokeCenterList
0x086A8904	rom	sSaveLocationReloadLocList
0x086A8908	rom	sEmptyMapList
0x086A8924	rom	sSaveSlotLayout
0x086A89E0	rom	gNullScriptPtr
0x086A89E4	rom	sScriptConditionTable
0x086A89F8	rom	sScriptStringVars
0x086A8A04	rom	sText_S
0x086A8A08	rom	sText_IES
0x086A8A0C	rom	sMultichoiceList_YesNo
0x086A8A1C	rom	sMultichoiceList_TrainerCardIconTint
0x086A8A3C	rom	sMultichoiceList_HOF_Quit
0x086A8A4C	rom	sMultichoiceList_Eggs_Quit
0x086A8A5C	rom	sMultichoiceList_Victories_Quit
0x086A8A6C	rom	sMultichoiceList_HOF_Eggs_Quit
0x086A8A84	rom	sMultichoiceList_HOF_Victories_Quit
0x086A8A9C	rom	sMultichoiceList_Eggs_Victories_Quit
0x086A8AB4	rom	sMultichoiceList_HOF_Eggs_Victories_Quit
0x086A8AD4	rom	sMultichoiceList_TrainerSchoolWhiteboard
0x086A8B04	rom	sMultichoiceList_YesNoInfo
0x086A8B1C	rom	sMultichoiceList_SingleDoubleMultiInfoExit
0x086A8B44	rom	sMultichoiceList_YesNoInfo2
0x086A8B5C	rom	sMultichoiceList_ChallengeInfoExit
0x086A8B74	rom	sMultichoiceList_RooftopB1F
0x086A8B8C	rom	sMultichoiceList_Helix
0x086A8B9C	rom	sMultichoiceList_Dome
0x086A8BAC	rom	sMultichoiceList_Amber
0x086A8BBC	rom	sMultichoiceList_HelixAmber
0x086A8BD4	rom	sMultichoiceList_DomeAmber
0x086A8BEC	rom	sMultichoiceList_HelixDome
0x086A8C04	rom	sMultichoiceList_HelixDomeAmber
0x086A8C24	rom	sMultichoiceList_CeladonVendingMachine
0x086A8C44	rom	sMultichoiceList_GameCornerTMPrizes
0x086A8C74	rom	sMultichoiceList_GameCornerBattleItemPrizes
0x086A8CA4	rom	sMultichoiceList_GameCornerCoinPurchaseCounter
0x086A8CC4	rom	sMultichoiceList_Excellent_NotSoBad
0x086A8CD4	rom	sMultichoiceList_RightLeft
0x086A8CE4	rom	sMultichoiceList_DeptStoreElevator
0x086A8D14	rom	sMultichoiceList_ThirstyGirlFreshWater
0x086A8D24	rom	sMultichoiceList_ThirstyGirlSodaPop
0x086A8D34	rom	sMultichoiceList_ThirstyGirlFreshWaterSodaPop
0x086A8D4C	rom	sMultichoiceList_ThirstyGirlLemonade
0x086A8D5C	rom	sMultichoiceList_ThirstyGirlFreshWaterLemonade
0x086A8D74	rom	sMultichoiceList_ThirstyGirlSodaPopLemonade
0x086A8D8C	rom	sMultichoiceList_ThirstyGirlFreshWaterSodaPopLemonade
0x086A8DAC	rom	sMultichoiceList_Unref_Shards_0
0x086A8DBC	rom	sMultichoiceList_Unref_Shards_1
0x086A8DD4	rom	sMultichoiceList_Unref_Shards_2
0x086A8DEC	rom	sMultichoiceList_Unref_Shards_3
0x086A8E0C	rom	sMultichoiceList_Unref_Shards_4
0x086A8E24	rom	sMultichoiceList_Unref_Shards_5
0x086A8E44	rom	sMultichoiceList_Unref_Shards_6
0x086A8E64	rom	sMultichoiceList_Unref_Shards_7
0x086A8E8C	rom	sMultichoiceList_Eeveelutions
0x086A8EB4	rom	sMultichoiceList_BikeShop
0x086A8EC4	rom	sMultichoiceList_GameCornerPokemonPrizes_FR
0x086A8EF4	rom	sMultichoiceList_GameCornerPokemonPrizes_LG
0x086A8F24	rom	sMultichoiceList_TradeCenter_Colosseum
0x086A8F3C	rom	sMultichoiceList_Link_Wireless
0x086A8F54	rom	sMultichoiceList_RocketHideoutElevator
0x086A8F74	rom	sMultichoiceList_LinkedDirectUnion
0x086A8F94	rom	sMultichoiceList_Island23
0x086A8FAC	rom	sMultichoiceList_Island13
0x086A8FC4	rom	sMultichoiceList_Island12
0x086A8FDC	rom	sMultichoiceList_TradeColosseumCrush
0x086A8FFC	rom	sMultichoiceList_GlassWorkshopVendor
0x086A902C	rom	sMultichoiceList_TradeColosseum_2
0x086A9044	rom	sMultichoiceList_PokejumpDodrio
0x086A905C	rom	sMultichoiceList_Mushrooms
0x086A906C	rom	sMultichoiceList_TradeColosseumBlankCrush
0x086A9094	rom	sMultichoiceList_TradeColosseumBlank
0x086A90B4	rom	sMultichoiceList_Faraway
0x086A90C4	rom	sMultichoiceList_Navel
0x086A90D4	rom	sMultichoiceList_NavelFaraway
0x086A90EC	rom	sMultichoiceList_Seagallop123
0x086A910C	rom	sMultichoiceList_SeagallopV23
0x086A912C	rom	sMultichoiceList_SeagallopV13
0x086A914C	rom	sMultichoiceList_SeagallopV12
0x086A916C	rom	sMultichoiceList_SeagallopVermilion
0x086A917C	rom	sMultichoiceList_JoinOrLead
0x086A9194	rom	sMultichoiceList_TrainerTowerMode
0x086A91BC	rom	sMultichoiceList_SeviiOther
0x086A91D4	rom	sMultichoiceList_SeviiBattleTower
0x086A91EC	rom	sMultichoiceList_SeviiBattleTowerOther
0x086A920C	rom	sMultichoiceList_Birth
0x086A921C	rom	sMultichoiceList_BirthFaraway
0x086A9234	rom	sMultichoiceList_BirthNavel
0x086A924C	rom	sMultichoiceList_BattleTowerLevels
0x086A9264	rom	sMultichoiceList_BirthNavelFaraway
0x086A9284	rom	sMultichoiceList_Southern
0x086A9294	rom	sMultichoiceList_SouthernFaraway
0x086A92AC	rom	sMultichoiceList_SouthernNavel
0x086A92C4	rom	sMultichoiceList_SouthernNavelFaraway
0x086A92E4	rom	sMultichoiceList_SouthernBirth
0x086A92FC	rom	sMultichoiceList_SouthernBirthFaraway
0x086A931C	rom	sMultichoiceList_SouthernBirthNavel
0x086A933C	rom	sMultichoiceList_SouthernBirthNavelFaraway
0x086A9364	rom	sMultichoiceList_MasterYoungster
0x086A9384	rom	sMultichoiceList_Exit
0x086A938C	rom	sMultichoiceLists
0x086A962C	rom	gStdStringPtrs
0x086A96A8	rom	sDescriptionPtrs_CableClub_TradeBattleCancel
0x086A96B4	rom	sDescriptionPtrs_WirelessCenter_TradeBattleCrushCancel
0x086A96C4	rom	sDescriptionPtrs_WirelessCenter_TradeBattleCancel
0x086A96D0	rom	sMuseumFossilAnim0
0x086A96D8	rom	sMuseumFossilAnimCmdTable
0x086A96DC	rom	sMuseumFossilOamData
0x086A96E4	rom	sMuseumFossilSprTemplate
0x086A96FC	rom	sMuseumAerodactylSprTiles
0x086A9EFC	rom	sMuseumAerodactylSprPalette
0x086A9F1C	rom	sMuseumKabutopsSprTiles
0x086AA71C	rom	sMuseumKabutopsSprPalette
0x086AA73C	rom	sMuseumKabutopsSprSheets
0x086AA74C	rom	sMuseumAerodactylSprSheets
0x086AA75C	rom	sSeagallopDestStrings
0x086AA790	rom	CSWTCH.37
0x086AA878	rom	sWaterTiles
0x086AAD98	rom	sWaterPal
0x086AADB8	rom	sWaterTilemap_WB
0x086AB5B8	rom	sWaterTilemap_EB
0x086ABDB8	rom	sFerrySpriteTiles
0x086AC2B8	rom	sFerryAndWakePal
0x086AC2D8	rom	sWakeSpriteTiles
0x086ACAD8	rom	sBGTemplates
0x086ACADC	rom	sSeag
0x086ACB14	rom	sTravelDirectionMatrix
0x086ACB2C	rom	sSpriteAnims_Ferry_WB
0x086ACB34	rom	sSpriteAnims_Ferry_EB
0x086ACB3C	rom	sSpriteAnimTable_Ferry
0x086ACB44	rom	sOamData_Ferry
0x086ACB4C	rom	sFerrySpriteTemplate
0x086ACB64	rom	sFerryAndWakeSpriteSheets
0x086ACB7C	rom	sFerryAndWakeSpritePalettes
0x086ACB8C	rom	sSpriteAnims_Wake_WB
0x086ACB9C	rom	sSpriteAnims_Wake_EB
0x086ACBAC	rom	sSpriteAnimTable_Wake
0x086ACBB4	rom	sOamData_Wake
0x086ACBBC	rom	sWakeSpriteTemplate
0x086ACBF4	rom	sShopMenuActions_BuySellQuit
0x086ACC0C	rom	sShopMenuActions_BuyQuit
0x086ACC14	rom	sShopMenuWindowTemplate
0x086ACC1C	rom	sShopBuyMenuBgTemplates
0x086ACC2C	rom	sSecondReelBiasCheckIndices
0x086ACC4C	rom	sThirdReelBiasCheckIndices
0x086ACC5C	rom	sRowAttributes
0x086ACC70	rom	sReelBiasChances
0x086ACCC4	rom	sReelIconAnimByReelAndPos
0x086ACD04	rom	sPayoutTable
0x086ACD14	rom	sReelIcons_Pal_FR
0x086ACDB4	rom	sReelIcons_Tiles_FR
0x086AD3EC	rom	sClefairy_Pal_FR
0x086AD40C	rom	sClefairy_Tiles_FR
0x086AD8C4	rom	sReelIcons_Pal_LG
0x086AD964	rom	sReelIcons_Tiles_LG
0x086ADF4C	rom	sClefairy_Pal_LG
0x086ADF6C	rom	sClefairy_Tiles_LG
0x086AE3E0	rom	sDigits_Pal
0x086AE400	rom	sDigits_Tiles
0x086AE46C	rom	sSpriteSheets_FR
0x086AE484	rom	sSpriteSheets_LG
0x086AE49C	rom	sSpritePalettes_FR
0x086AE4DC	rom	sSpritePalettes_LG
0x086AE51C	rom	sReelIconPaletteTags_FR
0x086AE52C	rom	sReelIconPaletteTags_LG
0x086AE53C	rom	sReelIconAffineParams
0x086AE5FC	rom	sReelIconBldY
0x086AE65C	rom	sOamData_ReelIcons
0x086AE664	rom	sAnimCmd_ReelIcon_7
0x086AE66C	rom	sAnimCmd_ReelIcon_Rocket
0x086AE674	rom	sAnimCmd_ReelIcon_Pikachu
0x086AE67C	rom	sAnimCmd_ReelIcon_Psyduck
0x086AE684	rom	sAnimCmd_ReelIcon_Cherries
0x086AE68C	rom	sAnimCmd_ReelIcon_Magnemite
0x086AE694	rom	sAnimCmd_ReelIcon_Shellder
0x086AE69C	rom	sAnimCmd_ReelIcon_Pikachu_2
0x086AE6A4	rom	sAnimCmd_ReelIcon_Psyduck_2
0x086AE6AC	rom	sAnimCmd_ReelIcon_Cherries_2
0x086AE6B4	rom	sAnimCmd_ReelIcon_Magnemite_2
0x086AE6BC	rom	sAnimCmd_ReelIcon_Shellder_2
0x086AE6C4	rom	sAnimTable_ReelIcons
0x086AE6F4	rom	sAffineAnimCmd_ReelIcons_Unused
0x086AE704	rom	sAffineAnimTable_ReelIcons_Unused
0x086AE708	rom	sSpriteTemplate_ReelIcons
0x086AE720	rom	sOamData_Digits
0x086AE728	rom	sSpriteAnim_Digit0
0x086AE730	rom	sSpriteAnim_Digit1
0x086AE738	rom	sSpriteAnim_Digit2
0x086AE740	rom	sSpriteAnim_Digit3
0x086AE748	rom	sSpriteAnim_Digit4
0x086AE750	rom	sSpriteAnim_Digit5
0x086AE758	rom	sSpriteAnim_Digit6
0x086AE760	rom	sSpriteAnim_Digit7
0x086AE768	rom	sSpriteAnim_Digit8
0x086AE770	rom	sSpriteAnim_Digit9
0x086AE778	rom	sAnimTable_Digits
0x086AE7A0	rom	sSpriteTemplate_Digits
0x086AE7B8	rom	sOamData_Clefairy
0x086AE7C0	rom	sAnimCmd_Clefairy_Neutral
0x086AE7C8	rom	sAnimCmd_Clefairy_Spinning
0x086AE7D4	rom	sAnimCmd_Clefairy_Payout
0x086AE7E0	rom	sAnimCmd_Clefairy_Lose
0x086AE7EC	rom	sAnimTable_Clefairy
0x086AE7FC	rom	sSpriteTemplate_Clefairy
0x086AE814	rom	sSlotMachineSetupTasks
0x086AE854	rom	sBg_Pal_FR
0x086AE8F4	rom	sBg_Tiles_FR
0x086AF0F8	rom	sBg_Tilemap_FR
0x086AF3E0	rom	sBgPal_MatchLines_FR
0x086AF400	rom	sBgPal_PayoutLight_FR
0x086AF460	rom	sButtonPressed_Tiles_FR
0x086AF4E4	rom	sCombosWindow_Pal_FR
0x086AF544	rom	sCombosWindow_Tiles_FR
0x086AF8BC	rom	sCombosWindow_Tilemap_FR
0x086AFA34	rom	sBg_Pal_LG
0x086AFAD4	rom	sBg_Tiles_LG
0x086B0230	rom	sBg_Tilemap_LG
0x086B0514	rom	sBgPal_MatchLines_LG
0x086B0534	rom	sBgPal_PayoutLight_LG
0x086B0594	rom	sButtonPressed_Tiles_LG
0x086B0618	rom	sCombosWindow_Pal_LG
0x086B0678	rom	sCombosWindow_Tiles_LG
0x086B09F0	rom	sCombosWindow_Tilemap_LG
0x086B0B64	rom	sBgTemplates
0x086B0B74	rom	sWindowTemplates
0x086B0B8C	rom	sLineTiles_TLBR
0x086B0BB4	rom	sLineTiles_TopRow
0x086B0BE0	rom	sLineTiles_MiddleRow
0x086B0C0C	rom	sLineTiles_BottomRow
0x086B0C38	rom	sLineTiles_BLTR
0x086B0C60	rom	sLineStateTileIdxs
0x086B0C88	rom	sWinningLineFlashPalIdxs
0x086B0C8C	rom	sYesNoWindowTemplate
0x086B0C94	rom	sReelButtonMapTileIdxs
0x086B0D08	rom	CSWTCH.197
0x086B0D10	rom	sFanfares
0x086B0D7C	rom	sEscalatorMetatiles_BottomNextRail
0x086B0D84	rom	sEscalatorMetatiles_BottomRail
0x086B0D8C	rom	sEscalatorMetatiles_BottomNext
0x086B0D94	rom	sEscalatorMetatiles_Bottom
0x086B0D9C	rom	sEscalatorMetatiles_TopNext
0x086B0DA4	rom	sEscalatorMetatiles_Top
0x086B0DAC	rom	sEscalatorMetatiles_TopNextRail
0x086B0DD0	rom	gDummySpriteAnimTable
0x086B0DD4	rom	gDummySpriteAffineAnimTable
0x086B0DD8	rom	gDummySpriteTemplate
0x086B0DF0	rom	sCenterToCornerVecTable
0x086B0E08	rom	sDummySprite
0x086B0E4C	rom	gDummyOamData
0x086B0E54	rom	sDummyAnim
0x086B0E58	rom	sDummyAffineAnim
0x086B0E60	rom	sAnimFuncs
0x086B0E68	rom	sAffineAnimFuncs
0x086B0E70	rom	sAnimCmdFuncs
0x086B0E80	rom	sAffineAnimCmdFuncs
0x086B0E90	rom	sOamDimensionsCopy
0x086B0EF0	rom	sOamDimensions
0x086B0F20	rom	sWakeTiles
0x086B1120	rom	sSmokeTiles
0x086B1340	rom	sSpriteSheets
0x086B1358	rom	sWakeAnim
0x086B1364	rom	sWakeAnimTable
0x086B1368	rom	sWakeOamData
0x086B1370	rom	sWakeSpriteTemplate
0x086B1388	rom	sSmokeAnim
0x086B139C	rom	sSmokeAnimTable
0x086B13A0	rom	sSmokeOamData
0x086B13A8	rom	sSmokeSpriteTemplate
0x086B13C0	rom	sStartMenuActionTable
0x086B1408	rom	sOWEDebugCode
0x086B141C	rom	sText_OWEDebugTitle
0x086B142C	rom	sText_OWEDebugSpawnForms
0x086B143C	rom	sText_OWEDebugSpawnSecrets
0x086B1450	rom	sText_OWEDebugGiveEvoKit
0x086B1460	rom	sText_OWEDebugBattleRaichuAlolan
0x086B1474	rom	sText_OWEDebugBattleKleavor
0x086B1484	rom	sText_OWEDebugBattleMimikyu
0x086B1494	rom	sText_OWEDebugExit
0x086B149C	rom	sText_OWEDebugReady
0x086B14B8	rom	sText_OWEDebugSpawnResult
0x086B14D8	rom	sText_OWEDebugSecretSpawnResult
0x086B14EC	rom	sText_OWEDebugKitResult
0x086B1504	rom	sText_OWEDebugNoParty
0x086B1520	rom	sOWEDebugMenuActions
0x086B1558	rom	sOWEDebugWindowTemplate
0x086B1560	rom	sSafariZoneStatsWindowTemplate
0x086B1568	rom	sStartMenuDescPointers
0x086B158C	rom	sBGTemplates_AfterLinkSaveMessage
0x086B1590	rom	sWindowTemplates_AfterLinkSaveMessage
0x086B15A0	rom	sSaveStatsWindowTemplate
0x086B15A8	rom	sTextColor_StatName
0x086B15AC	rom	sTextColor_StatValue
0x086B15B0	rom	sTextColor_LocationHeader
0x086B161C	rom	sDigits
0x086B162C	rom	sPowersOfTen
0x086B1654	rom	funcs.1
0x086B168C	rom	lengths.0
0x086B16A8	rom	gExpandedPlaceholder_Empty
0x086B16AC	rom	gExpandedPlaceholder_Kun
0x086B16B0	rom	gExpandedPlaceholder_Chan
0x086B16B4	rom	gExpandedPlaceholder_Sapphire
0x086B16C0	rom	gExpandedPlaceholder_Ruby
0x086B16C8	rom	gExpandedPlaceholder_Aqua
0x086B16D0	rom	gExpandedPlaceholder_Magma
0x086B16D8	rom	gExpandedPlaceholder_Archie
0x086B16E0	rom	gExpandedPlaceholder_Maxie
0x086B16E8	rom	gExpandedPlaceholder_Kyogre
0x086B16F0	rom	gExpandedPlaceholder_Groudon
0x086B16F8	rom	gExpandedPlaceholder_Red
0x086B16FC	rom	gExpandedPlaceholder_Green
0x086B1704	rom	gText_EggNickname
0x086B1708	rom	gText_MenuPokemon
0x086B1710	rom	gText_NewGame
0x086B171C	rom	gText_Continue
0x086B1728	rom	gUnusedText_MysteryGift
0x086B1738	rom	gText_MysteryGift
0x086B1748	rom	gText_WirelessNotConnected
0x086B1770	rom	gText_MysteryGiftCantUse
0x086B17B4	rom	gText_SaveFileCorrupted
0x086B17F8	rom	gText_SaveFileHasBeenDeleted
0x086B181C	rom	gText_1MSubCircuitBoardNotInstalled
0x086B1848	rom	gText_MainMenuTime
0x086B1850	rom	gText_Controls
0x086B185C	rom	gText_ABUTTONNext
0x086B1864	rom	gText_ABUTTONNext_BBUTTONBack
0x086B1874	rom	gText_UPDOWNPick_ABUTTONNext_BBUTTONBack
0x086B188C	rom	gText_UPDOWNPick_ABUTTONBBUTTONCancel
0x086B18A0	rom	gText_ABUTTONExit
0x086B18A8	rom	gText_Boy
0x086B18AC	rom	gText_Girl
0x086B18B4	rom	gText_PokedexTableOfContents
0x086B18D0	rom	gText_PickOK
0x086B18EC	rom	gText_Seen
0x086B18F4	rom	gText_Owned
0x086B18FC	rom	gText_Kanto
0x086B1904	rom	gText_National
0x086B1910	rom	gText_PokemonHabitats
0x086B1928	rom	gText_DexCategory_GrasslandPkmn
0x086B193C	rom	gText_DexCategory_ForestPkmn
0x086B194C	rom	gText_DexCategory_WatersEdgePkmn
0x086B1964	rom	gText_DexCategory_SeaPkmn
0x086B1970	rom	gText_DexCategory_CavePkmn
0x086B1980	rom	gText_DexCategory_MountainPkmn
0x086B1994	rom	gText_DexCategory_RoughTerrainPkmn
0x086B19AC	rom	gText_DexCategory_UrbanPkmn
0x086B19BC	rom	gText_DexCategory_RarePkmn
0x086B19CC	rom	gText_Search
0x086B19DC	rom	gText_NumericalMode
0x086B19EC	rom	gText_AToZMode
0x086B19F8	rom	gText_PokedexOther
0x086B1A04	rom	gText_ClosePokedex
0x086B1A14	rom	gText_TypeMode
0x086B1A20	rom	gText_LightestMode
0x086B1A30	rom	gText_SmallestMode
0x086B1A40	rom	gText_PokemonList
0x086B1A54	rom	gText_NumericalModeKanto
0x086B1A6C	rom	gText_NumericalModeNational
0x086B1A88	rom	gText_PokemonListNoColor
0x086B1A98	rom	gText_SearchNoColor
0x086B1AA0	rom	gText_PickOKExit
0x086B1AB8	rom	gText_5Dashes
0x086B1AC0	rom	gText_PickFlipPageCheckCancel
0x086B1AE4	rom	gText_PokedexPokemon
0x086B1AF0	rom	gText_HT
0x086B1AF4	rom	gText_WT
0x086B1AF8	rom	gText_PokedexQuotationMark
0x086B1AFC	rom	gText_Lbs
0x086B1B04	rom	gText_Cry
0x086B1B0C	rom	gText_NextDataCancel
0x086B1B24	rom	gText_Next
0x086B1B2C	rom	gText_CancelPreviousData
0x086B1B48	rom	gText_Area
0x086B1B50	rom	gText_Size
0x086B1B58	rom	gText_AreaUnknown
0x086B1B68	rom	gText_PokedexNo
0x086B1B6C	rom	gText_Page
0x086B1B74	rom	gText_WelcomeToHOF
0x086B1B94	rom	gText_HOFCorrupted
0x086B1BB8	rom	gText_HOFNumber
0x086B1BCC	rom	gText_LeagueChamp
0x086B1BF0	rom	gText_Number
0x086B1BF8	rom	gText_Level
0x086B1C00	rom	gText_Name
0x086B1C08	rom	gText_IDNumber
0x086B1C10	rom	gText_SaveError_PleaseExchangeBackupMemory
0x086B1C40	rom	gSaveStatName_Player
0x086B1C48	rom	gSaveStatName_Badges
0x086B1C50	rom	gSaveStatName_Pokedex
0x086B1C58	rom	gSaveStatName_Time
0x086B1C60	rom	gOtherText_Use
0x086B1C64	rom	gOtherText_Toss
0x086B1C6C	rom	gOtherText_Register
0x086B1C78	rom	gOtherText_Give
0x086B1C80	rom	gOtherText_Walk
0x086B1C88	rom	gFameCheckerText_Cancel
0x086B1C90	rom	gOtherText_Exit
0x086B1C98	rom	gString_Dummy
0x086B1C9C	rom	gText_Item
0x086B1CA4	rom	gText_Mail
0x086B1CAC	rom	gText_Take
0x086B1CB4	rom	gText_Store
0x086B1CBC	rom	gOtherText_Check
0x086B1CC4	rom	gText_PokeSum_Item_None
0x086B1CCC	rom	gOtherText_Open
0x086B1CD4	rom	gOtherText_Deselect
0x086B1CE0	rom	gText_PokeSum_DexNoUnknown
0x086B1CE4	rom	gText_FiveMarks
0x086B1CEC	rom	gText_Slash
0x086B1CF0	rom	gText_PokeSum_OneHyphen
0x086B1CF4	rom	gText_PokeSum_TwoHyphens
0x086B1CF8	rom	gText_ThreeHyphens
0x086B1CFC	rom	gText_SevenHyphens
0x086B1D04	rom	gText_MaleSymbol
0x086B1D08	rom	gText_FemaleSymbol
0x086B1D0C	rom	gText_Lv
0x086B1D10	rom	gText_NumberClear01
0x086B1D18	rom	gText_Plus
0x086B1D1C	rom	gText_Escape3
0x086B1D20	rom	gText_IDNumber2
0x086B1D28	rom	gText_PokeSum_PP
0x086B1D2C	rom	gText_SelectorArrow2
0x086B1D30	rom	gText_YesNo
0x086B1D38	rom	gText_GoBackToThePreviousMenu
0x086B1D58	rom	gText_WhatWouldYouLikeToDo
0x086B1D74	rom	gText_MenuPokedex
0x086B1D7C	rom	gText_MenuBag
0x086B1D80	rom	gText_MenuPlayer
0x086B1D84	rom	gText_MenuSave
0x086B1D8C	rom	gText_MenuOption
0x086B1D94	rom	gText_MenuExit
0x086B1D9C	rom	gText_MenuRetire
0x086B1DA4	rom	gText_MenuSafariStats
0x086B1DB4	rom	gText_TimesStrVar1
0x086B1DB8	rom	gText_Berry
0x086B1DC0	rom	gText_Coins
0x086B1DCC	rom	gText_Items2
0x086B1DD4	rom	gText_PokeBalls2
0x086B1DE0	rom	gText_KeyItems2
0x086B1DEC	rom	gText_DepositItem
0x086B1DFC	rom	gText_CloseBag
0x086B1E08	rom	gText_Var1IsSelected
0x086B1E18	rom	gText_CantWriteMailHere
0x086B1E34	rom	gText_ThereIsNoPokemon
0x086B1E4C	rom	gOtherText_WhereShouldTheStrVar1BePlaced
0x086B1E6C	rom	gText_ItemCantBeHeld
0x086B1E84	rom	gText_TheStrVar1CantBeHeldHere
0x086B1EA0	rom	gText_DepositHowManyStrVars1
0x086B1EB8	rom	gText_DepositedStrVar2StrVar1s
0x086B1ECC	rom	gText_NoRoomToStoreItems
0x086B1EEC	rom	gText_TossOutHowManyStrVar1s
0x086B1F08	rom	gText_ThrewAwayStrVar2StrVar1s
0x086B1F20	rom	gText_ThrowAwayStrVar2OfThisItemQM
0x086B1F3C	rom	gText_OakForbidsUseOfItemHere
0x086B1F68	rom	gText_CantDismountBike
0x086B1F90	rom	gText_ItemfinderResponding
0x086B1FD8	rom	gText_ItemfinderShakingWildly
0x086B2030	rom	gText_NopeTheresNoResponse
0x086B2054	rom	gText_CoinCase
0x086B2068	rom	gText_PlayerUsedVar2
0x086B207C	rom	gText_RepelEffectsLingered
0x086B20B0	rom	gText_UsedVar2WildLured
0x086B20E0	rom	gText_UsedVar2WildRepelled
0x086B2114	rom	gText_BoxFull
0x086B2128	rom	gText_PowderQty
0x086B2140	rom	gOtherText_Powder
0x086B2148	rom	gText_PlayedPokeFluteCatchy
0x086B217C	rom	gText_PlayedPokeFlute
0x086B2194	rom	gText_PokeFluteAwakenedMon
0x086B21C0	rom	gText_TMCase
0x086B21C8	rom	gText_Close
0x086B21D0	rom	gText_TMCaseWillBePutAway
0x086B21F0	rom	gText_FontSmall
0x086B21F4	rom	gText_FontNormal
0x086B21F8	rom	gText_EmptySpace
0x086B21FC	rom	gText_BerryPouch
0x086B2208	rom	gText_TheBerryPouchWillBePutAway
0x086B222C	rom	gText_ShopBuy
0x086B2230	rom	gText_ShopSell
0x086B2238	rom	gText_ShopQuit
0x086B2240	rom	gText_InBagVar1
0x086B2250	rom	gText_QuitShopping
0x086B2260	rom	gText_Var1CertainlyHowMany
0x086B2288	rom	gText_Var1AndYouWantedVar2
0x086B22B8	rom	gText_HereYouGoThankYou
0x086B22D4	rom	gText_YouDontHaveMoney
0x086B22F4	rom	gText_NoMoreRoomForThis
0x086B231C	rom	gText_AnythingElseICanHelp
0x086B2340	rom	gText_OhNoICantBuyThat
0x086B2360	rom	gText_HowManyWouldYouLikeToSell
0x086B2388	rom	gText_ICanPayThisMuch_WouldThatBeOkay
0x086B23AC	rom	gText_TurnedOverItemsWorthYen
0x086B23D0	rom	gText_PokedollarVar1
0x086B23D4	rom	gText_Shift
0x086B23DC	rom	gText_SendOut
0x086B23E8	rom	gText_Switch2
0x086B23F0	rom	gText_Summary5
0x086B23F8	rom	gText_Enter
0x086B2400	rom	gText_NoEntry
0x086B240C	rom	gText_Take2
0x086B2414	rom	gText_Read2
0x086B241C	rom	gText_Trade4
0x086B2424	rom	gText_ItemEffect_HP
0x086B2428	rom	gText_ItemEffect_SpAtk
0x086B2430	rom	gText_ItemEffect_SpDef
0x086B2438	rom	gText_PartyMenu_OK
0x086B243C	rom	gText_Empty
0x086B2440	rom	gText_PauseUntilPress
0x086B2444	rom	gText_WontHaveEffect
0x086B2460	rom	gText_CantBeUsedOnPkmn
0x086B2488	rom	gText_PkmnCantSwitchOut
0x086B24A4	rom	gText_PkmnAlreadyInBattle
0x086B24C0	rom	gText_PkmnAlreadySelected
0x086B24E0	rom	gText_PkmnHasNoEnergy
0x086B2504	rom	gText_CantSwitchWithAlly
0x086B2538	rom	gText_EggCantBattle
0x086B2550	rom	gText_CantUseUntilNewBadge
0x086B2584	rom	gText_CantUseUntilNewHM
0x086B25BC	rom	gText_NoMoreThanThreeMayEnter
0x086B25E4	rom	gText_NoMoreThanTwoMayEnter
0x086B260C	rom	gText_SendMailToPC
0x086B2630	rom	gText_MailSentToPC
0x086B2650	rom	gText_PCMailboxFull
0x086B2670	rom	gText_MailMessageWillBeLost
0x086B26A8	rom	gText_RemoveMailBeforeItem
0x086B26D8	rom	gText_PkmnWasGivenItem
0x086B26F8	rom	gText_PkmnAlreadyHoldingItemSwitch
0x086B2740	rom	gText_PkmnNotHolding
0x086B2760	rom	gText_ReceivedItemFromPkmn
0x086B277C	rom	gText_MailTakenFromPkmn
0x086B27A0	rom	gText_SwitchedPkmnItem
0x086B27D0	rom	gText_PkmnHoldingItemCantHoldMail
0x086B2808	rom	gText_MailTransferredFromMailbox
0x086B2834	rom	gText_BagFullCouldNotRemoveItem
0x086B2870	rom	gText_PkmnLearnedMove3
0x086B2880	rom	gText_PkmnCantLearnMove
0x086B28B8	rom	gText_PkmnNeedsToReplaceMove
0x086B292C	rom	gText_StopLearningMove2
0x086B2948	rom	gText_MoveNotLearned
0x086B2968	rom	gText_WhichMoveToForget
0x086B298C	rom	gText_12PoofForgotMove
0x086B29D8	rom	gText_PkmnAlreadyKnows
0x086B29F0	rom	gText_PkmnHPRestoredByVar2
0x086B2A18	rom	gText_PkmnCuredOfPoison
0x086B2A3C	rom	gText_PkmnCuredOfParalysis
0x086B2A5C	rom	gText_PkmnWokeUp2
0x086B2A6C	rom	gText_PkmnBurnHealed
0x086B2A84	rom	gText_PkmnThawedOut
0x086B2A9C	rom	gText_PPWasRestored
0x086B2AB0	rom	gText_PkmnBecameHealthy
0x086B2AC8	rom	gText_MovesPPIncreased
0x086B2AE0	rom	gText_PkmnElevatedToLvVar2
0x086B2AFC	rom	gText_PkmnBaseVar2StatIncreased
0x086B2B1C	rom	gText_PkmnSnappedOutOfConfusion
0x086B2B40	rom	gText_PkmnGotOverInfatuation
0x086B2B60	rom	gText_OnlyPkmnForBattle
0x086B2B88	rom	gText_PkmnCantBeTradedNow
0x086B2BAC	rom	gText_EggCantBeTradedNow
0x086B2BC8	rom	gText_OtherTrainersPkmnCantBeTraded
0x086B2BFC	rom	gText_OtherTrainerCantAcceptPkmn
0x086B2C30	rom	gText_CantTradeWithTrainer
0x086B2C58	rom	gText_NotPkmnOtherTrainerWants
0x086B2C98	rom	gText_ThatIsntAnEgg
0x086B2CAC	rom	gText_ChoosePokemon
0x086B2CC0	rom	gText_MoveToWhere
0x086B2CD0	rom	gText_TeachWhichPokemon
0x086B2CE8	rom	gText_UseOnWhichPokemon
0x086B2D00	rom	gText_GiveToWhichPokemon
0x086B2D18	rom	gText_DoWhatWithPokemon
0x086B2D30	rom	gText_NothingToCut
0x086B2D48	rom	gText_CantSurfHere
0x086B2D5C	rom	gText_AlreadySurfing
0x086B2D74	rom	gText_CantUseHere
0x086B2D8C	rom	gText_RestoreWhichMove
0x086B2DA0	rom	gText_BoostPp
0x086B2DB4	rom	gText_DoWhatWithItem
0x086B2DCC	rom	gText_NoPokemonForBattle
0x086B2DE4	rom	gText_ChoosePokemon2
0x086B2DF8	rom	gText_NotEnoughHp
0x086B2E08	rom	gText_ThreePkmnAreNeeded
0x086B2E20	rom	gText_PokemonCantBeSame
0x086B2E38	rom	gText_NoIdenticalHoldItems
0x086B2E4C	rom	gText_CurrentIsTooFast
0x086B2E6C	rom	gText_DoWhatWithMail
0x086B2E84	rom	gText_ChoosePokemonCancel
0x086B2EA0	rom	gText_ChoosePokemonConfirm
0x086B2EBC	rom	gText_TwoPokemonAreNeeded
0x086B2ED4	rom	gText_EnjoyCycling
0x086B2EEC	rom	gText_InUseAlready_PM
0x086B2F04	rom	gText_NoUse
0x086B2F0C	rom	gText_Able
0x086B2F14	rom	gText_First_PM
0x086B2F1C	rom	gText_Second_PM
0x086B2F24	rom	gText_Third_PM
0x086B2F2C	rom	gText_Able2
0x086B2F34	rom	gText_NotAble
0x086B2F40	rom	gText_Able3
0x086B2F48	rom	gText_NotAble2
0x086B2F54	rom	gText_Learned
0x086B2F5C	rom	gText_OakImportantToGetToKnowPokemonThroughly
0x086B2F9C	rom	gText_OakThisIsListOfPokemon
0x086B303C	rom	gText_CutATreeOrGrass
0x086B3054	rom	gText_FlyToAKnownTown
0x086B306C	rom	gText_TravelOnWater
0x086B3080	rom	gText_MoveHeavyBoulders
0x086B3098	rom	gText_LightUpDarkness
0x086B30AC	rom	gText_ShatterACrackedRock
0x086B30C4	rom	gText_ClimbAWaterfall
0x086B30D8	rom	gText_EscapeFromHere
0x086B30EC	rom	gText_LureWildPokemon
0x086B3100	rom	gText_ShareHp
0x086B310C	rom	gText_ReturnToAHealingSpot
0x086B3128	rom	gText_DiveUnderwater
0x086B313C	rom	gText_EscapeFromHereAndReturnTo
0x086B3168	rom	gText_ReturnToHealingSpot
0x086B319C	rom	gText_ItemEffect_Attack
0x086B31A4	rom	gText_ItemEffect_Defense
0x086B31AC	rom	gText_ItemEffect_Speed
0x086B31B4	rom	gText_PkmnCantParticipate
0x086B31D8	rom	gText_CancelParticipation
0x086B31F0	rom	gText_Empty12
0x086B31F4	rom	gText_CancelBattle
0x086B3208	rom	gText_TurnOff
0x086B3214	rom	gText_ItemStorage
0x086B3224	rom	gText_Mailbox
0x086B322C	rom	gText_DepositItem2
0x086B323C	rom	gText_WithdrawItem2
0x086B324C	rom	gText_StoreItemsInThePC
0x086B3264	rom	gText_TakeOutItemsFromThePC
0x086B3280	rom	gText_ThereAreNoItems
0x086B3298	rom	gText_NoMoreRoomInBag
0x086B32BC	rom	gText_WithdrawHowMany
0x086B32D8	rom	gText_WithdrewQuantItem
0x086B32EC	rom	gOtherText_Read
0x086B32F4	rom	gOtherText_MoveToBag
0x086B3300	rom	gOtherText_Give2
0x086B3308	rom	gText_TheresNoMailHere
0x086B3320	rom	gText_WhatWouldYouLikeToDoWithPlayersMail
0x086B334C	rom	gText_MessageWillBeLost
0x086B3374	rom	gText_BagIsFull
0x086B3388	rom	gText_MailReturnedToBagMessageErased
0x086B33C4	rom	gText_WithdrawItem
0x086B33D4	rom	gText_Withdraw
0x086B33E0	rom	gText_ReturnToPC
0x086B33F4	rom	gText_LtSurge
0x086B3400	rom	gText_Koga
0x086B3408	rom	gText_Info
0x086B3410	rom	gText_Eggs
0x086B3418	rom	gText_HallOfFame
0x086B3428	rom	gText_Victories
0x086B3434	rom	gText_Quit
0x086B343C	rom	gText_Psn
0x086B3440	rom	gText_Par
0x086B3444	rom	gText_Slp
0x086B3448	rom	gText_Brn
0x086B344C	rom	gText_Frz
0x086B3450	rom	gText_Toxic
0x086B3458	rom	gText_OK
0x086B345C	rom	gOtherText_Quit
0x086B3464	rom	gText_Yes
0x086B3468	rom	gText_No
0x086B346C	rom	gText_SingleBattle
0x086B347C	rom	gText_DoubleBattle
0x086B348C	rom	gText_MultiBattle
0x086B349C	rom	gText_MakeAChallenge
0x086B34A8	rom	gText_Lv50
0x086B34B0	rom	gText_Lv100
0x086B34BC	rom	gText_OpenLv
0x086B34C8	rom	gText_Info_2
0x086B34D0	rom	gOtherText_BattleTowerResults
0x086B34EC	rom	gOtherText_Current
0x086B34F4	rom	gOtherText_Prev
0x086B34FC	rom	gOtherText_Record
0x086B3504	rom	gOtherText_WinStreak
0x086B3514	rom	gText_FreshWater_200
0x086B352C	rom	gText_SodaPop_300
0x086B3540	rom	gText_Lemonade_350
0x086B3554	rom	gText_50Coins_1000
0x086B356C	rom	gText_500Coins_10000
0x086B3584	rom	gText_1000Coins_20000
0x086B359C	rom	gText_Excellent
0x086B35A8	rom	gText_NotSoBad
0x086B35B4	rom	gText_RedShard
0x086B35C0	rom	gText_YellowShard
0x086B35D0	rom	gText_BlueShard
0x086B35DC	rom	gText_GreenShard
0x086B35E8	rom	gText_Right
0x086B35F0	rom	gText_Left
0x086B35F8	rom	gText_Tm13_4000Coins
0x086B3610	rom	gText_Tm23_3500Coins
0x086B3628	rom	gText_Tm24_4000Coins
0x086B3640	rom	gText_Tm30_4500Coins
0x086B3658	rom	gText_Tm35_4000Coins
0x086B3670	rom	gText_1F_2
0x086B3674	rom	gText_2F_2
0x086B3678	rom	gText_3F_2
0x086B367C	rom	gText_4F_2
0x086B3680	rom	gText_5F_2
0x086B3684	rom	gText_Cool
0x086B368C	rom	gText_Beauty
0x086B3694	rom	gText_Cute
0x086B369C	rom	gText_Smart
0x086B36A4	rom	gText_Tough
0x086B36AC	rom	gText_Normal
0x086B36B4	rom	gText_Black
0x086B36BC	rom	gText_Pink
0x086B36C4	rom	gText_Sepia
0x086B36CC	rom	gText_Cool_2
0x086B36D4	rom	gText_Beauty_2
0x086B36DC	rom	gText_Cute_2
0x086B36E4	rom	gText_Smart_2
0x086B36EC	rom	gText_Tough_2
0x086B36F4	rom	gText_Items
0x086B36FC	rom	gText_KeyItems
0x086B3708	rom	gText_PokeBalls
0x086B3714	rom	gText_TMsAndHMs
0x086B3720	rom	gText_Berries
0x086B3728	rom	gText_Boulderbadge
0x086B3738	rom	gText_Cascadebadge
0x086B3748	rom	gText_Thunderbadge
0x086B3758	rom	gText_Rainbowbadge
0x086B3768	rom	gText_Soulbadge
0x086B3774	rom	gText_Marshbadge
0x086B3780	rom	gText_Volcanobadge
0x086B3790	rom	gText_Earthbadge
0x086B379C	rom	gText_SomeoneSPc
0x086B37AC	rom	gText_BillSPc
0x086B37B8	rom	gText_SPc
0x086B37C0	rom	gText_HallOfFame_2
0x086B37D0	rom	gText_LogOff
0x086B37D8	rom	gText_ProfOakSPc
0x086B37E8	rom	gText_Eevee
0x086B37F0	rom	gText_Flareon
0x086B37F8	rom	gText_Jolteon
0x086B3800	rom	gText_Vaporeon
0x086B380C	rom	gText_QuitLooking
0x086B381C	rom	gText_FreshWater
0x086B3828	rom	gText_SodaPop
0x086B3834	rom	gText_Lemonade
0x086B3840	rom	gText_Coins_2
0x086B3848	rom	gText_Bicycle_Price
0x086B3860	rom	gText_NoThanks
0x086B386C	rom	gText_Abra_180Coins
0x086B3884	rom	gText_Clefairy_500Coins
0x086B38A0	rom	gText_Dratini_2800Coins
0x086B38BC	rom	gText_Scyther_5500Coins
0x086B38D8	rom	gText_Porygon_9999Coins
0x086B38F4	rom	gText_Abra_120Coins
0x086B390C	rom	gText_Clefairy_750Coins
0x086B3928	rom	gText_Pinsir_2500Coins
0x086B3944	rom	gText_Dratini_4600Coins
0x086B3960	rom	gText_Porygon_6500Coins
0x086B397C	rom	gText_NoThanks_2
0x086B3988	rom	gText_HelixFossil
0x086B3998	rom	gText_DomeFossil
0x086B39A4	rom	gText_OldAmber
0x086B39B0	rom	gText_TradeCenter
0x086B39C0	rom	gText_Colosseum
0x086B39CC	rom	gText_GameLinkCable
0x086B39DC	rom	gText_Wireless
0x086B39E8	rom	gText_ItemsPocket
0x086B39F8	rom	gText_KeyItemsPocket
0x086B3A0C	rom	gText_PokeBallsPocket
0x086B3A20	rom	gText_TmCase
0x086B3A28	rom	gText_BerryPouch_2
0x086B3A34	rom	gText_Other
0x086B3A3C	rom	gText_OneIsland
0x086B3A48	rom	gText_TwoIsland
0x086B3A54	rom	gText_ThreeIsland
0x086B3A64	rom	gText_FourIsland
0x086B3A70	rom	gText_FiveIsland
0x086B3A7C	rom	gText_SixIsland
0x086B3A88	rom	gText_SevenIsland
0x086B3A98	rom	gText_Vermilion
0x086B3AA4	rom	gText_Colosseum_2
0x086B3AB0	rom	gText_BerryCrush
0x086B3ABC	rom	gText_RecordCorner
0x086B3AC0	rom	gText_PokemonJump
0x086B3AD0	rom	gText_DodrioBerryPicking
0x086B3AE8	rom	gText_2Tinymushrooms
0x086B3AF8	rom	gText_1BigMushroom
0x086B3B08	rom	gText_SeviiIslands
0x086B3B18	rom	gText_NavelRock
0x086B3B24	rom	gText_FarawayIsland
0x086B3B34	rom	gText_BirthIsland
0x086B3B44	rom	gText_SouthernIsland
0x086B3B54	rom	gText_MiracleSeed_1000Coins
0x086B3B74	rom	gText_Charcoal_1000Coins
0x086B3B90	rom	gText_MysticWater_1000Coins
0x086B3BB0	rom	gText_YellowFlute_1600Coins
0x086B3BD0	rom	gText_SmokeBall_800Coins
0x086B3BEC	rom	gText_BecomeLeader
0x086B3BFC	rom	gText_JoinGroup
0x086B3C08	rom	gOtherText_Single
0x086B3C10	rom	gOtherText_Double
0x086B3C18	rom	gOtherText_Knockout
0x086B3C24	rom	gOtherText_Mixed
0x086B3C2C	rom	gText_DecimalPoint
0x086B3C30	rom	gText_BigGuy
0x086B3C38	rom	gText_BigGirl
0x086B3C44	rom	gText_Son
0x086B3C48	rom	gText_Daughter
0x086B3C54	rom	gText_BoulderBadge
0x086B3C64	rom	gText_CascadeBadge
0x086B3C74	rom	gText_ThunderBadge
0x086B3C84	rom	gText_RainbowBadge
0x086B3C94	rom	gText_SoulBadge
0x086B3CA0	rom	gText_MarshBadge
0x086B3CAC	rom	gText_VolcanoBadge
0x086B3CBC	rom	gText_EarthBadge
0x086B3CC8	rom	gText_1F
0x086B3CCC	rom	gText_2F
0x086B3CD0	rom	gText_3F
0x086B3CD4	rom	gText_4F
0x086B3CD8	rom	gText_5F
0x086B3CDC	rom	gText_6F
0x086B3CE0	rom	gText_7F
0x086B3CE4	rom	gText_8F
0x086B3CE8	rom	gText_9F
0x086B3CEC	rom	gText_10F
0x086B3CF0	rom	gText_11F
0x086B3CF4	rom	gText_B1F
0x086B3CF8	rom	gText_B2F
0x086B3CFC	rom	gText_B3F
0x086B3D00	rom	gText_B4F
0x086B3D04	rom	gText_Rooftop
0x086B3D0C	rom	gText_NowOn
0x086B3D14	rom	gText_LinkedGamePlay
0x086B3D28	rom	gText_DirectCorner
0x086B3D38	rom	gText_UnionRoom
0x086B3D44	rom	gText_Energypowder_50
0x086B3D5C	rom	gText_EnergyRoot_80
0x086B3D70	rom	gText_HealPowder_50
0x086B3D84	rom	gText_RevivalHerb_300
0x086B3D9C	rom	gText_Protein_1000
0x086B3DB0	rom	gText_Iron_1000
0x086B3DC0	rom	gText_Carbos_1000
0x086B3DD4	rom	gText_Calcium_1000
0x086B3DE8	rom	gText_Zinc_1000
0x086B3DF8	rom	gText_HpUp_1000
0x086B3E0C	rom	gText_PpUp_3000
0x086B3E20	rom	gString_BattleRecords_PlayersBattleResults
0x086B3E34	rom	gString_BattleRecords_TotalRecord
0x086B3E50	rom	gString_BattleRecords_ColumnHeaders
0x086B3E64	rom	gString_BattleRecords_7Dashes
0x086B3E6C	rom	gString_BattleRecords_4Dashes
0x086B3E74	rom	gFameCheckerText_FameCheckerWillBeClosed
0x086B3E98	rom	gFameCheckerText_ClearTextbox
0x086B3EB8	rom	gText_ExitUnused
0x086B3EBC	rom	gText_ExitFromBox
0x086B3ED0	rom	gText_WhatDoYouWantToDo
0x086B3EE8	rom	gText_PleasePickATheme
0x086B3F00	rom	gText_PickTheWallpaper
0x086B3F14	rom	gText_PkmnIsSelected
0x086B3F24	rom	gText_JumpToWhichBox
0x086B3F38	rom	gText_DepositInWhichBox
0x086B3F50	rom	gText_PkmnWasDeposited
0x086B3F64	rom	gText_BoxIsFull2
0x086B3F78	rom	gText_ReleaseThisPokemon
0x086B3F90	rom	gText_PkmnWasReleased
0x086B3FA4	rom	gText_ByeByePkmn
0x086B3FB4	rom	gText_MarkYourPkmn
0x086B3FC8	rom	gText_ThatsYourLastPkmn
0x086B3FE4	rom	gText_YourPartysFull
0x086B3FF8	rom	gText_YoureHoldingAPkmn
0x086B4014	rom	gText_WhichOneWillYouTake
0x086B4030	rom	gText_YouCantReleaseAnEgg
0x086B404C	rom	gText_ContinueBoxOperations
0x086B4068	rom	gText_PkmnCameBack
0x086B4078	rom	gText_WasItWorriedAboutYou
0x086B4094	rom	gText_FourEllipsesExclamation
0x086B40A0	rom	gText_PleaseRemoveTheMail
0x086B40B8	rom	gText_GiveToAPkmn
0x086B40CC	rom	gText_PlacedItemInBag
0x086B40E4	rom	gText_BagIsFull2
0x086B40F8	rom	gText_PutItemInBag
0x086B4114	rom	gText_ItemIsNowHeld
0x086B4124	rom	gText_ChangedToNewItem
0x086B4134	rom	gText_MailCantBeStored
0x086B414C	rom	gPCText_Cancel
0x086B4154	rom	gPCText_Store
0x086B415C	rom	gPCText_Withdraw
0x086B4168	rom	gPCText_Shift
0x086B4170	rom	gPCText_Move
0x086B4178	rom	gPCText_Place
0x086B4180	rom	gPCText_Summary
0x086B4188	rom	gPCText_Release
0x086B4190	rom	gPCText_Mark
0x086B4198	rom	gPCText_Name
0x086B41A0	rom	gPCText_Jump
0x086B41A8	rom	gPCText_Wallpaper
0x086B41B4	rom	gPCText_Take
0x086B41BC	rom	gPCText_Give
0x086B41C4	rom	gPCText_Switch
0x086B41CC	rom	gPCText_Bag
0x086B41D0	rom	gPCText_Info
0x086B41D8	rom	gPCText_Scenery1
0x086B41E4	rom	gPCText_Scenery2
0x086B41F0	rom	gPCText_Scenery3
0x086B41FC	rom	gPCText_Etcetera
0x086B4208	rom	gPCText_Forest
0x086B4210	rom	gPCText_City
0x086B4218	rom	gPCText_Desert
0x086B4220	rom	gPCText_Savanna
0x086B4228	rom	gPCText_Crag
0x086B4230	rom	gPCText_Volcano
0x086B4238	rom	gPCText_Snow
0x086B4240	rom	gPCText_Cave
0x086B4248	rom	gPCText_Beach
0x086B4250	rom	gPCText_Seafloor
0x086B425C	rom	gPCText_River
0x086B4264	rom	gPCText_Sky
0x086B4268	rom	gPCText_PolkaDot
0x086B4270	rom	gPCText_Pokecenter
0x086B427C	rom	gPCText_Machine
0x086B4284	rom	gPCText_Simple
0x086B428C	rom	gText_WithdrawPokemon
0x086B42A0	rom	gText_DepositPokemon
0x086B42B0	rom	gText_MovePokemon
0x086B42C0	rom	gText_MoveItems
0x086B42CC	rom	gText_SeeYa
0x086B42D4	rom	gText_WithdrawMonDescription
0x086B430C	rom	gText_DepositMonDescription
0x086B433C	rom	gText_MoveMonDescription
0x086B4370	rom	gText_MoveItemsDescription
0x086B43B0	rom	gText_SeeYaDescription
0x086B43C0	rom	gText_JustOnePkmn
0x086B43E0	rom	gText_PartyFull
0x086B4400	rom	gText_Box
0x086B4404	rom	gText_CombineFourWordsOrPhrases
0x086B4424	rom	gText_AndMakeYourProfile
0x086B443C	rom	gText_MakeMessageSixPhrases
0x086B445C	rom	gText_MaxTwoTwelveLetterPhrases
0x086B447C	rom	gText_FindWordsThatDescribeYour
0x086B449C	rom	gText_FeelingsRightNow
0x086B44B0	rom	gText_CombineNineWordsOrPhrases
0x086B44D0	rom	gText_AndMakeAMessage
0x086B44E4	rom	gText_ChangeJustOneWordOrPhrase
0x086B4504	rom	gText_AndImproveTheBardsSong
0x086B4524	rom	gText_AndFillOutTheQuestionnaire
0x086B4544	rom	gText_YourProfile
0x086B4554	rom	gText_YourFeelingAtTheBattlesStart
0x086B4578	rom	gText_WhatYouSayIfYouWin
0x086B459C	rom	gText_WhatYouSayIfYouLose
0x086B45C0	rom	gText_TheAnswer
0x086B45CC	rom	gText_TheMailMessage
0x086B45E0	rom	gText_TheNewSong
0x086B45F0	rom	gText_CombineTwoWordsOrPhrases
0x086B4610	rom	gText_AndMakeATrendySaying
0x086B462C	rom	gText_TheTrendySaying
0x086B4640	rom	gText_IsAsShownOkay
0x086B4654	rom	gText_AllTextBeingEditedWill
0x086B4674	rom	gText_BeDeletedThatOkay
0x086B4690	rom	gText_QuitEditing
0x086B46A0	rom	gText_StopGivingPkmnMail
0x086B46C0	rom	gText_Profile
0x086B46C8	rom	gText_AtTheBattlesStart
0x086B46E0	rom	gText_UponWinningABattle
0x086B46F8	rom	gText_UponLosingABattle
0x086B4710	rom	gText_TheBardsSong
0x086B4720	rom	gText_WhatsHipAndHappening
0x086B473C	rom	gText_Interview
0x086B4748	rom	gText_Questionnaire
0x086B4758	rom	gText_PokemonCenter
0x086B4768	rom	gText_SaveFailedCheckingBackup
0x086B47C0	rom	gText_BackupMemoryDamaged
0x086B4858	rom	gText_SaveCompletePressA
0x086B4888	rom	gText_YourName
0x086B4894	rom	gText_BoxName
0x086B48A0	rom	gText_PkmnsNickname
0x086B48B0	rom	gText_RivalsName
0x086B48C0	rom	gText_MoveOkBack
0x086B48D4	rom	gText_AlphabetUpperLower
0x086B48D8	rom	gText_RegionMap_Space
0x086B48DC	rom	gText_RegionMap_AButtonGuide
0x086B48E4	rom	gText_RegionMap_AButtonCancel
0x086B48F0	rom	gText_RegionMap_AButtonCancel2
0x086B48FC	rom	gText_RegionMap_AButtonSwitch
0x086B4908	rom	gText_RegionMap_AButtonOK
0x086B4910	rom	gText_RegionMap_DPadMove
0x086B4918	rom	gText_RegionMap_UpDownPick
0x086B4920	rom	gText_RegionMap_NoData
0x086B4928	rom	gText_RegionMap_AreaDesc_ViridianForest
0x086B4998	rom	gText_RegionMap_AreaDesc_MtMoon
0x086B4A18	rom	gText_RegionMap_AreaDesc_DiglettsCave
0x086B4A7C	rom	gText_RegionMap_AreaDesc_VictoryRoad
0x086B4AF0	rom	gText_RegionMap_AreaDesc_PokemonMansion
0x086B4B68	rom	gText_RegionMap_AreaDesc_SafariZone
0x086B4BE4	rom	gText_RegionMap_AreaDesc_RockTunnel
0x086B4C68	rom	gText_RegionMap_AreaDesc_SeafoamIslands
0x086B4CD4	rom	gText_RegionMap_AreaDesc_PokemonTower
0x086B4D4C	rom	gText_RegionMap_AreaDesc_CeruleanCave
0x086B4DC8	rom	gText_RegionMap_AreaDesc_PowerPlant
0x086B4E44	rom	gText_RegionMap_AreaDesc_MtEmber
0x086B4EB4	rom	gText_RegionMap_AreaDesc_BerryForest
0x086B4F3C	rom	gText_RegionMap_AreaDesc_IcefallCave
0x086B4FB4	rom	gText_RegionMap_AreaDesc_LostCave
0x086B5024	rom	gText_RegionMap_AreaDesc_TanobyRuins
0x086B50A4	rom	gText_RegionMap_AreaDesc_AlteringCave
0x086B5118	rom	gText_RegionMap_AreaDesc_PatternBush
0x086B5198	rom	gText_RegionMap_AreaDesc_DottedHole
0x086B5200	rom	gText_PokeSum_MetInATrade
0x086B521C	rom	gText_PokeSum_MetInATrade_BoldGentleGrammar
0x086B5238	rom	gText_PokeSum_FatefulEncounterMet
0x086B5270	rom	gText_PokeSum_FatefulEncounterMet_BoldGentleGrammar
0x086B52A8	rom	gText_PokeSum_Met
0x086B52C8	rom	gText_PokeSum_Met_BoldGentleGrammar
0x086B52E8	rom	gText_PokeSum_ApparentlyMet
0x086B5314	rom	gText_PokeSum_ApparentlyMet_BoldGentleGrammar
0x086B5340	rom	gText_PokeSum_Hatched
0x086B5364	rom	gText_PokeSum_Hatched_BoldGentleGrammar
0x086B5388	rom	gText_PokeSum_JP_ApparentlyHatched
0x086B53A8	rom	gText_PokeSum_JP_ApparentlyHatched_BoldGentleGrammar
0x086B53C4	rom	gText_PokeSum_FatefulEncounterHatched
0x086B5404	rom	gText_PokeSum_FatefulEncounterHatched_BoldGentleGrammar
0x086B5444	rom	gText_PokeSum_ApparentlyFatefulEncounterHatched
0x086B5490	rom	gText_PokeSum_ApparentlyFatefulEncounterHatched_BoldGentleGrammar
0x086B54DC	rom	gText_PokeSum_EggOrigin_DayCare
0x086B5510	rom	gText_PokeSum_EggOrigin_TravelingMan
0x086B5544	rom	gText_PokeSum_EggOrigin_NicePlace
0x086B5580	rom	gText_PokeSum_EggOrigin_Spa
0x086B55BC	rom	gText_PokeSum_EggOrigin_Trade
0x086B55E8	rom	gText_PokeSum_EggHatch_LongTime
0x086B5620	rom	gText_PokeSum_EggHatch_SomeTime
0x086B5654	rom	gText_PokeSum_EggHatch_Soon
0x086B5684	rom	gText_PokeSum_EggHatch_AlmostReady
0x086B56B4	rom	gText_PokeSum_ATrade
0x086B56BC	rom	gText_Somewhere
0x086B56C8	rom	gText_PokeSum_PageName_PokemonInfo
0x086B56D8	rom	gText_PokeSum_PageName_PokemonSkills
0x086B56E8	rom	gText_PokeSum_PageName_KnownMoves
0x086B56F4	rom	gText_PokeSum_NoData
0x086B56FC	rom	gText_PokeSum_ExpPoints
0x086B5708	rom	gText_PokeSum_NextLv
0x086B5714	rom	gText_PokeSum_Controls_PageCancel
0x086B5724	rom	gText_PokeSum_Controls_Cancel
0x086B5730	rom	gText_PokeSum_Controls_Page
0x086B5738	rom	gText_PokeSum_Controls_PageDetail
0x086B5748	rom	gText_PokeSum_Controls_PickSwitch
0x086B5758	rom	gText_PokeSum_Controls_Pick
0x086B5760	rom	gText_PokeSum_Controls_PickDelete
0x086B5770	rom	gText_PokeSum_HmMovesCantBeForgotten
0x086B5794	rom	gText_TrainerCardName
0x086B579C	rom	gText_TrainerCardIDNo
0x086B57A4	rom	gText_TrainerCardMoney
0x086B57AC	rom	gText_TrainerCardYen
0x086B57B0	rom	gText_TrainerCardPokedex
0x086B57B8	rom	gText_TrainerCardNull
0x086B57BC	rom	gText_Colon2
0x086B57C0	rom	gText_TrainerCardTime
0x086B57C8	rom	gText_Var1sTrainerCard
0x086B57D8	rom	gText_HallOfFameDebut
0x086B57F0	rom	gText_LinkBattles
0x086B5800	rom	gText_LinkCableBattles
0x086B5814	rom	gText_WinLossRatio
0x086B581C	rom	gText_PokemonTrades
0x086B582C	rom	gText_UnionRoomTradesBattles
0x086B5844	rom	gText_BerryCrushes
0x086B5850	rom	gText_WaitingTrainerFinishReading
0x086B5894	rom	gText_Option
0x086B589C	rom	gText_TextSpeed
0x086B58A8	rom	gText_BattleScene
0x086B58B8	rom	gText_BattleStyle
0x086B58C8	rom	gText_Sound
0x086B58D0	rom	gText_ButtonMode
0x086B58DC	rom	gText_Frame
0x086B58E4	rom	gText_OptionMenuCancel
0x086B58EC	rom	gText_OptionMenuSaveAndExit
0x086B58FC	rom	gText_OptionMenuBattleAnimSpeed
0x086B5910	rom	gText_BattleTransitions
0x086B5924	rom	gText_BattleIntroAnimation
0x086B5938	rom	gText_MoveAnims
0x086B5948	rom	gText_HpBarAnimSpeed
0x086B595C	rom	gText_ExpBarAnimSpeed
0x086B5970	rom	gText_Back
0x086B5978	rom	gText_Advanced
0x086B5988	rom	gText_TextSpeedSlow
0x086B5990	rom	gText_TextSpeedMid
0x086B5994	rom	gText_TextSpeedFast
0x086B599C	rom	gText_TextSpeedFaster
0x086B59A4	rom	gText_BattleScenePressA
0x086B59AC	rom	gText_BattleSceneOn
0x086B59B0	rom	gText_BattleSceneOff
0x086B59B4	rom	gText_BattleStylePredict
0x086B59BC	rom	gText_BattleStyleShift
0x086B59C4	rom	gText_BattleStyleSet
0x086B59C8	rom	gText_SoundMono
0x086B59D0	rom	gText_SoundStereo
0x086B59D8	rom	gText_ButtonTypeHelp
0x086B59E0	rom	gText_ButtonTypeLEqualsA
0x086B59E4	rom	gText_ButtonTypeLR
0x086B59E8	rom	gText_FrameType
0x086B59F0	rom	gText_PickSwitchCancelA
0x086B5A20	rom	gText_PickSwitchCancel
0x086B5A4C	rom	gText_PickSwitchExit
0x086B5A78	rom	gText_PickSwitchBack
0x086B5A9C	rom	gText_SavingDontTurnOffThePower2
0x086B5AC0	rom	gText_TextSpeedInstant
0x086B5AC8	rom	gStartMenuDesc_Pokedex
0x086B5B10	rom	gStartMenuDesc_Pokemon
0x086B5B58	rom	gStartMenuDesc_Bag
0x086B5BA0	rom	gStartMenuDesc_Player
0x086B5BC8	rom	gStartMenuDesc_Save
0x086B5C10	rom	gStartMenuDesc_Option
0x086B5C54	rom	gStartMenuDesc_Exit
0x086B5C6C	rom	gStartMenuDesc_Retire
0x086B5CB0	rom	gText_QuestLog_PreviouslyOnYourQuest
0x086B5CCC	rom	gText_QuestLog_SwitchMon1WithMon2
0x086B5CF0	rom	gText_QuestLog_SwappedHeldItemsOnMon
0x086B5D2C	rom	gText_QuestLog_TookHeldItemFromMon
0x086B5D48	rom	gText_QuestLog_UsedItemOnMonAtThisLocation
0x086B5D74	rom	gText_QuestLog_UsedTheItem
0x086B5D84	rom	gText_QuestLog_UsedTheKeyItem
0x086B5DBC	rom	gText_QuestLog_MonLearnedMoveFromTM
0x086B5DE0	rom	gText_QuestLog_MonReplacedMoveWithTM
0x086B5E1C	rom	gText_QuestLog_MonsWereFullyRestoredAtCenter
0x086B5E50	rom	gText_QuestLog_PlayerBattledChampionRival
0x086B5E84	rom	gText_QuestLog_PlayerSentOutMon1RivalSentOutMon2
0x086B5EBC	rom	gText_QuestLog_WonTheMatchAsAResult
0x086B5F04	rom	gText_QuestLog_StoredItemInPC
0x086B5F50	rom	gText_QuestLog_WithdrewItemFromPC
0x086B5F78	rom	gText_QuestLog_TradedMon1ForPersonsMon2
0x086B5F9C	rom	gText_QuestLog_SingleBattleWithPersonResultedInOutcome
0x086B5FF4	rom	gText_QuestLog_DoubleBattleWithPersonResultedInOutcome
0x086B6044	rom	gText_QuestLog_MultiBattleWithPeopleResultedInOutcome
0x086B6080	rom	gText_QuestLog_Win
0x086B6084	rom	gText_QuestLog_Loss
0x086B608C	rom	gText_QuestLog_MingledInUnionRoom
0x086B60BC	rom	gText_QuestLog_DepartedPlaceInTownForNextDestination
0x086B60E8	rom	gText_QuestLog_SwitchedMonsBetweenBoxes
0x086B6120	rom	gText_QuestLog_MovedMonToNewBox
0x086B6160	rom	gText_QuestLog_SwitchedMonsWithinBox
0x086B6184	rom	gText_QuestLog_MovedMonWithinBox
0x086B6194	rom	gText_QuestLog_SwitchedPartyMonForPCMon
0x086B61BC	rom	gText_QuestLog_WithdrewMonFromPC
0x086B61DC	rom	gText_QuestLog_DepositedMonInPC
0x086B61FC	rom	gText_QuestLog_SwitchedMultipleMons
0x086B6224	rom	gText_QuestLog_ADifferentSpot
0x086B6238	rom	gText_QuestLog_GaveMonHeldItemFromPC
0x086B6274	rom	gText_QuestLog_SwappedHeldItemFromPC
0x086B62C8	rom	gText_QuestLog_ChattedWithManyTrainers
0x086B62E4	rom	gText_QuestLog_Handily
0x086B62EC	rom	gText_QuestLog_Tenaciously
0x086B62F8	rom	gText_QuestLog_Somehow
0x086B6300	rom	gText_QuestLog_TradedMon1ForTrainersMon2
0x086B6348	rom	gText_QuestLog_BattledTrainerEndedInOutcome
0x086B6378	rom	gText_QuestLog_BoughtItem
0x086B63AC	rom	gText_QuestLog_BoughtItemsIncludingItem
0x086B63F4	rom	gText_QuestLog_SoldNumOfItem
0x086B6434	rom	gText_QuestLog_SoldItemsIncludingItem
0x086B6474	rom	gText_QuestLog_JustOne
0x086B6480	rom	gText_QuestLog_Num
0x086B6484	rom	gText_QuestLog_UsedSoftboiled
0x086B64B0	rom	gText_QuestLog_UsedMilkDrink
0x086B64DC	rom	gText_QuestLog_MonLearnedMoveFromHM
0x086B650C	rom	gText_QuestLog_MonReplacedMoveWithHM
0x086B6550	rom	gText_QuestLog_DefeatedWildMon
0x086B657C	rom	gText_QuestLog_DefeatedWildMons
0x086B65AC	rom	gText_QuestLog_CaughtWildMon
0x086B65D8	rom	gText_QuestLog_CaughtWildMons
0x086B6624	rom	gText_QuestLog_DefeatedWildMonAndCaughtWildMon
0x086B6658	rom	gText_QuestLog_DefeatedWildMonAndCaughtWildMons
0x086B669C	rom	gText_QuestLog_DefeatedWildMonsAndCaughtWildMon
0x086B66DC	rom	gText_QuestLog_DefeatedWildMonsAndCaughtWildMons
0x086B6728	rom	gText_QuestLog_GaveMonHeldItem
0x086B6744	rom	gText_QuestLog_GaveMonHeldItem2
0x086B6764	rom	gText_QuestLog_UsedCut
0x086B6788	rom	gText_QuestLog_UsedFly
0x086B67B4	rom	gText_QuestLog_UsedSurf
0x086B67E8	rom	gText_QuestLog_UsedStrength
0x086B6810	rom	gText_QuestLog_UsedFlash
0x086B6854	rom	gText_QuestLog_UsedRockSmash
0x086B6880	rom	gText_QuestLog_UsedWaterfall
0x086B68C0	rom	gText_QuestLog_UsedDigInLocation
0x086B68E0	rom	gText_QuestLog_UsedSweetScent
0x086B6910	rom	gText_QuestLog_UsedTeleportToLocation
0x086B6948	rom	gText_QuestLog_LeftTownsLocationForNextDestination
0x086B6974	rom	gText_QuestLog_PlayedGamesAtGameCorner
0x086B69AC	rom	gText_QuestLog_RestedAtHome
0x086B69CC	rom	gText_QuestLog_LeftOaksLab
0x086B69F8	rom	gText_QuestLog_GymWasFullOfToughTrainers
0x086B6A40	rom	gText_QuestLog_DepartedGym
0x086B6A58	rom	gText_QuestLog_HadGreatTimeInSafariZone
0x086B6A90	rom	gText_QuestLog_ManagedToGetOutOfLocation
0x086B6AC0	rom	gText_QuestLog_TookOnGymLeadersMonWithMonAndWon
0x086B6AF4	rom	gText_QuestLog_TookOnEliteFoursMonWithMonAndWon
0x086B6B24	rom	gText_QuestLog_TookOnTrainersMonWithMonAndWon
0x086B6B50	rom	gText_QuestLog_Coolly
0x086B6B58	rom	gText_QuestLog_Barely
0x086B6B60	rom	gText_QuestLog_UsedEscapeRope
0x086B6B8C	rom	gText_QuestLog_Draw
0x086B6B94	rom	gText_QuestLog_DepartedTheLocationForNextDestination
0x086B6BC4	rom	gText_QuestLog_DepartedFromLocationToNextDestination
0x086B6C00	rom	gText_QuestLog_ObtainedItemInLocation
0x086B6C28	rom	gText_QuestLog_ArrivedInLocation
0x086B6C38	rom	gText_QuestLog_SavedGameAtLocation
0x086B6C64	rom	gText_QuestLog_Home
0x086B6C6C	rom	gText_QuestLog_OakResearchLab
0x086B6C80	rom	gText_QuestLog_Gym
0x086B6C84	rom	gText_QuestLog_PokemonLeagueGate
0x086B6C98	rom	gText_QuestLog_ViridianForest
0x086B6CA8	rom	gText_QuestLog_PewterMuseumOfScience
0x086B6CC4	rom	gText_QuestLog_MtMoon
0x086B6CD0	rom	gText_QuestLog_BikeShop
0x086B6CDC	rom	gText_QuestLog_BillsHouse
0x086B6CEC	rom	gText_QuestLog_DayCare
0x086B6CF8	rom	gText_QuestLog_UndergroundPath
0x086B6D0C	rom	gText_QuestLog_PokemonFanClub
0x086B6D20	rom	gText_QuestLog_SSAnne
0x086B6D2C	rom	gText_QuestLog_DiglettsCave
0x086B6D3C	rom	gText_QuestLog_RockTunnel
0x086B6D48	rom	gText_QuestLog_PowerPlant
0x086B6D54	rom	gText_QuestLog_PokemonTower
0x086B6D64	rom	gText_QuestLog_VolunteerHouse
0x086B6D74	rom	gText_QuestLog_NameRatersHouse
0x086B6D88	rom	gText_QuestLog_CeladonDeptStore
0x086B6D9C	rom	gText_QuestLog_CeladonMansion
0x086B6DAC	rom	gText_QuestLog_RocketGameCorner
0x086B6DC0	rom	gText_QuestLog_Restaurant
0x086B6DCC	rom	gText_QuestLog_RocketHideout
0x086B6DDC	rom	gText_QuestLog_SafariZone
0x086B6DE8	rom	gText_QuestLog_WardensHome
0x086B6DF8	rom	gText_QuestLog_FightingDojo
0x086B6E08	rom	gText_QuestLog_SilphCo
0x086B6E14	rom	gText_QuestLog_SeafoamIslands
0x086B6E24	rom	gText_QuestLog_PokemonMansion
0x086B6E34	rom	gText_QuestLog_PokemonResearchLab
0x086B6E4C	rom	gText_QuestLog_VictoryRoad
0x086B6E5C	rom	gText_QuestLog_PokemonLeague
0x086B6E6C	rom	gText_QuestLog_CeruleanCave
0x086B6E7C	rom	gText_WasUsedOn
0x086B6E8C	rom	gText_Period
0x086B6E90	rom	gText_LevelRoseTo
0x086B6EA4	rom	gText_Period2
0x086B6EA8	rom	gText_LevelUp_MaxHP
0x086B6EB8	rom	gText_LevelUp_Attack
0x086B6EC0	rom	gText_LevelUp_Defense
0x086B6EC8	rom	gText_LevelUp_Speed
0x086B6ED0	rom	gText_LevelUp_SpAtk
0x086B6ED8	rom	gText_LevelUp_SpDef
0x086B6EE0	rom	gText_LevelUp_Plus
0x086B6EEC	rom	gText_LevelUp_Minus
0x086B6EF4	rom	gText_Counting_1
0x086B6EF8	rom	gText_Counting_2And
0x086B6F08	rom	gText_Poof
0x086B6F10	rom	gText_MonForgotMove
0x086B6F20	rom	gText_And
0x086B6F28	rom	gText_MachineSet
0x086B6F38	rom	gText_Huh
0x086B6F40	rom	gText_MonLearnedTMHM
0x086B6F50	rom	gText_Upper
0x086B6F58	rom	gText_Lower
0x086B6F60	rom	gText_Others
0x086B6F68	rom	gText_Symbols
0x086B6F70	rom	gText_Register2
0x086B6F7C	rom	gText_Exit
0x086B6F84	rom	gText_QuitChatting
0x086B6F94	rom	gText_RegisterTextWhere
0x086B6FAC	rom	gText_RegisterTextHere
0x086B6FC0	rom	gText_InputText
0x086B6FCC	rom	gText_F700JoinedChat
0x086B6FE0	rom	gText_F700LeftChat
0x086B6FF4	rom	gText_ExitingTheChat
0x086B7008	rom	gText_LeaderHasLeftEndingChat
0x086B7034	rom	gText_RegisteredTextChanged_OKtoSave
0x086B7078	rom	gText_RegisteredTextChanged_AlreadySavedFile
0x086B70B4	rom	gText_RegisteredTextChanged_SavingDontTurnOff
0x086B70D8	rom	gText_RegisteredTextChanged_SavedTheGame
0x086B70EC	rom	gText_IfLeaderLeavesChatWillEnd
0x086B7124	rom	gText_Hello
0x086B712C	rom	gText_Pokemon2
0x086B7134	rom	gText_Trade
0x086B713C	rom	gText_Battle
0x086B7144	rom	gText_Lets
0x086B714C	rom	gText_Ok
0x086B7150	rom	gText_Sorry
0x086B7158	rom	gText_YaySmileEmoji
0x086B7160	rom	gText_ThankYou
0x086B716C	rom	gText_ByeBye
0x086B7178	rom	gText_PlayerScurriedToCenter
0x086B71DC	rom	gText_PlayerScurriedBackHome
0x086B7234	rom	gText_Diploma_Player
0x086B7240	rom	gText_Diploma_ThisDocument
0x086B72AC	rom	gText_Diploma_GameFreak
0x086B72B8	rom	gText_Diploma_National
0x086B72C4	rom	gText_Diploma_Kanto
0x086B72CC	rom	gText_ClearAllSaveData
0x086B72E8	rom	gText_ClearingData
0x086B7304	rom	gText_Player
0x086B730C	rom	gText_Time
0x086B7314	rom	gText_Colon
0x086B7318	rom	gText_Pokedex
0x086B7320	rom	gTextJPDummy_Hiki
0x086B7324	rom	gText_Badges
0x086B732C	rom	gTextJPDummy_Ko
0x086B7330	rom	gText_Register
0x086B733C	rom	gText_HatchedFromEgg
0x086B7358	rom	gText_NickHatchPrompt
0x086B738C	rom	gString_OutOfCoins
0x086B73B0	rom	gString_QuitPlaying
0x086B73C0	rom	gString_SlotMachineControls
0x086B73E0	rom	gTeachyTvString_TeachBattle
0x086B73F8	rom	gTeachyTvString_StatusProblems
0x086B7414	rom	gTeachyTvString_TypeMatchups
0x086B742C	rom	gTeachyTvString_CatchPkmn
0x086B7448	rom	gTeachyTvString_AboutTMs
0x086B745C	rom	gTeachyTvString_RegisterItem
0x086B7478	rom	gTeachyTvString_Cancel
0x086B7480	rom	gTeachyTvText_PokedudeSaysHello
0x086B7504	rom	gTeachyTvText_BattleScript1
0x086B7688	rom	gTeachyTvText_BattleScript2
0x086B7788	rom	gTeachyTvText_StatusScript1
0x086B7958	rom	gTeachyTvText_StatusScript2
0x086B7AC0	rom	gTeachyTvText_MatchupsScript1
0x086B7CFC	rom	gTeachyTvText_MatchupsScript2
0x086B7E88	rom	gTeachyTvText_CatchingScript1
0x086B7FD4	rom	gTeachyTvText_CatchingScript2
0x086B80AC	rom	gTeachyTvText_TMsScript1
0x086B81DC	rom	gPokedudeText_TMTypes
0x086B82E8	rom	gPokedudeText_ReadTMDescription
0x086B840C	rom	gTeachyTvText_TMsScript2
0x086B8484	rom	gTeachyTvText_RegisterScript1
0x086B85F0	rom	gTeachyTvText_RegisterScript2
0x086B8798	rom	gString_Bill
0x086B87A0	rom	gString_Someone
0x086B87A8	rom	gString_Help
0x086B87B0	rom	gString_HelpSystem_ClearTo8
0x086B87B4	rom	gText_SpacePoints2
0x086B87BC	rom	gText_SpaceTimes3
0x086B87C8	rom	gText_PkmnJumpRecords
0x086B87E0	rom	gText_JumpsInARow
0x086B87F0	rom	gText_BestScore2
0x086B87FC	rom	gText_ExcellentsInARow
0x086B8814	rom	gText_AwesomeWonF701F700
0x086B8838	rom	gText_FilledStorageSpace2
0x086B8854	rom	gText_CantHoldMore
0x086B8870	rom	gText_WantToPlayAgain2
0x086B8884	rom	gText_SomeoneDroppedOut2
0x086B88B8	rom	gText_SavingDontTurnOffPower
0x086B88DC	rom	gText_CommunicationStandby4
0x086B88F4	rom	gText_SavingDontTurnOffPower2
0x086B8918	rom	gText_BerryPickingRecords
0x086B8938	rom	gText_BerriesPicked
0x086B8948	rom	gText_BestScore
0x086B8954	rom	gText_BerriesInRowFivePlayers
0x086B8980	rom	gText_BerryPickingResults
0x086B89A4	rom	gText_10P30P50P50P
0x086B89C4	rom	gText_AnnouncingRankings
0x086B89DC	rom	gText_AnnouncingPrizes
0x086B89F0	rom	gText_1Colon
0x086B89F4	rom	gText_2Colon
0x086B89F8	rom	gText_3Colon
0x086B89FC	rom	gText_4Colon
0x086B8A00	rom	gText_5Colon
0x086B8A04	rom	gText_FirstPlacePrize
0x086B8A2C	rom	gText_CantHoldAnyMore
0x086B8A48	rom	gText_FilledStorageSpace
0x086B8A68	rom	gText_WantToPlayAgain
0x086B8A7C	rom	gText_SomeoneDroppedOut
0x086B8AB0	rom	gText_SpacePoints
0x086B8AB8	rom	gText_CommunicationStandby3
0x086B8AD0	rom	gText_BerryCrush_AreYouReady
0x086B8B0C	rom	gText_BerryCrush_WaitForOthersToChooseBerry
0x086B8B3C	rom	gText_BerryCrush_GainedXUnitsOfPowder
0x086B8BA8	rom	gText_BerryCrush_RecordingGameResults
0x086B8BE4	rom	gText_BerryCrush_WantToPlayAgain
0x086B8C04	rom	gText_BerryCrush_NoBerries
0x086B8C34	rom	gText_BerryCrush_MemberDroppedOut
0x086B8C68	rom	gText_BerryCrush_TimeUp
0x086B8C9C	rom	gText_BerryCrush_CommunicationStandby
0x086B8CB4	rom	gText_1_ClrBluShdwLtBlu_Dynamic0
0x086B8CC0	rom	gText_1_Dynamic0
0x086B8CC8	rom	gText_SpaceTimes2
0x086B8CD0	rom	gText_XDotY
0x086B8CD8	rom	gText_StrVar1Berry
0x086B8CE4	rom	gText_TimeColon
0x086B8CEC	rom	gText_PressingSpeed
0x086B8CFC	rom	gText_Silkiness
0x086B8D08	rom	gText_StrVar1
0x086B8D0C	rom	gText_SpaceMin
0x086B8D14	rom	gText_XDotY2
0x086B8D1C	rom	gText_SpaceSec
0x086B8D24	rom	gText_XDotY3
0x086B8D2C	rom	gText_TimesPerSec
0x086B8D38	rom	gText_Var1Percent
0x086B8D3C	rom	gText_PressesRankings
0x086B8D54	rom	gText_CrushingResults
0x086B8D68	rom	gText_NeatnessRankings
0x086B8D7C	rom	gText_CooperativeRankings
0x086B8D94	rom	gText_PressingPowerRankings
0x086B8DAC	rom	gText_BerryCrush2
0x086B8DB8	rom	gText_PressingSpeedRankings
0x086B8DD0	rom	gText_Var1Players
0x086B8DDC	rom	gText_Ghost
0x086B8DE4	rom	gText_PokemonOnHook
0x086B8E00	rom	gText_NotEvenANibble
0x086B8E18	rom	gText_ItGotAway
0x086B8E28	rom	gText_Rooftop2
0x086B8E30	rom	gString_PokemonFireRed_Staff
0x086B8E4C	rom	gString_PokemonLeafGreen_Staff
0x086B8E68	rom	gCreditsString_Director
0x086B8E78	rom	gCreditsString_Junichi_Masuda
0x086B8E90	rom	gCreditsString_Art_Director_Battle_Director
0x086B8EB4	rom	gCreditsString_Ken_Sugimori_Shigeki_Morimoto
0x086B8ED8	rom	gCreditsString_Program_Leader_Planning_Leader_Graphic_Design_Leader
0x086B8F14	rom	gCreditsString_Tetsuya_Watanabe_Koji_Nishino_Takao_Unno
0x086B8F44	rom	gCreditsString_Programmers
0x086B8F58	rom	gCreditsString_Hiroyuki_Nakamura_Masao_Taya_Satoshi_Nohara_Miyuki_Iwasawa_Daisuke_Goto
0x086B8FA4	rom	gCreditsString_System_Programmers
0x086B8FC0	rom	gCreditsString_Tetsuya_Watanabe_Akito_Mori_Hisashi_Sogabe_Sousuke_Tamada
0x086B9000	rom	gCreditsString_Graphic_Designers
0x086B9018	rom	gCreditsString_Takao_Unno_Asuka_Iwashita_Kanako_Eo_Hiroki_Fuchino
0x086B9050	rom	gCreditsString_Graphic_Designers_2
0x086B9068	rom	gCreditsString_Ken_Sugimori_Hironobu_Yoshida
0x086B908C	rom	gCreditsString_Music_Composition
0x086B90A4	rom	gCreditsString_Go_Ichinose_Junichi_Masuda
0x086B90C4	rom	gCreditsString_Sound_Effects
0x086B90D8	rom	gCreditsString_Go_Ichinose
0x086B90EC	rom	gCreditsString_Game_Designers
0x086B9104	rom	gCreditsString_Junichi_Masuda_Koji_Nishino_Tetsuji_Ohta
0x086B9134	rom	gCreditsString_Game_Designers_2
0x086B914C	rom	gCreditsString_Hitomi_Sato_Shigeru_Ohmori_Tadashi_Takahashi
0x086B9180	rom	gCreditsString_Game_Scenario
0x086B9194	rom	gCreditsString_Hitomi_Sato_Satoshi_Tajiri
0x086B91B4	rom	gCreditsString_Script_Designer_Map_Designer
0x086B91D8	rom	gCreditsString_Satoshi_Nohara_Shigeru_Ohmori
0x086B91FC	rom	gCreditsString_Parametric_Designers
0x086B9218	rom	gCreditsString_Koji_Nishino_Tetsuji_Ohta_Shigeki_Morimoto
0x086B9248	rom	gCreditsString_POKeDEX_Text
0x086B925C	rom	gCreditsString_Kenji_Matsushima
0x086B9274	rom	gCreditsString_POKeMON_Designers
0x086B928C	rom	gCreditsString_Ken_Sugimori_Motofumi_Fujiwara_Shigeki_Morimoto_Hironobu_Yoshida
0x086B92D0	rom	gCreditsString_POKeMON_Designers_2
0x086B92E8	rom	gCreditsString_Satoshi_Ohta_Asuka_Iwashita_Takao_Unno_Kanako_Eo_Aimi_Tomita
0x086B9328	rom	gCreditsString_POKeMON_Designers_3
0x086B9340	rom	gCreditsString_Atsuko_Nishida_Muneo_Saito_Rena_Yoshikawa_Jun_Okutani
0x086B937C	rom	gCreditsString_Supporting_Programmers
0x086B9398	rom	gCreditsString_Teruyuki_Yoshioka_Takao_Nakano_Satoshi_Mitsuhara_Daisuke_Hoshino
0x086B93DC	rom	gCreditsString_NCL_Product_Testing
0x086B93F8	rom	gCreditsString_NCL_Super_Mario_Club
0x086B9414	rom	gCreditsString_Special_Thanks
0x086B942C	rom	gCreditsString_Hiro_Nakamura_Hiroyuki_Uesugi_Teruki_Murakawa_Kazuya_Suyama
0x086B946C	rom	gCreditsString_Special_Thanks_2
0x086B9484	rom	gCreditsString_Kenji_Tominaga_Kenjiro_Ito_Tomotaka_Komura_Michiko_Takizawa
0x086B94C4	rom	gCreditsString_Special_Thanks_3
0x086B94DC	rom	gCreditsString_Makiko_Takada_Mikiko_Ohashi_Shusaku_Egami_Takanao_Kondo_Rui_Kawaguchi
0x086B9524	rom	gCreditsString_Braille_Code_Check
0x086B9540	rom	gCreditsString_Japan_Braille_Library
0x086B955C	rom	gCreditsString_Information_Supervisors
0x086B957C	rom	gCreditsString_Hiroki_Enomoto_Kazuyuki_Terada_Yuri_Sakurai_Yumi_Funasaka_Naoko_Yanase
0x086B95C8	rom	gCreditsString_Coordinators
0x086B95DC	rom	gCreditsString_Azusa_Tajima_Akira_Kinashi_Kazuki_Yoshihara_Retsuji_Nomoto
0x086B961C	rom	gCreditsString_Task_Managers
0x086B9630	rom	gCreditsString_Hitoshi_Yamagami_Gakuji_Nomoto
0x086B9654	rom	gCreditsString_Producers
0x086B9664	rom	gCreditsString_Hiroyuki_Jinnai_Takehiro_Izushi_Hiroaki_Tsuru
0x086B9698	rom	gCreditsString_Executive_Director
0x086B96B4	rom	gCreditsString_Satoshi_Tajiri
0x086B96CC	rom	gCreditsString_Executive_Producer
0x086B96E8	rom	gCreditsString_Satoru_Iwata
0x086B96FC	rom	gCreditsString_Executive_Producer_2
0x086B9718	rom	gCreditsString_Tsunekaz_Ishihara
0x086B9730	rom	gCreditsString_English_Version_Coordinators
0x086B9754	rom	gCreditsString_Hiro_Nakamura_Seth_McMahill
0x086B9778	rom	gCreditsString_Translator_Text_Editor
0x086B9794	rom	gCreditsString_Nob_Ogasawara_Teresa_Lillygren
0x086B97B8	rom	gCreditsString_Programmers_2
0x086B97CC	rom	gCreditsString_Teruki_Murakawa_Souichi_Yamamoto_Yuichiro_Ito_Akira_Kinashi
0x086B980C	rom	gCreditsString_Environment_Tool_Programmers
0x086B9834	rom	gCreditsString_Teruki_Murakawa_Souichi_Yamamoto_Kimiko_Nakamichi
0x086B986C	rom	gCreditsString_NOA_Product_Testing
0x086B9888	rom	gCreditsString_Thomas_Hertzog_Kathy_Huguenard_Mika_Kurosawa
0x086B98BC	rom	gCreditsString_Braille_Code_Check_2
0x086B98D8	rom	gCreditsString_National_Federation_of_the_Blind_Patricia_A_Maurer_Japan_Braille_Library_European_Blind_Union
0x086B993C	rom	gCreditsString_Braille_Code_Check_3
0x086B9958	rom	gCreditsString_National_Information_Library_Service_Margaret_Campion
0x086B9998	rom	gCreditsString_Special_Thanks_4
0x086B99B0	rom	gCreditsString_Takehiro_Izushi_Motoyasu_Tojima_Hitoshi_Yamagami_Hiroyuki_Uesugi
0x086B99F4	rom	gCreditsString_Special_Thanks_5
0x086B9A0C	rom	gCreditsString_Nicola_Pratt_Barlow_Shellie_Dow_Anthony_Howitt_Naoko_Saeki_Kyoko_Onishi
0x086B9A58	rom	gCreditsString_Braille_Code_Check_4
0x086B9A74	rom	gCreditsString_The_Royal_New_Zealand_Foundation_of_the_Blind_Greg_Moran
0x086B9AB4	rom	gCreditsString_Graphic_Designer
0x086B9ACC	rom	gCreditsString_Akira_Kinashi
0x086B9AE0	rom	gJPText_MysteryGift
0x086B9AE4	rom	gJPText_DecideStop
0x086B9AE8	rom	gJPText_ReceiveMysteryGiftWithEReader
0x086B9AEC	rom	gJPText_SelectConnectFromEReaderMenu
0x086B9AF0	rom	gJPText_SelectConnectWithGBA
0x086B9AF4	rom	gJPText_LinkIsIncorrect
0x086B9AF8	rom	gJPText_CardReadingHasBeenHalted
0x086B9AFC	rom	gJPText_Connecting
0x086B9B00	rom	gJPText_ConnectionErrorCheckLink
0x086B9B04	rom	gJPText_ConnectionErrorTryAgain
0x086B9B08	rom	gJPText_AllowEReaderToLoadCard
0x086B9B0C	rom	gJPText_ConnectionComplete
0x086B9B10	rom	gJPText_NewTrainerHasComeToSevii
0x086B9B14	rom	gJPText_PleaseWaitAMoment
0x086B9B18	rom	gJPText_WriteErrorUnableToSaveData
0x086B9B1C	rom	gText_CommErrorCheckConnections
0x086B9B70	rom	gText_CommErrorEllipsis
0x086B9B88	rom	gText_MoveCloserToLinkPartner
0x086B9BD0	rom	gText_ABtnRegistrationCounter
0x086B9BF0	rom	gText_ABtnTitleScreen
0x086B9C08	rom	gText_NumPlayerLink
0x086B9C14	rom	gText_BronzeCard
0x086B9C1C	rom	gText_CopperCard
0x086B9C24	rom	gText_SilverCard
0x086B9C2C	rom	gText_GoldCard
0x086B9C34	rom	gText_HelpSystemControls_A_Next
0x086B9C3C	rom	gText_HelpSystemControls_PickOkEnd
0x086B9C50	rom	gText_HelpSystemControls_AorBtoCancel
0x086B9C5C	rom	gText_HelpSystemControls_PickOkCancel
0x086B9C74	rom	gEasyChatGroupName_Pokemon
0x086B9C7C	rom	gEasyChatGroupName_Trainer
0x086B9C84	rom	gEasyChatGroupName_Status
0x086B9C8C	rom	gEasyChatGroupName_Battle
0x086B9C94	rom	gEasyChatGroupName_Greetings
0x086B9CA0	rom	gEasyChatGroupName_People
0x086B9CA8	rom	gEasyChatGroupName_Voices
0x086B9CB0	rom	gEasyChatGroupName_Speech
0x086B9CB8	rom	gEasyChatGroupName_Endings
0x086B9CC0	rom	gEasyChatGroupName_Feelings
0x086B9CCC	rom	gEasyChatGroupName_Conditions
0x086B9CD8	rom	gEasyChatGroupName_Actions
0x086B9CE0	rom	gEasyChatGroupName_Lifestyle
0x086B9CEC	rom	gEasyChatGroupName_Hobbies
0x086B9CF4	rom	gEasyChatGroupName_Time
0x086B9CFC	rom	gEasyChatGroupName_Misc
0x086B9D04	rom	gEasyChatGroupName_Adjectives
0x086B9D10	rom	gEasyChatGroupName_Events
0x086B9D18	rom	gEasyChatGroupName_Move1
0x086B9D20	rom	gEasyChatGroupName_Move2
0x086B9D28	rom	gEasyChatGroupName_TrendySaying
0x086B9D38	rom	gEasyChatGroupName_Pokemon2
0x086B9D44	rom	gText_ThreeQuestionMarks
0x086B9D48	rom	gText_UnusedEmpty
0x086B9D4C	rom	gText_UnusedLv
0x086B9D50	rom	gText_UnusedDashes
0x086B9D54	rom	gText_4Qmark
0x086B9D5C	rom	gText_UnusedEmpty2
0x086B9D60	rom	gText_IsThisTradeOkay
0x086B9D74	rom	gTradeText_Cancel
0x086B9D7C	rom	gTradeText_ChooseAPokemon
0x086B9D90	rom	gTradeText_Summary
0x086B9D98	rom	gTradeText_Trade
0x086B9DA0	rom	gText_CancelTrade
0x086B9DB0	rom	gTradeText_PressBButtonToExit
0x086B9DCC	rom	gText_TradeAction_Summary
0x086B9DD4	rom	gText_TradeAction_Trade
0x086B9DDC	rom	gText_Trade_CommunicationStandby
0x086B9E0C	rom	gText_TradeHasBeenCanceled
0x086B9E34	rom	gText_Trade_OnlyPkmnForBattle
0x086B9E64	rom	gText_WaitingForFriendToFinish
0x086B9E90	rom	gText_FriendWantsToTrade
0x086B9EB4	rom	gText_XWillBeSentToY
0x086B9ECC	rom	gText_ByeByeVar1
0x086B9EDC	rom	gText_XSentOverY
0x086B9EF0	rom	gText_TakeGoodCareOfX
0x086B9F08	rom	gText_From
0x086B9F10	rom	gText_Empty1
0x086B9F14	rom	gText_Empty2
0x086B9F18	rom	gText_Empty3
0x086B9F1C	rom	gText_Empty4
0x086B9F20	rom	gText_Empty5
0x086B9F24	rom	gText_Empty6
0x086B9F28	rom	gText_Empty7
0x086B9F2C	rom	gText_Empty8
0x086B9F30	rom	gText_Empty9
0x086B9F34	rom	gText_Empty10
0x086B9F38	rom	gText_Empty11
0x086B9F3C	rom	gText_WirelessCommunicationStatus
0x086B9F5C	rom	gText_PeopleTrading
0x086B9F6C	rom	gText_PeopleBattling
0x086B9F80	rom	gText_PeopleInUnionRoom
0x086B9F9C	rom	gText_PeopleCommunicating
0x086B9FB4	rom	gText_Dynamic0Players
0x086B9FC0	rom	gText_Dynamic1Players
0x086B9FCC	rom	gText_Dynamic2Players
0x086B9FD8	rom	gText_Dynamic3Players
0x086B9FE4	rom	gText_BButtonCancel
0x086B9FF0	rom	gText_CommunicationStandby5
0x086BA008	rom	gDaycareText_GetAlongVeryWell
0x086BA030	rom	gDaycareText_GetAlong
0x086BA04C	rom	gDaycareText_DontLikeOther
0x086BA078	rom	gDaycareText_PlayOther
0x086BA0B4	rom	gText_TeachWhichMoveToMon
0x086BA0CC	rom	gText_TeachMoveQues
0x086BA0D8	rom	gText_MonLearnedMove
0x086BA0E8	rom	gText_MonIsTryingToLearnMove
0x086BA158	rom	gText_StopLearningMove
0x086BA16C	rom	gText_1_2_and_Poof
0x086BA19C	rom	gText_MonForgotOldMoveAndMonLearnedNewMove
0x086BA1C0	rom	gText_GiveUpTryingToTeachNewMove
0x086BA1EC	rom	gText_WhichMoveShouldBeForgotten
0x086BA210	rom	gText_TenDashes
0x086BA21C	rom	gText_CommStandbyAwaitingOtherPlayer
0x086BA258	rom	gText_BattleWasRefused
0x086BA274	rom	gText_RefusedBattle
0x086BA28C	rom	gFameCheckerText_MainScreenUI
0x086BA2A4	rom	gFameCheckerText_PickScreenUI
0x086BA2C0	rom	gFameCheckerText_FlavorTextUI
0x086BA2D8	rom	gFameCheckerOakName
0x086BA2DC	rom	gFameCheckerDaisyName
0x086BA2E4	rom	gFameCheckerBillName
0x086BA2EC	rom	gFameCheckerMrFujiName
0x086BA2F4	rom	gText_VarietyOfEventsImportedWireless
0x086BA338	rom	gText_WonderCardsInPossession
0x086BA364	rom	gText_ReadNewsThatArrived
0x086BA380	rom	gText_ReturnToTitle
0x086BA39C	rom	gText_DontHaveCardNewOneInput
0x086BA3D8	rom	gText_DontHaveNewsNewOneInput
0x086BA414	rom	gText_WhereShouldCardBeAccessed
0x086BA440	rom	gText_WhereShouldNewsBeAccessed
0x086BA46C	rom	gText_LinkStandyBButtonCancel
0x086BA498	rom	gText_Communicating
0x086BA4A8	rom	gText_CommunicationCompleted
0x086BA4C4	rom	gText_CommunicationError
0x086BA4DC	rom	gText_CommunicationCanceled
0x086BA500	rom	gText_ThrowAwayWonderCard
0x086BA534	rom	gText_HaventReceivedCardsGift
0x086BA578	rom	gText_WonderCardReceivedFrom
0x086BA5A4	rom	gText_WonderNewsReceivedFrom
0x086BA5D4	rom	gText_WonderCardReceived
0x086BA5FC	rom	gText_WonderNewsReceived
0x086BA628	rom	gText_NewStampReceived
0x086BA648	rom	gText_NewTrainerReceived
0x086BA664	rom	gText_AlreadyHadCard
0x086BA688	rom	gText_AlreadyHadNews
0x086BA6B0	rom	gText_AlreadyHadStamp
0x086BA6CC	rom	gText_NoMoreRoomForStamps
0x086BA6F4	rom	gText_RecordUploadedViaWireless
0x086BA730	rom	gText_CantAcceptCardFromTrainer
0x086BA764	rom	gText_CantAcceptNewsFromTrainer
0x086BA794	rom	gText_NothingSentOver
0x086BA7AC	rom	gText_WhatToDoWithCards
0x086BA7E0	rom	gText_WhatToDoWithNews
0x086BA810	rom	gText_SendingWonderCard
0x086BA82C	rom	gText_SendingWonderNews
0x086BA84C	rom	gText_WonderCardSentTo
0x086BA874	rom	gText_WonderNewsSentTo
0x086BA8A0	rom	gText_StampSentTo
0x086BA8C0	rom	gText_GiftSentTo
0x086BA8DC	rom	gText_OtherTrainerHasCard
0x086BA910	rom	gText_OtherTrainerHasNews
0x086BA944	rom	gText_OtherTrainerHasStamp
0x086BA974	rom	gText_OtherTrainerCanceled
0x086BA9A0	rom	gText_CantSendGiftToTrainer
0x086BA9D0	rom	gText_IfThrowAwayCardEventWontHappen
0x086BAA0C	rom	gText_OkayToDiscardNews
0x086BAA34	rom	gText_HaventReceivedGiftOkayToDiscard
0x086BAA6C	rom	gText_DataWillBeSaved
0x086BAA90	rom	gText_SaveCompletedPressA
0x086BAABC	rom	gText_WonderCardThrownAway
0x086BAAE0	rom	gText_WonderNewsThrownAway
0x086BAB04	rom	gText_MysteryGift2
0x086BAB14	rom	gText_PickOKCancel
0x086BAB28	rom	gText_WonderCards
0x086BAB38	rom	gText_WonderNews
0x086BAB44	rom	gText_WirelessCommunication
0x086BAB5C	rom	gText_Friend2
0x086BAB64	rom	gText_Exit3
0x086BAB6C	rom	gText_Receive
0x086BAB74	rom	gText_Send
0x086BAB7C	rom	gText_Toss
0x086BAB84	rom	gText_DelAllCancelOk
0x086BAB9C	rom	gSummaryMetLocationTextOrreEeveelutionsDuking
0x086BABC0	rom	gText_YouAlreadyHaveThisTM
0x086BABDC	rom	gText_ThrowInPremierBall
0x086BAC04	rom	gText_ThrowInPremierBalls
0x086BAC30	rom	gText_PkmnFriendlyBaseVar2Fell
0x086BAC58	rom	gText_PkmnAdoresBaseVar2Fell
0x086BAC7C	rom	gText_PkmnFriendlyBaseVar2CantFall
0x086BACAC	rom	gText_HeldItems
0x086BACB8	rom	gText_Medicine
0x086BACC4	rom	gText_HeldItemsPocket
0x086BACD8	rom	gText_MedicinePocket
0x086BACE8	rom	gText_Version
0x086BACF0	rom	gText_FireredVersion
0x086BAD00	rom	gText_LeafgreenVersion
0x086BAD10	rom	gText_Difficulty
0x086BAD1C	rom	gText_EasyDifficulty
0x086BAD28	rom	gText_NormalDifficulty
0x086BAD34	rom	gText_ChallengeDifficulty
0x086BAD44	rom	gText_Nuzlocke
0x086BAD50	rom	gText_Nuzlocke_On
0x086BAD54	rom	gText_Nuzlocke_Off
0x086BAD58	rom	gText_IVCalc
0x086BAD68	rom	gText_IVCalcZero
0x086BAD74	rom	gText_IVCalcStandard
0x086BAD80	rom	gText_IVCalcPerfect
0x086BAD8C	rom	gText_EVCalc
0x086BAD9C	rom	gText_EVCalcZero
0x086BADA8	rom	gText_EVCalcStandard
0x086BADB4	rom	gText_NoPMC
0x086BADC4	rom	gText_ExpMod
0x086BADD4	rom	gText_ExpModZero
0x086BADD8	rom	gText_ExpModHalf
0x086BADE0	rom	gText_ExpModNormal
0x086BADE4	rom	gText_ExpModTwice
0x086BADE8	rom	gText_KeySystemSettings
0x086BADFC	rom	gText_HelpPickSwitchCancel
0x086BAE20	rom	gChooseVersionNewGame
0x086BAE84	rom	gFRLG_Multichoice
0x086BAE8C	rom	gText_BlueFlute_Ash
0x086BAEA4	rom	gText_YellowFlute_Ash
0x086BAEBC	rom	gText_RedFlute_Ash
0x086BAED0	rom	gText_WhiteFlute_Ash
0x086BAEE8	rom	gText_BlackFlute_Ash
0x086BAF00	rom	gText_AshQuantity
0x086BAF14	rom	gText_SmallExit
0x086BAF1C	rom	gText_BattleTower
0x086BAF2C	rom	gText_BattleFactory
0x086BAF3C	rom	gText_BattleArena
0x086BAF4C	rom	gText_BattleDome
0x086BAF58	rom	gText_BattlePike
0x086BAF64	rom	gText_BattlePalace
0x086BAF74	rom	gText_BattlePyramid
0x086BAF84	rom	gText_DevonSpyShop
0x086BAFB0	rom	gText_AnythingElseICanHelpF
0x086BAFD4	rom	gText_Brock
0x086BAFDC	rom	gText_Misty
0x086BAFE4	rom	gText_Erika
0x086BAFEC	rom	gText_Sabrina
0x086BAFF4	rom	gText_Blaine
0x086BAFFC	rom	gText_CommaSpace
0x086BB000	rom	gText_NewLine
0x086BB004	rom	gText_AndSpace
0x086BB00C	rom	gText_SwapToKanto
0x086BB01C	rom	gText_SwapToExtended
0x086BB02C	rom	gText_Extended
0x086BB038	rom	gText_NumericalModeExtended
0x086BB054	rom	gText_An
0x086BB058	rom	gText_A
0x086BB05C	rom	gText_WhoAreThey
0x086BB06C	rom	gText_HowDoIBattleThem
0x086BB084	rom	gText_AboutTitles
0x086BB094	rom	gText_Nothing
0x086BB09C	rom	sBgTemplates
0x086BB0AC	rom	sWindowTemplates
0x086BB0C4	rom	sListMenuItems
0x086BB0FC	rom	sListMenuItems_NoTMCase
0x086BB124	rom	sListMenuTemplate
0x086BB13C	rom	sScrollIndicatorArrowPair
0x086BB14C	rom	sWhereToReturnToFromBattle
0x086BB154	rom	sBattleScript
0x086BB1A0	rom	sStatusScript
0x086BB1EC	rom	sMatchupsScript
0x086BB238	rom	sCatchingScript
0x086BB284	rom	sTMsScript
0x086BB2C4	rom	sRegisterKeyItemScript
0x086BB304	rom	sBg1EndGraphic
0x086BB324	rom	sSubspriteArray
0x086BB32C	rom	sSubspriteTableArray
0x086BB33C	rom	sGrassAnimArray
0x086BB3CC	rom	array.2
0x086BB3E4	rom	texts.1
0x086BB3FC	rom	texts.0
0x086BB414	rom	sFontHalfRowOffsets
0x086BB514	rom	gSignpostWindow_Gfx
0x086BB774	rom	sUserFrame_Type1_Gfx
0x086BB894	rom	sUserFrame_Type2_Gfx
0x086BB9B4	rom	sUserFrame_Empty1
0x086BB9D4	rom	sUserFrame_Type3_Gfx
0x086BBAF4	rom	sUserFrame_Type4_Gfx
0x086BBC14	rom	sUserFrame_Type5_Gfx
0x086BBD34	rom	sUserFrame_Type6_Gfx
0x086BBE54	rom	sUserFrame_Type7_Gfx
0x086BBF74	rom	sUserFrame_Type8_Gfx
0x086BC094	rom	sUserFrame_Empty2
0x086BC0B4	rom	sUserFrame_Type9_Gfx
0x086BC1D4	rom	sUserFrame_Type10_Gfx
0x086BC2F4	rom	sUserFrame_Type11_Gfx
0x086BC414	rom	sUserFrame_Empty3
0x086BC434	rom	sUserFrame_Type1_Pal
0x086BC454	rom	sUserFrame_Type2_Pal
0x086BC474	rom	sUserFrame_Type3_Pal
0x086BC494	rom	sUserFrame_Type4_Pal
0x086BC4B4	rom	sUserFrame_Type5_Pal
0x086BC4D4	rom	sUserFrame_Type6_Pal
0x086BC4F4	rom	sUserFrame_Type7_Pal
0x086BC514	rom	sUserFrame_Type8_Pal
0x086BC534	rom	sUserFrame_Type9_Pal
0x086BC554	rom	sUserFrame_Type10_Pal
0x086BC574	rom	sUserFrame_Type11_Pal
0x086BC594	rom	gStdTextWindow_Gfx
0x086BC6B4	rom	gQuestLogWindow_Gfx
0x086BC934	rom	gTextWindowPalettes
0x086BC9D4	rom	gUserFrames
0x086BCA2C	rom	sDownArrowTiles
0x086BCB2C	rom	sDarkDownArrowTiles
0x086BCC2C	rom	sTinyArrowTiles
0x086BCD2C	rom	sTinyDarkDownArrowTiles
0x086BCE2C	rom	sDoubleArrowTiles1
0x086BCEAC	rom	sDoubleArrowTiles2
0x086BCF2C	rom	sDownArrowYCoords
0x086BCF30	rom	sWindowVerticalScrollSpeeds
0x086BCF34	rom	sGlyphWidthFuncs
0x086BCF6C	rom	sSpriteSheets_TextCursor
0x086BCF84	rom	sSpritePalettes_TextCursor
0x086BCF94	rom	sSpriteTemplate_TextCursor
0x086BCFAC	rom	sKeypadIcons
0x086BCFE0	rom	gKeypadIconTiles
0x086BD7E0	rom	sFontSmallLatinGlyphs
0x086C17E0	rom	sFontSmallLatinGlyphWidths
0x086C19E0	rom	sFontSmallJapaneseGlyphs
0x086C59E0	rom	sFontNormalCopy1LatinGlyphs
0x086CD9E0	rom	sFontNormalCopy1LatinGlyphWidths
0x086CDBE0	rom	sFontTallJapaneseGlyphs
0x086D1BE0	rom	sFontNormalLatinGlyphs
0x086D9BE0	rom	sFontNormalLatinGlyphWidths
0x086D9DE0	rom	sFontNormalJapaneseGlyphs
0x086E1DE0	rom	sFontNormalJapaneseGlyphWidths
0x086E1EF8	rom	sFontMaleLatinGlyphs
0x086E9EF8	rom	sFontMaleLatinGlyphWidths
0x086EA0F8	rom	sFontMaleJapaneseGlyphs
0x086F20F8	rom	sFontMaleJapaneseGlyphWidths
0x086F2210	rom	sFontFemaleLatinGlyphs
0x086FA210	rom	sFontFemaleLatinGlyphWidths
0x086FA410	rom	sFontFemaleJapaneseGlyphs
0x08702410	rom	sFontFemaleJapaneseGlyphWidths
0x08702528	rom	sFontBoldJapaneseGlyphs
0x0870465C	rom	sTilemapDimensions
0x08704694	rom	sTilesetAnims_General_Flower_Frame0
0x08704714	rom	sTilesetAnims_General_Flower_Frame1
0x08704794	rom	sTilesetAnims_General_Flower_Frame2
0x08704814	rom	sTilesetAnims_General_Flower_Frame3
0x08704894	rom	sTilesetAnims_General_Flower_Frame4
0x08704914	rom	sTilesetAnims_General_Flower
0x08704928	rom	sTilesetAnims_General_Water_Current_LandWatersEdge_Frame0
0x08704F28	rom	sTilesetAnims_General_Water_Current_LandWatersEdge_Frame1
0x08705528	rom	sTilesetAnims_General_Water_Current_LandWatersEdge_Frame2
0x08705B28	rom	sTilesetAnims_General_Water_Current_LandWatersEdge_Frame3
0x08706128	rom	sTilesetAnims_General_Water_Current_LandWatersEdge_Frame4
0x08706728	rom	sTilesetAnims_General_Water_Current_LandWatersEdge_Frame5
0x08706D28	rom	sTilesetAnims_General_Water_Current_LandWatersEdge_Frame6
0x08707328	rom	sTilesetAnims_General_Water_Current_LandWatersEdge_Frame7
0x08707908	rom	sTilesetAnims_General_Water_Current_LandWatersEdge
0x08707928	rom	sTilesetAnims_General_SandWatersEdge_Frame0
0x08707B68	rom	sTilesetAnims_General_SandWatersEdge_Frame1
0x08707DA8	rom	sTilesetAnims_General_SandWatersEdge_Frame2
0x08707FE8	rom	sTilesetAnims_General_SandWatersEdge_Frame3
0x08708228	rom	sTilesetAnims_General_SandWatersEdge_Frame4
0x08708468	rom	sTilesetAnims_General_SandWatersEdge_Frame5
0x087086A8	rom	sTilesetAnims_General_SandWatersEdge_Frame6
0x087088E8	rom	sTilesetAnims_General_SandWatersEdge_Frame7
0x08708B28	rom	sTilesetAnims_General_SandWatersEdge
0x08708B48	rom	sTilesetAnims_CeladonCity_Fountain_Frame0
0x08708C48	rom	sTilesetAnims_CeladonCity_Fountain_Frame1
0x08708D48	rom	sTilesetAnims_CeladonCity_Fountain_Frame2
0x08708E48	rom	sTilesetAnims_CeladonCity_Fountain_Frame3
0x08708F48	rom	sTilesetAnims_CeladonCity_Fountain_Frame4
0x08709048	rom	sTilesetAnims_CeladonCity_Fountain_Empty
0x08709068	rom	sTilesetAnims_CeladonCity_Fountain
0x0870907C	rom	sTilesetAnims_SilphCo_Fountain_Frame0
0x0870917C	rom	sTilesetAnims_SilphCo_Fountain_Frame1
0x0870927C	rom	sTilesetAnims_SilphCo_Fountain_Frame2
0x0870937C	rom	sTilesetAnims_SilphCo_Fountain_Frame3
0x0870947C	rom	sTilesetAnims_SilphCo_Fountain_Empty
0x0870949C	rom	sTilesetAnims_SilphCo_Fountain
0x087094AC	rom	sTilesetAnims_MtEmber_Steam_Frame0
0x087095AC	rom	sTilesetAnims_MtEmber_Steam_Frame1
0x087096AC	rom	sTilesetAnims_MtEmber_Steam_Frame2
0x087097AC	rom	sTilesetAnims_MtEmber_Steam_Frame3
0x087098AC	rom	sTilesetAnims_MtEmber_Steam
0x087098BC	rom	sTilesetAnims_VermilionGym_MotorizedDoor_Frame0
0x0870999C	rom	sTilesetAnims_VermilionGym_MotorizedDoor_Frame1
0x08709A7C	rom	sTilesetAnims_VermilionGym_MotorizedDoor
0x08709A84	rom	sTilesetAnims_CeladonGym_Flowers_Frame0
0x08709B04	rom	sTilesetAnims_CeladonGym_Flowers_Frame1
0x08709B84	rom	sTilesetAnims_CeladonGym_Flowers_Frame2
0x08709C04	rom	sTilesetAnims_CeladonGym_Flowers
0x08709C14	rom	gTilesetAnims_Underwater_Seaweed_Frame0
0x08709C94	rom	gTilesetAnims_Underwater_Seaweed_Frame1
0x08709D14	rom	gTilesetAnims_Underwater_Seaweed_Frame2
0x08709D94	rom	gTilesetAnims_Underwater_Seaweed_Frame3
0x08709E14	rom	gTilesetAnims_Underwater_Seaweed
0x08709E24	rom	gTilesetAnims_BattleFrontierOutsideWest_Flag_Frame0
0x08709EE4	rom	gTilesetAnims_BattleFrontierOutsideWest_Flag_Frame1
0x08709FA4	rom	gTilesetAnims_BattleFrontierOutsideWest_Flag_Frame2
0x0870A064	rom	gTilesetAnims_BattleFrontierOutsideWest_Flag_Frame3
0x0870A124	rom	gTilesetAnims_BattleFrontierOutsideWest_Flag
0x0870A134	rom	gTilesetAnims_BattleFrontierOutsideEast_Flag_Frame0
0x0870A1F4	rom	gTilesetAnims_BattleFrontierOutsideEast_Flag_Frame1
0x0870A2B4	rom	gTilesetAnims_BattleFrontierOutsideEast_Flag_Frame2
0x0870A374	rom	gTilesetAnims_BattleFrontierOutsideEast_Flag_Frame3
0x0870A434	rom	gTilesetAnims_BattleFrontierOutsideEast_Flag
0x0870A444	rom	gTilesetAnims_BattleFrontierOutsideWest_Flower_Frame0
0x0870A4C4	rom	gTilesetAnims_BattleFrontierOutsideWest_Flower_Frame1
0x0870A544	rom	gTilesetAnims_BattleFrontierOutsideWest_Flower_Frame2
0x0870A5C4	rom	gTilesetAnims_BattleFrontierOutsideWest_Flower
0x0870A5D4	rom	gTilesetAnims_BattleFrontierOutsideEast_Flower_Frame0
0x0870A654	rom	gTilesetAnims_BattleFrontierOutsideEast_Flower_Frame1
0x0870A6D4	rom	gTilesetAnims_BattleFrontierOutsideEast_Flower_Frame2
0x0870A754	rom	gTilesetAnims_BattleFrontierOutsideEast_Flower
0x0870A764	rom	gTilesetAnims_Mossdeep_Tree_Base_Frame0
0x0870A7E4	rom	gTilesetAnims_Mossdeep_Tree_Base_Frame1
0x0870A864	rom	gTilesetAnims_Mossdeep_Tree_Base_Frame2
0x0870A8E4	rom	gTilesetAnims_Mossdeep_Tree_Base_Frame3
0x0870A964	rom	gTilesetAnims_Mossdeep_Tree_Base_Frame4
0x0870A9E4	rom	gTilesetAnims_Mossdeep_Tree_Base_Frame5
0x0870AA64	rom	gTilesetAnims_Mossdeep_Tree_Base_Frame6
0x0870AAE4	rom	gTilesetAnims_Mossdeep_Tree_Base_Frame7
0x0870AB64	rom	gTilesetAnims_Mossdeep_Tree_Base
0x0870AB84	rom	gTilesetTiles_PalletTown
0x0870AFC8	rom	gTilesetPalettes_PalletTown
0x0870B1C8	rom	gTilesetTiles_ViridianCity
0x0870B814	rom	gTilesetPalettes_ViridianCity
0x0870BA14	rom	gTilesetTiles_PewterCity
0x0870C30C	rom	gTilesetPalettes_PewterCity
0x0870C50C	rom	gTilesetTiles_CeruleanCity
0x0870CD0C	rom	gTilesetPalettes_CeruleanCity
0x0870CF0C	rom	gTilesetTiles_LavenderTown
0x0870DC8C	rom	gTilesetPalettes_LavenderTown
0x0870DE8C	rom	gTilesetTiles_VermilionCity
0x0870E5F4	rom	gTilesetPalettes_VermilionCity
0x0870E7F4	rom	gTilesetTiles_CeladonCity
0x0870F4C8	rom	gTilesetPalettes_CeladonCity
0x0870F6C8	rom	gTilesetTiles_FuchsiaCity
0x0871058C	rom	gTilesetPalettes_FuchsiaCity
0x0871078C	rom	gTilesetTiles_CinnabarIsland
0x08710EA0	rom	gTilesetPalettes_CinnabarIsland
0x087110A0	rom	gTilesetTiles_IndigoPlateau
0x08711E18	rom	gTilesetPalettes_IndigoPlateau
0x08712018	rom	gTilesetTiles_SaffronCity
0x08712BDC	rom	gTilesetPalettes_SaffronCity
0x08712DDC	rom	gTilesetTiles_Building
0x087151DC	rom	gTilesetPalettes_Building
0x087153DC	rom	gTilesetTiles_Mart
0x087155A4	rom	gTilesetPalettes_Mart
0x087157A4	rom	gTilesetTiles_PokemonCenter
0x08716858	rom	gTilesetPalettes_PokemonCenter
0x08716A58	rom	gTilesetTiles_Cave
0x08717D44	rom	gTilesetPalettes_Cave
0x08717F44	rom	gTilesetTiles_Dummy1
0x08717F54	rom	gTilesetPalettes_Dummy1
0x08718154	rom	gTilesetTiles_Museum
0x087189B0	rom	gTilesetPalettes_Museum
0x08718BB0	rom	gTilesetTiles_CableClub
0x0871DAB0	rom	gTilesetPalettes_CableClub
0x0871DCB0	rom	gTilesetTiles_BikeShop
0x0871E088	rom	gTilesetPalettes_BikeShop
0x0871E288	rom	gTilesetTiles_Lab
0x0871E89C	rom	gTilesetPalettes_Lab
0x0871EA9C	rom	gTilesetTiles_HoennBuilding
0x0871FF40	rom	gTilesetPalettes_HoennBuilding
0x08720140	rom	gTilesetTiles_GameCorner
0x08720B58	rom	gTilesetPalettes_GameCorner
0x08720D58	rom	gTilesetTiles_PewterGym
0x0872154C	rom	gTilesetPalettes_PewterGym
0x0872174C	rom	gTilesetTiles_CeruleanGym
0x08721B94	rom	gTilesetPalettes_CeruleanGym
0x08721D94	rom	gTilesetTiles_VermilionGym
0x08722554	rom	gTilesetPalettes_VermilionGym
0x08722754	rom	gTilesetTiles_CeladonGym
0x08722CEC	rom	gTilesetPalettes_CeladonGym
0x08722EEC	rom	gTilesetTiles_FuchsiaGym
0x08723340	rom	gTilesetPalettes_FuchsiaGym
0x08723540	rom	gTilesetTiles_SaffronGym
0x0872392C	rom	gTilesetPalettes_SaffronGym
0x08723B2C	rom	gTilesetTiles_CinnabarGym
0x08724170	rom	gTilesetPalettes_CinnabarGym
0x08724370	rom	gTilesetTiles_ViridianGym
0x08724764	rom	gTilesetPalettes_ViridianGym
0x08724964	rom	gTilesetTiles_SSAnne
0x0872571C	rom	gTilesetPalettes_SSAnne
0x0872591C	rom	gTilesetTiles_Dummy2
0x08725930	rom	gTilesetPalettes_Dummy2
0x08725B30	rom	gTilesetTiles_ViridianForest
0x08725FE0	rom	gTilesetPalettes_ViridianForest
0x087261E0	rom	gTilesetTiles_UnusedGatehouse1
0x087267FC	rom	gTilesetPalettes_UnusedGatehouse1
0x087269FC	rom	gTilesetTiles_RockTunnel
0x08727B64	rom	gTilesetPalettes_RockTunnel
0x08727D64	rom	gTilesetTiles_DiglettsCave
0x08728DEC	rom	gTilesetPalettes_DiglettsCave
0x08728FEC	rom	gTilesetTiles_SeafoamIslands
0x0872A63C	rom	gTilesetPalettes_SeafoamIslands
0x0872A83C	rom	gTilesetTiles_UnusedGatehouse2
0x0872AE58	rom	gTilesetPalettes_UnusedGatehouse2
0x0872B058	rom	gTilesetTiles_CeruleanCave
0x0872BF40	rom	gTilesetPalettes_CeruleanCave
0x0872C140	rom	gTilesetTiles_GenericBuilding2
0x0872C80C	rom	gTilesetPalettes_GenericBuilding2
0x0872CA0C	rom	gTilesetTiles_PowerPlant
0x0872CF14	rom	gTilesetPalettes_PowerPlant
0x0872D114	rom	gTilesetTiles_SeaCottage
0x0872D574	rom	gTilesetPalettes_SeaCottage
0x0872D774	rom	gTilesetTiles_Condominiums
0x0872E96C	rom	gTilesetPalettes_Condominiums
0x0872EB6C	rom	gTilesetTiles_UndergroundPath
0x0872EE10	rom	gTilesetPalettes_UndergroundPath
0x0872F010	rom	gTilesetTiles_PokemonTower
0x0872F698	rom	gTilesetPalettes_PokemonTower
0x0872F898	rom	gTilesetTiles_SafariZoneBuilding
0x0872FC8C	rom	gTilesetPalettes_SafariZoneBuilding
0x0872FE8C	rom	gTilesetTiles_PokemonMansion
0x08730B8C	rom	gTilesetPalettes_PokemonMansion
0x08730D8C	rom	gTilesetTiles_RestaurantHotel
0x087311FC	rom	gTilesetPalettes_RestaurantHotel
0x087313FC	rom	gTilesetTiles_School
0x087316A8	rom	gTilesetPalettes_School
0x087318A8	rom	gTilesetTiles_FanClubDaycare
0x08731CE0	rom	gTilesetPalettes_FanClubDaycare
0x08731EE0	rom	gTilesetTiles_BurgledHouse
0x087328A4	rom	gTilesetPalettes_BurgledHouse
0x08732AA4	rom	gTilesetTiles_Dummy3
0x08732AB4	rom	gTilesetPalettes_Dummy3
0x08732CB4	rom	gTilesetTiles_Dummy4
0x08732CC8	rom	gTilesetPalettes_Dummy4
0x08732EC8	rom	gTilesetTiles_MtEmber
0x08734370	rom	gTilesetPalettes_MtEmber
0x08734570	rom	gTilesetTiles_BerryForest
0x0873561C	rom	gTilesetPalettes_BerryForest
0x0873581C	rom	gTilesetTiles_NavelRock
0x08736B48	rom	gTilesetPalettes_NavelRock
0x08736D48	rom	gTilesetTiles_TanobyRuins
0x087370FC	rom	gTilesetPalettes_TanobyRuins
0x087372FC	rom	gTilesetTiles_SeviiIslands123
0x08738570	rom	gTilesetPalettes_SeviiIslands123
0x08738770	rom	gTilesetTiles_SeviiIslands45
0x0873A074	rom	gTilesetPalettes_SeviiIslands45
0x0873A274	rom	gTilesetTiles_SeviiIslands67
0x0873B990	rom	gTilesetPalettes_SeviiIslands67
0x0873BB90	rom	gTilesetTiles_TrainerTower
0x0873CB10	rom	gTilesetPalettes_TrainerTower
0x0873CD10	rom	gTilesetTiles_IslandHarbor
0x0873D518	rom	gTilesetPalettes_IslandHarbor
0x0873D718	rom	gTilesetTiles_PokemonLeague
0x0873E6D4	rom	gTilesetPalettes_PokemonLeague
0x0873E8D4	rom	gTilesetTiles_HallOfFame
0x0873F14C	rom	gTilesetPalettes_HallOfFame
0x0873F34C	rom	gTilesetTiles_Underwater
0x087408B4	rom	gTilesetPalettes_Underwater
0x08740A54	rom	gTilesetTiles_BattleFrontierOutsideWest
0x087422B8	rom	gTilesetPalettes_BattleFrontierOutsideWest
0x08742458	rom	gTilesetTiles_BattleFrontierOutsideEast
0x08743920	rom	gTilesetPalettes_BattleFrontierOutsideEast
0x08743AC0	rom	gTilesetTiles_BattleFrontier
0x087446FC	rom	gTilesetPalettes_BattleFrontier
0x0874489C	rom	gTilesetTiles_SeviiIslands5
0x08745B34	rom	gTilesetPalettes_SeviiIslands5
0x08745CD4	rom	gTilesetTiles_SeviiIslands6
0x08747298	rom	gTilesetPalettes_SeviiIslands6
0x08747438	rom	gTilesetTiles_BattleFrontierRankingHall
0x08747CAC	rom	gTilesetPalettes_BattleFrontierRankingHall
0x08747E4C	rom	gMetatiles_General
0x0874A64C	rom	gMetatileAttributes_General
0x0874B04C	rom	gMetatiles_PalletTown
0x0874B5DC	rom	gMetatileAttributes_PalletTown
0x0874B740	rom	gMetatiles_ViridianCity
0x0874BD30	rom	gMetatileAttributes_ViridianCity
0x0874BEAC	rom	gMetatiles_PewterCity
0x0874C39C	rom	gMetatileAttributes_PewterCity
0x0874C4D8	rom	gMetatiles_CeruleanCity
0x0874CD38	rom	gMetatileAttributes_CeruleanCity
0x0874CF50	rom	gMetatiles_LavenderTown
0x0874DCF0	rom	gMetatileAttributes_LavenderTown
0x0874E058	rom	gMetatiles_VermilionCity
0x0874EAD8	rom	gMetatileAttributes_VermilionCity
0x0874ED78	rom	gMetatiles_CeladonCity
0x0874FC78	rom	gMetatileAttributes_CeladonCity
0x08750038	rom	gMetatiles_FuchsiaCity
0x08750FD8	rom	gMetatileAttributes_FuchsiaCity
0x087513C0	rom	gMetatiles_CinnabarIsland
0x087517C0	rom	gMetatileAttributes_CinnabarIsland
0x087518C0	rom	gMetatiles_IndigoPlateau
0x087523C0	rom	gMetatileAttributes_IndigoPlateau
0x08752680	rom	gMetatiles_SaffronCity
0x08753300	rom	gMetatileAttributes_SaffronCity
0x08753620	rom	gMetatiles_PewterGym
0x08753C70	rom	gMetatileAttributes_PewterGym
0x08753E04	rom	gMetatiles_CeruleanGym
0x08754344	rom	gMetatileAttributes_CeruleanGym
0x08754494	rom	gMetatiles_VermilionGym
0x08754944	rom	gMetatileAttributes_VermilionGym
0x08754A70	rom	gMetatiles_CeladonGym
0x08754E70	rom	gMetatileAttributes_CeladonGym
0x08754F70	rom	gMetatiles_FuchsiaGym
0x08755190	rom	gMetatileAttributes_FuchsiaGym
0x08755218	rom	gMetatiles_SaffronGym
0x087554F8	rom	gMetatileAttributes_SaffronGym
0x087555B0	rom	gMetatiles_CinnabarGym
0x08755BB0	rom	gMetatileAttributes_CinnabarGym
0x08755D30	rom	gMetatiles_ViridianGym
0x08756270	rom	gMetatileAttributes_ViridianGym
0x087563C0	rom	gMetatiles_Building
0x08758BC0	rom	gMetatileAttributes_Building
0x087595C0	rom	gMetatiles_Dummy1
0x087595E0	rom	gMetatileAttributes_Dummy1
0x087595E8	rom	gMetatiles_HoennBuilding
0x0875B5E8	rom	gMetatileAttributes_HoennBuilding
0x0875BDE8	rom	gMetatiles_BikeShop
0x0875C088	rom	gMetatileAttributes_BikeShop
0x0875C130	rom	gMetatiles_Mart
0x0875C560	rom	gMetatileAttributes_Mart
0x0875C66C	rom	gMetatiles_PokemonCenter
0x0875D65C	rom	gMetatileAttributes_PokemonCenter
0x0875DA58	rom	gMetatiles_GenericBuilding1
0x0875DBD8	rom	gMetatileAttributes_GenericBuilding1
0x0875DC38	rom	gMetatiles_Cave
0x0875E7B8	rom	gMetatileAttributes_Cave
0x0875EA98	rom	gMetatiles_GameCorner
0x0875F418	rom	gMetatileAttributes_GameCorner
0x0875F678	rom	gMetatiles_Lab
0x08760168	rom	gMetatileAttributes_Lab
0x08760424	rom	gMetatiles_SSAnne
0x087619A4	rom	gMetatileAttributes_SSAnne
0x08761F04	rom	gMetatiles_Dummy2
0x08761F24	rom	gMetatileAttributes_Dummy2
0x08761F2C	rom	gMetatiles_ViridianForest
0x087621DC	rom	gMetatileAttributes_ViridianForest
0x08762288	rom	gMetatiles_UnusedGatehouse1
0x087629A8	rom	gMetatileAttributes_UnusedGatehouse1
0x08762B70	rom	gMetatiles_RockTunnel
0x087634F0	rom	gMetatileAttributes_RockTunnel
0x08763750	rom	gMetatiles_DiglettsCave
0x08764120	rom	gMetatileAttributes_DiglettsCave
0x08764394	rom	gMetatiles_SeafoamIslands
0x08765344	rom	gMetatileAttributes_SeafoamIslands
0x08765730	rom	gMetatiles_UnusedGatehouse2
0x08765E50	rom	gMetatileAttributes_UnusedGatehouse2
0x08766018	rom	gMetatiles_CeruleanCave
0x08766878	rom	gMetatileAttributes_CeruleanCave
0x08766A90	rom	gMetatiles_DepartmentStore
0x087679F0	rom	gMetatileAttributes_DepartmentStore
0x08767DC8	rom	gMetatiles_GenericBuilding2
0x08768948	rom	gMetatileAttributes_GenericBuilding2
0x08768C28	rom	gMetatiles_PowerPlant
0x087695B8	rom	gMetatileAttributes_PowerPlant
0x0876981C	rom	gMetatiles_SeaCottage
0x08769BCC	rom	gMetatileAttributes_SeaCottage
0x08769CB8	rom	gMetatiles_SilphCo
0x0876B478	rom	gMetatileAttributes_SilphCo
0x0876BA68	rom	gMetatiles_UndergroundPath
0x0876BEE8	rom	gMetatileAttributes_UndergroundPath
0x0876C008	rom	gMetatiles_PokemonTower
0x0876C658	rom	gMetatileAttributes_PokemonTower
0x0876C7EC	rom	gMetatiles_SafariZoneBuilding
0x0876D00C	rom	gMetatileAttributes_SafariZoneBuilding
0x0876D214	rom	gMetatiles_PokemonMansion
0x0876E234	rom	gMetatileAttributes_PokemonMansion
0x0876E63C	rom	gMetatiles_Museum
0x0876EEAC	rom	gMetatileAttributes_Museum
0x0876F0C8	rom	gMetatiles_CableClub
0x087700C8	rom	gMetatileAttributes_CableClub
0x087704C8	rom	gMetatiles_RestaurantHotel
0x08770B48	rom	gMetatileAttributes_RestaurantHotel
0x08770CE8	rom	gMetatiles_School
0x08770FC8	rom	gMetatileAttributes_School
0x08771080	rom	gMetatiles_FanClubDaycare
0x08771B20	rom	gMetatileAttributes_FanClubDaycare
0x08771DC8	rom	gMetatiles_Condominiums
0x08772B38	rom	gMetatileAttributes_Condominiums
0x08772E94	rom	gMetatiles_BurgledHouse
0x08773224	rom	gMetatileAttributes_BurgledHouse
0x08773308	rom	gMetatiles_Dummy3
0x08773328	rom	gMetatileAttributes_Dummy3
0x08773330	rom	gMetatiles_Dummy4
0x08773350	rom	gMetatileAttributes_Dummy4
0x08773358	rom	gMetatiles_MtEmber
0x08774178	rom	gMetatileAttributes_MtEmber
0x08774500	rom	gMetatiles_BerryForest
0x08774E00	rom	gMetatileAttributes_BerryForest
0x08775040	rom	gMetatiles_NavelRock
0x08775E00	rom	gMetatileAttributes_NavelRock
0x08776170	rom	gMetatiles_TanobyRuins
0x08776750	rom	gMetatileAttributes_TanobyRuins
0x087768C8	rom	gMetatiles_SeviiIslands123
0x087780C8	rom	gMetatileAttributes_SeviiIslands123
0x087786C8	rom	gMetatiles_SeviiIslands45
0x08779B48	rom	gMetatileAttributes_SeviiIslands45
0x0877A068	rom	gMetatiles_SeviiIslands67
0x0877B388	rom	gMetatileAttributes_SeviiIslands67
0x0877B850	rom	gMetatiles_TrainerTower
0x0877CA50	rom	gMetatileAttributes_TrainerTower
0x0877CED0	rom	gMetatiles_IslandHarbor
0x0877D5D0	rom	gMetatileAttributes_IslandHarbor
0x0877D790	rom	gMetatiles_PokemonLeague
0x0877EF90	rom	gMetatileAttributes_PokemonLeague
0x0877F590	rom	gMetatiles_HallOfFame
0x0877FCF0	rom	gMetatileAttributes_HallOfFame
0x0877FEC8	rom	gMetatiles_Underwater
0x08780848	rom	gMetatileAttributes_Underwater
0x08780AA8	rom	gMetatiles_BattleFrontierOutsideWest
0x087822A8	rom	gMetatileAttributes_BattleFrontierOutsideWest
0x087828A8	rom	gMetatiles_BattleFrontierOutsideEast
0x087840A8	rom	gMetatileAttributes_BattleFrontierOutsideEast
0x087846A8	rom	gMetatiles_BattleFrontier
0x08785EA8	rom	gMetatileAttributes_BattleFrontier
0x087864A8	rom	gMetatiles_SeviiIslands5
0x08786FA8	rom	gMetatileAttributes_SeviiIslands5
0x08787268	rom	gMetatiles_SeviiIslands6
0x08788368	rom	gMetatileAttributes_SeviiIslands6
0x087887A8	rom	gMetatiles_BattleFrontierRankingHall
0x08788BA8	rom	gMetatileAttributes_BattleFrontierRankingHall
0x08788CA8	rom	gTileset_General
0x08788CC0	rom	gTileset_PalletTown
0x08788CD8	rom	gTileset_ViridianCity
0x08788CF0	rom	gTileset_PewterCity
0x08788D08	rom	gTileset_CeruleanCity
0x08788D20	rom	gTileset_LavenderTown
0x08788D38	rom	gTileset_VermilionCity
0x08788D50	rom	gTileset_CeladonCity
0x08788D68	rom	gTileset_FuchsiaCity
0x08788D80	rom	gTileset_CinnabarIsland
0x08788D98	rom	gTileset_IndigoPlateau
0x08788DB0	rom	gTileset_SaffronCity
0x08788DC8	rom	gTileset_Building
0x08788DE0	rom	gTileset_Mart
0x08788DF8	rom	gTileset_PokemonCenter
0x08788E10	rom	gTileset_Cave
0x08788E28	rom	gTileset_Dummy1
0x08788E40	rom	gTileset_Museum
0x08788E58	rom	gTileset_CableClub
0x08788E70	rom	gTileset_BikeShop
0x08788E88	rom	gTileset_GenericBuilding1
0x08788EA0	rom	gTileset_Lab
0x08788EB8	rom	gTileset_FuchsiaGym
0x08788ED0	rom	gTileset_ViridianGym
0x08788EE8	rom	gTileset_HoennBuilding
0x08788F00	rom	gTileset_GameCorner
0x08788F18	rom	gTileset_PewterGym
0x08788F30	rom	gTileset_CeruleanGym
0x08788F48	rom	gTileset_VermilionGym
0x08788F60	rom	gTileset_CeladonGym
0x08788F78	rom	gTileset_SaffronGym
0x08788F90	rom	gTileset_CinnabarGym
0x08788FA8	rom	gTileset_SSAnne
0x08788FC0	rom	gTileset_Dummy2
0x08788FD8	rom	gTileset_ViridianForest
0x08788FF0	rom	gTileset_UnusedGatehouse1
0x08789008	rom	gTileset_RockTunnel
0x08789020	rom	gTileset_DiglettsCave
0x08789038	rom	gTileset_SeafoamIslands
0x08789050	rom	gTileset_UnusedGatehouse2
0x08789068	rom	gTileset_CeruleanCave
0x08789080	rom	gTileset_DepartmentStore
0x08789098	rom	gTileset_GenericBuilding2
0x087890B0	rom	gTileset_PowerPlant
0x087890C8	rom	gTileset_SeaCottage
0x087890E0	rom	gTileset_SilphCo
0x087890F8	rom	gTileset_UndergroundPath
0x08789110	rom	gTileset_PokemonTower
0x08789128	rom	gTileset_SafariZoneBuilding
0x08789140	rom	gTileset_PokemonMansion
0x08789158	rom	gTileset_RestaurantHotel
0x08789170	rom	gTileset_School
0x08789188	rom	gTileset_FanClubDaycare
0x087891A0	rom	gTileset_Condominiums
0x087891B8	rom	gTileset_BurgledHouse
0x087891D0	rom	gTileset_Dummy3
0x087891E8	rom	gTileset_Dummy4
0x08789200	rom	gTileset_MtEmber
0x08789218	rom	gTileset_BerryForest
0x08789230	rom	gTileset_NavelRock
0x08789248	rom	gTileset_TanobyRuins
0x08789260	rom	gTileset_SeviiIslands123
0x08789278	rom	gTileset_SeviiIslands45
0x08789290	rom	gTileset_SeviiIslands67
0x087892A8	rom	gTileset_TrainerTower
0x087892C0	rom	gTileset_IslandHarbor
0x087892D8	rom	gTileset_PokemonLeague
0x087892F0	rom	gTileset_HallOfFame
0x08789308	rom	gTileset_Underwater
0x08789320	rom	gTileset_BattleFrontierOutsideWest
0x08789338	rom	gTileset_BattleFrontierOutsideEast
0x08789350	rom	gTileset_BattleFrontier
0x08789368	rom	gTileset_SeviiIslands5
0x08789380	rom	gTileset_SeviiIslands6
0x08789398	rom	gTileset_BattleFrontierRankingHall
0x087893B0	rom	sBorderBgTiles
0x087893CC	rom	sBorderBgMap_FR
0x08789470	rom	sBorderBgMap_LG
0x0878951C	rom	sSlash_Gfx
0x0878964C	rom	sFlames_Pal
0x0878966C	rom	sFlames_Gfx
0x087898E4	rom	sBlankFlames_Gfx
0x08789984	rom	sLeaves_Pal
0x087899A4	rom	sLeaves_Gfx
0x08789ABC	rom	sStreak_Gfx
0x08789B1C	rom	sOamData_FlameOrLeaf
0x08789B24	rom	sSpriteAnim_Flame
0x08789B50	rom	sSpriteAnim_Flame_Unused
0x08789B64	rom	sSpriteAnim_FlameOrLeaf_FR
0x08789B6C	rom	sSpriteAnim_Leaf
0x08789B9C	rom	sSpriteAnim_FlameOrLeaf_LG
0x08789BA0	rom	sSpriteTemplate_FlameOrLeaf_FR
0x08789BB8	rom	sSpriteTemplate_FlameOrLeaf_LG
0x08789BD0	rom	sSpriteTemplate_BlankFlame
0x08789BE8	rom	sOamData_Streak
0x08789BF0	rom	sSpriteTemplate_Streak
0x08789C08	rom	sOamData_BlankSprite
0x08789C10	rom	sSpriteTemplate_BlankSprite
0x08789C28	rom	sOamData_SlashSprite
0x08789C30	rom	sSlashSpriteTemplate
0x08789C48	rom	sBgTemplates
0x08789C58	rom	sSceneFuncs
0x08789C70	rom	sSpriteSheets_FR
0x08789C90	rom	sSpritePals_FR
0x08789CA8	rom	sFlameXPositions
0x08789CB8	rom	sSpriteSheets_LG
0x08789CD8	rom	sSpritePals_LG
0x08789CF0	rom	sStreakYPositions
0x08789D00	rom	sFireRedPressStartTileIds
0x08789D24	rom	sBGTemplates
0x08789D30	rom	sSelectTMActionTasks
0x08789D40	rom	sMenuActions
0x08789D58	rom	sMenuActionIndices_Field
0x08789D5C	rom	sMenuActionIndices_UnionRoom
0x08789D60	rom	sYesNoFuncTable
0x08789D68	rom	sText_ClearTo18
0x08789D6C	rom	sText_SingleSpace
0x08789D70	rom	sPal3Override
0x08789D74	rom	sTextColors
0x08789D80	rom	sWindowTemplates
0x08789DD0	rom	sYesNoWindowTemplate
0x08789DD8	rom	sWindowTemplates_ContextMenu
0x08789DE8	rom	sTMSpriteOamData
0x08789DF0	rom	sAnim_TM
0x08789DF8	rom	sAnim_HM
0x08789E00	rom	sAnims_Disc
0x08789E08	rom	sSpriteSheet_Disc
0x08789E10	rom	sSpriteTemplate_Disc
0x08789E28	rom	sTMSpritePaletteOffsetByType
0x08789F04	rom	sPokeball_Pal
0x08789F24	rom	sPokeball_Gfx
0x0878A524	rom	sPokeballSymbol_Gfx
0x0878BF24	rom	sCableCloseup_Map
0x0878C724	rom	sPokeballSymbol_Map
0x0878C824	rom	sUnusedPal1
0x0878C844	rom	sGba_Pal
0x0878C864	rom	sShadowPalette
0x0878C884	rom	sBlackPalette
0x0878C8A4	rom	sLinkMon_Pal
0x0878C8C4	rom	sLinkMonGlow_Gfx
0x0878CAC4	rom	sLinkMonShadow_Gfx
0x0878CCC4	rom	sCableEnd_Gfx
0x0878CEC4	rom	sGbaScreen_Gfx
0x0878DEC4	rom	gTradeOrHatchMonShadowTilemap
0x0878EEC4	rom	sGbaAffine_Gfx
0x087916C4	rom	sEmptyGfx
0x08791704	rom	sGbaAffineMapCable
0x08791804	rom	sGbaAffineMapWireless
0x08791904	rom	sGbaMapWireless
0x08792904	rom	sGbaMapCable
0x08793904	rom	sWirelessCloseup_Map
0x08793A04	rom	sWirelessSignalAnimPals_Outbound
0x08793C04	rom	sWirelessSignalAnimPals_Inbound
0x08793E04	rom	sWirelessSignalAnimPals_Off
0x08793E24	rom	sWirelessSignal4bpp
0x087944B4	rom	sWirelessSignalTilemap
0x08794BA8	rom	sOamData_Pokeball
0x08794BB0	rom	sAnim_Pokeball_SpinOnce
0x08794BEC	rom	sAnim_Pokeball_SpinTwice
0x08794C28	rom	sAnims_Pokeball
0x08794C30	rom	sAffineAnim_Pokeball_Normal
0x08794C40	rom	sAffineAnim_Pokeball_Squish
0x08794C50	rom	sAffineAnim_Pokeball_Unsquish
0x08794C70	rom	sAffineAnims_Pokeball
0x08794C7C	rom	sPokeBallSpriteSheet
0x08794C84	rom	sTradeBallSpritePal
0x08794C8C	rom	sSpriteTemplate_Pokeball
0x08794CA4	rom	sOamData_LinkMonGlow
0x08794CAC	rom	sAnim_LinkMonGlow
0x08794CB4	rom	sAnims_LinkMonGlow
0x08794CB8	rom	sAffineAnim_LinkMonGlow
0x08794CD0	rom	sAffineAnims_LinkMonGlow
0x08794CD4	rom	sSpriteSheet_LinkMonGlow
0x08794CDC	rom	sSpritePalette_LinkMon
0x08794CE4	rom	sSpritePalette_Gba
0x08794CEC	rom	sSpriteTemplate_LinkMonGlow
0x08794D04	rom	sOamData_LinkMonShadow
0x08794D0C	rom	sAnim_LinkMonShadow_Big
0x08794D14	rom	sAnim_LinkMonShadow_Small
0x08794D1C	rom	sAnims_LinkMonShadow
0x08794D24	rom	sSpriteSheet_LinkMonShadow
0x08794D2C	rom	sSpriteTemplate_LinkMonShadow
0x08794D44	rom	sOamData_CableEnd
0x08794D4C	rom	sAnim_CableEnd
0x08794D54	rom	sAnims_CableEnd
0x08794D58	rom	sSpriteSheet_CableEnd
0x08794D60	rom	sSpriteTemplate_CableEnd
0x08794D78	rom	sOamData_GbaScreen
0x08794D80	rom	sAnim_GbaScreen_Long
0x08794DA4	rom	sAnim_GbaScreen_Short
0x08794DC8	rom	sAnims_GbaScreen_Long
0x08794DCC	rom	sAnims_GbaScreen_Short
0x08794DD0	rom	sTradeGBAScreenSpriteSheet
0x08794DD8	rom	sSpriteTemplate_GbaScreenFlash_Long
0x08794DF0	rom	sSpriteTemplate_GbaScreenFlash_Short
0x08794E08	rom	sLinkMonShadow_Pal
0x08794E20	rom	sAffineAnim_CrossingMonPic
0x08794E30	rom	sAffineAnims_CrossingMonPics
0x08794E34	rom	sInGameTrades
0x087950C8	rom	sInGameTradeMailMessages
0x087950DC	rom	sTradeMessageWindowTemplates
0x087950EC	rom	gTradeEvolutionSceneYesNoWindowTemplate
0x087950F4	rom	sBgTemplates
0x08795104	rom	sTradeBallVerticalVelocityTable
0x08795170	rom	sWirelessSignalAnimParams
0x08795C34	rom	sSizesAndOffsets
0x08795C54	rom	sTradeMovesBoxTilemap
0x08795E54	rom	sTradePartyBoxTilemap
0x08796054	rom	sTradeStripesBG2Tilemap
0x08796854	rom	sTradeStripesBG3Tilemap
0x08797054	rom	sOamData_MenuText
0x0879705C	rom	sOamData_Cursor
0x08797064	rom	sAnim_Cursor_Normal
0x0879706C	rom	sAnim_Cursor_OnCancel
0x08797074	rom	sAnims_Cursor
0x0879707C	rom	sCursor_SpriteSheet
0x08797084	rom	sCursor_SpritePalette
0x0879708C	rom	sAnim_MenuText_0
0x08797094	rom	sAnim_MenuText_1
0x0879709C	rom	sAnim_MenuText_2
0x087970A4	rom	sAnim_MenuText_3
0x087970AC	rom	sAnim_MenuText_4
0x087970B4	rom	sAnim_MenuText_5
0x087970BC	rom	sAnims_MenuText
0x087970D4	rom	sSpriteTemplate_Cursor
0x087970EC	rom	sSpriteTemplate_MenuText
0x08797104	rom	sMenuText_Pal
0x08797124	rom	sSpritePalette_MenuText
0x0879712C	rom	sCursorMoveDestinations
0x08797264	rom	sTradeMonSpriteCoords
0x08797280	rom	sTradeMonLevelCoords
0x08797298	rom	sTradeMonBoxCoords
0x087972B0	rom	sPlayerNameCoords
0x087972B8	rom	sUnusedCoords
0x087972DC	rom	sText_Dummy
0x087972E0	rom	sText_ClrWhtHltTranspShdwDrkGry
0x087972EC	rom	gText_MaleSymbol4
0x087972F0	rom	gText_FemaleSymbol4
0x087972F4	rom	gText_GenderlessSymbol
0x087972F8	rom	sText_Dummy2
0x087972FC	rom	sText_Newline
0x08797300	rom	sText_Slash
0x08797304	rom	sActionTexts
0x0879731C	rom	sMenuAction_SummaryTrade
0x0879732C	rom	sMessages
0x08797350	rom	sTextColor_PartyMonNickname
0x08797354	rom	sBgTemplates
0x08797364	rom	sWindowTemplates
0x087973FC	rom	sWindowTemplate_YesNo
0x08797404	rom	sText_ShedinjaJP
0x0879740C	rom	sSelectedMonLevelGenderCoords
0x087975E8	rom	sTrainerCardStickers_Gfx
0x0879775C	rom	sHoennTrainerCardFront_Tilemap
0x08797970	rom	sKantoTrainerCardFront_Tilemap
0x08797B28	rom	sHoennTrainerCardBack_Tilemap
0x08797C04	rom	sKantoTrainerCardBack_Tilemap
0x08797D30	rom	sHoennTrainerCardFrontLink_Tilemap
0x08797F24	rom	sKantoTrainerCardFrontLink_Tilemap
0x087980B0	rom	sHoennTrainerCardBg_Tilemap
0x08798148	rom	sKantoTrainerCardBg_Tilemap
0x087981E0	rom	sUnused_Pal
0x08798200	rom	sHoennTrainerCardBronze_Pal
0x08798260	rom	sKantoTrainerCardGreen_Pal
0x087982C0	rom	sHoennTrainerCardCopper_Pal
0x08798320	rom	sKantoTrainerCardBronze_Pal
0x08798380	rom	sHoennTrainerCardSilver_Pal
0x087983E0	rom	sKantoTrainerCardSilver_Pal
0x08798440	rom	sHoennTrainerCardGold_Pal
0x087984A0	rom	sKantoTrainerCardGold_Pal
0x08798500	rom	sHoennTrainerCardFemaleBg_Pal
0x08798520	rom	sKantoTrainerCardFemaleBg_Pal
0x08798540	rom	sHoennTrainerCardBadges_Pal
0x08798560	rom	sKantoTrainerCardBadges_Pal
0x08798580	rom	sTrainerCardStar_Pal
0x087985A0	rom	sTrainerCardStickerPal1
0x087985C0	rom	sTrainerCardStickerPal2
0x087985E0	rom	sTrainerCardStickerPal3
0x08798600	rom	sTrainerCardStickerPal4
0x08798620	rom	sHoennTrainerCardBadges_Gfx
0x08798868	rom	sKantoTrainerCardBadges_Gfx
0x08798B08	rom	sTrainerCardBgTemplates
0x08798B18	rom	sTrainerCardWindowTemplates
0x08798B38	rom	sHoennTrainerCardPals
0x08798B4C	rom	sKantoTrainerCardPals
0x08798B60	rom	sTrainerCardTextColors
0x08798B64	rom	sTrainerCardStatColors
0x08798B68	rom	sTimeColonInvisibleTextColors
0x08798B6C	rom	sTrainerCardFontIds
0x08798B70	rom	sTrainerPicOffsets
0x08798B78	rom	sTrainerPicFacilityClasses
0x08798B80	rom	sLinkTrainerPicFacilityClasses
0x08798B90	rom	sTrainerCardFlipTasks
0x08798BA8	rom	sTrainerCardFrontNameXPositions
0x08798BAC	rom	sTrainerCardFrontNameYPositions
0x08798BB0	rom	sTrainerCardIdXPositions
0x08798BB4	rom	sTrainerCardIdYPositions
0x08798BB8	rom	sTimeColonTextColors
0x08798BC0	rom	sTrainerCardTimeHoursXPositions
0x08798BC4	rom	sTrainerCardTimeHoursYPositions
0x08798BC8	rom	sTrainerCardTimeMinutesXPositions
0x08798BCC	rom	sTrainerCardTimeMinutesYPositions
0x08798BD0	rom	sTrainerCardProfilePhraseXPositions
0x08798BD4	rom	sTrainerCardProfilePhraseYPositions
0x08798BD8	rom	sTrainerCardBackNameXPositions
0x08798BDC	rom	sTrainerCardBackNameYPositions
0x08798BE0	rom	sTrainerCardHofDebutXPositions
0x08798BE4	rom	sLinkTrainerCardRecordStrings
0x08798BEC	rom	sPokemonIconPalSlots
0x08798BF4	rom	sPokemonIconXOffsets
0x08798BFC	rom	sStickerPalSlots
0x08798C00	rom	sStarYOffsets
0x08798C04	rom	sLinkPlayerTrainerCardTemplate1
0x08798C64	rom	sLinkPlayerTrainerCardTemplate2
0x08798DC8	rom	sCounterIncrements
0x08798DCC	rom	sFanClubMemberIds.1
0x08798DD4	rom	sFanClubMemberIds.0
0x08798DDC	rom	CSWTCH.30
0x08798DE0	rom	CSWTCH.31
0x08798DE4	rom	sDummyPicData
0x08798DF0	rom	sOamData_Normal
0x08798DF8	rom	sGfx_Emoticons
0x08799578	rom	sDirectionalApproachDistanceFuncs
0x08799588	rom	sTrainerSeeFuncList
0x087995C4	rom	sTrainerSeeFuncList2
0x087995D4	rom	sOamData_Emoticons
0x087995DC	rom	sSpriteImages_Emoticons
0x08799654	rom	sAnimCmd_ExclamationMark1
0x08799664	rom	sAnimCmd_DoubleExclMark
0x08799674	rom	sAnimCmd_X
0x08799684	rom	sAnimCmd_SmileyFace
0x08799694	rom	sAnimCmd_QuestionMark
0x087996A4	rom	sSpriteAnimTable_Emoticons
0x087996B8	rom	sSpriteTemplate_Emoticons
0x087996D0	rom	sTrainerTowerFloor_Single_4
0x08799AB0	rom	sTrainerTowerFloor_Single_7
0x08799E90	rom	sTrainerTowerFloor_Single_Unused
0x0879A270	rom	sTrainerTowerFloor_Double_5
0x0879A650	rom	sTrainerTowerFloor_Double_6
0x0879AA30	rom	sTrainerTowerFloor_Double_2
0x0879AE10	rom	sTrainerTowerFloor_Knockout_1
0x0879B1F0	rom	sTrainerTowerFloor_Knockout_2
0x0879B5D0	rom	sTrainerTowerFloor_Single_5
0x0879B9B0	rom	sTrainerTowerFloor_Single_8
0x0879BD90	rom	sTrainerTowerFloor_Single_2
0x0879C170	rom	sTrainerTowerFloor_Double_3
0x0879C550	rom	sTrainerTowerFloor_Double_1
0x0879C930	rom	sTrainerTowerFloor_Double_4
0x0879CD10	rom	sTrainerTowerFloor_Knockout_8
0x0879D0F0	rom	sTrainerTowerFloor_Knockout_3
0x0879D4D0	rom	sTrainerTowerFloor_Single_6
0x0879D8B0	rom	sTrainerTowerFloor_Mixed_1
0x0879DC90	rom	sTrainerTowerFloor_Single_1
0x0879E070	rom	sTrainerTowerFloor_Mixed_5
0x0879E450	rom	sTrainerTowerFloor_Double_8
0x0879E830	rom	sTrainerTowerFloor_Double_Unused1
0x0879EC10	rom	sTrainerTowerFloor_Knockout_7
0x0879EFF0	rom	sTrainerTowerFloor_Knockout_4
0x0879F3D0	rom	sTrainerTowerFloor_Single_3
0x0879F7B0	rom	sTrainerTowerFloor_Mixed_3
0x0879FB90	rom	sTrainerTowerFloor_Mixed_2
0x0879FF70	rom	sTrainerTowerFloor_Double_Unused2
0x087A0350	rom	sTrainerTowerFloor_Double_7
0x087A0730	rom	sTrainerTowerFloor_Double_Unused3
0x087A0B10	rom	sTrainerTowerFloor_Knockout_6
0x087A0EF0	rom	sTrainerTowerFloor_Knockout_5
0x087A12D0	rom	gTrainerTowerLocalHeader
0x087A12D8	rom	gTrainerTowerFloors
0x087A1358	rom	sSingleBattleTrainerInfo
0x087A14A4	rom	sDoubleBattleTrainerInfo
0x087A14F4	rom	sTrainerEncounterMusicLUT
0x087A1698	rom	sTimeBoardWindowTemplate
0x087A16A8	rom	sUnusedValue
0x087A16AC	rom	sTextColors
0x087A16B0	rom	sTrainerTowerFunctions
0x087A1704	rom	sFloorLayouts
0x087A1734	rom	sPrizeList
0x087A1754	rom	sTrainerTowerEncounterMusic
0x087A1770	rom	sSingleBattleChallengeMonIdxs
0x087A1780	rom	sDoubleBattleChallengeMonIdxs
0x087A1790	rom	sKnockoutChallengeMonIdxs
0x087A17A8	rom	gSineTable
0x087A1A28	rom	gSineDegreeTable
0x087A1B90	rom	sBgTemplates
0x087A1B94	rom	sWindowTemplates
0x087A1BA4	rom	sTextColors
0x087A1C78	rom	sUnionRoomChat_TextEntry_Pal
0x087A1C98	rom	gUnionRoomChat_Unused_Pal
0x087A1CB8	rom	sUnionRoomChat_Messages_Pal
0x087A1CD8	rom	sBgTemplates
0x087A1CE8	rom	sWindowTemplates
0x087A1D10	rom	sSubtaskInfo
0x087A1DB8	rom	sMessageWindowInfo
0x087A1E3C	rom	gText_Ellipsis
0x087A1E40	rom	sKeyboardSwapTexts
0x087A1E98	rom	sUnionRoomChatInterfacePal
0x087A1EB8	rom	sSelectorCursor_Gfx
0x087A213C	rom	sTextEntryCursor_Gfx
0x087A215C	rom	sCharacterSelectCursor_Gfx
0x087A2188	rom	sRButton_Gfx
0x087A21DC	rom	sSpriteSheets
0x087A2204	rom	sSpritePalette
0x087A220C	rom	sOamData_64x32_1
0x087A2214	rom	sAnim_CursorSmallOpen
0x087A221C	rom	sAnim_CursorSmallClosed
0x087A2224	rom	sAnim_CursorLargeOpen
0x087A222C	rom	sAnim_CursorLargeClosed
0x087A2234	rom	sSpriteAnims_SelectorCursor
0x087A2244	rom	sSpriteTemplate_SelectorCursor
0x087A225C	rom	sOamData_8x16_2
0x087A2264	rom	sSpriteTemplate_TextEntryCursor
0x087A227C	rom	sSpriteTemplate_CharacterSelectCursor
0x087A2294	rom	sOamData_16x16_2
0x087A229C	rom	sOamData_32x16_2
0x087A22A4	rom	sAnim_UnionRoomChatIcons_ToggleCase
0x087A22AC	rom	sAnim_UnionRoomChatIcons_Dummy1
0x087A22B4	rom	sAnim_UnionRoomChatIcons_Dummy2
0x087A22BC	rom	sAnim_UnionRoomChatIcons_Register
0x087A22C4	rom	sSpriteAnimTable_UnionRoomChatIcons
0x087A22D4	rom	sSpriteTemplate_RButton
0x087A22EC	rom	sSpriteTemplate_UnionRoomChatIcons
0x087A2304	rom	sChatEntryRoutines
0x087A232C	rom	sKeyboardPageMaxRow
0x087A2330	rom	sCaseToggleTable
0x087A2430	rom	gUnionRoomKeyboardText
0x087A25A4	rom	gText_UR_EmptyString
0x087A25A8	rom	gText_UR_Colon
0x087A25AC	rom	gText_UR_ID
0x087A25B0	rom	gText_UR_PleaseStartOver
0x087A25D8	rom	gText_UR_WirelessSearchCanceled
0x087A2614	rom	sText_AwaitingCommunucation2
0x087A262C	rom	gText_UR_AwaitingCommunication
0x087A265C	rom	gText_UR_AwaitingLinkPressStart
0x087A2694	rom	sText_SingleBattle
0x087A26A4	rom	sText_DoubleBattle
0x087A26B4	rom	sText_MultiBattle
0x087A26C4	rom	sText_TradePokemon
0x087A26D8	rom	sText_Chat
0x087A26E8	rom	sText_DistWonderCard
0x087A26F4	rom	sText_DistWonderNews
0x087A2704	rom	sText_DistMysteryEvent
0x087A2718	rom	sText_HoldPokemonJump
0x087A2728	rom	sText_HoldBerryCrush
0x087A273C	rom	sText_HoldBerryPicking
0x087A274C	rom	sText_HoldSpinTrade
0x087A2760	rom	sText_HoldSpinShop
0x087A2774	rom	sLinkGroupActionTexts
0x087A27AC	rom	sText_1PlayerNeeded
0x087A27C0	rom	sText_2PlayersNeeded
0x087A27D4	rom	sText_3PlayersNeeded
0x087A27E8	rom	sText_4PlayersNeeded
0x087A27F4	rom	sText_2PlayerMode
0x087A2804	rom	sText_3PlayerMode
0x087A2814	rom	sText_4PlayerMode
0x087A2824	rom	sText_5PlayerMode
0x087A2834	rom	gTexts_UR_PlayersNeededOrMode
0x087A2884	rom	gText_UR_BButtonCancel
0x087A2890	rom	sText_SearchingForParticipants
0x087A28A8	rom	gText_UR_PlayerContactedYouForXAccept
0x087A28CC	rom	gText_UR_PlayerContactedYouShareX
0x087A28F4	rom	gText_UR_PlayerContactedYouAddToMembers
0x087A291C	rom	gText_UR_AreTheseMembersOK
0x087A2938	rom	gText_UR_CancelModeWithTheseMembers
0x087A295C	rom	gText_UR_AnOKWasSentToPlayer
0x087A2974	rom	sText_OtherTrainerUnavailableNow
0x087A29AC	rom	sText_CantTransmitTrainerTooFar
0x087A29E4	rom	sText_TrainersNotReadyYet
0x087A2A10	rom	gTexts_UR_CantTransmitToTrainer
0x087A2A18	rom	gText_UR_ModeWithTheseMembersWillBeCanceled
0x087A2A4C	rom	sText_MemberNoLongerAvailable
0x087A2A84	rom	gTexts_UR_PlayerUnavailable
0x087A2A8C	rom	sText_TrainerAppearsUnavailable
0x087A2AB4	rom	gText_UR_PlayerSentBackOK
0x087A2ACC	rom	gText_UR_PlayerOKdRegistration
0x087A2AF4	rom	sText_PlayerRepliedNo
0x087A2B08	rom	gText_UR_AwaitingOtherMembers
0x087A2B24	rom	gText_UR_QuitBeingMember
0x087A2B3C	rom	sText_StoppedBeingMember
0x087A2B5C	rom	gTexts_UR_PlayerDisconnected
0x087A2B84	rom	gText_UR_WirelessLinkEstablished
0x087A2BC4	rom	gText_UR_WirelessLinkDropped
0x087A2C00	rom	gText_UR_LinkWithFriendDropped
0x087A2C2C	rom	sText_PlayerRepliedNo2
0x087A2C40	rom	gTexts_UR_LinkDropped
0x087A2C68	rom	sText_DoYouWantXMode
0x087A2C84	rom	sText_DoYouWantXMode2
0x087A2CA0	rom	sDoYouWantModeTexts
0x087A2CA8	rom	gText_UR_AwaitingPlayersResponseAboutTrade
0x087A2CD0	rom	sText_Communicating
0x087A2D3C	rom	sText_CommunicatingWithPlayer
0x087A2DA8	rom	sText_PleaseWaitAWhile
0x087A2E20	rom	gTexts_UR_CommunicatingWait
0x087A2E2C	rom	sText_HiDoSomethingMale
0x087A2E5C	rom	sText_HiDoSomethingFemale
0x087A2E84	rom	sText_HiDoSomethingAgainMale
0x087A2EBC	rom	sText_HiDoSomethingAgainFemale
0x087A2EF0	rom	gTexts_UR_HiDoSomething
0x087A2F00	rom	sText_DoSomethingMale
0x087A2F18	rom	sText_DoSomethingFemale
0x087A2F38	rom	sText_DoSomethingAgainMale
0x087A2F5C	rom	sText_DoSomethingAgainFemale
0x087A2F6C	rom	sDoSomethingTexts
0x087A2F7C	rom	sText_SomebodyHasContactedYou
0x087A2F9C	rom	sText_PlayerHasContactedYou
0x087A2FB8	rom	gTexts_UR_PlayerContactedYou
0x087A2FC0	rom	sText_AwaitingResponseFromTrainer
0x087A2FEC	rom	sText_AwaitingResponseFromPlayer
0x087A300C	rom	gTexts_UR_AwaitingResponse
0x087A3014	rom	sText_AwaitingResponseCancelBButton
0x087A3034	rom	gText_UR_ShowTrainerCard
0x087A3090	rom	gText_UR_BattleChallenge
0x087A30E4	rom	gText_UR_ChatInvitation
0x087A3130	rom	gText_UR_OfferToTradeMon
0x087A31A4	rom	gText_UR_OfferToTradeEgg
0x087A31F8	rom	gText_UR_ChatDropped
0x087A3214	rom	gText_UR_OfferDeclined1
0x087A3230	rom	gText_UR_OfferDeclined2
0x087A324C	rom	gText_UR_ChatEnded
0x087A3264	rom	sInvitationTexts
0x087A3274	rom	sText_JoinChatMale
0x087A32AC	rom	sText_PlayerJoinChatMale
0x087A32EC	rom	sText_JoinChatFemale
0x087A3328	rom	sText_PlayerJoinChatFemale
0x087A336C	rom	gTexts_UR_JoinChat
0x087A337C	rom	gText_UR_TrainerAppearsBusy
0x087A33A0	rom	sText_WaitForBattleMale
0x087A33D4	rom	sText_WaitForChatMale
0x087A3408	rom	sText_ShowTrainerCardMale
0x087A3440	rom	sText_WaitForBattleFemale
0x087A3474	rom	sText_WaitForChatFemale
0x087A34AC	rom	sText_ShowTrainerCardFemale
0x087A34E0	rom	gTexts_UR_WaitOrShowCard
0x087A3500	rom	sText_WaitForChatMale2
0x087A3518	rom	sText_DoneWaitingBattleMale
0x087A3550	rom	sText_DoneWaitingChatMale
0x087A356C	rom	sText_DoneWaitingBattleFemale
0x087A359C	rom	sText_DoneWaitingChatFemale
0x087A35C4	rom	sText_TradeWillBeStarted
0x087A35E4	rom	sText_BattleWillBeStarted
0x087A3604	rom	sText_EnteringChat
0x087A361C	rom	gTexts_UR_StartActivity
0x087A364C	rom	sText_BattleDeclinedMale
0x087A36AC	rom	sText_BattleDeclinedFemale
0x087A3700	rom	gTexts_UR_BattleDeclined
0x087A3708	rom	sText_ShowTrainerCardDeclinedMale
0x087A3758	rom	sText_ShowTrainerCardDeclinedFemale
0x087A37A0	rom	gTexts_UR_ShowTrainerCardDeclined
0x087A37A8	rom	sText_IfYouWantToDoSomethingMale
0x087A37E4	rom	sText_IfYouWantToDoSomethingFemale
0x087A3818	rom	gTexts_UR_IfYouWantToDoSomething
0x087A3820	rom	gText_UR_TrainerBattleBusy
0x087A3868	rom	gText_UR_NeedTwoMonsOfLevel30OrLower1
0x087A38AC	rom	gText_UR_NeedTwoMonsOfLevel30OrLower2
0x087A38E8	rom	sText_DeclineChatMale
0x087A3914	rom	stext_DeclineChatFemale
0x087A3934	rom	gTexts_UR_DeclineChat
0x087A393C	rom	sText_ChatDeclinedMale
0x087A3984	rom	sText_ChatDeclinedFemale
0x087A39D4	rom	gTexts_UR_ChatDeclined
0x087A39DC	rom	sText_YoureToughMale
0x087A3A04	rom	sText_UsedGoodMoveMale
0x087A3A30	rom	sText_BattleSurpriseMale
0x087A3A54	rom	sText_SwitchedMonsMale
0x087A3A8C	rom	sText_YoureToughFemale
0x087A3ABC	rom	sText_UsedGoodMoveFemale
0x087A3AE4	rom	sText_BattleSurpriseFemale
0x087A3B10	rom	sText_SwitchedMonsFemale
0x087A3B44	rom	gTexts_UR_BattleReaction
0x087A3B64	rom	sText_LearnedSomethingMale
0x087A3B88	rom	sText_ThatsFunnyMale
0x087A3BC4	rom	sText_RandomChatMale1
0x087A3BE8	rom	sText_RandomChatMale2
0x087A3C14	rom	sText_LearnedSomethingFemale
0x087A3C38	rom	sText_ThatsFunnyFemale
0x087A3C54	rom	sText_RandomChatFemale1
0x087A3C84	rom	sText_RandomChatFemale2
0x087A3CA8	rom	gTexts_UR_ChatReaction
0x087A3CC8	rom	sText_ShowedTrainerCardMale1
0x087A3D04	rom	sText_ShowedTrainerCardMale2
0x087A3D28	rom	sText_ShowedTrainerCardFemale1
0x087A3D68	rom	sText_ShowedTrainerCardFemale2
0x087A3D98	rom	gTexts_UR_TrainerCardReaction
0x087A3DA8	rom	sText_MaleTraded1
0x087A3DD0	rom	sText_MaleTraded2
0x087A3E10	rom	sText_FemaleTraded1
0x087A3E30	rom	sText_FemaleTraded2
0x087A3E64	rom	gTexts_UR_TradeReaction
0x087A3E84	rom	gText_UR_XCheckedTradingBoard
0x087A3EA4	rom	gText_UR_RegisterMonAtTradingBoard
0x087A3F30	rom	gText_UR_TradingBoardInfo
0x087A406C	rom	sText_ThankYouForRegistering
0x087A40A0	rom	sText_NobodyHasRegistered
0x087A40C0	rom	gText_UR_ChooseRequestedMonType
0x087A4108	rom	gText_UR_WhichMonWillYouOffer
0x087A4140	rom	gText_UR_RegistrationCanceled
0x087A4164	rom	gText_UR_RegistraionCompleted
0x087A4188	rom	gText_UR_TradeCanceled
0x087A41A8	rom	gText_UR_CancelRegistrationOfMon
0x087A41D4	rom	gText_UR_CancelRegistrationOfEgg
0x087A41FC	rom	gText_UR_RegistrationCanceled2
0x087A4224	rom	sText_TradeTrainersWillBeListed
0x087A4240	rom	sText_ChooseTrainerToTradeWith2
0x087A425C	rom	gText_UR_AskTrainerToMakeTrade
0x087A4288	rom	sText_AwaitingResponseFromTrainer2
0x087A429C	rom	sText_NotRegisteredAMonForTrade
0x087A42BC	rom	gText_UR_DontHaveTypeTrainerWants
0x087A42F0	rom	gText_UR_DontHaveEggTrainerWants
0x087A4318	rom	sText_PlayerCantTradeForYourMon
0x087A434C	rom	sText_CantTradeForPartnersMon
0x087A4380	rom	sCantTradeMonTexts
0x087A4388	rom	gText_UR_TradeOfferRejected
0x087A43A8	rom	gText_UR_EggTrade
0x087A43B4	rom	gText_UR_ChooseJoinCancel
0x087A43D0	rom	gText_UR_ChooseTrainer
0x087A43EC	rom	sText_ChooseTrainerSingleBattle
0x087A441C	rom	sText_ChooseTrainerDoubleBattle
0x087A444C	rom	sText_ChooseLeaderMultiBattle
0x087A447C	rom	sText_ChooseTrainerToTradeWith
0x087A44A8	rom	sText_ChooseTrainerToShareWonderCards
0x087A44E0	rom	sText_ChooseTrainerToShareWonderNews
0x087A4518	rom	sText_ChooseLeaderPokemonJump
0x087A454C	rom	sText_ChooseLeaderBerryCrush
0x087A4574	rom	sText_ChooseLeaderBerryPicking
0x087A45A4	rom	gTexts_UR_ChooseTrainer
0x087A45C8	rom	gText_UR_SearchingForWirelessSystemWait
0x087A4600	rom	sText_MustHaveTwoMonsForDoubleBattle
0x087A4624	rom	gText_UR_AwaitingPlayersResponse
0x087A463C	rom	gText_UR_PlayerHasBeenAskedToRegisterYouPleaseWait
0x087A4678	rom	gText_UR_AwaitingResponseFromWirelessSystem
0x087A46B4	rom	sText_PleaseWaitForOtherTrainersToGather
0x087A46D4	rom	sText_NoCardsSharedRightNow
0x087A4700	rom	sText_NoNewsSharedRightNow
0x087A4728	rom	gTexts_UR_NoWonderShared
0x087A4730	rom	gText_UR_Battle
0x087A4738	rom	gText_UR_Chat2
0x087A4740	rom	gText_UR_Greetings
0x087A474C	rom	gText_UR_Exit
0x087A4754	rom	gText_UR_Exit2
0x087A475C	rom	gText_UR_Info
0x087A4764	rom	gText_UR_NameWantedOfferLv
0x087A4780	rom	gText_UR_SingleBattle
0x087A4790	rom	gText_UR_DoubleBattle
0x087A47A0	rom	gText_UR_MultiBattle
0x087A47B0	rom	gText_UR_PokemonTrades
0x087A47C0	rom	gText_UR_Chat
0x087A47C8	rom	gText_UR_Cards
0x087A47D0	rom	gText_UR_WonderCards
0x087A47E0	rom	gText_UR_WonderNews
0x087A47EC	rom	gText_UR_PokemonJump
0x087A47FC	rom	gText_UR_BerryCrush
0x087A4808	rom	gText_UR_BerryPicking
0x087A4818	rom	gText_UR_Search
0x087A4820	rom	gText_UR_SpinTrade
0x087A482C	rom	gText_UR_ItemTrade
0x087A4838	rom	sText_ItsNormalCard
0x087A484C	rom	sText_ItsBronzeCard
0x087A4860	rom	sText_ItsCopperCard
0x087A4874	rom	sText_ItsSilverCard
0x087A4888	rom	sText_ItsGoldCard
0x087A489C	rom	gTexts_UR_CardColor
0x087A48B0	rom	gText_UR_TrainerCardInfoPage1
0x087A48F0	rom	gText_UR_TrainerCardInfoPage2
0x087A4930	rom	sText_GladToMeetYouMale
0x087A4950	rom	sText_GladToMeetYouFemale
0x087A496C	rom	gTexts_UR_GladToMeetYou
0x087A4974	rom	gText_UR_FinishedCheckingPlayersTrainerCard
0x087A499C	rom	sText_CanceledReadingCard
0x087A49B8	rom	sClientScript_DynamicError
0x087A49D8	rom	gServerScript_ClientCanceledCard
0x087A4A20	rom	sUnionRoomObjGfxIds
0x087A4A34	rom	sUnionRoomPlayerCoords
0x087A4A54	rom	sUnionRoomGroupOffsets
0x087A4A60	rom	sOppositeFacingDirection
0x087A4A68	rom	sMemberFacingDirections
0x087A4A70	rom	sUnionRoomLocalIds
0x087A4A78	rom	sHidePlayerFlags
0x087A4A88	rom	sMovement_UnionPlayerExit
0x087A4A8C	rom	sMovement_UnionPlayerEnter
0x087A4A90	rom	sLinkGroupActivityNameTexts
0x087A4AEC	rom	sWindowTemplate_BButtonCancel
0x087A4AF4	rom	sLinkGroupToActivityAndCapacity
0x087A4B18	rom	sWindowTemplate_List_PossibleGroupMembers
0x087A4B20	rom	sWindowTemplate_NumPlayerMode
0x087A4B28	rom	sListMenuItems_PossibleGroupMembers
0x087A4B50	rom	sListMenuTemplate_PossibleGroupMembers
0x087A4B68	rom	sWindowTemplate_GroupList
0x087A4B70	rom	sWindowTemplate_PlayerNameAndId
0x087A4B78	rom	sListMenuItems_UnionRoomGroups
0x087A4BF8	rom	sListMenuTemplate_UnionRoomGroups
0x087A4C10	rom	sWindowTemplate_InviteToActivity
0x087A4C18	rom	sListMenuItems_InviteToActivity
0x087A4C38	rom	sListMenuTemplate_InviteToActivity
0x087A4C50	rom	sWindowTemplate_RegisterForTrade
0x087A4C58	rom	sListMenuItems_RegisterForTrade
0x087A4C70	rom	sListMenuTemplate_RegisterForTrade
0x087A4C88	rom	sWindowTemplate_TypeNames
0x087A4C90	rom	sListMenuItems_TypeNames
0x087A4D20	rom	sListMenuTemplate_TypeNames
0x087A4D38	rom	sWindowTemplate_TradingBoardHeader
0x087A4D40	rom	sWindowTemplate_TradingBoardMain
0x087A4D48	rom	sListMenuItems_TradeBoard
0x087A4D98	rom	sListMenuTemplate_TradeBoard
0x087A4DB0	rom	sWindowTemplate_Unused
0x087A4DB8	rom	sListMenuItems_Unused
0x087A4E38	rom	sListMenuTemplate_Unused
0x087A4E50	rom	sRfuPlayerData_Dummy
0x087A4E68	rom	sAcceptedActivityIds_SingleBattle
0x087A4E6C	rom	sAcceptedActivityIds_DoubleBattle
0x087A4E70	rom	sAcceptedActivityIds_MultiBattle
0x087A4E74	rom	sAcceptedActivityIds_Trade
0x087A4E78	rom	sAcceptedActivityIds_PokemonJump
0x087A4E7C	rom	sAcceptedActivityIds_BerryCrush
0x087A4E80	rom	sAcceptedActivityIds_BerryPicking
0x087A4E84	rom	sAcceptedActivityIds_WonderCard
0x087A4E88	rom	sAcceptedActivityIds_WonderNews
0x087A4E8C	rom	sAcceptedActivityIds_Resume
0x087A4E98	rom	sAcceptedActivityIds_Init
0x087A4E9C	rom	sAcceptedActivityIds_Unk11
0x087A4EA8	rom	sAcceptedActivityIds_Unk12
0x087A4EB0	rom	sAcceptedActivityIds
0x087A4EE4	rom	sLinkGroupToURoomActivity
0x087A4EF0	rom	sDotSeparatedValues
0x087A53C0	rom	CSWTCH.198
0x087A53D4	rom	gBitTable
0x087A5454	rom	gInvisibleSpriteTemplate
0x087A546C	rom	sSpriteDimensions
0x087A5484	rom	gCrc16Table
0x087A5684	rom	gMiscBlank_Gfx
0x087A5E84	rom	sRematches
0x087A6CB4	rom	sMovementScript_Wait48
0x087A6CB8	rom	sMovementScript_TrainerUnfought
0x087A6CBC	rom	sMovementScript_TrainerNoRematch
0x087A6CC0	rom	sMovementScript_TrainerRematch
0x087A6CC4	rom	sFaceDirectionMovementTypeByFacingDirection
0x087A6CE4	rom	gOWESpeciesBehavior
0x087A6CFC	rom	sObjectEventPal_UnidentifiedGhost
0x087A6D1C	rom	gWildFeebas
0x087A6D20	rom	gOverworldWildEncounterFieldEffectInfo
0x087A6D50	rom	sOliveRareStarterLocations
0x087A6D6C	rom	sSevenIslandTanobyRuinsMoneanChamber_FireRed_LandMons
0x087A6D9C	rom	sSevenIslandTanobyRuinsMoneanChamber_FireRed_LandMonsInfo
0x087A6DA4	rom	sSevenIslandTanobyRuinsLiptooChamber_FireRed_LandMons
0x087A6DD4	rom	sSevenIslandTanobyRuinsLiptooChamber_FireRed_LandMonsInfo
0x087A6DDC	rom	sSevenIslandTanobyRuinsWeepthChamber_FireRed_LandMons
0x087A6E0C	rom	sSevenIslandTanobyRuinsWeepthChamber_FireRed_LandMonsInfo
0x087A6E14	rom	sSevenIslandTanobyRuinsDilfordChamber_FireRed_LandMons
0x087A6E44	rom	sSevenIslandTanobyRuinsDilfordChamber_FireRed_LandMonsInfo
0x087A6E4C	rom	sSevenIslandTanobyRuinsScufibChamber_FireRed_LandMons
0x087A6E7C	rom	sSevenIslandTanobyRuinsScufibChamber_FireRed_LandMonsInfo
0x087A6E84	rom	sSevenIslandTanobyRuinsRixyChamber_FireRed_LandMons
0x087A6EB4	rom	sSevenIslandTanobyRuinsRixyChamber_FireRed_LandMonsInfo
0x087A6EBC	rom	sSevenIslandTanobyRuinsViapoisChamber_FireRed_LandMons
0x087A6EEC	rom	sSevenIslandTanobyRuinsViapoisChamber_FireRed_LandMonsInfo
0x087A6EF4	rom	sViridianForest_FireRed_LandMons
0x087A6F24	rom	sViridianForest_FireRed_LandMonsInfo
0x087A6F2C	rom	sMtMoon1F_FireRed_LandMons
0x087A6F5C	rom	sMtMoon1F_FireRed_LandMonsInfo
0x087A6F64	rom	sMtMoonB1F_FireRed_LandMons
0x087A6F94	rom	sMtMoonB1F_FireRed_LandMonsInfo
0x087A6F9C	rom	sMtMoonB2F_FireRed_LandMons
0x087A6FCC	rom	sMtMoonB2F_FireRed_LandMonsInfo
0x087A6FD4	rom	sSSAnneExterior_FireRed_WaterMons
0x087A6FE8	rom	sSSAnneExterior_FireRed_WaterMonsInfo
0x087A6FF0	rom	sSSAnneExterior_FireRed_FishingMons
0x087A7018	rom	sSSAnneExterior_FireRed_FishingMonsInfo
0x087A7020	rom	sDiglettsCaveB1F_FireRed_LandMons
0x087A7050	rom	sDiglettsCaveB1F_FireRed_LandMonsInfo
0x087A7058	rom	sVictoryRoad1F_FireRed_LandMons
0x087A7088	rom	sVictoryRoad1F_FireRed_LandMonsInfo
0x087A7090	rom	sVictoryRoad2F_FireRed_LandMons
0x087A70C0	rom	sVictoryRoad2F_FireRed_LandMonsInfo
0x087A70C8	rom	sVictoryRoad3F_FireRed_LandMons
0x087A70F8	rom	sVictoryRoad3F_FireRed_LandMonsInfo
0x087A7100	rom	sPokemonMansion1F_FireRed_LandMons
0x087A7130	rom	sPokemonMansion1F_FireRed_LandMonsInfo
0x087A7138	rom	sPokemonMansion2F_FireRed_LandMons
0x087A7168	rom	sPokemonMansion2F_FireRed_LandMonsInfo
0x087A7170	rom	sPokemonMansion3F_FireRed_LandMons
0x087A71A0	rom	sPokemonMansion3F_FireRed_LandMonsInfo
0x087A71A8	rom	sPokemonMansionB1F_FireRed_LandMons
0x087A71D8	rom	sPokemonMansionB1F_FireRed_LandMonsInfo
0x087A71E0	rom	sSafariZoneCenter_FireRed_LandMons
0x087A7210	rom	sSafariZoneCenter_FireRed_LandMonsInfo
0x087A7218	rom	sSafariZoneCenter_FireRed_WaterMons
0x087A722C	rom	sSafariZoneCenter_FireRed_WaterMonsInfo
0x087A7234	rom	sSafariZoneCenter_FireRed_FishingMons
0x087A725C	rom	sSafariZoneCenter_FireRed_FishingMonsInfo
0x087A7264	rom	sSafariZoneEast_FireRed_LandMons
0x087A7294	rom	sSafariZoneEast_FireRed_LandMonsInfo
0x087A729C	rom	sSafariZoneEast_FireRed_WaterMons
0x087A72B0	rom	sSafariZoneEast_FireRed_WaterMonsInfo
0x087A72B8	rom	sSafariZoneEast_FireRed_FishingMons
0x087A72E0	rom	sSafariZoneEast_FireRed_FishingMonsInfo
0x087A72E8	rom	sSafariZoneNorth_FireRed_LandMons
0x087A7318	rom	sSafariZoneNorth_FireRed_LandMonsInfo
0x087A7320	rom	sSafariZoneNorth_FireRed_WaterMons
0x087A7334	rom	sSafariZoneNorth_FireRed_WaterMonsInfo
0x087A733C	rom	sSafariZoneNorth_FireRed_FishingMons
0x087A7364	rom	sSafariZoneNorth_FireRed_FishingMonsInfo
0x087A736C	rom	sSafariZoneWest_FireRed_LandMons
0x087A739C	rom	sSafariZoneWest_FireRed_LandMonsInfo
0x087A73A4	rom	sSafariZoneWest_FireRed_WaterMons
0x087A73B8	rom	sSafariZoneWest_FireRed_WaterMonsInfo
0x087A73C0	rom	sSafariZoneWest_FireRed_FishingMons
0x087A73E8	rom	sSafariZoneWest_FireRed_FishingMonsInfo
0x087A73F0	rom	sCeruleanCave1F_FireRed_LandMons
0x087A7420	rom	sCeruleanCave1F_FireRed_LandMonsInfo
0x087A7428	rom	sCeruleanCave1F_FireRed_WaterMons
0x087A743C	rom	sCeruleanCave1F_FireRed_WaterMonsInfo
0x087A7444	rom	sCeruleanCave1F_FireRed_RockSmashMons
0x087A7458	rom	sCeruleanCave1F_FireRed_RockSmashMonsInfo
0x087A7460	rom	sCeruleanCave1F_FireRed_FishingMons
0x087A7488	rom	sCeruleanCave1F_FireRed_FishingMonsInfo
0x087A7490	rom	sCeruleanCave2F_FireRed_LandMons
0x087A74C0	rom	sCeruleanCave2F_FireRed_LandMonsInfo
0x087A74C8	rom	sCeruleanCave2F_FireRed_RockSmashMons
0x087A74DC	rom	sCeruleanCave2F_FireRed_RockSmashMonsInfo
0x087A74E4	rom	sCeruleanCaveB1F_FireRed_LandMons
0x087A7514	rom	sCeruleanCaveB1F_FireRed_LandMonsInfo
0x087A751C	rom	sCeruleanCaveB1F_FireRed_WaterMons
0x087A7530	rom	sCeruleanCaveB1F_FireRed_WaterMonsInfo
0x087A7538	rom	sCeruleanCaveB1F_FireRed_RockSmashMons
0x087A754C	rom	sCeruleanCaveB1F_FireRed_RockSmashMonsInfo
0x087A7554	rom	sCeruleanCaveB1F_FireRed_FishingMons
0x087A757C	rom	sCeruleanCaveB1F_FireRed_FishingMonsInfo
0x087A7584	rom	sRockTunnel1F_FireRed_LandMons
0x087A75B4	rom	sRockTunnel1F_FireRed_LandMonsInfo
0x087A75BC	rom	sRockTunnelB1F_FireRed_LandMons
0x087A75EC	rom	sRockTunnelB1F_FireRed_LandMonsInfo
0x087A75F4	rom	sRockTunnelB1F_FireRed_RockSmashMons
0x087A7608	rom	sRockTunnelB1F_FireRed_RockSmashMonsInfo
0x087A7610	rom	sSeafoamIslands1F_FireRed_LandMons
0x087A7640	rom	sSeafoamIslands1F_FireRed_LandMonsInfo
0x087A7648	rom	sSeafoamIslandsB1F_FireRed_LandMons
0x087A7678	rom	sSeafoamIslandsB1F_FireRed_LandMonsInfo
0x087A7680	rom	sSeafoamIslandsB2F_FireRed_LandMons
0x087A76B0	rom	sSeafoamIslandsB2F_FireRed_LandMonsInfo
0x087A76B8	rom	sSeafoamIslandsB3F_FireRed_LandMons
0x087A76E8	rom	sSeafoamIslandsB3F_FireRed_LandMonsInfo
0x087A76F0	rom	sSeafoamIslandsB3F_FireRed_WaterMons
0x087A7704	rom	sSeafoamIslandsB3F_FireRed_WaterMonsInfo
0x087A770C	rom	sSeafoamIslandsB3F_FireRed_FishingMons
0x087A7734	rom	sSeafoamIslandsB3F_FireRed_FishingMonsInfo
0x087A773C	rom	sSeafoamIslandsB4F_FireRed_LandMons
0x087A776C	rom	sSeafoamIslandsB4F_FireRed_LandMonsInfo
0x087A7774	rom	sSeafoamIslandsB4F_FireRed_WaterMons
0x087A7788	rom	sSeafoamIslandsB4F_FireRed_WaterMonsInfo
0x087A7790	rom	sSeafoamIslandsB4F_FireRed_FishingMons
0x087A77B8	rom	sSeafoamIslandsB4F_FireRed_FishingMonsInfo
0x087A77C0	rom	sPokemonTower3F_FireRed_LandMons
0x087A77F0	rom	sPokemonTower3F_FireRed_LandMonsInfo
0x087A77F8	rom	sPokemonTower4F_FireRed_LandMons
0x087A7828	rom	sPokemonTower4F_FireRed_LandMonsInfo
0x087A7830	rom	sPokemonTower5F_FireRed_LandMons
0x087A7860	rom	sPokemonTower5F_FireRed_LandMonsInfo
0x087A7868	rom	sPokemonTower6F_FireRed_LandMons
0x087A7898	rom	sPokemonTower6F_FireRed_LandMonsInfo
0x087A78A0	rom	sPokemonTower7F_FireRed_LandMons
0x087A78D0	rom	sPokemonTower7F_FireRed_LandMonsInfo
0x087A78D8	rom	sPowerPlant_FireRed_LandMons
0x087A7908	rom	sPowerPlant_FireRed_LandMonsInfo
0x087A7910	rom	sMtEmberExterior_FireRed_LandMons
0x087A7940	rom	sMtEmberExterior_FireRed_LandMonsInfo
0x087A7948	rom	sMtEmberExterior_FireRed_RockSmashMons
0x087A795C	rom	sMtEmberExterior_FireRed_RockSmashMonsInfo
0x087A7964	rom	sMtEmberSummitPath1F_FireRed_LandMons
0x087A7994	rom	sMtEmberSummitPath1F_FireRed_LandMonsInfo
0x087A799C	rom	sMtEmberSummitPath2F_FireRed_LandMons
0x087A79CC	rom	sMtEmberSummitPath2F_FireRed_LandMonsInfo
0x087A79D4	rom	sMtEmberSummitPath2F_FireRed_RockSmashMons
0x087A79E8	rom	sMtEmberSummitPath2F_FireRed_RockSmashMonsInfo
0x087A79F0	rom	sMtEmberSummitPath3F_FireRed_LandMons
0x087A7A20	rom	sMtEmberSummitPath3F_FireRed_LandMonsInfo
0x087A7A28	rom	sMtEmberRubyPath1F_FireRed_LandMons
0x087A7A58	rom	sMtEmberRubyPath1F_FireRed_LandMonsInfo
0x087A7A60	rom	sMtEmberRubyPath1F_FireRed_RockSmashMons
0x087A7A74	rom	sMtEmberRubyPath1F_FireRed_RockSmashMonsInfo
0x087A7A7C	rom	sMtEmberRubyPathB1F_FireRed_LandMons
0x087A7AAC	rom	sMtEmberRubyPathB1F_FireRed_LandMonsInfo
0x087A7AB4	rom	sMtEmberRubyPathB1F_FireRed_RockSmashMons
0x087A7AC8	rom	sMtEmberRubyPathB1F_FireRed_RockSmashMonsInfo
0x087A7AD0	rom	sMtEmberRubyPathB2F_FireRed_LandMons
0x087A7B00	rom	sMtEmberRubyPathB2F_FireRed_LandMonsInfo
0x087A7B08	rom	sMtEmberRubyPathB2F_FireRed_RockSmashMons
0x087A7B1C	rom	sMtEmberRubyPathB2F_FireRed_RockSmashMonsInfo
0x087A7B24	rom	sMtEmberRubyPathB3F_FireRed_LandMons
0x087A7B54	rom	sMtEmberRubyPathB3F_FireRed_LandMonsInfo
0x087A7B5C	rom	sMtEmberRubyPathB3F_FireRed_RockSmashMons
0x087A7B70	rom	sMtEmberRubyPathB3F_FireRed_RockSmashMonsInfo
0x087A7B78	rom	sMtEmberRubyPathB1FStairs_FireRed_LandMons
0x087A7BA8	rom	sMtEmberRubyPathB1FStairs_FireRed_LandMonsInfo
0x087A7BB0	rom	sMtEmberRubyPathB1FStairs_FireRed_RockSmashMons
0x087A7BC4	rom	sMtEmberRubyPathB1FStairs_FireRed_RockSmashMonsInfo
0x087A7BCC	rom	sMtEmberRubyPathB2FStairs_FireRed_LandMons
0x087A7BFC	rom	sMtEmberRubyPathB2FStairs_FireRed_LandMonsInfo
0x087A7C04	rom	sMtEmberRubyPathB2FStairs_FireRed_RockSmashMons
0x087A7C18	rom	sMtEmberRubyPathB2FStairs_FireRed_RockSmashMonsInfo
0x087A7C20	rom	sThreeIslandBerryForest_FireRed_LandMons
0x087A7C50	rom	sThreeIslandBerryForest_FireRed_LandMonsInfo
0x087A7C58	rom	sThreeIslandBerryForest_FireRed_WaterMons
0x087A7C6C	rom	sThreeIslandBerryForest_FireRed_WaterMonsInfo
0x087A7C74	rom	sThreeIslandBerryForest_FireRed_FishingMons
0x087A7C9C	rom	sThreeIslandBerryForest_FireRed_FishingMonsInfo
0x087A7CA4	rom	sFourIslandIcefallCaveEntrance_FireRed_LandMons
0x087A7CD4	rom	sFourIslandIcefallCaveEntrance_FireRed_LandMonsInfo
0x087A7CDC	rom	sFourIslandIcefallCaveEntrance_FireRed_WaterMons
0x087A7CF0	rom	sFourIslandIcefallCaveEntrance_FireRed_WaterMonsInfo
0x087A7CF8	rom	sFourIslandIcefallCaveEntrance_FireRed_FishingMons
0x087A7D20	rom	sFourIslandIcefallCaveEntrance_FireRed_FishingMonsInfo
0x087A7D28	rom	sFourIslandIcefallCave1F_FireRed_LandMons
0x087A7D58	rom	sFourIslandIcefallCave1F_FireRed_LandMonsInfo
0x087A7D60	rom	sFourIslandIcefallCaveB1F_FireRed_LandMons
0x087A7D90	rom	sFourIslandIcefallCaveB1F_FireRed_LandMonsInfo
0x087A7D98	rom	sFourIslandIcefallCaveBack_FireRed_LandMons
0x087A7DC8	rom	sFourIslandIcefallCaveBack_FireRed_LandMonsInfo
0x087A7DD0	rom	sFourIslandIcefallCaveBack_FireRed_WaterMons
0x087A7DE4	rom	sFourIslandIcefallCaveBack_FireRed_WaterMonsInfo
0x087A7DEC	rom	sFourIslandIcefallCaveBack_FireRed_FishingMons
0x087A7E14	rom	sFourIslandIcefallCaveBack_FireRed_FishingMonsInfo
0x087A7E1C	rom	sSixIslandPatternBush_FireRed_LandMons
0x087A7E4C	rom	sSixIslandPatternBush_FireRed_LandMonsInfo
0x087A7E54	rom	sFiveIslandLostCaveRoom1_FireRed_LandMons
0x087A7E84	rom	sFiveIslandLostCaveRoom1_FireRed_LandMonsInfo
0x087A7E8C	rom	sFiveIslandLostCaveRoom2_FireRed_LandMons
0x087A7EBC	rom	sFiveIslandLostCaveRoom2_FireRed_LandMonsInfo
0x087A7EC4	rom	sFiveIslandLostCaveRoom3_FireRed_LandMons
0x087A7EF4	rom	sFiveIslandLostCaveRoom3_FireRed_LandMonsInfo
0x087A7EFC	rom	sFiveIslandLostCaveRoom4_FireRed_LandMons
0x087A7F2C	rom	sFiveIslandLostCaveRoom4_FireRed_LandMonsInfo
0x087A7F34	rom	sFiveIslandLostCaveRoom5_FireRed_LandMons
0x087A7F64	rom	sFiveIslandLostCaveRoom5_FireRed_LandMonsInfo
0x087A7F6C	rom	sFiveIslandLostCaveRoom6_FireRed_LandMons
0x087A7F9C	rom	sFiveIslandLostCaveRoom6_FireRed_LandMonsInfo
0x087A7FA4	rom	sFiveIslandLostCaveRoom7_FireRed_LandMons
0x087A7FD4	rom	sFiveIslandLostCaveRoom7_FireRed_LandMonsInfo
0x087A7FDC	rom	sFiveIslandLostCaveRoom8_FireRed_LandMons
0x087A800C	rom	sFiveIslandLostCaveRoom8_FireRed_LandMonsInfo
0x087A8014	rom	sFiveIslandLostCaveRoom9_FireRed_LandMons
0x087A8044	rom	sFiveIslandLostCaveRoom9_FireRed_LandMonsInfo
0x087A804C	rom	sFiveIslandLostCaveRoom10_FireRed_LandMons
0x087A807C	rom	sFiveIslandLostCaveRoom10_FireRed_LandMonsInfo
0x087A8084	rom	sFiveIslandLostCaveRoom11_FireRed_LandMons
0x087A80B4	rom	sFiveIslandLostCaveRoom11_FireRed_LandMonsInfo
0x087A80BC	rom	sFiveIslandLostCaveRoom12_FireRed_LandMons
0x087A80EC	rom	sFiveIslandLostCaveRoom12_FireRed_LandMonsInfo
0x087A80F4	rom	sFiveIslandLostCaveRoom13_FireRed_LandMons
0x087A8124	rom	sFiveIslandLostCaveRoom13_FireRed_LandMonsInfo
0x087A812C	rom	sFiveIslandLostCaveRoom14_FireRed_LandMons
0x087A815C	rom	sFiveIslandLostCaveRoom14_FireRed_LandMonsInfo
0x087A8164	rom	sOneIslandKindleRoad_FireRed_LandMons
0x087A8194	rom	sOneIslandKindleRoad_FireRed_LandMonsInfo
0x087A819C	rom	sOneIslandKindleRoad_FireRed_WaterMons
0x087A81B0	rom	sOneIslandKindleRoad_FireRed_WaterMonsInfo
0x087A81B8	rom	sOneIslandKindleRoad_FireRed_RockSmashMons
0x087A81CC	rom	sOneIslandKindleRoad_FireRed_RockSmashMonsInfo
0x087A81D4	rom	sOneIslandKindleRoad_FireRed_FishingMons
0x087A81FC	rom	sOneIslandKindleRoad_FireRed_FishingMonsInfo
0x087A8204	rom	sOneIslandTreasureBeach_FireRed_LandMons
0x087A8234	rom	sOneIslandTreasureBeach_FireRed_LandMonsInfo
0x087A823C	rom	sOneIslandTreasureBeach_FireRed_WaterMons
0x087A8250	rom	sOneIslandTreasureBeach_FireRed_WaterMonsInfo
0x087A8258	rom	sOneIslandTreasureBeach_FireRed_FishingMons
0x087A8280	rom	sOneIslandTreasureBeach_FireRed_FishingMonsInfo
0x087A8288	rom	sTwoIslandCapeBrink_FireRed_LandMons
0x087A82B8	rom	sTwoIslandCapeBrink_FireRed_LandMonsInfo
0x087A82C0	rom	sTwoIslandCapeBrink_FireRed_WaterMons
0x087A82D4	rom	sTwoIslandCapeBrink_FireRed_WaterMonsInfo
0x087A82DC	rom	sTwoIslandCapeBrink_FireRed_FishingMons
0x087A8304	rom	sTwoIslandCapeBrink_FireRed_FishingMonsInfo
0x087A830C	rom	sThreeIslandBondBridge_FireRed_LandMons
0x087A833C	rom	sThreeIslandBondBridge_FireRed_LandMonsInfo
0x087A8344	rom	sThreeIslandBondBridge_FireRed_WaterMons
0x087A8358	rom	sThreeIslandBondBridge_FireRed_WaterMonsInfo
0x087A8360	rom	sThreeIslandBondBridge_FireRed_FishingMons
0x087A8388	rom	sThreeIslandBondBridge_FireRed_FishingMonsInfo
0x087A8390	rom	sThreeIslandPort_FireRed_LandMons
0x087A83C0	rom	sThreeIslandPort_FireRed_LandMonsInfo
0x087A83C8	rom	sFiveIslandResortGorgeous_FireRed_WaterMons
0x087A83DC	rom	sFiveIslandResortGorgeous_FireRed_WaterMonsInfo
0x087A83E4	rom	sFiveIslandResortGorgeous_FireRed_FishingMons
0x087A840C	rom	sFiveIslandResortGorgeous_FireRed_FishingMonsInfo
0x087A8414	rom	sFiveIslandWaterLabyrinth_FireRed_WaterMons
0x087A8428	rom	sFiveIslandWaterLabyrinth_FireRed_WaterMonsInfo
0x087A8430	rom	sFiveIslandWaterLabyrinth_FireRed_FishingMons
0x087A8458	rom	sFiveIslandWaterLabyrinth_FireRed_FishingMonsInfo
0x087A8460	rom	sFiveIslandMeadow_FireRed_LandMons
0x087A8490	rom	sFiveIslandMeadow_FireRed_LandMonsInfo
0x087A8498	rom	sFiveIslandMeadow_FireRed_WaterMons
0x087A84AC	rom	sFiveIslandMeadow_FireRed_WaterMonsInfo
0x087A84B4	rom	sFiveIslandMeadow_FireRed_FishingMons
0x087A84DC	rom	sFiveIslandMeadow_FireRed_FishingMonsInfo
0x087A84E4	rom	sFiveIslandMemorialPillar_FireRed_LandMons
0x087A8514	rom	sFiveIslandMemorialPillar_FireRed_LandMonsInfo
0x087A851C	rom	sFiveIslandMemorialPillar_FireRed_WaterMons
0x087A8530	rom	sFiveIslandMemorialPillar_FireRed_WaterMonsInfo
0x087A8538	rom	sFiveIslandMemorialPillar_FireRed_FishingMons
0x087A8560	rom	sFiveIslandMemorialPillar_FireRed_FishingMonsInfo
0x087A8568	rom	sSixIslandOutcastIsland_FireRed_WaterMons
0x087A857C	rom	sSixIslandOutcastIsland_FireRed_WaterMonsInfo
0x087A8584	rom	sSixIslandOutcastIsland_FireRed_FishingMons
0x087A85AC	rom	sSixIslandOutcastIsland_FireRed_FishingMonsInfo
0x087A85B4	rom	sSixIslandGreenPath_FireRed_WaterMons
0x087A85C8	rom	sSixIslandGreenPath_FireRed_WaterMonsInfo
0x087A85D0	rom	sSixIslandGreenPath_FireRed_FishingMons
0x087A85F8	rom	sSixIslandGreenPath_FireRed_FishingMonsInfo
0x087A8600	rom	sSixIslandWaterPath_FireRed_LandMons
0x087A8630	rom	sSixIslandWaterPath_FireRed_LandMonsInfo
0x087A8638	rom	sSixIslandWaterPath_FireRed_WaterMons
0x087A864C	rom	sSixIslandWaterPath_FireRed_WaterMonsInfo
0x087A8654	rom	sSixIslandWaterPath_FireRed_FishingMons
0x087A867C	rom	sSixIslandWaterPath_FireRed_FishingMonsInfo
0x087A8684	rom	sSixIslandRuinValley_FireRed_LandMons
0x087A86B4	rom	sSixIslandRuinValley_FireRed_LandMonsInfo
0x087A86BC	rom	sSixIslandRuinValley_FireRed_WaterMons
0x087A86D0	rom	sSixIslandRuinValley_FireRed_WaterMonsInfo
0x087A86D8	rom	sSixIslandRuinValley_FireRed_FishingMons
0x087A8700	rom	sSixIslandRuinValley_FireRed_FishingMonsInfo
0x087A8708	rom	sSevenIslandTrainerTower_FireRed_WaterMons
0x087A871C	rom	sSevenIslandTrainerTower_FireRed_WaterMonsInfo
0x087A8724	rom	sSevenIslandTrainerTower_FireRed_FishingMons
0x087A874C	rom	sSevenIslandTrainerTower_FireRed_FishingMonsInfo
0x087A8754	rom	sSevenIslandSevaultCanyonEntrance_FireRed_LandMons
0x087A8784	rom	sSevenIslandSevaultCanyonEntrance_FireRed_LandMonsInfo
0x087A878C	rom	sSevenIslandSevaultCanyon_FireRed_LandMons
0x087A87BC	rom	sSevenIslandSevaultCanyon_FireRed_LandMonsInfo
0x087A87C4	rom	sSevenIslandSevaultCanyon_FireRed_RockSmashMons
0x087A87D8	rom	sSevenIslandSevaultCanyon_FireRed_RockSmashMonsInfo
0x087A87E0	rom	sSevenIslandTanobyRuins_FireRed_WaterMons
0x087A87F4	rom	sSevenIslandTanobyRuins_FireRed_WaterMonsInfo
0x087A87FC	rom	sSevenIslandTanobyRuins_FireRed_FishingMons
0x087A8824	rom	sSevenIslandTanobyRuins_FireRed_FishingMonsInfo
0x087A882C	rom	sRoute1_FireRed_LandMons
0x087A885C	rom	sRoute1_FireRed_LandMonsInfo
0x087A8864	rom	sRoute2_FireRed_LandMons
0x087A8894	rom	sRoute2_FireRed_LandMonsInfo
0x087A889C	rom	sRoute3_FireRed_LandMons
0x087A88CC	rom	sRoute3_FireRed_LandMonsInfo
0x087A88D4	rom	sRoute4_FireRed_LandMons
0x087A8904	rom	sRoute4_FireRed_LandMonsInfo
0x087A890C	rom	sRoute4_FireRed_WaterMons
0x087A8920	rom	sRoute4_FireRed_WaterMonsInfo
0x087A8928	rom	sRoute4_FireRed_FishingMons
0x087A8950	rom	sRoute4_FireRed_FishingMonsInfo
0x087A8958	rom	sRoute5_FireRed_LandMons
0x087A8988	rom	sRoute5_FireRed_LandMonsInfo
0x087A8990	rom	sRoute6_FireRed_LandMons
0x087A89C0	rom	sRoute6_FireRed_LandMonsInfo
0x087A89C8	rom	sRoute6_FireRed_WaterMons
0x087A89DC	rom	sRoute6_FireRed_WaterMonsInfo
0x087A89E4	rom	sRoute6_FireRed_FishingMons
0x087A8A0C	rom	sRoute6_FireRed_FishingMonsInfo
0x087A8A14	rom	sRoute7_FireRed_LandMons
0x087A8A44	rom	sRoute7_FireRed_LandMonsInfo
0x087A8A4C	rom	sRoute8_FireRed_LandMons
0x087A8A7C	rom	sRoute8_FireRed_LandMonsInfo
0x087A8A84	rom	sRoute9_FireRed_LandMons
0x087A8AB4	rom	sRoute9_FireRed_LandMonsInfo
0x087A8ABC	rom	sRoute10_FireRed_LandMons
0x087A8AEC	rom	sRoute10_FireRed_LandMonsInfo
0x087A8AF4	rom	sRoute10_FireRed_WaterMons
0x087A8B08	rom	sRoute10_FireRed_WaterMonsInfo
0x087A8B10	rom	sRoute10_FireRed_FishingMons
0x087A8B38	rom	sRoute10_FireRed_FishingMonsInfo
0x087A8B40	rom	sRoute11_FireRed_LandMons
0x087A8B70	rom	sRoute11_FireRed_LandMonsInfo
0x087A8B78	rom	sRoute11_FireRed_WaterMons
0x087A8B8C	rom	sRoute11_FireRed_WaterMonsInfo
0x087A8B94	rom	sRoute11_FireRed_FishingMons
0x087A8BBC	rom	sRoute11_FireRed_FishingMonsInfo
0x087A8BC4	rom	sRoute12_FireRed_LandMons
0x087A8BF4	rom	sRoute12_FireRed_LandMonsInfo
0x087A8BFC	rom	sRoute12_FireRed_WaterMons
0x087A8C10	rom	sRoute12_FireRed_WaterMonsInfo
0x087A8C18	rom	sRoute12_FireRed_FishingMons
0x087A8C40	rom	sRoute12_FireRed_FishingMonsInfo
0x087A8C48	rom	sRoute13_FireRed_LandMons
0x087A8C78	rom	sRoute13_FireRed_LandMonsInfo
0x087A8C80	rom	sRoute13_FireRed_WaterMons
0x087A8C94	rom	sRoute13_FireRed_WaterMonsInfo
0x087A8C9C	rom	sRoute13_FireRed_FishingMons
0x087A8CC4	rom	sRoute13_FireRed_FishingMonsInfo
0x087A8CCC	rom	sRoute14_FireRed_LandMons
0x087A8CFC	rom	sRoute14_FireRed_LandMonsInfo
0x087A8D04	rom	sRoute15_FireRed_LandMons
0x087A8D34	rom	sRoute15_FireRed_LandMonsInfo
0x087A8D3C	rom	sRoute16_FireRed_LandMons
0x087A8D6C	rom	sRoute16_FireRed_LandMonsInfo
0x087A8D74	rom	sRoute17_FireRed_LandMons
0x087A8DA4	rom	sRoute17_FireRed_LandMonsInfo
0x087A8DAC	rom	sRoute18_FireRed_LandMons
0x087A8DDC	rom	sRoute18_FireRed_LandMonsInfo
0x087A8DE4	rom	sRoute19_FireRed_WaterMons
0x087A8DF8	rom	sRoute19_FireRed_WaterMonsInfo
0x087A8E00	rom	sRoute19_FireRed_FishingMons
0x087A8E28	rom	sRoute19_FireRed_FishingMonsInfo
0x087A8E30	rom	sRoute20_FireRed_WaterMons
0x087A8E44	rom	sRoute20_FireRed_WaterMonsInfo
0x087A8E4C	rom	sRoute20_FireRed_FishingMons
0x087A8E74	rom	sRoute20_FireRed_FishingMonsInfo
0x087A8E7C	rom	sRoute21North_FireRed_LandMons
0x087A8EAC	rom	sRoute21North_FireRed_LandMonsInfo
0x087A8EB4	rom	sRoute21North_FireRed_WaterMons
0x087A8EC8	rom	sRoute21North_FireRed_WaterMonsInfo
0x087A8ED0	rom	sRoute21North_FireRed_FishingMons
0x087A8EF8	rom	sRoute21North_FireRed_FishingMonsInfo
0x087A8F00	rom	sRoute21South_FireRed_LandMons
0x087A8F30	rom	sRoute21South_FireRed_LandMonsInfo
0x087A8F38	rom	sRoute21South_FireRed_WaterMons
0x087A8F4C	rom	sRoute21South_FireRed_WaterMonsInfo
0x087A8F54	rom	sRoute21South_FireRed_FishingMons
0x087A8F7C	rom	sRoute21South_FireRed_FishingMonsInfo
0x087A8F84	rom	sRoute22_FireRed_LandMons
0x087A8FB4	rom	sRoute22_FireRed_LandMonsInfo
0x087A8FBC	rom	sRoute22_FireRed_WaterMons
0x087A8FD0	rom	sRoute22_FireRed_WaterMonsInfo
0x087A8FD8	rom	sRoute22_FireRed_FishingMons
0x087A9000	rom	sRoute22_FireRed_FishingMonsInfo
0x087A9008	rom	sRoute23_FireRed_LandMons
0x087A9038	rom	sRoute23_FireRed_LandMonsInfo
0x087A9040	rom	sRoute23_FireRed_WaterMons
0x087A9054	rom	sRoute23_FireRed_WaterMonsInfo
0x087A905C	rom	sRoute23_FireRed_FishingMons
0x087A9084	rom	sRoute23_FireRed_FishingMonsInfo
0x087A908C	rom	sRoute24_FireRed_LandMons
0x087A90BC	rom	sRoute24_FireRed_LandMonsInfo
0x087A90C4	rom	sRoute24_FireRed_WaterMons
0x087A90D8	rom	sRoute24_FireRed_WaterMonsInfo
0x087A90E0	rom	sRoute24_FireRed_FishingMons
0x087A9108	rom	sRoute24_FireRed_FishingMonsInfo
0x087A9110	rom	sRoute25_FireRed_LandMons
0x087A9140	rom	sRoute25_FireRed_LandMonsInfo
0x087A9148	rom	sRoute25_FireRed_WaterMons
0x087A915C	rom	sRoute25_FireRed_WaterMonsInfo
0x087A9164	rom	sRoute25_FireRed_FishingMons
0x087A918C	rom	sRoute25_FireRed_FishingMonsInfo
0x087A9194	rom	sPalletTown_FireRed_WaterMons
0x087A91A8	rom	sPalletTown_FireRed_WaterMonsInfo
0x087A91B0	rom	sPalletTown_FireRed_FishingMons
0x087A91D8	rom	sPalletTown_FireRed_FishingMonsInfo
0x087A91E0	rom	sViridianCity_FireRed_WaterMons
0x087A91F4	rom	sViridianCity_FireRed_WaterMonsInfo
0x087A91FC	rom	sViridianCity_FireRed_FishingMons
0x087A9224	rom	sViridianCity_FireRed_FishingMonsInfo
0x087A922C	rom	sCeruleanCity_FireRed_WaterMons
0x087A9240	rom	sCeruleanCity_FireRed_WaterMonsInfo
0x087A9248	rom	sCeruleanCity_FireRed_FishingMons
0x087A9270	rom	sCeruleanCity_FireRed_FishingMonsInfo
0x087A9278	rom	sVermilionCity_FireRed_WaterMons
0x087A928C	rom	sVermilionCity_FireRed_WaterMonsInfo
0x087A9294	rom	sVermilionCity_FireRed_FishingMons
0x087A92BC	rom	sVermilionCity_FireRed_FishingMonsInfo
0x087A92C4	rom	sCeladonCity_FireRed_WaterMons
0x087A92D8	rom	sCeladonCity_FireRed_WaterMonsInfo
0x087A92E0	rom	sCeladonCity_FireRed_FishingMons
0x087A9308	rom	sCeladonCity_FireRed_FishingMonsInfo
0x087A9310	rom	sFuchsiaCity_FireRed_WaterMons
0x087A9324	rom	sFuchsiaCity_FireRed_WaterMonsInfo
0x087A932C	rom	sFuchsiaCity_FireRed_FishingMons
0x087A9354	rom	sFuchsiaCity_FireRed_FishingMonsInfo
0x087A935C	rom	sCinnabarIsland_FireRed_WaterMons
0x087A9370	rom	sCinnabarIsland_FireRed_WaterMonsInfo
0x087A9378	rom	sCinnabarIsland_FireRed_FishingMons
0x087A93A0	rom	sCinnabarIsland_FireRed_FishingMonsInfo
0x087A93A8	rom	sOneIsland_FireRed_WaterMons
0x087A93BC	rom	sOneIsland_FireRed_WaterMonsInfo
0x087A93C4	rom	sOneIsland_FireRed_FishingMons
0x087A93EC	rom	sOneIsland_FireRed_FishingMonsInfo
0x087A93F4	rom	sFourIsland_FireRed_WaterMons
0x087A9408	rom	sFourIsland_FireRed_WaterMonsInfo
0x087A9410	rom	sFourIsland_FireRed_FishingMons
0x087A9438	rom	sFourIsland_FireRed_FishingMonsInfo
0x087A9440	rom	sFiveIsland_FireRed_WaterMons
0x087A9454	rom	sFiveIsland_FireRed_WaterMonsInfo
0x087A945C	rom	sFiveIsland_FireRed_FishingMons
0x087A9484	rom	sFiveIsland_FireRed_FishingMonsInfo
0x087A948C	rom	sSixIslandAlteringCave_FireRed_LandMons
0x087A94BC	rom	sSixIslandAlteringCave_FireRed_LandMonsInfo
0x087A94C4	rom	sSixIslandAlteringCave_2_FireRed_LandMons
0x087A94F4	rom	sSixIslandAlteringCave_2_FireRed_LandMonsInfo
0x087A94FC	rom	sSixIslandAlteringCave_3_FireRed_LandMons
0x087A952C	rom	sSixIslandAlteringCave_3_FireRed_LandMonsInfo
0x087A9534	rom	sSixIslandAlteringCave_4_FireRed_LandMons
0x087A9564	rom	sSixIslandAlteringCave_4_FireRed_LandMonsInfo
0x087A956C	rom	sSixIslandAlteringCave_5_FireRed_LandMons
0x087A959C	rom	sSixIslandAlteringCave_5_FireRed_LandMonsInfo
0x087A95A4	rom	sSixIslandAlteringCave_6_FireRed_LandMons
0x087A95D4	rom	sSixIslandAlteringCave_6_FireRed_LandMonsInfo
0x087A95DC	rom	sSixIslandAlteringCave_7_FireRed_LandMons
0x087A960C	rom	sSixIslandAlteringCave_7_FireRed_LandMonsInfo
0x087A9614	rom	sSixIslandAlteringCave_8_FireRed_LandMons
0x087A9644	rom	sSixIslandAlteringCave_8_FireRed_LandMonsInfo
0x087A964C	rom	sSixIslandAlteringCave_9_FireRed_LandMons
0x087A967C	rom	sSixIslandAlteringCave_9_FireRed_LandMonsInfo
0x087A9684	rom	sSevenIslandTanobyRuinsMoneanChamber_LeafGreen_LandMons
0x087A96B4	rom	sSevenIslandTanobyRuinsMoneanChamber_LeafGreen_LandMonsInfo
0x087A96BC	rom	sSevenIslandTanobyRuinsLiptooChamber_LeafGreen_LandMons
0x087A96EC	rom	sSevenIslandTanobyRuinsLiptooChamber_LeafGreen_LandMonsInfo
0x087A96F4	rom	sSevenIslandTanobyRuinsWeepthChamber_LeafGreen_LandMons
0x087A9724	rom	sSevenIslandTanobyRuinsWeepthChamber_LeafGreen_LandMonsInfo
0x087A972C	rom	sSevenIslandTanobyRuinsDilfordChamber_LeafGreen_LandMons
0x087A975C	rom	sSevenIslandTanobyRuinsDilfordChamber_LeafGreen_LandMonsInfo
0x087A9764	rom	sSevenIslandTanobyRuinsScufibChamber_LeafGreen_LandMons
0x087A9794	rom	sSevenIslandTanobyRuinsScufibChamber_LeafGreen_LandMonsInfo
0x087A979C	rom	sSevenIslandTanobyRuinsRixyChamber_LeafGreen_LandMons
0x087A97CC	rom	sSevenIslandTanobyRuinsRixyChamber_LeafGreen_LandMonsInfo
0x087A97D4	rom	sSevenIslandTanobyRuinsViapoisChamber_LeafGreen_LandMons
0x087A9804	rom	sSevenIslandTanobyRuinsViapoisChamber_LeafGreen_LandMonsInfo
0x087A980C	rom	sViridianForest_LeafGreen_LandMons
0x087A983C	rom	sViridianForest_LeafGreen_LandMonsInfo
0x087A9844	rom	sMtMoon1F_LeafGreen_LandMons
0x087A9874	rom	sMtMoon1F_LeafGreen_LandMonsInfo
0x087A987C	rom	sMtMoonB1F_LeafGreen_LandMons
0x087A98AC	rom	sMtMoonB1F_LeafGreen_LandMonsInfo
0x087A98B4	rom	sMtMoonB2F_LeafGreen_LandMons
0x087A98E4	rom	sMtMoonB2F_LeafGreen_LandMonsInfo
0x087A98EC	rom	sSSAnneExterior_LeafGreen_WaterMons
0x087A9900	rom	sSSAnneExterior_LeafGreen_WaterMonsInfo
0x087A9908	rom	sSSAnneExterior_LeafGreen_FishingMons
0x087A9930	rom	sSSAnneExterior_LeafGreen_FishingMonsInfo
0x087A9938	rom	sDiglettsCaveB1F_LeafGreen_LandMons
0x087A9968	rom	sDiglettsCaveB1F_LeafGreen_LandMonsInfo
0x087A9970	rom	sVictoryRoad1F_LeafGreen_LandMons
0x087A99A0	rom	sVictoryRoad1F_LeafGreen_LandMonsInfo
0x087A99A8	rom	sVictoryRoad2F_LeafGreen_LandMons
0x087A99D8	rom	sVictoryRoad2F_LeafGreen_LandMonsInfo
0x087A99E0	rom	sVictoryRoad3F_LeafGreen_LandMons
0x087A9A10	rom	sVictoryRoad3F_LeafGreen_LandMonsInfo
0x087A9A18	rom	sPokemonMansion1F_LeafGreen_LandMons
0x087A9A48	rom	sPokemonMansion1F_LeafGreen_LandMonsInfo
0x087A9A50	rom	sPokemonMansion2F_LeafGreen_LandMons
0x087A9A80	rom	sPokemonMansion2F_LeafGreen_LandMonsInfo
0x087A9A88	rom	sPokemonMansion3F_LeafGreen_LandMons
0x087A9AB8	rom	sPokemonMansion3F_LeafGreen_LandMonsInfo
0x087A9AC0	rom	sPokemonMansionB1F_LeafGreen_LandMons
0x087A9AF0	rom	sPokemonMansionB1F_LeafGreen_LandMonsInfo
0x087A9AF8	rom	sSafariZoneCenter_LeafGreen_LandMons
0x087A9B28	rom	sSafariZoneCenter_LeafGreen_LandMonsInfo
0x087A9B30	rom	sSafariZoneCenter_LeafGreen_WaterMons
0x087A9B44	rom	sSafariZoneCenter_LeafGreen_WaterMonsInfo
0x087A9B4C	rom	sSafariZoneCenter_LeafGreen_FishingMons
0x087A9B74	rom	sSafariZoneCenter_LeafGreen_FishingMonsInfo
0x087A9B7C	rom	sSafariZoneEast_LeafGreen_LandMons
0x087A9BAC	rom	sSafariZoneEast_LeafGreen_LandMonsInfo
0x087A9BB4	rom	sSafariZoneEast_LeafGreen_WaterMons
0x087A9BC8	rom	sSafariZoneEast_LeafGreen_WaterMonsInfo
0x087A9BD0	rom	sSafariZoneEast_LeafGreen_FishingMons
0x087A9BF8	rom	sSafariZoneEast_LeafGreen_FishingMonsInfo
0x087A9C00	rom	sSafariZoneNorth_LeafGreen_LandMons
0x087A9C30	rom	sSafariZoneNorth_LeafGreen_LandMonsInfo
0x087A9C38	rom	sSafariZoneNorth_LeafGreen_WaterMons
0x087A9C4C	rom	sSafariZoneNorth_LeafGreen_WaterMonsInfo
0x087A9C54	rom	sSafariZoneNorth_LeafGreen_FishingMons
0x087A9C7C	rom	sSafariZoneNorth_LeafGreen_FishingMonsInfo
0x087A9C84	rom	sSafariZoneWest_LeafGreen_LandMons
0x087A9CB4	rom	sSafariZoneWest_LeafGreen_LandMonsInfo
0x087A9CBC	rom	sSafariZoneWest_LeafGreen_WaterMons
0x087A9CD0	rom	sSafariZoneWest_LeafGreen_WaterMonsInfo
0x087A9CD8	rom	sSafariZoneWest_LeafGreen_FishingMons
0x087A9D00	rom	sSafariZoneWest_LeafGreen_FishingMonsInfo
0x087A9D08	rom	sCeruleanCave1F_LeafGreen_LandMons
0x087A9D38	rom	sCeruleanCave1F_LeafGreen_LandMonsInfo
0x087A9D40	rom	sCeruleanCave1F_LeafGreen_WaterMons
0x087A9D54	rom	sCeruleanCave1F_LeafGreen_WaterMonsInfo
0x087A9D5C	rom	sCeruleanCave1F_LeafGreen_RockSmashMons
0x087A9D70	rom	sCeruleanCave1F_LeafGreen_RockSmashMonsInfo
0x087A9D78	rom	sCeruleanCave1F_LeafGreen_FishingMons
0x087A9DA0	rom	sCeruleanCave1F_LeafGreen_FishingMonsInfo
0x087A9DA8	rom	sCeruleanCave2F_LeafGreen_LandMons
0x087A9DD8	rom	sCeruleanCave2F_LeafGreen_LandMonsInfo
0x087A9DE0	rom	sCeruleanCave2F_LeafGreen_RockSmashMons
0x087A9DF4	rom	sCeruleanCave2F_LeafGreen_RockSmashMonsInfo
0x087A9DFC	rom	sCeruleanCaveB1F_LeafGreen_LandMons
0x087A9E2C	rom	sCeruleanCaveB1F_LeafGreen_LandMonsInfo
0x087A9E34	rom	sCeruleanCaveB1F_LeafGreen_WaterMons
0x087A9E48	rom	sCeruleanCaveB1F_LeafGreen_WaterMonsInfo
0x087A9E50	rom	sCeruleanCaveB1F_LeafGreen_RockSmashMons
0x087A9E64	rom	sCeruleanCaveB1F_LeafGreen_RockSmashMonsInfo
0x087A9E6C	rom	sCeruleanCaveB1F_LeafGreen_FishingMons
0x087A9E94	rom	sCeruleanCaveB1F_LeafGreen_FishingMonsInfo
0x087A9E9C	rom	sRockTunnel1F_LeafGreen_LandMons
0x087A9ECC	rom	sRockTunnel1F_LeafGreen_LandMonsInfo
0x087A9ED4	rom	sRockTunnelB1F_LeafGreen_LandMons
0x087A9F04	rom	sRockTunnelB1F_LeafGreen_LandMonsInfo
0x087A9F0C	rom	sRockTunnelB1F_LeafGreen_RockSmashMons
0x087A9F20	rom	sRockTunnelB1F_LeafGreen_RockSmashMonsInfo
0x087A9F28	rom	sSeafoamIslands1F_LeafGreen_LandMons
0x087A9F58	rom	sSeafoamIslands1F_LeafGreen_LandMonsInfo
0x087A9F60	rom	sSeafoamIslandsB1F_LeafGreen_LandMons
0x087A9F90	rom	sSeafoamIslandsB1F_LeafGreen_LandMonsInfo
0x087A9F98	rom	sSeafoamIslandsB2F_LeafGreen_LandMons
0x087A9FC8	rom	sSeafoamIslandsB2F_LeafGreen_LandMonsInfo
0x087A9FD0	rom	sSeafoamIslandsB3F_LeafGreen_LandMons
0x087AA000	rom	sSeafoamIslandsB3F_LeafGreen_LandMonsInfo
0x087AA008	rom	sSeafoamIslandsB3F_LeafGreen_WaterMons
0x087AA01C	rom	sSeafoamIslandsB3F_LeafGreen_WaterMonsInfo
0x087AA024	rom	sSeafoamIslandsB3F_LeafGreen_FishingMons
0x087AA04C	rom	sSeafoamIslandsB3F_LeafGreen_FishingMonsInfo
0x087AA054	rom	sSeafoamIslandsB4F_LeafGreen_LandMons
0x087AA084	rom	sSeafoamIslandsB4F_LeafGreen_LandMonsInfo
0x087AA08C	rom	sSeafoamIslandsB4F_LeafGreen_WaterMons
0x087AA0A0	rom	sSeafoamIslandsB4F_LeafGreen_WaterMonsInfo
0x087AA0A8	rom	sSeafoamIslandsB4F_LeafGreen_FishingMons
0x087AA0D0	rom	sSeafoamIslandsB4F_LeafGreen_FishingMonsInfo
0x087AA0D8	rom	sPokemonTower3F_LeafGreen_LandMons
0x087AA108	rom	sPokemonTower3F_LeafGreen_LandMonsInfo
0x087AA110	rom	sPokemonTower4F_LeafGreen_LandMons
0x087AA140	rom	sPokemonTower4F_LeafGreen_LandMonsInfo
0x087AA148	rom	sPokemonTower5F_LeafGreen_LandMons
0x087AA178	rom	sPokemonTower5F_LeafGreen_LandMonsInfo
0x087AA180	rom	sPokemonTower6F_LeafGreen_LandMons
0x087AA1B0	rom	sPokemonTower6F_LeafGreen_LandMonsInfo
0x087AA1B8	rom	sPokemonTower7F_LeafGreen_LandMons
0x087AA1E8	rom	sPokemonTower7F_LeafGreen_LandMonsInfo
0x087AA1F0	rom	sPowerPlant_LeafGreen_LandMons
0x087AA220	rom	sPowerPlant_LeafGreen_LandMonsInfo
0x087AA228	rom	sMtEmberExterior_LeafGreen_LandMons
0x087AA258	rom	sMtEmberExterior_LeafGreen_LandMonsInfo
0x087AA260	rom	sMtEmberExterior_LeafGreen_RockSmashMons
0x087AA274	rom	sMtEmberExterior_LeafGreen_RockSmashMonsInfo
0x087AA27C	rom	sMtEmberSummitPath1F_LeafGreen_LandMons
0x087AA2AC	rom	sMtEmberSummitPath1F_LeafGreen_LandMonsInfo
0x087AA2B4	rom	sMtEmberSummitPath2F_LeafGreen_LandMons
0x087AA2E4	rom	sMtEmberSummitPath2F_LeafGreen_LandMonsInfo
0x087AA2EC	rom	sMtEmberSummitPath2F_LeafGreen_RockSmashMons
0x087AA300	rom	sMtEmberSummitPath2F_LeafGreen_RockSmashMonsInfo
0x087AA308	rom	sMtEmberSummitPath3F_LeafGreen_LandMons
0x087AA338	rom	sMtEmberSummitPath3F_LeafGreen_LandMonsInfo
0x087AA340	rom	sMtEmberRubyPath1F_LeafGreen_LandMons
0x087AA370	rom	sMtEmberRubyPath1F_LeafGreen_LandMonsInfo
0x087AA378	rom	sMtEmberRubyPath1F_LeafGreen_RockSmashMons
0x087AA38C	rom	sMtEmberRubyPath1F_LeafGreen_RockSmashMonsInfo
0x087AA394	rom	sMtEmberRubyPathB1F_LeafGreen_LandMons
0x087AA3C4	rom	sMtEmberRubyPathB1F_LeafGreen_LandMonsInfo
0x087AA3CC	rom	sMtEmberRubyPathB1F_LeafGreen_RockSmashMons
0x087AA3E0	rom	sMtEmberRubyPathB1F_LeafGreen_RockSmashMonsInfo
0x087AA3E8	rom	sMtEmberRubyPathB2F_LeafGreen_LandMons
0x087AA418	rom	sMtEmberRubyPathB2F_LeafGreen_LandMonsInfo
0x087AA420	rom	sMtEmberRubyPathB2F_LeafGreen_RockSmashMons
0x087AA434	rom	sMtEmberRubyPathB2F_LeafGreen_RockSmashMonsInfo
0x087AA43C	rom	sMtEmberRubyPathB3F_LeafGreen_LandMons
0x087AA46C	rom	sMtEmberRubyPathB3F_LeafGreen_LandMonsInfo
0x087AA474	rom	sMtEmberRubyPathB3F_LeafGreen_RockSmashMons
0x087AA488	rom	sMtEmberRubyPathB3F_LeafGreen_RockSmashMonsInfo
0x087AA490	rom	sMtEmberRubyPathB1FStairs_LeafGreen_LandMons
0x087AA4C0	rom	sMtEmberRubyPathB1FStairs_LeafGreen_LandMonsInfo
0x087AA4C8	rom	sMtEmberRubyPathB1FStairs_LeafGreen_RockSmashMons
0x087AA4DC	rom	sMtEmberRubyPathB1FStairs_LeafGreen_RockSmashMonsInfo
0x087AA4E4	rom	sMtEmberRubyPathB2FStairs_LeafGreen_LandMons
0x087AA514	rom	sMtEmberRubyPathB2FStairs_LeafGreen_LandMonsInfo
0x087AA51C	rom	sMtEmberRubyPathB2FStairs_LeafGreen_RockSmashMons
0x087AA530	rom	sMtEmberRubyPathB2FStairs_LeafGreen_RockSmashMonsInfo
0x087AA538	rom	sThreeIslandBerryForest_LeafGreen_LandMons
0x087AA568	rom	sThreeIslandBerryForest_LeafGreen_LandMonsInfo
0x087AA570	rom	sThreeIslandBerryForest_LeafGreen_WaterMons
0x087AA584	rom	sThreeIslandBerryForest_LeafGreen_WaterMonsInfo
0x087AA58C	rom	sThreeIslandBerryForest_LeafGreen_FishingMons
0x087AA5B4	rom	sThreeIslandBerryForest_LeafGreen_FishingMonsInfo
0x087AA5BC	rom	sFourIslandIcefallCaveEntrance_LeafGreen_LandMons
0x087AA5EC	rom	sFourIslandIcefallCaveEntrance_LeafGreen_LandMonsInfo
0x087AA5F4	rom	sFourIslandIcefallCaveEntrance_LeafGreen_WaterMons
0x087AA608	rom	sFourIslandIcefallCaveEntrance_LeafGreen_WaterMonsInfo
0x087AA610	rom	sFourIslandIcefallCaveEntrance_LeafGreen_FishingMons
0x087AA638	rom	sFourIslandIcefallCaveEntrance_LeafGreen_FishingMonsInfo
0x087AA640	rom	sFourIslandIcefallCave1F_LeafGreen_LandMons
0x087AA670	rom	sFourIslandIcefallCave1F_LeafGreen_LandMonsInfo
0x087AA678	rom	sFourIslandIcefallCaveB1F_LeafGreen_LandMons
0x087AA6A8	rom	sFourIslandIcefallCaveB1F_LeafGreen_LandMonsInfo
0x087AA6B0	rom	sFourIslandIcefallCaveBack_LeafGreen_LandMons
0x087AA6E0	rom	sFourIslandIcefallCaveBack_LeafGreen_LandMonsInfo
0x087AA6E8	rom	sFourIslandIcefallCaveBack_LeafGreen_WaterMons
0x087AA6FC	rom	sFourIslandIcefallCaveBack_LeafGreen_WaterMonsInfo
0x087AA704	rom	sFourIslandIcefallCaveBack_LeafGreen_FishingMons
0x087AA72C	rom	sFourIslandIcefallCaveBack_LeafGreen_FishingMonsInfo
0x087AA734	rom	sSixIslandPatternBush_LeafGreen_LandMons
0x087AA764	rom	sSixIslandPatternBush_LeafGreen_LandMonsInfo
0x087AA76C	rom	sFiveIslandLostCaveRoom1_LeafGreen_LandMons
0x087AA79C	rom	sFiveIslandLostCaveRoom1_LeafGreen_LandMonsInfo
0x087AA7A4	rom	sFiveIslandLostCaveRoom2_LeafGreen_LandMons
0x087AA7D4	rom	sFiveIslandLostCaveRoom2_LeafGreen_LandMonsInfo
0x087AA7DC	rom	sFiveIslandLostCaveRoom3_LeafGreen_LandMons
0x087AA80C	rom	sFiveIslandLostCaveRoom3_LeafGreen_LandMonsInfo
0x087AA814	rom	sFiveIslandLostCaveRoom4_LeafGreen_LandMons
0x087AA844	rom	sFiveIslandLostCaveRoom4_LeafGreen_LandMonsInfo
0x087AA84C	rom	sFiveIslandLostCaveRoom5_LeafGreen_LandMons
0x087AA87C	rom	sFiveIslandLostCaveRoom5_LeafGreen_LandMonsInfo
0x087AA884	rom	sFiveIslandLostCaveRoom6_LeafGreen_LandMons
0x087AA8B4	rom	sFiveIslandLostCaveRoom6_LeafGreen_LandMonsInfo
0x087AA8BC	rom	sFiveIslandLostCaveRoom7_LeafGreen_LandMons
0x087AA8EC	rom	sFiveIslandLostCaveRoom7_LeafGreen_LandMonsInfo
0x087AA8F4	rom	sFiveIslandLostCaveRoom8_LeafGreen_LandMons
0x087AA924	rom	sFiveIslandLostCaveRoom8_LeafGreen_LandMonsInfo
0x087AA92C	rom	sFiveIslandLostCaveRoom9_LeafGreen_LandMons
0x087AA95C	rom	sFiveIslandLostCaveRoom9_LeafGreen_LandMonsInfo
0x087AA964	rom	sFiveIslandLostCaveRoom10_LeafGreen_LandMons
0x087AA994	rom	sFiveIslandLostCaveRoom10_LeafGreen_LandMonsInfo
0x087AA99C	rom	sFiveIslandLostCaveRoom11_LeafGreen_LandMons
0x087AA9CC	rom	sFiveIslandLostCaveRoom11_LeafGreen_LandMonsInfo
0x087AA9D4	rom	sFiveIslandLostCaveRoom12_LeafGreen_LandMons
0x087AAA04	rom	sFiveIslandLostCaveRoom12_LeafGreen_LandMonsInfo
0x087AAA0C	rom	sFiveIslandLostCaveRoom13_LeafGreen_LandMons
0x087AAA3C	rom	sFiveIslandLostCaveRoom13_LeafGreen_LandMonsInfo
0x087AAA44	rom	sFiveIslandLostCaveRoom14_LeafGreen_LandMons
0x087AAA74	rom	sFiveIslandLostCaveRoom14_LeafGreen_LandMonsInfo
0x087AAA7C	rom	sOneIslandKindleRoad_LeafGreen_LandMons
0x087AAAAC	rom	sOneIslandKindleRoad_LeafGreen_LandMonsInfo
0x087AAAB4	rom	sOneIslandKindleRoad_LeafGreen_WaterMons
0x087AAAC8	rom	sOneIslandKindleRoad_LeafGreen_WaterMonsInfo
0x087AAAD0	rom	sOneIslandKindleRoad_LeafGreen_RockSmashMons
0x087AAAE4	rom	sOneIslandKindleRoad_LeafGreen_RockSmashMonsInfo
0x087AAAEC	rom	sOneIslandKindleRoad_LeafGreen_FishingMons
0x087AAB14	rom	sOneIslandKindleRoad_LeafGreen_FishingMonsInfo
0x087AAB1C	rom	sOneIslandTreasureBeach_LeafGreen_LandMons
0x087AAB4C	rom	sOneIslandTreasureBeach_LeafGreen_LandMonsInfo
0x087AAB54	rom	sOneIslandTreasureBeach_LeafGreen_WaterMons
0x087AAB68	rom	sOneIslandTreasureBeach_LeafGreen_WaterMonsInfo
0x087AAB70	rom	sOneIslandTreasureBeach_LeafGreen_FishingMons
0x087AAB98	rom	sOneIslandTreasureBeach_LeafGreen_FishingMonsInfo
0x087AABA0	rom	sTwoIslandCapeBrink_LeafGreen_LandMons
0x087AABD0	rom	sTwoIslandCapeBrink_LeafGreen_LandMonsInfo
0x087AABD8	rom	sTwoIslandCapeBrink_LeafGreen_WaterMons
0x087AABEC	rom	sTwoIslandCapeBrink_LeafGreen_WaterMonsInfo
0x087AABF4	rom	sTwoIslandCapeBrink_LeafGreen_FishingMons
0x087AAC1C	rom	sTwoIslandCapeBrink_LeafGreen_FishingMonsInfo
0x087AAC24	rom	sThreeIslandBondBridge_LeafGreen_LandMons
0x087AAC54	rom	sThreeIslandBondBridge_LeafGreen_LandMonsInfo
0x087AAC5C	rom	sThreeIslandBondBridge_LeafGreen_WaterMons
0x087AAC70	rom	sThreeIslandBondBridge_LeafGreen_WaterMonsInfo
0x087AAC78	rom	sThreeIslandBondBridge_LeafGreen_FishingMons
0x087AACA0	rom	sThreeIslandBondBridge_LeafGreen_FishingMonsInfo
0x087AACA8	rom	sThreeIslandPort_LeafGreen_LandMons
0x087AACD8	rom	sThreeIslandPort_LeafGreen_LandMonsInfo
0x087AACE0	rom	sFiveIslandResortGorgeous_LeafGreen_WaterMons
0x087AACF4	rom	sFiveIslandResortGorgeous_LeafGreen_WaterMonsInfo
0x087AACFC	rom	sFiveIslandResortGorgeous_LeafGreen_FishingMons
0x087AAD24	rom	sFiveIslandResortGorgeous_LeafGreen_FishingMonsInfo
0x087AAD2C	rom	sFiveIslandWaterLabyrinth_LeafGreen_WaterMons
0x087AAD40	rom	sFiveIslandWaterLabyrinth_LeafGreen_WaterMonsInfo
0x087AAD48	rom	sFiveIslandWaterLabyrinth_LeafGreen_FishingMons
0x087AAD70	rom	sFiveIslandWaterLabyrinth_LeafGreen_FishingMonsInfo
0x087AAD78	rom	sFiveIslandMeadow_LeafGreen_LandMons
0x087AADA8	rom	sFiveIslandMeadow_LeafGreen_LandMonsInfo
0x087AADB0	rom	sFiveIslandMeadow_LeafGreen_WaterMons
0x087AADC4	rom	sFiveIslandMeadow_LeafGreen_WaterMonsInfo
0x087AADCC	rom	sFiveIslandMeadow_LeafGreen_FishingMons
0x087AADF4	rom	sFiveIslandMeadow_LeafGreen_FishingMonsInfo
0x087AADFC	rom	sFiveIslandMemorialPillar_LeafGreen_LandMons
0x087AAE2C	rom	sFiveIslandMemorialPillar_LeafGreen_LandMonsInfo
0x087AAE34	rom	sFiveIslandMemorialPillar_LeafGreen_WaterMons
0x087AAE48	rom	sFiveIslandMemorialPillar_LeafGreen_WaterMonsInfo
0x087AAE50	rom	sFiveIslandMemorialPillar_LeafGreen_FishingMons
0x087AAE78	rom	sFiveIslandMemorialPillar_LeafGreen_FishingMonsInfo
0x087AAE80	rom	sSixIslandOutcastIsland_LeafGreen_WaterMons
0x087AAE94	rom	sSixIslandOutcastIsland_LeafGreen_WaterMonsInfo
0x087AAE9C	rom	sSixIslandOutcastIsland_LeafGreen_FishingMons
0x087AAEC4	rom	sSixIslandOutcastIsland_LeafGreen_FishingMonsInfo
0x087AAECC	rom	sSixIslandGreenPath_LeafGreen_WaterMons
0x087AAEE0	rom	sSixIslandGreenPath_LeafGreen_WaterMonsInfo
0x087AAEE8	rom	sSixIslandGreenPath_LeafGreen_FishingMons
0x087AAF10	rom	sSixIslandGreenPath_LeafGreen_FishingMonsInfo
0x087AAF18	rom	sSixIslandWaterPath_LeafGreen_LandMons
0x087AAF48	rom	sSixIslandWaterPath_LeafGreen_LandMonsInfo
0x087AAF50	rom	sSixIslandWaterPath_LeafGreen_WaterMons
0x087AAF64	rom	sSixIslandWaterPath_LeafGreen_WaterMonsInfo
0x087AAF6C	rom	sSixIslandWaterPath_LeafGreen_FishingMons
0x087AAF94	rom	sSixIslandWaterPath_LeafGreen_FishingMonsInfo
0x087AAF9C	rom	sSixIslandRuinValley_LeafGreen_LandMons
0x087AAFCC	rom	sSixIslandRuinValley_LeafGreen_LandMonsInfo
0x087AAFD4	rom	sSixIslandRuinValley_LeafGreen_WaterMons
0x087AAFE8	rom	sSixIslandRuinValley_LeafGreen_WaterMonsInfo
0x087AAFF0	rom	sSixIslandRuinValley_LeafGreen_FishingMons
0x087AB018	rom	sSixIslandRuinValley_LeafGreen_FishingMonsInfo
0x087AB020	rom	sSevenIslandTrainerTower_LeafGreen_WaterMons
0x087AB034	rom	sSevenIslandTrainerTower_LeafGreen_WaterMonsInfo
0x087AB03C	rom	sSevenIslandTrainerTower_LeafGreen_FishingMons
0x087AB064	rom	sSevenIslandTrainerTower_LeafGreen_FishingMonsInfo
0x087AB06C	rom	sSevenIslandSevaultCanyonEntrance_LeafGreen_LandMons
0x087AB09C	rom	sSevenIslandSevaultCanyonEntrance_LeafGreen_LandMonsInfo
0x087AB0A4	rom	sSevenIslandSevaultCanyon_LeafGreen_LandMons
0x087AB0D4	rom	sSevenIslandSevaultCanyon_LeafGreen_LandMonsInfo
0x087AB0DC	rom	sSevenIslandSevaultCanyon_LeafGreen_RockSmashMons
0x087AB0F0	rom	sSevenIslandSevaultCanyon_LeafGreen_RockSmashMonsInfo
0x087AB0F8	rom	sSevenIslandTanobyRuins_LeafGreen_WaterMons
0x087AB10C	rom	sSevenIslandTanobyRuins_LeafGreen_WaterMonsInfo
0x087AB114	rom	sSevenIslandTanobyRuins_LeafGreen_FishingMons
0x087AB13C	rom	sSevenIslandTanobyRuins_LeafGreen_FishingMonsInfo
0x087AB144	rom	sRoute1_LeafGreen_LandMons
0x087AB174	rom	sRoute1_LeafGreen_LandMonsInfo
0x087AB17C	rom	sRoute2_LeafGreen_LandMons
0x087AB1AC	rom	sRoute2_LeafGreen_LandMonsInfo
0x087AB1B4	rom	sRoute3_LeafGreen_LandMons
0x087AB1E4	rom	sRoute3_LeafGreen_LandMonsInfo
0x087AB1EC	rom	sRoute4_LeafGreen_LandMons
0x087AB21C	rom	sRoute4_LeafGreen_LandMonsInfo
0x087AB224	rom	sRoute4_LeafGreen_WaterMons
0x087AB238	rom	sRoute4_LeafGreen_WaterMonsInfo
0x087AB240	rom	sRoute4_LeafGreen_FishingMons
0x087AB268	rom	sRoute4_LeafGreen_FishingMonsInfo
0x087AB270	rom	sRoute5_LeafGreen_LandMons
0x087AB2A0	rom	sRoute5_LeafGreen_LandMonsInfo
0x087AB2A8	rom	sRoute6_LeafGreen_LandMons
0x087AB2D8	rom	sRoute6_LeafGreen_LandMonsInfo
0x087AB2E0	rom	sRoute6_LeafGreen_WaterMons
0x087AB2F4	rom	sRoute6_LeafGreen_WaterMonsInfo
0x087AB2FC	rom	sRoute6_LeafGreen_FishingMons
0x087AB324	rom	sRoute6_LeafGreen_FishingMonsInfo
0x087AB32C	rom	sRoute7_LeafGreen_LandMons
0x087AB35C	rom	sRoute7_LeafGreen_LandMonsInfo
0x087AB364	rom	sRoute8_LeafGreen_LandMons
0x087AB394	rom	sRoute8_LeafGreen_LandMonsInfo
0x087AB39C	rom	sRoute9_LeafGreen_LandMons
0x087AB3CC	rom	sRoute9_LeafGreen_LandMonsInfo
0x087AB3D4	rom	sRoute10_LeafGreen_LandMons
0x087AB404	rom	sRoute10_LeafGreen_LandMonsInfo
0x087AB40C	rom	sRoute10_LeafGreen_WaterMons
0x087AB420	rom	sRoute10_LeafGreen_WaterMonsInfo
0x087AB428	rom	sRoute10_LeafGreen_FishingMons
0x087AB450	rom	sRoute10_LeafGreen_FishingMonsInfo
0x087AB458	rom	sRoute11_LeafGreen_LandMons
0x087AB488	rom	sRoute11_LeafGreen_LandMonsInfo
0x087AB490	rom	sRoute11_LeafGreen_WaterMons
0x087AB4A4	rom	sRoute11_LeafGreen_WaterMonsInfo
0x087AB4AC	rom	sRoute11_LeafGreen_FishingMons
0x087AB4D4	rom	sRoute11_LeafGreen_FishingMonsInfo
0x087AB4DC	rom	sRoute12_LeafGreen_LandMons
0x087AB50C	rom	sRoute12_LeafGreen_LandMonsInfo
0x087AB514	rom	sRoute12_LeafGreen_WaterMons
0x087AB528	rom	sRoute12_LeafGreen_WaterMonsInfo
0x087AB530	rom	sRoute12_LeafGreen_FishingMons
0x087AB558	rom	sRoute12_LeafGreen_FishingMonsInfo
0x087AB560	rom	sRoute13_LeafGreen_LandMons
0x087AB590	rom	sRoute13_LeafGreen_LandMonsInfo
0x087AB598	rom	sRoute13_LeafGreen_WaterMons
0x087AB5AC	rom	sRoute13_LeafGreen_WaterMonsInfo
0x087AB5B4	rom	sRoute13_LeafGreen_FishingMons
0x087AB5DC	rom	sRoute13_LeafGreen_FishingMonsInfo
0x087AB5E4	rom	sRoute14_LeafGreen_LandMons
0x087AB614	rom	sRoute14_LeafGreen_LandMonsInfo
0x087AB61C	rom	sRoute15_LeafGreen_LandMons
0x087AB64C	rom	sRoute15_LeafGreen_LandMonsInfo
0x087AB654	rom	sRoute16_LeafGreen_LandMons
0x087AB684	rom	sRoute16_LeafGreen_LandMonsInfo
0x087AB68C	rom	sRoute17_LeafGreen_LandMons
0x087AB6BC	rom	sRoute17_LeafGreen_LandMonsInfo
0x087AB6C4	rom	sRoute18_LeafGreen_LandMons
0x087AB6F4	rom	sRoute18_LeafGreen_LandMonsInfo
0x087AB6FC	rom	sRoute19_LeafGreen_WaterMons
0x087AB710	rom	sRoute19_LeafGreen_WaterMonsInfo
0x087AB718	rom	sRoute19_LeafGreen_FishingMons
0x087AB740	rom	sRoute19_LeafGreen_FishingMonsInfo
0x087AB748	rom	sRoute20_LeafGreen_WaterMons
0x087AB75C	rom	sRoute20_LeafGreen_WaterMonsInfo
0x087AB764	rom	sRoute20_LeafGreen_FishingMons
0x087AB78C	rom	sRoute20_LeafGreen_FishingMonsInfo
0x087AB794	rom	sRoute21North_LeafGreen_LandMons
0x087AB7C4	rom	sRoute21North_LeafGreen_LandMonsInfo
0x087AB7CC	rom	sRoute21North_LeafGreen_WaterMons
0x087AB7E0	rom	sRoute21North_LeafGreen_WaterMonsInfo
0x087AB7E8	rom	sRoute21North_LeafGreen_FishingMons
0x087AB810	rom	sRoute21North_LeafGreen_FishingMonsInfo
0x087AB818	rom	sRoute21South_LeafGreen_LandMons
0x087AB848	rom	sRoute21South_LeafGreen_LandMonsInfo
0x087AB850	rom	sRoute21South_LeafGreen_WaterMons
0x087AB864	rom	sRoute21South_LeafGreen_WaterMonsInfo
0x087AB86C	rom	sRoute21South_LeafGreen_FishingMons
0x087AB894	rom	sRoute21South_LeafGreen_FishingMonsInfo
0x087AB89C	rom	sRoute22_LeafGreen_LandMons
0x087AB8CC	rom	sRoute22_LeafGreen_LandMonsInfo
0x087AB8D4	rom	sRoute22_LeafGreen_WaterMons
0x087AB8E8	rom	sRoute22_LeafGreen_WaterMonsInfo
0x087AB8F0	rom	sRoute22_LeafGreen_FishingMons
0x087AB918	rom	sRoute22_LeafGreen_FishingMonsInfo
0x087AB920	rom	sRoute23_LeafGreen_LandMons
0x087AB950	rom	sRoute23_LeafGreen_LandMonsInfo
0x087AB958	rom	sRoute23_LeafGreen_WaterMons
0x087AB96C	rom	sRoute23_LeafGreen_WaterMonsInfo
0x087AB974	rom	sRoute23_LeafGreen_FishingMons
0x087AB99C	rom	sRoute23_LeafGreen_FishingMonsInfo
0x087AB9A4	rom	sRoute24_LeafGreen_LandMons
0x087AB9D4	rom	sRoute24_LeafGreen_LandMonsInfo
0x087AB9DC	rom	sRoute24_LeafGreen_WaterMons
0x087AB9F0	rom	sRoute24_LeafGreen_WaterMonsInfo
0x087AB9F8	rom	sRoute24_LeafGreen_FishingMons
0x087ABA20	rom	sRoute24_LeafGreen_FishingMonsInfo
0x087ABA28	rom	sRoute25_LeafGreen_LandMons
0x087ABA58	rom	sRoute25_LeafGreen_LandMonsInfo
0x087ABA60	rom	sRoute25_LeafGreen_WaterMons
0x087ABA74	rom	sRoute25_LeafGreen_WaterMonsInfo
0x087ABA7C	rom	sRoute25_LeafGreen_FishingMons
0x087ABAA4	rom	sRoute25_LeafGreen_FishingMonsInfo
0x087ABAAC	rom	sPalletTown_LeafGreen_WaterMons
0x087ABAC0	rom	sPalletTown_LeafGreen_WaterMonsInfo
0x087ABAC8	rom	sPalletTown_LeafGreen_FishingMons
0x087ABAF0	rom	sPalletTown_LeafGreen_FishingMonsInfo
0x087ABAF8	rom	sViridianCity_LeafGreen_WaterMons
0x087ABB0C	rom	sViridianCity_LeafGreen_WaterMonsInfo
0x087ABB14	rom	sViridianCity_LeafGreen_FishingMons
0x087ABB3C	rom	sViridianCity_LeafGreen_FishingMonsInfo
0x087ABB44	rom	sCeruleanCity_LeafGreen_WaterMons
0x087ABB58	rom	sCeruleanCity_LeafGreen_WaterMonsInfo
0x087ABB60	rom	sCeruleanCity_LeafGreen_FishingMons
0x087ABB88	rom	sCeruleanCity_LeafGreen_FishingMonsInfo
0x087ABB90	rom	sVermilionCity_LeafGreen_WaterMons
0x087ABBA4	rom	sVermilionCity_LeafGreen_WaterMonsInfo
0x087ABBAC	rom	sVermilionCity_LeafGreen_FishingMons
0x087ABBD4	rom	sVermilionCity_LeafGreen_FishingMonsInfo
0x087ABBDC	rom	sCeladonCity_LeafGreen_WaterMons
0x087ABBF0	rom	sCeladonCity_LeafGreen_WaterMonsInfo
0x087ABBF8	rom	sCeladonCity_LeafGreen_FishingMons
0x087ABC20	rom	sCeladonCity_LeafGreen_FishingMonsInfo
0x087ABC28	rom	sFuchsiaCity_LeafGreen_WaterMons
0x087ABC3C	rom	sFuchsiaCity_LeafGreen_WaterMonsInfo
0x087ABC44	rom	sFuchsiaCity_LeafGreen_FishingMons
0x087ABC6C	rom	sFuchsiaCity_LeafGreen_FishingMonsInfo
0x087ABC74	rom	sCinnabarIsland_LeafGreen_WaterMons
0x087ABC88	rom	sCinnabarIsland_LeafGreen_WaterMonsInfo
0x087ABC90	rom	sCinnabarIsland_LeafGreen_FishingMons
0x087ABCB8	rom	sCinnabarIsland_LeafGreen_FishingMonsInfo
0x087ABCC0	rom	sOneIsland_LeafGreen_WaterMons
0x087ABCD4	rom	sOneIsland_LeafGreen_WaterMonsInfo
0x087ABCDC	rom	sOneIsland_LeafGreen_FishingMons
0x087ABD04	rom	sOneIsland_LeafGreen_FishingMonsInfo
0x087ABD0C	rom	sFourIsland_LeafGreen_WaterMons
0x087ABD20	rom	sFourIsland_LeafGreen_WaterMonsInfo
0x087ABD28	rom	sFourIsland_LeafGreen_FishingMons
0x087ABD50	rom	sFourIsland_LeafGreen_FishingMonsInfo
0x087ABD58	rom	sFiveIsland_LeafGreen_WaterMons
0x087ABD6C	rom	sFiveIsland_LeafGreen_WaterMonsInfo
0x087ABD74	rom	sFiveIsland_LeafGreen_FishingMons
0x087ABD9C	rom	sFiveIsland_LeafGreen_FishingMonsInfo
0x087ABDA4	rom	sSixIslandAlteringCave_LeafGreen_LandMons
0x087ABDD4	rom	sSixIslandAlteringCave_LeafGreen_LandMonsInfo
0x087ABDDC	rom	sSixIslandAlteringCave_2_LeafGreen_LandMons
0x087ABE0C	rom	sSixIslandAlteringCave_2_LeafGreen_LandMonsInfo
0x087ABE14	rom	sSixIslandAlteringCave_3_LeafGreen_LandMons
0x087ABE44	rom	sSixIslandAlteringCave_3_LeafGreen_LandMonsInfo
0x087ABE4C	rom	sSixIslandAlteringCave_4_LeafGreen_LandMons
0x087ABE7C	rom	sSixIslandAlteringCave_4_LeafGreen_LandMonsInfo
0x087ABE84	rom	sSixIslandAlteringCave_5_LeafGreen_LandMons
0x087ABEB4	rom	sSixIslandAlteringCave_5_LeafGreen_LandMonsInfo
0x087ABEBC	rom	sSixIslandAlteringCave_6_LeafGreen_LandMons
0x087ABEEC	rom	sSixIslandAlteringCave_6_LeafGreen_LandMonsInfo
0x087ABEF4	rom	sSixIslandAlteringCave_7_LeafGreen_LandMons
0x087ABF24	rom	sSixIslandAlteringCave_7_LeafGreen_LandMonsInfo
0x087ABF2C	rom	sSixIslandAlteringCave_8_LeafGreen_LandMons
0x087ABF5C	rom	sSixIslandAlteringCave_8_LeafGreen_LandMonsInfo
0x087ABF64	rom	sSixIslandAlteringCave_9_LeafGreen_LandMons
0x087ABF94	rom	sSixIslandAlteringCave_9_LeafGreen_LandMonsInfo
0x087ABF9C	rom	sRoute20_Underwater_FireRed_LandMons
0x087ABFCC	rom	sRoute20_Underwater_FireRed_LandMonsInfo
0x087ABFD4	rom	sRoute20_Underwater_LeafGreen_LandMons
0x087AC004	rom	sRoute20_Underwater_LeafGreen_LandMonsInfo
0x087AC00C	rom	sSafariZone_NorthWest_LandMons
0x087AC03C	rom	sSafariZone_NorthWest_LandMonsInfo
0x087AC044	rom	sSafariZone_NorthWest_FireRed_WaterMons
0x087AC058	rom	sSafariZone_NorthWest_FireRed_WaterMonsInfo
0x087AC060	rom	sSafariZone_NorthWest_LeafGreen_WaterMons
0x087AC074	rom	sSafariZone_NorthWest_LeafGreen_WaterMonsInfo
0x087AC07C	rom	sSafariZone_NorthWest_FireRed_FishingMons
0x087AC0A4	rom	sSafariZone_NorthWest_FireRed_FishingMonsInfo
0x087AC0AC	rom	sSafariZone_NorthWest_LeafGreen_FishingMons
0x087AC0D4	rom	sSafariZone_NorthWest_LeafGreen_FishingMonsInfo
0x087AC0DC	rom	sSafariZone_NorthWest_RockSmashMons
0x087AC0F0	rom	sSafariZone_NorthWest_RockSmashMonsInfo
0x087AC0F8	rom	sSafariZone_NorthEast_LandMons
0x087AC128	rom	sSafariZone_NorthEast_LandMonsInfo
0x087AC130	rom	sThreeIslandBondBridge_Underwater_LandMons
0x087AC160	rom	sThreeIslandBondBridge_Underwater_LandMonsInfo
0x087AC168	rom	sArtisanCave_LandMons
0x087AC198	rom	sArtisanCave_LandMonsInfo
0x087AC1A0	rom	gWildMonHeaders
0x087AD5E0	rom	sUnownLetterSlots
0x087AD634	rom	CSWTCH.40
0x087AD684	rom	sDexAreas_Kanto
0x087AD760	rom	sDexAreas_Sevii1
0x087AD770	rom	sDexAreas_Sevii2
0x087AD778	rom	sDexAreas_Sevii3
0x087AD790	rom	sDexAreas_Sevii4
0x087AD798	rom	sDexAreas_Sevii5
0x087AD7B4	rom	sDexAreas_Sevii6
0x087AD7D0	rom	sDexAreas_Sevii7
0x087AD7FC	rom	sSeviiDexAreas
0x087AD834	rom	sRoamerPairs
0x087AD840	rom	sDummyWindowTemplate
0x087AD868	rom	sPalettes
0x087ADA68	rom	sBgTiles_Gfx
0x087ADC78	rom	sBgTiles_Tilemap
0x087ADE0C	rom	sBgTemplates
0x087ADE14	rom	sWindowTemplates
0x087ADE34	rom	sPlayersTextPtrs
0x087ADE44	rom	sHeaderTexts
0x087ADE58	rom	sActivityGroupInfo
0x08BB4674	rom	zeroes.0
0x08BB4684	rom	blanks.1
0x08BB46CC	rom	__C_locale
0x08BB4838	rom	categories
0x08BB4854	rom	_ctype_
0x08BB4994	rom	JIS_action_table
0x08BB49DC	rom	JIS_state_table
0x08BB4A24	rom	p05.0
0x08BB4A30	rom	__mprec_tinytens
0x08BB4A58	rom	__mprec_bigtens
0x08BB4A80	rom	__mprec_tens
0x08BB4C00	rom	zeroes.0
0x08BB4C10	rom	blanks.1
