# addr	mode	name  (STT_FUNC from byte-matching ELF)
0x080003A4	thumb	AgbMain
0x0800052C	thumb	UpdateLinkAndCallCallbacks
0x08000540	thumb	InitMainCallbacks
0x08000588	thumb	CallCallbacks
0x080005BC	thumb	SetMainCallback2
0x080005D0	thumb	StartTimer1
0x080005DC	thumb	SeedRngAndSetTrainerId
0x08000604	thumb	GetGeneratedTrainerIdLower
0x08000610	thumb	EnableVCountIntrAtLine150
0x08000634	thumb	InitKeys
0x08000658	thumb	ReadKeys
0x080006EC	thumb	InitIntrHandlers
0x08000758	thumb	SetVBlankCallback
0x08000764	thumb	SetHBlankCallback
0x08000770	thumb	SetVCountCallback
0x0800077C	thumb	SetSerialCallback
0x08000788	thumb	VBlankIntr
0x08000830	thumb	InitFlashTimer
0x08000844	thumb	HBlankIntr
0x08000874	thumb	VCountIntr
0x080008AC	thumb	SerialIntr
0x080008DC	thumb	RestoreSerialTimer3IntrHandlers
0x080008F4	thumb	IntrDummy
0x080008F8	thumb	WaitForVBlank
0x08000920	thumb	SetVBlankCounter1Ptr
0x0800092C	thumb	DisableVBlankCounter1
0x08000938	thumb	DoSoftReset
0x080009A0	thumb	ClearPokemonCrySongs
0x080009C8	thumb	MidiKeyToFreq
0x08000A24	thumb	UnusedDummyFunc
0x08000A28	thumb	MPlayContinue
0x08000A40	thumb	MPlayFadeOut
0x08000A60	thumb	m4aSoundInit
0x08000B80	thumb	m4aSoundMain
0x08000B8C	thumb	m4aSongNumStart
0x08000BC0	thumb	m4aSongNumStartOrChange
0x08000C08	thumb	m4aSongNumStartOrContinue
0x08000C68	thumb	m4aSongNumStop
0x08000CD0	thumb	m4aSongNumContinue
0x08000D0C	thumb	m4aMPlayAllStop
0x08000DDC	thumb	m4aMPlayContinue
0x08000DF4	thumb	m4aMPlayAllContinue
0x08000E5C	thumb	m4aMPlayFadeOut
0x08000E7C	thumb	m4aMPlayFadeOutTemporarily
0x08000E9C	thumb	m4aMPlayFadeIn
0x08000EC0	thumb	m4aMPlayImmInit
0x08000F2C	thumb	MPlayExtender
0x0800105C	thumb	MusicPlayerJumpTableCopy
0x08001060	thumb	ClearChain
0x08001074	thumb	Clear64byte
0x08001088	thumb	SoundInit
0x0800118C	thumb	SampleFreqSet
0x08001250	thumb	m4aSoundMode
0x080012F4	thumb	SoundClear
0x0800134C	thumb	m4aSoundVSyncOff
0x080013C4	thumb	m4aSoundVSyncOn
0x080013F8	thumb	MPlayOpen
0x0800140C	thumb	MPlayStart
0x08001424	thumb	m4aMPlayStop
0x08001468	thumb	FadeOutBody
0x0800151C	thumb	TrkVolPitSet
0x080015C8	thumb	MidiKeyToCgbFreq
0x08001658	thumb	CgbOscOff
0x080016B8	thumb	CgbModVol
0x0800170C	thumb	CgbSound
0x08001CDC	thumb	m4aMPlayTempoControl
0x08001CF8	thumb	m4aMPlayVolumeControl
0x08001D44	thumb	m4aMPlayPitchControl
0x08001DA0	thumb	m4aMPlayPanpotControl
0x08001DEC	thumb	ClearModM
0x08001E08	thumb	m4aMPlayModDepthSet
0x08001E68	thumb	m4aMPlayLFOSpeedSet
0x08001EC8	thumb	ply_memacc
0x08001FA0	thumb	ply_xcmd
0x08001FBC	thumb	ply_xxx
0x08001FD0	thumb	ply_xwave
0x08001FF4	thumb	ply_xtype
0x08002004	thumb	ply_xatta
0x08002014	thumb	ply_xdeca
0x08002024	thumb	ply_xsust
0x08002034	thumb	ply_xrele
0x08002044	thumb	ply_xiecv
0x08002050	thumb	ply_xiecl
0x0800205C	thumb	ply_xleng
0x0800206C	thumb	ply_xswee
0x0800207C	thumb	ply_xcmd_0C
0x080020AC	thumb	ply_xcmd_0D
0x080020D0	thumb	DummyFunc
0x080020D4	thumb	SetPokemonCryTone
0x080021E8	thumb	SetPokemonCryVolume
0x080021F8	thumb	SetPokemonCryPanpot
0x08002210	thumb	SetPokemonCryPitch
0x08002248	thumb	SetPokemonCryLength
0x08002254	thumb	SetPokemonCryRelease
0x08002260	thumb	SetPokemonCryProgress
0x0800226C	thumb	IsPokemonCryPlaying
0x08002284	thumb	SetPokemonCryChorus
0x080022A8	thumb	SetPokemonCryStereo
0x080022DC	thumb	SetPokemonCryPriority
0x080022E8	thumb	MPlayOpen.part.0
0x08002364	thumb	MPlayStart.part.0
0x0800244C	thumb	IdentifyFlash
0x080024DC	thumb	WaitForFlashWrite_Common
0x08002578	thumb	EraseFlashChip_MX
0x080025E0	thumb	EraseFlashSector_MX
0x080026A8	thumb	ProgramFlashByte_MX
0x08002740	thumb	ProgramByte
0x08002774	thumb	ProgramFlashSector_MX
0x08002860	thumb	SwitchFlashBank
0x08002884	thumb	ReadFlashId
0x0800294C	thumb	FlashTimerIntr
0x08002970	thumb	SetFlashTimerIntr
0x080029A4	thumb	StartFlashTimer
0x08002A3C	thumb	StopFlashTimer
0x08002A7C	thumb	ReadFlash1
0x08002A80	thumb	SetReadFlash1
0x08002AB4	thumb	ReadFlash_Core
0x08002ACC	thumb	ReadFlash
0x08002B7C	thumb	VerifyFlashSector_Core
0x08002BA0	thumb	VerifyFlashSector
0x08002C3C	thumb	VerifyFlashSectorNBytes
0x08002CD4	thumb	ProgramFlashSectorAndVerify
0x08002D0C	thumb	ProgramFlashSectorAndVerifyNBytes
0x08002D58	thumb	rfu_LMAN_REQBN_softReset_and_checkID
0x08002DB4	thumb	rfu_LMAN_REQ_sendData
0x08002DE8	thumb	rfu_LMAN_initializeManager
0x08002E3C	thumb	rfu_LMAN_endManager
0x08002E68	thumb	rfu_LMAN_initializeRFU
0x08002EA8	thumb	rfu_LMAN_clearVariables
0x08002ECC	thumb	rfu_LMAN_powerDownRFU
0x08002ED8	thumb	rfu_LMAN_establishConnection
0x08002FB4	thumb	rfu_LMAN_CHILD_connectParent
0x08003088	thumb	rfu_LMAN_PARENT_stopWaitLinkRecoveryAndDisconnect
0x08003104	thumb	rfu_LMAN_stopManager
0x080031D4	thumb	rfu_LMAN_linkWatcher
0x080033AC	thumb	rfu_LMAN_syncVBlank
0x080033F0	thumb	rfu_LMAN_manager_entity
0x08003598	thumb	rfu_LMAN_settingPCSWITCH
0x080035FC	thumb	rfu_LMAN_REQ_callback
0x08003ED8	thumb	rfu_LMAN_MSC_callback
0x08003F74	thumb	rfu_LMAN_PARENT_checkRecvChildName
0x08003F90	thumb	rfu_LMAN_CHILD_checkSendChildName
0x08004094	thumb	rfu_LMAN_CHILD_checkSendChildName2
0x080040EC	thumb	rfu_LMAN_CHILD_linkRecoveryProcess
0x08004118	thumb	rfu_LMAN_CHILD_checkEnableParentCandidate
0x0800419C	thumb	rfu_LMAN_occureCallback
0x080041C0	thumb	rfu_LMAN_disconnect
0x080041E4	thumb	rfu_LMAN_reflectCommunicationStatus
0x080042A0	thumb	rfu_LMAN_checkNICommunicateStatus
0x080042B8	thumb	rfu_LMAN_setMSCCallback
0x080042D0	thumb	rfu_LMAN_setLMANCallback
0x080042DC	thumb	rfu_LMAN_setLinkRecovery
0x0800431C	thumb	rfu_LMAN_setNIFailCounterLimit
0x0800435C	thumb	rfu_LMAN_setFastSearchParent
0x080043A4	thumb	rfu_LMAN_managerChangeAgbClockMaster
0x080043D0	thumb	rfu_LMAN_requestChangeAgbClockMaster
0x08004404	thumb	rfu_LMAN_forceChangeSP
0x08004454	thumb	rfu_LMAN_PARENT_checkRecvChildName.part.0
0x0800467C	thumb	rfu_LMAN_checkNICommunicateStatus.part.0
0x08004764	thumb	InitBagWindows
0x080047E8	thumb	BagPrintTextOnWindow
0x08004854	thumb	BagPrintTextOnWin1CenteredColor0
0x0800488C	thumb	BagDrawDepositItemTextBox
0x080048D0	thumb	ShowBagWindow
0x08004928	thumb	HideBagWindow
0x08004958	thumb	OpenBagWindow
0x08004988	thumb	CloseBagWindow
0x080049C4	thumb	GetBagWindow
0x080049D4	thumb	BagCreateYesNoMenuBottomRight
0x08004A04	thumb	BagCreateYesNoMenuTopRight
0x08004A34	thumb	BagPrintMoneyAmount
0x08004A8C	thumb	BagDrawTextBoxOnWindow
0x08004AA0	thumb	BattleAI_HandleItemUseBeforeAISetup
0x08004B2C	thumb	BattleAI_SetupAIData
0x08004CBC	thumb	BattleAI_ChooseMoveOrAction
0x08004D68	thumb	BattleAI_DoAIProcessing
0x08004E44	thumb	RecordLastUsedMoveByTarget
0x08004E88	thumb	ClearBattlerMoveHistory
0x08004EA8	thumb	RecordAbilityBattle
0x08004EE0	thumb	RecordItemEffectBattle
0x08004F18	thumb	Cmd_if_random_less_than
0x08004F50	thumb	Cmd_if_random_greater_than
0x08004F88	thumb	Cmd_if_random_equal
0x08004FC0	thumb	Cmd_if_random_not_equal
0x08004FF8	thumb	Cmd_score
0x0800502C	thumb	Cmd_if_hp_less_than
0x0800508C	thumb	Cmd_if_hp_more_than
0x080050EC	thumb	Cmd_if_hp_equal
0x0800514C	thumb	Cmd_if_hp_not_equal
0x080051AC	thumb	Cmd_if_status
0x08005214	thumb	Cmd_if_not_status
0x0800527C	thumb	Cmd_if_status2
0x080052E4	thumb	Cmd_if_not_status2
0x0800534C	thumb	Cmd_if_status3
0x080053B0	thumb	Cmd_if_not_status3
0x08005414	thumb	Cmd_if_side_affecting
0x08005484	thumb	Cmd_if_not_side_affecting
0x080054F4	thumb	Cmd_if_less_than
0x08005530	thumb	Cmd_if_more_than
0x0800556C	thumb	Cmd_if_equal
0x080055A8	thumb	Cmd_if_not_equal
0x080055E0	thumb	Cmd_if_less_than_ptr
0x08005630	thumb	Cmd_if_more_than_ptr
0x08005680	thumb	Cmd_if_equal_ptr
0x080056D0	thumb	Cmd_if_not_equal_ptr
0x08005720	thumb	Cmd_if_move
0x08005760	thumb	Cmd_if_not_move
0x080057A4	thumb	Cmd_if_in_bytes
0x08005804	thumb	Cmd_if_not_in_bytes
0x08005864	thumb	Cmd_if_in_hwords
0x080058C8	thumb	Cmd_if_not_in_hwords
0x0800592C	thumb	Cmd_if_user_has_attacking_move
0x08005994	thumb	Cmd_if_user_has_no_attacking_moves
0x080059FC	thumb	Cmd_get_turn_count
0x08005A20	thumb	Cmd_get_type
0x08005B28	thumb	Cmd_get_considered_move_power
0x08005BBC	thumb	Cmd_get_how_powerful_move_is
0x08005D5C	thumb	Cmd_get_last_used_battler_move
0x08005DA4	thumb	Cmd_if_equal_
0x08005DE0	thumb	Cmd_if_not_equal_
0x08005E18	thumb	Cmd_if_would_go_first
0x08005E5C	thumb	Cmd_if_would_not_go_first
0x08005EA4	thumb	Cmd_nullsub_2A
0x08005EA8	thumb	Cmd_nullsub_2B
0x08005EAC	thumb	Cmd_count_alive_pokemon
0x08005F98	thumb	Cmd_get_considered_move
0x08005FB4	thumb	Cmd_get_considered_move_effect
0x08005FE0	thumb	Cmd_get_ability
0x08006104	thumb	Cmd_get_highest_type_effectiveness
0x08006214	thumb	Cmd_if_type_effectiveness
0x080062E0	thumb	Cmd_nullsub_32
0x080062E4	thumb	Cmd_nullsub_33
0x080062E8	thumb	Cmd_if_status_in_party
0x08006394	thumb	Cmd_if_status_not_in_party
0x08006440	thumb	Cmd_get_weather
0x08006498	thumb	Cmd_if_effect
0x080064E0	thumb	Cmd_if_not_effect
0x0800652C	thumb	Cmd_if_stat_level_less_than
0x08006588	thumb	Cmd_if_stat_level_more_than
0x080065E4	thumb	Cmd_if_stat_level_equal
0x08006640	thumb	Cmd_if_stat_level_not_equal
0x0800669C	thumb	Cmd_if_can_faint
0x0800677C	thumb	Cmd_if_cant_faint
0x08006854	thumb	Cmd_if_has_move
0x080068E4	thumb	Cmd_if_doesnt_have_move
0x08006974	thumb	Cmd_if_has_move_with_effect
0x080069EC	thumb	Cmd_if_doesnt_have_move_with_effect
0x08006A64	thumb	Cmd_if_any_move_disabled_or_encored
0x08006AD8	thumb	Cmd_if_curr_move_disabled_or_encored
0x08006B58	thumb	Cmd_flee
0x08006B6C	thumb	Cmd_if_random_safari_flee
0x08006BF4	thumb	Cmd_watch
0x08006C08	thumb	Cmd_get_hold_effect
0x08006C7C	thumb	Cmd_get_gender
0x08006CCC	thumb	Cmd_is_first_turn_for
0x08006D14	thumb	Cmd_get_stockpile_count
0x08006D5C	thumb	Cmd_is_double_battle
0x08006D84	thumb	Cmd_get_used_held_item
0x08006DCC	thumb	Cmd_get_move_type_from_result
0x08006E74	thumb	Cmd_get_move_power_from_result
0x08006F08	thumb	Cmd_get_move_effect_from_result
0x08006F34	thumb	Cmd_get_protect_count
0x08006F7C	thumb	Cmd_nullsub_52
0x08006F80	thumb	Cmd_nullsub_53
0x08006F84	thumb	Cmd_nullsub_54
0x08006F88	thumb	Cmd_nullsub_55
0x08006F8C	thumb	Cmd_nullsub_56
0x08006F90	thumb	Cmd_nullsub_57
0x08006F94	thumb	Cmd_call
0x08006FD4	thumb	Cmd_goto
0x08006FF4	thumb	Cmd_end
0x08007028	thumb	Cmd_if_level_compare
0x080070D0	thumb	Cmd_if_target_taunted
0x08007110	thumb	Cmd_if_target_not_taunted
0x08007150	thumb	AIStackPushVar
0x08007170	thumb	AIStackPushVar_cursor
0x08007190	thumb	AIStackPop
0x080071C0	thumb	ShouldSwitchIfPerishSong
0x08007220	thumb	ShouldSwitchIfWonderGuard
0x08007380	thumb	FindMonThatAbsorbsOpponentsMove
0x0800756C	thumb	ShouldSwitchIfNaturalCure
0x08007658	thumb	HasSuperEffectiveMoveAgainstOpponents
0x08007768	thumb	AreStatsRaised
0x080077A0	thumb	FindMonWithFlagsAndSuperEffective
0x08007994	thumb	ShouldSwitch
0x08007B80	thumb	AI_TrySwitchOrUseItem
0x08007CAC	thumb	ModulateByTypeEffectiveness
0x08007D14	thumb	GetMostSuitableMonToSwitchInto
0x0800803C	thumb	GetAI_ItemType
0x08008080	thumb	ShouldUseItem
0x08008470	thumb	AnimMegahornHorn
0x08008528	thumb	AnimLeechLifeNeedle
0x080085B8	thumb	AnimTranslateWebThread
0x08008634	thumb	AnimTranslateWebThread_Step
0x0800866C	thumb	AnimStringWrap
0x080086D8	thumb	AnimStringWrap_Step
0x08008730	thumb	AnimSpiderWeb
0x08008758	thumb	AnimSpiderWeb_Step
0x080087B4	thumb	AnimSpiderWeb_End
0x080087D4	thumb	AnimTranslateStinger
0x080088E4	thumb	AnimMissileArc
0x08008954	thumb	AnimMissileArc_Step
0x08008A20	thumb	AnimTailGlowOrb
0x08008A78	thumb	AnimTask_AttackerFadeToInvisible
0x08008AE0	thumb	AnimTask_AttackerFadeToInvisible_Step
0x08008B6C	thumb	AnimTask_AttackerFadeFromInvisible
0x08008BA4	thumb	AnimTask_AttackerFadeFromInvisible_Step
0x08008C1C	thumb	AnimTask_InitAttackerFadeFromInvisible
0x08008C64	thumb	AnimUnusedBagSteal
0x08008CCC	thumb	AnimUnusedBagSteal_Step
0x08008D74	thumb	AnimBite
0x08008DB0	thumb	AnimBite_Step1
0x08008DEC	thumb	AnimBite_Step2
0x08008E28	thumb	AnimTearDrop
0x08008F28	thumb	AnimTearDrop_Step
0x08008F44	thumb	AnimTask_MoveAttackerMementoShadow
0x08009138	thumb	AnimTask_MoveAttackerMementoShadow_Step
0x08009264	thumb	AnimTask_MoveTargetMementoShadow
0x080094D8	thumb	AnimTask_MoveTargetMementoShadow_Step
0x08009688	thumb	DoMementoShadowEffect
0x08009784	thumb	SetAllBattlersSpritePriority
0x080097BC	thumb	AnimTask_InitMementoShadow
0x0800986C	thumb	AnimTask_MementoHandleBg
0x080098B4	thumb	AnimClawSlash
0x080098F0	thumb	AnimTask_MetallicShine
0x08009B04	thumb	AnimTask_MetallicShine_Step
0x08009C48	thumb	AnimTask_SetGrayscaleOrOriginalPal
0x08009CC0	thumb	GetIsDoomDesireHitTurn
0x08009CF0	thumb	AnimOutrageFlame
0x08009D84	thumb	StartDragonFireTranslation
0x08009E30	thumb	AnimDragonRageFirePlume
0x08009E94	thumb	AnimDragonFireToTarget
0x08009EC0	thumb	AnimDragonDanceOrb
0x08009F40	thumb	AnimDragonDanceOrb_Step
0x0800A028	thumb	AnimTask_DragonDanceWaver
0x0800A100	thumb	AnimTask_DragonDanceWaver_Step
0x0800A1BC	thumb	UpdateDragonDanceScanlineEffect
0x0800A240	thumb	AnimOverheatFlame
0x0800A2CC	thumb	AnimOverheatFlame_Step
0x0800A31C	thumb	AnimMovePowderParticle
0x0800A36C	thumb	AnimMovePowderParticle_Step
0x0800A3B0	thumb	AnimPowerAbsorptionOrb
0x0800A3F8	thumb	AnimSolarBeamBigOrb
0x0800A448	thumb	AnimSolarBeamSmallOrb
0x0800A49C	thumb	AnimSolarBeamSmallOrb_Step
0x0800A50C	thumb	AnimTask_CreateSmallSolarBeamOrbs
0x0800A598	thumb	AnimAbsorptionOrb
0x0800A5E0	thumb	AnimAbsorptionOrb_Step
0x0800A5FC	thumb	AnimHyperBeamOrb
0x0800A69C	thumb	AnimHyperBeamOrb_Step
0x0800A6F4	thumb	AnimLeechSeed
0x0800A758	thumb	AnimLeechSeed_Step
0x0800A790	thumb	AnimLeechSeedSprouts
0x0800A7C4	thumb	AnimSporeParticle
0x0800A80C	thumb	AnimSporeParticle_Step
0x0800A8A4	thumb	AnimTask_SporeDoubleBattle
0x0800A8F0	thumb	AnimPetalDanceBigFlower
0x0800A944	thumb	AnimPetalDanceBigFlower_Step
0x0800A9B8	thumb	AnimPetalDanceSmallFlower
0x0800AA0C	thumb	AnimPetalDanceSmallFlower_Step
0x0800AA60	thumb	AnimRazorLeafParticle
0x0800AAA0	thumb	AnimRazorLeafParticle_Step1
0x0800AAD4	thumb	AnimRazorLeafParticle_Step2
0x0800AB34	thumb	AnimTranslateLinearSingleSineWave
0x0800ABDC	thumb	AnimTranslateLinearSingleSineWave_Step
0x0800AC90	thumb	AnimMoveTwisterParticle
0x0800ACEC	thumb	AnimMoveTwisterParticle_Step
0x0800AD94	thumb	AnimConstrictBinding
0x0800ADD0	thumb	AnimConstrictBinding_Step1
0x0800AE08	thumb	AnimConstrictBinding_Step2
0x0800AE84	thumb	AnimTask_ShrinkTargetCopy
0x0800AEE4	thumb	AnimTask_DuplicateAndShrinkToPos_Step1
0x0800AF80	thumb	AnimTask_DuplicateAndShrinkToPos_Step2
0x0800AFF0	thumb	AnimMimicOrb
0x0800B09C	thumb	AnimIngrainRoot
0x0800B110	thumb	AnimFrenzyPlantRoot
0x0800B1C8	thumb	AnimRootFlickerOut
0x0800B20C	thumb	AnimIngrainOrb
0x0800B294	thumb	InitItemBagData
0x0800B2BC	thumb	MoveAlongLinearPath
0x0800B354	thumb	AnimItemSteal_Step2
0x0800B388	thumb	AnimItemSteal_Step1
0x0800B3F0	thumb	AnimPresent
0x0800B460	thumb	AnimKnockOffOpponentsItem
0x0800B4C8	thumb	AnimKnockOffItem
0x0800B558	thumb	AnimPresentHealParticle
0x0800B5A4	thumb	AnimItemSteal
0x0800B614	thumb	AnimItemSteal_Step3
0x0800B6AC	thumb	AnimTrickBag
0x0800B734	thumb	AnimTrickBag_Step1
0x0800B794	thumb	AnimTrickBag_Step2
0x0800B82C	thumb	AnimTrickBag_Step3
0x0800B868	thumb	AnimTask_LeafBlade
0x0800B9C4	thumb	AnimTask_LeafBlade_Step
0x0800BEF0	thumb	LeafBladeGetPosFactor
0x0800BF04	thumb	AnimTask_LeafBlade_Step2
0x0800BFA4	thumb	AnimTask_LeafBlade_Step2_Callback
0x0800C010	thumb	AnimFlyingParticle
0x0800C104	thumb	AnimFlyingParticle_Step
0x0800C15C	thumb	AnimTask_CycleMagicalLeafPal
0x0800C22C	thumb	AnimNeedleArmSpike
0x0800C360	thumb	AnimNeedleArmSpike_Step
0x0800C39C	thumb	AnimWhipHit_WaitEnd
0x0800C3B0	thumb	AnimSlidingHit
0x0800C404	thumb	AnimWhipHit
0x0800C448	thumb	AnimFlickeringPunch
0x0800C494	thumb	AnimCuttingSlice
0x0800C528	thumb	AnimAirCutterSlice
0x0800C658	thumb	AnimSlice_Step
0x0800C6C8	thumb	UnusedFlickerAnim
0x0800C794	thumb	AnimCirclingMusicNote
0x0800C7F4	thumb	AnimCirclingMusicNote_Step
0x0800C858	thumb	AnimProtect
0x0800C90C	thumb	AnimProtect_Step
0x0800C9FC	thumb	AnimMilkBottle
0x0800CA54	thumb	AnimMilkBottle_Step1
0x0800CBA8	thumb	AnimMilkBottle_Step2
0x0800CC40	thumb	AnimGrantingStars
0x0800CC90	thumb	AnimSparklingStars
0x0800CD54	thumb	AnimBubbleBurst
0x0800CDA4	thumb	AnimBubbleBurst_Step
0x0800CDF8	thumb	AnimSleepLetterZ
0x0800CE54	thumb	AnimSleepLetterZ_Step
0x0800CEA0	thumb	AnimLockOnTarget
0x0800CEC8	thumb	AnimLockOnTarget_Step1
0x0800CF60	thumb	AnimLockOnTarget_Step2
0x0800CF90	thumb	AnimLockOnTarget_Step3
0x0800D028	thumb	AnimLockOnTarget_Step4
0x0800D0CC	thumb	AnimLockOnTarget_Step5
0x0800D0EC	thumb	AnimLockOnTarget_Step6
0x0800D140	thumb	AnimLockOnMoveTarget
0x0800D1EC	thumb	AnimBowMon
0x0800D234	thumb	AnimBowMon_Step1
0x0800D284	thumb	AnimBowMon_Step1_Callback
0x0800D318	thumb	AnimBowMon_Step2
0x0800D364	thumb	AnimBowMon_Step3
0x0800D384	thumb	AnimBowMon_Step3_Callback
0x0800D424	thumb	AnimBowMon_Step4
0x0800D430	thumb	AnimTipMon
0x0800D440	thumb	AnimTipMon_Step
0x0800D52C	thumb	AnimTask_SkullBashPosition
0x0800D5CC	thumb	AnimTask_SkullBashPositionSet
0x0800D7A8	thumb	AnimTask_SkullBashPositionReset
0x0800D7FC	thumb	AnimSlashSlice
0x0800D85C	thumb	AnimFalseSwipeSlice
0x0800D898	thumb	AnimFalseSwipePositionedSlice
0x0800D8E0	thumb	AnimFalseSwipeSlice_Step1
0x0800D914	thumb	AnimFalseSwipeSlice_Step2
0x0800D924	thumb	AnimFalseSwipeSlice_Step3
0x0800D970	thumb	AnimEndureEnergy
0x0800D9C8	thumb	AnimEndureEnergy_Step
0x0800DA10	thumb	AnimSharpenSphere
0x0800DA54	thumb	AnimSharpenSphere_Step
0x0800DAE8	thumb	AnimConversion
0x0800DB50	thumb	AnimTask_ConversionAlphaBlend
0x0800DBCC	thumb	AnimConversion2
0x0800DBF8	thumb	AnimConversion2_Step
0x0800DC4C	thumb	AnimTask_Conversion2AlphaBlend
0x0800DCA4	thumb	AnimTask_HideBattlersHealthbox
0x0800DD18	thumb	AnimTask_ShowBattlersHealthbox
0x0800DD4C	thumb	AnimMoon
0x0800DD94	thumb	AnimMoon_Step
0x0800DDA8	thumb	AnimMoonlightSparkle
0x0800DDE4	thumb	AnimMoonlightSparkle_Step
0x0800DE28	thumb	AnimTask_MoonlightEndFade
0x0800DEEC	thumb	AnimTask_MoonlightEndFade_Step
0x0800E04C	thumb	AnimHornHit
0x0800E16C	thumb	AnimHornHit_Step
0x0800E1B4	thumb	AnimTask_DoubleTeam
0x0800E310	thumb	AnimTask_DoubleTeam_Step
0x0800E368	thumb	AnimDoubleTeam
0x0800E3EC	thumb	AnimSuperFang
0x0800E408	thumb	AnimTask_MusicNotesRainbowBlend
0x0800E4BC	thumb	AnimTask_MusicNotesClearRainbowBlend
0x0800E4EC	thumb	AnimWavyMusicNotes
0x0800E5C4	thumb	AnimWavyMusicNotes_CalcVelocity
0x0800E630	thumb	AnimWavyMusicNotes_Step
0x0800E704	thumb	AnimFlyingMusicNotes
0x0800E784	thumb	AnimFlyingMusicNotes_Step
0x0800E814	thumb	AnimBellyDrumHand
0x0800E878	thumb	AnimSlowFlyingMusicNotes
0x0800E908	thumb	AnimSlowFlyingMusicNotes_Step
0x0800E960	thumb	SetSpriteNextToMonHead
0x0800E9B8	thumb	AnimThoughtBubble
0x0800EA18	thumb	AnimThoughtBubble_Step
0x0800EA50	thumb	AnimMetronomeFinger
0x0800EA98	thumb	AnimMetronomeFinger_Step
0x0800EACC	thumb	AnimFollowMeFinger
0x0800EB3C	thumb	AnimFollowMeFinger_Step1
0x0800EB54	thumb	AnimFollowMeFinger_Step2
0x0800EBA8	thumb	AnimTauntFinger
0x0800EC04	thumb	AnimTauntFinger_Step1
0x0800EC40	thumb	AnimTauntFinger_Step2
0x0800EC5C	thumb	AnimCirclingFinger
0x0800ECAC	thumb	AnimBouncingMusicNote
0x0800ECEC	thumb	AnimBouncingMusicNote_Step
0x0800ED48	thumb	AnimVibrateBattlerBack_Step
0x0800ED8C	thumb	AnimVibrateBattlerBack
0x0800EE08	thumb	AnimMovingClamp
0x0800EE40	thumb	AnimMovingClamp_Step
0x0800EE68	thumb	AnimMovingClamp_End
0x0800EE80	thumb	AnimTask_Withdraw
0x0800EEB8	thumb	AnimTask_Withdraw_Step
0x0800EFA4	thumb	AnimKinesisZapEnergy
0x0800F030	thumb	AnimSwordsDanceBlade
0x0800F054	thumb	AnimSwordsDanceBlade_Step
0x0800F07C	thumb	AnimSonicBoomProjectile
0x0800F174	thumb	AnimAirWaveProjectile_Step2
0x0800F1A4	thumb	AnimAirWaveProjectile_Step1
0x0800F26C	thumb	AnimAirWaveProjectile
0x0800F3C0	thumb	AirCutterProjectile_Step2
0x0800F3E8	thumb	AirCutterProjectile_Step1
0x0800F4CC	thumb	AnimTask_AirCutterProjectile
0x0800F740	thumb	AnimVoidLines
0x0800F768	thumb	AnimVoidLines_Step
0x0800F7BC	thumb	AnimCoinThrow
0x0800F874	thumb	AnimFallingCoin
0x0800F88C	thumb	AnimFallingCoin_Step
0x0800F8FC	thumb	AnimBulletSeed
0x0800F94C	thumb	AnimBulletSeed_Step1
0x0800F9B4	thumb	AnimBulletSeed_Step2
0x0800FA1C	thumb	AnimRazorWindTornado
0x0800FA78	thumb	AnimViceGripPincer
0x0800FAF4	thumb	AnimViceGripPincer_Step
0x0800FB08	thumb	AnimGuillotinePincer
0x0800FB9C	thumb	AnimGuillotinePincer_Step1
0x0800FC00	thumb	AnimGuillotinePincer_Step2
0x0800FC5C	thumb	AnimGuillotinePincer_Step3
0x0800FC78	thumb	AnimTask_GrowAndGrayscale
0x0800FCD4	thumb	AnimTask_GrowAndGrayscale_Step
0x0800FD2C	thumb	AnimTask_Minimize
0x0800FD78	thumb	AnimTask_Minimize_Step1
0x0800FED0	thumb	CreateMinimizeSprite
0x0800FF88	thumb	ClonedMinizeSprite_Step
0x0800FFD4	thumb	AnimTask_Splash
0x0801002C	thumb	AnimTask_Splash_Step
0x0801013C	thumb	AnimTask_GrowAndShrink
0x08010170	thumb	AnimTask_GrowAndShrink_Step
0x0801019C	thumb	AnimBreathPuff
0x08010218	thumb	AnimAngerMark
0x08010290	thumb	AnimTask_ThrashMoveMonHorizontal
0x080102CC	thumb	AnimTask_ThrashMoveMonHorizontal_Step
0x080102F8	thumb	AnimTask_ThrashMoveMonVertical
0x0801036C	thumb	AnimTask_ThrashMoveMonVertical_Step
0x0801048C	thumb	AnimTask_SketchDrawMon
0x08010568	thumb	AnimTask_SketchDrawMon_Step
0x08010634	thumb	AnimPencil
0x08010680	thumb	AnimPencil_Step
0x080107C4	thumb	AnimBlendThinRing
0x0801087C	thumb	AnimHyperVoiceRing_WaitEnd
0x0801089C	thumb	AnimHyperVoiceRing
0x08010AA4	thumb	AnimUproarRing
0x08010AF0	thumb	AnimSoftBoiledEgg
0x08010B38	thumb	AnimSoftBoiledEgg_Step1
0x08010BB0	thumb	AnimSoftBoiledEgg_Step2
0x08010BD8	thumb	AnimSoftBoiledEgg_Step3
0x08010C34	thumb	AnimSoftBoiledEgg_Step3_Callback1
0x08010C78	thumb	AnimSoftBoiledEgg_Step3_Callback2
0x08010CC4	thumb	AnimSoftBoiledEgg_Step4
0x08010CFC	thumb	AnimSoftBoiledEgg_Step4_Callback
0x08010D1C	thumb	AnimTask_AttackerStretchAndDisappear
0x08010D54	thumb	AnimTask_AttackerStretchAndDisappear_Step
0x08010DA0	thumb	AnimTask_ExtremeSpeedImpact
0x08010E00	thumb	AnimTask_ExtremeSpeedImpact_Step
0x08010F04	thumb	AnimTask_ExtremeSpeedMonReappear
0x08010F44	thumb	AnimTask_ExtremeSpeedMonReappear_Step
0x0801100C	thumb	AnimTask_SpeedDust
0x0801105C	thumb	AnimTask_SpeedDust_Step
0x08011188	thumb	AnimSpeedDust
0x080111D8	thumb	AnimTask_LoadMusicNotesPals
0x0801126C	thumb	AnimTask_FreeMusicNotesPals
0x0801129C	thumb	SetMusicNotePalette
0x080112E4	thumb	AnimHealBellMusicNote
0x08011384	thumb	AnimMagentaHeart
0x080113D8	thumb	AnimTask_FakeOut
0x08011460	thumb	AnimTask_FakeOut_Step1
0x080114B0	thumb	AnimTask_FakeOut_Step2
0x0801154C	thumb	AnimTask_StretchTargetUp
0x080115CC	thumb	AnimTask_StretchAttackerUp
0x0801164C	thumb	AnimRedHeartProjectile
0x08011690	thumb	AnimRedHeartProjectile_Step
0x080116C4	thumb	AnimParticleBurst
0x08011734	thumb	AnimRedHeartRising
0x08011764	thumb	AnimRedHeartRising_Step
0x080117C0	thumb	AnimTask_HeartsBackground
0x0801188C	thumb	AnimTask_HeartsBackground_Step
0x080119BC	thumb	AnimTask_ScaryFace
0x08011AC0	thumb	AnimTask_ScaryFace_Step
0x08011BF0	thumb	AnimOrbitFast
0x08011C44	thumb	AnimOrbitFast_Step
0x08011D24	thumb	AnimOrbitScatter
0x08011D70	thumb	AnimOrbitScatter_Step
0x08011DB0	thumb	AnimSpitUpOrb_Step
0x08011DDC	thumb	AnimSpitUpOrb
0x08011E2C	thumb	AnimEyeSparkle_Step
0x08011E40	thumb	AnimEyeSparkle
0x08011E58	thumb	AnimAngel
0x08011EE4	thumb	AnimPinkHeart_Step
0x08011F38	thumb	AnimPinkHeart
0x08011FB0	thumb	AnimDevil
0x080120C0	thumb	AnimFurySwipes
0x08012104	thumb	AnimMovementWaves
0x08012184	thumb	AnimMovementWaves_Step
0x080121B0	thumb	AnimTask_UproarDistortion
0x080121EC	thumb	AnimTask_UproarDistortion_Step
0x08012218	thumb	AnimJaggedMusicNote
0x080122BC	thumb	AnimJaggedMusicNote_Step
0x080122F8	thumb	AnimPerishSongMusicNote2
0x0801236C	thumb	AnimPerishSongMusicNote
0x08012428	thumb	AnimPerishSongMusicNote_Step1
0x08012448	thumb	AnimPerishSongMusicNote_Step2
0x080124CC	thumb	AnimGuardRing
0x08012554	thumb	AnimTask_IsFuryCutterHitRight
0x08012578	thumb	AnimTask_GetFuryCutterHitCount
0x0801259C	thumb	AnimBlackSmoke
0x080125DC	thumb	AnimBlackSmoke_Step
0x08012620	thumb	AnimTask_SmokescreenImpact
0x0801265C	thumb	AnimWhiteHalo
0x080126A0	thumb	AnimWhiteHalo_Step1
0x080126E0	thumb	AnimWhiteHalo_Step2
0x08012700	thumb	AnimTealAlert
0x0801279C	thumb	AnimMeanLookEye
0x080127C8	thumb	AnimMeanLookEye_Step1
0x08012868	thumb	AnimMeanLookEye_Step2
0x0801289C	thumb	AnimMeanLookEye_Step3
0x0801293C	thumb	AnimMeanLookEye_Step4
0x080129A4	thumb	AnimTask_SetPsychicBackground
0x080129CC	thumb	SetPsychicBackground_Step
0x08012A54	thumb	AnimTask_FadeScreenToWhite
0x08012A7C	thumb	FadeScreenToWhite_Step
0x08012B3C	thumb	AnimSpikes
0x08012BB0	thumb	AnimSpikes_Step1
0x08012BE0	thumb	AnimSpikes_Step2
0x08012C20	thumb	AnimLeer
0x08012C5C	thumb	AnimLetterZ
0x08012D34	thumb	AnimFang
0x08012D48	thumb	AnimTask_IsTargetPlayerSide
0x08012D74	thumb	AnimTask_IsHealingMove
0x08012D98	thumb	AnimSpotlight
0x08012E00	thumb	AnimSpotlight_Step1
0x08012EB0	thumb	AnimSpotlight_Step2
0x08012EE4	thumb	AnimClappingHand
0x08012F80	thumb	AnimClappingHand_Step
0x08012FF8	thumb	AnimClappingHand2
0x08013014	thumb	AnimTask_CreateSpotlight
0x080130A0	thumb	AnimTask_RemoveSpotlight
0x080130E4	thumb	AnimRapidSpin
0x08013150	thumb	AnimRapidSpin_Step
0x08013198	thumb	AnimTask_RapinSpinMonElevation
0x080132F8	thumb	RapinSpinMonElevation_Step
0x0801341C	thumb	AnimTask_TormentAttacker
0x0801347C	thumb	TormentAttacker_Step
0x08013670	thumb	TormentAttacker_Callback
0x080136A8	thumb	AnimTriAttackTriangle
0x08013748	thumb	AnimTask_DefenseCurlDeformMon
0x0801379C	thumb	AnimBatonPassPokeball
0x08013894	thumb	AnimWishStar
0x080138CC	thumb	AnimWishStar_Step
0x08013978	thumb	AnimMiniTwinklingStar
0x080139C0	thumb	AnimMiniTwinklingStar_Step
0x08013A3C	thumb	AnimTask_StockpileDeformMon
0x08013A8C	thumb	AnimTask_SpitUpDeformMon
0x08013ADC	thumb	AnimSwallowBlueOrb
0x08013B40	thumb	AnimTask_SwallowDeformMon
0x08013B90	thumb	AnimTask_TransformMon
0x08013D50	thumb	AnimTask_IsMonInvisible
0x08013D8C	thumb	AnimTask_CastformGfxChange
0x08013DB4	thumb	AnimTask_MorningSunLightBeam
0x08014000	thumb	AnimGreenStar
0x08014118	thumb	AnimGreenStar_Step1
0x080141C4	thumb	AnimGreenStar_Step2
0x0801421C	thumb	AnimGreenStar_Callback
0x08014260	thumb	AnimTask_DoomDesireLightBeam
0x08014500	thumb	AnimTask_StrongFrustrationGrowAndShrink
0x08014550	thumb	AnimWeakFrustrationAngerMark
0x080145C0	thumb	AnimTask_RockMonBackAndForth
0x080146CC	thumb	AnimTask_RockMonBackAndForth_Step
0x08014838	thumb	AnimSweetScentPetal
0x08014880	thumb	AnimSweetScentPetal_Step
0x080148FC	thumb	AnimTask_FlailMovement
0x0801494C	thumb	AnimTask_FlailMovement_Step
0x08014AF8	thumb	AnimPainSplitProjectile
0x08014BB4	thumb	AnimTask_PainSplitMovement
0x08014D10	thumb	AnimFlatterConfetti
0x08014D98	thumb	AnimFlatterConfetti_Step
0x08014DF8	thumb	AnimFlatterSpotlight
0x08014E6C	thumb	AnimFlatterSpotlight_Step
0x08014F00	thumb	AnimReversalOrb
0x08014F40	thumb	AnimReversalOrb_Step
0x08015018	thumb	AnimTask_RolePlaySilhouette
0x0801528C	thumb	AnimTask_RolePlaySilhouette_Step1
0x080152F0	thumb	AnimTask_RolePlaySilhouette_Step2
0x0801536C	thumb	AnimTask_AcidArmor
0x080154B4	thumb	AnimTask_AcidArmor_Step
0x080157DC	thumb	AnimTask_DeepInhale
0x08015820	thumb	AnimTask_DeepInhale_Step
0x080158D0	thumb	InitYawnCloudPosition
0x08015918	thumb	UpdateYawnCloudPosition
0x0801593C	thumb	AnimYawnCloud
0x0801599C	thumb	AnimYawnCloud_Step
0x08015A20	thumb	AnimSmokeBallEscapeCloud
0x08015A7C	thumb	AnimTask_SlideMonForFocusBand_Step2
0x08015B8C	thumb	AnimTask_SlideMonForFocusBand_Step1
0x08015CCC	thumb	AnimTask_SlideMonForFocusBand
0x08015D6C	thumb	AnimTask_SquishAndSweatDroplets
0x08015E28	thumb	AnimTask_SquishAndSweatDroplets_Step
0x08015EC4	thumb	CreateSweatDroplets
0x08015F9C	thumb	AnimFacadeSweatDrop
0x08015FE8	thumb	AnimTask_FacadeColorBlend
0x08016038	thumb	AnimTask_FacadeColorBlend_Step
0x080160A4	thumb	AnimTask_StatusClearedEffect
0x080160F4	thumb	AnimRoarNoiseLine
0x0801619C	thumb	AnimRoarNoiseLine_Step
0x080161D8	thumb	AnimTask_GlareEyeDots
0x080162B8	thumb	AnimTask_GlareEyeDots_Step
0x08016488	thumb	GetGlareEyeDotCoords
0x08016508	thumb	AnimGlareEyeDot
0x08016544	thumb	AnimAssistPawprint
0x0801657C	thumb	AnimTask_BarrageBall
0x08016688	thumb	AnimTask_BarrageBall_Step
0x0801677C	thumb	AnimSmellingSaltsHand
0x08016810	thumb	AnimSmellingSaltsHand_Step
0x080168C4	thumb	AnimTask_SmellingSaltsSquish
0x08016918	thumb	AnimTask_SmellingSaltsSquish_Step
0x080169C8	thumb	AnimSmellingSaltExclamation
0x08016A20	thumb	AnimSmellingSaltExclamation_Step
0x08016A6C	thumb	AnimHelpingHandClap
0x08016AA0	thumb	AnimHelpingHandClap_Step
0x08016C48	thumb	AnimTask_HelpingHandAttackerMovement
0x08016CC0	thumb	AnimTask_HelpingHandAttackerMovement_Step
0x08016E7C	thumb	AnimForesightMagnifyingGlass
0x08016EF4	thumb	AnimForesightMagnifyingGlass_Step
0x080170AC	thumb	AnimMeteorMashStar_Step
0x08017128	thumb	AnimMeteorMashStar
0x080171A0	thumb	AnimTask_MonToSubstitute
0x0801725C	thumb	AnimTask_MonToSubstituteDoll
0x080173C0	thumb	AnimBlockX
0x08017418	thumb	AnimBlockX_Step
0x0801751C	thumb	AnimTask_OdorSleuthMovement
0x08017608	thumb	AnimTask_OdorSleuthMovementWaitFinish
0x08017630	thumb	MoveOdorSleuthClone
0x08017704	thumb	AnimTask_GetReturnPowerLevel
0x08017750	thumb	AnimTask_SnatchOpposingMonMove
0x08017C54	thumb	AnimUnusedItemBagSteal
0x08017D5C	thumb	AnimTask_SnatchPartnerMove
0x08017E80	thumb	AnimTask_TeeterDanceMovement
0x08017EE8	thumb	AnimTask_TeeterDanceMovement_Step
0x08017FA4	thumb	AnimKnockOffStrike_Step
0x08017FF0	thumb	AnimKnockOffStrike
0x08018050	thumb	AnimRecycle
0x08018098	thumb	AnimRecycle_Step
0x0801818C	thumb	AnimTask_GetWeather
0x080181D8	thumb	AnimTask_SlackOffSquish
0x0801821C	thumb	AnimTask_SlackOffSquish_Step
0x080182CC	thumb	AnimLightning
0x08018310	thumb	AnimLightning_Step
0x08018324	thumb	AnimUnusedSpinningFist
0x08018360	thumb	AnimUnusedSpinningFist_Step
0x08018374	thumb	AnimUnusedCirclingShock
0x080183F8	thumb	AnimSparkElectricity
0x08018524	thumb	AnimZapCannonSpark
0x08018594	thumb	AnimZapCannonSpark_Step
0x08018604	thumb	AnimThunderboltOrb_Step
0x0801864C	thumb	AnimThunderboltOrb
0x080186AC	thumb	AnimSparkElectricityFlashing
0x0801874C	thumb	AnimSparkElectricityFlashing_Step
0x080187B8	thumb	AnimElectricity
0x08018820	thumb	AnimTask_ElectricBolt
0x0801887C	thumb	AnimTask_ElectricBolt_Step
0x0801897C	thumb	AnimElectricBoltSegment
0x080189B8	thumb	AnimThunderWave
0x08018A30	thumb	AnimThunderWave_Step
0x08018A88	thumb	AnimTask_ElectricChargingParticles
0x08018B08	thumb	AnimTask_ElectricChargingParticles_Step
0x08018C38	thumb	AnimElectricChargingParticles_Step
0x08018C6C	thumb	AnimElectricChargingParticles
0x08018C84	thumb	AnimGrowingChargeOrb
0x08018CD8	thumb	AnimElectricPuff
0x08018D34	thumb	AnimVoltTackleOrbSlide
0x08018D84	thumb	AnimVoltTackleOrbSlide_Step
0x08018DE4	thumb	AnimTask_VoltTackleAttackerReappear
0x08018F40	thumb	AnimTask_VoltTackleBolt
0x080190C8	thumb	CreateVoltTackleBolt
0x0801916C	thumb	AnimVoltTackleBolt
0x080191B8	thumb	AnimGrowingShockWaveOrb
0x08019208	thumb	AnimTask_ShockWaveProgressingBolt
0x08019390	thumb	CreateShockWaveBoltSprite
0x0801948C	thumb	AnimShockWaveProgressingBolt
0x080194C8	thumb	AnimTask_ShockWaveLightning
0x0801956C	thumb	CreateShockWaveLightningSprite
0x080195D0	thumb	AnimShockWaveLightning
0x0801960C	thumb	AnimUnusedHumanoidFoot
0x08019644	thumb	AnimSlideHandOrFootToTarget
0x0801968C	thumb	AnimJumpKick
0x080196B8	thumb	AnimBasicFistOrFoot
0x080196FC	thumb	AnimFistOrFootRandomPos
0x08019854	thumb	AnimFistOrFootRandomPos_Step
0x080198A4	thumb	AnimCrossChopHand
0x08019900	thumb	AnimCrossChopHand_Step
0x0801994C	thumb	AnimSlidingKick
0x080199D4	thumb	AnimSlidingKick_Step
0x08019A0C	thumb	AnimSpinningKickOrPunch
0x08019A44	thumb	AnimSpinningKickOrPunchFinish
0x08019A78	thumb	AnimStompFoot
0x08019A9C	thumb	AnimStompFootStep
0x08019AE8	thumb	AnimStompFootEnd
0x08019B04	thumb	AnimDizzyPunchDuck
0x08019B7C	thumb	AnimBrickBreakWall
0x08019BDC	thumb	AnimBrickBreakWall_Step
0x08019C48	thumb	AnimBrickBreakWallShard
0x08019CE8	thumb	AnimBrickBreakWallShard_Step
0x08019D14	thumb	AnimSuperpowerOrb
0x08019DA0	thumb	AnimSuperpowerOrb_Step
0x08019E04	thumb	AnimSuperpowerRock
0x08019E50	thumb	AnimSuperpowerRock_Step1
0x08019EF8	thumb	AnimSuperpowerRock_Step2
0x08019F3C	thumb	AnimSuperpowerFireball
0x0801A004	thumb	AnimArmThrustHit_Step
0x0801A028	thumb	AnimArmThrustHit
0x0801A0AC	thumb	AnimRevengeScratch
0x0801A114	thumb	AnimFocusPunchFist
0x0801A150	thumb	AnimTask_MoveSkyUppercutBg
0x0801A244	thumb	AnimFireSpiralInward
0x0801A280	thumb	AnimFireSpread
0x0801A2C0	thumb	AnimFirePlume
0x0801A324	thumb	AnimLargeFlame
0x0801A384	thumb	AnimLargeFlame_Step
0x0801A3BC	thumb	AnimUnusedSmallEmber
0x0801A424	thumb	AnimUnusedSmallEmber_Step
0x0801A4B0	thumb	AnimSunlight
0x0801A4D8	thumb	AnimEmberFlare
0x0801A538	thumb	AnimBurnFlame
0x0801A554	thumb	AnimFireRing
0x0801A57C	thumb	AnimFireRing_Step1
0x0801A5EC	thumb	AnimFireRing_Step2
0x0801A68C	thumb	AnimFireRing_Step3
0x0801A6D0	thumb	UpdateFireRingCircleOffset
0x0801A6FC	thumb	AnimFireCross
0x0801A73C	thumb	AnimFireSpiralOutward
0x0801A778	thumb	AnimFireSpiralOutward_Step1
0x0801A79C	thumb	AnimFireSpiralOutward_Step2
0x0801A7EC	thumb	AnimTask_EruptionLaunchRocks
0x0801A850	thumb	AnimTask_EruptionLaunchRocks_Step
0x0801AB44	thumb	CreateEruptionLaunchRocks
0x0801ACA4	thumb	AnimEruptionLaunchRock
0x0801AD44	thumb	GetEruptionLaunchRockInitialYPos
0x0801AD8C	thumb	InitEruptionLaunchRockCoordData
0x0801ADA8	thumb	UpdateEruptionLaunchRockPos
0x0801AE14	thumb	AnimEruptionFallingRock
0x0801AE50	thumb	AnimEruptionFallingRock_Step
0x0801AED4	thumb	AnimWillOWispOrb
0x0801B000	thumb	AnimWillOWispOrb_Step
0x0801B074	thumb	AnimWillOWispFire
0x0801B150	thumb	AnimTask_MoveHeatWaveTargets
0x0801B1B0	thumb	AnimTask_MoveHeatWaveTargets_Step
0x0801B434	thumb	AnimTask_BlendBackground
0x0801B468	thumb	AnimTask_ShakeTargetInPattern
0x0801B58C	thumb	AnimEllipticalGust
0x0801B5B4	thumb	AnimEllipticalGust_Step
0x0801B5F8	thumb	AnimTask_AnimateGustTornadoPalette
0x0801B634	thumb	AnimTask_AnimateGustTornadoPalette_Step
0x0801B6C0	thumb	AnimGustToTarget
0x0801B734	thumb	AnimGustToTarget_Step
0x0801B750	thumb	AnimAirWaveCrescent
0x0801B824	thumb	AnimFlyBallUp
0x0801B868	thumb	AnimFlyBallUp_Step
0x0801B8B0	thumb	AnimFlyBallAttack
0x0801B924	thumb	AnimFlyBallAttack_Step
0x0801B99C	thumb	DestroyAnimSpriteAfterTimer
0x0801B9E0	thumb	AnimFallingFeather
0x0801BB94	thumb	AnimFallingFeather_Step
0x0801C050	thumb	AnimUnusedBubbleThrow
0x0801C098	thumb	AnimUnusedFeather
0x0801C1C4	thumb	AnimUnusedFeather_Step
0x0801C29C	thumb	AnimWhirlwindLine
0x0801C338	thumb	AnimWhirlwindLine_Step
0x0801C38C	thumb	AnimTask_DrillPeckHitSplats
0x0801C440	thumb	AnimBounceBallShrink
0x0801C490	thumb	AnimBounceBallLand
0x0801C514	thumb	AnimDiveBall
0x0801C558	thumb	AnimDiveBall_Step1
0x0801C5A8	thumb	AnimDiveBall_Step2
0x0801C5DC	thumb	AnimDiveWaterSplash
0x0801C6C0	thumb	AnimSprayWaterDroplet
0x0801C758	thumb	AnimSprayWaterDroplet_Step
0x0801C7B4	thumb	AnimUnusedFlashingLight
0x0801C7C8	thumb	AnimUnusedFlashingLight_Step
0x0801C828	thumb	AnimSkyAttackBird
0x0801C8B4	thumb	AnimSkyAttackBird_Step
0x0801C8F8	thumb	AnimTask_SetAttackerVisibility
0x0801C94C	thumb	AnimConfuseRayBallBounce
0x0801C9AC	thumb	AnimConfuseRayBallBounce_Step1
0x0801CA20	thumb	AnimConfuseRayBallBounce_Step2
0x0801CAA4	thumb	UpdateConfuseRayBallBlend
0x0801CB30	thumb	AnimConfuseRayBallSpiral
0x0801CB50	thumb	AnimConfuseRayBallSpiral_Step
0x0801CBC8	thumb	AnimTask_NightShadeClone
0x0801CC44	thumb	AnimTask_NightShadeClone_Step1
0x0801CCA4	thumb	AnimTask_NightShadeClone_Step2
0x0801CD04	thumb	AnimShadowBall
0x0801CD88	thumb	AnimShadowBall_Step
0x0801CE90	thumb	AnimLick
0x0801CEA8	thumb	AnimLick_Step
0x0801CF20	thumb	AnimTask_NightmareClone
0x0801D004	thumb	AnimTask_NightmareClone_Step
0x0801D0E0	thumb	AnimTask_SpiteTargetShadow
0x0801D10C	thumb	AnimTask_SpiteTargetShadow_Step1
0x0801D34C	thumb	AnimTask_SpiteTargetShadow_Step2
0x0801D3E8	thumb	AnimTask_SpiteTargetShadow_Step3
0x0801D4F0	thumb	AnimDestinyBondWhiteShadow
0x0801D600	thumb	AnimDestinyBondWhiteShadow_Step
0x0801D63C	thumb	AnimTask_DestinyBondWhiteShadow
0x0801D824	thumb	AnimTask_DestinyBondWhiteShadow_Step
0x0801D9FC	thumb	AnimTask_CurseStretchingBlackBg
0x0801DA9C	thumb	AnimTask_CurseStretchingBlackBg_Step1
0x0801DBF8	thumb	AnimTask_CurseStretchingBlackBg_Step2
0x0801DC4C	thumb	AnimCurseNail
0x0801DC9C	thumb	AnimCurseNail_Step1
0x0801DD10	thumb	AnimCurseNail_Step2
0x0801DD88	thumb	AnimCurseNail_End
0x0801DDBC	thumb	AnimGhostStatusSprite
0x0801DEC4	thumb	AnimGhostStatusSprite_End
0x0801DEE4	thumb	AnimTask_GrudgeFlames
0x0801DF7C	thumb	AnimTask_GrudgeFlames_Step
0x0801E154	thumb	AnimGrudgeFlame
0x0801E1FC	thumb	AnimTask_GhostGetOut
0x0801E228	thumb	AnimTask_GhostGetOut_Step1
0x0801E58C	thumb	AnimTask_GhostGetOut_Step2
0x0801E628	thumb	AnimTask_GhostGetOut_Step3
0x0801E7C8	thumb	AnimMonMoveCircular
0x0801E818	thumb	AnimMonMoveCircular_Step
0x0801E8A0	thumb	AnimBonemerangProjectile
0x0801E8F8	thumb	AnimBonemerangProjectile_Step
0x0801E950	thumb	AnimBonemerangProjectile_End
0x0801E96C	thumb	AnimBoneHitProjectile
0x0801E9D4	thumb	AnimDirtScatter
0x0801EA58	thumb	AnimMudSportDirt
0x0801EAD8	thumb	AnimMudSportDirtRising
0x0801EB1C	thumb	AnimMudSportDirtFalling
0x0801EB88	thumb	AnimTask_DigDownMovement
0x0801EBC0	thumb	AnimTask_DigBounceMovement
0x0801ED90	thumb	AnimTask_DigDisappear
0x0801EDEC	thumb	AnimTask_DigUpMovement
0x0801EE24	thumb	AnimTask_DigSetVisibleUnderground
0x0801EE84	thumb	AnimTask_DigRiseUpFromHole
0x0801EF84	thumb	SetDigScanlineEffect
0x0801F034	thumb	AnimDirtPlumeParticle
0x0801F0B4	thumb	AnimDirtPlumeParticle_Step
0x0801F0D0	thumb	AnimDigDirtMound
0x0801F144	thumb	AnimTask_HorizontalShake
0x0801F238	thumb	AnimTask_ShakeTerrain
0x0801F318	thumb	AnimTask_ShakeBattlers
0x0801F3E4	thumb	SetBattlersXOffsetForShake
0x0801F43C	thumb	AnimTask_IsPowerOver99
0x0801F464	thumb	AnimTask_PositionFissureBgOnBattler
0x0801F4F4	thumb	WaitForFissureCompletion
0x0801F548	thumb	AnimUnusedIceCrystalThrow
0x0801F6A4	thumb	AnimUnusedIceCrystalThrow_Step
0x0801F710	thumb	AnimIcePunchSwirlingParticle
0x0801F74C	thumb	AnimIceBeamParticle
0x0801F7BC	thumb	AnimIceEffectParticle
0x0801F830	thumb	AnimFlickerIceEffectParticle
0x0801F868	thumb	AnimSwirlingSnowball
0x0801F96C	thumb	AnimSwirlingSnowball_Step1
0x0801F9CC	thumb	AnimSwirlingSnowball_Step2
0x0801FA44	thumb	AnimSwirlingSnowball_End
0x0801FA80	thumb	AnimMoveParticleBeyondTarget
0x0801FB94	thumb	AnimWiggleParticleTowardsTarget
0x0801FC00	thumb	AnimWaveFromCenterOfTarget
0x0801FC7C	thumb	InitSwirlingFogAnim
0x0801FDA0	thumb	AnimSwirlingFogAnim
0x0801FE1C	thumb	AnimTask_HazeScrollingFog
0x0801FEEC	thumb	AnimTask_HazeScrollingFog_Step
0x08020044	thumb	AnimThrowMistBall
0x08020070	thumb	AnimTask_MistBallFog
0x08020148	thumb	AnimTask_MistBallFog_Step
0x08020290	thumb	InitPoisonGasCloudAnim
0x080203C0	thumb	MovePoisonGasCloud
0x0802059C	thumb	AnimTask_Hail
0x080205B8	thumb	AnimTask_Hail2
0x08020668	thumb	GenerateHailParticle
0x080207D4	thumb	AnimHailBegin
0x08020880	thumb	AnimHailContinue
0x080208CC	thumb	InitIceBallAnim
0x0802095C	thumb	AnimThrowIceBall
0x0802098C	thumb	InitIceBallParticle
0x080209E0	thumb	AnimIceBallParticle
0x08020A28	thumb	AnimTask_GetRolloutCounter
0x08020A58	thumb	AnimTask_ShakeMon
0x08020AD0	thumb	AnimTask_ShakeMon_Step
0x08020B70	thumb	AnimTask_ShakeMon2
0x08020C48	thumb	AnimTask_ShakeMon2Step
0x08020CE8	thumb	AnimTask_ShakeMonInPlace
0x08020D6C	thumb	AnimTask_ShakeMonInPlace_Step
0x08020E80	thumb	AnimTask_ShakeAndSinkMon
0x08020ED8	thumb	AnimTask_ShakeAndSinkMon_Step
0x08020F88	thumb	AnimTask_TranslateMonElliptical
0x08020FF0	thumb	AnimTask_TranslateMonElliptical_Step
0x08021080	thumb	AnimTask_TranslateMonEllipticalRespectSide
0x080210B0	thumb	DoHorizontalLunge
0x08021114	thumb	ReverseHorizontalLungeDirection
0x08021138	thumb	DoVerticalDip
0x08021180	thumb	ReverseVerticalDipDirection
0x080211A4	thumb	SlideMonToOriginalPos
0x08021250	thumb	SlideMonToOriginalPos_Step
0x080212D8	thumb	SlideMonToOffset
0x08021380	thumb	SlideMonToOffsetAndBack
0x08021454	thumb	SlideMonToOffsetAndBack_End
0x08021474	thumb	AnimTask_WindUpLunge
0x08021518	thumb	AnimTask_WindUpLunge_Step1
0x0802157C	thumb	AnimTask_WindUpLunge_Step2
0x080215DC	thumb	AnimTask_SlideOffScreen
0x0802169C	thumb	AnimTask_SlideOffScreen_Step
0x080216E8	thumb	AnimTask_SwayMon
0x08021760	thumb	AnimTask_SwayMon_Step
0x08021858	thumb	AnimTask_ScaleMonAndRestore
0x080218AC	thumb	AnimTask_ScaleMonAndRestore_Step
0x0802191C	thumb	AnimTask_RotateMonSpriteToSide
0x080219F4	thumb	AnimTask_RotateMonToSideAndRestore
0x08021AA0	thumb	AnimTask_RotateMonSpriteToSide_Step
0x08021B2C	thumb	AnimTask_ShakeTargetBasedOnMovePowerOrDmg
0x08021BFC	thumb	AnimTask_ShakeTargetBasedOnMovePowerOrDmg_Step
0x08021CF4	thumb	GetBattlerSpriteCoord
0x08021DB0	thumb	GetBattlerYDelta
0x08021F20	thumb	GetBattlerElevation
0x08021F74	thumb	GetBattlerSpriteFinal_Y
0x08022078	thumb	GetBattlerSpriteCoord2
0x080220CC	thumb	GetBattlerSpriteDefault_Y
0x080220DC	thumb	GetSubstituteSpriteDefault_Y
0x08022110	thumb	GetGhostSpriteDefault_Y
0x08022134	thumb	GetBattlerYCoordWithElevation
0x080221EC	thumb	GetAnimBattlerSpriteId
0x08022258	thumb	StoreSpriteCallbackInData6
0x08022260	thumb	SetCallbackToStoredInData6
0x0802226C	thumb	TranslateSpriteInCircle
0x080222D4	thumb	TranslateSpriteInGrowingCircle
0x08022354	thumb	TranslateSpriteInLissajousCurve
0x080223E0	thumb	TranslateSpriteInEllipse
0x08022448	thumb	WaitAnimForDuration
0x08022464	thumb	AnimPosToTranslateLinear
0x080224D4	thumb	ConvertPosDataToTranslateLinearData
0x0802251C	thumb	TranslateSpriteLinear
0x08022548	thumb	TranslateSpriteLinearFixedPoint
0x08022584	thumb	TranslateSpriteLinearFixedPointIconFrame
0x080225C8	thumb	TranslateSpriteToBattleTargetPos
0x08022604	thumb	TranslateSpriteLinearById
0x08022640	thumb	TranslateSpriteLinearByIdFixedPoint
0x08022694	thumb	TranslateSpriteLinearAndFlicker
0x08022704	thumb	DestroySpriteAndMatrix
0x08022718	thumb	SetupAndStartSpriteLinearTranslationToAttacker
0x08022754	thumb	EndUnkPaletteAnim
0x08022770	thumb	RunStoredCallbackWhenAffineAnimEnds
0x08022784	thumb	RunStoredCallbackWhenAnimEnds
0x08022798	thumb	DestroyAnimSpriteAndDisableBlend
0x080227B8	thumb	DestroyAnimVisualTaskAndDisableBlend
0x080227DC	thumb	SetSpriteCoordsToAnimAttackerCoords
0x08022800	thumb	SetAnimSpriteInitialXOffset
0x08022858	thumb	InitAnimArcTranslation
0x08022880	thumb	TranslateAnimHorizontalArc
0x080228F4	thumb	TranslateAnimVerticalArc
0x08022968	thumb	SetSpritePrimaryCoordsFromSecondaryCoords
0x08022980	thumb	InitSpritePosToAnimTarget
0x080229C4	thumb	InitSpritePosToAnimAttacker
0x08022A20	thumb	GetBattlerSide
0x08022A34	thumb	GetBattlerPosition
0x08022A44	thumb	GetBattlerAtPosition
0x08022A78	thumb	IsBattlerSpritePresent
0x08022ACC	thumb	IsDoubleBattle
0x08022ADC	thumb	GetBattleAnimBg1Data
0x08022B00	thumb	GetBattleAnimBgData
0x08022B3C	thumb	GetBattleAnimBgDataByPriorityRank
0x08022B88	thumb	InitBattleAnimBg
0x08022BF4	thumb	AnimLoadCompressedBgGfx
0x08022C38	thumb	InitAnimBgTilemapBuffer
0x08022C70	thumb	AnimLoadCompressedBgTilemap
0x08022CAC	thumb	GetBattleBgPaletteNum
0x08022CB0	thumb	ToggleBg3Mode
0x08022CE4	thumb	Trade_MoveSelectedMonToTarget
0x08022D30	thumb	InitSpriteDataForLinearTranslation
0x08022D6C	thumb	InitAnimLinearTranslation
0x08022DE4	thumb	StartAnimLinearTranslation
0x08022E54	thumb	PlayerThrowBall_StartAnimLinearTranslation
0x08022E8C	thumb	AnimTranslateLinear
0x08022EE0	thumb	AnimTranslateLinear_WithFollowup
0x08022F3C	thumb	PlayerThrowBall_AnimTranslateLinear_WithFollowup
0x08022F9C	thumb	InitAnimLinearTranslationWithSpeed
0x08022FC8	thumb	InitAnimLinearTranslationWithSpeedAndPos
0x08023018	thumb	InitAnimFastLinearTranslation
0x08023090	thumb	InitAndRunAnimFastLinearTranslation
0x08023100	thumb	AnimFastTranslateLinear
0x08023154	thumb	AnimFastTranslateLinearWaitEnd
0x080231B0	thumb	InitAnimFastLinearTranslationWithSpeed
0x080231DC	thumb	InitAnimFastLinearTranslationWithSpeedAndPos
0x0802322C	thumb	SetSpriteRotScale
0x08023274	thumb	ShouldRotScaleSpeciesBeFlipped
0x08023278	thumb	PrepareBattlerSpriteForRotScale
0x08023330	thumb	ResetSpriteRotScale
0x08023380	thumb	SetBattlerSpriteYOffsetFromRotation
0x080233C4	thumb	TrySetSpriteRotScale
0x0802344C	thumb	TryResetSpriteAffineState
0x080234C8	thumb	ArcTan2_
0x080234DC	thumb	ArcTan2Neg
0x080234F4	thumb	SetGreyscaleOrOriginalPalette
0x08023598	thumb	GetBattlePalettesMask
0x08023678	thumb	GetBattleMonSpritePalettesMask
0x08023818	thumb	GetSpritePalIdxByBattler
0x08023820	thumb	GetSpritePalIdxByPosition
0x08023854	thumb	AnimSpriteOnMonPos
0x080238A4	thumb	TranslateAnimSpriteToTargetMonLocation
0x0802392C	thumb	AnimThrowProjectile
0x080239B0	thumb	AnimThrowProjectile_Step
0x08023A24	thumb	AnimTravelDiagonally
0x08023ACC	thumb	CloneBattlerSpriteWithBlend
0x08023B38	thumb	DestroySpriteWithActiveSheet
0x08023B50	thumb	AnimTask_AlphaFadeIn
0x08023BEC	thumb	AnimTask_AlphaFadeIn_Step
0x08023C94	thumb	AnimTask_BlendMonInAndOut
0x08023D04	thumb	AnimTask_BlendMonInAndOutSetup
0x08023D2C	thumb	AnimTask_BlendMonInAndOut_Step
0x08023DC8	thumb	AnimTask_BlendPalInAndOutByTag
0x08023E24	thumb	PrepareAffineAnimInTaskData
0x08023E50	thumb	RunAffineAnimFromTaskData
0x08023F94	thumb	SetBattlerSpriteYOffsetFromYScale
0x08023FF0	thumb	SetBattlerSpriteYOffsetFromOtherYScale
0x08024050	thumb	GetBattlerYDeltaFromSpriteId
0x08024104	thumb	StorePointerInVars
0x0802410C	thumb	LoadPointerFromVars
0x08024118	thumb	BattleAnimHelper_SetSpriteSquashParams
0x0802416C	thumb	BattleAnimHelper_RunSpriteSquash
0x080241E8	thumb	AnimTask_GetFrustrationPowerLevel
0x08024220	thumb	SetPriorityForVisibleBattlers
0x08024304	thumb	InitPrioritiesForVisibleBattlers
0x08024384	thumb	GetBattlerSpriteSubpriority
0x080243A4	thumb	GetBattlerSpriteBGPriority
0x080243D8	thumb	GetBattlerSpriteBGPriorityRank
0x080243F8	thumb	CreateAdditionalMonSpriteForMoveAnim
0x0802464C	thumb	DestroySpriteAndFreeResources_
0x08024658	thumb	GetBattlerSpriteCoordAttr
0x08024878	thumb	SetAverageBattlerPositions
0x08024924	thumb	CreateInvisibleSpriteCopy
0x08024990	thumb	AnimTranslateLinearAndFlicker_Flipped
0x08024A1C	thumb	AnimTranslateLinearAndFlicker
0x08024A94	thumb	AnimSpinningSparkle
0x08024AFC	thumb	AnimTask_AttackerPunchWithTrace
0x08024C08	thumb	AnimTask_AttackerPunchWithTrace_Step
0x08024CB0	thumb	CreateBattlerTrace
0x08024D14	thumb	AnimBattlerTrace
0x08024D54	thumb	AnimWeatherBallUp
0x08024D9C	thumb	AnimWeatherBallUp_Step
0x08024DF4	thumb	AnimWeatherBallDown
0x08024E60	thumb	AnimConfusionDuck
0x08024EC0	thumb	AnimConfusionDuck_Step
0x08024F24	thumb	AnimSimplePaletteBlend
0x08024F64	thumb	UnpackSelectedBattlePalettes
0x08024F9C	thumb	AnimSimplePaletteBlend_Step
0x08024FB4	thumb	AnimComplexPaletteBlend
0x08025004	thumb	AnimComplexPaletteBlend_Step1
0x0802507C	thumb	AnimComplexPaletteBlend_Step2
0x080250A8	thumb	AnimCirclingSparkle
0x080250F8	thumb	AnimTask_BlendColorCycle
0x08025148	thumb	BlendColorCycle
0x08025194	thumb	AnimTask_BlendColorCycleLoop
0x080251E8	thumb	AnimTask_BlendColorCycleExclude
0x080252BC	thumb	BlendColorCycleExclude
0x08025308	thumb	AnimTask_BlendColorCycleExcludeLoop
0x0802535C	thumb	AnimTask_BlendColorCycleByTag
0x080253AC	thumb	BlendColorCycleByTag
0x08025400	thumb	AnimTask_BlendColorCycleByTagLoop
0x08025454	thumb	AnimTask_FlashAnimTagWithColor
0x080254C0	thumb	AnimTask_FlashAnimTagWithColor_Step1
0x0802555C	thumb	AnimTask_FlashAnimTagWithColor_Step2
0x080255A8	thumb	AnimTask_InvertScreenColor
0x08025610	thumb	AnimTask_TintPalettes
0x08025720	thumb	AnimShakeMonOrBattleTerrain
0x080257B8	thumb	AnimShakeMonOrBattleTerrain_Step
0x08025850	thumb	AnimShakeMonOrBattleTerrain_UpdateCoordOffsetEnabled
0x080258D0	thumb	AnimTask_ShakeBattleTerrain
0x08025924	thumb	AnimTask_ShakeBattleTerrain_Step
0x080259AC	thumb	AnimHitSplatBasic
0x080259EC	thumb	AnimHitSplatPersistent
0x08025A30	thumb	AnimHitSplatHandleInvert
0x08025A68	thumb	AnimHitSplatRandom
0x08025AE4	thumb	AnimHitSplatOnMonEdge
0x08025B40	thumb	AnimCrossImpact
0x08025B7C	thumb	AnimFlashingHitSplat
0x08025BB0	thumb	AnimFlashingHitSplat_Step
0x08025BE4	thumb	AnimSludgeProjectile
0x08025C40	thumb	AnimSludgeProjectile_Step
0x08025C5C	thumb	AnimAcidPoisonBubble
0x08025CE0	thumb	AnimAcidPoisonBubble_Step
0x08025CFC	thumb	AnimSludgeBombHitParticle
0x08025D50	thumb	AnimSludgeBombHitParticle_Step
0x08025D80	thumb	AnimAcidPoisonDroplet
0x08025DFC	thumb	AnimBubbleEffect
0x08025E64	thumb	AnimBubbleEffect_Step
0x08025EA0	thumb	AnimDefensiveWall
0x08025FDC	thumb	AnimDefensiveWall_Step2
0x08026014	thumb	AnimDefensiveWall_Step3
0x08026074	thumb	AnimDefensiveWall_Step4
0x08026118	thumb	AnimDefensiveWall_Step5
0x08026174	thumb	AnimWallSparkle
0x080261FC	thumb	AnimBentSpoon
0x08026270	thumb	AnimQuestionMark
0x080262F8	thumb	AnimQuestionMark_Step1
0x08026328	thumb	AnimQuestionMark_Step2
0x08026378	thumb	AnimTask_MeditateStretchAttacker
0x080263B0	thumb	AnimTask_MeditateStretchAttacker_Step
0x080263DC	thumb	AnimTask_Teleport
0x08026430	thumb	AnimTask_Teleport_Step
0x080264B8	thumb	AnimTask_ImprisonOrbs
0x08026558	thumb	AnimTask_ImprisonOrbs_Step
0x0802670C	thumb	AnimRedX_Step
0x0802674C	thumb	AnimRedX
0x0802678C	thumb	AnimTask_SkillSwap
0x080268D0	thumb	AnimTask_SkillSwap_Step
0x08026990	thumb	AnimSkillSwapOrb
0x080269B4	thumb	AnimTask_ExtrasensoryDistortion
0x08026AC0	thumb	AnimTask_ExtrasensoryDistortion_Step
0x08026BD0	thumb	AnimTask_TransparentCloneGrowAndShrink
0x08026CA4	thumb	AnimTask_TransparentCloneGrowAndShrink_Step
0x08026D90	thumb	AnimPsychoBoost
0x08026EA4	thumb	AnimFallingRock
0x08026F20	thumb	AnimFallingRock_Step
0x08026F60	thumb	AnimRockFragment
0x08026FE4	thumb	AnimParticleInVortex
0x08027020	thumb	AnimParticleInVortex_Step
0x0802706C	thumb	AnimTask_LoadSandstormBackground
0x08027160	thumb	AnimTask_LoadSandstormBackground_Step
0x080272D4	thumb	AnimFlyingSandCrescent
0x080273A4	thumb	AnimRaiseSprite
0x080273E8	thumb	AnimTask_Rollout
0x08027524	thumb	AnimTask_Rollout_Step
0x0802769C	thumb	CreateRolloutDirtSprite
0x08027748	thumb	AnimRolloutParticle
0x08027784	thumb	GetRolloutCounter
0x080277AC	thumb	AnimRockTomb
0x080277EC	thumb	AnimRockTomb_Step
0x08027838	thumb	AnimRockBlastRock
0x08027864	thumb	AnimRockScatter
0x080278B8	thumb	AnimRockScatter_Step
0x0802790C	thumb	AnimTask_GetSeismicTossDamageLevel
0x0802793C	thumb	AnimTask_MoveSeismicTossBg
0x080279C4	thumb	AnimTask_SeismicTossBgAccelerateDownAtEnd
0x08027A5C	thumb	SmokescreenImpact
0x08027BA4	thumb	SpriteCB_SmokescreenImpactMain
0x08027BE0	thumb	SpriteCB_SmokescreenImpact
0x08027C0C	thumb	SoundTask_FireBlast
0x08027C70	thumb	SoundTask_FireBlast_Step1
0x08027CF4	thumb	SoundTask_FireBlast_Step2
0x08027D44	thumb	SoundTask_LoopSEAdjustPanning
0x08027DF0	thumb	SoundTask_LoopSEAdjustPanning_Step
0x08027E6C	thumb	SoundTask_PlayCryHighPitch
0x08027F1C	thumb	SoundTask_PlayDoubleCry
0x08027FF0	thumb	SoundTask_PlayDoubleCry_Step
0x0802805C	thumb	SoundTask_WaitForCry
0x08028094	thumb	SoundTask_PlayCryWithEcho
0x080280E8	thumb	SoundTask_PlayCryWithEcho_Step
0x0802812C	thumb	SoundTask_PlaySE1WithPanning
0x08028158	thumb	SoundTask_PlaySE2WithPanning
0x08028184	thumb	SoundTask_AdjustPanningVar
0x080281F8	thumb	SoundTask_AdjustPanningVar_Step
0x08028260	thumb	AnimTask_LevelUpHealthBox
0x08028424	thumb	AnimTask_UnusedLevelUpHealthBox_Step
0x080285F0	thumb	DoLoadHealthboxPalsForLevelUp
0x080286C8	thumb	AnimTask_LoadHealthboxPalsForLevelUp
0x080286F0	thumb	DoFreeHealthboxPalsForLevelUp
0x08028780	thumb	AnimTask_FreeHealthboxPalsForLevelUp
0x080287A0	thumb	AnimTask_FlashHealthboxOnLevelUp
0x080287D0	thumb	AnimTask_FlashHealthboxOnLevelUp_Step
0x080288B0	thumb	AnimTask_SwitchOutShrinkMon
0x08028950	thumb	AnimTask_SwitchOutBallEffect
0x08028A78	thumb	AnimTask_LoadBallGfx
0x08028AAC	thumb	AnimTask_FreeBallGfx
0x08028AE0	thumb	AnimTask_IsBallBlockedByTrainerOrDodged
0x08028B18	thumb	ItemIdToBallId
0x08028B38	thumb	AnimTask_ThrowBall
0x08028C08	thumb	AnimTask_ThrowBall_WaitAnimObjComplete
0x08028C40	thumb	AnimTask_ThrowBallSpecial
0x08028D44	thumb	AnimTask_ThrowBallSpecial_PlaySfx
0x08028DB4	thumb	AnimTask_ThrowBallSpecial_ResetPlayerSprite
0x08028E04	thumb	SpriteCB_ThrowBall_Init
0x08028E34	thumb	SpriteCB_ThrowBall_ArcFlight
0x08028EF4	thumb	SpriteCB_ThrowBall_TenFrameDelay
0x08028F48	thumb	SpriteCB_ThrowBall_ShrinkMon
0x0802908C	thumb	SpriteCB_ThrowBall_InitialFall
0x080290D0	thumb	SpriteCB_ThrowBall_Bounce
0x080291C8	thumb	SpriteCB_ThrowBall_InitShake
0x08029214	thumb	SpriteCB_ThrowBall_DoShake
0x0802943C	thumb	SpriteCB_ThrowBall_DelayThenBreakOut
0x0802945C	thumb	SpriteCB_ThrowBall_InitClick
0x08029478	thumb	SpriteCB_ThrowBall_DoClick
0x08029544	thumb	SpriteCB_ThrowBall_FinishClick
0x08029624	thumb	BattleAnimObj_SignalEnd
0x08029648	thumb	CreateStarsWhenBallClicks
0x08029730	thumb	SpriteCB_BallCaptureSuccessStar
0x08029768	thumb	SpriteCB_ThrowBall_BeginBreakOut
0x08029828	thumb	SpriteCB_ThrowBall_RunBreakOut
0x080298D4	thumb	TrainerBallBlock
0x080298FC	thumb	TrainerBallBlock2
0x08029974	thumb	GhostBallDodge
0x080299C4	thumb	GhostBallDodge2
0x08029A00	thumb	LoadBallParticleGfx
0x08029A38	thumb	AnimateBallOpenParticles
0x08029AD4	thumb	IncrementBattleParticleCounter
0x08029AF8	thumb	PokeBallOpenParticleAnimation
0x08029C14	thumb	PokeBallOpenParticleAnimation_Step1
0x08029C2C	thumb	PokeBallOpenParticleAnimation_Step2
0x08029C68	thumb	TimerBallOpenParticleAnimation
0x08029D74	thumb	DiveBallOpenParticleAnimation
0x08029E80	thumb	SafariBallOpenParticleAnimation
0x08029F8C	thumb	UltraBallOpenParticleAnimation
0x0802A094	thumb	GreatBallOpenParticleAnimation
0x0802A1D4	thumb	FanOutBallOpenParticles_Step1
0x0802A22C	thumb	RepeatBallOpenParticleAnimation
0x0802A328	thumb	RepeatBallOpenParticleAnimation_Step1
0x0802A384	thumb	MasterBallOpenParticleAnimation
0x0802A4E4	thumb	PremierBallOpenParticleAnimation
0x0802A5E4	thumb	PremierBallOpenParticleAnimation_Step1
0x0802A644	thumb	DestroyBallOpenAnimationParticle
0x0802A6AC	thumb	LaunchBallFadeMonTask
0x0802A75C	thumb	Task_FadeMon_ToBallColor
0x0802A7E0	thumb	Task_FadeMon_ToNormal
0x0802A82C	thumb	Task_FadeMon_ToNormal_Step
0x0802A884	thumb	AnimTask_SwapMonSpriteToFromSubstitute
0x0802A9E4	thumb	AnimTask_SubstituteFadeToInvisible
0x0802AAD0	thumb	AnimTask_IsAttackerBehindSubstitute
0x0802AB00	thumb	AnimTask_SetTargetToEffectBattler
0x0802AB20	thumb	TryShinyAnimation
0x0802ABF8	thumb	AnimTask_ShinySparkles
0x0802AD98	thumb	AnimTask_ShinySparkles_WaitSparkles
0x0802ADE4	thumb	SpriteCB_ShinySparkles_1
0x0802AE3C	thumb	SpriteCB_ShinySparkles_2
0x0802AE94	thumb	AnimTask_LoadBaitGfx
0x0802AEC4	thumb	AnimTask_FreeBaitGfx
0x0802AEE8	thumb	SpriteCB_SafariBaitOrRock_Init
0x0802AF60	thumb	SpriteCB_SafariBaitOrRock_WaitPlayerThrow
0x0802AF8C	thumb	SpriteCB_SafariBaitOrRock_ArcFlight
0x0802AFB4	thumb	SpriteCB_SafariBaitOrRock_Finish
0x0802B004	thumb	AnimTask_SafariOrGhost_DecideAnimSides
0x0802B05C	thumb	AnimTask_SafariGetReaction
0x0802B088	thumb	AnimTask_GetTrappedMoveAnimId
0x0802B0CC	thumb	AnimTask_GetBattlersFromArg
0x0802B0F8	thumb	Task_FlashingCircleImpacts
0x0802B260	thumb	Task_UpdateFlashingCircleImpacts
0x0802B2E4	thumb	AnimFlashingCircleImpact
0x0802B310	thumb	AnimFlashingCircleImpact_Step
0x0802B380	thumb	AnimTask_FrozenIceCube
0x0802B444	thumb	AnimTask_FrozenIceCube_Step1
0x0802B498	thumb	AnimTask_FrozenIceCube_Step2
0x0802B53C	thumb	AnimTask_FrozenIceCube_Step3
0x0802B590	thumb	AnimTask_FrozenIceCube_Step4
0x0802B5F8	thumb	AnimTask_StatsChange
0x0802B754	thumb	LaunchStatusAnimation
0x0802B79C	thumb	Task_DoStatusAnimation
0x0802B7F8	thumb	AnimTask_BlendBattleAnimPal
0x0802B838	thumb	AnimTask_BlendBattleAnimPalExclude
0x0802B8E4	thumb	AnimTask_SetCamouflageBlend
0x0802B968	thumb	AnimTask_BlendParticle
0x0802B98C	thumb	StartBlendAnimSpriteColor
0x0802B9D0	thumb	AnimTask_BlendSpriteColor_Step2
0x0802BA68	thumb	AnimTask_HardwarePaletteFade
0x0802BAA4	thumb	AnimTask_HardwarePaletteFade_Step
0x0802BAC0	thumb	AnimTask_TraceMonBlended
0x0802BB00	thumb	AnimTask_TraceMonBlended_Step
0x0802BBB0	thumb	AnimMonTrace
0x0802BBEC	thumb	AnimTask_DrawFallingWhiteLinesOnAttacker
0x0802BDEC	thumb	AnimTask_DrawFallingWhiteLinesOnAttacker_Step
0x0802BF30	thumb	InitStatsChangeAnimation
0x0802BF74	thumb	StatsChangeAnimation_Step1
0x0802C108	thumb	StatsChangeAnimation_Step2
0x0802C2E0	thumb	StatsChangeAnimation_Step3
0x0802C4B0	thumb	AnimTask_Flash
0x0802C5EC	thumb	AnimTask_Flash_Step
0x0802C6E8	thumb	SetPalettesToColor
0x0802C740	thumb	AnimTask_BlendNonAttackerPalettes
0x0802C798	thumb	AnimTask_StartSlidingBg
0x0802C81C	thumb	AnimTask_UpdateSlidingBg
0x0802C898	thumb	AnimTask_GetAttackerSide
0x0802C8C0	thumb	AnimTask_GetTargetSide
0x0802C8E8	thumb	AnimTask_GetTargetIsAttackerPartner
0x0802C91C	thumb	AnimTask_SetAllNonAttackersInvisiblity
0x0802C980	thumb	StartMonScrollingBgMask
0x0802CB68	thumb	UpdateMonScrollingBgMask
0x0802CD20	thumb	AnimTask_GetBattleTerrain
0x0802CD40	thumb	AnimTask_AllocBackupPalBuffer
0x0802CD68	thumb	AnimTask_FreeBackupPalBuffer
0x0802CD94	thumb	AnimTask_CopyPalUnfadedToBackup
0x0802CE20	thumb	AnimTask_CopyPalUnfadedFromBackup
0x0802CEB4	thumb	AnimTask_CopyPalFadedToUnfaded
0x0802CF34	thumb	AnimTask_IsContest
0x0802CF58	thumb	AnimTask_SetAnimAttackerAndTargetForEffectTgt
0x0802CF88	thumb	AnimTask_IsTargetSameSide
0x0802CFC4	thumb	AnimTask_SetAnimTargetToBattlerTarget
0x0802CFE4	thumb	AnimTask_SetAnimAttackerAndTargetForEffectAtk
0x0802D014	thumb	AnimTask_SetAttackerInvisibleWaitForSignal
0x0802D078	thumb	AnimTask_WaitAndRestoreVisibility
0x0802D0CC	thumb	AnimTask_CreateRaindrops
0x0802D184	thumb	AnimRainDrop
0x0802D190	thumb	AnimRainDrop_Step
0x0802D1C0	thumb	AnimWaterBubbleProjectile
0x0802D2B8	thumb	AnimWaterBubbleProjectile_Step1
0x0802D334	thumb	AnimWaterBubbleProjectile_Step2
0x0802D358	thumb	AnimWaterBubbleProjectile_Step3
0x0802D374	thumb	AnimAuroraBeamRings
0x0802D414	thumb	AnimAuroraBeamRings_Step
0x0802D450	thumb	AnimTask_RotateAuroraRingColors
0x0802D48C	thumb	AnimTask_RotateAuroraRingColors_Step
0x0802D514	thumb	AnimToTargetInSinWave
0x0802D59C	thumb	AnimToTargetInSinWave_Step
0x0802D5EC	thumb	AnimTask_StartSinAnimTimer
0x0802D61C	thumb	AnimTask_RunSinAnimTimer
0x0802D658	thumb	AnimHydroCannonCharge
0x0802D6C4	thumb	AnimHydroCannonCharge_Step
0x0802D6D8	thumb	AnimHydroCannonBeam
0x0802D7A0	thumb	AnimWaterGunDroplet
0x0802D7E0	thumb	AnimSmallBubblePair
0x0802D810	thumb	AnimSmallBubblePair_Step
0x0802D850	thumb	AnimTask_CreateSurfWave
0x0802DA48	thumb	AnimTask_CreateSurfWave_Step1
0x0802DB7C	thumb	AnimTask_CreateSurfWave_Step2
0x0802DC08	thumb	AnimTask_SurfWaveScanlineEffect
0x0802DEEC	thumb	AnimSmallDriftingBubbles
0x0802DF40	thumb	AnimSmallDriftingBubbles_Step
0x0802DF88	thumb	AnimTask_WaterSpoutLaunch
0x0802DFD8	thumb	AnimTask_WaterSpoutLaunch_Step
0x0802E218	thumb	GetWaterSpoutPowerForAnim
0x0802E284	thumb	CreateWaterSpoutLaunchDroplets
0x0802E390	thumb	AnimSmallWaterOrb
0x0802E43C	thumb	AnimTask_WaterSpoutRain
0x0802E4A0	thumb	AnimTask_WaterSpoutRain_Step
0x0802E590	thumb	CreateWaterSpoutRainDroplet
0x0802E624	thumb	AnimWaterSpoutRain
0x0802E6B4	thumb	AnimWaterSpoutRainHit
0x0802E72C	thumb	AnimTask_WaterSport
0x0802E7C0	thumb	AnimTask_WaterSport_Step
0x0802E910	thumb	CreateWaterSportDroplet
0x0802E978	thumb	AnimWaterSportDroplet
0x0802E9D8	thumb	AnimWaterSportDroplet_Step
0x0802EA2C	thumb	AnimWaterPulseBubble
0x0802EA54	thumb	AnimWaterPulseBubble_Step
0x0802EA9C	thumb	AnimWaterPulseRingBubble
0x0802EAE0	thumb	AnimWaterPulseRing
0x0802EB20	thumb	AnimWaterPulseRing_Step
0x0802EBA8	thumb	CreateWaterPulseRingBubbles
0x0802ECF0	thumb	ClearBattleAnimationVars
0x0802ED94	thumb	DoMoveAnim
0x0802EDCC	thumb	LaunchBattleAnimation
0x0802EF54	thumb	DestroyAnimSprite
0x0802EF74	thumb	DestroyAnimVisualTask
0x0802EF90	thumb	DestroyAnimSoundTask
0x0802EFAC	thumb	AddSpriteIndex
0x0802EFDC	thumb	ClearSpriteIndex
0x0802F00C	thumb	WaitAnimFrameCount
0x0802F038	thumb	RunAnimScriptCommand
0x0802F074	thumb	Cmd_loadspritegfx
0x0802F0F8	thumb	Cmd_unloadspritegfx
0x0802F164	thumb	Cmd_createsprite
0x0802F258	thumb	Cmd_createvisualtask
0x0802F2D0	thumb	Cmd_delay
0x0802F300	thumb	Cmd_waitforvisualfinish
0x0802F328	thumb	Cmd_nop
0x0802F32C	thumb	Cmd_nop2
0x0802F330	thumb	Cmd_end
0x0802F418	thumb	Cmd_playse
0x0802F440	thumb	Cmd_monbg
0x0802F610	thumb	IsBattlerSpriteVisible
0x0802F660	thumb	MoveBattlerSpriteToBG
0x0802F8B8	thumb	RelocateBattleBgPal
0x0802F8F8	thumb	ResetBattleAnimBg
0x0802F944	thumb	Task_InitUpdateMonBg
0x0802F9F0	thumb	Cmd_clearmonbg
0x0802FAA0	thumb	Task_ClearMonBg
0x0802FBAC	thumb	Cmd_monbg_static
0x0802FC78	thumb	Cmd_clearmonbg_static
0x0802FD34	thumb	Task_ClearMonBgStatic
0x0802FE2C	thumb	Cmd_setalpha
0x0802FE5C	thumb	Cmd_setbldcnt
0x0802FE7C	thumb	Cmd_blendoff
0x0802FEA0	thumb	Cmd_call
0x0802FECC	thumb	Cmd_return
0x0802FEE0	thumb	Cmd_setarg
0x0802FF08	thumb	Cmd_choosetwoturnanim
0x0802FF38	thumb	Cmd_jumpifmoveturn
0x0802FF70	thumb	Cmd_goto
0x0802FF90	thumb	IsContest
0x0802FF94	thumb	IsSpeciesNotUnown
0x0802FFA0	thumb	Cmd_fadetobg
0x0802FFDC	thumb	Cmd_fadetobgfromset
0x08030030	thumb	Task_FadeToBg
0x08030118	thumb	LoadMoveBg
0x08030154	thumb	LoadDefaultBg
0x08030160	thumb	Cmd_restorebg
0x0803019C	thumb	Cmd_waitbgfadeout
0x080301C4	thumb	Cmd_waitbgfadein
0x080301EC	thumb	Cmd_changebg
0x08030238	thumb	BattleAnimAdjustPanning
0x080302D0	thumb	BattleAnimAdjustPanning2
0x08030320	thumb	KeepPanInRange
0x0803033C	thumb	CalculatePanIncrement
0x0803036C	thumb	Cmd_playsewithpan
0x080303A0	thumb	Cmd_setpan
0x080303C8	thumb	Cmd_panse
0x08030480	thumb	Task_PanFromInitialToTarget
0x080304F0	thumb	Cmd_panse_adjustnone
0x0803056C	thumb	Cmd_panse_adjustall
0x08030604	thumb	Cmd_loopsewithpan
0x08030680	thumb	Task_LoopAndPlaySE
0x080306DC	thumb	Cmd_waitplaysewithpan
0x0803073C	thumb	Task_WaitAndPlaySE
0x08030780	thumb	Cmd_createsoundtask
0x080307EC	thumb	Cmd_waitsound
0x08030864	thumb	Cmd_jumpargeq
0x080308A8	thumb	Cmd_jumpifcontest
0x080308B8	thumb	Cmd_splitbgprio
0x0803090C	thumb	Cmd_splitbgprio_all
0x08030934	thumb	Cmd_splitbgprio_foes
0x0803099C	thumb	Cmd_invisible
0x080309D4	thumb	Cmd_visible
0x08030A0C	thumb	Cmd_teamattack_moveback
0x08030AE0	thumb	Cmd_teamattack_movefwd
0x08030B64	thumb	Cmd_stopsound
0x08030B94	thumb	CreateUnknownDebugSprite
0x08030BD0	thumb	CB2_unused
0x08030BE0	thumb	GetBattleTerrainByMapScene
0x08030C10	thumb	LoadBattleTerrainGfx
0x08030C64	thumb	LoadBattleTerrainEntryGfx
0x08030CBC	thumb	GetBattleTerrainGfxPtrs
0x08030CF0	thumb	BattleInitBgsAndWindows
0x08030D18	thumb	InitBattleBgsVideo
0x08030D6C	thumb	LoadBattleMenuWindowGfx
0x08030DFC	thumb	DrawMainBattleBackground
0x08030E0C	thumb	LoadBattleTextboxAndBackground
0x08030E50	thumb	DrawLinkBattleParticipantPokeballs
0x08030FB0	thumb	DrawLinkBattleVsScreenOutcomeText
0x0803104C	thumb	InitLinkBattleVsScreen
0x0803139C	thumb	DrawBattleEntryBackground
0x080314DC	thumb	GetBattleTerrainOverride
0x08031588	thumb	LoadChosenBattleElement
0x0803163C	thumb	LinkOpponentDummy
0x08031640	thumb	SetControllerToLinkOpponent
0x0803165C	thumb	LinkOpponentBufferRunCommand
0x080316A4	thumb	CompleteOnBattlerSpriteCallbackDummy
0x080316DC	thumb	FreeTrainerSpriteAfterSlide
0x0803174C	thumb	Intro_DelayAndEnd
0x08031780	thumb	Intro_WaitForShinyAnimAndHealthbox
0x080318F4	thumb	Intro_TryShinyAnimShowHealthbox
0x08031B28	thumb	TryShinyAnimAfterMonAnim
0x08031BC8	thumb	CompleteOnHealthbarDone
0x08031C0C	thumb	HideHealthboxAfterMonFaint
0x08031C48	thumb	FreeMonSpriteAfterSwitchOutAnim
0x08031CB4	thumb	CompleteOnInactiveTextPrinter
0x08031CCC	thumb	DoHitAnimBlinkSpriteEffect
0x08031D44	thumb	SwitchIn_ShowSubstitute
0x08031DA8	thumb	SwitchIn_HandleSoundAndEnd
0x08031DF0	thumb	SwitchIn_ShowHealthbox
0x08031EB0	thumb	SwitchIn_TryShinyAnim
0x08031F60	thumb	CompleteOnFinishedStatusAnimation
0x08031F8C	thumb	CompleteOnFinishedBattleAnimation
0x08031FB8	thumb	LinkOpponentBufferExecCompleted
0x08032020	thumb	LinkOpponentHandleGetMonData
0x0803209C	thumb	CopyLinkOpponentMonData
0x080326D4	thumb	LinkOpponentHandleGetRawMonData
0x0803273C	thumb	LinkOpponentHandleSetMonData
0x08032790	thumb	SetLinkOpponentMonData
0x08032D4C	thumb	LinkOpponentHandleSetRawMonData
0x08032D94	thumb	LinkOpponentHandleLoadMonSprite
0x08032E90	thumb	LinkOpponentHandleSwitchInAnim
0x08032ED0	thumb	StartSendOutAnim
0x08032FF8	thumb	LinkOpponentHandleReturnMonToBall
0x08033080	thumb	DoSwitchOutAnimation
0x08033104	thumb	LinkOpponentHandleDrawTrainerPic
0x080333E4	thumb	LinkOpponentHandleTrainerSlide
0x0803344C	thumb	LinkOpponentHandleTrainerSlideBack
0x080334B4	thumb	LinkOpponentHandleFaintAnimation
0x08033554	thumb	LinkOpponentHandlePaletteFade
0x080335BC	thumb	LinkOpponentHandleSuccessBallThrowAnim
0x08033624	thumb	LinkOpponentHandleBallThrowAnim
0x0803368C	thumb	LinkOpponentHandlePause
0x080336F4	thumb	LinkOpponentHandleMoveAnimation
0x080337E4	thumb	LinkOpponentDoMoveAnimation
0x08033928	thumb	LinkOpponentHandlePrintString
0x0803398C	thumb	LinkOpponentHandlePrintSelectionString
0x080339F4	thumb	LinkOpponentHandleChooseAction
0x08033A5C	thumb	LinkOpponentHandleUnknownYesNoBox
0x08033AC4	thumb	LinkOpponentHandleChooseMove
0x08033B2C	thumb	LinkOpponentHandleChooseItem
0x08033B94	thumb	LinkOpponentHandleChoosePokemon
0x08033BFC	thumb	LinkOpponentHandleCmd23
0x08033C64	thumb	LinkOpponentHandleHealthBarUpdate
0x08033D18	thumb	LinkOpponentHandleExpUpdate
0x08033D80	thumb	LinkOpponentHandleStatusIconUpdate
0x08033DEC	thumb	LinkOpponentHandleStatusAnimation
0x08033E40	thumb	LinkOpponentHandleStatusXor
0x08033EA8	thumb	LinkOpponentHandleDataTransfer
0x08033F10	thumb	LinkOpponentHandleDMA3Transfer
0x08033F78	thumb	LinkOpponentHandlePlayBGM
0x08033FE0	thumb	LinkOpponentHandleCmd32
0x08034048	thumb	LinkOpponentHandleTwoReturnValues
0x080340B0	thumb	LinkOpponentHandleChosenMonReturnValue
0x08034118	thumb	LinkOpponentHandleOneReturnValue
0x08034180	thumb	LinkOpponentHandleOneReturnValue_Duplicate
0x080341E8	thumb	LinkOpponentHandleClearUnkVar
0x0803425C	thumb	LinkOpponentHandleSetUnkVar
0x080342DC	thumb	LinkOpponentHandleClearUnkFlag
0x08034350	thumb	LinkOpponentHandleToggleUnkFlag
0x080343D0	thumb	LinkOpponentHandleHitAnimation
0x0803442C	thumb	LinkOpponentHandleCantSwitch
0x08034494	thumb	LinkOpponentHandlePlaySE
0x080344D0	thumb	LinkOpponentHandlePlayFanfare
0x080344F8	thumb	LinkOpponentHandleFaintingCry
0x08034534	thumb	LinkOpponentHandleIntroSlide
0x08034564	thumb	LinkOpponentHandleIntroTrainerBallThrow
0x0803461C	thumb	Task_StartSendOutAnim
0x080346E0	thumb	SpriteCB_FreeOpponentSprite
0x0803470C	thumb	LinkOpponentHandleDrawPartyStatusSummary
0x080347E8	thumb	EndDrawPartyStatusSummary
0x0803481C	thumb	LinkOpponentHandleHidePartyStatusSummary
0x08034860	thumb	LinkOpponentHandleEndBounceEffect
0x080348C8	thumb	LinkOpponentHandleSpriteInvisibility
0x08034920	thumb	LinkOpponentHandleBattleAnimation
0x0803497C	thumb	LinkOpponentHandleLinkStandbyMsg
0x080349E4	thumb	LinkOpponentHandleResetActionMoveSelection
0x08034A4C	thumb	LinkOpponentHandleEndLinkBattle
0x08034A9C	thumb	LinkOpponentCmdEnd
0x08034AA0	thumb	LinkPartnerDummy
0x08034AA4	thumb	SetControllerToLinkPartner
0x08034AC0	thumb	LinkPartnerBufferRunCommand
0x08034B08	thumb	CompleteOnBattlerSpriteCallbackDummy
0x08034B40	thumb	FreeTrainerSpriteAfterSlide
0x08034BA0	thumb	Intro_DelayAndEnd
0x08034BD4	thumb	Intro_WaitForHealthbox
0x08034C88	thumb	Intro_ShowHealthbox
0x08034DE4	thumb	WaitForMonAnimAfterLoad
0x08034E20	thumb	CompleteOnHealthbarDone
0x08034E7C	thumb	FreeMonSpriteAfterFaintAnim
0x08034EE0	thumb	FreeMonSpriteAfterSwitchOutAnim
0x08034F44	thumb	CompleteOnInactiveTextPrinter
0x08034F5C	thumb	DoHitAnimBlinkSpriteEffect
0x08034FD4	thumb	SwitchIn_ShowSubstitute
0x08035038	thumb	SwitchIn_WaitAndEnd
0x08035064	thumb	SwitchIn_ShowHealthbox
0x0803513C	thumb	SwitchIn_TryShinyAnim
0x080351CC	thumb	LinkPartnerBufferExecCompleted
0x08035234	thumb	CompleteOnFinishedStatusAnimation
0x08035260	thumb	CompleteOnFinishedBattleAnimation
0x0803528C	thumb	LinkPartnerHandleGetMonData
0x08035308	thumb	CopyLinkPartnerMonData
0x08035940	thumb	LinkPartnerHandleGetRawMonData
0x080359A8	thumb	LinkPartnerHandleSetMonData
0x080359FC	thumb	SetLinkPartnerMonData
0x08036054	thumb	LinkPartnerHandleSetRawMonData
0x0803609C	thumb	LinkPartnerHandleLoadMonSprite
0x0803616C	thumb	LinkPartnerHandleSwitchInAnim
0x080361CC	thumb	StartSendOutAnim
0x080362D8	thumb	LinkPartnerHandleReturnMonToBall
0x0803635C	thumb	DoSwitchOutAnimation
0x080363E0	thumb	LinkPartnerHandleDrawTrainerPic
0x08036530	thumb	LinkPartnerHandleTrainerSlide
0x08036598	thumb	LinkPartnerHandleTrainerSlideBack
0x08036600	thumb	LinkPartnerHandleFaintAnimation
0x080366D4	thumb	LinkPartnerHandlePaletteFade
0x0803673C	thumb	LinkPartnerHandleSuccessBallThrowAnim
0x080367A4	thumb	LinkPartnerHandleBallThrowAnim
0x0803680C	thumb	LinkPartnerHandlePause
0x08036874	thumb	LinkPartnerHandleMoveAnimation
0x08036964	thumb	LinkPartnerDoMoveAnimation
0x08036AA8	thumb	LinkPartnerHandlePrintString
0x08036B0C	thumb	LinkPartnerHandlePrintSelectionString
0x08036B74	thumb	LinkPartnerHandleChooseAction
0x08036BDC	thumb	LinkPartnerHandleUnknownYesNoBox
0x08036C44	thumb	LinkPartnerHandleChooseMove
0x08036CAC	thumb	LinkPartnerHandleChooseItem
0x08036D14	thumb	LinkPartnerHandleChoosePokemon
0x08036D7C	thumb	LinkPartnerHandleCmd23
0x08036DE4	thumb	LinkPartnerHandleHealthBarUpdate
0x08036E98	thumb	LinkPartnerHandleExpUpdate
0x08036F00	thumb	LinkPartnerHandleStatusIconUpdate
0x08036F6C	thumb	LinkPartnerHandleStatusAnimation
0x08036FC0	thumb	LinkPartnerHandleStatusXor
0x08037028	thumb	LinkPartnerHandleDataTransfer
0x08037090	thumb	LinkPartnerHandleDMA3Transfer
0x080370F8	thumb	LinkPartnerHandlePlayBGM
0x08037160	thumb	LinkPartnerHandleCmd32
0x080371C8	thumb	LinkPartnerHandleTwoReturnValues
0x08037230	thumb	LinkPartnerHandleChosenMonReturnValue
0x08037298	thumb	LinkPartnerHandleOneReturnValue
0x08037300	thumb	LinkPartnerHandleOneReturnValue_Duplicate
0x08037368	thumb	LinkPartnerHandleClearUnkVar
0x080373DC	thumb	LinkPartnerHandleSetUnkVar
0x0803745C	thumb	LinkPartnerHandleClearUnkFlag
0x080374D0	thumb	LinkPartnerHandleToggleUnkFlag
0x08037550	thumb	LinkPartnerHandleHitAnimation
0x080375AC	thumb	LinkPartnerHandleCantSwitch
0x08037614	thumb	LinkPartnerHandlePlaySE
0x08037650	thumb	LinkPartnerHandlePlayFanfare
0x08037678	thumb	LinkPartnerHandleFaintingCry
0x080376B4	thumb	LinkPartnerHandleIntroSlide
0x080376E4	thumb	LinkPartnerHandleIntroTrainerBallThrow
0x0803787C	thumb	Task_StartSendOutAnim
0x0803795C	thumb	LinkPartnerHandleDrawPartyStatusSummary
0x080379F4	thumb	EndDrawPartyStatusSummary
0x08037A28	thumb	LinkPartnerHandleHidePartyStatusSummary
0x08037A6C	thumb	LinkPartnerHandleEndBounceEffect
0x08037AD4	thumb	LinkPartnerHandleSpriteInvisibility
0x08037B2C	thumb	LinkPartnerHandleBattleAnimation
0x08037B88	thumb	LinkPartnerHandleLinkStandbyMsg
0x08037BF0	thumb	LinkPartnerHandleResetActionMoveSelection
0x08037C58	thumb	LinkPartnerHandleEndLinkBattle
0x08037CA0	thumb	LinkPartnerCmdEnd
0x08037CA4	thumb	OakOldManDummy
0x08037CA8	thumb	SetControllerToOakOrOldMan
0x08037CD0	thumb	OakOldManBufferRunCommand
0x08037D18	thumb	HandleInputChooseAction
0x08037EC0	thumb	SimulateInputChooseAction
0x08037F40	thumb	CompleteOnBattlerSpriteCallbackDummy
0x08037F78	thumb	CompleteOnInactiveTextPrinter
0x08037F90	thumb	OakOldManSetBattleEndCallbacks
0x08037FC8	thumb	CompleteOnSpecialAnimDone
0x08037FE0	thumb	OakOldManHandleInputChooseMove
0x08038010	thumb	OpenPartyMenuToChooseMon
0x08038064	thumb	WaitForMonSelection
0x080380BC	thumb	OpenBagAndChooseItem
0x08038108	thumb	CompleteWhenChoseItem
0x08038184	thumb	Intro_TryShinyAnimShowHealthbox
0x08038320	thumb	Intro_WaitForShinyAnimAndHealthbox
0x08038410	thumb	Task_GiveExpToMon
0x08038588	thumb	Task_PrepareToGiveExpWithExpBar
0x08038648	thumb	Task_GiveExpWithExpBar
0x08038790	thumb	Task_LaunchLvlUpAnim
0x080387F4	thumb	Task_UpdateLvlInHealthbox
0x080388A0	thumb	DestroyExpTaskAndCompleteOnInactiveTextPrinter
0x080388E8	thumb	FreeMonSpriteAfterFaintAnim
0x0803894C	thumb	PrintOakText_ForPetesSake
0x08038AB0	thumb	PrintOakText_InflictingDamageIsKey
0x08038AC4	thumb	PrintOakText_LoweringStats
0x08038AD8	thumb	PrintOakText_OakNoRunningFromATrainer
0x08038AEC	thumb	PrintOakText_WinEarnsPrizeMoney
0x08038B00	thumb	PrintOakText_HowDisappointing
0x08038B14	thumb	PrintOakTextWithMainBgDarkened
0x08038BF8	thumb	PrintOakText_KeepAnEyeOnHP
0x08038D18	thumb	CompleteOnHealthbarDone
0x08038D74	thumb	CompleteOnInactiveTextPrinter2
0x08038D8C	thumb	DoHitAnimBlinkSpriteEffect
0x08038E04	thumb	DoSwitchOutAnimation
0x08038E68	thumb	CompleteOnBattlerSpriteCallbackDummy2
0x08038EA0	thumb	CompleteOnFinishedBattleAnimation
0x08038ECC	thumb	OakOldManBufferExecCompleted
0x08038F34	thumb	CompleteOnFinishedStatusAnimation
0x08038F60	thumb	OakOldManHandleGetMonData
0x08038FDC	thumb	CopyOakOldManMonData
0x08039614	thumb	OakOldManHandleGetRawMonData
0x08039620	thumb	OakOldManHandleSetMonData
0x08039674	thumb	SetOakOldManMonData
0x08039CCC	thumb	OakOldManHandleSetRawMonData
0x08039D34	thumb	OakOldManHandleLoadMonSprite
0x08039D9C	thumb	OakOldManHandleSwitchInAnim
0x08039E04	thumb	OakOldManHandleReturnMonToBall
0x08039E80	thumb	OakOldManHandleDrawTrainerPic
0x08039F6C	thumb	OakOldManHandleTrainerSlide
0x0803A030	thumb	OakOldManHandleTrainerSlideBack
0x0803A098	thumb	OakOldManHandleFaintAnimation
0x0803A16C	thumb	OakOldManHandlePaletteFade
0x0803A1D4	thumb	OakOldManHandleSuccessBallThrowAnim
0x0803A220	thumb	OakOldManHandleBallThrowAnim
0x0803A278	thumb	OakOldManHandlePause
0x0803A2E0	thumb	OakOldManHandleMoveAnimation
0x0803A3C4	thumb	OakOldManDoMoveAnimation
0x0803A4DC	thumb	OakOldManHandlePrintString
0x0803A5C4	thumb	OakOldManHandlePrintSelectionString
0x0803A5E4	thumb	HandleChooseActionAfterDma3
0x0803A638	thumb	OakOldManHandleChooseAction
0x0803A6C8	thumb	OakOldManHandleUnknownYesNoBox
0x0803A730	thumb	OakHandleChooseMove_WaitDma3
0x0803A76C	thumb	OakOldManHandleChooseMove
0x0803A7EC	thumb	OakOldManHandleChooseItem
0x0803A844	thumb	OakOldManHandleChoosePokemon
0x0803A8E8	thumb	OakOldManHandleCmd23
0x0803A950	thumb	OakOldManHandleHealthBarUpdate
0x0803AA10	thumb	OakOldManHandleExpUpdate
0x0803AAA0	thumb	OakOldManHandleStatusIconUpdate
0x0803AB08	thumb	OakOldManHandleStatusAnimation
0x0803AB70	thumb	OakOldManHandleStatusXor
0x0803ABD8	thumb	OakOldManHandleDataTransfer
0x0803AC40	thumb	OakOldManHandleDMA3Transfer
0x0803ACA8	thumb	OakOldManHandlePlayBGM
0x0803AD10	thumb	OakOldManHandleCmd32
0x0803AD78	thumb	OakOldManHandleTwoReturnValues
0x0803ADE0	thumb	OakOldManHandleChosenMonReturnValue
0x0803AE48	thumb	OakOldManHandleOneReturnValue
0x0803AEB0	thumb	OakOldManHandleOneReturnValue_Duplicate
0x0803AF18	thumb	OakOldManHandleCmd37
0x0803AF80	thumb	OakOldManHandleCmd38
0x0803AFE8	thumb	OakOldManHandleCmd39
0x0803B050	thumb	OakOldManHandleCmd40
0x0803B0B8	thumb	OakOldManHandleHitAnimation
0x0803B114	thumb	OakOldManHandleCmd42
0x0803B17C	thumb	OakOldManHandlePlaySE
0x0803B1A4	thumb	OakOldManHandlePlayFanfare
0x0803B1CC	thumb	OakOldManHandleFaintingCry
0x0803B204	thumb	OakOldManHandleIntroSlide
0x0803B234	thumb	OakOldManHandleIntroTrainerBallThrow
0x0803B37C	thumb	StartSendOutAnim
0x0803B490	thumb	Task_StartSendOutAnim
0x0803B4F8	thumb	OakOldManHandleDrawPartyStatusSummary
0x0803B55C	thumb	OakOldManHandleHidePartyStatusSummary
0x0803B5C4	thumb	OakOldManHandleEndBounceEffect
0x0803B5E8	thumb	OakOldManHandleSpriteInvisibility
0x0803B650	thumb	OakOldManHandleBattleAnimation
0x0803B6A0	thumb	OakOldManHandleLinkStandbyMsg
0x0803B6D4	thumb	OakOldManHandleResetActionMoveSelection
0x0803B73C	thumb	OakOldManHandleCmd55
0x0803B794	thumb	OakOldManCmdEnd
0x0803B798	thumb	BtlCtrl_OakOldMan_TestState2Flag
0x0803B7A8	thumb	BtlCtrl_OakOldMan_SetState2Flag
0x0803B7BC	thumb	BtlCtrl_DrawVoiceoverMessageFrame
0x0803B9D4	thumb	BtlCtrl_RemoveVoiceoverMessageFrame
0x0803BAF8	thumb	OpponentDummy
0x0803BAFC	thumb	SetControllerToOpponent
0x0803BB18	thumb	OpponentBufferRunCommand
0x0803BB70	thumb	CompleteOnBattlerSpriteCallbackDummy
0x0803BBC4	thumb	CompleteOnBattlerSpriteCallbackDummy2
0x0803BC18	thumb	FreeTrainerSpriteAfterSlide
0x0803BCA8	thumb	Intro_DelayAndEnd
0x0803BCF8	thumb	Intro_WaitForShinyAnimAndHealthbox
0x0803BE54	thumb	Intro_TryShinyAnimShowHealthbox
0x0803C040	thumb	TryShinyAnimAfterMonAnim
0x0803C104	thumb	CompleteOnHealthbarDone
0x0803C194	thumb	HideHealthboxAfterMonFaint
0x0803C1F4	thumb	FreeMonSpriteAfterSwitchOutAnim
0x0803C280	thumb	CompleteOnInactiveTextPrinter
0x0803C2C0	thumb	DoHitAnimBlinkSpriteEffect
0x0803C358	thumb	SwitchIn_ShowSubstitute
0x0803C3BC	thumb	SwitchIn_HandleSoundAndEnd
0x0803C428	thumb	SwitchIn_ShowHealthbox
0x0803C4E8	thumb	SwitchIn_TryShinyAnim
0x0803C598	thumb	CompleteOnFinishedStatusAnimation
0x0803C5E0	thumb	CompleteOnFinishedBattleAnimation
0x0803C628	thumb	OpponentBufferExecCompleted
0x0803C658	thumb	OpponentHandleGetMonData
0x0803C700	thumb	GetOpponentMonData
0x0803CD38	thumb	OpponentHandleGetRawMonData
0x0803CDB8	thumb	OpponentHandleSetMonData
0x0803CE30	thumb	SetOpponentMonData
0x0803D3EC	thumb	OpponentHandleSetRawMonData
0x0803D454	thumb	OpponentHandleLoadMonSprite
0x0803D5C8	thumb	OpponentHandleSwitchInAnim
0x0803D618	thumb	StartSendOutAnim
0x0803D740	thumb	OpponentHandleReturnMonToBall
0x0803D7E8	thumb	DoSwitchOutAnimation
0x0803D86C	thumb	OpponentHandleDrawTrainerPic
0x0803D9F4	thumb	OpponentHandleTrainerSlide
0x0803DB5C	thumb	OpponentHandleTrainerSlideBack
0x0803DBC4	thumb	OpponentHandleFaintAnimation
0x0803DC64	thumb	OpponentHandlePaletteFade
0x0803DC94	thumb	OpponentHandleSuccessBallThrowAnim
0x0803DCC4	thumb	OpponentHandleBallThrowAnim
0x0803DCF4	thumb	OpponentHandlePause
0x0803DD24	thumb	OpponentHandleMoveAnimation
0x0803DE30	thumb	OpponentDoMoveAnimation
0x0803DF94	thumb	OpponentHandlePrintString
0x0803E024	thumb	OpponentHandlePrintSelectionString
0x0803E054	thumb	OpponentHandleChooseAction
0x0803E08C	thumb	OpponentHandleUnknownYesNoBox
0x0803E0BC	thumb	OpponentHandleChooseMove
0x0803E230	thumb	OpponentHandleChooseItem
0x0803E280	thumb	OpponentHandleChoosePokemon
0x0803E398	thumb	OpponentHandleCmd23
0x0803E3C8	thumb	OpponentHandleHealthBarUpdate
0x0803E47C	thumb	OpponentHandleExpUpdate
0x0803E4AC	thumb	OpponentHandleStatusIconUpdate
0x0803E518	thumb	OpponentHandleStatusAnimation
0x0803E56C	thumb	OpponentHandleStatusXor
0x0803E59C	thumb	OpponentHandleDataTransfer
0x0803E5CC	thumb	OpponentHandleDMA3Transfer
0x0803E5FC	thumb	OpponentHandlePlayBGM
0x0803E62C	thumb	OpponentHandleCmd32
0x0803E65C	thumb	OpponentHandleTwoReturnValues
0x0803E68C	thumb	OpponentHandleChosenMonReturnValue
0x0803E6BC	thumb	OpponentHandleOneReturnValue
0x0803E6EC	thumb	OpponentHandleOneReturnValue_Duplicate
0x0803E71C	thumb	OpponentHandleCmd37
0x0803E758	thumb	OpponentHandleCmd38
0x0803E7AC	thumb	OpponentHandleCmd39
0x0803E7E8	thumb	OpponentHandleCmd40
0x0803E830	thumb	OpponentHandleHitAnimation
0x0803E8A8	thumb	OpponentHandleCmd42
0x0803E8D8	thumb	OpponentHandlePlaySE
0x0803E934	thumb	OpponentHandlePlayFanfare
0x0803E980	thumb	OpponentHandleFaintingCry
0x0803E9E0	thumb	OpponentHandleIntroSlide
0x0803EA34	thumb	OpponentHandleIntroTrainerBallThrow
0x0803EAEC	thumb	SpriteCB_FreeOpponentSprite
0x0803EB18	thumb	Task_StartSendOutAnim
0x0803EBDC	thumb	OpponentHandleDrawPartyStatusSummary
0x0803ECD8	thumb	EndDrawPartyStatusSummary
0x0803ED28	thumb	OpponentHandleHidePartyStatusSummary
0x0803ED88	thumb	OpponentHandleEndBounceEffect
0x0803EDB8	thumb	OpponentHandleSpriteInvisibility
0x0803EE30	thumb	OpponentHandleBattleAnimation
0x0803EEA4	thumb	OpponentHandleLinkStandbyMsg
0x0803EED4	thumb	OpponentHandleResetActionMoveSelection
0x0803EF04	thumb	OpponentHandleCmd55
0x0803EF6C	thumb	OpponentCmdEnd
0x0803EF70	thumb	BattleControllerDummy
0x0803EF74	thumb	SetControllerToPlayer
0x0803EF98	thumb	PlayerBufferExecCompleted
0x0803F000	thumb	PlayerBufferRunCommand
0x0803F048	thumb	CompleteOnBattlerSpritePosX_0
0x0803F07C	thumb	HandleInputChooseAction
0x0803F2B4	thumb	EndBounceEffect2
0x0803F2E4	thumb	HandleInputChooseTarget
0x0803F5B8	thumb	HandleInputChooseMove
0x0803F9F4	thumb	HandleMoveInputUnused
0x0803FC00	thumb	HandleMoveSwitching
0x08040318	thumb	SetLinkBattleEndCallbacks
0x08040374	thumb	SetBattleEndCallbacks
0x080403F0	thumb	CompleteOnBattlerSpriteCallbackDummy
0x08040428	thumb	CompleteOnBattlerSpriteCallbackDummy2
0x08040460	thumb	FreeTrainerSpriteAfterSlide
0x080404C8	thumb	Intro_DelayAndEnd
0x080404FC	thumb	Intro_WaitForShinyAnimAndHealthbox
0x08040698	thumb	Intro_TryShinyAnimShowHealthbox
0x08040838	thumb	SwitchIn_CleanShinyAnimShowSubstitute
0x080408DC	thumb	SwitchIn_HandleSoundAndEnd
0x08040940	thumb	SwitchIn_TryShinyAnimShowHealthbox
0x08040A04	thumb	Task_PlayerController_RestoreBgmAfterCry
0x08040A34	thumb	CompleteOnHealthbarDone
0x08040A90	thumb	CompleteOnInactiveTextPrinter
0x08040AA8	thumb	Task_GiveExpToMon
0x08040C20	thumb	Task_PrepareToGiveExpWithExpBar
0x08040CE0	thumb	Task_GiveExpWithExpBar
0x08040E28	thumb	Task_LaunchLvlUpAnim
0x08040E8C	thumb	Task_UpdateLvlInHealthbox
0x08040F38	thumb	DestroyExpTaskAndCompleteOnInactiveTextPrinter
0x08040F94	thumb	Task_CreateLevelUpVerticalStripes
0x08041120	thumb	FreeMonSpriteAfterFaintAnim
0x08041184	thumb	FreeMonSpriteAfterSwitchOutAnim
0x080411E8	thumb	CompleteOnInactiveTextPrinter2
0x08041200	thumb	OpenPartyMenuToChooseMon
0x08041254	thumb	WaitForMonSelection
0x080412F4	thumb	OpenBagAndChooseItem
0x0804132C	thumb	CompleteWhenChoseItem
0x08041364	thumb	CompleteOnSpecialAnimDone
0x08041398	thumb	DoHitAnimBlinkSpriteEffect
0x08041410	thumb	MoveSelectionDisplayMoveNames
0x08041494	thumb	MoveSelectionDisplayPpString
0x080414B8	thumb	MoveSelectionDisplayPpNumber
0x080414DC	thumb	MoveSelectionDisplayMoveType
0x080415BC	thumb	MoveSelectionCreateCursorAt
0x08041600	thumb	MoveSelectionDestroyCursorAt
0x08041640	thumb	ActionSelectionCreateCursorAt
0x08041684	thumb	ActionSelectionDestroyCursorAt
0x080416C8	thumb	SetCB2ToReshowScreenAfterMenu
0x080416D8	thumb	SetCB2ToReshowScreenAfterMenu2
0x080416E8	thumb	CompleteOnFinishedStatusAnimation
0x08041714	thumb	CompleteOnFinishedBattleAnimation
0x08041740	thumb	PrintLinkStandbyMsg
0x08041774	thumb	PlayerHandleGetMonData
0x080417F0	thumb	CopyPlayerMonData
0x08041E28	thumb	PlayerHandleGetRawMonData
0x08041E84	thumb	PlayerHandleSetMonData
0x08041ED8	thumb	SetPlayerMonData
0x08042530	thumb	PlayerHandleSetRawMonData
0x08042578	thumb	PlayerHandleLoadMonSprite
0x080425D8	thumb	PlayerHandleSwitchInAnim
0x0804264C	thumb	StartSendOutAnim
0x08042758	thumb	PlayerHandleReturnMonToBall
0x080427DC	thumb	DoSwitchOutAnimation
0x08042860	thumb	PlayerHandleDrawTrainerPic
0x080429CC	thumb	PlayerHandleTrainerSlide
0x08042AE8	thumb	PlayerHandleTrainerSlideBack
0x08042B60	thumb	PlayerHandleFaintAnimation
0x08042C34	thumb	PlayerHandlePaletteFade
0x08042C54	thumb	PlayerHandleSuccessBallThrowAnim
0x08042CA0	thumb	PlayerHandleBallThrowAnim
0x08042CF8	thumb	PlayerHandlePause
0x08042D60	thumb	PlayerHandleMoveAnimation
0x08042E50	thumb	PlayerDoMoveAnimation
0x08042F94	thumb	PlayerHandlePrintString
0x08042FF8	thumb	PlayerHandlePrintSelectionString
0x08043018	thumb	HandleChooseActionAfterDma3
0x08043050	thumb	PlayerHandleChooseAction
0x080430F8	thumb	PlayerHandleUnknownYesNoBox
0x080430FC	thumb	HandleChooseMoveAfterDma3
0x08043138	thumb	PlayerHandleChooseMove
0x080431D8	thumb	InitMoveSelectionsVarsAndStrings
0x08043268	thumb	PlayerHandleChooseItem
0x080432C0	thumb	PlayerHandleChoosePokemon
0x08043364	thumb	PlayerHandleCmd23
0x08043388	thumb	PlayerHandleHealthBarUpdate
0x08043448	thumb	PlayerHandleExpUpdate
0x080434D8	thumb	PlayerHandleStatusIconUpdate
0x08043544	thumb	PlayerHandleStatusAnimation
0x08043598	thumb	PlayerHandleStatusXor
0x080435F0	thumb	PlayerHandleDataTransfer
0x08043658	thumb	PlayerHandleDMA3Transfer
0x08043730	thumb	PlayerHandlePlayBGM
0x08043758	thumb	PlayerHandleCmd32
0x080437C0	thumb	PlayerHandleTwoReturnValues
0x080437D4	thumb	PlayerHandleChosenMonReturnValue
0x080437E8	thumb	PlayerHandleOneReturnValue
0x080437FC	thumb	PlayerHandleOneReturnValue_Duplicate
0x08043810	thumb	PlayerHandleCmd37
0x08043884	thumb	PlayerHandleCmd38
0x08043904	thumb	PlayerHandleCmd39
0x08043978	thumb	PlayerHandleCmd40
0x080439F8	thumb	PlayerHandleHitAnimation
0x08043A54	thumb	PlayerHandleCmd42
0x08043ABC	thumb	PlayerHandlePlaySE
0x08043AF8	thumb	PlayerHandlePlayFanfare
0x08043B20	thumb	PlayerHandleFaintingCry
0x08043B5C	thumb	PlayerHandleIntroSlide
0x08043B8C	thumb	PlayerHandleIntroTrainerBallThrow
0x08043CA0	thumb	SpriteCB_FreePlayerSpriteLoadMonSprite
0x08043D00	thumb	Task_StartSendOutAnim
0x08043DE0	thumb	PlayerHandleDrawPartyStatusSummary
0x08043E78	thumb	EndDrawPartyStatusSummary
0x08043EAC	thumb	PlayerHandleHidePartyStatusSummary
0x08043EF0	thumb	PlayerHandleEndBounceEffect
0x08043F14	thumb	PlayerHandleSpriteInvisibility
0x08043F6C	thumb	PlayerHandleBattleAnimation
0x08043FC8	thumb	PlayerHandleLinkStandbyMsg
0x0804404C	thumb	PlayerHandleResetActionMoveSelection
0x08044098	thumb	PlayerHandleCmd55
0x080440E0	thumb	PlayerCmdEnd
0x080440E4	thumb	PreviewDeterminativeMoveTargets
0x080440FC	thumb	MoveSelectionDisplayPpNumber.part.0
0x08044154	thumb	PreviewDeterminativeMoveTargets.part.0
0x080442B8	thumb	PokedudeDummy
0x080442BC	thumb	SetControllerToPokedude
0x080442F0	thumb	PokedudeBufferRunCommand
0x08044348	thumb	HandleInputChooseAction
0x08044354	thumb	CompleteOnBattlerSpriteCallbackDummy
0x0804438C	thumb	CompleteOnBattlerSpritePosX_0
0x0804442C	thumb	CompleteOnInactiveTextPrinter
0x08044444	thumb	Pokedude_SetBattleEndCallbacks
0x0804447C	thumb	SwitchIn_HandleSoundAndEnd
0x080444D0	thumb	SwitchIn_CleanShinyAnimShowSubstitute
0x08044574	thumb	SwitchIn_TryShinyAnimShowHealthbox
0x08044638	thumb	CompleteOnSpecialAnimDone
0x08044650	thumb	Intro_DelayAndEnd
0x08044684	thumb	PokedudeHandleInputChooseMove
0x08044690	thumb	OpenPartyMenuToChooseMon
0x080446D0	thumb	WaitForMonSelection
0x08044728	thumb	OpenBagAndChooseItem
0x08044770	thumb	CompleteWhenChoseItem
0x080447A8	thumb	Intro_TryShinyAnimShowHealthbox
0x08044944	thumb	Intro_WaitForShinyAnimAndHealthbox
0x08044A34	thumb	Task_GiveExpToMon
0x08044BAC	thumb	Task_PrepareToGiveExpWithExpBar
0x08044C6C	thumb	Task_GiveExpWithExpBar
0x08044DB4	thumb	Task_LaunchLvlUpAnim
0x08044E18	thumb	Task_UpdateLvlInHealthbox
0x08044EC4	thumb	DestroyExpTaskAndCompleteOnInactiveTextPrinter
0x08044F0C	thumb	FreeMonSpriteAfterFaintAnim
0x08044F9C	thumb	CompleteOnHealthbarDone
0x08044FF8	thumb	CompleteOnInactiveTextPrinter2
0x08045010	thumb	DoHitAnimBlinkSpriteEffect
0x08045088	thumb	DoSwitchOutAnimation
0x080450EC	thumb	CompleteOnBattlerSpriteCallbackDummy2
0x08045124	thumb	CompleteOnFinishedBattleAnimation
0x08045150	thumb	CompleteOnFinishedStatusAnimation
0x0804517C	thumb	PokedudeBufferExecCompleted
0x080451E4	thumb	CompleteOnFinishedStatusAnimation2
0x08045210	thumb	PokedudeHandleGetMonData
0x0804528C	thumb	CopyPokedudeMonData
0x08045790	thumb	PokedudeHandleGetRawMonData
0x0804579C	thumb	PokedudeHandleSetMonData
0x080457F0	thumb	SetPokedudeMonData
0x08045DA4	thumb	PokedudeHandleSetRawMonData
0x08045E0C	thumb	PokedudeHandleLoadMonSprite
0x08045F2C	thumb	PokedudeHandleSwitchInAnim
0x08045F98	thumb	PokedudeHandleReturnMonToBall
0x08046014	thumb	PokedudeHandleDrawTrainerPic
0x08046198	thumb	PokedudeHandleTrainerSlide
0x08046224	thumb	PokedudeHandleTrainerSlideBack
0x0804628C	thumb	PokedudeHandleFaintAnimation
0x08046384	thumb	PokedudeHandlePaletteFade
0x080463EC	thumb	PokedudeHandleSuccessBallThrowAnim
0x08046438	thumb	PokedudeHandleBallThrowAnim
0x08046490	thumb	PokedudeHandlePause
0x080464F8	thumb	PokedudeHandleMoveAnimation
0x080465DC	thumb	PokedudeDoMoveAnimation
0x080466F4	thumb	PokedudeHandlePrintString
0x08046758	thumb	PokedudeHandlePrintSelectionString
0x08046778	thumb	HandleChooseActionAfterDma3
0x080467B0	thumb	PokedudeHandleChooseAction
0x0804683C	thumb	PokedudeHandleUnknownYesNoBox
0x080468A4	thumb	PokedudeHandleChooseMoveAfterDma3
0x080468E0	thumb	PokedudeHandleChooseMove
0x08046920	thumb	PokedudeHandleChooseItem
0x08046978	thumb	PokedudeHandleChoosePokemon
0x08046A1C	thumb	PokedudeHandleCmd23
0x08046A84	thumb	PokedudeHandleHealthBarUpdate
0x08046B44	thumb	PokedudeHandleExpUpdate
0x08046BD4	thumb	PokedudeHandleStatusIconUpdate
0x08046C54	thumb	PokedudeHandleStatusAnimation
0x08046CA8	thumb	PokedudeHandleStatusXor
0x08046D10	thumb	PokedudeHandleDataTransfer
0x08046D78	thumb	PokedudeHandleDMA3Transfer
0x08046DE0	thumb	PokedudeHandlePlayBGM
0x08046E48	thumb	PokedudeHandleCmd32
0x08046EB0	thumb	PokedudeHandleTwoReturnValues
0x08046F18	thumb	PokedudeHandleChosenMonReturnValue
0x08046F80	thumb	PokedudeHandleOneReturnValue
0x08046FE8	thumb	PokedudeHandleOneReturnValue_Duplicate
0x08047050	thumb	PokedudeHandleCmd37
0x080470B8	thumb	PokedudeHandleCmd38
0x08047120	thumb	PokedudeHandleCmd39
0x08047188	thumb	PokedudeHandleCmd40
0x080471F0	thumb	PokedudeHandleHitAnimation
0x0804724C	thumb	PokedudeHandleCmd42
0x080472B4	thumb	PokedudeHandlePlaySE
0x080472DC	thumb	PokedudeHandlePlayFanfare
0x08047304	thumb	PokedudeHandleFaintingCry
0x08047354	thumb	PokedudeHandleIntroSlide
0x08047384	thumb	PokedudeHandleIntroTrainerBallThrow
0x0804748C	thumb	StartSendOutAnim
0x080475A0	thumb	Task_StartSendOutAnim
0x08047608	thumb	PokedudeHandleDrawPartyStatusSummary
0x0804766C	thumb	PokedudeHandleHidePartyStatusSummary
0x080476D4	thumb	PokedudeHandleEndBounceEffect
0x080476F8	thumb	PokedudeHandleSpriteInvisibility
0x08047760	thumb	PokedudeHandleBattleAnimation
0x080477B0	thumb	PokedudeHandleLinkStandbyMsg
0x080477E4	thumb	PokedudeHandleResetActionMoveSelection
0x0804784C	thumb	PokedudeHandleCmd55
0x080478A4	thumb	PokedudeCmdEnd
0x080478A8	thumb	PokedudeSimulateInputChooseAction
0x080479EC	thumb	PokedudeSimulateInputChooseMove
0x08047ADC	thumb	HandlePokedudeVoiceoverEtc
0x08047B68	thumb	ReturnFromPokedudeAction
0x08047B90	thumb	PokedudeAction_PrintVoiceoverMessage
0x08047C8C	thumb	PokedudeAction_PrintMessageWithHealthboxPals
0x08047DEC	thumb	GetPokedudeText
0x08047E3C	thumb	InitPokedudePartyAndOpponent
0x08047F0C	thumb	SafariDummy
0x08047F10	thumb	SetControllerToSafari
0x08047F2C	thumb	SafariBufferRunCommand
0x08047F74	thumb	HandleInputChooseAction
0x08048084	thumb	CompleteOnBattlerSpriteCallbackDummy
0x080480BC	thumb	CompleteOnInactiveTextPrinter
0x080480D4	thumb	CompleteOnHealthboxSpriteCallbackDummy
0x0804810C	thumb	Safari_SetBattleEndCallbacks
0x08048144	thumb	CompleteOnSpecialAnimDone
0x08048178	thumb	SafariOpenPokeblockCase
0x080481A0	thumb	CompleteWhenChosePokeblock
0x080481D8	thumb	CompleteOnFinishedBattleAnimation
0x08048204	thumb	SafariBufferExecCompleted
0x0804826C	thumb	CompleteOnFinishedStatusAnimation
0x08048298	thumb	SafariHandleGetMonData
0x08048300	thumb	SafariHandleGetRawMonData
0x08048368	thumb	SafariHandleSetMonData
0x080483D0	thumb	SafariHandleSetRawMonData
0x08048438	thumb	SafariHandleLoadMonSprite
0x080484A0	thumb	SafariHandleSwitchInAnim
0x08048508	thumb	SafariHandleReturnMonToBall
0x08048570	thumb	SafariHandleDrawTrainerPic
0x0804861C	thumb	SafariHandleTrainerSlide
0x08048684	thumb	SafariHandleTrainerSlideBack
0x080486EC	thumb	SafariHandleFaintAnimation
0x08048754	thumb	SafariHandlePaletteFade
0x080487BC	thumb	SafariHandleSuccessBallThrowAnim
0x08048808	thumb	SafariHandleBallThrowAnim
0x08048860	thumb	SafariHandlePause
0x080488C8	thumb	SafariHandleMoveAnimation
0x08048930	thumb	SafariHandlePrintString
0x08048994	thumb	SafariHandlePrintSelectionString
0x080489B4	thumb	HandleChooseActionAfterDma3
0x080489EC	thumb	SafariHandleChooseAction
0x08048A64	thumb	SafariHandleUnknownYesNoBox
0x08048ACC	thumb	SafariHandleChooseMove
0x08048B34	thumb	SafariHandleChooseItem
0x08048B70	thumb	SafariHandleChoosePokemon
0x08048BD8	thumb	SafariHandleCmd23
0x08048C40	thumb	SafariHandleHealthBarUpdate
0x08048CA8	thumb	SafariHandleExpUpdate
0x08048D10	thumb	SafariHandleStatusIconUpdate
0x08048D48	thumb	SafariHandleStatusAnimation
0x08048DB0	thumb	SafariHandleStatusXor
0x08048E18	thumb	SafariHandleDataTransfer
0x08048E80	thumb	SafariHandleDMA3Transfer
0x08048EE8	thumb	SafariHandlePlayBGM
0x08048F50	thumb	SafariHandleCmd32
0x08048FB8	thumb	SafariHandleTwoReturnValues
0x08049020	thumb	SafariHandleChosenMonReturnValue
0x08049088	thumb	SafariHandleOneReturnValue
0x080490F0	thumb	SafariHandleOneReturnValue_Duplicate
0x08049158	thumb	SafariHandleCmd37
0x080491C0	thumb	SafariHandleCmd38
0x08049228	thumb	SafariHandleCmd39
0x08049290	thumb	SafariHandleCmd40
0x080492F8	thumb	SafariHandleHitAnimation
0x08049360	thumb	SafariHandleCmd42
0x080493C8	thumb	SafariHandlePlaySE
0x08049404	thumb	SafariHandlePlayFanfareOrBGM
0x0804942C	thumb	SafariHandleFaintingCry
0x08049464	thumb	SafariHandleIntroSlide
0x08049494	thumb	SafariHandleIntroTrainerBallThrow
0x080494E8	thumb	SafariHandleDrawPartyStatusSummary
0x08049550	thumb	SafariHandleHidePartyStatusSummary
0x080495B8	thumb	SafariHandleEndBounceEffect
0x08049620	thumb	SafariHandleSpriteInvisibility
0x08049688	thumb	SafariHandleBattleAnimation
0x080496D8	thumb	SafariHandleLinkStandbyMsg
0x08049740	thumb	SafariHandleResetActionMoveSelection
0x080497A8	thumb	SafariHandleCmd55
0x08049800	thumb	SafariCmdEnd
0x08049804	thumb	HandleLinkBattleSetup
0x08049854	thumb	SetUpBattleVars
0x080498D4	thumb	InitBattleControllers
0x08049928	thumb	InitSinglePlayerBtlControllers
0x08049A04	thumb	InitLinkBtlControllers
0x08049BF0	thumb	SetBattlePartyIds
0x08049C08	thumb	PrepareBufferDataTransfer
0x08049C78	thumb	CreateTasksForSendRecvLinkBuffers
0x08049CD4	thumb	PrepareBufferDataTransferLink
0x08049DE8	thumb	Task_HandleSendLinkBuffersData
0x08049F58	thumb	TryReceiveLinkBattleData
0x0804A048	thumb	Task_HandleCopyReceivedLinkBuffersData
0x0804A1AC	thumb	BtlController_EmitGetMonData
0x0804A1D4	thumb	BtlController_EmitGetRawMonData
0x0804A1FC	thumb	BtlController_EmitSetMonData
0x0804A238	thumb	BtlController_EmitSetRawMonData
0x0804A270	thumb	BtlController_EmitLoadMonSprite
0x0804A290	thumb	BtlController_EmitSwitchInAnim
0x0804A2B8	thumb	BtlController_EmitReturnMonToBall
0x0804A2DC	thumb	BtlController_EmitDrawTrainerPic
0x0804A2FC	thumb	BtlController_EmitTrainerSlide
0x0804A31C	thumb	BtlController_EmitTrainerSlideBack
0x0804A33C	thumb	BtlController_EmitFaintAnimation
0x0804A35C	thumb	BtlController_EmitPaletteFade
0x0804A37C	thumb	BtlController_EmitSuccessBallThrowAnim
0x0804A39C	thumb	BtlController_EmitBallThrowAnim
0x0804A3C0	thumb	BtlController_EmitPause
0x0804A400	thumb	BtlController_EmitMoveAnimation
0x0804A4A4	thumb	BtlController_EmitPrintString
0x0804A584	thumb	BtlController_EmitPrintSelectionString
0x0804A644	thumb	BtlController_EmitChooseAction
0x0804A668	thumb	BtlController_EmitUnknownYesNoBox
0x0804A68C	thumb	BtlController_EmitChooseMove
0x0804A6C0	thumb	BtlController_EmitChooseItem
0x0804A6E8	thumb	BtlController_EmitChoosePokemon
0x0804A71C	thumb	BtlController_EmitCmd23
0x0804A73C	thumb	BtlController_EmitHealthBarUpdate
0x0804A760	thumb	BtlController_EmitExpUpdate
0x0804A784	thumb	BtlController_EmitStatusIconUpdate
0x0804A7C0	thumb	BtlController_EmitStatusAnimation
0x0804A7EC	thumb	BtlController_EmitStatusXor
0x0804A810	thumb	BtlController_EmitDataTransfer
0x0804A84C	thumb	BtlController_EmitDMA3Transfer
0x0804A898	thumb	BtlController_EmitPlayBGM
0x0804A8D4	thumb	BtlController_EmitCmd32
0x0804A910	thumb	BtlController_EmitTwoReturnValues
0x0804A934	thumb	BtlController_EmitChosenMonReturnValue
0x0804A964	thumb	BtlController_EmitOneReturnValue
0x0804A990	thumb	BtlController_EmitOneReturnValue_Duplicate
0x0804A9BC	thumb	BtlController_EmitClearUnkVar
0x0804A9DC	thumb	BtlController_EmitSetUnkVar
0x0804AA00	thumb	BtlController_EmitClearUnkFlag
0x0804AA20	thumb	BtlController_EmitToggleUnkFlag
0x0804AA40	thumb	BtlController_EmitHitAnimation
0x0804AA60	thumb	BtlController_EmitCantSwitch
0x0804AA80	thumb	BtlController_EmitPlaySE
0x0804AAAC	thumb	BtlController_EmitPlayFanfare
0x0804AAD8	thumb	BtlController_EmitFaintingCry
0x0804AAF8	thumb	BtlController_EmitIntroSlide
0x0804AB1C	thumb	BtlController_EmitIntroTrainerBallThrow
0x0804AB3C	thumb	BtlController_EmitDrawPartyStatusSummary
0x0804AB78	thumb	BtlController_EmitHidePartyStatusSummary
0x0804AB98	thumb	BtlController_EmitEndBounceEffect
0x0804ABB8	thumb	BtlController_EmitSpriteInvisibility
0x0804ABE4	thumb	BtlController_EmitBattleAnimation
0x0804AC08	thumb	BtlController_EmitLinkStandbyMsg
0x0804AC2C	thumb	BtlController_EmitResetActionMoveSelection
0x0804AC50	thumb	BtlController_EmitEndLinkBattle
0x0804AC74	thumb	SetBattlePartyIds.part.0
0x0804AE00	thumb	AllocateBattleSpritesData
0x0804AE40	thumb	FreeBattleSpritesData
0x0804AE84	thumb	SpriteCB_WaitForBattlerBallReleaseAnim
0x0804AEE0	thumb	DoBattleSpriteAffineAnim
0x0804AF08	thumb	SpriteCB_TrainerSlideIn
0x0804AF2C	thumb	InitAndLaunchChosenStatusAnimation
0x0804AFF0	thumb	TryHandleLaunchBattleTableAnimation
0x0804B12C	thumb	Task_ClearBitWhenBattleTableAnimDone
0x0804B184	thumb	ShouldAnimBeDoneRegardlessOfSubsitute
0x0804B1A0	thumb	InitAndLaunchSpecialAnimation
0x0804B204	thumb	Task_ClearBitWhenSpecialAnimDone
0x0804B25C	thumb	IsMoveWithoutAnimation
0x0804B260	thumb	IsBattleSEPlaying
0x0804B2C8	thumb	BattleLoadOpponentMonSpriteGfx
0x0804B430	thumb	BattleLoadPlayerMonSpriteGfx
0x0804B5C4	thumb	DecompressGhostFrontPic
0x0804B624	thumb	DecompressTrainerFrontPic
0x0804B678	thumb	DecompressTrainerBackPalette
0x0804B6A0	thumb	BattleGfxSfxDummy3
0x0804B6A4	thumb	FreeTrainerFrontPicPaletteAndTile
0x0804B6CC	thumb	BattleLoadAllHealthBoxesGfxAtOnce
0x0804B750	thumb	BattleLoadAllHealthBoxesGfx
0x0804B850	thumb	LoadBattleBarGfx
0x0804B870	thumb	BattleInitAllSprites
0x0804B988	thumb	ClearSpritesHealthboxAnimData
0x0804B9B0	thumb	ClearSpritesBattlerHealthboxAnimData
0x0804B9E4	thumb	CopyAllBattleSpritesInvisibilities
0x0804BA38	thumb	CopyBattleSpriteInvisibility
0x0804BA78	thumb	HandleSpeciesGfxDataChange
0x0804BE68	thumb	BattleLoadSubstituteOrMonSpriteGfx
0x0804BF40	thumb	LoadBattleMonGfxAndAnimate
0x0804BFA0	thumb	TrySetBehindSubstituteSpriteBit
0x0804BFC4	thumb	ClearBehindSubstituteBit
0x0804BFDC	thumb	HandleLowHpMusicChange
0x0804C074	thumb	BattleStopLowHpSound
0x0804C0B8	thumb	GetMonHPBarLevel
0x0804C0E0	thumb	HandleBattleLowHpMusicChange
0x0804C178	thumb	SetBattlerSpriteAffineMode
0x0804C228	thumb	LoadAndCreateEnemyShadowSprites
0x0804C300	thumb	SpriteCB_EnemyShadow
0x0804C3CC	thumb	SpriteCB_SetInvisible
0x0804C3D8	thumb	SetBattlerShadowSpriteCallback
0x0804C44C	thumb	HideBattlerShadowSprite
0x0804C47C	thumb	BattleInterfaceSetWindowPals
0x0804C56C	thumb	ClearTemporarySpeciesSpriteData
0x0804C5A0	thumb	AllocateMonSpritesGfx
0x0804C664	thumb	FreeMonSpritesGfx
0x0804C6C8	thumb	ShouldPlayNormalMonCry
0x0804C708	thumb	Debug_DrawNumber
0x0804C820	thumb	Debug_DrawNumberPair
0x0804C84C	thumb	CreateBattlerHealthboxSprites
0x0804CB28	thumb	CreateSafariPlayerHealthboxSprites
0x0804CB98	thumb	GetBattleInterfaceGfxPtr
0x0804CBA8	thumb	SpriteCB_HealthBar
0x0804CBF4	thumb	SpriteCB_HealthBoxOther
0x0804CC24	thumb	SetBattleBarStruct
0x0804CC54	thumb	SetHealthboxSpriteInvisible
0x0804CCA0	thumb	SetHealthboxSpriteVisible
0x0804CCEC	thumb	UpdateSpritePos
0x0804CD0C	thumb	DestoryHealthboxSprite
0x0804CD4C	thumb	DummyBattleInterfaceFunc
0x0804CD50	thumb	UpdateOamPriorityInAllHealthboxes
0x0804CDD8	thumb	InitBattlerHealthboxCoords
0x0804CE40	thumb	UpdateLvlInHealthbox
0x0804CF08	thumb	UpdateHpTextInHealthbox
0x0804D144	thumb	UpdateHpTextInHealthboxInDoubles
0x0804D320	thumb	PrintSafariMonInfo
0x0804D580	thumb	SwapHpBarsWithHpText
0x0804D82C	thumb	CreatePartyStatusSummarySprites
0x0804DD6C	thumb	Task_HidePartyStatusSummary
0x0804DEF0	thumb	Task_HidePartyStatusSummary_BattleStart_1
0x0804DF4C	thumb	Task_HidePartyStatusSummary_BattleStart_2
0x0804DFE8	thumb	Task_HidePartyStatusSummary_DuringBattle
0x0804E09C	thumb	SpriteCB_PartySummaryBar
0x0804E0AC	thumb	SpriteCB_PartySummaryBar_Exit
0x0804E0E4	thumb	SpriteCB_PartySummaryBall_OnBattleStart
0x0804E168	thumb	SpriteCB_PartySummaryBall_Exit
0x0804E1D0	thumb	SpriteCB_PartySummaryBall_OnSwitchout
0x0804E1E8	thumb	UpdateNickInHealthbox
0x0804E3CC	thumb	TryAddPokeballIconToHealthbox
0x0804E3F4	thumb	UpdateStatusIconInHealthbox
0x0804E680	thumb	GetStatusIconForBattlerId
0x0804E6FC	thumb	UpdateSafariBallsTextOnHealthbox
0x0804E7BC	thumb	UpdateLeftNoOfBallsTextOnHealthbox
0x0804E870	thumb	UpdateHealthboxAttribute
0x0804EB78	thumb	MoveBattleBar
0x0804ECF0	thumb	MoveBattleBarGraphically
0x0804EFC0	thumb	CalcNewBarValue
0x0804F0CC	thumb	CalcNewExpBarValue
0x0804F0EC	thumb	CalcBarFilledPixels
0x0804F184	thumb	UpdateAndDrawHealthbarOntoScreen
0x0804F1DC	thumb	CalcNewHealthbarValue
0x0804F1FC	thumb	DoDrawHealthbarOntoScreen
0x0804F21C	thumb	DrawHealthbarOntoScreen
0x0804F32C	thumb	GetReceivedValueInPixels
0x0804F374	thumb	GetScaledHPFraction
0x0804F39C	thumb	GetHPBarLevel
0x0804F3E4	thumb	AddTextPrinterAndCreateWindowOnHealthbox
0x0804F460	thumb	RemoveWindowOnHealthbox
0x0804F470	thumb	TextIntoHealthboxObject
0x0804F4BC	thumb	SafariTextIntoHealthboxObject
0x0804F4EC	thumb	TryAddPokeballIconToHealthbox.part.0
0x0804F6B0	thumb	SetAnimBgAttribute
0x0804F778	thumb	GetAnimBgAttribute
0x0804F7D4	thumb	HandleIntroSlide
0x0804F844	thumb	BattleIntroSlideEnd
0x0804F8A0	thumb	BattleIntroSlide1
0x0804FACC	thumb	BattleIntroSlide2
0x0804FDF0	thumb	BattleIntroSlide3
0x0805008C	thumb	BattleIntroSlideLink
0x08050308	thumb	CopyBattlerSpriteToBg
0x080503C0	thumb	DrawBattlerOnBgDMA
0x08050490	thumb	CB2_InitBattle
0x08050504	thumb	CB2_InitBattleInternal
0x080506B4	thumb	BufferPartyVsScreenHealth_AtStart
0x08050764	thumb	SetPlayerBerryDataInBattleStruct
0x08050804	thumb	SetAllPlayersBerryData
0x080509EC	thumb	LinkBattleComputeBattleTypeFlags
0x08050A78	thumb	CB2_HandleStartBattle
0x08050D2C	thumb	PrepareOwnMultiPartnerBuffer
0x08050E18	thumb	CB2_PreInitMultiBattle
0x08050F90	thumb	CB2_HandleStartMultiBattle
0x08051444	thumb	BattleMainCB2
0x080514B0	thumb	FreeRestoreBattleData
0x080514F4	thumb	CB2_QuitPokedudeBattle
0x08051554	thumb	SpriteCB_UnusedDebugSprite
0x08051564	thumb	SpriteCB_UnusedDebugSprite_Step
0x0805163C	thumb	CreateNPCTrainerParty
0x08051D2C	thumb	HBlankCB_Battle
0x08051D50	thumb	VBlankCB_Battle
0x08051E14	thumb	SpriteCB_VsLetterDummy
0x08051E18	thumb	SpriteCB_VsLetter
0x08051E80	thumb	SpriteCB_VsLetterInit
0x08051EA0	thumb	BufferPartyVsScreenHealth_AtEnd
0x08052068	thumb	CB2_InitEndLinkBattle
0x080521D8	thumb	CB2_EndLinkBattle
0x080521F4	thumb	EndLinkBattleInSteps
0x08052280	thumb	GetBattleBgTemplateData
0x080522FC	thumb	TryCorrectShedinjaLanguage
0x08052358	thumb	SpriteCB_EnemyMon
0x08052388	thumb	SpriteCB_MoveWildMonToRight
0x080523EC	thumb	SpriteCB_WildMonShowHealthbox
0x08052444	thumb	SpriteCallbackDummy_2
0x08052448	thumb	SpriteCB_InitFlicker
0x0805245C	thumb	SpriteCB_Flicker
0x080524B4	thumb	SpriteCB_FaintOpponentMon
0x080525B8	thumb	SpriteCB_AnimFaintOpponent
0x08052638	thumb	SpriteCB_ShowAsMoveTarget
0x08052650	thumb	SpriteCB_BlinkVisible
0x08052684	thumb	SpriteCB_HideAsMoveTarget
0x080526AC	thumb	SpriteCB_AllyMon
0x080526B8	thumb	oac_poke_ally_
0x080526DC	thumb	SetIdleSpriteCallback
0x080526E8	thumb	SpriteCB_Idle
0x080526EC	thumb	SpriteCB_FaintSlideAnim
0x0805270C	thumb	DoBounceEffect
0x080527EC	thumb	EndBounceEffect
0x08052868	thumb	SpriteCB_BounceEffect
0x080528A4	thumb	SpriteCB_PlayerThrowInit
0x080528BC	thumb	UpdatePlayerPosInThrowAnim
0x080528D8	thumb	SpriteCB_PlayerThrowUpdate
0x08052904	thumb	BeginBattleIntroDummy
0x08052908	thumb	BeginBattleIntro
0x0805292C	thumb	BattleMainCB1
0x08052978	thumb	BattleStartClearSetData
0x08052CB0	thumb	SwitchInClearSetData
0x08053080	thumb	FaintClearSetData
0x080532F0	thumb	BattleIntroGetMonsData
0x08053360	thumb	BattleIntroPrepareBackgroundSlide
0x080533B0	thumb	BattleIntroDrawTrainersOrMonsSprites
0x080535D8	thumb	BattleIntroDrawPartySummaryScreens
0x08053760	thumb	BattleIntroPrintTrainerWantsToBattle
0x08053798	thumb	BattleIntroPrintWildMonAttacked
0x080537EC	thumb	BattleIntroPrintOpponentSendsOut
0x0805381C	thumb	BattleIntroOpponentSendsOutMonAnimation
0x080538B0	thumb	BattleIntroRecordMonsToDex
0x08053960	thumb	Unused_AutoProgressToIntro
0x0805397C	thumb	BattleIntroPrintPlayerSendsOut
0x080539B8	thumb	BattleIntroPlayerSendsOutMonAnimation
0x08053A60	thumb	BattleIntroSwitchInPlayerMons
0x08053AF0	thumb	TryDoEventsBeforeFirstTurn
0x08053D58	thumb	HandleEndTurn_ContinueBattle
0x08053E08	thumb	BattleTurnPassed
0x08053F1C	thumb	IsRunningFromBattleImpossible
0x080540A8	thumb	UpdatePartyOwnerOnSwitch_NonMulti
0x08054148	thumb	HandleTurnActionSelectionState
0x08054A14	thumb	SwapTurnOrder
0x08054A40	thumb	GetWhoStrikesFirst
0x08054DCC	thumb	SetActionsAndBattlersTurnOrder
0x0805500C	thumb	TurnValuesCleanUp
0x080550EC	thumb	SpecialStatusesClear
0x08055120	thumb	CheckFocusPunch_ClearVarsBeforeTurnStarts
0x08055278	thumb	RunTurnActionsFunctions
0x08055314	thumb	HandleEndTurn_BattleWon
0x0805542C	thumb	HandleEndTurn_BattleLost
0x080554E0	thumb	HandleEndTurn_RanFromBattle
0x08055538	thumb	HandleEndTurn_MonFled
0x08055588	thumb	HandleEndTurn_FinishBattle
0x0805569C	thumb	FreeResetData_ReturnToOvOrDoEvolutions
0x08055700	thumb	TryEvolvePokemon
0x08055790	thumb	WaitForEvoSceneToFinish
0x080557B4	thumb	ReturnFromBattleToOverworld
0x08055888	thumb	RunBattleScriptCommands_PopCallbacksStack
0x080558EC	thumb	RunBattleScriptCommands
0x08055918	thumb	HandleAction_UseMove
0x08055E98	thumb	HandleAction_Switch
0x08055F2C	thumb	HandleAction_UseItem
0x080560FC	thumb	TryRunFromBattle
0x0805625C	thumb	HandleAction_Run
0x0805637C	thumb	HandleAction_WatchesCarefully
0x0805643C	thumb	HandleAction_SafariZoneBallThrow
0x08056498	thumb	HandleAction_ThrowBait
0x08056528	thumb	HandleAction_ThrowRock
0x080565B8	thumb	HandleAction_SafariZoneRun
0x080565F4	thumb	HandleAction_OldManBallThrow
0x08056664	thumb	HandleAction_TryFinish
0x08056688	thumb	HandleAction_NothingIsFainted
0x080566BC	thumb	HandleAction_ActionFinished
0x08056790	thumb	BufferStringBattle
0x08056E04	thumb	BattleStringExpandPlaceholdersToDisplayedString
0x08056E14	thumb	TryGetStatusString
0x08056E74	thumb	BattleStringExpandPlaceholders
0x08057B70	thumb	ExpandBattleTextBuffPlaceholders
0x08057E10	thumb	BattlePutTextOnWindow
0x08057FC8	thumb	BattleStringShouldBeColored
0x08057FF0	thumb	SetPpNumbersPaletteInMoveSelection
0x08058058	thumb	GetCurrentPpToMaxPpState
0x080580A4	thumb	ShowBattleRecords
0x080580BC	thumb	MainCB2_SetUp
0x08058210	thumb	VBlankCB
0x08058224	thumb	MainCB2
0x0805823C	thumb	Task_WaitFadeIn
0x08058264	thumb	Task_WaitButton
0x08058298	thumb	Task_FadeOut
0x080582D0	thumb	Task_DestroyAndReturnToField
0x08058324	thumb	ClearWindowCommitAndRemove
0x0805834C	thumb	ResetGpu
0x0805847C	thumb	StopAllRunningTasks
0x0805849C	thumb	EnableDisplay
0x080584AC	thumb	ResetBGPos
0x08058504	thumb	ClearLinkBattleRecord
0x08058530	thumb	ClearLinkBattleRecords
0x0805857C	thumb	GetLinkBattleRecordTotalBattles
0x08058588	thumb	IndexOfOpponentLinkBattleRecord
0x080585B8	thumb	SortLinkBattleRecords
0x08058644	thumb	UpdateLinkBattleRecord
0x08058698	thumb	UpdateLinkBattleGameStats
0x080586C4	thumb	AddOpponentLinkBattleRecord
0x080587A4	thumb	ClearPlayerLinkBattleRecords
0x080587C0	thumb	IncTrainerCardWinCount
0x080587E8	thumb	IncTrainerCardLossCount
0x08058810	thumb	UpdateBattleOutcomeOnTrainerCards
0x080588B4	thumb	UpdatePlayerLinkBattleRecords
0x08058920	thumb	PrintTotalRecord
0x080589FC	thumb	PrintOpponentBattleRecord
0x08058B28	thumb	PrintBattleRecords
0x08058BE4	thumb	CommitWindow
0x08058C00	thumb	LoadFrameGfxOnBg
0x08058C44	thumb	PrintHyphens
0x08058C88	thumb	sub_8110494
0x08058CB8	thumb	TowerPrintStreak
0x08058D3C	thumb	TowerPrintRecordStreak
0x08058D80	thumb	TowerGetWinStreak
0x08058DAC	thumb	TowerPrintPrevOrCurrentStreak
0x08058E48	thumb	PrintAligned
0x08058E84	thumb	ShowBattleTowerRecords
0x08058FD0	thumb	RemoveRecordsWindow
0x08058FEC	thumb	Cmd_attackcanceler
0x080592CC	thumb	JumpIfMoveFailed
0x08059344	thumb	Cmd_jumpifaffectedbyprotect
0x080593AC	thumb	JumpIfMoveAffectedByProtect
0x08059414	thumb	AccuracyCalcHelper
0x0805950C	thumb	Cmd_accuracycheck
0x080598D8	thumb	Cmd_attackstring
0x0805992C	thumb	Cmd_ppreduce
0x08059AE8	thumb	Cmd_critcalc
0x08059C34	thumb	Cmd_damagecalc
0x08059D10	thumb	AI_CalcDmg
0x08059DD8	thumb	ModulateDmgByType
0x08059E90	thumb	Cmd_typecalc
0x0805A0E0	thumb	CheckWonderGuardAndLevitate
0x0805A27C	thumb	ModulateDmgByType2
0x0805A324	thumb	TypeCalc
0x0805A4F0	thumb	AI_TypeCalc
0x0805A5E8	thumb	Unused_ApplyRandomDmgMultiplier
0x0805A620	thumb	Cmd_adjustnormaldamage
0x0805A7B4	thumb	Cmd_adjustnormaldamage2
0x0805A904	thumb	Cmd_attackanimation
0x0805AA04	thumb	Cmd_waitanimation
0x0805AA20	thumb	Cmd_healthbarupdate
0x0805AB98	thumb	Cmd_datahpupdate
0x0805AE78	thumb	Cmd_critmessage
0x0805AECC	thumb	Cmd_effectivenesssound
0x0805AF5C	thumb	Cmd_resultmessage
0x0805B0AC	thumb	Cmd_printstring
0x0805B0F0	thumb	Cmd_printselectionstring
0x0805B134	thumb	Cmd_waitmessage
0x0805B1A4	thumb	Cmd_printfromtable
0x0805B1F8	thumb	Cmd_printselectionstringfromtable
0x0805B25C	thumb	GetBattlerTurnOrderNum
0x0805B290	thumb	SetMoveEffect
0x0805BFE8	thumb	Cmd_seteffectwithchance
0x0805C0A0	thumb	Cmd_seteffectprimary
0x0805C0B0	thumb	Cmd_seteffectsecondary
0x0805C0C0	thumb	Cmd_clearstatusfromeffect
0x0805C12C	thumb	Cmd_tryfaintmon
0x0805C3C0	thumb	Cmd_dofaintanimation
0x0805C400	thumb	Cmd_cleareffectsonfaint
0x0805C464	thumb	Cmd_jumpifstatus
0x0805C4C4	thumb	Cmd_jumpifstatus2
0x0805C524	thumb	Cmd_jumpifability
0x0805C5D4	thumb	Cmd_jumpifsideaffecting
0x0805C63C	thumb	Cmd_jumpifstat
0x0805C6C0	thumb	Cmd_jumpifstatus3condition
0x0805C72C	thumb	Cmd_jumpiftype
0x0805C77C	thumb	Cmd_getexp
0x0805CFA8	thumb	Cmd_checkteamslost
0x0805D140	thumb	MoveValuesCleanUp
0x0805D17C	thumb	Cmd_movevaluescleanup
0x0805D1C4	thumb	Cmd_setmultihit
0x0805D1DC	thumb	Cmd_decrementmultihit
0x0805D214	thumb	Cmd_goto
0x0805D234	thumb	Cmd_jumpifbyte
0x0805D2BC	thumb	Cmd_jumpifhalfword
0x0805D34C	thumb	Cmd_jumpifword
0x0805D3E8	thumb	Cmd_jumpifarrayequal
0x0805D45C	thumb	Cmd_jumpifarraynotequal
0x0805D4D4	thumb	Cmd_setbyte
0x0805D504	thumb	Cmd_addbyte
0x0805D530	thumb	Cmd_subbyte
0x0805D55C	thumb	Cmd_copyarray
0x0805D5AC	thumb	Cmd_copyarraywithindex
0x0805D614	thumb	Cmd_orbyte
0x0805D640	thumb	Cmd_orhalfword
0x0805D678	thumb	Cmd_orword
0x0805D6BC	thumb	Cmd_bicbyte
0x0805D6E8	thumb	Cmd_bichalfword
0x0805D720	thumb	Cmd_bicword
0x0805D764	thumb	Cmd_pause
0x0805D7C8	thumb	Cmd_waitstate
0x0805D7E4	thumb	Cmd_healthbar_update
0x0805D830	thumb	Cmd_return
0x0805D83C	thumb	Cmd_end
0x0805D85C	thumb	Cmd_end2
0x0805D874	thumb	Cmd_end3
0x0805D8A4	thumb	Cmd_call
0x0805D8D4	thumb	Cmd_jumpiftype2
0x0805D928	thumb	Cmd_jumpifabilitypresent
0x0805D968	thumb	Cmd_endselectionscript
0x0805D984	thumb	Cmd_playanimation
0x0805DA24	thumb	Cmd_playanimation_var
0x0805DABC	thumb	Cmd_setgraphicalstatchangevalues
0x0805DB14	thumb	Cmd_playstatchangeanimation
0x0805DD24	thumb	Cmd_moveend
0x0805E644	thumb	Cmd_typecalc2
0x0805E840	thumb	Cmd_returnatktoball
0x0805E88C	thumb	Cmd_getswitchedmondata
0x0805E8EC	thumb	Cmd_switchindataupdate
0x0805EA2C	thumb	Cmd_switchinanim
0x0805EACC	thumb	Cmd_jumpifcantswitch
0x0805EC90	thumb	ChooseMonToSendOut
0x0805ECE0	thumb	Cmd_openpartyscreen
0x0805F334	thumb	Cmd_switchhandleorder
0x0805F4F0	thumb	GetStealthRockDamageMultiplier
0x0805F5AC	thumb	Cmd_switchineffects
0x0805F88C	thumb	Cmd_trainerslidein
0x0805F8CC	thumb	Cmd_playse
0x0805F908	thumb	Cmd_fanfare
0x0805F944	thumb	Cmd_playfaintcry
0x0805F974	thumb	Cmd_endlinkbattle
0x0805F9AC	thumb	Cmd_returntoball
0x0805F9E0	thumb	Cmd_handlelearnnewmove
0x0805FB08	thumb	Cmd_yesnoboxlearnmove
0x0805FEA8	thumb	Cmd_yesnoboxstoplearningmove
0x08060078	thumb	Cmd_hitanimation
0x080600EC	thumb	Cmd_getmoneyreward
0x08060278	thumb	Cmd_updatebattlermoves
0x08060304	thumb	Cmd_swapattackerwithtarget
0x0806034C	thumb	Cmd_incrementgamestat
0x0806037C	thumb	Cmd_drawpartystatussummary
0x08060448	thumb	Cmd_hidepartystatussummary
0x08060478	thumb	Cmd_jumptocalledmove
0x080604C0	thumb	Cmd_statusanimation
0x08060544	thumb	Cmd_status2animation
0x080605E0	thumb	Cmd_chosenstatusanimation
0x0806066C	thumb	Cmd_yesnobox
0x080607F0	thumb	Cmd_cancelallactions
0x0806081C	thumb	Cmd_adjustsetdamage
0x08060980	thumb	Cmd_removeitem
0x080609E0	thumb	Cmd_atknameinbuff1
0x08060A18	thumb	Cmd_drawlvlupbox
0x08060C48	thumb	DrawLevelUpWindow1
0x08060C8C	thumb	DrawLevelUpWindow2
0x08060CC4	thumb	InitLevelUpBanner
0x08060D14	thumb	SlideInLevelUpBanner
0x08060D70	thumb	DrawLevelUpBannerText
0x08060E6C	thumb	SlideOutLevelUpBanner
0x08060EA0	thumb	PutMonIconOnLvlUpBanner
0x08060F3C	thumb	SpriteCB_MonIconOnLvlUpBanner
0x08060F78	thumb	IsMonGettingExpSentOut
0x08060FB4	thumb	Cmd_resetsentmonsvalue
0x08060FCC	thumb	Cmd_setatktoplayer0
0x08060FEC	thumb	Cmd_makevisible
0x08061020	thumb	Cmd_recordlastability
0x08061050	thumb	BufferMoveToLearnIntoBattleTextBuff2
0x08061074	thumb	Cmd_buffermovetolearn
0x080610A4	thumb	Cmd_jumpifplayerran
0x080610DC	thumb	Cmd_hpthresholds
0x08061170	thumb	Cmd_hpthresholds2
0x08061218	thumb	Cmd_useitemonopponent
0x0806126C	thumb	Cmd_various
0x08061644	thumb	Cmd_setprotectlike
0x08061760	thumb	Cmd_tryexplosion
0x08061884	thumb	Cmd_setatkhptozero
0x080618DC	thumb	Cmd_jumpifnexttargetvalid
0x08061974	thumb	Cmd_tryhealhalfhealth
0x080619E4	thumb	Cmd_trymirrormove
0x08061B10	thumb	Cmd_setrain
0x08061B58	thumb	Cmd_setreflect
0x08061C00	thumb	Cmd_setseeded
0x08061CA0	thumb	Cmd_manipulatedamage
0x08061D10	thumb	Cmd_trysetrest
0x08061DB0	thumb	Cmd_jumpifnotfirstturn
0x08061DF4	thumb	Cmd_nop
0x08061E04	thumb	UproarWakeUpCheck
0x08061E80	thumb	Cmd_jumpifcantmakeasleep
0x08061EF0	thumb	Cmd_stockpile
0x08061F58	thumb	Cmd_stockpiletobasedamage
0x0806206C	thumb	Cmd_stockpiletohpheal
0x08062130	thumb	Cmd_negativedamage
0x08062160	thumb	ChangeStatBuffs
0x080624B0	thumb	Cmd_statbuffchange
0x080624F8	thumb	Cmd_normalisebuffs
0x08062534	thumb	Cmd_setbide
0x08062584	thumb	Cmd_confuseifrepeatingattackends
0x080625BC	thumb	Cmd_setmultihitcounter
0x0806260C	thumb	Cmd_initmultihitstring
0x08062630	thumb	TryDoForceSwitchOut
0x080626E8	thumb	Cmd_forcerandomswitch
0x080629B8	thumb	Cmd_tryconversiontypechange
0x08062B04	thumb	Cmd_givepaydaymoney
0x08062B88	thumb	Cmd_setlightscreen
0x08062C30	thumb	Cmd_tryKO
0x08062EB0	thumb	Cmd_damagetohalftargethp
0x08062EEC	thumb	Cmd_setsandstorm
0x08062F34	thumb	Cmd_weatherdamage
0x0806308C	thumb	Cmd_tryinfatuating
0x080631FC	thumb	Cmd_updatestatusicon
0x08063334	thumb	Cmd_setmist
0x080633C8	thumb	Cmd_setfocusenergy
0x08063414	thumb	Cmd_transformdataexecution
0x08063564	thumb	Cmd_setsubstitute
0x08063600	thumb	IsMoveUncopyableByMimic
0x0806362C	thumb	Cmd_mimicattackcopy
0x0806374C	thumb	Cmd_metronome
0x080637D0	thumb	Cmd_dmgtolevel
0x080637FC	thumb	Cmd_psywavedamageeffect
0x08063848	thumb	Cmd_counterdamagecalculator
0x08063904	thumb	Cmd_mirrorcoatdamagecalculator
0x080639C0	thumb	Cmd_disablelastusedattack
0x08063A80	thumb	Cmd_trysetencore
0x08063B44	thumb	Cmd_painsplitdmgcalc
0x08063BC8	thumb	Cmd_settypetorandomresistance
0x08063D4C	thumb	Cmd_setalwayshitflag
0x08063D94	thumb	Cmd_copymovepermanently
0x08063EE4	thumb	IsTwoTurnsMove
0x08063F2C	thumb	IsInvalidForSleepTalkOrAssist
0x08063F60	thumb	AttacksThisTurn
0x08063FB8	thumb	Cmd_trychoosesleeptalkmove
0x080640D4	thumb	Cmd_setdestinybond
0x08064100	thumb	TrySetDestinyBondToHappen
0x08064150	thumb	Cmd_trysetdestinybondtohappen
0x08064168	thumb	Cmd_remaininghptopower
0x080641EC	thumb	Cmd_tryspiteppreduce
0x08064388	thumb	Cmd_healpartystatus
0x080645C8	thumb	Cmd_cursetarget
0x08064644	thumb	Cmd_trysetspikes
0x080646C0	thumb	Cmd_setforesight
0x080646EC	thumb	Cmd_trysetperishsong
0x08064798	thumb	Cmd_rolloutdamagecalculation
0x08064894	thumb	Cmd_jumpifconfusedandstatmaxed
0x080648E8	thumb	Cmd_furycuttercalc
0x08064988	thumb	Cmd_friendshiptodamagecalculation
0x080649F0	thumb	Cmd_presentdamagecalculation
0x08064A7C	thumb	Cmd_setsafeguard
0x08064B0C	thumb	Cmd_magnitudedamagecalculation
0x08064BF0	thumb	Cmd_jumpifnopursuitswitchdmg
0x08064D30	thumb	Cmd_setsunny
0x08064D78	thumb	Cmd_maxattackhalvehp
0x08064DF4	thumb	Cmd_copyfoestats
0x08064E3C	thumb	Cmd_rapidspinfree
0x08064F4C	thumb	Cmd_setdefensecurlbit
0x08064F78	thumb	Cmd_recoverbasedonsunlight
0x0806503C	thumb	Cmd_hiddenpowercalc
0x0806515C	thumb	Cmd_selectfirstvalidtarget
0x080651CC	thumb	Cmd_trysetfutureattack
0x080652D4	thumb	Cmd_trydobeatup
0x080654C4	thumb	Cmd_setsemiinvulnerablebit
0x08065538	thumb	Cmd_clearsemiinvulnerablebit
0x080655AC	thumb	Cmd_setminimize
0x080655E0	thumb	Cmd_sethail
0x08065628	thumb	Cmd_trymemento
0x080656B8	thumb	Cmd_setforcedtarget
0x080656FC	thumb	Cmd_setcharge
0x0806573C	thumb	Cmd_callterrainattack
0x080657A8	thumb	Cmd_cureifburnedparalysedorpoisoned
0x08065818	thumb	Cmd_settorment
0x08065864	thumb	Cmd_jumpifnodamage
0x080658A8	thumb	Cmd_settaunt
0x080658F4	thumb	Cmd_trysethelpinghand
0x08065980	thumb	Cmd_tryswapitems
0x08065BE0	thumb	Cmd_trycopyability
0x08065C44	thumb	Cmd_trywish
0x08065D00	thumb	Cmd_trysetroots
0x08065D48	thumb	Cmd_doubledamagedealtifdamaged
0x08065DA0	thumb	Cmd_setyawn
0x08065E00	thumb	Cmd_setdamagetohealthdifference
0x08065E5C	thumb	Cmd_scaledamagebyhealthratio
0x08065EC0	thumb	Cmd_tryswapabilities
0x08065F54	thumb	Cmd_tryimprison
0x08066088	thumb	Cmd_trysetgrudge
0x080660D0	thumb	Cmd_weightdamagecalculation
0x08066158	thumb	Cmd_assistattackselect
0x080662BC	thumb	Cmd_trysetmagiccoat
0x08066330	thumb	Cmd_trysetsnatch
0x0806639C	thumb	Cmd_trygetintimidatetarget
0x0806645C	thumb	Cmd_switchoutabilities
0x080664D0	thumb	Cmd_jumpifhasnohp
0x0806651C	thumb	Cmd_getsecretpowereffect
0x08066568	thumb	Cmd_pickup
0x080666E4	thumb	Cmd_docastformchangeanimation
0x0806673C	thumb	Cmd_trycastformdatachange
0x0806677C	thumb	Cmd_settypebasedhalvers
0x080667FC	thumb	Cmd_setweatherballtype
0x08066888	thumb	Cmd_tryrecycleitem
0x08066920	thumb	Cmd_settypetoterrain
0x08066998	thumb	Cmd_pursuitdoubles
0x08066A44	thumb	Cmd_snatchsetbattlers
0x08066A84	thumb	Cmd_removelightscreenreflect
0x08066AF0	thumb	Cmd_handleballthrow
0x08066F2C	thumb	Cmd_givecaughtmon
0x0806706C	thumb	Cmd_trysetcaughtmondexflags
0x080670DC	thumb	Cmd_displaydexinfo
0x08067240	thumb	HandleBattleWindow
0x08067370	thumb	BattleCreateYesNoCursorAt
0x080673B4	thumb	BattleDestroyYesNoCursorAt
0x080673F8	thumb	Cmd_trygivecaughtmonnick
0x080676D0	thumb	Cmd_subattackerhpbydmg
0x08067700	thumb	Cmd_removeattackerstatus1
0x08067728	thumb	Cmd_finishaction
0x08067734	thumb	Cmd_finishturn
0x08067750	thumb	Task_BattleStart
0x080677BC	thumb	CreateBattleStartTask
0x080677F0	thumb	CheckSilphScopeInPokemonTower
0x08067820	thumb	ShouldUsePokemonTowerGhostBattle
0x08067858	thumb	StartWildBattle
0x08067984	thumb	DoStandardWildBattle
0x08067A10	thumb	StartRoamerBattle
0x08067AA0	thumb	DoSafariBattle
0x08067B20	thumb	StartScriptedSafariBattle
0x08067BAC	thumb	DoGhostBattle
0x08067C4C	thumb	DoTrainerBattle
0x08067C88	thumb	StartOldManTutorialBattle
0x08067CE0	thumb	StartScriptedWildBattle
0x08067D68	thumb	StartScriptedGhostBattle
0x08067E00	thumb	StartMarowakBattle
0x08067ECC	thumb	StartSouthernIslandBattle
0x08067F54	thumb	StartLegendaryBattle
0x08068060	thumb	StartGroudonKyogreBattle
0x080680B8	thumb	StartRegiBattle
0x08068110	thumb	EndPokedudeBattle
0x08068120	thumb	StartPokedudeBattle
0x080681A0	thumb	CheckNuzlockeDupeFlags
0x080681CC	thumb	IsWildMonNuzlockeDupe
0x0806822C	thumb	SetNuzlockeDupeFlags
0x08068254	thumb	CB2_EndWildBattle
0x080682E8	thumb	CB2_EndScriptedWildBattle
0x0806836C	thumb	CB2_EndMarowakBattle
0x080683C8	thumb	BattleSetup_GetTerrainId
0x080684B0	thumb	GetBattleTransitionTypeByMap
0x0806850C	thumb	GetSumOfPlayerPartyLevel
0x0806856C	thumb	GetSumOfEnemyPartyLevel
0x080686E4	thumb	GetWildBattleTransition
0x08068720	thumb	GetTrainerBattleTransition
0x08068824	thumb	BattleSetup_GetBattleTowerBattleTransition
0x0806884C	thumb	TrainerBattleLoadArg32
0x08068864	thumb	TrainerBattleLoadArg16
0x08068870	thumb	TrainerBattleLoadArg8
0x08068874	thumb	GetTrainerAFlag
0x0806888C	thumb	IsPlayerDefeated
0x08068898	thumb	InitTrainerBattleVariables
0x080688EC	thumb	TrainerBattleLoadArgs
0x08068960	thumb	SetMapVarsToTrainer
0x08068998	thumb	BattleSetup_ConfigureTrainerBattle
0x08068B40	thumb	ConfigureAndSetUpOneTrainerBattle
0x08068B80	thumb	GetTrainerFlagFromScriptPointer
0x08068BA0	thumb	SetUpTrainerMovement
0x08068BD0	thumb	GetTrainerBattleMode
0x08068BDC	thumb	GetRivalBattleFlags
0x08068BE8	thumb	Script_HasTrainerBeenFought
0x08068C20	thumb	SetBattledTrainerFlag
0x08068C58	thumb	SetBattledTrainerFlag2
0x08068C78	thumb	HasTrainerBeenFought
0x08068CAC	thumb	SetTrainerFlag
0x08068CE0	thumb	ClearTrainerFlag
0x08068CF8	thumb	StartTrainerBattle
0x08068D70	thumb	CB2_EndTrainerBattle
0x08068E6C	thumb	CB2_EndRematchBattle
0x08068EE4	thumb	StartRematchBattle
0x08068F3C	thumb	ShowTrainerIntroSpeech
0x08068F5C	thumb	BattleSetup_GetScriptAddrAfterBattle
0x08068F74	thumb	BattleSetup_GetTrainerPostBattleScript
0x08068F8C	thumb	ShowTrainerCantBattleSpeech
0x08068FAC	thumb	PlayTrainerEncounterMusic
0x08069018	thumb	ReturnEmptyStringIfNull
0x08069028	thumb	GetIntroSpeechOfApproachingTrainer
0x08069040	thumb	GetTrainerALoseText
0x0806906C	thumb	GetTrainerWonSpeech
0x08069098	thumb	GetTrainerCantBattleSpeech
0x080690B0	thumb	GetScaledLevel
0x080690E0	thumb	BattleTowerMapScript2
0x080691A0	thumb	ResetBattleTowerStreak
0x080691D4	thumb	ShouldBattleEReaderTrainer
0x0806927C	thumb	ChooseSpecialBattleTowerTrainer
0x0806937C	thumb	ChooseNextBattleTowerTrainer
0x08069518	thumb	SetBattleTowerTrainerGfxId
0x08069570	thumb	SetEReaderTrainerGfxId
0x0806957C	thumb	UpdateOrInsertReceivedBattleTowerRecord
0x080696A8	thumb	GetBattleTowerTrainerFrontSpriteId
0x080696F8	thumb	GetBattleTowerTrainerClassNameId
0x08069748	thumb	GetBattleTowerTrainerName
0x080697EC	thumb	FillBattleTowerTrainerParty
0x08069B10	thumb	AppendBattleTowerBannedSpeciesName
0x08069BB0	thumb	CheckMonBattleTowerBanlist
0x08069C58	thumb	CheckPartyBattleTowerBanlist
0x08069D8C	thumb	BufferBattleTowerTrainerMessage
0x08069DE4	thumb	PrintBattleTowerTrainerGreeting
0x08069E34	thumb	CB2_FinishEReaderBattle
0x08069EDC	thumb	Task_WaitBT
0x08069F14	thumb	StartSpecialBattle
0x0806A008	thumb	SetBattleTowerProperty
0x0806A1F0	thumb	BattleTowerUtil
0x0806A32C	thumb	SetBattleTowerParty
0x0806A364	thumb	SaveCurrentWinStreak
0x0806A404	thumb	SetPlayerBattleTowerRecord
0x0806A408	thumb	SaveBattleTowerProgress
0x0806A468	thumb	SaveGameFrontier
0x0806A4D0	thumb	BattleTower_SoftReset
0x0806A4DC	thumb	ValidateBattleTowerRecordChecksums
0x0806A54C	thumb	SetBattleTowerRecordChecksum
0x0806A570	thumb	ClearBattleTowerRecord
0x0806A580	thumb	PopulateBravoTrainerBattleTowerLostData
0x0806A5D0	thumb	GetCurrentBattleTowerWinStreak
0x0806A60C	thumb	DetermineBattleTowerPrize
0x0806A668	thumb	GiveBattleTowerPrize
0x0806A6C4	thumb	AwardBattleTowerRibbons
0x0806A77C	thumb	Debug_FillEReaderTrainerWithPlayerData
0x0806A780	thumb	GetEreaderTrainerFrontSpriteId
0x0806A79C	thumb	GetEreaderTrainerClassId
0x0806A7B8	thumb	CopyEReaderTrainerName5
0x0806A7E4	thumb	ValidateEReaderTrainer
0x0806A83C	thumb	SetEReaderTrainerChecksum
0x0806A860	thumb	ClearEReaderTrainer
0x0806A870	thumb	BufferEReaderTrainerGreeting
0x0806A88C	thumb	PrintEReaderTrainerFarewellMessage
0x0806A8D4	thumb	Dummy_TryEnableBravoTrainerBattleTower
0x0806A8D8	thumb	GetBestBattleTowerStreakToVar0x8007
0x0806A8EC	thumb	TryInitBattleTowerAwardManObjectEvent
0x0806A8F8	thumb	GetHighestLevelInPlayerParty
0x0806A950	thumb	BattleTransition_StartOnField
0x0806A994	thumb	BattleTransition_Start
0x0806A9BC	thumb	IsBattleTransitionDone
0x0806AA1C	thumb	LaunchBattleTransitionTask
0x0806AA44	thumb	Task_BattleTransition
0x0806AA78	thumb	Transition_StartIntro
0x0806AAF0	thumb	Transition_WaitForIntro
0x0806AB1C	thumb	Transition_StartMain
0x0806AB44	thumb	Transition_WaitForMain
0x0806AB70	thumb	Task_Intro
0x0806ABD0	thumb	Task_Blur
0x0806AC04	thumb	Blur_Init
0x0806AC38	thumb	Blur_Main
0x0806ACA4	thumb	Blur_End
0x0806ACC8	thumb	Task_Swirl
0x0806ACFC	thumb	Swirl_Init
0x0806AD98	thumb	Swirl_End
0x0806AE24	thumb	VBlankCB_Swirl
0x0806AE74	thumb	HBlankCB_Swirl
0x0806AEA8	thumb	Task_Shuffle
0x0806AEDC	thumb	Shuffle_Init
0x0806AF54	thumb	Shuffle_End
0x0806AFE8	thumb	VBlankCB_Shuffle
0x0806B038	thumb	HBlankCB_Shuffle
0x0806B06C	thumb	Task_BigPokeball
0x0806B0A0	thumb	BigPokeball_Init
0x0806B180	thumb	BigPokeball_SetGfx
0x0806B228	thumb	PatternWeave_Blend1
0x0806B2D0	thumb	PatternWeave_Blend2
0x0806B388	thumb	PatternWeave_FinishAppear
0x0806B428	thumb	PatternWeave_CircularMask
0x0806B4E8	thumb	VBlankCB_SetWinAndBlend
0x0806B584	thumb	VBlankCB_PatternWeave
0x0806B5BC	thumb	VBlankCB_CircularMask
0x0806B5F4	thumb	Task_PokeballsTrail
0x0806B628	thumb	PokeballsTrail_Init
0x0806B694	thumb	PokeballsTrail_Main
0x0806B718	thumb	PokeballsTrail_End
0x0806B744	thumb	FldEff_PokeballTrail
0x0806B7A8	thumb	SpriteCB_FldEffPokeballTrail
0x0806B858	thumb	Task_ClockwiseWipe
0x0806B88C	thumb	ClockwiseWipe_Init
0x0806B8FC	thumb	ClockwiseWipe_TopRight
0x0806B9B4	thumb	ClockwiseWipe_Right
0x0806BAC4	thumb	ClockwiseWipe_Bottom
0x0806BB78	thumb	ClockwiseWipe_Left
0x0806BC8C	thumb	ClockwiseWipe_TopLeft
0x0806BD44	thumb	ClockwiseWipe_End
0x0806BD84	thumb	VBlankCB_ClockwiseWipe
0x0806BE44	thumb	Task_Ripple
0x0806BE78	thumb	Ripple_Init
0x0806BEE0	thumb	Ripple_Main
0x0806BFBC	thumb	VBlankCB_Ripple
0x0806C00C	thumb	HBlankCB_Ripple
0x0806C040	thumb	Task_Wave
0x0806C074	thumb	Wave_Init
0x0806C0D8	thumb	Wave_Main
0x0806C194	thumb	Wave_End
0x0806C1D4	thumb	VBlankCB_Wave
0x0806C284	thumb	Task_Spiral
0x0806C2B8	thumb	Spiral_UpdateFrame
0x0806C858	thumb	Spiral_Init
0x0806C900	thumb	Spiral_End
0x0806C9DC	thumb	VBlankCB_Spiral
0x0806CAC0	thumb	Task_Lorelei
0x0806CAF8	thumb	Task_Bruno
0x0806CB30	thumb	Task_Agatha
0x0806CB68	thumb	Task_Lance
0x0806CBA0	thumb	Task_Blue
0x0806CBD8	thumb	Task_Oak
0x0806CC10	thumb	DoMugshotTransition
0x0806CC44	thumb	Mugshot_Init
0x0806CCBC	thumb	Mugshot_SetGfx
0x0806CD84	thumb	Mugshot_ShowBanner
0x0806CE84	thumb	Mugshot_StartOpponentSlide
0x0806CF04	thumb	Mugshot_WaitStartPlayerSlide
0x0806CF50	thumb	Mugshot_WaitPlayerSlide
0x0806D000	thumb	Mugshot_GradualWhiteFade
0x0806D0B4	thumb	Mugshot_InitFadeWhiteToBlack
0x0806D0EC	thumb	Mugshot_FadeToBlack
0x0806D134	thumb	Mugshot_End
0x0806D174	thumb	VBlankCB_Mugshots
0x0806D22C	thumb	VBlankCB_MugshotsFadeOut
0x0806D2C8	thumb	HBlankCB_Mugshots
0x0806D2F0	thumb	Mugshots_CreateTrainerPics
0x0806D438	thumb	SpriteCB_MugshotTrainerPic
0x0806D45C	thumb	MugshotTrainerPic_Pause
0x0806D460	thumb	MugshotTrainerPic_Init
0x0806D494	thumb	MugshotTrainerPic_Slide
0x0806D4BC	thumb	MugshotTrainerPic_SlideSlow
0x0806D4EC	thumb	MugshotTrainerPic_SlideOffscreen
0x0806D51C	thumb	SetTrainerPicSlideDirection
0x0806D534	thumb	IncrementTrainerPicState
0x0806D550	thumb	IsTrainerPicSlideDone
0x0806D568	thumb	Task_Slice
0x0806D59C	thumb	Slice_Init
0x0806D620	thumb	Slice_Main
0x0806D6E0	thumb	Slice_End
0x0806D720	thumb	VBlankCB_Slice
0x0806D7D8	thumb	HBlankCB_Slice
0x0806D80C	thumb	Task_WhiteBarsFade
0x0806D840	thumb	WhiteBarsFade_Init
0x0806D8CC	thumb	WhiteBarsFade_StartBars
0x0806D93C	thumb	WhiteBarsFade_WaitBars
0x0806D974	thumb	WhiteBarsFade_BlendToBlack
0x0806D9D8	thumb	WhiteBarsFade_End
0x0806DA1C	thumb	VBlankCB_WhiteBarsFade
0x0806DADC	thumb	VBlankCB_WhiteBarsFade_Blend
0x0806DB34	thumb	HBlankCB_WhiteBarsFade
0x0806DB70	thumb	SpriteCB_WhiteBarFade
0x0806DC64	thumb	Task_GridSquares
0x0806DC98	thumb	GridSquares_Init
0x0806DD0C	thumb	GridSquares_Main
0x0806DD74	thumb	GridSquares_End
0x0806DDA4	thumb	Task_AngledWipes
0x0806DDD8	thumb	AngledWipes_Init
0x0806DE50	thumb	AngledWipes_SetWipeData
0x0806DEFC	thumb	AngledWipes_DoWipe
0x0806DFD4	thumb	AngledWipes_TryEnd
0x0806E038	thumb	AngledWipes_StartNext
0x0806E054	thumb	VBlankCB_AngledWipes
0x0806E060	thumb	CreateIntroTask
0x0806E0B8	thumb	IsIntroTaskDone
0x0806E0D0	thumb	Task_BattleTransition_Intro
0x0806E104	thumb	TransitionIntro_FadeToGray
0x0806E174	thumb	TransitionIntro_FadeFromGray
0x0806E1E8	thumb	InitTransitionData
0x0806E210	thumb	VBlankCB_BattleTransition
0x0806E224	thumb	GetBg0TilemapDst
0x0806E248	thumb	GetBg0TilesDst
0x0806E280	thumb	FadeScreenBlack
0x0806E294	thumb	SetSinWave
0x0806E2FC	thumb	SetCircularMask
0x0806E458	thumb	InitBlackWipe
0x0806E4DC	thumb	UpdateBlackWipe
0x0806E5B8	thumb	IsMugshotTransition
0x0806E5D4	thumb	GetBattlerForBattleScript
0x0806E634	thumb	PressurePPLose
0x0806E700	thumb	PressurePPLoseOnUsingImprison
0x0806E834	thumb	PressurePPLoseOnUsingPerishSong
0x0806E958	thumb	MarkAllBattlersForControllerExec
0x0806E9B0	thumb	MarkBattlerForControllerExec
0x0806E9DC	thumb	MarkBattlerReceivedLinkData
0x0806EA28	thumb	CancelMultiTurnMoves
0x0806EA78	thumb	WasUnableToUseMove
0x0806EAB4	thumb	PrepareStringBattle
0x0806EAFC	thumb	ResetSentPokesToOpponentValue
0x0806EB54	thumb	OpponentSwitchInResetSentPokesToOpponentValue
0x0806EBC0	thumb	UpdateSentPokesToOpponentValue
0x0806EC18	thumb	BattleScriptPush
0x0806EC38	thumb	BattleScriptPushCursor
0x0806EC58	thumb	BattleScriptPop
0x0806EC7C	thumb	TrySetCantSelectMoveBattleScript
0x0806EE80	thumb	CheckMoveLimitations
0x0806F024	thumb	AreAllMovesUnusable
0x0806F0BC	thumb	GetImprisonedMovesCount
0x0806F174	thumb	DoFieldEndTurnEffects
0x0806F924	thumb	DoBattlerEndTurnEffects
0x08070360	thumb	HandleWishPerishSongOnTurnEnd
0x0807062C	thumb	HandleFaintedMonActions
0x0807096C	thumb	TryClearRageStatuses
0x080709B4	thumb	AtkCanceller_UnableToUseMove
0x08071374	thumb	HasNoMonsToSwitch
0x080714C8	thumb	CastformDataTypeChange
0x0807164C	thumb	AbilityBattleEffects
0x08072C20	thumb	BattleScriptExecute
0x08072C5C	thumb	BattleScriptPushCursorAndCallback
0x08072CA0	thumb	ItemBattleEffects
0x08073E6C	thumb	ClearFuryCutterDestinyBondGrudge
0x08073EB0	thumb	HandleAction_RunBattleScript
0x08073EDC	thumb	GetMoveTarget
0x080740F8	thumb	IsBattlerModernFatefulEncounter
0x080740FC	thumb	IsMonDisobedient
0x08074384	thumb	AllocateBattleResources
0x08074478	thumb	FreeBattleResources
0x0807455C	thumb	AdjustFriendshipOnBattleFaint
0x080745F4	thumb	GetBerryCrushGame
0x08074600	thumb	QuitBerryCrush
0x0807465C	thumb	StartBerryCrush
0x08074740	thumb	GetBerryFromBag
0x080747C4	thumb	ChooseBerry
0x080747E8	thumb	BerryCrush_SetVBlankCallback
0x080747F8	thumb	BerryCrush_InitVBlankCB
0x08074804	thumb	SaveResults
0x080748D0	thumb	VBlankCB
0x080748E4	thumb	MainCB
0x080748FC	thumb	MainTask
0x08074970	thumb	SetNamesAndTextSpeed
0x08074A08	thumb	RunOrScheduleCommand
0x08074A74	thumb	Cmd_BeginNormalPaletteFade
0x08074ACC	thumb	Cmd_WaitPaletteFade
0x08074B28	thumb	Cmd_PrintMessage
0x08074C0C	thumb	Cmd_ShowGameDisplay
0x08074C30	thumb	Cmd_HideGameDisplay
0x08074C54	thumb	Cmd_SignalReadyToBegin
0x08074C9C	thumb	Cmd_AskPickBerry
0x08074CEC	thumb	Cmd_GoToBerryPouch
0x08074D04	thumb	Cmd_WaitForOthersToPickBerries
0x08074E38	thumb	Cmd_DropBerriesIntoCrusher
0x08074F48	thumb	Cmd_DropLid
0x0807504C	thumb	Cmd_Countdown
0x080750D4	thumb	HandlePartnerInput
0x0807525C	thumb	BerryCrush_BuildLocalState
0x08075390	thumb	HandlePlayerInput
0x08075500	thumb	RecvLinkData
0x08075584	thumb	Cmd_PlayGame_Leader
0x08075628	thumb	Cmd_PlayGame_Member
0x080756BC	thumb	Cmd_FinishGame
0x08075800	thumb	Cmd_HandleTimeUp
0x080758DC	thumb	Cmd_TabulateResults
0x08075BA8	thumb	Cmd_ShowResults
0x08075C88	thumb	Cmd_SaveGame
0x08075D80	thumb	Cmd_AskPlayAgain
0x08075E10	thumb	Cmd_CommunicatePlayAgainResponses
0x08075EDC	thumb	Cmd_PlayAgain
0x08075F64	thumb	Cmd_StopGame
0x08075FF8	thumb	Cmd_CloseLink
0x0807604C	thumb	Cmd_Quit
0x0807605C	thumb	ResetGame
0x080760B4	thumb	SetPaletteFadeArgs
0x080760E8	thumb	SetPrintMessageArgs
0x08076104	thumb	ShowGameDisplay
0x080763AC	thumb	HideGameDisplay
0x080764D8	thumb	UpdateGame
0x08076534	thumb	ResetCrusherPos
0x08076550	thumb	CreateBerrySprites
0x0807668C	thumb	SpriteCB_DropBerryIntoCrusher
0x08076724	thumb	BerryCrushFreeBerrySpriteGfx
0x08076758	thumb	UpdateInputEffects
0x08076904	thumb	AreEffectsFinished
0x0807695C	thumb	FramesToMinSec
0x080769CC	thumb	PrintTextCentered
0x08076A18	thumb	PrintResultsText
0x08076CEC	thumb	printCrushingResults
0x08076FD8	thumb	OpenResultsWindow
0x080771EC	thumb	CloseResultsWindow
0x08077210	thumb	Task_ShowBerryCrushRankings
0x08077450	thumb	ShowBerryCrushRankings
0x08077490	thumb	PrintTimer
0x080774C0	thumb	HideTimer
0x080774F4	thumb	CreatePlayerNameWindows
0x08077578	thumb	DrawPlayerNameWindows
0x08077634	thumb	CopyPlayerNameWindowGfxToBg
0x080776A8	thumb	CreateGameSprites
0x08077920	thumb	DestroyGameSprites
0x080779C8	thumb	SpriteCB_Impact
0x080779E8	thumb	SpriteCB_Sparkle_End
0x08077A1C	thumb	SpriteCB_Sparkle
0x08077AA4	thumb	SpriteCB_Sparkle_Init
0x08077B44	thumb	SetScene
0x08077BB0	thumb	CB2_InitBerryFixProgram
0x08077C50	thumb	CB2_BerryFix
0x08077C5C	thumb	Task_BerryFixMain
0x08077DB8	thumb	InitBerryPouch
0x08077E3C	thumb	CB2_BerryPouchIdle
0x08077E58	thumb	VBlankCB_BerryPouchIdle
0x08077E6C	thumb	CB2_InitBerryPouch
0x08077E8C	thumb	RunBerryPouchInit
0x08078030	thumb	AbortBerryPouchLoading
0x08078070	thumb	Task_AbortBerryPouchLoading_WaitFade
0x080780A0	thumb	BerryPouchInitBgs
0x08078108	thumb	BerryPouchLoadGfx
0x080781DC	thumb	AllocateListMenuBuffers
0x0807821C	thumb	SetUpListMenuTemplate
0x08078300	thumb	GetBerryNameAndIndexForMenu
0x08078378	thumb	CopySelectedListMenuItemName
0x0807839C	thumb	BerryPouchMoveCursorFunc
0x08078430	thumb	BerryPouchItemPrintFunc
0x080784B4	thumb	BerryPouchSetArrowCursorFromListMenu
0x080784D4	thumb	BerryPouchSetArrowCursorAt
0x08078544	thumb	PrintSelectedBerryDescription
0x0807859C	thumb	SetDescriptionWindowBorderPalette
0x080785C4	thumb	CreateScrollIndicatorArrows_BerryPouchList
0x08078608	thumb	CreateScrollIndicatorArrows_TossQuantity
0x0807863C	thumb	CreateScrollIndicatorArrows_SellQuantity
0x08078670	thumb	DestroyScrollIndicatorArrows
0x08078690	thumb	PrintBerryPouchHeaderCentered
0x080786D0	thumb	BerryPouch_CursorResetToTop
0x080786DC	thumb	SanitizeListMenuSelectionParams
0x08078730	thumb	UpdateListMenuScrollOffset
0x08078798	thumb	BerryPouch_DestroyResources
0x080787D4	thumb	BerryPouch_StartFadeToExitCallback
0x0807880C	thumb	Task_BerryPouchFadeToExitCallback
0x08078878	thumb	SortAndCountBerries
0x080788DC	thumb	BerryPouch_SetExitCallback
0x080788E8	thumb	InitTossQuantitySelectUI
0x080789AC	thumb	PrintxQuantityOnWindow
0x08078A18	thumb	Task_BerryPouchMain
0x08078BB4	thumb	Task_CleanUpAndReturnToMain
0x08078BF8	thumb	CreateNormalContextMenu
0x08078D58	thumb	Task_NormalContextMenu
0x08078D80	thumb	Task_NormalContextMenu_HandleInput
0x08078DD4	thumb	Task_BerryPouch_Use
0x08078E9C	thumb	Task_BerryPouch_Toss
0x08078F70	thumb	Task_AskTossMultiple
0x08078FF8	thumb	Task_TossNo
0x08079088	thumb	Task_Toss_SelectMultiple
0x0807921C	thumb	Task_TossYes
0x080792D4	thumb	Task_WaitButtonThenTossBerries
0x080793A8	thumb	Task_BerryPouch_Give
0x08079444	thumb	Task_Give_PrintThereIsNoPokemon
0x08079460	thumb	Task_WaitButtonBeforeDialogueWindowDestruction
0x08079488	thumb	Task_BerryPouch_DestroyDialogueWindowAndRefreshListMenu
0x08079514	thumb	Task_BerryPouch_Exit
0x080795B8	thumb	Task_ContextMenu_FromPartyGiveMenu
0x08079630	thumb	Task_ContextMenu_FromPokemonPC
0x0807965C	thumb	Task_ContextMenu_Sell
0x0807972C	thumb	Task_AskSellMultiple
0x08079790	thumb	Task_SellMultiple_CreateYesNoMenu
0x080797C0	thumb	Task_SellNo
0x08079858	thumb	Task_Sell_PrintSelectMultipleUI
0x08079958	thumb	SellMultiple_UpdateSellPriceDisplay
0x08079978	thumb	Task_Sell_SelectMultiple
0x08079B18	thumb	Task_SellYes
0x08079B98	thumb	Task_SellBerries_PlaySfxAndRemoveBerries
0x08079C74	thumb	Task_SellBerries_WaitButton
0x08079CC4	thumb	BerryPouchInitWindows
0x08079D48	thumb	BerryPouchPrint
0x08079DB4	thumb	GetOrCreateVariableWindow
0x08079E10	thumb	VariableWindowSetAltFrameTileAndPalette
0x08079E2C	thumb	DestroyVariableWindow
0x08079E5C	thumb	TryDestroyVariableWindow
0x08079E9C	thumb	GetVariableWindowId
0x08079EAC	thumb	DisplayItemMessageInBerryPouch
0x08079F14	thumb	CreateYesNoMenuWin3
0x08079F44	thumb	CreateYesNoMenuWin4
0x08079F74	thumb	PrintMoneyInWin2
0x08079FA4	thumb	CreateBerryPouchSprite
0x08079FC4	thumb	StartBerryPouchSpriteWobbleAnim
0x0807A000	thumb	SpriteCB_BerryPouchWaitWobbleAnim
0x0807A028	thumb	DecryptBerryPowder
0x0807A03C	thumb	SetBerryPowder
0x0807A050	thumb	ApplyNewEncryptionKeyToBerryPowder
0x0807A070	thumb	HasEnoughBerryPowder
0x0807A094	thumb	Script_HasEnoughBerryPowder
0x0807A0BC	thumb	GiveBerryPowder
0x0807A0F0	thumb	TakeBerryPowder
0x0807A120	thumb	Script_TakeBerryPowder
0x0807A158	thumb	GetBerryPowder
0x0807A174	thumb	PrintBerryPowderAmount
0x0807A1C0	thumb	DrawPlayerPowderAmount
0x0807A224	thumb	PrintPlayerBerryPowderAmount
0x0807A278	thumb	DisplayBerryPowderVendorMenu
0x0807A304	thumb	RemoveBerryPowderVendorMenu
0x0807A328	thumb	InitEnigmaBerry
0x0807A39C	thumb	ClearEnigmaBerries
0x0807A3D0	thumb	SetEnigmaBerry
0x0807A460	thumb	GetEnigmaBerryChecksum
0x0807A474	thumb	IsEnigmaBerryValid
0x0807A4C4	thumb	GetBerryInfo
0x0807A53C	thumb	ItemIdToBerryType
0x0807A55C	thumb	BerryTypeToItemId
0x0807A57C	thumb	GetBerryNameByBerryType
0x0807A604	thumb	ResetBgs
0x0807A630	thumb	SetBgModeInternal
0x0807A648	thumb	GetBgMode
0x0807A658	thumb	ResetBgControlStructs
0x0807A66C	thumb	Unused_ResetBgControlStruct
0x0807A684	thumb	SetBgControlAttributes
0x0807A7A0	thumb	GetBgControlAttribute
0x0807A80C	thumb	LoadBgVram
0x0807A87C	thumb	ShowBgInternal
0x0807A890	thumb	HideBgInternal
0x0807A8B4	thumb	SyncBgVisibilityAndMode
0x0807A8DC	thumb	SetTextModeAndHideBgs
0x0807A8F8	thumb	SetBgAffineInternal
0x0807A9C8	thumb	IsInvalidBg
0x0807A9D8	thumb	BgTileAllocOp
0x0807AB2C	thumb	ResetBgsAndClearDma3BusyFlags
0x0807AB84	thumb	InitBgsFromTemplates
0x0807AC7C	thumb	InitBgFromTemplate
0x0807ACF8	thumb	LoadBgTiles
0x0807ADA0	thumb	LoadBgTilemap
0x0807AE1C	thumb	Unused_LoadBgPalette
0x0807AE9C	thumb	IsDma3ManagerBusyWithBgCopy
0x0807AEFC	thumb	ShowBg
0x0807AF34	thumb	HideBg
0x0807AF7C	thumb	SetBgAttribute
0x0807B088	thumb	GetBgAttribute
0x0807B1A8	thumb	ChangeBgX
0x0807B26C	thumb	GetBgX
0x0807B288	thumb	ChangeBgY
0x0807B34C	thumb	GetBgY
0x0807B368	thumb	SetBgAffine
0x0807B3A0	thumb	AdjustBgMosaic
0x0807B444	thumb	SetBgTilemapBuffer
0x0807B45C	thumb	UnsetBgTilemapBuffer
0x0807B474	thumb	GetBgTilemapBuffer
0x0807B490	thumb	CopyToBgTilemapBuffer
0x0807B4DC	thumb	CopyBgTilemapBufferToVram
0x0807B554	thumb	CopyToBgTilemapBufferRect
0x0807B69C	thumb	CopyToBgTilemapBufferRect_ChangePalette
0x0807B6E4	thumb	CopyRectToBgTilemapBufferRect
0x0807B780	thumb	FillBgTilemapBufferRect_Palette0
0x0807B8A0	thumb	FillBgTilemapBufferRect
0x0807B8DC	thumb	WriteSequenceToBgTilemapBuffer
0x0807BAF4	thumb	GetBgMetricTextMode
0x0807BB50	thumb	GetBgMetricAffineMode
0x0807BB94	thumb	GetTileMapIndexFromCoords
0x0807BBBC	thumb	CopyTileMapEntry
0x0807BC10	thumb	GetBgType
0x0807BC70	thumb	IsInvalidBg32
0x0807BC80	thumb	IsTileMapOutsideWram
0x0807BCA0	thumb	ShowBgInternal.part.0
0x0807BD10	thumb	CopyRectToBgTilemapBufferRect.part.0
0x0807BF2C	thumb	MovePlayerOnBike
0x0807BF70	thumb	GetBikeTransitionId
0x0807BF98	thumb	BikeInputHandler_Normal
0x0807C034	thumb	BikeInputHandler_Turning
0x0807C04C	thumb	BikeInputHandler_Slope
0x0807C0B8	thumb	BikeTransition_FaceDirection
0x0807C0C8	thumb	BikeTransition_TurnDirection
0x0807C104	thumb	BikeTransition_MoveDirection
0x0807C1AC	thumb	BikeTransition_Downhill
0x0807C1D0	thumb	BikeTransition_Uphill
0x0807C1F0	thumb	GetBikeCollision
0x0807C284	thumb	GetBikeCollisionAt
0x0807C2D0	thumb	RS_IsRunningDisallowed
0x0807C318	thumb	IsRunningDisallowed
0x0807C354	thumb	MetatileBehaviorForbidsBiking
0x0807C38C	thumb	CanBikeFaceDirectionOnRail
0x0807C3D8	thumb	IsBikingDisallowedByPlayer
0x0807C418	thumb	IsPlayerNotUsingAcroBikeOnBumpySlope
0x0807C44C	thumb	GetOnOffBike
0x0807C4A0	thumb	BikeClearState
0x0807C4C4	thumb	Bike_UpdateBikeCounterSpeed
0x0807C4D8	thumb	Bike_SetBikeStill
0x0807C4E4	thumb	GetPlayerSpeed
0x0807C520	thumb	Bike_HandleBumpySlopeJump
0x0807C570	thumb	BlendPalette
0x0807C620	thumb	BlendPalettesAt
0x0807C6B8	thumb	BlitBitmapRect4BitWithoutColorKey
0x0807C700	thumb	BlitBitmapRect4Bit
0x0807C8F4	thumb	FillBitmapRect4Bit
0x0807C9D4	thumb	BlitBitmapRect4BitTo8Bit
0x0807CC54	thumb	FillBitmapRect8Bit
0x0807CCF4	thumb	FontFunc_Braille
0x0807D028	thumb	DecompressGlyph_Braille
0x0807D084	thumb	GetGlyphWidth_Braille
0x0807D088	thumb	BuyMenuInitWindows
0x0807D118	thumb	BuyMenuDrawMoneyBox
0x0807D140	thumb	BuyMenuPrint
0x0807D1AC	thumb	BuyMenuDisplayMessage
0x0807D1E4	thumb	BuyMenuQuantityBoxNormalBorder
0x0807D1FC	thumb	BuyMenuQuantityBoxThinBorder
0x0807D214	thumb	BuyMenuConfirmPurchase
0x0807D244	thumb	CableCarUtil_FillWrapped
0x0807D2CC	thumb	CableCarUtil_CopyWrapped
0x0807D37C	thumb	Task_LoadCableCar
0x0807D3A4	thumb	CableCar
0x0807D3D0	thumb	CB2_LoadCableCar
0x0807D838	thumb	CB2_CableCar
0x0807D854	thumb	CB2_EndCableCar
0x0807D9B4	thumb	Task_CableCar
0x0807DAF8	thumb	Task_AnimateBgGoingUp
0x0807DBF4	thumb	Task_AnimateBgGoingDown
0x0807DD68	thumb	VBlankCB_CableCar
0x0807DDCC	thumb	SpriteCB_Cable
0x0807DDD0	thumb	SpriteCB_CableCar
0x0807DE80	thumb	SpriteCB_Player
0x0807DF6C	thumb	SpriteCB_HikerGoingUp
0x0807DFE8	thumb	SpriteCB_HikerGoingDown
0x0807E058	thumb	SetBgRegs
0x0807E1EC	thumb	CreateCableCarSprites
0x0807E494	thumb	BufferNextGroundSegment
0x0807E570	thumb	AnimateGroundGoingUp
0x0807E5B8	thumb	AnimateGroundGoingDown
0x0807E600	thumb	DrawNextGroundSegmentGoingUp
0x0807E738	thumb	DrawNextGroundSegmentGoingDown
0x0807E850	thumb	InitGroundTilemapData
0x0807E890	thumb	CreateLinkupTask
0x0807E8CC	thumb	PrintNumPlayersInLink
0x0807E924	thumb	ClearLinkPlayerCountWindow
0x0807E940	thumb	UpdateLinkPlayerCountDisplay
0x0807E994	thumb	ExchangeDataAndGetLinkupStatus
0x0807E9E4	thumb	CheckLinkErrored
0x0807EA14	thumb	CheckLinkCanceledBeforeConnection
0x0807EA58	thumb	CheckLinkCanceled
0x0807EAA0	thumb	CheckSioErrored
0x0807EAD0	thumb	Task_DelayedBlockRequest
0x0807EB08	thumb	Task_LinkupStart
0x0807EB5C	thumb	Task_LinkupAwaitConnection
0x0807EC14	thumb	Task_LinkupConfirmWhenReady
0x0807EC90	thumb	Task_LinkupAwaitConfirmation
0x0807ED9C	thumb	Task_LinkupTryConfirmation
0x0807EE54	thumb	Task_LinkupConfirm
0x0807EED4	thumb	Task_LinkupExchangeDataWithLeader
0x0807EFC4	thumb	AnyConnectedPartnersPlayingRS
0x0807EFF8	thumb	Task_LinkupCheckStatusAfterConfirm
0x0807F0C4	thumb	Task_LinkupAwaitTrainerCardData
0x0807F1D4	thumb	Task_StopLinkup
0x0807F220	thumb	Task_LinkupFailed
0x0807F264	thumb	Task_LinkupConnectionError
0x0807F2A8	thumb	TryLinkTimeout
0x0807F2E0	thumb	TryBattleLinkup
0x0807F360	thumb	TryTradeLinkup
0x0807F3B0	thumb	TryRecordMixLinkup
0x0807F408	thumb	TryContestLinkup
0x0807F458	thumb	CreateTask_ReestablishCableClubLink
0x0807F4D4	thumb	Task_ReestablishLink
0x0807F524	thumb	Task_ReestablishLinkAwaitConnection
0x0807F560	thumb	Task_ReestablishLinkLeader
0x0807F594	thumb	Task_ReestablishLinkAwaitConfirmation
0x0807F5C4	thumb	CableClub_AskSaveTheGame
0x0807F5D0	thumb	Task_StartWiredCableClubBattle
0x0807F6F4	thumb	Task_StartWirelessCableClubBattle
0x0807F87C	thumb	CB2_ReturnFromUnionRoomBattle
0x0807F8B8	thumb	CB2_ReturnFromCableClubBattle
0x0807F988	thumb	CleanupLinkRoomState
0x0807F9B4	thumb	ExitLinkRoom
0x0807F9C0	thumb	Task_EnterCableClubSeat
0x0807FA58	thumb	CreateTask_EnterCableClubSeat
0x0807FA7C	thumb	Task_StartWiredTrade
0x0807FB10	thumb	Task_StartWirelessTrade
0x0807FB98	thumb	EnterTradeSeat
0x0807FBE0	thumb	CreateTask_StartWiredTrade
0x0807FBF4	thumb	StartWiredCableClubTrade
0x0807FC0C	thumb	EnterColosseumPlayerSpot
0x0807FC64	thumb	CreateTask_EnterCableClubSeatNoFollowup
0x0807FC7C	thumb	Script_ShowLinkTrainerCard
0x0807FC94	thumb	GetSeeingLinkPlayerCardMsg
0x0807FCE8	thumb	Task_WaitForLinkPlayerConnection
0x0807FD44	thumb	Task_WaitExitToScript
0x0807FD68	thumb	ExitLinkToScript
0x0807FD8C	thumb	GetTrainerHillUnkVal
0x0807FDA4	thumb	ValidateTrainerTowerTrainer
0x0807FDDC	thumb	ValidateTrainerTowerData
0x0807FE58	thumb	CEReaderTool_SaveTrainerTower_r
0x0807FF04	thumb	CEReaderTool_SaveTrainerTower
0x0807FF2C	thumb	CEReaderTool_LoadTrainerTower_r
0x0807FF74	thumb	CEReaderTool_LoadTrainerTower
0x0807FF9C	thumb	ReadTrainerTowerAndValidate
0x0807FFA0	thumb	CB2_RunClearSaveDataScreen
0x0807FFB8	thumb	VBlankCB_WaitYesNo
0x0807FFCC	thumb	CB2_SaveClearScreen_Init
0x08080008	thumb	Task_DrawClearSaveDataScreen
0x0808010C	thumb	Task_HandleYesNoMenu
0x08080190	thumb	Task_CleanUpAndSoftReset
0x080801F8	thumb	CB2_Sub_SaveClearScreen_Init
0x0808020C	thumb	SaveClearScreen_GpuInit
0x0808032C	thumb	GetCoins
0x0808034C	thumb	SetCoins
0x0808036C	thumb	AddCoins
0x080803C4	thumb	RemoveCoins
0x080803FC	thumb	PrintCoinsString_Parameterized
0x08080458	thumb	ShowCoinsWindow_Parameterized
0x080804CC	thumb	PrintCoinsString
0x08080528	thumb	ShowCoinsWindow
0x080805C0	thumb	HideCoinsWindow
0x080805E4	thumb	WeatherCoordEvent_SunnyClouds
0x080805E8	thumb	WeatherCoordEvent_Sunny
0x080805EC	thumb	WeatherCoordEvent_Rain
0x080805F0	thumb	WeatherCoordEvent_Snow
0x080805F4	thumb	WeatherCoordEvent_RainThunderstorm
0x080805F8	thumb	WeatherCoordEvent_FogHorizontal
0x080805FC	thumb	WeatherCoordEvent_VolcanicAsh
0x08080600	thumb	WeatherCoordEvent_Sandstorm
0x08080604	thumb	WeatherCoordEvent_FogDiagonal
0x08080608	thumb	WeatherCoordEvent_Underwater
0x0808060C	thumb	WeatherCoordEvent_Shade
0x08080610	thumb	WeatherCoordEvent_Route119Cycle
0x08080614	thumb	WeatherCoordEvent_Route123Cycle
0x08080618	thumb	DoCoordEventWeather
0x0808064C	thumb	DoCredits
0x08080680	thumb	CB2_Credits
0x080806F8	thumb	SwitchWin1OffWin0On
0x08080728	thumb	InitBgDarkenEffect
0x08080748	thumb	CreateCreditsWindow
0x08080788	thumb	DestroyCreditsWindow
0x080807B0	thumb	DoOverworldMapScrollScene
0x0808087C	thumb	RollCredits
0x08080D6C	thumb	VBlankCB
0x08080D80	thumb	LoadCreditsMonPic
0x08080ED4	thumb	GetCreditsMonSpecies
0x08080EEC	thumb	DoCreditsMonScene
0x080811F4	thumb	DoCopyrightOrTheEndGfxScene
0x08081358	thumb	Task_MovePlayerAndGroundSprites
0x08081418	thumb	DestroyPlayerOrRivalSprite
0x08081478	thumb	LoadPlayerOrRivalSprite
0x08081498	thumb	LoadPlayerOrRivalSprite.part.0
0x08081738	thumb	DayCare_GetMonNickname
0x08081758	thumb	DayCare_GetBoxMonNickname
0x08081778	thumb	CountPokemonInDaycare
0x080817A0	thumb	InitDaycareMailRecordMixing
0x080817FC	thumb	Daycare_FindEmptySpot
0x08081828	thumb	StorePokemonInDaycare
0x080818DC	thumb	StorePokemonInEmptyDaycareSlot
0x08081914	thumb	StoreSelectedPokemonInDaycare
0x0808196C	thumb	ShiftDaycareSlots
0x080819E0	thumb	ApplyDaycareExperience
0x08081A30	thumb	TakeSelectedPokemonFromDaycare
0x08081B34	thumb	TakeSelectedPokemonMonFromDaycareShiftSlots
0x08081B58	thumb	TakePokemonFromDaycare
0x08081B90	thumb	GetLevelAfterDaycareSteps
0x08081BC8	thumb	GetNumLevelsGainedFromSteps
0x08081BE8	thumb	GetNumLevelsGainedForDaycareMon
0x08081C34	thumb	GetDaycareCostForSelectedMon
0x08081C88	thumb	GetDaycareCostForMon
0x08081CA0	thumb	GetDaycareCost
0x08081CD4	thumb	Debug_AddDaycareSteps
0x08081D08	thumb	GetNumLevelsGainedFromDaycare
0x08081D54	thumb	ClearDaycareMonMail
0x08081D7C	thumb	ClearDaycareMon
0x08081DB0	thumb	ClearAllDaycareData
0x08081E20	thumb	GetEggSpecies
0x08081E64	thumb	GetParentToInheritNature
0x08081F00	thumb	_TriggerPendingDaycareEgg
0x08081F9C	thumb	_TriggerPendingDaycareMaleEgg
0x08081FD4	thumb	TriggerPendingDaycareEgg
0x08081FF0	thumb	TriggerPendingDaycareMaleEgg
0x08082034	thumb	RemoveIVIndexFromList
0x0808206C	thumb	InheritIVs
0x080821EC	thumb	GetEggMoves
0x08082254	thumb	BuildEggMoveset
0x0808247C	thumb	RemoveEggFromDayCare
0x0808248C	thumb	RejectEggFromDayCare
0x080824B0	thumb	AlterEggSpeciesWithIncenseItem
0x08082518	thumb	DetermineEggSpeciesAndParentSlots
0x08082654	thumb	_GiveEggFromDaycare
0x080826D0	thumb	RivalStarterEggIVs
0x080827BC	thumb	GiveRivalStarterEgg
0x080828E0	thumb	GiveSelphyCorsolaEgg
0x08082A18	thumb	CreateEgg
0x08082AC8	thumb	SetInitialEggData
0x08082B4C	thumb	GiveEggFromDaycare
0x08082B68	thumb	TryProduceOrHatchEgg
0x08082C74	thumb	ShouldEggHatch
0x08082CB4	thumb	IsEggPending
0x08082CC0	thumb	_GetDaycareMonNicknames
0x08082D38	thumb	GetSelectedMonNicknameAndSpecies
0x08082D7C	thumb	GetDaycareMonNicknames
0x08082D98	thumb	GetDaycareState
0x08082DF0	thumb	GetDaycarePokemonCount
0x08082E2C	thumb	EggGroupsOverlap
0x08082E58	thumb	GetDaycareCompatibilityScore
0x08082F74	thumb	GetDaycareCompatibilityScoreFromSave
0x08082F90	thumb	SetDaycareCompatibilityString
0x08082FE0	thumb	NameHasGenderSymbol
0x08083050	thumb	AppendGenderSymbol
0x080830A0	thumb	AppendMonGenderSymbol
0x080830B8	thumb	GetDaycareLevelMenuText
0x08083140	thumb	GetDaycareLevelMenuLevelText
0x080831A8	thumb	DaycareAddTextPrinter
0x080831F4	thumb	DaycarePrintMonNickname
0x08083274	thumb	DaycarePrintMonLvl
0x08083318	thumb	DaycarePrintMonInfo
0x080833D0	thumb	Task_HandleDaycareLevelMenuInput
0x08083470	thumb	ShowDaycareLevelMenu
0x080834DC	thumb	ChooseSendDaycareMon
0x080834F4	thumb	PutMonInRoute5Daycare
0x08083520	thumb	GetCostToWithdrawRoute5DaycareMon
0x08083544	thumb	IsThereMonInRoute5Daycare
0x08083568	thumb	GetNumLevelsGainedForRoute5DaycareMon
0x080835CC	thumb	TakePokemonFromRoute5Daycare
0x080835E8	thumb	CreatedHatchedMon
0x0808374C	thumb	AddHatchedMonToParty
0x08083980	thumb	ScriptHatchMon
0x08083994	thumb	BufferDayCareMonReceivedMail
0x08083A18	thumb	DaycareMonReceivedMail
0x08083A3C	thumb	EggHatchCreateMonSprite
0x08083B14	thumb	VBlankCB_EggHatch
0x08083B28	thumb	EggHatch
0x08083B58	thumb	Task_EggHatch
0x08083B94	thumb	CB2_EggHatch_0
0x08083D9C	thumb	EggHatchSetMonNickname
0x08083DE0	thumb	Task_EggHatchPlayBGM
0x08083E50	thumb	CB2_EggHatch_1
0x080841E0	thumb	SpriteCB_Egg_0
0x08084234	thumb	SpriteCB_Egg_1
0x08084294	thumb	SpriteCB_Egg_2
0x08084348	thumb	SpriteCB_Egg_3
0x08084364	thumb	SpriteCB_Egg_4
0x080843DC	thumb	SpriteCB_Egg_5
0x08084470	thumb	SpriteCB_EggShard
0x080844C8	thumb	CreateRandomEggShardSprite
0x08084520	thumb	CreateEggShardSprite
0x0808457C	thumb	EggHatchPrintMessage
0x080845E4	thumb	GetEggCyclesToSubtract
0x0808462C	thumb	CheckDaycareMonsHaveMail
0x08084684	thumb	IsPartyAndBoxesFull
0x08084698	thumb	LZDecompressWram
0x080846A4	thumb	LZDecompressVram
0x080846B0	thumb	LoadCompressedSpriteSheet
0x080846D8	thumb	LoadCompressedSpriteSheetOverrideBuffer
0x080846FC	thumb	LoadCompressedSpritePalette
0x08084724	thumb	LoadCompressedSpritePaletteOverrideBuffer
0x08084748	thumb	DecompressPicFromTable
0x08084794	thumb	HandleLoadSpecialPokePic
0x080847B8	thumb	LoadSpecialPokePic
0x080848DC	thumb	DuplicateDeoxysTiles
0x08084908	thumb	Unused_LZDecompressWramIndirect
0x08084914	thumb	StitchObjectsOn8x8Canvas
0x08084C1C	thumb	LoadCompressedSpriteSheetUsingHeap
0x08084C58	thumb	LoadCompressedSpritePaletteUsingHeap
0x08084C94	thumb	GetDecompressedDataSize
0x08084CA8	thumb	DecompressPicFromTable_DontHandleDeoxys
0x08084CCC	thumb	HandleLoadSpecialPokePic_DontHandleDeoxys
0x08084CF0	thumb	LoadSpecialPokePic_DontHandleDeoxys
0x08084D90	thumb	DigitObjUtil_Init
0x08084DEC	thumb	DigitObjUtil_Free
0x08084E30	thumb	DigitObjUtil_CreatePrinter
0x08084F78	thumb	CopyWorkToOam
0x080850A8	thumb	DigitObjUtil_PrintNumOn
0x080851A0	thumb	DrawNumObjsLeadingZeros
0x08085240	thumb	DrawNumObjsMinusInFront
0x080853C0	thumb	DrawNumObjsMinusInBack
0x080854D4	thumb	DigitObjUtil_DeletePrinter
0x0808558C	thumb	DigitObjUtil_HideOrShow
0x08085610	thumb	GetFirstOamId
0x08085674	thumb	SharesTileWithAnyActive
0x080856B8	thumb	SharesPalWithAnyActive
0x080856FC	thumb	GetTilesPerImage
0x0808570C	thumb	VBlankCB_Diploma
0x08085720	thumb	CB2_ShowDiploma
0x08085768	thumb	CB2_Diploma
0x08085780	thumb	Task_DiplomaInit
0x08085878	thumb	Task_HandleDiplomaInput
0x080858FC	thumb	Task_DiplomaExit
0x08085938	thumb	DiplomaReset
0x08085954	thumb	DiplomaInitScreen
0x08085AA8	thumb	DiplomaLoadGfx
0x08085B0C	thumb	DiplomaPrintText
0x08085BE0	thumb	ClearDma3Requests
0x08085C14	thumb	ProcessDma3Requests
0x08085F24	thumb	RequestDma3Copy
0x08085FBC	thumb	RequestDma3Fill
0x0808604C	thumb	WaitDma3Request
0x0808608C	thumb	SendPacket_ReadyToStart
0x080860A4	thumb	RecvPacket_ReadyToStart
0x080860D4	thumb	SendPacket_GameState
0x080862D8	thumb	RecvPacket_GameState
0x08086440	thumb	SendPacket_PickState
0x08086458	thumb	RecvPacket_PickState
0x0808648C	thumb	SendPacket_ReadyToEnd
0x080864A4	thumb	RecvPacket_ReadyToEnd
0x080864D4	thumb	StartDodrioBerryPicking
0x080865F8	thumb	ResetTasksAndSprites
0x0808660C	thumb	InitDodrioGame
0x08086710	thumb	Task_StartDodrioGame
0x08086910	thumb	Task_DodrioGame_Leader
0x08086948	thumb	Task_DodrioGame_Member
0x08086980	thumb	DoGameIntro
0x08086A24	thumb	InitCountdown
0x08086AA8	thumb	DoCountdown
0x08086B20	thumb	WaitGameStart
0x08086B48	thumb	PlayGame_Leader
0x08086C40	thumb	PlayGame_Member
0x08086CF0	thumb	WaitEndGame_Leader
0x08086D8C	thumb	WaitEndGame_Member
0x08086DB4	thumb	InitResults_Leader
0x08086E8C	thumb	InitResults_Member
0x08086F9C	thumb	DoResults
0x080871A8	thumb	AskPlayAgain
0x08087410	thumb	EndLink
0x080874BC	thumb	ExitGame
0x0808764C	thumb	ResetGame
0x08087828	thumb	Task_NewGameIntro
0x080878B0	thumb	Task_CommunicateMonInfo
0x080879E0	thumb	RecvLinkData_Gameplay
0x08087B68	thumb	RecvLinkData_ReadyToEnd
0x08087C50	thumb	RecvLinkData_Leader
0x08087C9C	thumb	SendLinkData_Leader
0x08087D0C	thumb	RecvLinkData_Member
0x08087D84	thumb	SendLinkData_Member
0x08087DE0	thumb	HandleSound_Leader
0x08087ED0	thumb	HandleSound_Member
0x08088058	thumb	CB2_DodrioGame
0x08088070	thumb	VBlankCB_DodrioGame
0x08088084	thumb	InitMonInfo
0x08088098	thumb	CreateTask_
0x080880A8	thumb	CreateDodrioGameTask
0x080880CC	thumb	SetGameFunc
0x080880E4	thumb	SlideTreeBordersOut
0x08088134	thumb	InitFirstWaveOfBerries
0x08088198	thumb	HandlePickBerries
0x0808858C	thumb	TryPickBerry
0x08088638	thumb	UpdateFallingBerries
0x08088888	thumb	UpdateBerrySprites
0x08088A20	thumb	UpdateAllDodrioAnims
0x08088A84	thumb	SetAllDodrioDisabled
0x08088AC8	thumb	UpdateGame_Leader
0x08088B70	thumb	UpdateGame_Member
0x08088B7C	thumb	GetActiveBerryColumns
0x08088BC4	thumb	AllPlayersReadyToStart
0x08088C28	thumb	ResetReadyToStart
0x08088C44	thumb	ReadyToEndGame_Leader
0x08088C70	thumb	ReadyToEndGame_Member
0x08088CF8	thumb	TryIncrementDifficulty
0x08088D54	thumb	GetPlayerIdAtColumn
0x08088D7C	thumb	GetNewBerryId
0x08088E4C	thumb	GetNewBerryIdByDifficulty
0x08088EB8	thumb	IncrementBerryResult
0x08088FE8	thumb	UpdateBerriesPickedInRow
0x08089040	thumb	SetMaxBerriesPickedInRow
0x08089068	thumb	ResetForPlayAgainPrompt
0x08089140	thumb	SetRandomPrize
0x08089198	thumb	GetBerriesPicked
0x080891CC	thumb	TryUpdateRecords
0x0808924C	thumb	UpdatePickStateQueue
0x08089280	thumb	HandleWaitPlayAgainInput
0x08089314	thumb	ResetPickState
0x08089338	thumb	GetPrizeItemId
0x08089358	thumb	GetNumPlayers
0x08089368	thumb	GetPlayerName
0x080893A4	thumb	GetBerryResult
0x080893CC	thumb	GetScore
0x08089414	thumb	GetHighestScore
0x08089480	thumb	GetHighestBerryResult
0x080894C8	thumb	GetScoreByRanking
0x08089538	thumb	SetScoreResults
0x08089640	thumb	GetScoreResults
0x08089664	thumb	GetScoreRanking
0x080896D8	thumb	TryGivePrize
0x0808979C	thumb	IncrementWithLimit
0x080897A8	thumb	Min
0x080897B0	thumb	GetPlayerIdByPos
0x080897C4	thumb	IsDodrioInParty
0x08089808	thumb	ShowDodrioBerryPickingRecords
0x08089820	thumb	Task_ShowDodrioBerryPickingRecords
0x080898B8	thumb	PrintRecordsText
0x080899D8	thumb	Debug_UpdateNumPlayers
0x080899F0	thumb	Debug_SetPlayerNamesAndResults
0x08089A70	thumb	LoadDodrioGfx
0x08089AD4	thumb	CreateDodrioSprite
0x08089B64	thumb	SpriteCB_Dodrio
0x08089B84	thumb	StartDodrioMissedAnim
0x08089BB4	thumb	StartDodrioIntroAnim
0x08089BE4	thumb	DoDodrioMissedAnim
0x08089C58	thumb	DoDodrioIntroAnim
0x08089CD8	thumb	FreeDodrioSprites
0x08089D24	thumb	SetDodrioInvisibility
0x08089D54	thumb	SetAllDodrioInvisibility
0x08089DA0	thumb	SetDodrioAnim
0x08089DCC	thumb	SpriteCB_Status
0x08089DD0	thumb	InitStatusBarPos
0x08089E1C	thumb	CreateStatusBarSprites
0x08089EC8	thumb	FreeStatusBar
0x08089F08	thumb	DoStatusBarIntro
0x08089FC4	thumb	UpdateStatusBarAnim
0x0808A0F4	thumb	SetStatusBarInvisibility
0x0808A134	thumb	LoadBerryGfx
0x0808A184	thumb	CreateBerrySprites
0x0808A2A0	thumb	FreeBerrySprites
0x0808A300	thumb	SetBerryInvisibility
0x0808A330	thumb	SetBerryIconsInvisibility
0x0808A36C	thumb	SetBerryYPos
0x0808A390	thumb	SetBerryAnim
0x0808A3BC	thumb	UnusedSetSpritePos
0x0808A3E0	thumb	SpriteCB_Cloud
0x0808A424	thumb	CreateCloudSprites
0x0808A4BC	thumb	ResetCloudPos
0x0808A504	thumb	StartCloudMovement
0x0808A530	thumb	FreeCloudSprites
0x0808A578	thumb	SetCloudInvisibility
0x0808A5C0	thumb	GetDodrioXPos
0x0808A658	thumb	ResetBerryAndStatusBarSprites
0x0808A6C0	thumb	LoadWindowFrameGfx
0x0808A6F0	thumb	DBP_LoadStdWindowGfx
0x0808A700	thumb	ResetGfxState
0x0808A734	thumb	DrawYesNoMessageWindow
0x0808A834	thumb	DrawMessageWindow
0x0808A934	thumb	InitGameGfx
0x0808A9A4	thumb	FreeAllWindowBuffers_
0x0808A9B0	thumb	SetGfxFuncById
0x0808A9F8	thumb	Task_TryRunGfxFunc
0x0808AA1C	thumb	LoadGfx
0x0808AAE0	thumb	ShowNames
0x0808AD4C	thumb	PrintRankedScores
0x0808AF80	thumb	ShowResults
0x0808B610	thumb	Msg_WantToPlayAgain
0x0808B8D8	thumb	Msg_SavingDontTurnOff
0x0808B99C	thumb	Msg_CommunicationStandby
0x0808BA5C	thumb	EraseMessage
0x0808BAA8	thumb	Msg_SomeoneDroppedOut
0x0808BBCC	thumb	StopGfxFuncs
0x0808BBF4	thumb	GfxIdle
0x0808BBF8	thumb	SetGfxFunc
0x0808BC18	thumb	GetGfxFunc
0x0808BC2C	thumb	IsGfxFuncActive
0x0808BC44	thumb	GetPlayAgainState
0x0808BC58	thumb	InitBgs
0x0808BD90	thumb	LoadBgGfx
0x0808BE2C	thumb	DynamicPlaceholderTextUtil_Reset
0x0808BE44	thumb	DynamicPlaceholderTextUtil_SetPlaceholderPtr
0x0808BE58	thumb	DynamicPlaceholderTextUtil_ExpandPlaceholders
0x0808BE9C	thumb	DynamicPlaceholderTextUtil_GetPlaceholderPtr
0x0808BEAC	thumb	GetColorFromTextColorTable
0x0808BED0	thumb	DoEasyChatScreen
0x0808BF20	thumb	CB2_EasyChatScreen
0x0808BF38	thumb	VBlankCallback_EasyChatScreen
0x0808BF4C	thumb	SetEasyChatTaskFunc
0x0808BF68	thumb	Task_InitEasyChat
0x0808BFAC	thumb	Task_RunEasyChat
0x0808C0EC	thumb	Task_InitEasyChatInternal
0x0808C198	thumb	DismantleEasyChat
0x0808C1C4	thumb	ShowEasyChatScreen
0x0808C298	thumb	CompareProfileResponseWithPassphrase
0x0808C2D0	thumb	CompareQuestionnaireResponseWithPassphrase
0x0808C308	thumb	EasyChat_AllocateResources
0x0808C3B4	thumb	EasyChat_FreeResources
0x0808C3CC	thumb	EasyChatScreen_HandleJoypad
0x0808C43C	thumb	HandleJoypad_SelectField
0x0808C588	thumb	HandleJoypad_SelectFooter
0x0808C714	thumb	HandleJoypad_SelectGroup
0x0808C95C	thumb	HandleJoypad_SelectWord
0x0808CA78	thumb	Cancel_HandleYesNoMenu
0x0808CAAC	thumb	Confirm_HandleYesNoMenu
0x0808CB24	thumb	DelAll_HandleYesNoMenu
0x0808CB6C	thumb	Cancel_CreateYesNoMenu
0x0808CB80	thumb	DelAll_CreateYesNoMenu
0x0808CB94	thumb	Confirm_CreateYesNoMenu
0x0808CBD8	thumb	GetStateBackup
0x0808CBE4	thumb	OpenSelectedGroup
0x0808CC70	thumb	BackOutFromGroupToFieldSelect
0x0808CC80	thumb	ToggleGroupAlphaMode
0x0808CC9C	thumb	DeleteSelectedWord
0x0808CCC4	thumb	PlaceSelectedWord
0x0808CD0C	thumb	CommitECWords
0x0808CD38	thumb	DeleteAllECFields
0x0808CD58	thumb	SetEasyChatWordToField
0x0808CD78	thumb	HasECMessageChanged
0x0808CDB0	thumb	SelectGroupCursorAction
0x0808CDE8	thumb	UpdateSelectGroupCursorPos_OutsideBlueBox_GroupMode
0x0808CE94	thumb	UpdateSelectGroupCursorPos_OutsideBlueBox_AlphaMode
0x0808CF38	thumb	UpdateSelectGroupCursorPos_InsideBlueBox
0x0808CFBC	thumb	GroupCursorMoveToBlueBox
0x0808CFD8	thumb	GroupCursorWrapAroundLeft
0x0808D004	thumb	SelectWordCursorAction
0x0808D120	thumb	GetSelectedFieldIndex
0x0808D13C	thumb	GetSelectedGroupIndex
0x0808D15C	thumb	GetSelectedLetter
0x0808D1A8	thumb	GetSelectWordCursorPos
0x0808D1C8	thumb	GetMaxGroupCursorXinAlphaMode
0x0808D1D8	thumb	MoveGroupCursorXToMaxCol
0x0808D234	thumb	MoveWordCursorXToMaxCol
0x0808D274	thumb	GroupSelectCursorXPosTooFarRight
0x0808D2C4	thumb	WordSelectCursorXPosTooFarRight
0x0808D2F4	thumb	GetEasyChatScreenFrameId
0x0808D310	thumb	GetTitleText
0x0808D32C	thumb	GetEasyChatWordBuffer
0x0808D338	thumb	GetNumRows
0x0808D344	thumb	GetNumColumns
0x0808D350	thumb	GetMainCursorColumn
0x0808D35C	thumb	GetMainCursorRow
0x0808D368	thumb	GetEasyChatInstructionsText
0x0808D390	thumb	GetEasyChatConfirmText
0x0808D3B8	thumb	GetEasyChatConfirmCancelText
0x0808D3DC	thumb	GetEasyChatConfirmDeletionText
0x0808D3F0	thumb	GetECSelectGroupCursorCoords
0x0808D404	thumb	IsEasyChatAlphaMode
0x0808D410	thumb	GetECSelectGroupRowsAbove
0x0808D41C	thumb	GetECSelectWordCursorCoords
0x0808D434	thumb	GetECSelectWordRowsAbove
0x0808D440	thumb	GetECSelectWordNumRows
0x0808D44C	thumb	UnusedDummy
0x0808D450	thumb	ShouldDrawECUpArrow
0x0808D47C	thumb	ShouldDrawECDownArrow
0x0808D4B8	thumb	IsPhraseDifferentThanPlayerInput
0x0808D4F0	thumb	GetEasyChatScreenTemplateId
0x0808D514	thumb	IsEcWordBufferUninitialized
0x0808D54C	thumb	InitEasyChatGraphicsWork
0x0808D59C	thumb	LoadEasyChatGraphics
0x0808D72C	thumb	DestroyEasyChatGraphicsResources
0x0808D744	thumb	EasyChatInterfaceCommand_Setup
0x0808D75C	thumb	EasyChatInterfaceCommand_Run
0x0808D854	thumb	ECInterfaceCmd_01
0x0808D884	thumb	ECInterfaceCmd_02
0x0808D974	thumb	ECInterfaceCmd_03
0x0808D9A8	thumb	ECInterfaceCmd_05
0x0808DA04	thumb	ECInterfaceCmd_06
0x0808DA60	thumb	ECInterfaceCmd_04
0x0808DABC	thumb	ECInterfaceCmd_07
0x0808DAFC	thumb	ECInterfaceCmd_08
0x0808DB40	thumb	ECInterfaceCmd_09
0x0808DC58	thumb	ECInterfaceCmd_10
0x0808DD38	thumb	ECInterfaceCmd_22
0x0808DEA8	thumb	ECInterfaceCmd_14
0x0808DED0	thumb	ECInterfaceCmd_15
0x0808DF90	thumb	ECInterfaceCmd_16
0x0808E048	thumb	ECInterfaceCmd_11
0x0808E210	thumb	ECInterfaceCmd_12
0x0808E30C	thumb	ECInterfaceCmd_13
0x0808E458	thumb	ECInterfaceCmd_17
0x0808E464	thumb	ECInterfaceCmd_19
0x0808E588	thumb	ECInterfaceCmd_18
0x0808E6A8	thumb	ECInterfaceCmd_21
0x0808E7A8	thumb	ECInterfaceCmd_20
0x0808E8C8	thumb	InitEasyChatGraphicsWork_Internal
0x0808E918	thumb	SetGpuRegsForEasyChatInit
0x0808E978	thumb	LoadEasyChatPals
0x0808E9E0	thumb	PrintTitleText
0x0808EA40	thumb	EC_AddTextPrinterParameterized
0x0808EA7C	thumb	EC_AddTextPrinterParameterized2
0x0808EAEC	thumb	PrintECInstructionsText
0x0808EB34	thumb	PrintECInterfaceTextById
0x0808EBC4	thumb	EC_CreateYesNoMenuWithInitialCursorPos
0x0808EBEC	thumb	CreatePhraseFrameWindow
0x0808EC40	thumb	PrintECFields
0x0808ED5C	thumb	DrawECFrameInTilemapBuffer
0x0808EEE0	thumb	PutWin2TilemapAndCopyToVram
0x0808EEF4	thumb	PrintECMenuById
0x0808EF4C	thumb	PrintECGroupOrAlphaMenu
0x0808EFB4	thumb	PrintECGroupsMenu
0x0808F034	thumb	PrintEasyChatKeyboardText
0x0808F064	thumb	PrintECWordsMenu
0x0808F074	thumb	UpdateWin2PrintWordsScrollDown
0x0808F098	thumb	UpdateWin2PrintWordsScrollUp
0x0808F0B4	thumb	UpdateWin2PrintWordsScrollPageDown
0x0808F0F8	thumb	UpdateWin2PrintWordsScrollPageUp
0x0808F130	thumb	PrintECRowsWin2
0x0808F21C	thumb	ClearECRowsWin2
0x0808F27C	thumb	ClearWin2AndCopyToVram
0x0808F294	thumb	StartWin2FrameAnim
0x0808F300	thumb	AnimateFrameResize
0x0808F338	thumb	RedrawFrameByIndex
0x0808F460	thumb	RedrawFrameByRect
0x0808F614	thumb	InitBg2Scroll
0x0808F638	thumb	ScheduleBg2VerticalScroll
0x0808F694	thumb	AnimateBg2VerticalScroll
0x0808F6C8	thumb	GetBg2ScrollRow
0x0808F6D8	thumb	SetRegWin0Coords
0x0808F70C	thumb	LoadSpriteGfx
0x0808F74C	thumb	CreateSelectDestFieldCursorSprite
0x0808F798	thumb	SpriteCB_BounceCursor
0x0808F7C8	thumb	SetSelectDestFieldCursorSpritePosAndResetAnim
0x0808F7EC	thumb	FreezeSelectDestFieldCursorSprite
0x0808F804	thumb	UnfreezeSelectDestFieldCursorSprite
0x0808F818	thumb	CreateRedRectangularCursorSpritePair
0x0808F884	thumb	DestroyRedRectangularCursor
0x0808F8B0	thumb	EC_MoveCursor
0x0808F8D8	thumb	MoveCursor_Group
0x0808F954	thumb	MoveCursor_Alpha
0x0808FA00	thumb	CreateSelectWordCursorSprite
0x0808FA4C	thumb	SpriteCB_SelectWordCursorSprite
0x0808FA74	thumb	SetSelectWordCursorSpritePos
0x0808FACC	thumb	SetSelectWordCursorSpritePosExplicit
0x0808FAFC	thumb	DestroySelectWordCursorSprite
0x0808FB20	thumb	CreateSelectGroupHelpSprite
0x0808FB80	thumb	AnimateSeletGroupModeAndHelpSpriteEnter
0x0808FBFC	thumb	StartModeIconHidingAnimation
0x0808FC1C	thumb	RunModeIconHidingAnimation
0x0808FC88	thumb	ShrinkModeIconsSprite
0x0808FCA4	thumb	ShowModeIconsSprite
0x0808FCD4	thumb	ModeIconsSpriteAnimIsEnded
0x0808FCF4	thumb	CreateVerticalScrollArrowSprites
0x0808FD7C	thumb	UpdateVerticalScrollArrowVisibility
0x0808FDC4	thumb	HideVerticalScrollArrowSprites
0x0808FDF0	thumb	UpdateVerticalScrollArrowSpriteXPos
0x0808FE18	thumb	CreateStartSelectButtonsSprites
0x0808FE98	thumb	UpdateStartSelectButtonSpriteVisibility
0x0808FEE0	thumb	HideStartSelectButtonSprites
0x0808FF0C	thumb	CreateFooterWindow
0x0808FF5C	thumb	EC_MoveCursor.part.0
0x0808FF94	thumb	IsECGroupUnlocked
0x0808FFD0	thumb	EasyChat_GetNumWordsInGroup
0x08090014	thumb	IsECWordInvalid
0x08090078	thumb	GetEasyChatWord
0x080900C8	thumb	CopyEasyChatWord
0x08090154	thumb	ConvertEasyChatWordsToString
0x080901EC	thumb	GetEasyChatWordStringLength
0x0809026C	thumb	EC_DoesEasyChatStringFitOnLine
0x08090398	thumb	GetRandomWordFromGroup
0x080903E0	thumb	GetRandomWordFromAnyGroup
0x08090434	thumb	ShowEasyChatMessage
0x08090504	thumb	BufferRandomHobbyOrLifestyleString
0x08090528	thumb	IsTrendySayingUnlocked
0x08090550	thumb	EnableRareWord
0x08090580	thumb	GetNumUnlockedTrendySayings
0x080905C0	thumb	UnlockRandomTrendySaying
0x08090668	thumb	GetRandomUnlockedTrendySaying
0x08090708	thumb	EC_IsNationalPokedexEnabled
0x08090718	thumb	GetRandomECPokemon
0x0809076C	thumb	InitEasyChatPhrases
0x080907E8	thumb	InitQuestionnaireWords
0x08090800	thumb	InitEasyChatSelection
0x0809082C	thumb	DestroyEasyChatSelectionData
0x08090844	thumb	PopulateECGroups
0x080908E0	thumb	GetNumDisplayableGroups
0x080908EC	thumb	GetSelectedGroupByIndex
0x0809090C	thumb	BufferEasyChatWordGroupName
0x08090944	thumb	GetEasyChatWordGroupName
0x08090954	thumb	CopyEasyChatWordPadded
0x08090984	thumb	PopulateAlphabeticalGroups
0x08090B48	thumb	GetUnlockedECWords
0x08090BA4	thumb	GetDisplayedWordByIndex
0x08090BD4	thumb	GetNumDisplayedWords
0x08090BE8	thumb	GetUnlockedWordsInECGroup
0x08090CC4	thumb	GetUnlockedWordsInAlphabeticalGroup
0x08090D0C	thumb	IsGroupSelectable
0x08090D40	thumb	UnlockedECMonOrMove
0x08090D90	thumb	EC_IsDeoxys
0x08090DA0	thumb	IsWordUnlocked
0x08090DDC	thumb	EReader_Send
0x08090F18	thumb	EReader_Recv
0x08091050	thumb	CloseSerial
0x0809108C	thumb	OpenSerialMulti
0x080910FC	thumb	OpenSerial32
0x08091138	thumb	EReaderHandleTransfer
0x08091304	thumb	DetermineSendRecvState
0x08091330	thumb	SetUpTransferManager
0x080913A0	thumb	StartTm3
0x080913D8	thumb	EReaderHelper_Timer3Callback
0x08091404	thumb	EReaderHelper_SerialCallback
0x080915B4	thumb	EnableSio
0x080915C4	thumb	DisableTm3
0x080915E4	thumb	GetKeyInput
0x08091614	thumb	EReaderHelper_SaveRegsState
0x08091668	thumb	EReaderHelper_RestoreRegsState
0x080916BC	thumb	EReaderHelper_ClearsSendRecvMgr
0x080916DC	thumb	EReader_Load
0x0809174C	thumb	EReader_Reset
0x0809177C	thumb	EReader_Transfer
0x080917B8	thumb	OpenEReaderLink
0x080917E8	thumb	ValidateEReaderConnection
0x08091848	thumb	IsEReaderConnectionSane
0x08091868	thumb	TryReceiveCard
0x08091964	thumb	CreateEReaderTask
0x0809199C	thumb	ResetTimer
0x080919A4	thumb	UpdateTimer
0x080919C4	thumb	Task_EReader
0x08091E24	thumb	InitEventData
0x08091E64	thumb	ClearTempFieldEventData
0x08091F14	thumb	DisableNationalPokedex_RSE
0x08091F48	thumb	EnableNationalPokedex_RSE
0x08091F84	thumb	IsNationalPokedexEnabled_RSE
0x08091FCC	thumb	DisableNationalPokedex
0x08092000	thumb	EnableNationalPokedex
0x08092038	thumb	IsNationalPokedexEnabled
0x08092054	thumb	DisableMysteryGift
0x08092070	thumb	EnableMysteryGift
0x0809208C	thumb	IsMysteryGiftEnabled
0x080920AC	thumb	ClearMysteryGiftFlags
0x0809220C	thumb	ClearMysteryGiftVars
0x080922B4	thumb	DisableResetRTC
0x080922E4	thumb	EnableResetRTC
0x08092318	thumb	CanResetRTC
0x08092354	thumb	GetVarPointer
0x0809238C	thumb	IsFlagOrVarStoredInQuestLog
0x080923CC	thumb	VarGet
0x0809240C	thumb	VarSet
0x08092450	thumb	VarGetObjectEventGraphicsId
0x08092478	thumb	GetFlagAddr
0x080924A4	thumb	FlagSet
0x080924E4	thumb	FlagClear
0x08092524	thumb	FlagGet
0x08092560	thumb	ResetSpecialVars
0x0809260C	thumb	NuzlockeFlagSet
0x08092710	thumb	NuzlockeFlagClear
0x08092738	thumb	NuzlockeFlagGet
0x08092814	thumb	CheckMasterTrainerFlag
0x0809283C	thumb	SetMasterTrainerFlag
0x08092864	thumb	ClearMasterTrainerFlag
0x0809288C	thumb	GetVarPointer.part.0
0x0809291C	thumb	GetFlagAddr.part.0
0x080929A0	thumb	walkrun_is_standing_still
0x080929B0	thumb	Task_WaitPlayerStopMoving
0x080929D4	thumb	IsFreezePlayerFinished
0x080929F4	thumb	FreezeObjects_WaitForPlayer
0x08092A0C	thumb	Task_WaitPlayerAndTargetNPCStopMoving
0x08092A94	thumb	IsFreezeSelectedObjectAndPlayerFinished
0x08092AB4	thumb	FreezeObjects_WaitForPlayerAndSelected
0x08092B04	thumb	ClearPlayerHeldMovementAndUnfreezeObjectEvents
0x08092B30	thumb	UnionRoom_UnlockPlayerAndChatPartner
0x08092B78	thumb	Script_FacePlayer
0x08092BA0	thumb	Script_ClearHeldMovement
0x08092BC0	thumb	ClearObjectEvent
0x08092BE0	thumb	ClearAllObjectEvents
0x08092C1C	thumb	ResetObjectEvents
0x08092C34	thumb	CreateReflectionEffectSprites
0x08092CC8	thumb	GetFirstInactiveObjectEventId
0x08092CEC	thumb	GetObjectEventIdByLocalIdAndMap
0x08092D5C	thumb	TryGetObjectEventIdByLocalIdAndMap
0x08092D80	thumb	GetObjectEventIdByXY
0x08092DCC	thumb	GetObjectEventIdByLocalIdAndMapInternal
0x08092E1C	thumb	GetObjectEventIdByLocalId
0x08092E58	thumb	InitObjectEventStateFromTemplate
0x080930A4	thumb	ShouldInitObjectEventStateFromTemplate
0x080930E0	thumb	TemplateIsObstacleAndWithinView
0x08093148	thumb	TemplateIsObstacleAndVisibleFromConnectingMap
0x080931E4	thumb	SetHideObstacleFlag
0x08093200	thumb	Unref_TryInitLocalObjectEvent
0x08093284	thumb	GetAvailableObjectEventId
0x08093348	thumb	RemoveObjectEvent
0x08093380	thumb	RemoveObjectEventByLocalIdAndMap
0x080933F8	thumb	RemoveObjectEventInternal
0x08093428	thumb	Unref_RemoveAllObjectEventsExceptPlayer
0x0809349C	thumb	TrySetupObjectEventSprite
0x080936F0	thumb	TrySpawnObjectEventTemplate
0x080937D0	thumb	SpawnSpecialObjectEvent
0x08093810	thumb	SpawnSpecialObjectEventParameterized
0x08093880	thumb	TrySpawnObjectEvent
0x080938E0	thumb	CopyObjectGraphicsInfoToSpriteTemplate
0x0809392C	thumb	CopyObjectGraphicsInfoToSpriteTemplate_WithMovementType
0x08093980	thumb	MakeObjectTemplateFromObjectEventTemplate
0x080939A0	thumb	CreateObjectGraphicsSprite
0x08093A5C	thumb	CreateVirtualObject
0x08093C50	thumb	CreateFameCheckerObject
0x08093D84	thumb	TrySpawnObjectEvents
0x08093EA0	thumb	RemoveObjectEventsOutsideView
0x08093F1C	thumb	RemoveObjectEventIfOutsideView
0x08094000	thumb	SpawnObjectEventsOnReturnToField
0x08094044	thumb	SpawnObjectEventOnReturnToField
0x08094314	thumb	ResetObjectEventFldEffData
0x08094340	thumb	SetPlayerAvatarObjectEventIdAndObjectId
0x08094374	thumb	ObjectEventSetGraphicsId
0x08094514	thumb	ObjectEventSetGraphicsIdByLocalIdAndMap
0x08094548	thumb	ObjectEventTurn
0x080945B4	thumb	ObjectEventTurnByLocalIdAndMap
0x080945E8	thumb	PlayerObjectTurn
0x0809466C	thumb	GetObjectEventGraphicsInfo
0x080946FC	thumb	SetObjectEventDynamicGraphicsId
0x08094728	thumb	SetObjectInvisibility
0x08094768	thumb	ObjectEventGetLocalIdAndMap
0x0809477C	thumb	EnableObjectGroundEffectsByXY
0x080947C8	thumb	SetObjectSubpriority
0x08094810	thumb	ResetObjectSubpriority
0x08094848	thumb	SetObjectPositionByLocalIdAndMap
0x08094890	thumb	FreeAndReserveObjectSpritePalettes
0x080948A8	thumb	LoadObjectEventPalette
0x080948EC	thumb	LoadObjectEventPaletteSet
0x0809494C	thumb	TryLoadObjectPalette
0x0809496C	thumb	PatchObjectPalette
0x080949B4	thumb	PatchObjectPaletteRange
0x080949E0	thumb	FindObjectEventPaletteIndexByTag
0x08094A10	thumb	LoadPlayerObjectReflectionPalette
0x08094A74	thumb	LoadSpecialObjectReflectionPalette
0x08094AE0	thumb	GetReflectionEffectPaletteSlot
0x08094AF0	thumb	IncrementObjectEventCoords
0x08094B0C	thumb	ShiftObjectEventCoords
0x08094B18	thumb	SetObjectEventCoords
0x08094B28	thumb	MoveObjectEventToMapCoords
0x08094BE8	thumb	TryMoveObjectEventToMapCoords
0x08094C2C	thumb	ShiftStillObjectEventCoords
0x08094C34	thumb	UpdateObjectEventCoordsForCameraUpdate
0x08094C4C	thumb	GetObjectEventIdByPosition
0x08094CB4	thumb	ObjectEventDoesElevationMatch
0x08094CD4	thumb	UpdateObjectEventsForCameraUpdate
0x08094D00	thumb	AddCameraObject
0x08094D38	thumb	ObjectCB_CameraObject
0x08094D60	thumb	CameraObject_0
0x08094D9C	thumb	CameraObject_1
0x08094DD0	thumb	CameraObject_2
0x08094DEC	thumb	FindCameraObject
0x08094E2C	thumb	CameraObjectReset1
0x08094E70	thumb	CameraObjectSetFollowedObjectId
0x08094EB8	thumb	CameraObjectGetFollowedObjectId
0x08094F00	thumb	CameraObjectReset2
0x08094F48	thumb	CopySprite
0x08094FA4	thumb	CreateCopySpriteAt
0x08095000	thumb	SetObjectEventDirection
0x08095030	thumb	GetObjectEventScriptPointerByLocalIdAndMap
0x08095048	thumb	GetObjectEventScriptPointerByObjectEventId
0x0809506C	thumb	GetObjectEventFlagIdByLocalIdAndMap
0x0809508C	thumb	GetObjectEventFlagIdByObjectEventId
0x080950B8	thumb	GetObjectTrainerTypeByLocalIdAndMap
0x080950E8	thumb	GetBoulderRevealFlagByLocalIdAndMap
0x08095100	thumb	GetObjectTrainerTypeByObjectEventId
0x08095118	thumb	GetObjectEventBerryTreeIdByLocalIdAndMap
0x08095144	thumb	GetObjectEventBerryTreeId
0x08095158	thumb	GetObjectEventTemplateByLocalIdAndMap
0x080951BC	thumb	FindObjectEventTemplateByLocalId
0x080951EC	thumb	GetBaseTemplateForObjectEvent
0x08095240	thumb	OverrideTemplateCoordsForObjectEvent
0x0809529C	thumb	OverrideMovementTypeForObjectEvent
0x080952F0	thumb	TryOverrideObjectEventTemplateCoords
0x08095374	thumb	InitObjectEventPalettes
0x080953E8	thumb	GetObjectPaletteTag
0x08095454	thumb	MovementType_None
0x08095478	thumb	MovementType_None_callback
0x0809547C	thumb	MovementType_WanderAround
0x080954A0	thumb	MovementType_WanderAround_callback
0x080954BC	thumb	MovementType_WanderAroundSlower
0x080954E0	thumb	MovementType_WanderAroundSlower_callback
0x080954FC	thumb	MovementType_WanderAround_Step0
0x08095514	thumb	MovementType_WanderAround_Step1
0x08095568	thumb	MovementType_WanderAround_Step2
0x080955B8	thumb	MovementType_WanderAround_Step3
0x080955D0	thumb	MovementType_WanderAround_Step4
0x08095650	thumb	MovementType_WanderAround_Step5
0x080956AC	thumb	MovementType_WanderAround_Step5Slower
0x08095708	thumb	MovementType_WanderAround_Step6
0x0809574C	thumb	ObjectEventIsTrainerAndCloseToPlayer
0x080957E0	thumb	GetVectorDirection
0x08095804	thumb	GetLimitedVectorDirection_SouthNorth
0x08095810	thumb	GetLimitedVectorDirection_WestEast
0x0809581C	thumb	GetLimitedVectorDirection_WestNorth
0x08095838	thumb	GetLimitedVectorDirection_EastNorth
0x08095858	thumb	GetLimitedVectorDirection_WestSouth
0x08095888	thumb	GetLimitedVectorDirection_EastSouth
0x080958AC	thumb	GetLimitedVectorDirection_SouthNorthWest
0x080958D4	thumb	GetLimitedVectorDirection_SouthNorthEast
0x080958FC	thumb	GetLimitedVectorDirection_NorthWestEast
0x08095920	thumb	GetLimitedVectorDirection_SouthWestEast
0x08095944	thumb	TryGetTrainerEncounterDirection
0x08095964	thumb	MovementType_LookAround
0x08095988	thumb	MovementType_LookAround_callback
0x080959A4	thumb	MovementType_LookAround_Step0
0x080959BC	thumb	MovementType_LookAround_Step1
0x08095A10	thumb	MovementType_LookAround_Step2
0x08095A68	thumb	MovementType_LookAround_Step3
0x08095A90	thumb	MovementType_LookAround_Step4
0x08095AF8	thumb	MovementType_WanderUpAndDown
0x08095B1C	thumb	MovementType_WanderUpAndDown_callback
0x08095B38	thumb	MovementType_WanderUpAndDown_Step0
0x08095B50	thumb	MovementType_WanderUpAndDown_Step1
0x08095BA4	thumb	MovementType_WanderUpAndDown_Step2
0x08095BF4	thumb	MovementType_WanderUpAndDown_Step3
0x08095C0C	thumb	MovementType_WanderUpAndDown_Step4
0x08095C8C	thumb	MovementType_WanderUpAndDown_Step5
0x08095CE8	thumb	MovementType_WanderUpAndDown_Step6
0x08095D2C	thumb	MovementType_WanderLeftAndRight
0x08095D50	thumb	MovementType_WanderLeftAndRight_callback
0x08095D6C	thumb	MovementType_WanderLeftAndRight_Step0
0x08095D84	thumb	MovementType_WanderLeftAndRight_Step1
0x08095DD8	thumb	MovementType_WanderLeftAndRight_Step2
0x08095E28	thumb	MovementType_WanderLeftAndRight_Step3
0x08095E40	thumb	MovementType_WanderLeftAndRight_Step4
0x08095EC0	thumb	MovementType_WanderLeftAndRight_Step5
0x08095F1C	thumb	MovementType_WanderLeftAndRight_Step6
0x08095F60	thumb	MovementType_FaceDirection
0x08095F84	thumb	MovementType_FaceDirection_callback
0x08095FA0	thumb	MovementType_FaceDirection_Step0
0x08096000	thumb	MovementType_FaceDirection_Step1
0x08096038	thumb	MovementType_FaceDirection_Step2
0x08096044	thumb	MovementType_FaceDownAndUp
0x08096068	thumb	MovementType_FaceDownAndUp_callback
0x08096084	thumb	MovementType_FaceDownAndUp_Step0
0x0809609C	thumb	MovementType_FaceDownAndUp_Step1
0x080960F0	thumb	MovementType_FaceDownAndUp_Step2
0x08096148	thumb	MovementType_FaceDownAndUp_Step3
0x08096170	thumb	MovementType_FaceDownAndUp_Step4
0x080961D8	thumb	MovementType_FaceLeftAndRight
0x080961FC	thumb	MovementType_FaceLeftAndRight_callback
0x08096218	thumb	MovementType_FaceLeftAndRight_Step0
0x08096230	thumb	MovementType_FaceLeftAndRight_Step1
0x08096284	thumb	MovementType_FaceLeftAndRight_Step2
0x080962DC	thumb	MovementType_FaceLeftAndRight_Step3
0x08096304	thumb	MovementType_FaceLeftAndRight_Step4
0x0809636C	thumb	MovementType_FaceUpAndLeft
0x08096390	thumb	MovementType_FaceUpAndLeft_callback
0x080963AC	thumb	MovementType_FaceUpAndLeft_Step0
0x080963C4	thumb	MovementType_FaceUpAndLeft_Step1
0x08096418	thumb	MovementType_FaceUpAndLeft_Step2
0x08096470	thumb	MovementType_FaceUpAndLeft_Step3
0x08096498	thumb	MovementType_FaceUpAndLeft_Step4
0x08096500	thumb	MovementType_FaceUpAndRight
0x08096524	thumb	MovementType_FaceUpAndRight_callback
0x08096540	thumb	MovementType_FaceUpAndRight_Step0
0x08096558	thumb	MovementType_FaceUpAndRight_Step1
0x080965AC	thumb	MovementType_FaceUpAndRight_Step2
0x08096604	thumb	MovementType_FaceUpAndRight_Step3
0x0809662C	thumb	MovementType_FaceUpAndRight_Step4
0x08096694	thumb	MovementType_FaceDownAndLeft
0x080966B8	thumb	MovementType_FaceDownAndLeft_callback
0x080966D4	thumb	MovementType_FaceDownAndLeft_Step0
0x080966EC	thumb	MovementType_FaceDownAndLeft_Step1
0x08096740	thumb	MovementType_FaceDownAndLeft_Step2
0x08096798	thumb	MovementType_FaceDownAndLeft_Step3
0x080967C0	thumb	MovementType_FaceDownAndLeft_Step4
0x08096828	thumb	MovementType_FaceDownAndRight
0x0809684C	thumb	MovementType_FaceDownAndRight_callback
0x08096868	thumb	MovementType_FaceDownAndRight_Step0
0x08096880	thumb	MovementType_FaceDownAndRight_Step1
0x080968D4	thumb	MovementType_FaceDownAndRight_Step2
0x0809692C	thumb	MovementType_FaceDownAndRight_Step3
0x08096954	thumb	MovementType_FaceDownAndRight_Step4
0x080969BC	thumb	MovementType_FaceDownUpAndLeft
0x080969E0	thumb	MovementType_FaceDownUpAndLeft_callback
0x080969FC	thumb	MovementType_FaceDownUpAndLeft_Step0
0x08096A14	thumb	MovementType_FaceDownUpAndLeft_Step1
0x08096A68	thumb	MovementType_FaceDownUpAndLeft_Step2
0x08096AC0	thumb	MovementType_FaceDownUpAndLeft_Step3
0x08096AE8	thumb	MovementType_FaceDownUpAndLeft_Step4
0x08096B50	thumb	MovementType_FaceDownUpAndRight
0x08096B74	thumb	MovementType_FaceDownUpAndRight_callback
0x08096B90	thumb	MovementType_FaceDownUpAndRight_Step0
0x08096BA8	thumb	MovementType_FaceDownUpAndRight_Step1
0x08096BFC	thumb	MovementType_FaceDownUpAndRight_Step2
0x08096C54	thumb	MovementType_FaceDownUpAndRight_Step3
0x08096C7C	thumb	MovementType_FaceDownUpAndRight_Step4
0x08096CE4	thumb	MovementType_FaceUpRightAndLeft
0x08096D08	thumb	MovementType_FaceUpRightAndLeft_callback
0x08096D24	thumb	MovementType_FaceUpLeftAndRight_Step0
0x08096D3C	thumb	MovementType_FaceUpLeftAndRight_Step1
0x08096D90	thumb	MovementType_FaceUpLeftAndRight_Step2
0x08096DE8	thumb	MovementType_FaceUpLeftAndRight_Step3
0x08096E10	thumb	MovementType_FaceUpLeftAndRight_Step4
0x08096E78	thumb	MovementType_FaceDownRightAndLeft
0x08096E9C	thumb	MovementType_FaceDownRightAndLeft_callback
0x08096EB8	thumb	MovementType_FaceDownLeftAndRight_Step0
0x08096ED0	thumb	MovementType_FaceDownLeftAndRight_Step1
0x08096F24	thumb	MovementType_FaceDownLeftAndRight_Step2
0x08096F7C	thumb	MovementType_FaceDownLeftAndRight_Step3
0x08096FA4	thumb	MovementType_FaceDownLeftAndRight_Step4
0x0809700C	thumb	MovementType_RotateCounterclockwise
0x08097030	thumb	MovementType_RotateCounterclockwise_callback
0x0809704C	thumb	MovementType_RotateCounterclockwise_Step0
0x080970AC	thumb	MovementType_RotateCounterclockwise_Step1
0x080970E8	thumb	MovementType_RotateCounterclockwise_Step2
0x08097110	thumb	MovementType_RotateCounterclockwise_Step3
0x0809717C	thumb	MovementType_RotateClockwise
0x080971A0	thumb	MovementType_RotateClockwise_callback
0x080971BC	thumb	MovementType_RotateClockwise_Step0
0x0809721C	thumb	MovementType_RotateClockwise_Step1
0x08097258	thumb	MovementType_RotateClockwise_Step2
0x08097280	thumb	MovementType_RotateClockwise_Step3
0x080972EC	thumb	MovementType_WalkBackAndForth
0x08097310	thumb	MovementType_WalkBackAndForth_callback
0x0809732C	thumb	MovementType_WalkBackAndForth_Step0
0x08097344	thumb	MovementType_WalkBackAndForth_Step1
0x080973AC	thumb	MovementType_WalkBackAndForth_Step2
0x0809756C	thumb	MovementType_WalkBackAndForth_Step3
0x080975B0	thumb	MovementType_WalkSequence_Step0
0x080975C8	thumb	MoveNextDirectionInSequence
0x0809775C	thumb	MovementType_WalkSequence_Step2
0x080977A0	thumb	MovementType_WalkSequenceUpRightLeftDown
0x080977C4	thumb	MovementType_WalkSequenceUpRightLeftDown_callback
0x080977E0	thumb	MovementType_WalkSequenceUpRightLeftDown_Step1
0x08097818	thumb	MovementType_WalkSequenceRightLeftDownUp
0x0809783C	thumb	MovementType_WalkSequenceRightLeftDownUp_callback
0x08097858	thumb	MovementType_WalkSequenceRightLeftDownUp_Step1
0x08097890	thumb	MovementType_WalkSequenceDownUpRightLeft
0x080978B4	thumb	MovementType_WalkSequenceDownUpRightLeft_callback
0x080978D0	thumb	MovementType_WalkSequenceDownUpRightLeft_Step1
0x08097908	thumb	MovementType_WalkSequenceLeftDownUpRight
0x0809792C	thumb	MovementType_WalkSequenceLeftDownUpRight_callback
0x08097948	thumb	MovementType_WalkSequenceLeftDownUpRight_Step1
0x08097980	thumb	MovementType_WalkSequenceUpLeftRightDown
0x080979A4	thumb	MovementType_WalkSequenceUpLeftRightDown_callback
0x080979C0	thumb	MovementType_WalkSequenceUpLeftRightDown_Step1
0x080979F8	thumb	MovementType_WalkSequenceLeftRightDownUp
0x08097A1C	thumb	MovementType_WalkSequenceLeftRightDownUp_callback
0x08097A38	thumb	MovementType_WalkSequenceLeftRightDownUp_Step1
0x08097A70	thumb	MovementType_WalkSequenceDownUpLeftRight
0x08097A94	thumb	MovementType_WalkSequenceDownUpLeftRight_callback
0x08097AB0	thumb	MovementType_WalkSequenceDownUpLeftRight_Step1
0x08097AE8	thumb	MovementType_WalkSequenceRightDownUpLeft
0x08097B0C	thumb	MovementType_WalkSequenceRightDownUpLeft_callback
0x08097B28	thumb	MovementType_WalkSequenceRightDownUpLeft_Step1
0x08097B60	thumb	MovementType_WalkSequenceLeftUpDownRight
0x08097B84	thumb	MovementType_WalkSequenceLeftUpDownRight_callback
0x08097BA0	thumb	MovementType_WalkSequenceLeftUpDownRight_Step1
0x08097BD8	thumb	MovementType_WalkSequenceUpDownRightLeft
0x08097BFC	thumb	MovementType_WalkSequenceUpDownRightLeft_callback
0x08097C18	thumb	MovementType_WalkSequenceUpDownRightLeft_Step1
0x08097C50	thumb	MovementType_WalkSequenceRightLeftUpDown
0x08097C74	thumb	MovementType_WalkSequenceRightLeftUpDown_callback
0x08097C90	thumb	MovementType_WalkSequenceRightLeftUpDown_Step1
0x08097CC8	thumb	MovementType_WalkSequenceDownRightLeftUp
0x08097CEC	thumb	MovementType_WalkSequenceDownRightLeftUp_callback
0x08097D08	thumb	MovementType_WalkSequenceDownRightLeftUp_Step1
0x08097D40	thumb	MovementType_WalkSequenceRightUpDownLeft
0x08097D64	thumb	MovementType_WalkSequenceRightUpDownLeft_callback
0x08097D80	thumb	MovementType_WalkSequenceRightUpDownLeft_Step1
0x08097DB8	thumb	MovementType_WalkSequenceUpDownLeftRight
0x08097DDC	thumb	MovementType_WalkSequenceUpDownLeftRight_callback
0x08097DF8	thumb	MovementType_WalkSequenceUpDownLeftRight_Step1
0x08097E30	thumb	MovementType_WalkSequenceLeftRightUpDown
0x08097E54	thumb	MovementType_WalkSequenceLeftRightUpDown_callback
0x08097E70	thumb	MovementType_WalkSequenceLeftRightUpDown_Step1
0x08097EA8	thumb	MovementType_WalkSequenceDownLeftRightUp
0x08097ECC	thumb	MovementType_WalkSequenceDownLeftRightUp_callback
0x08097EE8	thumb	MovementType_WalkSequenceDownLeftRightUp_Step1
0x08097F20	thumb	MovementType_WalkSequenceUpLeftDownRight
0x08097F44	thumb	MovementType_WalkSequenceUpLeftDownRight_callback
0x08097F60	thumb	MovementType_WalkSequenceUpLeftDownRight_Step1
0x08097F98	thumb	MovementType_WalkSequenceDownRightUpLeft
0x08097FBC	thumb	MovementType_WalkSequenceDownRightUpLeft_callback
0x08097FD8	thumb	MovementType_WalkSequenceDownRightUpLeft_Step1
0x08098010	thumb	MovementType_WalkSequenceLeftDownRightUp
0x08098034	thumb	MovementType_WalkSequenceLeftDownRightUp_callback
0x08098050	thumb	MovementType_WalkSequenceLeftDownRightUp_Step1
0x08098088	thumb	MovementType_WalkSequenceRightUpLeftDown
0x080980AC	thumb	MovementType_WalkSequenceRightUpLeftDown_callback
0x080980C8	thumb	MovementType_WalkSequenceRightUpLeftDown_Step1
0x08098100	thumb	MovementType_WalkSequenceUpRightDownLeft
0x08098124	thumb	MovementType_WalkSequenceUpRightDownLeft_callback
0x08098140	thumb	MovementType_WalkSequenceUpRightDownLeft_Step1
0x08098178	thumb	MovementType_WalkSequenceDownLeftUpRight
0x0809819C	thumb	MovementType_WalkSequenceDownLeftUpRight_callback
0x080981B8	thumb	MovementType_WalkSequenceDownLeftUpRight_Step1
0x080981F0	thumb	MovementType_WalkSequenceLeftUpRightDown
0x08098214	thumb	MovementType_WalkSequenceLeftUpRightDown_callback
0x08098230	thumb	MovementType_WalkSequenceLeftUpRightDown_Step1
0x08098268	thumb	MovementType_WalkSequenceRightDownLeftUp
0x0809828C	thumb	MovementType_WalkSequenceRightDownLeftUp_callback
0x080982A8	thumb	MovementType_WalkSequenceRightDownLeftUp_Step1
0x080982E0	thumb	MovementType_CopyPlayer
0x08098304	thumb	MovementType_CopyPlayer_callback
0x08098320	thumb	MovementType_CopyPlayer_Step0
0x08098354	thumb	MovementType_CopyPlayer_Step1
0x080983A4	thumb	MovementType_CopyPlayer_Step2
0x080983E8	thumb	CopyablePlayerMovement_None
0x080983EC	thumb	CopyablePlayerMovement_FaceDirection
0x08098490	thumb	CopyablePlayerMovement_GoSpeed0
0x08098600	thumb	CopyablePlayerMovement_GoSpeed1
0x08098714	thumb	CopyablePlayerMovement_GoSpeed2
0x08098828	thumb	CopyablePlayerMovement_Slide
0x0809893C	thumb	cph_IM_DIFFERENT
0x080989E0	thumb	CopyablePlayerMovement_GoSpeed4
0x08098AF4	thumb	CopyablePlayerMovement_Jump
0x08098C3C	thumb	MovementType_CopyPlayerInGrass
0x08098C60	thumb	MovementType_CopyPlayerInGrass_callback
0x08098C7C	thumb	MovementType_CopyPlayerInGrass_Step1
0x08098CD0	thumb	MovementType_TreeDisguise
0x08098D48	thumb	MovementType_Disguise_Callback
0x08098D60	thumb	MovementType_MountainDisguise
0x08098DD8	thumb	MovementType_Buried
0x08098E34	thumb	MovementType_Buried_Callback
0x08098E4C	thumb	MovementType_Buried_Step0
0x08098E64	thumb	MovementType_MoveInPlace_Step1
0x08098E9C	thumb	MovementType_WalkInPlace
0x08098EC0	thumb	MovementType_WalkInPlace_callback
0x08098EDC	thumb	MovementType_WalkInPlace_Step0
0x08098F3C	thumb	MovementType_WalkInPlaceFast
0x08098F60	thumb	MovementType_WalkInPlaceFast_callback
0x08098F7C	thumb	MovementType_WalkInPlaceFast_Step0
0x08098FDC	thumb	MovementType_JogInPlace
0x08099000	thumb	MovementType_JogInPlace_callback
0x0809901C	thumb	MovementType_JogInPlace_Step0
0x0809907C	thumb	MovementType_Invisible
0x080990A0	thumb	MovementType_Invisible_callback
0x080990BC	thumb	MovementType_Invisible_Step0
0x08099124	thumb	MovementType_Invisible_Step1
0x0809915C	thumb	MovementType_Invisible_Step2
0x08099168	thumb	MovementType_RaiseHandAndStop
0x0809918C	thumb	MovementType_RaiseHandAndJump
0x080991B0	thumb	MovementType_RaiseHandAndSwim
0x080991D4	thumb	MovementType_RaiseHandAndStop_Callback
0x080991F0	thumb	MovementType_RaiseHandAndJump_Callback
0x0809920C	thumb	MovementType_RaiseHandAndSwim_Callback
0x08099228	thumb	MovementType_RaiseHandAndStop_Step0
0x08099268	thumb	MovementType_RaiseHandAndStop_Step1
0x080992A0	thumb	MovementType_RaiseHandAndStop_Step2
0x080992AC	thumb	MovementType_RaiseHandAndJump_Step0
0x080992EC	thumb	MovementType_RaiseHandAndSwim_Step0
0x0809932C	thumb	MovementType_RaiseHandAndMove_Step1
0x08099364	thumb	ClearObjectEventMovement
0x08099378	thumb	GetFaceDirectionAnimNum
0x08099388	thumb	GetMoveDirectionAnimNum
0x08099398	thumb	GetMoveDirectionFastAnimNum
0x080993A8	thumb	GetMoveDirectionFasterAnimNum
0x080993B8	thumb	GetMoveDirectionFastestAnimNum
0x080993C8	thumb	GetJumpSpecialDirectionAnimNum
0x080993D8	thumb	GetAcroWheelieDirectionAnimNum
0x080993E8	thumb	GetAcroBunnyHopFrontWheelDirectionAnimNum
0x080993F8	thumb	GetAcroEndWheelieDirectionAnimNum
0x08099408	thumb	GetSpinDirectionAnimNum
0x08099418	thumb	GetAcroUnusedActionDirectionAnimNum
0x08099428	thumb	GetAcroWheeliePedalDirectionAnimNum
0x08099438	thumb	GetFishingDirectionAnimNum
0x08099448	thumb	GetFishingNoCatchDirectionAnimNum
0x08099458	thumb	GetFishingBiteDirectionAnimNum
0x08099468	thumb	GetRunningDirectionAnimNum
0x08099478	thumb	GetStepAnimTable
0x0809949C	thumb	SetStepAnimHandleAlternation
0x080994B4	thumb	SetStepAnim
0x08099504	thumb	GetDirectionToFace
0x08099530	thumb	SetTrainerMovementType
0x08099568	thumb	GetTrainerFacingDirectionMovementType
0x08099578	thumb	GetCollisionInDirection
0x080995A8	thumb	GetCollisionAtCoords
0x080996B0	thumb	GetCollisionFlagsAtCoords
0x08099774	thumb	IsCoordOutsideObjectEventMovementRange
0x080997EC	thumb	IsMetatileDirectionallyImpassable
0x08099838	thumb	DoesObjectCollideWithObjectAt
0x0809991C	thumb	IsBerryTreeSparkling
0x0809995C	thumb	SetBerryTreeJustPicked
0x0809999C	thumb	MoveCoords
0x080999C0	thumb	MoveCoordsInMapCoordIncrement
0x080999E8	thumb	MoveCoordsInDirection
0x08099A44	thumb	GetMapCoordsFromSpritePos
0x08099A88	thumb	SetSpritePosToMapCoords
0x08099B3C	thumb	SetSpritePosToOffsetMapCoords
0x08099C20	thumb	GetObjectEventMovingCameraOffset
0x08099C60	thumb	ObjectEventMoveDestCoords
0x08099C90	thumb	ObjectEventIsMovementOverridden
0x08099C9C	thumb	ObjectEventIsHeldMovementActive
0x08099CB8	thumb	ObjectEventSetHeldMovement
0x08099D78	thumb	ObjectEventForceSetHeldMovement
0x08099E54	thumb	ObjectEventClearHeldMovementIfActive
0x08099E7C	thumb	ObjectEventClearHeldMovement
0x08099EA0	thumb	ObjectEventCheckHeldMovementStatus
0x08099EAC	thumb	ObjectEventClearHeldMovementIfFinished
0x08099EE4	thumb	ObjectEventGetHeldMovementActionId
0x08099EF4	thumb	UpdateObjectEventCurrentMovement
0x0809A084	thumb	QL_UpdateObjectEventCurrentMovement
0x0809A198	thumb	GetFaceDirectionMovementAction
0x0809A1C0	thumb	GetFaceDirectionFastMovementAction
0x0809A1E8	thumb	GetWalkSlowestMovementAction
0x0809A204	thumb	GetWalkSlowerMovementAction
0x0809A22C	thumb	GetWalkSlowMovementAction
0x0809A254	thumb	GetWalkNormalMovementAction
0x0809A27C	thumb	GetWalkFastMovementAction
0x0809A2A4	thumb	GetGlideMovementAction
0x0809A2CC	thumb	GetRideWaterCurrentMovementAction
0x0809A2F4	thumb	GetWalkFasterMovementAction
0x0809A31C	thumb	GetSlideMovementAction
0x0809A344	thumb	GetPlayerRunMovementAction
0x0809A36C	thumb	GetPlayerRunSlowMovementAction
0x0809A394	thumb	GetSpinMovementAction
0x0809A3BC	thumb	GetJump2MovementAction
0x0809A3E4	thumb	GetJumpInPlaceMovementAction
0x0809A40C	thumb	GetJumpInPlaceTurnAroundMovementAction
0x0809A434	thumb	GetJumpMovementAction
0x0809A45C	thumb	GetJumpSpecialMovementAction
0x0809A484	thumb	GetJumpSpecialWithEffectMovementAction
0x0809A4AC	thumb	GetWalkInPlaceSlowMovementAction
0x0809A4D4	thumb	GetWalkInPlaceNormalMovementAction
0x0809A4FC	thumb	GetWalkInPlaceFastMovementAction
0x0809A524	thumb	GetWalkInPlaceFasterMovementAction
0x0809A54C	thumb	ObjectEventFaceOppositeDirection
0x0809A648	thumb	GetAcroWheelieFaceDirectionMovementAction
0x0809A670	thumb	GetAcroPopWheelieFaceDirectionMovementAction
0x0809A698	thumb	GetAcroEndWheelieFaceDirectionMovementAction
0x0809A6C0	thumb	GetAcroWheelieHopFaceDirectionMovementAction
0x0809A6E8	thumb	GetAcroWheelieHopMovementAction
0x0809A710	thumb	GetAcroWheelieJumpMovementAction
0x0809A738	thumb	GetAcroWheelieInPlaceMovementAction
0x0809A760	thumb	GetAcroPopWheelieMoveMovementAction
0x0809A788	thumb	GetAcroWheelieMoveMovementAction
0x0809A7B0	thumb	GetOppositeDirection
0x0809A7E0	thumb	GetPlayerDirectionForCopy
0x0809A7F8	thumb	GetCopyDirection
0x0809A848	thumb	ObjectEventExecHeldMovementAction
0x0809A87C	thumb	QuestLogObjectEventExecHeldMovementAction
0x0809A8C0	thumb	ObjectEventExecSingleMovementAction
0x0809A8F8	thumb	ObjectEventSetSingleMovement
0x0809A924	thumb	FaceDirection
0x0809A9B0	thumb	MovementAction_FaceDown_Step0
0x0809A9C0	thumb	MovementAction_FaceUp_Step0
0x0809A9D0	thumb	MovementAction_FaceLeft_Step0
0x0809A9E0	thumb	MovementAction_FaceRight_Step0
0x0809A9F0	thumb	InitNpcForMovement
0x0809AA80	thumb	InitMovementNormal
0x0809AB58	thumb	StartRunningAnim
0x0809AC14	thumb	UpdateMovementNormal
0x0809AC98	thumb	InitNpcForWalkSlower
0x0809AD10	thumb	InitWalkSlower
0x0809ADCC	thumb	UpdateWalkSlower
0x0809AE40	thumb	InitNpcForWalkSlowest
0x0809AEB8	thumb	InitWalkSlowest
0x0809AF74	thumb	UpdateWalkSlowest
0x0809AFF0	thumb	MovementAction_WalkSlowestDown_Step0
0x0809B074	thumb	MovementAction_WalkSlowestDown_Step1
0x0809B0F4	thumb	MovementAction_WalkSlowestUp_Step0
0x0809B178	thumb	MovementAction_WalkSlowestUp_Step1
0x0809B1F8	thumb	MovementAction_WalkSlowestLeft_Step0
0x0809B27C	thumb	MovementAction_WalkSlowestLeft_Step1
0x0809B2FC	thumb	MovementAction_WalkSlowestRight_Step0
0x0809B380	thumb	MovementAction_WalkSlowestRight_Step1
0x0809B400	thumb	MovementAction_WalkSlowerDown_Step0
0x0809B424	thumb	MovementAction_WalkSlowerDown_Step1
0x0809B49C	thumb	MovementAction_WalkSlowerUp_Step0
0x0809B4C0	thumb	MovementAction_WalkSlowerUp_Step1
0x0809B538	thumb	MovementAction_WalkSlowerLeft_Step0
0x0809B55C	thumb	MovementAction_WalkSlowerLeft_Step1
0x0809B5D4	thumb	MovementAction_WalkSlowerRight_Step0
0x0809B5F8	thumb	MovementAction_WalkSlowerRight_Step1
0x0809B670	thumb	InitNpcForWalkSlow
0x0809B6E8	thumb	InitWalkSlow
0x0809B7A4	thumb	UpdateWalkSlow
0x0809B820	thumb	MovementAction_WalkSlowUp_Step0
0x0809B8A8	thumb	MovementAction_WalkSlowUp_Step1
0x0809B928	thumb	MovementAction_WalkSlowDown_Step0
0x0809B9B0	thumb	MovementAction_WalkSlowDown_Step1
0x0809BA30	thumb	MovementAction_WalkSlowLeft_Step0
0x0809BAB8	thumb	MovementAction_WalkSlowLeft_Step1
0x0809BB38	thumb	MovementAction_WalkSlowRight_Step0
0x0809BBC0	thumb	MovementAction_WalkSlowRight_Step1
0x0809BC40	thumb	MovementAction_WalkNormalDown_Step0
0x0809BC64	thumb	MovementAction_WalkNormalDown_Step1
0x0809BC7C	thumb	MovementAction_WalkNormalUp_Step0
0x0809BCA0	thumb	MovementAction_WalkNormalUp_Step1
0x0809BCB8	thumb	MovementAction_WalkNormalLeft_Step0
0x0809BCDC	thumb	MovementAction_WalkNormalLeft_Step1
0x0809BCF4	thumb	MovementAction_WalkNormalRight_Step0
0x0809BD18	thumb	MovementAction_WalkNormalRight_Step1
0x0809BD30	thumb	InitJump
0x0809BE1C	thumb	InitJumpRegular
0x0809BE84	thumb	UpdateJumpAnim
0x0809BF50	thumb	DoJumpAnimStep
0x0809BF60	thumb	DoJumpSpecialAnimStep
0x0809BF70	thumb	DoJumpAnim
0x0809BF88	thumb	DoJumpSpecialAnim
0x0809BFA0	thumb	DoJumpInPlaceAnim
0x0809C058	thumb	MovementAction_Jump2Down_Step0
0x0809C09C	thumb	MovementAction_Jump2Down_Step1
0x0809C0CC	thumb	MovementAction_Jump2Up_Step0
0x0809C110	thumb	MovementAction_Jump2Up_Step1
0x0809C140	thumb	MovementAction_Jump2Left_Step0
0x0809C184	thumb	MovementAction_Jump2Left_Step1
0x0809C1B4	thumb	MovementAction_Jump2Right_Step0
0x0809C1F8	thumb	MovementAction_Jump2Right_Step1
0x0809C228	thumb	InitMovementDelay
0x0809C230	thumb	MovementAction_Delay_Step1
0x0809C248	thumb	MovementAction_Delay1_Step0
0x0809C254	thumb	MovementAction_Delay2_Step0
0x0809C260	thumb	MovementAction_Delay4_Step0
0x0809C26C	thumb	MovementAction_Delay8_Step0
0x0809C278	thumb	MovementAction_Delay16_Step0
0x0809C284	thumb	MovementAction_WalkFastDown_Step0
0x0809C2A8	thumb	MovementAction_WalkFastDown_Step1
0x0809C2C0	thumb	MovementAction_WalkFastUp_Step0
0x0809C2E4	thumb	MovementAction_WalkFastUp_Step1
0x0809C2FC	thumb	MovementAction_WalkFastLeft_Step0
0x0809C320	thumb	MovementAction_WalkFastLeft_Step1
0x0809C338	thumb	MovementAction_WalkFastRight_Step0
0x0809C35C	thumb	MovementAction_WalkFastRight_Step1
0x0809C374	thumb	UpdateMovementGlide
0x0809C3D8	thumb	MovementAction_GlideDown_Step0
0x0809C46C	thumb	MovementAction_GlideDown_Step1
0x0809C498	thumb	MovementAction_GlideUp_Step0
0x0809C52C	thumb	MovementAction_GlideUp_Step1
0x0809C558	thumb	MovementAction_GlideLeft_Step0
0x0809C5EC	thumb	MovementAction_GlideLeft_Step1
0x0809C618	thumb	MovementAction_GlideRight_Step0
0x0809C6AC	thumb	MovementAction_GlideRight_Step1
0x0809C6D8	thumb	FaceDirectionFast
0x0809C718	thumb	MovementAction_FaceDownFast_Step0
0x0809C778	thumb	MovementAction_FaceUpFast_Step0
0x0809C7D8	thumb	MovementAction_FaceLeftFast_Step0
0x0809C838	thumb	MovementAction_FaceRightFast_Step0
0x0809C898	thumb	InitMoveInPlace
0x0809C8F0	thumb	MovementAction_WalkInPlace_Step1
0x0809C934	thumb	MovementAction_WalkInPlaceSlow_Step1
0x0809C98C	thumb	MovementAction_WalkInPlaceSlowDown_Step0
0x0809C9DC	thumb	MovementAction_WalkInPlaceSlowUp_Step0
0x0809CA2C	thumb	MovementAction_WalkInPlaceSlowLeft_Step0
0x0809CA7C	thumb	MovementAction_WalkInPlaceSlowRight_Step0
0x0809CACC	thumb	MovementAction_WalkInPlaceNormalDown_Step0
0x0809CB1C	thumb	MovementAction_WalkInPlaceNormalUp_Step0
0x0809CB6C	thumb	MovementAction_WalkInPlaceNormalLeft_Step0
0x0809CBBC	thumb	MovementAction_WalkInPlaceNormalRight_Step0
0x0809CC0C	thumb	MovementAction_WalkInPlaceFastDown_Step0
0x0809CC5C	thumb	MovementAction_WalkInPlaceFastUp_Step0
0x0809CCAC	thumb	MovementAction_WalkInPlaceFastLeft_Step0
0x0809CCFC	thumb	MovementAction_WalkInPlaceFastRight_Step0
0x0809CD4C	thumb	MovementAction_WalkInPlaceFasterDown_Step0
0x0809CD9C	thumb	MovementAction_WalkInPlaceFasterUp_Step0
0x0809CDEC	thumb	MovementAction_WalkInPlaceFasterLeft_Step0
0x0809CE3C	thumb	MovementAction_WalkInPlaceFasterRight_Step0
0x0809CE8C	thumb	MovementAction_RideWaterCurrentDown_Step0
0x0809CEB0	thumb	MovementAction_RideWaterCurrentDown_Step1
0x0809CEC8	thumb	MovementAction_RideWaterCurrentUp_Step0
0x0809CEEC	thumb	MovementAction_RideWaterCurrentUp_Step1
0x0809CF04	thumb	MovementAction_RideWaterCurrentLeft_Step0
0x0809CF28	thumb	MovementAction_RideWaterCurrentLeft_Step1
0x0809CF40	thumb	MovementAction_RideWaterCurrentRight_Step0
0x0809CF64	thumb	MovementAction_RideWaterCurrentRight_Step1
0x0809CF7C	thumb	MovementAction_WalkFasterDown_Step0
0x0809CFA0	thumb	MovementAction_WalkFasterDown_Step1
0x0809CFB8	thumb	MovementAction_WalkFasterUp_Step0
0x0809CFDC	thumb	MovementAction_WalkFasterUp_Step1
0x0809CFF4	thumb	MovementAction_WalkFasterLeft_Step0
0x0809D018	thumb	MovementAction_WalkFasterLeft_Step1
0x0809D030	thumb	MovementAction_WalkFasterRight_Step0
0x0809D054	thumb	MovementAction_WalkFasterRight_Step1
0x0809D06C	thumb	MovementAction_SlideDown_Step0
0x0809D090	thumb	MovementAction_SlideDown_Step1
0x0809D0A8	thumb	MovementAction_SlideUp_Step0
0x0809D0CC	thumb	MovementAction_SlideUp_Step1
0x0809D0E4	thumb	MovementAction_SlideLeft_Step0
0x0809D108	thumb	MovementAction_SlideLeft_Step1
0x0809D120	thumb	MovementAction_SlideRight_Step0
0x0809D144	thumb	MovementAction_SlideRight_Step1
0x0809D15C	thumb	MovementAction_PlayerRunDown_Step0
0x0809D1E4	thumb	MovementAction_PlayerRunDown_Step1
0x0809D1FC	thumb	MovementAction_PlayerRunUp_Step0
0x0809D284	thumb	MovementAction_PlayerRunUp_Step1
0x0809D29C	thumb	MovementAction_PlayerRunLeft_Step0
0x0809D324	thumb	MovementAction_PlayerRunLeft_Step1
0x0809D33C	thumb	MovementAction_PlayerRunRight_Step0
0x0809D3C4	thumb	MovementAction_PlayerRunRight_Step1
0x0809D3DC	thumb	InitNpcForRunSlow
0x0809D454	thumb	InitRunSlow
0x0809D510	thumb	UpdateRunSlow
0x0809D5A8	thumb	MovementAction_RunDownSlow_Step0
0x0809D654	thumb	MovementAction_RunDownSlow_Step1
0x0809D6F0	thumb	MovementAction_RunUpSlow_Step0
0x0809D7A0	thumb	MovementAction_RunUpSlow_Step1
0x0809D83C	thumb	MovementAction_RunLeftSlow_Step0
0x0809D8EC	thumb	MovementAction_RunLeftSlow_Step1
0x0809D988	thumb	MovementAction_RunRightSlow_Step0
0x0809DA34	thumb	MovementAction_RunRightSlow_Step1
0x0809DAD0	thumb	StartSpriteAnimInDirection
0x0809DB20	thumb	MovementAction_StartAnimInDirection_Step0
0x0809DB6C	thumb	MovementAction_WaitSpriteAnim
0x0809DB84	thumb	InitJumpSpecial
0x0809DBB0	thumb	MovementAction_JumpSpecialDown_Step0
0x0809DBFC	thumb	MovementAction_JumpSpecialDown_Step1
0x0809DC2C	thumb	MovementAction_JumpSpecialUp_Step0
0x0809DC78	thumb	MovementAction_JumpSpecialUp_Step1
0x0809DCA8	thumb	MovementAction_JumpSpecialLeft_Step0
0x0809DCF4	thumb	MovementAction_JumpSpecialLeft_Step1
0x0809DD24	thumb	MovementAction_JumpSpecialRight_Step0
0x0809DD70	thumb	MovementAction_JumpSpecialRight_Step1
0x0809DDA0	thumb	MovementAction_JumpSpecialWithEffectDown_Step0
0x0809DDE4	thumb	MovementAction_JumpSpecialWithEffectDown_Step1
0x0809DE08	thumb	MovementAction_JumpSpecialWithEffectUp_Step0
0x0809DE4C	thumb	MovementAction_JumpSpecialWithEffectUp_Step1
0x0809DE70	thumb	MovementAction_JumpSpecialWithEffectLeft_Step0
0x0809DEB4	thumb	MovementAction_JumpSpecialWithEffectLeft_Step1
0x0809DED8	thumb	MovementAction_JumpSpecialWithEffectRight_Step0
0x0809DF1C	thumb	MovementAction_JumpSpecialWithEffectRight_Step1
0x0809DF40	thumb	MovementAction_FacePlayer_Step0
0x0809DFA0	thumb	MovementAction_FaceAwayPlayer_Step0
0x0809E010	thumb	MovementAction_LockFacingDirection_Step0
0x0809E020	thumb	MovementAction_UnlockFacingDirection_Step0
0x0809E030	thumb	MovementAction_JumpDown_Step0
0x0809E070	thumb	MovementAction_JumpDown_Step1
0x0809E0A0	thumb	MovementAction_JumpUp_Step0
0x0809E0E0	thumb	MovementAction_JumpUp_Step1
0x0809E110	thumb	MovementAction_JumpLeft_Step0
0x0809E150	thumb	MovementAction_JumpLeft_Step1
0x0809E180	thumb	MovementAction_JumpRight_Step0
0x0809E1C0	thumb	MovementAction_JumpRight_Step1
0x0809E1F0	thumb	MovementAction_JumpInPlaceDown_Step0
0x0809E230	thumb	MovementAction_JumpInPlaceDown_Step1
0x0809E260	thumb	MovementAction_JumpInPlaceUp_Step0
0x0809E2A0	thumb	MovementAction_JumpInPlaceUp_Step1
0x0809E2D0	thumb	MovementAction_JumpInPlaceLeft_Step0
0x0809E310	thumb	MovementAction_JumpInPlaceLeft_Step1
0x0809E340	thumb	MovementAction_JumpInPlaceRight_Step0
0x0809E380	thumb	MovementAction_JumpInPlaceRight_Step1
0x0809E3B0	thumb	MovementAction_JumpInPlaceDownUp_Step0
0x0809E3E4	thumb	MovementAction_JumpInPlaceDownUp_Step1
0x0809E404	thumb	MovementAction_JumpInPlaceUpDown_Step0
0x0809E438	thumb	MovementAction_JumpInPlaceUpDown_Step1
0x0809E458	thumb	MovementAction_JumpInPlaceLeftRight_Step0
0x0809E48C	thumb	MovementAction_JumpInPlaceLeftRight_Step1
0x0809E4AC	thumb	MovementAction_JumpInPlaceRightLeft_Step0
0x0809E4E0	thumb	MovementAction_JumpInPlaceRightLeft_Step1
0x0809E500	thumb	MovementAction_FaceOriginalDirection_Step0
0x0809E518	thumb	MovementAction_NurseJoyBowDown_Step0
0x0809E568	thumb	MovementAction_EnableJumpLandingGroundEffect_Step0
0x0809E578	thumb	MovementAction_DisableJumpLandingGroundEffect_Step0
0x0809E588	thumb	MovementAction_DisableAnimation_Step0
0x0809E598	thumb	MovementAction_RestoreAnimation_Step0
0x0809E640	thumb	MovementAction_SetInvisible_Step0
0x0809E650	thumb	MovementAction_SetVisible_Step0
0x0809E660	thumb	MovementAction_EmoteExclamationMark_Step0
0x0809E688	thumb	MovementAction_EmoteQuestionMark_Step0
0x0809E6B0	thumb	MovementAction_EmoteX_Step0
0x0809E6D8	thumb	MovementAction_EmoteDoubleExclamationMark_Step0
0x0809E700	thumb	MovementAction_EmoteSmile_Step0
0x0809E728	thumb	MovementAction_RevealTrainer_Step0
0x0809E768	thumb	MovementAction_RevealTrainer_Step1
0x0809E780	thumb	MovementAction_RockSmashBreak_Step0
0x0809E7A8	thumb	MovementAction_RockSmashBreak_Step1
0x0809E7BC	thumb	MovementAction_RockSmashBreak_Step2
0x0809E7F8	thumb	MovementAction_CutTree_Step0
0x0809E820	thumb	MovementAction_CutTree_Step1
0x0809E834	thumb	MovementAction_CutTree_Step2
0x0809E870	thumb	MovementAction_SetFixedPriority_Step0
0x0809E880	thumb	MovementAction_ClearFixedPriority_Step0
0x0809E890	thumb	MovementAction_InitAffineAnim_Step0
0x0809E8C0	thumb	MovementAction_ClearAffineAnim_Step0
0x0809E8EC	thumb	MovementAction_WalkDownStartAffine_Step0
0x0809E92C	thumb	MovementAction_WalkDownStartAffine_Step1
0x0809E9B0	thumb	MovementAction_WalkDownAffine_Step0
0x0809E9F0	thumb	MovementAction_WalkDownAffine_Step1
0x0809EA74	thumb	AcroWheelieFaceDirection
0x0809EB04	thumb	MovementAction_AcroWheelieFaceDown_Step0
0x0809EB88	thumb	MovementAction_AcroWheelieFaceUp_Step0
0x0809EC0C	thumb	MovementAction_AcroWheelieFaceLeft_Step0
0x0809EC90	thumb	MovementAction_AcroWheelieFaceRight_Step0
0x0809ED14	thumb	MovementAction_AcroPopWheelieDown_Step0
0x0809ED64	thumb	MovementAction_AcroPopWheelieUp_Step0
0x0809EDB4	thumb	MovementAction_AcroPopWheelieLeft_Step0
0x0809EE04	thumb	MovementAction_AcroPopWheelieRight_Step0
0x0809EE54	thumb	MovementAction_AcroEndWheelieFaceDown_Step0
0x0809EEA4	thumb	MovementAction_AcroEndWheelieFaceUp_Step0
0x0809EEF4	thumb	MovementAction_AcroEndWheelieFaceLeft_Step0
0x0809EF44	thumb	MovementAction_AcroEndWheelieFaceRight_Step0
0x0809EF94	thumb	MovementAction_UnusedAcroActionDown_Step0
0x0809EFE4	thumb	MovementAction_UnusedAcroActionUp_Step0
0x0809F034	thumb	MovementAction_UnusedAcroActionLeft_Step0
0x0809F084	thumb	MovementAction_UnusedAcroActionRight_Step0
0x0809F0D4	thumb	InitAcroWheelieJump
0x0809F130	thumb	MovementAction_AcroWheelieHopFaceDown_Step0
0x0809F174	thumb	MovementAction_AcroWheelieHopFaceDown_Step1
0x0809F1A4	thumb	MovementAction_AcroWheelieHopFaceUp_Step0
0x0809F1E8	thumb	MovementAction_AcroWheelieHopFaceUp_Step1
0x0809F218	thumb	MovementAction_AcroWheelieHopFaceLeft_Step0
0x0809F25C	thumb	MovementAction_AcroWheelieHopFaceLeft_Step1
0x0809F28C	thumb	MovementAction_AcroWheelieHopFaceRight_Step0
0x0809F2D0	thumb	MovementAction_AcroWheelieHopFaceRight_Step1
0x0809F300	thumb	MovementAction_AcroWheelieHopDown_Step0
0x0809F340	thumb	MovementAction_AcroWheelieHopDown_Step1
0x0809F370	thumb	MovementAction_AcroWheelieHopUp_Step0
0x0809F3B0	thumb	MovementAction_AcroWheelieHopUp_Step1
0x0809F3E0	thumb	MovementAction_AcroWheelieHopLeft_Step0
0x0809F420	thumb	MovementAction_AcroWheelieHopLeft_Step1
0x0809F450	thumb	MovementAction_AcroWheelieHopRight_Step0
0x0809F490	thumb	MovementAction_AcroWheelieHopRight_Step1
0x0809F4C0	thumb	MovementAction_AcroWheelieJumpDown_Step0
0x0809F504	thumb	MovementAction_AcroWheelieJumpDown_Step1
0x0809F534	thumb	MovementAction_AcroWheelieJumpUp_Step0
0x0809F578	thumb	MovementAction_AcroWheelieJumpUp_Step1
0x0809F5A8	thumb	MovementAction_AcroWheelieJumpLeft_Step0
0x0809F5EC	thumb	MovementAction_AcroWheelieJumpLeft_Step1
0x0809F61C	thumb	MovementAction_AcroWheelieJumpRight_Step0
0x0809F660	thumb	MovementAction_AcroWheelieJumpRight_Step1
0x0809F690	thumb	MovementAction_AcroWheelieInPlaceDown_Step0
0x0809F6E0	thumb	MovementAction_AcroWheelieInPlaceUp_Step0
0x0809F730	thumb	MovementAction_AcroWheelieInPlaceLeft_Step0
0x0809F780	thumb	MovementAction_AcroWheelieInPlaceRight_Step0
0x0809F7D0	thumb	InitAcroPopWheelie
0x0809F888	thumb	MovementAction_AcroPopWheelieMoveDown_Step0
0x0809F914	thumb	MovementAction_AcroPopWheelieMoveDown_Step1
0x0809F92C	thumb	MovementAction_AcroPopWheelieMoveUp_Step0
0x0809F9B8	thumb	MovementAction_AcroPopWheelieMoveUp_Step1
0x0809F9D0	thumb	MovementAction_AcroPopWheelieMoveLeft_Step0
0x0809FA5C	thumb	MovementAction_AcroPopWheelieMoveLeft_Step1
0x0809FA74	thumb	MovementAction_AcroPopWheelieMoveRight_Step0
0x0809FB00	thumb	MovementAction_AcroPopWheelieMoveRight_Step1
0x0809FB18	thumb	InitAcroWheelieMove
0x0809FBD4	thumb	MovementAction_AcroWheelieMoveDown_Step0
0x0809FC5C	thumb	MovementAction_AcroWheelieMoveDown_Step1
0x0809FC74	thumb	MovementAction_AcroWheelieMoveUp_Step0
0x0809FCFC	thumb	MovementAction_AcroWheelieMoveUp_Step1
0x0809FD14	thumb	MovementAction_AcroWheelieMoveLeft_Step0
0x0809FD9C	thumb	MovementAction_AcroWheelieMoveLeft_Step1
0x0809FDB4	thumb	MovementAction_AcroWheelieMoveRight_Step0
0x0809FE3C	thumb	MovementAction_AcroWheelieMoveRight_Step1
0x0809FE54	thumb	InitSpin
0x0809FF18	thumb	MovementAction_SpinDown_Step0
0x0809FFA8	thumb	MovementAction_SpinDown_Step1
0x0809FFC0	thumb	MovementAction_SpinUp_Step0
0x080A0050	thumb	MovementAction_SpinUp_Step1
0x080A0068	thumb	MovementAction_SpinLeft_Step0
0x080A00F8	thumb	MovementAction_SpinLeft_Step1
0x080A0110	thumb	MovementAction_SpinRight_Step0
0x080A01A0	thumb	MovementAction_SpinRight_Step1
0x080A01B8	thumb	MovementAction_RaiseHand_Step0
0x080A01EC	thumb	MovementAction_RaiseHandAndStop_Step1
0x080A01F8	thumb	MovementAction_RaiseHandAndJump_Step1
0x080A02D4	thumb	MovementAction_RaiseHandAndSwim_Step1
0x080A02F4	thumb	MovementAction_ShakeHeadOrWalkInPlace_Step0
0x080A0320	thumb	MovementAction_ShakeHeadOrWalkInPlace_Step1
0x080A032C	thumb	MovementAction_Finish
0x080A0330	thumb	MovementAction_PauseSpriteAnim
0x080A0340	thumb	MovementAction_FlyUp_Step0
0x080A0350	thumb	MovementAction_FlyUp_Step1
0x080A0368	thumb	MovementAction_FlyDown_Step0
0x080A0378	thumb	MovementAction_FlyDown_Step1
0x080A0390	thumb	MovementAction_FlyUp_Step2
0x080A0394	thumb	UpdateObjectEventSpriteAnimPause
0x080A03C4	thumb	TryEnableObjectEventAnim
0x080A03E4	thumb	UpdateObjectEventVisibility
0x080A040C	thumb	CalcWhetherObjectIsOffscreen
0x080A051C	thumb	UpdateObjEventSpriteVisibility
0x080A053C	thumb	GetAllGroundEffectFlags_OnSpawn
0x080A05F0	thumb	GetAllGroundEffectFlags_OnBeginStep
0x080A06D0	thumb	GetAllGroundEffectFlags_OnFinishStep
0x080A0770	thumb	ObjectEventUpdateMetatileBehaviors
0x080A079C	thumb	GetGroundEffectFlags_Reflection
0x080A07E4	thumb	GetGroundEffectFlags_TallGrassOnSpawn
0x080A0804	thumb	GetGroundEffectFlags_TallGrassOnBeginStep
0x080A0824	thumb	GetGroundEffectFlags_LongGrassOnSpawn
0x080A0844	thumb	GetGroundEffectFlags_LongGrassOnBeginStep
0x080A0864	thumb	GetGroundEffectFlags_Tracks
0x080A08A8	thumb	GetGroundEffectFlags_SandHeap
0x080A08EC	thumb	GetGroundEffectFlags_ShallowFlowingWater
0x080A0948	thumb	GetGroundEffectFlags_Puddle
0x080A0978	thumb	GetGroundEffectFlags_Ripple
0x080A0998	thumb	GetGroundEffectFlags_ShortGrass
0x080A09DC	thumb	GetGroundEffectFlags_HotSprings
0x080A0A20	thumb	GetGroundEffectFlags_Seaweed
0x080A0A40	thumb	GetGroundEffectFlags_JumpLanding
0x080A0A98	thumb	ObjectEventCheckForReflectiveSurface
0x080A0B14	thumb	GetReflectionTypeByMetatileBehavior
0x080A0B3C	thumb	GetLedgeJumpDirection
0x080A0B84	thumb	SetObjectEventSpriteOamTableForLongGrass
0x080A0BD8	thumb	IsElevationMismatchAt
0x080A0C18	thumb	UpdateObjectEventElevationAndPriority
0x080A0C60	thumb	InitObjectPriorityByElevation
0x080A0C9C	thumb	ElevationToPriority
0x080A0CAC	thumb	ObjectEventUpdateElevation
0x080A0CF8	thumb	SetObjectSubpriorityByElevation
0x080A0D38	thumb	ObjectEventUpdateSubpriority
0x080A0D78	thumb	AreElevationsCompatible
0x080A0D98	thumb	GroundEffect_SpawnOnTallGrass
0x080A0DF0	thumb	GroundEffect_StepOnTallGrass
0x080A0E44	thumb	GroundEffect_SpawnOnLongGrass
0x080A0E90	thumb	GroundEffect_StepOnLongGrass
0x080A0EDC	thumb	GroundEffect_WaterReflection
0x080A0EE8	thumb	GroundEffect_IceReflection
0x080A0EF4	thumb	GroundEffect_FlowingWater
0x080A0F14	thumb	GroundEffect_SandTracks
0x080A0F3C	thumb	GroundEffect_DeepSandTracks
0x080A0F64	thumb	DoTracksGroundEffect_None
0x080A0F68	thumb	DoTracksGroundEffect_Footprints
0x080A0FAC	thumb	DoTracksGroundEffect_BikeTireTracks
0x080A0FF8	thumb	GroundEffect_Ripple
0x080A1034	thumb	GroundEffect_StepOnPuddle
0x080A1054	thumb	GroundEffect_SandHeap
0x080A1074	thumb	GroundEffect_JumpOnTallGrass
0x080A10C8	thumb	GroundEffect_JumpOnLongGrass
0x080A10F0	thumb	GroundEffect_JumpOnShallowWater
0x080A1120	thumb	GroundEffect_JumpOnWater
0x080A1150	thumb	GroundEffect_JumpLandingDust
0x080A1180	thumb	GroundEffect_ShortGrass
0x080A11A0	thumb	GroundEffect_HotSprings
0x080A11C0	thumb	GroundEffect_Seaweed
0x080A11E0	thumb	DoFlaggedGroundEffects
0x080A1240	thumb	filters_out_some_ground_effects
0x080A125C	thumb	FilterOutStepOnPuddleGroundEffectIfJumping
0x080A1270	thumb	DoGroundEffects_OnSpawn
0x080A12F0	thumb	DoGroundEffects_OnBeginStep
0x080A1304	thumb	DoGroundEffects_OnFinishStep
0x080A1318	thumb	FreezeObjectEvent
0x080A1374	thumb	FreezeObjectEvents
0x080A1428	thumb	FreezeObjectEventsExceptOne
0x080A14F0	thumb	UnfreezeObjectEvent
0x080A1538	thumb	UnfreezeObjectEvents
0x080A15CC	thumb	Step1
0x080A15F0	thumb	Step2
0x080A1618	thumb	Step3
0x080A1644	thumb	Step4
0x080A166C	thumb	Step8
0x080A1694	thumb	SetSpriteDataForNormalStep
0x080A16A8	thumb	NpcTakeStep
0x080A1704	thumb	SetWalkSlowerSpriteData
0x080A1714	thumb	UpdateWalkSlowerAnim
0x080A1760	thumb	SetWalkSlowSpriteData
0x080A1770	thumb	UpdateWalkSlowAnim
0x080A17C4	thumb	SetWalkSlowestSpriteData
0x080A17D4	thumb	UpdateWalkSlowestAnim
0x080A1824	thumb	SetRunSlowSpriteData
0x080A1834	thumb	UpdateRunSlowAnim
0x080A18A0	thumb	GetJumpY
0x080A18B4	thumb	SetJumpSpriteData
0x080A18CC	thumb	DoJumpSpriteMovement
0x080A1958	thumb	DoJumpSpecialSpriteMovement
0x080A19F8	thumb	SetMovementDelay
0x080A19FC	thumb	WaitForMovementDelay
0x080A1A10	thumb	SetAndStartSpriteAnim
0x080A1A30	thumb	SpriteAnimEnded
0x080A1A3C	thumb	UpdateObjectEventSpriteInvisibility
0x080A1B0C	thumb	SpriteCB_VirtualObject
0x080A1B5C	thumb	DestroyVirtualObjects
0x080A1BBC	thumb	GetVirtualObjectSpriteId
0x080A1C04	thumb	TurnVirtualObject
0x080A1C60	thumb	SetVirtualObjectGraphics
0x080A1D84	thumb	SetVirtualObjectInvisibility
0x080A1DDC	thumb	IsVirtualObjectInvisible
0x080A1E34	thumb	SetVirtualObjectSpriteAnim
0x080A1E8C	thumb	MoveUnionRoomObjectUp
0x080A1EC0	thumb	MoveUnionRoomObjectDown
0x080A1EE8	thumb	VirtualObject_UpdateAnim
0x080A1F74	thumb	IsVirtualObjectAnimating
0x080A1FC8	thumb	StartFieldEffectForObjectEvent
0x080A1FE8	thumb	DoShadowFieldEffect
0x080A2014	thumb	DoRippleFieldEffect
0x080A2050	thumb	SetObjectMovementType
0x080A20B8	thumb	TemplateIsObstacleAndWithinView.part.0
0x080A2100	thumb	UpdateObjectEventCoordsForCameraUpdate.part.0
0x080A2154	thumb	TryGetTrainerEncounterDirection.part.0
0x080A21B4	thumb	SetStepAnimHandleAlternation.part.0
0x080A2200	thumb	DoGroundEffects_OnBeginStep.part.0
0x080A228C	thumb	DoGroundEffects_OnFinishStep.part.0
0x080A231C	thumb	SpriteCallbackDummy_EvoSparkles
0x080A2320	thumb	SetEvoSparklesMatrices
0x080A234C	thumb	SpriteCB_PreEvoSparkleSet1
0x080A2400	thumb	CreatePreEvoSparkleSet1
0x080A2454	thumb	SpriteCB_PreEvoSparkleSet2
0x080A24C4	thumb	CreatePreEvoSparkleSet2
0x080A2520	thumb	SpriteCB_PostEvoSparkleSet1
0x080A2564	thumb	CreatePostEvoSparkleSet1
0x080A25C8	thumb	SpriteCB_PostEvoSparkleSet2
0x080A2674	thumb	CreatePostEvoSparkleSet2
0x080A26E4	thumb	LoadEvoSparkleSpriteAndPal
0x080A2700	thumb	EvolutionSparkles_SpiralUpward
0x080A2728	thumb	EvoTask_PreEvoSparkleSet1Init
0x080A2790	thumb	EvoTask_CreatePreEvoSparkleSet1
0x080A2800	thumb	EvoTask_WaitForPre1SparklesToGoUp
0x080A282C	thumb	EvolutionSparkles_ArcDown
0x080A2840	thumb	EvoTask_PreEvoSparkleSet2Init
0x080A2890	thumb	EvoTask_CreatePreEvoSparklesSet2
0x080A28E4	thumb	EvoTask_PreEvoSparkleSet2Teardown
0x080A28F4	thumb	EvolutionSparkles_CircleInward
0x080A2908	thumb	EvoTask_PostEvoSparklesSet1Init
0x080A2958	thumb	EvoTask_CreatePostEvoSparklesSet1
0x080A29EC	thumb	EvoTask_PostEvoSparklesSet1Teardown
0x080A29FC	thumb	EvolutionSparkles_SprayAndFlash
0x080A2A24	thumb	EvoTask_PostEvoSparklesSet2Init
0x080A2AA0	thumb	EvoTask_CreatePostEvoSparklesSet2
0x080A2B30	thumb	EvoTask_PostEvoSparklesSet2Teardown
0x080A2B4C	thumb	EvolutionSparkles_SprayAndFlash_Trade
0x080A2B74	thumb	EvoTask_PostEvoSparklesSet2TradeInit
0x080A2BF0	thumb	EvoTask_CreatePostEvoSparklesSet2Trade
0x080A2C80	thumb	SpriteCallbackDummy_MonSprites
0x080A2C84	thumb	CycleEvolutionMonSprite
0x080A2DA8	thumb	EvoTask_PrePostEvoMonSpritesInit
0x080A2DCC	thumb	EvoTask_ChooseNextEvoSpriteAnim
0x080A2E18	thumb	EvoTask_ShrinkOrExpandEvoSprites
0x080A2F74	thumb	PreEvoInvisible_PostEvoVisible_KillTask
0x080A2FD8	thumb	PreEvoVisible_PostEvoInvisible_KillTask
0x080A303C	thumb	CB2_BeginEvolutionScene
0x080A304C	thumb	Task_BeginEvolutionScene
0x080A30C0	thumb	BeginEvolutionScene
0x080A3104	thumb	EvolutionScene
0x080A33E4	thumb	CB2_EvolutionSceneLoadGraphics
0x080A35C0	thumb	CB2_TradeEvolutionSceneLoadGraphics
0x080A37C8	thumb	TradeEvolutionScene
0x080A3978	thumb	CB2_EvolutionSceneUpdate
0x080A3994	thumb	CB2_TradeEvolutionSceneUpdate
0x080A39B0	thumb	CreateShedinja
0x080A3B64	thumb	Task_EvolutionScene
0x080A44A4	thumb	Task_TradeEvolutionScene
0x080A4CF8	thumb	EvoDummyFunc
0x080A4CFC	thumb	VBlankCB_EvolutionScene
0x080A4D84	thumb	VBlankCB_TradeEvolutionScene
0x080A4D90	thumb	Task_UpdateBgPalette
0x080A4E40	thumb	CreateBgAnimTask
0x080A4E6C	thumb	Task_AnimateBg
0x080A4F38	thumb	InitMovingBgPalette
0x080A4F88	thumb	StartBgAnimation
0x080A5124	thumb	IsMovingBackgroundTaskRunning
0x080A5154	thumb	StopBgAnimation
0x080A518C	thumb	RestoreBgAfterAnim
0x080A51F8	thumb	FC_VBlankCallback
0x080A520C	thumb	MainCB2_FameCheckerMain
0x080A5224	thumb	UseFameChecker
0x080A5264	thumb	MainCB2_LoadFameChecker
0x080A54DC	thumb	LoadUISpriteSheetsAndPalettes
0x080A54F8	thumb	Task_WaitFadeOnInit
0x080A5520	thumb	Task_TopMenuHandleInput
0x080A57CC	thumb	TryExitPickMode
0x080A5884	thumb	MessageBoxPrintEmptyText
0x080A58AC	thumb	Task_EnterPickMode
0x080A590C	thumb	Task_ExitPickMode
0x080A59EC	thumb	Task_FlavorTextDisplayHandleInput
0x080A5C18	thumb	FC_MoveSelectorCursor
0x080A5D34	thumb	GetPickModeText
0x080A5E1C	thumb	PrintSelectedNameInBrightGreen
0x080A5EC8	thumb	WipeMsgBoxAndTransfer
0x080A5EF4	thumb	Setup_DrawMsgAndListBoxes
0x080A5F24	thumb	FC_PutWindowTilemapAndCopyWindowToVramMode3
0x080A5F40	thumb	SetMessageSelectorIconObjMode
0x080A5F74	thumb	Task_StartToCloseFameChecker
0x080A5FB0	thumb	Task_DestroyAssetsAndCloseFameChecker
0x080A617C	thumb	FC_DestroyWindow
0x080A61A4	thumb	AdjustGiovanniIndexIfBeatenInGym
0x080A61D0	thumb	PrintUIHelp
0x080A6258	thumb	DestroyAllFlavorTextIcons
0x080A6288	thumb	CreateAllFlavorTextIcons
0x080A63C8	thumb	ResetFameChecker
0x080A63FC	thumb	FullyUnlockFameChecker
0x080A6434	thumb	FCSetup_ClearVideoRegisters
0x080A6564	thumb	FCSetup_ResetTasksAndSpriteResources
0x080A6590	thumb	FCSetup_TurnOnDisplay
0x080A65A0	thumb	FCSetup_ResetBGCoords
0x080A65F8	thumb	SetFlavorTextFlagFromSpecialVars
0x080A6654	thumb	UpdatePickStateFromSpecialVar8005
0x080A66B0	thumb	HasUnlockedAllFlavorTextsForCurrentPerson
0x080A6714	thumb	CheckFilledFameCheckerFor0x8004
0x080A6760	thumb	FreeSelectionCursorSpriteResources
0x080A6778	thumb	CreateFlavorTextIconSelectorCursorSprite
0x080A67B0	thumb	SpriteCB_DestroyFlavorTextIconSelectorCursor
0x080A67BC	thumb	FreeQuestionMarkSpriteResources
0x080A67CC	thumb	PlaceQuestionMarkTile
0x080A6804	thumb	FreeSpinningPokeballSpriteResources
0x080A681C	thumb	CreateSpinningPokeballSprite
0x080A6834	thumb	SpriteCB_DestroySpinningPokeball
0x080A6848	thumb	FreeNonTrainerPicTiles
0x080A6874	thumb	SpriteCB_FCSpinningPokeball
0x080A68B0	thumb	CreatePersonPicSprite
0x080A69C4	thumb	DestroyPersonPicSprite
0x080A6A38	thumb	UpdateIconDescriptionBox
0x080A6B54	thumb	UpdateIconDescriptionBoxOff
0x080A6B7C	thumb	FC_CreateListMenu
0x080A6BC0	thumb	InitListMenuTemplate
0x080A6BF4	thumb	FC_MoveCursorFunc
0x080A6D98	thumb	Task_SwitchToPickMode
0x080A6DEC	thumb	PrintCancelDescription
0x080A6E38	thumb	FC_DoMoveCursor
0x080A6F3C	thumb	FC_PopulateListMenu
0x080A707C	thumb	FC_PutWindowTilemapAndCopyWindowToVramMode3_2
0x080A7098	thumb	FC_CreateScrollIndicatorArrowPair
0x080A70D4	thumb	FreeListMenuSelectorArrowPairResources
0x080A70F0	thumb	FameCheckerGetCursorY
0x080A7120	thumb	HandleFlavorTextModeSwitch
0x080A7144	thumb	Task_FCOpenOrCloseInfoBox
0x080A71A8	thumb	UpdateInfoBoxTilemap
0x080A74D0	thumb	PlaceListMenuCursor
0x080A7520	thumb	HandleFlavorTextModeSwitch.part.0
0x080A7584	thumb	GetMewObjectEventId
0x080A75AC	thumb	GetMewMoveDirection
0x080A80F4	thumb	CanMewMoveToCoords
0x080A813C	thumb	GetValidMewMoveDirection
0x080A8380	thumb	UpdateFarawayIslandStepCounter
0x080A83C8	thumb	ObjectEventIsFarawayIslandMew
0x080A83EC	thumb	IsMewPlayingHideAndSeek
0x080A8428	thumb	ShouldMewShakeGrass
0x080A8454	thumb	SetMewAboveGrass
0x080A85B8	thumb	DestroyMewEmergingGrassSprite
0x080A85DC	thumb	ShouldMewMoveNorth
0x080A864C	thumb	ShouldMewMoveEast
0x080A86BC	thumb	ShouldMewMoveSouth
0x080A872C	thumb	ShouldMewMoveWest
0x080A879C	thumb	GetRandomMewDirectionCandidate
0x080A87C0	thumb	move_tilemap_camera_to_upper_left_corner_
0x080A87CC	thumb	tilemap_move_something
0x080A87E0	thumb	coords8_add
0x080A87F0	thumb	move_tilemap_camera_to_upper_left_corner
0x080A8800	thumb	FieldUpdateBgTilemapScroll
0x080A8864	thumb	FieldCameraGetPixelOffsetAtGround
0x080A8890	thumb	DrawWholeMapView
0x080A88B4	thumb	DrawWholeMapViewInternal
0x080A8934	thumb	RedrawMapSlicesForCameraUpdate
0x080A8980	thumb	RedrawMapSliceNorth
0x080A89E8	thumb	RedrawMapSliceSouth
0x080A8A3C	thumb	RedrawMapSliceEast
0x080A8A8C	thumb	RedrawMapSliceWest
0x080A8AF4	thumb	CurrentMapDrawMetatileAt
0x080A8B50	thumb	DrawDoorMetatileAt
0x080A8BA4	thumb	DrawMetatileAt
0x080A8C18	thumb	DrawMetatile
0x080A8D08	thumb	MapPosToBgTilemapOffset
0x080A8D54	thumb	CameraUpdateCallback
0x080A8D78	thumb	ResetCameraUpdateInfo
0x080A8D90	thumb	InitCameraUpdateCallback
0x080A8DD0	thumb	CameraUpdate
0x080A9114	thumb	MoveCameraAndRedrawMap
0x080A9168	thumb	CameraUpdateNoObjectRefresh
0x080A945C	thumb	SetCameraPanningCallback
0x080A9468	thumb	SetCameraPanning
0x080A947C	thumb	InstallCameraPanAheadCallback
0x080A94A8	thumb	UpdateCameraPanning
0x080A94F4	thumb	CameraPanningCB_PanAhead
0x080A9590	thumb	FieldClearPlayerInput
0x080A95A0	thumb	FieldGetPlayerInput
0x080A9740	thumb	QuestLogOverrideJoyVars
0x080A97AC	thumb	ProcessPlayerFieldInput
0x080A9B18	thumb	FieldInput_HandleCancelSignpost
0x080A9BC8	thumb	Task_QuestLogPlayback_OpenStartMenu
0x080A9BF0	thumb	GetPlayerPosition
0x080A9C08	thumb	GetInFrontOfPlayerPosition
0x080A9C48	thumb	GetPlayerCurMetatileBehavior
0x080A9C74	thumb	TryStartInteractionScript
0x080A9CB4	thumb	GetInteractionScript
0x080A9CFC	thumb	GetInteractedLinkPlayerScript
0x080A9DA4	thumb	GetInteractedObjectEventScript
0x080A9E80	thumb	GetInteractedBackgroundEventScript
0x080A9F80	thumb	GetInteractedMetatileScript
0x080AA268	thumb	GetInteractedWaterScript
0x080AA2E8	thumb	TryStartStepBasedScript
0x080AA35C	thumb	TryStartCoordEventScript
0x080AA38C	thumb	TryStartMiscWalkingScripts
0x080AA390	thumb	TryStartStepCountScript
0x080AA428	thumb	Unref_ClearHappinessStepCounter
0x080AA43C	thumb	UpdateHappinessStepCounter
0x080AA474	thumb	ClearPoisonStepCounter
0x080AA488	thumb	UpdatePoisonStepCounter
0x080AA4CC	thumb	RestartWildEncounterImmunitySteps
0x080AA4D8	thumb	ShouldDisableRandomEncounters
0x080AA4DC	thumb	CheckStandardWildEncounter
0x080AA4E0	thumb	TrySetUpWalkIntoSignpostScript
0x080AA5CC	thumb	GetFacingSignpostType
0x080AA638	thumb	SetUpWalkIntoSignScript
0x080AA658	thumb	GetSignpostScriptAtMapPosition
0x080AA6B4	thumb	TryArrowWarp
0x080AA748	thumb	TryStartWarpEventScript
0x080AA808	thumb	IsWarpMetatileBehavior
0x080AA874	thumb	IsDirectionalStairWarpMetatileBehavior
0x080AA8C8	thumb	IsArrowWarpMetatileBehavior
0x080AA914	thumb	GetWarpEventAtMapPosition
0x080AA970	thumb	SetupWarp
0x080AA9EC	thumb	TryDoorWarp
0x080AAA48	thumb	GetWarpEventAtPosition
0x080AAAA0	thumb	TryRunCoordEventScript
0x080AAADC	thumb	GetCoordEventScriptAtPosition
0x080AAB3C	thumb	HandleBoulderFallThroughHole
0x080AAB80	thumb	HandleBoulderActivateVictoryRoadSwitch
0x080AABE4	thumb	GetCoordEventScriptAtMapPosition
0x080AAC08	thumb	GetBackgroundEventAtPosition
0x080AAC50	thumb	dive_warp
0x080AACC4	thumb	TrySetDiveWarp
0x080AAD4C	thumb	GetObjectEventScriptPointerPlayerFacing
0x080AADB0	thumb	SetCableClubWarp
0x080AAE4C	thumb	EnableAutoRun
0x080AAE94	thumb	SwitchBikeGears
0x080AAEC0	thumb	TrySetupDiveDownScript
0x080AAEEC	thumb	TrySetupDiveEmergeScript
0x080AAF5C	thumb	DrawDoor
0x080AAFB0	thumb	DrawClosedDoorTiles
0x080AAFD4	thumb	CopyDoorTilesToVram
0x080AAFE8	thumb	DrawCurrentDoorAnimFrame
0x080AB030	thumb	BuildDoorTiles
0x080AB060	thumb	Task_AnimateDoor
0x080AB0D8	thumb	AnimateDoorFrame
0x080AB130	thumb	GetDoorGraphics
0x080AB150	thumb	StartDoorAnimationTask
0x080AB1AC	thumb	DrawClosedDoor
0x080AB1D0	thumb	DrawOpenedDoor
0x080AB228	thumb	GetLastDoorAnimFrame
0x080AB240	thumb	AnimateDoorOpenInternal
0x080AB2E8	thumb	StartDoorCloseAnimation
0x080AB390	thumb	FieldSetDoorOpened
0x080AB3C4	thumb	FieldSetDoorClosed
0x080AB3F4	thumb	FieldAnimateDoorClose
0x080AB42C	thumb	FieldAnimateDoorOpen
0x080AB464	thumb	FieldIsDoorAnimationRunning
0x080AB474	thumb	GetDoorSoundEffect
0x080AB4AC	thumb	GetDoorSoundType
0x080AB4E4	thumb	SetUpReflection
0x080AB5AC	thumb	GetReflectionVerticalOffset
0x080AB5C0	thumb	LoadObjectReflectionPalette
0x080AB640	thumb	LoadObjectRegularReflectionPalette
0x080AB694	thumb	LoadObjectHighBridgeReflectionPalette
0x080AB6C0	thumb	UpdateObjectReflectionSprite
0x080AB81C	thumb	CreateWarpArrowSprite
0x080AB860	thumb	SetSpriteInvisible
0x080AB87C	thumb	ShowWarpArrowSprite
0x080AB91C	thumb	FldEff_Shadow
0x080AB9B4	thumb	UpdateShadowFieldEffect
0x080ABA70	thumb	FldEff_TallGrass
0x080ABB54	thumb	UpdateTallGrassFieldEffect
0x080ABC50	thumb	FldEff_JumpTallGrass
0x080ABCB8	thumb	FindTallGrassFieldEffectSpriteId
0x080ABD50	thumb	FldEff_LongGrass
0x080ABDF0	thumb	UpdateLongGrassFieldEffect
0x080ABEE4	thumb	FldEff_JumpLongGrass
0x080ABF50	thumb	FldEff_ShortGrass
0x080ABFD4	thumb	UpdateShortGrassFieldEffect
0x080AC0C0	thumb	FldEff_SandFootprints
0x080AC134	thumb	FldEff_DeepSandFootprints
0x080AC1AC	thumb	FldEff_BikeTireTracks
0x080AC224	thumb	UpdateFootprintsTireTracksFieldEffect
0x080AC23C	thumb	FadeFootprintsTireTracks_Step0
0x080AC25C	thumb	FadeFootprintsTireTracks_Step1
0x080AC2A4	thumb	FldEff_Splash
0x080AC33C	thumb	UpdateSplashFieldEffect
0x080AC3A8	thumb	FldEff_JumpSmallSplash
0x080AC414	thumb	FldEff_JumpBigSplash
0x080AC480	thumb	FldEff_FeetInFlowingWater
0x080AC544	thumb	UpdateFeetInFlowingWaterFieldEffect
0x080AC5D8	thumb	FldEff_Ripple
0x080AC634	thumb	FldEff_HotSpringsWater
0x080AC6B8	thumb	UpdateHotSpringsWaterFieldEffect
0x080AC750	thumb	FldEff_UnusedGrass
0x080AC7B8	thumb	FldEff_UnusedGrass2
0x080AC820	thumb	FldEff_UnusedSand
0x080AC888	thumb	FldEff_UnusedWaterSurfacing
0x080AC8F0	thumb	StartAshFieldEffect
0x080AC924	thumb	FldEff_Ash
0x080AC9A8	thumb	UpdateAshFieldEffect
0x080AC9C0	thumb	UpdateAshFieldEffect_Step0
0x080AC9E8	thumb	UpdateAshFieldEffect_Step1
0x080ACA40	thumb	UpdateAshFieldEffect_Step2
0x080ACA64	thumb	FldEff_SurfBlob
0x080ACAD0	thumb	SetSurfBlob_BobState
0x080ACAF0	thumb	SetSurfBlob_DontSyncAnim
0x080ACB14	thumb	SetSurfBlob_PlayerOffset
0x080ACB48	thumb	GetSurfBlob_BobState
0x080ACB50	thumb	GetSurfBlob_DontSyncAnim
0x080ACB58	thumb	GetSurfBlob_HasPlayerOffset
0x080ACB60	thumb	UpdateSurfBlobFieldEffect
0x080ACBEC	thumb	SynchroniseSurfAnim
0x080ACC20	thumb	SynchroniseSurfPosition
0x080ACC94	thumb	CreateBobbingEffect
0x080ACD1C	thumb	StartUnderwaterSurfBlobBobbing
0x080ACD60	thumb	SpriteCB_UnderwaterSurfBlob
0x080ACD9C	thumb	FldEff_Dust
0x080ACE08	thumb	FldEff_SandPile
0x080ACEA8	thumb	UpdateSandPileFieldEffect
0x080ACF5C	thumb	FldEff_Bubbles
0x080ACFBC	thumb	UpdateBubblesFieldEffect
0x080ACFF8	thumb	FldEff_BerryTreeGrowthSparkle
0x080ACFFC	thumb	ShowTreeDisguiseFieldEffect
0x080AD00C	thumb	ShowMountainDisguiseFieldEffect
0x080AD01C	thumb	ShowSandDisguiseFieldEffect
0x080AD02C	thumb	ShowDisguiseFieldEffect
0x080AD0B8	thumb	UpdateDisguiseFieldEffect
0x080AD198	thumb	StartRevealDisguise
0x080AD1B8	thumb	UpdateRevealDisguise
0x080AD1F4	thumb	FldEff_Sparkle
0x080AD264	thumb	UpdateSparkleFieldEffect
0x080AD2A0	thumb	UpdateJumpImpactEffect
0x080AD2D4	thumb	WaitFieldEffectSpriteAnim
0x080AD2F4	thumb	UpdateGrassFieldEffectSubpriority
0x080AD434	thumb	FieldEffectStart
0x080AD488	thumb	FieldEffectCmd_loadtiles
0x080AD49C	thumb	FieldEffectCmd_loadfadedpal
0x080AD4B0	thumb	FieldEffectCmd_loadpal
0x080AD4C4	thumb	FieldEffectCmd_callnative
0x080AD4F8	thumb	FieldEffectCmd_end
0x080AD4FC	thumb	FieldEffectCmd_loadgfx_callnative
0x080AD53C	thumb	FieldEffectCmd_loadtiles_callnative
0x080AD578	thumb	FieldEffectCmd_loadfadedpal_callnative
0x080AD5B4	thumb	FieldEffectScript_ReadWord
0x080AD5CC	thumb	FieldEffectScript_LoadTiles
0x080AD60C	thumb	ApplyGlobalFieldPaletteTint
0x080AD670	thumb	FieldEffectScript_LoadFadedPal
0x080AD71C	thumb	FieldEffectScript_LoadPal
0x080AD760	thumb	FieldEffectScript_CallNative
0x080AD790	thumb	FieldEffectFreeGraphicsResources
0x080AD7B0	thumb	FieldEffectStop
0x080AD7F0	thumb	FieldEffectFreeTilesIfUnused
0x080AD840	thumb	FieldEffectFreePaletteIfUnused
0x080AD88C	thumb	FieldEffectActiveListClear
0x080AD8A0	thumb	FieldEffectActiveListAdd
0x080AD8C0	thumb	FieldEffectActiveListRemove
0x080AD8E0	thumb	FieldEffectActiveListContains
0x080AD904	thumb	CreateTrainerSprite
0x080AD984	thumb	LoadTrainerGfx_TrainerCard
0x080AD9B4	thumb	AddNewGameBirchObject
0x080AD9E4	thumb	CreateMonSprite_PicBox
0x080ADA40	thumb	CreateMonSprite_FieldMove
0x080ADAAC	thumb	FreeResourcesAndDestroySprite
0x080ADAD8	thumb	MultiplyInvertedPaletteRGBComponents
0x080ADB34	thumb	MultiplyPaletteRGBComponents
0x080ADB84	thumb	CountAliveMonsInNuzlocke
0x080ADBD0	thumb	FldEff_PokecenterHeal
0x080ADC48	thumb	Task_PokecenterHeal
0x080ADC74	thumb	PokecenterHealEffect_Init
0x080ADCF4	thumb	PokecenterHealEffect_WaitForBallPlacement
0x080ADD28	thumb	PokecenterHealEffect_WaitForBallFlashing
0x080ADD4C	thumb	PokecenterHealEffect_WaitForSoundAndEnd
0x080ADD9C	thumb	FldEff_HallOfFameRecord
0x080ADDD0	thumb	Task_HallOfFameRecord
0x080ADDFC	thumb	HallOfFameRecordEffect_Init
0x080ADE48	thumb	HallOfFameRecordEffect_WaitForBallPlacement
0x080ADE88	thumb	HallOfFameRecordEffect_WaitForBallFlashing
0x080ADEAC	thumb	HallOfFameRecordEffect_WaitForSoundAndEnd
0x080ADEFC	thumb	CreateGlowingPokeballsEffect
0x080ADF4C	thumb	SpriteCB_PokeballGlowEffect
0x080ADF64	thumb	PokeballGlowEffect_PlaceBalls
0x080ADFF8	thumb	PokeballGlowEffect_TryPlaySe
0x080AE028	thumb	PokeballGlowEffect_FlashFirstThree
0x080AE15C	thumb	PokeballGlowEffect_FlashLast
0x080AE248	thumb	PokeballGlowEffect_WaitAfterFlash
0x080AE25C	thumb	PokeballGlowEffect_Dummy
0x080AE264	thumb	PokeballGlowEffect_WaitForSound
0x080AE288	thumb	PokeballGlowEffect_Idle
0x080AE28C	thumb	SpriteCB_PokeballGlow
0x080AE2C8	thumb	CreatePokecenterMonitorSprite
0x080AE308	thumb	SpriteCB_PokecenterMonitor
0x080AE35C	thumb	CreateHofMonitorSprite
0x080AE378	thumb	SpriteCB_HallOfFameMonitor
0x080AE3A4	thumb	ReturnToFieldFromFlyMapSelect
0x080AE3C4	thumb	FieldCallback_UseFly
0x080AE3EC	thumb	Task_UseFly
0x080AE47C	thumb	FieldCallback_FlyIntoMap
0x080AE4D4	thumb	Task_FlyIntoMap
0x080AE538	thumb	FieldCB_FallWarpExit
0x080AE568	thumb	Task_FallWarpFieldEffect
0x080AE59C	thumb	FallWarpEffect_1
0x080AE634	thumb	FallWarpEffect_2
0x080AE650	thumb	FallWarpEffect_3
0x080AE6BC	thumb	FallWarpEffect_4
0x080AE798	thumb	FallWarpEffect_5
0x080AE7B4	thumb	FallWarpEffect_6
0x080AE7F0	thumb	FallWarpEffect_7
0x080AE868	thumb	StartEscalatorWarp
0x080AE898	thumb	Task_EscalatorWarpFieldEffect
0x080AE8CC	thumb	EscalatorWarpEffect_1
0x080AE8F4	thumb	EscalatorWarpEffect_2
0x080AE964	thumb	EscalatorWarpEffect_3
0x080AE98C	thumb	EscalatorWarpEffect_4
0x080AE9DC	thumb	EscalatorWarpEffect_5
0x080AEA04	thumb	EscalatorWarpEffect_6
0x080AEA54	thumb	Escalator_AnimatePlayerGoingDown
0x080AEAA0	thumb	Escalator_AnimatePlayerGoingUp
0x080AEAEC	thumb	Escalator_BeginFadeOutToNewMap
0x080AEAFC	thumb	Escalator_TransitionToWarpInEffect
0x080AEB48	thumb	FieldCB_EscalatorWarpIn
0x080AEB78	thumb	Task_EscalatorWarpInFieldEffect
0x080AEBAC	thumb	EscalatorWarpInEffect_1
0x080AEC24	thumb	EscalatorWarpInEffect_2
0x080AEC64	thumb	EscalatorWarpInEffect_3
0x080AECD8	thumb	EscalatorWarpInEffect_4
0x080AED18	thumb	EscalatorWarpInEffect_5
0x080AED8C	thumb	EscalatorWarpInEffect_6
0x080AEDB0	thumb	EscalatorWarpInEffect_7
0x080AEE0C	thumb	FldEff_UseWaterfall
0x080AEE68	thumb	Task_UseWaterfall
0x080AEEB0	thumb	waterfall_0_setup
0x080AEED0	thumb	waterfall_1_do_anim_probably
0x080AEF0C	thumb	waterfall_2_wait_anim_finish_probably
0x080AEF34	thumb	waterfall_3_move_player_probably
0x080AEF58	thumb	waterfall_4_wait_player_move_probably
0x080AEFBC	thumb	FldEff_UseDive
0x080AF004	thumb	Task_UseDive
0x080AF038	thumb	DiveFieldEffect_Init
0x080AF04C	thumb	DiveFieldEffect_ShowMon
0x080AF074	thumb	DiveFieldEffect_TryWarp
0x080AF0E8	thumb	StartLavaridgeGymB1FWarp
0x080AF0FC	thumb	Task_LavaridgeGymB1FWarp
0x080AF160	thumb	LavaridgeGymB1FWarpEffect_1
0x080AF198	thumb	LavaridgeGymB1FWarpEffect_2
0x080AF1D0	thumb	LavaridgeGymB1FWarpEffect_3
0x080AF218	thumb	LavaridgeGymB1FWarpEffect_4
0x080AF320	thumb	LavaridgeGymB1FWarpEffect_5
0x080AF33C	thumb	LavaridgeGymB1FWarpEffect_6
0x080AF384	thumb	FieldCB_LavaridgeGymB1FWarpExit
0x080AF3B0	thumb	Task_LavaridgeGymB1FWarpExit
0x080AF414	thumb	LavaridgeGymB1FWarpExitEffect_1
0x080AF444	thumb	LavaridgeGymB1FWarpExitEffect_2
0x080AF490	thumb	LavaridgeGymB1FWarpExitEffect_3
0x080AF4D8	thumb	LavaridgeGymB1FWarpExitEffect_4
0x080AF50C	thumb	FldEff_LavaridgeGymWarp
0x080AF568	thumb	SpriteCB_AshLaunch
0x080AF5AC	thumb	StartLavaridgeGym1FWarp
0x080AF5C0	thumb	Task_LavaridgeGym1FWarp
0x080AF624	thumb	LavaridgeGym1FWarpEffect_1
0x080AF654	thumb	LavaridgeGym1FWarpEffect_2
0x080AF6C4	thumb	LavaridgeGym1FWarpEffect_3
0x080AF6EC	thumb	LavaridgeGym1FWarpEffect_4
0x080AF720	thumb	LavaridgeGym1FWarpEffect_5
0x080AF768	thumb	FldEff_PopOutOfAsh
0x080AF7C4	thumb	SpriteCB_PopOutOfAsh
0x080AF808	thumb	StartEscapeRopeFieldEffect
0x080AF824	thumb	Task_EscapeRopeWarpOut
0x080AF850	thumb	EscapeRopeWarpOutEffect_Init
0x080AF870	thumb	EscapeRopeWarpOutEffect_Spin
0x080AF93C	thumb	SpinObjectEvent
0x080AF9B8	thumb	WarpOutObjectEventUpwards
0x080AFA5C	thumb	WarpInObjectEventDownwards
0x080AFB88	thumb	FieldCallback_EscapeRopeExit
0x080AFBD8	thumb	Task_EscapeRopeWarpIn
0x080AFC04	thumb	EscapeRopeWarpInEffect_Init
0x080AFC2C	thumb	EscapeRopeWarpInEffect_Spin
0x080AFD10	thumb	CreateTeleportFieldEffectTask
0x080AFD24	thumb	Task_DoTeleportFieldEffect
0x080AFD50	thumb	TeleportFieldEffectTask1
0x080AFD74	thumb	TeleportFieldEffectTask2
0x080AFE10	thumb	TeleportFieldEffectTask3
0x080AFEEC	thumb	TeleportFieldEffectTask4
0x080AFF38	thumb	FieldCallback_TeleportIn
0x080AFF8C	thumb	Task_DoTeleportInFieldEffect
0x080AFFB8	thumb	TeleportInFieldEffectTask1
0x080B003C	thumb	TeleportInFieldEffectTask2
0x080B01A4	thumb	TeleportInFieldEffectTask3
0x080B0230	thumb	FldEff_FieldMoveShowMon
0x080B0280	thumb	FldEff_FieldMoveShowMonInit
0x080B0330	thumb	Task_ShowMon_Outdoors
0x080B035C	thumb	ShowMonEffect_Outdoors_1
0x080B03D0	thumb	ShowMonEffect_Outdoors_2
0x080B0464	thumb	ShowMonEffect_Outdoors_3
0x080B051C	thumb	ShowMonEffect_Outdoors_4
0x080B0544	thumb	ShowMonEffect_Outdoors_5
0x080B059C	thumb	ShowMonEffect_Outdoors_6
0x080B05E4	thumb	ShowMonEffect_Outdoors_7
0x080B0674	thumb	VBlankCB_ShowMonEffect_Outdoors
0x080B06DC	thumb	LoadFieldMoveStreaksTilemapToVram
0x080B0714	thumb	Task_ShowMon_Indoors
0x080B0740	thumb	ShowMonEffect_Indoors_1
0x080B077C	thumb	ShowMonEffect_Indoors_2
0x080B07E4	thumb	ShowMonEffect_Indoors_3
0x080B0850	thumb	ShowMonEffect_Indoors_4
0x080B0880	thumb	ShowMonEffect_Indoors_5
0x080B08C0	thumb	ShowMonEffect_Indoors_6
0x080B08E4	thumb	ShowMonEffect_Indoors_7
0x080B0998	thumb	VBlankCB_ShowMonEffect_Indoors
0x080B09E0	thumb	AnimateIndoorShowMonBg
0x080B09F0	thumb	SlideIndoorBannerOnscreen
0x080B0A84	thumb	SlideIndoorBannerOffscreen
0x080B0AEC	thumb	InitFieldMoveMonSprite
0x080B0B4C	thumb	SpriteCB_FieldMoveMonSlideOnscreen
0x080B0B90	thumb	SpriteCB_FieldMoveMonWaitAfterCry
0x080B0BA8	thumb	SpriteCB_FieldMoveMonSlideOffscreen
0x080B0BC0	thumb	FldEff_UseSurf
0x080B0C08	thumb	Task_FldEffUseSurf
0x080B0C34	thumb	UseSurfEffect_1
0x080B0C88	thumb	UseSurfEffect_2
0x080B0CD0	thumb	UseSurfEffect_3
0x080B0D18	thumb	UseSurfEffect_4
0x080B0D9C	thumb	UseSurfEffect_5
0x080B0E20	thumb	FldEff_UseVsSeeker
0x080B0E4C	thumb	Task_FldEffUseVsSeeker
0x080B0E78	thumb	UseVsSeekerEffect_1
0x080B0E9C	thumb	UseVsSeekerEffect_2
0x080B0EE4	thumb	UseVsSeekerEffect_3
0x080B0F78	thumb	UseVsSeekerEffect_4
0x080B0FCC	thumb	FldEff_NpcFlyOut
0x080B101C	thumb	SpriteCB_NPCFlyOut
0x080B10C8	thumb	FldEff_FlyOut
0x080B10F4	thumb	Task_FlyOut
0x080B1120	thumb	FlyOutFieldEffect_FieldMovePose
0x080B1174	thumb	FlyOutFieldEffect_ShowMon
0x080B11B8	thumb	FlyOutFieldEffect_BirdLeaveBall
0x080B1248	thumb	FlyOutFieldEffect_WaitBirdLeave
0x080B1294	thumb	FlyOutFieldEffect_BirdSwoopDown
0x080B1310	thumb	FlyOutFieldEffect_JumpOnBird
0x080B1380	thumb	FlyOutFieldEffect_FlyOffWithBird
0x080B1448	thumb	FlyOutFieldEffect_WaitFlyOff
0x080B1478	thumb	FlyOutFieldEffect_End
0x080B14B4	thumb	CreateFlyBirdSprite
0x080B14F0	thumb	GetFlyBirdAnimCompleted
0x080B150C	thumb	StartFlyBirdSwoopDown
0x080B1548	thumb	SetFlyBirdPlayerSpriteId
0x080B1564	thumb	SpriteCB_FlyBirdLeaveBall
0x080B1634	thumb	SpriteCB_FlyBirdSwoopDown
0x080B16A8	thumb	SpriteCB_FlyBirdReturnToBall
0x080B179C	thumb	StartFlyBirdReturnToBall
0x080B17DC	thumb	FldEff_FlyIn
0x080B17F0	thumb	Task_FlyIn
0x080B181C	thumb	FlyInFieldEffect_BirdSwoopDown
0x080B1990	thumb	FlyInFieldEffect_FlyInWithBird
0x080B1A10	thumb	FlyInFieldEffect_JumpOffBird
0x080B1A64	thumb	FlyInFieldEffect_FieldMovePose
0x080B1AE4	thumb	FlyInFieldEffect_BirdReturnToBall
0x080B1B4C	thumb	FlyInFieldEffect_WaitBirdReturn
0x080B1B8C	thumb	FlyInFieldEffect_End
0x080B1C10	thumb	DoBirdSpriteWithPlayerAffineAnim
0x080B1C3C	thumb	SpriteCB_FlyBirdWithPlayer
0x080B1CD4	thumb	TryChangeBirdSprite
0x080B1D34	thumb	FldEff_MoveDeoxysRock
0x080B1DDC	thumb	Task_MoveDeoxysRock_Step
0x080B1F0C	thumb	FldEff_DestroyDeoxysRock
0x080B1F7C	thumb	Task_DeoxysRockCameraShake
0x080B2028	thumb	StartEndingDeoxysRockCameraShake
0x080B2040	thumb	Task_DestroyDeoxysRock
0x080B207C	thumb	DestroyDeoxysRockEffect_CameraShake
0x080B20A4	thumb	DestroyDeoxysRockEffect_RockFragments
0x080B2138	thumb	DestroyDeoxysRockEffect_WaitAndEnd
0x080B2190	thumb	CreateDeoxysRockFragments
0x080B2234	thumb	SpriteCB_DeoxysRockFragment
0x080B2294	thumb	Task_PhotoFlash
0x080B22CC	thumb	FldEff_PhotoFlash
0x080B230C	thumb	palette_bg_faded_fill_white
0x080B2330	thumb	palette_bg_faded_fill_black
0x080B2350	thumb	WarpFadeInScreen
0x080B23CC	thumb	WarpFadeInScreenWithDelay
0x080B2448	thumb	FadeInFromBlack
0x080B2480	thumb	WarpFadeOutScreen
0x080B24CC	thumb	WarpFadeOutScreenWithDelay
0x080B2504	thumb	SetPlayerVisibility
0x080B2514	thumb	Task_ContinueScriptUnionRoom
0x080B2538	thumb	FieldCB_ContinueScriptUnionRoom
0x080B2584	thumb	Task_ContinueScript
0x080B25AC	thumb	FieldCB_ContinueScriptHandleMusic
0x080B25F8	thumb	FieldCB_ContinueScript
0x080B2640	thumb	Task_ReturnToFieldCableLink
0x080B26B0	thumb	FieldCB_ReturnToFieldCableLink
0x080B26E4	thumb	Task_ReturnToFieldRecordMixing
0x080B274C	thumb	FieldCB_ReturnToFieldWirelessLink
0x080B2780	thumb	SetUpWarpExitTask
0x080B2884	thumb	ExitWarpFadeInScreen
0x080B28C8	thumb	FieldCB_DefaultWarpExit
0x080B28E0	thumb	FieldCB_WarpExitFadeFromBlack
0x080B28F8	thumb	FieldCB_TeleportWarpIn
0x080B2920	thumb	Task_ExitDoor
0x080B2B2C	thumb	Task_ExitNonAnimDoor
0x080B2BDC	thumb	Task_ExitNonDoor
0x080B2C34	thumb	Task_TeleportWarpIn
0x080B2C98	thumb	Task_WaitFadeAndCreateStartMenuTask
0x080B2CC8	thumb	FadeTransition_FadeInOnReturnToStartMenu
0x080B2D10	thumb	FieldCB_ReturnToFieldOpenStartMenu
0x080B2D1C	thumb	Task_SafariZoneRanOutOfBalls
0x080B2D48	thumb	FieldCB_SafariZoneRanOutOfBalls
0x080B2D94	thumb	WaitWarpFadeOutScreen
0x080B2DA0	thumb	FieldFadeTransitionBackgroundEffectIsFinished
0x080B2DBC	thumb	DoWarp
0x080B2DF4	thumb	DoDiveWarp
0x080B2E24	thumb	DoStairWarp
0x080B2E58	thumb	DoDoorWarp
0x080B2E7C	thumb	DoTeleport2Warp
0x080B2EA0	thumb	DoUnionRoomWarp
0x080B2EC4	thumb	DoFallWarp
0x080B2F00	thumb	DoEscalatorWarp
0x080B2F18	thumb	DoLavaridgeGymB1FWarp
0x080B2F28	thumb	DoLavaridgeGym1FWarp
0x080B2F38	thumb	DoTeleportWarp
0x080B2F60	thumb	DoPortholeWarp
0x080B2F88	thumb	Task_CableClubWarp
0x080B2FF0	thumb	DoCableClubWarp
0x080B3014	thumb	Task_ReturnFromLinkRoomWarp
0x080B309C	thumb	ReturnFromLinkRoom
0x080B30B0	thumb	Task_Teleport2Warp
0x080B311C	thumb	Task_TeleportWarp
0x080B31AC	thumb	Task_DoorWarp
0x080B3308	thumb	Task_StairWarp
0x080B3478	thumb	UpdateStairsMovement
0x080B34F8	thumb	ForceStairsMovement
0x080B353C	thumb	GetStairsMovementDirection
0x080B359C	thumb	Task_ExitStairs
0x080B362C	thumb	ExitStairsMovement
0x080B3700	thumb	WaitStairExitMovementFinished
0x080B3768	thumb	InitFieldMessageBox
0x080B3784	thumb	Task_DrawFieldMessageBox
0x080B381C	thumb	CreateTask_DrawFieldMessageBox
0x080B3830	thumb	DestroyTask_DrawFieldMessageBox
0x080B3848	thumb	ShowFieldMessage
0x080B3884	thumb	ShowFieldAutoScrollMessage
0x080B38BC	thumb	ForceShowFieldAutoScrollMessage
0x080B38F0	thumb	ShowFieldMessageFromBuffer
0x080B391C	thumb	ExpandStringAndStartDrawFieldMessageBox
0x080B3944	thumb	StartDrawFieldMessageBox
0x080B395C	thumb	HideFieldMessageBox
0x080B3988	thumb	GetFieldMessageBoxType
0x080B3994	thumb	IsFieldMessageBoxHidden
0x080B39A4	thumb	ReplaceFieldMessageWithFrame
0x080B39D0	thumb	MovementType_Player
0x080B39F4	thumb	ObjectEventCB2_NoMovement2
0x080B39F8	thumb	player_step
0x080B3A94	thumb	TryInterruptObjectEventSpecialAnim
0x080B3AE8	thumb	npc_clear_strange_bits
0x080B3B00	thumb	MovePlayerAvatarUsingKeypadInput
0x080B3B30	thumb	PlayerAllowForcedMovementIfMovingSameDirection
0x080B3B48	thumb	TryUpdatePlayerSpinDirection
0x080B3BBC	thumb	TryDoMetatileBehaviorForcedMovement
0x080B3C3C	thumb	ForcedMovement_None
0x080B3C84	thumb	DoForcedMovement
0x080B3D1C	thumb	DoForcedMovementInCurrentDirection
0x080B3D4C	thumb	ForcedMovement_Slip
0x080B3DF4	thumb	ForcedMovement_WalkSouth
0x080B3E88	thumb	ForcedMovement_WalkNorth
0x080B3F1C	thumb	ForcedMovement_WalkWest
0x080B3FB0	thumb	ForcedMovement_WalkEast
0x080B4044	thumb	ForcedMovement_SpinRight
0x080B40DC	thumb	ForcedMovement_SpinLeft
0x080B4174	thumb	ForcedMovement_SpinUp
0x080B420C	thumb	ForcedMovement_SpinDown
0x080B42A4	thumb	PlaySpinSound
0x080B42B0	thumb	ForcedMovement_PushedSouthByCurrent
0x080B4344	thumb	ForcedMovement_PushedNorthByCurrent
0x080B43D8	thumb	ForcedMovement_PushedWestByCurrent
0x080B446C	thumb	ForcedMovement_PushedEastByCurrent
0x080B4500	thumb	ForcedMovement_Slide
0x080B4530	thumb	ForcedMovement_SlideSouth
0x080B45D8	thumb	ForcedMovement_SlideNorth
0x080B4680	thumb	ForcedMovement_SlideWest
0x080B4728	thumb	ForcedMovement_SlideEast
0x080B47D0	thumb	ForcedMovement_MatJump
0x080B480C	thumb	ForcedMovement_MatSpin
0x080B4860	thumb	MovePlayerNotOnBike
0x080B48BC	thumb	CheckMovementInputNotOnBike
0x080B4900	thumb	PlayerNotOnBikeNotMoving
0x080B4960	thumb	PlayerNotOnBikeTurningInPlace
0x080B49B4	thumb	PlayerNotOnBikeMoving
0x080B4C2C	thumb	PlayerIsMovingOnRockStairs
0x080B4C9C	thumb	CheckForPlayerAvatarCollision
0x080B4D18	thumb	CheckForObjectEventCollision
0x080B4DC8	thumb	CanStopSurfing
0x080B4E20	thumb	ShouldJumpLedge
0x080B4E3C	thumb	TryPushBoulder
0x080B4EF4	thumb	CheckAcroBikeCollision
0x080B4F2C	thumb	SetPlayerAvatarTransitionFlags
0x080B4F44	thumb	DoPlayerAvatarTransition
0x080B4FA0	thumb	PlayerAvatarTransition_Dummy
0x080B4FA4	thumb	PlayerAvatarTransition_Normal
0x080B4FB8	thumb	PlayerAvatarTransition_Bike
0x080B4FD4	thumb	PlayerAvatarTransition_Surfing
0x080B4FE8	thumb	PlayerAvatarTransition_Underwater
0x080B5040	thumb	PlayerAvatarTransition_ReturnToField
0x080B5050	thumb	UpdatePlayerAvatarTransitionState
0x080B50AC	thumb	PlayerAnimIsMultiFrameStationary
0x080B510C	thumb	PlayerAnimIsMultiFrameStationaryAndStateNotTurning
0x080B5170	thumb	PlayerIsAnimActive
0x080B5190	thumb	PlayerCheckIfAnimFinishedOrInactive
0x080B51B0	thumb	PlayerSetCopyableMovement
0x080B51C8	thumb	PlayerGetCopyableMovement
0x080B51E0	thumb	PlayerForceSetHeldMovement
0x080B5204	thumb	PlayerSetAnimId
0x080B5254	thumb	QL_TryRecordPlayerStepWithDuration0
0x080B528C	thumb	QL_TryRecordNPCStepWithDuration32
0x080B52BC	thumb	PlayerWalkSlower
0x080B5310	thumb	PlayerWalkSlow
0x080B5364	thumb	PlayerWalkNormal
0x080B53B8	thumb	PlayerWalkFast
0x080B540C	thumb	PlayerGlide
0x080B5460	thumb	PlayerRideWaterCurrent
0x080B54B4	thumb	PlayerWalkFaster
0x080B5508	thumb	PlayerRun
0x080B555C	thumb	PlayerRunSlow
0x080B55B0	thumb	PlayerOnBikeCollide
0x080B560C	thumb	PlayerNotOnBikeCollide
0x080B5668	thumb	PlayerFaceDirection
0x080B56BC	thumb	PlayerFaceDirectionFast
0x080B5710	thumb	PlayerTurnInPlace
0x080B5764	thumb	PlayerJumpLedge
0x080B57C0	thumb	PlayerShakeHeadOrWalkInPlace
0x080B5808	thumb	HandleEnforcedLookDirectionOnPlayerStopMoving
0x080B5854	thumb	PlayerGoSpin
0x080B58A8	thumb	PlayerApplyTileForcedMovement
0x080B58DC	thumb	PlayerIdleWheelie
0x080B5930	thumb	PlayerStartWheelie
0x080B5984	thumb	PlayerEndWheelie
0x080B59D8	thumb	PlayerStandingHoppingWheelie
0x080B5A34	thumb	PlayerMovingHoppingWheelie
0x080B5A90	thumb	PlayerLedgeHoppingWheelie
0x080B5AEC	thumb	PlayerAcroTurnJump
0x080B5B48	thumb	PlayerAcroWheelieCollide
0x080B5BA4	thumb	PlayerAcroPopWheelie
0x080B5BF8	thumb	PlayerAcroWheelieMove
0x080B5C4C	thumb	PlayCollisionSoundIfNotFacingWarp
0x080B5D04	thumb	GetXYCoordsOneStepInFrontOfPlayer
0x080B5D40	thumb	PlayerGetDestCoords
0x080B5D6C	thumb	player_get_pos_including_state_based_drift
0x080B5E00	thumb	GetPlayerFacingDirection
0x080B5E20	thumb	GetPlayerMovementDirection
0x080B5E3C	thumb	PlayerGetElevation
0x080B5E58	thumb	MovePlayerToMapCoords
0x080B5E84	thumb	TestPlayerAvatarFlags
0x080B5E90	thumb	GetPlayerAvatarFlags
0x080B5E9C	thumb	GetPlayerAvatarObjectId
0x080B5EA8	thumb	CancelPlayerForcedMovement
0x080B5EEC	thumb	StopPlayerAvatar
0x080B5F38	thumb	GetRivalAvatarGraphicsIdByStateIdAndGender
0x080B5F4C	thumb	GetPlayerAvatarGraphicsIdByStateIdAndGender
0x080B5F60	thumb	GetRSAvatarGraphicsIdByGender
0x080B5F70	thumb	GetEMAvatarGraphicsIdByGender
0x080B5F80	thumb	GetPlayerAvatarGraphicsIdByStateId
0x080B5F98	thumb	GetPlayerAvatarGenderByGraphicsId
0x080B5FB4	thumb	PartyHasMonWithSurf
0x080B5FF8	thumb	IsPlayerSurfingNorth
0x080B6028	thumb	IsPlayerFacingSurfableFishableWater
0x080B60C0	thumb	MetatileAtCoordsIsWaterTile
0x080B60E0	thumb	ClearPlayerAvatarInfo
0x080B60F4	thumb	SetPlayerAvatarStateMask
0x080B6108	thumb	GetPlayerAvatarStateTransitionByGraphicsId
0x080B6140	thumb	GetPlayerAvatarGraphicsIdByCurrentState
0x080B617C	thumb	SetPlayerAvatarExtraStateTransition
0x080B61C8	thumb	InitPlayerAvatar
0x080B624C	thumb	InitDivingPlayerAvatar
0x080B62D4	thumb	SetPlayerInvisibility
0x080B6324	thumb	StartPlayerAvatarSummonMonForFieldMoveAnim
0x080B6368	thumb	GetPlayerAvatarVsSeekerGfxId
0x080B6390	thumb	StartPlayerAvatarVsSeekerAnim
0x080B63E8	thumb	StartPlayerAvatarFishAnim
0x080B63F4	thumb	PlayerUseAcroBikeOnBumpySlope
0x080B63F8	thumb	SetPlayerAvatarWatering
0x080B63FC	thumb	HandleWarpArrowSpriteHideShow
0x080B6490	thumb	StartStrengthAnim
0x080B6508	thumb	Task_BumpBoulder
0x080B656C	thumb	DoBoulderInit
0x080B658C	thumb	DoBoulderDust
0x080B665C	thumb	DoBoulderFinish
0x080B66B8	thumb	DoPlayerMatJump
0x080B66F4	thumb	DoPlayerAvatarSecretBaseMatJump
0x080B678C	thumb	PlayerAvatar_DoSecretBaseMatJump
0x080B6810	thumb	DoPlayerMatSpin
0x080B6860	thumb	PlayerAvatar_DoSecretBaseMatSpin
0x080B68A8	thumb	PlayerAvatar_SecretBaseMatSpinStep0
0x080B68D0	thumb	PlayerAvatar_SecretBaseMatSpinStep1
0x080B6960	thumb	PlayerAvatar_SecretBaseMatSpinStep2
0x080B69C0	thumb	PlayerAvatar_SecretBaseMatSpinStep3
0x080B6A24	thumb	CreateStopSurfingTask
0x080B6A78	thumb	CreateStopSurfingTask_NoMusicChange
0x080B6AC4	thumb	SeafoamIslandsB4F_CurrentDumpsPlayerOnLand
0x080B6AE8	thumb	Task_StopSurfingInit
0x080B6B84	thumb	Task_WaitStopSurfing
0x080B6C34	thumb	StartFishing
0x080B6C84	thumb	Task_Fishing
0x080B6CB8	thumb	Fishing1
0x080B6CD8	thumb	Fishing2
0x080B6D58	thumb	Fishing3
0x080B6D94	thumb	Fishing4
0x080B6DE8	thumb	Fishing5
0x080B6E70	thumb	Fishing6
0x080B6F14	thumb	Fishing7
0x080B6F20	thumb	Fishing8
0x080B6F88	thumb	Fishing9
0x080B7000	thumb	Fishing10
0x080B705C	thumb	Fishing11
0x080B713C	thumb	Fishing12
0x080B71C0	thumb	Fishing13
0x080B723C	thumb	Fishing14
0x080B7268	thumb	Fishing15
0x080B7300	thumb	Fishing16
0x080B7340	thumb	AlignFishingAnimationFrames
0x080B7408	thumb	StartTeleportWarpOutPlayerAnim
0x080B7420	thumb	WaitTeleportWarpOutPlayerAnim
0x080B7430	thumb	SavePlayerFacingDirectionForTeleport
0x080B743C	thumb	GetTeleportSavedFacingDirection
0x080B7454	thumb	Task_TeleportWarpOutPlayerAnim
0x080B755C	thumb	StartTeleportInPlayerAnim
0x080B7574	thumb	WaitTeleportInPlayerAnim
0x080B7584	thumb	Task_TeleportWarpInPlayerAnim
0x080B7758	thumb	TeleportAnim_RotatePlayer
0x080B77BC	thumb	IsMonValidSpecies
0x080B77E4	thumb	AllMonsFainted
0x080B7828	thumb	FaintFromFieldPoison
0x080B7870	thumb	MonFaintedFromPoison
0x080B78C4	thumb	Task_TryFieldPoisonWhiteOut
0x080B7990	thumb	TryFieldPoisonWhiteOut
0x080B79A8	thumb	DoPoisonFieldEffect
0x080B7A30	thumb	SetFlashScanlineEffectWindowBoundary
0x080B7A60	thumb	SetFlashScanlineEffectWindowBoundaries
0x080B7BC4	thumb	UpdateFlashLevelEffect
0x080B7C6C	thumb	Task_WaitForFlashUpdate
0x080B7C94	thumb	StartWaitForFlashUpdate
0x080B7CB8	thumb	StartUpdateFlashLevelEffect
0x080B7D10	thumb	AnimateFlash
0x080B7D88	thumb	WriteFlashScanlineEffectBuffer
0x080B7DC4	thumb	Script_FadeOutMapMusic
0x080B7DDC	thumb	Task_EnableScriptAfterMusicFade
0x080B7DFC	thumb	DoInwardBarnDoorFade
0x080B7E20	thumb	DoOutwardBarnDoorWipe
0x080B7E44	thumb	BarnDoorWipeSaveGpuRegs
0x080B7EA8	thumb	BarnDoorWipeLoadGpuRegs
0x080B7F0C	thumb	Task_BarnDoorWipe
0x080B7FEC	thumb	Task_BarnDoorWipeChild
0x080B807C	thumb	PrintWhiteOutRecoveryMessage
0x080B8120	thumb	Task_RushInjuredPokemonToCenter
0x080B8384	thumb	FieldCB_RushInjuredPokemonToCenter
0x080B83B0	thumb	FieldSpecialScene_Dummy0
0x080B83B4	thumb	FieldSpecialScene_Dummy1
0x080B83B8	thumb	FieldSpecialScene_Dummy2
0x080B83BC	thumb	FieldSpecialScene_Dummy3
0x080B83C0	thumb	FieldCB_ShowPortholeView
0x080B83C4	thumb	LookThroughPorthole
0x080B83C8	thumb	ShowDiploma
0x080B83E0	thumb	ForcePlayerOntoBike
0x080B840C	thumb	ResetCyclingRoadChallengeData
0x080B8410	thumb	GetPlayerAvatarBike
0x080B8430	thumb	ShowFieldMessageStringVar4
0x080B8440	thumb	GetPlayerXY
0x080B8460	thumb	GetPlayerTrainerIdOnesDigit
0x080B847C	thumb	BufferBigGuyOrBigGirlString
0x080B84B0	thumb	BufferSonOrDaughterString
0x080B84E4	thumb	GetBattleOutcome
0x080B84F0	thumb	SetHiddenItemFlag
0x080B8504	thumb	GetLeadMonFriendship
0x080B8578	thumb	ShowTownMap
0x080B8590	thumb	PlayerHasGrassPokemonInParty
0x080B85F0	thumb	AnimatePcTurnOn
0x080B8624	thumb	Task_AnimatePcTurnOn
0x080B867C	thumb	PcTurnOnUpdateMetatileId
0x080B8718	thumb	AnimatePcTurnOff
0x080B8790	thumb	SpawnCameraObject
0x080B87E4	thumb	RemoveCameraObject
0x080B8804	thumb	BufferEReaderTrainerName
0x080B8814	thumb	GetRandomSlotMachineId
0x080B8834	thumb	LeadMonHasEffortRibbon
0x080B8858	thumb	GiveLeadMonEffortRibbon
0x080B8894	thumb	AreLeadMonEVsMaxedOut
0x080B88BC	thumb	IsStarterFirstStageInParty
0x080B8928	thumb	IsThereRoomInAnyBoxForMorePokemon
0x080B8958	thumb	IsPokerusInParty
0x080B8970	thumb	ShakeScreen
0x080B89C8	thumb	Task_ShakeScreen
0x080B8A30	thumb	Task_EndScreenShake
0x080B8A44	thumb	GetLeadMonIndex
0x080B8A8C	thumb	GetPartyMonSpecies
0x080B8AB4	thumb	IsMonOTNameNotPlayers
0x080B8AF0	thumb	NullFieldSpecial
0x080B8AF4	thumb	DoPicboxCancel
0x080B8B20	thumb	SetVermilionTrashCans
0x080B8C44	thumb	IncrementResortGorgeousStepCounter
0x080B8C8C	thumb	SampleResortGorgeousMonAndReward
0x080B8D2C	thumb	SampleResortGorgeousMon
0x080B8D94	thumb	SampleResortGorgeousReward
0x080B8DC8	thumb	CheckAddCoins
0x080B8DEC	thumb	GetElevatorFloor
0x080B8E94	thumb	InitElevatorFloorSelectMenuPos
0x080B8F64	thumb	AnimateElevator
0x080B8FE4	thumb	Task_ElevatorShake
0x080B9050	thumb	DrawElevatorCurrentFloorWindow
0x080B90F8	thumb	CloseElevatorCurrentFloorWindow
0x080B9114	thumb	AnimateElevatorWindowView
0x080B9160	thumb	Task_AnimateElevatorWindowView
0x080B9270	thumb	ListMenu
0x080B9424	thumb	CountMasterTrainerFlags
0x080B9454	thumb	Task_CreateScriptListMenu
0x080B977C	thumb	CreateScriptListMenu
0x080B97B0	thumb	ScriptListMenuMoveCursorFunction
0x080B97F8	thumb	Task_ListMenuHandleInput
0x080B98A4	thumb	Task_DestroyListMenu
0x080B9938	thumb	Task_SuspendListMenu
0x080B9968	thumb	ReturnToListMenu
0x080B9998	thumb	Task_RedrawScrollArrowsAndWaitInput
0x080B99C4	thumb	Task_CreateMenuRemoveScrollIndicatorArrowPair
0x080B9A38	thumb	Task_ListMenuRemoveScrollIndicatorArrowPair
0x080B9A68	thumb	ForcePlayerToStartSurfing
0x080B9A7C	thumb	GetStarterSpeciesById
0x080B9A94	thumb	GetStarterSpecies
0x080B9AD0	thumb	SetSeenMon
0x080B9AE8	thumb	ResetContextNpcTextColor
0x080B9B00	thumb	ContextNpcGetTextColor
0x080B9B4C	thumb	HasMonBeenRenamed
0x080B9BB8	thumb	HasLeadMonBeenRenamed
0x080B9BC8	thumb	TV_PrintIntToStringVar
0x080B9C84	thumb	CountDigits
0x080B9D28	thumb	NameRaterWasNicknameChanged
0x080B9D64	thumb	ChangeBoxPokemonNickname
0x080B9DD8	thumb	ChangeBoxPokemonNickname_CB
0x080B9DFC	thumb	ChangePokemonNickname
0x080B9E8C	thumb	ChangePokemonNickname_CB
0x080B9EB8	thumb	BufferMonNickname
0x080B9EE8	thumb	IsMonOTIDNotPlayers
0x080B9F2C	thumb	GetPlayerTrainerId
0x080B9F40	thumb	GetUnlockedSeviiAreas
0x080B9FC4	thumb	UpdateTrainerCardPhotoIcons
0x080BA0D4	thumb	StickerManGetBragFlags
0x080BA134	thumb	GetHiddenItemAttr
0x080BA16C	thumb	DoesPlayerPartyContainSpecies
0x080BA1AC	thumb	GetMartClerkObjectId
0x080BA1F0	thumb	SetUsedPkmnCenterQuestLogEvent
0x080BA200	thumb	QuestLog_CheckDepartingIndoorsMap
0x080BA25C	thumb	QuestLog_TryRecordDepartedLocation
0x080BA394	thumb	GetMysteryGiftCardStat
0x080BA3F4	thumb	SetPCBoxToSendMon
0x080BA400	thumb	GetPCBoxToSendMon
0x080BA40C	thumb	ShouldShowBoxWasFullMessage
0x080BA444	thumb	IsDestinationBoxFull
0x080BA4EC	thumb	UsedPokemonCenterWarp
0x080BA52C	thumb	BufferTMHMMoveName
0x080BA570	thumb	RunMassageCooldownStepCounter
0x080BA598	thumb	DaisyMassageServices
0x080BA5C4	thumb	DoPokemonLeagueLightingEffect
0x080BA658	thumb	Task_RunPokemonLeagueLightingEffect
0x080BA71C	thumb	Task_CancelPokemonLeagueLightingEffect
0x080BA79C	thumb	StopPokemonLeagueLightingEffectTask
0x080BA7C0	thumb	CapeBrinkGetMoveToTeachLeadPokemon
0x080BA890	thumb	HasLearnedAllMovesFromCapeBrinkTutor
0x080BA8F8	thumb	CutMoveRuinValleyCheck
0x080BA940	thumb	CutMoveOpenDottedHoleDoor
0x080BA96C	thumb	DoDeoxysTriangleInteraction
0x080BA980	thumb	Task_DoDeoxysTriangleInteraction
0x080BAA3C	thumb	MoveDeoxysObject
0x080BAAF8	thumb	Task_WaitDeoxysFieldEffect
0x080BAB1C	thumb	IncrementBirthIslandRockStepCount
0x080BAB60	thumb	SetDeoxysTrianglePalette
0x080BAB8C	thumb	IsBadEggInParty
0x080BABC0	thumb	IsPlayerNotInTrainerTowerLobby
0x080BABDC	thumb	BrailleCursorToggle
0x080BAC30	thumb	PlayerPartyContainsSpeciesWithPlayerID
0x080BACA0	thumb	UpdateLoreleiDollCollection
0x080BAD04	thumb	LoopWingFlapSound
0x080BAD1C	thumb	Task_WingFlapSound
0x080BAD84	thumb	CableCarWarp
0x080BADC0	thumb	Task_RunPerStepCallback
0x080BADEC	thumb	Task_RunTimeBasedEvents
0x080BAE2C	thumb	SetUpFieldTasks
0x080BAE84	thumb	ActivatePerStepCallback
0x080BAEC0	thumb	ResetFieldTasksArgs
0x080BAEF4	thumb	DummyPerStepCallback
0x080BAEF8	thumb	MarkIcePuzzleCoordVisited
0x080BAF38	thumb	SetIcefallCaveCrackedIceMetatiles
0x080BAF78	thumb	IcefallCaveIcePerStepCallback
0x080BB0FC	thumb	AshGrassPerStepCallback
0x080BB1A8	thumb	SetCrackedFloorHoleMetatile
0x080BB1F0	thumb	CrackedFloorPerStepCallback
0x080BB350	thumb	Clouds_InitVars
0x080BB398	thumb	Clouds_InitAll
0x080BB438	thumb	Clouds_Main
0x080BB490	thumb	Clouds_Finish
0x080BB4E0	thumb	Sunny_InitVars
0x080BB500	thumb	Sunny_InitAll
0x080BB520	thumb	Sunny_Main
0x080BB524	thumb	Sunny_Finish
0x080BB528	thumb	CreateCloudSprites
0x080BB5EC	thumb	DestroyCloudSprites
0x080BB634	thumb	UpdateCloudSprite
0x080BB648	thumb	Drought_InitVars
0x080BB674	thumb	Drought_InitAll
0x080BB6B0	thumb	Drought_Main
0x080BB72C	thumb	Drought_Finish
0x080BB730	thumb	StartDroughtWeatherBlend
0x080BB744	thumb	UpdateDroughtBlend
0x080BB848	thumb	Rain_InitVars
0x080BB8A4	thumb	Rain_InitAll
0x080BB94C	thumb	Rain_Main
0x080BB9A8	thumb	Rain_Finish
0x080BBA40	thumb	StartRainSpriteFall
0x080BBAE4	thumb	UpdateRainSprite
0x080BBBC8	thumb	WaitRainSprite
0x080BBBEC	thumb	InitRainSpriteMovement
0x080BBC98	thumb	LoadRainSpriteSheet
0x080BBCA8	thumb	CreateRainSprite
0x080BBDB0	thumb	UpdateVisibleRainSprites
0x080BBE24	thumb	DestroyRainSprites
0x080BBE68	thumb	Snow_InitVars
0x080BBEA8	thumb	Snow_InitAll
0x080BC014	thumb	Snow_Main
0x080BC048	thumb	Snow_Finish
0x080BC0EC	thumb	UpdateVisibleSnowflakeSprites
0x080BC158	thumb	CreateSnowflakeSprite
0x080BC1B8	thumb	DestroySnowflakeSprite
0x080BC1E8	thumb	InitSnowflakeSpriteMovement
0x080BC27C	thumb	WaitSnowflakeSprite
0x080BC2D4	thumb	UpdateSnowflakeSprite
0x080BC350	thumb	Thunderstorm_InitVars
0x080BC3B4	thumb	Thunderstorm_InitAll
0x080BC428	thumb	Downpour_InitVars
0x080BC484	thumb	Downpour_InitAll
0x080BC4F4	thumb	Thunderstorm_Main
0x080BC72C	thumb	Thunderstorm_Finish
0x080BC7E4	thumb	SetThunderCounter
0x080BC81C	thumb	UpdateThunderSound
0x080BC870	thumb	FogHorizontal_InitVars
0x080BC8C4	thumb	FogHorizontal_InitAll
0x080BC930	thumb	FogHorizontal_Main
0x080BC9D8	thumb	FogHorizontal_Finish
0x080BCA64	thumb	FogHorizontalSpriteCallback
0x080BCAB0	thumb	CreateFogHorizontalSprites
0x080BCB5C	thumb	DestroyFogHorizontalSprites
0x080BCBA0	thumb	Ash_InitVars
0x080BCBF8	thumb	Ash_InitAll
0x080BCC64	thumb	Ash_Main
0x080BCD00	thumb	Ash_Finish
0x080BCD60	thumb	LoadAshSpriteSheet
0x080BCD70	thumb	CreateAshSprites
0x080BCE04	thumb	DestroyAshSprites
0x080BCE4C	thumb	UpdateAshSprite
0x080BCEB4	thumb	FogDiagonal_InitVars
0x080BCF10	thumb	FogDiagonal_InitAll
0x080BCF3C	thumb	FogDiagonal_Main
0x080BCF98	thumb	FogDiagonal_Finish
0x080BCFE8	thumb	UpdateFogDiagonalMovement
0x080BD06C	thumb	CreateFogDiagonalSprites
0x080BD11C	thumb	DestroyFogDiagonalSprites
0x080BD164	thumb	UpdateFogDiagonalSprite
0x080BD1B0	thumb	Sandstorm_InitVars
0x080BD214	thumb	Sandstorm_InitAll
0x080BD28C	thumb	Sandstorm_Main
0x080BD318	thumb	Sandstorm_Finish
0x080BD388	thumb	UpdateSandstormWaveIndex
0x080BD3B0	thumb	UpdateSandstormMovement
0x080BD414	thumb	DestroySandstormSprites
0x080BD48C	thumb	CreateSandstormSprites
0x080BD53C	thumb	CreateSwirlSandstormSprites
0x080BD61C	thumb	UpdateSandstormSprite
0x080BD668	thumb	WaitSandSwirlSpriteEntrance
0x080BD680	thumb	UpdateSandstormSwirlSprite
0x080BD6EC	thumb	Shade_InitVars
0x080BD714	thumb	Shade_InitAll
0x080BD73C	thumb	Shade_Main
0x080BD740	thumb	Shade_Finish
0x080BD744	thumb	Bubbles_InitVars
0x080BD7CC	thumb	Bubbles_InitAll
0x080BD86C	thumb	Bubbles_Main
0x080BD8D8	thumb	Bubbles_Finish
0x080BD8F0	thumb	CreateBubbleSprite
0x080BD964	thumb	DestroyBubbleSprites
0x080BD9BC	thumb	UpdateBubbleSprite
0x080BDA1C	thumb	SetSavedWeather
0x080BDA50	thumb	GetSav1Weather
0x080BDA60	thumb	SetSavedWeatherFromCurrMapHeader
0x080BDB08	thumb	SetWeather
0x080BDB44	thumb	SetWeather_Unused
0x080BDB80	thumb	DoCurrentWeather
0x080BDB98	thumb	ResumePausedWeather
0x080BDBB0	thumb	TranslateWeatherNum
0x080BDBE8	thumb	UpdateWeatherPerDay
0x080BDC00	thumb	UpdateRainCounter
0x080BDC20	thumb	StartWeather
0x080BDD08	thumb	SetNextWeather
0x080BDD6C	thumb	SetCurrentAndNextWeather
0x080BDDB8	thumb	SetCurrentAndNextWeatherNoDelay
0x080BDE08	thumb	Task_WeatherInit
0x080BDE54	thumb	Task_WeatherMain
0x080BDF04	thumb	None_Init
0x080BDF20	thumb	None_Main
0x080BDF24	thumb	None_Finish
0x080BDF28	thumb	UpdateWeatherGammaShift
0x080BDFA4	thumb	FadeInScreenWithWeather
0x080BE074	thumb	FadeInScreen_RainShowShade
0x080BE0CC	thumb	FadeInScreen_Drought
0x080BE120	thumb	FadeInScreen_FogHorizontal
0x080BE158	thumb	DoNothing
0x080BE15C	thumb	ApplyGammaShift
0x080BE338	thumb	ApplyGammaShiftWithBlend
0x080BE490	thumb	ApplyDroughtGammaShiftWithBlend
0x080BE590	thumb	ApplyFogBlend
0x080BE708	thumb	MarkFogSpritePalToLighten
0x080BE738	thumb	LightenSpritePaletteInFog
0x080BE774	thumb	WeatherShiftGammaIfPalStateIdle
0x080BE7A4	thumb	WeatherBeginGammaFade
0x080BE7EC	thumb	FadeScreen
0x080BE8DC	thumb	FadeSelectedPals
0x080BE9C8	thumb	IsWeatherNotFadingIn
0x080BE9E0	thumb	UpdateSpritePaletteWithWeather
0x080BEABC	thumb	ApplyWeatherGammaShiftToPal
0x080BEAD8	thumb	IsWeatherFadingIn
0x080BEAF8	thumb	LoadCustomWeatherSpritePalette
0x080BEB1C	thumb	LoadDroughtWeatherPalette
0x080BEB24	thumb	ResetDroughtWeatherPaletteLoading
0x080BEB40	thumb	LoadDroughtWeatherPalettes
0x080BEB64	thumb	SetDroughtGamma
0x080BEB98	thumb	DroughtStateInit
0x080BEBB8	thumb	DroughtStateRun
0x080BECF8	thumb	Weather_SetBlendCoeffs
0x080BED28	thumb	Weather_SetTargetBlendCoeffs
0x080BED5C	thumb	Weather_UpdateBlend
0x080BEE28	thumb	SetFieldWeather
0x080BEE90	thumb	GetCurrentWeather
0x080BEEA0	thumb	SetRainStrengthFromSoundEffect
0x080BEEF0	thumb	PlayRainStoppingSoundEffect
0x080BEF2C	thumb	IsWeatherChangeComplete
0x080BEF3C	thumb	SetWeatherScreenFadeOut
0x080BEF50	thumb	WeatherProcessingIdle
0x080BEF64	thumb	PreservePaletteInWeather
0x080BEF90	thumb	ResetPreservedPalettesInWeather
0x080BEFA0	thumb	SlightlyDarkenPalsInWeather
0x080BEFD4	thumb	GetMapHeaderFromConnection
0x080BEFE4	thumb	InitMap
0x080BEFF8	thumb	InitMapFromSavedGame
0x080BF010	thumb	InitMapLayoutData
0x080BF0D8	thumb	InitBackupMapLayoutData
0x080BF13C	thumb	InitBackupMapLayoutConnections
0x080BF1F0	thumb	FillConnection
0x080BF264	thumb	FillSouthConnection
0x080BF2F8	thumb	FillNorthConnection
0x080BF384	thumb	FillWestConnection
0x080BF3DC	thumb	FillEastConnection
0x080BF438	thumb	MapGridGetElevationAt
0x080BF4B8	thumb	MapGridGetCollisionAt
0x080BF538	thumb	MapGridGetMetatileIdAt
0x080BF5E8	thumb	ExtractMetatileAttribute
0x080BF608	thumb	MapGridGetMetatileAttributeAt
0x080BF66C	thumb	MapGridGetMetatileBehaviorAt
0x080BF6A8	thumb	MapGridGetMetatileLayerTypeAt
0x080BF6E4	thumb	MapGridSetMetatileIdAt
0x080BF730	thumb	MapGridSetMetatileEntryAt
0x080BF770	thumb	MapGridSetMetatileImpassabilityAt
0x080BF7C4	thumb	GetAttributeByMetatileIdAndMapLayout
0x080BF81C	thumb	SaveMapView
0x080BF87C	thumb	SavedMapViewIsEmpty
0x080BF8A8	thumb	ClearSavedMapView
0x080BF8D8	thumb	LoadSavedMapView
0x080BF96C	thumb	MoveMapViewToBackup
0x080BFA84	thumb	GetMapBorderIdAt
0x080BFB3C	thumb	GetPostCameraMoveMapBorderId
0x080BFB60	thumb	CanCameraMoveInDirection
0x080BFB98	thumb	SetPositionFromConnection
0x080BFC10	thumb	CameraMove
0x080BFD00	thumb	GetIncomingConnection
0x080BFD5C	thumb	IsPosInIncomingConnectingMap
0x080BFDFC	thumb	IsCoordInIncomingConnectingMap
0x080BFE2C	thumb	IsCoordInConnectingMap
0x080BFE40	thumb	IsPosInConnectingMap
0x080BFEA8	thumb	GetMapConnectionAtPos
0x080BFF90	thumb	SetCameraFocusCoords
0x080BFFA4	thumb	GetCameraFocusCoords
0x080BFFBC	thumb	SetCameraCoords
0x080BFFCC	thumb	GetCameraCoords
0x080BFFE0	thumb	CopyTilesetToVram
0x080C0018	thumb	CopyTilesetToVramUsingHeap
0x080C0050	thumb	ApplyGlobalTintToPaletteEntries
0x080C00B0	thumb	ApplyGlobalTintToPaletteSlot
0x080C0120	thumb	LoadTilesetPalette
0x080C01A0	thumb	CopyPrimaryTilesetToVram
0x080C01D4	thumb	CopySecondaryTilesetToVram
0x080C0210	thumb	CopySecondaryTilesetToVramUsingHeap
0x080C024C	thumb	LoadPrimaryTilesetPalette
0x080C025C	thumb	LoadSecondaryTilesetPalette
0x080C026C	thumb	CopyMapTilesetsToVram
0x080C02DC	thumb	LoadMapTilesetPalettes
0x080C02FC	thumb	DoWateringBerryTreeAnim
0x080C0300	thumb	MetatileAtCoordsIsGrassTile
0x080C0320	thumb	SetUpFieldMove_Cut
0x080C03E8	thumb	FieldCallback_CutGrass
0x080C0400	thumb	FldEff_UseCutOnGrass
0x080C042C	thumb	FieldCallback_CutTree
0x080C0448	thumb	FldEff_UseCutOnTree
0x080C0474	thumb	FieldMoveCallback_CutGrass
0x080C0498	thumb	FldEff_CutGrass
0x080C0680	thumb	SetCutGrassMetatileAt
0x080C06D4	thumb	MetatileIsLongGrass
0x080C077C	thumb	MetatileIsMowedLongGrass
0x080C07F0	thumb	GetMowedMetatileBasedOnInput
0x080C0850	thumb	CleanupLongGrass
0x080C0974	thumb	SpriteCallback_CutGrass_Init
0x080C0988	thumb	SpriteCallback_CutGrass_Run
0x080C09E0	thumb	SpriteCallback_CutGrass_Cleanup
0x080C0A40	thumb	FieldMoveCallback_CutTree
0x080C0A58	thumb	SetUpFieldMove_Dig
0x080C0A88	thumb	FieldCallback_Dig
0x080C0AA4	thumb	FldEff_UseDig
0x080C0AD0	thumb	StartDigFieldEffect
0x080C0AFC	thumb	SetUpFieldMove_Flash
0x080C0B40	thumb	FieldCallback_Flash
0x080C0B74	thumb	FldEff_UseFlash
0x080C0B94	thumb	CB2_ChangeMapMain
0x080C0BAC	thumb	VBC_ChangeMapVBlank
0x080C0BC0	thumb	CB2_DoChangeMap
0x080C0CB8	thumb	TryDoMapTransition
0x080C0D48	thumb	MapTransitionIsEnter
0x080C0D90	thumb	MapTransitionIsExit
0x080C0DD8	thumb	FlashTransition_Exit
0x080C0DEC	thumb	Task_FlashTransition_Exit_0
0x080C0E08	thumb	Task_FlashTransition_Exit_1
0x080C0EA4	thumb	Task_FlashTransition_Exit_2
0x080C0EE8	thumb	Task_FlashTransition_Exit_3
0x080C0F54	thumb	Task_FlashTransition_Exit_4
0x080C0F88	thumb	FlashTransition_Enter
0x080C0F9C	thumb	Task_FlashTransition_Enter_0
0x080C0FB8	thumb	Task_FlashTransition_Enter_1
0x080C1058	thumb	Task_FlashTransition_Enter_2
0x080C10C0	thumb	Task_FlashTransition_Enter_3
0x080C1114	thumb	RunMapPreviewScreen
0x080C113C	thumb	Task_MapPreviewScreen_0
0x080C126C	thumb	Task_FieldPoisonEffect
0x080C12D4	thumb	FldEffPoison_Start
0x080C12EC	thumb	FldEffPoison_IsActive
0x080C12FC	thumb	CheckObjectGraphicsInFrontOfPlayer
0x080C1348	thumb	CreateFieldEffectShowMon
0x080C1368	thumb	Task_FieldEffectShowMon_Init
0x080C13F4	thumb	Task_FieldEffectShowMon_WaitPlayerAnim
0x080C143C	thumb	Task_FieldEffectShowMon_WaitFldeff
0x080C14D8	thumb	Task_FieldEffectShowMon_Cleanup
0x080C1510	thumb	SetUpFieldMove_RockSmash
0x080C1540	thumb	FieldCallback_UseRockSmash
0x080C155C	thumb	FldEff_UseRockSmash
0x080C159C	thumb	StartRockSmashFieldEffect
0x080C15B4	thumb	SetUpFieldMove_SoftBoiled
0x080C15F8	thumb	ChooseMonForSoftboiled
0x080C1638	thumb	Task_TryUseSoftboiledOnPartyMon
0x080C171C	thumb	Task_SoftboiledRestoreHealth
0x080C1770	thumb	Task_DisplayHPRestoredMessage
0x080C17D4	thumb	Task_FinishSoftboiled
0x080C1834	thumb	Task_ChooseNewMonForSoftboiled
0x080C1864	thumb	CantUseSoftboiledOnMon
0x080C189C	thumb	SetUpFieldMove_Strength
0x080C18E8	thumb	FieldCB_UseStrength
0x080C1904	thumb	FldEff_UseStrength
0x080C1948	thumb	ShowMonCB_UseStrength
0x080C1958	thumb	Unused_StartSweetscentFldeff
0x080C197C	thumb	SetUpFieldMove_SweetScent
0x080C199C	thumb	FieldCallback_SweetScent
0x080C19B4	thumb	FldEff_SweetScent
0x080C19E0	thumb	StartSweetScentFieldEffect
0x080C1A74	thumb	TrySweetScentEncounter
0x080C1B04	thumb	FailSweetScentEncounter
0x080C1B4C	thumb	SetUpFieldMove_Teleport
0x080C1B84	thumb	FieldCallback_Teleport
0x080C1BA0	thumb	FldEff_UseTeleport
0x080C1BCC	thumb	StartTeleportFieldEffect
0x080C1BDC	thumb	InitGpuRegManager
0x080C1C18	thumb	CopyBufferedValueToGpuReg
0x080C1C4C	thumb	CopyBufferedValuesToGpuRegs
0x080C1CA8	thumb	SetGpuReg
0x080C1D38	thumb	GetGpuReg
0x080C1D64	thumb	SetGpuRegBits
0x080C1D80	thumb	ClearGpuRegBits
0x080C1D9C	thumb	SyncRegIE
0x080C1DD4	thumb	EnableInterrupts
0x080C1E40	thumb	DisableInterrupts
0x080C1EA8	thumb	UpdateRegDispstatIntrBits
0x080C1ED8	thumb	VBlankCB_HofIdle
0x080C1EEC	thumb	CB2_HofIdle
0x080C1F08	thumb	InitHallOfFameScreen
0x080C2018	thumb	CB2_DoHallOfFameScreen
0x080C2054	thumb	CB2_DoHallOfFameScreenDontSaveData
0x080C2084	thumb	Task_Hof_InitMonData
0x080C2234	thumb	Task_Hof_InitTeamSaveData
0x080C22F0	thumb	Task_Hof_TrySaveData
0x080C2330	thumb	Task_Hof_DelayAfterSave
0x080C2360	thumb	Task_Hof_StartDisplayingMons
0x080C237C	thumb	Task_Hof_DisplayMon
0x080C247C	thumb	Task_Hof_PlayMonCryAndPrintInfo
0x080C2514	thumb	Task_Hof_TryDisplayAnotherMon
0x080C2600	thumb	Task_Hof_PaletteFadeAndPrintWelcomeText
0x080C2684	thumb	Task_Hof_ApplauseAndConfetti
0x080C2754	thumb	Task_Hof_WaitBorderFadeAway
0x080C2794	thumb	Task_Hof_SpawnPlayerPic
0x080C281C	thumb	Task_Hof_WaitAndPrintPlayerInfo
0x080C28B8	thumb	Task_Hof_ExitOnKeyPressed
0x080C28EC	thumb	Task_Hof_HandlePaletteOnExit
0x080C2938	thumb	Task_Hof_HandleExit
0x080C2A20	thumb	SetWarpsToRollCredits
0x080C2A64	thumb	CB2_InitHofPC
0x080C2B88	thumb	Task_HofPC_CopySaveData
0x080C2C1C	thumb	Task_HofPC_DrawSpritesPrintText
0x080C2DE0	thumb	Task_HofPC_PrintMonInfo
0x080C2F04	thumb	Task_HofPC_HandleInput
0x080C3028	thumb	Task_HofPC_HandlePaletteOnExit
0x080C3068	thumb	Task_HofPC_HandleExit
0x080C30DC	thumb	Task_HofPC_PrintDataIsCorrupted
0x080C313C	thumb	Task_HofPC_ExitOnButtonPress
0x080C3164	thumb	HallOfFame_PrintWelcomeText
0x080C31BC	thumb	HallOfFame_PrintMonInfo
0x080C33B4	thumb	HallOfFame_PrintPlayerInfo
0x080C3588	thumb	ClearVramOamPltt_LoadHofPal
0x080C3628	thumb	HofInit_ResetGpuBuffersAndLoadConfettiGfx
0x080C3664	thumb	Hof_InitBgs
0x080C36E0	thumb	DrawHofBackground
0x080C37C4	thumb	SpriteCB_EndGetOnScreen
0x080C37C8	thumb	SpriteCB_GetOnScreen
0x080C3818	thumb	SpriteCB_Confetti
0x080C3868	thumb	Hof_SpawnConfetti
0x080C38D4	thumb	GetHealLocationIndexFromMapGroupAndNum
0x080C390C	thumb	GetHealLocationPointerFromMapGroupAndNum
0x080C3948	thumb	GetHealLocation
0x080C3960	thumb	SetWhiteoutRespawnWarpAndHealerNpc
0x080C3A80	thumb	SetWhiteoutRespawnHealerNpcAsLastTalked
0x080C3A94	thumb	MapNamePopupWindowIdSetDummy
0x080C3AA0	thumb	CreateHelpMessageWindow
0x080C3ACC	thumb	DestroyHelpMessageWindow
0x080C3B0C	thumb	DrawHelpMessageWindowTilesById
0x080C3BF8	thumb	DrawHelpMessageWindowTiles
0x080C3C0C	thumb	PrintHelpMessageText
0x080C3C40	thumb	PrintTextOnHelpMessageWindow
0x080C3C90	thumb	RunHelpSystemCallback
0x080C40CC	thumb	SaveCallbacks
0x080C4104	thumb	SaveMapGPURegs
0x080C413C	thumb	SaveMapTiles
0x080C4158	thumb	SaveMapTextColors
0x080C416C	thumb	RestoreCallbacks
0x080C4184	thumb	RestoreGPURegs
0x080C41BC	thumb	RestoreMapTiles
0x080C41D8	thumb	RestoreMapTextColors
0x080C41EC	thumb	CommitTilemap
0x080C4208	thumb	HS_DrawBgTilemapRect
0x080C42A0	thumb	HS_BufferFillMapWithTile1FF
0x080C42E8	thumb	HS_ShowOrHideWordHELPinTopLeft
0x080C4414	thumb	HS_ShowOrHideControlsGuideInTopRight
0x080C44B4	thumb	HS_ShowOrHideMainWindowText
0x080C4540	thumb	HS_SetMainWindowBgBrightness
0x080C45C4	thumb	HS_ShowOrHideToplevelTooltipWindow
0x080C4654	thumb	HS_ShowOrHideHeaderAndFooterLines_Lighter
0x080C4718	thumb	HS_ShowOrHideHeaderAndFooterLines_Darker
0x080C47DC	thumb	HS_ShowOrHideVerticalBlackBarsAlongSides
0x080C48A4	thumb	HS_ShowOrHideHeaderLine_Darker_FooterStyle
0x080C4908	thumb	HS_ShowOrHideScrollArrows
0x080C4990	thumb	HelpSystemRenderText
0x080C4C3C	thumb	DecompressAndRenderGlyph
0x080C4CE0	thumb	HelpSystem_PrintTextInTopLeftCorner
0x080C4D14	thumb	HelpSystem_PrintTextRightAlign_Row52
0x080C4D58	thumb	HelpSystem_PrintTextAt
0x080C4D94	thumb	HelpSystem_PrintQuestionAndAnswerPair
0x080C4E0C	thumb	HelpSystem_PrintTopicMouseoverDescription
0x080C4E60	thumb	HelpSystem_FillPanel3
0x080C4E88	thumb	HelpSystem_FillPanel2
0x080C4EB0	thumb	HelpSystem_FillPanel1
0x080C4ED8	thumb	HelpSystem_InitListMenuController
0x080C4F64	thumb	HelpSystem_SetInputDelay
0x080C4F70	thumb	HelpSystem_GetMenuInput
0x080C502C	thumb	HS_UpdateMenuScrollArrows
0x080C5088	thumb	PrintListMenuItems
0x080C5128	thumb	PlaceListMenuCursor
0x080C517C	thumb	HS_RemoveSelectionCursorAt
0x080C51D0	thumb	TryMoveCursor1
0x080C5254	thumb	MoveCursor
0x080C53A4	thumb	SetHelpContextDontCheckBattle
0x080C53B4	thumb	SetHelpContext
0x080C53D8	thumb	Script_SetHelpContext
0x080C53EC	thumb	BackupHelpContext
0x080C5400	thumb	RestoreHelpContext
0x080C5414	thumb	IsInMartMap
0x080C5458	thumb	IsInGymMap
0x080C549C	thumb	IsCurrentMapInArray
0x080C54DC	thumb	IsInDungeonMap
0x080C556C	thumb	SetHelpContextForMap
0x080C563C	thumb	HelpSystem_UpdateHasntSeenIntro
0x080C567C	thumb	HelpSystem_IsSinglePlayer
0x080C568C	thumb	HelpSystem_Disable
0x080C5698	thumb	HelpSystem_Enable
0x080C56C0	thumb	HelpSystem_DisableToggleWithRButton
0x080C56CC	thumb	HelpSystem_EnableToggleWithRButton
0x080C56D8	thumb	ResetHelpSystemListMenu
0x080C56EC	thumb	BuildAndPrintMainTopicsListMenu
0x080C5768	thumb	BuildMainTopicsListAndMoveToH00
0x080C57F4	thumb	BuildAndPrintSubmenuList
0x080C586C	thumb	SetHelpSystemSubmenuItems
0x080C59C0	thumb	HelpSystem_ShouldShowBasicTerms
0x080C59E4	thumb	IsHelpSystemSubmenuEnabled
0x080C5C0C	thumb	HasGottenAtLeastOneHM
0x080C5C80	thumb	RunHelpMenuSubroutine
0x080C5DAC	thumb	HelpSystemSubroutine_PrintWelcomeMessage
0x080C5DE8	thumb	HelpSystemSubroutine_WelcomeWaitButton
0x080C5E0C	thumb	HelpSystemSubroutine_WelcomeEndGotoMenu
0x080C5E2C	thumb	HelpSystemSubroutine_MenuInputHandlerMain
0x080C5E94	thumb	HelpMenuSubroutine_InitSubmenu
0x080C5EC4	thumb	HelpMenuSubroutine_ReturnFromSubmenu
0x080C5EF8	thumb	HelpMenuSubroutine_SubmenuInputHandler
0x080C5F34	thumb	HelpSystem_PrintTopicLabel
0x080C5F54	thumb	HelpMenuSubroutine_HelpItemPrint
0x080C6028	thumb	HelpMenuSubroutine_ReturnFromHelpItem
0x080C6050	thumb	HelpMenuSubroutine_HelpItemWaitButton
0x080C6080	thumb	PrintWelcomeMessageOnPanel1
0x080C6098	thumb	PrintTextOnPanel2Row52RightAlign
0x080C60AC	thumb	GetHelpSystemMenuLevel
0x080C60B8	thumb	ResetHelpSystemCursor
0x080C60C0	thumb	PrintHelpSystemTopicMouseoverDescription
0x080C60F8	thumb	Task_WaitFadeAndSetCallback
0x080C612C	thumb	HallOfFamePCBeginFade
0x080C6158	thumb	ReturnFromHallOfFamePC
0x080C6178	thumb	ReshowPCMenuAfterHallOfFamePC
0x080C61B0	thumb	Task_WaitForPaletteFade
0x080C61CC	thumb	ApplyImageProcessingEffects
0x080C62CC	thumb	ApplyImageEffect_RedChannelGrayscale
0x080C6380	thumb	ApplyImageEffect_RedChannelGrayscaleHighlight
0x080C6440	thumb	ApplyImageEffect_Pointillism
0x080C645C	thumb	ApplyImageEffect_Grayscale
0x080C6510	thumb	ApplyImageEffect_Blur
0x080C65EC	thumb	ApplyImageEffect_PersonalityColor
0x080C66CC	thumb	ApplyImageEffect_BlackAndWhite
0x080C679C	thumb	ApplyImageEffect_BlackOutline
0x080C69CC	thumb	ApplyImageEffect_Invert
0x080C6A90	thumb	ApplyImageEffect_Shimmer
0x080C6BE8	thumb	ApplyImageEffect_BlurRight
0x080C6CA0	thumb	ApplyImageEffect_BlurDown
0x080C6D6C	thumb	AddPointillismPoints
0x080C6F48	thumb	ConvertColorToGrayscale
0x080C6F74	thumb	QuantizePixel_PersonalityColor
0x080C6FB4	thumb	GetColorFromPersonality
0x080C7038	thumb	QuantizePixel_BlackAndWhite
0x080C7070	thumb	QuantizePixel_BlackOutline
0x080C7090	thumb	QuantizePixel_Invert
0x080C70B4	thumb	QuantizePixel_MotionBlur
0x080C71AC	thumb	QuantizePixel_Blur
0x080C72A4	thumb	QuantizePixel_BlurHard
0x080C7398	thumb	ConvertImageProcessingToGBA
0x080C750C	thumb	ApplyImageProcessingQuantization
0x080C7604	thumb	SetPresetPalette_PrimaryColors
0x080C768C	thumb	SetPresetPalette_BlackAndWhite
0x080C76A4	thumb	SetPresetPalette_GrayscaleSmall
0x080C76D8	thumb	SetPresetPalette_Grayscale
0x080C7704	thumb	QuantizePalette_Standard
0x080C7858	thumb	QuantizePalette_BlackAndWhite
0x080C7958	thumb	QuantizePalette_GrayscaleSmall
0x080C7A3C	thumb	QuantizePalette_Grayscale
0x080C7B0C	thumb	QuantizePalette_PrimaryColors
0x080C7BC0	thumb	QuantizePixel_Standard
0x080C7C40	thumb	QuantizePixel_PrimaryColors
0x080C7D30	thumb	QuantizePixel_GrayscaleSmall
0x080C7D60	thumb	QuantizePixel_Grayscale
0x080C7D88	thumb	VBlankCB_Copyright
0x080C7D9C	thumb	CB2_WaitFadeBeforeSetUpIntro
0x080C7DB8	thumb	LoadCopyrightGraphics
0x080C7DF8	thumb	SerialCB_CopyrightScreen
0x080C7E08	thumb	SetUpCopyrightScreen
0x080C8014	thumb	CB2_InitCopyrightScreenAfterBootup
0x080C8058	thumb	CB2_InitCopyrightScreenAfterTitleScreen
0x080C8064	thumb	CB2_SetUpIntro
0x080C81D8	thumb	CB2_Intro
0x080C81F0	thumb	VBlankCB_Intro
0x080C8204	thumb	Intro_ResetGpuRegs
0x080C8274	thumb	StartIntroSequence
0x080C82AC	thumb	SetIntroCB
0x080C82B4	thumb	Task_CallIntroCallback
0x080C82EC	thumb	IntroCB_Init
0x080C838C	thumb	IntroCB_GF_OpenWindow
0x080C8434	thumb	IntroCB_GF_Star
0x080C84A4	thumb	IntroCB_GF_RevealName
0x080C855C	thumb	IntroCB_GF_RevealLogo
0x080C86B8	thumb	IntroCB_Scene1
0x080C8888	thumb	Scene1_Task_AnimateGrass
0x080C8904	thumb	Scene1_StartGrassScrolling
0x080C8928	thumb	Scene1_Task_BgZoom
0x080C897C	thumb	IntroCB_Scene2
0x080C8BDC	thumb	Scene2_Task_PanForest
0x080C8BF8	thumb	Scene2_Task_PanMons
0x080C8C14	thumb	Scene2_CreateMonSprites
0x080C8C68	thumb	Scene2_DestroyMonSprites
0x080C8C88	thumb	IntroCB_Scene3_Entrance
0x080C8EA8	thumb	Scene3_Task_BgScroll
0x080C8EE0	thumb	Scene3_StartBgScroll
0x080C8EF4	thumb	Scene3_SlowBgScroll
0x080C8F18	thumb	Scene3_Task_GengarBounce
0x080C8F68	thumb	Scene3_PauseGengarBounce
0x080C8F8C	thumb	Scene3_ResumeGengarBounce
0x080C8FB0	thumb	Scene3_IsGengarMidBounce
0x080C8FD0	thumb	Scene3_CreateGrassSprite
0x080C9010	thumb	SpriteCB_Grass
0x080C90AC	thumb	IntroCB_Scene3_Fight
0x080C93AC	thumb	Scene3_CalcCenterToCornerVec
0x080C93C4	thumb	Scene3_CreateGengarSprite
0x080C947C	thumb	Scene3_NidorinoZoom
0x080C94B0	thumb	SpriteCB_Idle
0x080C94B4	thumb	Scene3_GengarZoom
0x080C94EC	thumb	IntroCB_ExitToTitleScreen
0x080C956C	thumb	GFScene_LoadGfxCreateStar
0x080C9654	thumb	GFScene_CreateStarSparkle
0x080C96FC	thumb	GFScene_StartNameSparklesSmall
0x080C9710	thumb	GFScene_Task_NameSparklesSmall
0x080C97CC	thumb	GFScene_StartNameSparklesBig
0x080C97E0	thumb	GFScene_Task_NameSparklesBig
0x080C9870	thumb	GFScene_CreateLogoSprite
0x080C9894	thumb	GFScene_CreatePresentsSprite
0x080C98E0	thumb	Scene3_StartGengarAttack
0x080C9920	thumb	Scene3_ApplyGengarAnim
0x080C995C	thumb	Scene3_Task_GengarAttack
0x080C9AE8	thumb	Scene3_CreateGengarSwipeSprites
0x080C9B4C	thumb	SpriteCB_GengarSwipe
0x080C9B7C	thumb	Scene3_Task_GengarEnter
0x080C9C18	thumb	SpriteCB_Star
0x080C9CD0	thumb	SpriteCB_SparklesSmall_Star
0x080C9D90	thumb	SpriteCB_SparklesSmall_Name
0x080C9E5C	thumb	SpriteCB_SparklesBig
0x080C9E70	thumb	Scene3_CreateNidorinoSprite
0x080C9E9C	thumb	Scene3_StartNidorinoEntrance
0x080C9ED8	thumb	Scene3_SpriteCB_NidorinoEnter
0x080C9F1C	thumb	Scene3_IsNidorinoEntering
0x080C9F30	thumb	Scene3_StartNidorinoCry
0x080C9F58	thumb	SpriteCB_NidorinoCry
0x080C9FE8	thumb	Scene3_StartNidorinoRecoil
0x080CA038	thumb	SpriteCB_NidorinoRecoil
0x080CA1BC	thumb	Scene3_NidorinoAnimIsRunning
0x080CA1D0	thumb	CreateNidorinoRecoilDustSprites
0x080CA260	thumb	SpriteCB_RecoilDust
0x080CA2F8	thumb	Scene3_StartNidorinoHop
0x080CA348	thumb	SpriteCB_NidorinoHop
0x080CA400	thumb	Scene3_StartNidorinoAttack
0x080CA45C	thumb	SpriteCB_NidorinoAttack
0x080CA52C	thumb	LoadFightSceneSpriteGraphics
0x080CA558	thumb	AGBPrintInit
0x080CA57C	thumb	AGBPutcInternal
0x080CA5D0	thumb	AGBPutc
0x080CA640	thumb	AGBPrint
0x080CA6EC	thumb	AGBPrintf
0x080CA70C	thumb	AGBPrintTransferDataInternal
0x080CA790	thumb	AGBPrintFlush1Block
0x080CA7E4	thumb	AGBPrintFlush
0x080CA850	thumb	AGBAssert
0x080CA8EC	thumb	ResetItemMenuIconState
0x080CA900	thumb	CreateBagSprite
0x080CA948	thumb	SetBagVisualPocketId
0x080CA97C	thumb	SpriteCB_BagVisualSwitchingPockets
0x080CA994	thumb	ShakeBagSprite
0x080CA9D0	thumb	SpriteCB_ShakeBagSprite
0x080CA9F4	thumb	CreateSwapLine
0x080CAA9C	thumb	SetSwapLineInvisibility
0x080CAAD8	thumb	UpdateSwapLinePos
0x080CAB14	thumb	TryAllocItemIconTilesBuffers
0x080CAB54	thumb	CopyItemIconPicTo4x4Buffer
0x080CAB84	thumb	AddItemIconObject
0x080CAC9C	thumb	AddItemIconObjectWithCustomObjectTemplate
0x080CADB4	thumb	CreateItemMenuIcon
0x080CAE08	thumb	DestroyItemMenuIcon
0x080CAE38	thumb	GetItemIconGfxPtr
0x080CAE5C	thumb	CreateBerryPouchItemIcon
0x080CAEB0	thumb	GoToBagMenu
0x080CAFA0	thumb	CB2_BagMenuFromStartMenu
0x080CAFB4	thumb	CB2_BagMenuFromBattle
0x080CAFC8	thumb	CB2_BagMenuRun
0x080CAFE4	thumb	VBlankCB_BagMenuRun
0x080CAFF8	thumb	CB2_OpenBagMenu
0x080CB018	thumb	LoadBagMenuGraphics
0x080CB238	thumb	FadeOutOfBagMenu
0x080CB278	thumb	Task_WaitFadeOutOfBagMenu
0x080CB2A8	thumb	NullBagMenuBufferPtrs
0x080CB2CC	thumb	BagMenuInitBgsAndAllocTilemapBuffer
0x080CB33C	thumb	DoLoadBagGraphics
0x080CB45C	thumb	CreateBagInputHandlerTask
0x080CB4D0	thumb	TryAllocListMenuBuffers
0x080CB504	thumb	Bag_BuildListMenuTemplate
0x080CB64C	thumb	BagListMenuGetItemNameColored
0x080CB690	thumb	BagListMenuMoveCursorFunc
0x080CB724	thumb	BagListMenuItemPrintFunc
0x080CB82C	thumb	bag_menu_print_cursor_
0x080CB84C	thumb	bag_menu_print_cursor
0x080CB8A4	thumb	PrintBagPocketName
0x080CB8CC	thumb	PrintItemDescriptionOnMessageWindow
0x080CB93C	thumb	CreatePocketScrollArrowPair
0x080CB984	thumb	CreatePocketSwitchArrowPair
0x080CB9B8	thumb	CreatePocketScrollArrowPair_SellQuantity
0x080CB9EC	thumb	CreateArrowPair_QuantitySelect
0x080CBA20	thumb	BagDestroyPocketScrollArrowPair
0x080CBA50	thumb	BagDestroyPocketSwitchArrowPair
0x080CBA70	thumb	ResetBagCursorPositions
0x080CBA8C	thumb	PocketCalculateInitialCursorPosAndItemsAbove
0x080CBAE0	thumb	CalculateInitialCursorPosAndItemsAbove
0x080CBB04	thumb	UpdatePocketScrollPositions
0x080CBB60	thumb	DestroyBagMenuResources
0x080CBBAC	thumb	ItemMenu_StartFadeToExitCallback
0x080CBBE4	thumb	Task_ItemMenu_WaitFadeAndSwitchToExitCallback
0x080CBC58	thumb	ShowBagOrBeginWin0OpenTask
0x080CBCF0	thumb	Bag_BeginCloseWin0Animation
0x080CBD20	thumb	CB2_SetUpReshowBattleScreenAfterMenu
0x080CBD2C	thumb	Task_AnimateWin0v
0x080CBD9C	thumb	MoveItemSlotInList
0x080CBDAC	thumb	Pocket_CalculateNItemsAndMaxShowed
0x080CBE14	thumb	All_CalculateNItemsAndMaxShowed
0x080CBE38	thumb	DisplayItemMessageInBag
0x080CBE98	thumb	ItemMenu_SetExitCallback
0x080CBEA4	thumb	GetSelectedItemIndex
0x080CBEC8	thumb	Task_BagMenu_HandleInput
0x080CC154	thumb	Task_ItemContextMenuByLocation
0x080CC198	thumb	Task_RedrawArrowsAndReturnToBagMenuSelect
0x080CC204	thumb	Bag_FillMessageBoxWithPalette
0x080CC22C	thumb	ProcessPocketSwitchInput
0x080CC2E0	thumb	SwitchPockets
0x080CC3C0	thumb	Task_AnimateSwitchPockets
0x080CC5D0	thumb	BeginMovingItemInPocket
0x080CC6CC	thumb	Task_MoveItemInPocket_HandleInput
0x080CC7A4	thumb	ExecuteMoveItemInPocket
0x080CC8AC	thumb	AbortMovingItemInPocket
0x080CC96C	thumb	InitQuantityToTossOrDeposit
0x080CCA44	thumb	UpdateQuantityToTossOrDeposit
0x080CCAA4	thumb	DrawItemListRow
0x080CCAE4	thumb	IsUnregisterableKeyItem
0x080CCB28	thumb	OpenContextMenu
0x080CCE24	thumb	Task_ItemContext_FieldOrBattle
0x080CCE4C	thumb	Task_FieldItemContextMenuHandleInput
0x080CCEA0	thumb	Task_ItemMenuAction_Use
0x080CCF10	thumb	Task_ItemMenuAction_Toss
0x080CCF7C	thumb	Task_ConfirmTossItems
0x080CCFEC	thumb	Task_TossItem_No
0x080CD084	thumb	Task_SelectQuantityToToss
0x080CD138	thumb	Task_TossItem_Yes
0x080CD1CC	thumb	Task_WaitAB_RedrawAndReturnToBag
0x080CD278	thumb	Task_ItemMenuAction_ToggleSelect
0x080CD308	thumb	Task_ItemMenuAction_Give
0x080CD3E8	thumb	Task_PrintThereIsNoPokemon
0x080CD404	thumb	Task_PrintItemCantBeHeld
0x080CD444	thumb	Task_WaitAButtonAndCloseContextMenu
0x080CD46C	thumb	Task_ReturnToBagFromContextMenu
0x080CD550	thumb	Task_UnusedReturnToBag
0x080CD610	thumb	Task_ItemMenuAction_Cancel
0x080CD6B0	thumb	Task_ItemMenuAction_BattleUse
0x080CD6FC	thumb	Task_ItemContext_FieldGive
0x080CD810	thumb	GoToTMCase_Give
0x080CD824	thumb	GoToBerryPouch_Give
0x080CD838	thumb	ReturnToBagMenuFromSubmenu_Give
0x080CD844	thumb	Task_ItemContext_PcBoxGive
0x080CD958	thumb	GoToTMCase_PCBox
0x080CD96C	thumb	GoToBerryPouch_PCBox
0x080CD980	thumb	ReturnToBagMenuFromSubmenu_PCBox
0x080CD994	thumb	Task_ItemContext_Sell
0x080CDA98	thumb	GoToTMCase_Sell
0x080CDAAC	thumb	GoToBerryPouch_Sell
0x080CDAC0	thumb	ReturnToBagMenuFromSubmenu_Sell
0x080CDAD4	thumb	Task_PrintSaleConfirmationText
0x080CDB44	thumb	Task_ShowSellYesNoMenu
0x080CDB58	thumb	Task_SellItem_No
0x080CDC04	thumb	Task_InitSaleQuantitySelectInterface
0x080CDCEC	thumb	UpdateSalePriceDisplay
0x080CDD10	thumb	Task_SelectQuantityToSell
0x080CDE00	thumb	Task_SellItem_Yes
0x080CDE8C	thumb	Task_FinalizeSaleToShop
0x080CDF9C	thumb	Task_WaitPressAB_AfterSell
0x080CDFDC	thumb	Task_ItemContext_Deposit
0x080CE020	thumb	Task_SelectQuantityToDeposit
0x080CE0CC	thumb	Task_TryDoItemDeposit
0x080CE198	thumb	UseRegisteredKeyItemOnField
0x080CE228	thumb	BagIsTutorial
0x080CE240	thumb	BackUpPlayerBag
0x080CE35C	thumb	RestorePlayerBag
0x080CE410	thumb	InitOldManBag
0x080CE438	thumb	Task_Bag_OldManTutorial
0x080CE560	thumb	Task_Pokedude_FadeFromBag
0x080CE598	thumb	Task_Pokedude_WaitFadeAndExitBag
0x080CE5EC	thumb	InitPokedudeBag
0x080CE660	thumb	Task_BButtonInterruptTeachyTv
0x080CE6AC	thumb	Task_Bag_TeachyTvRegister
0x080CE8D0	thumb	Task_Bag_TeachyTvCatching
0x080CEA94	thumb	Task_Bag_TeachyTvStatus
0x080CEBF4	thumb	Task_Bag_TeachyTvTMs
0x080CED48	thumb	BagMenu_Print
0x080CEDB4	thumb	AddBagSortSubMenu
0x080CEF10	thumb	Task_FieldItemSortMenuHandleInput
0x080CEF70	thumb	Task_LoadBagSortOptions
0x080CEF94	thumb	ItemMenu_SortByName
0x080CEFCC	thumb	ItemMenu_SortByType
0x080CF004	thumb	ItemMenu_SortByAmount
0x080CF03C	thumb	ItemMenu_SortByNumber
0x080CF074	thumb	SortBagItems
0x080CF134	thumb	Task_SortFinish
0x080CF178	thumb	SortItemsInBag
0x080CF23C	thumb	MergeSort
0x080CF24C	thumb	Merge
0x080CF318	thumb	CompareItemsAlphabetically
0x080CF364	thumb	CompareItemsByMost
0x080CF3A4	thumb	CompareItemsById
0x080CF3CC	thumb	CompareItemsByType
0x080CF418	thumb	MoveItemSlotInList.part.0
0x080CF488	thumb	MergeSort.part.0
0x080CF4D8	thumb	ItemPc_Init
0x080CF4F4	thumb	ItemPc_MainCB
0x080CF510	thumb	ItemPc_VBlankCB
0x080CF524	thumb	ItemPc_RunSetup
0x080CF53C	thumb	ItemPc_DoGfxSetup
0x080CF6F8	thumb	ItemPc_FadeAndBail
0x080CF734	thumb	Task_ItemPcWaitFadeAndBail
0x080CF764	thumb	ItemPc_InitBgs
0x080CF7D4	thumb	ItemPc_LoadGraphics
0x080CF884	thumb	ItemPc_AllocateResourcesForListMenu
0x080CF8F0	thumb	ItemPc_BuildListMenuTemplate
0x080CF9B4	thumb	ItemPc_MoveCursorFunc
0x080CFA7C	thumb	ItemPc_ItemPrintFunc
0x080CFB20	thumb	ItemPc_PrintOrRemoveCursor
0x080CFB40	thumb	ItemPc_PrintOrRemoveCursorAt
0x080CFBA4	thumb	ItemPc_PrintWithdrawItem
0x080CFBD4	thumb	ItemPc_PlaceTopMenuScrollIndicatorArrows
0x080CFC10	thumb	ItemPc_PlaceWithdrawQuantityScrollIndicatorArrows
0x080CFC48	thumb	ItemPc_RemoveScrollIndicatorArrowPair
0x080CFC68	thumb	ItemPc_SetCursorPosition
0x080CFCA8	thumb	ItemPc_FreeResources
0x080CFCF4	thumb	Task_ItemPcTurnOff1
0x080CFD48	thumb	Task_ItemPcTurnOff2
0x080CFDBC	thumb	ItemPc_GetCursorPosition
0x080CFDD0	thumb	ItemPc_GetItemIdBySlotId
0x080CFDE8	thumb	ItemPc_GetItemQuantityBySlotId
0x080CFE0C	thumb	ItemPc_CountPcItems
0x080CFE58	thumb	ItemPc_SetScrollPosition
0x080CFE70	thumb	ItemPc_SetMessageWindowPalette
0x080CFE98	thumb	ItemPc_SetInitializedFlag
0x080CFEA4	thumb	Task_ItemPcMain
0x080CFFEC	thumb	ItemPc_ReturnFromSubmenu
0x080D0030	thumb	ItemPc_MoveItemModeInit
0x080D0100	thumb	Task_ItemPcMoveItemModeRun
0x080D0194	thumb	ItemPc_InsertItemIntoNewSlot
0x080D0240	thumb	ItemPc_MoveItemModeCancel
0x080D02C0	thumb	Task_ItemPcSubmenuInit
0x080D03DC	thumb	Task_ItemPcSubmenuRun
0x080D041C	thumb	Task_ItemPcWithdraw
0x080D04EC	thumb	ItemPc_DoWithdraw
0x080D0608	thumb	Task_ItemPcWaitButtonAndFinishWithdrawMultiple
0x080D0654	thumb	Task_ItemPcWaitButtonWithdrawMultipleFailed
0x080D0678	thumb	Task_ItemPcCleanUpWithdraw
0x080D0714	thumb	ItemPc_WithdrawMultipleInitWindow
0x080D07E0	thumb	UpdateWithdrawQuantityDisplay
0x080D0848	thumb	Task_ItemPcHandleWithdrawMultiple
0x080D09A4	thumb	Task_ItemPcGive
0x080D0A34	thumb	ItemPc_CB2_SwitchToPartyMenu
0x080D0A88	thumb	ItemPc_CB2_ReturnFromPartyMenu
0x080D0A98	thumb	gTask_ItemPcWaitButtonAndExitSubmenu
0x080D0B1C	thumb	Task_ItemPcCancel
0x080D0BB0	thumb	ItemPc_InitWindows
0x080D0C34	thumb	unused_ItemPc_AddTextPrinterParameterized
0x080D0CBC	thumb	ItemPc_AddTextPrinterParameterized
0x080D0D28	thumb	ItemPc_SetBorderStyleOnWindow
0x080D0D40	thumb	ItemPc_GetOrCreateSubwindow
0x080D0D80	thumb	ItemPc_DestroySubwindow
0x080D0DAC	thumb	ItemPc_GetSubwindow
0x080D0DBC	thumb	ItemPc_PrintOnWindow5WithContinueTask
0x080D0DF4	thumb	ItemPc_Init.part.0
0x080D0E44	thumb	ItemPc_SetScrollPosition.part.0
0x080D0EA0	thumb	SetUpItemUseCallback
0x080D0F20	thumb	SetUpItemUseOnFieldCallback
0x080D0F60	thumb	FieldCB_FadeInFromBlack
0x080D0F78	thumb	Task_WaitFadeIn_CallItemUseOnFieldCB
0x080D0F9C	thumb	DisplayItemMessageInCurrentContext
0x080D0FE8	thumb	PrintNotTheTimeToUseThat
0x080D1030	thumb	Task_ItemUse_CloseMessageBoxAndReturnToField
0x080D1054	thumb	CheckIfItemIsTMHMOrEvolutionStone
0x080D1084	thumb	SetFieldCallback2ForItemUse
0x080D1094	thumb	FieldCB2_UseItemFromField
0x080D10C0	thumb	Task_ItemUseWaitForFade
0x080D10E4	thumb	FieldUseFunc_Mail
0x080D1100	thumb	CB2_CheckMail
0x080D1124	thumb	FieldUseFunc_Bike
0x080D1258	thumb	ItemUseOnFieldCB_Bicycle
0x080D128C	thumb	FieldUseFunc_Rod
0x080D131C	thumb	CanFish
0x080D139C	thumb	ItemUseOnFieldCB_Rod
0x080D13C0	thumb	ItemUseOutOfBattle_Itemfinder
0x080D1414	thumb	FieldUseFunc_CoinCase
0x080D14A8	thumb	FieldUseFunc_PowderJar
0x080D153C	thumb	FieldUseFunc_SootSack
0x080D15D4	thumb	GetAshCount
0x080D15E8	thumb	FieldUseFunc_PokeFlute
0x080D16BC	thumb	Task_PlayPokeFlute
0x080D16E4	thumb	Task_DisplayPokeFluteMessage
0x080D1738	thumb	DoSetUpItemUseCallback
0x080D1748	thumb	FieldUseFunc_Medicine
0x080D1764	thumb	FieldUseFunc_Ether
0x080D1780	thumb	FieldUseFunc_PpUp
0x080D179C	thumb	FieldUseFunc_RareCandy
0x080D17B8	thumb	FieldUseFunc_EvoItem
0x080D17D4	thumb	FieldUseFunc_SacredAsh
0x080D17F0	thumb	FieldUseFunc_TmCase
0x080D1838	thumb	InitTMCaseFromBag
0x080D184C	thumb	Task_InitTMCaseFromField
0x080D188C	thumb	FieldUseFunc_BerryPouch
0x080D18D4	thumb	InitBerryPouchFromBag
0x080D18E8	thumb	Task_InitBerryPouchFromField
0x080D1928	thumb	BattleUseFunc_BerryPouch
0x080D1944	thumb	InitBerryPouchFromBattle
0x080D1958	thumb	FieldUseFunc_TeachyTv
0x080D19C8	thumb	InitTeachyTvFromBag
0x080D19DC	thumb	Task_InitTeachyTvFromField
0x080D1A18	thumb	FieldUseFunc_Repel
0x080D1A64	thumb	Task_UseRepel
0x080D1AD8	thumb	RemoveUsedItem
0x080D1B20	thumb	FieldUseFunc_BlackWhiteFlute
0x080D1BC4	thumb	Task_UsedBlackWhiteFlute
0x080D1C08	thumb	CanUseEscapeRopeOnCurrMap
0x080D1C18	thumb	ItemUseOutOfBattle_EscapeRope
0x080D1CE0	thumb	ItemUseOnFieldCB_EscapeRope
0x080D1D1C	thumb	Task_UseDigEscapeRopeOnField
0x080D1D38	thumb	FieldUseFunc_TownMap
0x080D1D80	thumb	UseTownMapFromBag
0x080D1D94	thumb	Task_UseTownMapFromField
0x080D1DD0	thumb	FieldUseFunc_FameChecker
0x080D1E40	thumb	UseFameCheckerFromBag
0x080D1E50	thumb	Task_UseFameCheckerFromField
0x080D1E8C	thumb	FieldUseFunc_VsSeeker
0x080D1F60	thumb	Task_ItemUse_CloseMessageBoxAndReturnToField_VsSeeker
0x080D1F84	thumb	BattleUseFunc_PokeBallEtc
0x080D1FC8	thumb	BattleUseFunc_PokeFlute
0x080D1FE0	thumb	BattleUseFunc_StatBooster
0x080D2050	thumb	Task_BattleUse_StatBooster_DelayAndPrint
0x080D20A8	thumb	Task_BattleUse_StatBooster_WaitButton_ReturnToBattle
0x080D20CC	thumb	ItemUse_SwitchToPartyMenuInBattle
0x080D2108	thumb	BattleUseFunc_Medicine
0x080D2150	thumb	BattleUseFunc_SacredAsh
0x080D2198	thumb	BattleUseFunc_Ether
0x080D21E0	thumb	BattleUseFunc_PokeDoll
0x080D2258	thumb	ItemUseOutOfBattle_EnigmaBerry
0x080D233C	thumb	ItemUseInBattle_EnigmaBerry
0x080D23C8	thumb	FieldUseFunc_OakStopsYou
0x080D2448	thumb	ItemUse_SetQuestLogEvent
0x080D249C	thumb	ItemUseOutOfBattle_ReduceEV
0x080D24BC	thumb	GetBagItemQuantity
0x080D24D0	thumb	SetBagItemQuantity
0x080D24E4	thumb	GetPcItemQuantity
0x080D24E8	thumb	SetPcItemQuantity
0x080D24EC	thumb	ApplyNewEncryptionKeyToBagItems
0x080D2524	thumb	ApplyNewEncryptionKeyToBagItems_
0x080D255C	thumb	DeserializeTmHmItemSlots
0x080D25C8	thumb	DeserializeKeyItemSlots
0x080D2670	thumb	SetBagPocketsPointers
0x080D26E0	thumb	CopyItemName
0x080D272C	thumb	BagPocketGetFirstEmptySlot
0x080D2760	thumb	IsPocketNotEmpty
0x080D2790	thumb	CheckBagHasItem
0x080D2804	thumb	HasAtLeastOneBerry
0x080D2840	thumb	CheckBagHasSpace
0x080D28DC	thumb	SetTmHmOwned
0x080D2910	thumb	AddBagItem
0x080D2B0C	thumb	RemoveTMItemBall
0x080D2B34	thumb	RemoveBagItem
0x080D2BC0	thumb	GetPocketByItemId
0x080D2BE0	thumb	ClearItemSlots
0x080D2C10	thumb	ClearPCItemSlots
0x080D2C30	thumb	ClearBag
0x080D2C74	thumb	PCItemsGetFirstEmptySlot
0x080D2CA0	thumb	CountItemsInPC
0x080D2CCC	thumb	CheckPCHasItem
0x080D2D0C	thumb	AddPCItem
0x080D2D84	thumb	RemovePCItem
0x080D2DD4	thumb	ItemPcCompaction
0x080D2E1C	thumb	RegisteredItemHandleBikeSwap
0x080D2E50	thumb	SwapItemSlots
0x080D2E5C	thumb	BagPocketCompaction
0x080D2EE0	thumb	SortPocketAndPlaceHMsFirst
0x080D3000	thumb	SortAndCompactBagPocket
0x080D309C	thumb	BagGetItemIdByPocketPosition
0x080D30B4	thumb	BagGetQuantityByPocketPosition
0x080D30DC	thumb	BagGetQuantityByItemId
0x080D3140	thumb	TrySetObtainedItemQuestLogEvent
0x080D31C0	thumb	SanitizeItemId
0x080D31D4	thumb	ItemId_GetName
0x080D31F4	thumb	ItemId_GetId
0x080D3214	thumb	ItemId_GetPrice
0x080D3234	thumb	ItemId_GetHoldEffect
0x080D3254	thumb	ItemId_GetHoldEffectParam
0x080D3274	thumb	ItemId_GetDescription
0x080D3298	thumb	ItemId_GetImportance
0x080D32CC	thumb	ItemId_GetRegistrability
0x080D32EC	thumb	ItemId_GetPocket
0x080D330C	thumb	ItemId_GetType
0x080D332C	thumb	ItemId_GetFieldFunc
0x080D3350	thumb	ItemId_GetBattleUsage
0x080D3370	thumb	ItemId_GetBattleFunc
0x080D3390	thumb	ItemId_GetSecondaryId
0x080D33B0	thumb	CheckAssetsForSoftlock
0x080D3488	thumb	RemoveTMItemBall.part.0
0x080D36D4	thumb	ItemUseOnFieldCB_Itemfinder
0x080D3748	thumb	Task_NoResponse_CleanUp
0x080D376C	thumb	Task_ItemfinderResponseSoundsAndAnims
0x080D3838	thumb	Task_ItemfinderUnderfootSoundsAndAnims
0x080D389C	thumb	HiddenItemIsWithinRangeOfPlayer
0x080D39D4	thumb	SetUnderfootHiddenItem
0x080D3A30	thumb	SetNormalHiddenItem
0x080D3A98	thumb	HiddenItemAtPos
0x080D3AF4	thumb	HiddenItemInConnectedMapAtPos
0x080D3B94	thumb	FindHiddenItemsInConnectedMaps
0x080D3CCC	thumb	RegisterHiddenItemRelativeCoordsIfCloser
0x080D3D7C	thumb	GetPlayerDirectionTowardsHiddenItem
0x080D3DD4	thumb	Task_ItemfinderResponsePrintMessage
0x080D3DF0	thumb	Task_ItemfinderResponseCleanUp
0x080D3E1C	thumb	Task_ItemfinderUnderfootPrintMessage
0x080D3E38	thumb	Task_ItemfinderUnderfootDigUpItem
0x080D3E60	thumb	LoadArrowAndStarTiles
0x080D3E70	thumb	DestroyArrowAndStarTiles
0x080D3E80	thumb	CreateArrowSprite
0x080D3F78	thumb	SpriteCallback_Arrow
0x080D3FC8	thumb	SpriteCallback_DestroyArrow
0x080D3FDC	thumb	CreateStarSprite
0x080D4038	thumb	SpriteCallback_Star
0x080D4088	thumb	SpriteCallback_DestroyStar
0x080D4094	thumb	CB2_InitKeySystemMenu
0x080D40AC	thumb	VBlankCB_KeySystemMenu
0x080D40C0	thumb	CB2_KeySystemMenuFromContinueScreen
0x080D41A0	thumb	KeySystemMenu_InitCallbacks
0x080D41B4	thumb	KeySystemMenu_SetVBlankCallback
0x080D41C4	thumb	CB2_KeySystemMenu
0x080D42B0	thumb	SetKeySystemMenuTask
0x080D42CC	thumb	InitKeySystemMenuBg
0x080D4410	thumb	KeySystemMenu_PickSwitchCancel
0x080D44A8	thumb	KeySystemMenu_ResetSpriteData
0x080D44C4	thumb	LoadKeySystemMenuPalette
0x080D4554	thumb	Task_KeySystemMenu
0x080D46C4	thumb	KeySystemMenu_ProcessInput
0x080D4800	thumb	BufferKeySystemMenuString
0x080D4918	thumb	CloseAndSaveKeySystemMenu
0x080D49EC	thumb	PrintKeySystemMenuHeader
0x080D4A40	thumb	DrawKeySystemMenuBg
0x080D4BA0	thumb	LoadKeySystemMenuItemNames
0x080D4C44	thumb	UpdateSettingSelectionDisplay
0x080D4C7C	thumb	VBlankCB_MoveRelearner
0x080D4C90	thumb	DisplayMoveTutorMenu
0x080D4CBC	thumb	Task_InitMoveRelearnerMenu
0x080D4CF4	thumb	MoveRelearnerLoadBgGfx
0x080D4DE0	thumb	CB2_MoveRelearner_Init
0x080D4E54	thumb	CB2_MoveRelearner_Resume
0x080D4EC0	thumb	CB2_MoveRelearner
0x080D4F18	thumb	StringExpandPlaceholdersAndPrintTextOnWindow7Color2
0x080D4F48	thumb	MoveRelearnerStateMachine
0x080D54E8	thumb	DrawTextBorderOnWindows6and7
0x080D5504	thumb	PrintTeachWhichMoveToStrVar1
0x080D554C	thumb	InitMoveRelearnerStateVariables
0x080D557C	thumb	SpriteCB_ListMenuScrollIndicators
0x080D55C4	thumb	SpawnListMenuScrollIndicatorSprites
0x080D5674	thumb	MoveRelearnerInitListMenuBuffersEtc
0x080D57B8	thumb	MoveRelearnerMenuHandleInput
0x080D58D8	thumb	MoveLearnerInitListMenu
0x080D5914	thumb	PrintMoveInfo
0x080D5A48	thumb	LoadMoveInfoUI
0x080D5AC4	thumb	PrintMoveInfoHandleCancel_CopyToVram
0x080D5B34	thumb	MoveRelearnerMenu_MoveCursorFunc
0x080D5B68	thumb	YesNoMenuProcessInput
0x080D5B8C	thumb	PrintTextOnWindow
0x080D5C3C	arm	IntrSIO32
0x080D5C74	arm	sio32intr_clock_master
0x080D5F30	arm	sio32intr_clock_slave
0x080D62FC	arm	handshake_wait
0x080D6354	arm	STWI_set_timer_in_RAM
0x080D6428	arm	STWI_stop_timer_in_RAM
0x080D6458	arm	STWI_init_slave
0x080D64A4	arm	Callback_Dummy_M
0x080D64A8	arm	Callback_Dummy_S
0x080D64AC	arm	Callback_Dummy_ID
0x080D64B0	thumb	rfu_initializeAPI
0x080D65E0	thumb	rfu_STC_clearAPIVariables
0x080D6670	thumb	rfu_REQ_PARENT_resumeRetransmitAndChange
0x080D6684	thumb	rfu_UNI_PARENT_getDRAC_ACK
0x080D66D0	thumb	rfu_setTimerInterrupt
0x080D66E4	thumb	rfu_getSTWIRecvBuffer
0x080D66F4	thumb	rfu_setMSCCallback
0x080D6700	thumb	rfu_setREQCallback
0x080D6724	thumb	rfu_enableREQCallback
0x080D6740	thumb	rfu_STC_REQ_callback
0x080D677C	thumb	rfu_CB_defaultCallback
0x080D67E0	thumb	rfu_waitREQComplete
0x080D67F4	thumb	rfu_REQ_RFUStatus
0x080D6808	thumb	rfu_getRFUStatus
0x080D6844	thumb	rfu_MBOOT_CHILD_inheritanceLinkStatus
0x080D68C0	thumb	rfu_REQ_stopMode
0x080D6994	thumb	rfu_CB_stopMode
0x080D69E0	thumb	rfu_REQBN_softReset_and_checkID
0x080D6A18	thumb	rfu_REQ_reset
0x080D6A2C	thumb	rfu_CB_reset
0x080D6A74	thumb	rfu_REQ_configSystem
0x080D6AD4	thumb	rfu_REQ_configGameData
0x080D6B3C	thumb	rfu_CB_configGameData
0x080D6BDC	thumb	rfu_REQ_startSearchChild
0x080D6C4C	thumb	rfu_CB_startSearchChild
0x080D6C94	thumb	rfu_STC_clearLinkStatus
0x080D6CE0	thumb	rfu_REQ_pollSearchChild
0x080D6CF4	thumb	rfu_REQ_endSearchChild
0x080D6D08	thumb	rfu_CB_pollAndEndSearchChild
0x080D6DB8	thumb	rfu_STC_readChildList
0x080D6EBC	thumb	rfu_REQ_startSearchParent
0x080D6ED0	thumb	rfu_CB_startSearchParent
0x080D6F18	thumb	rfu_REQ_pollSearchParent
0x080D6F2C	thumb	rfu_CB_pollSearchParent
0x080D6F74	thumb	rfu_REQ_endSearchParent
0x080D6F88	thumb	rfu_STC_readParentCandidateList
0x080D708C	thumb	rfu_REQ_startConnectParent
0x080D70FC	thumb	rfu_REQ_pollConnectParent
0x080D7110	thumb	rfu_CB_pollConnectParent
0x080D7220	thumb	rfu_getConnectParentStatus
0x080D7254	thumb	rfu_REQ_endConnectParent
0x080D7288	thumb	rfu_syncVBlank
0x080D7330	thumb	rfu_REQBN_watchLink
0x080D76B8	thumb	rfu_STC_removeLinkData
0x080D7748	thumb	rfu_REQ_disconnect
0x080D77DC	thumb	rfu_CB_disconnect
0x080D794C	thumb	rfu_REQ_CHILD_startConnectRecovery
0x080D799C	thumb	rfu_REQ_CHILD_pollConnectRecovery
0x080D79B0	thumb	rfu_CB_CHILD_pollConnectRecovery
0x080D7A84	thumb	rfu_CHILD_getConnectRecoveryStatus
0x080D7AAC	thumb	rfu_REQ_CHILD_endConnectRecovery
0x080D7AC0	thumb	rfu_STC_fastCopy
0x080D7AE4	thumb	rfu_REQ_changeMasterSlave
0x080D7B34	thumb	rfu_getMasterSlave
0x080D7B74	thumb	rfu_clearAllSlot
0x080D7C0C	thumb	rfu_STC_releaseFrame
0x080D7C5C	thumb	rfu_clearSlot
0x080D7E30	thumb	rfu_setRecvBuffer
0x080D7E78	thumb	rfu_NI_setSendData
0x080D7E9C	thumb	rfu_UNI_setSendData
0x080D7ED8	thumb	rfu_NI_CHILD_setSendGameName
0x080D7F08	thumb	rfu_STC_setSendData_org
0x080D80EC	thumb	rfu_changeSendTarget
0x080D820C	thumb	rfu_NI_stopReceivingData
0x080D8278	thumb	rfu_UNI_changeAndReadySendData
0x080D8308	thumb	rfu_UNI_readySendData
0x080D8330	thumb	rfu_UNI_clearRecvNewDataFlag
0x080D8348	thumb	rfu_REQ_sendData
0x080D8454	thumb	rfu_CB_sendData
0x080D8520	thumb	rfu_CB_sendData2
0x080D8558	thumb	rfu_CB_sendData3
0x080D85C0	thumb	rfu_constructSendLLFrame
0x080D8710	thumb	rfu_STC_NI_constructLLSF
0x080D8884	thumb	rfu_STC_UNI_constructLLSF
0x080D895C	thumb	rfu_REQ_recvData
0x080D8998	thumb	rfu_CB_recvData
0x080D8AC0	thumb	rfu_STC_PARENT_analyzeRecvPacket
0x080D8B4C	thumb	rfu_STC_CHILD_analyzeRecvPacket
0x080D8B98	thumb	rfu_STC_analyzeLLSF
0x080D8D98	thumb	rfu_STC_UNI_receive
0x080D8E2C	thumb	rfu_STC_NI_receive_Sender
0x080D8FB0	thumb	rfu_STC_NI_receive_Receiver
0x080D911C	thumb	rfu_STC_NI_initSlot_asRecvControllData
0x080D91A0	thumb	rfu_STC_NI_initSlot_asRecvDataEntity
0x080D9234	thumb	rfu_NI_checkCommFailCounter
0x080D92DC	thumb	rfu_REQ_noise
0x080D92F8	thumb	AgbRFU_checkID
0x080D93BC	thumb	Sio32IDInit
0x080D9430	thumb	Sio32IDMain
0x080D9500	thumb	Sio32IDIntr
0x080D9620	thumb	STWI_init_all
0x080D96D0	thumb	STWI_init_timer
0x080D9710	thumb	AgbRFU_SoftReset
0x080D9798	thumb	STWI_set_MS_mode
0x080D97A8	thumb	STWI_read_status
0x080D97EC	thumb	STWI_init_Callback_M
0x080D97FC	thumb	STWI_init_Callback_S
0x080D980C	thumb	STWI_set_Callback_M
0x080D9818	thumb	STWI_set_Callback_S
0x080D9824	thumb	STWI_set_Callback_ID
0x080D9830	thumb	STWI_poll_CommandEnd
0x080D9844	thumb	STWI_send_ResetREQ
0x080D9864	thumb	STWI_send_LinkStatusREQ
0x080D9884	thumb	STWI_send_VersionStatusREQ
0x080D98A4	thumb	STWI_send_SystemStatusREQ
0x080D98C4	thumb	STWI_send_SlotStatusREQ
0x080D98E4	thumb	STWI_send_ConfigStatusREQ
0x080D9904	thumb	STWI_send_GameConfigREQ
0x080D9958	thumb	STWI_send_SystemConfigREQ
0x080D9990	thumb	STWI_send_SC_StartREQ
0x080D99B0	thumb	STWI_send_SC_PollingREQ
0x080D99D0	thumb	STWI_send_SC_EndREQ
0x080D99F0	thumb	STWI_send_SP_StartREQ
0x080D9A10	thumb	STWI_send_SP_PollingREQ
0x080D9A30	thumb	STWI_send_SP_EndREQ
0x080D9A50	thumb	STWI_send_CP_StartREQ
0x080D9A7C	thumb	STWI_send_CP_PollingREQ
0x080D9A9C	thumb	STWI_send_CP_EndREQ
0x080D9ABC	thumb	STWI_send_DataTxREQ
0x080D9AFC	thumb	STWI_send_DataTxAndChangeREQ
0x080D9B3C	thumb	STWI_send_DataRxREQ
0x080D9B5C	thumb	STWI_send_MS_ChangeREQ
0x080D9B7C	thumb	STWI_send_DataReadyAndChangeREQ
0x080D9BB4	thumb	STWI_send_DisconnectedAndChangeREQ
0x080D9BEC	thumb	STWI_send_ResumeRetransmitAndChangeREQ
0x080D9C0C	thumb	STWI_send_DisconnectREQ
0x080D9C38	thumb	STWI_send_TestModeREQ
0x080D9C6C	thumb	STWI_send_CPR_StartREQ
0x080D9CA8	thumb	STWI_send_CPR_PollingREQ
0x080D9CC8	thumb	STWI_send_CPR_EndREQ
0x080D9CE8	thumb	STWI_send_StopModeREQ
0x080D9D08	thumb	STWI_intr_timer
0x080D9DA0	thumb	STWI_set_timer
0x080D9E2C	thumb	STWI_stop_timer
0x080D9E4C	thumb	STWI_init
0x080D9EE8	thumb	STWI_start_Command
0x080D9F58	thumb	STWI_restart_Command
0x080D9FC8	thumb	STWI_reset_ClockCounter
0x080DA004	thumb	Debug_PrintString
0x080DA008	thumb	Debug_PrintNum
0x080DA00C	thumb	ResetLinkRfuGFLayer
0x080DA0C8	thumb	InitRFU
0x080DA130	thumb	InitRFUAPI
0x080DA178	thumb	Task_ParentSearchForChildren
0x080DA234	thumb	Rfu_GetIndexOfNewestChild
0x080DA244	thumb	SetLinkPlayerIdsFromSlots
0x080DA2D8	thumb	Task_ChildSearchForParent
0x080DA3D0	thumb	InitChildRecvBuffers
0x080DA410	thumb	InitParentSendData
0x080DA478	thumb	Task_UnionRoomListen
0x080DA5CC	thumb	LinkRfu_CreateConnectionAsParent
0x080DA5E4	thumb	LinkRfu_StopManagerBeforeEnteringChat
0x080DA5F0	thumb	MscCallback_Child
0x080DA670	thumb	MSCCallback_Parent
0x080DA684	thumb	LinkRfu_Shutdown
0x080DA71C	thumb	CreateTask_ParentSearchForChildren
0x080DA74C	thumb	CanTryReconnectParent
0x080DA768	thumb	TryReconnectParent
0x080DA7A8	thumb	CreateTask_ChildSearchForParent
0x080DA7D8	thumb	LmanAcceptSlotFlagIsNotZero
0x080DA7E8	thumb	LinkRfu_StopManagerAndFinalizeSlots
0x080DA804	thumb	WaitRfuState
0x080DA824	thumb	StopUnionRoomLinkManager
0x080DA830	thumb	ReadySendDataForSlots
0x080DA854	thumb	ReadAllPlayerRecvCmds
0x080DA8A8	thumb	MoveSendCmdToRecv
0x080DA8D4	thumb	UpdateBackupQueue
0x080DA93C	thumb	IsRfuRecvQueueEmpty
0x080DA978	thumb	RfuMain1_Parent
0x080DAA4C	thumb	RfuMain2_Parent
0x080DACA8	thumb	ChildBuildSendCmd
0x080DACF4	thumb	RfuMain1_Child
0x080DAE60	thumb	HandleSendFailure
0x080DAF38	thumb	Rfu_SetBlockReceivedFlag
0x080DAF5C	thumb	Rfu_ResetBlockReceivedFlag
0x080DAF7C	thumb	LoadLinkPlayerIds
0x080DAFC4	thumb	SendKeysToRfu
0x080DB010	thumb	GetHostRfuGameData
0x080DB018	thumb	IsSendingKeysToRfu
0x080DB030	thumb	StartSendingKeysToRfu
0x080DB064	thumb	ClearLinkRfuCallback
0x080DB070	thumb	RfuHandleReceiveCommand
0x080DB3EC	thumb	AreAllPlayersReadyToReceive
0x080DB40C	thumb	AreAllPlayersFinishedReceiving
0x080DB444	thumb	ResetSendDataManager
0x080DB454	thumb	Rfu_GetBlockReceivedStatus
0x080DB488	thumb	RfuPrepareSendBuffer
0x080DB578	thumb	Rfu_SendPacket
0x080DB5AC	thumb	Rfu_InitBlockSend
0x080DB678	thumb	HandleBlockSend
0x080DB6D8	thumb	SendNextBlock
0x080DB73C	thumb	SendLastBlock
0x080DB7D4	thumb	Rfu_SendBlockRequest
0x080DB7F0	thumb	RfuShutdownAfterDisconnect
0x080DB818	thumb	DisconnectRfu
0x080DB854	thumb	TryDisconnectRfu
0x080DB880	thumb	LinkRfu_FatalError
0x080DB8B0	thumb	WaitAllReadyToCloseLink
0x080DB914	thumb	SendReadyCloseLink
0x080DB94C	thumb	Task_TryReadyCloseLink
0x080DB97C	thumb	Rfu_SetCloseLinkCallback
0x080DB9A0	thumb	SendReadyExitStandbyUntilAllReady
0x080DBA24	thumb	LinkLeaderReadyToExitStandby
0x080DBA5C	thumb	Rfu_LinkStandby
0x080DBAEC	thumb	Rfu_SetLinkStandbyCallback
0x080DBB08	thumb	IsRfuSerialNumberValid
0x080DBB2C	thumb	Rfu_SetLinkRecovery
0x080DBB4C	thumb	Rfu_StopPartnerSearch
0x080DBB68	thumb	Rfu_GetMultiplayerId
0x080DBB84	thumb	Rfu_GetLinkPlayerCount
0x080DBB90	thumb	IsLinkRfuTaskFinished
0x080DBBA0	thumb	CallRfuFunc
0x080DBBB8	thumb	CheckForLeavingGroupMembers
0x080DBC68	thumb	RfuTryDisconnectLeavingChildren
0x080DBCC8	thumb	HasTrainerLeftPartnersList
0x080DBCF0	thumb	SendRfuStatusToPartner
0x080DBD3C	thumb	SendLeaveGroupNotice
0x080DBD78	thumb	WaitSendRfuStatusToPartner
0x080DBDA4	thumb	UpdateChildStatuses
0x080DBDEC	thumb	GetJoinGroupStatus
0x080DBE88	thumb	Task_PlayerExchange
0x080DC0AC	thumb	ClearSelectedLinkPlayerIds
0x080DC0D8	thumb	ReceiveRfuLinkPlayers
0x080DC140	thumb	ValidateAndReceivePokemonSioInfo
0x080DC180	thumb	Task_PlayerExchangeUpdate
0x080DC360	thumb	Task_PlayerExchangeChat
0x080DC400	thumb	RfuCheckErrorStatus
0x080DC4C8	thumb	RfuMain1_UnionRoom
0x080DC4EC	thumb	RfuMain1
0x080DC54C	thumb	RfuMain2
0x080DC578	thumb	SetHostRfuUsername
0x080DC590	thumb	ResetHostRfuGameData
0x080DC5B4	thumb	SetHostRfuGameData
0x080DC5CC	thumb	SetHostRfuWonderFlags
0x080DC5EC	thumb	SetTradeBoardRegisteredMonInfo
0x080DC618	thumb	UpdateGameData_GroupLockedIn
0x080DC640	thumb	UpdateGameData_SetActivity
0x080DC670	thumb	SetUnionRoomChatPlayerData
0x080DC748	thumb	RfuSetErrorParams
0x080DC768	thumb	ResetErrorState
0x080DC778	thumb	RfuSetIgnoreError
0x080DC790	thumb	DisconnectNewChild
0x080DC7F4	thumb	StartDisconnectNewChild
0x080DC804	thumb	LinkManagerCB_Parent
0x080DC9D4	thumb	LinkManagerCB_Child
0x080DCB48	thumb	ParentResetChildRecvMetadata
0x080DCB74	thumb	GetNewChildrenInUnionRoomChat
0x080DCBB4	thumb	LinkManagerCB_UnionRoom
0x080DCF20	thumb	RfuSetNormalDisconnectMode
0x080DCF34	thumb	RfuSetStatus
0x080DCF44	thumb	RfuGetStatus
0x080DCF50	thumb	RfuHasErrored
0x080DCF68	thumb	Rfu_IsPlayerExchangeActive
0x080DCF78	thumb	Rfu_IsMaster
0x080DCF84	thumb	RfuVSync
0x080DCF90	thumb	ClearRecvCommands
0x080DCFB0	thumb	VBlank_RfuIdle
0x080DCFC4	thumb	Debug_RfuIdle
0x080DD074	thumb	IsUnionRoomListenTaskActive
0x080DD084	thumb	CreateTask_RfuIdle
0x080DD0B0	thumb	DestroyTask_RfuIdle
0x080DD0D4	thumb	CB2_RfuIdle
0x080DD0EC	thumb	InitializeRfuLinkManager_LinkLeader
0x080DD160	thumb	InitializeRfuLinkManager_JoinGroup
0x080DD1B8	thumb	InitializeRfuLinkManager_EnterUnionRoom
0x080DD220	thumb	ReadU16
0x080DD22C	thumb	GetPartnerIndexByNameAndTrainerID
0x080DD2C4	thumb	RfuReqDisconnectSlot
0x080DD318	thumb	RequestDisconnectSlotByTrainerNameAndId
0x080DD334	thumb	Rfu_DisconnectPlayerById
0x080DD38C	thumb	Task_SendDisconnectCommand
0x080DD3F0	thumb	SendDisconnectCommand
0x080DD444	thumb	Task_RfuReconnectWithParent
0x080DD520	thumb	CreateTask_RfuReconnectWithParent
0x080DD560	thumb	IsPartnerActivityIncompatible
0x080DD5E8	thumb	Task_TryConnectToUnionRoomParent
0x080DD6D4	thumb	TryConnectToUnionRoomParent
0x080DD760	thumb	IsRfuRecoveringFromLinkLoss
0x080DD774	thumb	IsRfuCommunicatingWithAllChildren
0x080DD7A8	thumb	Debug_PrintEmpty
0x080DD7AC	thumb	Debug_PrintStatus
0x080DD7E4	thumb	GetRfuSendQueueLength
0x080DD7F4	thumb	GetRfuRecvQueueLength
0x080DD804	thumb	Task_Idle
0x080DD808	thumb	RfuRecvQueue_Reset
0x080DD83C	thumb	RfuSendQueue_Reset
0x080DD870	thumb	RfuUnusedQueue_Reset
0x080DD8B0	thumb	RfuRecvQueue_Enqueue
0x080DD950	thumb	RfuSendQueue_Enqueue
0x080DD9DC	thumb	RfuRecvQueue_Dequeue
0x080DDA64	thumb	RfuSendQueue_Dequeue
0x080DDAE0	thumb	RfuBackupQueue_Enqueue
0x080DDB50	thumb	RfuBackupQueue_Dequeue
0x080DDB98	thumb	RfuUnusedQueue_Dequeue
0x080DDBF0	thumb	RfuUnusedQueue_Enqueue
0x080DDC54	thumb	PopulateArrayWithSequence
0x080DDD08	thumb	PkmnStrToASCII
0x080DDD30	thumb	ASCIIToPkmnStr
0x080DDD58	thumb	GetConnectedChildStrength
0x080DDDB8	thumb	InitHostRfuGameData
0x080DDE28	thumb	Rfu_GetCompatiblePlayerData
0x080DDEF4	thumb	Rfu_GetWonderDistributorPlayerData
0x080DDF4C	thumb	CopyHostRfuGameDataAndUsername
0x080DDF70	thumb	CreateWirelessStatusIndicatorSprite
0x080DE014	thumb	DestroyWirelessStatusIndicatorSprite
0x080DE06C	thumb	LoadWirelessStatusIndicatorSpriteGfx
0x080DE0A8	thumb	GetParentSignalStrength
0x080DE0D8	thumb	SetAndRestartWirelessStatusIndicatorAnim
0x080DE0E8	thumb	UpdateWirelessStatusIndicatorSprite
0x080DE2B8	thumb	CopyTrainerRecord
0x080DE2DC	thumb	ZeroName
0x080DE2EC	thumb	NameIsEmpty
0x080DE304	thumb	SaveLinkTrainerNames
0x080DE4E0	thumb	PlayerHasMetTrainerBefore
0x080DE55C	thumb	IsWirelessAdapterConnected
0x080DE634	thumb	Task_DestroySelf
0x080DE644	thumb	InitLinkTestBG
0x080DE718	thumb	LoadLinkTestBgGfx
0x080DE78C	thumb	LinkTestScreen
0x080DE84C	thumb	SetLocalLinkPlayerId
0x080DE85C	thumb	InitLocalLinkPlayer
0x080DE8D0	thumb	VBlankCB_LinkError
0x080DE8E4	thumb	InitLink
0x080DE90C	thumb	Task_TriggerHandshake
0x080DE944	thumb	OpenLink
0x080DEA90	thumb	CloseLink
0x080DEB10	thumb	TestBlockTransfer
0x080DECDC	thumb	LinkTestProcessKeyInput
0x080DEE24	thumb	CB2_LinkTest
0x080DEE48	thumb	LinkMain2
0x080DEEB4	thumb	HandleReceiveRemoteLinkPlayer
0x080DEEFC	thumb	ProcessRecvCmds
0x080DF1C0	thumb	BuildSendCmd
0x080DF31C	thumb	StartSendingKeysToLink
0x080DF344	thumb	IsSendingKeysToLink
0x080DF370	thumb	LinkCB_SendHeldKeys
0x080DF390	thumb	ClearLinkCallback
0x080DF39C	thumb	ClearLinkCallback_2
0x080DF3BC	thumb	GetLinkPlayerCount
0x080DF3E0	thumb	OpenLinkTimed
0x080DF3FC	thumb	GetLinkPlayerDataExchangeStatusTimed
0x080DF55C	thumb	IsLinkPlayerDataExchangeComplete
0x080DF60C	thumb	GetLinkPlayerTrainerId
0x080DF624	thumb	ResetLinkPlayers
0x080DF638	thumb	ResetBlockSend
0x080DF648	thumb	InitBlockSend
0x080DF664	thumb	LinkCB_BlockSendBegin
0x080DF684	thumb	LinkCB_BlockSend
0x080DF6DC	thumb	LinkCB_BlockSendEnd
0x080DF6E8	thumb	LinkCB_BerryBlenderSendHeldKeys
0x080DF718	thumb	SetBerryBlenderLinkCallback
0x080DF734	thumb	GetBerryBlenderKeySendAttempts
0x080DF740	thumb	SendBerryBlenderNoSpaceForPokeblocks
0x080DF750	thumb	GetMultiplayerId
0x080DF774	thumb	BitmaskAllOtherLinkPlayers
0x080DF7A8	thumb	SendBlock
0x080DF7E8	thumb	SendBlockRequest
0x080DF82C	thumb	IsLinkTaskFinished
0x080DF850	thumb	GetBlockReceivedStatus
0x080DF888	thumb	SetBlockReceivedFlag
0x080DF8B0	thumb	ResetBlockReceivedFlags
0x080DF8EC	thumb	ResetBlockReceivedFlag
0x080DF918	thumb	CheckShouldAdvanceLinkState
0x080DF938	thumb	LinkTestCalcBlockChecksum
0x080DF964	thumb	LinkTest_PrintNumChar
0x080DF99C	thumb	LinkTest_PrintChar
0x080DF9D4	thumb	LinkTest_PrintHex
0x080DFA64	thumb	LinkTest_PrintString
0x080DFAE8	thumb	LinkCB_RequestPlayerDataExchange
0x080DFB10	thumb	Task_PrintTestData
0x080DFE58	thumb	SetLinkDebugValues
0x080DFE6C	thumb	GetSavedLinkPlayerCountAsBitFlags
0x080DFE98	thumb	GetLinkPlayerCountAsBitFlags
0x080DFEF0	thumb	SaveLinkPlayers
0x080DFF38	thumb	GetSavedPlayerCount
0x080DFF44	thumb	GetSavedMultiplayerId
0x080DFF50	thumb	DoesLinkPlayerCountMatchSaved
0x080DFF94	thumb	CheckLinkPlayersMatchSaved
0x080E0088	thumb	ResetLinkPlayerCount
0x080E009C	thumb	GetLinkPlayerCount_2
0x080E00AC	thumb	IsLinkMaster
0x080E00D0	thumb	GetDummy2
0x080E00DC	thumb	SetCloseLinkCallbackAndType
0x080E0120	thumb	SetCloseLinkCallback
0x080E016C	thumb	LinkCB_ReadyCloseLink
0x080E0198	thumb	LinkCB_WaitCloseLink
0x080E0214	thumb	SetLinkStandbyCallback
0x080E024C	thumb	LinkCB_Standby
0x080E0278	thumb	LinkCB_StandbyForAll
0x080E02D4	thumb	CheckErrorStatus
0x080E03A8	thumb	SetLinkErrorFromRfu
0x080E03C0	thumb	CB2_LinkError
0x080E0508	thumb	ErrorMsg_MoveCloserToPartner
0x080E05BC	thumb	ErrorMsg_CheckConnections
0x080E0618	thumb	CB2_PrintErrorMessage
0x080E0718	thumb	GetSioMultiSI
0x080E0728	thumb	IsSioMultiMaster
0x080E0748	thumb	IsLinkConnectionEstablished
0x080E0758	thumb	SetSuppressLinkErrorMessage
0x080E0764	thumb	HasLinkErrorOccurred
0x080E0770	thumb	LocalLinkPlayerToBlock
0x080E07C8	thumb	LinkPlayerFromBlock
0x080E0838	thumb	HandleLinkConnection
0x080E08B0	thumb	SetWirelessCommType1
0x080E08C8	thumb	SetWirelessCommType0_Internal
0x080E08E0	thumb	SetWirelessCommType0
0x080E08F8	thumb	GetLinkRecvQueueLength
0x080E0920	thumb	IsLinkRecvQueueAtOverworldMax
0x080E0950	thumb	ConvertLinkPlayerName
0x080E0964	thumb	DisableSerial
0x080E09C0	thumb	EnableSerial
0x080E0A50	thumb	ResetSerial
0x080E0AB0	thumb	LinkMain1
0x080E0C38	thumb	CheckMasterOrSlave
0x080E0C60	thumb	InitTimer
0x080E0C94	thumb	EnqueueSendCmd
0x080E0D64	thumb	DequeueRecvCmds
0x080E0E20	thumb	LinkVSync
0x080E0E9C	thumb	Timer3Intr
0x080E0ED4	thumb	SerialCB
0x080E0F78	thumb	StartTransfer
0x080E0F88	thumb	DoHandshake
0x080E1064	thumb	DoRecv
0x080E118C	thumb	DoSend
0x080E1214	thumb	StopTimer
0x080E123C	thumb	SendRecvDone
0x080E1264	thumb	ResetSendBuffer
0x080E1298	thumb	ResetRecvBuffer
0x080E12F4	thumb	InitBlockSend.part.0
0x080E137C	thumb	ListMenuDummyTask
0x080E1380	thumb	DoMysteryGiftListMenu
0x080E14BC	thumb	ListMenuInit
0x080E14E4	thumb	ListMenuInitInRect
0x080E152C	thumb	ListMenu_ProcessInput
0x080E15D0	thumb	DestroyListMenuTask
0x080E1610	thumb	RedrawListMenu
0x080E1658	thumb	ChangeListMenuPals
0x080E1690	thumb	ChangeListMenuCoords
0x080E16C8	thumb	ListMenuTestInput
0x080E1730	thumb	ListMenuGetCurrentItemArrayId
0x080E1750	thumb	ListMenuGetScrollAndRow
0x080E1774	thumb	ListMenuGetYCoordForPrintingArrowCursor
0x080E17B8	thumb	ListMenuInitInternal
0x080E188C	thumb	ListMenuPrint
0x080E1930	thumb	ListMenuPrintEntries
0x080E19E8	thumb	ListMenuDrawCursor
0x080E1ACC	thumb	ListMenuAddCursorObject
0x080E1B1C	thumb	ListMenuErasePrintedCursor
0x080E1B34	thumb	ListMenuUpdateSelectedRowIndexAndScrollOffset
0x080E1C10	thumb	ListMenuScroll
0x080E1D30	thumb	ListMenuChangeSelection
0x080E1E20	thumb	ListMenuCallSelectionChangedCallback
0x080E1E48	thumb	ListMenuOverrideSetColors
0x080E1E7C	thumb	ListMenuDefaultCursorMoveFunc
0x080E1E90	thumb	ListMenuGetTemplateField
0x080E1F18	thumb	ListMenuSetTemplateField
0x080E1FE4	thumb	ListMenu_LoadMonIconPalette
0x080E2000	thumb	ListMenu_DrawMonIconGraphics
0x080E203C	thumb	ListMenuLoadStdPalAt
0x080E2064	thumb	BlitMenuInfoIcon
0x080E20B0	thumb	ListMenuErasePrintedCursor.part.0
0x080E2124	thumb	CheckForFlashMemory
0x080E2148	thumb	ClearSav2
0x080E216C	thumb	ClearSav1
0x080E2190	thumb	SetSaveBlocksPointers
0x080E21DC	thumb	MoveSaveBlocks_ResetHeap
0x080E22EC	thumb	UseContinueGameWarp
0x080E22FC	thumb	ClearContinueGameWarpStatus
0x080E2310	thumb	SetContinueGameWarpStatus
0x080E2324	thumb	SetContinueGameWarpStatusToDynamicWarp
0x080E2340	thumb	ClearContinueGameWarpStatus2
0x080E2354	thumb	SavePlayerParty
0x080E2390	thumb	LoadPlayerParty
0x080E23CC	thumb	SaveObjectEvents
0x080E2430	thumb	LoadObjectEvents
0x080E247C	thumb	SaveSerializedGame
0x080E2490	thumb	LoadSerializedGame
0x080E24E8	thumb	SerializeKeyItemSlots
0x080E2544	thumb	LoadPlayerBag
0x080E2644	thumb	SavePlayerBag
0x080E2784	thumb	ApplyNewEncryptionKeyToHword
0x080E279C	thumb	ApplyNewEncryptionKeyToWord
0x080E27B4	thumb	ApplyNewEncryptionKeyToAllEncryptedData
0x080E2830	thumb	ClearMailData
0x080E2880	thumb	ClearMailStruct
0x080E28AC	thumb	MonHasMail
0x080E28D8	thumb	GiveMailToMon
0x080E2A78	thumb	SpeciesToMailSpecies
0x080E2A9C	thumb	MailSpeciesToSpecies
0x080E2AB8	thumb	GiveMailToMon2
0x080E2B1C	thumb	DummyMailFunc
0x080E2B20	thumb	TakeMailFromMon
0x080E2B90	thumb	ClearMailItemId
0x080E2BB4	thumb	TakeMailFromMon2
0x080E2C70	thumb	ItemIsMail
0x080E2C80	thumb	ReadMail
0x080E2D48	thumb	DoInitMailView
0x080E30C4	thumb	CB2_InitMailView
0x080E30E8	thumb	BufferMailMessage
0x080E31CC	thumb	AddMailMessagePrinters
0x080E330C	thumb	VBlankCB_ShowMail
0x080E3320	thumb	CB2_RunShowMailCB
0x080E334C	thumb	ShowMailCB_WaitFadeIn
0x080E336C	thumb	ShowMailCB_WaitButton
0x080E33A8	thumb	ShowMailCB_Teardown
0x080E3424	thumb	MailboxPC_InitBuffers
0x080E3454	thumb	MailboxPC_GetAddWindow
0x080E348C	thumb	MailboxPC_RemoveWindow
0x080E34B8	thumb	MailboxPC_GetWindowId
0x080E34C8	thumb	ItemPrintFunc
0x080E353C	thumb	MailboxPC_InitListMenu
0x080E35D0	thumb	MoveCursorFunc
0x080E35E4	thumb	MailboxPC_AddScrollIndicatorArrows
0x080E3614	thumb	MailboxPC_DestroyListMenuBuffer
0x080E3628	thumb	CB2_MainMenu
0x080E3640	thumb	VBlankCB_MainMenu
0x080E3654	thumb	CB2_InitMainMenu
0x080E3660	thumb	CB2_InitMainMenu_2
0x080E366C	thumb	MainMenuGpuInit
0x080E3824	thumb	Task_SetWin0BldRegsAndCheckSaveFile
0x080E3978	thumb	PrintSaveErrorStatus
0x080E39E0	thumb	Task_SaveErrorStatus_RunPrinterThenWaitButton
0x080E3A6C	thumb	Task_SetWin0BldRegsNoSaveFileCheck
0x080E3AE8	thumb	Task_WaitFadeAndPrintMainMenuText
0x080E3B04	thumb	Task_PrintMainMenuText
0x080E3E00	thumb	Task_WaitDma3AndFadeIn
0x080E3E58	thumb	Task_UpdateVisualSelection
0x080E3EC0	thumb	Task_HandleMenuInput
0x080E3EF8	thumb	Task_ExecuteMainMenuSelection
0x080E4008	thumb	Task_DoFireredOrLeafgreenMultichoice
0x080E40D8	thumb	CreateFRLGChoiceMenu
0x080E41F4	thumb	DrawFRLGChoiceFrame
0x080E422C	thumb	Task_ChooseVersionOnNewGame
0x080E42CC	thumb	Task_StartNewGame
0x080E42F0	thumb	Task_MysteryGiftError
0x080E43C4	thumb	Task_ReturnToTileScreen
0x080E43EC	thumb	MoveWindowByMenuTypeAndCursorPos
0x080E4430	thumb	HandleMenuInput
0x080E4508	thumb	PrintMessageOnWindow4
0x080E4568	thumb	PrintContinueStats
0x080E4590	thumb	PrintPlayerName
0x080E45F4	thumb	PrintPlayTime
0x080E465C	thumb	PrintDexCount
0x080E4678	thumb	PrintBadgeCount
0x080E46F4	thumb	LoadUserFrameToBg
0x080E4740	thumb	SetStdFrame0OnBg
0x080E4774	thumb	MainMenu_DrawWindow_WindowFunction
0x080E488C	thumb	MainMenu_DrawWindow
0x080E49A4	thumb	MainMenu_EraseWindow
0x080E49EC	thumb	PrintDexCount.part.0
0x080E4A80	thumb	PutMemBlockHeader
0x080E4A98	thumb	PutFirstMemBlockHeader
0x080E4AAC	thumb	AllocInternal
0x080E4B54	thumb	FreeInternal
0x080E4C40	thumb	AllocZeroedInternal
0x080E4C7C	thumb	CheckMemBlockInternal
0x080E4CE0	thumb	InitHeap
0x080E4D04	thumb	Alloc
0x080E4D18	thumb	AllocZeroed
0x080E4D5C	thumb	Free
0x080E4D70	thumb	CheckMemBlock
0x080E4DDC	thumb	CheckHeap
0x080E4E4C	thumb	ShowMapNamePopup
0x080E4EE0	thumb	Task_MapNamePopup
0x080E5050	thumb	DismissMapNamePopup
0x080E507C	thumb	IsMapNamePopupTaskActive
0x080E5094	thumb	MapNamePopupCreateWindow
0x080E5138	thumb	MapNamePopupPrintMapNameOnWindow
0x080E5220	thumb	MapNamePopupAppendFloorNum
0x080E5270	thumb	GetMapPreviewScreenIdx
0x080E5298	thumb	MapHasPreviewScreen
0x080E52DC	thumb	MapHasPreviewScreen_HandleQLState2
0x080E532C	thumb	MapPreview_InitBgs
0x080E5348	thumb	MapPreview_LoadGfx
0x080E53D0	thumb	MapPreview_Unload
0x080E53F8	thumb	MapPreview_IsGfxLoadFinished
0x080E5404	thumb	MapPreview_StartForestTransition
0x080E54AC	thumb	MapPreview_CreateMapNameWindow
0x080E5528	thumb	ForestMapPreviewScreenIsRunning
0x080E5540	thumb	Task_RunMapPreviewScreenForest
0x080E56D0	thumb	GetDungeonMapPreviewScreenInfo
0x080E5700	thumb	MapPreview_GetDuration
0x080E5750	thumb	MapPreview_SetFlag
0x080E5774	thumb	Q_8_8_mul
0x080E5790	thumb	Q_N_S_mul
0x080E57B0	thumb	Q_24_8_mul
0x080E57DC	thumb	Q_8_8_div
0x080E57FC	thumb	Q_N_S_div
0x080E5820	thumb	Q_24_8_div
0x080E5840	thumb	Q_8_8_inv
0x080E5858	thumb	Q_N_S_inv
0x080E5874	thumb	Q_24_8_inv
0x080E5888	thumb	DisplayMessageAndContinueTask
0x080E5928	thumb	RunTextPrinters_CheckActive
0x080E5940	thumb	Task_ContinueTaskAfterMessagePrints
0x080E5970	thumb	Task_CallYesOrNoCallback
0x080E59C4	thumb	CreateYesNoMenuWithCallbacks
0x080E5A1C	thumb	GetLRKeysPressed
0x080E5A48	thumb	GetLRKeysPressedAndHeld
0x080E5A74	thumb	IsHoldingItemAllowed
0x080E5AA8	thumb	IsWritingMailAllowed
0x080E5AD4	thumb	MenuHelpers_IsLinkActive
0x080E5AF4	thumb	IsActiveOverworldLinkBusy
0x080E5B1C	thumb	MenuHelpers_ShouldWaitForLinkRecv
0x080E5B50	thumb	SetVBlankHBlankCallbacksToNull
0x080E5B64	thumb	ResetVramOamAndBgCntRegs
0x080E5BB0	thumb	ResetAllBgsCoordinatesAndBgCntRegs
0x080E5C30	thumb	AdjustQuantityAccordingToDPadInput
0x080E5CB4	thumb	GetDialogBoxFontId
0x080E5CC8	thumb	SpriteCallback_ScrollIndicatorArrow
0x080E5D50	thumb	AddScrollIndicatorArrowObject
0x080E5DDC	thumb	AddScrollIndicatorArrowPair
0x080E5EBC	thumb	AddScrollIndicatorArrowPairParameterized
0x080E5F28	thumb	Task_ScrollIndicatorArrowPair
0x080E5F8C	thumb	RemoveScrollIndicatorArrowPair
0x080E5FEC	thumb	ListMenuAddCursorObjectInternal
0x080E6000	thumb	ListMenuUpdateCursorObject
0x080E6060	thumb	ListMenuRemoveCursorObject
0x080E60D0	thumb	Task_RedOutlineCursor
0x080E60D4	thumb	ListMenuGetRedOutlineCursorSpriteCount
0x080E6100	thumb	ListMenuSetUpRedOutlineCursorSpriteOamTable
0x080E61DC	thumb	ListMenuAddRedOutlineCursorObject
0x080E6308	thumb	ListMenuUpdateRedOutlineCursorObject
0x080E633C	thumb	ListMenuRemoveRedOutlineCursorObject
0x080E6394	thumb	SpriteCallback_RedArrowCursor
0x080E63BC	thumb	Task_RedArrowCursor
0x080E63C0	thumb	ListMenuAddRedArrowCursorObject
0x080E649C	thumb	ListMenuUpdateRedArrowCursorObject
0x080E64C8	thumb	ListMenuRemoveRedArrowCursorObject
0x080E6518	thumb	DrawDialogFrameWithCustomTileAndPalette
0x080E6560	thumb	DrawDialogFrameWithCustomTile
0x080E65B0	thumb	WindowFunc_DrawDialogFrameWithCustomTileAndPalette
0x080E6968	thumb	ClearDialogWindowAndFrameToTransparent
0x080E69A0	thumb	WindowFunc_ClearDialogWindowAndFrameNullPalette
0x080E69F0	thumb	DrawStdFrameWithCustomTileAndPalette
0x080E6A38	thumb	DrawStdFrameWithCustomTile
0x080E6A88	thumb	WindowFunc_DrawStdFrameWithCustomTileAndPalette
0x080E6BDC	thumb	ClearStdWindowAndFrameToTransparent
0x080E6C14	thumb	WindowFunc_ClearStdWindowAndFrameToTransparent
0x080E6C58	thumb	CreateTopBarWindowLoadPalette
0x080E6CC0	thumb	TopBarWindowPrintString
0x080E6D24	thumb	TopBarWindowPrintTwoStrings
0x080E6DC8	thumb	CopyTopBarWindowToVram
0x080E6DE0	thumb	ClearTopBarWindow
0x080E6E04	thumb	DestroyTopBarWindow
0x080E6E38	thumb	Menu_InitCursorInternal
0x080E6E94	thumb	Menu_InitCursor
0x080E6EDC	thumb	InitMenuDefaultCursorHeight
0x080E6F58	thumb	Menu_RedrawCursor
0x080E6FC4	thumb	Menu_MoveCursor
0x080E7010	thumb	Menu_MoveCursorNoWrapAround
0x080E7054	thumb	Menu_GetCursorPos
0x080E7060	thumb	Menu_ProcessInput
0x080E70C4	thumb	Menu_ProcessInputNoWrapAround
0x080E7160	thumb	Menu_ProcessInputNoWrapAround2
0x080E7208	thumb	Menu_ProcessInput_other
0x080E7270	thumb	Menu_ProcessInputNoWrapAround_other
0x080E7314	thumb	PrintTextArray
0x080E7398	thumb	MultichoiceList_PrintItems
0x080E7438	thumb	PrintMenuTable
0x080E74BC	thumb	AddItemMenuActionTextPrinters
0x080E75B4	thumb	PrintMenuActionTextsAtTopById
0x080E7604	thumb	SetWindowTemplateFields
0x080E7630	thumb	CreateWindowTemplate
0x080E7664	thumb	CreateYesNoMenu
0x080E77CC	thumb	CreateYesNoMenu2
0x080E77F4	thumb	Menu_ProcessInputNoWrapClearOnChoose
0x080E7838	thumb	DestroyYesNoMenu
0x080E7870	thumb	MultichoiceGrid_PrintItems
0x080E7948	thumb	MultichoiceGrid_PrintItemsCustomOrder
0x080E7A28	thumb	MultichoiceGrid_InitCursorInternal
0x080E7AA0	thumb	MultichoiceGrid_InitCursor
0x080E7B14	thumb	MultichoiceGrid_RedrawCursor
0x080E7BDC	thumb	MultichoiceGrid_MoveCursor
0x080E7CBC	thumb	MultichoiceGrid_MoveCursorIfValid
0x080E7D58	thumb	Menu_ProcessGridInput_NoSoundLimit
0x080E7DF4	thumb	Menu_ProcessInputGridLayout
0x080E7E90	thumb	Menu_ProcessGridInputRepeat_NoSoundLimit
0x080E7F34	thumb	Menu_ProcessGridInputRepeat
0x080E7FDC	thumb	AddTextPrinterParameterized3
0x080E8064	thumb	AddTextPrinterParameterized4
0x080E80E8	thumb	AddTextPrinterParameterized5
0x080E819C	thumb	Menu_PrintFormatIntlPlayerName
0x080E8238	thumb	UnusedBlitBitmapRect
0x080E83E8	thumb	StartBlendTask
0x080E847C	thumb	IsBlendTaskActive
0x080E848C	thumb	Task_SmoothBlendLayers
0x080E8530	thumb	Menu2_GetMonSpriteAnchorCoord
0x080E85D8	thumb	Menu2_GetMonSpriteAnchorCoordMinusx20
0x080E85F0	thumb	MetatileBehavior_IsATile
0x080E85F4	thumb	MetatileBehavior_IsJumpEast
0x080E8600	thumb	MetatileBehavior_IsJumpWest
0x080E860C	thumb	MetatileBehavior_IsJumpNorth
0x080E8618	thumb	MetatileBehavior_IsJumpSouth
0x080E8624	thumb	MetatileBehavior_IsPokeGrass
0x080E8648	thumb	MetatileBehavior_IsSand
0x080E8660	thumb	MetatileBehavior_IsSandOrShallowFlowingWater
0x080E8678	thumb	MetatileBehavior_IsDeepSand
0x080E867C	thumb	MetatileBehavior_IsReflective
0x080E86A0	thumb	MetatileBehavior_IsIce
0x080E86AC	thumb	MetatileBehavior_IsWarpDoor
0x080E86B8	thumb	MetatileBehavior_IsWarpDoor_2
0x080E86C4	thumb	MetatileBehavior_IsEscalator
0x080E86DC	thumb	MetatileBehavior_IsDirectionalUpRightStairWarp
0x080E86E8	thumb	MetatileBehavior_IsDirectionalUpLeftStairWarp
0x080E86F4	thumb	MetatileBehavior_IsDirectionalDownRightStairWarp
0x080E8700	thumb	MetatileBehavior_IsDirectionalDownLeftStairWarp
0x080E870C	thumb	MetatileBehavior_IsDirectionalStairWarp
0x080E8724	thumb	MetatileBehavior_IsLadder
0x080E8730	thumb	MetatileBehavior_IsNonAnimDoor
0x080E873C	thumb	MetatileBehavior_IsDeepSouthWarp
0x080E8740	thumb	MetatileBehavior_IsSurfable
0x080E8754	thumb	MetatileBehavior_IsFastWater
0x080E8760	thumb	MetatileBehavior_IsEastArrowWarp
0x080E876C	thumb	MetatileBehavior_IsWestArrowWarp
0x080E8778	thumb	MetatileBehavior_IsNorthArrowWarp
0x080E8784	thumb	MetatileBehavior_IsSouthArrowWarp
0x080E8790	thumb	MetatileBehavior_IsArrowWarp
0x080E87A8	thumb	MetatileBehavior_IsForcedMovementTile
0x080E87E0	thumb	MetatileBehavior_IsIce_2
0x080E87EC	thumb	MetatileBehavior_IsTrickHouseSlipperyFloor
0x080E87F8	thumb	MetatileBehavior_IsWalkNorth
0x080E8804	thumb	MetatileBehavior_IsWalkSouth
0x080E8810	thumb	MetatileBehavior_IsWalkWest
0x080E881C	thumb	MetatileBehavior_IsWalkEast
0x080E8828	thumb	MetatileBehavior_IsNorthwardCurrent
0x080E8834	thumb	MetatileBehavior_IsSouthwardCurrent
0x080E8840	thumb	MetatileBehavior_IsWestwardCurrent
0x080E884C	thumb	MetatileBehavior_IsEastwardCurrent
0x080E8858	thumb	MetatileBehavior_IsSlideNorth
0x080E8864	thumb	MetatileBehavior_IsSlideSouth
0x080E8870	thumb	MetatileBehavior_IsSlideWest
0x080E887C	thumb	MetatileBehavior_IsSlideEast
0x080E8888	thumb	MetatileBehavior_IsCounter
0x080E8894	thumb	MetatileBehavior_IsPlayerFacingTVScreen
0x080E88AC	thumb	MetatileBehavior_IsPC
0x080E88B8	thumb	MetatileBehavior_HasRipples
0x080E88D0	thumb	MetatileBehavior_IsPuddle
0x080E88DC	thumb	MetatileBehavior_IsTallGrass
0x080E88FC	thumb	MetatileBehavior_IsLongGrass
0x080E8908	thumb	MetatileBehavior_IsFootprints
0x080E890C	thumb	MetatileBehavior_IsBridge
0x080E8910	thumb	MetatileBehavior_GetBridgeType
0x080E8914	thumb	MetatileBehavior_IsUnused01
0x080E8920	thumb	MetatileBehavior_UnusedIsTallGrass
0x080E892C	thumb	MetatileBehavior_IsIndoorEncounter
0x080E8938	thumb	MetatileBehavior_IsMountain
0x080E8944	thumb	MetatileBehavior_IsDiveable
0x080E895C	thumb	MetatileBehavior_IsUnableToEmerge
0x080E8974	thumb	MetatileBehavior_IsShallowFlowingWater
0x080E8980	thumb	MetatileBehavior_IsThinIce
0x080E898C	thumb	MetatileBehavior_IsCrackedIce
0x080E8998	thumb	MetatileBehavior_IsDeepWaterTerrain
0x080E89BC	thumb	MetatileBehavior_IsUnusedWater
0x080E89C8	thumb	MetatileBehavior_IsSurfableAndNotWaterfall
0x080E89E8	thumb	MetatileBehavior_IsEastBlocked
0x080E8A08	thumb	MetatileBehavior_IsWestBlocked
0x080E8A28	thumb	MetatileBehavior_IsNorthBlocked
0x080E8A4C	thumb	MetatileBehavior_IsSouthBlocked
0x080E8A70	thumb	MetatileBehavior_IsShortGrass
0x080E8A7C	thumb	MetatileBehavior_IsHotSprings
0x080E8A88	thumb	MetatileBehavior_IsWaterfall
0x080E8A94	thumb	MetatileBehavior_IsFortreeBridge
0x080E8A98	thumb	MetatileBehavior_IsPacifidlogVerticalLogTop
0x080E8A9C	thumb	MetatileBehavior_IsPacifidlogVerticalLogBottom
0x080E8AA0	thumb	MetatileBehavior_IsPacifidlogHorizontalLogLeft
0x080E8AA4	thumb	MetatileBehavior_IsPacifidlogHorizontalLogRight
0x080E8AA8	thumb	MetatileBehavior_IsPacifidlogLog
0x080E8AAC	thumb	MetatileBehavior_IsTrickHousePuzzleDoor
0x080E8AB0	thumb	MetatileBehavior_IsRegionMap
0x080E8ABC	thumb	MetatileBehavior_IsRoulette
0x080E8AC0	thumb	MetatileBehavior_IsPokeblockFeeder
0x080E8AC4	thumb	MetatileBehavior_IsSecretBaseJumpMat
0x080E8AC8	thumb	MetatileBehavior_IsSecretBaseSpinMat
0x080E8ACC	thumb	MetatileBehavior_IsLavaridgeB1FWarp
0x080E8AD0	thumb	MetatileBehavior_IsLavaridge1FWarp
0x080E8ADC	thumb	MetatileBehavior_IsWarpPad
0x080E8AE8	thumb	MetatileBehavior_IsUnionRoomWarp
0x080E8AF4	thumb	MetatileBehavior_IsWater
0x080E8B24	thumb	MetatileBehavior_IsFallWarp
0x080E8B30	thumb	MetatileBehavior_IsCrackedFloor
0x080E8B34	thumb	MetatileBehavior_IsCyclingRoadPullDownTile
0x080E8B4C	thumb	MetatileBehavior_IsCyclingRoadPullDownTileGrass
0x080E8B58	thumb	MetatileBehavior_IsBumpySlope
0x080E8B5C	thumb	MetatileBehavior_IsIsolatedVerticalRail
0x080E8B60	thumb	MetatileBehavior_IsIsolatedHorizontalRail
0x080E8B64	thumb	MetatileBehavior_IsVerticalRail
0x080E8B68	thumb	MetatileBehavior_IsHorizontalRail
0x080E8B6C	thumb	MetatileBehavior_IsSeaweed
0x080E8B84	thumb	MetatileBehavior_IsRunningDisallowed
0x080E8B90	thumb	MetatileBehavior_IsSafariExtensionSign
0x080E8BAC	thumb	MetatileBehavior_IsBookshelf
0x080E8BB8	thumb	MetatileBehavior_IsPokeMartShelf
0x080E8BC4	thumb	MetatileBehavior_IsPlayerFacingPokemonCenterSign
0x080E8BDC	thumb	MetatileBehavior_IsPlayerFacingPokeMartSign
0x080E8BF4	thumb	MetatileBehavior_UnknownDummy1
0x080E8BF8	thumb	MetatileBehavior_UnknownDummy2
0x080E8BFC	thumb	MetatileBehavior_UnknownDummy3
0x080E8C00	thumb	MetatileBehavior_UnknownDummy4
0x080E8C04	thumb	TestMetatileAttributeBit
0x080E8C1C	thumb	MetatileBehavior_IsSpinRight
0x080E8C28	thumb	MetatileBehavior_IsSpinLeft
0x080E8C34	thumb	MetatileBehavior_IsSpinUp
0x080E8C40	thumb	MetatileBehavior_IsSpinDown
0x080E8C4C	thumb	MetatileBehavior_IsStopSpinning
0x080E8C58	thumb	MetatileBehavior_IsSpinTile
0x080E8C70	thumb	MetatileBehavior_IsSignpost
0x080E8C7C	thumb	MetatileBehavior_IsCabinet
0x080E8C88	thumb	MetatileBehavior_IsKitchen
0x080E8C94	thumb	MetatileBehavior_IsDresser
0x080E8CA0	thumb	MetatileBehavior_IsSnacks
0x080E8CAC	thumb	MetatileBehavior_IsStrengthButton
0x080E8CB8	thumb	MetatileBehavior_IsPlayerFacingCableClubWirelessMonitor
0x080E8CD0	thumb	MetatileBehavior_IsPlayerFacingBattleRecords
0x080E8CE8	thumb	MetatileBehavior_IsQuestionnaire
0x080E8CF4	thumb	MetatileBehavior_IsIndigoPlateauSign1
0x080E8D00	thumb	MetatileBehavior_IsIndigoPlateauSign2
0x080E8D0C	thumb	MetatileBehavior_IsFood
0x080E8D18	thumb	MetatileBehavior_IsRockStairs
0x080E8D24	thumb	MetatileBehavior_IsBlueprints
0x080E8D30	thumb	MetatileBehavior_IsPainting
0x080E8D3C	thumb	MetatileBehavior_IsPowerPlantMachine
0x080E8D48	thumb	MetatileBehavior_IsTelephone
0x080E8D54	thumb	MetatileBehavior_IsComputer
0x080E8D60	thumb	MetatileBehavior_IsAdvertisingPoster
0x080E8D6C	thumb	MetatileBehavior_IsTastyFood
0x080E8D78	thumb	MetatileBehavior_IsTrashBin
0x080E8D84	thumb	MetatileBehavior_IsCup
0x080E8D90	thumb	MetatileBehavior_IsPolishedWindow
0x080E8D94	thumb	MetatileBehavior_IsBeautifulSkyWindow
0x080E8D98	thumb	MetatileBehavior_IsBlinkingLights
0x080E8DA4	thumb	MetatileBehavior_IsNeatlyLinedUpTools
0x080E8DB0	thumb	MetatileBehavior_IsImpressiveMachine
0x080E8DBC	thumb	MetatileBehavior_IsVideoGame
0x080E8DC8	thumb	MetatileBehavior_IsBurglary
0x080E8DD4	thumb	MetatileBehavior_IsTrainerTowerMonitor
0x080E8DE0	thumb	MetatileBehavior_IsAshGrass
0x080E8DEC	thumb	StartMinigameCountdown
0x080E8E44	thumb	IsMinigameCountdownRunning
0x080E8E54	thumb	Task_MinigameCountdown
0x080E8FC8	thumb	RunMinigameCountdownDigitsAnim
0x080E9118	thumb	StartStartGraphic
0x080E9168	thumb	IsStartGraphicAnimRunning
0x080E918C	thumb	SpriteCB_Start
0x080E9264	thumb	Load321StartGfx
0x080E92A0	thumb	CreateNumberSprite
0x080E92EC	thumb	CreateStartSprite
0x080E93A8	thumb	InitMonMarkingsMenu
0x080E93B4	thumb	BufferMenuWindowTiles
0x080E93FC	thumb	BufferMenuFrameTiles
0x080E94D8	thumb	BufferMonMarkingsMenuTiles
0x080E94EC	thumb	OpenMonMarkingsMenu
0x080E9528	thumb	FreeMonMarkingsMenu
0x080E95AC	thumb	HandleMonMarkingsMenuInput
0x080E9660	thumb	CreateMonMarkingsMenuSprites
0x080E98A8	thumb	SpriteCB_Dummy
0x080E98AC	thumb	SpriteCB_Marking
0x080E98DC	thumb	SpriteCB_Cursor
0x080E98F4	thumb	CreateMonMarkingAllCombosSprite
0x080E9914	thumb	CreateMonMarkingComboSprite
0x080E9934	thumb	CreateMarkingComboSprite
0x080E99B4	thumb	UpdateMonMarkingTiles
0x080E99D0	thumb	GetMoney
0x080E99E4	thumb	SetMoney
0x080E99F8	thumb	IsEnoughMoney
0x080E9A14	thumb	AddMoney
0x080E9A40	thumb	RemoveMoney
0x080E9A60	thumb	IsEnoughForCostInVar0x8005
0x080E9A90	thumb	SubtractMoneyFromVar0x8005
0x080E9AC8	thumb	PrintMoneyAmountInMoneyBox
0x080E9B48	thumb	PrintMoneyAmount
0x080E9BD8	thumb	PrintMoneyAmountInMoneyBoxWithBorder
0x080E9C20	thumb	ChangeAmountInMoneyBox
0x080E9C38	thumb	DrawMoneyBox
0x080E9CD4	thumb	HideMoneyBox
0x080E9CF8	thumb	MultiBootInit
0x080E9D2C	thumb	MultiBootMain
0x080EA2A8	thumb	MultiBootSend
0x080EA30C	thumb	MultiBootStartProbe
0x080EA354	thumb	MultiBootStartMaster
0x080EA450	thumb	MultiBootCheckComplete
0x080EA45C	thumb	MultiBootHandShake
0x080EA5C0	thumb	MultiBootWaitCycles
0x080EA5D8	thumb	MultiBootWaitSendDone
0x080EA604	thumb	CheckCompatibility
0x080EA628	thumb	SetIncompatible
0x080EA648	thumb	InitMysteryEventScript
0x080EA678	thumb	RunMysteryEventScriptCommand
0x080EA694	thumb	MEventScript_InitContext
0x080EA6C8	thumb	MEventScript_Run
0x080EA6F0	thumb	RunMysteryEventScript
0x080EA738	thumb	SetMysteryEventScriptStatus
0x080EA744	thumb	MEScrCmd_end
0x080EA750	thumb	MEScrCmd_checkcompat
0x080EA7B0	thumb	MEScrCmd_nop
0x080EA7B4	thumb	MEScrCmd_setstatus
0x080EA7C4	thumb	MEScrCmd_setmsg
0x080EA7FC	thumb	MEScrCmd_runscript
0x080EA818	thumb	MEScrCmd_setenigmaberry
0x080EA8CC	thumb	MEScrCmd_giveribbon
0x080EA900	thumb	MEScrCmd_initramscript
0x080EA95C	thumb	MEScrCmd_givenationaldex
0x080EA980	thumb	MEScrCmd_addrareword
0x080EA9AC	thumb	MEScrCmd_setrecordmixinggift
0x080EA9D8	thumb	MEScrCmd_givepokemon
0x080EAAEC	thumb	MEScrCmd_addtrainer
0x080EAB34	thumb	MEScrCmd_enableresetrtc
0x080EAB60	thumb	MEScrCmd_checksum
0x080EABA4	thumb	MEScrCmd_crc
0x080EABE8	thumb	MysteryGiftClient_Create
0x080EAC04	thumb	MysteryGiftClient_Run
0x080EAC80	thumb	MysteryGiftClient_AdvanceState
0x080EAC90	thumb	MysteryGiftClient_GetMsg
0x080EAC9C	thumb	MysteryGiftClient_SetParam
0x080EACA8	thumb	MysteryGiftClient_Init
0x080EACF0	thumb	MysteryGiftClient_Free
0x080EAD14	thumb	MysteryGiftClient_CopyRecvScript
0x080EAD30	thumb	MysteryGiftClient_InitSendWord
0x080EAD64	thumb	Client_Init
0x080EAD8C	thumb	Client_Done
0x080EAD90	thumb	Client_Recv
0x080EADB0	thumb	Client_Send
0x080EADD0	thumb	Client_Run
0x080EAFB8	thumb	Client_Wait
0x080EAFCC	thumb	Client_RunMysteryEventScript
0x080EB004	thumb	Client_RunBufferScript
0x080EB034	thumb	MysteryGiftClient_CallFunc
0x080EB064	thumb	MysteryGiftLink_Recv
0x080EB070	thumb	MysteryGiftLink_Send
0x080EB07C	thumb	MysteryGiftLink_Init
0x080EB0A4	thumb	MysteryGiftLink_InitSend
0x080EB0C0	thumb	MysteryGiftLink_InitRecv
0x080EB0D0	thumb	MGL_ReceiveBlock
0x080EB0E8	thumb	MGL_HasReceived
0x080EB100	thumb	MGL_ResetReceived
0x080EB110	thumb	MGL_Receive
0x080EB1E0	thumb	MGL_Send
0x080EB2CC	thumb	VBlankCB_MysteryGiftEReader
0x080EB2E0	thumb	CB2_MysteryGiftEReader
0x080EB2F8	thumb	HandleMysteryGiftOrEReaderSetup
0x080EB504	thumb	CB2_InitMysteryGift
0x080EB530	thumb	CB2_InitEReader
0x080EB55C	thumb	MainCB_FreeAllBuffersAndReturnToInitTitleScreen
0x080EB5A4	thumb	PrintMysteryGiftOrEReaderTopMenu
0x080EB66C	thumb	MG_DrawTextBorder
0x080EB680	thumb	MG_DrawCheckerboardPattern
0x080EB6FC	thumb	ClearScreenInBg0
0x080EB748	thumb	AddTextPrinterToWindow1
0x080EB7A4	thumb	ClearTextWindow
0x080EB7C0	thumb	PrintMysteryGiftMenuMessage
0x080EB850	thumb	HideDownArrow
0x080EB878	thumb	ShowDownArrow
0x080EB89C	thumb	HideDownArrowAndWaitButton
0x080EB900	thumb	PrintStringAndWait2Seconds
0x080EB94C	thumb	MysteryGift_HandleThreeOptionMenu
0x080EB9F4	thumb	DoMysteryGiftYesNo
0x080EBB24	thumb	HandleMysteryGiftListMenu
0x080EBC68	thumb	ValidateCardOrNews
0x080EBC7C	thumb	HandleLoadWonderCardOrNews
0x080EBCD8	thumb	ClearSavedNewsOrCard
0x080EBCF0	thumb	ExitWonderCardOrNews
0x080EBD20	thumb	AskDiscardGift
0x080EBD44	thumb	PrintThrownAway
0x080EBD64	thumb	SaveOnMysteryGiftMenu
0x080EBDE0	thumb	GetClientResultMessage
0x080EBEA8	thumb	PrintSuccessMessage
0x080EBF1C	thumb	GetServerResultMessage
0x080EBFA0	thumb	PrintServerResultMessage
0x080EC028	thumb	CreateMysteryGiftTask
0x080EC060	thumb	Task_MysteryGift
0x080EC93C	thumb	GetMysteryGiftBaseBlock
0x080EC944	thumb	MysterGiftServer_CreateForNews
0x080EC968	thumb	MysterGiftServer_CreateForCard
0x080EC98C	thumb	MysterGiftServer_Run
0x080EC9DC	thumb	MysteryGiftServer_Init
0x080ECA34	thumb	MysteryGiftServer_Free
0x080ECA58	thumb	MysteryGiftServer_InitSend
0x080ECA98	thumb	MysteryGiftServer_GetSendData
0x080ECAA4	thumb	MysteryGiftServer_Compare
0x080ECAB8	thumb	Server_Init
0x080ECAC0	thumb	Server_Done
0x080ECAC4	thumb	Server_Recv
0x080ECAE0	thumb	Server_Send
0x080ECAFC	thumb	Server_Run
0x080ED00C	thumb	MysteryGiftServer_CallFunc
0x080ED068	thumb	WonderCard_Init
0x080ED0F4	thumb	WonderCard_Destroy
0x080ED120	thumb	WonderCard_Enter
0x080ED2F0	thumb	WonderCard_Exit
0x080ED410	thumb	BufferCardText
0x080ED63C	thumb	DrawCardWindow
0x080ED904	thumb	CreateCardSprites
0x080EDA64	thumb	DestroyCardSprites
0x080EDAFC	thumb	WonderNews_Init
0x080EDB54	thumb	WonderNews_Destroy
0x080EDB80	thumb	WonderNews_Enter
0x080EDE0C	thumb	WonderNews_Exit
0x080EDFA4	thumb	WonderNews_RemoveScrollIndicatorArrowPair
0x080EDFDC	thumb	WonderNews_AddScrollIndicatorArrowPair
0x080EE018	thumb	WonderNews_GetInput
0x080EE0A4	thumb	BufferNewsText
0x080EE150	thumb	DrawNewsWindows
0x080EE25C	thumb	UpdateNewsScroll
0x080EE308	thumb	ClearMysteryGift
0x080EE358	thumb	GetSavedWonderNews
0x080EE36C	thumb	GetSavedWonderCard
0x080EE380	thumb	GetSavedWonderCardMetadata
0x080EE394	thumb	GetSavedWonderNewsMetadata
0x080EE3A8	thumb	GetQuestionnaireWordsPtr
0x080EE3BC	thumb	ClearSavedWonderNewsAndRelated
0x080EE3F4	thumb	SaveWonderNews
0x080EE468	thumb	ValidateSavedWonderNews
0x080EE4A4	thumb	ValidateWonderNews
0x080EE4AC	thumb	IsSendingSavedWonderNewsAllowed
0x080EE4C8	thumb	ClearSavedWonderNews
0x080EE500	thumb	ClearSavedWonderNewsMetadata
0x080EE530	thumb	IsWonderNewsSameAsSaved
0x080EE58C	thumb	ClearSavedWonderCardAndRelated
0x080EE620	thumb	SaveWonderCard
0x080EE6A0	thumb	ValidateSavedWonderCard
0x080EE6EC	thumb	ValidateWonderCard
0x080EE720	thumb	IsSendingSavedWonderCardAllowed
0x080EE740	thumb	ClearSavedWonderCard
0x080EE778	thumb	ClearSavedWonderCardMetadata
0x080EE7B0	thumb	GetWonderCardFlagId
0x080EE7D4	thumb	DisableWonderCardSending
0x080EE7E8	thumb	IsWonderCardFlagIDInValidRange
0x080EE800	thumb	IsSavedWonderCardGiftNotReceived
0x080EE84C	thumb	GetNumStampsInMetadata
0x080EE87C	thumb	IsStampInMetadata
0x080EE8AC	thumb	ValidateStamp
0x080EE8CC	thumb	GetNumStampsInSavedCard
0x080EE924	thumb	MysteryGift_TrySaveStamp
0x080EE9B4	thumb	MysteryGift_LoadLinkGameData
0x080EEAA4	thumb	MysteryGift_ValidateLinkGameData
0x080EEADC	thumb	MysteryGift_CompareCardFlags
0x080EEAF4	thumb	MysteryGift_CheckStamps
0x080EEB58	thumb	MysteryGift_DoesQuestionnaireMatch
0x080EEB78	thumb	GetNumStampsInLinkData
0x080EEBAC	thumb	MysteryGift_GetCardStatFromLinkData
0x080EEC1C	thumb	IncrementCardStat
0x080EEC9C	thumb	MysteryGift_GetCardStat
0x080EED60	thumb	MysteryGift_DisableStats
0x080EED6C	thumb	MysteryGift_TryEnableStatsByFlagId
0x080EEDAC	thumb	MysteryGift_TryIncrementStat
0x080EEF34	thumb	ClearSavedTrainerIds
0x080EEF60	thumb	RecordTrainerId
0x080EEFB4	thumb	IncrementCardStatForNewTrainer
0x080EEFD4	thumb	DoNamingScreen
0x080EF050	thumb	CB2_LoadNamingScreen
0x080EF178	thumb	NamingScreen_Init
0x080EF220	thumb	SetSpritesVisible
0x080EF274	thumb	NamingScreen_InitBGs
0x080EF41C	thumb	CreateNamingScreenTask
0x080EF444	thumb	Task_NamingScreen
0x080EF504	thumb	PageToNextGfxId
0x080EF514	thumb	CurrentPageToNextKeyboardId
0x080EF530	thumb	CurrentPageToKeyboardId
0x080EF54C	thumb	MainState_FadeIn
0x080EF618	thumb	MainState_WaitFadeIn
0x080EF630	thumb	MainState_HandleInput
0x080EF63C	thumb	MainState_MoveToOKButton
0x080EF6B4	thumb	MainState_PressedOKButton
0x080EF744	thumb	MainState_FadeOut
0x080EF778	thumb	MainState_Exit
0x080EF790	thumb	DisplaySentToPCMessage
0x080EF888	thumb	MainState_WaitSentToPCMessage
0x080EF8BC	thumb	MainState_StartPageSwap
0x080EF97C	thumb	MainState_WaitPageSwap
0x080EFA74	thumb	StartPageSwapAnim
0x080EFAB0	thumb	Task_HandlePageSwapAnim
0x080EFAE4	thumb	IsPageSwapAnimNotInProgress
0x080EFAFC	thumb	PageSwapAnimState_Init
0x080EFB18	thumb	PageSwapAnimState_1
0x080EFBAC	thumb	PageSwapAnimState_2
0x080EFC30	thumb	PageSwapAnimState_Done
0x080EFC48	thumb	CreateButtonFlashTask
0x080EFC6C	thumb	TryStartButtonFlash
0x080EFD10	thumb	Task_UpdateButtonFlash
0x080EFDC8	thumb	GetButtonPalOffset
0x080EFE18	thumb	RestoreButtonColor
0x080EFE38	thumb	StartButtonFlash
0x080EFE58	thumb	SpriteCB_Cursor
0x080EFF50	thumb	SpriteCB_InputArrow
0x080EFF90	thumb	SpriteCB_Underscore
0x080F002C	thumb	CreateSprites
0x080F0064	thumb	CreateCursorSprite
0x080F00E0	thumb	SetCursorPos
0x080F0150	thumb	GetCursorPos
0x080F0184	thumb	MoveCursorToOKButton
0x080F01DC	thumb	SetCursorInvisibility
0x080F0214	thumb	SetCursorFlashing
0x080F0244	thumb	SquishCursor
0x080F0270	thumb	IsCursorAnimFinished
0x080F0298	thumb	GetKeyRoleAtCursorPos
0x080F02EC	thumb	GetCurrentPageColumnCount
0x080F0310	thumb	CreatePageSwapButtonSprites
0x080F03B8	thumb	StartPageSwapButtonAnim
0x080F03E8	thumb	SpriteCB_PageSwap
0x080F040C	thumb	PageSwapSprite_Init
0x080F04A0	thumb	PageSwapSprite_Idle
0x080F04A4	thumb	PageSwapSprite_SlideOff
0x080F054C	thumb	PageSwapSprite_SlideOn
0x080F058C	thumb	SetPageSwapButtonGfx
0x080F05D4	thumb	CreateBackOkSprites
0x080F063C	thumb	CreateTextEntrySprites
0x080F0704	thumb	CreateInputTargetIcon
0x080F072C	thumb	NamingScreen_NoIcon
0x080F0730	thumb	NamingScreen_CreatePlayerIcon
0x080F0780	thumb	NamingScreen_CreatePCIcon
0x080F07BC	thumb	NamingScreen_CreateMonIcon
0x080F0810	thumb	NamingScreen_CreateRivalIcon
0x080F088C	thumb	HandleKeyboardEvent
0x080F0938	thumb	KeyboardKeyHandler_Character
0x080F09F4	thumb	KeyboardKeyHandler_Page
0x080F0A24	thumb	KeyboardKeyHandler_Backspace
0x080F0A48	thumb	KeyboardKeyHandler_OK
0x080F0A80	thumb	SwapKeyboardPage
0x080F0A98	thumb	CreateInputHandlerTask
0x080F0AAC	thumb	GetInputEvent
0x080F0ACC	thumb	SetInputState
0x080F0AF4	thumb	Task_HandleInput
0x080F0B20	thumb	Input_Disabled
0x080F0B28	thumb	Input_Enabled
0x080F0B68	thumb	HandleDpadMovement
0x080F0CD8	thumb	DrawNormalTextEntryBox
0x080F0D20	thumb	DrawMonTextEntryBox
0x080F0D94	thumb	DrawTextEntryBox
0x080F0DB8	thumb	TryDrawGenderIcon
0x080F0DE0	thumb	DummyGenderIcon
0x080F0DE4	thumb	DrawGenderIcon
0x080F0E50	thumb	GetCharAtKeyboardPos
0x080F0E88	thumb	GetTextEntryPosition
0x080F0EC8	thumb	GetPreviousTextCaretPosition
0x080F0F00	thumb	DeleteTextCharacter
0x080F0FBC	thumb	AddTextCharacter
0x080F1088	thumb	BufferCharacter
0x080F10D8	thumb	SaveInputText
0x080F1124	thumb	LoadGfx
0x080F1198	thumb	CreateHelperTasks
0x080F11C8	thumb	LoadPalettes
0x080F11F8	thumb	DecompressToBgTilemapBuffer
0x080F120C	thumb	DrawTextEntry
0x080F1314	thumb	PrintKeyboardKeys
0x080F137C	thumb	DrawKeyboardPageOnDeck
0x080F13F0	thumb	PrintControls
0x080F146C	thumb	CB2_NamingScreen
0x080F1484	thumb	ResetVHBlank
0x080F1498	thumb	SetVBlank
0x080F14A8	thumb	VBlankCB_NamingScreen
0x080F1528	thumb	NamingScreen_ShowBgs
0x080F1548	thumb	IsWideLetter
0x080F1574	thumb	Debug_NamingScreenPlayer
0x080F15E8	thumb	Debug_NamingScreenBox
0x080F165C	thumb	Debug_NamingScreenCaughtMon
0x080F16D0	thumb	Debug_NamingScreenNickname
0x080F1744	thumb	Debug_NamingScreenRival
0x080F17B8	thumb	MainState_Exit.part.0
0x080F1808	thumb	MainState_WaitFadeIn.part.0
0x080F1868	thumb	SetTrainerId
0x080F1878	thumb	CopyTrainerId
0x080F1888	thumb	InitPlayerTrainerId
0x080F18B4	thumb	SetDefaultOptions
0x080F18D4	thumb	ClearPokedexFlags
0x080F18FC	thumb	ClearBattleTower
0x080F1920	thumb	WarpToPlayersRoom
0x080F1940	thumb	Sav2_ClearSetDefault
0x080F1968	thumb	ResetMenuAndMonGlobals
0x080F199C	thumb	NewGameInitData
0x080F1B04	thumb	ResetMiniGamesResults
0x080F1B60	thumb	ClearScheduledBgCopiesToVram
0x080F1B6C	thumb	ScheduleBgCopyTilemapToVram
0x080F1B7C	thumb	DoScheduledBgTilemapCopiesToVram
0x080F1BE0	thumb	ResetTempTileDataBuffers
0x080F1C00	thumb	FreeTempTileDataBuffersIfPossible
0x080F1C4C	thumb	DecompressAndCopyTileDataToVram
0x080F1CF8	thumb	DecompressAndCopyTileDataToVram2
0x080F1DA0	thumb	DecompressAndLoadBgGfxUsingHeap
0x080F1E40	thumb	DecompressAndLoadBgGfxUsingHeap2
0x080F1EDC	thumb	TaskFreeBufAfterCopyingTileDataToVram
0x080F1F18	thumb	MallocAndDecompress
0x080F1F48	thumb	CopyDecompressedTileDataToVram
0x080F1F70	thumb	SetBgTilemapPalette
0x080F1FF0	thumb	CopyToBufferFromBgTilemap
0x080F206C	thumb	ResetBgPositions
0x080F20C4	thumb	InitStandardTextBoxWindows
0x080F20E4	thumb	FreeAllOverworldWindowBuffers
0x080F20F0	thumb	InitTextBoxGfxAndPrinters
0x080F2114	thumb	RunTextPrinters_CheckPrinter0Active
0x080F2124	thumb	AddTextPrinterParameterized2
0x080F217C	thumb	AddTextPrinterDiffStyle
0x080F2258	thumb	AddTextPrinterForMessage
0x080F22D0	thumb	AddTextPrinterWithCustomSpeedForMessage
0x080F2320	thumb	LoadStdWindowFrameGfx
0x080F2374	thumb	DrawDialogueFrame
0x080F23AC	thumb	DrawStdWindowFrame
0x080F23E4	thumb	ClearDialogWindowAndFrame
0x080F2434	thumb	ClearStdWindowAndFrame
0x080F246C	thumb	WindowFunc_DrawStandardFrame
0x080F25AC	thumb	WindowFunc_DrawDialogueFrame
0x080F2A14	thumb	WindowFunc_ClearStdWindowAndFrame
0x080F2A58	thumb	WindowFunc_ClearDialogWindowAndFrame
0x080F2AA8	thumb	EraseFieldMessageBox
0x080F2ADC	thumb	SetStdWindowBorderStyle
0x080F2AF4	thumb	LoadMessageBoxAndFrameGfx
0x080F2B44	thumb	Menu_LoadStdPal
0x080F2B58	thumb	Menu_LoadStdPalAt
0x080F2B70	thumb	GetStdMenuPalette
0x080F2B78	thumb	GetStdPalColor
0x080F2B94	thumb	DisplayItemMessageOnField
0x080F2BF8	thumb	DisplayYesNoMenuDefaultYes
0x080F2C20	thumb	DisplayYesNoMenuDefaultNo
0x080F2C48	thumb	GetTextSpeedSetting
0x080F2C74	thumb	CreateStartMenuWindow
0x080F2CD0	thumb	GetStartMenuWindowId
0x080F2CDC	thumb	RemoveStartMenuWindow
0x080F2CF8	thumb	GetDlgWindowBaseTileNum
0x080F2D00	thumb	GetStdWindowBaseTileNum
0x080F2D08	thumb	DrawHelpMessageWindowWithText
0x080F2D28	thumb	DestroyHelpMessageWindow_
0x080F2D34	thumb	LoadSignpostWindowFrameGfx
0x080F2D60	thumb	SetDefaultFontsPointer
0x080F2D70	thumb	GetFontAttribute
0x080F2E10	thumb	GetMenuCursorDimensionByFont
0x080F2E24	thumb	VBlankCB_NewGameScene
0x080F2E38	thumb	CB2_NewGameScene
0x080F2E54	thumb	StartNewGameScene
0x080F2E84	thumb	Task_NewGameScene
0x080F31B8	thumb	ControlsGuide_LoadPage1
0x080F3254	thumb	Task_ControlsGuide_LoadPage
0x080F3388	thumb	Task_ControlsGuide_HandleInput
0x080F3430	thumb	Task_ControlsGuide_ChangePage
0x080F3510	thumb	Task_ControlsGuide_Clear
0x080F35BC	thumb	Task_PikachuIntro_LoadPage1
0x080F3718	thumb	Task_PikachuIntro_HandleInput
0x080F395C	thumb	Task_PikachuIntro_Clear
0x080F39DC	thumb	Task_OakSpeech_Init
0x080F3AAC	thumb	Task_OakSpeech_WelcomeToTheWorld
0x080F3B64	thumb	Task_OakSpeech_ThisWorld
0x080F3C04	thumb	Task_OakSpeech_ReleaseNidoranFFromPokeBall
0x080F3C88	thumb	Task_OakSpeech_IsInhabitedFarAndWide
0x080F3D58	thumb	Task_OakSpeech_IStudyPokemon
0x080F3DF0	thumb	Task_OakSpeech_ReturnNidoranFToPokeBall
0x080F3E60	thumb	Task_OakSpeech_TellMeALittleAboutYourself
0x080F3F74	thumb	Task_OakSpeech_FadeOutOak
0x080F3FB8	thumb	Task_OakSpeech_AskPlayerGender
0x080F4090	thumb	Task_OakSpeech_ShowGenderOptions
0x080F41A4	thumb	Task_OakSpeech_HandleGenderInput
0x080F41E8	thumb	Task_OakSpeech_ClearGenderWindows
0x080F4248	thumb	Task_OakSpeech_LoadPlayerPic
0x080F4294	thumb	Task_OakSpeech_YourNameWhatIsIt
0x080F434C	thumb	Task_OakSpeech_FadeOutForPlayerNamingScreen
0x080F4398	thumb	Task_OakSpeech_MoveRivalDisplayNameOptions
0x080F4408	thumb	Task_OakSpeech_RepeatNameQuestion
0x080F44F0	thumb	Task_OakSpeech_HandleRivalNameInput
0x080F457C	thumb	Task_OakSpeech_DoNamingScreen
0x080F4620	thumb	Task_OakSpeech_ConfirmName
0x080F46FC	thumb	Task_OakSpeech_HandleConfirmNameInput
0x080F47E4	thumb	Task_OakSpeech_FadeOutPlayerPic
0x080F4844	thumb	Task_OakSpeech_FadeOutRivalPic
0x080F4880	thumb	Task_OakSpeech_FadeInRivalPic
0x080F48C8	thumb	Task_OakSpeech_AskRivalsName
0x080F4974	thumb	Task_OakSpeech_ReshowPlayersPic
0x080F4A14	thumb	Task_OakSpeech_LetsGo
0x080F4A90	thumb	Task_OakSpeech_FadeOutBGM
0x080F4AD0	thumb	Task_OakSpeech_SetUpExitAnimation
0x080F4B64	thumb	Task_OakSpeech_SetUpShrinkPlayerPic
0x080F4BA0	thumb	Task_OakSpeech_ShrinkPlayerPic
0x080F4C40	thumb	Task_OakSpeech_SetUpDestroyPlatformSprites
0x080F4C80	thumb	Task_OakSpeech_DestroyPlatformSprites
0x080F4CD8	thumb	Task_OakSpeech_SetUpFadePlayerPicWhite
0x080F4D04	thumb	Task_OakSpeech_FadePlayerPicWhite
0x080F4D88	thumb	Task_OakSpeech_FadePlayerPicToBlack
0x080F4DCC	thumb	Task_OakSpeech_WaitForFade
0x080F4DF4	thumb	Task_OakSpeech_FreeResources
0x080F4E38	thumb	CB2_ReturnFromNamingScreen
0x080F50F8	thumb	CreateNidoranFSprite
0x080F5178	thumb	SpriteCB_Pikachu
0x080F5190	thumb	CreatePikachuOrPlatformSprites
0x080F52E0	thumb	DestroyPikachuOrPlatformSprites
0x080F5374	thumb	LoadTrainerPic
0x080F5484	thumb	ClearTrainerPic
0x080F54AC	thumb	Task_SlowFadeIn
0x080F55EC	thumb	CreateFadeInTask
0x080F566C	thumb	Task_SlowFadeOut
0x080F5778	thumb	CreateFadeOutTask
0x080F57F8	thumb	PrintNameChoiceOptions
0x080F5910	thumb	GetDefaultName
0x080F59D4	thumb	CB2_InitOptionMenu
0x080F59EC	thumb	VBlankCB_OptionMenu
0x080F5A00	thumb	CB2_OptionsMenuFromStartMenu
0x080F5AE0	thumb	OptionMenu_InitCallbacks
0x080F5AF4	thumb	OptionMenu_SetVBlankCallback
0x080F5B04	thumb	CB2_OptionMenu
0x080F5BFC	thumb	SetOptionMenuTask
0x080F5C18	thumb	InitOptionMenuBg
0x080F5D5C	thumb	OptionMenu_PickSwitchCancel
0x080F5DF4	thumb	OptionMenu_ResetSpriteData
0x080F5E10	thumb	LoadOptionMenuPalette
0x080F5E90	thumb	Task_OptionMenu
0x080F5FF8	thumb	OptionMenu_ProcessInput
0x080F6148	thumb	BufferOptionMenuString
0x080F6290	thumb	CloseAndSaveOptionMenu
0x080F6398	thumb	PrintOptionMenuHeader
0x080F6418	thumb	DrawOptionMenuBg
0x080F6578	thumb	LoadOptionMenuItemNames
0x080F661C	thumb	UpdateSettingSelectionDisplay
0x080F6654	thumb	WriteOrreMapName
0x080F6660	thumb	DetermineOrreMetLocation
0x080F66D0	thumb	GetOrreMetLocationString
0x080F66F8	thumb	ResolveOrreMetLocationCollision
0x080F680C	thumb	CheckNationalDexEligibilityOnSaveLoad
0x080F6910	thumb	DoCoordsMatchPMCExitMat
0x080F6954	thumb	DoWhiteOut
0x080F69A0	thumb	ComputeWhiteOutMoneyLoss
0x080F69F8	thumb	OverworldWhiteOutGetMoneyLoss
0x080F6A1C	thumb	CountBadgesForOverworldWhiteOutLossCalculation
0x080F6A48	thumb	Overworld_ResetStateAfterFly
0x080F6A54	thumb	Overworld_ResetStateAfterTeleport
0x080F6AC8	thumb	Overworld_ResetStateAfterDigEscRope
0x080F6AD4	thumb	Overworld_ResetStateAfterWhitingOut
0x080F6AE0	thumb	Overworld_ResetStateOnContinue
0x080F6B14	thumb	ResetGameStats
0x080F6B34	thumb	IncrementGameStat
0x080F6B7C	thumb	GetGameStat
0x080F6BAC	thumb	SetGameStat
0x080F6BE0	thumb	ApplyNewEncryptionKeyToGameStats
0x080F6C08	thumb	LoadObjEventTemplatesFromHeader
0x080F6CD0	thumb	LoadSaveblockObjEventScripts
0x080F6D04	thumb	SetObjEventTemplateCoords
0x080F6D40	thumb	SetObjEventTemplateMovementType
0x080F6D78	thumb	ResetObjEventTemplateMovementType
0x080F6DC4	thumb	InitMapView
0x080F6DEC	thumb	GetMapLayout
0x080F6E0C	thumb	ApplyCurrentWarp
0x080F6E50	thumb	SetWarpData
0x080F6E70	thumb	IsDummyWarp
0x080F6EA4	thumb	Overworld_GetMapHeaderByGroupAndId
0x080F6EB8	thumb	GetDestinationWarpMapHeader
0x080F6EDC	thumb	LoadCurrentMapData
0x080F6F34	thumb	LoadSaveblockMapHeader
0x080F6F88	thumb	SetPlayerCoordsFromWarp
0x080F6FE8	thumb	WarpIntoMap
0x080F6FFC	thumb	SetWarpDestination
0x080F7020	thumb	SetWarpDestinationToMapWarp
0x080F7034	thumb	SetDynamicWarp
0x080F7058	thumb	SetDynamicWarpWithCoords
0x080F7080	thumb	SetWarpDestinationToDynamicWarp
0x080F7098	thumb	SetWarpDestinationToHealLocation
0x080F70C8	thumb	SetWarpDestinationToLastHealLocation
0x080F70E0	thumb	Overworld_SetWhiteoutRespawnPoint
0x080F70F0	thumb	SetLastHealLocationWarp
0x080F711C	thumb	UpdateEscapeWarp
0x080F71CC	thumb	SetEscapeWarp
0x080F71F8	thumb	SetWarpDestinationToEscapeWarp
0x080F7210	thumb	SetFixedDiveWarp
0x080F7234	thumb	SetWarpDestinationToDiveWarp
0x080F724C	thumb	SetFixedHoleWarp
0x080F7270	thumb	SetWarpDestinationToFixedHoleWarp
0x080F72D0	thumb	SetWarpDestinationToContinueGameWarp
0x080F72E8	thumb	SetContinueGameWarp
0x080F730C	thumb	SetContinueGameWarpToHealLocation
0x080F733C	thumb	SetContinueGameWarpToDynamicWarp
0x080F7350	thumb	GetMapConnection
0x080F7388	thumb	SetDiveWarp
0x080F7418	thumb	SetDiveWarpEmerge
0x080F7430	thumb	SetDiveWarpDive
0x080F7448	thumb	LoadMapFromCameraTransition
0x080F755C	thumb	LoadMapFromWarp
0x080F766C	thumb	QL_LoadMapNormal
0x080F76E4	thumb	ResetInitialPlayerAvatarState
0x080F76F8	thumb	SetInitialPlayerAvatarStateWithDirection
0x080F7708	thumb	StoreInitialPlayerAvatarState
0x080F775C	thumb	GetInitialPlayerAvatarState
0x080F77C8	thumb	GetAdjustedInitialTransitionFlags
0x080F7848	thumb	MetatileBehavior_IsSurfableInSeafoamIslands
0x080F7880	thumb	GetAdjustedInitialDirection
0x080F7950	thumb	GetCenterScreenMetatileBehavior
0x080F7978	thumb	Overworld_IsBikingAllowed
0x080F7988	thumb	SetDefaultFlashLevel
0x080F79D0	thumb	SetFlashLevel
0x080F79F8	thumb	Overworld_GetFlashLevel
0x080F7A08	thumb	SetCurrentMapLayout
0x080F7A34	thumb	Overworld_SetWarpDestinationFromWarp
0x080F7A44	thumb	GetLocationMusic
0x080F7A7C	thumb	GetCurrLocationDefaultMusic
0x080F7AD8	thumb	GetWarpDestinationMusic
0x080F7B34	thumb	Overworld_ResetMapMusic
0x080F7B40	thumb	Overworld_PlaySpecialMapMusic
0x080F7BFC	thumb	Overworld_SetSavedMusic
0x080F7C08	thumb	Overworld_ClearSavedMusic
0x080F7C18	thumb	Overworld_TryMapConnectionMusicTransition
0x080F7CAC	thumb	Overworld_ChangeMusicToDefault
0x080F7CCC	thumb	Overworld_ChangeMusicTo
0x080F7CE8	thumb	GetMapMusicFadeoutSpeed
0x080F7D20	thumb	TryFadeOutOldMapMusic
0x080F7D98	thumb	BGMusicStopped
0x080F7DA4	thumb	Overworld_FadeOutMapMusic
0x080F7DB0	thumb	PlayAmbientCry
0x080F7E3C	thumb	UpdateAmbientCry
0x080F7F18	thumb	ChooseAmbientCrySpecies
0x080F7F30	thumb	Overworld_MusicCanOverrideMapMusic
0x080F7F78	thumb	GetMapTypeByGroupAndId
0x080F7F94	thumb	GetMapTypeByWarpData
0x080F7FB4	thumb	GetCurrentMapType
0x080F7FDC	thumb	GetLastUsedWarpMapType
0x080F8004	thumb	GetLastUsedWarpMapSectionId
0x080F802C	thumb	IsMapTypeOutdoors
0x080F8054	thumb	Overworld_MapTypeAllowsTeleportAndFly
0x080F80A4	thumb	IsMapTypeIndoors
0x080F80BC	thumb	GetSavedWarpRegionMapSectionId
0x080F80E4	thumb	GetCurrentRegionMapSectionId
0x080F810C	thumb	GetCurrentMapBattleScene
0x080F8134	thumb	InitOverworldBgs
0x080F81CC	thumb	InitOverworldBgs_NoResetHeap
0x080F825C	thumb	CleanupOverworldWindowsAndTilemaps
0x080F828C	thumb	ResetSafariZoneFlag_
0x080F8298	thumb	IsUpdateLinkStateCBActive
0x080F82B0	thumb	DoCB1_Overworld
0x080F8328	thumb	DoCB1_Overworld_QuestLogPlayback
0x080F8388	thumb	CB1_Overworld
0x080F83C8	thumb	OverworldBasic
0x080F8404	thumb	CB2_OverworldBasic
0x080F8440	thumb	CB2_Overworld
0x080F84CC	thumb	SetMainCallback1
0x080F84D8	thumb	RunFieldCallback
0x080F851C	thumb	CB2_NewGame
0x080F85D4	thumb	CB2_WhiteOut
0x080F86D0	thumb	CB2_LoadMap
0x080F8700	thumb	CB2_LoadMap2
0x080F8750	thumb	CB2_ReturnToFieldCableClub
0x080F8774	thumb	CB2_LoadMapOnReturnToFieldCableClub
0x080F87DC	thumb	CB2_ReturnToField
0x080F8810	thumb	CB2_ReturnToFieldLocal
0x080F883C	thumb	CB2_ReturnToFieldLink
0x080F8890	thumb	CB2_ReturnToFieldFromMultiplayer
0x080F8920	thumb	CB2_ReturnToFieldWithOpenMenu
0x080F8964	thumb	CB2_ReturnToFieldContinueScript
0x080F89A8	thumb	CB2_ReturnToFieldContinueScriptPlayMapMusic
0x080F89EC	thumb	CB2_ReturnToFieldFromDiploma
0x080F8A30	thumb	FieldCB_ShowMapNameOnContinue
0x080F8A54	thumb	CB2_ContinueSavedGame
0x080F8B4C	thumb	FieldClearVBlankHBlankCallbacks
0x080F8B94	thumb	SetFieldVBlankCallback
0x080F8BA4	thumb	VBlankCB_Field
0x080F8BC4	thumb	InitCurrentFlashLevelScanlineEffect
0x080F8C00	thumb	LoadMapInStepsLink
0x080F8DA0	thumb	LoadMapInStepsLocal
0x080F8F18	thumb	ReturnToFieldLocal
0x080F8FF8	thumb	ReturnToFieldLink
0x080F9184	thumb	DoMapLoadLoop
0x080F919C	thumb	MoveSaveBlocks_ResetHeap_
0x080F91A8	thumb	ResetScreenForMapLoad
0x080F923C	thumb	InitViewGraphics
0x080F926C	thumb	InitOverworldGraphicsRegisters
0x080F936C	thumb	ResumeMap
0x080F93C4	thumb	InitObjectEventsLink
0x080F93EC	thumb	InitObjectEventsLocal
0x080F945C	thumb	ReloadObjectsAndRunReturnToFieldMapScript
0x080F9470	thumb	SetCameraToTrackPlayer
0x080F949C	thumb	SetCameraToTrackGuestPlayer
0x080F94CC	thumb	SetCameraToTrackGuestPlayer_2
0x080F94FC	thumb	OffsetCameraFocusByLinkPlayerId
0x080F952C	thumb	SpawnLinkPlayers
0x080F95B0	thumb	CreateLinkPlayerSprites
0x080F95E0	thumb	CB2_SetUpOverworldForQLPlaybackWithWarpExit
0x080F961C	thumb	CB2_SetUpOverworldForQLPlayback
0x080F9650	thumb	CB2_LoadMapForQLPlayback
0x080F9690	thumb	DoLoadMap_QLPlayback
0x080F96A4	thumb	LoadMap_QLPlayback
0x080F9800	thumb	CB2_EnterFieldFromQuestLog
0x080F98EC	thumb	Overworld_CreditsMainCB
0x080F9950	thumb	FieldCB2_Credits_WaitFade
0x080F995C	thumb	Overworld_DoScrollSceneForCredits
0x080F9978	thumb	SetUpScrollSceneForCredits
0x080F9A5C	thumb	MapLdr_Credits
0x080F9B24	thumb	CameraCB_CreditsPan
0x080F9BC8	thumb	Task_OvwldCredits_FadeOut
0x080F9C00	thumb	Task_OvwldCredits_WaitFade
0x080F9C50	thumb	CB1_UpdateLinkState
0x080F9CA8	thumb	ResetAllMultiplayerState
0x080F9CD0	thumb	ClearAllPlayerKeys
0x080F9CE4	thumb	SetKeyInterceptCallback
0x080F9CF8	thumb	CheckRfuKeepAliveTimer
0x080F9D24	thumb	ResetAllLinkStates
0x080F9D34	thumb	AreAllPlayersInLinkState
0x080F9D68	thumb	IsAnyPlayerInLinkState
0x080F9D9C	thumb	HandleLinkPlayerKeyInput
0x080F9FB0	thumb	UpdateAllLinkPlayers
0x080FA094	thumb	UpdateHeldKeyCode
0x080FA110	thumb	KeyInterCB_ReadButtons
0x080FA150	thumb	GetDirectionForDpadKey
0x080FA170	thumb	ResetPlayerHeldKeys
0x080FA17C	thumb	KeyInterCB_SelfIdle
0x080FA1D4	thumb	KeyInterCB_Idle
0x080FA204	thumb	KeyInterCB_DeferToEventScript
0x080FA230	thumb	KeyInterCB_DeferToRecvQueue
0x080FA264	thumb	KeyInterCB_DeferToSendQueue
0x080FA2C0	thumb	KeyInterCB_DoNothingAndKeepAlive
0x080FA2F0	thumb	KeyInterCB_Ready
0x080FA350	thumb	KeyInterCB_SetReady
0x080FA36C	thumb	KeyInterCB_SendNothing
0x080FA370	thumb	KeyInterCB_WaitForPlayersToExit
0x080FA3E8	thumb	KeyInterCB_SendExitRoomKey
0x080FA404	thumb	KeyInterCB_SendNothing_2
0x080FA408	thumb	GetCableClubPartnersReady
0x080FA4B8	thumb	IsAnyPlayerExitingCableClub
0x080FA4E4	thumb	SetInCableClubSeat
0x080FA500	thumb	SetLinkWaitingForScript
0x080FA51C	thumb	QueueExitLinkRoomKey
0x080FA538	thumb	SetStartedCableClubActivity
0x080FA554	thumb	LoadCableClubPlayer
0x080FA5AC	thumb	IsCableClubPlayerUnfrozen
0x080FA5B8	thumb	CanCableClubPlayerPressStart
0x080FA5C4	thumb	TryGetTileEventScript
0x080FA5DC	thumb	PlayerIsAtSouthExit
0x080FA604	thumb	TryInteractWithPlayer
0x080FA690	thumb	GetDirectionForEventScript
0x080FA71C	thumb	InitLinkPlayerQueueScript
0x080FA728	thumb	InitLinkRoomStartMenuScript
0x080FA73C	thumb	RunInteractLocalPlayerScript
0x080FA758	thumb	CreateConfirmLeaveTradeRoomPrompt
0x080FA774	thumb	InitMenuBasedScript
0x080FA790	thumb	RunTerminateLinkScript
0x080FA7A4	thumb	Overworld_LinkRecvQueueLengthMoreThan2
0x080FA7D4	thumb	Overworld_RecvKeysFromLinkIsRunning
0x080FA840	thumb	Overworld_SendKeysToLinkIsRunning
0x080FA8A8	thumb	IsSendingKeysOverCable
0x080FA8C4	thumb	GetLinkSendQueueLength
0x080FA8F0	thumb	ZeroLinkPlayerObjectEvent
0x080FA900	thumb	ClearLinkPlayerObjectEvents
0x080FA914	thumb	ZeroObjectEvent
0x080FA924	thumb	SpawnLinkPlayerObjectEvent
0x080FA9F0	thumb	InitLinkPlayerObjectEventPos
0x080FAA28	thumb	SetLinkPlayerObjectRange
0x080FAA54	thumb	DestroyLinkPlayerObject
0x080FAAAC	thumb	GetSpriteForLinkedPlayer
0x080FAACC	thumb	GetLinkPlayerCoords
0x080FAAF8	thumb	GetLinkPlayerFacingDirection
0x080FAB18	thumb	GetLinkPlayerElevation
0x080FAB3C	thumb	GetLinkPlayerObjectStepTimer
0x080FAB60	thumb	GetLinkPlayerIdAt
0x080FABB8	thumb	SetPlayerFacingDirection
0x080FAC24	thumb	MovementEventModeCB_Normal
0x080FAC40	thumb	MovementEventModeCB_Ignored
0x080FAC44	thumb	MovementEventModeCB_Normal_2
0x080FAC60	thumb	FacingHandler_DoNothing
0x080FAC64	thumb	FacingHandler_DpadMovement
0x080FACEC	thumb	FacingHandler_ForcedFacingChange
0x080FAD18	thumb	MovementStatusHandler_EnterFreeMode
0x080FAD20	thumb	MovementStatusHandler_TryAdvanceScript
0x080FAD58	thumb	FlipVerticalAndClearForced
0x080FAD80	thumb	LinkPlayerDetectCollision
0x080FADDC	thumb	CreateLinkPlayerSprite
0x080FAE74	thumb	SpriteCB_LinkPlayer
0x080FAF34	thumb	RouletteFlash_Reset
0x080FAF4C	thumb	RouletteFlash_Add
0x080FAFD0	thumb	RouletteFlash_Remove
0x080FB000	thumb	RouletteFlash_FadePalette
0x080FB208	thumb	RouletteFlash_FlashPalette
0x080FB284	thumb	RouletteFlash_Run
0x080FB2DC	thumb	RouletteFlash_Enable
0x080FB330	thumb	RouletteFlash_Stop
0x080FB3F0	thumb	InitPulseBlend
0x080FB418	thumb	InitPulseBlendPaletteSettings
0x080FB468	thumb	ClearPulseBlendPalettesSettings
0x080FB4B8	thumb	UnloadUsedPulseBlendPalettes
0x080FB51C	thumb	MarkUsedPulseBlendPalettes
0x080FB584	thumb	UnmarkUsedPulseBlendPalettes
0x080FB6A0	thumb	UpdatePulseBlend
0x080FB82C	thumb	FillTilemapRect
0x080FB878	thumb	SetTilemapRect
0x080FB8D0	thumb	LoadCompressedPalette
0x080FB910	thumb	LoadPalette
0x080FB940	thumb	FillPalette
0x080FB984	thumb	TransferPlttBuffer
0x080FB9E0	thumb	UpdatePaletteFade
0x080FBA64	thumb	ResetPaletteFade
0x080FBAC8	thumb	ReadPlttIntoBuffers
0x080FBAF4	thumb	BeginNormalPaletteFade
0x080FBB2C	thumb	BeginPlttFade
0x080FBB98	thumb	PaletteStruct_Run
0x080FBC44	thumb	PaletteStruct_Copy
0x080FBD50	thumb	PaletteStruct_Blend
0x080FBD68	thumb	PaletteStruct_TryEnd
0x080FBDF0	thumb	PaletteStruct_ResetById
0x080FBE40	thumb	PaletteStruct_Reset
0x080FBE74	thumb	ResetPaletteFadeControl
0x080FBE94	thumb	PaletteStruct_SetUnusedFlag
0x080FBECC	thumb	PaletteStruct_ClearUnusedFlag
0x080FBF04	thumb	PaletteStruct_GetPalNum
0x080FBF2C	thumb	UpdateNormalPaletteFade
0x080FC068	thumb	InvertPlttBuffer
0x080FC09C	thumb	TintPlttBuffer
0x080FC13C	thumb	UnfadePlttBuffer
0x080FC17C	thumb	BeginFastPaletteFade
0x080FC1F8	thumb	BeginFastPaletteFadeInternal
0x080FC270	thumb	UpdateFastPaletteFade
0x080FC2C8	thumb	BeginHardwarePaletteFade
0x080FC33C	thumb	UpdateHardwarePaletteFade
0x080FC3FC	thumb	UpdateBlendRegisters
0x080FC43C	thumb	IsSoftwarePaletteFadeFinishing
0x080FC47C	thumb	BlendPalettes
0x080FC4BC	thumb	BlendPalettesUnfaded
0x080FC510	thumb	TintPalette_GrayScale
0x080FC578	thumb	TintPalette_GrayScale2
0x080FC5DC	thumb	TintPalette_SepiaTone
0x080FC668	thumb	TintPalette_CustomTone
0x080FC71C	thumb	CopyPaletteInvertedTint
0x080FC7EC	thumb	BlendPalettesGradually
0x080FC898	thumb	IsBlendPalettesGraduallyTaskActive
0x080FC8D8	thumb	DestroyBlendPalettesGraduallyTask
0x080FC8F8	thumb	Task_BlendPalettesGradually
0x080FC9B0	thumb	PaletteStruct_Blend.part.0
0x080FCA4C	thumb	UpdateFastPaletteFade.part.0
0x080FCD74	thumb	BeginNormalPaletteFade.part.0
0x080FCE4C	thumb	ChoosePartyMon
0x080FCE8C	thumb	SelectMoveTutorMon
0x080FCECC	thumb	Task_ChoosePartyMon
0x080FCF08	thumb	SelectMoveDeleterMove
0x080FCF54	thumb	GetNumMovesSelectedMonHas
0x080FCFA0	thumb	BufferMoveDeleterNicknameAndMove
0x080FCFF8	thumb	ShiftMoveSlot
0x080FD0E4	thumb	MoveDeleterForgetMove
0x080FD150	thumb	IsSelectedMonEgg
0x080FD17C	thumb	InitPartyMenu
0x080FD2A0	thumb	CB2_UpdatePartyMenu
0x080FD2BC	thumb	VBlankCB_PartyMenu
0x080FD2D0	thumb	CB2_InitPartyMenu
0x080FD2F0	thumb	ShowPartyMenu
0x080FD500	thumb	ExitPartyMenu
0x080FD540	thumb	Task_ExitPartyMenu
0x080FD570	thumb	ResetPartyMenu
0x080FD594	thumb	AllocPartyMenuBg
0x080FD60C	thumb	AllocPartyMenuBgGfx
0x080FD758	thumb	PartyPaletteBufferCopy
0x080FD788	thumb	FreePartyPointers
0x080FD7D4	thumb	InitPartyMenuBoxes
0x080FD828	thumb	RenderPartyMenuBox
0x080FD9C8	thumb	DisplayPartyPokemonData
0x080FDAA8	thumb	DisplayPartyPokemonDescriptionData
0x080FDB44	thumb	DisplayPartyPokemonDataForChooseMultiple
0x080FDBB4	thumb	DisplayPartyPokemonDataForWirelessMinigame
0x080FDBDC	thumb	DisplayPartyPokemonDataForMoveTutorOrEvolutionItem
0x080FDC74	thumb	DisplayPartyPokemonDataToTeachMove
0x080FDCC0	thumb	DisplayPartyPokemonDataForMultiBattle
0x080FDE04	thumb	RenderPartyMenuBoxes
0x080FDE30	thumb	GetPartyMenuBgTile
0x080FDE40	thumb	CreatePartyMonSprites
0x080FE0D4	thumb	CreatePartyMonSpritesLoop
0x080FE100	thumb	CreateCancelConfirmPokeballSprites
0x080FE1D8	thumb	AnimatePartySlot
0x080FE2EC	thumb	GetPartyBoxPaletteFlags
0x080FE384	thumb	DrawCancelConfirmButtons
0x080FE3C8	thumb	IsMultiBattle
0x080FE3DC	thumb	SwapPartyPokemon
0x080FE414	thumb	Task_ClosePartyMenu
0x080FE44C	thumb	Task_ClosePartyMenuAndSetCB2
0x080FE4A4	thumb	GetCursorSelectionMonId
0x080FE4B0	thumb	GetPartyMenuType
0x080FE4C0	thumb	Task_HandleChooseMonInput
0x080FE564	thumb	GetCurrentPartySlotPtr
0x080FE57C	thumb	HandleChooseMonSelection
0x080FE5A0	thumb	IsSelectedMonNotEgg
0x080FE5CC	thumb	HandleChooseMonCancel
0x080FE708	thumb	DisplayCancelChooseMonYesNo
0x080FE77C	thumb	Task_CancelChooseMonYesNo
0x080FE7CC	thumb	Task_HandleCancelChooseMonYesNoInput
0x080FE840	thumb	PartyMenuButtonHandler
0x080FE948	thumb	UpdateCurrentPartySelection
0x080FE994	thumb	UpdatePartySelectionSingleLayout
0x080FEA68	thumb	UpdatePartySelectionDoubleLayout
0x080FEC10	thumb	GetNewSlotDoubleLayout
0x080FEC54	thumb	GetMonNickname
0x080FEC6C	thumb	DisplayPartyMenuMessage
0x080FEC98	thumb	Task_PrintAndWaitForText
0x080FECDC	thumb	IsPartyMenuTextPrinterActive
0x080FECEC	thumb	Task_WaitForLinkAndReturnToChooseMon
0x080FED1C	thumb	Task_ReturnToChooseMonAfterText
0x080FED7C	thumb	DisplayGaveHeldItemMessage
0x080FEE28	thumb	DisplayTookHeldItemMessage
0x080FEEA8	thumb	DisplayAlreadyHoldingItemSwitchMessage
0x080FEF14	thumb	DisplaySwitchedHeldItemMessage
0x080FEF9C	thumb	GiveItemToMon
0x080FEFD4	thumb	TryTakeMonItem
0x080FF01C	thumb	BufferBagFullCantTakeItemMessage
0x080FF06C	thumb	Task_PartyMenuModifyHP
0x080FF140	thumb	PartyMenuModifyHP
0x080FF1B0	thumb	ResetHPTaskData
0x080FF204	thumb	GetAilmentFromStatus
0x080FF230	thumb	GetMonAilment
0x080FF288	thumb	SetPartyMonsAllowedInMinigame
0x080FF340	thumb	IsMonAllowedInPokemonJump
0x080FF36C	thumb	IsMonAllowedInDodrioBerryPicking
0x080FF394	thumb	IsMonAllowedInMinigame
0x080FF3AC	thumb	TryEnterMonForMinigame
0x080FF444	thumb	CancelParticipationPrompt
0x080FF48C	thumb	Task_CancelParticipationYesNo
0x080FF4DC	thumb	Task_HandleCancelParticipationYesNoInput
0x080FF544	thumb	CanMonLearnTMTutor
0x080FF5E8	thumb	GetTutorMove
0x080FF614	thumb	CanLearnTutorMove
0x080FF66C	thumb	Task_FirstBattleEnterParty_WaitFadeIn
0x080FF694	thumb	Task_FirstBattleEnterParty_DarkenScreen
0x080FF6CC	thumb	Task_FirstBattleEnterParty_WaitDarken
0x080FF6F4	thumb	Task_FirstBattleEnterParty_CreatePrinter
0x080FF788	thumb	Task_FirstBattleEnterParty_RunPrinterMsg1
0x080FF7B4	thumb	Task_FirstBattleEnterParty_LightenFirstMonIcon
0x080FF7EC	thumb	Task_FirstBattleEnterParty_WaitLightenFirstMonIcon
0x080FF814	thumb	Task_FirstBattleEnterParty_StartPrintMsg2
0x080FF87C	thumb	Task_FirstBattleEnterParty_RunPrinterMsg2
0x080FF8C8	thumb	Task_FirstBattleEnterParty_FadeNormal
0x080FF900	thumb	Task_FirstBattleEnterParty_WaitFadeNormal
0x080FF95C	thumb	Task_PartyMenu_Pokedude
0x080FF980	thumb	Task_PartyMenu_PokedudeStep
0x080FFA64	thumb	PartyMenuPokedudeIsCancelled
0x080FFABC	thumb	PartyMenuHandlePokedudeCancel
0x080FFAD8	thumb	Task_PartyMenuFromBag_Pokedude
0x080FFAFC	thumb	Task_PartyMenuFromBag_PokedudeStep
0x080FFB9C	thumb	InitPartyMenuWindows
0x080FFC28	thumb	CreateCancelConfirmWindows
0x080FFC48	thumb	GetPartyMenuPalBufferPtr
0x080FFC5C	thumb	BlitBitmapToPartyWindow
0x080FFD40	thumb	BlitBitmapToPartyWindow_LeftColumn
0x080FFD94	thumb	BlitBitmapToPartyWindow_RightColumn
0x080FFDE8	thumb	DrawEmptySlot
0x080FFE7C	thumb	LoadPartyBoxPalette
0x081000B4	thumb	DisplayPartyPokemonBarDetail
0x081000E8	thumb	DisplayPartyPokemonNickname
0x0810010C	thumb	DisplayPartyPokemonLevelCheck
0x0810017C	thumb	DisplayPartyPokemonLevel
0x081001D4	thumb	DisplayPartyPokemonGenderNidoranCheck
0x0810023C	thumb	DisplayPartyPokemonGender
0x0810031C	thumb	DisplayPartyPokemonHPCheck
0x08100340	thumb	DisplayPartyPokemonHP
0x08100388	thumb	DisplayPartyPokemonMaxHPCheck
0x081003AC	thumb	DisplayPartyPokemonMaxHP
0x08100404	thumb	DisplayPartyPokemonHPBarCheck
0x0810043C	thumb	DisplayPartyPokemonHPBar
0x08100564	thumb	DisplayPartyPokemonDescriptionText
0x081005CC	thumb	PartyMenuRemoveWindow
0x081005F4	thumb	DisplayPartyMenuStdMessage
0x08100700	thumb	ShouldUseChooseMonText
0x0810075C	thumb	DisplaySelectionWindow
0x081008C8	thumb	PartyMenuPrintText
0x08100910	thumb	PartyMenuDisplayYesNoMenu
0x08100938	thumb	CreateLevelUpStatsWindow
0x08100968	thumb	RemoveLevelUpStatsWindow
0x0810099C	thumb	PartyMenu_Oak_PrintText
0x081009E8	thumb	FirstBattleEnterParty_CreateWindowAndMsg1Printer
0x08100A5C	thumb	FirstBattleEnterParty_DestroyVoiceoverWindow
0x08100A84	thumb	ToggleFieldMoveDescriptionWindow
0x08100B18	thumb	CreatePartyMonIconSprite
0x08100BFC	thumb	CreatePartyMonIconSpriteParameterized
0x08100C54	thumb	UpdateHPBar
0x08100CB4	thumb	UpdatePartyMonHPBar
0x08100CE4	thumb	AnimateSelectedPartyIcon
0x08100D44	thumb	SpriteCB_BouncePartyMonIcon
0x08100D64	thumb	SpriteCB_UpdatePartyMonIcon
0x08100D70	thumb	CreatePartyMonHeldItemSprite
0x08100DA4	thumb	CreatePartyMonHeldItemSpriteParameterized
0x08100DEC	thumb	UpdatePartyMonHeldItemSprite
0x08100E5C	thumb	ShowOrHideHeldItemSprite
0x08100EC8	thumb	LoadHeldItemIcons
0x08100EE4	thumb	DrawHeldItemIconsForTrade
0x08100F88	thumb	CreateHeldItemSpriteForTrade
0x08100FEC	thumb	SpriteCB_HeldItem
0x08101038	thumb	CreatePartyMonPokeballSprite
0x08101064	thumb	CreatePartyMonPokeballSpriteParameterized
0x081010A0	thumb	CreatePokeballButtonSprite
0x081010D8	thumb	CreateSmallPokeballButtonSprite
0x081010F8	thumb	PartyMenuStartSpriteAnim
0x08101118	thumb	SpriteCB_BounceConfirmCancelButton
0x08101194	thumb	LoadPartyMenuPokeballGfx
0x081011B8	thumb	CreatePartyMonStatusSprite
0x0810123C	thumb	CreatePartyMonStatusSpriteParameterized
0x081012C0	thumb	SetPartyMonAilmentGfx
0x08101320	thumb	UpdatePartyMonAilmentGfx
0x0810137C	thumb	LoadPartyMenuAilmentGfx
0x08101398	thumb	SetPartyMonSelectionActions
0x081013E0	thumb	SetPartyMonFieldSelectionActions
0x081014C4	thumb	GetPartyMenuActionsType
0x08101580	thumb	CreateSelectionWindow
0x08101634	thumb	Task_TryCreateSelectionWindow
0x08101660	thumb	Task_HandleSelectionMenuInput
0x08101748	thumb	CursorCB_Summary
0x08101798	thumb	CB2_ShowPokemonSummaryScreen
0x081017E0	thumb	CB2_ReturnToPartyMenuFromSummaryScreen
0x08101828	thumb	CursorCB_Switch
0x081018AC	thumb	SwitchSelectedMons
0x08101A34	thumb	TryMovePartySlot
0x08101A90	thumb	MoveAndBufferPartySlot
0x08101B80	thumb	MovePartyMenuBoxSprites
0x08101BD4	thumb	SlidePartyMenuBoxSpritesOneStep
0x08101C38	thumb	SlidePartyMenuBoxOneStep
0x08101CC4	thumb	Task_SlideSelectedSlotsOffscreen
0x08101DD8	thumb	Task_SlideSelectedSlotsOnscreen
0x08101E80	thumb	SwitchMenuBoxSprites
0x08101F78	thumb	SwitchPartyMon
0x08102024	thumb	SetSwitchedPartyOrderQuestLogEvent
0x08102070	thumb	FinishTwoMonAction
0x081020DC	thumb	CursorCB_Cancel1
0x08102164	thumb	CursorCB_Item
0x081021F0	thumb	CursorCB_Give
0x08102240	thumb	CB2_SelectBagItemToGive
0x08102254	thumb	CB2_GiveHoldItem
0x0810233C	thumb	Task_GiveHoldItem
0x081023B4	thumb	Task_SwitchHoldItemsPrompt
0x08102458	thumb	Task_SwitchItemsYesNo
0x081024A8	thumb	Task_HandleSwitchItemsYesNoInput
0x0810258C	thumb	Task_WriteMailToGiveMonAfterText
0x081025E4	thumb	CB2_WriteMailToGiveMon
0x08102634	thumb	CB2_ReturnToPartyMenuFromWritingMail
0x081026E0	thumb	Task_DisplayGaveMailFromPartyMessage
0x0810274C	thumb	Task_UpdateHeldItemSprite
0x08102794	thumb	CursorCB_TakeItem
0x081028B8	thumb	CursorCB_Mail
0x08102944	thumb	CursorCB_Read
0x08102994	thumb	CB2_ReadHeldMail
0x081029E0	thumb	CB2_ReturnToPartyMenuFromReadingMail
0x08102A20	thumb	CursorCB_TakeMail
0x08102AAC	thumb	Task_SendMailToPCYesNo
0x08102AFC	thumb	Task_HandleSendMailToPCYesNoInput
0x08102BD0	thumb	Task_LoseMailMessageYesNo
0x08102C20	thumb	Task_HandleLoseMailMessageYesNoInput
0x08102CFC	thumb	CursorCB_Cancel2
0x08102DE4	thumb	CursorCB_SendMon
0x08102E98	thumb	CursorCB_Enter
0x08102FD4	thumb	MoveCursorToConfirm
0x08102FF8	thumb	CursorCB_NoEntry
0x081030EC	thumb	CursorCB_Store
0x08103140	thumb	CursorCB_Register
0x08103290	thumb	CursorCB_Trade1
0x081033FC	thumb	CursorCB_Trade2
0x08103400	thumb	CursorCB_FieldMove
0x081036E0	thumb	DisplayFieldMoveExitAreaMessage
0x08103724	thumb	Task_FieldMoveExitAreaYesNo
0x08103774	thumb	Task_HandleFieldMoveExitAreaYesNoInput
0x08103808	thumb	FieldCallback_PrepareFadeInFromMenu
0x08103820	thumb	Task_FieldMoveWaitForFade
0x08103874	thumb	GetFieldMoveMonSpecies
0x0810389C	thumb	Task_CancelAfterAorBPress
0x081038B8	thumb	DisplayCantUseFlashMessage
0x081038DC	thumb	FieldCallback_Surf
0x081038F8	thumb	SetUpFieldMove_Surf
0x0810395C	thumb	DisplayCantUseSurfMessage
0x081039D4	thumb	SetUpFieldMove_Fly
0x081039EC	thumb	CB2_ReturnToPartyMenuFromFlyMap
0x08103A18	thumb	FieldCallback_Waterfall
0x08103A34	thumb	SetUpFieldMove_Waterfall
0x08103A90	thumb	SetSwappedHeldItemQuestLogEvent
0x08103ADC	thumb	SetUsedFieldMoveQuestLogEvent
0x08103B40	thumb	SetUsedFlyQuestLogEvent
0x08103BAC	thumb	CB2_ShowPartyMenuForItemUse
0x08103CB0	thumb	CB2_ReturnToBagMenu
0x08103CC0	thumb	CB2_ReturnToTMCaseMenu
0x08103CD0	thumb	CB2_ReturnToBerryPouchMenu
0x08103CE0	thumb	Task_DoUseItemAnim
0x08103D28	thumb	CB2_DoUseItemAnim
0x08103D64	thumb	CB2_UseItem
0x08103DEC	thumb	CB2_UseTMHMAfterForgettingMove
0x08103EF0	thumb	Task_SetSacredAshCB
0x08103F3C	thumb	IsHPRecoveryItem
0x08103F6C	thumb	GetMedicineItemEffectMessage
0x08104074	thumb	NotUsingHPEVItemOnShedinja
0x081040A0	thumb	IsItemFlute
0x081040B8	thumb	ExecuteTableBasedItemEffect_
0x08104108	thumb	ItemUseCB_Medicine
0x08104258	thumb	ItemUseCB_MedicineStep
0x08104498	thumb	Task_DisplayHPRestoredMessage
0x08104520	thumb	Task_ClosePartyMenuAfterText
0x08104580	thumb	ShowMoveSelectWindow
0x0810463C	thumb	Task_HandleRestoreWhichMoveInput
0x081046E8	thumb	ItemUseCB_TryRestorePP
0x08104780	thumb	SetSelectedMoveForPPItem
0x081047D4	thumb	ReturnToUseOnWhichMon
0x08104824	thumb	TryUsePPItemOutsideBattle
0x081048F0	thumb	ItemUseCB_RestorePP
0x081049C4	thumb	TryUsePPItemInBattle
0x08104ACC	thumb	ItemUseCB_PPUp
0x08104B04	thumb	ItemIdToBattleMoveId
0x08104B1C	thumb	IsMoveHm
0x08104B40	thumb	MonKnowsMove
0x08104B68	thumb	DisplayLearnMoveMessage
0x08104BA8	thumb	DisplayLearnMoveMessageAndClose
0x08104BF8	thumb	ItemUseCB_TMHM
0x08104DAC	thumb	ItemUseCB_LearnedMove
0x08104DBC	thumb	Task_LearnedMove
0x08104E70	thumb	Task_DoLearnedMoveFanfareAfterText
0x08104EA8	thumb	Task_LearnNextMoveOrClosePartyMenu
0x08104F1C	thumb	Task_ReplaceMoveYesNo
0x08104F6C	thumb	Task_HandleReplaceMoveYesNoInput
0x0810502C	thumb	Task_ShowSummaryScreenToForgetMove
0x08105084	thumb	CB2_ShowSummaryScreenToForgetMove
0x081050BC	thumb	CB2_ReturnToPartyMenuWhileLearningMove
0x08105140	thumb	Task_ReturnToPartyMenuWhileLearningMove
0x081051D8	thumb	ItemUseCB_ReplaceMoveWithTMHM
0x081051E8	thumb	Task_ReplaceMoveWithTMHM
0x08105288	thumb	DisplayPartyMenuForgotMoveMessage
0x0810533C	thumb	Task_PartyMenuReplaceMove
0x08105390	thumb	StopLearningMovePrompt
0x0810540C	thumb	Task_StopLearningMoveYesNo
0x0810545C	thumb	Task_HandleStopLearningMoveYesNoInput
0x081055A4	thumb	Task_TryLearningNextMoveAfterText
0x081055C4	thumb	ItemUseCB_RareCandy
0x081056AC	thumb	ItemUseCB_RareCandyStep
0x081057B8	thumb	UpdateMonDisplayInfoAfterRareCandy
0x081058D8	thumb	Task_DisplayLevelUpStatsPg1
0x0810592C	thumb	Task_DisplayLevelUpStatsPg2
0x08105990	thumb	DisplayLevelUpStatsPg1
0x081059F0	thumb	DisplayLevelUpStatsPg2
0x08105A2C	thumb	Task_TryLearnNewMoves
0x08105AE0	thumb	Task_TryLearningNextMove
0x08105B38	thumb	PartyMenuTryEvolution
0x08105BA0	thumb	DisplayMonNeedsToReplaceMove
0x08105C48	thumb	DisplayMonLearnedMove
0x08105CE8	thumb	ItemUseCB_SacredAsh
0x08105D80	thumb	UseSacredAsh
0x08105EEC	thumb	Task_SacredAshLoop
0x08105FD8	thumb	Task_SacredAshDisplayHPRestored
0x0810605C	thumb	ItemUseCB_EvolutionStone
0x08106110	thumb	CB2_UseEvolutionStone
0x081061C8	thumb	MonCanEvolve
0x081061CC	thumb	GetItemEffectType
0x081062DC	thumb	TryTutorSelectedMon
0x081062F8	thumb	CB2_PartyMenuFromStartMenu
0x08106320	thumb	CB2_ChooseMonToGiveItem
0x0810637C	thumb	TryGiveItemOrMailToSelectedMon
0x08106480	thumb	GiveItemOrMailToSelectedMon
0x08106558	thumb	GiveItemToSelectedMon
0x081065D8	thumb	Task_UpdateHeldItemSpriteAndClosePartyMenu
0x08106644	thumb	CB2_WriteMailToGiveMonFromBag
0x081066A0	thumb	CB2_ReturnToPartyOrBagMenuFromWritingMail
0x08106734	thumb	Task_DisplayGaveMailFromBagMessage
0x08106798	thumb	Task_SwitchItemsFromBagYesNo
0x081067E8	thumb	Task_HandleSwitchItemsFromBagYesNoInput
0x081068F4	thumb	DisplayItemMustBeRemovedFirstMessage
0x0810693C	thumb	RemoveItemToGiveFromBag
0x08106960	thumb	ReturnGiveItemToBagOrPC
0x08106984	thumb	ChooseMonToGiveMailFromMailbox
0x081069B0	thumb	TryGiveMailToSelectedMon
0x08106A70	thumb	InitChooseMonsForBattle
0x08106AC8	thumb	ClearSelectedPartyOrder
0x08106ADC	thumb	GetPartySlotEntryStatus
0x08106B20	thumb	GetBattleEntryEligibility
0x08106BC8	thumb	CheckBattleEntriesAndGetMessage
0x08106CD0	thumb	HasPartySlotAlreadyBeenSelected
0x08106CF4	thumb	Task_ValidateChosenMonsForBattle
0x08106D6C	thumb	Task_ContinueChoosingMonsForBattle
0x08106DA4	thumb	ChooseMonForTradingBoard
0x08106DC8	thumb	ChooseMonForMoveTutor
0x08106E2C	thumb	ChooseMonForWirelessMinigame
0x08106E58	thumb	GetPartyLayoutFromBattleType
0x08106E7C	thumb	OpenPartyMenuInTutorialBattle
0x08106F20	thumb	Pokedude_OpenPartyMenuInBattle
0x08106F70	thumb	Pokedude_ChooseMonForInBattleItem
0x08106FC0	thumb	EnterPartyFromItemMenuInBattle
0x08107078	thumb	GetPartyMenuActionsTypeInBattle
0x081070B4	thumb	TrySwitchInPokemon
0x0810731C	thumb	BufferBattlePartyCurrentOrder
0x08107334	thumb	BufferBattlePartyOrder
0x081073F4	thumb	BufferBattlePartyCurrentOrderBySide
0x08107418	thumb	BufferBattlePartyOrderBySide
0x081074F8	thumb	SwitchPartyOrderLinkMulti
0x08107598	thumb	GetPartyIdFromBattleSlot
0x081075B4	thumb	SetPartyIdAtBattleSlot
0x081075E4	thumb	SwitchPartyMonSlots
0x08107684	thumb	GetPartyIdFromBattlePartyId
0x081076C0	thumb	UpdatePartyToBattleOrder
0x08107754	thumb	UpdatePartyToFieldOrder
0x081077D0	thumb	SwitchAliveMonIntoLeadSlot
0x08107850	thumb	CB2_SetUpExitToBattleScreen
0x08107864	thumb	ShowPartyMenuToShowcaseMultiBattleParty
0x08107890	thumb	Task_InitMultiPartnerPartySlideIn
0x081078C8	thumb	Task_MultiPartnerPartySlideIn
0x08107950	thumb	Task_WaitAfterMultiPartnerPartySlideIn
0x081079A0	thumb	MoveMultiPartyMenuBoxSprite
0x081079C0	thumb	SlideMultiPartyMenuBoxSpritesOneStep
0x08107A4C	thumb	ChooseMonForDaycare
0x08107A84	thumb	ChoosePartyMonByMenuType
0x08107ABC	thumb	CB2_FadeFromPartyMenu
0x08107AD4	thumb	Task_PartyMenuWaitForFade
0x08107AF8	thumb	ItemUseCB_ReduceEV
0x08107CA0	thumb	ItemUseCB_ReduceEV2
0x08107E00	thumb	ItemEffectToMonEv
0x08107E80	thumb	ItemEffectToStatString
0x08107EF8	thumb	FieldCallback_Dive
0x08107F14	thumb	SetUpFieldMove_Dive
0x08107F4C	thumb	CreateCancelConfirmWindows.part.0
0x08108064	thumb	DisplayPartyPokemonNickname.part.0
0x081080C8	thumb	DisplayPartyPokemonHPCheck.part.0
0x0810811C	thumb	DisplayPartyPokemonMaxHPCheck.part.0
0x08108170	thumb	TryTutorSelectedMon.part.0
0x081082D8	thumb	HandleChooseMonSelection.part.0
0x081084B4	thumb	BeginPCScreenEffect_TurnOn
0x081084D8	thumb	BeginPCScreenEffect_TurnOff
0x081084FC	thumb	IsPCScreenEffectRunning_TurnOn
0x0810850C	thumb	IsPCScreenEffectRunning_TurnOff
0x0810851C	thumb	BeginPCScreenEffect
0x08108564	thumb	Task_PCScreenEffect_TurnOn
0x08108728	thumb	Task_PCScreenEffect_TurnOff
0x081088D0	thumb	PlayTimeCounter_Reset
0x081088EC	thumb	PlayTimeCounter_Start
0x08108924	thumb	PlayTimeCounter_Stop
0x08108930	thumb	PlayTimeCounter_Update
0x081089A8	thumb	PlayTimeCounter_SetToMax
0x081089D0	thumb	NewGameInitPCItems
0x081089E4	thumb	BedroomPC
0x08108A30	thumb	PlayerPC
0x08108A7C	thumb	Task_DrawPlayerPcTopMenu
0x08108B54	thumb	Task_TopMenuHandleInput
0x08108BDC	thumb	Task_ReturnToTopMenu
0x08108C00	thumb	Task_PlayerPcItemStorage
0x08108C28	thumb	Task_PlayerPcMailbox
0x08108D1C	thumb	Task_PlayerPcTurnOff
0x08108D4C	thumb	Task_CreateItemStorageSubmenu
0x08108E10	thumb	PrintStringOnWindow0WithDialogueFrame
0x08108E3C	thumb	Task_TopMenu_ItemStorageSubmenu_HandleInput
0x08108F08	thumb	Task_DepositItem_WaitFadeAndGoToBag
0x08108F48	thumb	Task_PlayerPcDepositItem
0x08108F70	thumb	Task_ReturnToItemStorageSubmenu
0x08108F98	thumb	CB2_ReturnFromDepositMenu
0x08108FC0	thumb	Task_PlayerPcWithdrawItem
0x08109030	thumb	CB2_ReturnFromWithdrawMenu
0x08109058	thumb	Task_WithdrawItem_WaitFadeAndGoToItemStorage
0x08109094	thumb	Task_WithdrawItemBeginFade
0x081090C0	thumb	Task_PlayerPcCancel
0x08109110	thumb	Task_SetPageItemVars
0x0810914C	thumb	CountPCMail
0x0810917C	thumb	PCMailCompaction
0x0810920C	thumb	Task_DrawMailboxPcMenu
0x08109284	thumb	Task_MailboxPcHandleInput
0x08109334	thumb	Task_PrintWhatToDoWithSelectedMail
0x081093C4	thumb	Task_DestroyMailboxPcViewAndCancel
0x08109418	thumb	Task_DrawMailSubmenu
0x08109484	thumb	Task_MailSubmenuHandleInput
0x081094DC	thumb	Task_PlayerPcReadMail
0x08109504	thumb	Task_WaitFadeAndReadSelectedMail
0x08109560	thumb	Task_WaitFadeAndReturnToMailboxPcInputHandler
0x08109588	thumb	CB2_ReturnToMailbox
0x081095D8	thumb	CB2_SetCbToReturnToMailbox
0x081095F8	thumb	Task_PlayerPcMoveMailToBag
0x08109614	thumb	Task_DrawYesNoMenuToConfirmMoveToBag
0x08109638	thumb	Task_MoveToBagYesNoMenuHandleInput
0x08109684	thumb	Task_TryPutMailInBag_DestroyMsgIfSuccessful
0x0810975C	thumb	Task_DeclinedMoveMailToBag
0x08109788	thumb	Task_PlayerPcGiveMailToMon
0x081097D0	thumb	Task_WaitFadeAndGoToPartyMenu
0x081097FC	thumb	CB2_ReturnToMailboxPc_UpdateScrollVariables
0x081098D4	thumb	Mailbox_ReturnToMailListAfterDeposit
0x081098F4	thumb	Task_Error_NoPokemon
0x08109910	thumb	Task_RedrawPlayerPcMailboxAndSetUpInputHandler
0x08109944	thumb	Task_PlayerPcExitMailSubmenu
0x08109974	thumb	DoPokeballSendOutAnimation
0x081099D4	thumb	Task_DoPokeballSendOutAnim
0x08109B8C	thumb	SpriteCB_BallThrow
0x08109C74	thumb	SpriteCB_BallThrow_ReachMon
0x08109C80	thumb	SpriteCB_BallThrow_StartShrinkMon
0x08109CE8	thumb	SpriteCB_BallThrow_ShrinkMon
0x08109D6C	thumb	SpriteCB_BallThrow_Close
0x08109DBC	thumb	SpriteCB_BallThrow_FallToGround
0x08109EAC	thumb	SpriteCB_BallThrow_StartShakes
0x08109EE8	thumb	SpriteCB_BallThrow_Shake
0x0810A004	thumb	Task_PlayCryWhenReleasedFromBall
0x0810A154	thumb	SpriteCB_ReleaseMonFromBall
0x0810A334	thumb	SpriteCB_BallThrow_StartCaptureMon
0x0810A350	thumb	HandleBallAnimEnd
0x0810A458	thumb	SpriteCB_BallThrow_CaptureMon
0x0810A504	thumb	SpriteCB_PlayerMonSendOut_1
0x0810A548	thumb	SpriteCB_PlayerMonSendOut_2
0x0810A678	thumb	SpriteCB_ReleaseMon2FromBall
0x0810A694	thumb	SpriteCB_OpponentMonSendOut
0x0810A6EC	thumb	AnimateBallOpenParticlesForPokeball
0x0810A710	thumb	LaunchBallFadeMonTaskForPokeball
0x0810A724	thumb	CreatePokeballSpriteToReleaseMon
0x0810A7E0	thumb	SpriteCB_PokeballReleaseMon
0x0810A89C	thumb	SpriteCB_ReleasedMonFlyOut
0x0810A9A0	thumb	CreateTradePokeballSprite
0x0810AA3C	thumb	SpriteCB_TradePokeball
0x0810AAF0	thumb	SpriteCB_TradePokeballSendOff
0x0810AB5C	thumb	SpriteCB_TradePokeballEnd
0x0810AB70	thumb	DestroySpriteAndFreeResources_Ball
0x0810AB7C	thumb	StartHealthboxSlideIn
0x0810AC0C	thumb	SpriteCB_HealthboxSlideInDelayed
0x0810AC2C	thumb	SpriteCB_HealthboxSlideIn
0x0810AC4C	thumb	DoHitAnimHealthboxEffect
0x0810AC84	thumb	SpriteCB_HitAnimHealthoxEffect
0x0810ACC8	thumb	LoadBallGfx
0x0810AD30	thumb	FreeBallGfx
0x0810AD58	thumb	GetBattlerPokeballItemId
0x0810AD9C	thumb	Task_ShowAreaMarkers
0x0810ADC8	thumb	CreatePokedexAreaMarkers
0x0810AF4C	thumb	DestroyPokedexAreaMarkers
0x0810AFF8	thumb	GetAreaMarkerSubsprite
0x0810B028	thumb	GetNumPokedexAreaMarkers
0x0810B03C	thumb	VBlankCB
0x0810B050	thumb	CB2_PokedexScreen
0x0810B080	thumb	DexScreen_LoadResources
0x0810B308	thumb	CB2_OpenPokedexFromStartMenu
0x0810B344	thumb	DoClosePokedex
0x0810B400	thumb	CB2_ClosePokedex
0x0810B424	thumb	Task_PokedexScreen
0x0810B8F8	thumb	DexScreen_InitGfxForTopMenu
0x0810BE14	thumb	MoveCursorFunc_DexModeSelect
0x0810BE88	thumb	ItemPrintFunc_DexModeSelect
0x0810BEBC	thumb	Task_DexScreen_NumericalOrder
0x0810C174	thumb	DexScreen_InitGfxForNumericalOrderList
0x0810C2E8	thumb	Task_DexScreen_CharacteristicOrder
0x0810C4AC	thumb	DexScreen_CreateCharacteristicListMenu
0x0810C598	thumb	DexScreen_CanShowMonInDex
0x0810C5D8	thumb	DexScreen_CountMonsInOrderedList
0x0810CC34	thumb	DexScreen_InitListMenuForOrderedList
0x0810CC80	thumb	DexScreen_DestroyDexOrderListMenu
0x0810CCC4	thumb	DexScreen_CreateDexOrderScrollArrows
0x0810CCFC	thumb	ItemPrintFunc_OrderedListMenu
0x0810CD88	thumb	Task_DexScreen_CategorySubmenu
0x0810D374	thumb	DexScreen_CreateCategoryMenuScrollArrows
0x0810D3B8	thumb	DexScreen_InputHandler_GetShoulderInput
0x0810D400	thumb	Task_DexScreen_ShowMonPage
0x0810D6B0	thumb	DexScreen_TryScrollMonsVertical
0x0810D7C0	thumb	DexScreen_RemoveWindow
0x0810D7D8	thumb	DexScreen_AddTextPrinterParameterized
0x0810D870	thumb	DexScreen_PrintNum3LeadingZeroes
0x0810D8FC	thumb	DexScreen_PrintNum3RightAlign
0x0810D9B0	thumb	DexScreen_GetDefaultPersonality
0x0810D9D8	thumb	DexScreen_LoadMonPicInWindow
0x0810DA24	thumb	DexScreen_PrintMonDexNo
0x0810DB98	thumb	HabitatNameTagNumPrinter
0x0810DC70	thumb	DexScreen_GetSetPokedexFlag
0x0810DD00	thumb	DexScreen_GetDexCount
0x0810DD78	thumb	DexScreen_PrintControlInfo
0x0810DDC0	thumb	DexScreen_DrawMonPicInCategoryPage
0x0810DFB0	thumb	DexScreen_DestroyCategoryPageMonIconAndInfoWindows
0x0810DFF0	thumb	DexScreen_PrintCategoryPageNumbers
0x0810E050	thumb	DexScreen_CreateCategoryListGfx
0x0810E24C	thumb	DexScreen_CreateCategoryPageSelectionCursor
0x0810E32C	thumb	DexScreen_UpdateCategoryPageCursorObject
0x0810E360	thumb	DexPage_TileBuffer_CopyCol
0x0810E388	thumb	DexPage_TileBuffer_FillCol
0x0810E3A4	thumb	DexScreen_TurnCategoryPage_BgEffect
0x0810E4E0	thumb	DexScreen_FlipCategoryPageInDirection
0x0810E714	thumb	DexScreen_DexPageZoomEffectFrame
0x0810E96C	thumb	DexScreen_PrintMonCategory
0x0810EA1C	thumb	DexScreen_PrintMonHeight
0x0810EB50	thumb	DexScreen_PrintMonWeight
0x0810ECEC	thumb	DexScreen_PrintMonFlavorText
0x0810ED98	thumb	DexScreen_DrawMonFootprint
0x0810EE58	thumb	DexScreen_DrawMonDexPage
0x0810F044	thumb	RemoveDexPageWindows
0x0810F08C	thumb	DexScreen_DrawMonAreaPage
0x0810F7A8	thumb	DexScreen_DestroyAreaScreenResources
0x0810F7F8	thumb	DexScreen_IsPageUnlocked
0x0810F844	thumb	DexScreen_IsCategoryUnlocked
0x0810F87C	thumb	DexScreen_CreateCategoryPageSpeciesList
0x0810F908	thumb	DexScreen_GetPageLimitsForCategory
0x0810F980	thumb	DexScreen_LookUpCategoryBySpecies
0x0810FA40	thumb	DexScreen_PageNumberToRenderablePages
0x0810FA90	thumb	DexScreen_InputHandler_StartToCry
0x0810FABC	thumb	DexScreen_RegisterMonToPokedex
0x0810FB60	thumb	Task_DexScreen_RegisterNonKantoMonBeforeNationalDex
0x0810FB70	thumb	Task_DexScreen_RegisterMonToPokedex
0x0810FDBC	thumb	DexScreen_PrintStringWithAlignment
0x0810FE20	thumb	GetPokedexCategoryName
0x0810FE34	thumb	GetPokedexHeightWeight
0x0810FE68	thumb	GetSetPokedexFlag
0x0810FE7C	thumb	GetNationalPokedexCount
0x0810FEE8	thumb	GetKantoPokedexCount
0x0810FF48	thumb	GetExtendedPokedexCount
0x0810FFB0	thumb	HasAllHoennMons
0x0810FFDC	thumb	HasAllExtendedMons
0x08110008	thumb	HasAllKantoMons
0x08110030	thumb	HasAllMons
0x08110090	thumb	HasNationalMon
0x081100BC	thumb	HasAllKantoMonsNew
0x081100E4	thumb	HasAllMonsNew
0x08110138	thumb	AbsFollowerDelta
0x08110148	thumb	IsPokemonFollowerLocalId
0x08110160	thumb	IsPokemonFollowerObjectEvent
0x08110180	thumb	FindFollowerObjectEventId
0x081101BC	thumb	ClearFollowerRuntimeState
0x08110204	thumb	RemovePokemonFollower
0x08110284	thumb	RecallPokemonFollowerForScript
0x08110298	thumb	TryRemovePokemonFollowerToFreeObject
0x08110320	thumb	GetScriptedMovementDestination
0x08110360	thumb	HandlePokemonFollowerBeforeScriptedMovement
0x081104C0	thumb	ClearPokemonFollowerScriptHide
0x081104CC	thumb	ShouldSuppressPokemonFollower
0x08110518	thumb	FindEligiblePartyMon
0x08110598	thumb	ChooseInitialFollowerCoords
0x0811063C	thumb	SpawnPokemonFollower
0x081107AC	thumb	GetDirectionTowardCoords
0x08110828	thumb	GetFollowerLedgeJumpDirection
0x081108B4	thumb	GetActivePlayerLedgeJumpDirection
0x081108E4	thumb	TryMoveFollower
0x081109F4	thumb	RepairFollowerPosition
0x08110AC4	thumb	UpdateFollowerMovement
0x08110D20	thumb	UpdatePokemonFollower
0x08110E24	thumb	CreateMonIcon
0x08110ECC	thumb	CreateMonIcon_HandleDeoxys
0x08110F44	thumb	GetIconSpecies
0x08110FC0	thumb	GetUnownLetterByPersonality
0x08110FF4	thumb	MailSpeciesToIconSpecies
0x08111044	thumb	GetMonIconTiles
0x081110A4	thumb	GetMonIconPtr
0x0811117C	thumb	DestroyMonIcon
0x081111AC	thumb	LoadMonIconPalettes
0x081111CC	thumb	SafeLoadMonIconPalette
0x08111218	thumb	LoadMonIconPalette
0x08111248	thumb	FreeMonIconPalettes
0x0811128C	thumb	SafeFreeMonIconPalette
0x081112C0	thumb	FreeMonIconPalette
0x081112E4	thumb	SpriteCB_MonIcon
0x081112F0	thumb	LoadMonIconPalettesAt
0x08111324	thumb	GetValidMonIconPalettePtr
0x0811134C	thumb	GetValidMonIconPalIndex
0x08111364	thumb	GetMonIconPaletteIndexFromSpecies
0x08111374	thumb	UpdateMonIconFrame
0x0811141C	thumb	CreateMonIconSprite
0x081114AC	thumb	DestroyMonIconInternal
0x081114DC	thumb	SetPartyHPBarSprite
0x081114F4	thumb	CreateStaticCountdownTask
0x08111534	thumb	StartStaticCountdown
0x08111560	thumb	IsStaticCountdownRunning
0x08111570	thumb	Task_StaticCountdown
0x081115D4	thumb	StaticCountdown_CreateSprites
0x081116C4	thumb	Task_StaticCountdown_Init
0x08111748	thumb	Task_StaticCountdown_Free
0x081117C0	thumb	SpriteCB_StaticCountdown
0x081118BC	thumb	Task_StaticCountdown_Start
0x08111904	thumb	Task_StaticCountdown_Run
0x08111980	thumb	StartPokemonJump
0x08111AA4	thumb	FreePokemonJump
0x08111AC0	thumb	InitGame
0x08111B10	thumb	ResetForNewGame
0x08111BB4	thumb	InitPlayerAndJumpTypes
0x08111C28	thumb	ResetPlayersForNewGame
0x08111C6C	thumb	GetPokemonJumpSpeciesIdx
0x08111C94	thumb	InitJumpMonInfo
0x08111CC0	thumb	VBlankCB_PokemonJump
0x08111CD4	thumb	CB2_PokemonJump
0x08111CEC	thumb	SetPokeJumpTask
0x08111D0C	thumb	Task_StartPokemonJump
0x08111E68	thumb	SetLinkTimeInterval
0x08111E90	thumb	SetFunc_Leader
0x08111EC8	thumb	RecvLinkData_Leader
0x08111FAC	thumb	Task_PokemonJump_Leader
0x0811204C	thumb	SendLinkData_Leader
0x081120C4	thumb	SetFunc_Member
0x081120F4	thumb	RecvLinkData_Member
0x08112224	thumb	Task_PokemonJump_Member
0x08112284	thumb	SendLinkData_Member
0x08112308	thumb	GameIntro_Leader
0x08112348	thumb	GameIntro_Member
0x08112380	thumb	WaitRound_Leader
0x081123DC	thumb	WaitRound_Member
0x08112450	thumb	GameRound_Leader
0x081124A0	thumb	GameRound_Member
0x081124D8	thumb	GameOver_Leader
0x08112574	thumb	GameOver_Member
0x081125F4	thumb	AskPlayAgain_Leader
0x08112684	thumb	AskPlayAgain_Member
0x081126D4	thumb	ResetGame_Leader
0x08112724	thumb	ResetGame_Member
0x0811275C	thumb	ExitGame
0x081127B0	thumb	GivePrize_Leader
0x081127F0	thumb	GivePrize_Member
0x08112810	thumb	SavePokeJump
0x081128EC	thumb	DoGameIntro
0x08112A44	thumb	HandleSwingRound
0x08112B04	thumb	DoVineHitEffect
0x08112C64	thumb	TryGivePrize
0x08112D88	thumb	DoPlayAgainPrompt
0x08112E14	thumb	ClosePokeJumpLink
0x08112EE8	thumb	CloseMessageAndResetScore
0x08112F54	thumb	Task_CommunicateMonInfo
0x08113094	thumb	SetTaskWithPokeJumpStruct
0x081130B0	thumb	InitVineState
0x081130CC	thumb	ResetVineState
0x08113100	thumb	UpdateVineState
0x08113188	thumb	GetVineSpeed
0x081131B4	thumb	UpdateVineSpeed
0x081132BC	thumb	PokeJumpRandom
0x081132E0	thumb	ResetVineAfterHit
0x08113300	thumb	IsGameOver
0x0811330C	thumb	ResetPlayersJumpStates
0x08113340	thumb	ResetPlayersMonState
0x08113358	thumb	IsPlayersMonState
0x08113384	thumb	SetMonStateJump
0x081133A4	thumb	SetMonStateHit
0x081133C8	thumb	SetMonStateNormal
0x081133E4	thumb	UpdateGame
0x08113470	thumb	TryUpdateVineSwing
0x081134B0	thumb	DisallowVineUpdates
0x081134C0	thumb	AllowVineUpdates
0x081134D0	thumb	HandleMonState
0x081135E0	thumb	UpdateJump
0x081136CC	thumb	TryUpdateScore
0x08113854	thumb	UpdateVineHitStates
0x081138DC	thumb	AllPlayersJumpedOrHit
0x0811391C	thumb	DidAllPlayersClearVine
0x08113950	thumb	ShouldPlayAgain
0x08113984	thumb	AddJumpScore
0x081139A4	thumb	GetPlayersAtJumpPeak
0x081139E4	thumb	AreLinkQueuesEmpty
0x08113A08	thumb	GetNumPlayersForBonus
0x08113A44	thumb	ClearUnreadField
0x08113A54	thumb	GetScoreBonus
0x08113A60	thumb	TryUpdateExcellentsRecord
0x08113A78	thumb	HasEnoughScoreForPrize
0x08113A90	thumb	GetPrizeData
0x08113AFC	thumb	UnpackPrizeData
0x08113B0C	thumb	GetPrizeItemId
0x08113B24	thumb	GetPrizeQuantity
0x08113B74	thumb	GetQuantityLimitedByBag
0x08113BA4	thumb	GetNumPokeJumpPlayers
0x08113BB4	thumb	GetPokeJumpMultiplayerId
0x08113BC0	thumb	GetMonInfoByMultiplayerId
0x08113BE0	thumb	GetPokeJumpPlayerName
0x08113C00	thumb	IsSpeciesAllowedInPokemonJump
0x08113C28	thumb	IsPokemonJumpSpeciesInParty
0x08113C84	thumb	SendPacket_MonInfo
0x08113CA8	thumb	RecvPacket_MonInfo
0x08113CF4	thumb	SendPacket_Unused
0x08113D0C	thumb	SendPacket_LeaderState
0x08113D50	thumb	RecvPacket_LeaderState
0x08113DB8	thumb	SendPacket_MemberState
0x08113DE4	thumb	RecvPacket_MemberStateToLeader
0x08113E40	thumb	RecvPacket_MemberStateToMember
0x08113E90	thumb	StartPokeJumpGfx
0x08113ED8	thumb	FreeWindowsAndDigitObj
0x08113EE8	thumb	InitPokeJumpGfx
0x08113EF4	thumb	SetUpPokeJumpGfxFuncById
0x08113F38	thumb	IsPokeJumpGfxFuncFinished
0x08113F4C	thumb	SetUpPokeJumpGfxFunc
0x08113F70	thumb	Task_RunPokeJumpGfxFunc
0x08113F94	thumb	LoadPokeJumpGfx
0x0811412C	thumb	PrintPlayerNamesNoHighlight
0x081141C8	thumb	PrintPlayerNamesWithHighlight
0x08114254	thumb	ErasePlayerNames
0x081142CC	thumb	Msg_WantToPlayAgain
0x081143A4	thumb	Msg_SavingDontTurnOff
0x08114458	thumb	EraseMessage
0x081144BC	thumb	Msg_SomeoneDroppedOut
0x08114570	thumb	Msg_CommunicationStandby
0x08114624	thumb	DoPokeJumpCountdown
0x08114690	thumb	SetUpResetVineGfx
0x081146B8	thumb	ResetVineGfx
0x08114724	thumb	PrintPrizeMessage
0x08114804	thumb	PrintPrizeFilledBagMessage
0x08114890	thumb	PrintNoRoomForPrizeMessage
0x0811491C	thumb	DoPrizeMessageAndFanfare
0x081149AC	thumb	ClearMessageWindow
0x081149DC	thumb	RemoveMessageWindow
0x08114A24	thumb	HandlePlayAgainInput
0x08114A30	thumb	AddMessageWindow
0x08114A68	thumb	CreatePokeJumpYesNoMenu
0x08114AA4	thumb	PrintScoreSuffixes
0x08114B10	thumb	CreateJumpMonSprites
0x08114BE8	thumb	SetMonSpriteY
0x08114C04	thumb	UpdateVineSwing
0x08114C34	thumb	DoSameJumpTimeBonus
0x08114CE8	thumb	InitDigitPrinters
0x08114D2C	thumb	PrintScore
0x08114D3C	thumb	PrintJumpsInRow
0x08114D4C	thumb	StartMonHitShake
0x08114D80	thumb	StartMonHitFlash
0x08114DB4	thumb	IsMonHitShakeActive
0x08114DDC	thumb	StopMonHitFlash
0x08114E50	thumb	ResetMonSpriteSubpriorities
0x08114E8C	thumb	StartMonIntroBounce
0x08114EC0	thumb	IsMonIntroBounceActive
0x08114F00	thumb	AddPlayerNameWindows
0x08114F84	thumb	PrintPokeJumpPlayerName
0x08115020	thumb	PrintPokeJumpPlayerNames
0x08115080	thumb	DrawPlayerNameWindows
0x081150B4	thumb	ShowBonus
0x08115100	thumb	UpdateBonus
0x0811513C	thumb	Task_UpdateBonus
0x08115178	thumb	LoadSpriteSheetsAndPalettes
0x081151BC	thumb	ResetPokeJumpSpriteData
0x081151CC	thumb	CreateJumpMonSprite
0x081152F0	thumb	DoStarAnim
0x08115354	thumb	SpriteCB_Star
0x081153BC	thumb	Gfx_StartMonHitShake
0x081153E8	thumb	Gfx_IsMonHitShakeActive
0x08115408	thumb	SpriteCB_MonHitShake
0x08115448	thumb	Gfx_StartMonHitFlash
0x08115474	thumb	Gfx_StopMonHitFlash
0x081154E0	thumb	SpriteCB_MonHitFlash
0x08115518	thumb	Gfx_ResetMonSpriteSubpriorities
0x0811554C	thumb	Gfx_StartMonIntroBounce
0x08115578	thumb	Gfx_IsMonIntroBounceActive
0x081155B4	thumb	SpriteCB_MonIntroBounce
0x08115638	thumb	CreateStarSprite
0x08115688	thumb	CreateVineSprites
0x08115758	thumb	UpdateVineAnim
0x08115850	thumb	StartPokeJumpCountdown
0x08115898	thumb	IsPokeJumpCountdownRunning
0x081158A4	thumb	GetPokeJumpRecords
0x081158B8	thumb	ResetPokemonJumpRecords
0x081158DC	thumb	TryUpdateRecords
0x08115940	thumb	IncrementGamesWithMaxPlayers
0x08115964	thumb	ShowPokemonJumpRecords
0x0811597C	thumb	Task_ShowPokemonJumpRecords
0x08115A10	thumb	PrintRecordsText
0x08115B2C	thumb	TruncateToFirstWordOnly
0x08115B48	thumb	GetMonSizeHash
0x08115BCC	thumb	TranslateBigMonSizeTableIndex
0x08115BF4	thumb	GetMonSize
0x08115C8C	thumb	FormatMonSizeRecord
0x08115CD4	thumb	CompareMonSize
0x08115D6C	thumb	GetMonSizeRecordInfo
0x08115DA8	thumb	InitHeracrossSizeRecord
0x08115DBC	thumb	GetHeracrossSizeRecordInfo
0x08115DF4	thumb	CompareHeracrossSize
0x08115E14	thumb	InitMagikarpSizeRecord
0x08115E28	thumb	GetMagikarpSizeRecordInfo
0x08115E60	thumb	CompareMagikarpSize
0x08115E80	thumb	GiveGiftRibbonToParty
0x08115F2C	thumb	InitPokemonSpecialAnimScene
0x08116028	thumb	PokemonSpecialAnimSceneInitIsNotFinished
0x08116040	thumb	PSA_FreeWindowBuffers
0x0811604C	thumb	PSA_ShowMessageWindow
0x08116074	thumb	PSA_HideMessageWindow
0x08116090	thumb	PSA_PrintMessage
0x08116234	thumb	PSA_AfterPoof_ClearMessageWindow
0x0811624C	thumb	PSA_IsMessagePrintTaskActive
0x0811625C	thumb	PSA_DarkenMonSprite
0x08116290	thumb	PSA_RunPoofAnim
0x081162F0	thumb	PSA_UseTM_SetUpZoomOutAnim
0x08116300	thumb	PSA_UseTM_CleanUpForCancel
0x0811632C	thumb	PSA_UseTM_RunZoomOutAnim
0x0811649C	thumb	PSA_UseTM_SetUpMachineSetWobble
0x081164AC	thumb	PSA_UseTM_RunMachineSetWobble
0x08116504	thumb	PSA_CreateLevelUpVerticalSpritesTask
0x08116524	thumb	PSA_LevelUpVerticalSpritesTaskIsRunning
0x08116534	thumb	PSA_DrawLevelUpWindowPg1
0x08116570	thumb	PSA_DrawLevelUpWindowPg2
0x08116594	thumb	PSA_IsCopyingLevelUpWindowToVram
0x081165A0	thumb	LoadBgGfxByAnimType
0x081165F4	thumb	PSA_CreateMonSpriteAtCloseness
0x08116760	thumb	PSA_SetUpZoomAnim
0x081167B8	thumb	PSA_IsZoomTaskActive
0x081167C8	thumb	Task_ZoomAnim
0x081168DC	thumb	SetSpriteWithCloseness
0x081168EC	thumb	IsZoomSpriteCBActive
0x081168FC	thumb	GetSpriteOffsetByScale
0x08116918	thumb	GetYPosByScale
0x08116944	thumb	MonSpriteZoom_UpdateYPos
0x08116990	thumb	ItemSpriteZoom_UpdateYPos
0x081169CC	thumb	StartMonWiggleAnim
0x081169EC	thumb	StopMonWiggleAnim
0x081169FC	thumb	SpriteCallback_MonSpriteWiggle
0x08116A58	thumb	LoadMonSpriteGraphics
0x08116A80	thumb	PSA_SetUpItemUseOnMonAnim
0x08116B18	thumb	GetBlendColorByItemId
0x08116B20	thumb	CreateItemIconSpriteAtMaxCloseness
0x08116B50	thumb	PSA_CreateItemIconObject
0x08116BB0	thumb	PSA_IsItemUseOnMonAnimActive
0x08116BC0	thumb	Task_ItemUseOnMonAnim
0x08116D18	thumb	CreateSprites_UseItem_OutwardSpiralDots
0x08116DC4	thumb	SpriteCB_OutwardSpiralDots
0x08116E28	thumb	PSA_UseItem_CleanUpForCancel
0x08116E50	thumb	InitItemIconSpriteState
0x08116F04	thumb	MachineSetWobbleInit
0x08116F28	thumb	MachineSetWobble_SetCB
0x08116F38	thumb	MachineSetWobbleCBIsRunning
0x08116F54	thumb	SpriteCB_MachineSetWobble
0x08116F8C	thumb	StartZoomOutAnimForUseTM
0x08116FEC	thumb	CreateStarSprites
0x081170CC	thumb	AnyStarSpritesActive
0x081170D8	thumb	SpriteCB_Star
0x08117124	thumb	PSAScene_SeedRandomInTask
0x0811716C	thumb	StopMakingOutwardSpiralDots
0x08117194	thumb	Task_UseItem_OutwardSpiralDots
0x081172EC	thumb	PSAScene_RandomFromTask
0x08117320	thumb	SpriteCallback_UseItem_OutwardSpiralDots
0x0811737C	thumb	LoadOutwardSpiralDotsGfx
0x08117398	thumb	IsOutwardSpiralDotsTaskRunning
0x081173A8	thumb	CreateLevelUpVerticalSpritesTask
0x0811745C	thumb	LevelUpVerticalSpritesTaskIsRunning
0x0811746C	thumb	Task_LevelUpVerticalSprites
0x081174E4	thumb	CreateLevelUpVerticalSprite
0x08117580	thumb	SpriteCB_LevelUpVertical
0x081175B8	thumb	DrawLevelUpWindowPg1
0x08117708	thumb	DrawLevelUpWindowPg2
0x081177F0	thumb	StartUseItemAnim_Normal
0x08117818	thumb	StartUseItemAnim_ForgetMoveAndLearnTMorHM
0x08117884	thumb	StartUseItemAnim_CantEvolve
0x081178D0	thumb	AllocPSA
0x08117A00	thumb	VBlankCB_PSA
0x08117A14	thumb	CB2_PSA
0x08117A30	thumb	SetUseItemAnimCallback
0x08117A5C	thumb	SetUpUseItemAnim_Normal
0x08117AC8	thumb	SetUpUseItemAnim_ForgetMoveAndLearnTMorHM
0x08117B00	thumb	SetUpUseItemAnim_CantEvolve
0x08117B34	thumb	Task_UseItem_Normal
0x08117D18	thumb	Task_ForgetMove
0x08117EA0	thumb	Task_EvoStone_CantEvolve
0x08118014	thumb	Task_UseTM_NoForget
0x08118104	thumb	Task_MachineSet
0x08118234	thumb	Task_CleanUp
0x081182B8	thumb	GetAnimTypeByItemId
0x081182E0	thumb	GetClosenessFromFriendship
0x08118300	thumb	GetPSAStruct
0x08118314	thumb	PSA_GetPokemon
0x08118334	thumb	PSA_GetSceneWork
0x0811834C	thumb	PSA_GetItemId
0x08118364	thumb	PSA_GetNameOfMoveForgotten
0x0811837C	thumb	PSA_GetNameOfMoveToTeach
0x08118394	thumb	PSA_CopyMonNickname
0x081183B8	thumb	PSA_GetMonNickname
0x081183D0	thumb	PSA_GetAnimType
0x081183E8	thumb	PSA_GetMonSpecies
0x08118400	thumb	PSA_GetMonPersonality
0x08118418	thumb	GetMonLevelUpWindowStats
0x08118460	thumb	PSA_IsCancelDisabled
0x0811846C	thumb	StoreHPAndStatusInBoxMon
0x08118570	thumb	PopulateBoxHpAndStatusToPartyMon
0x08118640	thumb	GetFirstAliveBoxMon
0x081186B4	thumb	SwapFirstAliveBoxPokemon
0x08118718	thumb	GetDeoxysSpeciesFromForme
0x08118730	thumb	InitCursor
0x081187B4	thumb	InitCursorOnReopen
0x08118828	thumb	GetCursorCoordsByPos
0x081188D0	thumb	GetSpeciesAtCursorPosition
0x08118920	thumb	UpdateCursorPos
0x08118A0C	thumb	InitNewCursorPos
0x08118AD8	thumb	InitCursorMove
0x08118BA4	thumb	SetCursorPosition
0x08118D50	thumb	DoCursorNewPosUpdate
0x08118E68	thumb	SetCursorInParty
0x08118EBC	thumb	SetCursorBoxPosition
0x08118ECC	thumb	ClearSavedCursorPos
0x08118ED8	thumb	SaveCursorPos
0x08118EEC	thumb	GetSavedCursorPos
0x08118EF8	thumb	InitMonPlaceChange
0x08118F20	thumb	InitMultiMonPlaceChange
0x08118F50	thumb	DoMonPlaceChange
0x08118F6C	thumb	MonPlaceChange_Grab
0x08119010	thumb	MonPlaceChange_Place
0x08119098	thumb	MonPlaceChange_Shift
0x08119144	thumb	MonPlaceChange_DoMoveCursorDown
0x08119170	thumb	MonPlaceChange_DoMoveCursorUp
0x08119190	thumb	MonPlaceChange_MoveCursorDown
0x081191BC	thumb	MonPlaceChange_MoveCursorUp
0x081191DC	thumb	MoveMon
0x08119240	thumb	PlaceMon
0x08119294	thumb	DoTrySetDisplayMonData
0x081192C4	thumb	SetMovedMonData
0x08119360	thumb	SetPlacedMonData
0x081193E4	thumb	PurgeMonOrBoxMon
0x0811940C	thumb	SetShiftedMonData
0x08119498	thumb	TryStorePartyMonInBox
0x0811951C	thumb	ResetSelectionAfterDeposit
0x0811955C	thumb	InitReleaseMon
0x081195AC	thumb	TryHideReleaseMon
0x081195D8	thumb	ReleaseMon
0x0811965C	thumb	TrySetCursorFistAnim
0x08119684	thumb	InitCanReleaseMonVars
0x081197A0	thumb	RunCanReleaseMon
0x081198F0	thumb	SaveMovingMon
0x08119920	thumb	LoadSavedMovingMon
0x0811996C	thumb	InitSummaryScreenData
0x08119A24	thumb	SetSelectionAfterSummaryScreen
0x08119A48	thumb	CompactPartySlots
0x08119AD8	thumb	SetMonMarkings
0x08119B5C	thumb	CanMovePartyMon
0x08119B94	thumb	CanShiftMon
0x08119BF8	thumb	IsMonBeingMoved
0x08119C04	thumb	IsCursorOnBoxTitle
0x08119C18	thumb	IsCursorOnCloseBox
0x08119C3C	thumb	IsCursorInBox
0x08119C4C	thumb	TrySetDisplayMonData
0x08119C7C	thumb	ReshowDisplayMon
0x08119CB4	thumb	SetDisplayMonData
0x0811A0BC	thumb	HandleInput_InBox
0x0811A0EC	thumb	HandleInput_InBox_Normal
0x0811A320	thumb	HandleInput_InBox_GrabbingMultiple
0x0811A43C	thumb	HandleInput_InBox_MovingMultiple
0x0811A534	thumb	HandleInput_InParty
0x0811A6CC	thumb	HandleInput_BoxTitle
0x0811A7DC	thumb	HandleInput_OnButtons
0x0811A8D8	thumb	HandleInput
0x0811A920	thumb	AddBoxMenu
0x0811A96C	thumb	SetSelectionMenuTexts
0x0811A9B0	thumb	SetMenuTextsForMon
0x0811AA68	thumb	SetMenuTextsForItem
0x0811AAF8	thumb	SpriteCB_CursorShadow
0x0811AB14	thumb	CreateCursorSprites
0x0811ACA4	thumb	ToggleCursorMultiMoveMode
0x0811ACDC	thumb	GetBoxCursorPosition
0x0811ACE8	thumb	GetCursorBoxColumnAndRow
0x0811AD30	thumb	StartCursorAnim
0x0811AD4C	thumb	GetMovingMonOriginalBoxId
0x0811AD58	thumb	SetCursorPriorityTo1
0x0811AD74	thumb	TryHideItemAtCursor
0x0811AD98	thumb	TryShowItemAtCursor
0x0811ADBC	thumb	InitMenu
0x0811ADEC	thumb	SetMenuText
0x0811AE54	thumb	GetMenuItemTextId
0x0811AE88	thumb	AddMenu
0x0811AF5C	thumb	IsMenuLoading
0x0811AF60	thumb	HandleMenuInput
0x0811B028	thumb	RemoveMenu
0x0811B050	thumb	TrySetDisplayMonData.part.0
0x0811B0BC	thumb	InitMonIconFields
0x0811B124	thumb	GetMonIconPriorityByCursorArea
0x0811B134	thumb	CreateMovingMonIcon
0x0811B1A0	thumb	InitBoxMonSprites
0x0811B2D8	thumb	CreateBoxMonIconAtPos
0x0811B3B8	thumb	StartBoxMonIconsScrollOut
0x0811B3F8	thumb	SpriteCB_BoxMonIconScrollIn
0x0811B430	thumb	SpriteCB_BoxMonIconScrollOut
0x0811B468	thumb	DestroyAllIconsInColumn
0x0811B4C8	thumb	CreateBoxMonIconsInColumn
0x0811B6A4	thumb	InitBoxMonIconScroll
0x0811B748	thumb	UpdateBoxMonIconScroll
0x0811B834	thumb	SetBoxSpeciesAndPersonalities
0x0811B8EC	thumb	DestroyBoxMonIconAtPosition
0x0811B924	thumb	SetBoxMonIconObjMode
0x0811B958	thumb	CreatePartyMonsSprites
0x0811BAE0	thumb	CompactPartySprites
0x0811BBC8	thumb	GetNumPartySpritesCompacting
0x0811BBDC	thumb	MovePartySpriteToNextSlot
0x0811BC38	thumb	SpriteCB_MovePartySpriteToNextSlot
0x0811BCBC	thumb	DestroyMovingMonIcon
0x0811BCEC	thumb	MovePartySprites
0x0811BD74	thumb	DestroyPartyMonIcon
0x0811BDAC	thumb	DestroyAllPartyMonIcons
0x0811BDF4	thumb	SetPartyMonIconObjMode
0x0811BE28	thumb	SetMovingMonSprite
0x0811BEAC	thumb	SetPlacedMonSprite
0x0811BF20	thumb	SetShiftMonSpritePtr
0x0811BF78	thumb	ShiftMons
0x0811C08C	thumb	DoReleaseMonAnim
0x0811C114	thumb	TryHideReleaseMonSprite
0x0811C148	thumb	DestroyReleaseMonIcon
0x0811C188	thumb	DoReleaseMonComeBackAnim
0x0811C1B4	thumb	ResetReleaseMonSpritePtr
0x0811C1E0	thumb	SetMovingMonPriority
0x0811C204	thumb	SpriteCB_HeldMon
0x0811C224	thumb	TryLoadMonIconTiles
0x0811C2B0	thumb	RemoveSpeciesFromIconList
0x0811C2F8	thumb	CreateMonIconSprite
0x0811C3CC	thumb	DestroyBoxMonIcon
0x0811C3E4	thumb	CreateInitBoxTask
0x0811C40C	thumb	IsInitBoxActive
0x0811C41C	thumb	Task_InitBox
0x0811C4FC	thumb	SetUpScrollToBox
0x0811C5E8	thumb	ScrollToBox
0x0811C6F0	thumb	DetermineBoxScrollDirection
0x0811C730	thumb	SetWallpaperForCurrentBox
0x0811C758	thumb	DoWallpaperGfxChange
0x0811C7F0	thumb	LoadWallpaperGfx
0x0811C8F0	thumb	WaitForWallpaperGfxLoad
0x0811C900	thumb	DrawWallpaper
0x0811C990	thumb	TrimOldWallpaper
0x0811CA18	thumb	InitBoxTitle
0x0811CB9C	thumb	CreateIncomingBoxTitle
0x0811CD24	thumb	CycleBoxTitleSprites
0x0811CD68	thumb	SpriteCB_IncomingBoxTitle
0x0811CD94	thumb	SpriteCB_OutgoingBoxTitle
0x0811CDCC	thumb	CycleBoxTitleColor
0x0811CE18	thumb	GetBoxTitleBaseX
0x0811CE38	thumb	CreateBoxScrollArrows
0x0811CECC	thumb	StartBoxScrollArrowsSlide
0x0811CF1C	thumb	StopBoxScrollArrowsSlide
0x0811CF60	thumb	AnimateBoxScrollArrows
0x0811CF9C	thumb	SpriteCB_BoxScrollArrow
0x0811D048	thumb	CreateChooseBoxArrows
0x0811D0AC	thumb	DrawTextWindowAndBufferTiles
0x0811D1BC	thumb	PrintStringToBufferCopyNow
0x0811D28C	thumb	CountMonsInBox
0x0811D2BC	thumb	GetFirstFreeBoxSpot
0x0811D2EC	thumb	CountPartyNonEggMons
0x0811D334	thumb	CountPartyAliveNonEggMonsExcept
0x0811D38C	thumb	CountPartyAliveNonEggMons_IgnoreVar0x8004Slot
0x0811D3A4	thumb	CountPartyMons
0x0811D3D8	thumb	StringCopyAndFillWithSpaces
0x0811D404	thumb	UnusedWriteRectCpu
0x0811D488	thumb	UnusedWriteRectDma
0x0811D570	thumb	Task_PCMainMenu
0x0811D928	thumb	ShowPokemonStorageSystemPC
0x0811D950	thumb	FieldTask_ReturnToPcMenu
0x0811D99C	thumb	CreatePCMainMenu
0x0811DA14	thumb	CB2_ExitPokeStorage
0x0811DA40	thumb	ResetPokemonStorageSystem
0x0811DAA0	thumb	LoadChooseBoxMenuGfx
0x0811DB3C	thumb	FreeBoxSelectionPopupSpriteGfx
0x0811DB80	thumb	CreateChooseBoxMenuSprites
0x0811DB90	thumb	DestroyChooseBoxMenuSprites
0x0811DB9C	thumb	HandleBoxChooseSelectionInput
0x0811DC34	thumb	ChooseBoxMenu_CreateSprites
0x0811DDD8	thumb	ChooseBoxMenu_DestroySprites
0x0811DE28	thumb	ChooseBoxMenu_MoveRight
0x0811DE58	thumb	ChooseBoxMenu_MoveLeft
0x0811DE84	thumb	ChooseBoxMenu_PrintBoxNameAndCount
0x0811DF74	thumb	ChooseBoxMenu_PrintTextToSprite
0x0811DFCC	thumb	SpriteCB_ChooseBoxArrow
0x0811E000	thumb	MultiMove_Init
0x0811E050	thumb	MultiMove_Free
0x0811E068	thumb	MultiMove_SetFunction
0x0811E078	thumb	MultiMove_RunFunction
0x0811E0D0	thumb	MultiMove_Function_Start
0x0811E1B8	thumb	MultiMove_Function_Single
0x0811E220	thumb	MultiMove_Function_ChangeSelection
0x0811E280	thumb	MultiMove_Function_GrabSelection
0x0811E2E8	thumb	MultiMove_Function_MoveMons
0x0811E304	thumb	MultiMove_Function_PlaceMons
0x0811E3B4	thumb	MultiMove_TryMoveGroup
0x0811E440	thumb	MultiMove_UpdateSelectedIcons
0x0811E548	thumb	MultiMove_SelectColumn
0x0811E578	thumb	MultiMove_SelectRow
0x0811E5A8	thumb	MultiMove_DeselectColumn
0x0811E650	thumb	MultiMove_DeselectRow
0x0811E6E4	thumb	MultiMove_SetIconToBg
0x0811E794	thumb	MultiMove_ClearIconFromBg
0x0811E7EC	thumb	MultiMove_InitBg
0x0811E7FC	thumb	MultiMove_UpdateBg
0x0811E83C	thumb	MultiMove_GetMonsFromSelection
0x0811E94C	thumb	MultiMove_RemoveMonsFromBox
0x0811E9CC	thumb	MultiMove_CreatePlacedMonIcons
0x0811EAA0	thumb	MultiMove_SetPlacedMonData
0x0811EB84	thumb	MultiMove_ResetBg
0x0811EBCC	thumb	MultiMove_GetOriginPosition
0x0811EBE8	thumb	MultiMove_CanPlaceSelection
0x0811EC88	thumb	CreateItemIconSprites
0x0811EDAC	thumb	TryLoadItemIconAtPos
0x0811EEFC	thumb	TryHideItemIconAtPos
0x0811EF68	thumb	Item_FromMonToMoving
0x0811F048	thumb	InitItemIconInCursor
0x0811F118	thumb	Item_SwitchMonsWithMoving
0x0811F22C	thumb	Item_GiveMovingToMon
0x0811F2DC	thumb	Item_TakeMons
0x0811F38C	thumb	MoveItemFromCursorToBag
0x0811F3F0	thumb	MoveHeldItemWithPartyMenu
0x0811F434	thumb	IsItemIconAnimActive
0x0811F48C	thumb	IsActiveItemMoving
0x0811F4CC	thumb	GetMovingItemName
0x0811F4E8	thumb	GetMovingItem
0x0811F4FC	thumb	GetNewItemIconIdx
0x0811F548	thumb	IsItemIconAtPosition
0x0811F590	thumb	GetItemIconIdxByPosition
0x0811F5D4	thumb	GetItemIconIdxBySprite
0x0811F604	thumb	SetItemIconPosition
0x0811F620	thumb	LoadItemIconGfx
0x0811F634	thumb	SetItemIconAffineAnim
0x0811F664	thumb	SetItemIconCallback
0x0811F684	thumb	SetItemIconActive
0x0811F6CC	thumb	GetItemIconPic
0x0811F6DC	thumb	GetItemIconPalette
0x0811F6EC	thumb	PrintItemDescription
0x0811F768	thumb	InitItemInfoWindow
0x0811F798	thumb	UpdateItemInfoWindowSlideIn
0x0811F828	thumb	UpdateItemInfoWindowSlideOut
0x0811F8F8	thumb	DrawItemInfoWindow
0x0811F984	thumb	SpriteCB_ItemIcon_WaitAnim
0x0811F9D4	thumb	SpriteCB_ItemIcon_ToHand
0x0811FA54	thumb	SpriteCB_ItemIcon_SetPosToCursor
0x0811FA84	thumb	SpriteCB_ItemIcon_ToMon
0x0811FB48	thumb	SpriteCB_ItemIcon_SwapToHand
0x0811FC18	thumb	SpriteCB_ItemIcon_SwapToMon
0x0811FCEC	thumb	SpriteCB_ItemIcon_HideParty
0x0811FD60	thumb	UnkUtil_Init
0x0811FD74	thumb	UnkUtil_Run
0x0811FDAC	thumb	UnkUtil_CpuAdd
0x0811FE54	thumb	UnkUtil_CpuRun
0x0811FE90	thumb	UnkUtil_DmaAdd
0x0811FEF4	thumb	UnkUtil_DmaRun
0x0811FFE4	thumb	SetItemIconPosition.part.0
0x081200B0	thumb	LoadItemIconGfx.part.0
0x08120174	thumb	SetItemIconCallback.part.0
0x08120250	thumb	VBlankCB_PokeStorage
0x0812027C	thumb	CB2_PokeStorage
0x081202E4	thumb	EnterPokeStorage
0x08120358	thumb	CB2_ReturnToPokeStorage
0x081203B8	thumb	ResetAllBgCoords
0x08120400	thumb	ResetForPokeStorage
0x08120480	thumb	InitStartingPosData
0x081204AC	thumb	SetMonIconTransparency
0x081204E4	thumb	SetPokeStorageTask
0x08120508	thumb	Task_InitPokeStorage
0x08120748	thumb	Task_ShowPokeStorage
0x081207A0	thumb	Task_ReshowPokeStorage
0x081207FC	thumb	Task_PokeStorageMain
0x08120CC8	thumb	Task_ShowPartyPokemon
0x08120D3C	thumb	Task_HidePartyPokemon
0x08120DDC	thumb	Task_OnSelectedMon
0x08121130	thumb	Task_MoveMon
0x081211A0	thumb	Task_PlaceMon
0x08121214	thumb	Task_ShiftMon
0x0812126C	thumb	Task_WithdrawMon
0x08121380	thumb	Task_DepositMenu
0x081214B4	thumb	Task_ReleaseMon
0x081216D4	thumb	Task_ShowMarkMenu
0x08121778	thumb	Task_TakeItemForMoving
0x08121850	thumb	Task_GiveMovingItemToMon
0x08121908	thumb	Task_ItemToBag
0x08121A08	thumb	Task_SwitchSelectedItem
0x08121AF0	thumb	Task_ShowItemInfo
0x08121BB0	thumb	Task_CloseBoxWhileHoldingItem
0x08121CD8	thumb	Task_HandleMovingMonFromParty
0x08121D2C	thumb	Task_PrintCantStoreMail
0x08121DB0	thumb	Task_HandleBoxOptions
0x08121EB8	thumb	Task_HandleWallpapers
0x08122014	thumb	Task_JumpBox
0x08122104	thumb	Task_NameBox
0x08122170	thumb	Task_ShowMonSummary
0x081221DC	thumb	Task_GiveItemFromBag
0x08122248	thumb	Task_OnCloseBoxPressed
0x081223DC	thumb	Task_OnBPressed
0x0812256C	thumb	Task_ChangeScreen
0x08122688	thumb	GiveChosenBagItem
0x081226E0	thumb	FreePokeStorageData
0x08122704	thumb	SetScrollingBackground
0x0812273C	thumb	ScrollBackground
0x08122758	thumb	LoadPokeStorageMenuGfx
0x081227BC	thumb	InitPokeStorageWindows
0x081227DC	thumb	LoadsMiscSpritePalette
0x081227EC	thumb	InitPalettesAndSprites
0x08122884	thumb	CreateMarkingComboSprite
0x081228E4	thumb	CreateWaveformSprites
0x08122954	thumb	RefreshDisplayMonData
0x08122980	thumb	StartDisplayMonMosaic
0x081229E0	thumb	IsDisplayMonMosaicActive
0x081229F8	thumb	SpriteCB_DisplayMonMosaic
0x08122A40	thumb	CreateDisplayMonSprite
0x08122B38	thumb	LoadDisplayMonGfx
0x08122BD8	thumb	PrintDisplayMonInfo
0x08122D20	thumb	UpdateWaveformAnimation
0x08122DA4	thumb	InitSupplementalTilemaps
0x08122EB4	thumb	SetUpShowPartyMenu
0x08122EE0	thumb	ShowPartyMenu
0x08122F4C	thumb	SetUpHidePartyMenu
0x08122F7C	thumb	HidePartyMenu
0x08123034	thumb	UpdateCloseBoxButtonTilemap
0x0812306C	thumb	StartFlashingCloseBoxButton
0x08123088	thumb	StopFlashingCloseBoxButton
0x081230C8	thumb	UpdateCloseBoxButtonFlash
0x0812310C	thumb	SetPartySlotTilemaps
0x08123138	thumb	SetPartySlotTilemap
0x08123198	thumb	UpdatePartySlotColors
0x081231E4	thumb	SetUpDoShowPartyMenu
0x08123220	thumb	DoShowPartyMenu
0x0812328C	thumb	InitPokeStorageBg0
0x081232C8	thumb	PrintStorageMessage
0x081233E0	thumb	ShowYesNoWindow
0x08123414	thumb	ClearBottomWindow
0x08123428	thumb	AddWallpaperSetsMenu
0x08123450	thumb	AddWallpapersMenu
0x081234D8	thumb	GetCurrentBoxOption
0x081234E4	thumb	InitCursorItemIcon
0x08123538	thumb	SetPokeStorageQuestLogEvent
0x0812365C	thumb	UpdateBoxToSendMons
0x0812368C	thumb	BackupPokemonStorage
0x081236A4	thumb	RestorePokemonStorage
0x081236C0	thumb	StorageGetCurrentBox
0x081236CC	thumb	SetCurrentBox
0x081236E0	thumb	GetBoxMonDataAt
0x08123720	thumb	SetBoxMonDataAt
0x08123764	thumb	GetCurrentBoxMonData
0x081237A0	thumb	SetCurrentBoxMonData
0x081237DC	thumb	GetBoxMonNickAt
0x08123820	thumb	SetBoxMonNickAt
0x08123860	thumb	GetAndCopyBoxMonDataAt
0x081238A4	thumb	SetBoxMonAt
0x081238E4	thumb	CopyBoxMonAt
0x08123924	thumb	CreateBoxMonAt
0x08123998	thumb	ZeroBoxMonAt
0x081239D4	thumb	BoxMonAtToMon
0x08123A1C	thumb	GetBoxedMonPtr
0x08123A50	thumb	GetBoxNamePtr
0x08123A78	thumb	GetBoxWallpaper
0x08123A9C	thumb	SetBoxWallpaper
0x08123AC4	thumb	SeekToNextMonInBox
0x08123B54	thumb	ShowPokemonSummaryScreen
0x08123D18	thumb	ShowSelectMovePokemonSummaryScreen
0x08123D4C	thumb	PageFlipInputIsDisabled
0x08123D78	thumb	IsPageFlipInput
0x08123E14	thumb	Task_InputHandler_Info
0x08124098	thumb	Task_PokeSum_FlipPages
0x08124318	thumb	Task_FlipPages_FromInfo
0x081245D0	thumb	Task_BackOutOfSelectMove
0x0812484C	thumb	PokeSum_SetHpExpBarCoordsFullRight
0x081248D4	thumb	PokeSum_SetHpExpBarCoordsFullLeft
0x08124958	thumb	PokeSum_InitBgCoordsBeforePageFlips
0x08124A48	thumb	PokeSum_HideSpritesBeforePageFlip
0x08124B70	thumb	PokeSum_ShowSpritesBeforePageFlip
0x08124CE0	thumb	PokeSum_IsPageFlipFinished
0x08124DC0	thumb	PokeSum_UpdateBgPriorityForPageFlip
0x08124FC0	thumb	PokeSum_CopyNewBgTilemapBeforePageFlip_2
0x08125044	thumb	PokeSum_CopyNewBgTilemapBeforePageFlip
0x081250C0	thumb	CB2_SetUpPSS
0x0812540C	thumb	PokeSum_HandleLoadBgGfx
0x08125510	thumb	PokeSum_Setup_BufferStrings
0x081255AC	thumb	BufferMonInfo
0x08125818	thumb	BufferMonSkills
0x081263B4	thumb	BufferMonMoves
0x081263F0	thumb	BufferMonMoveI
0x081267F4	thumb	PokeSum_HandleCreateSprites
0x0812687C	thumb	PokeSum_Setup_SpritesReset
0x08126894	thumb	PokeSum_Setup_InitGpu
0x08126A3C	thumb	PokeSum_FinishSetup
0x08126A8C	thumb	PokeSum_PrintPageName
0x08126AD4	thumb	PokeSum_PrintControlsString
0x08126B2C	thumb	PrintMonLevelNickOnWindow2
0x08126C08	thumb	PokeSum_PrintRightPaneText
0x08126C60	thumb	PrintInfoPage
0x08126D9C	thumb	PrintSkillsPage
0x08126F0C	thumb	PrintMovesPage
0x08126F80	thumb	PokeSum_PrintMoveName
0x081271BC	thumb	PokeSum_PrintBottomPaneText
0x08127220	thumb	PokeSum_PrintTrainerMemo
0x08127274	thumb	PokeSum_PrintTrainerMemo_Mon_HeldByOT
0x08127478	thumb	PokeSum_PrintTrainerMemo_Mon_NotHeldByOT
0x08127704	thumb	IsMonFromOrre
0x0812772C	thumb	PokeSum_PrintTrainerMemo_Mon
0x08127770	thumb	IsEggFromBoxRS
0x08127804	thumb	PokeSum_PrintTrainerMemo_Egg
0x0812794C	thumb	PokeSum_PrintExpPoints_NextLv
0x081279A4	thumb	PokeSum_PrintSelectedMoveStats
0x08127A70	thumb	PokeSum_PrintAbilityDataOrMoveTypes
0x08127AB0	thumb	PokeSum_PrintAbilityNameAndDesc
0x08127B18	thumb	PokeSum_DrawMoveTypeIcons
0x08127BAC	thumb	PokeSum_PrintPageHeaderText
0x08127C7C	thumb	CommitStaticWindowTilemaps
0x08127CB4	thumb	Task_DestroyResourcesOnExit
0x08127D30	thumb	CB2_RunPokemonSummaryScreen
0x08127D48	thumb	PokeSum_FlipPages_SlideHpExpBarsOut
0x08127DB4	thumb	PokeSum_FlipPages_SlideHpExpBarsIn
0x08127E5C	thumb	PokeSum_FlipPages_SlideLayerLeft
0x08127EAC	thumb	PokeSum_FlipPages_SlideLayeRight
0x08127F14	thumb	PokeSum_FlipPages_HandleBgHofs
0x08127F48	thumb	PokeSum_FlipPages_HandleHpExpBarSprites
0x08127F88	thumb	VBlankCB_PokemonSummaryScreen
0x08128008	thumb	PokeSum_Setup_ResetCallbacks
0x0812801C	thumb	PokeSum_Setup_SetVBlankCallback
0x0812802C	thumb	PokeSum_CreateWindows
0x081280E0	thumb	PokeSum_AddWindows
0x08128270	thumb	PokeSum_RemoveWindows
0x08128298	thumb	PokeSum_SetHelpContext
0x081282D4	thumb	PokeSum_BufferOtName_IsEqualToCurrentOwner
0x08128378	thumb	PokeSum_DrawPageProgressTiles
0x081287B0	thumb	PokeSum_PrintMonTypeIcons
0x08128870	thumb	GetLastViewedMonIndex
0x0812887C	thumb	GetMoveSlotToReplace
0x08128888	thumb	SetPokemonSummaryScreenMode
0x0812889C	thumb	IsMultiBattlePartner
0x081288DC	thumb	BufferSelectedMonData
0x08128930	thumb	GetMonMoveBySlotId
0x08128974	thumb	GetMonPpByMoveSlot
0x081289B8	thumb	StatusToAilment
0x08128A20	thumb	Task_HandleInput_SelectMove
0x08128DB0	thumb	SwapMonMoveSlots
0x08128ED0	thumb	SwapBoxMonMoveSlots
0x08128FF0	thumb	UpdateCurrentMonBufferFromPartyOrBox
0x08129044	thumb	PokeSum_CanForgetSelectedMove
0x081290B4	thumb	Task_InputHandler_SelectOrForgetMove
0x08129324	thumb	SpriteCB_PokeSum_MonPicSprite
0x081293BC	thumb	SpriteCB_PokeSum_EggPicShake
0x0812944C	thumb	SpriteCB_MonPicDummy
0x08129450	thumb	PokeSum_CreateMonPicSprite
0x081295A8	thumb	PokeSum_SetMonPicSpriteCallback
0x081296F8	thumb	PokeSum_ShowOrHideMonPicSprite
0x08129728	thumb	PokeSum_DestroyMonPicSprite
0x08129754	thumb	CreateBallIconObj
0x081297DC	thumb	ShowOrHideBallIconObj
0x0812980C	thumb	DestroyBallIconObj
0x08129834	thumb	PokeSum_CreateMonIconSprite
0x08129944	thumb	PokeSum_ShowOrHideMonIconSprite
0x08129974	thumb	PokeSum_DestroyMonIconSprite
0x081299B8	thumb	CreateMoveSelectionCursorObjs
0x08129B70	thumb	ShoworHideMoveSelectionCursor
0x08129B9C	thumb	SpriteCB_MoveSelectionCursor
0x08129C74	thumb	DestroyMoveSelectionCursorObjs
0x08129CAC	thumb	CreateMonStatusIconObj
0x08129D80	thumb	DestroyMonStatusIconObj
0x08129DAC	thumb	UpdateMonStatusIconObj
0x08129E04	thumb	ShowOrHideStatusIcon
0x08129E78	thumb	CreateHpBarObjs
0x0812A02C	thumb	UpdateHpBarObjs
0x0812A1FC	thumb	DestroyHpBarObjs
0x0812A230	thumb	ShowOrHideHpBarObjs
0x0812A25C	thumb	CreateExpBarObjs
0x0812A39C	thumb	UpdateExpBarObjs
0x0812A5B4	thumb	DestroyExpBarObjs
0x0812A5E8	thumb	ShowOrHideExpBarObjs
0x0812A614	thumb	CreatePokerusIconObj
0x0812A6E4	thumb	DestroyPokerusIconObj
0x0812A710	thumb	ShowPokerusIconObjIfHasOrHadPokerus
0x0812A754	thumb	HideShowPokerusIcon
0x0812A7DC	thumb	CreateShinyStarObj
0x0812A8DC	thumb	DestroyShinyStarObj
0x0812A908	thumb	HideShowShinyStar
0x0812A97C	thumb	ShowShinyStarObjIfMonShiny
0x0812A9B8	thumb	PokeSum_DestroySprites
0x0812AABC	thumb	PokeSum_CreateSprites
0x0812AB94	thumb	PokeSum_CreateMonMarkingsSprite
0x0812AC0C	thumb	PokeSum_DestroyMonMarkingsSprite
0x0812AC28	thumb	PokeSum_ShowOrHideMonMarkingsSprite
0x0812AC70	thumb	PokeSum_UpdateMonMarkingsAnim
0x0812ACC8	thumb	PokeSum_SeekToNextMon
0x0812AD74	thumb	SeekToNextMonInSingleParty
0x0812AE04	thumb	PokeSum_CanSeekToMon
0x0812AE40	thumb	SeekToMonInMultiParty_SeekForward
0x0812AED0	thumb	SeekToMonInMultiParty_SeekBack
0x0812AF60	thumb	SeekToNextMonInMultiParty
0x0812B038	thumb	Task_PokeSum_SwitchDisplayedPokemon
0x0812B344	thumb	PokeSum_UpdateWin1ActiveFlag
0x0812B378	thumb	PokeSum_TryPlayMonCry
0x0812B3DC	thumb	PokeSum_IsMonBoldOrGentle
0x0812B3E8	thumb	CurrentMonIsFromGBA
0x0812B424	thumb	MapSecIsInKantoOrSevii
0x0812B458	thumb	ShowPokemonSummaryScreen_NullParty
0x0812B474	thumb	GetHiddenPowerType
0x0812B500	thumb	GetWeatherBallType
0x0812B564	thumb	ZeroBoxMonData
0x0812B574	thumb	ZeroMonData
0x0812B598	thumb	ZeroPlayerPartyMons
0x0812B5D8	thumb	ZeroEnemyPartyMons
0x0812B618	thumb	CreateMon
0x0812B69C	thumb	CreateBoxMon
0x0812B950	thumb	CreateMonWithNature
0x0812B9B4	thumb	CreateMonWithGenderNatureLetter
0x0812BAD8	thumb	CreateMonWithGenderNatureAbility
0x0812BCA0	thumb	CreateEnemyMonWithIVsPersonality
0x0812BD14	thumb	CreateMaleMon
0x0812BDA4	thumb	CreateMonWithIVsPersonality
0x0812BDE4	thumb	CreateMonWithIVsOTID
0x0812BE54	thumb	CreateMonWithEVSpread
0x0812BEE4	thumb	CreateBattleTowerMon
0x0812C05C	thumb	CreateEventMon
0x0812C0D0	thumb	ConvertPokemonToBattleTowerPokemon
0x0812C25C	thumb	CalculateBoxMonChecksum
0x0812C2EC	thumb	CalculateMonStats
0x0812C7A0	thumb	BoxMonToMon
0x0812C820	thumb	GetLevelFromMonExp
0x0812C87C	thumb	GetLevelFromBoxMonExp
0x0812C8D8	thumb	GiveMoveToMon
0x0812C8E8	thumb	GiveMoveToBoxMon
0x0812C960	thumb	GiveMoveToBattleMon
0x0812C9A8	thumb	SetMonMoveSlot
0x0812C9E4	thumb	SetBattleMonMoveSlot
0x0812CA0C	thumb	GiveMonInitialMoveset
0x0812CA18	thumb	GiveBoxMonInitialMoveset
0x0812CAF4	thumb	MonTryLearningNewMove
0x0812CC40	thumb	MonTryLearningNewMoveEvolution
0x0812CCC8	thumb	DeleteFirstMoveAndGiveMoveToMon
0x0812CD80	thumb	DeleteFirstMoveAndGiveMoveToBoxMon
0x0812CE38	thumb	CalculateBaseDamage
0x0812D9B4	thumb	CountAliveMonsInBattle
0x0812DA90	thumb	GetDefaultMoveTarget
0x0812DAF0	thumb	GetMonGender
0x0812DAFC	thumb	GetBoxMonGender
0x0812DB4C	thumb	GetGenderFromSpeciesAndPersonality
0x0812DB80	thumb	SetMultiuseSpriteTemplateToPokemon
0x0812DC34	thumb	SetMultiuseSpriteTemplateToTrainerBack
0x0812DCC0	thumb	EncryptBoxMon
0x0812DCD8	thumb	DecryptBoxMon
0x0812DCF0	thumb	GetSubstruct
0x0812DE54	thumb	GetMonData
0x0812DEF0	thumb	GetBoxMonData
0x0812E47C	thumb	SetMonData
0x0812E528	thumb	SetBoxMonData
0x0812EB8C	thumb	CopyMon
0x0812EB98	thumb	GiveMonToPlayer
0x0812EC18	thumb	SendMonToPC
0x0812ECE4	thumb	CalculatePlayerPartyCount
0x0812ED20	thumb	CalculateEnemyPartyCount
0x0812ED5C	thumb	GetMonsStateToDoubles
0x0812EE10	thumb	GetAbilityBySpecies
0x0812EE38	thumb	GetMonAbility
0x0812EE7C	thumb	CreateSecretBaseEnemyParty
0x0812EFAC	thumb	GetSecretBaseTrainerPicIndex
0x0812EFE8	thumb	GetSecretBaseTrainerNameIndex
0x0812F024	thumb	IsPlayerPartyAndPokemonStorageFull
0x0812F074	thumb	IsPokemonStorageFull
0x0812F0A4	thumb	bufferspeciesname
0x0812F0FC	thumb	CalculatePPWithBonus
0x0812F138	thumb	RemoveMonPPBonus
0x0812F16C	thumb	RemoveBattleMonPPBonus
0x0812F188	thumb	CopyPlayerPartyMonToBattleData
0x0812F4E8	thumb	ExecuteTableBasedItemEffect
0x0812F508	thumb	PokemonUseItemEffects
0x08130490	thumb	HealStatusConditions
0x081304DC	thumb	PokemonItemUseNoEffect
0x08130C94	thumb	PartyMonHasStatus
0x08130CA0	thumb	GetItemEffectParamOffset
0x08130F3C	thumb	BufferStatRoseMessage
0x08130F88	thumb	Battle_PrintStatBoosterEffectMessage
0x0813111C	thumb	GetNature
0x08131134	thumb	GetNatureFromPersonality
0x08131144	thumb	GetEvolutionTargetSpecies
0x081313F4	thumb	HoennPokedexNumToSpecies
0x08131430	thumb	NationalPokedexNumToSpecies
0x0813146C	thumb	ExtendedPokedexNumToSpecies
0x081314A8	thumb	NationalToHoennOrder
0x081314E4	thumb	NationalToExtendedOrder
0x08131520	thumb	SpeciesToNationalPokedexNum
0x0813153C	thumb	SpeciesToHoennPokedexNum
0x08131558	thumb	SpeciesToExtendedPokedexNum
0x08131574	thumb	HoennToNationalOrder
0x08131590	thumb	ExtendedToNationalOrder
0x081315AC	thumb	SpeciesToCryId
0x08131644	thumb	DrawSpindaSpotsUnused
0x08131770	thumb	DrawSpindaSpots
0x0813188C	thumb	EvolutionRenameMon
0x08131900	thumb	GetPlayerFlankId
0x08131928	thumb	GetLinkTrainerFlankId
0x0813194C	thumb	GetBattlerMultiplayerId
0x08131968	thumb	GetTrainerEncounterMusicId
0x0813199C	thumb	ModifyStatByNature
0x081319F0	thumb	AdjustFriendship
0x08131B98	thumb	MonGainEVs
0x08131D44	thumb	GetMonEVCount
0x08131D6C	thumb	RandomlyGivePartyPokerus
0x08131D70	thumb	CheckPartyPokerus
0x08131DE0	thumb	CheckPartyHasHadPokerus
0x08131E44	thumb	UpdatePartyPokerusTime
0x08131E48	thumb	PartySpreadPokerus
0x08131E4C	thumb	SetMonExpWithMaxLevelCheck
0x08131E88	thumb	TryIncrementMonLevel
0x08131F38	thumb	CanMonLearnTMHM
0x08131F7C	thumb	GetMoveRelearnerMoves
0x08132314	thumb	PopulateSpeciesEvoLineForRelearner
0x08132358	thumb	GetLevelUpMovesBySpecies
0x08132390	thumb	GetNumberOfRelearnableMoves
0x08132508	thumb	SpeciesToPokedexNum
0x08132584	thumb	ClearBattleMonForms
0x08132598	thumb	GetBattleBGM
0x08132668	thumb	PlayBattleBGM
0x08132680	thumb	PlayMapChosenOrBattleBGM
0x081326A8	thumb	GetMonFrontSpritePal
0x081326E0	thumb	GetMonSpritePalFromSpeciesAndPersonality
0x08132740	thumb	GetMonSpritePalStruct
0x081327B0	thumb	GetMonSpritePalStructFromOtIdPersonality
0x081327FC	thumb	IsHMMove2
0x08132824	thumb	IsMonSpriteNotFlipped
0x0813283C	thumb	GetMonFlavorRelation
0x08132864	thumb	GetFlavorRelationByPersonality
0x08132884	thumb	IsTradedMon
0x081328AC	thumb	IsOtherTrainer
0x081328EC	thumb	MonRestorePP
0x081328F8	thumb	BoxMonRestorePP
0x08132988	thumb	SetMonPreventsSwitchingString
0x08132A14	thumb	SetWildMonHeldItem
0x08132B24	thumb	IsMonShiny
0x08132B58	thumb	IsShinyOtIdPersonality
0x08132B70	thumb	GetTrainerPartnerName
0x08132BB0	thumb	GetPlayerPartyHighestLevel
0x08132C0C	thumb	FacilityClassToPicIndex
0x08132C1C	thumb	ShouldIgnoreDeoxysForm
0x08132CD8	thumb	GetDeoxysStat
0x08132E1C	thumb	SetDeoxysStats
0x08132EA4	thumb	GetUnionRoomTrainerPic
0x08132EE4	thumb	GetUnionRoomTrainerClass
0x08132F24	thumb	CreateEnemyEventMon
0x08132FC0	thumb	HandleSetPokedexFlag
0x08133048	thumb	CheckBattleTypeGhost
0x08133094	thumb	InitMonSpritesGfx_Mode1
0x08133164	thumb	InitMonSpritesGfx_Mode0
0x0813321C	thumb	CreateMonSpritesGfxManager
0x08133414	thumb	DestroyMonSpritesGfxManager
0x08133494	thumb	MonSpritesGfxManager_GetSpritePtr
0x081334BC	thumb	SetFirstDeoxysForm
0x08133518	thumb	ShouldSkipFriendshipChange
0x0813353C	thumb	PopulateSpeciesEvoLineForRelearner.part.0
0x08133688	thumb	EnterHallOfFame
0x08133768	thumb	SetCB2WhiteOut
0x0813377C	thumb	GetPokedexCount
0x081337C4	thumb	GetProfOaksRatingMessageByCount
0x081338B0	thumb	GetProfOaksRatingMessage
0x081338C8	thumb	TrySetQuestLogBattleEvent
0x08133AC4	thumb	TrySetQuestLogLinkBattleEvent
0x08133B9C	thumb	GetLinkMultiBattlePlayerIndexes
0x08133BE8	thumb	SetQuestLogEvent
0x08133C44	thumb	InQuestLogDisabledLocation
0x08133CCC	thumb	QuestLog_ShouldEndSceneOnMapChange
0x08133D6C	thumb	ShouldRegisterEvent_HandlePartyActions
0x08133DCC	thumb	ShouldRegisterEvent_HandleBeatStoryTrainer
0x08133E28	thumb	QL_EnableRecordingSteps
0x08133E34	thumb	ShouldRegisterEvent
0x08133ED4	thumb	TryDeferLinkEvent
0x08133F34	thumb	ResetDeferredLinkEvent
0x08133F48	thumb	QuestLog_StartRecordingInputsAfterDeferredEvent
0x08133F94	thumb	TryDeferTrainerBattleEvent
0x08134000	thumb	QuestLogEvents_HandleEndTrainerBattle
0x081340B4	thumb	QL_RecordWait
0x081340F0	thumb	IsEventWithSpecialEncounterSpecies
0x08134180	thumb	QL_SkipCommand
0x081341B8	thumb	QL_UpdateLastDepartedLocation
0x081341D8	thumb	QL_LoadEvent
0x08134220	thumb	QL_TryRepeatEvent
0x08134260	thumb	QL_ResetRepeatEventTracker
0x0813426C	thumb	UpdateRepeatEventCounter
0x081342A0	thumb	QL_ResetEventStates
0x081342BC	thumb	QL_RecordAction_SceneEnd
0x081342DC	thumb	QL_LoadAction_SceneEnd
0x08134304	thumb	QL_RecordAction_Wait
0x08134328	thumb	QL_LoadAction_Wait
0x08134350	thumb	QL_RecordAction_Input
0x08134388	thumb	QL_LoadAction_Input
0x081343C0	thumb	QL_RecordAction_MovementOrGfxChange
0x081343FC	thumb	QL_LoadAction_MovementOrGfxChange
0x08134438	thumb	RecordEventHeader
0x081344D4	thumb	LoadEvent
0x081344F4	thumb	QuestLog_GetSpeciesName
0x08134548	thumb	RecordEvent_SwitchedPartyOrder
0x08134568	thumb	LoadEvent_SwitchedPartyOrder
0x081345D8	thumb	RecordEvent_UsedItem
0x08134610	thumb	LoadEvent_UsedItem
0x08134778	thumb	RecordEvent_GiveTakeHeldItem
0x08134798	thumb	RecordEvent_GaveHeldItemFromPartyMenu
0x081347B8	thumb	LoadEvent_GaveHeldItemFromPartyMenu
0x08134818	thumb	RecordEvent_GaveHeldItemFromBagMenu
0x08134838	thumb	LoadEvent_GaveHeldItemFromBagMenu
0x08134898	thumb	RecordEvent_GaveHeldItemFromPC
0x081348B8	thumb	LoadEvent_GaveHeldItemFromPC
0x08134918	thumb	RecordEvent_TookHeldItem
0x08134938	thumb	LoadEvent_TookHeldItem
0x08134998	thumb	RecordEvent_SwappedHeldItem
0x081349BC	thumb	RecordEvent_SwappedHeldItemFromBag
0x081349E0	thumb	LoadEvent_SwappedHeldItem
0x08134A58	thumb	RecordEvent_SwappedHeldItemFromPC
0x08134A7C	thumb	LoadEvent_SwappedHeldItemFromPC
0x08134AF4	thumb	RecordEvent_UsedPkmnCenter
0x08134B30	thumb	LoadEvent_UsedPkmnCenter
0x08134B4C	thumb	RecordEvent_LinkTraded
0x08134B7C	thumb	LoadEvent_LinkTraded
0x08134C2C	thumb	RecordEvent_LinkBattledSingle
0x08134C58	thumb	LoadEvent_LinkBattledSingle
0x08134CD8	thumb	RecordEvent_LinkBattledDouble
0x08134D04	thumb	LoadEvent_LinkBattledDouble
0x08134D84	thumb	RecordEvent_LinkBattledMulti
0x08134DCC	thumb	LoadEvent_LinkBattledMulti
0x08134EF8	thumb	RecordEvent_UsedUnionRoom
0x08134F0C	thumb	LoadEvent_UsedUnionRoom
0x08134F28	thumb	RecordEvent_UsedUnionRoomChat
0x08134F3C	thumb	LoadEvent_UsedUnionRoomChat
0x08134F58	thumb	RecordEvent_LinkTradedUnionRoom
0x08134F88	thumb	LoadEvent_LinkTradedUnionRoom
0x08135038	thumb	RecordEvent_LinkBattledUnionRoom
0x08135064	thumb	LoadEvent_LinkBattledUnionRoom
0x081350DC	thumb	RecordEvent_SwitchedMonsBetweenBoxes
0x08135104	thumb	LoadEvent_SwitchedMonsBetweenBoxes
0x081351A4	thumb	RecordEvent_SwitchedMonsWithinBox
0x081351C8	thumb	LoadEvent_SwitchedMonsWithinBox
0x08135264	thumb	RecordEvent_SwitchedPartyMonForPCMon
0x0813529C	thumb	LoadEvent_SwitchedPartyMonForPCMon
0x08135338	thumb	RecordEvent_MovedMonBetweenBoxes
0x0813535C	thumb	LoadEvent_MovedMonBetweenBoxes
0x081353D4	thumb	RecordEvent_MovedMonWithinBox
0x081353F4	thumb	LoadEvent_MovedMonWithinBox
0x0813545C	thumb	RecordEvent_WithdrewMonFromPC
0x0813547C	thumb	LoadEvent_WithdrewMonFromPC
0x081354E4	thumb	RecordEvent_DepositedMonInPC
0x08135504	thumb	LoadEvent_DepositedMonInPC
0x0813556C	thumb	RecordEvent_SwitchedMultipleMons
0x0813558C	thumb	LoadEvent_SwitchedMultipleMons
0x081355E8	thumb	RecordEvent_DepositedItemInPC
0x08135604	thumb	LoadEvent_DepositedItemInPC
0x08135638	thumb	RecordEvent_WithdrewItemFromPC
0x08135654	thumb	LoadEvent_WithdrewItemFromPC
0x08135688	thumb	RecordEvent_DefeatedTrainer
0x081356B4	thumb	RecordEvent_DefeatedGymLeader
0x081356EC	thumb	LoadEvent_DefeatedGymLeader
0x081357CC	thumb	RecordEvent_DefeatedWildMon
0x08135858	thumb	LoadEvent_DefeatedWildMon
0x081359B8	thumb	IsSpeciesFromSpecialEncounter
0x08135A04	thumb	RecordEvent_DefeatedEliteFourMember
0x08135A3C	thumb	LoadEvent_DefeatedEliteFourMember
0x08135B04	thumb	RecordEvent_DefeatedChampion
0x08135B4C	thumb	LoadEvent_DefeatedChampion
0x08135C54	thumb	RecordEvent_DefeatedNormalTrainer
0x08135C8C	thumb	LoadEvent_DefeatedTrainer
0x08135D94	thumb	RecordEvent_DepartedLocation
0x08135DC4	thumb	LoadEvent_DepartedLocation
0x08135E68	thumb	SetQLPlayedTheSlots
0x08135E74	thumb	ShouldRegisterEvent_HandleDeparted
0x08135EA0	thumb	ShouldRegisterEvent_DepartedGameCorner
0x08135EC8	thumb	RecordEvent_UsedFieldMove
0x08135F04	thumb	LoadEvent_UsedFieldMove
0x08135F98	thumb	RecordEvent_BoughtItem
0x08135FC8	thumb	LoadEvent_BoughtItem
0x08136054	thumb	RecordEvent_SoldItem
0x08136084	thumb	LoadEvent_SoldItem
0x08136174	thumb	RecordEvent_ObtainedStoryItem
0x08136194	thumb	LoadEvent_ObtainedStoryItem
0x081361DC	thumb	QuestLog_RecordEnteredMap
0x08136228	thumb	SetQuestLogEvent_Arrived
0x08136280	thumb	RecordEvent_ArrivedInLocation
0x0813629C	thumb	LoadEvent_ArrivedInLocation
0x081362D0	thumb	TranslateLinkPartnersName
0x08136300	thumb	SetQuestLogEvent.part.0
0x081364EC	thumb	QL_RecordObjects
0x08136644	thumb	QL_LoadObjects
0x081368E8	thumb	QL_TryStopSurfing
0x08136964	thumb	QuestLogUpdatePlayerSprite
0x08136980	thumb	QuestLogTryRecordPlayerAvatarGfxTransition
0x081369A4	thumb	QuestLogCallUpdatePlayerSprite
0x081369C0	thumb	QL_GfxTransition_Normal
0x081369FC	thumb	QL_GfxTransition_Bike
0x08136A40	thumb	QL_GfxTransition_Fish
0x08136AC4	thumb	Task_QLFishMovement
0x08136C14	thumb	QL_GfxTransition_StartSurf
0x08136C80	thumb	QL_GfxTransition_VSSeeker
0x08136C98	thumb	Task_QLVSSeekerMovement
0x08136CC0	thumb	QL_SetObjectGraphicsId
0x08136CD0	thumb	QL_GfxTransition_StopSurfSouth
0x08136CDC	thumb	QL_GfxTransition_StopSurfNorth
0x08136CE8	thumb	QL_GfxTransition_StopSurfWest
0x08136CF4	thumb	QL_GfxTransition_StopSurfEast
0x08136D04	thumb	QL_AddASLROffset
0x08136D5C	thumb	ResetQuestLog
0x08136DB0	thumb	ClearSavedScene
0x08136DE4	thumb	QL_ResetDefeatedWildMonRecord
0x08136DF0	thumb	RunQuestLogCB
0x08136E08	thumb	QL_IsRoomToSaveEvent
0x08136E54	thumb	QL_IsRoomToSaveAction
0x08136EA0	thumb	SetQuestLogState
0x08136EC8	thumb	QLogCB_Recording
0x08136F20	thumb	QLogCB_Playback
0x08136F9C	thumb	GetQuestLogState
0x08136FB0	thumb	GetQuestLogStartType
0x08136FD4	thumb	QL_StartRecordingAction
0x08137178	thumb	SetPlayerInitialCoordsAtScene
0x081371C8	thumb	SetNPCInitialCoordsAtScene
0x081372D0	thumb	SetGameStateAtScene
0x08137320	thumb	BackUpTrainerRematches
0x0813736C	thumb	BackUpMapLayout
0x08137388	thumb	RecordSceneEnd
0x081373B8	thumb	TryRecordActionSequence
0x08137440	thumb	TryStartQuestLogPlayback
0x081374E4	thumb	Task_BeginQuestLogPlayback
0x0813751C	thumb	QL_InitSceneObjectsAndActions
0x08137550	thumb	FieldCB2_QuestLogStartPlaybackWithWarpExit
0x0813758C	thumb	FieldCB2_QuestLogStartPlaybackStandingInPlace
0x081375C8	thumb	DrawPreviouslyOnQuestHeader
0x08137688	thumb	CommitQuestLogWindow1
0x081376A4	thumb	QL_LoadObjectsAndTemplates
0x0813776C	thumb	QLPlayback_SetInitialPlayerPosition
0x081377D0	thumb	QLPlayback_InitOverworldState
0x08137850	thumb	QL_CopySaveState
0x081378A8	thumb	QL_ResetPartyAndPC
0x08137A74	thumb	SetPokemonCounts
0x08137ADC	thumb	QuestLog_GetPartyCount
0x08137B0C	thumb	QuestLog_GetBoxMonCount
0x08137B3C	thumb	RestoreTrainerRematches
0x08137B94	thumb	QL_RestoreMapLayoutId
0x08137BD4	thumb	ReadQuestLogScriptFromSav1
0x08137CC8	thumb	DoSceneEndTransition
0x08137CE8	thumb	QuestLog_AdvancePlayhead
0x08137D50	thumb	QuestLog_StartFinalScene
0x08137E54	thumb	QuestLog_AdvancePlayhead_
0x08137EBC	thumb	QL_AvoidDisplay
0x08137F10	thumb	Task_AvoidDisplay
0x08137FB0	thumb	QuestLog_PlayCurrentEvent
0x0813804C	thumb	HandleShowQuestLogMessage
0x081380E4	thumb	GetQuestLogTextDisplayDuration
0x08138128	thumb	QL_IsTrainerSightDisabled
0x08138160	thumb	QL_HandleInput
0x081381DC	thumb	QuestLogScenePlaybackIsEnding
0x081381F0	thumb	QuestLog_DrawPreviouslyOnQuestHeaderIfInPlaybackMode
0x08138210	thumb	DrawSceneDescription
0x08138280	thumb	CopyDescriptionWindowTiles
0x08138318	thumb	QuestLog_CloseTextWindow
0x0813835C	thumb	DoSkipToEndTransition
0x0813837C	thumb	QuestLog_WaitFadeAndCancelPlayback
0x081383EC	thumb	QuestLog_InitPalettesBackup
0x08138410	thumb	QuestLog_BackUpPalette
0x08138434	thumb	FieldCB2_FinalScene
0x08138460	thumb	Task_FinalScene_WaitFade
0x08138498	thumb	Task_QuestLogScene_SavedGame
0x08138534	thumb	Task_WaitAtEndOfQuestLog
0x08138598	thumb	Task_EndQuestLog
0x081386D8	thumb	RestoreScreenAfterPlayback
0x0813878C	thumb	QL_SlightlyDarkenSomePals
0x08138814	thumb	QL_FinishRecordingScene
0x0813887C	thumb	QuestLog_CutRecording
0x081388F4	thumb	SortQuestLogInSav1
0x08138994	thumb	SaveQuestLogData
0x081389AC	thumb	QL_UpdateObject
0x08138A1C	thumb	QuestLogRecordNPCStep
0x08138A90	thumb	QuestLogRecordNPCStepWithDuration
0x08138B0C	thumb	QuestLogRecordPlayerStep
0x08138B74	thumb	QuestLogRecordPlayerStepWithDuration
0x08138BC4	thumb	QuestLogRecordPlayerAvatarGfxTransition
0x08138C0C	thumb	QuestLogRecordPlayerAvatarGfxTransitionWithDuration
0x08138C58	thumb	QL_RecordFieldInput
0x08138CBC	thumb	TogglePlaybackStateForOverworldLock
0x08138CEC	thumb	QuestLog_OnEscalatorWarp
0x08138D64	thumb	ResetActions
0x08138E84	thumb	QL_TryRunActions
0x08139034	thumb	QL_AfterRecordFishActionSuccessful
0x08139044	thumb	QL_GetPlaybackState
0x08139070	thumb	RecordHeadAtEndOfEntryOrScriptContext2Enabled
0x08139098	thumb	RecordHeadAtEndOfEntry
0x081390B0	thumb	QuestLogGetFlagOrVarPtr
0x08139118	thumb	QuestLogSetFlagOrVar
0x08139174	thumb	QuestLogResetFlagsOrVars
0x081391E4	thumb	Random
0x08139204	thumb	SeedRng
0x08139214	thumb	SeedRng2
0x08139224	thumb	Random2
0x08139244	thumb	RegionMap_DarkenPalette
0x081392CC	thumb	TintMapEdgesPalette
0x08139368	thumb	InitRegionMap
0x081393D0	thumb	InitRegionMapWithExitCB
0x08139444	thumb	InitRegionMapType
0x08139534	thumb	CB2_OpenRegionMap
0x08139688	thumb	LoadRegionMapGfx
0x0813987C	thumb	CreateMainMapTask
0x081398A4	thumb	SelectedMapsecSEEnabled
0x0813991C	thumb	PlaySEForSelectedMapsec
0x081399D8	thumb	Task_RegionMap
0x08139C94	thumb	SetMainMapTask
0x08139CA8	thumb	GetMainMapTask
0x08139CBC	thumb	SaveMainMapTask
0x08139CE0	thumb	FreeRegionMap
0x08139D78	thumb	FreeRegionMapForFlyMap
0x08139D94	thumb	CB2_RegionMap
0x08139DAC	thumb	VBlankCB_RegionMap
0x08139DC0	thumb	NullVBlankHBlankCallbacks
0x08139DD4	thumb	SetRegionMapVBlankCB
0x08139DE4	thumb	InitRegionMapBgs
0x08139F6C	thumb	SetBgTilemapBuffers
0x08139FB0	thumb	ResetOamForRegionMap
0x08139FCC	thumb	SetBg0andBg3Hidden
0x08139FFC	thumb	UpdateMapsecNameBox
0x0813A088	thumb	DisplayCurrentMapName
0x0813A114	thumb	DrawDungeonNameBox
0x0813A134	thumb	DisplayCurrentDungeonName
0x0813A220	thumb	ClearMapsecNameText
0x0813A248	thumb	BufferRegionMapBg
0x0813A364	thumb	GetRegionMapPermission
0x0813A380	thumb	GetSelectedRegionMap
0x0813A394	thumb	GetRegionMapPlayerIsOn
0x0813A3A8	thumb	SetSelectedRegionMap
0x0813A3BC	thumb	SetRegionMapPlayerIsOn
0x0813A3D0	thumb	InitSwitchMapMenu
0x0813A4E4	thumb	ResetGpuRegsForSwitchMapMenu
0x0813A51C	thumb	FadeSwitchMapMenuIn
0x0813A558	thumb	FadeSwitchMapMenuOut
0x0813A590	thumb	Task_SwitchMapMenu
0x0813A7A8	thumb	FreeSwitchMapMenu
0x0813A828	thumb	BrightenScreenForSwitchMapMenu
0x0813A860	thumb	LoadSwitchMapTilemap
0x0813A8B4	thumb	SetGpuRegsToDimScreen
0x0813A958	thumb	DimScreenForSwitchMapMenu
0x0813A988	thumb	HandleSwitchMapInput
0x0813AB78	thumb	SpriteCB_SwitchMapCursor
0x0813AB90	thumb	CreateSwitchMapCursor
0x0813AC04	thumb	CreateSwitchMapCursorSubsprite
0x0813AC1C	thumb	CreateSwitchMapCursorSubsprite_
0x0813AD20	thumb	FreeSwitchMapCursor
0x0813AD88	thumb	GetDungeonFlavorText
0x0813ADC0	thumb	GetDungeonName
0x0813ADF8	thumb	InitDungeonMapPreview
0x0813AEB0	thumb	LoadMapPreviewGfx
0x0813AF28	thumb	Task_DungeonMapPreview
0x0813AFF4	thumb	Task_DrawDungeonMapPreviewFlavorText
0x0813B1EC	thumb	FreeDungeonMapPreview
0x0813B260	thumb	CopyMapPreviewTilemapToBgTilemapBuffer
0x0813B27C	thumb	InitScreenForDungeonMapPreview
0x0813B350	thumb	UpdateDungeonMapPreview
0x0813B48C	thumb	SpriteCB_MapEdge
0x0813B490	thumb	CreateMapEdgeSprite
0x0813B554	thumb	InitMapOpenAnim
0x0813B618	thumb	SetMapEdgeInvisibility
0x0813B66C	thumb	LoadMapEdgeGfx
0x0813B768	thumb	InitScreenForMapOpenAnim
0x0813B7D8	thumb	SetGpuRegsToFadeMapToWhite
0x0813B840	thumb	FinishMapOpenAnim
0x0813B864	thumb	FreeMapOpenCloseAnim
0x0813B89C	thumb	FreeMapEdgeSprites
0x0813B900	thumb	Task_MapOpenAnim
0x0813BBBC	thumb	MoveMapEdgesOutward
0x0813BD00	thumb	SetGpuWindowDimsToMapEdges
0x0813BD38	thumb	InitScreenForMapCloseAnim
0x0813BDA8	thumb	DoMapCloseAnim
0x0813BDC4	thumb	CreateMapEdgeSprites
0x0813BE08	thumb	Task_MapCloseAnim
0x0813BF30	thumb	MoveMapEdgesInward
0x0813C074	thumb	SpriteCB_MapCursor
0x0813C0B4	thumb	CreateMapCursor
0x0813C13C	thumb	CreateMapCursorSprite
0x0813C1D4	thumb	SetMapCursorInvisibility
0x0813C1F8	thumb	ResetCursorSnap
0x0813C208	thumb	FreeMapCursor
0x0813C244	thumb	HandleRegionMapInput
0x0813C3AC	thumb	MoveMapCursor
0x0813C458	thumb	GetRegionMapInput
0x0813C46C	thumb	SnapToIconOrButton
0x0813C574	thumb	GetMapCursorX
0x0813C580	thumb	GetMapCursorY
0x0813C58C	thumb	GetMapsecUnderCursor
0x0813C630	thumb	GetDungeonMapsecUnderCursor
0x0813C6B8	thumb	GetMapsecType
0x0813C85C	thumb	GetDungeonMapsecType
0x0813CAC8	thumb	GetSelectedMapsecType
0x0813CAE4	thumb	GetPlayerCurrentMapSectionId
0x0813CB08	thumb	GetPlayerPositionOnRegionMap
0x0813CC90	thumb	GetPlayerPositionOnRegionMap_HandleOverrides
0x0813CF68	thumb	GetSelectedMapSection
0x0813CFC4	thumb	CreatePlayerIcon
0x0813D04C	thumb	CreatePlayerIconSprite
0x0813D104	thumb	SetPlayerIconInvisibility
0x0813D128	thumb	FreePlayerIcon
0x0813D164	thumb	GetPlayerIconX
0x0813D170	thumb	GetPlayerIconY
0x0813D17C	thumb	InitMapIcons
0x0813D1D8	thumb	LoadMapIcons
0x0813D284	thumb	FinishMapIconLoad
0x0813D2A8	thumb	CreateFlyIconSprite
0x0813D388	thumb	CreateDungeonIconSprite
0x0813D49C	thumb	CreateFlyIcons
0x0813D584	thumb	CreateDungeonIcons
0x0813D638	thumb	SetFlyIconInvisibility
0x0813D6D8	thumb	SetDungeonIconInvisibility
0x0813D770	thumb	FreeMapIcons
0x0813D80C	thumb	SaveRegionMapGpuRegs
0x0813D88C	thumb	SetRegionMapGpuRegs
0x0813D910	thumb	FreeRegionMapGpuRegs
0x0813D938	thumb	ResetGpuRegs
0x0813D98C	thumb	SetBldCnt
0x0813D9A4	thumb	SetBldY
0x0813D9B4	thumb	SetBldAlpha
0x0813D9C8	thumb	SetWinIn
0x0813D9DC	thumb	SetWinOut
0x0813D9EC	thumb	SetDispCnt
0x0813DA3C	thumb	SetGpuWindowDims
0x0813DA78	thumb	FreeAndResetGpuRegs
0x0813DAA4	thumb	IsCeladonDeptStoreMapsec
0x0813DAD8	thumb	GetMapName
0x0813DB68	thumb	GetMapNameGeneric
0x0813DB78	thumb	GetMapNameGeneric_
0x0813DB88	thumb	PrintTopBarTextLeft
0x0813DBE0	thumb	PrintTopBarTextRight
0x0813DC38	thumb	ClearOrDrawTopBar
0x0813DC5C	thumb	CB2_OpenFlyMap
0x0813DCD4	thumb	Task_FlyMap
0x0813DFC8	thumb	InitFlyMap
0x0813DFE0	thumb	FreeFlyMap
0x0813E08C	thumb	SetFlyWarpDestination
0x0813E0CC	thumb	SetAllRenewableItemFlags
0x0813E138	thumb	IncrementRenewableHiddenItemStepCounter
0x0813E160	thumb	TryRegenerateRenewableHiddenItems
0x0813E1D4	thumb	SampleRenewableItemFlags
0x0813E228	thumb	ReloadSave
0x0813E2B0	thumb	ReshowBattleScreenDummy
0x0813E2B4	thumb	ReshowBattleScreenAfterMenu
0x0813E328	thumb	CB2_ReshowBattleScreenAfterMenu
0x0813E600	thumb	ReshowBattleScreen_TurnOnDisplay
0x0813E660	thumb	LoadBattlerSpriteGfx
0x0813E680	thumb	CreateBattlerSprite
0x0813E69C	thumb	CreateHealthboxSprite
0x0813E6B8	thumb	LoadBattlerSpriteGfx.part.0
0x0813E790	thumb	CreateBattlerSprite.part.0
0x0813E9E4	thumb	CreateHealthboxSprite.part.0
0x0813EB0C	thumb	ClearRoamerData
0x0813EB40	thumb	GetRoamerSpecies
0x0813EBC0	thumb	CreateInitialRoamerMon
0x0813ECC8	thumb	InitRoamer
0x0813ED40	thumb	UpdateLocationHistoryForRoamer
0x0813ED70	thumb	RoamerMoveToOtherLocationSet
0x0813EDB8	thumb	RoamerMove
0x0813EE5C	thumb	IsRoamerAt
0x0813EE98	thumb	CreateRoamerMonInstance
0x0813EF6C	thumb	TryStartRoamerEncounter
0x0813EFB0	thumb	UpdateRoamerHPStatus
0x0813F01C	thumb	SetRoamerInactive
0x0813F030	thumb	GetRoamerLocation
0x0813F040	thumb	GetRoamerLocationMapSectionId
0x0813F070	thumb	GetSafariZoneFlag
0x0813F080	thumb	SetSafariZoneFlag
0x0813F090	thumb	ResetSafariZoneFlag
0x0813F0A0	thumb	EnterSafariMode
0x0813F0CC	thumb	ExitSafariMode
0x0813F0EC	thumb	SafariZoneTakeStep
0x0813F12C	thumb	SafariZoneRetirePrompt
0x0813F13C	thumb	CB2_EndSafariBattle
0x0813F1F0	thumb	SafariZoneRefillSteps
0x0813F200	thumb	SafariZoneCheckSteps
0x0813F214	thumb	SetNotInSaveFailedScreen
0x0813F220	thumb	DoSaveFailedScreen
0x0813F238	thumb	RunSaveFailedScreen
0x0813F3A8	thumb	BlankPalettes
0x0813F3BC	thumb	RequestDmaCopyFromScreenBuffer
0x0813F3D8	thumb	RequestDmaCopyFromCharBuffer
0x0813F3F4	thumb	FillBgMapBufferRect
0x0813F490	thumb	UpdateMapBufferWithText
0x0813F4DC	thumb	ClearMapBuffer
0x0813F514	thumb	PrintTextOnSaveFailedScreen
0x0813F578	thumb	TryWipeDamagedSectors
0x0813F600	thumb	VerifySectorWipe
0x0813F638	thumb	WipeSector
0x0813F6B0	thumb	WipeDamagedSectors
0x0813F6E8	thumb	IsCurMapInLocationList
0x0813F728	thumb	IsCurMapPokeCenter
0x0813F76C	thumb	IsCurMapReloadLocation
0x0813F770	thumb	IsCurMapInEmptyList
0x0813F774	thumb	TrySetPokeCenterWarpStatus
0x0813F7CC	thumb	TrySetReloadWarpStatus
0x0813F7E0	thumb	TrySetUnknownWarpStatus
0x0813F7F4	thumb	TrySetMapSaveWarpStatus
0x0813F850	thumb	SetUnlockedPokedexFlags
0x0813F890	thumb	SetPostgameFlags
0x0813F8B4	thumb	SaveStatToString
0x0813F9BC	thumb	ClearSaveData
0x0813F9DC	thumb	Save_ResetSaveCounters
0x0813F9F8	thumb	SetDamagedSectorBits
0x0813FA3C	thumb	WriteSaveSectorOrSlot
0x0813FAD8	thumb	HandleWriteSector
0x0813FBC0	thumb	HandleWriteSectorNBytes
0x0813FC4C	thumb	TryWriteSector
0x0813FC7C	thumb	RestoreSaveBackupVarsAndIncrement
0x0813FCD8	thumb	RestoreSaveBackupVars
0x0813FD1C	thumb	HandleWriteIncrementalSector
0x0813FD78	thumb	HandleReplaceSectorAndVerify
0x0813FDC0	thumb	HandleReplaceSector
0x0813FF18	thumb	CopySectorSignatureByte
0x0813FF9C	thumb	WriteSectorSignatureByte
0x08140018	thumb	TryLoadSaveSlot
0x08140054	thumb	CopySaveSlotData
0x08140144	thumb	GetSaveValidStatus
0x08140338	thumb	TryLoadSaveSector
0x081403B8	thumb	ReadFlashSector
0x081403D0	thumb	CalculateChecksum
0x081403F8	thumb	UpdateSaveAddresses
0x08140470	thumb	HandleSavingData
0x0814055C	thumb	TrySavingData
0x081405A0	thumb	LinkFullSave_Init
0x08140614	thumb	LinkFullSave_WriteSector
0x08140680	thumb	LinkFullSave_ReplaceLastSector
0x081406C8	thumb	LinkFullSave_SetLastSectorSignature
0x081406F0	thumb	WriteSaveBlock2
0x08140780	thumb	WriteSaveBlock1Sector
0x08140804	thumb	LoadGameSave
0x08140898	thumb	TryReadSpecialSaveSector
0x081408EC	thumb	TryWriteSpecialSaveSector
0x08140938	thumb	Task_LinkFullSave
0x08140ABC	thumb	ScanlineEffect_Stop
0x08140AF8	thumb	ScanlineEffect_Clear
0x08140B30	thumb	ScanlineEffect_SetParams
0x08140B94	thumb	ScanlineEffect_InitHBlankDmaTransfer
0x08140C20	thumb	CopyValue16Bit
0x08140C3C	thumb	CopyValue32Bit
0x08140C58	thumb	TaskFunc_UpdateWavePerFrame
0x08140DB8	thumb	GenerateWave
0x08140DF8	thumb	ScanlineEffect_InitWave
0x08140F60	thumb	ScrCmd_nop
0x08140F64	thumb	ScrCmd_nop1
0x08140F68	thumb	ScrCmd_end
0x08140F74	thumb	ScrCmd_gotonative
0x08140F8C	thumb	ScrCmd_special
0x08140FC8	thumb	ScrCmd_specialvar
0x08141018	thumb	ScrCmd_callnative
0x08141030	thumb	ScrCmd_waitstate
0x0814103C	thumb	ScrCmd_goto
0x08141054	thumb	ScrCmd_return
0x08141060	thumb	ScrCmd_call
0x08141078	thumb	ScrCmd_goto_if
0x081410B0	thumb	ScrCmd_call_if
0x081410E8	thumb	ScrCmd_setvaddress
0x08141108	thumb	ScrCmd_vgoto
0x08141128	thumb	ScrCmd_vcall
0x08141148	thumb	ScrCmd_vgoto_if
0x08141188	thumb	ScrCmd_vcall_if
0x081411C8	thumb	ScrCmd_gotostd
0x081411F8	thumb	ScrCmd_callstd
0x08141228	thumb	ScrCmd_gotostd_if
0x08141270	thumb	ScrCmd_callstd_if
0x081412B8	thumb	ScrCmd_returnram
0x081412CC	thumb	ScrCmd_endram
0x081412E4	thumb	ScrCmd_setmysteryeventstatus
0x081412F8	thumb	ScrCmd_trywondercardscript
0x0814131C	thumb	ScrCmd_loadword
0x0814133C	thumb	ScrCmd_loadbytefromptr
0x0814135C	thumb	ScrCmd_setptr
0x08141374	thumb	ScrCmd_loadbyte
0x0814138C	thumb	ScrCmd_setptrbyte
0x081413AC	thumb	ScrCmd_copylocal
0x081413CC	thumb	ScrCmd_copybyte
0x081413E8	thumb	ScrCmd_setvar
0x08141408	thumb	ScrCmd_copyvar
0x0814142C	thumb	ScrCmd_setorcopyvar
0x08141450	thumb	Compare
0x0814146C	thumb	ScrCmd_compare_local_to_local
0x081414A4	thumb	ScrCmd_compare_local_to_value
0x081414D4	thumb	ScrCmd_compare_local_to_ptr
0x0814150C	thumb	ScrCmd_compare_ptr_to_local
0x08141540	thumb	ScrCmd_compare_ptr_to_value
0x0814156C	thumb	ScrCmd_compare_ptr_to_ptr
0x08141598	thumb	ScrCmd_compare_var_to_value
0x081415C8	thumb	ScrCmd_compare_var_to_var
0x08141600	thumb	ScrCmd_addvar
0x08141624	thumb	ScrCmd_subvar
0x0814164C	thumb	ScrCmd_random
0x08141674	thumb	ScrCmd_additem
0x081416AC	thumb	ScrCmd_removeitem
0x081416E0	thumb	ScrCmd_checkitemspace
0x08141714	thumb	ScrCmd_checkitem
0x08141748	thumb	ScrCmd_checkitemtype
0x08141764	thumb	ScrCmd_addpcitem
0x08141794	thumb	ScrCmd_checkpcitem
0x081417C4	thumb	ScrCmd_adddecoration
0x081417D4	thumb	ScrCmd_removedecoration
0x081417E4	thumb	ScrCmd_checkdecorspace
0x081417F4	thumb	ScrCmd_checkdecor
0x08141804	thumb	ScrCmd_setflag
0x08141814	thumb	ScrCmd_clearflag
0x08141824	thumb	ScrCmd_checkflag
0x0814183C	thumb	ScrCmd_incrementgamestat
0x08141850	thumb	ScrCmd_comparestat
0x08141880	thumb	ScrCmd_setworldmapflag
0x0814189C	thumb	ScrCmd_animateflash
0x081418B4	thumb	ScrCmd_setflashlevel
0x081418C8	thumb	IsPaletteNotActive
0x081418D8	thumb	ScrCmd_fadescreen
0x08141900	thumb	ScrCmd_fadescreenspeed
0x0814192C	thumb	RunPauseTimer
0x08141944	thumb	ScrCmd_delay
0x08141968	thumb	ScrCmd_initclock
0x0814196C	thumb	ScrCmd_dotimebasedevents
0x08141970	thumb	ScrCmd_gettime
0x08141990	thumb	ScrCmd_setweather
0x081419A4	thumb	ScrCmd_resetweather
0x081419B0	thumb	ScrCmd_doweather
0x081419BC	thumb	ScrCmd_setstepcallback
0x081419D0	thumb	ScrCmd_setmaplayoutindex
0x081419E4	thumb	ScrCmd_warp
0x08141A4C	thumb	ScrCmd_warpsilent
0x08141AB4	thumb	ScrCmd_warpdoor
0x08141B1C	thumb	ScrCmd_warphole
0x08141B8C	thumb	ScrCmd_warpteleport
0x08141BF4	thumb	ScrCmd_warpspinenter
0x08141C64	thumb	ScrCmd_setwarp
0x08141CC4	thumb	ScrCmd_setdynamicwarp
0x08141D28	thumb	ScrCmd_setdivewarp
0x08141D88	thumb	ScrCmd_setholewarp
0x08141DE8	thumb	ScrCmd_setescapewarp
0x08141E48	thumb	ScrCmd_getplayerxy
0x08141E78	thumb	ScrCmd_getpartysize
0x08141E8C	thumb	ScrCmd_playse
0x08141E9C	thumb	WaitForSoundEffectFinish
0x08141EAC	thumb	ScrCmd_waitse
0x08141EC0	thumb	ScrCmd_playfanfare
0x08141ED0	thumb	WaitForFanfareFinish
0x08141EDC	thumb	ScrCmd_waitfanfare
0x08141EF0	thumb	ScrCmd_playbgm
0x08141F2C	thumb	ScrCmd_savebgm
0x08141F3C	thumb	ScrCmd_fadedefaultbgm
0x08141F5C	thumb	ScrCmd_fadenewbgm
0x08141F80	thumb	ScrCmd_fadeoutbgm
0x08141FCC	thumb	ScrCmd_fadeinbgm
0x08142004	thumb	ScrCmd_applymovement
0x08142040	thumb	ScrCmd_applymovementat
0x0814207C	thumb	WaitForMovementFinish
0x081420A0	thumb	ScrCmd_waitmovement
0x081420F0	thumb	ScrCmd_waitmovementat
0x0814213C	thumb	ScrCmd_removeobject
0x08142160	thumb	ScrCmd_removeobjectat
0x0814218C	thumb	ScrCmd_addobject
0x081421B0	thumb	ScrCmd_addobjectat
0x081421DC	thumb	ScrCmd_setobjectxy
0x0814222C	thumb	ScrCmd_setobjectxyperm
0x08142268	thumb	ScrCmd_copyobjectxytoperm
0x0814228C	thumb	ScrCmd_showobjectat
0x081422B8	thumb	ScrCmd_hideobjectat
0x081422E4	thumb	ScrCmd_setobjectsubpriority
0x0814231C	thumb	ScrCmd_resetobjectsubpriority
0x08142348	thumb	ScrCmd_faceplayer
0x0814237C	thumb	ScrCmd_turnobject
0x081423AC	thumb	ScrCmd_setobjectmovementtype
0x081423D0	thumb	ScrCmd_createvobject
0x08142428	thumb	ScrCmd_turnvobject
0x08142444	thumb	ScrCmd_lockall
0x08142470	thumb	ScrCmd_lock
0x081424C8	thumb	ScrCmd_releaseall
0x081424F8	thumb	ScrCmd_release
0x08142548	thumb	ScrCmd_textcolor
0x08142568	thumb	ScrCmd_message
0x08142584	thumb	ScrCmd_loadhelp
0x081425A8	thumb	ScrCmd_unloadhelp
0x081425B4	thumb	ScrCmd_messageautoscroll
0x081425D0	thumb	ScrCmd_waitmessage
0x081425E4	thumb	ScrCmd_closemessage
0x081425F0	thumb	WaitForAorBPress
0x0814268C	thumb	ScriptContext_NextCommandEndsScript
0x081426B0	thumb	ScriptContext_GetQuestLogInput
0x08142750	thumb	ScrCmd_waitbuttonpress
0x08142790	thumb	ScrCmd_yesnobox
0x081427BC	thumb	ScrCmd_multichoice
0x081427F4	thumb	ScrCmd_multichoicedefault
0x08142838	thumb	ScrCmd_drawbox
0x0814283C	thumb	ScrCmd_multichoicegrid
0x08142880	thumb	ScrCmd_erasebox
0x0814288C	thumb	ScrCmd_drawboxtext
0x08142890	thumb	ScrCmd_showmonpic
0x081428C0	thumb	ScrCmd_hidemonpic
0x081428E0	thumb	ScrCmd_showcontestpainting
0x081428EC	thumb	ScrCmd_braillemessage
0x08142928	thumb	ScrCmd_getbraillestringwidth
0x08142950	thumb	ScrCmd_vmessage
0x0814296C	thumb	ScrCmd_bufferspeciesname
0x081429A4	thumb	ScrCmd_bufferleadmonspeciesname
0x081429F0	thumb	ScrCmd_bufferpartymonnick
0x08142A30	thumb	ScrCmd_bufferitemname
0x08142A58	thumb	ScrCmd_bufferitemnameplural
0x08142AE0	thumb	ScrCmd_bufferdecorationname
0x08142AF8	thumb	ScrCmd_buffermovename
0x08142B30	thumb	ScrCmd_buffernumberstring
0x08142B68	thumb	ScrCmd_bufferstdstring
0x08142B9C	thumb	ScrCmd_bufferstring
0x08142BC4	thumb	ScrCmd_vbuffermessage
0x08142BE4	thumb	ScrCmd_vbufferstring
0x08142C14	thumb	ScrCmd_bufferboxname
0x08142C48	thumb	ScrCmd_givemon
0x08142CB0	thumb	ScrCmd_giveegg
0x08142CCC	thumb	ScrCmd_setmonmove
0x08142CF4	thumb	ScrCmd_checkpartymove
0x08142D64	thumb	ScrCmd_addmoney
0x08142D98	thumb	ScrCmd_removemoney
0x08142DCC	thumb	ScrCmd_checkmoney
0x08142E08	thumb	ScrCmd_showmoneybox
0x08142E58	thumb	ScrCmd_hidemoneybox
0x08142E64	thumb	ScrCmd_updatemoneybox
0x08142E94	thumb	ScrCmd_showcoinsbox
0x08142EC8	thumb	ScrCmd_hidecoinsbox
0x08142EDC	thumb	ScrCmd_updatecoinsbox
0x08142EF4	thumb	ScrCmd_trainerbattle
0x08142F08	thumb	ScrCmd_dotrainerbattle
0x08142F14	thumb	ScrCmd_gotopostbattlescript
0x08142F28	thumb	ScrCmd_gotobeatenscript
0x08142F3C	thumb	ScrCmd_checktrainerflag
0x08142F58	thumb	ScrCmd_settrainerflag
0x08142F6C	thumb	ScrCmd_cleartrainerflag
0x08142F80	thumb	ScrCmd_setwildbattle
0x08142FAC	thumb	ScrCmd_dowildbattle
0x08142FBC	thumb	ScrCmd_pokemart
0x08142FD0	thumb	ScrCmd_pokemartdecoration
0x08142FE4	thumb	ScrCmd_pokemartdecoration2
0x08142FF8	thumb	ScrCmd_playslotmachine
0x0814301C	thumb	ScrCmd_setberrytree
0x08143020	thumb	ScrCmd_getpokenewsactive
0x08143024	thumb	ScrCmd_choosecontestmon
0x08143030	thumb	ScrCmd_startcontest
0x08143034	thumb	ScrCmd_showcontestresults
0x08143038	thumb	ScrCmd_contestlinktransfer
0x0814303C	thumb	ScrCmd_dofieldeffect
0x0814305C	thumb	ScrCmd_setfieldeffectargument
0x08143084	thumb	WaitForFieldEffectFinish
0x0814309C	thumb	ScrCmd_waitfieldeffect
0x081430C4	thumb	ScrCmd_setrespawn
0x081430D8	thumb	ScrCmd_checkplayergender
0x081430F0	thumb	ScrCmd_playmoncry
0x0814311C	thumb	ScrCmd_waitmoncry
0x08143130	thumb	ScrCmd_setmetatile
0x08143194	thumb	ScrCmd_opendoor
0x081431D4	thumb	ScrCmd_closedoor
0x08143204	thumb	IsDoorAnimationStopped
0x08143214	thumb	ScrCmd_waitdooranim
0x08143228	thumb	ScrCmd_setdooropen
0x08143258	thumb	ScrCmd_setdoorclosed
0x08143288	thumb	ScrCmd_addelevmenuitem
0x0814328C	thumb	ScrCmd_showelevmenu
0x08143290	thumb	ScrCmd_checkcoins
0x081432AC	thumb	ScrCmd_addcoins
0x081432D0	thumb	ScrCmd_removecoins
0x081432F4	thumb	ScrCmd_signmsg
0x08143300	thumb	ScrCmd_normalmsg
0x0814330C	thumb	ScrCmd_setmonmodernfatefulencounter
0x0814333C	thumb	ScrCmd_checkmonmodernfatefulencounter
0x08143368	thumb	ScrCmd_setmonmetlocation
0x081433A8	thumb	ScrCmd_fadescreenswapbuffers
0x081433F4	thumb	ScrCmd_setobjectmovementtypeinstant
0x08143414	thumb	ScrCmd_resetobjectmovementtype
0x08143430	thumb	GetStringTilesWide
0x08143450	thumb	GetMenuWidthFromList
0x081434B8	thumb	ScriptMenu_Multichoice
0x08143504	thumb	ScriptMenu_MultichoiceWithDefault
0x0814355C	thumb	DrawVerticalMultichoiceMenu
0x081436BC	thumb	GetMCWindowHeight
0x081436D8	thumb	CreateMCMenuInputHandlerTask
0x08143750	thumb	Task_MultichoiceMenu_HandleInput
0x081437FC	thumb	MultiChoicePrintHelpDescription
0x0814386C	thumb	ScriptMenu_YesNo
0x081438B0	thumb	IsScriptActive
0x081438C0	thumb	Task_YesNoMenu_HandleInput
0x08143924	thumb	ScriptMenu_MultichoiceGrid
0x08143A6C	thumb	Hask_MultichoiceGridMenu_HandleInput
0x08143AD0	thumb	CreatePCMenu
0x08143AF8	thumb	CreatePCMenuWindow
0x08143CFC	thumb	ScriptMenu_DisplayPCStartupPrompt
0x08143D2C	thumb	Task_ScriptShowMonPic
0x08143D98	thumb	ScriptMenu_ShowPokemonPic
0x08143E88	thumb	ScriptMenu_HidePokemonPic
0x08143EBC	thumb	PicboxWait
0x08143ED4	thumb	PicboxCancel
0x08143F44	thumb	Task_WaitMuseumFossilPic
0x08143FB4	thumb	OpenMuseumFossilPic
0x081440EC	thumb	CloseMuseumFossilPic
0x0814411C	thumb	CreateWindowFromRect
0x08144168	thumb	DestroyScriptMenuWindow
0x08144188	thumb	QL_DestroyAbortedDisplay
0x08144214	thumb	DrawSeagallopDestinationMenu
0x081443DC	thumb	GetSelectedSeagallopDestination
0x0814445C	thumb	ScriptMovement_StartObjectMovementScript
0x081444C8	thumb	ScriptMovement_IsObjectMovementFinished
0x0814453C	thumb	ScriptMovement_UnfreezeObjectEvents
0x08144590	thumb	ScriptMovement_StartMoveObjects
0x081445BC	thumb	GetMoveObjectsTaskId
0x081445CC	thumb	ScriptMovement_TryAddNewMovement
0x08144658	thumb	GetMovementScriptIdFromObjectEventId
0x08144684	thumb	LoadObjectEventIdPtrFromMovementScript
0x081446AC	thumb	SetObjectEventIdAtMovementScript
0x081446D8	thumb	LoadObjectEventIdFromMovementScript
0x08144700	thumb	ClearMovementScriptFinished
0x08144728	thumb	SetMovementScriptFinished
0x08144750	thumb	IsMovementScriptFinished
0x08144778	thumb	SetMovementScript
0x08144788	thumb	GetMovementScript
0x08144798	thumb	ScriptMovement_AddNewMovement
0x081447F8	thumb	ScriptMovement_UnfreezeActiveObjects
0x08144834	thumb	ScriptMovement_MoveObjects
0x08144888	thumb	ScriptMovement_TakeStep
0x08144940	thumb	HealPlayerParty
0x08144A78	thumb	HealPlayerPartyOak
0x08144B24	thumb	ScriptGiveMon
0x08144C20	thumb	ScriptGiveEgg
0x08144C60	thumb	HasEnoughMonsForDoubleBattle
0x08144C80	thumb	CheckPartyMonHasHeldItem
0x08144CC8	thumb	DoesPartyHaveEnigmaBerry
0x08144CF0	thumb	CreateScriptedWildMon
0x08144D64	thumb	ScriptSetMonMoveSlot
0x08144D98	thumb	ChooseHalfPartyForBattle
0x08144DB4	thumb	CB2_ReturnFromChooseHalfParty
0x08144DD8	thumb	ChooseBattleTowerPlayerParty
0x08144DF4	thumb	CB2_ReturnFromChooseBattleTowerParty
0x08144E28	thumb	ReducePlayerPartyToThree
0x08144EB8	thumb	InitScriptContext
0x08144EDC	thumb	SetupBytecodeScript
0x08144EE8	thumb	SetupNativeScript
0x08144EF0	thumb	StopScript
0x08144EF8	thumb	RunScriptCommand
0x08144F68	thumb	ScriptPush
0x08144F80	thumb	ScriptPop
0x08144F9C	thumb	ScriptJump
0x08144FA0	thumb	ScriptCall
0x08144FBC	thumb	ScriptReturn
0x08144FD8	thumb	ScriptReadHalfword
0x08144FEC	thumb	ScriptReadWord
0x0814501C	thumb	LockPlayerFieldControls
0x08145028	thumb	UnlockPlayerFieldControls
0x08145034	thumb	ArePlayerFieldControlsLocked
0x08145040	thumb	SetQuestLogInputIsDpadFlag
0x0814504C	thumb	ClearQuestLogInputIsDpadFlag
0x08145058	thumb	IsQuestLogInputDpad
0x08145068	thumb	RegisterQuestLogInput
0x08145074	thumb	ClearQuestLogInput
0x08145080	thumb	GetRegisteredQuestLogInput
0x0814508C	thumb	DisableMsgBoxWalkaway
0x08145098	thumb	EnableMsgBoxWalkaway
0x081450A4	thumb	IsMsgBoxWalkawayDisabled
0x081450B0	thumb	SetWalkingIntoSignVars
0x081450C8	thumb	ClearMsgBoxCancelableState
0x081450D4	thumb	CanWalkAwayToCancelMsgBox
0x081450E4	thumb	MsgSetSignpost
0x081450F0	thumb	MsgSetNotSignpost
0x081450FC	thumb	IsMsgSignpost
0x0814510C	thumb	ResetFacingNpcOrSignpostVars
0x08145120	thumb	ScriptContext_IsEnabled
0x08145130	thumb	ScriptContext_Init
0x08145170	thumb	ScriptContext_RunScript
0x081451AC	thumb	ScriptContext_SetupScript
0x08145218	thumb	ScriptContext_Stop
0x08145224	thumb	ScriptContext_Enable
0x0814523C	thumb	RunScriptImmediately
0x08145288	thumb	MapHeaderGetScriptTable
0x081452C0	thumb	MapHeaderRunScriptType
0x081452D8	thumb	MapHeaderCheckScriptTable
0x0814532C	thumb	RunOnLoadMapScript
0x08145340	thumb	RunOnTransitionMapScript
0x08145354	thumb	RunOnResumeMapScript
0x08145374	thumb	RunOnReturnToFieldMapScript
0x08145388	thumb	RunOnDiveWarpMapScript
0x0814539C	thumb	TryRunOnFrameMapScript
0x08145420	thumb	TryRunOnWarpIntoMapScript
0x08145434	thumb	CalculateRamScriptChecksum
0x08145454	thumb	ClearRamScript
0x08145480	thumb	InitRamScript
0x0814551C	thumb	GetRamScript
0x081455B4	thumb	ValidateRamScript
0x08145608	thumb	GetSavedRamScriptIfValid
0x08145688	thumb	InitRamScript_NoObjectEvent
0x081456FC	thumb	GetStartingLevelOfRoute5DaycareMon
0x0814572C	thumb	CheckCurrentMasterTitle
0x08145748	thumb	SetCurrentMasterTitle
0x08145764	thumb	CheckHasAnyMasterTitle
0x081457A4	thumb	CheckAllMasterTrainerFlags
0x081457D0	thumb	ShouldChangeMasterTrainerMovementType
0x081457EC	thumb	ClearAllButFirstPokemon
0x0814580C	thumb	CheckSlot1EVTotal
0x08145848	thumb	CheckMasterPokemonInSlot1
0x081458AC	thumb	ShouldSpawnSoftlockClerk
0x081458C0	thumb	HideWarpArrowSprite
0x081458E4	thumb	CoordsOfPMCExitWarpTo80068007
0x08145918	thumb	HasNationalMonToVarResult
0x0814592C	thumb	TeachTrappedTentacoolSurf
0x08145998	thumb	CheckPlayerTrappedOnCinnabar
0x08145A78	thumb	CheckNuzlockeMode
0x08145A98	thumb	CheckNoFreeHealsMode
0x08145AB4	thumb	AllPossibleGymLeadersPresent
0x08145B20	thumb	ReturnBattleHouseLevel
0x08145B34	thumb	UpdateBattleHouseStepCounter
0x08145D80	thumb	UseBattleHouseVar
0x0814650C	thumb	HandleUseExpiredRepel
0x0814652C	thumb	DetermineCeruleanCaveLayout
0x08146548	thumb	CheckTrainerCardStars
0x081465B8	thumb	CheckEventTickets
0x081466E0	thumb	RecalculatePartyStats
0x08146710	thumb	ResetTintFilter
0x0814673C	thumb	SetLastViewedPokedexEntry
0x08146758	thumb	TurnOffNuzlockeMode
0x08146774	thumb	TurnOffNoPMC
0x08146790	thumb	SetNoPMCTest
0x081467B8	thumb	IsVersionFireRedToVarResult
0x081467DC	thumb	IsChallengeModeToVarResult
0x08146800	thumb	FillBagsTest
0x08146910	thumb	DoSeagallopFerryScene
0x0814692C	thumb	CB2_SetUpSeagallopScene
0x08146AE4	thumb	VBlankCB_SeaGallop
0x08146AF8	thumb	MainCB2_SeaGallop
0x08146B10	thumb	Task_Seagallop_0
0x08146B2C	thumb	ScrollBG
0x08146B70	thumb	Task_Seagallop_1
0x08146BB0	thumb	Task_Seagallop_2
0x08146BE4	thumb	Task_Seagallop_3
0x08146C80	thumb	ResetGPU
0x08146DB0	thumb	ResetAllAssets
0x08146DD0	thumb	SetDispcnt
0x08146DE0	thumb	ResetBGPos
0x08146E38	thumb	LoadFerrySpriteResources
0x08146E54	thumb	FreeFerrySpriteResources
0x08146E74	thumb	CreateFerrySprite
0x08146EDC	thumb	SpriteCB_Ferry
0x08146F3C	thumb	CreateWakeSprite
0x08146F90	thumb	SpriteCB_Wake
0x08146FA4	thumb	GetDirectionOfTravel
0x08146FD0	thumb	GetSeagallopNumber
0x0814707C	thumb	IsPlayerLeftOfVermilionSailor
0x081470A8	thumb	CreateShopMenu
0x08147194	thumb	GetMartTypeFromItemList
0x081471D4	thumb	SetShopItemsForSale
0x081471FC	thumb	SetShopMenuCallback
0x08147208	thumb	Task_ShopMenu
0x08147244	thumb	Task_HandleShopMenuBuy
0x0814727C	thumb	Task_HandleShopMenuSell
0x081472B4	thumb	CB2_GoToSellMenu
0x081472D8	thumb	Task_HandleShopMenuQuit
0x0814733C	thumb	ClearShopMenuWindow
0x08147358	thumb	Task_GoToBuyOrSellMenu
0x08147388	thumb	MapPostLoadHook_ReturnToShopMenu
0x081473A0	thumb	Task_ReturnToShopMenu
0x08147404	thumb	ShowShopMenuAfterExitingBuyOrSellMenu
0x08147428	thumb	CB2_BuyMenu
0x08147444	thumb	VBlankCB_BuyMenu
0x08147458	thumb	CB2_InitBuyMenu
0x0814759C	thumb	InitShopData
0x08147614	thumb	BuyMenuInitBgs
0x081476C4	thumb	BuyMenuDecompressBgGraphics
0x08147748	thumb	RecolorItemDescriptionBox
0x08147798	thumb	BuyMenuDrawGraphics
0x081477F8	thumb	BuyMenuBuildListMenuTemplate
0x0814796C	thumb	PokeMartWriteNameAndIdAt
0x08147988	thumb	BuyMenuPrintItemDescriptionAndShowItemIcon
0x08147A7C	thumb	BuyMenuPrintPriceInList
0x08147B00	thumb	LoadTmHmNameInMart
0x08147BD4	thumb	GetMartFontId
0x08147BE4	thumb	BuyMenuPrintCursor
0x08147C04	thumb	BuyMenuPrintCursorAtYPosition
0x08147C64	thumb	BuyMenuFreeMemory
0x08147CD0	thumb	SetShopExitCallback
0x08147CF0	thumb	BuyMenuAddScrollIndicatorArrows
0x08147D50	thumb	BuyQuantityAddScrollIndicatorArrows
0x08147D90	thumb	BuyMenuRemoveScrollIndicatorArrows
0x08147DBC	thumb	BuyMenuDrawMapView
0x08147DD0	thumb	BuyMenuDrawMapBg
0x08147E98	thumb	BuyMenuDrawMapMetatile
0x08147F3C	thumb	BuyMenuDrawMapMetatileLayer
0x08147F64	thumb	BuyMenuCollectObjectEventData
0x08148048	thumb	BuyMenuDrawObjectEvents
0x081480DC	thumb	BuyMenuCopyTilemapData
0x08148114	thumb	BuyMenuPrintItemQuantityAndPrice
0x08148190	thumb	Task_BuyMenu
0x08148354	thumb	Task_BuyHowManyDialogueInit
0x08148464	thumb	Task_BuyHowManyDialogueHandleInput
0x08148584	thumb	CreateBuyMenuConfirmPurchaseWindow
0x08148598	thumb	BuyMenuTryMakePurchase
0x081485F4	thumb	BuyMenuSubtractMoney
0x08148654	thumb	Task_ReturnToItemListAfterItemPurchase
0x081486D8	thumb	BuyMenuReturnToItemList
0x08148750	thumb	ExitBuyMenu
0x08148794	thumb	Task_ExitBuyMenu
0x081487D8	thumb	DebugFunc_PrintPurchaseDetails
0x081487DC	thumb	DebugFunc_PrintShopMenuHistoryBeforeClearMaybe
0x081487E0	thumb	RecordItemTransaction
0x0814886C	thumb	RecordTransactionForQuestLog
0x081488A0	thumb	CreatePokemartMenu
0x081488F8	thumb	CreateDecorationShop1Menu
0x08148934	thumb	CreateDecorationShop2Menu
0x08148974	thumb	PlaySlotMachine
0x081489DC	thumb	InitSlotMachineState
0x08148A10	thumb	CB2_InitSlotMachine
0x08148AAC	thumb	CleanSupSlotMachineState
0x08148ACC	thumb	CB2_RunSlotMachine
0x08148AE4	thumb	MainTask_SlotsGameLoop
0x08148DC0	thumb	MainTask_NoCoinsGameOver
0x08148E5C	thumb	MainTask_ShowHelp
0x08148F2C	thumb	MainTask_ConfirmExitGame
0x08149060	thumb	MainTask_DarnNoPayout
0x08149180	thumb	MainTask_WinHandlePayout
0x081493EC	thumb	MainTask_ExitSlots
0x0814946C	thumb	SetMainTask
0x0814948C	thumb	Task_SpinReels
0x08149518	thumb	StartReels
0x0814952C	thumb	StopCurrentReel
0x08149558	thumb	IsReelSpinning
0x0814956C	thumb	GetNextReelPosition
0x08149598	thumb	StopReel1
0x08149728	thumb	StopReel2
0x08149838	thumb	StopReel3
0x081498DC	thumb	TwoReelBiasCheck
0x08149A54	thumb	OneReelBiasCheck
0x08149C30	thumb	TestReelIconAttribute
0x08149C80	thumb	ReelIconToPayoutRank
0x08149C94	thumb	CalcSlotBias
0x08149D48	thumb	ResetMachineBias
0x08149D58	thumb	CalcPayout
0x08149E94	thumb	GetPayout
0x08149EA4	thumb	GetPlayerBet
0x08149EB0	thumb	GetWinFlagByLine
0x08149EC0	thumb	LoadSpriteGraphicsAndAllocateManager
0x08149F70	thumb	DestroyGfxManager
0x08149F8C	thumb	InitGfxManager
0x08149FB8	thumb	CreateReelIconSprites
0x0814A0EC	thumb	UpdateReelIconSprites
0x0814A1EC	thumb	HBlankCB_SlotMachine
0x0814A230	thumb	CreateScoreDigitSprites
0x0814A2A0	thumb	UpdateCoinsDisplay
0x0814A334	thumb	CreateClefairySprites
0x0814A388	thumb	SetClefairySpriteAnim
0x0814A3B0	thumb	CreateSlotMachine
0x0814A3F0	thumb	DestroySlotMachine
0x0814A43C	thumb	Task_SlotMachine
0x0814A478	thumb	VBlankCB_SlotMachine
0x0814A48C	thumb	GetSlotMachineSetupTaskDataPtr
0x0814A4A4	thumb	SetSlotMachineSetupTask
0x0814A4E4	thumb	IsSlotMachineSetupTaskActive
0x0814A508	thumb	SlotsTask_GraphicsInit
0x0814A87C	thumb	SlotsTask_FadeOut
0x0814A8B8	thumb	SlotsTask_UpdateLineStates
0x0814A8F0	thumb	SlotsTask_ClefairyUpdateOnReelsStart
0x0814A914	thumb	SlotsTask_StartClefairyDanceAndWinningLineFlash
0x0814A944	thumb	SlotsTask_StopWinningLineFlashTask
0x0814A9A8	thumb	SlotsTask_ClefairyFainted
0x0814A9CC	thumb	SlotsTask_ClefairyNeutral
0x0814A9F0	thumb	SlotsTask_UpdateCoinsDisplay
0x0814A9FC	thumb	SlotsTask_MessageOutOfCoins
0x0814AA34	thumb	SlotsTask_AskQuitPlaying
0x0814AAA4	thumb	SlotsTask_DestroyYesNoMenu
0x0814AAF8	thumb	SlotsTask_PressReelButton
0x0814AB34	thumb	SlotsTask_ReleaseReelButtons
0x0814AB64	thumb	SlotsTask_ShowHelp
0x0814ABF8	thumb	SlotsTask_HideHelp
0x0814AC70	thumb	Slot_PrintOnWindow0
0x0814ACB4	thumb	Slot_ClearWindow0
0x0814ACC0	thumb	SetLineStatesByBet
0x0814AE24	thumb	SetLineState
0x0814AE64	thumb	Task_FlashWinningLine
0x0814B048	thumb	SignalStopWinningLineFlashTask
0x0814B06C	thumb	Slot_CreateYesNoMenu
0x0814B0B4	thumb	Slot_DestroyYesNoMenu
0x0814B0E0	thumb	InitReelButtonTileMem
0x0814B134	thumb	SetReelButtonPressed
0x0814B148	thumb	ReleaseReelButtons
0x0814B18C	thumb	PressReelButton
0x0814B1B8	thumb	SetReelButtonPressed.part.0
0x0814B1FC	thumb	InitMapMusic
0x0814B22C	thumb	MapMusicMain
0x0814B2FC	thumb	ResetMapMusic
0x0814B324	thumb	GetCurrentMapMusic
0x0814B330	thumb	PlayNewMapMusic
0x0814B350	thumb	StopMapMusic
0x0814B370	thumb	FadeOutMapMusic
0x0814B3B0	thumb	FadeOutAndPlayNewMapMusic
0x0814B3F4	thumb	FadeOutAndFadeInNewMapMusic
0x0814B444	thumb	FadeInNewMapMusic
0x0814B480	thumb	IsNotWaitingForBGMStop
0x0814B498	thumb	PlayFanfareByFanfareNum
0x0814B4DC	thumb	WaitFanfare
0x0814B514	thumb	StopFanfareByFanfareNum
0x0814B52C	thumb	PlayFanfare
0x0814B5B8	thumb	IsFanfareTaskInactive
0x0814B5D0	thumb	Task_Fanfare
0x0814B600	thumb	CreateFanfareTask
0x0814B620	thumb	FadeInNewBGM
0x0814B678	thumb	FadeOutBGMTemporarily
0x0814B68C	thumb	IsBGMPausedOrStopped
0x0814B6A4	thumb	FadeInBGM
0x0814B6B8	thumb	FadeOutBGM
0x0814B6CC	thumb	IsBGMStopped
0x0814B6DC	thumb	PlayCry_Normal
0x0814B734	thumb	PlayCry_NormalNoDucking
0x0814B758	thumb	PlayCry_ByMode
0x0814B7C8	thumb	PlayCry_ReleaseDouble
0x0814B814	thumb	PlayCry_Script
0x0814B87C	thumb	PlayCryInternal
0x0814BAA4	thumb	IsCryFinished
0x0814BAC4	thumb	StopCryAndClearCrySongs
0x0814BADC	thumb	StopCry
0x0814BAF0	thumb	IsCryPlayingOrClearCrySongs
0x0814BB14	thumb	IsCryPlaying
0x0814BB2C	thumb	Task_DuckBGMForPokemonCry
0x0814BB74	thumb	RestoreBGMVolumeAfterPokemonCry
0x0814BB94	thumb	PlayBGM
0x0814BBBC	thumb	PlaySE
0x0814BBE4	thumb	PlaySE12WithPanning
0x0814BC28	thumb	PlaySE1WithPanning
0x0814BC58	thumb	PlaySE2WithPanning
0x0814BC88	thumb	SE12PanpotControl
0x0814BCB4	thumb	IsSEPlaying
0x0814BCDC	thumb	IsBGMPlaying
0x0814BCF4	thumb	IsSpecialSEPlaying
0x0814BD0C	thumb	SetBGMVolume_SuppressHelpSystemReduction
0x0814BD30	thumb	BGMVolumeMax_EnableHelpSystemReduction
0x0814BD54	thumb	SetEscalatorMetatile
0x0814BE88	thumb	Task_DrawEscalator
0x0814BF60	thumb	CreateEscalatorTask
0x0814BFA4	thumb	StartEscalator
0x0814BFEC	thumb	StopEscalator
0x0814C000	thumb	IsEscalatorMoving
0x0814C030	thumb	AnimateTeleporterHousing
0x0814C094	thumb	Task_DrawTeleporterHousing
0x0814C184	thumb	AnimateTeleporterCable
0x0814C1C4	thumb	Task_DrawTeleporterCable
0x0814C2A0	thumb	ResetSpriteData
0x0814C34C	thumb	AnimateSprites
0x0814C400	thumb	BuildOamBuffer
0x0814C73C	thumb	CopyMatricesToOamBuffer
0x0814C768	thumb	SortSprites
0x0814C7A0	thumb	CreateSprite
0x0814C7E8	thumb	CreateSpriteAtEnd
0x0814C830	thumb	CreateInvisibleSprite
0x0814C88C	thumb	CreateSpriteAt
0x0814CAE8	thumb	CreateSpriteAndAnimate
0x0814CB84	thumb	DestroySprite
0x0814CC18	thumb	ResetOamRange
0x0814CC4C	thumb	LoadOam
0x0814CC78	thumb	ClearSpriteCopyRequests
0x0814CCA8	thumb	ResetOamMatrices
0x0814CCC8	thumb	SetOamMatrix
0x0814CCE8	thumb	ResetSprite
0x0814CD34	thumb	CalcCenterToCornerVec
0x0814CD68	thumb	AllocSpriteTiles
0x0814CE24	thumb	SpriteTileAllocBitmapOp
0x0814CE60	thumb	FreeSpriteTilesIfNotUsingSheet
0x0814CEA4	thumb	SpriteCallbackDummy
0x0814CEA8	thumb	ProcessSpriteCopyRequests
0x0814CEFC	thumb	RequestSpriteFrameImageCopy
0x0814CF44	thumb	RequestSpriteCopy
0x0814CF74	thumb	CopyFromSprites
0x0814CF90	thumb	CopyToSprites
0x0814CFAC	thumb	ResetAllSprites
0x0814D0B4	thumb	FreeSpriteTiles
0x0814D0CC	thumb	FreeSpritePalette
0x0814D100	thumb	FreeSpriteOamMatrix
0x0814D15C	thumb	DestroySpriteAndFreeResources
0x0814D1FC	thumb	AnimateSprite
0x0814D23C	thumb	BeginAnim
0x0814D334	thumb	ContinueAnim
0x0814D3E8	thumb	AnimCmd_frame
0x0814D4C0	thumb	AnimCmd_end
0x0814D4D4	thumb	AnimCmd_jump
0x0814D5B8	thumb	AnimCmd_loop
0x0814D604	thumb	BeginAnimLoop
0x0814D638	thumb	ContinueAnimLoop
0x0814D65C	thumb	JumpToTopOfAnimLoop
0x0814D670	thumb	BeginAffineAnim
0x0814D6F0	thumb	ContinueAffineAnim
0x0814D700	thumb	AffineAnimDelay
0x0814D75C	thumb	AffineAnimCmd_loop
0x0814D798	thumb	BeginAffineAnimLoop
0x0814D7D8	thumb	ContinueAffineAnimLoop
0x0814D80C	thumb	JumpToTopOfAffineAnimLoop
0x0814D894	thumb	AffineAnimCmd_jump
0x0814D8DC	thumb	AffineAnimCmd_end
0x0814D918	thumb	AffineAnimCmd_frame
0x0814D9A8	thumb	CopyOamMatrix
0x0814D9BC	thumb	GetSpriteMatrixNum
0x0814D9D0	thumb	SetSpriteMatrixAnchor
0x0814D9E4	thumb	GetAnchorCoord
0x0814DA10	thumb	UpdateSpriteMatrixAnchorPos
0x0814DAD8	thumb	SetSpriteOamFlipBits
0x0814DB18	thumb	AffineAnimStateRestartAnim
0x0814DB34	thumb	AffineAnimStateStartAnim
0x0814DB64	thumb	AffineAnimStateReset
0x0814DB90	thumb	ApplyAffineAnimFrameAbsolute
0x0814DBB8	thumb	DecrementAnimDelayCounter
0x0814DBD8	thumb	DecrementAffineAnimDelayCounter
0x0814DC00	thumb	ApplyAffineAnimFrameRelativeAndUpdateMatrix
0x0814DC90	thumb	ConvertScaleParam
0x0814DCAC	thumb	GetAffineAnimFrame
0x0814DCE8	thumb	ApplyAffineAnimFrame
0x0814DD30	thumb	StartSpriteAnim
0x0814DD44	thumb	StartSpriteAnimIfDifferent
0x0814DD64	thumb	SeekSpriteAnim
0x0814DDB4	thumb	StartSpriteAffineAnim
0x0814DE00	thumb	StartSpriteAffineAnimIfDifferent
0x0814DE64	thumb	ChangeSpriteAffineAnim
0x0814DE9C	thumb	ChangeSpriteAffineAnimIfDifferent
0x0814DED8	thumb	SetSpriteSheetFrameTileNum
0x0814DF18	thumb	ResetAffineAnimData
0x0814DF7C	thumb	AllocOamMatrix
0x0814DFA4	thumb	FreeOamMatrix
0x0814DFE8	thumb	InitSpriteAffineAnim
0x0814E07C	thumb	SetOamMatrixRotationScaling
0x0814E0E0	thumb	LoadSpriteSheet
0x0814E17C	thumb	LoadSpriteSheets
0x0814E19C	thumb	FreeSpriteTilesByTag
0x0814E20C	thumb	FreeSpriteTileRanges
0x0814E238	thumb	GetSpriteTileStartByTag
0x0814E268	thumb	IndexOfSpriteTileTag
0x0814E290	thumb	GetSpriteTileTagByTileStart
0x0814E2CC	thumb	AllocSpriteTileRange
0x0814E324	thumb	FreeAllSpritePalettes
0x0814E344	thumb	LoadSpritePalette
0x0814E3B0	thumb	LoadSpritePalettes
0x0814E3D4	thumb	DoLoadSpritePalette
0x0814E3EC	thumb	AllocSpritePalette
0x0814E42C	thumb	IndexOfSpritePaletteTag
0x0814E45C	thumb	GetSpritePaletteTagByPaletteNum
0x0814E46C	thumb	FreeSpritePaletteByTag
0x0814E4A0	thumb	SetSubspriteTables
0x0814E4AC	thumb	AddSpriteToOamBuffer
0x0814E500	thumb	AddSubspritesToOamBuffer
0x0814E6BC	thumb	JumpToTopOfAnimLoop.part.0
0x0814E718	thumb	ContinueAffineAnim.part.0
0x0814E7DC	thumb	DoSSAnneDepartureCutscene
0x0814E808	thumb	Task_SSAnneInit
0x0814E848	thumb	Task_SSAnneRun
0x0814E8FC	thumb	Task_SSAnneFinish
0x0814E944	thumb	CreateWakeBehindBoat
0x0814E9B8	thumb	WakeSpriteCallback
0x0814EA38	thumb	CreateSmokeSprite
0x0814EAB8	thumb	SmokeSpriteCallback
0x0814EAE4	thumb	SetHasPokedexAndPokemon
0x0814EB00	thumb	SetUpStartMenu
0x0814EB40	thumb	AppendToStartMenuItems
0x0814EB58	thumb	SetUpStartMenu_NormalField
0x0814EBD4	thumb	SetUpStartMenu_SafariZone
0x0814EC30	thumb	SetUpStartMenu_Link
0x0814EC78	thumb	SetUpStartMenu_UnionRoom
0x0814ECC0	thumb	DrawSafariZoneStatsWindow
0x0814ED60	thumb	DestroySafariZoneStatsWindow
0x0814ED90	thumb	PrintStartMenuItems
0x0814EE68	thumb	DoDrawStartMenu
0x0814EF54	thumb	DrawStartMenuInOneGo
0x0814EF6C	thumb	task50_startmenu
0x0814EF88	thumb	OpenStartMenuWithFollowupFunc
0x0814EFB4	thumb	FieldCB2_DrawStartMenu
0x0814EFCC	thumb	SetUpReturnToStartMenu
0x0814EFE8	thumb	Task_StartMenuHandleInput
0x0814F044	thumb	ShowStartMenu
0x0814F094	thumb	HandleOWEDebugCodeInput
0x0814F0F0	thumb	OpenOWEDebugMenu
0x0814F1E8	thumb	StartCB_OWEDebugOpenFailed
0x0814F1EC	thumb	CloseOWEDebugMenu
0x0814F210	thumb	PrintOWEDebugStatus
0x0814F258	thumb	GiveOWEDebugMon
0x0814F28C	thumb	GiveOWEDebugEvolutionKit
0x0814F440	thumb	StartOWEDebugBattle
0x0814F498	thumb	StartCB_OWEDebugHandleInput
0x0814F5D4	thumb	StartCB_HandleInput
0x0814F778	thumb	StartMenu_FadeScreenIfLeavingOverworld
0x0814F7BC	thumb	StartMenuPokedexSanityCheck
0x0814F7F8	thumb	StartMenuPokedexCallback
0x0814F850	thumb	StartMenuPokemonCallback
0x0814F8A4	thumb	StartMenuBagCallback
0x0814F8F8	thumb	StartMenuPlayerCallback
0x0814F94C	thumb	StartMenuSaveCallback
0x0814F960	thumb	StartMenuOptionCallback
0x0814F9C0	thumb	StartMenuExitCallback
0x0814FA10	thumb	StartMenuSafariZoneRetireCallback
0x0814FA64	thumb	StartMenuLinkPlayerCallback
0x0814FA98	thumb	StartCB_Save1
0x0814FAD4	thumb	StartCB_Save2
0x0814FB50	thumb	StartMenu_PrepareForSave
0x0814FB74	thumb	RunSaveDialogCB
0x0814FB9C	thumb	Field_AskSaveTheGame
0x0814FBD4	thumb	PrintSaveTextWithFollowupFunc
0x0814FC0C	thumb	task50_save_game
0x0814FC64	thumb	CloseSaveMessageWindow
0x0814FC74	thumb	CloseSaveStatsWindow_
0x0814FC90	thumb	SetSaveDialogDelayTo60Frames
0x0814FC9C	thumb	SaveDialog_Wait60FramesOrAButtonHeld
0x0814FCCC	thumb	SaveDialog_Wait60FramesThenCheckAButtonHeld
0x0814FCF0	thumb	SaveDialogCB_PrintAskSaveText
0x0814FD48	thumb	SaveDialogCB_AskSavePrintYesNoMenu
0x0814FD64	thumb	SaveDialogCB_AskSaveHandleInput
0x0814FDD4	thumb	SaveDialogCB_PrintAskOverwriteText
0x0814FE40	thumb	SaveDialogCB_AskOverwritePrintYesNoMenu
0x0814FE5C	thumb	SaveDialogCB_AskReplacePreviousFilePrintYesNoMenu
0x0814FE78	thumb	SaveDialogCB_AskOverwriteOrReplacePreviousFileHandleInput
0x0814FEC4	thumb	SaveDialogCB_PrintSavingDontTurnOffPower
0x0814FF08	thumb	SaveDialogCB_DoSave
0x0814FF44	thumb	SaveDialogCB_PrintSaveResult
0x0814FFBC	thumb	SaveDialogCB_WaitPrintSuccessAndPlaySE
0x0814FFE4	thumb	SaveDialogCB_ReturnSuccess
0x08150038	thumb	SaveDialogCB_WaitPrintErrorAndPlaySE
0x08150060	thumb	SaveDialogCB_ReturnError
0x081500A0	thumb	VBlankCB_WhileSavingAfterLinkBattle
0x081500AC	thumb	DoSetUpSaveAfterLinkBattle
0x081501CC	thumb	CB2_SetUpSaveAfterLinkBattle
0x081501F8	thumb	CB2_WhileSavingAfterLinkBattle
0x08150208	thumb	task50_after_link_battle_save
0x08150324	thumb	PrintSaveStats
0x081504B0	thumb	CloseSaveStatsWindow
0x081504CC	thumb	CloseStartMenu
0x081504F0	thumb	AppendToList
0x08150500	thumb	StringCopy_Nickname
0x08150528	thumb	StringGet_Nickname
0x08150544	thumb	StringCopy_PlayerName
0x08150568	thumb	StringCopy
0x0815057C	thumb	StringAppend
0x081505A0	thumb	StringCopyN
0x081505C0	thumb	StringAppendN
0x081505EC	thumb	StringLength
0x08150604	thumb	StringCompare
0x08150630	thumb	StringCompareN
0x08150654	thumb	ConvertIntToDecimalStringN
0x081507C0	thumb	ConvertIntToHexStringN
0x081508F4	thumb	StringExpandPlaceholders
0x0815098C	thumb	StringBraille
0x081509F4	thumb	ExpandPlaceholder_UnknownStringVar
0x081509FC	thumb	ExpandPlaceholder_PlayerName
0x08150A08	thumb	ExpandPlaceholder_StringVar1
0x08150A10	thumb	ExpandPlaceholder_StringVar2
0x08150A18	thumb	ExpandPlaceholder_StringVar3
0x08150A20	thumb	ExpandPlaceholder_KunChan
0x08150A40	thumb	ExpandPlaceholder_RivalName
0x08150A78	thumb	ExpandPlaceholder_Version
0x08150A80	thumb	ExpandPlaceholder_Magma
0x08150A88	thumb	ExpandPlaceholder_Aqua
0x08150A90	thumb	ExpandPlaceholder_Maxie
0x08150A98	thumb	ExpandPlaceholder_Archie
0x08150AA0	thumb	ExpandPlaceholder_Groudon
0x08150AA8	thumb	ExpandPlaceholder_Kyogre
0x08150AB0	thumb	GetExpandedPlaceholder
0x08150AD0	thumb	StringFill
0x08150AF4	thumb	StringCopyPadded
0x08150B44	thumb	StringFillWithTerminator
0x08150B64	thumb	StringCopyN_Multibyte
0x08150B90	thumb	StringLength_Multibyte
0x08150BB0	thumb	WriteColorChangeControlCode
0x08150BE8	thumb	GetExtCtrlCodeLength
0x08150BFC	thumb	SkipExtCtrlCode
0x08150C20	thumb	StringCompareWithoutExtCtrlCodes
0x08150C94	thumb	ConvertInternationalString
0x08150CEC	thumb	StripExtCtrlCodes
0x08150D40	thumb	ResetTasks
0x08150DA0	thumb	CreateTask
0x08150DF4	thumb	InsertTask
0x08150E90	thumb	DestroyTask
0x08150EE8	thumb	RunTasks
0x08150F2C	thumb	FindFirstActiveTask
0x08150F50	thumb	TaskDummy
0x08150F54	thumb	SetTaskFuncWithFollowupFunc
0x08150F74	thumb	SwitchTaskToFollowupFunc
0x08150F9C	thumb	FuncIsActiveTask
0x08150FCC	thumb	FindTaskIdByFunc
0x08150FF4	thumb	GetTaskCount
0x08151018	thumb	SetWordTaskArg
0x08151048	thumb	GetWordTaskArg
0x0815107C	thumb	TeachyTvCallback
0x08151098	thumb	TeachyTvVblankHandler
0x081510AC	thumb	InitTeachyTvController
0x081510E0	thumb	CB2_ReturnToTeachyTV
0x0815110C	thumb	SetTeachyTvControllerModeToResume
0x08151118	thumb	TeachyTvMainCallback
0x08151338	thumb	TeachyTvSetupBg
0x081513DC	thumb	TeachyTvLoadGraphic
0x08151464	thumb	TeachyTvCreateAndRenderRbox
0x08151494	thumb	TeachyTvSetupWindow
0x08151500	thumb	TeachyTvSetupScrollIndicatorArrowPair
0x0815153C	thumb	TeachyTvRemoveScrollIndicatorArrowPair
0x08151564	thumb	TeachyTvAudioByInput
0x08151578	thumb	TeachyTvInitIo
0x081515A0	thumb	TeachyTvSetupObjEventAndOam
0x081515E4	thumb	TeachyTvSetSpriteCoordsAndSwitchFrame
0x08151618	thumb	TeachyTvSetWindowRegs
0x08151638	thumb	TeachyTvClearWindowRegs
0x08151650	thumb	TeachyTvBg2AnimController
0x08151698	thumb	TeachyTvSetupPostBattleWindowAndObj
0x08151798	thumb	TeachyTvInitTextPrinter
0x081517D4	thumb	TeachyTvFree
0x081517F0	thumb	TeachyTvQuitBeginFade
0x08151828	thumb	TeachyTvQuitFadeControlAndTaskDel
0x08151874	thumb	TeachyTvOptionListController
0x081519AC	thumb	TTVcmd_TransitionRenderBg2TeachyTvGraphicInitNpcPos
0x08151A4C	thumb	TTVcmd_ClearBg2TeachyTvGraphic
0x08151AA0	thumb	TTVcmd_NpcMoveAndSetupTextPrinter
0x08151B2C	thumb	TTVcmd_IdleIfTextPrinterIsActive
0x08151B58	thumb	TeachyTvRenderMsgAndSwitchClusterFuncs
0x08151C24	thumb	TTVcmd_TextPrinterSwitchStringByOptionChosen
0x08151C88	thumb	TTVcmd_TextPrinterSwitchStringByOptionChosen2
0x08151CEC	thumb	TTVcmd_IdleIfTextPrinterIsActive2
0x08151D18	thumb	TTVcmd_EraseTextWindowIfKeyPressed
0x08151D58	thumb	TTVcmd_StartAnimNpcWalkIntoGrass
0x08151D9C	thumb	TTVcmd_DudeMoveUp
0x08151E40	thumb	TTVcmd_DudeMoveRight
0x08151EF0	thumb	TTVcmd_DudeTurnLeft
0x08151F44	thumb	TTVcmd_DudeMoveLeft
0x08151FC8	thumb	TTVcmd_RenderAndRemoveBg1EndGraphic
0x08152054	thumb	TeachyTvClearBg1EndGraphicText
0x08152078	thumb	TTVcmd_End
0x08152170	thumb	TTVcmd_TaskBattleOrFadeByOptionChosen
0x081521D4	thumb	TeachyTvSetupBagItemsByOptionChosen
0x081521F4	thumb	TeachyTvPostBattleFadeControl
0x08152238	thumb	TeachyTvGrassAnimationMain
0x08152318	thumb	TeachyTvGrassAnimationObjCallback
0x081523B0	thumb	TeachyTvGrassAnimationCheckIfNeedsToGenerateGrassObj
0x081523F0	thumb	TeachyTvPrepBattle
0x08152474	thumb	TeachyTvPreBattleAnimAndSetBattleCallback
0x081524C4	thumb	TeachyTvRestorePlayerPartyCallback
0x081524F4	thumb	TeachyTvLoadBg3Map
0x081526F4	thumb	TeachyTvLoadMapTilesetToBuffer
0x08152718	thumb	TeachyTvPushBackNewMapPalIndexArrayEntry
0x08152834	thumb	TeachyTvComputeMapTilesFromTilesetAndMetaTiles
0x081528EC	thumb	TeachyTvComputeSingleMapTileBlockFromTilesetAndMetaTiles
0x081529D4	thumb	TeachyTvComputePalIndexArrayEntryByMetaTile
0x08152A10	thumb	TeachyTvLoadMapPalette
0x08152A58	thumb	SetFontsPointer
0x08152A64	thumb	DeactivateAllTextPrinters
0x08152A7C	thumb	AddTextPrinterParameterized
0x08152B28	thumb	AddTextPrinter
0x08152C14	thumb	RunTextPrinters
0x08152CC8	thumb	IsTextPrinterActive
0x08152CE0	thumb	RenderFont
0x08152D08	thumb	GenerateFontHalfRowLookupTable
0x08152DF0	thumb	SaveTextColors
0x08152E10	thumb	RestoreTextColors
0x08152E20	thumb	DecompressGlyphTile
0x08152E64	thumb	GetLastTextColor
0x08152E94	thumb	CopyGlyphToWindow
0x08153610	thumb	CopyGlyphToWindow_Parameterized
0x08153C48	thumb	ClearTextSpan
0x08153C4C	thumb	GetUserWindowGraphics
0x08153C64	thumb	LoadHelpMessageWindowGfxOnBg
0x08153C94	thumb	LoadMenuMessageWindowGfxOnBg
0x08153CC4	thumb	LoadSignpostWindowGfxOnBg
0x08153CF4	thumb	LoadStdWindowGfxOnBg
0x08153D24	thumb	LoadQuestLogWindowTilesOnBg
0x08153D40	thumb	LoadUserWindowGfxByFrameOnBg
0x08153D78	thumb	LoadUserWindowGfx2
0x08153DCC	thumb	LoadHelpMessageWindowGfx
0x08153E08	thumb	LoadMenuMessageWindowGfx
0x08153E44	thumb	LoadSignpostWindowGfx
0x08153E80	thumb	LoadStdWindowGfx
0x08153EBC	thumb	LoadStdWindowTiles
0x08153EE8	thumb	LoadQuestLogWindowTiles
0x08153F14	thumb	LoadUserWindowGfxByFrame
0x08153F60	thumb	LoadUserWindowGfx
0x08153FB4	thumb	DrawTextBorderOuter
0x08154120	thumb	DrawTextBorderInner
0x081542AC	thumb	rbox_fill_rectangle
0x08154324	thumb	GetTextWindowPalette
0x0815433C	thumb	FontFunc_Small
0x08154360	thumb	FontFunc_NormalCopy1
0x08154384	thumb	FontFunc_Normal
0x081543A8	thumb	FontFunc_NormalCopy2
0x081543CC	thumb	FontFunc_Male
0x081543F0	thumb	FontFunc_Female
0x08154414	thumb	TextPrinterInitDownArrowCounters
0x08154430	thumb	TextPrinterDrawDownArrow
0x081544EC	thumb	TextPrinterClearDownArrow
0x08154524	thumb	TextPrinterWaitAutoMode
0x0815454C	thumb	TextPrinterWaitWithDownArrow
0x0815459C	thumb	TextPrinterWait
0x081545EC	thumb	DrawDownArrow
0x0815469C	thumb	RenderText
0x08154BC0	thumb	GetStringWidthFixedWidthFont
0x08154CC4	thumb	GetFontWidthFunc
0x08154CF4	thumb	GetStringWidth
0x08154F7C	thumb	RenderTextHandleBold
0x081550F8	thumb	SpriteCB_TextCursor
0x08155130	thumb	CreateTextCursorSprite
0x081551A8	thumb	DestroyTextCursorSprite
0x081551D4	thumb	DrawKeypadIcon
0x08155220	thumb	GetKeypadIconTileOffset
0x08155230	thumb	GetKeypadIconWidth
0x08155240	thumb	GetKeypadIconHeight
0x08155250	thumb	DecompressGlyph_Small
0x081552C8	thumb	GetGlyphWidth_Small
0x081552E0	thumb	DecompressGlyph_NormalCopy1
0x08155370	thumb	GetGlyphWidth_NormalCopy1
0x08155388	thumb	DecompressGlyph_Normal
0x0815547C	thumb	GetGlyphWidth_Normal
0x081554A0	thumb	DecompressGlyph_NormalCopy2
0x0815552C	thumb	GetGlyphWidth_NormalCopy2
0x08155544	thumb	DecompressGlyph_Male
0x08155638	thumb	GetGlyphWidth_Male
0x0815565C	thumb	DecompressGlyph_Female
0x08155750	thumb	GetGlyphWidth_Female
0x08155774	thumb	DecompressGlyph_Bold
0x081557B8	thumb	GetStringCenterAlignXOffset
0x081557D8	thumb	GetStringCenterAlignXOffsetWithLetterSpacing
0x081557FC	thumb	GetStringWidthDifference
0x08155820	thumb	TilemapUtil_Init
0x08155868	thumb	TilemapUtil_Free
0x0815587C	thumb	TilemapUtil_UpdateAll
0x081558D8	thumb	TilemapUtil_SetTilemap
0x08155984	thumb	TilemapUtil_SetSavedMap
0x081559B0	thumb	TilemapUtil_SetPos
0x081559EC	thumb	TilemapUtil_SetRect
0x08155A34	thumb	TilemapUtil_Move
0x08155AD0	thumb	TilemapUtil_Update
0x08155AEC	thumb	TilemapUtil_DrawPrev
0x08155B88	thumb	TilemapUtil_Draw
0x08155C18	thumb	TilemapUtil_Update.part.0
0x08155C50	thumb	ResetTilesetAnimBuffer
0x08155C78	thumb	AppendTilesetAnimToBuffer
0x08155CA8	thumb	TransferTilesetAnimsBuffer
0x08155CFC	thumb	InitTilesetAnimations
0x08155D84	thumb	InitSecondaryTilesetAnimation
0x08155DBC	thumb	UpdateTilesetAnimations
0x08155E48	thumb	_InitPrimaryTilesetAnimation
0x08155E80	thumb	_InitSecondaryTilesetAnimation
0x08155EB8	thumb	QueueAnimTiles_General_Flower
0x08155F10	thumb	QueueAnimTiles_General_Water_Current_LandWatersEdge
0x08155F84	thumb	QueueAnimTiles_General_SandWatersEdge
0x08155FCC	thumb	TilesetAnim_General
0x081560D0	thumb	InitTilesetAnim_General
0x081560F8	thumb	QueueAnimTiles_CeladonCity_Fountain
0x08156154	thumb	TilesetAnim_CeladonCity
0x081561C8	thumb	InitTilesetAnim_CeladonCity
0x081561EC	thumb	QueueAnimTiles_SilphCo_Fountain
0x08156234	thumb	TilesetAnim_SilphCo
0x081562A0	thumb	InitTilesetAnim_SilphCo
0x081562C4	thumb	QueueAnimTiles_MtEmber_Steam
0x0815630C	thumb	TilesetAnim_MtEmber
0x08156358	thumb	InitTilesetAnim_MtEmber
0x08156380	thumb	QueueAnimTiles_VermilionGym_MotorizedDoor
0x081563C8	thumb	TilesetAnim_VermilionGym
0x08156414	thumb	InitTilesetAnim_VermilionGym
0x08156438	thumb	QueueAnimTiles_CeladonGym_Flowers
0x08156480	thumb	TilesetAnim_CeladonGym
0x081564CC	thumb	InitTilesetAnim_CeladonGym
0x081564F4	thumb	QueueAnimTiles_Underwater_Seaweed
0x0815653C	thumb	TilesetAnim_Underwater
0x08156588	thumb	InitTilesetAnim_Underwater
0x081565AC	thumb	QueueAnimTiles_BattleFrontierOutsideWest_Flag
0x081565F4	thumb	QueueAnimTiles_BattleFrontierOutsideEast_Flag
0x0815663C	thumb	QueueAnimTiles_BattleFrontierOutsideWest_Flower
0x08156684	thumb	QueueAnimTiles_BattleFrontierOutsideEast_Flower
0x081566CC	thumb	TilesetAnim_BattleFrontierOutsideWest
0x08156754	thumb	TilesetAnim_BattleFrontierOutsideEast
0x081567DC	thumb	InitTilesetAnim_BattleFrontierOutsideWest
0x08156804	thumb	InitTilesetAnim_BattleFrontierOutsideEast
0x0815682C	thumb	QueueAnimTiles_SeviiIslands67_Flower
0x08156874	thumb	TilesetAnim_SeviiIslands67
0x081568C0	thumb	InitTilesetAnim_SeviiIslands67
0x081568E8	thumb	QueueAnimTiles_SeviiIslands5_ShortGrassFlower
0x08156940	thumb	TilesetAnim_SeviiIslands5
0x081569A0	thumb	InitTilesetAnim_SeviiIslands5
0x081569D4	thumb	MakePromptBackgroundTransparent
0x081569F4	thumb	LoadOliveTitleScreen
0x08156B28	thumb	CB2_InitTitleScreen
0x08156C74	thumb	ResetGpuRegs
0x08156CDC	thumb	CB2_TitleScreenRun
0x08156CF4	thumb	VBlankCB
0x08156D2C	thumb	Task_TitleScreenTimer
0x08156D60	thumb	Task_TitleScreenMain
0x08156DD0	thumb	SetTitleScreenScene
0x08156DDC	thumb	SetTitleScreenScene_Init
0x08156E08	thumb	SetTitleScreenScene_FlashSprite
0x08156E14	thumb	SetTitleScreenScene_FadeIn
0x08156E60	thumb	SetTitleScreenScene_Run
0x08156F70	thumb	SetGpuRegsForTitleScreenRun
0x08156FA8	thumb	SetTitleScreenScene_Restart
0x08157044	thumb	SetTitleScreenScene_Cry
0x08157164	thumb	Task_TitleScreen_SlideWin0
0x0815729C	thumb	Task_TitleScreen_BlinkPressStart
0x081573A0	thumb	SignalEndTitleScreenPaletteSomethingTask
0x081573C8	thumb	UpdateScanlineEffectRegBuffer
0x081574A8	thumb	ScheduleStopScanlineEffect
0x081574D0	thumb	LoadMainTitleScreenPalsAndResetBgs
0x08157538	thumb	CB2_FadeOutTransitionToSaveClearScreen
0x08157554	thumb	CB2_FadeOutTransitionToBerryFix
0x08157574	thumb	LoadSpriteGfxAndPals
0x081575EC	thumb	SpriteCallback_TitleScreenFlameOrLeaf
0x081576A8	thumb	CreateFlameOrLeafSprite
0x0815776C	thumb	Task_FlameOrLeafSpawner
0x08157A44	thumb	SpriteCallback_Streak
0x08157A84	thumb	CreateStreakSprites
0x08157AE4	thumb	TitleScreen_srand
0x08157AFC	thumb	TitleScreen_rand
0x08157B34	thumb	CreateBlankSprite
0x08157B50	thumb	SetPalOnOrCreateBlankSprite
0x08157BAC	thumb	CreateSlashSprite
0x08157BE4	thumb	DeactivateSlashSprite
0x08157C00	thumb	IsSlashSpriteDeactivated
0x08157C28	thumb	SpriteCallback_Slash
0x08157CBC	thumb	InitTMCase
0x08157D48	thumb	CB2_Idle
0x08157D64	thumb	VBlankCB_Idle
0x08157D78	thumb	CB2_SetUpTMCaseUI_Blocking
0x08157D98	thumb	DoSetUpTMCaseUI
0x08157F24	thumb	ResetBufferPointers_NoFree
0x08157F50	thumb	LoadBGTemplates
0x08157FB8	thumb	HandleLoadTMCaseGraphicsAndPalettes
0x08158084	thumb	CreateTMCaseListMenuBuffers
0x081580C4	thumb	InitTMCaseListMenuItems
0x081581A0	thumb	GetTMNumberAndMoveString
0x08158250	thumb	List_MoveCursorFunc
0x081582B4	thumb	List_ItemPrintFunc
0x081582FC	thumb	PrintDescription
0x0815834C	thumb	SetDescriptionWindowShade
0x0815837C	thumb	PrintListCursor
0x0815839C	thumb	PrintListCursorAtRow
0x08158408	thumb	CreateListScrollArrows
0x08158444	thumb	CreateQuantityScrollArrows
0x0815847C	thumb	RemoveScrollArrows
0x0815849C	thumb	ResetTMCaseCursorPos
0x081584A8	thumb	TMCaseSetup_GetTMCount
0x08158508	thumb	TMCaseSetup_InitListMenuPositions
0x08158548	thumb	TMCaseSetup_UpdateVisualMenuOffset
0x08158560	thumb	DestroyTMCaseBuffers
0x081585BC	thumb	Task_BeginFadeOutFromTMCase
0x081585F4	thumb	Task_FadeOutAndCloseTMCase
0x08158660	thumb	Task_HandleListInput
0x081587BC	thumb	ReturnToList
0x08158800	thumb	Task_SelectedTMHM_Field
0x081589C0	thumb	Task_ContextMenu_HandleInput
0x08158A20	thumb	Action_Use
0x08158AEC	thumb	Action_Give
0x08158BE8	thumb	PrintError_ThereIsNoPokemon
0x08158C24	thumb	PrintError_ItemCantBeHeld
0x08158C80	thumb	Task_WaitButtonAfterErrorPrint
0x08158CA8	thumb	CloseMessageAndReturnToList
0x08158D4C	thumb	Action_Exit
0x08158DF8	thumb	Task_SelectedTMHM_GiveParty
0x08158E9C	thumb	Task_SelectedTMHM_GivePC
0x08158F40	thumb	Task_SelectedTMHM_Sell
0x08159024	thumb	Task_AskConfirmSaleWithAmount
0x081590A4	thumb	Task_PlaceYesNoBox
0x081590D4	thumb	Task_SaleOfTMsCanceled
0x08159164	thumb	Task_InitQuantitySelectUI
0x0815924C	thumb	SellTM_PrintQuantityAndSalePrice
0x081592B8	thumb	Task_QuantitySelect_HandleInput
0x081593F4	thumb	Task_PrintSaleConfirmedText
0x0815948C	thumb	Task_DoSaleOfTMs
0x08159560	thumb	Task_AfterSale_ReturnToList
0x081595AC	thumb	ClearTMHMSlots
0x081595D0	thumb	Pokedude_InitTMCase
0x081596D0	thumb	Task_Pokedude_Start
0x08159700	thumb	Task_Pokedude_Run
0x081599B0	thumb	InitWindowTemplatesAndPals
0x08159A54	thumb	TMCase_Print
0x08159AC0	thumb	TMCase_SetWindowBorder1
0x08159AD4	thumb	TMCase_SetWindowBorder2
0x08159AE8	thumb	PrintMessageWithFollowupTask
0x08159B20	thumb	PrintTitle
0x08159B5C	thumb	DrawMoveInfoLabels
0x08159B9C	thumb	PrintMoveInfo
0x08159CE0	thumb	PlaceHMTileInWindow
0x08159D0C	thumb	PrintPlayersMoney
0x08159D34	thumb	HandleCreateYesNoMenu
0x08159D64	thumb	AddContextMenu
0x08159DA0	thumb	RemoveContextMenu
0x08159DC8	thumb	CreateDiscSprite
0x08159E54	thumb	SetDiscSpriteAnim
0x08159E70	thumb	TintDiscpriteByType
0x08159EC8	thumb	SetDiscSpritePosition
0x08159F20	thumb	SwapDisc
0x08159F44	thumb	SpriteCB_SwapDisc
0x08159FDC	thumb	LoadDiscTypePalettes
0x0815A034	thumb	TMCaseSetup_UpdateVisualMenuOffset.part.0
0x0815A090	thumb	SpriteCB_LinkMonGlow
0x0815A0B4	thumb	SpriteCB_LinkMonGlowWireless
0x0815A0E4	thumb	SpriteCB_LinkMonShadow
0x0815A124	thumb	SpriteCB_CableEndSending
0x0815A144	thumb	SpriteCB_CableEndReceiving
0x0815A164	thumb	SpriteCB_GbaScreen
0x0815A188	thumb	SetTradeBGAffine
0x0815A1F8	thumb	SetTradeGpuRegs
0x0815A248	thumb	VBlankCB_TradeAnim
0x0815A260	thumb	ClearLinkTimeoutTimer
0x0815A270	thumb	CheckLinkTimeout
0x0815A2C0	thumb	TradeGetMultiplayerId
0x0815A2DC	thumb	LoadTradeMonPic
0x0815A41C	thumb	CB2_LinkTrade
0x0815A700	thumb	InitTradeSequenceBgGpuRegs
0x0815A714	thumb	LinkTradeDrawWindow
0x0815A730	thumb	TradeAnimInit_LoadGfx
0x0815A828	thumb	CB2_InitInGameTrade
0x0815A9D0	thumb	UpdatePokedexForReceivedMon
0x0815AA28	thumb	TryEnableNationalDexFromLinkPartner
0x0815AA34	thumb	TradeMons
0x0815AB6C	thumb	HandleLinkDataSend
0x0815ABB8	thumb	CB2_InGameTrade
0x0815ABF0	thumb	SetTradeSequenceBgGpuRegs
0x0815AEC0	thumb	LoadTradeGbaSpriteGfx
0x0815AF04	thumb	TradeBufferOTnameAndNicknames
0x0815AFD0	thumb	DoTradeAnim
0x0815AFF4	thumb	DoTradeAnim_Cable
0x0815BCE8	thumb	DoTradeAnim_Wireless
0x0815CA40	thumb	CB2_TryLinkTradeEvolution
0x0815CAE0	thumb	HandleLinkDataReceive
0x0815CB70	thumb	SpriteCB_BouncingPokeball
0x0815CBFC	thumb	SpriteCB_BouncingPokeballDepart
0x0815CC74	thumb	SpriteCB_BouncingPokeballDepartEnd
0x0815CCD4	thumb	SpriteCB_BouncingPokeballArrive
0x0815CD74	thumb	GetInGameTradeSpeciesInfo
0x0815CE20	thumb	BufferInGameTradeMonName
0x0815CE88	thumb	CreateInGameTradePokemonInternal
0x0815D0FC	thumb	GetInGameTradeMail
0x0815D148	thumb	GetTradeSpecies
0x0815D184	thumb	CreateInGameTradePokemon
0x0815D1A0	thumb	CB2_UpdateLinkTrade
0x0815D248	thumb	CB2_WaitTradeComplete
0x0815D2B8	thumb	CB2_SaveAndEndTrade
0x0815D560	thumb	CB2_FreeTradeAnim
0x0815D5DC	thumb	DoInGameTradeScene
0x0815D60C	thumb	Task_InGameTrade
0x0815D644	thumb	CheckPartnersMonForRibbons
0x0815D69C	thumb	LoadTradeAnimGfx
0x0815D6A8	thumb	DrawTextOnTradeWindow
0x0815D708	thumb	Task_AnimateWirelessSignal
0x0815D7D0	thumb	Task_OpenCenterWhiteColumn
0x0815D88C	thumb	Task_CloseCenterWhiteColumn
0x0815D958	thumb	InitTradeMenu
0x0815DA58	thumb	CB2_StartCreateTradeMenu
0x0815DA68	thumb	CB2_CreateTradeMenu
0x0815E144	thumb	CB2_ReturnToTradeMenuFromSummary
0x0815E66C	thumb	VBlankCB_TradeMenu
0x0815E680	thumb	CB_FadeToStartTrade
0x0815E6C0	thumb	CB_WaitToStartTrade
0x0815E710	thumb	CB_StartLinkTrade
0x0815E794	thumb	CB2_TradeMenu
0x0815E7E8	thumb	LoadTradeBgGfx
0x0815E8B0	thumb	SetActiveMenuOptions
0x0815E930	thumb	Trade_Memcpy
0x0815E948	thumb	BufferTradeParties
0x0815EB6C	thumb	PrintIsThisTradeOkay
0x0815EBA8	thumb	Leader_ReadLinkBuffer
0x0815EC84	thumb	Follower_ReadLinkBuffer
0x0815EDA4	thumb	Leader_HandleCommunication
0x0815EFC8	thumb	CB1_UpdateLink
0x0815EFFC	thumb	GetNewCursorPosition
0x0815F040	thumb	TradeMenuMoveCursor
0x0815F10C	thumb	SetReadyToTrade
0x0815F15C	thumb	CB_ProcessMenuInput
0x0815F2D4	thumb	RedrawChooseAPokemonWindow
0x0815F33C	thumb	CB_ProcessSelectedMonInput
0x0815F464	thumb	CB_ChooseMonAfterButtonPress
0x0815F480	thumb	CB_ShowTradeMonSummaryScreen
0x0815F498	thumb	CheckValidityOfTradeMons
0x0815F528	thumb	CommunicateWhetherMonCanBeTraded
0x0815F670	thumb	CB_ProcessConfirmTradeInput
0x0815F704	thumb	RestoreNicknamesCoveredByYesNo
0x0815F744	thumb	CB_ProcessCancelTradeInput
0x0815F808	thumb	CB_SetSelectedMons
0x0815F87C	thumb	CB_PrintIsThisTradeOkay
0x0815F8D4	thumb	CB_InitConfirmTradePrompt
0x0815F920	thumb	CB_HandleTradeCanceled
0x0815F994	thumb	CB_InitExitCanceledTrade
0x0815F9CC	thumb	CB_ExitCanceledTrade
0x0815FA3C	thumb	CB_WaitToStartRfuTrade
0x0815FA60	thumb	RunTradeMenuCallback
0x0815FB60	thumb	SetSelectedMon
0x0815FB94	thumb	DrawSelectedMonScreen
0x0815FEBC	thumb	GetMonNicknameWidth
0x0815FF18	thumb	BufferMovesString
0x0815FFF8	thumb	PrintPartyMonNickname
0x08160064	thumb	PrintPartyNicknames
0x081600CC	thumb	PrintLevelAndGender
0x0816024C	thumb	PrintPartyLevelsAndGenders
0x081602C4	thumb	ShowTradePartyMonIcons
0x08160348	thumb	PrintTradePartnerPartyNicknames
0x0816035C	thumb	RedrawPartyWindow
0x081603E0	thumb	Task_DrawSelectionSummary
0x08160404	thumb	Task_DrawSelectionTrade
0x08160428	thumb	QueueAction
0x08160474	thumb	DoQueuedActions
0x08160568	thumb	PrintTradeMessage
0x081605B8	thumb	LoadUISpriteGfx
0x08160648	thumb	DrawBottomRowText
0x08160668	thumb	ComputePartyTradeableFlags
0x08160760	thumb	ComputePartyHPBarLevels
0x08160834	thumb	SetTradePartyHPBarSprites
0x081608C8	thumb	SaveTradeGiftRibbons
0x081608FC	thumb	CanTradeSelectedMon
0x08160A14	thumb	GetGameProgressForLinkTrade
0x08160AA8	thumb	IsDeoxysOrMewUntradable
0x08160AC8	thumb	GetUnionRoomTradeMessageId
0x08160BA4	thumb	CanRegisterMonForTradingBoard
0x08160BF4	thumb	CB_ShowTradeMonSummaryScreen.part.0
0x08160C54	thumb	VBlankCB_TrainerCard
0x08160CC8	thumb	HBlankCB_TrainerCard
0x08160D04	thumb	CB2_TrainerCard
0x08160D1C	thumb	CloseTrainerCard
0x08160D50	thumb	Task_TrainerCard
0x0816101C	thumb	LoadCardGfx
0x081611C0	thumb	CB2_InitTrainerCard
0x081612E4	thumb	GetCappedGameStat
0x081612FC	thumb	GetTrainerStarCount
0x08161334	thumb	SetPlayerCardData
0x081614C4	thumb	TrainerCard_GenerateCardForLinkPlayer
0x08161514	thumb	SetDataFromTrainerCard
0x081615B0	thumb	HandleGpuRegs
0x08161624	thumb	UpdateCardFlipRegs
0x08161678	thumb	ResetGpuRegs
0x08161694	thumb	TrainerCardNull
0x08161698	thumb	DmaClearOam
0x081616C8	thumb	DmaClearPltt
0x081616FC	thumb	ResetBgRegs
0x08161764	thumb	InitBgsAndWindows
0x081617E4	thumb	SetTrainerCardCB2
0x081617FC	thumb	SetUpTrainerCardTask
0x08161820	thumb	PrintAllOnCardFront
0x08161878	thumb	PrintAllOnCardBack
0x081618DC	thumb	BufferTextForCardBack
0x081619A0	thumb	PrintNameOnCardFront
0x08161A1C	thumb	PrintIdOnCard
0x08161A80	thumb	PrintMoneyOnCard
0x08161B4C	thumb	GetCaughtMonsCount
0x08161B68	thumb	PrintPokedexOnCard
0x08161C68	thumb	PrintTimeOnCard
0x08161DDC	thumb	PrintProfilePhraseOnCard
0x08161EA4	thumb	BufferNameForCardBack
0x08161EF0	thumb	PrintNameOnCardBack
0x08161F70	thumb	BufferHofDebutTime
0x08162008	thumb	PrintHofDebutTimeOnCard
0x08162070	thumb	BufferLinkBattleResults
0x081620F4	thumb	PrintLinkBattleResultsOnCard
0x0816218C	thumb	BufferNumTrades
0x081621D0	thumb	PrintTradesStringOnCard
0x08162240	thumb	BufferBerryCrushPoints
0x0816228C	thumb	PrintBerryCrushStringOnCard
0x08162308	thumb	BufferUnionRoomStats
0x08162354	thumb	PrintUnionStringOnCard
0x081623D4	thumb	PrintPokemonIconsOnCard
0x08162474	thumb	LoadMonIconGfx
0x08162530	thumb	PrintStickersOnCard
0x081625B4	thumb	LoadStickerGfx
0x08162610	thumb	DrawTrainerCardWindow
0x0816262C	thumb	SetTrainerCardBgsAndPals
0x08162790	thumb	DrawCardScreenBackground
0x081627E8	thumb	DrawCardFrontOrBack
0x08162840	thumb	DrawStarsAndBadgesOnCard
0x0816292C	thumb	DrawCardBackStats
0x08162A28	thumb	BlinkTimeColon
0x08162A58	thumb	GetTrainerCardStars
0x08162A70	thumb	FlipTrainerCard
0x08162AB4	thumb	IsCardFlipTaskActive
0x08162ACC	thumb	Task_DoCardFlipTask
0x08162B00	thumb	Task_BeginCardFlip
0x08162B38	thumb	Task_AnimateCardFlipDown
0x08162C7C	thumb	Task_DrawFlippedCardSide
0x08162D7C	thumb	Task_SetCardFlipped
0x08162DF8	thumb	Task_AnimateCardFlipUp
0x08162F2C	thumb	Task_EndCardFlip
0x08162F54	thumb	ShowPlayerTrainerCard
0x08162FE4	thumb	ShowTrainerCardInLink
0x08163050	thumb	InitTrainerCardData
0x081630BC	thumb	GetCardType
0x081630FC	thumb	CreateTrainerCardTrainerPic
0x081631B8	thumb	Unref_InitTrainerCard
0x081631CC	thumb	Unref_InitTrainerCardLink
0x081631FC	thumb	Unref_InitTrainerCardLink2
0x0816322C	thumb	TrainerCard_GenerateCardForLinkPlayer.part.0
0x081633A8	thumb	ResetTrainerFanClub
0x081633C8	thumb	Script_TryLoseFansFromPlayTimeAfterLinkBattle
0x08163408	thumb	TryLoseFansFromPlayTimeAfterLinkBattle
0x08163440	thumb	Script_UpdateTrainerFanClubGameClear
0x0816345C	thumb	UpdateTrainerFanClubGameClear
0x0816346C	thumb	TryGainNewFanFromCounter
0x081634F0	thumb	PlayerGainRandomTrainerFan
0x0816355C	thumb	PlayerLoseRandomTrainerFan
0x081635F4	thumb	Script_GetNumFansOfPlayerInTrainerFanClub
0x08163620	thumb	GetNumFansOfPlayerInTrainerFanClub
0x08163644	thumb	Script_TryLoseFansFromPlayTime
0x0816366C	thumb	TryLoseFansFromPlayTime
0x0816368C	thumb	Script_IsFanClubMemberFanOfPlayer
0x081636AC	thumb	IsFanClubMemberFanOfPlayer
0x081636C0	thumb	SetInitialFansOfPlayer
0x081636CC	thumb	Script_BufferFanClubTrainerName
0x08163710	thumb	BufferFanClubTrainerName
0x081637A0	thumb	Special_UpdateTrainerFansAfterLinkBattle
0x081637B4	thumb	UpdateTrainerFansAfterLinkBattle
0x08163818	thumb	DidPlayerGetFirstFans
0x08163820	thumb	Script_SetPlayerGotFirstFans
0x0816383C	thumb	SetPlayerGotFirstFans
0x08163848	thumb	Script_TryGainNewFanFromCounter
0x08163864	thumb	TryLoseFansFromPlayTime.part.0
0x081638D8	thumb	UpdateTrainerFanClubGameClear.part.0
0x08163928	thumb	DummyPicSpriteCallback
0x0816392C	thumb	ResetAllPicSprites
0x08163944	thumb	DecompressPic
0x081639D0	thumb	DecompressPic_HandleDeoxys
0x081639F8	thumb	LoadPicPaletteByTagOrSlot
0x08163A7C	thumb	LoadPicPaletteBySlot
0x08163AB4	thumb	AssignSpriteAnimsTable
0x08163AD4	thumb	CreatePicSprite
0x08163C48	thumb	CreatePicSprite_HandleDeoxys
0x08163CA8	thumb	FreeAndDestroyPicSpriteInternal
0x08163D50	thumb	LoadPicSpriteInWindow
0x08163DCC	thumb	CreateTrainerCardSprite
0x08163EA0	thumb	CreateMonPicSprite
0x08163EF8	thumb	CreateMonPicSprite_HandleDeoxys
0x08163F44	thumb	FreeAndDestroyMonPicSprite
0x08163F54	thumb	LoadMonPicInWindow
0x08163F84	thumb	CreateTrainerCardMonIconSprite
0x08163FCC	thumb	CreateTrainerPicSprite
0x08164010	thumb	FreeAndDestroyTrainerPicSprite
0x08164020	thumb	LoadTrainerPicInWindow
0x08164068	thumb	CreateTrainerCardTrainerPicSprite
0x081640A8	thumb	PlayerGenderToFrontTrainerPicId
0x081640CC	thumb	CheckForTrainersWantingBattle
0x08164118	thumb	CheckTrainer
0x08164190	thumb	GetTrainerApproachDistance
0x08164238	thumb	GetTrainerApproachDistanceSouth
0x08164280	thumb	GetTrainerApproachDistanceNorth
0x081642B4	thumb	GetTrainerApproachDistanceWest
0x081642E8	thumb	GetTrainerApproachDistanceEast
0x0816431C	thumb	CheckPathBetweenTrainerAndPlayer
0x081643A8	thumb	TrainerApproachPlayer
0x081643D8	thumb	StartTrainerApproachWithFollowupTask
0x08164410	thumb	Task_RunTrainerSeeFuncList
0x08164460	thumb	TrainerSeeFunc_Dummy
0x08164464	thumb	TrainerSeeFunc_StartExclMark
0x081644BC	thumb	TrainerSeeFunc_WaitExclMark
0x08164500	thumb	TrainerSeeFunc_TrainerApproach
0x08164568	thumb	TrainerSeeFunc_PrepareToEngage
0x081645EC	thumb	TrainerSeeFunc_End
0x0816462C	thumb	TrainerSeeFunc_BeginRemoveDisguise
0x0816465C	thumb	TrainerSeeFunc_WaitRemoveDisguise
0x08164678	thumb	TrainerSeeFunc_TrainerInAshFacesPlayer
0x081646A8	thumb	TrainerSeeFunc_BeginJumpOutOfAsh
0x081646FC	thumb	TrainerSeeFunc_WaitJumpOutOfAsh
0x0816476C	thumb	TrainerSeeFunc_EndJumpOutOfAsh
0x08164788	thumb	TrainerSeeFunc_OffscreenAboveTrainerCreateCameraObj
0x081647E8	thumb	TrainerSeeFunc_OffscreenAboveTrainerCameraObjMoveUp
0x0816489C	thumb	TrainerSeeFunc_OffscreenAboveTrainerCameraObjMoveDown
0x08164958	thumb	Task_RevealTrainer_RunTrainerSeeFuncList
0x08164A00	thumb	MovementAction_RevealTrainer_RunTrainerSeeFuncList
0x08164A2C	thumb	EndTrainerApproach
0x08164A68	thumb	Task_DestroyTrainerApproachTask
0x08164A7C	thumb	FldEff_ExclamationMarkIcon1
0x08164AE4	thumb	FldEff_DoubleExclMarkIcon
0x08164B4C	thumb	FldEff_XIcon
0x08164BB4	thumb	FldEff_SmileyFaceIcon
0x08164C1C	thumb	FldEff_QuestionMarkIcon
0x08164C84	thumb	SetIconSpriteData
0x08164CC8	thumb	SpriteCB_TrainerIcons
0x08164D68	thumb	CallTrainerTowerFunc
0x08164D9C	thumb	GetTrainerTowerOpponentClass
0x08164DB4	thumb	GetTrainerTowerOpponentName
0x08164DC8	thumb	GetTrainerTowerTrainerFrontSpriteId
0x08164DE0	thumb	InitTrainerTowerBattleStruct
0x08164EEC	thumb	FreeTrainerTowerBattleStruct
0x08164F04	thumb	GetTrainerTowerOpponentWinText
0x08164F4C	thumb	GetTrainerTowerOpponentLoseText
0x08164F94	thumb	SetUpTrainerTowerDataStruct
0x08165030	thumb	FreeTrainerTowerDataStruct
0x08165048	thumb	InitTrainerTowerFloor
0x081650A4	thumb	SetTrainerTowerNPCGraphics
0x081651A4	thumb	TT_ConvertEasyChatMessageToString
0x08165204	thumb	BufferTowerOpponentSpeech
0x081652F4	thumb	TrainerTowerGetOpponentTextColor
0x08165388	thumb	CB2_EndTrainerTowerBattle
0x08165398	thumb	Task_DoTrainerTowerBattle
0x081653D0	thumb	DoTrainerTowerBattle
0x0816542C	thumb	TrainerTowerGetChallengeType
0x08165458	thumb	TrainerTowerAddFloorCleared
0x08165480	thumb	GetFloorAlreadyCleared
0x081654F4	thumb	StartTrainerTowerChallenge
0x08165590	thumb	GetOwnerState
0x08165604	thumb	GiveChallengePrize
0x0816568C	thumb	CheckFinalTime
0x08165708	thumb	TrainerTowerResumeTimer
0x08165760	thumb	TrainerTowerSetPlayerLost
0x0816578C	thumb	GetTrainerTowerChallengeStatus
0x081657D4	thumb	GetCurrentTime
0x08165898	thumb	ShowResultsBoard
0x08165A0C	thumb	CloseResultsBoard
0x08165A30	thumb	TrainerTowerGetDoublesEligiblity
0x08165A44	thumb	TrainerTowerGetNumFloors
0x08165A74	thumb	ShouldWarpToCounter
0x08165AA0	thumb	PlayTrainerTowerEncounterMusic
0x08165B10	thumb	HasSpokenToOwner
0x08165B40	thumb	BuildEnemyParty
0x08165CBC	thumb	GetPartyMaxLevel
0x08165D14	thumb	ValidateOrResetCurTrainerTowerRecord
0x08165D78	thumb	PrintTrainerTowerRecords
0x08165EF4	thumb	GetTrainerTowerRecordTime
0x08165F08	thumb	SetTrainerTowerRecordTime
0x08165F1C	thumb	ResetTrainerTowerResults
0x08165F60	thumb	Sin
0x08165F7C	thumb	Cos
0x08165F9C	thumb	Sin2
0x08165FD0	thumb	Cos2
0x0816600C	thumb	SetUpPartiesAndStartBattle
0x0816609C	thumb	UnionRoomBattle_CreateTextPrinter
0x081660E4	thumb	UnionRoomBattle_PrintTextOnWindow0
0x08166160	thumb	VBlankCB_UnionRoomBattle
0x08166174	thumb	CB2_UnionRoomBattle
0x08166384	thumb	UnionRoomChat_TryAllocGraphicsWork
0x081663FC	thumb	UnionRoomChat_RunDisplaySubtask0
0x08166408	thumb	UnionRoomChat_FreeGraphicsWork
0x08166438	thumb	InitWork
0x08166440	thumb	UnionRoomChat_ResetDisplaySubtasks
0x08166464	thumb	UnionRoomChat_RunDisplaySubtasks
0x081664AC	thumb	UnionRoomChat_StartDisplaySubtask
0x081664F8	thumb	RunDisplaySubtask
0x0816650C	thumb	DisplaySubtask_LoadGfx
0x0816662C	thumb	DisplaySubtask_PrintWin3
0x0816665C	thumb	DisplaySubtask_HideWin3
0x08166698	thumb	DisplaySubtask_SwitchPages
0x08166700	thumb	DisplaySubtask_MoveSelectorCursorObj
0x0816670C	thumb	DisplaySubtask_ShowQuitChattingDialog
0x08166754	thumb	DisplaySubtask_HideQuitChattingDialog
0x08166804	thumb	DisplaySubtask_UpdateMessageBuffer
0x0816687C	thumb	DisplaySubtask_PrintRegisterWhere
0x08166924	thumb	DisplaySubtask_CancelRegister
0x08166A04	thumb	DisplaySubtask_ReturnToKeyboard
0x08166A38	thumb	DisplaySubtask_ScrollChat
0x08166AF4	thumb	DisplaySubtask_AnimateSelectorCursorBlink
0x08166B1C	thumb	DisplaySubtask_PrintInputText
0x08166B58	thumb	DisplaySubtask_PrintExitingChat
0x08166B94	thumb	DisplaySubtask_PrintLeaderLeft
0x08166BE0	thumb	DisplaySubtask_AskSave
0x08166C24	thumb	DisplaySubtask_AskOverwriteSave
0x08166C68	thumb	DisplaySubtask_PrintSavingDontTurnOffPower
0x08166CA4	thumb	DisplaySubtask_PrintSavedTheGame
0x08166CF0	thumb	DisplaySubtask_ShowConfirmLeaderLeaveDialog
0x08166D34	thumb	DisplaySubtaskDummy
0x08166D38	thumb	PlaceYesNoMenuAt
0x08166DEC	thumb	HideYesNoMenuWindow
0x08166E14	thumb	DestroyYesNoMenuWindow
0x08166E38	thumb	UnionRoomChat_ProcessInput
0x08166E44	thumb	PlaceStdMessageWindow
0x08166F50	thumb	HideStdMessageWindow
0x08166F84	thumb	DestroyStdMessageWindow
0x08166FA8	thumb	FillWin1Rect
0x08166FD0	thumb	PrintOnWin1Parameterized
0x0816705C	thumb	PrintCurrentKeyboardPage
0x08167198	thumb	AnimateMoveBg1Right
0x08167218	thumb	AnimateMoveBg1Left
0x08167298	thumb	PrintKeyboardSwapTextsOnWin3
0x081672E8	thumb	ClearWin3
0x081672FC	thumb	PrintTextOnWin0Colorized
0x08167358	thumb	ResetGpuBgState
0x08167410	thumb	SetBgTilemapWorkBuffers
0x08167460	thumb	ClearBg0
0x08167490	thumb	LoadUnionRoomChatPanelGfx
0x081674E0	thumb	LoadLinkMiscMenuGfx
0x08167520	thumb	LoadBg1Pal8
0x08167544	thumb	LoadWin0
0x08167570	thumb	LoadWin2
0x08167588	thumb	LoadWin1
0x081675A4	thumb	LoadWin3
0x081675D4	thumb	InitScanlineEffect
0x08167620	thumb	FillScanlineEffectWithValue1col
0x08167678	thumb	FillScanlineEffectWithValue2col
0x081676E0	thumb	UnionRoomChat_TryAllocSpriteWork
0x0816771C	thumb	UnionRoomChat_FreeSpriteWork
0x08167734	thumb	UnionRoomChat_CreateSelectorCursorObj
0x08167764	thumb	UnionRoomChat_ToggleSelectorCursorObjVisibility
0x08167788	thumb	UnionRoomChat_MoveSelectorCursorObj
0x081677E0	thumb	UnionRoomChat_UpdateObjPalCycle
0x08167810	thumb	UnionRoomChat_SetSelectorCursorClosedImage
0x08167844	thumb	UnionRoomChat_AnimateSelectorCursorReopen
0x0816788C	thumb	UnionRoomChat_SpawnTextEntryPointerSprites
0x081678D8	thumb	SpriteCB_TextEntryCursor
0x08167904	thumb	SpriteCB_CharacterSelectCursor
0x0816792C	thumb	CreatePageSwitchUISprites
0x08167984	thumb	UpdateVisibleUnionRoomChatIcon
0x081679F0	thumb	EnterUnionRoomChat
0x08167A28	thumb	InitChatWork
0x08167A88	thumb	FreeChatWork
0x08167AAC	thumb	CB2_LoadInterface
0x08167B78	thumb	VBlankCB_UnionRoomChatMain
0x08167B90	thumb	CB2_UnionRoomChatMain
0x08167BAC	thumb	Task_HandlePlayerInput
0x08167C08	thumb	ChatEntryRoutine_Join
0x08167C8C	thumb	ChatEntryRoutine_HandleInput
0x08167D64	thumb	ChatEntryRoutine_Switch
0x08167E44	thumb	ChatEntryRoutine_AskQuitChatting
0x08167FC0	thumb	ChatEntryRoutine_ExitChat
0x081680CC	thumb	ChatEntryRoutine_Drop
0x08168164	thumb	ChatEntryRoutine_Disbanded
0x08168220	thumb	ChatEntryRoutine_SendMessage
0x081682DC	thumb	ChatEntryRoutine_Register
0x081683D8	thumb	ChatEntryRoutine_SaveAndExit
0x081685A0	thumb	GoToRoutine
0x081685B0	thumb	TypeChatMessage_HandleDPad
0x08168640	thumb	AppendCharacterToChatMessageBuffer
0x0816871C	thumb	DeleteLastCharacterOfChatMessageBuffer
0x08168758	thumb	ToggleCaseOfLastCharacterInChatMessageBuffer
0x0816879C	thumb	ChatMsgHasAtLeastOneCharcter
0x081687AC	thumb	RegisterTextAtRow
0x08168804	thumb	ResetMessageEntryBuffer
0x08168818	thumb	SaveRegisteredTextsToSB1
0x08168854	thumb	UnionRoomChat_GetWorkRegisteredText
0x0816886C	thumb	GetEndOfUnk1A
0x08168888	thumb	GetPtrToLastCharOfUnk1A
0x081688B0	thumb	GetNumCharsInMessageEntryBuffer
0x081688D4	thumb	PrepareSendBuffer_Null
0x081688DC	thumb	PrepareSendBuffer_Join
0x08168904	thumb	PrepareSendBuffer_Chat
0x08168934	thumb	PrepareSendBuffer_Leave
0x08168960	thumb	PrepareSendBuffer_Drop
0x08168988	thumb	PrepareSendBuffer_Disband
0x081689B0	thumb	ProcessReceivedChatMessage
0x08168A5C	thumb	GetCurrentKeyboardPage
0x08168A68	thumb	UnionRoomChat_GetCursorColAndRow
0x08168A7C	thumb	UnionRoomChat_GetMessageEntryBuffer
0x08168A88	thumb	UnionRoomChat_LenMessageEntryBuffer
0x08168A9C	thumb	UnionRoomChat_GetBufferSelectionRegion
0x08168ABC	thumb	UnionRoomChat_GetEndOfMessageEntryBuffer
0x08168AFC	thumb	UnionRoomChat_GetNumCharsInMessageEntryBuffer
0x08168B20	thumb	UnionRoomChat_GetLastReceivedMessage
0x08168B2C	thumb	UnionRoomChat_GetReceivedPlayerIndex
0x08168B38	thumb	UnionRoomChat_GetMessageEntryCursorPosition
0x08168B44	thumb	UnionRoomChat_GetWhetherShouldShowCaseToggleIcon
0x08168B84	thumb	UnionRoomChat_GetNameOfPlayerWhoDisbandedChat
0x08168B90	thumb	UnionRoomChat_InitializeRegisteredTexts
0x08168C7C	thumb	Task_ReceiveChatMessage
0x08168E1C	thumb	IsPlayerStandingStill
0x08168E30	thumb	GetUnionRoomPlayerGraphicsId
0x08168E48	thumb	GetUnionRoomPlayerCoords
0x08168E7C	thumb	IsUnionRoomPlayerAt
0x08168EB8	thumb	IsUnionRoomPlayerHidden
0x08168EC8	thumb	HideUnionRoomPlayer
0x08168ED8	thumb	ShowUnionRoomPlayer
0x08168EE8	thumb	SetUnionRoomPlayerGfx
0x08168F04	thumb	CreateUnionRoomPlayerObjectEvent
0x08168F24	thumb	RemoveUnionRoomPlayerObjectEvent
0x08168F44	thumb	SetUnionRoomPlayerEnterExitMovement
0x08168FB8	thumb	TryReleaseUnionRoomPlayerObjectEvent
0x08169020	thumb	InitUnionRoomPlayerObjects
0x0816909C	thumb	AnimateUnionRoomPlayerDespawn
0x0816910C	thumb	AnimateUnionRoomPlayerSpawn
0x0816921C	thumb	SpawnGroupLeader
0x08169274	thumb	DespawnGroupLeader
0x081692B4	thumb	AnimateUnionRoomPlayer
0x08169358	thumb	Task_AnimateUnionRoomPlayers
0x081693A0	thumb	CreateTask_AnimateUnionRoomPlayers
0x081693DC	thumb	DestroyTask_AnimateUnionRoomPlayers
0x081693F8	thumb	DestroyUnionRoomPlayerObjects
0x08169458	thumb	CreateUnionRoomPlayerSprites
0x081694E4	thumb	DestroyUnionRoomPlayerSprites
0x0816950C	thumb	MakeGroupAssemblyAreasPassable
0x08169578	thumb	GetNewFacingDirectionForUnionRoomPlayer
0x0816959C	thumb	IsUnionRoomPlayerInvisible
0x081695B4	thumb	SpawnGroupMember
0x0816966C	thumb	DespawnGroupMember
0x081696B8	thumb	AssembleGroup
0x08169828	thumb	SpawnGroupLeaderAndMembers
0x081698CC	thumb	DespawnGroupLeaderAndMembers
0x08169914	thumb	UpdateUnionRoomPlayerSprites
0x081699A8	thumb	ScheduleUnionRoomPlayerRefresh
0x081699B8	thumb	HandleUnionRoomPlayerRefresh
0x081699D8	thumb	TryInteractWithUnionRoomMember
0x08169AE4	thumb	SetUnionRoomObjectFacingDirection
0x08169B00	thumb	UpdateUnionRoomMemberFacing
0x08169B40	thumb	PrintNumPlayersWaitingForMsg
0x08169BBC	thumb	PrintPlayerNameAndIdOnWindow
0x08169C20	thumb	GetAwaitingCommunicationText
0x08169C48	thumb	TryBecomeLinkLeader
0x08169C84	thumb	Task_TryBecomeLinkLeader
0x0816A334	thumb	Leader_DestroyResources
0x0816A394	thumb	Leader_GetAcceptNewMemberPrompt
0x0816A3D0	thumb	GetYouDeclinedTheOfferMessage
0x0816A404	thumb	GetYouAskedToJoinGroupPleaseWaitMessage
0x0816A440	thumb	GetGroupLeaderSentAnOKMessage
0x0816A47C	thumb	Leader_SetStateIfMemberListChanged
0x0816A4F8	thumb	ItemPrintFunc_PossibleGroupMembers
0x0816A554	thumb	LeaderUpdateGroupMembership
0x0816A634	thumb	LeaderPrunePlayerList
0x0816A70C	thumb	TryJoinLinkGroup
0x0816A748	thumb	Task_TryJoinLinkGroup
0x0816AC48	thumb	IsTryingToTradeAcrossVersionTooSoon
0x0816AC4C	thumb	AskToJoinRfuGroup
0x0816ACC4	thumb	CreateTask_ListenToWireless
0x0816ACF8	thumb	Task_ListenToWireless
0x0816AE30	thumb	IsPartnerActivityAcceptable
0x0816AE68	thumb	GetGroupListTextColor
0x0816AE98	thumb	ListMenuItemPrintFunc_UnionRoomGroups
0x0816AEFC	thumb	GetNewLeaderCandidate
0x0816B0A4	thumb	Task_CreateTradeMenu
0x0816B0BC	thumb	CreateTask_CreateTradeMenu
0x0816B0D0	thumb	Task_StartUnionRoomTrade
0x0816B208	thumb	Task_ExchangeCards
0x0816B2D8	thumb	CB2_ShowCard
0x0816B33C	thumb	StartUnionRoomBattle
0x0816B3B4	thumb	WarpForWirelessMinigame
0x0816B418	thumb	WarpForCableClubActivity
0x0816B480	thumb	CB2_TransitionToCableClub
0x0816B4D8	thumb	CreateTrainerCardInBuffer
0x0816B4F8	thumb	Task_StartActivity
0x0816B750	thumb	Task_RunScriptAndFadeToActivity
0x0816B7F0	thumb	CreateTask_RunScriptAndFadeToActivity
0x0816B804	thumb	CreateTask_StartActivity
0x0816B828	thumb	CreateTask_SendMysteryGift
0x0816B864	thumb	Task_SendMysteryGift
0x0816BCF0	thumb	CreateTask_LinkMysteryGiftWithFriend
0x0816BD34	thumb	Task_CardOrNewsWithFriend
0x0816C090	thumb	CreateTask_LinkMysteryGiftOverWireless
0x0816C0D4	thumb	Task_CardOrNewsOverWireless
0x0816C420	thumb	RunUnionRoom
0x0816C468	thumb	ReadAsU16
0x0816C474	thumb	ScheduleFieldMessageWithFollowupState
0x0816C498	thumb	ScheduleFieldMessageAndExit
0x0816C4BC	thumb	CopyPlayerListToBuffer
0x0816C4D4	thumb	CopyPlayerListFromBuffer
0x0816C4EC	thumb	Task_RunUnionRoom
0x0816DA04	thumb	SetUsingUnionRoomStartMenu
0x0816DA24	thumb	ReceiveUnionRoomActivityPacket
0x0816DA5C	thumb	HandleContactFromOtherPlayer
0x0816DAB0	thumb	InitUnionRoom
0x0816DB04	thumb	Task_InitUnionRoom
0x0816DCD0	thumb	BufferUnionRoomPlayerName
0x0816DCF8	thumb	HandlePlayerListUpdate
0x0816DEB4	thumb	Task_SearchForChildOrParent
0x0816E078	thumb	CreateTask_SearchForChildOrParent
0x0816E0A8	thumb	Task_ListenForCompatiblePartners
0x0816E240	thumb	HasWonderCardOrNewsByLinkGroup
0x0816E260	thumb	Task_ListenForWonderDistributor
0x0816E2F8	thumb	CreateTask_ListenForCompatiblePartners
0x0816E324	thumb	CreateTask_ListenForWonderDistributor
0x0816E350	thumb	UR_PrintFieldMessage
0x0816E37C	thumb	UR_RunTextPrinters
0x0816E38C	thumb	PrintOnTextbox
0x0816E3D8	thumb	UnionRoomHandleYesNo
0x0816E430	thumb	CreateTradeBoardWindow
0x0816E47C	thumb	DeleteTradeBoardWindow
0x0816E498	thumb	ListMenuHandler_AllItemsAvailable
0x0816E56C	thumb	TradeBoardMenuHandler
0x0816E6B0	thumb	UR_ClearBg0
0x0816E6D8	thumb	JoinGroup_EnableScriptContexts
0x0816E704	thumb	PrintUnionRoomText
0x0816E810	thumb	ClearRfuPlayerList
0x0816E854	thumb	ClearIncomingPlayerList
0x0816E87C	thumb	ArePlayersDifferent
0x0816E8AC	thumb	ArePlayerDataDifferent
0x0816E8F0	thumb	GetNewIncomingPlayerId
0x0816E93C	thumb	TryAddIncomingPlayerToList
0x0816E954	thumb	PrintGroupMemberOnWindow
0x0816EA3C	thumb	PrintGroupCandidateOnWindow
0x0816EA6C	thumb	IsPlayerFacingTradingBoard
0x0816EAA8	thumb	GetResponseIdx_InviteToURoomActivity
0x0816EABC	thumb	ConvPartnerUnameAndGetWhetherMetAlready
0x0816EAF0	thumb	UnionRoomGetPlayerInteractionResponse
0x0816EC58	thumb	ItemPrintFunc_Unused
0x0816EC5C	thumb	TradeBoardPrintItemInfo
0x0816ED20	thumb	TradeBoardListMenuItemPrintFunc
0x0816EDD0	thumb	GetIndexOfNthTradeBoardOffer
0x0816EE04	thumb	GetUnionRoomPlayerGender
0x0816EE10	thumb	IsRequestedTradeInPlayerParty
0x0816EE9C	thumb	GetURoomActivityRejectMsg
0x0816EEF0	thumb	GetURoomActivityStartMsg
0x0816EF7C	thumb	GetChatLeaderActionRequestMessage
0x0816F0BC	thumb	PollPartnerYesNoResponse
0x0816F0E0	thumb	InUnionRoom
0x0816F0FC	thumb	HasAtLeastTwoMonsOfLevel30OrLower
0x0816F158	thumb	ResetUnionRoomTrade
0x0816F168	thumb	Script_ResetUnionRoomTrade
0x0816F180	thumb	RegisterTradeMonAndGetIsEgg
0x0816F1C0	thumb	RegisterTradeMon
0x0816F1F4	thumb	GetPartyPositionOfRegisteredMon
0x0816F258	thumb	HandleCancelActivity
0x0816F2B4	thumb	StartScriptInteraction
0x0816F2C4	thumb	GetLinkPlayerInfoFlags
0x0816F2EC	thumb	GetActivePartnersInfo
0x0816F324	thumb	ViewURoomPartnerTrainerCard
0x0816F508	thumb	CableClub_OnResumeFunc
0x0816F53C	thumb	TryAddIncomingPlayerToList.part.0
0x0816F58C	thumb	PrintGroupCandidateOnWindow.part.0
0x0816F614	thumb	CreateInvisibleSpriteWithCallback
0x0816F64C	thumb	StoreWordInTwoHalfwords
0x0816F654	thumb	LoadWordFromTwoHalfwords
0x0816F660	thumb	SetBgAffineStruct
0x0816F680	thumb	DoBgAffineSet
0x0816F6B4	thumb	CopySpriteTiles
0x0816F878	thumb	CountTrailingZeroBits
0x0816F894	thumb	CalcCRC16
0x0816F8F0	thumb	CalcCRC16WithTable
0x0816F92C	thumb	CalcByteArraySum
0x0816F948	thumb	VsSeekerFreezeObjectsAfterChargeComplete
0x0816F95C	thumb	Task_ResetObjectsRematchWantedState
0x0816FA40	thumb	VsSeekerResetObjectMovementAfterChargeComplete
0x0816FB4C	thumb	UpdateVsSeekerStepCounter
0x0816FC68	thumb	MapResetTrainerRematches
0x0816FCA0	thumb	ResetMovementOfRematchableTrainers
0x0816FD34	thumb	VsSeekerResetInBagStepCounter
0x0816FD4C	thumb	VsSeekerSetStepCounterInBagFull
0x0816FD68	thumb	VsSeekerResetChargingStepCounter
0x0816FD7C	thumb	VsSeekerSetStepCounterFullyCharged
0x0816FD94	thumb	Task_VsSeeker_0
0x0816FE3C	thumb	Task_VsSeeker_1
0x0816FE68	thumb	Task_VsSeeker_2
0x0816FF28	thumb	GatherNearbyTrainerInfo
0x08170014	thumb	Task_VsSeeker_3
0x0817008C	thumb	CanUseVsSeeker
0x08170100	thumb	GetVsSeekerResponseInArea
0x08170308	thumb	ClearRematchStateByTrainerId
0x08170478	thumb	TryGetRematchTrainerIdGivenGameState
0x08170594	thumb	GetRematchTrainerIdGivenGameState
0x081705C0	thumb	ShouldTryRematchBattle
0x08170634	thumb	ShouldTryRematchBattleInternal
0x08170674	thumb	HasRematchTrainerAlreadyBeenFought
0x081706A0	thumb	ClearRematchStateOfLastTalked
0x081706CC	thumb	LookupVsSeekerOpponentInArray
0x0817070C	thumb	GetRematchTrainerId
0x08170750	thumb	IsTrainerReadyForRematch
0x081707B8	thumb	IsTrainerReadyForRematchInternal
0x08170818	thumb	ObjectEventIdIsSane
0x0817086C	thumb	GetRandomFaceDirectionMovementType
0x0817088C	thumb	GetRunningBehaviorFromGraphicsId
0x08170920	thumb	GetTrainerFlagFromScript
0x0817092C	thumb	GetRematchIdx
0x0817094C	thumb	IsThisTrainerRematchable
0x08170968	thumb	ClearAllTrainerRematchStates
0x08170988	thumb	IsTrainerVisibleOnScreen
0x08170A1C	thumb	GetNextAvailableRematchTrainer
0x08170A78	thumb	GetRematchableTrainerLocalId
0x08170AE4	thumb	StartTrainerObjectMovementScript
0x08170B18	thumb	GetCurVsSeekerResponse
0x08170B84	thumb	StartAllRespondantIdleMovements
0x08170CB8	thumb	OwMonSetSlotSpecies
0x08170CE0	thumb	OwMonGetSlotSpecies
0x08170CFC	thumb	OwMonSlotUsesUnidentifiedGhost
0x08170D18	thumb	OwMonGetSlotVisualSpecies
0x08170D4C	thumb	GetOwMonAppearanceKey
0x08170D9C	thumb	OwMonSlotIsShiny
0x08170DB4	thumb	OwMonGfxIdToSpecies
0x08170DD0	thumb	OwMonGfxIdIsShiny
0x08170DE8	thumb	OwMonGetPaletteForSlot
0x08170E64	thumb	MetatileBehavior_IsLandWildEncounter
0x08170EA0	thumb	MetatileBehavior_IsWaterWildEncounter
0x08170EB0	thumb	MetatileBehavior_IsSurfableFishableWater
0x08170EC0	thumb	AreCoordsInsidePlayerMap
0x08170EFC	thumb	BattleSetup_StartWildBattle
0x08170F28	thumb	RandomUniform
0x08170F44	thumb	SanitizeSpeciesId
0x08170F54	thumb	IsSpeciesEnabled
0x08170F70	thumb	GetUnownSpeciesId
0x08170F74	thumb	GetGraphicsIdForMon
0x08170F84	thumb	GetOWEBehaviorForSpecies
0x08170F88	thumb	OWE_GetMovementTypeFromSpecies
0x08170F8C	thumb	OWE_GetViewDistanceFromSpecies
0x08170F90	thumb	OWE_GetViewWidthFromSpecies
0x08170F94	thumb	OWE_GetViewActiveDistanceFromSpecies
0x08170F98	thumb	OWE_GetActiveSpeedFromSpecies
0x08170F9C	thumb	DoMassOutbreakEncounterTest
0x08170FA0	thumb	SetUpMassOutbreakEncounter
0x08170FA4	thumb	AreLegendariesInSootopolisPreventingEncounters
0x08170FA8	thumb	TryDoDoubleWildBattle
0x08170FAC	thumb	BattleSetup_StartDoubleWildBattle
0x08170FD8	thumb	BattleSetup_StartRoamerBattle
0x08171004	thumb	IsAbilityAllowingEncounter
0x08171008	thumb	GetFollowerObject
0x0817100C	thumb	GetFollowerNPCObjectId
0x08171010	thumb	Script_RequestEffects
0x08171014	thumb	CanAllocSpriteTiles
0x08171018	thumb	CountFreePaletteSlots
0x0817104C	thumb	DetermineObjectEventDirectionFromObject
0x08171090	thumb	ObjectEventsTurnToEachOther
0x081710F4	thumb	GetObjectObjectCollidesWith
0x081711B0	thumb	InSpawnAnimationRange
0x081711F0	thumb	MovementAction_OverworldEncounterSpawn
0x08171280	thumb	ScriptFaceEachOther
0x08171338	thumb	TryTriggerOWEOnPlayerTile
0x081713B4	thumb	GetEncounterChainShinyOdds
0x081713E0	thumb	UpdateWildEncounterChain
0x0817141C	thumb	GetWildChainSpecies
0x08171428	thumb	GetWildChainCount
0x08171434	thumb	ComputePlayerShinyOdds
0x08171480	thumb	OwMonMakePersonality
0x081714D8	thumb	OwMonIsExpensiveWeatherActive
0x0817150C	thumb	OwMonShouldSkipGrassEffect
0x08171548	thumb	OwMonInvalidatePaletteCache
0x08171578	thumb	IsOwMonObject
0x081715A0	thumb	IsSpriteOwnedByOwMon
0x08171630	thumb	GetBanksOccupiedByOtherSprites
0x0817169C	thumb	LoadOwMonBank
0x08171724	thumb	OwMonCanAssignPalette
0x08171838	thumb	OwMonApplySpritePalette
0x0817187C	thumb	OwMonRefreshSpritePalettes
0x08171B04	thumb	SetSavedOWEMovementState
0x08171B10	thumb	ClearSavedOWEMovementState
0x08171B1C	thumb	UpdateOverworldWildEncounter
0x08171D68	thumb	IsOverworldWildEncounter
0x08171DA8	thumb	IsGeneratedOWELocalId
0x08171DC0	thumb	GetOverworldWildEncounterType
0x08171DE8	thumb	StartWildBattleWithOWE
0x08171FBC	thumb	SetOverworldObjectSpecies
0x08172018	thumb	CreateEnemyPartyOWE
0x08172138	thumb	OWE_DoesOWERoamerExist
0x08172184	thumb	StartWildBattleWithOWE_CheckRoamer
0x081721C0	thumb	StartWildBattleWithOWE_CheckBattleFrontier
0x081721C4	thumb	StartWildBattleWithOWE_CheckMassOutbreak
0x081721F0	thumb	StartWildBattleWithOWE_CheckDoubleBattle
0x08172274	thumb	SetInstantOWESpawnTimer
0x08172280	thumb	SetMinimumOWESpawnTimer
0x0817228C	thumb	SpawnDebugOverworldWildEncounter
0x081723BC	thumb	TryTriggerOverworldWildEncounter
0x0817246C	thumb	GetOverworlWildEncounterScript
0x08172484	thumb	CheckCurrentWildMonHeaderForOWE
0x081724E0	thumb	GetOldestActiveOWESlot
0x081725A4	thumb	GetNextOWESpawnSlot
0x08172630	thumb	GetSpeciesByOWESpawnSlot
0x08172670	thumb	TrySelectTileForOWE
0x081727BC	thumb	SetSpeciesInfoForOWE
0x08172878	thumb	GetGraphicsIdForOWE
0x0817289C	thumb	GetGraphicsIdForOWE_Unused
0x081728C8	thumb	CheckCanLoadOWE
0x08172900	thumb	CheckCanLoadOWE_Palette
0x08172914	thumb	GetNumberOfSpawnAnimTiles
0x08172948	thumb	CheckCanLoadOWE_Tiles
0x081729A4	thumb	SortOWEAges
0x08172AA8	thumb	OnOverworldWildEncounterSpawn
0x08172ADC	thumb	OnOverworldWildEncounterDespawn
0x08172B44	thumb	IsOWEDespawnExempt
0x08172B74	thumb	DespawnOWEDueToNPCCollision
0x08172BBC	thumb	DespawnAllOverworldWildEncounters
0x08172C48	thumb	TryAndDespawnOldestGeneratedOWE_ToFreeObject
0x08172C88	thumb	DespawnOWEOnBattleStart
0x08172D28	thumb	TryDespawnOWEsCrossingMapConnection
0x08172D2C	thumb	RemoveOldestGeneratedOWE
0x08172D60	thumb	ShouldDespawnGeneratedForNewOWE
0x08172DCC	thumb	SetNewOWESpawnCountdown
0x08172E34	thumb	DoOWESpawnAnim
0x08172E88	thumb	DoOWEDespawnAnim
0x08172EBC	thumb	GetOWESpawnDespawnAnimType
0x08172F18	thumb	PlayOWECry
0x08172F30	thumb	GetRandomOWEObjectEvent
0x08172F94	thumb	OWE_ShouldPlayOWEFleeSound
0x08172FE8	thumb	RestoreSavedOWEBehaviorState
0x0817301C	thumb	CheckRestrictedOWEMovement
0x08173098	thumb	CheckRestrictedOWEMovementAtCoords
0x08173110	thumb	CheckRestrictedOWEMovementMetatile
0x0817317C	thumb	CheckRestrictedOWEMovementMap
0x081731B4	thumb	CanAwareOWESeePlayer
0x08173304	thumb	CanOWEReachPlayer
0x08173338	thumb	IsPlayerInsideOWEActiveDistance
0x081733B8	thumb	IsOWENextToPlayer
0x08173430	thumb	IsOWENextToObject
0x08173480	thumb	DirectionOfOWEToPlayerFromCollision
0x08173518	thumb	GetApproachingOWEDistanceToPlayer
0x08173568	thumb	GetOWEWalkMovementActionInDirectionWithSpeed
0x08173594	thumb	CheckOWEPathToPlayerFromCollision
0x08173668	thumb	OWEApproachForBattle
0x0817369C	thumb	Task_OWEApproachForBattle
0x0817388C	thumb	TryPlayAmbientCryOWE
0x081738B4	thumb	GetNumberOfActiveOWEs
0x08173918	thumb	TryGetObjectEventTemplateForOWE
0x08173AC8	thumb	GetOWESpawnDespawnAnimFldEffPalette
0x08173AD8	thumb	CheckValidOWESpecies
0x08173B04	thumb	PlayOWECry.part.0
0x08173B90	thumb	DisableWildEncounters
0x08173B9C	thumb	ChooseOliveWildMonInfo
0x08173BC4	thumb	GetOliveRareStarterForMapSection
0x08173BF4	thumb	ChooseWildMonIndex_Land
0x08173C30	thumb	ChooseWildMonIndex_WaterRock
0x08173C78	thumb	ChooseWildMonIndex_Fishing
0x08173CFC	thumb	ChooseWildMonLevel
0x08173D8C	thumb	GetCurrentMapWildMonHeaderId
0x08173E1C	thumb	UnlockedTanobyOrAreNotInTanoby
0x08173E58	thumb	GenerateWildMon
0x08173F6C	thumb	GenerateUnownPersonalityByLetter
0x08173FC0	thumb	GetUnownLetterByPersonalityLoByte
0x08173FF0	thumb	TryGenerateWildMon
0x08174228	thumb	GenerateFishingEncounter
0x0817425C	thumb	DoWildEncounterRateDiceRoll
0x08174298	thumb	DoWildEncounterRateTest
0x0817433C	thumb	GetAbilityEncounterRateModType
0x081743A0	thumb	DoGlobalWildEncounterDiceRoll
0x081743BC	thumb	StandardWildEncounter
0x08174568	thumb	RockSmashWildEncounter
0x081745DC	thumb	SweetScentWildEncounter
0x081746C8	thumb	DoesCurrentMapHaveFishingMons
0x08174700	thumb	FishingWildEncounter
0x0817475C	thumb	GetLocalWildMon
0x0817491C	thumb	GetLocalWaterMon
0x081749AC	thumb	UpdateRepelCounter
0x081749F8	thumb	IsWildLevelAllowedByRepel
0x08174A7C	thumb	ApplyFluteEncounterRateMod
0x08174AB4	thumb	GetFluteEncounterRateModType
0x08174ADC	thumb	ApplyCleanseTagEncounterRateMod
0x08174B00	thumb	IsLeadMonHoldingCleanseTag
0x08174B10	thumb	SeedWildEncounterRng
0x08174B24	thumb	WildEncounterRandom
0x08174B44	thumb	GetMapBaseEncounterCooldown
0x08174BD4	thumb	ResetEncounterRateModifiers
0x08174BE4	thumb	HandleWildEncounterCooldown
0x08174CA8	thumb	TryStandardWildEncounter
0x08174CF8	thumb	AddToWildEncounterRateBuff
0x08174D28	thumb	PickWildMonNature
0x08174D78	thumb	IsAbilityAllowingEncounter
0x08174DCC	thumb	TryGetAbilityInfluencedWildMonIndex
0x08174E98	thumb	TryGetRandomWildMonIndexByType
0x08174F44	thumb	ViridianForestNuzlockeOverride
0x08175000	thumb	GetSpeciesPokedexAreaMarkers
0x081751C4	thumb	GetRoamerIndex
0x081751E8	thumb	GetRoamerPokedexAreaMarkers
0x08175240	thumb	IsSpeciesOnMap
0x08175348	thumb	IsSpeciesInEncounterTable
0x08175374	thumb	GetMapSecIdFromWildMonHeader
0x08175384	thumb	FindDexAreaByMapSec
0x081753B8	thumb	nullsub_9
0x081753BC	thumb	AddWindow8Bit
0x081754B4	thumb	FillWindowPixelBuffer8Bit
0x081754EC	thumb	FillWindowPixelRect8Bit
0x0817553C	thumb	BlitBitmapRectToWindow4BitTo8Bit
0x081755E4	thumb	CopyWindowToVram8Bit
0x08175650	thumb	GetNumActiveWindowsOnBg8Bit
0x0817567C	thumb	nullsub_8
0x08175680	thumb	InitWindows
0x08175820	thumb	AddWindow
0x0817596C	thumb	RemoveWindow
0x08175A1C	thumb	FreeAllWindowBuffers
0x08175A6C	thumb	CopyWindowToVram
0x08175ABC	thumb	PutWindowTilemap
0x08175B24	thumb	PutWindowRectTilemapOverridePalette
0x08175BF0	thumb	ClearWindowTilemap
0x08175C2C	thumb	PutWindowRectTilemap
0x08175CF0	thumb	BlitBitmapToWindow
0x08175D50	thumb	BlitBitmapRectToWindow
0x08175DE4	thumb	BlitBitmapRectToWindowWithColorKey
0x08175E88	thumb	FillWindowPixelRect
0x08175ED8	thumb	CopyToWindowPixelBuffer
0x08175F10	thumb	FillWindowPixelBuffer
0x08175F54	thumb	ScrollWindow
0x08176290	thumb	CallWindowFunction
0x081762C4	thumb	SetWindowAttribute
0x08176320	thumb	GetWindowAttribute
0x081763B0	thumb	GetNumActiveWindowsOnBg
0x081763E0	thumb	CB2_RunWirelessCommunicationScreen
0x08176404	thumb	VBlankCB_WirelessCommunicationScreen
0x08176418	thumb	ShowWirelessCommunicationScreen
0x08176428	thumb	CB2_InitWirelessCommunicationScreen
0x08176570	thumb	ExitWirelessCommunicationStatusScreen
0x081765A4	thumb	CyclePalette
0x081765EC	thumb	PrintHeaderTexts
0x081766B4	thumb	Task_WirelessCommunicationScreen
0x08176888	thumb	WCSS_AddTextPrinterParameterized
0x08176924	thumb	CountPlayersInGroupAndGetActivity
0x081769B0	thumb	HaveCountsChanged
0x081769D0	thumb	UpdateCommunicationCounts
0x08176A78	thumb	WonderNews_SetReward
0x08176AC0	thumb	WonderNews_Reset
0x08176ADC	thumb	WonderNews_IncrementStepCounter
0x08176B18	thumb	WonderNews_GetRewardInfo
0x08176BEC	thumb	GetRewardItem
0x08176C1C	thumb	ResetSentRewardCounter
0x08176C28	thumb	IncrementSentRewardCounter
0x08176C50	thumb	IncrementRewardCounter
0x08176C70	thumb	GetRewardType
0x08176CAC	thumb	ArcTan2
0x08176CB0	thumb	BgAffineSet
0x08176CB4	thumb	CpuFastSet
0x08176CB8	thumb	CpuSet
0x08176CBC	thumb	Div
0x08176CC0	thumb	LZ77UnCompVram
0x08176CC4	thumb	LZ77UnCompWram
0x08176CC8	thumb	MultiBoot
0x08176CD0	thumb	ObjAffineSet
0x08176CD4	thumb	RegisterRamReset
0x08176CD8	thumb	SoftReset
0x08176CF0	thumb	Sqrt
0x08176CF4	thumb	VBlankIntrWait
0x08176CFC	thumb	GameCubeMultiBoot_Hash
0x08176D10	thumb	GameCubeMultiBoot_Main
0x08176E10	thumb	GameCubeMultiBoot_ExecuteProgram
0x08176E24	thumb	GameCubeMultiBoot_Init
0x08176E6E	thumb	GameCubeMultiBoot_HandleSerialInterrupt
0x08176F9E	thumb	GameCubeMultiBoot_Quit
0x08176FD8	thumb	umul3232H32
0x08176FE8	thumb	SoundMain
0x0817706C	thumb	SoundMainRAM
0x08177428	arm	SoundMainRAM_Unk1
0x081776E4	arm	SoundMainRAM_Unk2
0x08177770	thumb	SoundMainBTM
0x08177788	thumb	RealClearChain
0x081777A8	thumb	ply_fine
0x081777D8	thumb	MPlayJumpTableCopy
0x081777F0	thumb	ldrb_r3_r2
0x081777F2	thumb	chk_adr_r2
0x0817780C	thumb	ld_r3_tp_adr_i
0x08177818	thumb	ply_goto
0x08177838	thumb	ply_patt
0x08177854	thumb	ply_pend
0x08177868	thumb	ply_rept
0x08177898	thumb	ply_prio
0x081778A4	thumb	ply_tempo
0x081778B8	thumb	ply_keysh
0x081778CC	thumb	ply_voice
0x081778FC	thumb	ply_vol
0x08177910	thumb	ply_pan
0x08177924	thumb	ply_bend
0x08177938	thumb	ply_bendr
0x0817794C	thumb	ply_lfodl
0x08177958	thumb	ply_modt
0x08177970	thumb	ply_tune
0x08177984	thumb	ply_port
0x0817799C	thumb	m4aSoundVSync
0x081779E8	thumb	MPlayMain
0x08177C50	thumb	TrackStop
0x08177C94	thumb	ChnVolSetAsm
0x08177CC4	thumb	ply_note
0x08177EC8	thumb	ply_endtie
0x08177F08	thumb	clear_modM
0x08177F24	thumb	ld_r3_tp_adr_i_unchecked
0x08177F30	thumb	ply_lfos
0x08177F44	thumb	ply_mod
0x08177F58	arm	vsprintf
0x08177FC0	arm	_vsprintf_r
0x08178010	arm	memmove
0x08178174	arm	memset
0x08178274	arm	strcmp
0x08178498	arm	memcpy
0x081785C8	arm	_svfprintf_r
0x0817B770	arm	__ssprint_r
0x0817B818	arm	stdio_exit_handler
0x0817B840	arm	cleanup_stdio
0x0817B894	arm	__fp_lock
0x0817B8CC	arm	__fp_unlock
0x0817B904	arm	global_stdio_init.part.0
0x0817BA50	arm	__sfp
0x0817BB84	arm	__sinit
0x0817BBE8	arm	__sfp_lock_acquire
0x0817BC00	arm	__sfp_lock_release
0x0817BC18	arm	__fp_lock_all
0x0817BC48	arm	__fp_unlock_all
0x0817BC78	arm	strncpy
0x0817BD48	arm	currentlocale
0x0817BDC8	arm	__loadlocale
0x0817C590	arm	__get_locale_env
0x0817C624	arm	_setlocale_r
0x0817C960	arm	__locale_mb_cur_max
0x0817C970	arm	setlocale
0x0817C98C	arm	__localeconv_l
0x0817C994	arm	_localeconv_r
0x0817C9A0	arm	localeconv
0x0817C9AC	arm	strcpy
0x0817CA9C	arm	__retarget_lock_init
0x0817CAA0	arm	__retarget_lock_init_recursive
0x0817CAA4	arm	__retarget_lock_close
0x0817CAA8	arm	__retarget_lock_close_recursive
0x0817CAAC	arm	__retarget_lock_acquire
0x0817CAB0	arm	__retarget_lock_acquire_recursive
0x0817CAB4	arm	__retarget_lock_try_acquire
0x0817CABC	arm	__retarget_lock_try_acquire_recursive
0x0817CAC4	arm	__retarget_lock_release
0x0817CAC8	arm	__retarget_lock_release_recursive
0x0817CACC	arm	memchr
0x0817CBB0	arm	strlen
0x0817CC10	arm	_wcrtomb_r
0x0817CC6C	arm	wcrtomb
0x0817CCE0	arm	_wcsrtombs_r
0x0817CD0C	arm	wcsrtombs
0x0817CD54	arm	__set_ctype
0x0817CD64	arm	frexp
0x0817CE08	arm	quorem
0x0817CFE0	arm	_dtoa_r
0x0817E808	arm	_malloc_trim_r
0x0817E91C	arm	_free_r
0x0817EC04	arm	_findenv_r
0x0817ECD4	arm	_getenv_r
0x0817ECF0	arm	_malloc_r
0x0817F4C0	arm	_mbtowc_r
0x0817F4DC	arm	__ascii_mbtowc
0x0817F520	arm	__utf8_mbtowc
0x0817F854	arm	__sjis_mbtowc
0x0817F928	arm	__eucjp_mbtowc
0x0817FA64	arm	__jis_mbtowc
0x0817FC30	arm	__malloc_lock
0x0817FC48	arm	__malloc_unlock
0x0817FC60	arm	_fwalk_sglue
0x0817FCD8	arm	_Balloc
0x0817FD64	arm	_Bfree
0x0817FD80	arm	__multadd
0x0817FE80	arm	__s2b
0x0817FF94	arm	__hi0bits
0x08180014	arm	__lo0bits
0x0818010C	arm	__i2b
0x081801B8	arm	__multiply
0x081803E0	arm	__pow5mult
0x08180514	arm	__lshift
0x08180650	arm	__mcmp
0x081806A4	arm	__mdiff
0x081808A8	arm	__ulp
0x0818090C	arm	__b2d
0x081809FC	arm	__d2b
0x08180B20	arm	__ratio
0x08180BA4	arm	_mprec_log10
0x08180C00	arm	__copybits
0x08180C8C	arm	__any_on
0x08180CE8	arm	_strtol_l.part.0
0x08181030	arm	_strtol_r
0x0818106C	arm	strtol_l
0x081810C0	arm	strtol
0x08181114	arm	__ssputs_r
0x08181240	arm	_wctomb_r
0x0818125C	arm	__ascii_wctomb
0x0818128C	arm	__utf8_wctomb
0x08181380	arm	__sjis_wctomb
0x08181410	arm	__eucjp_wctomb
0x081814C8	arm	__jis_wctomb
0x081815A0	arm	_fclose_r
0x081816F4	arm	fclose
0x08181708	arm	__sflush_r
0x08181914	arm	_fflush_r
0x081819B0	arm	fflush
0x08181A84	arm	__sread
0x08181AB8	arm	__seofread
0x08181AC0	arm	__swrite
0x08181B1C	arm	__sseek
0x08181B4C	arm	__sclose
0x08181B60	arm	strcasecmp
0x08181BD0	arm	strcat
0x08181C44	arm	strchr
0x08181D80	arm	strlcpy
0x08181DC4	arm	strncasecmp
0x08181E50	arm	strncmp
0x08181F30	arm	_close_r
0x08181F6C	arm	_reclaim_reent
0x08182034	arm	_lseek_r
0x0818207C	arm	_read_r
0x081820C4	arm	_sbrk_r
0x08182108	arm	_write_r
0x08182150	arm	__errno
0x08182160	arm	sysconf
0x08182190	arm	_wcsnrtombs_l
0x08182300	arm	_wcsnrtombs_r
0x08182340	arm	wcsnrtombs
0x0818238C	arm	__assert_func
0x081823E4	arm	__assert
0x081823F4	arm	_calloc_r
0x081824C4	arm	__env_lock
0x081824DC	arm	__env_unlock
0x081824F4	arm	_fiprintf_r
0x08182520	arm	fiprintf
0x0818255C	arm	_vfiprintf_r
0x08183F38	arm	vfiprintf
0x08183F64	arm	__sbprintf
0x08184038	arm	_realloc_r
0x081844F8	arm	__sprint_r
0x0818452C	arm	__swsetup_r
0x081846D4	arm	abort
0x081846E8	arm	__sfvwrite_r
0x08184B78	arm	__smakebuf_r
0x08184CBC	arm	__swhatbuf_r
0x08184D3C	arm	_init_signal_r
0x08184D90	arm	_signal_r
0x08184E1C	arm	_raise_r
0x08184EB0	arm	__sigtramp_r
0x08184F60	arm	raise
0x08184FF8	arm	signal
0x08185080	arm	_init_signal
0x081850E0	arm	__sigtramp
0x08185194	arm	_fstat_r
0x081851D4	arm	_isatty_r
0x08185210	arm	_kill_r
0x08185250	arm	_getpid_r
0x081854F0	arm	__mulsf3
0x08185688	arm	__udivsi3
0x0818577C	arm	__aeabi_uidivmod
0x0818579C	arm	__aeabi_idiv
0x081858C4	arm	__aeabi_idivmod
0x081858E4	arm	__umodsi3
0x081859AC	arm	__modsi3
0x08185A90	arm	__aeabi_idiv0
0x08185A94	arm	__aeabi_drsub
0x08185A9C	arm	__subdf3
0x08185AA0	arm	__adddf3
0x08185DB0	arm	__aeabi_ui2d
0x08185DD4	arm	__floatsidf
0x08185DFC	arm	__extendsfdf2
0x08185E44	arm	__aeabi_ul2d
0x08185E58	arm	__floatdidf
0x08185EB8	arm	__muldf3
0x08186148	arm	__aeabi_ddiv
0x08186354	arm	__gedf2
0x0818635C	arm	__ltdf2
0x08186364	arm	__eqdf2
0x081863EC	arm	__aeabi_cdrcmple
0x08186408	arm	__aeabi_cdcmple
0x08186420	arm	__aeabi_dcmpeq
0x08186438	arm	__aeabi_dcmplt
0x08186450	arm	__aeabi_dcmple
0x08186468	arm	__aeabi_dcmpge
0x08186480	arm	__aeabi_dcmpgt
0x08186498	arm	__aeabi_dcmpun
0x081864D0	arm	__aeabi_d2iz
0x0818652C	arm	__fixunsdfsi
0x08186580	arm	__aeabi_frsub
0x08186588	arm	__subsf3
0x0818658C	arm	__addsf3
0x08186748	arm	__aeabi_ui2f
0x08186750	arm	__floatsisf
0x08186770	arm	__floatundisf
0x08186780	arm	__floatdisf
0x0818682C	arm	__aeabi_f2uiz
0x08186880	arm	__muldi3
0x08186898	arm	__divdi3
0x08186A3C	arm	__udivdi3
0x08186B5C	arm	__clzdi2
0x08186B84	arm	__clzsi2
0x08186BCC	arm	_close
0x08186BE4	arm	_fstat
0x08186BFC	arm	_getpid
0x08186C14	arm	_isatty
0x08186C2C	arm	_kill
0x08186C44	arm	_lseek
0x08186C5C	arm	_read
0x08186C74	arm	_sbrk
0x08186CA0	arm	_write
0x08186CB8	arm	_exit
0x08186CC0	thumb	____floatsidf_from_thumb
0x08186CC8	thumb	____mulsf3_from_thumb
0x08186CD0	thumb	____gedf2_from_thumb
0x08186CD8	thumb	__vsprintf_from_thumb
0x08186CE0	thumb	____divsi3_from_thumb
0x08186CE8	thumb	____muldf3_from_thumb
0x08186CF0	thumb	__gDecompressionBuffer_veneer
0x08186CFC	thumb	__memcpy_from_thumb
0x08186D04	thumb	____fixunsdfsi_from_thumb
0x08186D0C	thumb	____fixunssfsi_from_thumb
0x08186D14	thumb	____divdi3_from_thumb
0x08186D1C	thumb	__memset_from_thumb
0x08186D24	thumb	____umodsi3_from_thumb
0x08186D2C	thumb	____subdf3_from_thumb
0x08186D34	thumb	____floatsisf_from_thumb
0x08186D3C	thumb	____adddf3_from_thumb
0x08186D44	thumb	____udivdi3_from_thumb
0x08186D4C	thumb	____muldi3_from_thumb
0x08186D54	thumb	____ledf2_from_thumb
0x08186D5C	thumb	__memmove_from_thumb
0x08186D64	thumb	__strcmp_from_thumb
0x08186D6C	thumb	____udivsi3_from_thumb
0x08186D74	thumb	____modsi3_from_thumb
0x08186D7C	thumb	____addsf3_from_thumb
