# addr	region	name  (STT_OBJECT in ROM)
0x08000100	rom	sGFRomHeader
0x081E9F10	rom	gGameVersion
0x081E9F11	rom	gGameLanguage
0x081E9F14	rom	BuildDateTime
0x081E9F28	rom	gIntrTableTemplate
0x081E9F60	rom	sTimerIntrFunc
0x081E9F64	rom	sZeroedBgControlStruct
0x081EA044	rom	sFontHalfRowOffsets
0x081EA144	rom	sDummyWindowTemplate
0x081EA14C	rom	sDownArrowTiles
0x081EA54C	rom	sDoubleArrowTiles1
0x081EA5CC	rom	sDoubleArrowTiles2
0x081EA64C	rom	sDownArrowYCoords
0x081EA650	rom	sWindowVerticalScrollSpeeds
0x081EA654	rom	sGlyphWidthFuncs
0x081EA68C	rom	sSpriteSheets_TextCursor
0x081EA6A4	rom	sSpritePalettes_TextCursor
0x081EA6B4	rom	sSpriteTemplate_TextCursor
0x081EA6CC	rom	sKeypadIcons
0x081EA700	rom	gKeypadIconTiles
0x081EAF00	rom	sFontSmallLatinGlyphs
0x081EEF00	rom	sFontSmallLatinGlyphWidths
0x081EF100	rom	sFontSmallJapaneseGlyphs
0x081F3100	rom	sFontNormalCopy1LatinGlyphs
0x081FB100	rom	sFontNormalCopy1LatinGlyphWidths
0x081FB300	rom	sFontTallJapaneseGlyphs
0x081FF300	rom	sFontNormalLatinGlyphs
0x08207300	rom	sFontNormalLatinGlyphWidths
0x08207500	rom	sFontNormalJapaneseGlyphs
0x0820F500	rom	sFontNormalJapaneseGlyphWidths
0x0820F618	rom	sFontMaleLatinGlyphs
0x08217618	rom	sFontMaleLatinGlyphWidths
0x08217818	rom	sFontMaleJapaneseGlyphs
0x0821F818	rom	sFontMaleJapaneseGlyphWidths
0x0821F930	rom	sFontFemaleLatinGlyphs
0x08227930	rom	sFontFemaleLatinGlyphWidths
0x08227B30	rom	sFontFemaleJapaneseGlyphs
0x0822FB30	rom	sFontFemaleJapaneseGlyphWidths
0x0822FC48	rom	sFontBoldJapaneseGlyphs
0x08231C48	rom	sDmaOverErrorMsg
0x08231C6D	rom	sUnknownData
0x08231C85	rom	sCenterToCornerVecTable
0x08231CA0	rom	sDummySprite
0x08231CE4	rom	gDummyOamData
0x08231CEC	rom	sDummyAnim
0x08231CF0	rom	gDummySpriteAnimTable
0x08231CF4	rom	sDummyAffineAnim
0x08231CFC	rom	gDummySpriteAffineAnimTable
0x08231D00	rom	gDummySpriteTemplate
0x08231D18	rom	sAnimFuncs
0x08231D20	rom	sAffineAnimFuncs
0x08231D28	rom	sAnimCmdFuncs
0x08231D38	rom	sAffineAnimCmdFuncs
0x08231D48	rom	sOamDimensionsCopy
0x08231DA8	rom	sOamDimensions
0x08231DD8	rom	gBGControlRegs
0x08231DE8	rom	gBGHOffsetRegs
0x08231DF8	rom	gBGVOffsetRegs
0x08231E08	rom	gDISPCNTBGFlags
0x08231E10	rom	gOverworldBackgroundLayerFlags
0x08231E18	rom	gBLDCNTTarget1BGFlags
0x08231E20	rom	gBGControlRegOffsets
0x08231E24	rom	gBGHOffsetRegOffsets
0x08231E28	rom	gBGVOffsetRegOffsets
0x08231E2C	rom	sDigits
0x08231E3C	rom	sPowersOfTen
0x08231E70	rom	funcs.93
0x08231EA8	rom	lengths.115
0x08231EC4	rom	sWirelessLinkDisplayPal
0x08231EE4	rom	sWirelessLinkDisplayGfx
0x0823238C	rom	sWirelessLinkDisplayTilemap
0x08232578	rom	sLinkTestFontPal
0x08232598	rom	sLinkTestFontGfx
0x08234598	rom	sBlockRequests
0x082345C0	rom	sASCIIGameFreakInc
0x082345D0	rom	sASCIITestPrint
0x082345E8	rom	sLinkErrorBgTemplates
0x082345F0	rom	sLinkErrorWindowTemplates
0x08234610	rom	sLinkErrorTextColor
0x08234614	rom	sString_Dummy
0x08234615	rom	sString_Newline
0x08234618	rom	sWindowTemplate
0x08234648	rom	sBg_Pal
0x08234668	rom	sTextbox_Pal
0x08234688	rom	sTextColor1
0x0823468B	rom	sTextColor2
0x08234690	rom	sBgTemplate
0x08234694	rom	sMenuCursorYMax
0x08234698	rom	gBattlerPicTable_PlayerLeft
0x082346B8	rom	gBattlerPicTable_OpponentLeft
0x082346D8	rom	gBattlerPicTable_PlayerRight
0x082346F8	rom	gBattlerPicTable_OpponentRight
0x08234718	rom	gTrainerBackPicTable_Red
0x08234740	rom	gTrainerBackPicTable_Leaf
0x08234768	rom	gTrainerBackPicTable_Pokedude
0x08234788	rom	gTrainerBackPicTable_OldMan
0x082347A8	rom	gTrainerBackPicTable_RSBrendan
0x082347C8	rom	gTrainerBackPicTable_RSMay
0x082347E8	rom	sAnim_GeneralFrame0
0x082347F0	rom	sAnim_GeneralFrame3
0x082347F8	rom	sAffineAnim_Battler_Normal
0x08234808	rom	sAffineAnim_Battler_Flipped
0x08234818	rom	sAffineAnim_Battler_Emerge
0x08234830	rom	sAffineAnim_Battler_Return
0x08234848	rom	sAffineAnim_Battler_HorizontalSquishLoop
0x08234868	rom	sAffineAnim_Battler_Grow
0x08234878	rom	sAffineAnim_Battler_Shrink
0x08234888	rom	sAffineAnim_Battler_BigToSmall
0x082348A0	rom	sAffineAnim_Battler_GrowLarge
0x082348B0	rom	sAffineAnim_Battler_TipRight
0x082348C8	rom	gAffineAnims_BattleSpritePlayerSide
0x082348EC	rom	sAffineAnim_Battler_SpinShrink
0x082348FC	rom	sAffineAnim_Battler_TipLeft
0x08234914	rom	sAffineAnim_Battler_RotateUpAndBack
0x08234934	rom	sAffineAnim_Battler_Spin
0x08234944	rom	gAffineAnims_BattleSpriteOpponentSide
0x08234970	rom	gAffineAnims_BattleSpriteContest
0x0823499C	rom	sAnim_MonPic_0
0x082349A4	rom	sAnim_MonPic_1
0x082349AC	rom	sAnim_MonPic_2
0x082349B4	rom	sAnim_MonPic_3
0x082349BC	rom	gAnims_MonPic
0x082349CC	rom	gMonFrontPicCoords
0x082350AC	rom	gMonFrontPicTable
0x08235E6C	rom	gMonBackPicCoords
0x0823654C	rom	gMonBackPicTable
0x0823730C	rom	gMonPaletteTable
0x082380CC	rom	gMonShinyPaletteTable
0x08238E8C	rom	sAnims_AquaLeaderArchie
0x08238E90	rom	sAnims_AquaGruntM
0x08238E94	rom	sAnims_AquaGruntF
0x08238E98	rom	sAnims_RSAromaLady
0x08238E9C	rom	sAnims_RSRuinManiac
0x08238EA0	rom	sAnims_Interviewer
0x08238EA4	rom	sAnims_RSTuberF
0x08238EA8	rom	sAnims_RSTuberM
0x08238EAC	rom	sAnims_RSCooltrainerM
0x08238EB0	rom	sAnims_RSCooltrainerF
0x08238EB4	rom	sAnims_HexManiac
0x08238EB8	rom	sAnims_RSLady
0x08238EBC	rom	sAnims_RSBeauty
0x08238EC0	rom	sAnims_RichBoy
0x08238EC4	rom	sAnims_RSPokemaniac
0x08238EC8	rom	sAnims_RSSwimmerM
0x08238ECC	rom	sAnims_RSBlackBelt
0x08238ED0	rom	sAnims_Guitarist
0x08238ED4	rom	sAnims_Kindler
0x08238ED8	rom	sAnims_RSCamper
0x08238EDC	rom	sAnims_BugManiac
0x08238EE0	rom	sAnims_RSPsychicM
0x08238EE4	rom	sAnims_RSPsychicF
0x08238EE8	rom	sAnims_RSGentleman
0x08238EEC	rom	sAnims_EliteFourSidney
0x08238EF0	rom	sAnims_EliteFourPhoebe
0x08238EF4	rom	sAnims_LeaderRoxanne
0x08238EF8	rom	sAnims_LeaderBrawly
0x08238EFC	rom	sAnims_LeaderTateAndLiza
0x08238F00	rom	sAnims_SchoolKidM
0x08238F04	rom	sAnims_SchoolKidF
0x08238F08	rom	sAnims_SrAndJr
0x08238F0C	rom	sAnims_PokefanM
0x08238F10	rom	sAnims_PokefanF
0x08238F14	rom	sAnims_ExpertM
0x08238F18	rom	sAnims_ExpertF
0x08238F1C	rom	sAnims_RSYoungster
0x08238F20	rom	sAnims_ChampionSteven
0x08238F24	rom	sAnims_RSFisherman
0x08238F28	rom	sAnims_CyclingTriathleteM
0x08238F2C	rom	sAnims_CyclingTriathleteF
0x08238F30	rom	sAnims_RunningTriathleteM
0x08238F34	rom	sAnims_RunningTriathleteF
0x08238F38	rom	sAnims_SwimmingTriathleteM
0x08238F3C	rom	sAnims_SwimmingTriathleteF
0x08238F40	rom	sAnims_DragonTamer
0x08238F44	rom	sAnims_RSBirdKeeper
0x08238F48	rom	sAnims_NinjaBoy
0x08238F4C	rom	sAnims_BattleGirl
0x08238F50	rom	sAnims_ParasolLady
0x08238F54	rom	sAnims_RSSwimmerF
0x08238F58	rom	sAnims_RSPicnicker
0x08238F5C	rom	sAnims_RSTwins
0x08238F60	rom	sAnims_RSSailor
0x08238F64	rom	sAnims_Collector
0x08238F68	rom	sAnims_Wally
0x08238F6C	rom	sAnims_RSBrendan1
0x08238F70	rom	sAnims_RSMay1
0x08238F74	rom	sAnims_RSPokemonBreederM
0x08238F78	rom	sAnims_RSPokemonBreederF
0x08238F7C	rom	sAnims_RSPokemonRangerM
0x08238F80	rom	sAnims_RSPokemonRangerF
0x08238F84	rom	sAnims_MagmaLeaderMaxie
0x08238F88	rom	sAnims_MagmaGruntM
0x08238F8C	rom	sAnims_MagmaGruntF
0x08238F90	rom	sAnims_RSLass
0x08238F94	rom	sAnims_RSBugCatcher
0x08238F98	rom	sAnims_RSHiker
0x08238F9C	rom	sAnims_RSYoungCouple
0x08238FA0	rom	sAnims_OldCouple
0x08238FA4	rom	sAnims_RSSisAndBro
0x08238FA8	rom	sAnims_AquaAdminM
0x08238FAC	rom	sAnims_AquaAdminF
0x08238FB0	rom	sAnims_MagmaAdminM
0x08238FB4	rom	sAnims_MagmaAdminF
0x08238FB8	rom	sAnims_LeaderWattson
0x08238FBC	rom	sAnims_LeaderFlannery
0x08238FC0	rom	sAnims_LeaderNorman
0x08238FC4	rom	sAnims_LeaderWinona
0x08238FC8	rom	sAnims_LeaderWallace
0x08238FCC	rom	sAnims_EliteFourGlacia
0x08238FD0	rom	sAnims_EliteFourDrake
0x08238FD4	rom	sAnims_Youngster
0x08238FD8	rom	sAnims_BugCatcher
0x08238FDC	rom	sAnims_Lass
0x08238FE0	rom	sAnims_Sailor
0x08238FE4	rom	sAnims_Camper
0x08238FE8	rom	sAnims_Picnicker
0x08238FEC	rom	sAnims_Pokemaniac
0x08238FF0	rom	sAnims_SuperNerd
0x08238FF4	rom	sAnims_Hiker
0x08238FF8	rom	sAnims_Biker
0x08238FFC	rom	sAnims_Burglar
0x08239000	rom	sAnims_Engineer
0x08239004	rom	sAnims_Fisherman
0x08239008	rom	sAnims_SwimmerM
0x0823900C	rom	sAnims_CueBall
0x08239010	rom	sAnims_Gamer
0x08239014	rom	sAnims_Beauty
0x08239018	rom	sAnims_SwimmerF
0x0823901C	rom	sAnims_PsychicM
0x08239020	rom	sAnims_Rocker
0x08239024	rom	sAnims_Juggler
0x08239028	rom	sAnims_Tamer
0x0823902C	rom	sAnims_BirdKeeper
0x08239030	rom	sAnims_BlackBelt
0x08239034	rom	sAnims_RivalEarly
0x08239038	rom	sAnims_Scientist
0x0823903C	rom	sAnims_LeaderGiovanni
0x08239040	rom	sAnims_RocketGruntM
0x08239044	rom	sAnims_CooltrainerM
0x08239048	rom	sAnims_CooltrainerF
0x0823904C	rom	sAnims_EliteFourLorelei
0x08239050	rom	sAnims_EliteFourBruno
0x08239054	rom	sAnims_EliteFourAgatha
0x08239058	rom	sAnims_EliteFourLance
0x0823905C	rom	sAnims_LeaderBrock
0x08239060	rom	sAnims_LeaderMisty
0x08239064	rom	sAnims_LeaderLtSurge
0x08239068	rom	sAnims_LeaderErika
0x0823906C	rom	sAnims_LeaderKoga
0x08239070	rom	sAnims_LeaderBlaine
0x08239074	rom	sAnims_LeaderSabrina
0x08239078	rom	sAnims_Gentleman
0x0823907C	rom	sAnims_RivalLate
0x08239080	rom	sAnims_ChampionRival
0x08239084	rom	sAnims_Channeler
0x08239088	rom	sAnims_Twins
0x0823908C	rom	sAnims_CoolCouple
0x08239090	rom	sAnims_YoungCouple
0x08239094	rom	sAnims_CrushKin
0x08239098	rom	sAnims_SisAndBro
0x0823909C	rom	sAnims_ProfessorOak
0x082390A0	rom	sAnims_RSBrendan2
0x082390A4	rom	sAnims_RSMay2
0x082390A8	rom	sAnims_Red
0x082390AC	rom	sAnims_Leaf
0x082390B0	rom	sAnims_RocketGruntF
0x082390B4	rom	sAnims_PsychicF
0x082390B8	rom	sAnims_CrushGirl
0x082390BC	rom	sAnims_TuberF
0x082390C0	rom	sAnims_PokemonBreeder
0x082390C4	rom	sAnims_PokemonRangerM
0x082390C8	rom	sAnims_PokemonRangerF
0x082390CC	rom	sAnims_AromaLady
0x082390D0	rom	sAnims_RuinManiac
0x082390D4	rom	sAnims_Lady
0x082390D8	rom	sAnims_Painter
0x082390DC	rom	gTrainerFrontAnimsPtrTable
0x0823932C	rom	gTrainerFrontPicCoords
0x0823957C	rom	gTrainerFrontPicTable
0x08239A1C	rom	gTrainerFrontPicPaletteTable
0x08239EBC	rom	sAnimCmd_Red_1
0x08239ED4	rom	sAnimCmd_Leaf_1
0x08239EEC	rom	sAnimCmd_Pokedude_1
0x08239F00	rom	sAnimCmd_OldMan_1
0x08239F14	rom	sAnimCmd_RSBrendan_1
0x08239F2C	rom	sAnimCmd_RSMay_1
0x08239F44	rom	sBackAnims_Red
0x08239F4C	rom	sBackAnims_Leaf
0x08239F54	rom	sBackAnims_Pokedude
0x08239F5C	rom	sBackAnims_OldMan
0x08239F64	rom	sBackAnims_RSBrendan
0x08239F6C	rom	sBackAnims_RSMay
0x08239F74	rom	gTrainerBackAnimsPtrTable
0x08239F8C	rom	gTrainerBackPicCoords
0x08239FA4	rom	gTrainerBackPicTable
0x08239FD4	rom	gTrainerBackPicPaletteTable
0x0823A004	rom	gEnemyMonElevation
0x0823A1A0	rom	sParty_AquaLeader
0x0823A1A8	rom	sParty_AquaGruntM
0x0823A1B0	rom	sParty_AquaGruntF
0x0823A1B8	rom	sParty_RSAromaLady
0x0823A1C0	rom	sParty_RSRuinManiac
0x0823A1C8	rom	sParty_Interviewer
0x0823A1D0	rom	sParty_RSTuberF
0x0823A1D8	rom	sParty_RSTuberM
0x0823A1E0	rom	sParty_RSCooltrainerM
0x0823A1E8	rom	sParty_RSCooltrainerF
0x0823A1F0	rom	sParty_HexManiac
0x0823A1F8	rom	sParty_RSLady
0x0823A200	rom	sParty_RSBeauty
0x0823A208	rom	sParty_RichBoy
0x0823A210	rom	sParty_RSPokemaniac
0x0823A218	rom	sParty_RSSwimmerM
0x0823A220	rom	sParty_RSBlackBelt
0x0823A228	rom	sParty_Guitarist
0x0823A230	rom	sParty_Kindler
0x0823A238	rom	sParty_RSCamper
0x0823A240	rom	sParty_BugManiac
0x0823A248	rom	sParty_RSPsychicM
0x0823A250	rom	sParty_RSPsychicF
0x0823A258	rom	sParty_RSGentleman
0x0823A260	rom	sParty_EliteFourSidney
0x0823A268	rom	sParty_EliteFourPhoebe
0x0823A270	rom	sParty_LeaderRoxanne
0x0823A278	rom	sParty_LeaderBrawly
0x0823A280	rom	sParty_LeaderTateLiza
0x0823A288	rom	sParty_SchoolKidM
0x0823A290	rom	sParty_SchoolKidF
0x0823A298	rom	sParty_SrAndJr
0x0823A2A0	rom	sParty_PokefanM
0x0823A2A8	rom	sParty_PokefanF
0x0823A2B0	rom	sParty_ExpertM
0x0823A2B8	rom	sParty_ExpertF
0x0823A2C0	rom	sParty_RSYoungster
0x0823A2C8	rom	sParty_RSChampion
0x0823A2D0	rom	sParty_RSFisherman
0x0823A2D8	rom	sParty_CyclingTriathleteM
0x0823A2E0	rom	sParty_CyclingTriathleteF
0x0823A2E8	rom	sParty_RunningTriathleteM
0x0823A2F0	rom	sParty_RunningTriathleteF
0x0823A2F8	rom	sParty_SwimmingTriathleteM
0x0823A300	rom	sParty_SwimmingTriathleteF
0x0823A308	rom	sParty_DragonTamer
0x0823A310	rom	sParty_RSBirdKeeper
0x0823A318	rom	sParty_NinjaBoy
0x0823A320	rom	sParty_BattleGirl
0x0823A328	rom	sParty_ParasolLady
0x0823A330	rom	sParty_RSSwimmerF
0x0823A338	rom	sParty_RSPicnicker
0x0823A340	rom	sParty_RSTwins
0x0823A348	rom	sParty_RSSailor
0x0823A350	rom	sParty_BoarderM
0x0823A358	rom	sParty_BoarderF
0x0823A360	rom	sParty_Collector
0x0823A368	rom	sParty_Wally
0x0823A370	rom	sParty_Brendan
0x0823A378	rom	sParty_Brendan2
0x0823A380	rom	sParty_Brendan3
0x0823A388	rom	sParty_May
0x0823A390	rom	sParty_May2
0x0823A398	rom	sParty_May3
0x0823A3A0	rom	sParty_RSPkmnBreederM
0x0823A3A8	rom	sParty_RSPkmnBreederF
0x0823A3B0	rom	sParty_RSPkmnRangerM
0x0823A3B8	rom	sParty_RSPkmnRangerF
0x0823A3C0	rom	sParty_MagmaLeader
0x0823A3C8	rom	sParty_MagmaGruntM
0x0823A3D0	rom	sParty_MagmaGruntF
0x0823A3D8	rom	sParty_RSLass
0x0823A3E0	rom	sParty_RSBugCatcher
0x0823A3E8	rom	sParty_RSHiker
0x0823A3F0	rom	sParty_RSYoungCouple
0x0823A400	rom	sParty_OldCouple
0x0823A408	rom	sParty_RSSisAndBro
0x0823A410	rom	sParty_AquaAdminMatt
0x0823A418	rom	sParty_AquaAdminShelly
0x0823A420	rom	sParty_MagmaAdminTabitha
0x0823A428	rom	sParty_MagmaAdminCourtney
0x0823A430	rom	sParty_LeaderWattson
0x0823A438	rom	sParty_LeaderFlannery
0x0823A440	rom	sParty_LeaderNorman
0x0823A448	rom	sParty_LeaderWinona
0x0823A450	rom	sParty_LeaderWallace
0x0823A458	rom	sParty_EliteFourGlacia
0x0823A460	rom	sParty_EliteFourDrake
0x0823A468	rom	sParty_YoungsterBen
0x0823A478	rom	sParty_YoungsterCalvin
0x0823A480	rom	sParty_YoungsterJosh
0x0823A498	rom	sParty_YoungsterTimmy
0x0823A4A8	rom	sParty_YoungsterJoey
0x0823A4B8	rom	sParty_YoungsterDan
0x0823A4C0	rom	sParty_YoungsterChad
0x0823A4D0	rom	sParty_YoungsterTyler
0x0823A4D8	rom	sParty_YoungsterEddie
0x0823A4E0	rom	sParty_YoungsterDillon
0x0823A4F0	rom	sParty_YoungsterYasu
0x0823A508	rom	sParty_YoungsterDave
0x0823A518	rom	sParty_YoungsterBen2
0x0823A528	rom	sParty_BugCatcherRick
0x0823A538	rom	sParty_BugCatcherDoug
0x0823A550	rom	sParty_BugCatcherSammy
0x0823A558	rom	sParty_BugCatcherColton
0x0823A570	rom	sParty_BugCatcherGreg
0x0823A590	rom	sParty_BugCatcherJames
0x0823A5A0	rom	sParty_BugCatcherKent
0x0823A5B0	rom	sParty_BugCatcherRobby
0x0823A5C8	rom	sParty_BugCatcherCale
0x0823A5E8	rom	sParty_BugCatcherKeigo
0x0823A600	rom	sParty_BugCatcherElijah
0x0823A608	rom	sParty_BugCatcher2
0x0823A620	rom	sParty_BugCatcherBrent
0x0823A630	rom	sParty_BugCatcherConner
0x0823A648	rom	sParty_LassJanice
0x0823A658	rom	sParty_LassSally
0x0823A668	rom	sParty_LassRobin
0x0823A670	rom	sParty_LassCrissy
0x0823A688	rom	sParty_LassMiriam
0x0823A698	rom	sParty_LassIris
0x0823A6A0	rom	sParty_LassReli
0x0823A6B0	rom	sParty_LassAli
0x0823A6C8	rom	sParty_Lass2
0x0823A6D8	rom	sParty_LassHaley
0x0823A6F0	rom	sParty_LassAnn
0x0823A700	rom	sParty_LassDawn
0x0823A710	rom	sParty_LassPaige
0x0823A720	rom	sParty_LassAndrea
0x0823A738	rom	sParty_LassMegan
0x0823A760	rom	sParty_LassJulia
0x0823A770	rom	sParty_LassKay
0x0823A780	rom	sParty_LassLisa
0x0823A790	rom	sParty_SailorEdmond
0x0823A7A0	rom	sParty_SailorTrevor
0x0823A7B0	rom	sParty_SailorLeonard
0x0823A7B8	rom	sParty_SailorDuncan
0x0823A7D0	rom	sParty_SailorHuey
0x0823A7E0	rom	sParty_SailorDylan
0x0823A7F8	rom	sParty_SailorPhillip
0x0823A800	rom	sParty_SailorDwayne
0x0823A810	rom	sParty_CamperLiam
0x0823A830	rom	sParty_CamperShane
0x0823A840	rom	sParty_CamperEthan
0x0823A848	rom	sParty_CamperRicky
0x0823A850	rom	sParty_CamperJeff
0x0823A860	rom	sParty_Camper2
0x0823A868	rom	sParty_CamperChris
0x0823A878	rom	sParty_CamperDrew
0x0823A898	rom	sParty_PicnickerDiana
0x0823A8A0	rom	sParty_PicnickerNancy
0x0823A8B0	rom	sParty_PicnickerIsabelle
0x0823A8C8	rom	sParty_PicnickerKelsey
0x0823A8D8	rom	sParty_PicnickerAlicia
0x0823A8F8	rom	sParty_PicnickerCaitlin
0x0823A900	rom	sParty_PicnickerHeidi
0x0823A910	rom	sParty_PicnickerCarol
0x0823A920	rom	sParty_PicnickerSofia
0x0823A938	rom	sParty_PicnickerMartha
0x0823A948	rom	sParty_PicnickerTina
0x0823A958	rom	sParty_PicnickerHannah
0x0823A980	rom	sParty_PokemaniacMark
0x0823A990	rom	sParty_PokemaniacHerman
0x0823A9A0	rom	sParty_PokemaniacCooper
0x0823A9B8	rom	sParty_PokemaniacSteve
0x0823A9C8	rom	sParty_PokemaniacWinston
0x0823A9D0	rom	sParty_PokemaniacDawson
0x0823A9E8	rom	sParty_PokemaniacAshton
0x0823A9F8	rom	sParty_SuperNerdJovan
0x0823AA08	rom	sParty_SuperNerdMiguel
0x0823AA20	rom	sParty_SuperNerdAidan
0x0823AA60	rom	sParty_SuperNerdGlenn
0x0823AA78	rom	sParty_SuperNerdLeslie
0x0823AA88	rom	sParty_SuperNerd1
0x0823AAA0	rom	sParty_SuperNerd2
0x0823AAC0	rom	sParty_SuperNerd3
0x0823AAD0	rom	sParty_SuperNerdErik
0x0823AAE8	rom	sParty_SuperNerdAvery
0x0823AB08	rom	sParty_SuperNerdDerek
0x0823AB10	rom	sParty_SuperNerdZac
0x0823AB20	rom	sParty_HikerMarcos
0x0823AB38	rom	sParty_HikerFranklin
0x0823AB48	rom	sParty_HikerNob
0x0823AB68	rom	sParty_HikerWayne
0x0823AB70	rom	sParty_HikerAlan
0x0823AB90	rom	sParty_HikerBrice
0x0823ABA8	rom	sParty_HikerClark
0x0823ABC8	rom	sParty_HikerTrent
0x0823ABD8	rom	sParty_HikerDudley
0x0823AC08	rom	sParty_HikerAllen
0x0823AC18	rom	sParty_HikerEric
0x0823AC28	rom	sParty_HikerLenny
0x0823AC48	rom	sParty_HikerOliver
0x0823AC60	rom	sParty_HikerLucas
0x0823AC80	rom	sParty_BikerJared
0x0823ACB0	rom	sParty_BikerMalik
0x0823ACD0	rom	sParty_BikerErnest
0x0823AD20	rom	sParty_BikerAlex
0x0823AD50	rom	sParty_BikerLao
0x0823AD70	rom	sParty_Biker1
0x0823AD78	rom	sParty_BikerHideo
0x0823AD80	rom	sParty_BikerRuben
0x0823ADB0	rom	sParty_BikerBilly
0x0823ADB8	rom	sParty_BikerNikolas
0x0823ADD8	rom	sParty_BikerJaxon
0x0823ADF8	rom	sParty_BikerWilliam
0x0823AE48	rom	sParty_BikerLukas
0x0823AE88	rom	sParty_BikerIsaac
0x0823AEB8	rom	sParty_BikerGerald
0x0823AED8	rom	sParty_Burglar1
0x0823AEE8	rom	sParty_Burglar2
0x0823AEF0	rom	sParty_Burglar3
0x0823AF08	rom	sParty_BurglarQuinn
0x0823AF20	rom	sParty_BurglarRamon
0x0823AF28	rom	sParty_BurglarDusty
0x0823AF38	rom	sParty_BurglarArnie
0x0823AF48	rom	sParty_Burglar4
0x0823AF58	rom	sParty_BurglarSimon
0x0823AF60	rom	sParty_BurglarLewis
0x0823AF70	rom	sParty_EngineerBaily
0x0823AF80	rom	sParty_EngineerBraxton
0x0823AF88	rom	sParty_EngineerBernie
0x0823AFA0	rom	sParty_FishermanDale
0x0823AFB8	rom	sParty_FishermanBarny
0x0823AFD0	rom	sParty_FishermanNed
0x0823AFE8	rom	sParty_FishermanChip
0x0823AFF8	rom	sParty_FishermanHank
0x0823B000	rom	sParty_FishermanElliot
0x0823B020	rom	sParty_FishermanRonald
0x0823B040	rom	sParty_FishermanClaude
0x0823B050	rom	sParty_FishermanWade
0x0823B080	rom	sParty_FishermanNolan
0x0823B090	rom	sParty_FishermanAndrew
0x0823B0A0	rom	sParty_SwimmerMaleLuis
0x0823B0B0	rom	sParty_SwimmerMaleRichard
0x0823B0C0	rom	sParty_SwimmerMaleReece
0x0823B0D8	rom	sParty_SwimmerMaleMatthew
0x0823B0E8	rom	sParty_SwimmerMaleDouglas
0x0823B108	rom	sParty_SwimmerMaleDavid
0x0823B120	rom	sParty_SwimmerMaleTony
0x0823B130	rom	sParty_SwimmerMaleAxle
0x0823B158	rom	sParty_SwimmerMaleBarry
0x0823B168	rom	sParty_SwimmerMaleDean
0x0823B170	rom	sParty_SwimmerMaleDarrin
0x0823B190	rom	sParty_SwimmerMaleSpencer
0x0823B1A0	rom	sParty_SwimmerMaleJack
0x0823B1A8	rom	sParty_SwimmerMaleJerome
0x0823B1B8	rom	sParty_SwimmerMaleRoland
0x0823B1D0	rom	sParty_CueBallKoji
0x0823B1E8	rom	sParty_CueBallLuke
0x0823B1F8	rom	sParty_CueBallCamron
0x0823B208	rom	sParty_CueBallRaul
0x0823B218	rom	sParty_CueBallIsaiah
0x0823B228	rom	sParty_CueBallZeek
0x0823B230	rom	sParty_CueBallJamal
0x0823B250	rom	sParty_CueBallCorey
0x0823B260	rom	sParty_CueBallChase
0x0823B278	rom	sParty_GamerHugo
0x0823B288	rom	sParty_GamerJasper
0x0823B298	rom	sParty_GamerDirk
0x0823B2A8	rom	sParty_GamerDarian
0x0823B2B8	rom	sParty_GamerStan
0x0823B2D0	rom	sParty_Gamer1
0x0823B2D8	rom	sParty_GamerRich
0x0823B2E8	rom	sParty_BeautyBridget
0x0823B308	rom	sParty_BeautyTamia
0x0823B318	rom	sParty_BeautyLori
0x0823B320	rom	sParty_BeautyLola
0x0823B338	rom	sParty_BeautySheila
0x0823B348	rom	sParty_SwimmerFemaleTiffany
0x0823B350	rom	sParty_SwimmerFemaleNora
0x0823B368	rom	sParty_SwimmerFemaleMelissa
0x0823B378	rom	sParty_BeautyGrace
0x0823B388	rom	sParty_BeautyOlivia
0x0823B398	rom	sParty_BeautyLauren
0x0823B3B0	rom	sParty_SwimmerFemaleAnya
0x0823B3D8	rom	sParty_SwimmerFemaleAlice
0x0823B3E8	rom	sParty_SwimmerFemaleConnie
0x0823B400	rom	sParty_SwimmerFemaleShirley
0x0823B418	rom	sParty_PsychicJohan
0x0823B438	rom	sParty_PsychicTyron
0x0823B448	rom	sParty_PsychicCameron
0x0823B460	rom	sParty_PsychicPreston
0x0823B468	rom	sParty_RockerRandall
0x0823B480	rom	sParty_RockerLuca
0x0823B490	rom	sParty_JugglerDalton
0x0823B4A0	rom	sParty_JugglerNelson
0x0823B4C0	rom	sParty_JugglerKirk
0x0823B4E0	rom	sParty_JugglerShawn
0x0823B4F0	rom	sParty_JugglerGregory
0x0823B500	rom	sParty_JugglerEdward
0x0823B540	rom	sParty_JugglerKayden
0x0823B548	rom	sParty_JugglerNate
0x0823B558	rom	sParty_TamerPhil
0x0823B568	rom	sParty_TamerEdgar
0x0823B580	rom	sParty_TamerJason
0x0823B588	rom	sParty_TamerCole
0x0823B598	rom	sParty_TamerVincent
0x0823B5A8	rom	sParty_TamerJohn
0x0823B5C8	rom	sParty_BirdKeeperSebastian
0x0823B5D8	rom	sParty_BirdKeeperPerry
0x0823B600	rom	sParty_BirdKeeperRobert
0x0823B620	rom	sParty_BirdKeeperDonald
0x0823B628	rom	sParty_BirdKeeperBenny
0x0823B638	rom	sParty_BirdKeeperEdwin
0x0823B658	rom	sParty_BirdKeeperChester
0x0823B670	rom	sParty_BirdKeeperWilton
0x0823B680	rom	sParty_BirdKeeperRamiro
0x0823B688	rom	sParty_BirdKeeperJacob
0x0823B6A8	rom	sParty_BirdKeeperRoger
0x0823B6C0	rom	sParty_BirdKeeperReed
0x0823B6E0	rom	sParty_BirdKeeperKeith
0x0823B6F0	rom	sParty_BirdKeeperCarter
0x0823B708	rom	sParty_BirdKeeperMitch
0x0823B728	rom	sParty_BirdKeeperBeck
0x0823B738	rom	sParty_BirdKeeperMarlon
0x0823B750	rom	sParty_BlackBeltKoichi
0x0823B760	rom	sParty_BlackBeltMike
0x0823B778	rom	sParty_BlackBeltHideki
0x0823B788	rom	sParty_BlackBeltAaron
0x0823B790	rom	sParty_BlackBeltHitoshi
0x0823B7A8	rom	sParty_BlackBeltAtsushi
0x0823B7B8	rom	sParty_BlackBeltKiyo
0x0823B7C0	rom	sParty_BlackBeltTakashi
0x0823B7D8	rom	sParty_BlackBeltDaisuke
0x0823B7F0	rom	sParty_RivalOaksLabSquirtle
0x0823B7F8	rom	sParty_RivalOaksLabBulbasaur
0x0823B800	rom	sParty_RivalOaksLabCharmander
0x0823B808	rom	sParty_RivalRoute22EarlySquirtle
0x0823B828	rom	sParty_RivalRoute22EarlyBulbasaur
0x0823B848	rom	sParty_RivalRoute22EarlyCharmander
0x0823B868	rom	sParty_RivalCeruleanSquirtle
0x0823B8A8	rom	sParty_RivalCeruleanBulbasaur
0x0823B8E8	rom	sParty_RivalCeruleanCharmander
0x0823B928	rom	sParty_ScientistTed
0x0823B938	rom	sParty_ScientistConnor
0x0823B978	rom	sParty_ScientistJerry
0x0823B990	rom	sParty_ScientistJose
0x0823B9B0	rom	sParty_ScientistRodney
0x0823B9B8	rom	sParty_ScientistBeau
0x0823B9F8	rom	sParty_ScientistTaylor
0x0823BA48	rom	sParty_ScientistJoshua
0x0823BA58	rom	sParty_ScientistParker
0x0823BA68	rom	sParty_ScientistEd
0x0823BA98	rom	sParty_ScientistTravis
0x0823BAA8	rom	sParty_ScientistBraydon
0x0823BAC0	rom	sParty_ScientistIvan
0x0823BAD0	rom	sParty_BossGiovanni
0x0823BAE8	rom	sParty_BossGiovanni2
0x0823BB08	rom	sParty_LeaderGiovanni
0x0823BB58	rom	sParty_TeamRocketGrunt
0x0823BB68	rom	sParty_TeamRocketGrunt2
0x0823BB80	rom	sParty_TeamRocketGrunt3
0x0823BB90	rom	sParty_TeamRocketGrunt4
0x0823BBA0	rom	sParty_TeamRocketGrunt5
0x0823BBB0	rom	sParty_TeamRocketGrunt6
0x0823BBC0	rom	sParty_TeamRocketGrunt7
0x0823BBD0	rom	sParty_TeamRocketGrunt8
0x0823BBE0	rom	sParty_TeamRocketGrunt9
0x0823BBF0	rom	sParty_TeamRocketGrunt10
0x0823BC20	rom	sParty_TeamRocketGrunt11
0x0823BC40	rom	sParty_TeamRocketGrunt12
0x0823BC60	rom	sParty_TeamRocketGrunt13
0x0823BCB0	rom	sParty_TeamRocketGrunt14
0x0823BCC8	rom	sParty_TeamRocketGrunt15
0x0823BCD8	rom	sParty_TeamRocketGrunt16
0x0823BCF0	rom	sParty_TeamRocketGrunt17
0x0823BD08	rom	sParty_TeamRocketGrunt18
0x0823BD18	rom	sParty_TeamRocketGrunt19
0x0823BD30	rom	sParty_TeamRocketGrunt20
0x0823BD40	rom	sParty_TeamRocketGrunt21
0x0823BD60	rom	sParty_TeamRocketGrunt22
0x0823BD70	rom	sParty_TeamRocketGrunt23
0x0823BD80	rom	sParty_TeamRocketGrunt24
0x0823BDA8	rom	sParty_TeamRocketGrunt25
0x0823BDC0	rom	sParty_TeamRocketGrunt26
0x0823BDD0	rom	sParty_TeamRocketGrunt27
0x0823BDE8	rom	sParty_TeamRocketGrunt28
0x0823BDF0	rom	sParty_TeamRocketGrunt29
0x0823BDF8	rom	sParty_TeamRocketGrunt30
0x0823BE08	rom	sParty_TeamRocketGrunt31
0x0823BE20	rom	sParty_TeamRocketGrunt32
0x0823BE60	rom	sParty_TeamRocketGrunt33
0x0823BE70	rom	sParty_TeamRocketGrunt34
0x0823BE80	rom	sParty_TeamRocketGrunt35
0x0823BEA0	rom	sParty_TeamRocketGrunt36
0x0823BEB8	rom	sParty_TeamRocketGrunt37
0x0823BED0	rom	sParty_TeamRocketGrunt38
0x0823BEE8	rom	sParty_TeamRocketGrunt39
0x0823BEF0	rom	sParty_TeamRocketGrunt40
0x0823BF18	rom	sParty_TeamRocketGrunt41
0x0823BF30	rom	sParty_CooltrainerSamuel
0x0823BF80	rom	sParty_CooltrainerGeorge
0x0823BFD0	rom	sParty_CooltrainerColby
0x0823C020	rom	sParty_CooltrainerPaul
0x0823C070	rom	sParty_CooltrainerRolando
0x0823C0C0	rom	sParty_CooltrainerGilbert
0x0823C110	rom	sParty_CooltrainerOwen
0x0823C160	rom	sParty_CooltrainerBerke
0x0823C1B0	rom	sParty_CooltrainerYuji
0x0823C200	rom	sParty_CooltrainerWarren
0x0823C250	rom	sParty_CooltrainerMary
0x0823C2A0	rom	sParty_CooltrainerCaroline
0x0823C2F0	rom	sParty_CooltrainerAlexa
0x0823C340	rom	sParty_CooltrainerShannon
0x0823C390	rom	sParty_CooltrainerNaomi
0x0823C3E0	rom	sParty_CooltrainerBrooke
0x0823C430	rom	sParty_CooltrainerAustina
0x0823C480	rom	sParty_CooltrainerJulie
0x0823C4D0	rom	sParty_EliteFourLorelei
0x0823C520	rom	sParty_EliteFourBruno
0x0823C570	rom	sParty_EliteFourAgatha
0x0823C5C0	rom	sParty_EliteFourLance
0x0823C610	rom	sParty_LeaderBrock
0x0823C630	rom	sParty_LeaderMisty
0x0823C650	rom	sParty_LeaderLtSurge
0x0823C680	rom	sParty_LeaderErika
0x0823C6B0	rom	sParty_LeaderKoga
0x0823C6F0	rom	sParty_LeaderBlaine
0x0823C730	rom	sParty_LeaderSabrina
0x0823C770	rom	sParty_GentlemanThomas
0x0823C780	rom	sParty_GentlemanArthur
0x0823C790	rom	sParty_GentlemanTucker
0x0823C798	rom	sParty_GentlemanNorton
0x0823C7A0	rom	sParty_GentlemanWalter
0x0823C7B0	rom	sParty_RivalSsAnneSquirtle
0x0823C7D0	rom	sParty_RivalSsAnneBulbasaur
0x0823C7F0	rom	sParty_RivalSsAnneCharmander
0x0823C810	rom	sParty_RivalPokemonTowerSquirtle
0x0823C838	rom	sParty_RivalPokemonTowerBulbasaur
0x0823C860	rom	sParty_RivalPokemonTowerCharmander
0x0823C888	rom	sParty_RivalSilphSquirtle
0x0823C8B0	rom	sParty_RivalSilphBulbasaur
0x0823C8D8	rom	sParty_RivalSilphCharmander
0x0823C900	rom	sParty_RivalRoute22LateSquirtle
0x0823C960	rom	sParty_RivalRoute22LateBulbasaur
0x0823C9C0	rom	sParty_RivalRoute22LateCharmander
0x0823CA20	rom	sParty_ChampionFirstSquirtle
0x0823CA80	rom	sParty_ChampionFirstBulbasaur
0x0823CAE0	rom	sParty_ChampionFirstCharmander
0x0823CB40	rom	sParty_ChannelerPatricia
0x0823CB48	rom	sParty_ChannelerCarly
0x0823CB50	rom	sParty_ChannelerHope
0x0823CB58	rom	sParty_ChannelerPaula
0x0823CB60	rom	sParty_ChannelerLaurel
0x0823CB70	rom	sParty_ChannelerJody
0x0823CB78	rom	sParty_ChannelerTammy
0x0823CB80	rom	sParty_ChannelerRuth
0x0823CB88	rom	sParty_ChannelerKarina
0x0823CB90	rom	sParty_ChannelerJanae
0x0823CB98	rom	sParty_ChannelerAngelica
0x0823CBB0	rom	sParty_ChannelerEmilia
0x0823CBB8	rom	sParty_ChannelerJennifer
0x0823CBC0	rom	sParty_Channeler1
0x0823CBC8	rom	sParty_Channeler2
0x0823CBD0	rom	sParty_Channeler3
0x0823CBD8	rom	sParty_Channeler4
0x0823CBE0	rom	sParty_Channeler5
0x0823CBE8	rom	sParty_Channeler6
0x0823CC00	rom	sParty_Channeler7
0x0823CC08	rom	sParty_Channeler8
0x0823CC10	rom	sParty_ChannelerAmanda
0x0823CC20	rom	sParty_ChannelerStacy
0x0823CC28	rom	sParty_ChannelerTasha
0x0823CC40	rom	sParty_HikerJeremy
0x0823CC50	rom	sParty_PicnickerAlma
0x0823CC68	rom	sParty_PicnickerSusie
0x0823CC90	rom	sParty_PicnickerValerie
0x0823CCA0	rom	sParty_PicnickerGwen
0x0823CCC0	rom	sParty_BikerVirgil
0x0823CCF0	rom	sParty_CamperFlint
0x0823CD00	rom	sParty_PicnickerMissy
0x0823CD10	rom	sParty_PicnickerIrene
0x0823CD28	rom	sParty_PicnickerDana
0x0823CD40	rom	sParty_PicnickerAriana
0x0823CD60	rom	sParty_PicnickerLeah
0x0823CD70	rom	sParty_CamperJustin
0x0823CD80	rom	sParty_PicnickerYazmin
0x0823CD98	rom	sParty_PicnickerKindra
0x0823CDB0	rom	sParty_PicnickerBecky
0x0823CDC0	rom	sParty_PicnickerCelia
0x0823CDC8	rom	sParty_GentlemanBrooks
0x0823CDD0	rom	sParty_GentlemanLamar
0x0823CDE0	rom	sParty_TwinsEliAnne
0x0823CDF0	rom	sParty_CoolCoupleRayTyra
0x0823CE10	rom	sParty_YoungCoupleGiaJes
0x0823CE20	rom	sParty_TwinsKiriJan
0x0823CE30	rom	sParty_CrushKinRonMya
0x0823CE40	rom	sParty_YoungCoupleLeaJed
0x0823CE50	rom	sParty_SisAndBroLiaLuc
0x0823CE60	rom	sParty_SisAndBroLilIan
0x0823CE70	rom	sParty_BugCatcher3
0x0823CE78	rom	sParty_BugCatcher4
0x0823CE80	rom	sParty_BugCatcher5
0x0823CE88	rom	sParty_BugCatcher6
0x0823CE90	rom	sParty_BugCatcher7
0x0823CE98	rom	sParty_BugCatcher8
0x0823CEA0	rom	sParty_YoungsterBen3
0x0823CEB0	rom	sParty_YoungsterBen4
0x0823CEC0	rom	sParty_YoungsterChad2
0x0823CED0	rom	sParty_LassReli2
0x0823CEE0	rom	sParty_LassReli3
0x0823CEF0	rom	sParty_YoungsterTimmy2
0x0823CF08	rom	sParty_YoungsterTimmy3
0x0823CF20	rom	sParty_YoungsterTimmy4
0x0823CF38	rom	sParty_YoungsterChad3
0x0823CF48	rom	sParty_LassJanice2
0x0823CF58	rom	sParty_LassJanice3
0x0823CF68	rom	sParty_YoungsterChad4
0x0823CF78	rom	sParty_HikerFranklin2
0x0823CF88	rom	sParty_PkmnProfProfOak
0x0823CF90	rom	sParty_PlayerBrendan
0x0823CF98	rom	sParty_PlayerMay
0x0823CFA0	rom	sParty_PlayerRed
0x0823CFA8	rom	sParty_PlayerLeaf
0x0823CFB0	rom	sParty_TeamRocketGrunt42
0x0823CFC0	rom	sParty_PsychicJaclyn
0x0823CFF0	rom	sParty_CrushGirlSharon
0x0823D000	rom	sParty_TuberAmira
0x0823D018	rom	sParty_PkmnBreederAlize
0x0823D030	rom	sParty_PkmnRangerNicolas
0x0823D050	rom	sParty_PkmnRangerMadeline
0x0823D070	rom	sParty_AromaLadyNikki
0x0823D080	rom	sParty_RuinManiacStanly
0x0823D098	rom	sParty_LadyJacki
0x0823D0A8	rom	sParty_PainterDaisy
0x0823D0B8	rom	sParty_BikerGoon
0x0823D0D8	rom	sParty_BikerGoon2
0x0823D0E8	rom	sParty_BikerGoon3
0x0823D0F0	rom	sParty_Biker2
0x0823D0F8	rom	sParty_BugCatcherAnthony
0x0823D108	rom	sParty_BugCatcherCharlie
0x0823D120	rom	sParty_TwinsEliAnne2
0x0823D130	rom	sParty_YoungsterJohnson
0x0823D148	rom	sParty_BikerRicardo
0x0823D178	rom	sParty_BikerJaren
0x0823D188	rom	sParty_TeamRocketGrunt43
0x0823D198	rom	sParty_TeamRocketGrunt44
0x0823D1B8	rom	sParty_TeamRocketGrunt45
0x0823D1D0	rom	sParty_TeamRocketGrunt46
0x0823D1E8	rom	sParty_TeamRocketGrunt47
0x0823D200	rom	sParty_TeamRocketGrunt48
0x0823D210	rom	sParty_TeamRocketAdmin
0x0823D240	rom	sParty_TeamRocketAdmin2
0x0823D270	rom	sParty_ScientistGideon
0x0823D2C0	rom	sParty_SwimmerFemaleAmara
0x0823D2D8	rom	sParty_SwimmerFemaleMaria
0x0823D2E8	rom	sParty_SwimmerFemaleAbigail
0x0823D300	rom	sParty_SwimmerMaleFinn
0x0823D308	rom	sParty_SwimmerMaleGarrett
0x0823D320	rom	sParty_FishermanTommy
0x0823D348	rom	sParty_CrushGirlTanya
0x0823D358	rom	sParty_BlackBeltShea
0x0823D368	rom	sParty_BlackBeltHugh
0x0823D378	rom	sParty_CamperBryce
0x0823D390	rom	sParty_PicnickerClaire
0x0823D3B0	rom	sParty_CrushKinMikKia
0x0823D3C0	rom	sParty_AromaLadyViolet
0x0823D3D8	rom	sParty_TuberAlexis
0x0823D3F8	rom	sParty_TwinsJoyMeg
0x0823D408	rom	sParty_SwimmerFemaleTisha
0x0823D410	rom	sParty_PainterCelina
0x0823D420	rom	sParty_PainterRayna
0x0823D430	rom	sParty_LadyGillian
0x0823D448	rom	sParty_YoungsterDestin
0x0823D458	rom	sParty_SwimmerMaleToby
0x0823D470	rom	sParty_TeamRocketGrunt49
0x0823D488	rom	sParty_TeamRocketGrunt50
0x0823D4A8	rom	sParty_TeamRocketGrunt51
0x0823D4C0	rom	sParty_BirdKeeperMilo
0x0823D4D0	rom	sParty_BirdKeeperChaz
0x0823D4E0	rom	sParty_BirdKeeperHarold
0x0823D4F0	rom	sParty_FishermanTylor
0x0823D500	rom	sParty_SwimmerMaleMymo
0x0823D510	rom	sParty_SwimmerFemaleNicole
0x0823D518	rom	sParty_SisAndBroAvaGeb
0x0823D528	rom	sParty_AromaLadyRose
0x0823D538	rom	sParty_SwimmerMaleSamir
0x0823D540	rom	sParty_SwimmerFemaleDenise
0x0823D550	rom	sParty_TwinsMiuMia
0x0823D560	rom	sParty_HikerEarl
0x0823D570	rom	sParty_RuinManiacFoster
0x0823D578	rom	sParty_RuinManiacLarry
0x0823D588	rom	sParty_HikerDaryl
0x0823D590	rom	sParty_PokemaniacHector
0x0823D5A0	rom	sParty_PsychicDario
0x0823D5B0	rom	sParty_PsychicRodette
0x0823D5E0	rom	sParty_AromaLadyMiah
0x0823D5F0	rom	sParty_YoungCoupleEveJon
0x0823D600	rom	sParty_JugglerMason
0x0823D640	rom	sParty_CrushGirlCyndy
0x0823D658	rom	sParty_CrushGirlJocelyn
0x0823D668	rom	sParty_TamerEvan
0x0823D680	rom	sParty_PokemaniacMark2
0x0823D690	rom	sParty_PkmnRangerLogan
0x0823D6B0	rom	sParty_PkmnRangerJackson
0x0823D6E0	rom	sParty_PkmnRangerBeth
0x0823D6F8	rom	sParty_PkmnRangerKatelyn
0x0823D708	rom	sParty_CooltrainerLeroy
0x0823D758	rom	sParty_CooltrainerMichelle
0x0823D7A8	rom	sParty_CoolCoupleLexNya
0x0823D7C8	rom	sParty_RuinManiacBrandon
0x0823D7D0	rom	sParty_RuinManiacBenjamin
0x0823D800	rom	sParty_PainterEdna
0x0823D810	rom	sParty_GentlemanClifford
0x0823D820	rom	sParty_LadySelphy
0x0823D840	rom	sParty_RuinManiacLawson
0x0823D858	rom	sParty_PsychicLaura
0x0823D870	rom	sParty_PkmnBreederBethany
0x0823D878	rom	sParty_PkmnBreederAllison
0x0823D890	rom	sParty_BugCatcherGarret
0x0823D898	rom	sParty_BugCatcherJonah
0x0823D8B8	rom	sParty_BugCatcherVance
0x0823D8C8	rom	sParty_YoungsterNash
0x0823D8E0	rom	sParty_YoungsterCordell
0x0823D8F0	rom	sParty_LassDalia
0x0823D910	rom	sParty_LassJoana
0x0823D918	rom	sParty_CamperRiley
0x0823D928	rom	sParty_PicnickerMarcy
0x0823D940	rom	sParty_RuinManiacLayton
0x0823D958	rom	sParty_PicnickerKelsey2
0x0823D968	rom	sParty_PicnickerKelsey3
0x0823D978	rom	sParty_PicnickerKelsey4
0x0823D988	rom	sParty_CamperRicky2
0x0823D990	rom	sParty_CamperRicky3
0x0823D998	rom	sParty_CamperRicky4
0x0823D9A0	rom	sParty_CamperJeff2
0x0823D9B0	rom	sParty_CamperJeff3
0x0823D9C0	rom	sParty_CamperJeff4
0x0823D9D0	rom	sParty_PicnickerIsabelle2
0x0823D9E8	rom	sParty_PicnickerIsabelle3
0x0823DA00	rom	sParty_PicnickerIsabelle4
0x0823DA18	rom	sParty_YoungsterYasu2
0x0823DA30	rom	sParty_YoungsterYasu3
0x0823DA48	rom	sParty_EngineerBernie2
0x0823DA60	rom	sParty_GamerDarian2
0x0823DA70	rom	sParty_CamperChris2
0x0823DA80	rom	sParty_CamperChris3
0x0823DA90	rom	sParty_CamperChris4
0x0823DAA0	rom	sParty_PicnickerAlicia2
0x0823DAA8	rom	sParty_PicnickerAlicia3
0x0823DAB0	rom	sParty_PicnickerAlicia4
0x0823DAB8	rom	sParty_HikerJeremy2
0x0823DAC8	rom	sParty_PokemaniacMark3
0x0823DAD8	rom	sParty_PokemaniacHerman2
0x0823DAE8	rom	sParty_PokemaniacHerman3
0x0823DAF8	rom	sParty_HikerTrent2
0x0823DB08	rom	sParty_LassMegan2
0x0823DB30	rom	sParty_LassMegan3
0x0823DB58	rom	sParty_SuperNerdGlenn2
0x0823DB70	rom	sParty_GamerRich2
0x0823DB80	rom	sParty_BikerJaren2
0x0823DB90	rom	sParty_FishermanElliot2
0x0823DBB0	rom	sParty_RockerLuca2
0x0823DBC0	rom	sParty_BeautySheila2
0x0823DBD0	rom	sParty_BirdKeeperRobert2
0x0823DBF0	rom	sParty_BirdKeeperRobert3
0x0823DC10	rom	sParty_PicnickerSusie2
0x0823DC38	rom	sParty_PicnickerSusie3
0x0823DC60	rom	sParty_PicnickerSusie4
0x0823DC88	rom	sParty_BikerLukas2
0x0823DCA8	rom	sParty_BirdKeeperBenny2
0x0823DCB8	rom	sParty_BirdKeeperBenny3
0x0823DCC8	rom	sParty_BirdKeeperMarlon2
0x0823DCE0	rom	sParty_BirdKeeperMarlon3
0x0823DCF8	rom	sParty_BeautyGrace2
0x0823DD08	rom	sParty_BirdKeeperChester2
0x0823DD20	rom	sParty_BirdKeeperChester3
0x0823DD38	rom	sParty_PicnickerBecky2
0x0823DD48	rom	sParty_PicnickerBecky3
0x0823DD58	rom	sParty_PicnickerBecky4
0x0823DD68	rom	sParty_CrushKinRonMya2
0x0823DD78	rom	sParty_CrushKinRonMya3
0x0823DD88	rom	sParty_CrushKinRonMya4
0x0823DD98	rom	sParty_BikerRuben2
0x0823DDB0	rom	sParty_CueBallCamron2
0x0823DDC0	rom	sParty_BikerJaxon2
0x0823DDD0	rom	sParty_CueBallIsaiah2
0x0823DDE0	rom	sParty_CueBallCorey2
0x0823DDF0	rom	sParty_BirdKeeperJacob2
0x0823DE10	rom	sParty_BirdKeeperJacob3
0x0823DE30	rom	sParty_SwimmerFemaleAlice2
0x0823DE40	rom	sParty_SwimmerMaleDarrin2
0x0823DE60	rom	sParty_PicnickerMissy2
0x0823DE70	rom	sParty_PicnickerMissy3
0x0823DE80	rom	sParty_FishermanWade2
0x0823DEB0	rom	sParty_SwimmerMaleJack2
0x0823DEB8	rom	sParty_SisAndBroLilIan2
0x0823DEC8	rom	sParty_SisAndBroLilIan3
0x0823DED8	rom	sParty_SwimmerMaleFinn2
0x0823DEE0	rom	sParty_CrushGirlSharon2
0x0823DEF0	rom	sParty_CrushGirlSharon3
0x0823DF00	rom	sParty_CrushGirlTanya2
0x0823DF10	rom	sParty_CrushGirlTanya3
0x0823DF20	rom	sParty_BlackBeltShea2
0x0823DF30	rom	sParty_BlackBeltShea3
0x0823DF40	rom	sParty_BlackBeltHugh2
0x0823DF50	rom	sParty_BlackBeltHugh3
0x0823DF60	rom	sParty_CrushKinMikKia2
0x0823DF70	rom	sParty_CrushKinMikKia3
0x0823DF80	rom	sParty_TuberAmira2
0x0823DF98	rom	sParty_TwinsJoyMeg2
0x0823DFA8	rom	sParty_PainterRayna2
0x0823DFB8	rom	sParty_YoungsterDestin2
0x0823DFC8	rom	sParty_PkmnBreederAlize2
0x0823DFE0	rom	sParty_YoungCoupleGiaJes2
0x0823DFF0	rom	sParty_YoungCoupleGiaJes3
0x0823E000	rom	sParty_BirdKeeperMilo2
0x0823E010	rom	sParty_BirdKeeperChaz2
0x0823E020	rom	sParty_BirdKeeperHarold2
0x0823E030	rom	sParty_SwimmerFemaleNicole2
0x0823E038	rom	sParty_PsychicJaclyn2
0x0823E068	rom	sParty_SwimmerMaleSamir2
0x0823E070	rom	sParty_HikerEarl2
0x0823E080	rom	sParty_RuinManiacLarry2
0x0823E090	rom	sParty_PokemaniacHector2
0x0823E0A0	rom	sParty_PsychicDario2
0x0823E0B0	rom	sParty_PsychicRodette2
0x0823E0E0	rom	sParty_JugglerMason2
0x0823E100	rom	sParty_PkmnRangerNicolas2
0x0823E120	rom	sParty_PkmnRangerMadeline2
0x0823E140	rom	sParty_CrushGirlCyndy2
0x0823E158	rom	sParty_TamerEvan2
0x0823E170	rom	sParty_PkmnRangerJackson2
0x0823E1A0	rom	sParty_PkmnRangerKatelyn2
0x0823E1B0	rom	sParty_CooltrainerLeroy2
0x0823E200	rom	sParty_CooltrainerMichelle2
0x0823E250	rom	sParty_CoolCoupleLexNya2
0x0823E270	rom	sParty_BugCatcherColton2
0x0823E288	rom	sParty_BugCatcherColton3
0x0823E2A0	rom	sParty_BugCatcherColton4
0x0823E2B8	rom	sParty_SwimmerMaleMatthew2
0x0823E2C8	rom	sParty_SwimmerMaleTony2
0x0823E2D8	rom	sParty_SwimmerFemaleMelissa2
0x0823E2E8	rom	sParty_EliteFourLorelei2
0x0823E338	rom	sParty_EliteFourBruno2
0x0823E388	rom	sParty_EliteFourAgatha2
0x0823E3D8	rom	sParty_EliteFourLance2
0x0823E428	rom	sParty_ChampionRematchSquirtle
0x0823E488	rom	sParty_ChampionRematchBulbasaur
0x0823E4E8	rom	sParty_ChampionRematchCharmander
0x0823E548	rom	sParty_CueBallPaxton
0x0823E558	rom	gTrainerClassNames
0x0823EAC8	rom	gTrainers
0x08245EE0	rom	gSpeciesNames
0x08247094	rom	gMoveNames
0x0824829C	rom	sUnused
0x082482A0	rom	sVsLetter_V_OamData
0x082482A8	rom	sVsLetter_S_OamData
0x082482B0	rom	sVsLetterAffineAnimCmds0
0x082482C0	rom	sVsLetterAffineAnimCmds1
0x082482E0	rom	sVsLetterAffineAnimTable
0x082482E8	rom	sVsLetter_V_SpriteTemplate
0x08248300	rom	sVsLetter_S_SpriteTemplate
0x08248318	rom	sVsLettersSpriteSheet
0x08248320	rom	gBattleBgTemplates
0x08248330	rom	sStandardBattleWindowTemplates
0x08248400	rom	sBattleTerrainPalette_Grass
0x0824844C	rom	sBattleTerrainTiles_Grass
0x082489A8	rom	sBattleTerrainTilemap_Grass
0x08248C68	rom	sBattleTerrainAnimTiles_Grass
0x08248F58	rom	sBattleTerrainAnimTilemap_Grass
0x08249074	rom	sBattleTerrainPalette_LongGrass
0x082490C4	rom	sBattleTerrainTiles_LongGrass
0x08249620	rom	sBattleTerrainTilemap_LongGrass
0x082498DC	rom	sBattleTerrainAnimTiles_LongGrass
0x08249E10	rom	sBattleTerrainAnimTilemap_LongGrass
0x08249F98	rom	sBattleTerrainPalette_Sand
0x08249FE4	rom	sBattleTerrainTiles_Sand
0x0824A37C	rom	sBattleTerrainTilemap_Sand
0x0824A618	rom	sBattleTerrainAnimTiles_Sand
0x0824A844	rom	sBattleTerrainAnimTilemap_Sand
0x0824A940	rom	sBattleTerrainPalette_Underwater
0x0824A990	rom	sBattleTerrainTiles_Underwater
0x0824ACD0	rom	sBattleTerrainTilemap_Underwater
0x0824AF70	rom	sBattleTerrainAnimTiles_Underwater
0x0824B0DC	rom	sBattleTerrainAnimTilemap_Underwater
0x0824B19C	rom	sBattleTerrainPalette_Water
0x0824B1EC	rom	sBattleTerrainTiles_Water
0x0824B608	rom	sBattleTerrainTilemap_Water
0x0824B8A8	rom	sBattleTerrainAnimTiles_Water
0x0824BBE0	rom	sBattleTerrainAnimTilemap_Water
0x0824BCE0	rom	sBattleTerrainPalette_Pond
0x0824BD38	rom	sBattleTerrainTiles_Pond
0x0824C07C	rom	sBattleTerrainTilemap_Pond
0x0824C314	rom	sBattleTerrainAnimTiles_Pond
0x0824C520	rom	sBattleTerrainAnimTilemap_Pond
0x0824C5D8	rom	sBattleTerrainPalette_Mountain
0x0824C624	rom	sBattleTerrainTiles_Mountain
0x0824C958	rom	sBattleTerrainTilemap_Mountain
0x0824CBF8	rom	sBattleTerrainAnimTiles_Mountain
0x0824CEC8	rom	sBattleTerrainAnimTilemap_Mountain
0x0824CF98	rom	sBattleTerrainPalette_Cave
0x0824CFEC	rom	sBattleTerrainTiles_Cave
0x0824D418	rom	sBattleTerrainTilemap_Cave
0x0824D6B8	rom	sBattleTerrainAnimTiles_Cave
0x0824DC98	rom	sBattleTerrainAnimTilemap_Cave
0x0824DDF0	rom	sBattleTerrainPalette_Building
0x0824DE34	rom	sBattleTerrainTiles_Building
0x0824E16C	rom	sBattleTerrainTilemap_Building
0x0824E410	rom	sBattleTerrainAnimTiles_Building
0x0824E490	rom	sBattleTerrainAnimTilemap_Building
0x0824E528	rom	sBattleTerrainPalette_Link
0x0824E56C	rom	sBattleTerrainPalette_Gym
0x0824E5B8	rom	sBattleTerrainPalette_Leader
0x0824E604	rom	sBattleTerrainPalette_Indoor2
0x0824E650	rom	sBattleTerrainPalette_Indoor1
0x0824E6A4	rom	sBattleTerrainPalette_Lorelei
0x0824E6F0	rom	sBattleTerrainPalette_Bruno
0x0824E740	rom	sBattleTerrainPalette_Agatha
0x0824E78C	rom	sBattleTerrainPalette_Lance
0x0824E7DC	rom	sBattleTerrainPalette_Champion
0x0824E81C	rom	sBattleTerrainPalette_Plain
0x0824E858	rom	sBattleTerrainTiles_Indoor
0x0824EB90	rom	sBattleTerrainTilemap_Indoor
0x0824EE34	rom	sBattleTerrainTable
0x0824EFC4	rom	sMapBattleSceneMapping
0x0824EFE4	rom	sIntroScanlineParams16Bit
0x0824EFF0	rom	gUnknownDebugSprite
0x0824F008	rom	sText_ShedinjaJpnName
0x0824F010	rom	gOamData_BattlerOpponent
0x0824F018	rom	gOamData_BattlerPlayer
0x0824F020	rom	sAnim_Unused
0x0824F028	rom	sAnims_Unused
0x0824F02C	rom	sAffineAnim_Unused
0x0824F044	rom	sAffineAnims_Unused
0x0824F048	rom	sPlayerThrowXTranslation
0x0824F050	rom	gTypeEffectiveness
0x0824F1A0	rom	gTypeNames
0x0824F220	rom	gTrainerMoneyTable
0x0824F3C4	rom	sNoneDescription
0x0824F3D8	rom	sStenchDescription
0x0824F3F2	rom	sDrizzleDescription
0x0824F40A	rom	sSpeedBoostDescription
0x0824F422	rom	sBattleArmorDescription
0x0824F438	rom	sSturdyDescription
0x0824F452	rom	sDampDescription
0x0824F46D	rom	sLimberDescription
0x0824F481	rom	sSandVeilDescription
0x0824F49D	rom	sStaticDescription
0x0824F4B3	rom	sVoltAbsorbDescription
0x0824F4CE	rom	sWaterAbsorbDescription
0x0824F4E5	rom	sObliviousDescription
0x0824F4FA	rom	sCloudNineDescription
0x0824F513	rom	sCompoundEyesDescription
0x0824F524	rom	sInsomniaDescription
0x0824F534	rom	sColorChangeDescription
0x0824F550	rom	sImmunityDescription
0x0824F564	rom	sFlashFireDescription
0x0824F57E	rom	sShieldDustDescription
0x0824F596	rom	sOwnTempoDescription
0x0824F5AA	rom	sSuctionCupsDescription
0x0824F5C3	rom	sIntimidateDescription
0x0824F5DC	rom	sShadowTagDescription
0x0824F5F7	rom	sRoughSkinDescription
0x0824F607	rom	sWonderGuardDescription
0x0824F61F	rom	sLevitateDescription
0x0824F63A	rom	sEffectSporeDescription
0x0824F654	rom	sSynchronizeDescription
0x0824F66F	rom	sClearBodyDescription
0x0824F68B	rom	sNaturalCureDescription
0x0824F6A5	rom	sLightningRodDescription
0x0824F6BD	rom	sSereneGraceDescription
0x0824F6D5	rom	sSwiftSwimDescription
0x0824F6EB	rom	sChlorophyllDescription
0x0824F705	rom	sIlluminateDescription
0x0824F71F	rom	sTraceDescription
0x0824F737	rom	sHugePowerDescription
0x0824F746	rom	sPoisonPointDescription
0x0824F75E	rom	sInnerFocusDescription
0x0824F772	rom	sMagmaArmorDescription
0x0824F785	rom	sWaterVeilDescription
0x0824F795	rom	sMagnetPullDescription
0x0824F7AF	rom	sSoundproofDescription
0x0824F7C9	rom	sRainDishDescription
0x0824F7E5	rom	sSandStreamDescription
0x0824F7FA	rom	sPressureDescription
0x0824F811	rom	sThickFatDescription
0x0824F82B	rom	sEarlyBirdDescription
0x0824F847	rom	sFlameBodyDescription
0x0824F861	rom	sRunAwayDescription
0x0824F878	rom	sKeenEyeDescription
0x0824F893	rom	sHyperCutterDescription
0x0824F8AE	rom	sPickupDescription
0x0824F8C1	rom	sTruantDescription
0x0824F8DD	rom	sHustleDescription
0x0824F8F8	rom	sCuteCharmDescription
0x0824F90F	rom	sPlusDescription
0x0824F925	rom	sMinusDescription
0x0824F93A	rom	sForecastDescription
0x0824F954	rom	sStickyHoldDescription
0x0824F969	rom	sShedSkinDescription
0x0824F985	rom	sGutsDescription
0x0824F99E	rom	sMarvelScaleDescription
0x0824F9B8	rom	sLiquidOozeDescription
0x0824F9D0	rom	sOvergrowDescription
0x0824F9EC	rom	sBlazeDescription
0x0824FA07	rom	sTorrentDescription
0x0824FA23	rom	sSwarmDescription
0x0824FA3D	rom	sRockHeadDescription
0x0824FA55	rom	sDroughtDescription
0x0824FA71	rom	sArenaTrapDescription
0x0824FA83	rom	sVitalSpiritDescription
0x0824FA93	rom	sWhiteSmokeDescription
0x0824FAAF	rom	sPurePowerDescription
0x0824FABE	rom	sShellArmorDescription
0x0824FAD4	rom	sCacophonyDescription
0x0824FAEE	rom	sAirLockDescription
0x0824FB08	rom	gAbilityDescriptionPointers
0x0824FC40	rom	gAbilityNames
0x08250038	rom	sTurnActionsFuncsTable
0x08250070	rom	sEndTurnFuncsTable
0x08250094	rom	gStatusConditionString_PoisonJpn
0x0825009C	rom	gStatusConditionString_SleepJpn
0x082500A4	rom	gStatusConditionString_ParalysisJpn
0x082500AC	rom	gStatusConditionString_BurnJpn
0x082500B4	rom	gStatusConditionString_IceJpn
0x082500BC	rom	gStatusConditionString_ConfusionJpn
0x082500C4	rom	gStatusConditionString_LoveJpn
0x082500CC	rom	gStatusConditionStringsTable
0x08250104	rom	sSoundMovesTable
0x0825011C	rom	gBattleScriptingCommandsTable
0x082504FC	rom	sAccuracyStageRatios
0x08250530	rom	sCriticalHitChance
0x0825053C	rom	sStatusFlagsForMoveEffects
0x0825062C	rom	sMoveEffectBS_Ptrs
0x082506C8	rom	sUnusedWinTemplate
0x082506D0	rom	sLevelUpBanner_Pal
0x082506F0	rom	sLevelUpBanner_Gfx
0x082507B8	rom	sRubyLevelUpStatBoxStats
0x082507C0	rom	sOamData_MonIconOnLvlUpBanner
0x082507C8	rom	sSpriteTemplate_MonIconOnLvlUpBanner
0x082507E0	rom	sProtectSuccessRates
0x082507E8	rom	sMovesForbiddenToCopy
0x08250810	rom	sFlailHpScaleToPowerTable
0x0825081C	rom	sNaturePowerMoves
0x08250830	rom	sWeightToDamageTable
0x08250848	rom	sPickupItems
0x08250888	rom	sTerrainToType
0x08250892	rom	sBallCatchBonuses
0x08250898	rom	sJPText_Turn
0x0825089C	rom	sPlayerBufferCommands
0x08250980	rom	sTargetIdentities
0x08250984	rom	sUnused
0x0825098C	rom	sSmokescreenImpactSpriteSheet
0x08250994	rom	sSmokescreenImpactSpritePalette
0x0825099C	rom	sOamData_SmokescreenImpact
0x082509A4	rom	sAnim_SmokescreenImpact_0
0x082509B4	rom	sAnim_SmokescreenImpact_1
0x082509C4	rom	sAnim_SmokescreenImpact_2
0x082509D4	rom	sAnim_SmokescreenImpact_3
0x082509E4	rom	sAnims_SmokescreenImpact
0x082509F4	rom	sSmokescreenImpactSpriteTemplate
0x08250A0C	rom	gSpriteSheet_EnemyShadow
0x08250A14	rom	sOamData_EnemyShadow
0x08250A1C	rom	gSpriteTemplate_EnemyShadow
0x08250A34	rom	sOpponentBufferCommands
0x08250B18	rom	sUnused
0x08250B20	rom	sLinkOpponentBufferCommands
0x08250C04	rom	gBattleMoves
0x08251CA8	rom	sCombinedMoves
0x08251CB8	rom	sSpeciesToHoennPokedexNum
0x08251FEE	rom	sSpeciesToNationalPokedexNum
0x08252324	rom	sHoennToNationalOrder
0x0825265C	rom	sSpindaSpotGraphics
0x082526EC	rom	sItemEffect_Potion
0x082526F3	rom	sItemEffect_Antidote
0x082526F9	rom	sItemEffect_BurnHeal
0x082526FF	rom	sItemEffect_IceHeal
0x08252705	rom	sItemEffect_Awakening
0x0825270B	rom	sItemEffect_ParalyzeHeal
0x08252711	rom	sItemEffect_FullRestore
0x08252718	rom	sItemEffect_MaxPotion
0x0825271F	rom	sItemEffect_HyperPotion
0x08252726	rom	sItemEffect_SuperPotion
0x0825272D	rom	sItemEffect_FullHeal
0x08252733	rom	sItemEffect_Revive
0x0825273A	rom	sItemEffect_MaxRevive
0x08252741	rom	sItemEffect_FreshWater
0x08252748	rom	sItemEffect_SodaPop
0x0825274F	rom	sItemEffect_Lemonade
0x08252756	rom	sItemEffect_MoomooMilk
0x0825275D	rom	sItemEffect_EnergyPowder
0x08252767	rom	sItemEffect_EnergyRoot
0x08252771	rom	sItemEffect_HealPowder
0x0825277A	rom	sItemEffect_RevivalHerb
0x08252784	rom	sItemEffect_Ether
0x0825278B	rom	sItemEffect_MaxEther
0x08252792	rom	sItemEffect_Elixir
0x08252799	rom	sItemEffect_MaxElixir
0x082527A0	rom	sItemEffect_LavaCookie
0x082527A6	rom	sItemEffect_BlueFlute
0x082527AC	rom	sItemEffect_YellowFlute
0x082527B2	rom	sItemEffect_RedFlute
0x082527B8	rom	sItemEffect_BerryJuice
0x082527BF	rom	sItemEffect_SacredAsh
0x082527C6	rom	sItemEffect_HPUp
0x082527D0	rom	sItemEffect_Protein
0x082527DA	rom	sItemEffect_Iron
0x082527E4	rom	sItemEffect_Carbos
0x082527EE	rom	sItemEffect_Calcium
0x082527F8	rom	sItemEffect_RareCandy
0x08252802	rom	sItemEffect_PPUp
0x0825280B	rom	sItemEffect_Zinc
0x08252815	rom	sItemEffect_PPMax
0x0825281E	rom	sItemEffect_GuardSpec
0x08252826	rom	sItemEffect_DireHit
0x0825282E	rom	sItemEffect_XAttack
0x08252836	rom	sItemEffect_XDefend
0x0825283E	rom	sItemEffect_XSpeed
0x08252846	rom	sItemEffect_XAccuracy
0x0825284E	rom	sItemEffect_XSpecial
0x08252856	rom	sItemEffect_SunStone
0x0825285C	rom	sItemEffect_MoonStone
0x08252862	rom	sItemEffect_FireStone
0x08252868	rom	sItemEffect_ThunderStone
0x0825286E	rom	sItemEffect_WaterStone
0x08252874	rom	sItemEffect_LeafStone
0x0825287A	rom	sItemEffect_CheriBerry
0x08252880	rom	sItemEffect_ChestoBerry
0x08252886	rom	sItemEffect_PechaBerry
0x0825288C	rom	sItemEffect_RawstBerry
0x08252892	rom	sItemEffect_AspearBerry
0x08252898	rom	sItemEffect_LeppaBerry
0x0825289F	rom	sItemEffect_OranBerry
0x082528A6	rom	sItemEffect_PersimBerry
0x082528AC	rom	sItemEffect_LumBerry
0x082528B2	rom	sItemEffect_SitrusBerry
0x082528BC	rom	gItemEffectTable
0x08252B48	rom	sNatureStatTable
0x08252BC8	rom	sTMHMLearnsets
0x082538A8	rom	gFacilityClassToPicIndex
0x0825393E	rom	gFacilityClassToTrainerClass
0x082539D4	rom	sHoennSpeciesIdToCryId
0x08253AE4	rom	gExperienceTables
0x08254784	rom	gSpeciesInfo
0x08257494	rom	sBulbasaurLevelUpLearnset
0x082574AC	rom	sIvysaurLevelUpLearnset
0x082574C8	rom	sVenusaurLevelUpLearnset
0x082574E6	rom	sCharmanderLevelUpLearnset
0x082574FC	rom	sCharmeleonLevelUpLearnset
0x08257514	rom	sCharizardLevelUpLearnset
0x08257532	rom	sSquirtleLevelUpLearnset
0x0825754A	rom	sWartortleLevelUpLearnset
0x08257566	rom	sBlastoiseLevelUpLearnset
0x08257584	rom	sCaterpieLevelUpLearnset
0x0825758A	rom	sMetapodLevelUpLearnset
0x08257590	rom	sButterfreeLevelUpLearnset
0x082575A8	rom	sWeedleLevelUpLearnset
0x082575AE	rom	sKakunaLevelUpLearnset
0x082575B4	rom	sBeedrillLevelUpLearnset
0x082575C8	rom	sPidgeyLevelUpLearnset
0x082575DC	rom	sPidgeottoLevelUpLearnset
0x082575F4	rom	sPidgeotLevelUpLearnset
0x0825760E	rom	sRattataLevelUpLearnset
0x08257620	rom	sRaticateLevelUpLearnset
0x08257634	rom	sSpearowLevelUpLearnset
0x08257648	rom	sFearowLevelUpLearnset
0x0825765E	rom	sEkansLevelUpLearnset
0x08257676	rom	sArbokLevelUpLearnset
0x08257692	rom	sPikachuLevelUpLearnset
0x082576AA	rom	sRaichuLevelUpLearnset
0x082576B4	rom	sSandshrewLevelUpLearnset
0x082576C8	rom	sSandslashLevelUpLearnset
0x082576E0	rom	sNidoranFLevelUpLearnset
0x082576F6	rom	sNidorinaLevelUpLearnset
0x0825770C	rom	sNidoqueenLevelUpLearnset
0x0825771A	rom	sNidoranMLevelUpLearnset
0x08257730	rom	sNidorinoLevelUpLearnset
0x08257746	rom	sNidokingLevelUpLearnset
0x08257754	rom	sClefairyLevelUpLearnset
0x08257770	rom	sClefableLevelUpLearnset
0x0825777A	rom	sVulpixLevelUpLearnset
0x08257792	rom	sNinetalesLevelUpLearnset
0x0825779E	rom	sJigglypuffLevelUpLearnset
0x082577B6	rom	sWigglytuffLevelUpLearnset
0x082577C0	rom	sZubatLevelUpLearnset
0x082577D6	rom	sGolbatLevelUpLearnset
0x082577F2	rom	sOddishLevelUpLearnset
0x08257804	rom	sGloomLevelUpLearnset
0x0825781A	rom	sVileplumeLevelUpLearnset
0x08257826	rom	sParasLevelUpLearnset
0x0825783A	rom	sParasectLevelUpLearnset
0x08257852	rom	sVenonatLevelUpLearnset
0x0825786A	rom	sVenomothLevelUpLearnset
0x08257888	rom	sDiglettLevelUpLearnset
0x0825789E	rom	sDugtrioLevelUpLearnset
0x082578BA	rom	sMeowthLevelUpLearnset
0x082578D0	rom	sPersianLevelUpLearnset
0x082578E8	rom	sPsyduckLevelUpLearnset
0x082578FC	rom	sGolduckLevelUpLearnset
0x08257914	rom	sMankeyLevelUpLearnset
0x0825792C	rom	sPrimeapeLevelUpLearnset
0x0825794A	rom	sGrowlitheLevelUpLearnset
0x08257960	rom	sArcanineLevelUpLearnset
0x0825796C	rom	sPoliwagLevelUpLearnset
0x0825797E	rom	sPoliwhirlLevelUpLearnset
0x08257994	rom	sPoliwrathLevelUpLearnset
0x082579A2	rom	sAbraLevelUpLearnset
0x082579A6	rom	sKadabraLevelUpLearnset
0x082579C0	rom	sAlakazamLevelUpLearnset
0x082579DA	rom	sMachopLevelUpLearnset
0x082579F4	rom	sMachokeLevelUpLearnset
0x08257A10	rom	sMachampLevelUpLearnset
0x08257A2C	rom	sBellsproutLevelUpLearnset
0x08257A42	rom	sWeepinbellLevelUpLearnset
0x08257A5C	rom	sVictreebelLevelUpLearnset
0x08257A6C	rom	sTentacoolLevelUpLearnset
0x08257A80	rom	sTentacruelLevelUpLearnset
0x08257A98	rom	sGeodudeLevelUpLearnset
0x08257AB0	rom	sGravelerLevelUpLearnset
0x08257ACC	rom	sGolemLevelUpLearnset
0x08257AE8	rom	sPonytaLevelUpLearnset
0x08257AFE	rom	sRapidashLevelUpLearnset
0x08257B1C	rom	sSlowpokeLevelUpLearnset
0x08257B34	rom	sSlowbroLevelUpLearnset
0x08257B50	rom	sMagnemiteLevelUpLearnset
0x08257B68	rom	sMagnetonLevelUpLearnset
0x08257B84	rom	sFarfetchdLevelUpLearnset
0x08257B9A	rom	sDoduoLevelUpLearnset
0x08257BAE	rom	sDodrioLevelUpLearnset
0x08257BC6	rom	sSeelLevelUpLearnset
0x08257BD8	rom	sDewgongLevelUpLearnset
0x08257BF4	rom	sGrimerLevelUpLearnset
0x08257C0A	rom	sMukLevelUpLearnset
0x08257C22	rom	sShellderLevelUpLearnset
0x08257C36	rom	sCloysterLevelUpLearnset
0x08257C44	rom	sGastlyLevelUpLearnset
0x08257C5C	rom	sHaunterLevelUpLearnset
0x08257C78	rom	sGengarLevelUpLearnset
0x08257C94	rom	sOnixLevelUpLearnset
0x08257CAE	rom	sDrowzeeLevelUpLearnset
0x08257CC6	rom	sHypnoLevelUpLearnset
0x08257CE4	rom	sKrabbyLevelUpLearnset
0x08257CFA	rom	sKinglerLevelUpLearnset
0x08257D18	rom	sVoltorbLevelUpLearnset
0x08257D30	rom	sElectrodeLevelUpLearnset
0x08257D4C	rom	sExeggcuteLevelUpLearnset
0x08257D62	rom	sExeggutorLevelUpLearnset
0x08257D6E	rom	sCuboneLevelUpLearnset
0x08257D88	rom	sMarowakLevelUpLearnset
0x08257DA8	rom	sHitmonleeLevelUpLearnset
0x08257DC4	rom	sHitmonchanLevelUpLearnset
0x08257DDE	rom	sLickitungLevelUpLearnset
0x08257DF4	rom	sKoffingLevelUpLearnset
0x08257E0A	rom	sWeezingLevelUpLearnset
0x08257E24	rom	sRhyhornLevelUpLearnset
0x08257E3A	rom	sRhydonLevelUpLearnset
0x08257E54	rom	sChanseyLevelUpLearnset
0x08257E6E	rom	sTangelaLevelUpLearnset
0x08257E88	rom	sKangaskhanLevelUpLearnset
0x08257E9E	rom	sHorseaLevelUpLearnset
0x08257EB0	rom	sSeadraLevelUpLearnset
0x08257EC8	rom	sGoldeenLevelUpLearnset
0x08257EE0	rom	sSeakingLevelUpLearnset
0x08257EFA	rom	sStaryuLevelUpLearnset
0x08257F14	rom	sStarmieLevelUpLearnset
0x08257F20	rom	sMrMimeLevelUpLearnset
0x08257F42	rom	sScytherLevelUpLearnset
0x08257F5A	rom	sJynxLevelUpLearnset
0x08257F76	rom	sElectabuzzLevelUpLearnset
0x08257F8A	rom	sMagmarLevelUpLearnset
0x08257FA4	rom	sPinsirLevelUpLearnset
0x08257FBA	rom	sTaurosLevelUpLearnset
0x08257FD0	rom	sMagikarpLevelUpLearnset
0x08257FD8	rom	sGyaradosLevelUpLearnset
0x08257FEC	rom	sLaprasLevelUpLearnset
0x08258006	rom	sDittoLevelUpLearnset
0x0825800A	rom	sEeveeLevelUpLearnset
0x0825801E	rom	sVaporeonLevelUpLearnset
0x08258036	rom	sJolteonLevelUpLearnset
0x0825804E	rom	sFlareonLevelUpLearnset
0x08258066	rom	sPorygonLevelUpLearnset
0x0825807E	rom	sOmanyteLevelUpLearnset
0x08258094	rom	sOmastarLevelUpLearnset
0x082580B0	rom	sKabutoLevelUpLearnset
0x082580C6	rom	sKabutopsLevelUpLearnset
0x082580E4	rom	sAerodactylLevelUpLearnset
0x082580F6	rom	sSnorlaxLevelUpLearnset
0x08258114	rom	sArticunoLevelUpLearnset
0x08258128	rom	sZapdosLevelUpLearnset
0x0825813C	rom	sMoltresLevelUpLearnset
0x08258150	rom	sDratiniLevelUpLearnset
0x08258166	rom	sDragonairLevelUpLearnset
0x08258180	rom	sDragoniteLevelUpLearnset
0x0825819C	rom	sMewtwoLevelUpLearnset
0x082581B4	rom	sMewLevelUpLearnset
0x082581C2	rom	sChikoritaLevelUpLearnset
0x082581D8	rom	sBayleefLevelUpLearnset
0x082581F2	rom	sMeganiumLevelUpLearnset
0x0825820C	rom	sCyndaquilLevelUpLearnset
0x0825821E	rom	sQuilavaLevelUpLearnset
0x08258232	rom	sTyphlosionLevelUpLearnset
0x08258248	rom	sTotodileLevelUpLearnset
0x0825825C	rom	sCroconawLevelUpLearnset
0x08258272	rom	sFeraligatrLevelUpLearnset
0x0825828A	rom	sSentretLevelUpLearnset
0x0825829E	rom	sFurretLevelUpLearnset
0x082582B6	rom	sHoothootLevelUpLearnset
0x082582CA	rom	sNoctowlLevelUpLearnset
0x082582E2	rom	sLedybaLevelUpLearnset
0x082582F8	rom	sLedianLevelUpLearnset
0x08258310	rom	sSpinarakLevelUpLearnset
0x08258326	rom	sAriadosLevelUpLearnset
0x08258340	rom	sCrobatLevelUpLearnset
0x0825835C	rom	sChinchouLevelUpLearnset
0x08258372	rom	sLanturnLevelUpLearnset
0x0825838A	rom	sPichuLevelUpLearnset
0x08258396	rom	sCleffaLevelUpLearnset
0x082583A4	rom	sIgglybuffLevelUpLearnset
0x082583B0	rom	sTogepiLevelUpLearnset
0x082583CA	rom	sTogeticLevelUpLearnset
0x082583EA	rom	sNatuLevelUpLearnset
0x082583FC	rom	sXatuLevelUpLearnset
0x0825840E	rom	sMareepLevelUpLearnset
0x0825841E	rom	sFlaaffyLevelUpLearnset
0x08258430	rom	sAmpharosLevelUpLearnset
0x08258446	rom	sBellossomLevelUpLearnset
0x08258454	rom	sMarillLevelUpLearnset
0x08258468	rom	sAzumarillLevelUpLearnset
0x08258482	rom	sSudowoodoLevelUpLearnset
0x08258496	rom	sPolitoedLevelUpLearnset
0x082584A4	rom	sHoppipLevelUpLearnset
0x082584BA	rom	sSkiploomLevelUpLearnset
0x082584D6	rom	sJumpluffLevelUpLearnset
0x082584F2	rom	sAipomLevelUpLearnset
0x08258508	rom	sSunkernLevelUpLearnset
0x0825851A	rom	sSunfloraLevelUpLearnset
0x0825852E	rom	sYanmaLevelUpLearnset
0x08258546	rom	sWooperLevelUpLearnset
0x0825855C	rom	sQuagsireLevelUpLearnset
0x08258572	rom	sEspeonLevelUpLearnset
0x0825858A	rom	sUmbreonLevelUpLearnset
0x082585A2	rom	sMurkrowLevelUpLearnset
0x082585B4	rom	sSlowkingLevelUpLearnset
0x082585CC	rom	sMisdreavusLevelUpLearnset
0x082585E2	rom	sUnownLevelUpLearnset
0x082585E6	rom	sWobbuffetLevelUpLearnset
0x082585F0	rom	sGirafarigLevelUpLearnset
0x08258606	rom	sPinecoLevelUpLearnset
0x0825861A	rom	sForretressLevelUpLearnset
0x08258632	rom	sDunsparceLevelUpLearnset
0x0825864A	rom	sGligarLevelUpLearnset
0x0825865C	rom	sSteelixLevelUpLearnset
0x08258676	rom	sSnubbullLevelUpLearnset
0x0825868C	rom	sGranbullLevelUpLearnset
0x082586A2	rom	sQwilfishLevelUpLearnset
0x082586BA	rom	sScizorLevelUpLearnset
0x082586D2	rom	sShuckleLevelUpLearnset
0x082586E2	rom	sHeracrossLevelUpLearnset
0x082586F8	rom	sSneaselLevelUpLearnset
0x08258712	rom	sTeddiursaLevelUpLearnset
0x08258728	rom	sUrsaringLevelUpLearnset
0x08258742	rom	sSlugmaLevelUpLearnset
0x08258756	rom	sMagcargoLevelUpLearnset
0x0825876E	rom	sSwinubLevelUpLearnset
0x08258780	rom	sPiloswineLevelUpLearnset
0x08258798	rom	sCorsolaLevelUpLearnset
0x082587AE	rom	sRemoraidLevelUpLearnset
0x082587C0	rom	sOctilleryLevelUpLearnset
0x082587D4	rom	sDelibirdLevelUpLearnset
0x082587D8	rom	sMantineLevelUpLearnset
0x082587EC	rom	sSkarmoryLevelUpLearnset
0x08258802	rom	sHoundourLevelUpLearnset
0x08258818	rom	sHoundoomLevelUpLearnset
0x08258830	rom	sKingdraLevelUpLearnset
0x08258848	rom	sPhanpyLevelUpLearnset
0x0825885C	rom	sDonphanLevelUpLearnset
0x08258870	rom	sPorygon2LevelUpLearnset
0x08258888	rom	sStantlerLevelUpLearnset
0x0825889E	rom	sSmeargleLevelUpLearnset
0x082588B4	rom	sTyrogueLevelUpLearnset
0x082588B8	rom	sHitmontopLevelUpLearnset
0x082588D0	rom	sSmoochumLevelUpLearnset
0x082588E8	rom	sElekidLevelUpLearnset
0x082588FA	rom	sMagbyLevelUpLearnset
0x0825890E	rom	sMiltankLevelUpLearnset
0x08258922	rom	sBlisseyLevelUpLearnset
0x0825893C	rom	sRaikouLevelUpLearnset
0x08258952	rom	sEnteiLevelUpLearnset
0x08258968	rom	sSuicuneLevelUpLearnset
0x0825897E	rom	sLarvitarLevelUpLearnset
0x08258994	rom	sPupitarLevelUpLearnset
0x082589AE	rom	sTyranitarLevelUpLearnset
0x082589C8	rom	sLugiaLevelUpLearnset
0x082589DE	rom	sHoOhLevelUpLearnset
0x082589F4	rom	sCelebiLevelUpLearnset
0x08258A08	rom	sSpecies252LevelUpLearnset
0x08258A0C	rom	sSpecies253LevelUpLearnset
0x08258A10	rom	sSpecies254LevelUpLearnset
0x08258A14	rom	sSpecies255LevelUpLearnset
0x08258A18	rom	sSpecies256LevelUpLearnset
0x08258A1C	rom	sSpecies257LevelUpLearnset
0x08258A20	rom	sSpecies258LevelUpLearnset
0x08258A24	rom	sSpecies259LevelUpLearnset
0x08258A28	rom	sSpecies260LevelUpLearnset
0x08258A2C	rom	sSpecies261LevelUpLearnset
0x08258A30	rom	sSpecies262LevelUpLearnset
0x08258A34	rom	sSpecies263LevelUpLearnset
0x08258A38	rom	sSpecies264LevelUpLearnset
0x08258A3C	rom	sSpecies265LevelUpLearnset
0x08258A40	rom	sSpecies266LevelUpLearnset
0x08258A44	rom	sSpecies267LevelUpLearnset
0x08258A48	rom	sSpecies268LevelUpLearnset
0x08258A4C	rom	sSpecies269LevelUpLearnset
0x08258A50	rom	sSpecies270LevelUpLearnset
0x08258A54	rom	sSpecies271LevelUpLearnset
0x08258A58	rom	sSpecies272LevelUpLearnset
0x08258A5C	rom	sSpecies273LevelUpLearnset
0x08258A60	rom	sSpecies274LevelUpLearnset
0x08258A64	rom	sSpecies275LevelUpLearnset
0x08258A68	rom	sSpecies276LevelUpLearnset
0x08258A6C	rom	sTreeckoLevelUpLearnset
0x08258A84	rom	sGrovyleLevelUpLearnset
0x08258AA2	rom	sSceptileLevelUpLearnset
0x08258AC0	rom	sTorchicLevelUpLearnset
0x08258AD8	rom	sCombuskenLevelUpLearnset
0x08258AF6	rom	sBlazikenLevelUpLearnset
0x08258B18	rom	sMudkipLevelUpLearnset
0x08258B32	rom	sMarshtompLevelUpLearnset
0x08258B52	rom	sSwampertLevelUpLearnset
0x08258B72	rom	sPoochyenaLevelUpLearnset
0x08258B8C	rom	sMightyenaLevelUpLearnset
0x08258BAC	rom	sZigzagoonLevelUpLearnset
0x08258BC6	rom	sLinooneLevelUpLearnset
0x08258BE4	rom	sWurmpleLevelUpLearnset
0x08258BEC	rom	sSilcoonLevelUpLearnset
0x08258BF2	rom	sBeautiflyLevelUpLearnset
0x08258C08	rom	sCascoonLevelUpLearnset
0x08258C0E	rom	sDustoxLevelUpLearnset
0x08258C24	rom	sLotadLevelUpLearnset
0x08258C34	rom	sLombreLevelUpLearnset
0x08258C4A	rom	sLudicoloLevelUpLearnset
0x08258C54	rom	sSeedotLevelUpLearnset
0x08258C64	rom	sNuzleafLevelUpLearnset
0x08258C7A	rom	sShiftryLevelUpLearnset
0x08258C84	rom	sNincadaLevelUpLearnset
0x08258C9A	rom	sNinjaskLevelUpLearnset
0x08258CBA	rom	sShedinjaLevelUpLearnset
0x08258CD0	rom	sTaillowLevelUpLearnset
0x08258CE4	rom	sSwellowLevelUpLearnset
0x08258CFC	rom	sShroomishLevelUpLearnset
0x08258D12	rom	sBreloomLevelUpLearnset
0x08258D30	rom	sSpindaLevelUpLearnset
0x08258D48	rom	sWingullLevelUpLearnset
0x08258D5A	rom	sPelipperLevelUpLearnset
0x08258D76	rom	sSurskitLevelUpLearnset
0x08258D88	rom	sMasquerainLevelUpLearnset
0x08258DA2	rom	sWailmerLevelUpLearnset
0x08258DBC	rom	sWailordLevelUpLearnset
0x08258DDC	rom	sSkittyLevelUpLearnset
0x08258DF6	rom	sDelcattyLevelUpLearnset
0x08258E00	rom	sKecleonLevelUpLearnset
0x08258E1C	rom	sBaltoyLevelUpLearnset
0x08258E34	rom	sClaydolLevelUpLearnset
0x08258E54	rom	sNosepassLevelUpLearnset
0x08258E6A	rom	sTorkoalLevelUpLearnset
0x08258E84	rom	sSableyeLevelUpLearnset
0x08258EA0	rom	sBarboachLevelUpLearnset
0x08258EB8	rom	sWhiscashLevelUpLearnset
0x08258ED6	rom	sLuvdiscLevelUpLearnset
0x08258EEA	rom	sCorphishLevelUpLearnset
0x08258F04	rom	sCrawdauntLevelUpLearnset
0x08258F24	rom	sFeebasLevelUpLearnset
0x08258F2C	rom	sMiloticLevelUpLearnset
0x08258F44	rom	sCarvanhaLevelUpLearnset
0x08258F5A	rom	sSharpedoLevelUpLearnset
0x08258F78	rom	sTrapinchLevelUpLearnset
0x08258F8A	rom	sVibravaLevelUpLearnset
0x08258FA4	rom	sFlygonLevelUpLearnset
0x08258FBE	rom	sMakuhitaLevelUpLearnset
0x08258FDA	rom	sHariyamaLevelUpLearnset
0x08258FFA	rom	sElectrikeLevelUpLearnset
0x08259012	rom	sManectricLevelUpLearnset
0x08259030	rom	sNumelLevelUpLearnset
0x08259046	rom	sCameruptLevelUpLearnset
0x08259062	rom	sSphealLevelUpLearnset
0x0825907E	rom	sSealeoLevelUpLearnset
0x0825909A	rom	sWalreinLevelUpLearnset
0x082590B6	rom	sCacneaLevelUpLearnset
0x082590D4	rom	sCacturneLevelUpLearnset
0x082590F8	rom	sSnoruntLevelUpLearnset
0x08259110	rom	sGlalieLevelUpLearnset
0x0825912E	rom	sLunatoneLevelUpLearnset
0x08259144	rom	sSolrockLevelUpLearnset
0x0825915A	rom	sAzurillLevelUpLearnset
0x08259168	rom	sSpoinkLevelUpLearnset
0x08259180	rom	sGrumpigLevelUpLearnset
0x0825919E	rom	sPlusleLevelUpLearnset
0x082591B6	rom	sMinunLevelUpLearnset
0x082591CE	rom	sMawileLevelUpLearnset
0x082591E8	rom	sMedititeLevelUpLearnset
0x08259202	rom	sMedichamLevelUpLearnset
0x08259228	rom	sSwabluLevelUpLearnset
0x08259240	rom	sAltariaLevelUpLearnset
0x08259260	rom	sWynautLevelUpLearnset
0x08259270	rom	sDuskullLevelUpLearnset
0x08259288	rom	sDusclopsLevelUpLearnset
0x082592A6	rom	sRoseliaLevelUpLearnset
0x082592C6	rom	sSlakothLevelUpLearnset
0x082592DA	rom	sVigorothLevelUpLearnset
0x082592F4	rom	sSlakingLevelUpLearnset
0x0825930E	rom	sGulpinLevelUpLearnset
0x08259326	rom	sSwalotLevelUpLearnset
0x08259346	rom	sTropiusLevelUpLearnset
0x0825935E	rom	sWhismurLevelUpLearnset
0x08259376	rom	sLoudredLevelUpLearnset
0x08259394	rom	sExploudLevelUpLearnset
0x082593B4	rom	sClamperlLevelUpLearnset
0x082593BE	rom	sHuntailLevelUpLearnset
0x082593D0	rom	sGorebyssLevelUpLearnset
0x082593E2	rom	sAbsolLevelUpLearnset
0x082593FA	rom	sShuppetLevelUpLearnset
0x08259410	rom	sBanetteLevelUpLearnset
0x0825942C	rom	sSeviperLevelUpLearnset
0x08259442	rom	sZangooseLevelUpLearnset
0x0825945A	rom	sRelicanthLevelUpLearnset
0x08259472	rom	sAronLevelUpLearnset
0x0825948C	rom	sLaironLevelUpLearnset
0x082594AC	rom	sAggronLevelUpLearnset
0x082594CC	rom	sCastformLevelUpLearnset
0x082594DE	rom	sVolbeatLevelUpLearnset
0x082594F4	rom	sIllumiseLevelUpLearnset
0x0825950A	rom	sLileepLevelUpLearnset
0x08259520	rom	sCradilyLevelUpLearnset
0x0825953C	rom	sAnorithLevelUpLearnset
0x08259552	rom	sArmaldoLevelUpLearnset
0x0825956E	rom	sRaltsLevelUpLearnset
0x08259584	rom	sKirliaLevelUpLearnset
0x082595A2	rom	sGardevoirLevelUpLearnset
0x082595BE	rom	sBagonLevelUpLearnset
0x082595D6	rom	sShelgonLevelUpLearnset
0x082595F6	rom	sSalamenceLevelUpLearnset
0x08259618	rom	sBeldumLevelUpLearnset
0x0825961C	rom	sMetangLevelUpLearnset
0x08259632	rom	sMetagrossLevelUpLearnset
0x0825964E	rom	sRegirockLevelUpLearnset
0x08259662	rom	sRegiceLevelUpLearnset
0x08259676	rom	sRegisteelLevelUpLearnset
0x0825968C	rom	sKyogreLevelUpLearnset
0x082596A4	rom	sGroudonLevelUpLearnset
0x082596BC	rom	sRayquazaLevelUpLearnset
0x082596D4	rom	sLatiasLevelUpLearnset
0x082596EC	rom	sLatiosLevelUpLearnset
0x08259704	rom	sJirachiLevelUpLearnset
0x0825971E	rom	sDeoxysLevelUpLearnset
0x08259738	rom	sChimechoLevelUpLearnset
0x08259754	rom	gEvolutionTable
0x0825D7B4	rom	gLevelUpLearnsets
0x0825DE24	rom	sPokeblockFlavorCompatibilityTable
0x0825DEA1	rom	gPPUpGetMask
0x0825DEA5	rom	gPPUpClearMask
0x0825DEA9	rom	gPPUpAddValues
0x0825DEAD	rom	gStatStageRatios
0x0825DEC7	rom	sText_GameFreak
0x0825DECC	rom	sHoldEffectToType
0x0825DEF0	rom	gSpriteTemplates_Battlers
0x0825DF50	rom	sTrainerBackSpriteTemplates
0x0825DFE0	rom	sSecretBaseFacilityClasses
0x0825DFEA	rom	sGetMonDataEVConstants
0x0825DFF0	rom	sStatsToRaise
0x0825DFF6	rom	sFriendshipEventDeltas
0x0825E014	rom	sHMMoves
0x0825E026	rom	sDeoxysBaseStats
0x0825E032	rom	gUnionRoomFacilityClasses
0x0825E054	rom	sOamData_64x64
0x0825E05C	rom	sSpriteTemplate_64x64
0x0825E074	rom	gSineTable
0x0825E2F4	rom	gSineDegreeTable
0x0825E45C	rom	gBitTable
0x0825E4DC	rom	gInvisibleSpriteTemplate
0x0825E4F4	rom	sSpriteDimensions
0x0825E50C	rom	gCrc16Table
0x0825E70C	rom	gMiscBlank_Gfx
0x0825EF0C	rom	gEggMoves
0x0825F7F4	rom	sDaycareLevelMenuWindowTemplate
0x0825F7FC	rom	sLevelMenuItems
0x0825F814	rom	sDaycareListMenuLevelTemplate
0x0825F82C	rom	sCompatibilityMessages
0x0825F83C	rom	sNewLineText
0x0825F83E	rom	sJapaneseEggNickname
0x0825F842	rom	sEggPalette
0x0825F862	rom	sEggHatchTiles
0x08260062	rom	sEggShardTiles
0x082600E4	rom	sOamData_EggHatch
0x082600EC	rom	sSpriteAnim_EggHatch0
0x082600F4	rom	sSpriteAnim_EggHatch1
0x082600FC	rom	sSpriteAnim_EggHatch2
0x08260104	rom	sSpriteAnim_EggHatch3
0x0826010C	rom	sSpriteAnimTable_EggHatch
0x0826011C	rom	sEggHatch_Sheet
0x08260124	rom	sEggShards_Sheet
0x0826012C	rom	sEgg_SpritePalette
0x08260134	rom	sSpriteTemplate_EggHatch
0x0826014C	rom	sOamData_EggShard
0x08260154	rom	sSpriteAnim_EggShard0
0x0826015C	rom	sSpriteAnim_EggShard1
0x08260164	rom	sSpriteAnim_EggShard2
0x0826016C	rom	sSpriteAnim_EggShard3
0x08260174	rom	sSpriteAnimTable_EggShard
0x08260184	rom	sSpriteTemplate_EggShard
0x0826019C	rom	sBgTemplates_EggHatch
0x082601A4	rom	sWinTemplates_EggHatch
0x082601B4	rom	sYesNoWinTemplate
0x082601BC	rom	sEggShardVelocities
0x08260208	rom	sSpriteSheet_SinglesPlayerHealthbox
0x08260210	rom	sSpriteSheet_SinglesOpponentHealthbox
0x08260218	rom	sSpriteSheets_DoublesPlayerHealthbox
0x08260228	rom	sSpriteSheets_DoublesOpponentHealthbox
0x08260238	rom	sSpriteSheet_SafariHealthbox
0x08260240	rom	sSpriteSheets_HealthBar
0x08260260	rom	sSpritePalettes_HealthBoxHealthBar
0x08260270	rom	sOamData_Healthbox
0x08260278	rom	sHealthboxPlayerSpriteTemplates
0x082602A8	rom	sHealthboxOpponentSpriteTemplates
0x082602D8	rom	sHealthboxSafariSpriteTemplate
0x082602F0	rom	sOamData_Healthbar
0x082602F8	rom	sHealthbarSpriteTemplates
0x08260358	rom	sUnused_Subsprites_0
0x0826036C	rom	sUnused_Subsprites_2
0x08260380	rom	sUnused_Subsprites_1
0x08260388	rom	sUnused_Subsprites_3
0x08260390	rom	sHealthBar_Subsprites_Player
0x08260398	rom	sHealthBar_Subsprites_Opponent
0x082603A4	rom	sUnused_SubspriteTable
0x082603C4	rom	sHealthBar_SubspriteTable
0x082603D4	rom	sStatusSummaryBar_Subsprites_Enter
0x082603E4	rom	sStatusSummaryBar_Subsprites_Exit
0x082603FC	rom	sStatusSummaryBar_SubspriteTable_Enter
0x08260404	rom	sStatusSummaryBar_SubspriteTable_Exit
0x0826040C	rom	sBattleInterface_Unused
0x0826046C	rom	sPartySummaryBarSpriteSheets
0x0826047C	rom	sPartySummaryBarSpritePals
0x0826048C	rom	sPartySummaryBallSpritePals
0x0826049C	rom	sPartySummaryBallSpriteSheets
0x082604AC	rom	sOamData_Healthbox2
0x082604B4	rom	sOamData_PartySummaryBall
0x082604BC	rom	sPartySummaryBarSpriteTemplates
0x082604EC	rom	sPartySummaryBallSpriteTemplates
0x08260540	rom	sText_Slash
0x08260556	rom	sText_HealthboxNickname
0x0826055A	rom	sStatusIconColors
0x08260564	rom	sHealthboxWindowTemplate
0x0826056C	rom	gBallSpriteSheets
0x082605CC	rom	gBallSpritePalettes
0x0826062C	rom	sBallOamData
0x08260634	rom	sBallAnimSeq3
0x0826063C	rom	sBallAnimSeq5
0x08260644	rom	sBallAnimSeq4
0x0826064C	rom	sBallAnimSeq6
0x08260654	rom	sBallAnimSeq0
0x0826065C	rom	sBallAnimSeq1
0x08260668	rom	sBallAnimSeq2
0x08260674	rom	sBallAnimSequences
0x08260690	rom	sAffineAnim_BallRotate_0
0x082606A0	rom	sAffineAnim_BallRotate_Right
0x082606B0	rom	sAffineAnim_BallRotate_Left
0x082606C0	rom	sAffineAnim_BallRotate_3
0x082606D0	rom	sAffineAnim_BallRotate_4
0x082606E0	rom	sAffineAnim_BallRotate
0x082606F4	rom	gBallSpriteTemplates
0x08260814	rom	sSizesAndOffsets
0x08260834	rom	sTradeMovesBoxTilemap
0x08260A32	rom	sTradePartyBoxTilemap
0x08260C30	rom	sTradeStripesBG2Tilemap
0x08261430	rom	sTradeStripesBG3Tilemap
0x08261C30	rom	sOamData_MenuText
0x08261C38	rom	sOamData_Cursor
0x08261C40	rom	sAnim_Cursor_Normal
0x08261C48	rom	sAnim_Cursor_OnCancel
0x08261C50	rom	sAnims_Cursor
0x08261C58	rom	sCursor_SpriteSheet
0x08261C60	rom	sCursor_SpritePalette
0x08261C68	rom	sAnim_MenuText_0
0x08261C70	rom	sAnim_MenuText_1
0x08261C78	rom	sAnim_MenuText_2
0x08261C80	rom	sAnim_MenuText_3
0x08261C88	rom	sAnim_MenuText_4
0x08261C90	rom	sAnim_MenuText_5
0x08261C98	rom	sAnims_MenuText
0x08261CB0	rom	sSpriteTemplate_Cursor
0x08261CC8	rom	sSpriteTemplate_MenuText
0x08261CE0	rom	sMenuText_Pal
0x08261D00	rom	sSpritePalette_MenuText
0x08261D08	rom	sCursorMoveDestinations
0x08261E40	rom	sTradeMonSpriteCoords
0x08261E5A	rom	sTradeMonLevelCoords
0x08261E72	rom	sTradeMonBoxCoords
0x08261E8A	rom	sPlayerNameCoords
0x08261E92	rom	sUnusedCoords
0x08261EB6	rom	sText_Dummy
0x08261EB7	rom	sText_ClrWhtHltTranspShdwDrkGry
0x08261EC1	rom	gText_MaleSymbol4
0x08261EC3	rom	gText_FemaleSymbol4
0x08261EC5	rom	gText_GenderlessSymbol
0x08261EC6	rom	sText_Dummy2
0x08261EC7	rom	sText_Newline
0x08261EC9	rom	sText_Slash
0x08261ECC	rom	sActionTexts
0x08261EE4	rom	sMenuAction_SummaryTrade
0x08261EF4	rom	sMessages
0x08261F18	rom	sTextColor_PartyMonNickname
0x08261F1C	rom	sBgTemplates
0x08261F2C	rom	sWindowTemplates
0x08261FC4	rom	sWindowTemplate_YesNo
0x08261FCC	rom	sDebug_Messages
0x08262034	rom	sText_ShedinjaJP
0x08262039	rom	sDebug_TradeResultTexts
0x08262055	rom	sSelectedMonLevelGenderCoords
0x0826205C	rom	sPokeball_Pal
0x0826207C	rom	sPokeball_Gfx
0x0826267C	rom	sPokeballSymbol_Gfx
0x0826407C	rom	sCableCloseup_Map
0x0826487C	rom	sPokeballSymbol_Map
0x0826497C	rom	sUnusedPal1
0x0826499C	rom	sGba_Pal
0x082649BC	rom	sShadowPalette
0x082649DC	rom	sBlackPalette
0x082649FC	rom	sLinkMon_Pal
0x08264A1C	rom	sLinkMonGlow_Gfx
0x08264C1C	rom	sLinkMonShadow_Gfx
0x08264E1C	rom	sCableEnd_Gfx
0x0826501C	rom	sGbaScreen_Gfx
0x0826601C	rom	gTradeOrHatchMonShadowTilemap
0x0826701C	rom	sGbaAffine_Gfx
0x0826981C	rom	sEmptyGfx
0x0826985C	rom	sGbaAffineMapCable
0x0826995C	rom	sGbaAffineMapWireless
0x08269A5C	rom	sGbaMapWireless
0x0826AA5C	rom	sGbaMapCable
0x0826BA5C	rom	sWirelessCloseup_Map
0x0826BB5C	rom	sWirelessSignalAnimPals_Outbound
0x0826BD5C	rom	sWirelessSignalAnimPals_Inbound
0x0826BF5C	rom	sWirelessSignalAnimPals_Off
0x0826BF7C	rom	sWirelessSignal4bpp
0x0826C60C	rom	sWirelessSignalTilemap
0x0826CD00	rom	sOamData_Pokeball
0x0826CD08	rom	sAnim_Pokeball_SpinOnce
0x0826CD44	rom	sAnim_Pokeball_SpinTwice
0x0826CD80	rom	sAnims_Pokeball
0x0826CD88	rom	sAffineAnim_Pokeball_Normal
0x0826CD98	rom	sAffineAnim_Pokeball_Squish
0x0826CDA8	rom	sAffineAnim_Pokeball_Unsquish
0x0826CDC8	rom	sAffineAnims_Pokeball
0x0826CDD4	rom	sPokeBallSpriteSheet
0x0826CDDC	rom	sTradeBallSpritePal
0x0826CDE4	rom	sSpriteTemplate_Pokeball
0x0826CDFC	rom	sOamData_LinkMonGlow
0x0826CE04	rom	sAnim_LinkMonGlow
0x0826CE0C	rom	sAnims_LinkMonGlow
0x0826CE10	rom	sAffineAnim_LinkMonGlow
0x0826CE28	rom	sAffineAnims_LinkMonGlow
0x0826CE2C	rom	sSpriteSheet_LinkMonGlow
0x0826CE34	rom	sSpritePalette_LinkMon
0x0826CE3C	rom	sSpritePalette_Gba
0x0826CE44	rom	sSpriteTemplate_LinkMonGlow
0x0826CE5C	rom	sOamData_LinkMonShadow
0x0826CE64	rom	sAnim_LinkMonShadow_Big
0x0826CE6C	rom	sAnim_LinkMonShadow_Small
0x0826CE74	rom	sAnims_LinkMonShadow
0x0826CE7C	rom	sSpriteSheet_LinkMonShadow
0x0826CE84	rom	sSpriteTemplate_LinkMonShadow
0x0826CE9C	rom	sOamData_CableEnd
0x0826CEA4	rom	sAnim_CableEnd
0x0826CEAC	rom	sAnims_CableEnd
0x0826CEB0	rom	sSpriteSheet_CableEnd
0x0826CEB8	rom	sSpriteTemplate_CableEnd
0x0826CED0	rom	sOamData_GbaScreen
0x0826CED8	rom	sAnim_GbaScreen_Long
0x0826CEFC	rom	sAnim_GbaScreen_Short
0x0826CF20	rom	sAnims_GbaScreen_Long
0x0826CF24	rom	sAnims_GbaScreen_Short
0x0826CF28	rom	sTradeGBAScreenSpriteSheet
0x0826CF30	rom	sSpriteTemplate_GbaScreenFlash_Long
0x0826CF48	rom	sSpriteTemplate_GbaScreenFlash_Short
0x0826CF60	rom	sLinkMonShadow_Pal
0x0826CF78	rom	sAffineAnim_CrossingMonPic
0x0826CF88	rom	sAffineAnims_CrossingMonPics
0x0826CF8C	rom	sInGameTrades
0x0826D1A8	rom	sInGameTradeMailMessages
0x0826D1BC	rom	sTradeMessageWindowTemplates
0x0826D1CC	rom	gTradeEvolutionSceneYesNoWindowTemplate
0x0826D1D4	rom	sBgTemplates
0x0826D1E4	rom	sTradeBallVerticalVelocityTable
0x0826D250	rom	sWirelessSignalAnimParams
0x0826D294	rom	sWhiteOutMoneyLossMultipliers
0x0826D29E	rom	sWhiteOutMoneyLossBadgeFlagIDs
0x0826D2B0	rom	sDummyWarpData
0x0826D2B8	rom	sUnusedData
0x0826D2D8	rom	gDirectionToVectors
0x0826D320	rom	sOverworldBgTemplates
0x0826D33C	rom	sLinkPlayerMovementModes
0x0826D348	rom	sLinkPlayerFacingHandlers
0x0826D374	rom	sMovementStatusHandler
0x0826D37C	rom	gTilesetTiles_PalletTown
0x0826D7C0	rom	gTilesetPalettes_PalletTown
0x0826D9C0	rom	gTilesetTiles_ViridianCity
0x0826DFC0	rom	gTilesetPalettes_ViridianCity
0x0826E1C0	rom	gTilesetTiles_PewterCity
0x0826EAB8	rom	gTilesetPalettes_PewterCity
0x0826ECB8	rom	gTilesetTiles_CeruleanCity
0x0826F4B8	rom	gTilesetPalettes_CeruleanCity
0x0826F6B8	rom	gTilesetTiles_LavenderTown
0x08270438	rom	gTilesetPalettes_LavenderTown
0x08270638	rom	gTilesetTiles_VermilionCity
0x08270DA0	rom	gTilesetPalettes_VermilionCity
0x08270FA0	rom	gTilesetTiles_CeladonCity
0x08271C74	rom	gTilesetPalettes_CeladonCity
0x08271E74	rom	gTilesetTiles_FuchsiaCity
0x08272A5C	rom	gTilesetPalettes_FuchsiaCity
0x08272C5C	rom	gTilesetTiles_CinnabarIsland
0x08273358	rom	gTilesetPalettes_CinnabarIsland
0x08273558	rom	gTilesetTiles_IndigoPlateau
0x082742D0	rom	gTilesetPalettes_IndigoPlateau
0x082744D0	rom	gTilesetTiles_SaffronCity
0x08275094	rom	gTilesetPalettes_SaffronCity
0x08275294	rom	gTilesetTiles_Building
0x08277694	rom	gTilesetPalettes_Building
0x08277894	rom	gTilesetTiles_Mart
0x08277A5C	rom	gTilesetPalettes_Mart
0x08277C5C	rom	gTilesetTiles_PokemonCenter
0x08278CC4	rom	gTilesetPalettes_PokemonCenter
0x08278EC4	rom	gTilesetTiles_Cave
0x0827A1A8	rom	gTilesetPalettes_Cave
0x0827A3A8	rom	gTilesetTiles_Dummy1
0x0827A3B8	rom	gTilesetPalettes_Dummy1
0x0827A5B8	rom	gTilesetTiles_Museum
0x0827AE14	rom	gTilesetPalettes_Museum
0x0827B014	rom	gTilesetTiles_CableClub
0x0827FF14	rom	gTilesetPalettes_CableClub
0x08280114	rom	gTilesetTiles_BikeShop
0x082804EC	rom	gTilesetPalettes_BikeShop
0x082806EC	rom	gTilesetTiles_Lab
0x08280D00	rom	gTilesetPalettes_Lab
0x08280F00	rom	gTilesetTiles_HoennBuilding
0x082823A4	rom	gTilesetPalettes_HoennBuilding
0x082825A4	rom	gTilesetTiles_GameCorner
0x08282FBC	rom	gTilesetPalettes_GameCorner
0x082831BC	rom	gTilesetTiles_PewterGym
0x082839B0	rom	gTilesetPalettes_PewterGym
0x08283BB0	rom	gTilesetTiles_CeruleanGym
0x08283FF8	rom	gTilesetPalettes_CeruleanGym
0x082841F8	rom	gTilesetTiles_VermilionGym
0x082849B8	rom	gTilesetPalettes_VermilionGym
0x08284BB8	rom	gTilesetTiles_CeladonGym
0x08285150	rom	gTilesetPalettes_CeladonGym
0x08285350	rom	gTilesetTiles_FuchsiaGym
0x082857A4	rom	gTilesetPalettes_FuchsiaGym
0x082859A4	rom	gTilesetTiles_SaffronGym
0x08285D90	rom	gTilesetPalettes_SaffronGym
0x08285F90	rom	gTilesetTiles_CinnabarGym
0x082865D4	rom	gTilesetPalettes_CinnabarGym
0x082867D4	rom	gTilesetTiles_ViridianGym
0x08286BC8	rom	gTilesetPalettes_ViridianGym
0x08286DC8	rom	gTilesetTiles_SSAnne
0x08287B80	rom	gTilesetPalettes_SSAnne
0x08287D80	rom	gTilesetTiles_Dummy2
0x08287D94	rom	gTilesetPalettes_Dummy2
0x08287F94	rom	gTilesetTiles_ViridianForest
0x08288444	rom	gTilesetPalettes_ViridianForest
0x08288644	rom	gTilesetTiles_UnusedGatehouse1
0x08288C60	rom	gTilesetPalettes_UnusedGatehouse1
0x08288E60	rom	gTilesetTiles_RockTunnel
0x08289FC8	rom	gTilesetPalettes_RockTunnel
0x0828A1C8	rom	gTilesetTiles_DiglettsCave
0x0828B250	rom	gTilesetPalettes_DiglettsCave
0x0828B450	rom	gTilesetTiles_SeafoamIslands
0x0828CAA0	rom	gTilesetPalettes_SeafoamIslands
0x0828CCA0	rom	gTilesetTiles_UnusedGatehouse2
0x0828D2BC	rom	gTilesetPalettes_UnusedGatehouse2
0x0828D4BC	rom	gTilesetTiles_CeruleanCave
0x0828E3A4	rom	gTilesetPalettes_CeruleanCave
0x0828E5A4	rom	gTilesetTiles_GenericBuilding2
0x0828EC70	rom	gTilesetPalettes_GenericBuilding2
0x0828EE70	rom	gTilesetTiles_PowerPlant
0x0828F378	rom	gTilesetPalettes_PowerPlant
0x0828F578	rom	gTilesetTiles_SeaCottage
0x0828F9D8	rom	gTilesetPalettes_SeaCottage
0x0828FBD8	rom	gTilesetTiles_Condominiums
0x08290DD0	rom	gTilesetPalettes_Condominiums
0x08290FD0	rom	gTilesetTiles_UndergroundPath
0x08291274	rom	gTilesetPalettes_UndergroundPath
0x08291474	rom	gTilesetTiles_PokemonTower
0x08291AFC	rom	gTilesetPalettes_PokemonTower
0x08291CFC	rom	gTilesetTiles_SafariZoneBuilding
0x082920F0	rom	gTilesetPalettes_SafariZoneBuilding
0x082922F0	rom	gTilesetTiles_PokemonMansion
0x08292FF0	rom	gTilesetPalettes_PokemonMansion
0x082931F0	rom	gTilesetTiles_RestaurantHotel
0x08293660	rom	gTilesetPalettes_RestaurantHotel
0x08293860	rom	gTilesetTiles_School
0x08293B0C	rom	gTilesetPalettes_School
0x08293D0C	rom	gTilesetTiles_FanClubDaycare
0x08294144	rom	gTilesetPalettes_FanClubDaycare
0x08294344	rom	gTilesetTiles_BurgledHouse
0x08294D08	rom	gTilesetPalettes_BurgledHouse
0x08294F08	rom	gTilesetTiles_Dummy3
0x08294F18	rom	gTilesetPalettes_Dummy3
0x08295118	rom	gTilesetTiles_Dummy4
0x0829512C	rom	gTilesetPalettes_Dummy4
0x0829532C	rom	gTilesetTiles_MtEmber
0x082967D4	rom	gTilesetPalettes_MtEmber
0x082969D4	rom	gTilesetTiles_BerryForest
0x08296E90	rom	gTilesetPalettes_BerryForest
0x08297090	rom	gTilesetTiles_NavelRock
0x082983BC	rom	gTilesetPalettes_NavelRock
0x082985BC	rom	gTilesetTiles_TanobyRuins
0x08298970	rom	gTilesetPalettes_TanobyRuins
0x08298B70	rom	gTilesetTiles_SeviiIslands123
0x08299AA4	rom	gTilesetPalettes_SeviiIslands123
0x08299CA4	rom	gTilesetTiles_SeviiIslands45
0x0829AB04	rom	gTilesetPalettes_SeviiIslands45
0x0829AD04	rom	gTilesetTiles_SeviiIslands67
0x0829BD64	rom	gTilesetPalettes_SeviiIslands67
0x0829BF64	rom	gTilesetTiles_TrainerTower
0x0829CEE4	rom	gTilesetPalettes_TrainerTower
0x0829D0E4	rom	gTilesetTiles_IslandHarbor
0x0829D894	rom	gTilesetPalettes_IslandHarbor
0x0829DA94	rom	gTilesetTiles_PokemonLeague
0x0829EA50	rom	gTilesetPalettes_PokemonLeague
0x0829EC50	rom	gTilesetTiles_HallOfFame
0x0829F4C8	rom	gTilesetPalettes_HallOfFame
0x0829F6C8	rom	gMetatiles_General
0x082A1EC8	rom	gMetatileAttributes_General
0x082A28C8	rom	gMetatiles_PalletTown
0x082A2E58	rom	gMetatileAttributes_PalletTown
0x082A2FBC	rom	gMetatiles_ViridianCity
0x082A35AC	rom	gMetatileAttributes_ViridianCity
0x082A3728	rom	gMetatiles_PewterCity
0x082A3C18	rom	gMetatileAttributes_PewterCity
0x082A3D54	rom	gMetatiles_CeruleanCity
0x082A45B4	rom	gMetatileAttributes_CeruleanCity
0x082A47CC	rom	gMetatiles_LavenderTown
0x082A556C	rom	gMetatileAttributes_LavenderTown
0x082A58D4	rom	gMetatiles_VermilionCity
0x082A6354	rom	gMetatileAttributes_VermilionCity
0x082A65F4	rom	gMetatiles_CeladonCity
0x082A74F4	rom	gMetatileAttributes_CeladonCity
0x082A78B4	rom	gMetatiles_FuchsiaCity
0x082A84B4	rom	gMetatileAttributes_FuchsiaCity
0x082A87B4	rom	gMetatiles_CinnabarIsland
0x082A8BB4	rom	gMetatileAttributes_CinnabarIsland
0x082A8CB4	rom	gMetatiles_IndigoPlateau
0x082A97B4	rom	gMetatileAttributes_IndigoPlateau
0x082A9A74	rom	gMetatiles_SaffronCity
0x082AA6F4	rom	gMetatileAttributes_SaffronCity
0x082AAA14	rom	gMetatiles_PewterGym
0x082AB064	rom	gMetatileAttributes_PewterGym
0x082AB1F8	rom	gMetatiles_CeruleanGym
0x082AB738	rom	gMetatileAttributes_CeruleanGym
0x082AB888	rom	gMetatiles_VermilionGym
0x082ABD38	rom	gMetatileAttributes_VermilionGym
0x082ABE64	rom	gMetatiles_CeladonGym
0x082AC264	rom	gMetatileAttributes_CeladonGym
0x082AC364	rom	gMetatiles_FuchsiaGym
0x082AC584	rom	gMetatileAttributes_FuchsiaGym
0x082AC60C	rom	gMetatiles_SaffronGym
0x082AC8EC	rom	gMetatileAttributes_SaffronGym
0x082AC9A4	rom	gMetatiles_CinnabarGym
0x082ACFA4	rom	gMetatileAttributes_CinnabarGym
0x082AD124	rom	gMetatiles_ViridianGym
0x082AD664	rom	gMetatileAttributes_ViridianGym
0x082AD7B4	rom	gMetatiles_Building
0x082AFFB4	rom	gMetatileAttributes_Building
0x082B09B4	rom	gMetatiles_Dummy1
0x082B09D4	rom	gMetatileAttributes_Dummy1
0x082B09DC	rom	gMetatiles_HoennBuilding
0x082B29DC	rom	gMetatileAttributes_HoennBuilding
0x082B31DC	rom	gMetatiles_BikeShop
0x082B347C	rom	gMetatileAttributes_BikeShop
0x082B3524	rom	gMetatiles_Mart
0x082B3954	rom	gMetatileAttributes_Mart
0x082B3A60	rom	gMetatiles_PokemonCenter
0x082B4A50	rom	gMetatileAttributes_PokemonCenter
0x082B4E4C	rom	gMetatiles_GenericBuilding1
0x082B4FCC	rom	gMetatileAttributes_GenericBuilding1
0x082B502C	rom	gMetatiles_Cave
0x082B5A3C	rom	gMetatileAttributes_Cave
0x082B5CC0	rom	gMetatiles_GameCorner
0x082B6640	rom	gMetatileAttributes_GameCorner
0x082B68A0	rom	gMetatiles_Lab
0x082B7390	rom	gMetatileAttributes_Lab
0x082B764C	rom	gMetatiles_SSAnne
0x082B8B4C	rom	gMetatileAttributes_SSAnne
0x082B908C	rom	gMetatiles_Dummy2
0x082B90AC	rom	gMetatileAttributes_Dummy2
0x082B90B4	rom	gMetatiles_ViridianForest
0x082B9364	rom	gMetatileAttributes_ViridianForest
0x082B9410	rom	gMetatiles_UnusedGatehouse1
0x082B9B30	rom	gMetatileAttributes_UnusedGatehouse1
0x082B9CF8	rom	gMetatiles_RockTunnel
0x082BA678	rom	gMetatileAttributes_RockTunnel
0x082BA8D8	rom	gMetatiles_DiglettsCave
0x082BB2A8	rom	gMetatileAttributes_DiglettsCave
0x082BB51C	rom	gMetatiles_SeafoamIslands
0x082BC49C	rom	gMetatileAttributes_SeafoamIslands
0x082BC87C	rom	gMetatiles_UnusedGatehouse2
0x082BCF9C	rom	gMetatileAttributes_UnusedGatehouse2
0x082BD164	rom	gMetatiles_CeruleanCave
0x082BD9C4	rom	gMetatileAttributes_CeruleanCave
0x082BDBDC	rom	gMetatiles_DepartmentStore
0x082BEB3C	rom	gMetatileAttributes_DepartmentStore
0x082BEF14	rom	gMetatiles_GenericBuilding2
0x082BFA94	rom	gMetatileAttributes_GenericBuilding2
0x082BFD74	rom	gMetatiles_PowerPlant
0x082C0704	rom	gMetatileAttributes_PowerPlant
0x082C0968	rom	gMetatiles_SeaCottage
0x082C0D18	rom	gMetatileAttributes_SeaCottage
0x082C0E04	rom	gMetatiles_SilphCo
0x082C25A4	rom	gMetatileAttributes_SilphCo
0x082C2B8C	rom	gMetatiles_UndergroundPath
0x082C300C	rom	gMetatileAttributes_UndergroundPath
0x082C312C	rom	gMetatiles_PokemonTower
0x082C377C	rom	gMetatileAttributes_PokemonTower
0x082C3910	rom	gMetatiles_SafariZoneBuilding
0x082C4110	rom	gMetatileAttributes_SafariZoneBuilding
0x082C4310	rom	gMetatiles_PokemonMansion
0x082C5330	rom	gMetatileAttributes_PokemonMansion
0x082C5738	rom	gMetatiles_Museum
0x082C5FA8	rom	gMetatileAttributes_Museum
0x082C61C4	rom	gMetatiles_CableClub
0x082C71C4	rom	gMetatileAttributes_CableClub
0x082C75C4	rom	gMetatiles_RestaurantHotel
0x082C7C44	rom	gMetatileAttributes_RestaurantHotel
0x082C7DE4	rom	gMetatiles_School
0x082C80C4	rom	gMetatileAttributes_School
0x082C817C	rom	gMetatiles_FanClubDaycare
0x082C8C1C	rom	gMetatileAttributes_FanClubDaycare
0x082C8EC4	rom	gMetatiles_Condominiums
0x082C9C34	rom	gMetatileAttributes_Condominiums
0x082C9F90	rom	gMetatiles_BurgledHouse
0x082CA320	rom	gMetatileAttributes_BurgledHouse
0x082CA404	rom	gMetatiles_Dummy3
0x082CA424	rom	gMetatileAttributes_Dummy3
0x082CA42C	rom	gMetatiles_Dummy4
0x082CA44C	rom	gMetatileAttributes_Dummy4
0x082CA454	rom	gMetatiles_MtEmber
0x082CB274	rom	gMetatileAttributes_MtEmber
0x082CB5FC	rom	gMetatiles_BerryForest
0x082CB89C	rom	gMetatileAttributes_BerryForest
0x082CB944	rom	gMetatiles_NavelRock
0x082CC704	rom	gMetatileAttributes_NavelRock
0x082CCA74	rom	gMetatiles_TanobyRuins
0x082CD054	rom	gMetatileAttributes_TanobyRuins
0x082CD1CC	rom	gMetatiles_SeviiIslands123
0x082CE39C	rom	gMetatileAttributes_SeviiIslands123
0x082CE810	rom	gMetatiles_SeviiIslands45
0x082CF190	rom	gMetatileAttributes_SeviiIslands45
0x082CF3F0	rom	gMetatiles_SeviiIslands67
0x082D02F0	rom	gMetatileAttributes_SeviiIslands67
0x082D06B0	rom	gMetatiles_TrainerTower
0x082D18B0	rom	gMetatileAttributes_TrainerTower
0x082D1D30	rom	gMetatiles_IslandHarbor
0x082D2220	rom	gMetatileAttributes_IslandHarbor
0x082D235C	rom	gMetatiles_PokemonLeague
0x082D3B5C	rom	gMetatileAttributes_PokemonLeague
0x082D415C	rom	gMetatiles_HallOfFame
0x082D48BC	rom	gMetatileAttributes_HallOfFame
0x082D4A94	rom	gTileset_General
0x082D4AAC	rom	gTileset_PalletTown
0x082D4AC4	rom	gTileset_ViridianCity
0x082D4ADC	rom	gTileset_PewterCity
0x082D4AF4	rom	gTileset_CeruleanCity
0x082D4B0C	rom	gTileset_LavenderTown
0x082D4B24	rom	gTileset_VermilionCity
0x082D4B3C	rom	gTileset_CeladonCity
0x082D4B54	rom	gTileset_FuchsiaCity
0x082D4B6C	rom	gTileset_CinnabarIsland
0x082D4B84	rom	gTileset_IndigoPlateau
0x082D4B9C	rom	gTileset_SaffronCity
0x082D4BB4	rom	gTileset_Building
0x082D4BCC	rom	gTileset_Mart
0x082D4BE4	rom	gTileset_PokemonCenter
0x082D4BFC	rom	gTileset_Cave
0x082D4C14	rom	gTileset_Dummy1
0x082D4C2C	rom	gTileset_Museum
0x082D4C44	rom	gTileset_CableClub
0x082D4C5C	rom	gTileset_BikeShop
0x082D4C74	rom	gTileset_GenericBuilding1
0x082D4C8C	rom	gTileset_Lab
0x082D4CA4	rom	gTileset_FuchsiaGym
0x082D4CBC	rom	gTileset_ViridianGym
0x082D4CD4	rom	gTileset_HoennBuilding
0x082D4CEC	rom	gTileset_GameCorner
0x082D4D04	rom	gTileset_PewterGym
0x082D4D1C	rom	gTileset_CeruleanGym
0x082D4D34	rom	gTileset_VermilionGym
0x082D4D4C	rom	gTileset_CeladonGym
0x082D4D64	rom	gTileset_SaffronGym
0x082D4D7C	rom	gTileset_CinnabarGym
0x082D4D94	rom	gTileset_SSAnne
0x082D4DAC	rom	gTileset_Dummy2
0x082D4DC4	rom	gTileset_ViridianForest
0x082D4DDC	rom	gTileset_UnusedGatehouse1
0x082D4DF4	rom	gTileset_RockTunnel
0x082D4E0C	rom	gTileset_DiglettsCave
0x082D4E24	rom	gTileset_SeafoamIslands
0x082D4E3C	rom	gTileset_UnusedGatehouse2
0x082D4E54	rom	gTileset_CeruleanCave
0x082D4E6C	rom	gTileset_DepartmentStore
0x082D4E84	rom	gTileset_GenericBuilding2
0x082D4E9C	rom	gTileset_PowerPlant
0x082D4EB4	rom	gTileset_SeaCottage
0x082D4ECC	rom	gTileset_SilphCo
0x082D4EE4	rom	gTileset_UndergroundPath
0x082D4EFC	rom	gTileset_PokemonTower
0x082D4F14	rom	gTileset_SafariZoneBuilding
0x082D4F2C	rom	gTileset_PokemonMansion
0x082D4F44	rom	gTileset_RestaurantHotel
0x082D4F5C	rom	gTileset_School
0x082D4F74	rom	gTileset_FanClubDaycare
0x082D4F8C	rom	gTileset_Condominiums
0x082D4FA4	rom	gTileset_BurgledHouse
0x082D4FBC	rom	gTileset_Dummy3
0x082D4FD4	rom	gTileset_Dummy4
0x082D4FEC	rom	gTileset_MtEmber
0x082D5004	rom	gTileset_BerryForest
0x082D501C	rom	gTileset_NavelRock
0x082D5034	rom	gTileset_TanobyRuins
0x082D504C	rom	gTileset_SeviiIslands123
0x082D5064	rom	gTileset_SeviiIslands45
0x082D507C	rom	gTileset_SeviiIslands67
0x082D5094	rom	gTileset_TrainerTower
0x082D50AC	rom	gTileset_IslandHarbor
0x082D50C4	rom	gTileset_PokemonLeague
0x082D50DC	rom	gTileset_HallOfFame
0x08352EEC	rom	sDummyConnectionFlags
0x08352EF0	rom	sMetatileAttrMasks
0x08352F10	rom	sMetatileAttrShifts
0x08352F78	rom	sBehaviorSurfable
0x08353068	rom	sTileBitAttributes
0x08353088	rom	sDoorAnimTiles_General
0x08353208	rom	sDoorNullPalette1
0x08353228	rom	sDoorAnimTiles_SlidingSingle
0x083533A8	rom	sDoorNullPalette2
0x083533C8	rom	sDoorAnimTiles_SlidingDouble
0x08353548	rom	sDoorNullPalette3
0x08353568	rom	sDoorAnimTiles_Pallet
0x083536E8	rom	sDoorNullPalette4
0x08353708	rom	sDoorAnimTiles_OaksLab
0x08353888	rom	sDoorNullPalette5
0x083538A8	rom	sDoorAnimTiles_Viridian
0x08353A28	rom	sDoorNullPalette6
0x08353A48	rom	sDoorAnimTiles_Pewter
0x08353BC8	rom	sDoorNullPalette7
0x08353BE8	rom	sDoorAnimTiles_Saffron
0x08353D68	rom	sDoorNullPalette8
0x08353D88	rom	sDoorAnimTiles_SilphCo
0x08353F08	rom	sDoorNullPalette9
0x08353F28	rom	sDoorAnimTiles_Cerulean
0x083540A8	rom	sDoorNullPalette10
0x083540C8	rom	sDoorAnimTiles_Lavender
0x08354248	rom	sDoorNullPalette11
0x08354268	rom	sDoorAnimTiles_Vermilion
0x083543E8	rom	sDoorNullPalette12
0x08354408	rom	sDoorAnimTiles_PokemonFanClub
0x08354588	rom	sDoorNullPalette13
0x083545A8	rom	sDoorAnimTiles_DeptStore
0x08354728	rom	sDoorNullPalette14
0x08354748	rom	sDoorAnimTiles_Fuchsia
0x083548C8	rom	sDoorNullPalette15
0x083548E8	rom	sDoorAnimTiles_SafariZone
0x08354A68	rom	sDoorNullPalette16
0x08354A88	rom	sDoorAnimTiles_CinnabarLab
0x08354C08	rom	sDoorNullPalette17
0x08354C28	rom	sDoorAnimTiles_DeptStoreElevator
0x08354F28	rom	sDoorNullPalette18
0x08354F48	rom	sDoorAnimTiles_CableClub
0x08355248	rom	sDoorNullPalette19
0x08355268	rom	sDoorAnimTiles_HideoutElevator
0x08355568	rom	sDoorNullPalette20
0x08355588	rom	sDoorAnimTiles_SSAnne
0x08355888	rom	sDoorNullPalette21
0x083558A8	rom	sDoorAnimTiles_Empty1
0x08355BA8	rom	sDoorNullPalette22
0x08355BC8	rom	sDoorAnimTiles_Empty2
0x08355EC8	rom	sDoorNullPalette23
0x08355EE8	rom	sDoorAnimTiles_Empty3
0x083561E8	rom	sDoorNullPalette24
0x08356208	rom	sDoorAnimTiles_Empty4
0x08356508	rom	sDoorNullPalette25
0x08356528	rom	sDoorAnimTiles_Empty5
0x08356828	rom	sDoorNullPalette26
0x08356848	rom	sDoorAnimTiles_Empty6
0x08356B48	rom	sDoorNullPalette27
0x08356B68	rom	sDoorAnimTiles_Empty7
0x08356E68	rom	sDoorNullPalette28
0x08356E88	rom	sDoorAnimTiles_Empty8
0x08357008	rom	sDoorNullPalette29
0x08357028	rom	sDoorAnimTiles_Empty9
0x083571A8	rom	sDoorNullPalette30
0x083571C8	rom	sDoorAnimTiles_Empty10
0x08357348	rom	sDoorNullPalette31
0x08357368	rom	sDoorAnimTiles_Empty11
0x083574E8	rom	sDoorNullPalette32
0x08357508	rom	sDoorAnimTiles_Empty12
0x08357688	rom	sDoorNullPalette33
0x083576A8	rom	sDoorAnimTiles_Empty13
0x08357828	rom	sDoorNullPalette34
0x08357848	rom	sDoorAnimTiles_Empty14
0x083579C8	rom	sDoorNullPalette35
0x083579E8	rom	sDoorAnimTiles_Empty15
0x08357B68	rom	sDoorNullPalette36
0x08357B88	rom	sDoorAnimTiles_Empty16
0x08357D08	rom	sDoorNullPalette37
0x08357D28	rom	sDoorAnimTiles_Empty17
0x08357EA8	rom	sDoorNullPalette38
0x08357EC8	rom	sDoorAnimTiles_Empty18
0x08358048	rom	sDoorNullPalette39
0x08358068	rom	sDoorAnimTiles_Empty19
0x083581E8	rom	sDoorNullPalette40
0x08358208	rom	sDoorAnimTiles_Empty20
0x08358388	rom	sDoorNullPalette41
0x083583A8	rom	sDoorAnimTiles_Empty21
0x08358528	rom	sDoorNullPalette42
0x08358548	rom	sDoorAnimTiles_Empty22
0x083586C8	rom	sDoorNullPalette43
0x083586E8	rom	sDoorAnimTiles_Empty23
0x08358868	rom	sDoorNullPalette44
0x08358888	rom	sDoorAnimTiles_Empty24
0x08358A08	rom	sDoorNullPalette45
0x08358A28	rom	sDoorAnimTiles_Empty25
0x08358BA8	rom	sDoorNullPalette46
0x08358BC8	rom	sDoorAnimTiles_Empty26
0x08358D48	rom	sDoorNullPalette47
0x08358D68	rom	sDoorAnimTiles_Empty27
0x08358EE8	rom	sDoorNullPalette48
0x08358F08	rom	sDoorAnimTiles_Empty28
0x08359088	rom	sDoorNullPalette49
0x083590A8	rom	sDoorAnimTiles_Empty29
0x08359228	rom	sDoorNullPalette50
0x08359248	rom	sDoorAnimTiles_Empty30
0x083593C8	rom	sDoorNullPalette51
0x083593E8	rom	sDoorAnimTiles_Empty31
0x08359568	rom	sDoorNullPalette52
0x08359588	rom	sDoorAnimTiles_UnusedTop
0x08359688	rom	sDoorAnimTiles_Empty32
0x08359788	rom	sDoorAnimTiles_UnusedMidTop
0x08359888	rom	sDoorAnimTiles_Empty33
0x08359988	rom	sDoorAnimTiles_UnusedMidBottom
0x08359A88	rom	sDoorAnimTiles_Empty34
0x08359B88	rom	sDoorAnimTiles_UnusedBottom
0x08359C88	rom	sDoorNullPalette53
0x08359CA8	rom	sDoorAnimTiles_SilphCoElevator
0x08359FA8	rom	sDoorNullPalette54
0x08359FC8	rom	sDoorAnimTiles_Sevii123
0x0835A148	rom	sDoorNullPalette55
0x0835A168	rom	sDoorAnimTiles_JoyfulGameCorner
0x0835A2E8	rom	sDoorNullPalette56
0x0835A308	rom	sDoorAnimTiles_OneIslandPokeCenter
0x0835A488	rom	sDoorNullPalette57
0x0835A4A8	rom	sDoorAnimTiles_Sevii45
0x0835A628	rom	sDoorNullPalette58
0x0835A648	rom	sDoorAnimTiles_FourIslandDayCare
0x0835A7C8	rom	sDoorNullPalette59
0x0835A7E8	rom	sDoorAnimTiles_RocketWarehouse
0x0835A968	rom	sDoorNullPalette60
0x0835A988	rom	sDoorAnimTiles_Sevii67
0x0835AB08	rom	sDoorNullPalette61
0x0835AB28	rom	sDoorAnimTiles_Teleporter
0x0835AE28	rom	sDoorNullPalette62
0x0835AE48	rom	sDoorAnimTiles_TrainerTowerLobbyElevator
0x0835B148	rom	sDoorNullPalette63
0x0835B168	rom	sDoorAnimTiles_TrainerTowerRoofElevator
0x0835B468	rom	sDoorNullPalette64
0x0835B488	rom	sDoorAnimFrames_OpenSmall
0x0835B49C	rom	sDoorAnimFrames_OpenLarge
0x0835B4B0	rom	sDoorAnimFrames_CloseSmall
0x0835B4C4	rom	sDoorAnimFrames_CloseLarge
0x0835B4D8	rom	sDoorAnimPalettes_General
0x0835B4E0	rom	sDoorAnimPalettes_SlidingSingle
0x0835B4E8	rom	sDoorAnimPalettes_SlidingDouble
0x0835B4F0	rom	sDoorAnimPalettes_Pallet
0x0835B4F8	rom	sDoorAnimPalettes_OaksLab
0x0835B500	rom	sDoorAnimPalettes_Viridian
0x0835B508	rom	sDoorAnimPalettes_Pewter
0x0835B510	rom	sDoorAnimPalettes_Saffron
0x0835B518	rom	sDoorAnimPalettes_SilphCo
0x0835B520	rom	sDoorAnimPalettes_Cerulean
0x0835B528	rom	sDoorAnimPalettes_Lavender
0x0835B530	rom	sDoorAnimPalettes_Vermilion
0x0835B538	rom	sDoorAnimPalettes_PokemonFanClub
0x0835B540	rom	sDoorAnimPalettes_DeptStore
0x0835B548	rom	sDoorAnimPalettes_Fuchsia
0x0835B550	rom	sDoorAnimPalettes_SafariZone
0x0835B558	rom	sDoorAnimPalettes_CinnabarLab
0x0835B560	rom	sDoorAnimPalettes_DeptStoreElevator
0x0835B568	rom	sDoorAnimPalettes_CableClub
0x0835B570	rom	sDoorAnimPalettes_HideoutElevator
0x0835B578	rom	sDoorAnimPalettes_SSAnne
0x0835B580	rom	sDoorAnimPalettes_SilphCoElevator
0x0835B588	rom	sDoorAnimPalettes_Sevii123
0x0835B590	rom	sDoorAnimPalettes_JoyfulGameCorner
0x0835B598	rom	sDoorAnimPalettes_OneIslandPokeCenter
0x0835B5A0	rom	sDoorAnimPalettes_Sevii45
0x0835B5A8	rom	sDoorAnimPalettes_FourIslandDayCare
0x0835B5B0	rom	sDoorAnimPalettes_RocketWarehouse
0x0835B5B8	rom	sDoorAnimPalettes_Sevii67
0x0835B5C0	rom	sDoorAnimPalettes_Teleporter
0x0835B5C8	rom	sDoorAnimPalettes_TrainerTowerLobbyElevator
0x0835B5D0	rom	sDoorAnimPalettes_TrainerTowerRoofElevator
0x0835B5D8	rom	sDoorGraphics
0x0835B764	rom	sForcedMovementFuncs
0x0835B814	rom	sPlayerNotOnBikeFuncs
0x0835B820	rom	sQuestLogSurfDismountActionIds
0x0835B828	rom	sAcroBikeTrickMetatiles
0x0835B83C	rom	sAcroBikeTrickCollisionTypes
0x0835B844	rom	sPlayerAvatarTransitionFuncs
0x0835B864	rom	sArrowWarpMetatileBehaviorChecks
0x0835B874	rom	sPlayerAvatarGfxIds
0x0835B880	rom	sHoennLinkPartnerGfxIds
0x0835B882	rom	sPlayerAvatarGfxToStateFlag
0x0835B88E	rom	sPlayerAvatarVsSeekerBikeGfxIds
0x0835B890	rom	sArrowWarpMetatileBehaviorChecks2
0x0835B8A0	rom	sBoulderTaskSteps
0x0835B8AC	rom	sPlayerAvatarSecretBaseMatJump
0x0835B8B0	rom	sPlayerAvatarSecretBaseMatSpin
0x0835B8CC	rom	sFishingStateFuncs
0x0835B918	rom	dot.471
0x0835B92C	rom	sTeleportFacingDirectionSequence
0x0835B934	rom	gReflectionEffectPaletteMap
0x0835B944	rom	gCameraSpriteTemplate
0x0835B95C	rom	gCameraObjectFuncs
0x0835B968	rom	gObjectEventPal_Player
0x0835B988	rom	gObjectEventPal_PlayerUnused
0x0835B9A8	rom	gObjectEventPaletteNull1
0x0835B9C8	rom	gObjectEventPaletteNull2
0x0835B9E8	rom	gObjectEventPaletteNull3
0x0835BA08	rom	gObjectEventPaletteNull4
0x0835BA28	rom	gObjectEventPaletteNull5
0x0835BA48	rom	gObjectEventPaletteNull6
0x0835BA68	rom	gObjectEventPaletteNull7
0x0835BA88	rom	gObjectEventPaletteNull8
0x0835BAA8	rom	gObjectEventPaletteNull9
0x0835BAC8	rom	gObjectEventPaletteNull10
0x0835BAE8	rom	gObjectEventPaletteNull11
0x0835BB08	rom	gObjectEventPaletteNull12
0x0835BB28	rom	gObjectEventPaletteNull13
0x0835BB48	rom	gObjectEventPaletteNull14
0x0835BB68	rom	gObjectEventPic_RedNormal
0x0835C468	rom	gObjectEventPic_RedSurfRun
0x0835D268	rom	gObjectEventPic_GreenNormal
0x0835DB68	rom	gObjectEventPic_GreenSurfRun
0x0835E968	rom	gObjectEventPal_PlayerReflection
0x0835E988	rom	gObjectEventPal_BridgeReflection
0x0835E9A8	rom	gObjectEventPic_RedItem
0x0835F2A8	rom	gObjectEventPic_GreenItem
0x0835FBA8	rom	gObjectEventPic_RedSurf
0x08360DA8	rom	gObjectEventPic_GreenSurf
0x08361FA8	rom	gObjectEventPic_RedBike
0x083631A8	rom	gObjectEventPic_RedVSSeekerBike
0x08363DA8	rom	gObjectEventPic_GreenBike
0x08364FA8	rom	gObjectEventPic_GreenVSSeekerBike
0x08365BA8	rom	gObjectEventPic_RSBrendan
0x083664A8	rom	gObjectEventPic_RSMay
0x08366DA8	rom	gObjectEventPic_RedFish
0x083685A8	rom	gObjectEventPic_GreenFish
0x08369DA8	rom	gObjectEventPic_Pokedex
0x08369E28	rom	gObjectEventPic_TownMap
0x08369F28	rom	gObjectEventPic_UnusedMan
0x0836A228	rom	gObjectEventPic_Giovanni
0x0836AB28	rom	gObjectEventPic_Blaine
0x0836AE28	rom	gObjectEventPic_Sabrina
0x0836B128	rom	gObjectEventPic_Daisy
0x0836BA28	rom	gObjectEventPic_Lorelei
0x0836C328	rom	gObjectEventPic_Erika
0x0836C628	rom	gObjectEventPic_Koga
0x0836C928	rom	gObjectEventPic_Brock
0x0836CC28	rom	gObjectEventPic_LtSurge
0x0836CF28	rom	gObjectEventPic_Bill
0x0836D828	rom	gObjectEventPal_NpcBlue
0x0836D848	rom	gObjectEventPal_NpcPink
0x0836D868	rom	gObjectEventPal_NpcGreen
0x0836D888	rom	gObjectEventPal_NpcWhite
0x0836D8A8	rom	gObjectEventPal_NpcBlueReflection
0x0836D8C8	rom	gObjectEventPal_NpcPinkReflection
0x0836D8E8	rom	gObjectEventPal_NpcGreenReflection
0x0836D908	rom	gObjectEventPal_NpcWhiteReflection
0x0836D928	rom	gObjectEventPic_LittleBoy
0x0836DDA8	rom	gObjectEventPic_LittleGirl
0x0836E2A8	rom	gObjectEventPic_SittingBoy
0x0836E5A8	rom	gObjectEventPic_Lass
0x0836EFA8	rom	gObjectEventPic_Youngster
0x0836F9A8	rom	gObjectEventPic_Boy
0x083703A8	rom	gObjectEventPic_Woman1
0x08370DA8	rom	gObjectEventPic_Woman3
0x083716A8	rom	gObjectEventPic_BugCatcher
0x083720A8	rom	gObjectEventPic_CrushGirl
0x08372AA8	rom	gObjectEventPic_RichBoy
0x083733A8	rom	gObjectEventPic_FatMan
0x08373CA8	rom	gObjectEventPic_BaldingMan
0x083746A8	rom	gObjectEventPic_Woman2
0x083750A8	rom	gObjectEventPic_OldMan1
0x08375AA8	rom	gObjectEventPic_OldManLyingDown
0x08375CA8	rom	gObjectEventPic_WorkerM
0x083766A8	rom	gObjectEventPic_WorkerF
0x083770A8	rom	gObjectEventPic_Beauty
0x08377AA8	rom	gObjectEventPic_Chef
0x083783A8	rom	gObjectEventPic_OldMan2
0x08378CA8	rom	gObjectEventPic_OldWoman
0x083795A8	rom	gObjectEventPic_Camper
0x08379FA8	rom	gObjectEventPic_Picnicker
0x0837A9A8	rom	gObjectEventPic_CooltrainerM
0x0837B3A8	rom	gObjectEventPic_CooltrainerF
0x0837BDA8	rom	gObjectEventPic_Psyduck
0x0837BF28	rom	gObjectEventPic_PokeManiac
0x0837C928	rom	gObjectEventPic_Channeler
0x0837D328	rom	gObjectEventPic_RocketF
0x0837DC28	rom	gObjectEventPic_SwimmerMWater
0x0837E628	rom	gObjectEventPic_SwimmerFWater
0x0837F028	rom	gObjectEventPic_SwimmerMLand
0x0837FA28	rom	gObjectEventPic_SwimmerFLand
0x08380428	rom	gObjectEventPic_BlackBelt
0x08380E28	rom	gObjectEventPic_Scientist
0x08381828	rom	gObjectEventPic_Gentleman
0x08382228	rom	gObjectEventPic_Sailor
0x08382C28	rom	gObjectEventPic_Captain
0x08383528	rom	gObjectEventPic_Fisher
0x08383F28	rom	gObjectEventPic_TeachyTVHost
0x08384828	rom	gObjectEventPic_UnusedWoman
0x08385128	rom	gObjectEventPic_TuberF
0x08385628	rom	gObjectEventPic_TuberMWater
0x08385B28	rom	gObjectEventPic_TuberMLand
0x08386028	rom	gObjectEventPic_Hiker
0x08386A28	rom	gObjectEventPic_Biker
0x08387E28	rom	gObjectEventPic_GymGuy
0x08388728	rom	gObjectEventPic_Man
0x08389128	rom	gObjectEventPic_Rocker
0x08389B28	rom	gObjectEventPic_ProfOak
0x0838A428	rom	gObjectEventPic_Blue
0x0838AD28	rom	gObjectEventPic_Nurse
0x0838B128	rom	gObjectEventPic_CableClubReceptionist
0x0838B428	rom	gObjectEventPic_UnionRoomReceptionist
0x0838B728	rom	gObjectEventPic_UnusedMaleReceptionist
0x0838BA28	rom	gObjectEventPic_ItemBall
0x0838BAA8	rom	gObjectEventPic_MrFuji
0x0838C3A8	rom	gObjectEventPic_Bruno
0x0838C6A8	rom	gObjectEventPic_Clerk
0x0838CFA8	rom	gObjectEventPic_MGDeliveryman
0x0838D2A8	rom	gObjectEventPic_TrainerTowerDude
0x0838D5A8	rom	gObjectEventPic_Cameraman
0x0838DEA8	rom	gObjectEventPic_RocketM
0x0838E7A8	rom	gObjectEventPic_Celio
0x0838F0A8	rom	gObjectEventPic_Lapras
0x0838F228	rom	gObjectEventPic_Zapdos
0x0838F428	rom	gObjectEventPic_Moltres
0x0838F628	rom	gObjectEventPic_Articuno
0x0838F828	rom	gObjectEventPic_Mewtwo
0x0838F8A8	rom	gObjectEventPic_Mew
0x0838F928	rom	gObjectEventPic_Entei
0x0838F9A8	rom	gObjectEventPic_Raikou
0x0838FA28	rom	gObjectEventPic_Suicune
0x0838FAA8	rom	gObjectEventPic_Lugia
0x0838FEA8	rom	gObjectEventPic_HoOh
0x083902A8	rom	gObjectEventPic_Celebi
0x08390328	rom	gObjectEventPic_DeoxysD
0x08390728	rom	gObjectEventPic_DeoxysA
0x08390B28	rom	gObjectEventPic_DeoxysN
0x08390F28	rom	gObjectEventPic_Agatha
0x08391228	rom	gObjectEventPic_Misty
0x08391528	rom	gObjectEventPic_Lance
0x08391828	rom	gObjectEventPic_GBAKid
0x08391B28	rom	gObjectEventPic_Mom
0x08391E28	rom	gObjectEventPic_Pidgeot
0x08391FA8	rom	gObjectEventPic_Omanyte
0x08392128	rom	gObjectEventPic_Kangaskhan
0x083922A8	rom	gObjectEventPic_NidoranF
0x08392428	rom	gObjectEventPic_NidoranM
0x083925A8	rom	gObjectEventPic_Nidorino
0x08392728	rom	gObjectEventPic_Meowth
0x083928A8	rom	gObjectEventPic_Seel
0x08392A28	rom	gObjectEventPic_Voltorb
0x08392BA8	rom	gObjectEventPic_Slowpoke
0x08392D28	rom	gObjectEventPic_Slowbro
0x08392EA8	rom	gObjectEventPic_Machop
0x08393028	rom	gObjectEventPic_Wigglytuff
0x083931A8	rom	gObjectEventPic_Doduo
0x08393328	rom	gObjectEventPic_Fearow
0x083934A8	rom	gObjectEventPic_Kabuto
0x08393628	rom	gObjectEventPic_Machoke
0x083937A8	rom	gObjectEventPic_Snorlax
0x083939A8	rom	gObjectEventPic_Spearow
0x08393B28	rom	gObjectEventPic_Cubone
0x08393CA8	rom	gObjectEventPic_Poliwrath
0x08393E28	rom	gObjectEventPic_Chansey
0x08393FA8	rom	gObjectEventPic_Pikachu
0x08394128	rom	gObjectEventPic_Jigglypuff
0x083942A8	rom	gObjectEventPic_Pidgey
0x08394428	rom	gObjectEventPic_Clefairy
0x083945A8	rom	gObjectEventPic_CutTree
0x083947A8	rom	gObjectEventPic_RockSmashRock
0x083949A8	rom	gObjectEventPic_StrengthBoulder
0x08394A28	rom	gObjectEventPic_Fossil
0x08394AA8	rom	gObjectEventPic_Ruby
0x08394B28	rom	gObjectEventPic_Sapphire
0x08394BA8	rom	gObjectEventPic_OldAmber
0x08394C28	rom	gObjectEventPic_GymSign
0x08394D28	rom	gObjectEventPic_Sign
0x08394DA8	rom	gObjectEventPic_WoodenSign
0x08394E28	rom	gObjectEventPic_Clipboard
0x08394EA8	rom	gObjectEventPal_Meteorite
0x08394EC8	rom	gObjectEventPic_BirthIslandStone
0x083950C8	rom	gObjectEventPic_LaprasDoll
0x083952C8	rom	gObjectEventPal_Seagallop
0x083952E8	rom	gObjectEventPic_Seagallop
0x08395AE8	rom	gObjectEventPal_SSAnne
0x08395B08	rom	gObjectEventPic_SSAnne
0x08396B08	rom	gObjectEventPic_SurfBlob
0x08397708	rom	gObjectEventPic_Policeman
0x08398008	rom	gObjectEventPal_RSQuintyPlump
0x08398028	rom	gObjectEventPal_RSQuintyPlumpReflection
0x08398048	rom	gFieldEffectObjectPic_ShadowSmall
0x08398068	rom	gFieldEffectObjectPic_ShadowMedium
0x083980A8	rom	gFieldEffectObjectPic_ShadowLarge
0x08398128	rom	gFieldEffectObjectPic_ShadowExtraLarge
0x08398528	rom	sFiller1
0x08398648	rom	gFieldEffectObjectPic_CutGrass
0x08398668	rom	gFieldEffectObjectPic_CutGrass2
0x08398688	rom	gFieldEffectPal_CutGrass
0x083986A8	rom	gFieldEffectObjectPic_Ripple
0x08398928	rom	gFieldEffectObjectPic_Ash
0x08398BA8	rom	gFieldEffectObjectPic_Arrow
0x08398FA8	rom	gFieldEffectObjectPalette0
0x08398FC8	rom	gFieldEffectObjectPalette1
0x08398FE8	rom	sFiller2
0x08399008	rom	gFieldEffectObjectPic_GroundImpactDust
0x083990C8	rom	gFieldEffectObjectPic_UnusedGrass3
0x08399188	rom	gFieldEffectObjectPic_JumpTallGrass
0x08399288	rom	gFieldEffectObjectPic_UnusedGrass4
0x08399488	rom	gFieldEffectObjectPic_JumpLongGrass
0x08399788	rom	gFieldEffectObjectPic_UnusedGrass
0x08399C08	rom	gFieldEffectObjectPic_UnusedGrass2
0x08399E08	rom	gFieldEffectObjectPic_LongGrass
0x0839A008	rom	gFieldEffectObjectPic_TallGrass
0x0839A288	rom	gFieldEffectObjectPic_ShortGrass
0x0839A388	rom	gFieldEffectObjectPic_SandFootprints
0x0839A488	rom	gFieldEffectObjectPic_DeepSandFootprints
0x0839A588	rom	gFieldEffectObjectPic_BikeTireTracks
0x0839A788	rom	gFieldEffectObjectPic_UnusedSand
0x0839A988	rom	gFieldEffectObjectPic_SandPile
0x0839AA48	rom	gFieldEffectObjectPic_JumpBigSplash
0x0839AC48	rom	gFieldEffectObjectPic_Splash
0x0839ACC8	rom	gFieldEffectObjectPic_JumpSmallSplash
0x0839AD88	rom	gFieldEffectObjectPic_WaterSurfacing
0x0839B008	rom	gFieldEffectObjectPic_TreeDisguise
0x0839B708	rom	gFieldEffectObjectPic_MountainDisguise
0x0839BE08	rom	gFieldEffectObjectPic_SandDisguisePlaceholder
0x0839C508	rom	gFieldEffectObjectPic_HotSpringsWater
0x0839C588	rom	gFieldEffectPal_Ash
0x0839C5A8	rom	gFieldEffectObjectPic_AshPuff
0x0839C828	rom	gFieldEffectObjectPic_AshLaunch
0x0839CAA8	rom	gFieldEffectObjectPic_Bubbles
0x0839D2A8	rom	gFieldEffectObjectPic_SmallSparkle
0x0839D3A8	rom	gFieldEffectPal_SmallSparkle
0x0839D3C8	rom	gFieldEffectObjectPic_Bird
0x0839FBC8	rom	sMovementTypeCallbacks
0x0839FD0C	rom	gRangedMovementTypes
0x0839FD5D	rom	gInitialMovementTypeFacingDirections
0x0839FDB0	rom	gObjectEventGraphicsInfoPointers
0x083A0010	rom	gFieldEffectObjectTemplatePointers
0x083A00A0	rom	sPicTable_RedNormal
0x083A0140	rom	sPicTable_RedBike
0x083A0188	rom	sPicTable_GreenNormal
0x083A0228	rom	sPicTable_GreenBike
0x083A0270	rom	sPicTable_RedSurf
0x083A02D0	rom	sPicTable_GreenSurf
0x083A0330	rom	sPicTable_RedItem
0x083A0378	rom	sPicTable_GreenItem
0x083A03C0	rom	sPicTable_RedVSSeekerBike
0x083A03F0	rom	sPicTable_GreenVSSeekerBike
0x083A0420	rom	sPicTable_RSBrendan
0x083A0470	rom	sPicTable_RSMay
0x083A04C0	rom	sPicTable_Policeman
0x083A0508	rom	sPicTable_LittleBoy
0x083A0550	rom	sPicTable_LittleGirl
0x083A05A0	rom	sPicTable_SittingBoy
0x083A05E8	rom	sPicTable_Lass
0x083A0638	rom	sPicTable_Youngster
0x083A0688	rom	sPicTable_Woman1
0x083A06D8	rom	sPicTable_Woman3
0x083A0720	rom	sPicTable_CrushGirl
0x083A0770	rom	sPicTable_BugCatcher
0x083A07C0	rom	sPicTable_FatMan
0x083A0808	rom	sPicTable_BaldingMan
0x083A0858	rom	sPicTable_Woman2
0x083A08A8	rom	sPicTable_OldMan1
0x083A08F8	rom	sPicTable_WorkerM
0x083A0940	rom	sPicTable_WorkerF
0x083A0988	rom	sPicTable_Beauty
0x083A09D8	rom	sPicTable_Chef
0x083A0A20	rom	sPicTable_OldMan2
0x083A0A70	rom	sPicTable_OldManLyingDown
0x083A0AB8	rom	sPicTable_OldWoman
0x083A0B00	rom	sPicTable_Camper
0x083A0B50	rom	sPicTable_Picnicker
0x083A0BA0	rom	sPicTable_CooltrainerM
0x083A0BF0	rom	sPicTable_CooltrainerF
0x083A0C40	rom	sPicTable_Boy
0x083A0C90	rom	sPicTable_PokeManiac
0x083A0CE0	rom	sPicTable_Channeler
0x083A0D30	rom	sPicTable_RocketF
0x083A0D78	rom	sPicTable_SwimmerMWater
0x083A0DC8	rom	sPicTable_SwimmerFWater
0x083A0E18	rom	sPicTable_SwimmerMLand
0x083A0E68	rom	sPicTable_SwimmerFLand
0x083A0EB8	rom	sPicTable_BlackBelt
0x083A0F08	rom	sPicTable_Scientist
0x083A0F58	rom	sPicTable_Gentleman
0x083A0FA8	rom	sPicTable_Sailor
0x083A0FF8	rom	sPicTable_Captain
0x083A1040	rom	sPicTable_Fisher
0x083A1090	rom	sPicTable_TeachyTVHost
0x083A10D8	rom	sPicTable_UnusedWoman
0x083A1120	rom	sPicTable_TuberF
0x083A1170	rom	sPicTable_TuberMWater
0x083A11C0	rom	sPicTable_TuberMLand
0x083A1210	rom	sPicTable_Hiker
0x083A1260	rom	sPicTable_Biker
0x083A12B0	rom	sPicTable_GymGuy
0x083A12F8	rom	sPicTable_Nurse
0x083A1348	rom	sPicTable_UnusedMaleReceptionist
0x083A1390	rom	sPicTable_ItemBall
0x083A1398	rom	sPicTable_ProfOak
0x083A13E0	rom	sPicTable_Man
0x083A1430	rom	sPicTable_Rocker
0x083A1480	rom	sPicTable_MrFuji
0x083A14C8	rom	sPicTable_Bruno
0x083A1510	rom	sPicTable_CutTree
0x083A1530	rom	sPicTable_Clerk
0x083A1578	rom	sPicTable_MGDeliveryman
0x083A15C0	rom	sPicTable_TrainerTowerDude
0x083A1608	rom	sPicTable_CableClubReceptionist
0x083A1650	rom	sPicTable_UnionRoomReceptionist
0x083A1698	rom	sPicTable_RockSmashRock
0x083A16B8	rom	sPicTable_StrengthBoulder
0x083A16C0	rom	sPicTable_RocketM
0x083A1708	rom	sPicTable_Celio
0x083A1750	rom	sPicTable_Agatha
0x083A1798	rom	sPicTable_Brock
0x083A17E0	rom	sPicTable_Misty
0x083A1828	rom	sPicTable_LtSurge
0x083A1870	rom	sPicTable_Erika
0x083A18B8	rom	sPicTable_Koga
0x083A1900	rom	sPicTable_Giovanni
0x083A1948	rom	sPicTable_Blaine
0x083A1990	rom	sPicTable_Sabrina
0x083A19D8	rom	sPicTable_Bill
0x083A1A20	rom	sPicTable_Daisy
0x083A1A68	rom	sPicTable_Lorelei
0x083A1AB0	rom	sPicTable_Lance
0x083A1AF8	rom	sPicTable_Blue
0x083A1B40	rom	sPicTable_RedFish
0x083A1BA0	rom	sPicTable_GreenFish
0x083A1C00	rom	sPicTable_TownMap
0x083A1C08	rom	sPicTable_Pokedex
0x083A1C10	rom	sPicTable_GBAKid
0x083A1C58	rom	sPicTable_Fossil
0x083A1C60	rom	sPicTable_Ruby
0x083A1C68	rom	sPicTable_Sapphire
0x083A1C70	rom	sPicTable_OldAmber
0x083A1C78	rom	sPicTable_GymSign
0x083A1C80	rom	sPicTable_Sign
0x083A1C88	rom	sPicTable_WoodenSign
0x083A1C90	rom	sPicTable_Clipboard
0x083A1C98	rom	sPicTable_BirthIslandStone
0x083A1CA0	rom	sPicTable_LaprasDoll
0x083A1CA8	rom	sPicTable_Seagallop
0x083A1CF0	rom	sPicTable_SSAnne
0x083A1D38	rom	sPicTable_Snorlax
0x083A1D80	rom	sPicTable_Spearow
0x083A1DC8	rom	sPicTable_Pidgeot
0x083A1E10	rom	sPicTable_Omanyte
0x083A1E58	rom	sPicTable_Kangaskhan
0x083A1EA0	rom	sPicTable_Psyduck
0x083A1EE8	rom	sPicTable_NidoranF
0x083A1F30	rom	sPicTable_NidoranM
0x083A1F78	rom	sPicTable_Nidorino
0x083A1FC0	rom	sPicTable_Meowth
0x083A2008	rom	sPicTable_Seel
0x083A2050	rom	sPicTable_Voltorb
0x083A2098	rom	sPicTable_Slowpoke
0x083A20E0	rom	sPicTable_Slowbro
0x083A2128	rom	sPicTable_Machop
0x083A2170	rom	sPicTable_Wigglytuff
0x083A21B8	rom	sPicTable_Doduo
0x083A2200	rom	sPicTable_Fearow
0x083A2248	rom	sPicTable_Lapras
0x083A2290	rom	sPicTable_Zapdos
0x083A22D8	rom	sPicTable_Moltres
0x083A2320	rom	sPicTable_Articuno
0x083A2368	rom	sPicTable_DeoxysD
0x083A23B0	rom	sPicTable_DeoxysA
0x083A23F8	rom	sPicTable_DeoxysN
0x083A2440	rom	sPicTable_Mewtwo
0x083A2488	rom	sPicTable_Mew
0x083A24D0	rom	sPicTable_Entei
0x083A2518	rom	sPicTable_Raikou
0x083A2560	rom	sPicTable_Suicune
0x083A25A8	rom	sPicTable_Lugia
0x083A25F0	rom	sPicTable_HoOh
0x083A2638	rom	sPicTable_Celebi
0x083A2680	rom	sPicTable_Cubone
0x083A26C8	rom	sPicTable_Poliwrath
0x083A2710	rom	sPicTable_Chansey
0x083A2758	rom	sPicTable_Pikachu
0x083A27A0	rom	sPicTable_Jigglypuff
0x083A27E8	rom	sPicTable_Pidgey
0x083A2830	rom	sPicTable_Clefairy
0x083A2878	rom	sPicTable_Machoke
0x083A28C0	rom	sPicTable_Kabuto
0x083A2908	rom	sPicTable_Mom
0x083A2950	rom	sAnim_StayStill
0x083A2964	rom	sAnim_QuintyPlumpFaceSouth
0x083A296C	rom	sAnim_QuintyPlumpFaceNorth
0x083A2974	rom	sAnim_QuintyPlumpFaceWest
0x083A297C	rom	sAnim_QuintyPlumpFaceEast
0x083A2984	rom	sAnim_QuintyPlumpGoSouth
0x083A2998	rom	sAnim_QuintyPlumpGoNorth
0x083A29AC	rom	sAnim_QuintyPlumpGoWest
0x083A29C0	rom	sAnim_QuintyPlumpGoEast
0x083A29D4	rom	sAnim_QuintyPlumpGoFastSouth
0x083A29E8	rom	sAnim_QuintyPlumpGoFastNorth
0x083A29FC	rom	sAnim_QuintyPlumpGoFastWest
0x083A2A10	rom	sAnim_QuintyPlumpGoFastEast
0x083A2A24	rom	sAnim_QuintyPlumpGoFasterSouth
0x083A2A38	rom	sAnim_QuintyPlumpGoFasterNorth
0x083A2A4C	rom	sAnim_QuintyPlumpGoFasterWest
0x083A2A60	rom	sAnim_QuintyPlumpGoFasterEast
0x083A2A74	rom	sAnim_QuintyPlumpGoFastestSouth
0x083A2A88	rom	sAnim_QuintyPlumpGoFastestNorth
0x083A2A9C	rom	sAnim_QuintyPlumpGoFastestWest
0x083A2AB0	rom	sAnim_QuintyPlumpGoFastestEast
0x083A2AC4	rom	sAnim_FaceSouth
0x083A2ACC	rom	sAnim_FaceNorth
0x083A2AD4	rom	sAnim_FaceWest
0x083A2ADC	rom	sAnim_FaceEast
0x083A2AE4	rom	sAnim_GoSouth
0x083A2AF8	rom	sAnim_GoNorth
0x083A2B0C	rom	sAnim_GoWest
0x083A2B20	rom	sAnim_GoEast
0x083A2B34	rom	sAnim_GoFastSouth
0x083A2B48	rom	sAnim_GoFastNorth
0x083A2B5C	rom	sAnim_GoFastWest
0x083A2B70	rom	sAnim_GoFastEast
0x083A2B84	rom	sAnim_GoFasterSouth
0x083A2B98	rom	sAnim_GoFasterNorth
0x083A2BAC	rom	sAnim_GoFasterWest
0x083A2BC0	rom	sAnim_GoFasterEast
0x083A2BD4	rom	sAnim_GoFastestSouth
0x083A2BE8	rom	sAnim_GoFastestNorth
0x083A2BFC	rom	sAnim_GoFastestWest
0x083A2C10	rom	sAnim_GoFastestEast
0x083A2C24	rom	sAnim_RaiseHand
0x083A2C2C	rom	sAnim_HoOhFlapWings
0x083A2C40	rom	sAnim_HoOhStayStill
0x083A2C48	rom	sAnim_SurfFaceSouth
0x083A2C50	rom	sAnim_SurfFaceNorth
0x083A2C58	rom	sAnim_SurfFaceWest
0x083A2C60	rom	sAnim_SurfFaceEast
0x083A2C68	rom	sAnim_UnknownFaceSouth
0x083A2C70	rom	sAnim_UnknownFaceNorth
0x083A2C78	rom	sAnim_UnknownFaceWest
0x083A2C80	rom	sAnim_UnknownFaceEast
0x083A2C88	rom	sAnim_UnknownGoSouth
0x083A2CAC	rom	sAnim_UnknownGoNorth
0x083A2CD0	rom	sAnim_UnknownGoWest
0x083A2CF4	rom	sAnim_UnknownGoEast
0x083A2D18	rom	sAnim_UnknownGoFastNorth
0x083A2D3C	rom	sAnim_UnknownGoFastSouth
0x083A2D60	rom	sAnim_UnknownGoFastWest
0x083A2D84	rom	sAnim_UnknownGoFastEast
0x083A2DA8	rom	sAnim_UnknownGoFasterNorth
0x083A2DCC	rom	sAnim_UnknownGoFasterSouth
0x083A2DF0	rom	sAnim_UnknownGoFasterWest
0x083A2E14	rom	sAnim_UnknownGoFasterEast
0x083A2E38	rom	sAnim_UnknownGoFastestNorth
0x083A2E5C	rom	sAnim_UnknownGoFastestSouth
0x083A2E80	rom	sAnim_UnknownGoFastestWest
0x083A2EA4	rom	sAnim_UnknownGoFastestEast
0x083A2EC8	rom	sAnim_SpinSouth
0x083A2EE0	rom	sAnim_SpinNorth
0x083A2EF8	rom	sAnim_SpinWest
0x083A2F10	rom	sAnim_SpinEast
0x083A2F28	rom	sAnim_ShakeHeadOrWalkInPlace
0x083A2F40	rom	sAnim_RunSouth
0x083A2F54	rom	sAnim_RunNorth
0x083A2F68	rom	sAnim_RunWest
0x083A2F7C	rom	sAnim_RunEast
0x083A2F90	rom	sAnim_FieldMove
0x083A2FA8	rom	sAnim_VSSeeker
0x083A2FD8	rom	sAnim_VSSeekerBike
0x083A300C	rom	sAnim_GetOnOffSurfSouth
0x083A3014	rom	sAnim_GetOnOffSurfNorth
0x083A301C	rom	sAnim_GetOnOffSurfWest
0x083A3024	rom	sAnim_GetOnOffSurfEast
0x083A302C	rom	sAnim_BunnyHopBackWheelSouth
0x083A3038	rom	sAnim_BunnyHopBackWheelNorth
0x083A3044	rom	sAnim_BunnyHopBackWheelWest
0x083A3050	rom	sAnim_BunnyHopBackWheelEast
0x083A305C	rom	sAnim_BunnyHopFrontWheelSouth
0x083A3068	rom	sAnim_BunnyHopFrontWheelNorth
0x083A3074	rom	sAnim_BunnyHopFrontWheelWest
0x083A3080	rom	sAnim_BunnyHopFrontWheelEast
0x083A308C	rom	sAnim_StandingWheelieBackWheelSouth
0x083A3098	rom	sAnim_StandingWheelieBackWheelNorth
0x083A30A4	rom	sAnim_StandingWheelieBackWheelWest
0x083A30B0	rom	sAnim_StandingWheelieBackWheelEast
0x083A30BC	rom	sAnim_StandingWheelieFrontWheelSouth
0x083A30C8	rom	sAnim_StandingWheelieFrontWheelNorth
0x083A30D4	rom	sAnim_StandingWheelieFrontWheelWest
0x083A30E0	rom	sAnim_StandingWheelieFrontWheelEast
0x083A30EC	rom	sAnim_MovingWheelieSouth
0x083A3100	rom	sAnim_MovingWheelieNorth
0x083A3114	rom	sAnim_MovingWheelieWest
0x083A3128	rom	sAnim_MovingWheelieEast
0x083A313C	rom	sAnim_BerryTreeStage0
0x083A3144	rom	sAnim_BerryTreeStage1
0x083A3150	rom	sAnim_BerryTreeStage2
0x083A315C	rom	sAnim_BerryTreeStage3
0x083A3170	rom	sAnim_BerryTreeStage4
0x083A3184	rom	sAnim_NurseBow
0x083A3194	rom	sAnim_RockBreak
0x083A31A8	rom	sAnim_TreeCut
0x083A31BC	rom	sAnim_TakeOutRodSouth
0x083A31D0	rom	sAnim_TakeOutRodNorth
0x083A31E4	rom	sAnim_TakeOutRodWest
0x083A31F8	rom	sAnim_TakeOutRodEast
0x083A320C	rom	sAnim_PutAwayRodSouth
0x083A3220	rom	sAnim_PutAwayRodNorth
0x083A3234	rom	sAnim_PutAwayRodWest
0x083A3248	rom	sAnim_PutAwayRodEast
0x083A325C	rom	sAnim_HookedPokemonSouth
0x083A3270	rom	sAnim_HookedPokemonNorth
0x083A3284	rom	sAnim_HookedPokemonWest
0x083A3298	rom	sAnim_HookedPokemonEast
0x083A32AC	rom	sAffineAnim_KyogreGroudon_GoSouthStart
0x083A32DC	rom	sAffineAnim_KyogreGroudon_GoSouth
0x083A3314	rom	sAnimTable_Inanimate
0x083A3318	rom	sAnimTable_QuintyPlump
0x083A3368	rom	sAnimTable_Standard
0x083A33BC	rom	sAnimTable_HoOh
0x083A3410	rom	sAnimTable_Unknown
0x083A3470	rom	sAnimTable_RedGreenNormal
0x083A34E4	rom	sAnimTable_AcroBike
0x083A3584	rom	sAnimTable_RedGreenSurf
0x083A35E4	rom	sAnimTable_Nurse
0x083A3638	rom	sAnimTable_RedGreenFieldMove
0x083A363C	rom	sAnimTable_RedGreenVSSeeker
0x083A3640	rom	sAnimTable_RedGreenVSSeekerBike
0x083A3644	rom	sAnimTable_BerryTree
0x083A3658	rom	sAnimTable_RockSmashRock
0x083A3660	rom	sAnimTable_CutTree
0x083A3668	rom	sAnimTable_RedGreenFish
0x083A3698	rom	sStepAnimTables
0x083A36E0	rom	gObjectEventBaseOam_8x8
0x083A36E8	rom	gObjectEventBaseOam_16x8
0x083A36F0	rom	gObjectEventBaseOam_16x16
0x083A36F8	rom	gObjectEventBaseOam_32x16
0x083A3700	rom	gObjectEventBaseOam_32x8
0x083A3708	rom	gObjectEventBaseOam_64x32
0x083A3710	rom	gObjectEventBaseOam_16x32
0x083A3718	rom	gObjectEventBaseOam_32x32
0x083A3720	rom	gObjectEventBaseOam_64x64
0x083A3728	rom	gObjectEventSpriteOamTable_16x16_0
0x083A372C	rom	gObjectEventSpriteOamTable_16x16_1
0x083A3730	rom	gObjectEventSpriteOamTable_16x16_2
0x083A3738	rom	gObjectEventSpriteOamTable_16x16_3
0x083A3740	rom	gObjectEventSpriteOamTable_16x16_4
0x083A3748	rom	gObjectEventSpriteOamTables_16x16
0x083A3778	rom	gObjectEventSpriteOamTable_16x32_0
0x083A377C	rom	gObjectEventSpriteOamTable_16x32_1
0x083A3780	rom	gObjectEventSpriteOamTable_16x32_2
0x083A378C	rom	gObjectEventSpriteOamTable_16x32_3
0x083A3794	rom	gObjectEventSpriteOamTable_16x32_4
0x083A379C	rom	gObjectEventSpriteOamTables_16x32
0x083A37CC	rom	gObjectEventSpriteOamTable_32x32_0
0x083A37D0	rom	gObjectEventSpriteOamTable_32x32_1
0x083A37D4	rom	gObjectEventSpriteOamTable_32x32_2
0x083A37E0	rom	gObjectEventSpriteOamTable_32x32_3
0x083A37E8	rom	gObjectEventSpriteOamTable_32x32_4
0x083A37F0	rom	gObjectEventSpriteOamTables_32x32
0x083A3820	rom	gObjectEventSpriteOamTable_48x48
0x083A3850	rom	gObjectEventSpriteOamTables_48x48
0x083A3880	rom	gObjectEventSpriteOamTable_64x32_0
0x083A3884	rom	gObjectEventSpriteOamTable_64x32_1
0x083A3888	rom	gObjectEventSpriteOamTable_64x32_2
0x083A388C	rom	gObjectEventSpriteOamTable_64x32_3
0x083A3890	rom	gObjectEventSpriteOamTables_64x32
0x083A38C0	rom	gObjectEventSpriteOamTable_64x64_0
0x083A38C4	rom	gObjectEventSpriteOamTable_64x64_1
0x083A38C8	rom	gObjectEventSpriteOamTable_64x64_2
0x083A38CC	rom	gObjectEventSpriteOamTable_64x64_3
0x083A38D0	rom	gObjectEventSpriteOamTables_64x64
0x083A3900	rom	gObjectEventSpriteOamTable_96x40_0
0x083A393C	rom	gObjectEventSpriteOamTable_96x40_1
0x083A3978	rom	gObjectEventSpriteOamTable_96x40_2
0x083A39B4	rom	gObjectEventSpriteOamTable_96x40_3
0x083A39F0	rom	gObjectEventSpriteOamTables_96x40
0x083A3A20	rom	gObjectEventSpriteOamTable_128x64_0
0x083A3A30	rom	gObjectEventSpriteOamTable_128x64_1
0x083A3A40	rom	gObjectEventSpriteOamTable_128x64_2
0x083A3A50	rom	gObjectEventSpriteOamTables_128x64
0x083A3A80	rom	gObjectEventSpriteOamTable_88x32_0
0x083A3AC0	rom	gObjectEventSpriteOamTable_88x32_1
0x083A3B00	rom	gObjectEventSpriteOamTable_88x32_2
0x083A3B40	rom	gObjectEventSpriteOamTable_88x32_3
0x083A3B80	rom	gObjectEventSpriteOamTables_88x32
0x083A3BB0	rom	gObjectEventGraphicsInfo_RedNormal
0x083A3BD4	rom	gObjectEventGraphicsInfo_RedBike
0x083A3BF8	rom	gObjectEventGraphicsInfo_RedSurf
0x083A3C1C	rom	gObjectEventGraphicsInfo_RedFieldMove
0x083A3C40	rom	gObjectEventGraphicsInfo_Policeman
0x083A3C64	rom	gObjectEventGraphicsInfo_RSBrendan
0x083A3C88	rom	gObjectEventGraphicsInfo_RSMay
0x083A3CAC	rom	gObjectEventGraphicsInfo_LittleBoy
0x083A3CD0	rom	gObjectEventGraphicsInfo_LittleGirl
0x083A3CF4	rom	gObjectEventGraphicsInfo_SittingBoy
0x083A3D18	rom	gObjectEventGraphicsInfo_Lass
0x083A3D3C	rom	gObjectEventGraphicsInfo_Youngster
0x083A3D60	rom	gObjectEventGraphicsInfo_Woman1
0x083A3D84	rom	gObjectEventGraphicsInfo_Woman3
0x083A3DA8	rom	gObjectEventGraphicsInfo_Boy
0x083A3DCC	rom	gObjectEventGraphicsInfo_CrushGirl
0x083A3DF0	rom	gObjectEventGraphicsInfo_BugCatcher
0x083A3E14	rom	gObjectEventGraphicsInfo_FatMan
0x083A3E38	rom	gObjectEventGraphicsInfo_BaldingMan
0x083A3E5C	rom	gObjectEventGraphicsInfo_Woman2
0x083A3E80	rom	gObjectEventGraphicsInfo_OldMan1
0x083A3EA4	rom	gObjectEventGraphicsInfo_WorkerM
0x083A3EC8	rom	gObjectEventGraphicsInfo_WorkerF
0x083A3EEC	rom	gObjectEventGraphicsInfo_Beauty
0x083A3F10	rom	gObjectEventGraphicsInfo_Chef
0x083A3F34	rom	gObjectEventGraphicsInfo_OldMan2
0x083A3F58	rom	gObjectEventGraphicsInfo_OldWoman
0x083A3F7C	rom	gObjectEventGraphicsInfo_Camper
0x083A3FA0	rom	gObjectEventGraphicsInfo_Picnicker
0x083A3FC4	rom	gObjectEventGraphicsInfo_CooltrainerM
0x083A3FE8	rom	gObjectEventGraphicsInfo_CooltrainerF
0x083A400C	rom	gObjectEventGraphicsInfo_PokeManiac
0x083A4030	rom	gObjectEventGraphicsInfo_Channeler
0x083A4054	rom	gObjectEventGraphicsInfo_RocketF
0x083A4078	rom	gObjectEventGraphicsInfo_SwimmerMWater
0x083A409C	rom	gObjectEventGraphicsInfo_SwimmerFWater
0x083A40C0	rom	gObjectEventGraphicsInfo_SwimmerMLand
0x083A40E4	rom	gObjectEventGraphicsInfo_SwimmerFLand
0x083A4108	rom	gObjectEventGraphicsInfo_BlackBelt
0x083A412C	rom	gObjectEventGraphicsInfo_Scientist
0x083A4150	rom	gObjectEventGraphicsInfo_Gentleman
0x083A4174	rom	gObjectEventGraphicsInfo_Sailor
0x083A4198	rom	gObjectEventGraphicsInfo_Captain
0x083A41BC	rom	gObjectEventGraphicsInfo_Fisher
0x083A41E0	rom	gObjectEventGraphicsInfo_TeachyTVHost
0x083A4204	rom	gObjectEventGraphicsInfo_UnusedWoman
0x083A4228	rom	gObjectEventGraphicsInfo_TuberF
0x083A424C	rom	gObjectEventGraphicsInfo_TuberMWater
0x083A4270	rom	gObjectEventGraphicsInfo_TuberMLand
0x083A4294	rom	gObjectEventGraphicsInfo_Hiker
0x083A42B8	rom	gObjectEventGraphicsInfo_Biker
0x083A42DC	rom	gObjectEventGraphicsInfo_GymGuy
0x083A4300	rom	gObjectEventGraphicsInfo_Nurse
0x083A4324	rom	gObjectEventGraphicsInfo_UnusedMaleReceptionist
0x083A4348	rom	gObjectEventGraphicsInfo_ItemBall
0x083A436C	rom	gObjectEventGraphicsInfo_ProfOak
0x083A4390	rom	gObjectEventGraphicsInfo_Man
0x083A43B4	rom	gObjectEventGraphicsInfo_Rocker
0x083A43D8	rom	gObjectEventGraphicsInfo_MrFuji
0x083A43FC	rom	gObjectEventGraphicsInfo_Bruno
0x083A4420	rom	gObjectEventGraphicsInfo_OldManLyingDown
0x083A4444	rom	gObjectEventGraphicsInfo_CutTree
0x083A4468	rom	gObjectEventGraphicsInfo_Clerk
0x083A448C	rom	gObjectEventGraphicsInfo_MGDeliveryman
0x083A44B0	rom	gObjectEventGraphicsInfo_TrainerTowerDude
0x083A44D4	rom	gObjectEventGraphicsInfo_CableClubReceptionist
0x083A44F8	rom	gObjectEventGraphicsInfo_UnionRoomReceptionist
0x083A451C	rom	gObjectEventGraphicsInfo_RockSmashRock
0x083A4540	rom	gObjectEventGraphicsInfo_StrengthBoulder
0x083A4564	rom	gObjectEventGraphicsInfo_GreenNormal
0x083A4588	rom	gObjectEventGraphicsInfo_GreenBike
0x083A45AC	rom	gObjectEventGraphicsInfo_GreenSurf
0x083A45D0	rom	gObjectEventGraphicsInfo_GreenFieldMove
0x083A45F4	rom	gObjectEventGraphicsInfo_RedBikeAlt
0x083A4618	rom	gObjectEventGraphicsInfo_RocketM
0x083A463C	rom	gObjectEventGraphicsInfo_Celio
0x083A4660	rom	gObjectEventGraphicsInfo_Agatha
0x083A4684	rom	gObjectEventGraphicsInfo_Brock
0x083A46A8	rom	gObjectEventGraphicsInfo_Misty
0x083A46CC	rom	gObjectEventGraphicsInfo_LtSurge
0x083A46F0	rom	gObjectEventGraphicsInfo_Erika
0x083A4714	rom	gObjectEventGraphicsInfo_Koga
0x083A4738	rom	gObjectEventGraphicsInfo_Giovanni
0x083A475C	rom	gObjectEventGraphicsInfo_Blaine
0x083A4780	rom	gObjectEventGraphicsInfo_Sabrina
0x083A47A4	rom	gObjectEventGraphicsInfo_Bill
0x083A47C8	rom	gObjectEventGraphicsInfo_Daisy
0x083A47EC	rom	gObjectEventGraphicsInfo_Lorelei
0x083A4810	rom	gObjectEventGraphicsInfo_Lance
0x083A4834	rom	gObjectEventGraphicsInfo_Blue
0x083A4858	rom	gObjectEventGraphicsInfo_RedFish
0x083A487C	rom	gObjectEventGraphicsInfo_GreenFish
0x083A48A0	rom	gObjectEventGraphicsInfo_RedVSSeeker
0x083A48C4	rom	gObjectEventGraphicsInfo_RedVSSeekerBike
0x083A48E8	rom	gObjectEventGraphicsInfo_GreenVSSeeker
0x083A490C	rom	gObjectEventGraphicsInfo_GreenVSSeekerBike
0x083A4930	rom	gObjectEventGraphicsInfo_TownMap
0x083A4954	rom	gObjectEventGraphicsInfo_Pokedex
0x083A4978	rom	gObjectEventGraphicsInfo_GBAKid
0x083A499C	rom	gObjectEventGraphicsInfo_Snorlax
0x083A49C0	rom	gObjectEventGraphicsInfo_Fossil
0x083A49E4	rom	gObjectEventGraphicsInfo_Ruby
0x083A4A08	rom	gObjectEventGraphicsInfo_Sapphire
0x083A4A2C	rom	gObjectEventGraphicsInfo_OldAmber
0x083A4A50	rom	gObjectEventGraphicsInfo_GymSign
0x083A4A74	rom	gObjectEventGraphicsInfo_Sign
0x083A4A98	rom	gObjectEventGraphicsInfo_TrainerTips
0x083A4ABC	rom	gObjectEventGraphicsInfo_Clipboard
0x083A4AE0	rom	gObjectEventGraphicsInfo_Meteorite
0x083A4B04	rom	gObjectEventGraphicsInfo_LaprasDoll
0x083A4B28	rom	gObjectEventGraphicsInfo_Spearow
0x083A4B4C	rom	gObjectEventGraphicsInfo_Omanyte
0x083A4B70	rom	gObjectEventGraphicsInfo_Kangaskhan
0x083A4B94	rom	gObjectEventGraphicsInfo_Psyduck
0x083A4BB8	rom	gObjectEventGraphicsInfo_NidoranF
0x083A4BDC	rom	gObjectEventGraphicsInfo_NidoranM
0x083A4C00	rom	gObjectEventGraphicsInfo_Nidorino
0x083A4C24	rom	gObjectEventGraphicsInfo_Meowth
0x083A4C48	rom	gObjectEventGraphicsInfo_Seel
0x083A4C6C	rom	gObjectEventGraphicsInfo_Voltorb
0x083A4C90	rom	gObjectEventGraphicsInfo_Slowpoke
0x083A4CB4	rom	gObjectEventGraphicsInfo_Slowbro
0x083A4CD8	rom	gObjectEventGraphicsInfo_Machop
0x083A4CFC	rom	gObjectEventGraphicsInfo_Wigglytuff
0x083A4D20	rom	gObjectEventGraphicsInfo_Doduo
0x083A4D44	rom	gObjectEventGraphicsInfo_Fearow
0x083A4D68	rom	gObjectEventGraphicsInfo_Lapras
0x083A4D8C	rom	gObjectEventGraphicsInfo_Zapdos
0x083A4DB0	rom	gObjectEventGraphicsInfo_Moltres
0x083A4DD4	rom	gObjectEventGraphicsInfo_Articuno
0x083A4DF8	rom	gObjectEventGraphicsInfo_DeoxysD
0x083A4E1C	rom	gObjectEventGraphicsInfo_DeoxysA
0x083A4E40	rom	gObjectEventGraphicsInfo_DeoxysN
0x083A4E64	rom	gObjectEventGraphicsInfo_Mewtwo
0x083A4E88	rom	gObjectEventGraphicsInfo_Mew
0x083A4EAC	rom	gObjectEventGraphicsInfo_Entei
0x083A4ED0	rom	gObjectEventGraphicsInfo_Raikou
0x083A4EF4	rom	gObjectEventGraphicsInfo_Suicune
0x083A4F18	rom	gObjectEventGraphicsInfo_Lugia
0x083A4F3C	rom	gObjectEventGraphicsInfo_HoOh
0x083A4F60	rom	gObjectEventGraphicsInfo_Celebi
0x083A4F84	rom	gObjectEventGraphicsInfo_Cubone
0x083A4FA8	rom	gObjectEventGraphicsInfo_Machoke
0x083A4FCC	rom	gObjectEventGraphicsInfo_Kabuto
0x083A4FF0	rom	gObjectEventGraphicsInfo_Poliwrath
0x083A5014	rom	gObjectEventGraphicsInfo_Pidgeot
0x083A5038	rom	gObjectEventGraphicsInfo_Chansey
0x083A505C	rom	gObjectEventGraphicsInfo_Pikachu
0x083A5080	rom	gObjectEventGraphicsInfo_Jigglypuff
0x083A50A4	rom	gObjectEventGraphicsInfo_Pidgey
0x083A50C8	rom	gObjectEventGraphicsInfo_Clefairy
0x083A50EC	rom	gObjectEventGraphicsInfo_Mom
0x083A5110	rom	gObjectEventGraphicsInfo_Seagallop
0x083A5134	rom	gObjectEventGraphicsInfo_SSAnne
0x083A5158	rom	sObjectEventSpritePalettes
0x083A51F0	rom	sPlayerReflectionPaletteTags
0x083A51F8	rom	sUnusedPlayerReflectionPaletteTags
0x083A5200	rom	sPlayerUnderwaterReflectionPaletteTags
0x083A5208	rom	gPlayerReflectionPaletteSets
0x083A5228	rom	sRSQuintyPlumpReflectionPaletteTags
0x083A5230	rom	sRSTruckReflectionPaletteTags
0x083A5238	rom	sRSMachokeReflectionPaletteTags
0x083A5240	rom	sRSMovingBoxReflectionPaletteTags
0x083A5248	rom	sMeteoriteReflectionPaletteTags
0x083A5250	rom	sSeagallopReflectionPaletteTags
0x083A5258	rom	sRSSubmarineShadowReflectionPaletteTags
0x083A5260	rom	sRSKyogreReflectionPaletteTags
0x083A5268	rom	sRSGroudonReflectionPaletteTags
0x083A5270	rom	sGreenNPCReflectionPaletteTags
0x083A5278	rom	gSpecialObjectReflectionPaletteSets
0x083A52E0	rom	sObjectPaletteTags0
0x083A52F4	rom	sObjectPaletteTags1
0x083A5308	rom	sObjectPaletteTags2
0x083A531C	rom	sObjectPaletteTags3
0x083A5330	rom	gObjectPaletteTagSets
0x083A5340	rom	gSpritePalette_GeneralFieldEffect0
0x083A5348	rom	gSpritePalette_GeneralFieldEffect1
0x083A5350	rom	sAnim_Shadow
0x083A5358	rom	sAnimTable_Shadow
0x083A535C	rom	sPicTable_ShadowSmall
0x083A5364	rom	sPicTable_ShadowMedium
0x083A536C	rom	sPicTable_ShadowLarge
0x083A5374	rom	sPicTable_ShadowExtraLarge
0x083A537C	rom	gFieldEffectObjectTemplate_ShadowSmall
0x083A5394	rom	gFieldEffectObjectTemplate_ShadowMedium
0x083A53AC	rom	gFieldEffectObjectTemplate_ShadowLarge
0x083A53C4	rom	gFieldEffectObjectTemplate_ShadowExtraLarge
0x083A53DC	rom	sPicTable_TallGrass
0x083A5404	rom	sAnim_TallGrass
0x083A541C	rom	sAnimTable_TallGrass
0x083A5420	rom	gFieldEffectObjectTemplate_TallGrass
0x083A5438	rom	sPicTable_Ripple
0x083A5460	rom	sAnim_Ripple
0x083A5484	rom	sAnimTable_Ripple
0x083A5488	rom	gFieldEffectObjectTemplate_Ripple
0x083A54A0	rom	sPicTable_Ash
0x083A54C8	rom	sAnim_Ash
0x083A54E0	rom	sAnimTable_Ash
0x083A54E4	rom	gFieldEffectObjectTemplate_Ash
0x083A54FC	rom	sPicTable_SurfBlob
0x083A552C	rom	sSurfBlobAnim_FaceSouth
0x083A5538	rom	sSurfBlobAnim_FaceNorth
0x083A5544	rom	sSurfBlobAnim_FaceWest
0x083A5550	rom	sSurfBlobAnim_FaceEast
0x083A555C	rom	sAnimTable_SurfBlob
0x083A556C	rom	gFieldEffectObjectTemplate_SurfBlob
0x083A5584	rom	sPicTable_Arrow
0x083A55C4	rom	sArrowAnim_South
0x083A55D0	rom	sArrowAnim_North
0x083A55DC	rom	sArrowAnim_West
0x083A55E8	rom	sArrowAnim_East
0x083A55F4	rom	sAnimTable_Arrow
0x083A5604	rom	gFieldEffectObjectTemplate_Arrow
0x083A561C	rom	sPicTable_GroundImpactDust
0x083A5634	rom	sAnim_GroundImpactDust
0x083A5644	rom	sAnimTable_GroundImpactDust
0x083A5648	rom	gFieldEffectObjectTemplate_GroundImpactDust
0x083A5660	rom	sPicTable_JumpTallGrass
0x083A5680	rom	sAnim_JumpTallGrass
0x083A5694	rom	sAnimTable_JumpTallGrass
0x083A5698	rom	gFieldEffectObjectTemplate_JumpTallGrass
0x083A56B0	rom	sPicTable_SandFootprints
0x083A56C0	rom	sSandFootprintsAnim_South
0x083A56C8	rom	sSandFootprintsAnim_North
0x083A56D0	rom	sSandFootprintsAnim_West
0x083A56D8	rom	sSandFootprintsAnim_East
0x083A56E0	rom	sAnimTable_SandFootprints
0x083A56F4	rom	gFieldEffectObjectTemplate_SandFootprints
0x083A570C	rom	sPicTable_DeepSandFootprints
0x083A571C	rom	sDeepSandFootprintsAnim_South
0x083A5724	rom	sDeepSandFootprintsAnim_North
0x083A572C	rom	sDeepSandFootprintsAnim_West
0x083A5734	rom	sDeepSandFootprintsAnim_East
0x083A573C	rom	sAnimTable_DeepSandFootprints
0x083A5750	rom	gFieldEffectObjectTemplate_DeepSandFootprints
0x083A5768	rom	sPicTable_BikeTireTracks
0x083A5788	rom	sBikeTireTracksAnim_South
0x083A5790	rom	sBikeTireTracksAnim_North
0x083A5798	rom	sBikeTireTracksAnim_West
0x083A57A0	rom	sBikeTireTracksAnim_East
0x083A57A8	rom	sBikeTireTracksAnim_SECornerTurn
0x083A57B0	rom	sBikeTireTracksAnim_SWCornerTurn
0x083A57B8	rom	sBikeTireTracksAnim_NWCornerTurn
0x083A57C0	rom	sBikeTireTracksAnim_NECornerTurn
0x083A57C8	rom	sAnimTable_BikeTireTracks
0x083A57EC	rom	gFieldEffectObjectTemplate_BikeTireTracks
0x083A5804	rom	sPicTable_JumpBigSplash
0x083A5824	rom	sAnim_JumpBigSplash
0x083A5838	rom	sAnimTable_JumpBigSplash
0x083A583C	rom	gFieldEffectObjectTemplate_JumpBigSplash
0x083A5854	rom	sPicTable_Splash
0x083A5864	rom	sAnim_Splash_0
0x083A5870	rom	sAnim_Splash_1
0x083A5894	rom	sAnimTable_Splash
0x083A589C	rom	gFieldEffectObjectTemplate_Splash
0x083A58B4	rom	sPicTable_JumpSmallSplash
0x083A58CC	rom	sAnim_JumpSmallSplash
0x083A58DC	rom	sAnimTable_JumpSmallSplash
0x083A58E0	rom	gFieldEffectObjectTemplate_JumpSmallSplash
0x083A58F8	rom	sPicTable_LongGrass
0x083A5918	rom	sAnim_LongGrass
0x083A5938	rom	sAnimTable_LongGrass
0x083A593C	rom	gFieldEffectObjectTemplate_LongGrass
0x083A5954	rom	sPicTable_JumpLongGrass
0x083A5984	rom	sAnim_JumpLongGrass
0x083A59A0	rom	sAnimTable_JumpLongGrass
0x083A59A4	rom	gFieldEffectObjectTemplate_JumpLongGrass
0x083A59BC	rom	sPicTable_UnusedGrass
0x083A5A04	rom	sAnim_UnusedGrass
0x083A5A2C	rom	sAnimTable_UnusedGrass
0x083A5A30	rom	gFieldEffectObjectTemplate_UnusedGrass
0x083A5A48	rom	sPicTable_UnusedGrass2
0x083A5A68	rom	sAnim_UnusedGrass2
0x083A5A84	rom	sAnimTable_UnusedGrass2
0x083A5A88	rom	gFieldEffectObjectTemplate_UnusedGrass2
0x083A5AA0	rom	sPicTable_UnusedSand
0x083A5AC0	rom	sAnim_UnusedSand
0x083A5AD4	rom	sAnimTable_UnusedSand
0x083A5AD8	rom	gFieldEffectObjectTemplate_UnusedSand
0x083A5AF0	rom	sPicTable_SandPile
0x083A5B08	rom	sAnim_SandPile
0x083A5B18	rom	sAnimTable_SandPile
0x083A5B1C	rom	gFieldEffectObjectTemplate_SandPile
0x083A5B34	rom	sPicTable_WaterSurfacing
0x083A5B54	rom	sAnim_WaterSurfacing
0x083A5B70	rom	sAnimTable_WaterSurfacing
0x083A5B74	rom	gFieldEffectObjectTemplate_WaterSurfacing
0x083A5B8C	rom	sAffineAnim_ReflectionDistortion_0
0x083A5BDC	rom	sAffineAnim_ReflectionDistortion_1
0x083A5C2C	rom	sAffineAnims_ReflectionDistortion
0x083A5C34	rom	gFieldEffectObjectTemplate_ReflectionDistortion
0x083A5C4C	rom	sPicTable_TreeDisguise
0x083A5C84	rom	sAnim_TreeDisguise
0x083A5C8C	rom	sAnim_TreeDisguiseReveal
0x083A5CAC	rom	sAnimTable_TreeDisguise
0x083A5CB4	rom	gFieldEffectObjectTemplate_TreeDisguise
0x083A5CCC	rom	sPicTable_MountainDisguise
0x083A5D04	rom	sAnim_MountainDisguise
0x083A5D0C	rom	sAnim_MountainDisguiseReveal
0x083A5D2C	rom	sAnimTable_MountainDisguise
0x083A5D34	rom	gFieldEffectObjectTemplate_MountainDisguise
0x083A5D4C	rom	sPicTable_SandDisguisePlaceholder
0x083A5D84	rom	gFieldEffectObjectTemplate_SandDisguisePlaceholder
0x083A5D9C	rom	sPicTable_Bird
0x083A5DC4	rom	sAnim_Bird_WithoutPlayer
0x083A5DCC	rom	sAnim_Bird_Red_FlyOut
0x083A5DD4	rom	sAnim_Bird_Red_FlyIn
0x083A5DDC	rom	sAnim_Bird_Green_FlyOut
0x083A5DE4	rom	sAnim_Bird_Green_FlyIn
0x083A5DEC	rom	sAnimTable_Bird
0x083A5E00	rom	gFieldEffectObjectTemplate_Bird
0x083A5E18	rom	sPicTable_ShortGrass
0x083A5E28	rom	sAnim_ShortGrass
0x083A5E34	rom	sAnimTable_ShortGrass
0x083A5E38	rom	gFieldEffectObjectTemplate_ShortGrass
0x083A5E50	rom	sPicTable_HotSpringsWater
0x083A5E58	rom	sAnim_HotSpringsWater
0x083A5E60	rom	sAnimTable_HotSpringsWater
0x083A5E64	rom	gFieldEffectObjectTemplate_HotSpringsWater
0x083A5E7C	rom	sPicTable_AshPuff
0x083A5EA4	rom	sAnim_AshPuff
0x083A5EBC	rom	sAnimTable_AshPuff
0x083A5EC0	rom	gFieldEffectObjectTemplate_AshPuff
0x083A5ED8	rom	gSpritePalette_Ash
0x083A5EE0	rom	sPicTable_AshLaunch
0x083A5F08	rom	sAnim_AshLaunch
0x083A5F20	rom	sAnimTable_AshLaunch
0x083A5F24	rom	gFieldEffectObjectTemplate_AshLaunch
0x083A5F3C	rom	sPicTable_Bubbles
0x083A5F7C	rom	sAnim_Bubbles
0x083A5FA0	rom	sAnimTable_Bubbles
0x083A5FA4	rom	gFieldEffectObjectTemplate_Bubbles
0x083A5FBC	rom	sPicTable_SmallSparkle
0x083A5FCC	rom	sAnim_SmallSparkle
0x083A5FDC	rom	sAnimTable_SmallSparkle
0x083A5FE0	rom	gFieldEffectObjectTemplate_SmallSparkle
0x083A5FF8	rom	gSpritePalette_SmallSparkle
0x083A6000	rom	gMovementDelaysMedium
0x083A6008	rom	gMovementDelaysLong
0x083A6010	rom	gMovementDelaysShort
0x083A6018	rom	gMovementTypeFuncs_WanderAround
0x083A6034	rom	gMovementTypeFuncs_WanderAroundSlower
0x083A6050	rom	gStandardDirections
0x083A6054	rom	gGetVectorDirectionFuncs
0x083A6080	rom	gMovementTypeFuncs_LookAround
0x083A6094	rom	gMovementTypeFuncs_WanderUpAndDown
0x083A60B0	rom	gUpAndDownDirections
0x083A60B4	rom	gMovementTypeFuncs_WanderLeftAndRight
0x083A60D0	rom	gLeftAndRightDirections
0x083A60D4	rom	gMovementTypeFuncs_FaceDirection
0x083A60E0	rom	gMovementTypeFuncs_FaceDownAndUp
0x083A60F4	rom	gMovementTypeFuncs_FaceLeftAndRight
0x083A6108	rom	gMovementTypeFuncs_FaceUpAndLeft
0x083A611C	rom	gUpAndLeftDirections
0x083A6120	rom	gMovementTypeFuncs_FaceUpAndRight
0x083A6134	rom	gUpAndRightDirections
0x083A6138	rom	gMovementTypeFuncs_FaceDownAndLeft
0x083A614C	rom	gDownAndLeftDirections
0x083A6150	rom	gMovementTypeFuncs_FaceDownAndRight
0x083A6164	rom	gDownAndRightDirections
0x083A6168	rom	gMovementTypeFuncs_FaceDownUpAndLeft
0x083A617C	rom	gDownUpAndLeftDirections
0x083A6180	rom	gMovementTypeFuncs_FaceDownUpAndRight
0x083A6194	rom	gDownUpAndRightDirections
0x083A6198	rom	gMovementTypeFuncs_FaceUpLeftAndRight
0x083A61AC	rom	gUpLeftAndRightDirections
0x083A61B0	rom	gMovementTypeFuncs_FaceDownLeftAndRight
0x083A61C4	rom	gDownLeftAndRightDirections
0x083A61C8	rom	gMovementTypeFuncs_RotateCounterclockwise
0x083A61D8	rom	gCounterclockwiseDirections
0x083A61E0	rom	gMovementTypeFuncs_RotateClockwise
0x083A61F0	rom	gClockwiseDirections
0x083A61F8	rom	gMovementTypeFuncs_WalkBackAndForth
0x083A6208	rom	gMovementTypeFuncs_WalkSequenceUpRightLeftDown
0x083A6214	rom	gUpRightLeftDownDirections
0x083A6218	rom	gMovementTypeFuncs_WalkSequenceRightLeftDownUp
0x083A6224	rom	gRightLeftDownUpDirections
0x083A6228	rom	gMovementTypeFuncs_WalkSequenceDownUpRightLeft
0x083A6234	rom	gDownUpRightLeftDirections
0x083A6238	rom	gMovementTypeFuncs_WalkSequenceLeftDownUpRight
0x083A6244	rom	gLeftDownUpRightDirections
0x083A6248	rom	gMovementTypeFuncs_WalkSequenceUpLeftRightDown
0x083A6254	rom	gUpLeftRightDownDirections
0x083A6258	rom	gMovementTypeFuncs_WalkSequenceLeftRightDownUp
0x083A6264	rom	gLeftRightDownUpDirections
0x083A6268	rom	gMovementTypeFuncs_WalkSequenceDownUpLeftRight
0x083A6274	rom	gMovementTypeFuncs_WalkSequenceRightDownUpLeft
0x083A6280	rom	gRightDownUpLeftDirections
0x083A6284	rom	gMovementTypeFuncs_WalkSequenceLeftUpDownRight
0x083A6290	rom	gLeftUpDownRightDirections
0x083A6294	rom	gMovementTypeFuncs_WalkSequenceUpDownRightLeft
0x083A62A0	rom	gUpDownRightLeftDirections
0x083A62A4	rom	gMovementTypeFuncs_WalkSequenceRightLeftUpDown
0x083A62B0	rom	gRightLeftUpDownDirections
0x083A62B4	rom	gMovementTypeFuncs_WalkSequenceDownRightLeftUp
0x083A62C0	rom	gDownRightLeftUpDirections
0x083A62C4	rom	gMovementTypeFuncs_WalkSequenceRightUpDownLeft
0x083A62D0	rom	gRightUpDownLeftDirections
0x083A62D4	rom	gMovementTypeFuncs_WalkSequenceUpDownLeftRight
0x083A62E0	rom	gUpDownLeftRightDirections
0x083A62E4	rom	gMovementTypeFuncs_WalkSequenceLeftRightUpDown
0x083A62F0	rom	gLeftRightUpDownDirections
0x083A62F4	rom	gMovementTypeFuncs_WalkSequenceDownLeftRightUp
0x083A6300	rom	gDownLeftRightUpDirections
0x083A6304	rom	gMovementTypeFuncs_WalkSequenceUpLeftDownRight
0x083A6310	rom	gUpLeftDownRightDirections
0x083A6314	rom	gMovementTypeFuncs_WalkSequenceDownRightUpLeft
0x083A6320	rom	gDownRightUpLeftDirections
0x083A6324	rom	gMovementTypeFuncs_WalkSequenceLeftDownRightUp
0x083A6330	rom	gLeftDownRightUpDirections
0x083A6334	rom	gMovementTypeFuncs_WalkSequenceRightUpLeftDown
0x083A6340	rom	gRightUpLeftDownDirections
0x083A6344	rom	gMovementTypeFuncs_WalkSequenceUpRightDownLeft
0x083A6350	rom	gUpRightDownLeftDirections
0x083A6354	rom	gMovementTypeFuncs_WalkSequenceDownLeftUpRight
0x083A6360	rom	gDownLeftUpRightDirections
0x083A6364	rom	gMovementTypeFuncs_WalkSequenceLeftUpRightDown
0x083A6370	rom	gLeftUpRightDownDirections
0x083A6374	rom	gMovementTypeFuncs_WalkSequenceRightDownLeftUp
0x083A6380	rom	gRightDownLeftUpDirections
0x083A6384	rom	gMovementTypeFuncs_CopyPlayer
0x083A6390	rom	gCopyPlayerMovementFuncs
0x083A63BC	rom	gMovementTypeFuncs_CopyPlayerInGrass
0x083A63C8	rom	gMovementTypeFuncs_Buried
0x083A63CC	rom	gMovementTypeFuncs_WalkInPlace
0x083A63D4	rom	gMovementTypeFuncs_WalkInPlaceFast
0x083A63DC	rom	gMovementTypeFuncs_JogInPlace
0x083A63E4	rom	gMovementTypeFuncs_Invisible
0x083A63F0	rom	gMovementTypeFuncs_RaiseHandAndStop
0x083A63FC	rom	gMovementTypeFuncs_RaiseHandAndJump
0x083A6404	rom	gMovementTypeFuncs_RaiseHandAndSwim
0x083A640C	rom	sFaceDirectionAnimNums
0x083A6415	rom	sMoveDirectionAnimNums
0x083A641E	rom	sMoveDirectionFastAnimNums
0x083A6427	rom	sMoveDirectionFasterAnimNums
0x083A6430	rom	sMoveDirectionFastestAnimNums
0x083A6439	rom	sJumpSpecialDirectionAnimNums
0x083A6442	rom	sAcroBunnyHopBackWheelDirectionAnimNums
0x083A644B	rom	sAcroBunnyHopFrontWheelDirectionAnimNums
0x083A6454	rom	sAcroStandingWheelieBackWheelDirectionAnimNums
0x083A645D	rom	sSpinDirectionAnimNums
0x083A6466	rom	sAcroStandingWheelieFrontWheelDirectionAnimNums
0x083A646F	rom	sAcroMovingWheelieDirectionAnimNums
0x083A6478	rom	sFishingDirectionAnimNums
0x083A6481	rom	sFishingNoCatchDirectionAnimNums
0x083A648A	rom	sFishingBiteDirectionAnimNums
0x083A6493	rom	sRunningDirectionAnimNums
0x083A649C	rom	sTrainerFacingDirectionMovementTypes
0x083A64A8	rom	gOppositeDirectionBlockedMetatileFuncs
0x083A64B8	rom	gDirectionBlockedMetatileFuncs
0x083A64C8	rom	sDirectionToVectors
0x083A64EC	rom	sFaceDirectionMovementActions
0x083A64F1	rom	sFaceDirectionFastMovementActions
0x083A64F6	rom	sWalkSlowestMovementActions
0x083A64FB	rom	sWalkSlowerMovementActions
0x083A6500	rom	sWalkSlowMovementActions
0x083A6505	rom	sWalkNormalMovementActions
0x083A650A	rom	sWalkFastMovementActions
0x083A650F	rom	sGlideMovementActions
0x083A6514	rom	sRideWaterCurrentMovementActions
0x083A6519	rom	sWalkFasterMovementActions
0x083A651E	rom	sSlideMovementActions
0x083A6523	rom	sPlayerRunMovementActions
0x083A6528	rom	sPlayerRunSlowMovementActions
0x083A652D	rom	sSpinMovementActions
0x083A6532	rom	sJump2MovementActions
0x083A6537	rom	sJumpInPlaceMovementActions
0x083A653C	rom	sJumpInPlaceTurnAroundMovementActions
0x083A6541	rom	sJumpMovementActions
0x083A6546	rom	sJumpSpecialMovementActions
0x083A654B	rom	sJumpSpecialWithEffectMovementActions
0x083A6550	rom	sWalkInPlaceSlowMovementActions
0x083A6555	rom	sWalkInPlaceNormalMovementActions
0x083A655A	rom	sWalkInPlaceFastMovementActions
0x083A655F	rom	sWalkInPlaceFasterMovementActions
0x083A6564	rom	sAcroWheelieFaceDirectionMovementActions
0x083A6569	rom	sAcroPopWheelieFaceDirectionMovementActions
0x083A656E	rom	sAcroEndWheelieFaceDirectionMovementActions
0x083A6573	rom	sAcroWheelieHopFaceDirectionMovementActions
0x083A6578	rom	sAcroWheelieHopMovementActions
0x083A657D	rom	sAcroWheelieJumpMovementActions
0x083A6582	rom	sAcroWheelieInPlaceMovementActions
0x083A6587	rom	sAcroPopWheelieMoveMovementActions
0x083A658C	rom	sAcroWheelieMoveMovementActions
0x083A6591	rom	gOppositeDirections
0x083A6599	rom	sPlayerDirectionsForCopy
0x083A65A9	rom	sPlayerDirectionToCopyDirection
0x083A65BC	rom	sMovementActionFuncs
0x083A6864	rom	sMovementActionFuncs_FaceDown
0x083A686C	rom	sMovementActionFuncs_FaceUp
0x083A6874	rom	sMovementActionFuncs_FaceLeft
0x083A687C	rom	sMovementActionFuncs_FaceRight
0x083A6884	rom	sDirectionAnimFuncsBySpeed
0x083A6898	rom	sMovementActionFuncs_WalkSlowestDown
0x083A68A4	rom	sMovementActionFuncs_WalkSlowestUp
0x083A68B0	rom	sMovementActionFuncs_WalkSlowestLeft
0x083A68BC	rom	sMovementActionFuncs_WalkSlowestRight
0x083A68C8	rom	sMovementActionFuncs_WalkSlowerDown
0x083A68D4	rom	sMovementActionFuncs_WalkSlowerUp
0x083A68E0	rom	sMovementActionFuncs_WalkSlowerLeft
0x083A68EC	rom	sMovementActionFuncs_WalkSlowerRight
0x083A68F8	rom	sMovementActionFuncs_WalkSlowUp
0x083A6904	rom	sMovementActionFuncs_WalkSlowDown
0x083A6910	rom	sMovementActionFuncs_WalkSlowLeft
0x083A691C	rom	sMovementActionFuncs_WalkSlowRight
0x083A6928	rom	sMovementActionFuncs_WalkNormalDown
0x083A6934	rom	sMovementActionFuncs_WalkNormalUp
0x083A6940	rom	sMovementActionFuncs_WalkNormalLeft
0x083A694C	rom	sMovementActionFuncs_WalkNormalRight
0x083A6958	rom	sJumpInitDisplacements
0x083A695E	rom	sJumpDisplacements
0x083A6964	rom	sMovementActionFuncs_Jump2Down
0x083A6970	rom	sMovementActionFuncs_Jump2Up
0x083A697C	rom	sMovementActionFuncs_Jump2Left
0x083A6988	rom	sMovementActionFuncs_Jump2Right
0x083A6994	rom	sMovementActionFuncs_Delay1
0x083A69A0	rom	sMovementActionFuncs_Delay2
0x083A69AC	rom	sMovementActionFuncs_Delay4
0x083A69B8	rom	sMovementActionFuncs_Delay8
0x083A69C4	rom	sMovementActionFuncs_Delay16
0x083A69D0	rom	sMovementActionFuncs_WalkFastDown
0x083A69DC	rom	sMovementActionFuncs_WalkFastUp
0x083A69E8	rom	sMovementActionFuncs_WalkFastLeft
0x083A69F4	rom	sMovementActionFuncs_WalkFastRight
0x083A6A00	rom	sMovementActionFuncs_GlideDown
0x083A6A0C	rom	sMovementActionFuncs_GlideUp
0x083A6A18	rom	sMovementActionFuncs_GlideLeft
0x083A6A24	rom	sMovementActionFuncs_GlideRight
0x083A6A30	rom	sMovementActionFuncs_FaceDownFast
0x083A6A38	rom	sMovementActionFuncs_FaceUpFast
0x083A6A40	rom	sMovementActionFuncs_FaceLeftFast
0x083A6A48	rom	sMovementActionFuncs_FaceRightFast
0x083A6A50	rom	sMovementActionFuncs_WalkInPlaceSlowDown
0x083A6A5C	rom	sMovementActionFuncs_WalkInPlaceSlowUp
0x083A6A68	rom	sMovementActionFuncs_WalkInPlaceSlowLeft
0x083A6A74	rom	sMovementActionFuncs_WalkInPlaceSlowRight
0x083A6A80	rom	sMovementActionFuncs_WalkInPlaceNormalDown
0x083A6A8C	rom	sMovementActionFuncs_WalkInPlaceNormalUp
0x083A6A98	rom	sMovementActionFuncs_WalkInPlaceNormalLeft
0x083A6AA4	rom	sMovementActionFuncs_WalkInPlaceNormalRight
0x083A6AB0	rom	sMovementActionFuncs_WalkInPlaceFastDown
0x083A6ABC	rom	sMovementActionFuncs_WalkInPlaceFastUp
0x083A6AC8	rom	sMovementActionFuncs_WalkInPlaceFastLeft
0x083A6AD4	rom	sMovementActionFuncs_WalkInPlaceFastRight
0x083A6AE0	rom	sMovementActionFuncs_WalkInPlaceFasterDown
0x083A6AEC	rom	sMovementActionFuncs_WalkInPlaceFasterUp
0x083A6AF8	rom	sMovementActionFuncs_WalkInPlaceFasterLeft
0x083A6B04	rom	sMovementActionFuncs_WalkInPlaceFasterRight
0x083A6B10	rom	sMovementActionFuncs_RideWaterCurrentDown
0x083A6B1C	rom	sMovementActionFuncs_RideWaterCurrentUp
0x083A6B28	rom	sMovementActionFuncs_RideWaterCurrentLeft
0x083A6B34	rom	sMovementActionFuncs_RideWaterCurrentRight
0x083A6B40	rom	sMovementActionFuncs_WalkFasterDown
0x083A6B4C	rom	sMovementActionFuncs_WalkFasterUp
0x083A6B58	rom	sMovementActionFuncs_WalkFasterLeft
0x083A6B64	rom	sMovementActionFuncs_WalkFasterRight
0x083A6B70	rom	sMovementActionFuncs_SlideDown
0x083A6B7C	rom	sMovementActionFuncs_SlideUp
0x083A6B88	rom	sMovementActionFuncs_SlideLeft
0x083A6B94	rom	sMovementActionFuncs_SlideRight
0x083A6BA0	rom	sMovementActionFuncs_PlayerRunDown
0x083A6BAC	rom	sMovementActionFuncs_PlayerRunUp
0x083A6BB8	rom	sMovementActionFuncs_PlayerRunLeft
0x083A6BC4	rom	sMovementActionFuncs_PlayerRunRight
0x083A6BD0	rom	sMovementActionFuncs_PlayerRunDownSlow
0x083A6BDC	rom	sMovementActionFuncs_PlayerRunUpSlow
0x083A6BE8	rom	sMovementActionFuncs_PlayerRunLeftSlow
0x083A6BF4	rom	sMovementActionFuncs_PlayerRunRightSlow
0x083A6C00	rom	sMovementActionFuncs_StartAnimInDirection
0x083A6C0C	rom	sMovementActionFuncs_JumpSpecialDown
0x083A6C18	rom	sMovementActionFuncs_JumpSpecialUp
0x083A6C24	rom	sMovementActionFuncs_JumpSpecialLeft
0x083A6C30	rom	sMovementActionFuncs_JumpSpecialRight
0x083A6C3C	rom	sMovementActionFuncs_JumpSpecialWithEffectDown
0x083A6C48	rom	sMovementActionFuncs_JumpSpecialWithEffectUp
0x083A6C54	rom	sMovementActionFuncs_JumpSpecialWithEffectLeft
0x083A6C60	rom	sMovementActionFuncs_JumpSpecialWithEffectRight
0x083A6C6C	rom	sMovementActionFuncs_FacePlayer
0x083A6C74	rom	sMovementActionFuncs_FaceAwayPlayer
0x083A6C7C	rom	sMovementActionFuncs_LockFacingDirection
0x083A6C84	rom	sMovementActionFuncs_UnlockFacingDirection
0x083A6C8C	rom	sMovementActionFuncs_JumpDown
0x083A6C98	rom	sMovementActionFuncs_JumpUp
0x083A6CA4	rom	sMovementActionFuncs_JumpLeft
0x083A6CB0	rom	sMovementActionFuncs_JumpRight
0x083A6CBC	rom	sMovementActionFuncs_JumpInPlaceDown
0x083A6CC8	rom	sMovementActionFuncs_JumpInPlaceUp
0x083A6CD4	rom	sMovementActionFuncs_JumpInPlaceLeft
0x083A6CE0	rom	sMovementActionFuncs_JumpInPlaceRight
0x083A6CEC	rom	sMovementActionFuncs_JumpInPlaceDownUp
0x083A6CF8	rom	sMovementActionFuncs_JumpInPlaceUpDown
0x083A6D04	rom	sMovementActionFuncs_JumpInPlaceLeftRight
0x083A6D10	rom	sMovementActionFuncs_JumpInPlaceRightLeft
0x083A6D1C	rom	sMovementActionFuncs_FaceOriginalDirection
0x083A6D24	rom	sMovementActionFuncs_NurseJoyBowDown
0x083A6D30	rom	sMovementActionFuncs_EnableJumpLandingGroundEffect
0x083A6D38	rom	sMovementActionFuncs_DisableJumpLandingGroundEffect
0x083A6D40	rom	sMovementActionFuncs_DisableAnimation
0x083A6D48	rom	sMovementActionFuncs_RestoreAnimation
0x083A6D50	rom	sMovementActionFuncs_SetInvisible
0x083A6D58	rom	sMovementActionFuncs_SetVisible
0x083A6D60	rom	sMovementActionFuncs_EmoteExclamationMark
0x083A6D68	rom	sMovementActionFuncs_EmoteQuestionMark
0x083A6D70	rom	sMovementActionFuncs_EmoteX
0x083A6D78	rom	sMovementActionFuncs_EmoteDoubleExclMark
0x083A6D80	rom	sMovementActionFuncs_EmoteSmile
0x083A6D88	rom	sMovementActionFuncs_RevealTrainer
0x083A6D94	rom	sMovementActionFuncs_RockSmashBreak
0x083A6DA4	rom	sMovementActionFuncs_CutTree
0x083A6DB4	rom	sMovementActionFuncs_SetFixedPriority
0x083A6DBC	rom	sMovementActionFuncs_ClearFixedPriority
0x083A6DC4	rom	sMovementActionFuncs_InitAffineAnim
0x083A6DCC	rom	sMovementActionFuncs_ClearAffineAnim
0x083A6DD4	rom	sMovementActionFuncs_WalkDownStartAffine
0x083A6DE0	rom	sMovementActionFuncs_WalkDownAffine
0x083A6DEC	rom	sMovementActionFuncs_AcroWheelieFaceDown
0x083A6DF4	rom	sMovementActionFuncs_AcroWheelieFaceUp
0x083A6DFC	rom	sMovementActionFuncs_AcroWheelieFaceLeft
0x083A6E04	rom	sMovementActionFuncs_AcroWheelieFaceRight
0x083A6E0C	rom	sMovementActionFuncs_AcroPopWheelieDown
0x083A6E18	rom	sMovementActionFuncs_AcroPopWheelieUp
0x083A6E24	rom	sMovementActionFuncs_AcroPopWheelieLeft
0x083A6E30	rom	sMovementActionFuncs_AcroPopWheelieRight
0x083A6E3C	rom	sMovementActionFuncs_AcroEndWheelieFaceDown
0x083A6E48	rom	sMovementActionFuncs_AcroEndWheelieFaceUp
0x083A6E54	rom	sMovementActionFuncs_AcroEndWheelieFaceLeft
0x083A6E60	rom	sMovementActionFuncs_AcroEndWheelieFaceRight
0x083A6E6C	rom	MovementActionFuncs_UnusedAcroActionDown
0x083A6E78	rom	MovementActionFuncs_UnusedAcroActionUp
0x083A6E84	rom	MovementActionFuncs_UnusedAcroActionLeft
0x083A6E90	rom	MovementActionFuncs_UnusedAcroActionRight
0x083A6E9C	rom	sMovementActionFuncs_AcroWheelieHopFaceDown
0x083A6EA8	rom	sMovementActionFuncs_AcroWheelieHopFaceUp
0x083A6EB4	rom	sMovementActionFuncs_AcroWheelieHopFaceLeft
0x083A6EC0	rom	sMovementActionFuncs_AcroWheelieHopFaceRight
0x083A6ECC	rom	sMovementActionFuncs_AcroWheelieHopDown
0x083A6ED8	rom	sMovementActionFuncs_AcroWheelieHopUp
0x083A6EE4	rom	sMovementActionFuncs_AcroWheelieHopLeft
0x083A6EF0	rom	sMovementActionFuncs_AcroWheelieHopRight
0x083A6EFC	rom	sMovementActionFuncs_AcroWheelieJumpDown
0x083A6F08	rom	sMovementActionFuncs_AcroWheelieJumpUp
0x083A6F14	rom	sMovementActionFuncs_AcroWheelieJumpLeft
0x083A6F20	rom	sMovementActionFuncs_AcroWheelieJumpRight
0x083A6F2C	rom	sMovementActionFuncs_AcroWheelieInPlaceDown
0x083A6F38	rom	sMovementActionFuncs_AcroWheelieInPlaceUp
0x083A6F44	rom	sMovementActionFuncs_AcroWheelieInPlaceLeft
0x083A6F50	rom	sMovementActionFuncs_AcroWheelieInPlaceRight
0x083A6F5C	rom	sMovementActionFuncs_AcroPopWheelieMoveDown
0x083A6F68	rom	sMovementActionFuncs_AcroPopWheelieMoveUp
0x083A6F74	rom	sMovementActionFuncs_AcroPopWheelieMoveLeft
0x083A6F80	rom	sMovementActionFuncs_AcroPopWheelieMoveRight
0x083A6F8C	rom	sMovementActionFuncs_AcroWheelieMoveDown
0x083A6F98	rom	sMovementActionFuncs_AcroWheelieMoveUp
0x083A6FA4	rom	sMovementActionFuncs_AcroWheelieMoveLeft
0x083A6FB0	rom	sMovementActionFuncs_AcroWheelieMoveRight
0x083A6FBC	rom	sMovementActionFuncs_SpinDown
0x083A6FC8	rom	sMovementActionFuncs_SpinUp
0x083A6FD4	rom	sMovementActionFuncs_SpinLeft
0x083A6FE0	rom	sMovementActionFuncs_SpinRight
0x083A6FEC	rom	sMovementActionFuncs_RaiseHandAndStop
0x083A6FF4	rom	sMovementActionFuncs_RaiseHandAndJump
0x083A6FFC	rom	sMovementActionFuncs_RaiseHandAndSwim
0x083A7004	rom	sMovementActionFuncs_ShakeHeadOrWalkInPlace
0x083A700C	rom	sMovementActionFuncs_FlyUp
0x083A7018	rom	sMovementActionFuncs_FlyDown
0x083A702C	rom	metatileFuncs.2424
0x083A7044	rom	jumpLandingFlags.2425
0x083A705C	rom	ledgeBehaviorFuncs.2435
0x083A706C	rom	sElevationToSubpriority
0x083A707C	rom	sElevationToPriority
0x083A708C	rom	sElevationToSubspriteTableNum
0x083A709C	rom	sGroundEffectTracksFuncs
0x083A70AC	rom	bikeTireTracks_Transitions.2499
0x083A70BC	rom	sGroundEffectFuncs
0x083A710C	rom	sSpeedNormalStepFuncs
0x083A714C	rom	sSpeedFast1StepFuncs
0x083A716C	rom	sSpeedFast2StepFuncs
0x083A7184	rom	sSpeedFasterStepFuncs
0x083A7194	rom	sSpeedFastestStepFuncs
0x083A719C	rom	sNpcStepFuncTables
0x083A71B0	rom	sStepTimes
0x083A71BA	rom	sJumpY_High
0x083A71CA	rom	sJumpY_Low
0x083A71DA	rom	sJumpY_Normal
0x083A71EC	rom	sJumpYTable
0x083A7244	rom	gNullScriptPtr
0x083A7248	rom	sScriptConditionTable
0x083A7294	rom	sScriptStringVars
0x083A72A0	rom	sText_S
0x083A72A2	rom	sText_IES
0x083A72A8	rom	sWeatherCoordEventFuncs
0x083A7310	rom	sPerStepCallbacks
0x083A7330	rom	sIcefallCaveIceCoords
0x083A7344	rom	sStartMenuActionTable
0x083A738C	rom	sSafariZoneStatsWindowTemplate
0x083A7394	rom	sStartMenuDescPointers
0x083A73B8	rom	sBGTemplates_AfterLinkSaveMessage
0x083A73BC	rom	sWindowTemplates_AfterLinkSaveMessage
0x083A73CC	rom	sSaveStatsWindowTemplate
0x083A73D4	rom	sTextColor_StatName
0x083A73D8	rom	sTextColor_StatValue
0x083A73DC	rom	sTextColor_LocationHeader
0x083A73E0	rom	sTilesetAnims_General_Flower_Frame0
0x083A7460	rom	sTilesetAnims_General_Flower_Frame1
0x083A74E0	rom	sTilesetAnims_General_Flower_Frame2
0x083A7560	rom	sTilesetAnims_General_Flower_Frame3
0x083A75E0	rom	sTilesetAnims_General_Flower_Frame4
0x083A7660	rom	sTilesetAnims_General_Flower
0x083A7674	rom	sTilesetAnims_General_Water_Current_LandWatersEdge_Frame0
0x083A7C74	rom	sTilesetAnims_General_Water_Current_LandWatersEdge_Frame1
0x083A8274	rom	sTilesetAnims_General_Water_Current_LandWatersEdge_Frame2
0x083A8874	rom	sTilesetAnims_General_Water_Current_LandWatersEdge_Frame3
0x083A8E74	rom	sTilesetAnims_General_Water_Current_LandWatersEdge_Frame4
0x083A9474	rom	sTilesetAnims_General_Water_Current_LandWatersEdge_Frame5
0x083A9A74	rom	sTilesetAnims_General_Water_Current_LandWatersEdge_Frame6
0x083AA074	rom	sTilesetAnims_General_Water_Current_LandWatersEdge_Frame7
0x083AA654	rom	sTilesetAnims_General_Water_Current_LandWatersEdge
0x083AA674	rom	sTilesetAnims_General_SandWatersEdge_Frame0
0x083AA8B4	rom	sTilesetAnims_General_SandWatersEdge_Frame1
0x083AAAF4	rom	sTilesetAnims_General_SandWatersEdge_Frame2
0x083AAD34	rom	sTilesetAnims_General_SandWatersEdge_Frame3
0x083AAF74	rom	sTilesetAnims_General_SandWatersEdge_Frame4
0x083AB1B4	rom	sTilesetAnims_General_SandWatersEdge_Frame5
0x083AB3F4	rom	sTilesetAnims_General_SandWatersEdge_Frame6
0x083AB634	rom	sTilesetAnims_General_SandWatersEdge_Frame7
0x083AB874	rom	sTilesetAnims_General_SandWatersEdge
0x083AB894	rom	sTilesetAnims_CeladonCity_Fountain_Frame0
0x083AB994	rom	sTilesetAnims_CeladonCity_Fountain_Frame1
0x083ABA94	rom	sTilesetAnims_CeladonCity_Fountain_Frame2
0x083ABB94	rom	sTilesetAnims_CeladonCity_Fountain_Frame3
0x083ABC94	rom	sTilesetAnims_CeladonCity_Fountain_Frame4
0x083ABD94	rom	sTilesetAnims_CeladonCity_Fountain_Empty
0x083ABDB4	rom	sTilesetAnims_CeladonCity_Fountain
0x083ABDC8	rom	sTilesetAnims_SilphCo_Fountain_Frame0
0x083ABEC8	rom	sTilesetAnims_SilphCo_Fountain_Frame1
0x083ABFC8	rom	sTilesetAnims_SilphCo_Fountain_Frame2
0x083AC0C8	rom	sTilesetAnims_SilphCo_Fountain_Frame3
0x083AC1C8	rom	sTilesetAnims_SilphCo_Fountain_Empty
0x083AC1E8	rom	sTilesetAnims_SilphCo_Fountain
0x083AC1F8	rom	sTilesetAnims_MtEmber_Steam_Frame0
0x083AC2F8	rom	sTilesetAnims_MtEmber_Steam_Frame1
0x083AC3F8	rom	sTilesetAnims_MtEmber_Steam_Frame2
0x083AC4F8	rom	sTilesetAnims_MtEmber_Steam_Frame3
0x083AC5F8	rom	sTilesetAnims_MtEmber_Steam
0x083AC608	rom	sTilesetAnims_VermilionGym_MotorizedDoor_Frame0
0x083AC6E8	rom	sTilesetAnims_VermilionGym_MotorizedDoor_Frame1
0x083AC7C8	rom	sTilesetAnims_VermilionGym_MotorizedDoor
0x083AC7D0	rom	sTilesetAnims_CeladonGym_Flowers_Frame0
0x083AC850	rom	sTilesetAnims_CeladonGym_Flowers_Frame1
0x083AC8D0	rom	sTilesetAnims_CeladonGym_Flowers_Frame2
0x083AC950	rom	sTilesetAnims_CeladonGym_Flowers
0x083AC960	rom	sDummyPaletteStructTemplate
0x083AC970	rom	sRoundedDownGrayscaleMap
0x083AC990	rom	sFanfares
0x083AC9C8	rom	gOamData_AffineOff_ObjNormal_8x8
0x083AC9D0	rom	gOamData_AffineOff_ObjNormal_16x16
0x083AC9D8	rom	gOamData_AffineOff_ObjNormal_32x32
0x083AC9E0	rom	gOamData_AffineOff_ObjNormal_64x64
0x083AC9E8	rom	gOamData_AffineOff_ObjNormal_16x8
0x083AC9F0	rom	gOamData_AffineOff_ObjNormal_32x8
0x083AC9F8	rom	gOamData_AffineOff_ObjNormal_32x16
0x083ACA00	rom	gOamData_AffineOff_ObjNormal_64x32
0x083ACA08	rom	gOamData_AffineOff_ObjNormal_8x16
0x083ACA10	rom	gOamData_AffineOff_ObjNormal_8x32
0x083ACA18	rom	gOamData_AffineOff_ObjNormal_16x32
0x083ACA20	rom	gOamData_AffineOff_ObjNormal_32x64
0x083ACA28	rom	gOamData_AffineNormal_ObjNormal_8x8
0x083ACA30	rom	gOamData_AffineNormal_ObjNormal_16x16
0x083ACA38	rom	gOamData_AffineNormal_ObjNormal_32x32
0x083ACA40	rom	gOamData_AffineNormal_ObjNormal_64x64
0x083ACA48	rom	gOamData_AffineNormal_ObjNormal_16x8
0x083ACA50	rom	gOamData_AffineNormal_ObjNormal_32x8
0x083ACA58	rom	gOamData_AffineNormal_ObjNormal_32x16
0x083ACA60	rom	gOamData_AffineNormal_ObjNormal_64x32
0x083ACA68	rom	gOamData_AffineNormal_ObjNormal_8x16
0x083ACA70	rom	gOamData_AffineNormal_ObjNormal_8x32
0x083ACA78	rom	gOamData_AffineNormal_ObjNormal_16x32
0x083ACA80	rom	gOamData_AffineNormal_ObjNormal_32x64
0x083ACA88	rom	gOamData_AffineDouble_ObjNormal_8x8
0x083ACA90	rom	gOamData_AffineDouble_ObjNormal_16x16
0x083ACA98	rom	gOamData_AffineDouble_ObjNormal_32x32
0x083ACAA0	rom	gOamData_AffineDouble_ObjNormal_64x64
0x083ACAA8	rom	gOamData_AffineDouble_ObjNormal_16x8
0x083ACAB0	rom	gOamData_AffineDouble_ObjNormal_32x8
0x083ACAB8	rom	gOamData_AffineDouble_ObjNormal_32x16
0x083ACAC0	rom	gOamData_AffineDouble_ObjNormal_64x32
0x083ACAC8	rom	gOamData_AffineDouble_ObjNormal_8x16
0x083ACAD0	rom	gOamData_AffineDouble_ObjNormal_8x32
0x083ACAD8	rom	gOamData_AffineDouble_ObjNormal_16x32
0x083ACAE0	rom	gOamData_AffineDouble_ObjNormal_32x64
0x083ACAE8	rom	gOamData_AffineOff_ObjBlend_8x8
0x083ACAF0	rom	gOamData_AffineOff_ObjBlend_16x16
0x083ACAF8	rom	gOamData_AffineOff_ObjBlend_32x32
0x083ACB00	rom	gOamData_AffineOff_ObjBlend_64x64
0x083ACB08	rom	gOamData_AffineOff_ObjBlend_16x8
0x083ACB10	rom	gOamData_AffineOff_ObjBlend_32x8
0x083ACB18	rom	gOamData_AffineOff_ObjBlend_32x16
0x083ACB20	rom	gOamData_AffineOff_ObjBlend_64x32
0x083ACB28	rom	gOamData_AffineOff_ObjBlend_8x16
0x083ACB30	rom	gOamData_AffineOff_ObjBlend_8x32
0x083ACB38	rom	gOamData_AffineOff_ObjBlend_16x32
0x083ACB40	rom	gOamData_AffineOff_ObjBlend_32x64
0x083ACB48	rom	gOamData_AffineNormal_ObjBlend_8x8
0x083ACB50	rom	gOamData_AffineNormal_ObjBlend_16x16
0x083ACB58	rom	gOamData_AffineNormal_ObjBlend_32x32
0x083ACB60	rom	gOamData_AffineNormal_ObjBlend_64x64
0x083ACB68	rom	gOamData_AffineNormal_ObjBlend_16x8
0x083ACB70	rom	gOamData_AffineNormal_ObjBlend_32x8
0x083ACB78	rom	gOamData_AffineNormal_ObjBlend_32x16
0x083ACB80	rom	gOamData_AffineNormal_ObjBlend_64x32
0x083ACB88	rom	gOamData_AffineNormal_ObjBlend_8x16
0x083ACB90	rom	gOamData_AffineNormal_ObjBlend_8x32
0x083ACB98	rom	gOamData_AffineNormal_ObjBlend_16x32
0x083ACBA0	rom	gOamData_AffineNormal_ObjBlend_32x64
0x083ACBA8	rom	gOamData_AffineDouble_ObjBlend_8x8
0x083ACBB0	rom	gOamData_AffineDouble_ObjBlend_16x16
0x083ACBB8	rom	gOamData_AffineDouble_ObjBlend_32x32
0x083ACBC0	rom	gOamData_AffineDouble_ObjBlend_64x64
0x083ACBC8	rom	gOamData_AffineDouble_ObjBlend_16x8
0x083ACBD0	rom	gOamData_AffineDouble_ObjBlend_32x8
0x083ACBD8	rom	gOamData_AffineDouble_ObjBlend_32x16
0x083ACBE0	rom	gOamData_AffineDouble_ObjBlend_64x32
0x083ACBE8	rom	gOamData_AffineDouble_ObjBlend_8x16
0x083ACBF0	rom	gOamData_AffineDouble_ObjBlend_8x32
0x083ACBF8	rom	gOamData_AffineDouble_ObjBlend_16x32
0x083ACC00	rom	gOamData_AffineDouble_ObjBlend_32x64
0x083ACC08	rom	gBattleAnimPicTable
0x083AD510	rom	gBattleAnimPaletteTable
0x083ADE18	rom	gBattleAnimBackgroundTable
0x083ADF5C	rom	sScriptCmdTable
0x083AE01C	rom	sBattlerCoords
0x083AE03C	rom	gCastformFrontSpriteCoords
0x083AE04C	rom	sCastformElevations
0x083AE050	rom	sCastformBackSpriteYCoords
0x083AE054	rom	sSpriteTemplates_MoveEffectMons
0x083AE084	rom	sSpriteSheets_MoveEffectMons
0x083BF3E0	rom	sAnim_FlickeringOrb
0x083BF3F4	rom	sAnims_FlickeringOrb
0x083BF3F8	rom	sFlickeringOrbSpriteTemplate
0x083BF410	rom	sFlickeringOrbFlippedSpriteTemplate
0x083BF428	rom	sAnim_WeatherBallNormal
0x083BF430	rom	sAnims_WeatherBallNormal
0x083BF434	rom	gWeatherBallUpSpriteTemplate
0x083BF44C	rom	gWeatherBallNormalDownSpriteTemplate
0x083BF464	rom	sAnim_SpinningSparkle
0x083BF47C	rom	sAnims_SpinningSparkle
0x083BF480	rom	gSpinningSparkleSpriteTemplate
0x083BF498	rom	sFlickeringFootSpriteTemplate
0x083BF4B0	rom	sAnim_FlickeringImpact_0
0x083BF4B8	rom	sAnim_FlickeringImpact_1
0x083BF4C0	rom	sAnim_FlickeringImpact_2
0x083BF4C8	rom	sAnims_FlickeringImpact
0x083BF4D4	rom	sFlickeringImpactSpriteTemplate
0x083BF4EC	rom	sAnim_FlickeringShrinkOrb
0x083BF4F4	rom	sAnims_FlickeringShrinkOrb
0x083BF4F8	rom	sAffineAnim_FlickeringShrinkOrb
0x083BF510	rom	sAffineAnims_FlickeringShrinkOrb
0x083BF514	rom	sFlickeringShrinkOrbSpriteTemplate
0x083BF52C	rom	sText_TaskOver
0x083BF544	rom	sFrozenIceCubeSubsprites
0x083BF554	rom	sFrozenIceCubeSubspriteTable
0x083BF55C	rom	sFrozenIceCubeSpriteTemplate
0x083BF574	rom	sFlashingCircleImpactSpriteTemplate
0x083BF58C	rom	sBorderBgTiles
0x083BF5A8	rom	sBorderBgMap
0x083BF64C	rom	sSlash_Gfx
0x083BF77C	rom	sFlames_Pal
0x083BF79C	rom	sFlames_Gfx
0x083BFA14	rom	sBlankFlames_Gfx
0x083BFAB4	rom	sOamData_FlameOrLeaf
0x083BFABC	rom	sSpriteAnim_Flame
0x083BFAE8	rom	sSpriteAnim_Flame_Unused
0x083BFAFC	rom	sSpriteAnim_FlameOrLeaf
0x083BFB04	rom	sSpriteTemplate_FlameOrLeaf
0x083BFB1C	rom	sSpriteTemplate_BlankFlame
0x083BFB34	rom	sOamData_BlankSprite
0x083BFB3C	rom	sSpriteTemplate_BlankSprite
0x083BFB54	rom	sOamData_SlashSprite
0x083BFB5C	rom	sSlashSpriteTemplate
0x083BFB74	rom	sBgTemplates
0x083BFB84	rom	sSceneFuncs
0x083BFB9C	rom	sSpriteSheets
0x083BFBBC	rom	sSpritePals
0x083BFBD4	rom	sFlameXPositions
0x083BFBE4	rom	sUnused_Tilemap1
0x083C0408	rom	sUnused_Tilemap2
0x083C0C00	rom	sUnused_Tilemap3
0x083C139C	rom	sUnused_Tilemap4
0x083C1BB8	rom	sUnused_Tilemap5
0x083C2380	rom	sUnused_Tilemap6
0x083C2BA4	rom	sUnused_Tilemaps
0x083C2BBC	rom	gWeatherPtr
0x083C2BC0	rom	sWeatherFuncs
0x083C2CB0	rom	sWeatherPalStateFuncs
0x083C2CC0	rom	sBasePaletteGammaTypes
0x083C2CE0	rom	gDefaultWeatherSpritePalette
0x083C2D00	rom	gCloudsWeatherPalette
0x083C2D20	rom	gSandstormWeatherPalette
0x083C2D40	rom	gWeatherFogDiagonalTiles
0x083C3540	rom	gWeatherFogHorizontalTiles
0x083C3D40	rom	gWeatherCloudTiles
0x083C4540	rom	gWeatherSnow1Tiles
0x083C4560	rom	gWeatherSnow2Tiles
0x083C4580	rom	gWeatherBubbleTiles
0x083C45C0	rom	gWeatherAshTiles
0x083C55C0	rom	gWeatherRainTiles
0x083C5BC0	rom	gWeatherSandstormTiles
0x083C65C0	rom	sWeatherCycleRoute119
0x083C65C4	rom	sWeatherCycleRoute123
0x083C65C8	rom	sCloudSpriteMapCoords
0x083C65D4	rom	sCloudSpriteSheet
0x083C65DC	rom	sCloudSpriteOamData
0x083C65E4	rom	sCloudSpriteAnimCmd
0x083C65EC	rom	sCloudSpriteAnimCmds
0x083C65F0	rom	sCloudSpriteTemplate
0x083C6608	rom	sRainSpriteCoords
0x083C6668	rom	sRainSpriteOamData
0x083C6670	rom	sRainSpriteFallAnimCmd
0x083C6678	rom	sRainSpriteSplashAnimCmd
0x083C6688	rom	sRainSpriteHeavySplashAnimCmd
0x083C6698	rom	sRainSpriteAnimCmds
0x083C66A4	rom	sRainSpriteTemplate
0x083C66BC	rom	sRainSpriteMovement
0x083C66C4	rom	sRainSpriteFallingDurations
0x083C66CC	rom	sRainSpriteSheet
0x083C66D4	rom	sSnowflakeSpriteOamData
0x083C66DC	rom	sSnowflakeSpriteImages
0x083C66EC	rom	sSnowflakeAnimCmd0
0x083C66F4	rom	sSnowflakeAnimCmd1
0x083C66FC	rom	sSnowflakeAnimCmds
0x083C6704	rom	sSnowflakeSpriteTemplate
0x083C671C	rom	sUnusedData
0x083C672C	rom	sOamData_FogH
0x083C6734	rom	sAnim_FogH_0
0x083C673C	rom	sAnim_FogH_1
0x083C6744	rom	sAnim_FogH_2
0x083C674C	rom	sAnim_FogH_3
0x083C6754	rom	sAnim_FogH_4
0x083C675C	rom	sAnim_FogH_5
0x083C6764	rom	sAnims_FogH
0x083C677C	rom	sAffineAnim_FogH
0x083C678C	rom	sAffineAnims_FogH
0x083C6790	rom	sFogHorizontalSpriteTemplate
0x083C67B0	rom	sAshSpriteSheet
0x083C67B8	rom	sAshSpriteOamData
0x083C67C0	rom	sAshSpriteAnimCmd0
0x083C67CC	rom	sAshSpriteAnimCmds
0x083C67D0	rom	sAshSpriteTemplate
0x083C67E8	rom	gFogDiagonalSpriteSheet
0x083C67F0	rom	sFogDiagonalSpriteOamData
0x083C67F8	rom	sFogDiagonalSpriteAnimCmd0
0x083C6800	rom	sFogDiagonalSpriteAnimCmds
0x083C6804	rom	sFogDiagonalSpriteTemplate
0x083C681C	rom	sSandstormSpriteOamData
0x083C6824	rom	sSandstormSpriteAnimCmd0
0x083C682C	rom	sSandstormSpriteAnimCmd1
0x083C6834	rom	sSandstormSpriteAnimCmds
0x083C683C	rom	sSandstormSpriteTemplate
0x083C6854	rom	sSandstormSpriteSheet
0x083C685C	rom	sSwirlEntranceDelays
0x083C6868	rom	sBubbleStartDelays
0x083C6870	rom	sWeatherBubbleSpriteSheet
0x083C6878	rom	sBubbleStartCoords
0x083C68AC	rom	sBubbleSpriteAnimCmd0
0x083C68B8	rom	sBubbleSpriteAnimCmds
0x083C68BC	rom	sBubbleSpriteTemplate
0x083C68D4	rom	sFlashLevelToRadius
0x083C68E0	rom	gMaxFlashLevel
0x083C68E4	rom	sWindowTemplate_WhiteoutText
0x083C68EC	rom	sWhiteoutTextColors
0x083C68F0	rom	sBattleTransitionTable_Wild
0x083C68F8	rom	sBattleTransitionTable_Trainer
0x083C6900	rom	sOrdinaryBattleParams
0x083C6948	rom	sContinueScriptBattleParams
0x083C6990	rom	sDoubleBattleParams
0x083C69D8	rom	sOrdinaryNoIntroBattleParams
0x083C6A20	rom	sEarlyRivalBattleParams
0x083C6A68	rom	sContinueScriptDoubleBattleParams
0x083C6AB0	rom	sWindowTemplate_LinkPlayerCount
0x083C6AB8	rom	sTrainerCardColorNames
0x083C6AC8	rom	sGfx_Emoticons
0x083C7248	rom	sDirectionalApproachDistanceFuncs
0x083C7258	rom	sTrainerSeeFuncList
0x083C7294	rom	sTrainerSeeFuncList2
0x083C72A4	rom	sOamData_Emoticons
0x083C72AC	rom	sSpriteImages_Emoticons
0x083C7324	rom	sAnimCmd_ExclamationMark1
0x083C7334	rom	sAnimCmd_DoubleExclMark
0x083C7344	rom	sAnimCmd_X
0x083C7354	rom	sAnimCmd_SmileyFace
0x083C7364	rom	sAnimCmd_QuestionMark
0x083C7374	rom	sSpriteAnimTable_Emoticons
0x083C7388	rom	sSpriteTemplate_Emoticons
0x083C73A0	rom	sSevenIslandTanobyRuinsMoneanChamber_FireRed_LandMons
0x083C73D0	rom	sSevenIslandTanobyRuinsMoneanChamber_FireRed_LandMonsInfo
0x083C73D8	rom	sSevenIslandTanobyRuinsLiptooChamber_FireRed_LandMons
0x083C7408	rom	sSevenIslandTanobyRuinsLiptooChamber_FireRed_LandMonsInfo
0x083C7410	rom	sSevenIslandTanobyRuinsWeepthChamber_FireRed_LandMons
0x083C7440	rom	sSevenIslandTanobyRuinsWeepthChamber_FireRed_LandMonsInfo
0x083C7448	rom	sSevenIslandTanobyRuinsDilfordChamber_FireRed_LandMons
0x083C7478	rom	sSevenIslandTanobyRuinsDilfordChamber_FireRed_LandMonsInfo
0x083C7480	rom	sSevenIslandTanobyRuinsScufibChamber_FireRed_LandMons
0x083C74B0	rom	sSevenIslandTanobyRuinsScufibChamber_FireRed_LandMonsInfo
0x083C74B8	rom	sSevenIslandTanobyRuinsRixyChamber_FireRed_LandMons
0x083C74E8	rom	sSevenIslandTanobyRuinsRixyChamber_FireRed_LandMonsInfo
0x083C74F0	rom	sSevenIslandTanobyRuinsViapoisChamber_FireRed_LandMons
0x083C7520	rom	sSevenIslandTanobyRuinsViapoisChamber_FireRed_LandMonsInfo
0x083C7528	rom	sViridianForest_FireRed_LandMons
0x083C7558	rom	sViridianForest_FireRed_LandMonsInfo
0x083C7560	rom	sMtMoon1F_FireRed_LandMons
0x083C7590	rom	sMtMoon1F_FireRed_LandMonsInfo
0x083C7598	rom	sMtMoonB1F_FireRed_LandMons
0x083C75C8	rom	sMtMoonB1F_FireRed_LandMonsInfo
0x083C75D0	rom	sMtMoonB2F_FireRed_LandMons
0x083C7600	rom	sMtMoonB2F_FireRed_LandMonsInfo
0x083C7608	rom	sSSAnneExterior_FireRed_WaterMons
0x083C761C	rom	sSSAnneExterior_FireRed_WaterMonsInfo
0x083C7624	rom	sSSAnneExterior_FireRed_FishingMons
0x083C764C	rom	sSSAnneExterior_FireRed_FishingMonsInfo
0x083C7654	rom	sDiglettsCaveB1F_FireRed_LandMons
0x083C7684	rom	sDiglettsCaveB1F_FireRed_LandMonsInfo
0x083C768C	rom	sVictoryRoad1F_FireRed_LandMons
0x083C76BC	rom	sVictoryRoad1F_FireRed_LandMonsInfo
0x083C76C4	rom	sVictoryRoad2F_FireRed_LandMons
0x083C76F4	rom	sVictoryRoad2F_FireRed_LandMonsInfo
0x083C76FC	rom	sVictoryRoad3F_FireRed_LandMons
0x083C772C	rom	sVictoryRoad3F_FireRed_LandMonsInfo
0x083C7734	rom	sPokemonMansion1F_FireRed_LandMons
0x083C7764	rom	sPokemonMansion1F_FireRed_LandMonsInfo
0x083C776C	rom	sPokemonMansion2F_FireRed_LandMons
0x083C779C	rom	sPokemonMansion2F_FireRed_LandMonsInfo
0x083C77A4	rom	sPokemonMansion3F_FireRed_LandMons
0x083C77D4	rom	sPokemonMansion3F_FireRed_LandMonsInfo
0x083C77DC	rom	sPokemonMansionB1F_FireRed_LandMons
0x083C780C	rom	sPokemonMansionB1F_FireRed_LandMonsInfo
0x083C7814	rom	sSafariZoneCenter_FireRed_LandMons
0x083C7844	rom	sSafariZoneCenter_FireRed_LandMonsInfo
0x083C784C	rom	sSafariZoneCenter_FireRed_WaterMons
0x083C7860	rom	sSafariZoneCenter_FireRed_WaterMonsInfo
0x083C7868	rom	sSafariZoneCenter_FireRed_FishingMons
0x083C7890	rom	sSafariZoneCenter_FireRed_FishingMonsInfo
0x083C7898	rom	sSafariZoneEast_FireRed_LandMons
0x083C78C8	rom	sSafariZoneEast_FireRed_LandMonsInfo
0x083C78D0	rom	sSafariZoneEast_FireRed_WaterMons
0x083C78E4	rom	sSafariZoneEast_FireRed_WaterMonsInfo
0x083C78EC	rom	sSafariZoneEast_FireRed_FishingMons
0x083C7914	rom	sSafariZoneEast_FireRed_FishingMonsInfo
0x083C791C	rom	sSafariZoneNorth_FireRed_LandMons
0x083C794C	rom	sSafariZoneNorth_FireRed_LandMonsInfo
0x083C7954	rom	sSafariZoneNorth_FireRed_WaterMons
0x083C7968	rom	sSafariZoneNorth_FireRed_WaterMonsInfo
0x083C7970	rom	sSafariZoneNorth_FireRed_FishingMons
0x083C7998	rom	sSafariZoneNorth_FireRed_FishingMonsInfo
0x083C79A0	rom	sSafariZoneWest_FireRed_LandMons
0x083C79D0	rom	sSafariZoneWest_FireRed_LandMonsInfo
0x083C79D8	rom	sSafariZoneWest_FireRed_WaterMons
0x083C79EC	rom	sSafariZoneWest_FireRed_WaterMonsInfo
0x083C79F4	rom	sSafariZoneWest_FireRed_FishingMons
0x083C7A1C	rom	sSafariZoneWest_FireRed_FishingMonsInfo
0x083C7A24	rom	sCeruleanCave1F_FireRed_LandMons
0x083C7A54	rom	sCeruleanCave1F_FireRed_LandMonsInfo
0x083C7A5C	rom	sCeruleanCave1F_FireRed_WaterMons
0x083C7A70	rom	sCeruleanCave1F_FireRed_WaterMonsInfo
0x083C7A78	rom	sCeruleanCave1F_FireRed_RockSmashMons
0x083C7A8C	rom	sCeruleanCave1F_FireRed_RockSmashMonsInfo
0x083C7A94	rom	sCeruleanCave1F_FireRed_FishingMons
0x083C7ABC	rom	sCeruleanCave1F_FireRed_FishingMonsInfo
0x083C7AC4	rom	sCeruleanCave2F_FireRed_LandMons
0x083C7AF4	rom	sCeruleanCave2F_FireRed_LandMonsInfo
0x083C7AFC	rom	sCeruleanCave2F_FireRed_RockSmashMons
0x083C7B10	rom	sCeruleanCave2F_FireRed_RockSmashMonsInfo
0x083C7B18	rom	sCeruleanCaveB1F_FireRed_LandMons
0x083C7B48	rom	sCeruleanCaveB1F_FireRed_LandMonsInfo
0x083C7B50	rom	sCeruleanCaveB1F_FireRed_WaterMons
0x083C7B64	rom	sCeruleanCaveB1F_FireRed_WaterMonsInfo
0x083C7B6C	rom	sCeruleanCaveB1F_FireRed_RockSmashMons
0x083C7B80	rom	sCeruleanCaveB1F_FireRed_RockSmashMonsInfo
0x083C7B88	rom	sCeruleanCaveB1F_FireRed_FishingMons
0x083C7BB0	rom	sCeruleanCaveB1F_FireRed_FishingMonsInfo
0x083C7BB8	rom	sRockTunnel1F_FireRed_LandMons
0x083C7BE8	rom	sRockTunnel1F_FireRed_LandMonsInfo
0x083C7BF0	rom	sRockTunnelB1F_FireRed_LandMons
0x083C7C20	rom	sRockTunnelB1F_FireRed_LandMonsInfo
0x083C7C28	rom	sRockTunnelB1F_FireRed_RockSmashMons
0x083C7C3C	rom	sRockTunnelB1F_FireRed_RockSmashMonsInfo
0x083C7C44	rom	sSeafoamIslands1F_FireRed_LandMons
0x083C7C74	rom	sSeafoamIslands1F_FireRed_LandMonsInfo
0x083C7C7C	rom	sSeafoamIslandsB1F_FireRed_LandMons
0x083C7CAC	rom	sSeafoamIslandsB1F_FireRed_LandMonsInfo
0x083C7CB4	rom	sSeafoamIslandsB2F_FireRed_LandMons
0x083C7CE4	rom	sSeafoamIslandsB2F_FireRed_LandMonsInfo
0x083C7CEC	rom	sSeafoamIslandsB3F_FireRed_LandMons
0x083C7D1C	rom	sSeafoamIslandsB3F_FireRed_LandMonsInfo
0x083C7D24	rom	sSeafoamIslandsB3F_FireRed_WaterMons
0x083C7D38	rom	sSeafoamIslandsB3F_FireRed_WaterMonsInfo
0x083C7D40	rom	sSeafoamIslandsB3F_FireRed_FishingMons
0x083C7D68	rom	sSeafoamIslandsB3F_FireRed_FishingMonsInfo
0x083C7D70	rom	sSeafoamIslandsB4F_FireRed_LandMons
0x083C7DA0	rom	sSeafoamIslandsB4F_FireRed_LandMonsInfo
0x083C7DA8	rom	sSeafoamIslandsB4F_FireRed_WaterMons
0x083C7DBC	rom	sSeafoamIslandsB4F_FireRed_WaterMonsInfo
0x083C7DC4	rom	sSeafoamIslandsB4F_FireRed_FishingMons
0x083C7DEC	rom	sSeafoamIslandsB4F_FireRed_FishingMonsInfo
0x083C7DF4	rom	sPokemonTower3F_FireRed_LandMons
0x083C7E24	rom	sPokemonTower3F_FireRed_LandMonsInfo
0x083C7E2C	rom	sPokemonTower4F_FireRed_LandMons
0x083C7E5C	rom	sPokemonTower4F_FireRed_LandMonsInfo
0x083C7E64	rom	sPokemonTower5F_FireRed_LandMons
0x083C7E94	rom	sPokemonTower5F_FireRed_LandMonsInfo
0x083C7E9C	rom	sPokemonTower6F_FireRed_LandMons
0x083C7ECC	rom	sPokemonTower6F_FireRed_LandMonsInfo
0x083C7ED4	rom	sPokemonTower7F_FireRed_LandMons
0x083C7F04	rom	sPokemonTower7F_FireRed_LandMonsInfo
0x083C7F0C	rom	sPowerPlant_FireRed_LandMons
0x083C7F3C	rom	sPowerPlant_FireRed_LandMonsInfo
0x083C7F44	rom	sMtEmberExterior_FireRed_LandMons
0x083C7F74	rom	sMtEmberExterior_FireRed_LandMonsInfo
0x083C7F7C	rom	sMtEmberExterior_FireRed_RockSmashMons
0x083C7F90	rom	sMtEmberExterior_FireRed_RockSmashMonsInfo
0x083C7F98	rom	sMtEmberSummitPath1F_FireRed_LandMons
0x083C7FC8	rom	sMtEmberSummitPath1F_FireRed_LandMonsInfo
0x083C7FD0	rom	sMtEmberSummitPath2F_FireRed_LandMons
0x083C8000	rom	sMtEmberSummitPath2F_FireRed_LandMonsInfo
0x083C8008	rom	sMtEmberSummitPath2F_FireRed_RockSmashMons
0x083C801C	rom	sMtEmberSummitPath2F_FireRed_RockSmashMonsInfo
0x083C8024	rom	sMtEmberSummitPath3F_FireRed_LandMons
0x083C8054	rom	sMtEmberSummitPath3F_FireRed_LandMonsInfo
0x083C805C	rom	sMtEmberRubyPath1F_FireRed_LandMons
0x083C808C	rom	sMtEmberRubyPath1F_FireRed_LandMonsInfo
0x083C8094	rom	sMtEmberRubyPath1F_FireRed_RockSmashMons
0x083C80A8	rom	sMtEmberRubyPath1F_FireRed_RockSmashMonsInfo
0x083C80B0	rom	sMtEmberRubyPathB1F_FireRed_LandMons
0x083C80E0	rom	sMtEmberRubyPathB1F_FireRed_LandMonsInfo
0x083C80E8	rom	sMtEmberRubyPathB1F_FireRed_RockSmashMons
0x083C80FC	rom	sMtEmberRubyPathB1F_FireRed_RockSmashMonsInfo
0x083C8104	rom	sMtEmberRubyPathB2F_FireRed_LandMons
0x083C8134	rom	sMtEmberRubyPathB2F_FireRed_LandMonsInfo
0x083C813C	rom	sMtEmberRubyPathB2F_FireRed_RockSmashMons
0x083C8150	rom	sMtEmberRubyPathB2F_FireRed_RockSmashMonsInfo
0x083C8158	rom	sMtEmberRubyPathB3F_FireRed_LandMons
0x083C8188	rom	sMtEmberRubyPathB3F_FireRed_LandMonsInfo
0x083C8190	rom	sMtEmberRubyPathB3F_FireRed_RockSmashMons
0x083C81A4	rom	sMtEmberRubyPathB3F_FireRed_RockSmashMonsInfo
0x083C81AC	rom	sMtEmberRubyPathB1FStairs_FireRed_LandMons
0x083C81DC	rom	sMtEmberRubyPathB1FStairs_FireRed_LandMonsInfo
0x083C81E4	rom	sMtEmberRubyPathB1FStairs_FireRed_RockSmashMons
0x083C81F8	rom	sMtEmberRubyPathB1FStairs_FireRed_RockSmashMonsInfo
0x083C8200	rom	sMtEmberRubyPathB2FStairs_FireRed_LandMons
0x083C8230	rom	sMtEmberRubyPathB2FStairs_FireRed_LandMonsInfo
0x083C8238	rom	sMtEmberRubyPathB2FStairs_FireRed_RockSmashMons
0x083C824C	rom	sMtEmberRubyPathB2FStairs_FireRed_RockSmashMonsInfo
0x083C8254	rom	sThreeIslandBerryForest_FireRed_LandMons
0x083C8284	rom	sThreeIslandBerryForest_FireRed_LandMonsInfo
0x083C828C	rom	sThreeIslandBerryForest_FireRed_WaterMons
0x083C82A0	rom	sThreeIslandBerryForest_FireRed_WaterMonsInfo
0x083C82A8	rom	sThreeIslandBerryForest_FireRed_FishingMons
0x083C82D0	rom	sThreeIslandBerryForest_FireRed_FishingMonsInfo
0x083C82D8	rom	sFourIslandIcefallCaveEntrance_FireRed_LandMons
0x083C8308	rom	sFourIslandIcefallCaveEntrance_FireRed_LandMonsInfo
0x083C8310	rom	sFourIslandIcefallCaveEntrance_FireRed_WaterMons
0x083C8324	rom	sFourIslandIcefallCaveEntrance_FireRed_WaterMonsInfo
0x083C832C	rom	sFourIslandIcefallCaveEntrance_FireRed_FishingMons
0x083C8354	rom	sFourIslandIcefallCaveEntrance_FireRed_FishingMonsInfo
0x083C835C	rom	sFourIslandIcefallCave1F_FireRed_LandMons
0x083C838C	rom	sFourIslandIcefallCave1F_FireRed_LandMonsInfo
0x083C8394	rom	sFourIslandIcefallCaveB1F_FireRed_LandMons
0x083C83C4	rom	sFourIslandIcefallCaveB1F_FireRed_LandMonsInfo
0x083C83CC	rom	sFourIslandIcefallCaveBack_FireRed_LandMons
0x083C83FC	rom	sFourIslandIcefallCaveBack_FireRed_LandMonsInfo
0x083C8404	rom	sFourIslandIcefallCaveBack_FireRed_WaterMons
0x083C8418	rom	sFourIslandIcefallCaveBack_FireRed_WaterMonsInfo
0x083C8420	rom	sFourIslandIcefallCaveBack_FireRed_FishingMons
0x083C8448	rom	sFourIslandIcefallCaveBack_FireRed_FishingMonsInfo
0x083C8450	rom	sSixIslandPatternBush_FireRed_LandMons
0x083C8480	rom	sSixIslandPatternBush_FireRed_LandMonsInfo
0x083C8488	rom	sFiveIslandLostCaveRoom1_FireRed_LandMons
0x083C84B8	rom	sFiveIslandLostCaveRoom1_FireRed_LandMonsInfo
0x083C84C0	rom	sFiveIslandLostCaveRoom2_FireRed_LandMons
0x083C84F0	rom	sFiveIslandLostCaveRoom2_FireRed_LandMonsInfo
0x083C84F8	rom	sFiveIslandLostCaveRoom3_FireRed_LandMons
0x083C8528	rom	sFiveIslandLostCaveRoom3_FireRed_LandMonsInfo
0x083C8530	rom	sFiveIslandLostCaveRoom4_FireRed_LandMons
0x083C8560	rom	sFiveIslandLostCaveRoom4_FireRed_LandMonsInfo
0x083C8568	rom	sFiveIslandLostCaveRoom5_FireRed_LandMons
0x083C8598	rom	sFiveIslandLostCaveRoom5_FireRed_LandMonsInfo
0x083C85A0	rom	sFiveIslandLostCaveRoom6_FireRed_LandMons
0x083C85D0	rom	sFiveIslandLostCaveRoom6_FireRed_LandMonsInfo
0x083C85D8	rom	sFiveIslandLostCaveRoom7_FireRed_LandMons
0x083C8608	rom	sFiveIslandLostCaveRoom7_FireRed_LandMonsInfo
0x083C8610	rom	sFiveIslandLostCaveRoom8_FireRed_LandMons
0x083C8640	rom	sFiveIslandLostCaveRoom8_FireRed_LandMonsInfo
0x083C8648	rom	sFiveIslandLostCaveRoom9_FireRed_LandMons
0x083C8678	rom	sFiveIslandLostCaveRoom9_FireRed_LandMonsInfo
0x083C8680	rom	sFiveIslandLostCaveRoom10_FireRed_LandMons
0x083C86B0	rom	sFiveIslandLostCaveRoom10_FireRed_LandMonsInfo
0x083C86B8	rom	sFiveIslandLostCaveRoom11_FireRed_LandMons
0x083C86E8	rom	sFiveIslandLostCaveRoom11_FireRed_LandMonsInfo
0x083C86F0	rom	sFiveIslandLostCaveRoom12_FireRed_LandMons
0x083C8720	rom	sFiveIslandLostCaveRoom12_FireRed_LandMonsInfo
0x083C8728	rom	sFiveIslandLostCaveRoom13_FireRed_LandMons
0x083C8758	rom	sFiveIslandLostCaveRoom13_FireRed_LandMonsInfo
0x083C8760	rom	sFiveIslandLostCaveRoom14_FireRed_LandMons
0x083C8790	rom	sFiveIslandLostCaveRoom14_FireRed_LandMonsInfo
0x083C8798	rom	sOneIslandKindleRoad_FireRed_LandMons
0x083C87C8	rom	sOneIslandKindleRoad_FireRed_LandMonsInfo
0x083C87D0	rom	sOneIslandKindleRoad_FireRed_WaterMons
0x083C87E4	rom	sOneIslandKindleRoad_FireRed_WaterMonsInfo
0x083C87EC	rom	sOneIslandKindleRoad_FireRed_RockSmashMons
0x083C8800	rom	sOneIslandKindleRoad_FireRed_RockSmashMonsInfo
0x083C8808	rom	sOneIslandKindleRoad_FireRed_FishingMons
0x083C8830	rom	sOneIslandKindleRoad_FireRed_FishingMonsInfo
0x083C8838	rom	sOneIslandTreasureBeach_FireRed_LandMons
0x083C8868	rom	sOneIslandTreasureBeach_FireRed_LandMonsInfo
0x083C8870	rom	sOneIslandTreasureBeach_FireRed_WaterMons
0x083C8884	rom	sOneIslandTreasureBeach_FireRed_WaterMonsInfo
0x083C888C	rom	sOneIslandTreasureBeach_FireRed_FishingMons
0x083C88B4	rom	sOneIslandTreasureBeach_FireRed_FishingMonsInfo
0x083C88BC	rom	sTwoIslandCapeBrink_FireRed_LandMons
0x083C88EC	rom	sTwoIslandCapeBrink_FireRed_LandMonsInfo
0x083C88F4	rom	sTwoIslandCapeBrink_FireRed_WaterMons
0x083C8908	rom	sTwoIslandCapeBrink_FireRed_WaterMonsInfo
0x083C8910	rom	sTwoIslandCapeBrink_FireRed_FishingMons
0x083C8938	rom	sTwoIslandCapeBrink_FireRed_FishingMonsInfo
0x083C8940	rom	sThreeIslandBondBridge_FireRed_LandMons
0x083C8970	rom	sThreeIslandBondBridge_FireRed_LandMonsInfo
0x083C8978	rom	sThreeIslandBondBridge_FireRed_WaterMons
0x083C898C	rom	sThreeIslandBondBridge_FireRed_WaterMonsInfo
0x083C8994	rom	sThreeIslandBondBridge_FireRed_FishingMons
0x083C89BC	rom	sThreeIslandBondBridge_FireRed_FishingMonsInfo
0x083C89C4	rom	sThreeIslandPort_FireRed_LandMons
0x083C89F4	rom	sThreeIslandPort_FireRed_LandMonsInfo
0x083C89FC	rom	sFiveIslandResortGorgeous_FireRed_WaterMons
0x083C8A10	rom	sFiveIslandResortGorgeous_FireRed_WaterMonsInfo
0x083C8A18	rom	sFiveIslandResortGorgeous_FireRed_FishingMons
0x083C8A40	rom	sFiveIslandResortGorgeous_FireRed_FishingMonsInfo
0x083C8A48	rom	sFiveIslandWaterLabyrinth_FireRed_WaterMons
0x083C8A5C	rom	sFiveIslandWaterLabyrinth_FireRed_WaterMonsInfo
0x083C8A64	rom	sFiveIslandWaterLabyrinth_FireRed_FishingMons
0x083C8A8C	rom	sFiveIslandWaterLabyrinth_FireRed_FishingMonsInfo
0x083C8A94	rom	sFiveIslandMeadow_FireRed_LandMons
0x083C8AC4	rom	sFiveIslandMeadow_FireRed_LandMonsInfo
0x083C8ACC	rom	sFiveIslandMeadow_FireRed_WaterMons
0x083C8AE0	rom	sFiveIslandMeadow_FireRed_WaterMonsInfo
0x083C8AE8	rom	sFiveIslandMeadow_FireRed_FishingMons
0x083C8B10	rom	sFiveIslandMeadow_FireRed_FishingMonsInfo
0x083C8B18	rom	sFiveIslandMemorialPillar_FireRed_LandMons
0x083C8B48	rom	sFiveIslandMemorialPillar_FireRed_LandMonsInfo
0x083C8B50	rom	sFiveIslandMemorialPillar_FireRed_WaterMons
0x083C8B64	rom	sFiveIslandMemorialPillar_FireRed_WaterMonsInfo
0x083C8B6C	rom	sFiveIslandMemorialPillar_FireRed_FishingMons
0x083C8B94	rom	sFiveIslandMemorialPillar_FireRed_FishingMonsInfo
0x083C8B9C	rom	sSixIslandOutcastIsland_FireRed_WaterMons
0x083C8BB0	rom	sSixIslandOutcastIsland_FireRed_WaterMonsInfo
0x083C8BB8	rom	sSixIslandOutcastIsland_FireRed_FishingMons
0x083C8BE0	rom	sSixIslandOutcastIsland_FireRed_FishingMonsInfo
0x083C8BE8	rom	sSixIslandGreenPath_FireRed_WaterMons
0x083C8BFC	rom	sSixIslandGreenPath_FireRed_WaterMonsInfo
0x083C8C04	rom	sSixIslandGreenPath_FireRed_FishingMons
0x083C8C2C	rom	sSixIslandGreenPath_FireRed_FishingMonsInfo
0x083C8C34	rom	sSixIslandWaterPath_FireRed_LandMons
0x083C8C64	rom	sSixIslandWaterPath_FireRed_LandMonsInfo
0x083C8C6C	rom	sSixIslandWaterPath_FireRed_WaterMons
0x083C8C80	rom	sSixIslandWaterPath_FireRed_WaterMonsInfo
0x083C8C88	rom	sSixIslandWaterPath_FireRed_FishingMons
0x083C8CB0	rom	sSixIslandWaterPath_FireRed_FishingMonsInfo
0x083C8CB8	rom	sSixIslandRuinValley_FireRed_LandMons
0x083C8CE8	rom	sSixIslandRuinValley_FireRed_LandMonsInfo
0x083C8CF0	rom	sSixIslandRuinValley_FireRed_WaterMons
0x083C8D04	rom	sSixIslandRuinValley_FireRed_WaterMonsInfo
0x083C8D0C	rom	sSixIslandRuinValley_FireRed_FishingMons
0x083C8D34	rom	sSixIslandRuinValley_FireRed_FishingMonsInfo
0x083C8D3C	rom	sSevenIslandTrainerTower_FireRed_WaterMons
0x083C8D50	rom	sSevenIslandTrainerTower_FireRed_WaterMonsInfo
0x083C8D58	rom	sSevenIslandTrainerTower_FireRed_FishingMons
0x083C8D80	rom	sSevenIslandTrainerTower_FireRed_FishingMonsInfo
0x083C8D88	rom	sSevenIslandSevaultCanyonEntrance_FireRed_LandMons
0x083C8DB8	rom	sSevenIslandSevaultCanyonEntrance_FireRed_LandMonsInfo
0x083C8DC0	rom	sSevenIslandSevaultCanyon_FireRed_LandMons
0x083C8DF0	rom	sSevenIslandSevaultCanyon_FireRed_LandMonsInfo
0x083C8DF8	rom	sSevenIslandSevaultCanyon_FireRed_RockSmashMons
0x083C8E0C	rom	sSevenIslandSevaultCanyon_FireRed_RockSmashMonsInfo
0x083C8E14	rom	sSevenIslandTanobyRuins_FireRed_WaterMons
0x083C8E28	rom	sSevenIslandTanobyRuins_FireRed_WaterMonsInfo
0x083C8E30	rom	sSevenIslandTanobyRuins_FireRed_FishingMons
0x083C8E58	rom	sSevenIslandTanobyRuins_FireRed_FishingMonsInfo
0x083C8E60	rom	sRoute1_FireRed_LandMons
0x083C8E90	rom	sRoute1_FireRed_LandMonsInfo
0x083C8E98	rom	sRoute2_FireRed_LandMons
0x083C8EC8	rom	sRoute2_FireRed_LandMonsInfo
0x083C8ED0	rom	sRoute3_FireRed_LandMons
0x083C8F00	rom	sRoute3_FireRed_LandMonsInfo
0x083C8F08	rom	sRoute4_FireRed_LandMons
0x083C8F38	rom	sRoute4_FireRed_LandMonsInfo
0x083C8F40	rom	sRoute4_FireRed_WaterMons
0x083C8F54	rom	sRoute4_FireRed_WaterMonsInfo
0x083C8F5C	rom	sRoute4_FireRed_FishingMons
0x083C8F84	rom	sRoute4_FireRed_FishingMonsInfo
0x083C8F8C	rom	sRoute5_FireRed_LandMons
0x083C8FBC	rom	sRoute5_FireRed_LandMonsInfo
0x083C8FC4	rom	sRoute6_FireRed_LandMons
0x083C8FF4	rom	sRoute6_FireRed_LandMonsInfo
0x083C8FFC	rom	sRoute6_FireRed_WaterMons
0x083C9010	rom	sRoute6_FireRed_WaterMonsInfo
0x083C9018	rom	sRoute6_FireRed_FishingMons
0x083C9040	rom	sRoute6_FireRed_FishingMonsInfo
0x083C9048	rom	sRoute7_FireRed_LandMons
0x083C9078	rom	sRoute7_FireRed_LandMonsInfo
0x083C9080	rom	sRoute8_FireRed_LandMons
0x083C90B0	rom	sRoute8_FireRed_LandMonsInfo
0x083C90B8	rom	sRoute9_FireRed_LandMons
0x083C90E8	rom	sRoute9_FireRed_LandMonsInfo
0x083C90F0	rom	sRoute10_FireRed_LandMons
0x083C9120	rom	sRoute10_FireRed_LandMonsInfo
0x083C9128	rom	sRoute10_FireRed_WaterMons
0x083C913C	rom	sRoute10_FireRed_WaterMonsInfo
0x083C9144	rom	sRoute10_FireRed_FishingMons
0x083C916C	rom	sRoute10_FireRed_FishingMonsInfo
0x083C9174	rom	sRoute11_FireRed_LandMons
0x083C91A4	rom	sRoute11_FireRed_LandMonsInfo
0x083C91AC	rom	sRoute11_FireRed_WaterMons
0x083C91C0	rom	sRoute11_FireRed_WaterMonsInfo
0x083C91C8	rom	sRoute11_FireRed_FishingMons
0x083C91F0	rom	sRoute11_FireRed_FishingMonsInfo
0x083C91F8	rom	sRoute12_FireRed_LandMons
0x083C9228	rom	sRoute12_FireRed_LandMonsInfo
0x083C9230	rom	sRoute12_FireRed_WaterMons
0x083C9244	rom	sRoute12_FireRed_WaterMonsInfo
0x083C924C	rom	sRoute12_FireRed_FishingMons
0x083C9274	rom	sRoute12_FireRed_FishingMonsInfo
0x083C927C	rom	sRoute13_FireRed_LandMons
0x083C92AC	rom	sRoute13_FireRed_LandMonsInfo
0x083C92B4	rom	sRoute13_FireRed_WaterMons
0x083C92C8	rom	sRoute13_FireRed_WaterMonsInfo
0x083C92D0	rom	sRoute13_FireRed_FishingMons
0x083C92F8	rom	sRoute13_FireRed_FishingMonsInfo
0x083C9300	rom	sRoute14_FireRed_LandMons
0x083C9330	rom	sRoute14_FireRed_LandMonsInfo
0x083C9338	rom	sRoute15_FireRed_LandMons
0x083C9368	rom	sRoute15_FireRed_LandMonsInfo
0x083C9370	rom	sRoute16_FireRed_LandMons
0x083C93A0	rom	sRoute16_FireRed_LandMonsInfo
0x083C93A8	rom	sRoute17_FireRed_LandMons
0x083C93D8	rom	sRoute17_FireRed_LandMonsInfo
0x083C93E0	rom	sRoute18_FireRed_LandMons
0x083C9410	rom	sRoute18_FireRed_LandMonsInfo
0x083C9418	rom	sRoute19_FireRed_WaterMons
0x083C942C	rom	sRoute19_FireRed_WaterMonsInfo
0x083C9434	rom	sRoute19_FireRed_FishingMons
0x083C945C	rom	sRoute19_FireRed_FishingMonsInfo
0x083C9464	rom	sRoute20_FireRed_WaterMons
0x083C9478	rom	sRoute20_FireRed_WaterMonsInfo
0x083C9480	rom	sRoute20_FireRed_FishingMons
0x083C94A8	rom	sRoute20_FireRed_FishingMonsInfo
0x083C94B0	rom	sRoute21North_FireRed_LandMons
0x083C94E0	rom	sRoute21North_FireRed_LandMonsInfo
0x083C94E8	rom	sRoute21North_FireRed_WaterMons
0x083C94FC	rom	sRoute21North_FireRed_WaterMonsInfo
0x083C9504	rom	sRoute21North_FireRed_FishingMons
0x083C952C	rom	sRoute21North_FireRed_FishingMonsInfo
0x083C9534	rom	sRoute21South_FireRed_LandMons
0x083C9564	rom	sRoute21South_FireRed_LandMonsInfo
0x083C956C	rom	sRoute21South_FireRed_WaterMons
0x083C9580	rom	sRoute21South_FireRed_WaterMonsInfo
0x083C9588	rom	sRoute21South_FireRed_FishingMons
0x083C95B0	rom	sRoute21South_FireRed_FishingMonsInfo
0x083C95B8	rom	sRoute22_FireRed_LandMons
0x083C95E8	rom	sRoute22_FireRed_LandMonsInfo
0x083C95F0	rom	sRoute22_FireRed_WaterMons
0x083C9604	rom	sRoute22_FireRed_WaterMonsInfo
0x083C960C	rom	sRoute22_FireRed_FishingMons
0x083C9634	rom	sRoute22_FireRed_FishingMonsInfo
0x083C963C	rom	sRoute23_FireRed_LandMons
0x083C966C	rom	sRoute23_FireRed_LandMonsInfo
0x083C9674	rom	sRoute23_FireRed_WaterMons
0x083C9688	rom	sRoute23_FireRed_WaterMonsInfo
0x083C9690	rom	sRoute23_FireRed_FishingMons
0x083C96B8	rom	sRoute23_FireRed_FishingMonsInfo
0x083C96C0	rom	sRoute24_FireRed_LandMons
0x083C96F0	rom	sRoute24_FireRed_LandMonsInfo
0x083C96F8	rom	sRoute24_FireRed_WaterMons
0x083C970C	rom	sRoute24_FireRed_WaterMonsInfo
0x083C9714	rom	sRoute24_FireRed_FishingMons
0x083C973C	rom	sRoute24_FireRed_FishingMonsInfo
0x083C9744	rom	sRoute25_FireRed_LandMons
0x083C9774	rom	sRoute25_FireRed_LandMonsInfo
0x083C977C	rom	sRoute25_FireRed_WaterMons
0x083C9790	rom	sRoute25_FireRed_WaterMonsInfo
0x083C9798	rom	sRoute25_FireRed_FishingMons
0x083C97C0	rom	sRoute25_FireRed_FishingMonsInfo
0x083C97C8	rom	sPalletTown_FireRed_WaterMons
0x083C97DC	rom	sPalletTown_FireRed_WaterMonsInfo
0x083C97E4	rom	sPalletTown_FireRed_FishingMons
0x083C980C	rom	sPalletTown_FireRed_FishingMonsInfo
0x083C9814	rom	sViridianCity_FireRed_WaterMons
0x083C9828	rom	sViridianCity_FireRed_WaterMonsInfo
0x083C9830	rom	sViridianCity_FireRed_FishingMons
0x083C9858	rom	sViridianCity_FireRed_FishingMonsInfo
0x083C9860	rom	sCeruleanCity_FireRed_WaterMons
0x083C9874	rom	sCeruleanCity_FireRed_WaterMonsInfo
0x083C987C	rom	sCeruleanCity_FireRed_FishingMons
0x083C98A4	rom	sCeruleanCity_FireRed_FishingMonsInfo
0x083C98AC	rom	sVermilionCity_FireRed_WaterMons
0x083C98C0	rom	sVermilionCity_FireRed_WaterMonsInfo
0x083C98C8	rom	sVermilionCity_FireRed_FishingMons
0x083C98F0	rom	sVermilionCity_FireRed_FishingMonsInfo
0x083C98F8	rom	sCeladonCity_FireRed_WaterMons
0x083C990C	rom	sCeladonCity_FireRed_WaterMonsInfo
0x083C9914	rom	sCeladonCity_FireRed_FishingMons
0x083C993C	rom	sCeladonCity_FireRed_FishingMonsInfo
0x083C9944	rom	sFuchsiaCity_FireRed_WaterMons
0x083C9958	rom	sFuchsiaCity_FireRed_WaterMonsInfo
0x083C9960	rom	sFuchsiaCity_FireRed_FishingMons
0x083C9988	rom	sFuchsiaCity_FireRed_FishingMonsInfo
0x083C9990	rom	sCinnabarIsland_FireRed_WaterMons
0x083C99A4	rom	sCinnabarIsland_FireRed_WaterMonsInfo
0x083C99AC	rom	sCinnabarIsland_FireRed_FishingMons
0x083C99D4	rom	sCinnabarIsland_FireRed_FishingMonsInfo
0x083C99DC	rom	sOneIsland_FireRed_WaterMons
0x083C99F0	rom	sOneIsland_FireRed_WaterMonsInfo
0x083C99F8	rom	sOneIsland_FireRed_FishingMons
0x083C9A20	rom	sOneIsland_FireRed_FishingMonsInfo
0x083C9A28	rom	sFourIsland_FireRed_WaterMons
0x083C9A3C	rom	sFourIsland_FireRed_WaterMonsInfo
0x083C9A44	rom	sFourIsland_FireRed_FishingMons
0x083C9A6C	rom	sFourIsland_FireRed_FishingMonsInfo
0x083C9A74	rom	sFiveIsland_FireRed_WaterMons
0x083C9A88	rom	sFiveIsland_FireRed_WaterMonsInfo
0x083C9A90	rom	sFiveIsland_FireRed_FishingMons
0x083C9AB8	rom	sFiveIsland_FireRed_FishingMonsInfo
0x083C9AC0	rom	sSixIslandAlteringCave_FireRed_LandMons
0x083C9AF0	rom	sSixIslandAlteringCave_FireRed_LandMonsInfo
0x083C9AF8	rom	sSixIslandAlteringCave_2_FireRed_LandMons
0x083C9B28	rom	sSixIslandAlteringCave_2_FireRed_LandMonsInfo
0x083C9B30	rom	sSixIslandAlteringCave_3_FireRed_LandMons
0x083C9B60	rom	sSixIslandAlteringCave_3_FireRed_LandMonsInfo
0x083C9B68	rom	sSixIslandAlteringCave_4_FireRed_LandMons
0x083C9B98	rom	sSixIslandAlteringCave_4_FireRed_LandMonsInfo
0x083C9BA0	rom	sSixIslandAlteringCave_5_FireRed_LandMons
0x083C9BD0	rom	sSixIslandAlteringCave_5_FireRed_LandMonsInfo
0x083C9BD8	rom	sSixIslandAlteringCave_6_FireRed_LandMons
0x083C9C08	rom	sSixIslandAlteringCave_6_FireRed_LandMonsInfo
0x083C9C10	rom	sSixIslandAlteringCave_7_FireRed_LandMons
0x083C9C40	rom	sSixIslandAlteringCave_7_FireRed_LandMonsInfo
0x083C9C48	rom	sSixIslandAlteringCave_8_FireRed_LandMons
0x083C9C78	rom	sSixIslandAlteringCave_8_FireRed_LandMonsInfo
0x083C9C80	rom	sSixIslandAlteringCave_9_FireRed_LandMons
0x083C9CB0	rom	sSixIslandAlteringCave_9_FireRed_LandMonsInfo
0x083C9CB8	rom	gWildMonHeaders
0x083CA71C	rom	sUnownLetterSlots
0x083CA770	rom	sNewGameOakObject_Gfx
0x083CAF70	rom	sNewGameOakObject_Pal
0x083CAF90	rom	sPokeballGlow_Gfx
0x083CAFB0	rom	sPokeballGlow_Pal
0x083CAFD0	rom	sPokecenterMonitor_Gfx
0x083CB3D0	rom	sHofMonitor_Pal
0x083CB3F0	rom	sHofMonitor_Gfx
0x083CB5F0	rom	sFieldMoveStreaksOutdoors_Gfx
0x083CB7F0	rom	sFieldMoveStreaksOutdoors_Pal
0x083CB810	rom	sFieldMoveStreaksOutdoors_Tilemap
0x083CBA90	rom	sFieldMoveStreaksIndoors_Gfx
0x083CBB10	rom	sFieldMoveStreaksIndoors_Pal
0x083CBB30	rom	sFieldMoveStreaksIndoors_Tilemap
0x083CBDB0	rom	sRockFragment_TopLeft
0x083CBDD0	rom	sRockFragment_TopRight
0x083CBDF0	rom	sRockFragment_BottomLeft
0x083CBE10	rom	sRockFragment_BottomRight
0x083CBE30	rom	sFldEffScrcmdTable
0x083CBE50	rom	sNewGameOakOamAttributes
0x083CBE58	rom	sOamData_8x8
0x083CBE60	rom	sOamData_16x16
0x083CBE68	rom	sNewGameOakObjectSpriteFrames
0x083CBE70	rom	sNewGameOakObjectPaletteInfo
0x083CBE78	rom	sNewGameOakAnim
0x083CBE80	rom	sNewGameOakAnimTable
0x083CBE84	rom	sNewGameOakObjectTemplate
0x083CBE9C	rom	gSpritePalette_PokeballGlow
0x083CBEA4	rom	gSpritePalette_HofMonitor
0x083CBEAC	rom	sOamData_32x16
0x083CBEB4	rom	sPicTable_PokeballGlow
0x083CBEBC	rom	sPicTable_PokecenterMonitor
0x083CBEDC	rom	sPicTable_HofMonitor
0x083CBEFC	rom	sSubsprites_PokecenterMonitor
0x083CBF0C	rom	sSubspriteTable_PokecenterMonitor
0x083CBF14	rom	sSubsprites_HofMonitorBig
0x083CBF24	rom	sSubspriteTable_HofMonitorBig
0x083CBF2C	rom	sAnim_Static
0x083CBF34	rom	sAnim_Flicker
0x083CBF54	rom	sAnims_Flicker
0x083CBF5C	rom	sAnim_HofMonitor
0x083CBF84	rom	sAnims_HofMonitor
0x083CBF88	rom	sSpriteTemplate_PokeballGlow
0x083CBFA0	rom	sSpriteTemplate_PokecenterMonitor
0x083CBFB8	rom	sSpriteTemplate_HofMonitor
0x083CBFD0	rom	sPokecenterHealEffectFuncs
0x083CBFE0	rom	sHallOfFameRecordEffectFuncs
0x083CBFF0	rom	sPokeballGlowEffectFuncs
0x083CC010	rom	sPokeballCoordOffsets
0x083CC028	rom	sPokeballGlowReds
0x083CC02C	rom	sPokeballGlowGreens
0x083CC030	rom	sPokeballGlowBlues
0x083CC034	rom	sFallWarpEffectCBPtrs
0x083CC050	rom	sEscalatorWarpFieldEffectFuncs
0x083CC068	rom	sEscalatorWarpInFieldEffectFuncs
0x083CC084	rom	sUseWaterfallFieldEffectFuncs
0x083CC098	rom	sDiveFieldEffectFuncs
0x083CC0A4	rom	sLavaridgeGymB1FWarpEffectFuncs
0x083CC0BC	rom	sLavaridgeGymB1FWarpExitEffectFuncs
0x083CC0CC	rom	sLavaridgeGym1FWarpEffectFuncs
0x083CC0E0	rom	sEscapeRopeWarpOutEffectFuncs
0x083CC0E8	rom	sSpinDirections
0x083CC0F0	rom	sEscapeRopeWarpInEffectFuncs
0x083CC0F8	rom	sTeleportEffectFuncs
0x083CC110	rom	sTeleportInEffectFuncs
0x083CC11C	rom	sShowMonOutdoorsEffectFuncs
0x083CC138	rom	sShowMonIndoorsEffectFuncs
0x083CC154	rom	sUseSurfEffectFuncs
0x083CC168	rom	sUseVsSeekerEffectFuncs
0x083CC178	rom	sFlyOutFieldEffectFuncs
0x083CC19C	rom	sAffineAnim_FlyBirdLeaveBall
0x083CC1B4	rom	sAffineAnim_FlyBirdReturnToBall
0x083CC1CC	rom	sAffineAnims_FlyBirdBall
0x083CC1D4	rom	sFlyInFieldEffectFuncs
0x083CC214	rom	sAffineAnim_FlyBirdOutOfMap
0x083CC224	rom	sAffineAnim_FlyBirdIntoMap
0x083CC23C	rom	sAffineAnims_FlyBirdWithPlayer
0x083CC244	rom	sDestroyDeoxysRockEffectFuncs
0x083CC250	rom	sImages_DeoxysRockFragment
0x083CC270	rom	sAnim_RockFragment_TopLeft
0x083CC278	rom	sAnim_RockFragment_TopRight
0x083CC280	rom	sAnim_RockFragment_BottomLeft
0x083CC288	rom	sAnim_RockFragment_BottomRight
0x083CC290	rom	sAnims_DeoxysRockFragment
0x083CC2A0	rom	sSpriteTemplate_DeoxysRockFragment
0x083CC2B8	rom	sOptionMenuWinTemplates
0x083CC2D8	rom	sOptionMenuBgTemplates
0x083CC2E4	rom	sOptionMenuPalette
0x083CC304	rom	sOptionMenuItemCounts
0x083CC314	rom	sOptionMenuItemsNames
0x083CC330	rom	sTextSpeedOptions
0x083CC33C	rom	sBattleSceneOptions
0x083CC344	rom	sBattleStyleOptions
0x083CC34C	rom	sSoundOptions
0x083CC354	rom	sButtonTypeOptions
0x083CC360	rom	sOptionMenuPickSwitchCancelTextColor
0x083CC363	rom	sOptionMenuTextColor
0x083CC368	rom	sTrainerCardStickers_Gfx
0x083CC4DC	rom	sHoennTrainerCardFront_Tilemap
0x083CC6F0	rom	sKantoTrainerCardFront_Tilemap
0x083CC8A8	rom	sHoennTrainerCardBack_Tilemap
0x083CC984	rom	sKantoTrainerCardBack_Tilemap
0x083CCAB0	rom	sHoennTrainerCardFrontLink_Tilemap
0x083CCCA4	rom	sKantoTrainerCardFrontLink_Tilemap
0x083CCE30	rom	sHoennTrainerCardBg_Tilemap
0x083CCEC8	rom	sKantoTrainerCardBg_Tilemap
0x083CCF60	rom	sUnused_Pal
0x083CCF80	rom	sHoennTrainerCardBronze_Pal
0x083CCFE0	rom	sKantoTrainerCardGreen_Pal
0x083CD040	rom	sHoennTrainerCardCopper_Pal
0x083CD0A0	rom	sKantoTrainerCardBronze_Pal
0x083CD100	rom	sHoennTrainerCardSilver_Pal
0x083CD160	rom	sKantoTrainerCardSilver_Pal
0x083CD1C0	rom	sHoennTrainerCardGold_Pal
0x083CD220	rom	sKantoTrainerCardGold_Pal
0x083CD280	rom	sHoennTrainerCardFemaleBg_Pal
0x083CD2A0	rom	sKantoTrainerCardFemaleBg_Pal
0x083CD2C0	rom	sHoennTrainerCardBadges_Pal
0x083CD2E0	rom	sKantoTrainerCardBadges_Pal
0x083CD300	rom	sTrainerCardStar_Pal
0x083CD320	rom	sTrainerCardStickerPal1
0x083CD340	rom	sTrainerCardStickerPal2
0x083CD360	rom	sTrainerCardStickerPal3
0x083CD380	rom	sTrainerCardStickerPal4
0x083CD3A0	rom	sHoennTrainerCardBadges_Gfx
0x083CD5E8	rom	sKantoTrainerCardBadges_Gfx
0x083CD888	rom	sTrainerCardBgTemplates
0x083CD898	rom	sTrainerCardWindowTemplates
0x083CD8B8	rom	sHoennTrainerCardPals
0x083CD8CC	rom	sKantoTrainerCardPals
0x083CD8E0	rom	sTrainerCardTextColors
0x083CD8E3	rom	sTrainerCardStatColors
0x083CD8E6	rom	sTimeColonInvisibleTextColors
0x083CD8E9	rom	sTrainerCardFontIds
0x083CD8EC	rom	sTrainerPicOffsets
0x083CD8F4	rom	sTrainerPicFacilityClasses
0x083CD8F8	rom	sLinkTrainerPicFacilityClasses
0x083CD908	rom	sTrainerCardFlipTasks
0x083CD920	rom	sTrainerCardFrontNameXPositions
0x083CD922	rom	sTrainerCardFrontNameYPositions
0x083CD924	rom	sTrainerCardIdXPositions
0x083CD926	rom	sTrainerCardIdYPositions
0x083CD928	rom	sTimeColonTextColors
0x083CD930	rom	sTrainerCardTimeHoursXPositions
0x083CD932	rom	sTrainerCardTimeHoursYPositions
0x083CD934	rom	sTrainerCardTimeMinutesXPositions
0x083CD936	rom	sTrainerCardTimeMinutesYPositions
0x083CD938	rom	sTrainerCardProfilePhraseXPositions
0x083CD93A	rom	sTrainerCardProfilePhraseYPositions
0x083CD93C	rom	sTrainerCardBackNameXPositions
0x083CD93E	rom	sTrainerCardBackNameYPositions
0x083CD940	rom	sTrainerCardHofDebutXPositions
0x083CD944	rom	sLinkTrainerCardRecordStrings
0x083CD94C	rom	sPokemonIconPalSlots
0x083CD952	rom	sPokemonIconXOffsets
0x083CD958	rom	sStickerPalSlots
0x083CD95C	rom	sStarYOffsets
0x083CD960	rom	sLinkPlayerTrainerCardTemplate1
0x083CD9C0	rom	sLinkPlayerTrainerCardTemplate2
0x083CDA20	rom	sMainMenuTexts
0x083CDA48	rom	sWindowTemplate_MainMenu
0x083CDA50	rom	sAnim_ChooseBoxMenu_TopLeft
0x083CDA58	rom	sAnim_ChooseBoxMenu_BottomLeft
0x083CDA60	rom	sAnim_ChooseBoxMenu_TopRight
0x083CDA68	rom	sAnim_ChooseBoxMenu_BottomRight
0x083CDA70	rom	sAnims_ChooseBoxMenu
0x083CDA80	rom	sAffineAnim_ChooseBoxMenu
0x083CDA90	rom	sAffineAnims_ChooseBoxMenu
0x083CDA98	rom	sChooseBoxMenu_Pal
0x083CDAB8	rom	sChooseBoxMenuCenter_Gfx
0x083CE2B8	rom	sChooseBoxMenuCorners_Gfx
0x083CE438	rom	sScrollingBg_Gfx
0x083CE4D0	rom	sScrollingBg_Tilemap
0x083CE5DC	rom	sMenu_Pal
0x083CE5FC	rom	sMenu_Tilemap
0x083CE6F8	rom	sPkmnData_Tilemap
0x083CE738	rom	sScrollingBg_Pal
0x083CE758	rom	sScrollingBgMoveItems_Pal
0x083CE778	rom	sCloseBoxButton_Tilemap
0x083CE7C0	rom	sPartySlotFilled_Tilemap
0x083CE7D8	rom	sPartySlotEmpty_Tilemap
0x083CE7F0	rom	sPokeStorageMisc2Pal
0x083CE810	rom	sWaveform_Gfx
0x083CE9D0	rom	sUnused_Pal
0x083CEA10	rom	sItemInfoFrame_Pal
0x083CEA30	rom	sWindowTemplates
0x083CEA50	rom	sBgTemplates
0x083CEA60	rom	sMiscSpritePalette
0x083CEA68	rom	sWaveformSpriteSheet
0x083CEA70	rom	sSpriteTemplate_DisplayMon
0x083CEA88	rom	sMessages
0x083CEB80	rom	sYesNoWindowTemplate
0x083CEB88	rom	sOamData_DisplayMon
0x083CEB90	rom	sOamData_Waveform
0x083CEB98	rom	sAnim_Waveform_LeftOff
0x083CEBA0	rom	sAnim_Waveform_LeftOn
0x083CEBB0	rom	sAnim_Waveform_RightOff
0x083CEBB8	rom	sAnim_Waveform_RightOn
0x083CEBC8	rom	sAnims_Waveform
0x083CEBD8	rom	sSpriteTemplate_Waveform
0x083CEBF0	rom	sSpriteTemplate_MonIcon
0x083CEC08	rom	sOamData_MonIcon
0x083CEC10	rom	sAffineAnim_ReleaseMon_Release
0x083CEC20	rom	sAffineAnim_ReleaseMon_ComeBack
0x083CEC38	rom	sAffineAnims_ReleaseMon
0x083CEC40	rom	sWallpaperPalettes_Forest
0x083CEC80	rom	sWallpaperTiles_Forest
0x083CF050	rom	sWallpaperTilemap_Forest
0x083CF12C	rom	sWallpaperPalettes_City
0x083CF16C	rom	sWallpaperTiles_City
0x083CF374	rom	sWallpaperTilemap_City
0x083CF424	rom	sWallpaperPalettes_Desert
0x083CF464	rom	sWallpaperTiles_Desert
0x083CF750	rom	sWallpaperTilemap_Desert
0x083CF834	rom	sWallpaperPalettes_Savanna
0x083CF874	rom	sWallpaperTiles_Savanna
0x083CFA94	rom	sWallpaperTilemap_Savanna
0x083CFB60	rom	sWallpaperPalettes_Crag
0x083CFBA0	rom	sWallpaperTiles_Crag
0x083CFEF0	rom	sWallpaperTilemap_Crag
0x083CFFC8	rom	sWallpaperPalettes_Volcano
0x083D0008	rom	sWallpaperTiles_Volcano
0x083D0338	rom	sUnusedSpace1
0x083D033C	rom	sWallpaperTilemap_Volcano
0x083D0414	rom	sWallpaperPalettes_Snow
0x083D0454	rom	sWallpaperTiles_Snow
0x083D070C	rom	sWallpaperTilemap_Snow
0x083D07D8	rom	sWallpaperPalettes_Cave
0x083D0818	rom	sWallpaperTiles_Cave
0x083D0B5C	rom	sWallpaperTilemap_Cave
0x083D0C38	rom	sWallpaperPalettes_Beach
0x083D0C78	rom	sWallpaperTiles_Beach
0x083D0FFC	rom	sWallpaperTilemap_Beach
0x083D10E4	rom	sWallpaperPalettes_Seafloor
0x083D1124	rom	sWallpaperTiles_Seafloor
0x083D13D8	rom	sWallpaperTilemap_Seafloor
0x083D14B4	rom	sWallpaperPalettes_River
0x083D14F4	rom	sWallpaperTiles_River
0x083D1788	rom	sWallpaperTilemap_River
0x083D1874	rom	sWallpaperPalettes_Sky
0x083D18B4	rom	sWallpaperTiles_Sky
0x083D1B4C	rom	sWallpaperTilemap_Sky
0x083D1C2C	rom	sWallpaperPalettes_Stars
0x083D1C6C	rom	sUnusedSpace2
0x083D1C8C	rom	sWallpaperTiles_Stars
0x083D1EC4	rom	sWallpaperTilemap_Stars
0x083D1F94	rom	sWallpaperPalettes_Pokecenter
0x083D1FD4	rom	sWallpaperTiles_Pokecenter
0x083D22B8	rom	sWallpaperTilemap_Pokecenter
0x083D239C	rom	sWallpaperPalettes_Tiles
0x083D23DC	rom	sWallpaperTiles_Tiles
0x083D256C	rom	sWallpaperTilemap_Tiles
0x083D2614	rom	sWallpaperPalettes_Simple
0x083D2654	rom	sWallpaperTiles_Simple
0x083D277C	rom	sWallpaperTilemap_Simple
0x083D2820	rom	sWallpaperTilemap_Unused
0x083D29D0	rom	sBoxTitleColors
0x083D2A10	rom	sWallpapers
0x083D2AD0	rom	sBoxScrollArrow_Gfx
0x083D2B50	rom	sUnusedColor
0x083D2B54	rom	sSpriteSheet_BoxScrollArrow
0x083D2B5C	rom	sOamData_BoxTitle
0x083D2B64	rom	sAnim_BoxTitle_Left
0x083D2B6C	rom	sAnim_BoxTitle_Right
0x083D2B74	rom	sAnims_BoxTitle
0x083D2B7C	rom	sSpriteTemplate_BoxTitle
0x083D2B94	rom	sOamData_BoxScrollArrow
0x083D2B9C	rom	sAnim_BoxScrollArrow_Left
0x083D2BA4	rom	sAnim_BoxScrollArrow_Right
0x083D2BAC	rom	sAnims_BoxScrollArrow
0x083D2BB4	rom	sSpriteTemplate_BoxScrollArrow
0x083D2BCC	rom	sPokeStorageMisc1Pal
0x083D2BEC	rom	sHandCursorTiles
0x083D33EC	rom	sHandCursorShadowTiles
0x083D346C	rom	placeChangeFuncs.51
0x083D3478	rom	inputFuncs.193
0x083D34C8	rom	sOamData_Cursor.212
0x083D34D0	rom	sOamData_CursorShadow.213
0x083D34D8	rom	sAnim_Cursor_Bouncing.214
0x083D34E4	rom	sAnim_Cursor_Still.215
0x083D34EC	rom	sAnim_Cursor_Open.216
0x083D34F4	rom	sAnim_Cursor_Fist.217
0x083D34FC	rom	sAnims_Cursor.218
0x083D350C	rom	sSpriteTemplate_Cursor.219
0x083D3524	rom	sSpriteTemplate_CursorShadow.220
0x083D353C	rom	sMenuTexts
0x083D35D4	rom	sWindowTemplate_MultiMove
0x083D35DC	rom	sItemInfoFrame_Gfx
0x083D365C	rom	sOamData_ItemIcon
0x083D3664	rom	sAffineAnim_ItemIcon_Small
0x083D3674	rom	sAffineAnim_ItemIcon_Appear
0x083D368C	rom	sAffineAnim_ItemIcon_Disappear
0x083D36A4	rom	sAffineAnim_ItemIcon_PickUp
0x083D36C4	rom	sAffineAnim_ItemIcon_PutDown
0x083D36E4	rom	sAffineAnim_ItemIcon_PutAway
0x083D36FC	rom	sAffineAnim_ItemIcon_Large
0x083D370C	rom	sAffineAnims_ItemIcon
0x083D3728	rom	sSpriteTemplate_ItemIcon
0x083D3740	rom	gMonIconPalettes
0x083D37A0	rom	gMonIconTable
0x083D3E80	rom	gMonIconPaletteIndices
0x083D4038	rom	gMonIconPaletteTable
0x083D4068	rom	sMonIconOamData
0x083D4070	rom	sMonIconAnim_Fast
0x083D407C	rom	sMonIconAnim_MediumFast
0x083D4088	rom	sMonIconAnim_MediumSlow
0x083D4094	rom	sMonIconAnim_Slow
0x083D40A0	rom	sMonIconAnim_Still
0x083D40AC	rom	sMonIconAnims
0x083D40C0	rom	sMonIconAffineAnim_0
0x083D40D0	rom	sMonIconAffineAnim_1
0x083D40E0	rom	sMonIconAffineAnims
0x083D40E8	rom	sSpriteImageSizes
0x083D4100	rom	sCutGrassMetatileMapping
0x083D4128	rom	sOamData_FldEff_CutGrass
0x083D4130	rom	sSpriteAnim_Fldeff_CutGrass_0
0x083D4138	rom	sSpriteAnimTable_FldEff_CutGrass
0x083D413C	rom	sSpriteFrameImages_FldEff_CutGrass
0x083D4144	rom	gFldEffPalette_CutGrass
0x083D414C	rom	sSpriteTemplate_FldEff_CutGrass
0x083D416C	rom	sOamData_Bag
0x083D4174	rom	sAnim_Bag_OpenPokeBallsPocket
0x083D4180	rom	sAnim_Bag_OpenItemsPocket
0x083D418C	rom	sAnim_Bag_OpenKeyItemsPocket
0x083D4198	rom	sAnims_Bag
0x083D41A4	rom	sAffineAnim_BagIdle
0x083D41B4	rom	sAffineAnim_BagShake
0x083D41DC	rom	sAffineAnimTable_Bag
0x083D41E4	rom	gSpriteSheet_BagMale
0x083D41EC	rom	gSpriteSheet_BagFemale
0x083D41F4	rom	gSpritePalette_Bag
0x083D41FC	rom	sSpriteTemplate_Bag
0x083D4214	rom	sOamData_SwapLine
0x083D421C	rom	sAnim_SwapLine_Start
0x083D4224	rom	sAnim_SwapLine_Mid
0x083D422C	rom	sAnim_SwapLine_End
0x083D4234	rom	sAnims_SwapLine
0x083D4240	rom	gBagSwapSpriteSheet
0x083D4248	rom	gBagSwapSpritePalette
0x083D4250	rom	sSpriteTemplate_SwapLine
0x083D4268	rom	sOamData_ItemIcon
0x083D4270	rom	sAnim_ItemIcon
0x083D4278	rom	sAnims_ItemIcon
0x083D427C	rom	sSpriteTemplate_ItemIcon
0x083D4294	rom	sItemIconTable
0x083D4E54	rom	gHorizontalLungeSpriteTemplate
0x083D4E6C	rom	gVerticalDipSpriteTemplate
0x083D4E84	rom	gSlideMonToOriginalPosSpriteTemplate
0x083D4E9C	rom	gSlideMonToOffsetSpriteTemplate
0x083D4EB4	rom	gSlideMonToOffsetAndBackSpriteTemplate
0x083D4ECC	rom	gItemDescription_ITEM_MASTER_BALL
0x083D4F26	rom	gItemDescription_ITEM_ULTRA_BALL
0x083D4F78	rom	gItemDescription_ITEM_GREAT_BALL
0x083D4FD0	rom	gItemDescription_ITEM_POKE_BALL
0x083D501A	rom	gItemDescription_ITEM_SAFARI_BALL
0x083D5077	rom	gItemDescription_ITEM_NET_BALL
0x083D50CC	rom	gItemDescription_ITEM_DIVE_BALL
0x083D511D	rom	gItemDescription_ITEM_NEST_BALL
0x083D5165	rom	gItemDescription_ITEM_REPEAT_BALL
0x083D51B4	rom	gItemDescription_ITEM_TIMER_BALL
0x083D5216	rom	gItemDescription_ITEM_LUXURY_BALL
0x083D5263	rom	gItemDescription_ITEM_PREMIER_BALL
0x083D52B2	rom	gItemDescription_ITEM_POTION
0x083D52FF	rom	gItemDescription_ITEM_ANTIDOTE
0x083D533D	rom	gItemDescription_ITEM_BURN_HEAL
0x083D5374	rom	gItemDescription_ITEM_ICE_HEAL
0x083D53A9	rom	gItemDescription_ITEM_AWAKENING
0x083D53DF	rom	gItemDescription_ITEM_PARALYZE_HEAL
0x083D541B	rom	gItemDescription_ITEM_FULL_RESTORE
0x083D546F	rom	gItemDescription_ITEM_MAX_POTION
0x083D54B5	rom	gItemDescription_ITEM_HYPER_POTION
0x083D5503	rom	gItemDescription_ITEM_SUPER_POTION
0x083D5550	rom	gItemDescription_ITEM_FULL_HEAL
0x083D5598	rom	gItemDescription_ITEM_REVIVE
0x083D55EC	rom	gItemDescription_ITEM_MAX_REVIVE
0x083D562B	rom	gItemDescription_ITEM_FRESH_WATER
0x083D567E	rom	gItemDescription_ITEM_SODA_POP
0x083D56C2	rom	gItemDescription_ITEM_LEMONADE
0x083D5706	rom	gItemDescription_ITEM_MOOMOO_MILK
0x083D574F	rom	gItemDescription_ITEM_ENERGY_POWDER
0x083D579E	rom	gItemDescription_ITEM_ENERGY_ROOT
0x083D57E3	rom	gItemDescription_ITEM_HEAL_POWDER
0x083D5833	rom	gItemDescription_ITEM_REVIVAL_HERB
0x083D5883	rom	gItemDescription_ITEM_ETHER
0x083D58BF	rom	gItemDescription_ITEM_MAX_ETHER
0x083D58F4	rom	gItemDescription_ITEM_ELIXIR
0x083D5934	rom	gItemDescription_ITEM_MAX_ELIXIR
0x083D5968	rom	gItemDescription_ITEM_LAVA_COOKIE
0x083D59BB	rom	gItemDescription_ITEM_BLUE_FLUTE
0x083D59EF	rom	gItemDescription_ITEM_YELLOW_FLUTE
0x083D5A2D	rom	gItemDescription_ITEM_RED_FLUTE
0x083D5A6A	rom	gItemDescription_ITEM_BLACK_FLUTE
0x083D5AB8	rom	gItemDescription_ITEM_WHITE_FLUTE
0x083D5B06	rom	gItemDescription_ITEM_BERRY_JUICE
0x083D5B49	rom	gItemDescription_ITEM_SACRED_ASH
0x083D5B7A	rom	gItemDescription_ITEM_SHOAL_SALT
0x083D5BC5	rom	gItemDescription_ITEM_SHOAL_SHELL
0x083D5C1A	rom	gItemDescription_ITEM_RED_SHARD
0x083D5C66	rom	gItemDescription_ITEM_BLUE_SHARD
0x083D5CB3	rom	gItemDescription_ITEM_YELLOW_SHARD
0x083D5D02	rom	gItemDescription_ITEM_GREEN_SHARD
0x083D5D50	rom	gItemDescription_ITEM_HP_UP
0x083D5D96	rom	gItemDescription_ITEM_PROTEIN
0x083D5DE5	rom	gItemDescription_ITEM_IRON
0x083D5E35	rom	gItemDescription_ITEM_CARBOS
0x083D5E83	rom	gItemDescription_ITEM_CALCIUM
0x083D5ED3	rom	gItemDescription_ITEM_RARE_CANDY
0x083D5F20	rom	gItemDescription_ITEM_PP_UP
0x083D5F63	rom	gItemDescription_ITEM_ZINC
0x083D5FB3	rom	gItemDescription_ITEM_PP_MAX
0x083D5FFA	rom	gItemDescription_ITEM_GUARD_SPEC
0x083D604D	rom	gItemDescription_ITEM_DIRE_HIT
0x083D60A8	rom	gItemDescription_ITEM_X_ATTACK
0x083D60FC	rom	gItemDescription_ITEM_X_DEFEND
0x083D6151	rom	gItemDescription_ITEM_X_SPEED
0x083D61A4	rom	gItemDescription_ITEM_X_ACCURACY
0x083D61FA	rom	gItemDescription_ITEM_X_SPECIAL
0x083D624F	rom	gItemDescription_ITEM_POKE_DOLL
0x083D6297	rom	gItemDescription_ITEM_FLUFFY_TAIL
0x083D62DF	rom	gItemDescription_ITEM_SUPER_REPEL
0x083D6318	rom	gItemDescription_ITEM_MAX_REPEL
0x083D6351	rom	gItemDescription_ITEM_ESCAPE_ROPE
0x083D639C	rom	gItemDescription_ITEM_REPEL
0x083D63D5	rom	gItemDescription_ITEM_SUN_STONE
0x083D642D	rom	gItemDescription_ITEM_MOON_STONE
0x083D648D	rom	gItemDescription_ITEM_FIRE_STONE
0x083D64E2	rom	gItemDescription_ITEM_THUNDER_STONE
0x083D653F	rom	gItemDescription_ITEM_WATER_STONE
0x083D6598	rom	gItemDescription_ITEM_LEAF_STONE
0x083D65EE	rom	gItemDescription_ITEM_TINY_MUSHROOM
0x083D6633	rom	gItemDescription_ITEM_BIG_MUSHROOM
0x083D6677	rom	gItemDescription_ITEM_PEARL
0x083D66D0	rom	gItemDescription_ITEM_BIG_PEARL
0x083D672C	rom	gItemDescription_ITEM_STARDUST
0x083D6778	rom	gItemDescription_ITEM_STAR_PIECE
0x083D67CE	rom	gItemDescription_ITEM_NUGGET
0x083D6825	rom	gItemDescription_ITEM_HEART_SCALE
0x083D6887	rom	gItemDescription_ITEM_ORANGE_MAIL
0x083D68D8	rom	gItemDescription_ITEM_HARBOR_MAIL
0x083D6927	rom	gItemDescription_ITEM_GLITTER_MAIL
0x083D6976	rom	gItemDescription_ITEM_MECH_MAIL
0x083D69C7	rom	gItemDescription_ITEM_WOOD_MAIL
0x083D6A16	rom	gItemDescription_ITEM_WAVE_MAIL
0x083D6A65	rom	gItemDescription_ITEM_BEAD_MAIL
0x083D6AC0	rom	gItemDescription_ITEM_SHADOW_MAIL
0x083D6B0F	rom	gItemDescription_ITEM_TROPIC_MAIL
0x083D6B60	rom	gItemDescription_ITEM_DREAM_MAIL
0x083D6BBB	rom	gItemDescription_ITEM_FAB_MAIL
0x083D6C13	rom	gItemDescription_ITEM_RETRO_MAIL
0x083D6C6B	rom	gItemDescription_ITEM_CHERI_BERRY
0x083D6CB0	rom	gItemDescription_ITEM_CHESTO_BERRY
0x083D6CEE	rom	gItemDescription_ITEM_PECHA_BERRY
0x083D6D30	rom	gItemDescription_ITEM_RAWST_BERRY
0x083D6D72	rom	gItemDescription_ITEM_ASPEAR_BERRY
0x083D6DB4	rom	gItemDescription_ITEM_LEPPA_BERRY
0x083D6DF8	rom	gItemDescription_ITEM_ORAN_BERRY
0x083D6E3C	rom	gItemDescription_ITEM_PERSIM_BERRY
0x083D6E81	rom	gItemDescription_ITEM_LUM_BERRY
0x083D6EC8	rom	gItemDescription_ITEM_SITRUS_BERRY
0x083D6F0C	rom	gItemDescription_ITEM_FIGY_BERRY
0x083D6F4C	rom	gItemDescription_ITEM_WIKI_BERRY
0x083D6F8C	rom	gItemDescription_ITEM_MAGO_BERRY
0x083D6FCC	rom	gItemDescription_ITEM_AGUAV_BERRY
0x083D700C	rom	gItemDescription_ITEM_IAPAPA_BERRY
0x083D704C	rom	gItemDescription_ITEM_RAZZ_BERRY
0x083D708A	rom	gItemDescription_ITEM_BLUK_BERRY
0x083D70C8	rom	gItemDescription_ITEM_NANAB_BERRY
0x083D7106	rom	gItemDescription_ITEM_WEPEAR_BERRY
0x083D7144	rom	gItemDescription_ITEM_PINAP_BERRY
0x083D7182	rom	gItemDescription_ITEM_POMEG_BERRY
0x083D71C0	rom	gItemDescription_ITEM_KELPSY_BERRY
0x083D71FE	rom	gItemDescription_ITEM_QUALOT_BERRY
0x083D723C	rom	gItemDescription_ITEM_HONDEW_BERRY
0x083D727A	rom	gItemDescription_ITEM_GREPA_BERRY
0x083D72B8	rom	gItemDescription_ITEM_TAMATO_BERRY
0x083D72F6	rom	gItemDescription_ITEM_CORNN_BERRY
0x083D7334	rom	gItemDescription_ITEM_MAGOST_BERRY
0x083D7372	rom	gItemDescription_ITEM_RABUTA_BERRY
0x083D73B0	rom	gItemDescription_ITEM_NOMEL_BERRY
0x083D73EE	rom	gItemDescription_ITEM_SPELON_BERRY
0x083D742C	rom	gItemDescription_ITEM_PAMTRE_BERRY
0x083D746A	rom	gItemDescription_ITEM_WATMEL_BERRY
0x083D74A8	rom	gItemDescription_ITEM_DURIN_BERRY
0x083D74E6	rom	gItemDescription_ITEM_BELUE_BERRY
0x083D7524	rom	gItemDescription_ITEM_LIECHI_BERRY
0x083D7562	rom	gItemDescription_ITEM_GANLON_BERRY
0x083D75A1	rom	gItemDescription_ITEM_SALAC_BERRY
0x083D75DE	rom	gItemDescription_ITEM_PETAYA_BERRY
0x083D761D	rom	gItemDescription_ITEM_APICOT_BERRY
0x083D765C	rom	gItemDescription_ITEM_LANSAT_BERRY
0x083D76A1	rom	gItemDescription_ITEM_STARF_BERRY
0x083D76E0	rom	gItemDescription_ITEM_ENIGMA_BERRY
0x083D771E	rom	gItemDescription_ITEM_BRIGHT_POWDER
0x083D777C	rom	gItemDescription_ITEM_WHITE_HERB
0x083D77DF	rom	gItemDescription_ITEM_MACHO_BRACE
0x083D783D	rom	gItemDescription_ITEM_EXP_SHARE
0x083D789F	rom	gItemDescription_ITEM_QUICK_CLAW
0x083D7900	rom	gItemDescription_ITEM_SOOTHE_BELL
0x083D7969	rom	gItemDescription_ITEM_MENTAL_HERB
0x083D79C7	rom	gItemDescription_ITEM_CHOICE_BAND
0x083D7A22	rom	gItemDescription_ITEM_KINGS_ROCK
0x083D7A76	rom	gItemDescription_ITEM_SILVER_POWDER
0x083D7AD6	rom	gItemDescription_ITEM_AMULET_COIN
0x083D7B36	rom	gItemDescription_ITEM_CLEANSE_TAG
0x083D7B93	rom	gItemDescription_ITEM_SOUL_DEW
0x083D7BE5	rom	gItemDescription_ITEM_DEEP_SEA_TOOTH
0x083D7C45	rom	gItemDescription_ITEM_DEEP_SEA_SCALE
0x083D7CA4	rom	gItemDescription_ITEM_SMOKE_BALL
0x083D7D02	rom	gItemDescription_ITEM_EVERSTONE
0x083D7D53	rom	gItemDescription_ITEM_FOCUS_BAND
0x083D7DB1	rom	gItemDescription_ITEM_LUCKY_EGG
0x083D7E17	rom	gItemDescription_ITEM_SCOPE_LENS
0x083D7E7A	rom	gItemDescription_ITEM_METAL_COAT
0x083D7EDE	rom	gItemDescription_ITEM_LEFTOVERS
0x083D7F37	rom	gItemDescription_ITEM_DRAGON_SCALE
0x083D7F79	rom	gItemDescription_ITEM_LIGHT_BALL
0x083D7FD5	rom	gItemDescription_ITEM_SOFT_SAND
0x083D8036	rom	gItemDescription_ITEM_HARD_STONE
0x083D8096	rom	gItemDescription_ITEM_MIRACLE_SEED
0x083D80FA	rom	gItemDescription_ITEM_BLACK_GLASSES
0x083D8158	rom	gItemDescription_ITEM_BLACK_BELT
0x083D81B3	rom	gItemDescription_ITEM_MAGNET
0x083D8214	rom	gItemDescription_ITEM_MYSTIC_WATER
0x083D8276	rom	gItemDescription_ITEM_SHARP_BEAK
0x083D82D6	rom	gItemDescription_ITEM_POISON_BARB
0x083D833B	rom	gItemDescription_ITEM_NEVER_MELT_ICE
0x083D8397	rom	gItemDescription_ITEM_SPELL_TAG
0x083D83EC	rom	gItemDescription_ITEM_TWISTED_SPOON
0x083D844E	rom	gItemDescription_ITEM_CHARCOAL
0x083D84AC	rom	gItemDescription_ITEM_DRAGON_FANG
0x083D850F	rom	gItemDescription_ITEM_SILK_SCARF
0x083D856E	rom	gItemDescription_ITEM_UP_GRADE
0x083D85BA	rom	gItemDescription_ITEM_SHELL_BELL
0x083D8616	rom	gItemDescription_ITEM_SEA_INCENSE
0x083D8669	rom	gItemDescription_ITEM_LAX_INCENSE
0x083D86C0	rom	gItemDescription_ITEM_LUCKY_PUNCH
0x083D8709	rom	gItemDescription_ITEM_METAL_POWDER
0x083D8754	rom	gItemDescription_ITEM_THICK_CLUB
0x083D87AB	rom	gItemDescription_ITEM_STICK
0x083D8802	rom	gItemDescription_ITEM_RED_SCARF
0x083D885F	rom	gItemDescription_ITEM_BLUE_SCARF
0x083D88BE	rom	gItemDescription_ITEM_PINK_SCARF
0x083D891B	rom	gItemDescription_ITEM_GREEN_SCARF
0x083D8979	rom	gItemDescription_ITEM_YELLOW_SCARF
0x083D89D7	rom	gItemDescription_ITEM_MACH_BIKE
0x083D8A14	rom	gItemDescription_ITEM_COIN_CASE
0x083D8A66	rom	gItemDescription_ITEM_ITEMFINDER
0x083D8ACC	rom	gItemDescription_ITEM_OLD_ROD
0x083D8B23	rom	gItemDescription_ITEM_GOOD_ROD
0x083D8B7B	rom	gItemDescription_ITEM_SUPER_ROD
0x083D8BD4	rom	gItemDescription_ITEM_SS_TICKET
0x083D8C2E	rom	gItemDescription_ITEM_CONTEST_PASS
0x083D8C8A	rom	gItemDescription_ITEM_WAILMER_PAIL
0x083D8CE2	rom	gItemDescription_ITEM_DEVON_GOODS
0x083D8D37	rom	gItemDescription_ITEM_SOOT_SACK
0x083D8D85	rom	gItemDescription_ITEM_BASEMENT_KEY
0x083D8DCB	rom	gItemDescription_ITEM_ACRO_BIKE
0x083D8E10	rom	gItemDescription_ITEM_POKEBLOCK_CASE
0x083D8E68	rom	gItemDescription_ITEM_LETTER
0x083D8EBD	rom	gItemDescription_ITEM_EON_TICKET
0x083D8F2A	rom	gItemDescription_ITEM_RED_ORB
0x083D8F7F	rom	gItemDescription_ITEM_BLUE_ORB
0x083D8FD5	rom	gItemDescription_ITEM_SCANNER
0x083D9025	rom	gItemDescription_ITEM_GO_GOGGLES
0x083D9083	rom	gItemDescription_ITEM_METEORITE
0x083D90D7	rom	gItemDescription_ITEM_ROOM_1_KEY
0x083D9139	rom	gItemDescription_ITEM_ROOM_2_KEY
0x083D919B	rom	gItemDescription_ITEM_ROOM_4_KEY
0x083D91FD	rom	gItemDescription_ITEM_ROOM_6_KEY
0x083D925F	rom	gItemDescription_ITEM_STORAGE_KEY
0x083D92BF	rom	gItemDescription_ITEM_ROOT_FOSSIL
0x083D931A	rom	gItemDescription_ITEM_CLAW_FOSSIL
0x083D936F	rom	gItemDescription_ITEM_DEVON_SCOPE
0x083D93C9	rom	gItemDescription_ITEM_TM01
0x083D942C	rom	gItemDescription_ITEM_TM02
0x083D9473	rom	gItemDescription_ITEM_TM03
0x083D94C1	rom	gItemDescription_ITEM_TM04
0x083D9518	rom	gItemDescription_ITEM_TM05
0x083D9576	rom	gItemDescription_ITEM_TM06
0x083D95C7	rom	gItemDescription_ITEM_TM07
0x083D962B	rom	gItemDescription_ITEM_TM08
0x083D9687	rom	gItemDescription_ITEM_TM09
0x083D96E1	rom	gItemDescription_ITEM_TM10
0x083D9730	rom	gItemDescription_ITEM_TM11
0x083D978D	rom	gItemDescription_ITEM_TM12
0x083D97DE	rom	gItemDescription_ITEM_TM13
0x083D9823	rom	gItemDescription_ITEM_TM14
0x083D987A	rom	gItemDescription_ITEM_TM15
0x083D98DC	rom	gItemDescription_ITEM_TM16
0x083D9930	rom	gItemDescription_ITEM_TM17
0x083D9998	rom	gItemDescription_ITEM_TM18
0x083D99F2	rom	gItemDescription_ITEM_TM19
0x083D9A51	rom	gItemDescription_ITEM_TM20
0x083D9A9F	rom	gItemDescription_ITEM_TM21
0x083D9AEF	rom	gItemDescription_ITEM_TM22
0x083D9B58	rom	gItemDescription_ITEM_TM23
0x083D9BB0	rom	gItemDescription_ITEM_TM24
0x083D9BFE	rom	gItemDescription_ITEM_TM25
0x083D9C3F	rom	gItemDescription_ITEM_TM26
0x083D9C8C	rom	gItemDescription_ITEM_TM27
0x083D9CD9	rom	gItemDescription_ITEM_TM28
0x083D9D3C	rom	gItemDescription_ITEM_TM29
0x083D9D9C	rom	gItemDescription_ITEM_TM30
0x083D9DED	rom	gItemDescription_ITEM_TM31
0x083D9E50	rom	gItemDescription_ITEM_TM32
0x083D9EAC	rom	gItemDescription_ITEM_TM33
0x083D9F0F	rom	gItemDescription_ITEM_TM34
0x083D9F60	rom	gItemDescription_ITEM_TM35
0x083D9FB4	rom	gItemDescription_ITEM_TM36
0x083DA007	rom	gItemDescription_ITEM_TM37
0x083DA06B	rom	gItemDescription_ITEM_TM38
0x083DA0BE	rom	gItemDescription_ITEM_TM39
0x083DA111	rom	gItemDescription_ITEM_TM40
0x083DA159	rom	gItemDescription_ITEM_TM41
0x083DA1B6	rom	gItemDescription_ITEM_TM42
0x083DA20F	rom	gItemDescription_ITEM_TM43
0x083DA262	rom	gItemDescription_ITEM_TM44
0x083DA2C4	rom	gItemDescription_ITEM_TM45
0x083DA31E	rom	gItemDescription_ITEM_TM46
0x083DA369	rom	gItemDescription_ITEM_TM47
0x083DA3BD	rom	gItemDescription_ITEM_TM48
0x083DA416	rom	gItemDescription_ITEM_TM49
0x083DA477	rom	gItemDescription_ITEM_TM50
0x083DA4DC	rom	gItemDescription_ITEM_HM01
0x083DA545	rom	gItemDescription_ITEM_HM02
0x083DA5AB	rom	gItemDescription_ITEM_HM03
0x083DA608	rom	gItemDescription_ITEM_HM04
0x083DA66D	rom	gItemDescription_ITEM_HM05
0x083DA6CD	rom	gItemDescription_ITEM_HM06
0x083DA71E	rom	gItemDescription_ITEM_HM07
0x083DA76C	rom	gItemDescription_ITEM_HM08
0x083DA7D1	rom	gItemDescription_ITEM_OAKS_PARCEL
0x083DA81A	rom	gItemDescription_ITEM_POKE_FLUTE
0x083DA866	rom	gItemDescription_ITEM_SECRET_KEY
0x083DA8B4	rom	gItemDescription_ITEM_BIKE_VOUCHER
0x083DA907	rom	gItemDescription_ITEM_GOLD_TEETH
0x083DA95A	rom	gItemDescription_ITEM_OLD_AMBER
0x083DA9BB	rom	gItemDescription_ITEM_CARD_KEY
0x083DAA0A	rom	gItemDescription_ITEM_LIFT_KEY
0x083DAA64	rom	gItemDescription_ITEM_HELIX_FOSSIL
0x083DAABD	rom	gItemDescription_ITEM_DOME_FOSSIL
0x083DAB13	rom	gItemDescription_ITEM_SILPH_SCOPE
0x083DAB59	rom	gItemDescription_ITEM_BICYCLE
0x083DAB9F	rom	gItemDescription_ITEM_TOWN_MAP
0x083DABF7	rom	gItemDescription_ITEM_VS_SEEKER
0x083DAC51	rom	gItemDescription_ITEM_FAME_CHECKER
0x083DACA5	rom	gItemDescription_ITEM_TM_CASE
0x083DAD01	rom	gItemDescription_ITEM_BERRY_POUCH
0x083DAD5C	rom	gItemDescription_ITEM_TEACHY_TV
0x083DADAE	rom	gItemDescription_ITEM_TRI_PASS
0x083DAE08	rom	gItemDescription_ITEM_RAINBOW_PASS
0x083DAE68	rom	gItemDescription_ITEM_TEA
0x083DAEB6	rom	gItemDescription_ITEM_MYSTIC_TICKET
0x083DAF07	rom	gItemDescription_ITEM_AURORA_TICKET
0x083DAF52	rom	gItemDescription_ITEM_POWDER_JAR
0x083DAF8D	rom	gItemDescription_ITEM_RUBY
0x083DAFD6	rom	gItemDescription_ITEM_SAPPHIRE
0x083DB020	rom	gItemDescription_ITEM_NONE
0x083DB028	rom	gItems
0x083DF09C	rom	sShopMenuActions_BuySellQuit
0x083DF0B4	rom	sShopMenuActions_BuyQuit
0x083DF0BC	rom	sShopMenuWindowTemplate
0x083DF0C4	rom	sShopBuyMenuBgTemplates
0x083DF0D4	rom	sEscalatorMetatiles_BottomNextRail
0x083DF0DA	rom	sEscalatorMetatiles_BottomRail
0x083DF0E0	rom	sEscalatorMetatiles_BottomNext
0x083DF0E6	rom	sEscalatorMetatiles_Bottom
0x083DF0EC	rom	sEscalatorMetatiles_TopNext
0x083DF0F2	rom	sEscalatorMetatiles_Top
0x083DF0F8	rom	sEscalatorMetatiles_TopNextRail
0x083DF100	rom	sBerryDescriptionPart1_Cheri
0x083DF111	rom	sBerryDescriptionPart2_Cheri
0x083DF122	rom	sBerryDescriptionPart1_Chesto
0x083DF139	rom	sBerryDescriptionPart2_Chesto
0x083DF14C	rom	sBerryDescriptionPart1_Pecha
0x083DF15B	rom	sBerryDescriptionPart2_Pecha
0x083DF170	rom	sBerryDescriptionPart1_Rawst
0x083DF187	rom	sBerryDescriptionPart2_Rawst
0x083DF199	rom	sBerryDescriptionPart1_Aspear
0x083DF1AF	rom	sBerryDescriptionPart2_Aspear
0x083DF1C6	rom	sBerryDescriptionPart1_Leppa
0x083DF1DC	rom	sBerryDescriptionPart2_Leppa
0x083DF1F1	rom	sBerryDescriptionPart1_Oran
0x083DF208	rom	sBerryDescriptionPart2_Oran
0x083DF21B	rom	sBerryDescriptionPart1_Persim
0x083DF22F	rom	sBerryDescriptionPart2_Persim
0x083DF242	rom	sBerryDescriptionPart1_Lum
0x083DF258	rom	sBerryDescriptionPart2_Lum
0x083DF26E	rom	sBerryDescriptionPart1_Sitrus
0x083DF285	rom	sBerryDescriptionPart2_Sitrus
0x083DF298	rom	sBerryDescriptionPart1_Figy
0x083DF2AF	rom	sBerryDescriptionPart2_Figy
0x083DF2C1	rom	sBerryDescriptionPart1_Wiki
0x083DF2D8	rom	sBerryDescriptionPart2_Wiki
0x083DF2EE	rom	sBerryDescriptionPart1_Mago
0x083DF304	rom	sBerryDescriptionPart2_Mago
0x083DF315	rom	sBerryDescriptionPart1_Aguav
0x083DF32C	rom	sBerryDescriptionPart2_Aguav
0x083DF341	rom	sBerryDescriptionPart1_Iapapa
0x083DF354	rom	sBerryDescriptionPart2_Iapapa
0x083DF36B	rom	sBerryDescriptionPart1_Razz
0x083DF382	rom	sBerryDescriptionPart2_Razz
0x083DF399	rom	sBerryDescriptionPart1_Bluk
0x083DF3AC	rom	sBerryDescriptionPart2_Bluk
0x083DF3BE	rom	sBerryDescriptionPart1_Nanab
0x083DF3D4	rom	sBerryDescriptionPart2_Nanab
0x083DF3EA	rom	sBerryDescriptionPart1_Wepear
0x083DF400	rom	sBerryDescriptionPart2_Wepear
0x083DF417	rom	sBerryDescriptionPart1_Pinap
0x083DF42A	rom	sBerryDescriptionPart2_Pinap
0x083DF441	rom	sBerryDescriptionPart1_Pomeg
0x083DF455	rom	sBerryDescriptionPart2_Pomeg
0x083DF469	rom	sBerryDescriptionPart1_Kelpsy
0x083DF47D	rom	sBerryDescriptionPart2_Kelpsy
0x083DF494	rom	sBerryDescriptionPart1_Qualot
0x083DF4A9	rom	sBerryDescriptionPart2_Qualot
0x083DF4BA	rom	sBerryDescriptionPart1_Hondew
0x083DF4D1	rom	sBerryDescriptionPart2_Hondew
0x083DF4E5	rom	sBerryDescriptionPart1_Grepa
0x083DF4F7	rom	sBerryDescriptionPart2_Grepa
0x083DF50A	rom	sBerryDescriptionPart1_Tamato
0x083DF520	rom	sBerryDescriptionPart2_Tamato
0x083DF531	rom	sBerryDescriptionPart1_Cornn
0x083DF545	rom	sBerryDescriptionPart2_Cornn
0x083DF55A	rom	sBerryDescriptionPart1_Magost
0x083DF56C	rom	sBerryDescriptionPart2_Magost
0x083DF578	rom	sBerryDescriptionPart1_Rabuta
0x083DF58D	rom	sBerryDescriptionPart2_Rabuta
0x083DF59C	rom	sBerryDescriptionPart1_Nomel
0x083DF5AF	rom	sBerryDescriptionPart2_Nomel
0x083DF5C4	rom	sBerryDescriptionPart1_Spelon
0x083DF5DB	rom	sBerryDescriptionPart2_Spelon
0x083DF5F1	rom	sBerryDescriptionPart1_Pamtre
0x083DF607	rom	sBerryDescriptionPart2_Pamtre
0x083DF61D	rom	sBerryDescriptionPart1_Watmel
0x083DF634	rom	sBerryDescriptionPart2_Watmel
0x083DF649	rom	sBerryDescriptionPart1_Durin
0x083DF660	rom	sBerryDescriptionPart2_Durin
0x083DF675	rom	sBerryDescriptionPart1_Belue
0x083DF68C	rom	sBerryDescriptionPart2_Belue
0x083DF6A3	rom	sBerryDescriptionPart1_Liechi
0x083DF6B6	rom	sBerryDescriptionPart2_Liechi
0x083DF6CB	rom	sBerryDescriptionPart1_Ganlon
0x083DF6DE	rom	sBerryDescriptionPart2_Ganlon
0x083DF6F3	rom	sBerryDescriptionPart1_Salac
0x083DF706	rom	sBerryDescriptionPart2_Salac
0x083DF71B	rom	sBerryDescriptionPart1_Petaya
0x083DF72F	rom	sBerryDescriptionPart2_Petaya
0x083DF746	rom	sBerryDescriptionPart1_Apicot
0x083DF759	rom	sBerryDescriptionPart2_Apicot
0x083DF770	rom	sBerryDescriptionPart1_Lansat
0x083DF787	rom	sBerryDescriptionPart2_Lansat
0x083DF79C	rom	sBerryDescriptionPart1_Starf
0x083DF7AF	rom	sBerryDescriptionPart2_Starf
0x083DF7C4	rom	sBerryDescriptionPart1_Enigma
0x083DF7D4	rom	sBerryDescriptionPart2_Enigma
0x083DF7E8	rom	gBerries
0x083DFC9C	rom	gBerryCrush_BerryData
0x083DFD48	rom	gBlankBerryTree
0x083DFD50	rom	sMultichoiceList_YesNo
0x083DFD60	rom	sMultichoiceList_TrainerCardIconTint
0x083DFD80	rom	sMultichoiceList_HOF_Quit
0x083DFD90	rom	sMultichoiceList_Eggs_Quit
0x083DFDA0	rom	sMultichoiceList_Victories_Quit
0x083DFDB0	rom	sMultichoiceList_HOF_Eggs_Quit
0x083DFDC8	rom	sMultichoiceList_HOF_Victories_Quit
0x083DFDE0	rom	sMultichoiceList_Eggs_Victories_Quit
0x083DFDF8	rom	sMultichoiceList_HOF_Eggs_Victories_Quit
0x083DFE18	rom	sMultichoiceList_TrainerSchoolWhiteboard
0x083DFE48	rom	sMultichoiceList_YesNoInfo
0x083DFE60	rom	sMultichoiceList_SingleDoubleMultiInfoExit
0x083DFE88	rom	sMultichoiceList_YesNoInfo2
0x083DFEA0	rom	sMultichoiceList_ChallengeInfoExit
0x083DFEB8	rom	sMultichoiceList_RooftopB1F
0x083DFED0	rom	sMultichoiceList_Helix
0x083DFEE0	rom	sMultichoiceList_Dome
0x083DFEF0	rom	sMultichoiceList_Amber
0x083DFF00	rom	sMultichoiceList_HelixAmber
0x083DFF18	rom	sMultichoiceList_DomeAmber
0x083DFF30	rom	sMultichoiceList_CeladonVendingMachine
0x083DFF50	rom	sMultichoiceList_GameCornerTMPrizes
0x083DFF80	rom	sMultichoiceList_GameCornerBattleItemPrizes
0x083DFFB0	rom	sMultichoiceList_GameCornerCoinPurchaseCounter
0x083DFFC8	rom	sMultichoiceList_Excellent_NotSoBad
0x083DFFD8	rom	sMultichoiceList_RightLeft
0x083DFFE8	rom	sMultichoiceList_DeptStoreElevator
0x083E0018	rom	sMultichoiceList_ThirstyGirlFreshWater
0x083E0028	rom	sMultichoiceList_ThirstyGirlSodaPop
0x083E0038	rom	sMultichoiceList_ThirstyGirlFreshWaterSodaPop
0x083E0050	rom	sMultichoiceList_ThirstyGirlLemonade
0x083E0060	rom	sMultichoiceList_ThirstyGirlFreshWaterLemonade
0x083E0078	rom	sMultichoiceList_ThirstyGirlSodaPopLemonade
0x083E0090	rom	sMultichoiceList_ThirstyGirlFreshWaterSodaPopLemonade
0x083E00B0	rom	sMultichoiceList_Unref_Shards_0
0x083E00C0	rom	sMultichoiceList_Unref_Shards_1
0x083E00D8	rom	sMultichoiceList_Unref_Shards_2
0x083E00F0	rom	sMultichoiceList_Unref_Shards_3
0x083E0110	rom	sMultichoiceList_Unref_Shards_4
0x083E0128	rom	sMultichoiceList_Unref_Shards_5
0x083E0148	rom	sMultichoiceList_Unref_Shards_6
0x083E0168	rom	sMultichoiceList_Unref_Shards_7
0x083E0190	rom	sMultichoiceList_Eeveelutions
0x083E01B8	rom	sMultichoiceList_BikeShop
0x083E01C8	rom	sMultichoiceList_GameCornerPokemonPrizes
0x083E01F8	rom	sMultichoiceList_TradeCenter_Colosseum
0x083E0210	rom	sMultichoiceList_Link_Wireless
0x083E0228	rom	sMultichoiceList_RocketHideoutElevator
0x083E0248	rom	sMultichoiceList_LinkedDirectUnion
0x083E0268	rom	sMultichoiceList_Island23
0x083E0280	rom	sMultichoiceList_Island13
0x083E0298	rom	sMultichoiceList_Island12
0x083E02B0	rom	sMultichoiceList_TradeColosseumCrush
0x083E02D0	rom	sMultichoiceList_48
0x083E02E8	rom	sMultichoiceList_TradeColosseum_2
0x083E0300	rom	sMultichoiceList_PokejumpDodrio
0x083E0318	rom	sMultichoiceList_Mushrooms
0x083E0328	rom	sMultichoiceList_TradeColosseumBlankCrush
0x083E0350	rom	sMultichoiceList_TradeColosseumBlank
0x083E0370	rom	sMultichoiceList_SeviiNavel
0x083E0388	rom	sMultichoiceList_SeviiBirth
0x083E03A0	rom	sMultichoiceList_SeviiNavelBirth
0x083E03C0	rom	sMultichoiceList_Seagallop123
0x083E03E0	rom	sMultichoiceList_SeagallopV23
0x083E0400	rom	sMultichoiceList_SeagallopV13
0x083E0420	rom	sMultichoiceList_SeagallopV12
0x083E0440	rom	sMultichoiceList_SeagallopVermilion
0x083E0450	rom	sMultichoiceList_62
0x083E0468	rom	sMultichoiceList_JoinOrLead
0x083E0480	rom	sMultichoiceList_TrainerTowerMode
0x083E04A8	rom	sMultichoiceList_Exit
0x083E04B0	rom	sMultichoiceLists
0x083E06B8	rom	gStdStringPtrs
0x083E072C	rom	sDescriptionPtrs_CableClub_TradeBattleCancel
0x083E0738	rom	sDescriptionPtrs_WirelessCenter_TradeBattleCrushCancel
0x083E0748	rom	sDescriptionPtrs_WirelessCenter_TradeBattleCancel
0x083E0754	rom	sMuseumFossilAnim0
0x083E075C	rom	sMuseumFossilAnimCmdTable
0x083E0760	rom	sMuseumFossilOamData
0x083E0768	rom	sMuseumFossilSprTemplate
0x083E0780	rom	sMuseumAerodactylSprTiles
0x083E0F80	rom	sMuseumAerodactylSprPalette
0x083E0FA0	rom	sMuseumKabutopsSprTiles
0x083E17A0	rom	sMuseumKabutopsSprPalette
0x083E17C0	rom	sMuseumKabutopsSprSheets
0x083E17D0	rom	sMuseumAerodactylSprSheets
0x083E17E0	rom	sSeagallopDestStrings
0x083E1800	rom	sPCIconOff_Gfx
0x083E18C0	rom	sPCIconOn_Gfx
0x083E1980	rom	sRival_Gfx
0x083E2280	rom	sTransferredToPCMessages
0x083E2290	rom	sBgTemplates
0x083E22A0	rom	sWindowTemplates
0x083E22D0	rom	sKeyboardChars
0x083E2330	rom	sPageColumnCounts
0x083E2333	rom	sPageColumnXPos
0x083E234B	rom	sPageToNextGfxId
0x083E234E	rom	sPageToNextKeyboardId
0x083E2351	rom	sPageToKeyboardId
0x083E2354	rom	sPageSwapAnimStateFuncs
0x083E2374	rom	sButtonKeyRoles
0x083E2378	rom	sPageSwapSpriteFuncs
0x083E2388	rom	sPageSwapPalTags
0x083E238E	rom	sPageSwapGfxTags
0x083E2394	rom	sIconFunctions
0x083E23A8	rom	sAnim_Rival
0x083E23BC	rom	sAnims_Rival
0x083E23D0	rom	sKeyboardKeyHandlers
0x083E23E0	rom	sInputFuncs
0x083E240C	rom	sDrawTextEntryBoxFuncs
0x083E2420	rom	sDrawGenderIconFuncs
0x083E2428	rom	sGenderColors
0x083E2430	rom	sTextColorStruct
0x083E243C	rom	sFillValues
0x083E2440	rom	sKeyboardTextColors
0x083E244C	rom	sNextKeyboardPageTilemaps
0x083E245C	rom	sPlayerNamingScreenTemplate
0x083E2468	rom	sPcBoxNamingScreenTemplate
0x083E2474	rom	sMonNamingScreenTemplate
0x083E2480	rom	sRivalNamingScreenTemplate
0x083E248C	rom	sNamingScreenTemplates
0x083E24A0	rom	sOam_8x8
0x083E24A8	rom	sOam_16x16
0x083E24B0	rom	sOam_32x16
0x083E24B8	rom	sSubsprites_PageSwapFrame
0x083E24D8	rom	sSubsprites_PageSwapText
0x083E24E0	rom	sSubsprites_Button
0x083E24F8	rom	sSubsprites_PCIcon
0x083E2504	rom	sSubspriteTable_PageSwapFrame
0x083E250C	rom	sSubspriteTable_PageSwapText
0x083E2524	rom	sSubspriteTable_Button
0x083E252C	rom	sSubspriteTable_PCIcon
0x083E2534	rom	sImageTable_PCIcon
0x083E2544	rom	sAnim_Loop
0x083E254C	rom	sAnim_CursorSquish
0x083E2558	rom	sAnim_PCIcon
0x083E2564	rom	sAnims_Loop
0x083E2568	rom	sAnims_Cursor
0x083E2570	rom	sAnims_PCIcon
0x083E2574	rom	sSpriteTemplate_PageSwapFrame
0x083E258C	rom	sSpriteTemplate_PageSwapButton
0x083E25A4	rom	sSpriteTemplate_PageSwapText
0x083E25BC	rom	sSpriteTemplate_BackButton
0x083E25D4	rom	sSpriteTemplate_OkButton
0x083E25EC	rom	sSpriteTemplate_Cursor
0x083E2604	rom	sSpriteTemplate_InputArrow
0x083E261C	rom	sSpriteTemplate_Underscore
0x083E2634	rom	sSpriteTemplate_PCIcon
0x083E264C	rom	sNamingScreenKeyboardText
0x083E267C	rom	sSpriteSheets
0x083E26E4	rom	sSpritePalettes
0x083E272C	rom	sBigMonSizeTable
0x083E27AC	rom	sGiftRibbonsMonDataIds
0x083E27B4	rom	sUnused
0x083E2954	rom	sExitCallbackByItemType
0x083E2964	rom	sUnused
0x083E2968	rom	sPowderParticlesAnimCmds
0x083E298C	rom	sPowderParticlesAnimTable
0x083E2990	rom	gSleepPowderParticleSpriteTemplate
0x083E29A8	rom	gStunSporeParticleSpriteTemplate
0x083E29C0	rom	gPoisonPowderParticleSpriteTemplate
0x083E29D8	rom	sSolarBeamBigOrbAnimCmds1
0x083E29E0	rom	sSolarBeamBigOrbAnimCmds2
0x083E29E8	rom	sSolarBeamBigOrbAnimCmds3
0x083E29F0	rom	sSolarBeamBigOrbAnimCmds4
0x083E29F8	rom	sSolarBeamBigOrbAnimCmds5
0x083E2A00	rom	sSolarBeamBigOrbAnimCmds6
0x083E2A08	rom	sSolarBeamBigOrbAnimCmds7
0x083E2A10	rom	sSolarBeamSmallOrbAnimCms
0x083E2A18	rom	sPowerAbsorptionOrbAnimCmds
0x083E2A20	rom	sSolarBeamBigOrbAnimTable
0x083E2A3C	rom	sSolarBeamSmallOrbAnimTable
0x083E2A40	rom	sPowerAbsorptionOrbAnimTable
0x083E2A44	rom	sPowerAbsorptionOrbAffineAnimCmds
0x083E2A54	rom	sPowerAbsorptionOrbAffineAnimTable
0x083E2A58	rom	gPowerAbsorptionOrbSpriteTemplate
0x083E2A70	rom	gSolarBeamBigOrbSpriteTemplate
0x083E2A88	rom	gSolarBeamSmallOrbSpriteTemplate
0x083E2AA0	rom	sStockpileAbsorptionOrbAffineCmds
0x083E2AB8	rom	sStockpileAbsorptionOrbAffineAnimTable
0x083E2ABC	rom	gStockpileAbsorptionOrbSpriteTemplate
0x083E2AD4	rom	sAbsorptionOrbAffineAnimCmds
0x083E2AE4	rom	sAbsorptionOrbAffineAnimTable
0x083E2AE8	rom	gAbsorptionOrbSpriteTemplate
0x083E2B00	rom	gHyperBeamOrbSpriteTemplate
0x083E2B18	rom	sLeechSeedAnimCmds1
0x083E2B20	rom	sLeechSeedAnimCmds2
0x083E2B2C	rom	sLeechSeedAnimTable
0x083E2B34	rom	gLeechSeedSpriteTemplate
0x083E2B4C	rom	sSporeParticleAnimCmds1
0x083E2B54	rom	sSporeParticleAnimCmds2
0x083E2B5C	rom	sSporeParticleAnimTable
0x083E2B64	rom	gSporeParticleSpriteTemplate
0x083E2B7C	rom	sPetalDanceBigFlowerAnimCmds
0x083E2B84	rom	sPetalDanceSmallFlowerAnimCmds
0x083E2B8C	rom	sPetalDanceBigFlowerAnimTable
0x083E2B90	rom	sPetalDanceSmallFlowerAnimTable
0x083E2B94	rom	gPetalDanceBigFlowerSpriteTemplate
0x083E2BAC	rom	gPetalDanceSmallFlowerSpriteTemplate
0x083E2BC4	rom	sRazorLeafParticleAnimCmds1
0x083E2BF0	rom	sRazorLeafParticleAnimCmds2
0x083E2C00	rom	sRazorLeafParticleAnimTable
0x083E2C08	rom	gRazorLeafParticleSpriteTemplate
0x083E2C20	rom	gTwisterLeafSpriteTemplate
0x083E2C38	rom	sRazorLeafCutterAnimCmds
0x083E2C4C	rom	sRazorLeafCutterAnimTable
0x083E2C50	rom	gRazorLeafCutterSpriteTemplate
0x083E2C68	rom	sSwiftStarAffineAnimCmds
0x083E2C78	rom	sSwiftStarAffineAnimTable
0x083E2C7C	rom	gSwiftStarSpriteTemplate
0x083E2C94	rom	sAnim_ConstrictBinding
0x083E2CA8	rom	sAnim_ConstrictBinding_Flipped
0x083E2CBC	rom	sAnims_ConstrictBinding
0x083E2CC4	rom	sAffineAnim_ConstrictBinding
0x083E2CE4	rom	sAffineAnim_ConstrictBinding_Flipped
0x083E2D04	rom	sAffineAnims_ConstrictBinding
0x083E2D0C	rom	gConstrictBindingSpriteTemplate
0x083E2D24	rom	sMimicOrbAffineAnimCmds1
0x083E2D3C	rom	sMimicOrbAffineAnimCmds2
0x083E2D4C	rom	sMimicOrbAffineAnimTable
0x083E2D54	rom	gMimicOrbSpriteTemplate
0x083E2D6C	rom	sIngrainRootAnimCmds1
0x083E2D80	rom	sIngrainRootAnimCmds2
0x083E2D94	rom	sIngrainRootAnimCmds3
0x083E2DA4	rom	sIngrainRootAnimCmds4
0x083E2DB4	rom	sIngrainRootAnimTable
0x083E2DC4	rom	gIngrainRootSpriteTemplate
0x083E2DDC	rom	gFrenzyPlantRootSpriteTemplate
0x083E2DF4	rom	sIngrainOrbAnimCmds
0x083E2E00	rom	sIngrainOrbAnimTable
0x083E2E04	rom	gIngrainOrbSpriteTemplate
0x083E2E1C	rom	sFallingBagAnimCmds
0x083E2E24	rom	sFallingBagAnimTable
0x083E2E28	rom	sFallingBagAffineAnimCmds1
0x083E2E48	rom	sFallingBagAffineAnimCmds2
0x083E2E80	rom	sFallingBagAffineAnimTable
0x083E2E88	rom	gPresentSpriteTemplate
0x083E2EA0	rom	gKnockOffItemSpriteTemplate
0x083E2EB8	rom	sPresentHealParticleAnimCmds
0x083E2ECC	rom	sPresentHealParticleAnimTable
0x083E2ED0	rom	gPresentHealParticleSpriteTemplate
0x083E2EE8	rom	gItemStealSpriteTemplate
0x083E2F00	rom	sTrickBagAffineAnimCmds1
0x083E2F10	rom	sTrickBagAffineAnimCmds2
0x083E2F50	rom	sTrickBagAffineAnimTable
0x083E2F60	rom	gTrickBagSpriteTemplate
0x083E2F78	rom	gTrickBagCoordinates
0x083E2F9C	rom	sLeafBladeAnimCmds1
0x083E2FA4	rom	sLeafBladeAnimCmds2
0x083E2FAC	rom	sLeafBladeAnimCmds3
0x083E2FB4	rom	sLeafBladeAnimCmds4
0x083E2FBC	rom	sLeafBladeAnimCmds5
0x083E2FC4	rom	sLeafBladeAnimCmds6
0x083E2FCC	rom	sLeafBladeAnimCmds7
0x083E2FD4	rom	sLeafBladeAnimTable
0x083E2FF0	rom	gLeafBladeSpriteTemplate
0x083E3008	rom	sAromatherapyBigFlowerAffineAnimCmds
0x083E3020	rom	sAromatherapyBigFlowerAffineAnimTable
0x083E3024	rom	gAromatherapySmallFlowerSpriteTemplate
0x083E303C	rom	gAromatherapyBigFlowerSpriteTemplate
0x083E3054	rom	sSilverWindBigSparkAffineAnimCmds
0x083E306C	rom	sSilverWindMediumSparkAffineAnimCmds
0x083E3084	rom	sSilverWindSmallSparkAffineAnimCmds
0x083E309C	rom	sSilverWindBigSparkAffineAnimTable
0x083E30A0	rom	sSilverWindMediumSparkAffineAnimTable
0x083E30A4	rom	sSilverWindSmallSparkAffineAnimTable
0x083E30A8	rom	gSilverWindBigSparkSpriteTemplate
0x083E30C0	rom	gSilverWindMediumSparkSpriteTemplate
0x083E30D8	rom	gSilverWindSmallSparkSpriteTemplate
0x083E30F0	rom	sMagicalLeafBlendColors
0x083E3100	rom	gNeedleArmSpikeSpriteTemplate
0x083E3118	rom	sAnim_Whip
0x083E312C	rom	sAnim_Whip_Flipped
0x083E3140	rom	sAnims_Whip
0x083E3148	rom	gSlamHitSpriteTemplate
0x083E3160	rom	gVineWhipSpriteTemplate
0x083E3178	rom	sAnim_SlidingHit
0x083E3190	rom	sAnims_SlidingHit
0x083E3194	rom	sSlidingHit1SpriteTemplate
0x083E31AC	rom	sSlidingHit2SpriteTemplate
0x083E31C4	rom	sAffineAnim_FlickeringPunch_Normal
0x083E31D4	rom	sAffineAnim_FlickeringPunch_TurnedTopLeft
0x083E31E4	rom	sAffineAnim_FlickeringPunch_TurnedLeft
0x083E31F4	rom	sAffineAnim_FlickeringPunch_TurnedBottomLeft
0x083E3204	rom	sAffineAnim_FlickeringPunch_UpsideDown
0x083E3214	rom	sAffineAnim_FlickeringPunch_TurnedBottomRight
0x083E3224	rom	sAffineAnim_FlickeringPunch_TurnedRight
0x083E3234	rom	sAffineAnim_FlickeringPunch_TurnedTopRight
0x083E3244	rom	sAffineAnims_FlickeringPunch
0x083E3264	rom	sFlickeringPunchSpriteTemplate
0x083E327C	rom	sCuttingSliceAnimCmds
0x083E3290	rom	sCuttingSliceAnimTable
0x083E3294	rom	gCuttingSliceSpriteTemplate
0x083E32AC	rom	gAirCutterSliceSpriteTemplate
0x083E32C4	rom	sAnim_CirclingMusicNote_Eighth
0x083E32CC	rom	sAnim_CirclingMusicNote_BeamedEighth
0x083E32D4	rom	sAnim_CirclingMusicNote_SlantedBeamedEighth
0x083E32DC	rom	sAnim_CirclingMusicNote_Quarter
0x083E32E4	rom	sAnim_CirclingMusicNote_QuarterRest
0x083E32EC	rom	sAnim_CirclingMusicNote_EighthRest
0x083E32F4	rom	sAnim_CirclingMusicNote_Eighth_Flipped
0x083E32FC	rom	sAnim_CirclingMusicNote_BeamedEighth_Flipped
0x083E3304	rom	sAnim_CirclingMusicNote_SlantedBeamedEighth_Flipped
0x083E330C	rom	sAnim_CirclingMusicNote_Quarter_Flipped
0x083E3314	rom	sAnims_CirclingMusicNote
0x083E333C	rom	sCirclingMusicNoteSpriteTemplate
0x083E3354	rom	gProtectSpriteTemplate
0x083E336C	rom	sMilkBottleAffineAnimCmds1
0x083E337C	rom	sMilkBottleAffineAnimCmds2
0x083E33AC	rom	sMilkBottleAffineAnimTable
0x083E33B4	rom	gMilkBottleSpriteTemplate
0x083E33CC	rom	sGrantingStarsAnimCmds
0x083E33F0	rom	sGrantingStarsAnimTable
0x083E33F4	rom	gGrantingStarsSpriteTemplate
0x083E340C	rom	gSparklingStarsSpriteTemplate
0x083E3424	rom	sAnim_BubbleBurst
0x083E3448	rom	sAnim_BubbleBurst_Flipped
0x083E346C	rom	sAnims_BubbleBurst
0x083E3474	rom	sBubbleBurstSpriteTemplate
0x083E348C	rom	sSleepLetterZAnimCmds
0x083E3494	rom	sSleepLetterZAnimTable
0x083E3498	rom	sSleepLetterZAffineAnimCmds1
0x083E34B0	rom	sSleepLetterZAffineAnimCmds1_2
0x083E34C8	rom	sSleepLetterZAffineAnimCmds2
0x083E34E0	rom	sSleepLetterZAffineAnimCmds2_2
0x083E34F8	rom	sSleepLetterZAffineAnimTable
0x083E3500	rom	gSleepLetterZSpriteTemplate
0x083E3518	rom	gLockOnTargetSpriteTemplate
0x083E3530	rom	gLockOnMoveTargetSpriteTemplate
0x083E3548	rom	sInclineMonCoordTable
0x083E3550	rom	gBowMonSpriteTemplate
0x083E3568	rom	sTipMonSpriteTemplate
0x083E3580	rom	sSlashSliceAnimCmds1
0x083E3594	rom	sSlashSliceAnimCmds2
0x083E359C	rom	sSlashSliceAnimTable
0x083E35A4	rom	gSlashSliceSpriteTemplate
0x083E35BC	rom	gFalseSwipeSliceSpriteTemplate
0x083E35D4	rom	gFalseSwipePositionedSliceSpriteTemplate
0x083E35EC	rom	sEndureEnergyAnimCmds
0x083E3600	rom	sEndureEnergyAnimTable
0x083E3604	rom	gEndureEnergySpriteTemplate
0x083E361C	rom	sSharpenSphereAnimCmds
0x083E3658	rom	sSharpenSphereAnimTable
0x083E365C	rom	gSharpenSphereSpriteTemplate
0x083E3674	rom	gOctazookaBallSpriteTemplate
0x083E368C	rom	sOctazookaAnimCmds
0x083E36A4	rom	sOctazookaAnimTable
0x083E36A8	rom	gOctazookaSmokeSpriteTemplate
0x083E36C0	rom	sConversionAnimCmds
0x083E36D4	rom	sConversionAnimTable
0x083E36D8	rom	sConversionAffineAnimCmds
0x083E36E8	rom	sConversionAffineAnimTable
0x083E36EC	rom	gConversionSpriteTemplate
0x083E3704	rom	sConversion2AnimCmds
0x083E3718	rom	sConversion2AnimTable
0x083E371C	rom	gConversion2SpriteTemplate
0x083E3734	rom	gMoonSpriteTemplate
0x083E374C	rom	sMoonlightSparkleAnimCmds
0x083E3760	rom	sMoonlightSparkleAnimTable
0x083E3764	rom	gMoonlightSparkleSpriteTemplate
0x083E377C	rom	sHealingBlueStarAnimCmds
0x083E37A0	rom	sHealingBlueStarAnimTable
0x083E37A4	rom	gHealingBlueStarSpriteTemplate
0x083E37BC	rom	gHornHitSpriteTemplate
0x083E37D4	rom	sSuperFangAnimCmds
0x083E37E8	rom	sSuperFangAnimTable
0x083E37EC	rom	gSuperFangSpriteTemplate
0x083E3804	rom	sWavyMusicNotesAnimCmds1
0x083E380C	rom	sWavyMusicNotesAnimCmds2
0x083E3814	rom	sWavyMusicNotesAnimCmds3
0x083E381C	rom	sWavyMusicNotesAnimCmds4
0x083E3824	rom	sWavyMusicNotesAnimCmds5
0x083E382C	rom	sWavyMusicNotesAnimCmds6
0x083E3834	rom	sWavyMusicNotesAnimCmds7
0x083E383C	rom	sWavyMusicNotesAnimCmds8
0x083E3844	rom	gMusicNotesAnimTable
0x083E3864	rom	sWavyMusicNotesAffineAnimCmds
0x083E387C	rom	sMusicNotesAffineAnimTable
0x083E3880	rom	gWavyMusicNotesSpriteTemplate
0x083E3898	rom	sParticlesColorBlendTable
0x083E38C8	rom	gFastFlyingMusicNotesSpriteTemplate
0x083E38E0	rom	gBellyDrumHandSpriteTemplate
0x083E38F8	rom	sSlowFlyingMusicNotesAffineAnimCmds
0x083E3910	rom	sSlowFlyinsMusicNotesAffineAnimTable
0x083E3914	rom	gSlowFlyingMusicNotesSpriteTemplate
0x083E392C	rom	sMetronomeThroughtBubbleAnimCmds1
0x083E3940	rom	sMetronomeThroughtBubbleAnimCmds3
0x083E3954	rom	sMetronomeThroughtBubbleAnimCmds2
0x083E3968	rom	sMetronomeThroughtBubbleAnimCmds4
0x083E397C	rom	sMetronomeThroughtBubbleAnimTable
0x083E398C	rom	gThoughtBubbleSpriteTemplate
0x083E39A4	rom	sMetronomeFingerAffineAnimCmds1
0x083E39BC	rom	sMetronomeFingerAffineAnimCmds2
0x083E39E4	rom	sMetronomeFingerAffineAnimCmds2_2
0x083E3A2C	rom	sMetronomeFingerAffineAnimTable
0x083E3A34	rom	gMetronomeFingerSpriteTemplate
0x083E3A4C	rom	gFollowMeFingerSpriteTemplate
0x083E3A64	rom	sTauntFingerAnimCmds1
0x083E3A6C	rom	sTauntFingerAnimCmds2
0x083E3A74	rom	sTauntFingerAnimCmds3
0x083E3A94	rom	sTauntFingerAnimCmds4
0x083E3AB4	rom	sTauntFingerAnimTable
0x083E3AC4	rom	gTauntFingerSpriteTemplate
0x083E3ADC	rom	sCirclingFingerSpriteTemplate
0x083E3AF4	rom	sAnim_BouncingMusicNote
0x083E3AFC	rom	sAnims_BouncingMusicNote
0x083E3B00	rom	sBouncingMusicNoteSpriteTemplate
0x083E3B18	rom	sVibrateBattlerBackSpriteTemplate
0x083E3B30	rom	sMovingClampSpriteTemplate
0x083E3B48	rom	sAnim_SmallExplosion
0x083E3B5C	rom	sAnims_SmallExplosion
0x083E3B60	rom	sAffineAnim_SmallExplosion
0x083E3B78	rom	sAffineAnims_SmallExplosion
0x083E3B7C	rom	sSmallExplosionSpriteTemplate
0x083E3B94	rom	sKinesisZapEnergyAnimCmds
0x083E3BB8	rom	sKinesisZapEnergyAnimTable
0x083E3BBC	rom	gKinesisZapEnergySpriteTemplate
0x083E3BD4	rom	sSwordsDanceBladeAffineAnimCmds
0x083E3BF4	rom	sSwordsDanceBladeAffineAnimTable
0x083E3BF8	rom	gSwordsDanceBladeSpriteTemplate
0x083E3C10	rom	gSonicBoomSpriteTemplate
0x083E3C28	rom	gAirWaveProjectileSpriteTemplate
0x083E3C40	rom	sGrowingRingAffineAnimCmds
0x083E3C58	rom	sWaterPulseRingAffineAnimCmds
0x083E3C98	rom	gGrowingRingAffineAnimTable
0x083E3C9C	rom	sWaterPulseRingAffineAnimTable
0x083E3CA0	rom	gSupersonicRingSpriteTemplate
0x083E3CB8	rom	gScreechRingSpriteTemplate
0x083E3CD0	rom	gMetalSoundSpriteTemplate
0x083E3CE8	rom	gWaterPulseRingSpriteTemplate
0x083E3D00	rom	gEggThrowSpriteTemplate
0x083E3D18	rom	sVoidLinesSpriteTemplate
0x083E3D30	rom	sCoinAnimCmds
0x083E3D38	rom	sCoinAnimTable
0x083E3D3C	rom	sFallingCoinAffineAnimCmds
0x083E3D4C	rom	sFallingCoinAffineAnimTable
0x083E3D50	rom	gCoinThrowSpriteTemplate
0x083E3D68	rom	gFallingCoinSpriteTemplate
0x083E3D80	rom	sBulletSeedAffineAnimCmds
0x083E3D90	rom	sBulletSeedAffineAnimTable
0x083E3D94	rom	gBulletSeedSpriteTemplate
0x083E3DAC	rom	sRazorWindTornadoAffineAnimCmds
0x083E3DC4	rom	sRazorWindTornadoAffineAnimTable
0x083E3DC8	rom	gRazorWindTornadoSpriteTemplate
0x083E3DE0	rom	sViceGripAnimCmds1
0x083E3DF0	rom	sViceGripAnimCmds2
0x083E3E00	rom	sViceGripAnimTable
0x083E3E08	rom	gViceGripSpriteTemplate
0x083E3E20	rom	sGuillotineAnimCmds1
0x083E3E30	rom	sGuillotineAnimCmds2
0x083E3E40	rom	sGuillotineAnimTable
0x083E3E48	rom	gGuillotineSpriteTemplate
0x083E3E60	rom	sSplashEffectAffineAnimCmds
0x083E3E80	rom	sGrowAndShrinkAffineAnimCmds
0x083E3EA0	rom	sBreathPuffAnimCmds1
0x083E3EB4	rom	sBreathPuffAnimCmds2
0x083E3EC8	rom	sBreathPuffAnimTable
0x083E3ED0	rom	gBreathPuffSpriteTemplate
0x083E3EE8	rom	sAngerMarkAffineAnimCmds
0x083E3F00	rom	sAngerMarkAffineAnimTable
0x083E3F04	rom	gAngerMarkSpriteTemplate
0x083E3F1C	rom	sThrashMoveMonAffineAnimCmds
0x083E3F4C	rom	gPencilSpriteTemplate
0x083E3F64	rom	gSnoreZSpriteTemplate
0x083E3F7C	rom	sExplosionAnimCmds
0x083E3F90	rom	sExplosionAnimTable
0x083E3F94	rom	gExplosionSpriteTemplate
0x083E3FAC	rom	sSoftBoiledEggAffineAnimCmds1
0x083E3FCC	rom	sSoftBoiledEggAffineAnimCmds2
0x083E3FDC	rom	sSoftBoiledEggAffineAnimCmds3
0x083E401C	rom	sSoftBoiledEggAffineAnimTable
0x083E4028	rom	gSoftBoiledEggSpriteTemplate
0x083E4040	rom	sThinRingExpandingAffineAnimCmds1
0x083E4058	rom	sThinRingExpandingAffineAnimCmds2
0x083E4070	rom	sHyperVoiceRingAffineAnimCmds
0x083E4088	rom	sThinRingExpandingAffineAnimTable
0x083E4090	rom	sHyperVoiceRingAffineAnimTable
0x083E4094	rom	gThinRingExpandingSpriteTemplate
0x083E40AC	rom	sThinRingShrinkingAffineAnimCmds
0x083E40C4	rom	sThinRingShrinkingAffineAnimTable
0x083E40C8	rom	gThinRingShrinkingSpriteTemplate
0x083E40E0	rom	gBlendThinRingExpandingSpriteTemplate
0x083E40F8	rom	gHyperVoiceRingSpriteTemplate
0x083E4110	rom	gUproarRingSpriteTemplate
0x083E4128	rom	sStretchAttackerAffineAnimCmds
0x083E4138	rom	sSpeedDustAnimCmds
0x083E4150	rom	sSpeedDustAnimTable
0x083E4154	rom	gSpeedDustSpriteTemplate
0x083E416C	rom	sSpeedDustPosTable
0x083E4174	rom	sBellAnimCmds
0x083E41AC	rom	sBellAnimTable
0x083E41B0	rom	gBellSpriteTemplate
0x083E41C8	rom	gMusicNotePaletteTagsTable
0x083E41D0	rom	gHealBellMusicNoteSpriteTemplate
0x083E41E8	rom	gMagentaHeartSpriteTemplate
0x083E4200	rom	sAffineAnims_StretchBattlerUp
0x083E4218	rom	gRedHeartProjectileSpriteTemplate
0x083E4230	rom	gRedHeartBurstSpriteTemplate
0x083E4248	rom	gRedHeartRisingSpriteTemplate
0x083E4260	rom	sHiddenPowerOrbAffineAnimCmds
0x083E4278	rom	sHiddenPowerOrbAffineAnimTable
0x083E427C	rom	gHiddenPowerOrbSpriteTemplate
0x083E4294	rom	gHiddenPowerOrbScatterSpriteTemplate
0x083E42AC	rom	sSpitUpOrbAffineAnimCmds
0x083E42C4	rom	sSpitUpOrbAffineAnimTable
0x083E42C8	rom	gSpitUpOrbSpriteTemplate
0x083E42E0	rom	sEyeSparkleAnimCmds
0x083E42F8	rom	sEyeSparkleAnimTable
0x083E42FC	rom	gEyeSparkleSpriteTemplate
0x083E4314	rom	sAngelSpriteAnimCmds
0x083E431C	rom	sAngelSpriteAnimTable
0x083E4320	rom	gAngelSpriteTemplate
0x083E4338	rom	gPinkHeartSpriteTemplate
0x083E4350	rom	sDevilAnimCmds1
0x083E4358	rom	sDevilAnimCmds2
0x083E4360	rom	sDevilAnimTable
0x083E4368	rom	gDevilSpriteTemplate
0x083E4380	rom	sAnim_FurySwipes
0x083E4394	rom	sAnim_FurySwipes_Flipped
0x083E43A8	rom	sAnims_FurySwipes
0x083E43B0	rom	gFurySwipesSpriteTemplate
0x083E43C8	rom	sMovementWavesAnimCmds1
0x083E43DC	rom	sMovementWavesAnimCmds2
0x083E43F0	rom	sMovementWavesAnimTable
0x083E43F8	rom	gMovementWavesSpriteTemplate
0x083E4410	rom	sUproarAffineAnimCmds
0x083E4430	rom	gJaggedMusicNoteSpriteTemplate
0x083E4448	rom	sPerishSongMusicNoteAffineAnimCmds1
0x083E4458	rom	sPerishSongMusicNoteAffineAnimCmds2
0x083E4468	rom	sPerishSongMusicNoteAffineAnimCmds3
0x083E4478	rom	sPerishSongMusicNoteAffineAnimTable
0x083E4484	rom	gPerishSongMusicNoteSpriteTemplate
0x083E449C	rom	gPerishSongMusicNote2SpriteTemplate
0x083E44B4	rom	sGuardRingAffineAnimCmds1
0x083E44C4	rom	sGuardRingAffineAnimCmds2
0x083E44D4	rom	sGuardRingAffineAnimTable
0x083E44DC	rom	gGuardRingSpriteTemplate
0x083E44F4	rom	sUnusedWater_Gfx
0x083E4874	rom	sUnusedWater
0x083E5874	rom	sAnim_RainDrop
0x083E5894	rom	sAnims_RainDrop
0x083E5898	rom	gRainDropSpriteTemplate
0x083E58B0	rom	sAffineAnim_WaterBubbleProjectile
0x083E58C8	rom	sAffineAnims_WaterBubbleProjectile
0x083E58CC	rom	sAnim_WaterBubbleProjectile
0x083E58DC	rom	sAnims_WaterBubbleProjectile
0x083E58E0	rom	gWaterBubbleProjectileSpriteTemplate
0x083E58F8	rom	sAnim_AuroraBeamRing_0
0x083E5900	rom	sAnim_AuroraBeamRing_1
0x083E5908	rom	sAnims_AuroraBeamRing
0x083E5910	rom	sAffineAnim_AuroraBeamRing
0x083E5928	rom	sAffineAnims_AuroraBeamRing
0x083E592C	rom	gAuroraBeamRingSpriteTemplate
0x083E5944	rom	sAnim_WaterMudOrb
0x083E5958	rom	gAnims_WaterMudOrb
0x083E595C	rom	gHydroPumpOrbSpriteTemplate
0x083E5974	rom	gMudShotOrbSpriteTemplate
0x083E598C	rom	gSignalBeamRedOrbSpriteTemplate
0x083E59A4	rom	gSignalBeamGreenOrbSpriteTemplate
0x083E59BC	rom	sAnim_FlamethrowerFlame
0x083E59CC	rom	sAnims_FlamethrowerFlame
0x083E59D0	rom	gFlamethrowerFlameSpriteTemplate
0x083E59E8	rom	gPsywaveRingSpriteTemplate
0x083E5A00	rom	sAffineAnim_HydroCannonCharge
0x083E5A20	rom	sAffineAnim_HydroCannonBeam
0x083E5A30	rom	sAffineAnims_HydroCannonCharge
0x083E5A34	rom	sAffineAnims_HydroCannonBeam
0x083E5A38	rom	gHydroCannonChargeSpriteTemplate
0x083E5A50	rom	gHydroCannonBeamSpriteTemplate
0x083E5A68	rom	sAnim_WaterBubble
0x083E5A70	rom	sAnim_WaterGunDroplet
0x083E5A78	rom	gAnims_WaterBubble
0x083E5A7C	rom	sAnims_WaterGunDroplet
0x083E5A80	rom	gWaterGunProjectileSpriteTemplate
0x083E5A98	rom	gWaterGunDropletSpriteTemplate
0x083E5AB0	rom	gSmallBubblePairSpriteTemplate
0x083E5AC8	rom	gSmallDriftingBubblesSpriteTemplate
0x083E5AE0	rom	gSmallWaterOrbSpriteTemplate
0x083E5AF8	rom	sAnim_WaterPulseBubble_0
0x083E5B00	rom	sAnim_WaterPulseBubble_1
0x083E5B08	rom	sAnim_WeatherBallWaterDown
0x083E5B10	rom	sAnims_WaterPulseBubble
0x083E5B18	rom	sAnims_WeatherBallWaterDown
0x083E5B1C	rom	sAffineAnim_WaterPulseRingBubble_0
0x083E5B34	rom	sAffineAnim_WaterPulseRingBubble_1
0x083E5B4C	rom	sAffineAnim_WeatherBallWaterDown
0x083E5B64	rom	sAffineAnims_WaterPulseRingBubble
0x083E5B6C	rom	sAffineAnims_WeatherBallWaterDown
0x083E5B70	rom	gWaterPulseBubbleSpriteTemplate
0x083E5B88	rom	gWaterPulseRingBubbleSpriteTemplate
0x083E5BA0	rom	gWeatherBallWaterDownSpriteTemplate
0x083E5BB8	rom	sAnim_FireSpiralSpread_0
0x083E5BC8	rom	sAnim_FireSpiralSpread_1
0x083E5BD8	rom	sAnims_FireSpiralSpread
0x083E5BE0	rom	gFireSpiralInwardSpriteTemplate
0x083E5BF8	rom	gFireSpreadSpriteTemplate
0x083E5C10	rom	sAnim_LargeFlame
0x083E5C34	rom	sAnims_LargeFlame
0x083E5C38	rom	sAnim_FirePlume
0x083E5C50	rom	sAnims_FirePlume
0x083E5C54	rom	sAffineAnim_LargeFlame
0x083E5C6C	rom	sAffineAnims_LargeFlame
0x083E5C70	rom	gLargeFlameSpriteTemplate
0x083E5C88	rom	gLargeFlameScatterSpriteTemplate
0x083E5CA0	rom	gFirePlumeSpriteTemplate
0x083E5CB8	rom	sUnusedEmberFirePlumeSpriteTemplate
0x083E5CD0	rom	sAnim_UnusedSmallEmber
0x083E5CE0	rom	sAnims_UnusedSmallEmber
0x083E5CE4	rom	sUnusedSmallEmberSpriteTemplate
0x083E5CFC	rom	sAffineAnim_SunlightRay
0x083E5D14	rom	sAffineAnims_SunlightRay
0x083E5D18	rom	gSunlightRaySpriteTemplate
0x083E5D30	rom	sAnim_BasicFire
0x083E5D48	rom	gAnims_BasicFire
0x083E5D4C	rom	gEmberSpriteTemplate
0x083E5D64	rom	gEmberFlareSpriteTemplate
0x083E5D7C	rom	gBurnFlameSpriteTemplate
0x083E5D94	rom	gFireBlastRingSpriteTemplate
0x083E5DAC	rom	sAnim_FireBlastCross
0x083E5DB8	rom	sAnims_FireBlastCross
0x083E5DBC	rom	sAffineAnim_Unused_0
0x083E5DCC	rom	sAffineAnim_Unused_1
0x083E5DDC	rom	sAffineAnims_Unused
0x083E5DE4	rom	gFireBlastCrossSpriteTemplate
0x083E5DFC	rom	gFireSpiralOutwardSpriteTemplate
0x083E5E14	rom	gWeatherBallFireDownSpriteTemplate
0x083E5E2C	rom	gEruptionLaunchRockSpriteTemplate
0x083E5E44	rom	sEruptionLaunchRockSpeeds
0x083E5E60	rom	gEruptionFallingRockSpriteTemplate
0x083E5E78	rom	sAnim_WillOWispOrb_0
0x083E5E8C	rom	sAnim_WillOWispOrb_1
0x083E5E94	rom	sAnim_WillOWispOrb_2
0x083E5E9C	rom	sAnim_WillOWispOrb_3
0x083E5EA4	rom	sAnims_WillOWispOrb
0x083E5EB4	rom	gWillOWispOrbSpriteTemplate
0x083E5ECC	rom	sAnim_WillOWispFire
0x083E5EE0	rom	sAnims_WillOWispFire
0x083E5EE4	rom	gWillOWispFireSpriteTemplate
0x083E5EFC	rom	sShakeDirsPattern0
0x083E5F0C	rom	sShakeDirsPattern1
0x083E5F1C	rom	sAnim_Lightning
0x083E5F34	rom	sAnims_Lightning
0x083E5F38	rom	gLightningSpriteTemplate
0x083E5F50	rom	sAffineAnim_UnusedSpinningFist
0x083E5F70	rom	sAffineAnims_UnusedSpinningFist
0x083E5F74	rom	sUnusedSpinningFistSpriteTemplate
0x083E5F8C	rom	sAnim_UnusedCirclingShock
0x083E5FA8	rom	sAnims_UnusedCirclingShock
0x083E5FAC	rom	sUnusedCirclingShockSpriteTemplate
0x083E5FC4	rom	gSparkElectricitySpriteTemplate
0x083E5FDC	rom	gZapCannonBallSpriteTemplate
0x083E5FF4	rom	sAffineAnim_FlashingSpark
0x083E6004	rom	sAffineAnims_FlashingSpark
0x083E6008	rom	gZapCannonSparkSpriteTemplate
0x083E6020	rom	sAnim_ThunderboltOrb
0x083E6030	rom	sAnims_ThunderboltOrb
0x083E6034	rom	sAffineAnim_ThunderboltOrb
0x083E6054	rom	sAffineAnims_ThunderboltOrb
0x083E6058	rom	gThunderboltOrbSpriteTemplate
0x083E6070	rom	gSparkElectricityFlashingSpriteTemplate
0x083E6088	rom	gElectricitySpriteTemplate
0x083E60A0	rom	sElectricBoltSegmentSpriteTemplate
0x083E60B8	rom	gThunderWaveSpriteTemplate
0x083E60D0	rom	sElectricChargingParticleCoordOffsets
0x083E60F0	rom	sAnim_ElectricChargingParticles_0
0x083E6104	rom	sAnim_ElectricChargingParticles_1
0x083E6118	rom	sAnims_ElectricChargingParticles
0x083E6120	rom	gElectricChargingParticlesSpriteTemplate
0x083E6138	rom	sAffineAnim_GrowingElectricOrb_0
0x083E6178	rom	sAffineAnim_GrowingElectricOrb_1
0x083E61A8	rom	sAffineAnim_GrowingElectricOrb_2
0x083E61C8	rom	sAffineAnims_GrowingElectricOrb
0x083E61D4	rom	gGrowingChargeOrbSpriteTemplate
0x083E61EC	rom	sAnim_ElectricPuff
0x083E6200	rom	sAnims_ElectricPuff
0x083E6204	rom	gElectricPuffSpriteTemplate
0x083E621C	rom	gVoltTackleOrbSlideSpriteTemplate
0x083E6234	rom	sAnim_VoltTackleBolt_0
0x083E623C	rom	sAnim_VoltTackleBolt_1
0x083E6244	rom	sAnim_VoltTackleBolt_2
0x083E624C	rom	sAnim_VoltTackleBolt_3
0x083E6254	rom	sAnims_VoltTackleBolt
0x083E6264	rom	sAffineAnim_VoltTackleBolt
0x083E6274	rom	sAffineAnims_VoltTackleBolt
0x083E6278	rom	gVoltTackleBoltSpriteTemplate
0x083E6290	rom	gGrowingShockWaveOrbSpriteTemplate
0x083E62A8	rom	sShockWaveProgressingBoltSpriteTemplate
0x083E62C0	rom	sAnim_Unused
0x083E62CC	rom	sAnims_Unused
0x083E62D0	rom	sUnusedIceCrystalThrowSpriteTemplate
0x083E62E8	rom	sAnim_IceCrystalLargeChunk
0x083E62F0	rom	sAnim_IceCrystalLarge
0x083E62F8	rom	sAnim_IceCrystalSmall
0x083E6300	rom	sAnim_Snowball
0x083E6308	rom	sAnim_BlizzardIceCrystal
0x083E6310	rom	sAnim_SmallBubblePair
0x083E631C	rom	sAnims_IceCrystalLargeChunk
0x083E6320	rom	sAnims_IceCrystalLarge
0x083E6324	rom	sAnims_IceCrystalSmall
0x083E6328	rom	sAnims_Snowball
0x083E632C	rom	sAnims_BlizzardIceCrystal
0x083E6330	rom	gAnims_SmallBubblePair
0x083E6334	rom	sAffineAnim_IceCrystalSpiralInwardLarge
0x083E6344	rom	sAffineAnims_IceCrystalSpiralInwardLarge
0x083E6348	rom	gIceCrystalSpiralInwardLarge
0x083E6360	rom	gIceCrystalSpiralInwardSmall
0x083E6378	rom	sAffineAnim_IceBeamInnerCrystal
0x083E6388	rom	sAffineAnims_IceBeamInnerCrystal
0x083E638C	rom	gIceBeamInnerCrystalSpriteTemplate
0x083E63A4	rom	gIceBeamOuterCrystalSpriteTemplate
0x083E63BC	rom	sAffineAnim_IceCrystalHit
0x083E63DC	rom	sAffineAnims_IceCrystalHit
0x083E63E0	rom	gIceCrystalHitLargeSpriteTemplate
0x083E63F8	rom	gIceCrystalHitSmallSpriteTemplate
0x083E6410	rom	gSwirlingSnowballSpriteTemplate
0x083E6428	rom	gBlizzardIceCrystalSpriteTemplate
0x083E6440	rom	gPowderSnowSnowballSpriteTemplate
0x083E6458	rom	sAnim_IceGroundSpike
0x083E6478	rom	sAnims_IceGroundSpike
0x083E647C	rom	gIceGroundSpikeSpriteTemplate
0x083E6494	rom	sAnim_Cloud
0x083E64A0	rom	sAnims_Cloud
0x083E64A4	rom	gMistCloudSpriteTemplate
0x083E64BC	rom	gSmogCloudSpriteTemplate
0x083E64D4	rom	sHazeBlendAmounts
0x083E64E8	rom	gMistBallSpriteTemplate
0x083E6500	rom	sMistBlendAmounts
0x083E6514	rom	gPoisonGasCloudSpriteTemplate
0x083E652C	rom	sHailCoordData
0x083E6554	rom	sAffineAnim_HailParticle_0
0x083E6564	rom	sAffineAnim_HailParticle_1
0x083E6574	rom	sAffineAnim_HailParticle_2
0x083E6584	rom	sAffineAnim_WeatherBallIceDown
0x083E6594	rom	sAffineAnims_HailParticle
0x083E65A0	rom	sAffineAnims_WeatherBallIceDown
0x083E65A4	rom	sHailParticleSpriteTemplate
0x083E65BC	rom	gWeatherBallIceDownSpriteTemplate
0x083E65D4	rom	sAnim_IceBallChunk_0
0x083E65DC	rom	sAnim_IceBallChunk_1
0x083E65F0	rom	sAnims_IceBallChunk
0x083E65F8	rom	sAffineAnim_IceBallChunk_0
0x083E6608	rom	sAffineAnim_IceBallChunk_1
0x083E6618	rom	sAffineAnim_IceBallChunk_2
0x083E6628	rom	sAffineAnim_IceBallChunk_3
0x083E6638	rom	sAffineAnim_IceBallChunk_4
0x083E6648	rom	sAffineAnims_IceBallChunk
0x083E665C	rom	gIceBallChunkSpriteTemplate
0x083E6674	rom	gIceBallImpactShardSpriteTemplate
0x083E668C	rom	sUnusedHumanoidFootSpriteTemplate
0x083E66A4	rom	sAnim_Fist
0x083E66AC	rom	sAnim_FootWide
0x083E66B4	rom	sAnim_FootTall
0x083E66BC	rom	sAnim_HandLeft
0x083E66C4	rom	sAnim_HandRight
0x083E66CC	rom	sAnims_HandsAndFeet
0x083E66E0	rom	gKarateChopSpriteTemplate
0x083E66F8	rom	gJumpKickSpriteTemplate
0x083E6710	rom	gFistFootSpriteTemplate
0x083E6728	rom	gFistFootRandomPosSpriteTemplate
0x083E6740	rom	gCrossChopHandSpriteTemplate
0x083E6758	rom	gSlidingKickSpriteTemplate
0x083E6770	rom	sAffineAnim_SpinningHandOrFoot
0x083E6788	rom	sAffineAnims_SpinningHandOrFoot
0x083E678C	rom	gSpinningHandOrFootSpriteTemplate
0x083E67A4	rom	sAffineAnim_MegaPunchKick
0x083E67BC	rom	sAffineAnims_MegaPunchKick
0x083E67C0	rom	gMegaPunchKickSpriteTemplate
0x083E67D8	rom	gStompFootSpriteTemplate
0x083E67F0	rom	gDizzyPunchDuckSpriteTemplate
0x083E6808	rom	gBrickBreakWallSpriteTemplate
0x083E6820	rom	gBrickBreakWallShardSpriteTemplate
0x083E6838	rom	sAffineAnim_SuperpowerOrb
0x083E6860	rom	sAffineAnims_SuperpowerOrb
0x083E6864	rom	gSuperpowerOrbSpriteTemplate
0x083E687C	rom	gSuperpowerRockSpriteTemplate
0x083E6894	rom	gSuperpowerFireballSpriteTemplate
0x083E68AC	rom	gArmThrustHandSpriteTemplate
0x083E68C4	rom	sAnim_RevengeSmallScratch_0
0x083E68D4	rom	sAnim_RevengeSmallScratch_1
0x083E68E4	rom	sAnim_RevengeSmallScratch_2
0x083E68F4	rom	sAnims_RevengeSmallScratch
0x083E6900	rom	gRevengeSmallScratchSpriteTemplate
0x083E6918	rom	sAnim_RevengeBigScratch_0
0x083E6924	rom	sAnim_RevengeBigScratch_1
0x083E6930	rom	sAnim_RevengeBigScratch_2
0x083E693C	rom	sAnims_RevengeBigScratch
0x083E6948	rom	gRevengeBigScratchSpriteTemplate
0x083E6960	rom	sAffineAnim_FocusPunchFist
0x083E6978	rom	sAffineAnims_FocusPunchFist
0x083E697C	rom	gFocusPunchFistSpriteTemplate
0x083E6994	rom	sAnim_ToxicBubble
0x083E69A8	rom	sAnims_ToxicBubble
0x083E69AC	rom	gToxicBubbleSpriteTemplate
0x083E69C4	rom	sAnim_PoisonProjectile
0x083E69CC	rom	sAnim_AcidPoisonDroplet
0x083E69D4	rom	sAnim_SludgeBombHit
0x083E69DC	rom	sAnims_PoisonProjectile
0x083E69E0	rom	sAnims_AcidPoisonDroplet
0x083E69E4	rom	sAnims_SludgeBombHit
0x083E69E8	rom	sAffineAnim_PoisonProjectile
0x083E6A08	rom	sAffineAnim_SludgeBombHit
0x083E6A18	rom	sAffineAnims_PoisonProjectile
0x083E6A1C	rom	sAffineAnims_SludgeBombHit
0x083E6A20	rom	gSludgeProjectileSpriteTemplate
0x083E6A38	rom	gAcidPoisonBubbleSpriteTemplate
0x083E6A50	rom	gSludgeBombHitParticleSpriteTemplate
0x083E6A68	rom	sAffineAnim_AcidPoisonDroplet
0x083E6A80	rom	gAffineAnims_Droplet
0x083E6A84	rom	gAcidPoisonDropletSpriteTemplate
0x083E6A9C	rom	sAffineAnim_Bubble
0x083E6AB4	rom	sAffineAnims_Bubble
0x083E6AB8	rom	gPoisonBubbleSpriteTemplate
0x083E6AD0	rom	gWaterBubbleSpriteTemplate
0x083E6AE8	rom	gEllipticalGustSpriteTemplate
0x083E6B00	rom	sAffineAnim_GustToTarget
0x083E6B18	rom	sAffineAnims_GustToTarget
0x083E6B1C	rom	gGustToTargetSpriteTemplate
0x083E6B34	rom	sAffineAnim_AirWaveCrescent
0x083E6B48	rom	sAffineAnims_AirWaveCrescent
0x083E6B4C	rom	gAirWaveCrescentSpriteTemplate
0x083E6B64	rom	sAffineAnim_FlyBallUp
0x083E6B8C	rom	sAffineAnims_FlyBallUp
0x083E6B90	rom	sAffineAnim_FlyBallAttack_0
0x083E6BA0	rom	sAffineAnim_FlyBallAttack_1
0x083E6BB0	rom	sAffineAnims_FlyBallAttack
0x083E6BB8	rom	gFlyBallUpSpriteTemplate
0x083E6BD0	rom	gFlyBallAttackSpriteTemplate
0x083E6BE8	rom	sAnim_FallingFeather_0
0x083E6BF0	rom	sAnim_FallingFeather_1
0x083E6BF8	rom	sAnims_FallingFeather
0x083E6C00	rom	gFallingFeatherSpriteTemplate
0x083E6C18	rom	sUnusedPal
0x083E6C38	rom	sUnusedBubbleThrowSpriteTemplate
0x083E6C50	rom	sUnusedFeatherSpriteTemplate
0x083E6C68	rom	sAnim_WhirlwindLines
0x083E6C80	rom	sAnims_WhirlwindLines
0x083E6C84	rom	gWhirlwindLineSpriteTemplate
0x083E6C9C	rom	sAffineAnim_BounceBallShrink
0x083E6CCC	rom	sAffineAnims_BounceBallShrink
0x083E6CD0	rom	gBounceBallShrinkSpriteTemplate
0x083E6CE8	rom	sAffineAnim_BounceBallLand
0x083E6CF8	rom	sAffineAnims_BounceBallLand
0x083E6CFC	rom	gBounceBallLandSpriteTemplate
0x083E6D14	rom	sAffineAnim_DiveBall
0x083E6D3C	rom	sAffineAnims_DiveBall
0x083E6D40	rom	gDiveBallSpriteTemplate
0x083E6D58	rom	sAnim_Unused
0x083E6D78	rom	sAnims_Unused
0x083E6D7C	rom	gDiveWaterSplashSpriteTemplate
0x083E6D94	rom	gSprayWaterDropletSpriteTemplate
0x083E6DAC	rom	sUnusedFlashingLightSpriteTemplate
0x083E6DC4	rom	gSkyAttackBirdSpriteTemplate
0x083E6DDC	rom	sAffineAnim_PsychUpSpiral
0x083E6DF4	rom	sAffineAnims_PsychUpSpiral
0x083E6DF8	rom	gPsychUpSpiralSpriteTemplate
0x083E6E10	rom	gLightScreenWallSpriteTemplate
0x083E6E28	rom	gReflectWallSpriteTemplate
0x083E6E40	rom	gMirrorCoatWallSpriteTemplate
0x083E6E58	rom	gBarrierWallSpriteTemplate
0x083E6E70	rom	gMagicCoatWallSpriteTemplate
0x083E6E88	rom	sAnim_ReflectSparkle
0x083E6EA0	rom	sAnims_ReflectSparkle
0x083E6EA4	rom	gReflectSparkleSpriteTemplate
0x083E6EBC	rom	sAnim_SpecialScreenSparkle
0x083E6ED0	rom	sAnims_SpecialScreenSparkle
0x083E6ED4	rom	gSpecialScreenSparkleSpriteTemplate
0x083E6EEC	rom	gGoldRingSpriteTemplate
0x083E6F04	rom	sAnim_BentSpoon_0
0x083E6F44	rom	sAnim_BentSpoon_1
0x083E6F84	rom	sAnims_BentSpoon
0x083E6F8C	rom	gBentSpoonSpriteTemplate
0x083E6FA4	rom	sAnim_QuestionMark
0x083E6FC4	rom	sAnims_QuestionMark
0x083E6FC8	rom	sAffineAnim_QuestionMark
0x083E6FF0	rom	sAffineAnims_QuestionMark
0x083E6FF4	rom	gQuestionMarkSpriteTemplate
0x083E700C	rom	sAffineAnim_MeditateStretchAttacker
0x083E702C	rom	sAffineAnim_Teleport
0x083E7044	rom	sImprisonOrbSpriteTemplate
0x083E705C	rom	gRedXSpriteTemplate
0x083E7074	rom	sAffineAnim_SkillSwapOrb_0
0x083E708C	rom	sAffineAnim_SkillSwapOrb_1
0x083E70B4	rom	sAffineAnim_SkillSwapOrb_2
0x083E70DC	rom	sAffineAnim_SkillSwapOrb_3
0x083E7104	rom	sAffineAnims_SkillSwapOrb
0x083E7114	rom	sSkillSwapOrbSpriteTemplate
0x083E712C	rom	sAffineAnim_LusterPurgeCircle
0x083E7144	rom	gAffineAnims_LusterPurgeCircle
0x083E7148	rom	gLusterPurgeCircleSpriteTemplate
0x083E7160	rom	sAffineAnim_PsychoBoostOrb_0
0x083E71B8	rom	sAffineAnim_PsychoBoostOrb_1
0x083E71C8	rom	sAffineAnims_PsychoBoostOrb
0x083E71D0	rom	gPsychoBoostOrbSpriteTemplate
0x083E71E8	rom	sAffineAnim_MegahornHorn_0
0x083E71F8	rom	sAffineAnim_MegahornHorn_1
0x083E7208	rom	sAffineAnim_MegahornHorn_2
0x083E7218	rom	sAffineAnims_MegahornHorn
0x083E7224	rom	gMegahornHornSpriteTemplate
0x083E723C	rom	sAffineAnim_LeechLifeNeedle_0
0x083E724C	rom	sAffineAnim_LeechLifeNeedle_1
0x083E725C	rom	sAffineAnim_LeechLifeNeedle_2
0x083E726C	rom	sAffineAnims_LeechLifeNeedle
0x083E7278	rom	gLeechLifeNeedleSpriteTemplate
0x083E7290	rom	gWebThreadSpriteTemplate
0x083E72A8	rom	gStringWrapSpriteTemplate
0x083E72C0	rom	sAffineAnim_SpiderWeb
0x083E72D8	rom	sAffineAnims_SpiderWeb
0x083E72DC	rom	gSpiderWebSpriteTemplate
0x083E72F4	rom	gLinearStingerSpriteTemplate
0x083E730C	rom	gPinMissileSpriteTemplate
0x083E7324	rom	gIcicleSpearSpriteTemplate
0x083E733C	rom	sAffineAnim_TailGlowOrb
0x083E7374	rom	sAffineAnims_TailGlowOrb
0x083E7378	rom	gTailGlowOrbSpriteTemplate
0x083E7390	rom	sAnim_FlyingRock_0
0x083E7398	rom	sAnim_FlyingRock_1
0x083E73A0	rom	sAnim_FlyingRock_2
0x083E73A8	rom	sAnims_FlyingRock
0x083E73B4	rom	gFallingRockSpriteTemplate
0x083E73CC	rom	gRockFragmentSpriteTemplate
0x083E73E4	rom	gSwirlingDirtSpriteTemplate
0x083E73FC	rom	sAffineAnim_Whirlpool
0x083E741C	rom	sAffineAnims_Whirlpool
0x083E7420	rom	gWhirlpoolSpriteTemplate
0x083E7438	rom	gFireSpinSpriteTemplate
0x083E7450	rom	gFlyingSandCrescentSpriteTemplate
0x083E7468	rom	sFlyingSandSubsprites
0x083E7470	rom	sFlyingSandSubspriteTable
0x083E7478	rom	sAnim_Rock_Biggest
0x083E7480	rom	sAnim_Rock_Bigger
0x083E7488	rom	sAnim_Rock_Big
0x083E7490	rom	sAnim_Rock_Small
0x083E7498	rom	sAnim_Rock_Smaller
0x083E74A0	rom	sAnim_Rock_Smallest
0x083E74A8	rom	sAnims_BasicRock
0x083E74C0	rom	gAncientPowerRockSpriteTemplate
0x083E74D8	rom	gRolloutMudSpriteTemplate
0x083E74F0	rom	gRolloutRockSpriteTemplate
0x083E7508	rom	gRockTombRockSpriteTemplate
0x083E7520	rom	sAffineAnim_BasicRock_0
0x083E7530	rom	sAffineAnim_BasicRock_1
0x083E7540	rom	sAffineAnims_BasicRock
0x083E7548	rom	gRockBlastRockSpriteTemplate
0x083E7560	rom	gRockScatterSpriteTemplate
0x083E7578	rom	gTwisterRockSpriteTemplate
0x083E7590	rom	gWeatherBallRockDownSpriteTemplate
0x083E75A8	rom	sAffineAnim_ConfuseRayBallBounce
0x083E75C0	rom	sAffineAnims_ConfuseRayBallBounce
0x083E75C4	rom	gConfuseRayBallBounceSpriteTemplate
0x083E75DC	rom	gConfuseRayBallSpiralSpriteTemplate
0x083E75F4	rom	sAffineAnim_ShadowBall
0x083E7604	rom	sAffineAnims_ShadowBall
0x083E7608	rom	gShadowBallSpriteTemplate
0x083E7620	rom	sAnim_Lick
0x083E7638	rom	sAnims_Lick
0x083E763C	rom	gLickSpriteTemplate
0x083E7654	rom	sAffineAnim_Unused
0x083E7664	rom	sAffineAnims_Unused
0x083E7668	rom	gDestinyBondWhiteShadowSpriteTemplate
0x083E7680	rom	gCurseNailSpriteTemplate
0x083E7698	rom	gCurseGhostSpriteTemplate
0x083E76B0	rom	gNightmareDevilSpriteTemplate
0x083E76C8	rom	sAnim_GrudgeFlame
0x083E76DC	rom	sAnims_GrudgeFlame
0x083E76E0	rom	gGrudgeFlameSpriteTemplate
0x083E76F8	rom	sMonMoveCircularSpriteTemplate
0x083E7710	rom	sAnim_OutrageOverheatFire_0
0x083E7728	rom	sAnims_OutrageOverheatFire
0x083E772C	rom	gOutrageFlameSpriteTemplate
0x083E7744	rom	sAnim_DragonBreathFire_0
0x083E7754	rom	sAnim_DragonBreathFire_1
0x083E7764	rom	sAnims_DragonBreathFire
0x083E776C	rom	sAffineAnim_DragonBreathFire_0
0x083E7784	rom	sAffineAnim_DragonBreathFire_1
0x083E779C	rom	sAffineAnims_DragonBreathFire
0x083E77A4	rom	gDragonBreathFireSpriteTemplate
0x083E77BC	rom	sAnim_DragonRageFirePlume
0x083E77D4	rom	sAnims_DragonRageFirePlume
0x083E77D8	rom	gDragonRageFirePlumeSpriteTemplate
0x083E77F0	rom	sAnim_DragonRageFire
0x083E7800	rom	sAnims_DragonRageFire
0x083E7808	rom	sAffineAnim_DragonRageFire_0
0x083E7818	rom	sAffineAnim_DragonRageFire_1
0x083E7828	rom	sAffineAnims_DragonRageFire
0x083E7830	rom	gDragonRageFireSpitSpriteTemplate
0x083E7848	rom	gDragonDanceOrbSpriteTemplate
0x083E7860	rom	gOverheatFlameSpriteTemplate
0x083E7878	rom	sUnusedBagStealSpriteTemplate
0x083E7890	rom	sAffineAnim_Bite_0
0x083E78A0	rom	sAffineAnim_Bite_1
0x083E78B0	rom	sAffineAnim_Bite_2
0x083E78C0	rom	sAffineAnim_Bite_3
0x083E78D0	rom	sAffineAnim_Bite_4
0x083E78E0	rom	sAffineAnim_Bite_5
0x083E78F0	rom	sAffineAnim_Bite_6
0x083E7900	rom	sAffineAnim_Bite_7
0x083E7910	rom	gAffineAnims_Bite
0x083E7930	rom	gSharpTeethSpriteTemplate
0x083E7948	rom	gClampJawSpriteTemplate
0x083E7960	rom	sAffineAnim_TearDrop_0
0x083E7978	rom	sAffineAnim_TearDrop_1
0x083E7990	rom	sAffineAnims_TearDrop
0x083E7998	rom	gTearDropSpriteTemplate
0x083E79B0	rom	sAnim_ClawSlash_0
0x083E79C8	rom	sAnim_ClawSlash_1
0x083E79E0	rom	sAnims_ClawSlash
0x083E79E8	rom	gClawSlashSpriteTemplate
0x083E7A00	rom	sAffineAnim_Bonemerang
0x083E7A10	rom	sAffineAnim_SpinningBone
0x083E7A20	rom	sAffineAnims_Bonemerang
0x083E7A24	rom	sAffineAnims_SpinningBone
0x083E7A28	rom	gBonemerangSpriteTemplate
0x083E7A40	rom	gSpinningBoneSpriteTemplate
0x083E7A58	rom	gSandAttackDirtSpriteTemplate
0x083E7A70	rom	sAnim_MudSlapMud
0x083E7A78	rom	sAnims_MudSlapMud
0x083E7A7C	rom	gMudSlapMudSpriteTemplate
0x083E7A94	rom	gMudsportMudSpriteTemplate
0x083E7AAC	rom	gDirtPlumeSpriteTemplate
0x083E7AC4	rom	gDirtMoundSpriteTemplate
0x083E7ADC	rom	sAnim_ConfusionDuck_0
0x083E7AF0	rom	sAnim_ConfusionDuck_1
0x083E7B04	rom	sAnims_ConfusionDuck
0x083E7B0C	rom	gConfusionDuckSpriteTemplate
0x083E7B24	rom	gSimplePaletteBlendSpriteTemplate
0x083E7B3C	rom	gComplexPaletteBlendSpriteTemplate
0x083E7B54	rom	sAnim_CirclingSparkle
0x083E7B6C	rom	sAnims_CirclingSparkle
0x083E7B70	rom	sCirclingSparkleSpriteTemplate
0x083E7B88	rom	gShakeMonOrTerrainSpriteTemplate
0x083E7BA0	rom	sAffineAnim_HitSplat_0
0x083E7BB0	rom	sAffineAnim_HitSplat_1
0x083E7BC8	rom	sAffineAnim_HitSplat_2
0x083E7BE0	rom	sAffineAnim_HitSplat_3
0x083E7BF8	rom	sAffineAnims_HitSplat
0x083E7C08	rom	gBasicHitSplatSpriteTemplate
0x083E7C20	rom	gHandleInvertHitSplatSpriteTemplate
0x083E7C38	rom	gWaterHitSplatSpriteTemplate
0x083E7C50	rom	gRandomPosHitSplatSpriteTemplate
0x083E7C68	rom	gMonEdgeHitSplatSpriteTemplate
0x083E7C80	rom	gCrossImpactSpriteTemplate
0x083E7C98	rom	gFlashingHitSplatSpriteTemplate
0x083E7CB0	rom	gPersistHitSplatSpriteTemplate
0x083E7CC8	rom	sRgbWhite
0x083E7CCA	rom	gBattleAnimRegOffsBgCnt
0x083E7CCE	rom	gBattleIntroRegOffsBgCnt
0x083E7CD4	rom	sBattleIntroSlideFuncs
0x083E7CFC	rom	sBikeTransitions
0x083E7D10	rom	sBikeInputHandlers
0x083E7D22	rom	sAcroBikeJumpTimerList
0x083E7D24	rom	sAcroBikeTricksList
0x083E7D94	rom	sEasyChatGroup_Pokemon
0x083E7F28	rom	sEasyChatWord_IChooseYou
0x083E7F35	rom	sEasyChatWord_Gotcha
0x083E7F3C	rom	sEasyChatWord_Trade
0x083E7F42	rom	sEasyChatWord_Sapphire
0x083E7F4B	rom	sEasyChatWord_Evolve
0x083E7F52	rom	sEasyChatWord_Encyclopedia
0x083E7F5F	rom	sEasyChatWord_Nature
0x083E7F66	rom	sEasyChatWord_Center
0x083E7F6D	rom	sEasyChatWord_Egg
0x083E7F71	rom	sEasyChatWord_Link
0x083E7F76	rom	sEasyChatWord_SpAbility
0x083E7F82	rom	sEasyChatWord_Trainer
0x083E7F8A	rom	sEasyChatWord_Version
0x083E7F92	rom	sEasyChatWord_Pokenav
0x083E7F9A	rom	sEasyChatWord_Pokemon
0x083E7FA2	rom	sEasyChatWord_Get
0x083E7FA6	rom	sEasyChatWord_Pokedex
0x083E7FAE	rom	sEasyChatWord_Ruby
0x083E7FB3	rom	sEasyChatWord_Level
0x083E7FB9	rom	sEasyChatWord_Red
0x083E7FBD	rom	sEasyChatWord_Green
0x083E7FC3	rom	sEasyChatWord_Bag
0x083E7FC7	rom	sEasyChatWord_Flame
0x083E7FCD	rom	sEasyChatWord_Gold
0x083E7FD2	rom	sEasyChatWord_Leaf
0x083E7FD7	rom	sEasyChatWord_Silver
0x083E7FE0	rom	sEasyChatGroup_Trainer
0x083E8118	rom	sEasyChatWord_Dark
0x083E811D	rom	sEasyChatWord_Stench
0x083E8124	rom	sEasyChatWord_ThickFat
0x083E812E	rom	sEasyChatWord_RainDish
0x083E8138	rom	sEasyChatWord_Drizzle
0x083E8140	rom	sEasyChatWord_ArenaTrap
0x083E814B	rom	sEasyChatWord_Intimidate
0x083E8156	rom	sEasyChatWord_RockHead
0x083E8160	rom	sEasyChatWord_Color
0x083E8166	rom	sEasyChatWord_AltColor
0x083E8171	rom	sEasyChatWord_Rock
0x083E8176	rom	sEasyChatWord_Beautiful
0x083E8180	rom	sEasyChatWord_Beauty
0x083E8187	rom	sEasyChatWord_AirLock
0x083E8190	rom	sEasyChatWord_Psychic
0x083E8198	rom	sEasyChatWord_HyperCutter
0x083E81A5	rom	sEasyChatWord_Fighting
0x083E81AE	rom	sEasyChatWord_ShadowTag
0x083E81B9	rom	sEasyChatWord_Smart
0x083E81BF	rom	sEasyChatWord_Smartness
0x083E81C9	rom	sEasyChatWord_SpeedBoost
0x083E81D5	rom	sEasyChatWord_Cool
0x083E81DA	rom	sEasyChatWord_Coolness
0x083E81E3	rom	sEasyChatWord_BattleArmor
0x083E81F0	rom	sEasyChatWord_Cute
0x083E81F5	rom	sEasyChatWord_Cuteness
0x083E81FE	rom	sEasyChatWord_Sturdy
0x083E8205	rom	sEasyChatWord_SuctionCups
0x083E8212	rom	sEasyChatWord_Grass
0x083E8218	rom	sEasyChatWord_ClearBody
0x083E8223	rom	sEasyChatWord_Torrent
0x083E822B	rom	sEasyChatWord_Ghost
0x083E8231	rom	sEasyChatWord_Ice
0x083E8235	rom	sEasyChatWord_Guts
0x083E823A	rom	sEasyChatWord_RoughSkin
0x083E8245	rom	sEasyChatWord_ShellArmor
0x083E8251	rom	sEasyChatWord_NaturalCure
0x083E825E	rom	sEasyChatWord_Damp
0x083E8263	rom	sEasyChatWord_Ground
0x083E826A	rom	sEasyChatWord_Limber
0x083E8271	rom	sEasyChatWord_MagnetPull
0x083E827D	rom	sEasyChatWord_WhiteSmoke
0x083E8289	rom	sEasyChatWord_Synchronize
0x083E8295	rom	sEasyChatWord_Overgrow
0x083E829E	rom	sEasyChatWord_SwiftSwim
0x083E82A9	rom	sEasyChatWord_SandStream
0x083E82B5	rom	sEasyChatWord_SandVeil
0x083E82BF	rom	sEasyChatWord_KeenEye
0x083E82C8	rom	sEasyChatWord_InnerFocus
0x083E82D4	rom	sEasyChatWord_Static
0x083E82DB	rom	sEasyChatWord_Type
0x083E82E0	rom	sEasyChatWord_Tough
0x083E82E6	rom	sEasyChatWord_Toughness
0x083E82F0	rom	sEasyChatWord_ShedSkin
0x083E82FA	rom	sEasyChatWord_HugePower
0x083E8305	rom	sEasyChatWord_VoltAbsorb
0x083E8311	rom	sEasyChatWord_WaterAbsorb
0x083E831E	rom	sEasyChatWord_Electric
0x083E8327	rom	sEasyChatWord_Forecast
0x083E8330	rom	sEasyChatWord_SereneGrace
0x083E833D	rom	sEasyChatWord_Poison
0x083E8344	rom	sEasyChatWord_PoisonPoint
0x083E8351	rom	sEasyChatWord_Dragon
0x083E8358	rom	sEasyChatWord_Trace
0x083E835E	rom	sEasyChatWord_Oblivious
0x083E8368	rom	sEasyChatWord_Truant
0x083E836F	rom	sEasyChatWord_RunAway
0x083E8378	rom	sEasyChatWord_StickyHold
0x083E8384	rom	sEasyChatWord_CloudNine
0x083E838F	rom	sEasyChatWord_Normal
0x083E8396	rom	sEasyChatWord_Steel
0x083E839C	rom	sEasyChatWord_Illuminate
0x083E83A7	rom	sEasyChatWord_EarlyBird
0x083E83B2	rom	sEasyChatWord_Hustle
0x083E83B9	rom	sEasyChatWord_Shine
0x083E83BF	rom	sEasyChatWord_Flying
0x083E83C6	rom	sEasyChatWord_Drought
0x083E83CE	rom	sEasyChatWord_Lightningrod
0x083E83DB	rom	sEasyChatWord_Compoundeyes
0x083E83E8	rom	sEasyChatWord_MarvelScale
0x083E83F5	rom	sEasyChatWord_WonderGuard
0x083E8402	rom	sEasyChatWord_Insomnia
0x083E840B	rom	sEasyChatWord_Levitate
0x083E8414	rom	sEasyChatWord_Plus
0x083E8419	rom	sEasyChatWord_Pressure
0x083E8422	rom	sEasyChatWord_LiquidOoze
0x083E842E	rom	sEasyChatWord_ColorChange
0x083E843B	rom	sEasyChatWord_Soundproof
0x083E8446	rom	sEasyChatWord_EffectSpore
0x083E8453	rom	sEasyChatWord_Pkrs
0x083E8457	rom	sEasyChatWord_Fire
0x083E845C	rom	sEasyChatWord_FlameBody
0x083E8467	rom	sEasyChatWord_Minus
0x083E846D	rom	sEasyChatWord_OwnTempo
0x083E8477	rom	sEasyChatWord_MagmaArmor
0x083E8483	rom	sEasyChatWord_Water
0x083E8489	rom	sEasyChatWord_WaterVeil
0x083E8494	rom	sEasyChatWord_Bug
0x083E8498	rom	sEasyChatWord_Swarm
0x083E849E	rom	sEasyChatWord_CuteCharm
0x083E84A9	rom	sEasyChatWord_Immunity
0x083E84B2	rom	sEasyChatWord_Blaze
0x083E84B8	rom	sEasyChatWord_Pickup
0x083E84BF	rom	sEasyChatWord_Pattern
0x083E84C7	rom	sEasyChatWord_FlashFire
0x083E84D2	rom	sEasyChatWord_VitalSpirit
0x083E84DF	rom	sEasyChatWord_Chlorophyll
0x083E84EB	rom	sEasyChatWord_PurePower
0x083E84F6	rom	sEasyChatWord_ShieldDust
0x083E8504	rom	sEasyChatGroup_Status
0x083E8A20	rom	sEasyChatWord_MatchUp
0x083E8A29	rom	sEasyChatWord_Go
0x083E8A2C	rom	sEasyChatWord_No1
0x083E8A32	rom	sEasyChatWord_Decide
0x083E8A39	rom	sEasyChatWord_LetMeWin
0x083E8A44	rom	sEasyChatWord_Wins
0x083E8A49	rom	sEasyChatWord_Win
0x083E8A4D	rom	sEasyChatWord_Won
0x083E8A51	rom	sEasyChatWord_IfIWin
0x083E8A5A	rom	sEasyChatWord_WhenIWin
0x083E8A65	rom	sEasyChatWord_CantWin
0x083E8A6F	rom	sEasyChatWord_CanWin
0x083E8A77	rom	sEasyChatWord_NoMatch
0x083E8A80	rom	sEasyChatWord_Spirit
0x083E8A87	rom	sEasyChatWord_Decided
0x083E8A8F	rom	sEasyChatWord_TrumpCard
0x083E8A9A	rom	sEasyChatWord_TakeThat
0x083E8AA4	rom	sEasyChatWord_ComeOn
0x083E8AAC	rom	sEasyChatWord_Attack
0x083E8AB3	rom	sEasyChatWord_Surrender
0x083E8ABD	rom	sEasyChatWord_Gutsy
0x083E8AC3	rom	sEasyChatWord_Talent
0x083E8ACA	rom	sEasyChatWord_Strategy
0x083E8AD3	rom	sEasyChatWord_Smite
0x083E8AD9	rom	sEasyChatWord_Match
0x083E8ADF	rom	sEasyChatWord_Victory
0x083E8AE7	rom	sEasyChatWord_Offensive
0x083E8AF1	rom	sEasyChatWord_Sense
0x083E8AF7	rom	sEasyChatWord_Versus
0x083E8AFE	rom	sEasyChatWord_Fights
0x083E8B05	rom	sEasyChatWord_Power
0x083E8B0B	rom	sEasyChatWord_Challenge
0x083E8B15	rom	sEasyChatWord_Strong
0x083E8B1C	rom	sEasyChatWord_TooStrong
0x083E8B27	rom	sEasyChatWord_GoEasy
0x083E8B2F	rom	sEasyChatWord_Foe
0x083E8B33	rom	sEasyChatWord_Genius
0x083E8B3A	rom	sEasyChatWord_Legend
0x083E8B41	rom	sEasyChatWord_Escape
0x083E8B48	rom	sEasyChatWord_Aim
0x083E8B4C	rom	sEasyChatWord_Battle
0x083E8B53	rom	sEasyChatWord_Fight
0x083E8B59	rom	sEasyChatWord_Resuscitate
0x083E8B65	rom	sEasyChatWord_Points
0x083E8B6C	rom	sEasyChatWord_Serious
0x083E8B74	rom	sEasyChatWord_GiveUp
0x083E8B7C	rom	sEasyChatWord_Loss
0x083E8B81	rom	sEasyChatWord_IfILose
0x083E8B8B	rom	sEasyChatWord_Lost
0x083E8B90	rom	sEasyChatWord_Lose
0x083E8B95	rom	sEasyChatWord_Guard
0x083E8B9B	rom	sEasyChatWord_Partner
0x083E8BA3	rom	sEasyChatWord_Reject
0x083E8BAA	rom	sEasyChatWord_Accept
0x083E8BB1	rom	sEasyChatWord_Invincible
0x083E8BBC	rom	sEasyChatWord_Received
0x083E8BC5	rom	sEasyChatWord_Easy
0x083E8BCA	rom	sEasyChatWord_Weak
0x083E8BCF	rom	sEasyChatWord_TooWeak
0x083E8BD8	rom	sEasyChatWord_Pushover
0x083E8BE1	rom	sEasyChatWord_Leader
0x083E8BE8	rom	sEasyChatWord_Rule
0x083E8BED	rom	sEasyChatWord_Move
0x083E8BF4	rom	sEasyChatGroup_Battle
0x083E8EE8	rom	sEasyChatWord_Thanks
0x083E8EEF	rom	sEasyChatWord_Yes
0x083E8EF3	rom	sEasyChatWord_HereGoes
0x083E8EFD	rom	sEasyChatWord_HereICome
0x083E8F09	rom	sEasyChatWord_HereItIs
0x083E8F14	rom	sEasyChatWord_Yeah
0x083E8F19	rom	sEasyChatWord_Welcome
0x083E8F21	rom	sEasyChatWord_Oi
0x083E8F24	rom	sEasyChatWord_HowDo
0x083E8F2B	rom	sEasyChatWord_Congrats
0x083E8F34	rom	sEasyChatWord_GiveMe
0x083E8F3C	rom	sEasyChatWord_Sorry
0x083E8F42	rom	sEasyChatWord_Apologize
0x083E8F4C	rom	sEasyChatWord_Forgive
0x083E8F54	rom	sEasyChatWord_HeyThere
0x083E8F5F	rom	sEasyChatWord_Hello
0x083E8F65	rom	sEasyChatWord_GoodBye
0x083E8F6E	rom	sEasyChatWord_ThankYou
0x083E8F78	rom	sEasyChatWord_IveArrived
0x083E8F85	rom	sEasyChatWord_Pardon
0x083E8F8C	rom	sEasyChatWord_Excuse
0x083E8F93	rom	sEasyChatWord_SeeYa
0x083E8F9A	rom	sEasyChatWord_ExcuseMe
0x083E8FA4	rom	sEasyChatWord_WellThen
0x083E8FAF	rom	sEasyChatWord_GoAhead
0x083E8FB8	rom	sEasyChatWord_Appreciate
0x083E8FC3	rom	sEasyChatWord_HeyQues
0x083E8FC8	rom	sEasyChatWord_WhatsUpQues
0x083E8FD3	rom	sEasyChatWord_HuhQues
0x083E8FD8	rom	sEasyChatWord_No
0x083E8FDB	rom	sEasyChatWord_Hi
0x083E8FDE	rom	sEasyChatWord_YeahYeah
0x083E8FE9	rom	sEasyChatWord_ByeBye
0x083E8FF1	rom	sEasyChatWord_MeetYou
0x083E8FFA	rom	sEasyChatWord_Hey
0x083E8FFE	rom	sEasyChatWord_Smell
0x083E9004	rom	sEasyChatWord_Listening
0x083E900E	rom	sEasyChatWord_HooHah
0x083E9016	rom	sEasyChatWord_Yahoo
0x083E901C	rom	sEasyChatWord_Yo
0x083E901F	rom	sEasyChatWord_ComeOver
0x083E9029	rom	sEasyChatWord_CountOn
0x083E9034	rom	sEasyChatGroup_Greetings
0x083E922C	rom	sEasyChatWord_Opponent
0x083E9235	rom	sEasyChatWord_I
0x083E9237	rom	sEasyChatWord_You
0x083E923B	rom	sEasyChatWord_Yours
0x083E9241	rom	sEasyChatWord_Son
0x083E9245	rom	sEasyChatWord_Your
0x083E924A	rom	sEasyChatWord_Youre
0x083E9251	rom	sEasyChatWord_Youve
0x083E9258	rom	sEasyChatWord_Mother
0x083E925F	rom	sEasyChatWord_Grandfather
0x083E926B	rom	sEasyChatWord_Uncle
0x083E9271	rom	sEasyChatWord_Father
0x083E9278	rom	sEasyChatWord_Boy
0x083E927C	rom	sEasyChatWord_Adult
0x083E9282	rom	sEasyChatWord_Brother
0x083E928A	rom	sEasyChatWord_Sister
0x083E9291	rom	sEasyChatWord_Grandmother
0x083E929D	rom	sEasyChatWord_Aunt
0x083E92A2	rom	sEasyChatWord_Parent
0x083E92A9	rom	sEasyChatWord_Man
0x083E92AD	rom	sEasyChatWord_Me
0x083E92B0	rom	sEasyChatWord_Girl
0x083E92B5	rom	sEasyChatWord_Babe
0x083E92BA	rom	sEasyChatWord_Family
0x083E92C1	rom	sEasyChatWord_Her
0x083E92C5	rom	sEasyChatWord_Him
0x083E92C9	rom	sEasyChatWord_He
0x083E92CC	rom	sEasyChatWord_Place
0x083E92D2	rom	sEasyChatWord_Daughter
0x083E92DB	rom	sEasyChatWord_His
0x083E92DF	rom	sEasyChatWord_Hes
0x083E92E4	rom	sEasyChatWord_Arent
0x083E92EB	rom	sEasyChatWord_Siblings
0x083E92F4	rom	sEasyChatWord_Kid
0x083E92F8	rom	sEasyChatWord_Children
0x083E9301	rom	sEasyChatWord_Mr
0x083E9305	rom	sEasyChatWord_Mrs
0x083E930A	rom	sEasyChatWord_Myself
0x083E9311	rom	sEasyChatWord_IWas
0x083E9317	rom	sEasyChatWord_ToMe
0x083E931D	rom	sEasyChatWord_My
0x083E9320	rom	sEasyChatWord_IAm
0x083E9325	rom	sEasyChatWord_Ive
0x083E932A	rom	sEasyChatWord_Who
0x083E932E	rom	sEasyChatWord_Someone
0x083E9336	rom	sEasyChatWord_WhoWas
0x083E933E	rom	sEasyChatWord_ToWhom
0x083E9346	rom	sEasyChatWord_Whose
0x083E934C	rom	sEasyChatWord_WhoIs
0x083E9353	rom	sEasyChatWord_Its
0x083E9358	rom	sEasyChatWord_Lady
0x083E935D	rom	sEasyChatWord_Friend
0x083E9364	rom	sEasyChatWord_Ally
0x083E9369	rom	sEasyChatWord_Person
0x083E9370	rom	sEasyChatWord_Dude
0x083E9375	rom	sEasyChatWord_They
0x083E937A	rom	sEasyChatWord_TheyWere
0x083E9384	rom	sEasyChatWord_ToThem
0x083E938C	rom	sEasyChatWord_Their
0x083E9392	rom	sEasyChatWord_Theyre
0x083E939A	rom	sEasyChatWord_Theyve
0x083E93A2	rom	sEasyChatWord_We
0x083E93A5	rom	sEasyChatWord_Been
0x083E93AA	rom	sEasyChatWord_ToUs
0x083E93B0	rom	sEasyChatWord_Our
0x083E93B4	rom	sEasyChatWord_WeAre
0x083E93BA	rom	sEasyChatWord_Rival
0x083E93C0	rom	sEasyChatWord_Weve
0x083E93C6	rom	sEasyChatWord_Woman
0x083E93CC	rom	sEasyChatWord_She
0x083E93D0	rom	sEasyChatWord_SheWas
0x083E93D8	rom	sEasyChatWord_ToHer
0x083E93DF	rom	sEasyChatWord_Hers
0x083E93E4	rom	sEasyChatWord_SheIs
0x083E93EB	rom	sEasyChatWord_Some
0x083E93F0	rom	sEasyChatGroup_People
0x083E9774	rom	sEasyChatWord_Excl
0x083E9776	rom	sEasyChatWord_ExclExcl
0x083E9779	rom	sEasyChatWord_QuesExcl
0x083E977C	rom	sEasyChatWord_Ques
0x083E977E	rom	sEasyChatWord_Ellipsis
0x083E9780	rom	sEasyChatWord_EllipsisExcl
0x083E9783	rom	sEasyChatWord_EllipsisEllipsisEllipsis
0x083E9787	rom	sEasyChatWord_Dash
0x083E9789	rom	sEasyChatWord_DashDashDash
0x083E978F	rom	sEasyChatWord_UhOh
0x083E9795	rom	sEasyChatWord_Waaah
0x083E979B	rom	sEasyChatWord_Ahaha
0x083E97A1	rom	sEasyChatWord_OhQues
0x083E97A5	rom	sEasyChatWord_Nope
0x083E97AA	rom	sEasyChatWord_Urgh
0x083E97AF	rom	sEasyChatWord_Hmm
0x083E97B3	rom	sEasyChatWord_Whoah
0x083E97B9	rom	sEasyChatWord_WroooaarExcl
0x083E97C3	rom	sEasyChatWord_Wow
0x083E97C7	rom	sEasyChatWord_Giggle
0x083E97CE	rom	sEasyChatWord_Sigh
0x083E97D3	rom	sEasyChatWord_Unbelievable
0x083E97E0	rom	sEasyChatWord_Cries
0x083E97E6	rom	sEasyChatWord_Agree
0x083E97EC	rom	sEasyChatWord_EhQues
0x083E97F0	rom	sEasyChatWord_Cry
0x083E97F4	rom	sEasyChatWord_Ehehe
0x083E97FA	rom	sEasyChatWord_OiOiOi
0x083E9805	rom	sEasyChatWord_OhYeah
0x083E980E	rom	sEasyChatWord_Oh
0x083E9811	rom	sEasyChatWord_Oops
0x083E9816	rom	sEasyChatWord_Shocked
0x083E981E	rom	sEasyChatWord_Eek
0x083E9822	rom	sEasyChatWord_Graaah
0x083E9829	rom	sEasyChatWord_Gwahahaha
0x083E9833	rom	sEasyChatWord_Way
0x083E9837	rom	sEasyChatWord_Tch
0x083E983B	rom	sEasyChatWord_Hehe
0x083E9840	rom	sEasyChatWord_Hah
0x083E9844	rom	sEasyChatWord_Yup
0x083E9848	rom	sEasyChatWord_Hahaha
0x083E984F	rom	sEasyChatWord_Aiyeeh
0x083E9856	rom	sEasyChatWord_Hiyah
0x083E985C	rom	sEasyChatWord_Fufufu
0x083E9863	rom	sEasyChatWord_Lol
0x083E9867	rom	sEasyChatWord_Snort
0x083E986D	rom	sEasyChatWord_Humph
0x083E9873	rom	sEasyChatWord_Hehehe
0x083E987A	rom	sEasyChatWord_Heh
0x083E987E	rom	sEasyChatWord_Hohoho
0x083E9885	rom	sEasyChatWord_UhHuh
0x083E988C	rom	sEasyChatWord_OhDear
0x083E9895	rom	sEasyChatWord_Arrgh
0x083E989B	rom	sEasyChatWord_Mufufu
0x083E98A2	rom	sEasyChatWord_Mmm
0x083E98A6	rom	sEasyChatWord_OhKay
0x083E98AD	rom	sEasyChatWord_Okay
0x083E98B2	rom	sEasyChatWord_Lalala
0x083E98B9	rom	sEasyChatWord_Yay
0x083E98BD	rom	sEasyChatWord_Aww
0x083E98C1	rom	sEasyChatWord_Wowee
0x083E98C7	rom	sEasyChatWord_Gwah
0x083E98CC	rom	sEasyChatWord_Wahahaha
0x083E98D8	rom	sEasyChatGroup_Voices
0x083E9BCC	rom	sEasyChatWord_Listen
0x083E9BD3	rom	sEasyChatWord_NotVery
0x083E9BDC	rom	sEasyChatWord_Mean
0x083E9BE1	rom	sEasyChatWord_Lie
0x083E9BE5	rom	sEasyChatWord_Lay
0x083E9BE9	rom	sEasyChatWord_Recommend
0x083E9BF3	rom	sEasyChatWord_Nitwit
0x083E9BFA	rom	sEasyChatWord_Quite
0x083E9C00	rom	sEasyChatWord_From
0x083E9C05	rom	sEasyChatWord_Feeling
0x083E9C0D	rom	sEasyChatWord_But
0x083E9C11	rom	sEasyChatWord_However
0x083E9C19	rom	sEasyChatWord_Case
0x083E9C1E	rom	sEasyChatWord_The
0x083E9C22	rom	sEasyChatWord_Miss
0x083E9C27	rom	sEasyChatWord_How
0x083E9C2B	rom	sEasyChatWord_Hit
0x083E9C2F	rom	sEasyChatWord_Enough
0x083E9C36	rom	sEasyChatWord_ALot
0x083E9C3C	rom	sEasyChatWord_ALittle
0x083E9C45	rom	sEasyChatWord_Absolutely
0x083E9C50	rom	sEasyChatWord_And
0x083E9C54	rom	sEasyChatWord_Only
0x083E9C59	rom	sEasyChatWord_Around
0x083E9C60	rom	sEasyChatWord_Probably
0x083E9C69	rom	sEasyChatWord_If
0x083E9C6C	rom	sEasyChatWord_Very
0x083E9C71	rom	sEasyChatWord_ATinyBit
0x083E9C7C	rom	sEasyChatWord_Wild
0x083E9C81	rom	sEasyChatWord_Thats
0x083E9C88	rom	sEasyChatWord_Just
0x083E9C8D	rom	sEasyChatWord_EvenSo
0x083E9C96	rom	sEasyChatWord_MustBe
0x083E9C9E	rom	sEasyChatWord_Naturally
0x083E9CA8	rom	sEasyChatWord_ForNow
0x083E9CB1	rom	sEasyChatWord_Understood
0x083E9CBC	rom	sEasyChatWord_Joking
0x083E9CC3	rom	sEasyChatWord_Ready
0x083E9CC9	rom	sEasyChatWord_Something
0x083E9CD3	rom	sEasyChatWord_Somehow
0x083E9CDB	rom	sEasyChatWord_Although
0x083E9CE4	rom	sEasyChatWord_Also
0x083E9CE9	rom	sEasyChatWord_Perfect
0x083E9CF1	rom	sEasyChatWord_AsMuchAs
0x083E9CFC	rom	sEasyChatWord_Really
0x083E9D03	rom	sEasyChatWord_Truly
0x083E9D09	rom	sEasyChatWord_Seriously
0x083E9D13	rom	sEasyChatWord_Totally
0x083E9D1B	rom	sEasyChatWord_Until
0x083E9D21	rom	sEasyChatWord_AsIf
0x083E9D27	rom	sEasyChatWord_Mood
0x083E9D2C	rom	sEasyChatWord_Rather
0x083E9D33	rom	sEasyChatWord_Awfully
0x083E9D3B	rom	sEasyChatWord_Mode
0x083E9D40	rom	sEasyChatWord_More
0x083E9D45	rom	sEasyChatWord_TooLate
0x083E9D4E	rom	sEasyChatWord_Finally
0x083E9D56	rom	sEasyChatWord_Any
0x083E9D5A	rom	sEasyChatWord_Instead
0x083E9D62	rom	sEasyChatWord_Fantastic
0x083E9D6C	rom	sEasyChatGroup_Speech
0x083EA03C	rom	sEasyChatWord_Will
0x083EA041	rom	sEasyChatWord_WillBeHere
0x083EA04E	rom	sEasyChatWord_Or
0x083EA051	rom	sEasyChatWord_Times
0x083EA057	rom	sEasyChatWord_Wonder
0x083EA05E	rom	sEasyChatWord_IsItQues
0x083EA065	rom	sEasyChatWord_Be
0x083EA068	rom	sEasyChatWord_Gimme
0x083EA06E	rom	sEasyChatWord_Could
0x083EA074	rom	sEasyChatWord_LikelyTo
0x083EA07E	rom	sEasyChatWord_Would
0x083EA084	rom	sEasyChatWord_Is
0x083EA087	rom	sEasyChatWord_IsntItQues
0x083EA091	rom	sEasyChatWord_Lets
0x083EA097	rom	sEasyChatWord_Other
0x083EA09D	rom	sEasyChatWord_Are
0x083EA0A1	rom	sEasyChatWord_Was
0x083EA0A5	rom	sEasyChatWord_Were
0x083EA0AA	rom	sEasyChatWord_Those
0x083EA0B0	rom	sEasyChatWord_Isnt
0x083EA0B6	rom	sEasyChatWord_Wont
0x083EA0BC	rom	sEasyChatWord_Cant
0x083EA0C2	rom	sEasyChatWord_Can
0x083EA0C6	rom	sEasyChatWord_Dont
0x083EA0CC	rom	sEasyChatWord_Do
0x083EA0CF	rom	sEasyChatWord_Does
0x083EA0D4	rom	sEasyChatWord_Whom
0x083EA0D9	rom	sEasyChatWord_Which
0x083EA0DF	rom	sEasyChatWord_Wasnt
0x083EA0E6	rom	sEasyChatWord_Werent
0x083EA0EE	rom	sEasyChatWord_Have
0x083EA0F3	rom	sEasyChatWord_Havent
0x083EA0FB	rom	sEasyChatWord_A
0x083EA0FD	rom	sEasyChatWord_An
0x083EA100	rom	sEasyChatWord_Not
0x083EA104	rom	sEasyChatWord_There
0x083EA10A	rom	sEasyChatWord_OkQues
0x083EA10E	rom	sEasyChatWord_So
0x083EA111	rom	sEasyChatWord_Maybe
0x083EA117	rom	sEasyChatWord_About
0x083EA11D	rom	sEasyChatWord_Over
0x083EA122	rom	sEasyChatWord_It
0x083EA125	rom	sEasyChatWord_All
0x083EA129	rom	sEasyChatWord_For
0x083EA12D	rom	sEasyChatWord_On
0x083EA130	rom	sEasyChatWord_Off
0x083EA134	rom	sEasyChatWord_As
0x083EA137	rom	sEasyChatWord_To
0x083EA13A	rom	sEasyChatWord_With
0x083EA13F	rom	sEasyChatWord_Better
0x083EA146	rom	sEasyChatWord_Ever
0x083EA14B	rom	sEasyChatWord_Since
0x083EA151	rom	sEasyChatWord_Of
0x083EA154	rom	sEasyChatWord_BelongsTo
0x083EA15F	rom	sEasyChatWord_At
0x083EA162	rom	sEasyChatWord_In
0x083EA165	rom	sEasyChatWord_Out
0x083EA169	rom	sEasyChatWord_Too
0x083EA16D	rom	sEasyChatWord_Like
0x083EA172	rom	sEasyChatWord_Did
0x083EA176	rom	sEasyChatWord_Didnt
0x083EA17D	rom	sEasyChatWord_Doesnt
0x083EA185	rom	sEasyChatWord_Without
0x083EA18D	rom	sEasyChatWord_After
0x083EA193	rom	sEasyChatWord_Before
0x083EA19A	rom	sEasyChatWord_While
0x083EA1A0	rom	sEasyChatWord_Than
0x083EA1A5	rom	sEasyChatWord_Once
0x083EA1AA	rom	sEasyChatWord_Anywhere
0x083EA1B4	rom	sEasyChatGroup_Endings
0x083EA4F0	rom	sEasyChatWord_Meet
0x083EA4F5	rom	sEasyChatWord_Play
0x083EA4FA	rom	sEasyChatWord_Hurried
0x083EA502	rom	sEasyChatWord_Goes
0x083EA507	rom	sEasyChatWord_Giddy
0x083EA50D	rom	sEasyChatWord_Happy
0x083EA513	rom	sEasyChatWord_Happiness
0x083EA51D	rom	sEasyChatWord_Excite
0x083EA524	rom	sEasyChatWord_Important
0x083EA52E	rom	sEasyChatWord_Funny
0x083EA534	rom	sEasyChatWord_Got
0x083EA538	rom	sEasyChatWord_GoHome
0x083EA540	rom	sEasyChatWord_Disappointed
0x083EA54D	rom	sEasyChatWord_Disappoints
0x083EA559	rom	sEasyChatWord_Sad
0x083EA55D	rom	sEasyChatWord_Try
0x083EA561	rom	sEasyChatWord_Tries
0x083EA567	rom	sEasyChatWord_Hears
0x083EA56D	rom	sEasyChatWord_Think
0x083EA573	rom	sEasyChatWord_Hear
0x083EA578	rom	sEasyChatWord_Wants
0x083EA57E	rom	sEasyChatWord_Misheard
0x083EA587	rom	sEasyChatWord_Dislike
0x083EA58F	rom	sEasyChatWord_Angry
0x083EA595	rom	sEasyChatWord_Anger
0x083EA59B	rom	sEasyChatWord_Scary
0x083EA5A1	rom	sEasyChatWord_Lonesome
0x083EA5AA	rom	sEasyChatWord_Disappoint
0x083EA5B5	rom	sEasyChatWord_Joy
0x083EA5B9	rom	sEasyChatWord_Gets
0x083EA5BE	rom	sEasyChatWord_Never
0x083EA5C4	rom	sEasyChatWord_Darn
0x083EA5C9	rom	sEasyChatWord_Downcast
0x083EA5D2	rom	sEasyChatWord_Incredible
0x083EA5DD	rom	sEasyChatWord_Likes
0x083EA5E3	rom	sEasyChatWord_Dislikes
0x083EA5EC	rom	sEasyChatWord_Boring
0x083EA5F3	rom	sEasyChatWord_Care
0x083EA5F8	rom	sEasyChatWord_Cares
0x083EA5FE	rom	sEasyChatWord_AllRight
0x083EA608	rom	sEasyChatWord_Adore
0x083EA60E	rom	sEasyChatWord_Disaster
0x083EA617	rom	sEasyChatWord_Enjoy
0x083EA61D	rom	sEasyChatWord_Enjoys
0x083EA624	rom	sEasyChatWord_Eat
0x083EA628	rom	sEasyChatWord_Lacking
0x083EA630	rom	sEasyChatWord_Bad
0x083EA634	rom	sEasyChatWord_Hard
0x083EA639	rom	sEasyChatWord_Terrible
0x083EA642	rom	sEasyChatWord_Should
0x083EA649	rom	sEasyChatWord_Nice
0x083EA64E	rom	sEasyChatWord_Drink
0x083EA654	rom	sEasyChatWord_Surprise
0x083EA65D	rom	sEasyChatWord_Fear
0x083EA662	rom	sEasyChatWord_Want
0x083EA667	rom	sEasyChatWord_Wait
0x083EA66C	rom	sEasyChatWord_Satisfied
0x083EA676	rom	sEasyChatWord_See
0x083EA67A	rom	sEasyChatWord_Rare
0x083EA67F	rom	sEasyChatWord_Negative
0x083EA688	rom	sEasyChatWord_Done
0x083EA68D	rom	sEasyChatWord_Danger
0x083EA694	rom	sEasyChatWord_Defeated
0x083EA69D	rom	sEasyChatWord_Beat
0x083EA6A2	rom	sEasyChatWord_Great
0x083EA6A8	rom	sEasyChatWord_Romantic
0x083EA6B1	rom	sEasyChatWord_Question
0x083EA6BA	rom	sEasyChatWord_Understand
0x083EA6C5	rom	sEasyChatWord_Understands
0x083EA6D4	rom	sEasyChatGroup_Feelings
0x083EAA10	rom	sEasyChatWord_Hot
0x083EAA14	rom	sEasyChatWord_Exists
0x083EAA1B	rom	sEasyChatWord_Excess
0x083EAA22	rom	sEasyChatWord_Approved
0x083EAA2B	rom	sEasyChatWord_Has
0x083EAA2F	rom	sEasyChatWord_Good
0x083EAA34	rom	sEasyChatWord_Less
0x083EAA39	rom	sEasyChatWord_Momentum
0x083EAA42	rom	sEasyChatWord_Going
0x083EAA48	rom	sEasyChatWord_Weird
0x083EAA4E	rom	sEasyChatWord_Busy
0x083EAA53	rom	sEasyChatWord_Together
0x083EAA5C	rom	sEasyChatWord_Full
0x083EAA61	rom	sEasyChatWord_Absent
0x083EAA68	rom	sEasyChatWord_Being
0x083EAA6E	rom	sEasyChatWord_Need
0x083EAA73	rom	sEasyChatWord_Tasty
0x083EAA79	rom	sEasyChatWord_Skilled
0x083EAA81	rom	sEasyChatWord_Noisy
0x083EAA87	rom	sEasyChatWord_Big
0x083EAA8B	rom	sEasyChatWord_Late
0x083EAA90	rom	sEasyChatWord_Close
0x083EAA96	rom	sEasyChatWord_Docile
0x083EAA9D	rom	sEasyChatWord_Amusing
0x083EAAA5	rom	sEasyChatWord_Entertaining
0x083EAAB2	rom	sEasyChatWord_Perfection
0x083EAABD	rom	sEasyChatWord_Pretty
0x083EAAC4	rom	sEasyChatWord_Healthy
0x083EAACC	rom	sEasyChatWord_Excellent
0x083EAAD6	rom	sEasyChatWord_UpsideDown
0x083EAAE2	rom	sEasyChatWord_Cold
0x083EAAE7	rom	sEasyChatWord_Refreshing
0x083EAAF2	rom	sEasyChatWord_Unavoidable
0x083EAAFE	rom	sEasyChatWord_Much
0x083EAB03	rom	sEasyChatWord_Overwhelming
0x083EAB10	rom	sEasyChatWord_Fabulous
0x083EAB19	rom	sEasyChatWord_Else
0x083EAB1E	rom	sEasyChatWord_Expensive
0x083EAB28	rom	sEasyChatWord_Correct
0x083EAB30	rom	sEasyChatWord_Impossible
0x083EAB3B	rom	sEasyChatWord_Small
0x083EAB41	rom	sEasyChatWord_Different
0x083EAB4B	rom	sEasyChatWord_Tired
0x083EAB51	rom	sEasyChatWord_Skill
0x083EAB57	rom	sEasyChatWord_Top
0x083EAB5B	rom	sEasyChatWord_NonStop
0x083EAB64	rom	sEasyChatWord_Preposterous
0x083EAB71	rom	sEasyChatWord_None
0x083EAB76	rom	sEasyChatWord_Nothing
0x083EAB7E	rom	sEasyChatWord_Natural
0x083EAB86	rom	sEasyChatWord_Becomes
0x083EAB8E	rom	sEasyChatWord_Lukewarm
0x083EAB97	rom	sEasyChatWord_Fast
0x083EAB9C	rom	sEasyChatWord_Low
0x083EABA0	rom	sEasyChatWord_Awful
0x083EABA6	rom	sEasyChatWord_Alone
0x083EABAC	rom	sEasyChatWord_Bored
0x083EABB2	rom	sEasyChatWord_Secret
0x083EABB9	rom	sEasyChatWord_Mystery
0x083EABC1	rom	sEasyChatWord_Lacks
0x083EABC7	rom	sEasyChatWord_Best
0x083EABCC	rom	sEasyChatWord_Lousy
0x083EABD2	rom	sEasyChatWord_Mistake
0x083EABDA	rom	sEasyChatWord_Kind
0x083EABDF	rom	sEasyChatWord_Well
0x083EABE4	rom	sEasyChatWord_Weakened
0x083EABED	rom	sEasyChatWord_Simple
0x083EABF4	rom	sEasyChatWord_Seems
0x083EABFA	rom	sEasyChatWord_Badly
0x083EAC00	rom	sEasyChatGroup_Conditions
0x083EAF3C	rom	sEasyChatWord_Meets
0x083EAF42	rom	sEasyChatWord_Concede
0x083EAF4A	rom	sEasyChatWord_Give
0x083EAF4F	rom	sEasyChatWord_Gives
0x083EAF55	rom	sEasyChatWord_Played
0x083EAF5C	rom	sEasyChatWord_Plays
0x083EAF62	rom	sEasyChatWord_Collect
0x083EAF6A	rom	sEasyChatWord_Walking
0x083EAF72	rom	sEasyChatWord_Walks
0x083EAF78	rom	sEasyChatWord_Says
0x083EAF7D	rom	sEasyChatWord_Went
0x083EAF82	rom	sEasyChatWord_Said
0x083EAF87	rom	sEasyChatWord_WakeUp
0x083EAF8F	rom	sEasyChatWord_WakesUp
0x083EAF98	rom	sEasyChatWord_Angers
0x083EAF9F	rom	sEasyChatWord_Teach
0x083EAFA5	rom	sEasyChatWord_Teaches
0x083EAFAD	rom	sEasyChatWord_Please
0x083EAFB4	rom	sEasyChatWord_Learn
0x083EAFBA	rom	sEasyChatWord_Change
0x083EAFC1	rom	sEasyChatWord_Story
0x083EAFC7	rom	sEasyChatWord_Trust
0x083EAFCD	rom	sEasyChatWord_Lavish
0x083EAFD4	rom	sEasyChatWord_Listens
0x083EAFDC	rom	sEasyChatWord_Hearing
0x083EAFE4	rom	sEasyChatWord_Trains
0x083EAFEB	rom	sEasyChatWord_Choose
0x083EAFF2	rom	sEasyChatWord_Come
0x083EAFF7	rom	sEasyChatWord_Came
0x083EAFFC	rom	sEasyChatWord_Search
0x083EB003	rom	sEasyChatWord_Make
0x083EB008	rom	sEasyChatWord_Cause
0x083EB00E	rom	sEasyChatWord_Know
0x083EB013	rom	sEasyChatWord_Knows
0x083EB019	rom	sEasyChatWord_Refuse
0x083EB020	rom	sEasyChatWord_Stores
0x083EB027	rom	sEasyChatWord_Brag
0x083EB02C	rom	sEasyChatWord_Ignorant
0x083EB035	rom	sEasyChatWord_Thinks
0x083EB03C	rom	sEasyChatWord_Believe
0x083EB044	rom	sEasyChatWord_Slide
0x083EB04A	rom	sEasyChatWord_Eats
0x083EB04F	rom	sEasyChatWord_Use
0x083EB053	rom	sEasyChatWord_Uses
0x083EB058	rom	sEasyChatWord_Using
0x083EB05E	rom	sEasyChatWord_Couldnt
0x083EB067	rom	sEasyChatWord_Capable
0x083EB06F	rom	sEasyChatWord_Disappear
0x083EB079	rom	sEasyChatWord_Appear
0x083EB080	rom	sEasyChatWord_Throw
0x083EB086	rom	sEasyChatWord_Worry
0x083EB08C	rom	sEasyChatWord_Slept
0x083EB092	rom	sEasyChatWord_Sleep
0x083EB098	rom	sEasyChatWord_Release
0x083EB0A0	rom	sEasyChatWord_Drinks
0x083EB0A7	rom	sEasyChatWord_Runs
0x083EB0AC	rom	sEasyChatWord_Run
0x083EB0B0	rom	sEasyChatWord_Works
0x083EB0B6	rom	sEasyChatWord_Working
0x083EB0BE	rom	sEasyChatWord_Talking
0x083EB0C6	rom	sEasyChatWord_Talk
0x083EB0CB	rom	sEasyChatWord_Sink
0x083EB0D0	rom	sEasyChatWord_Smack
0x083EB0D6	rom	sEasyChatWord_Pretend
0x083EB0DE	rom	sEasyChatWord_Praise
0x083EB0E5	rom	sEasyChatWord_Overdo
0x083EB0EC	rom	sEasyChatWord_Show
0x083EB0F1	rom	sEasyChatWord_Looks
0x083EB0F7	rom	sEasyChatWord_Sees
0x083EB0FC	rom	sEasyChatWord_Seek
0x083EB101	rom	sEasyChatWord_Own
0x083EB105	rom	sEasyChatWord_Take
0x083EB10A	rom	sEasyChatWord_Allow
0x083EB110	rom	sEasyChatWord_Forget
0x083EB117	rom	sEasyChatWord_Forgets
0x083EB11F	rom	sEasyChatWord_Appears
0x083EB127	rom	sEasyChatWord_Faint
0x083EB12D	rom	sEasyChatWord_Fainted
0x083EB138	rom	sEasyChatGroup_Actions
0x083EB4E0	rom	sEasyChatWord_Chores
0x083EB4E7	rom	sEasyChatWord_Home
0x083EB4EC	rom	sEasyChatWord_Money
0x083EB4F2	rom	sEasyChatWord_Allowance
0x083EB4FC	rom	sEasyChatWord_Bath
0x083EB501	rom	sEasyChatWord_Conversation
0x083EB50E	rom	sEasyChatWord_School
0x083EB515	rom	sEasyChatWord_Commemorate
0x083EB521	rom	sEasyChatWord_Habit
0x083EB527	rom	sEasyChatWord_Group
0x083EB52D	rom	sEasyChatWord_Word
0x083EB532	rom	sEasyChatWord_Store
0x083EB538	rom	sEasyChatWord_Service
0x083EB540	rom	sEasyChatWord_Work
0x083EB545	rom	sEasyChatWord_System
0x083EB54C	rom	sEasyChatWord_Train
0x083EB552	rom	sEasyChatWord_Class
0x083EB558	rom	sEasyChatWord_Lessons
0x083EB560	rom	sEasyChatWord_Information
0x083EB56C	rom	sEasyChatWord_Living
0x083EB573	rom	sEasyChatWord_Teacher
0x083EB57B	rom	sEasyChatWord_Tournament
0x083EB586	rom	sEasyChatWord_Letter
0x083EB58D	rom	sEasyChatWord_Event
0x083EB593	rom	sEasyChatWord_Digital
0x083EB59B	rom	sEasyChatWord_Test
0x083EB5A0	rom	sEasyChatWord_DeptStore
0x083EB5AC	rom	sEasyChatWord_Television
0x083EB5B7	rom	sEasyChatWord_Phone
0x083EB5BD	rom	sEasyChatWord_Item
0x083EB5C2	rom	sEasyChatWord_Name
0x083EB5C7	rom	sEasyChatWord_News
0x083EB5CC	rom	sEasyChatWord_Popular
0x083EB5D4	rom	sEasyChatWord_Party
0x083EB5DA	rom	sEasyChatWord_Study
0x083EB5E0	rom	sEasyChatWord_Machine
0x083EB5E8	rom	sEasyChatWord_Mail
0x083EB5ED	rom	sEasyChatWord_Message
0x083EB5F5	rom	sEasyChatWord_Promise
0x083EB5FD	rom	sEasyChatWord_Dream
0x083EB603	rom	sEasyChatWord_Kindergarten
0x083EB610	rom	sEasyChatWord_Life
0x083EB615	rom	sEasyChatWord_Radio
0x083EB61B	rom	sEasyChatWord_Rental
0x083EB622	rom	sEasyChatWord_World
0x083EB628	rom	sEasyChatGroup_Lifestyle
0x083EB844	rom	sEasyChatWord_Idol
0x083EB849	rom	sEasyChatWord_Anime
0x083EB84F	rom	sEasyChatWord_Song
0x083EB854	rom	sEasyChatWord_Movie
0x083EB85A	rom	sEasyChatWord_Sweets
0x083EB861	rom	sEasyChatWord_Chat
0x083EB866	rom	sEasyChatWord_ChildsPlay
0x083EB873	rom	sEasyChatWord_Toys
0x083EB878	rom	sEasyChatWord_Music
0x083EB87E	rom	sEasyChatWord_Cards
0x083EB884	rom	sEasyChatWord_Shopping
0x083EB88D	rom	sEasyChatWord_Camera
0x083EB894	rom	sEasyChatWord_Viewing
0x083EB89C	rom	sEasyChatWord_Spectator
0x083EB8A6	rom	sEasyChatWord_Gourmet
0x083EB8AE	rom	sEasyChatWord_Game
0x083EB8B3	rom	sEasyChatWord_Rpg
0x083EB8B7	rom	sEasyChatWord_Collection
0x083EB8C2	rom	sEasyChatWord_Complete
0x083EB8CB	rom	sEasyChatWord_Magazine
0x083EB8D4	rom	sEasyChatWord_Walk
0x083EB8D9	rom	sEasyChatWord_Bike
0x083EB8DE	rom	sEasyChatWord_Hobby
0x083EB8E4	rom	sEasyChatWord_Sports
0x083EB8EB	rom	sEasyChatWord_Software
0x083EB8F4	rom	sEasyChatWord_Songs
0x083EB8FA	rom	sEasyChatWord_Diet
0x083EB8FF	rom	sEasyChatWord_Treasure
0x083EB908	rom	sEasyChatWord_Travel
0x083EB90F	rom	sEasyChatWord_Dance
0x083EB915	rom	sEasyChatWord_Channel
0x083EB91D	rom	sEasyChatWord_Making
0x083EB924	rom	sEasyChatWord_Fishing
0x083EB92C	rom	sEasyChatWord_Date
0x083EB931	rom	sEasyChatWord_Design
0x083EB938	rom	sEasyChatWord_Locomotive
0x083EB943	rom	sEasyChatWord_PlushDoll
0x083EB94E	rom	sEasyChatWord_Pc
0x083EB951	rom	sEasyChatWord_Flowers
0x083EB959	rom	sEasyChatWord_Hero
0x083EB95E	rom	sEasyChatWord_Nap
0x083EB962	rom	sEasyChatWord_Heroine
0x083EB96A	rom	sEasyChatWord_Fashion
0x083EB972	rom	sEasyChatWord_Adventure
0x083EB97C	rom	sEasyChatWord_Board
0x083EB982	rom	sEasyChatWord_Ball
0x083EB987	rom	sEasyChatWord_Book
0x083EB98C	rom	sEasyChatWord_Festival
0x083EB995	rom	sEasyChatWord_Comics
0x083EB99C	rom	sEasyChatWord_Holiday
0x083EB9A4	rom	sEasyChatWord_Plans
0x083EB9AA	rom	sEasyChatWord_Trendy
0x083EB9B1	rom	sEasyChatWord_Vacation
0x083EB9BA	rom	sEasyChatWord_Look
0x083EB9C0	rom	sEasyChatGroup_Hobbies
0x083EBC48	rom	sEasyChatWord_Fall
0x083EBC4D	rom	sEasyChatWord_Morning
0x083EBC55	rom	sEasyChatWord_Tomorrow
0x083EBC5E	rom	sEasyChatWord_Last
0x083EBC63	rom	sEasyChatWord_Day
0x083EBC67	rom	sEasyChatWord_Sometime
0x083EBC70	rom	sEasyChatWord_Always
0x083EBC77	rom	sEasyChatWord_Current
0x083EBC7F	rom	sEasyChatWord_Forever
0x083EBC87	rom	sEasyChatWord_Days
0x083EBC8C	rom	sEasyChatWord_End
0x083EBC90	rom	sEasyChatWord_Tuesday
0x083EBC98	rom	sEasyChatWord_Yesterday
0x083EBCA2	rom	sEasyChatWord_Today
0x083EBCA8	rom	sEasyChatWord_Friday
0x083EBCAF	rom	sEasyChatWord_Monday
0x083EBCB6	rom	sEasyChatWord_Later
0x083EBCBC	rom	sEasyChatWord_Earlier
0x083EBCC4	rom	sEasyChatWord_Another
0x083EBCCC	rom	sEasyChatWord_Time
0x083EBCD1	rom	sEasyChatWord_Finish
0x083EBCD8	rom	sEasyChatWord_Wednesday
0x083EBCE2	rom	sEasyChatWord_Soon
0x083EBCE7	rom	sEasyChatWord_Start
0x083EBCED	rom	sEasyChatWord_Month
0x083EBCF3	rom	sEasyChatWord_Stop
0x083EBCF8	rom	sEasyChatWord_Now
0x083EBCFC	rom	sEasyChatWord_Final
0x083EBD02	rom	sEasyChatWord_Next
0x083EBD07	rom	sEasyChatWord_Age
0x083EBD0B	rom	sEasyChatWord_Saturday
0x083EBD14	rom	sEasyChatWord_Summer
0x083EBD1B	rom	sEasyChatWord_Sunday
0x083EBD22	rom	sEasyChatWord_Beginning
0x083EBD2C	rom	sEasyChatWord_Spring
0x083EBD33	rom	sEasyChatWord_Daytime
0x083EBD3B	rom	sEasyChatWord_Winter
0x083EBD42	rom	sEasyChatWord_Daily
0x083EBD48	rom	sEasyChatWord_Olden
0x083EBD4E	rom	sEasyChatWord_Almost
0x083EBD55	rom	sEasyChatWord_Nearly
0x083EBD5C	rom	sEasyChatWord_Thursday
0x083EBD65	rom	sEasyChatWord_Nighttime
0x083EBD6F	rom	sEasyChatWord_Night
0x083EBD75	rom	sEasyChatWord_Week
0x083EBD7C	rom	sEasyChatGroup_Time
0x083EBF98	rom	sEasyChatWord_Highs
0x083EBF9E	rom	sEasyChatWord_Lows
0x083EBFA3	rom	sEasyChatWord_Um
0x083EBFA6	rom	sEasyChatWord_Rear
0x083EBFAB	rom	sEasyChatWord_Things
0x083EBFB2	rom	sEasyChatWord_Thing
0x083EBFB8	rom	sEasyChatWord_Below
0x083EBFBE	rom	sEasyChatWord_Above
0x083EBFC4	rom	sEasyChatWord_Back
0x083EBFC9	rom	sEasyChatWord_High
0x083EBFCE	rom	sEasyChatWord_Here
0x083EBFD3	rom	sEasyChatWord_Inside
0x083EBFDA	rom	sEasyChatWord_Outside
0x083EBFE2	rom	sEasyChatWord_Beside
0x083EBFE9	rom	sEasyChatWord_ThisIsItExcl
0x083EBFF5	rom	sEasyChatWord_This
0x083EBFFA	rom	sEasyChatWord_Every
0x083EC000	rom	sEasyChatWord_These
0x083EC006	rom	sEasyChatWord_TheseWere
0x083EC011	rom	sEasyChatWord_Down
0x083EC016	rom	sEasyChatWord_That
0x083EC01B	rom	sEasyChatWord_ThoseAre
0x083EC025	rom	sEasyChatWord_ThoseWere
0x083EC030	rom	sEasyChatWord_ThatsItExcl
0x083EC03B	rom	sEasyChatWord_Am
0x083EC03E	rom	sEasyChatWord_ThatWas
0x083EC047	rom	sEasyChatWord_Front
0x083EC04D	rom	sEasyChatWord_Up
0x083EC050	rom	sEasyChatWord_Choice
0x083EC057	rom	sEasyChatWord_Far
0x083EC05B	rom	sEasyChatWord_Away
0x083EC060	rom	sEasyChatWord_Near
0x083EC065	rom	sEasyChatWord_Where
0x083EC06B	rom	sEasyChatWord_When
0x083EC070	rom	sEasyChatWord_What
0x083EC075	rom	sEasyChatWord_Deep
0x083EC07A	rom	sEasyChatWord_Shallow
0x083EC082	rom	sEasyChatWord_Why
0x083EC086	rom	sEasyChatWord_Confused
0x083EC08F	rom	sEasyChatWord_Opposite
0x083EC098	rom	sEasyChatWord_Left
0x083EC09D	rom	sEasyChatWord_Right
0x083EC0A4	rom	sEasyChatGroup_Misc
0x083EC29C	rom	sEasyChatWord_Wandering
0x083EC2A6	rom	sEasyChatWord_Rickety
0x083EC2AE	rom	sEasyChatWord_RockSolid
0x083EC2B9	rom	sEasyChatWord_Hungry
0x083EC2C0	rom	sEasyChatWord_Tight
0x083EC2C6	rom	sEasyChatWord_Ticklish
0x083EC2CF	rom	sEasyChatWord_Twirling
0x083EC2D8	rom	sEasyChatWord_Spiraling
0x083EC2E2	rom	sEasyChatWord_Thirsty
0x083EC2EA	rom	sEasyChatWord_Lolling
0x083EC2F2	rom	sEasyChatWord_Silky
0x083EC2F8	rom	sEasyChatWord_Sadly
0x083EC2FE	rom	sEasyChatWord_Hopeless
0x083EC307	rom	sEasyChatWord_Useless
0x083EC30F	rom	sEasyChatWord_Drooling
0x083EC318	rom	sEasyChatWord_Exciting
0x083EC321	rom	sEasyChatWord_Thick
0x083EC327	rom	sEasyChatWord_Smooth
0x083EC32E	rom	sEasyChatWord_Slimy
0x083EC334	rom	sEasyChatWord_Thin
0x083EC339	rom	sEasyChatWord_Break
0x083EC33F	rom	sEasyChatWord_Voracious
0x083EC349	rom	sEasyChatWord_Scatter
0x083EC351	rom	sEasyChatWord_Awesome
0x083EC359	rom	sEasyChatWord_Wimpy
0x083EC35F	rom	sEasyChatWord_Wobbly
0x083EC366	rom	sEasyChatWord_Shaky
0x083EC36C	rom	sEasyChatWord_Ripped
0x083EC373	rom	sEasyChatWord_Shredded
0x083EC37C	rom	sEasyChatWord_Increasing
0x083EC387	rom	sEasyChatWord_Yet
0x083EC38B	rom	sEasyChatWord_Destroyed
0x083EC395	rom	sEasyChatWord_Fiery
0x083EC39B	rom	sEasyChatWord_LoveyDovey
0x083EC3A7	rom	sEasyChatWord_Happily
0x083EC3AF	rom	sEasyChatWord_Anticipation
0x083EC3BC	rom	sEasyChatGroup_Adjectives
0x083EC56C	rom	sEasyChatWord_Appeal
0x083EC573	rom	sEasyChatWord_Events
0x083EC57A	rom	sEasyChatWord_StayAtHome
0x083EC587	rom	sEasyChatWord_Berry
0x083EC58D	rom	sEasyChatWord_Contest
0x083EC595	rom	sEasyChatWord_Mc
0x083EC598	rom	sEasyChatWord_Judge
0x083EC59E	rom	sEasyChatWord_Super
0x083EC5A4	rom	sEasyChatWord_Stage
0x083EC5AA	rom	sEasyChatWord_HallOfFame
0x083EC5B7	rom	sEasyChatWord_Evolution
0x083EC5C1	rom	sEasyChatWord_Hyper
0x083EC5C7	rom	sEasyChatWord_BattleTower
0x083EC5D4	rom	sEasyChatWord_Leaders
0x083EC5DC	rom	sEasyChatWord_BattleRoom
0x083EC5E8	rom	sEasyChatWord_Hidden
0x083EC5EF	rom	sEasyChatWord_SecretBase
0x083EC5FB	rom	sEasyChatWord_Blend
0x083EC601	rom	sEasyChatWord_POKEBLOCK
0x083EC607	rom	sEasyChatWord_Master
0x083EC60E	rom	sEasyChatWord_Rank
0x083EC613	rom	sEasyChatWord_Ribbon
0x083EC61A	rom	sEasyChatWord_Crush
0x083EC620	rom	sEasyChatWord_Direct
0x083EC627	rom	sEasyChatWord_Tower
0x083EC62D	rom	sEasyChatWord_Union
0x083EC633	rom	sEasyChatWord_Room
0x083EC638	rom	sEasyChatWord_Wireless
0x083EC644	rom	sEasyChatGroup_Events
0x083EC794	rom	sEasyChatGroup_Move1
0x083EC8C8	rom	sEasyChatGroup_Move2
0x083ECA58	rom	sEasyChatWord_KthxBye
0x083ECA63	rom	sEasyChatWord_YesSirExcl
0x083ECA6D	rom	sEasyChatWord_AvantGarde
0x083ECA79	rom	sEasyChatWord_Couple
0x083ECA80	rom	sEasyChatWord_MuchObliged
0x083ECA8D	rom	sEasyChatWord_YeehawExcl
0x083ECA95	rom	sEasyChatWord_Mega
0x083ECA9A	rom	sEasyChatWord_1HitKOExcl
0x083ECAA4	rom	sEasyChatWord_Destiny
0x083ECAAC	rom	sEasyChatWord_Cancel
0x083ECAB3	rom	sEasyChatWord_New
0x083ECAB7	rom	sEasyChatWord_Flatten
0x083ECABF	rom	sEasyChatWord_Kidding
0x083ECAC7	rom	sEasyChatWord_Loser
0x083ECACD	rom	sEasyChatWord_Losing
0x083ECAD4	rom	sEasyChatWord_Happening
0x083ECADE	rom	sEasyChatWord_HipAnd
0x083ECAE6	rom	sEasyChatWord_Shake
0x083ECAEC	rom	sEasyChatWord_Shady
0x083ECAF2	rom	sEasyChatWord_Upbeat
0x083ECAF9	rom	sEasyChatWord_Modern
0x083ECB00	rom	sEasyChatWord_SmellYa
0x083ECB09	rom	sEasyChatWord_Bang
0x083ECB0E	rom	sEasyChatWord_Knockout
0x083ECB17	rom	sEasyChatWord_Hassle
0x083ECB1E	rom	sEasyChatWord_Winner
0x083ECB25	rom	sEasyChatWord_Fever
0x083ECB2B	rom	sEasyChatWord_Wannabe
0x083ECB33	rom	sEasyChatWord_Baby
0x083ECB38	rom	sEasyChatWord_Heart
0x083ECB3E	rom	sEasyChatWord_Old
0x083ECB42	rom	sEasyChatWord_Young
0x083ECB48	rom	sEasyChatWord_Ugly
0x083ECB50	rom	sEasyChatGroup_TrendySaying
0x083ECCDC	rom	sEasyChatGroup_Pokemon2
0x083ECED4	rom	sEasyChatGroups
0x083ECF84	rom	sEasyChatWordsByLetter_Others
0x083ECF98	rom	sEasyChatWordsByLetter_A
0x083ED06C	rom	sEasyChatWordsByLetter_B
0x083ED118	rom	sEasyChatWordsByLetter_C
0x083ED206	rom	sEasyChatWordsByLetter_D
0x083ED2C2	rom	sEasyChatWordsByLetter_E
0x083ED336	rom	sEasyChatWordsByLetter_F
0x083ED3D4	rom	sEasyChatWordsByLetter_G
0x083ED498	rom	sEasyChatWordsByLetter_H
0x083ED562	rom	sEasyChatWordsByLetter_I
0x083ED5C2	rom	sEasyChatWordsByLetter_J
0x083ED5DC	rom	sEasyChatWordsByLetter_K
0x083ED61E	rom	sEasyChatWordsByLetter_L
0x083ED6C2	rom	sEasyChatWordsByLetter_M
0x083ED7DE	rom	sEasyChatWordsByLetter_N
0x083ED84A	rom	sEasyChatWordsByLetter_O
0x083ED8A2	rom	sEasyChatWordsByLetter_P
0x083ED96E	rom	sEasyChatWordsByLetter_Q
0x083ED97A	rom	sEasyChatWordsByLetter_R
0x083EDA1A	rom	sEasyChatWordsByLetter_S
0x083EDC26	rom	sEasyChatWordsByLetter_T
0x083EDD30	rom	sEasyChatWordsByLetter_U
0x083EDD60	rom	sEasyChatWordsByLetter_V
0x083EDDA2	rom	sEasyChatWordsByLetter_W
0x083EDE80	rom	sEasyChatWordsByLetter_X
0x083EDE88	rom	sEasyChatWordsByLetter_Y
0x083EDEAE	rom	sEasyChatWordsByLetter_Z
0x083EDEC0	rom	sEasyChatWordsByLetterPointers
0x083EDF98	rom	sEasyChatGroupNamePointers
0x083EDFF0	rom	sDefaultProfileWords
0x083EDFF8	rom	sDefaultBattleStartWords
0x083EE004	rom	sDeoxysValue
0x083EE008	rom	sMonMarkings_Pal
0x083EE028	rom	sMonMarkings_Gfx
0x083EE828	rom	sJPText_Confirm
0x083EE830	rom	sOamData_MenuWindow
0x083EE838	rom	sOamData_8x8
0x083EE840	rom	sAnim_Marking_CircleOff
0x083EE848	rom	sAnim_Marking_CircleOn
0x083EE850	rom	sAnim_Marking_SquareOff
0x083EE858	rom	sAnim_Marking_SquareOn
0x083EE860	rom	sAnim_Marking_TriangleOff
0x083EE868	rom	sAnim_Marking_TriangleOn
0x083EE870	rom	sAnim_Marking_HeartOff
0x083EE878	rom	sAnim_Marking_HeartOn
0x083EE880	rom	sAnim_Cursor
0x083EE888	rom	sAnim_OKCancelText
0x083EE890	rom	sAnims_MenuSprite
0x083EE8B8	rom	sAnim_MenuWindow_UpperHalf
0x083EE8C0	rom	sAnim_MenuWindow_LowerHalf
0x083EE8C8	rom	sAnims_MenuWindow
0x083EE8D0	rom	sOamData_MarkingCombo
0x083EE8D8	rom	sAnim_MarkingCombo_AllOff
0x083EE8E0	rom	sAnim_MarkingCombo_Circle
0x083EE8E8	rom	sAnim_MarkingCombo_Square
0x083EE8F0	rom	sAnim_MarkingCombo_CircleSquare
0x083EE8F8	rom	sAnim_MarkingCombo_Triangle
0x083EE900	rom	sAnim_MarkingCombo_CircleTriangle
0x083EE908	rom	sAnim_MarkingCombo_SquareTriangle
0x083EE910	rom	sAnim_MarkingCombo_CircleSquareTriangle
0x083EE918	rom	sAnim_MarkingCombo_Heart
0x083EE920	rom	sAnim_MarkingCombo_CircleHeart
0x083EE928	rom	sAnim_MarkingCombo_SquareHeart
0x083EE930	rom	sAnim_MarkingCombo_CircleSquareHeart
0x083EE938	rom	sAnim_MarkingCombo_TriangleHeart
0x083EE940	rom	sAnim_MarkingCombo_CircleTriangleHeart
0x083EE948	rom	sAnim_MarkingCombo_SquareTriangleHeart
0x083EE950	rom	sAnim_MarkingCombo_AllOn
0x083EE958	rom	sAnims_MarkingCombo
0x083EE998	rom	sBgTemplates
0x083EE9A4	rom	sWindowTemplates
0x083EE9BC	rom	sTextColor
0x083EE9C0	rom	sGenderPals
0x083EE9C8	rom	sGfxHeaders
0x083EEAB8	rom	sLayout_3x3
0x083EEAC4	rom	sMessageLayouts_3x3
0x083EEB54	rom	sLayout_5x2
0x083EEB68	rom	sMessageLayouts_5x2
0x083EEBF8	rom	sHealLocations
0x083EEC98	rom	sWhiteoutRespawnHealCenterMapIdxs
0x083EECE8	rom	sWhiteoutRespawnHealerNpcIds
0x083EECFC	rom	sMapsecName_PALLET_TOWN
0x083EED08	rom	sMapsecName_VIRIDIAN_CITY
0x083EED16	rom	sMapsecName_PEWTER_CITY
0x083EED22	rom	sMapsecName_CERULEAN_CITY
0x083EED30	rom	sMapsecName_LAVENDER_TOWN
0x083EED3E	rom	sMapsecName_VERMILION_CITY
0x083EED4D	rom	sMapsecName_CELADON_CITY
0x083EED5A	rom	sMapsecName_FUCHSIA_CITY
0x083EED67	rom	sMapsecName_CINNABAR_ISLAND
0x083EED77	rom	sMapsecName_INDIGO_PLATEAU
0x083EED86	rom	sMapsecName_SAFFRON_CITY
0x083EED93	rom	sMapsecName_ROUTE_4_Clone
0x083EED9B	rom	sMapsecName_ROUTE_10_Clone
0x083EEDA4	rom	sMapsecName_ROUTE_1
0x083EEDAC	rom	sMapsecName_ROUTE_2
0x083EEDB4	rom	sMapsecName_ROUTE_3
0x083EEDBC	rom	sMapsecName_ROUTE_4
0x083EEDC4	rom	sMapsecName_ROUTE_5
0x083EEDCC	rom	sMapsecName_ROUTE_6
0x083EEDD4	rom	sMapsecName_ROUTE_7
0x083EEDDC	rom	sMapsecName_ROUTE_8
0x083EEDE4	rom	sMapsecName_ROUTE_9
0x083EEDEC	rom	sMapsecName_ROUTE_10
0x083EEDF5	rom	sMapsecName_ROUTE_11
0x083EEDFE	rom	sMapsecName_ROUTE_12
0x083EEE07	rom	sMapsecName_ROUTE_13
0x083EEE10	rom	sMapsecName_ROUTE_14
0x083EEE19	rom	sMapsecName_ROUTE_15
0x083EEE22	rom	sMapsecName_ROUTE_16
0x083EEE2B	rom	sMapsecName_ROUTE_17
0x083EEE34	rom	sMapsecName_ROUTE_18
0x083EEE3D	rom	sMapsecName_ROUTE_19
0x083EEE46	rom	sMapsecName_ROUTE_20
0x083EEE4F	rom	sMapsecName_ROUTE_21
0x083EEE58	rom	sMapsecName_ROUTE_22
0x083EEE61	rom	sMapsecName_ROUTE_23
0x083EEE6A	rom	sMapsecName_ROUTE_24
0x083EEE73	rom	sMapsecName_ROUTE_25
0x083EEE7C	rom	sMapsecName_VIRIDIAN_FOREST
0x083EEE8C	rom	sMapsecName_MT__MOON
0x083EEE95	rom	sMapsecName_S_S__ANNE
0x083EEE9F	rom	sMapsecName_UNDERGROUND_PATH
0x083EEEB0	rom	sMapsecName_UNDERGROUND_PATH_Clone
0x083EEEC1	rom	sMapsecName_DIGLETT_S_CAVE
0x083EEED0	rom	sMapsecName_VICTORY_ROAD
0x083EEEDD	rom	sMapsecName_ROCKET_HIDEOUT
0x083EEEEC	rom	sMapsecName_SILPH_CO_
0x083EEEF6	rom	sMapsecName_POK__MON_MANSION
0x083EEF06	rom	sMapsecName_SAFARI_ZONE
0x083EEF12	rom	sMapsecName_POK__MON_LEAGUE
0x083EEF21	rom	sMapsecName_ROCK_TUNNEL
0x083EEF2D	rom	sMapsecName_SEAFOAM_ISLANDS
0x083EEF3D	rom	sMapsecName_POK__MON_TOWER
0x083EEF4B	rom	sMapsecName_CERULEAN_CAVE
0x083EEF59	rom	sMapsecName_POWER_PLANT
0x083EEF65	rom	sMapsecName_ONE_ISLAND
0x083EEF70	rom	sMapsecName_TWO_ISLAND
0x083EEF7B	rom	sMapsecName_THREE_ISLAND
0x083EEF88	rom	sMapsecName_FOUR_ISLAND
0x083EEF94	rom	sMapsecName_FIVE_ISLAND
0x083EEFA0	rom	sMapsecName_SEVEN_ISLAND
0x083EEFAD	rom	sMapsecName_SIX_ISLAND
0x083EEFB8	rom	sMapsecName_KINDLE_ROAD
0x083EEFC4	rom	sMapsecName_TREASURE_BEACH
0x083EEFD3	rom	sMapsecName_CAPE_BRINK
0x083EEFDE	rom	sMapsecName_BOND_BRIDGE
0x083EEFEA	rom	sMapsecName_THREE_ISLE_PORT
0x083EEFFA	rom	sMapsecName_SEVII_ISLE_6
0x083EF007	rom	sMapsecName_SEVII_ISLE_7
0x083EF014	rom	sMapsecName_SEVII_ISLE_8
0x083EF021	rom	sMapsecName_SEVII_ISLE_9
0x083EF02E	rom	sMapsecName_RESORT_GORGEOUS
0x083EF03E	rom	sMapsecName_WATER_LABYRINTH
0x083EF04E	rom	sMapsecName_FIVE_ISLE_MEADOW
0x083EF05F	rom	sMapsecName_MEMORIAL_PILLAR
0x083EF06F	rom	sMapsecName_OUTCAST_ISLAND
0x083EF07E	rom	sMapsecName_GREEN_PATH
0x083EF089	rom	sMapsecName_WATER_PATH
0x083EF094	rom	sMapsecName_RUIN_VALLEY
0x083EF0A0	rom	sMapsecName_TRAINER_TOWER
0x083EF0AE	rom	sMapsecName_CANYON_ENTRANCE
0x083EF0BE	rom	sMapsecName_SEVAULT_CANYON
0x083EF0CD	rom	sMapsecName_TANOBY_RUINS
0x083EF0DA	rom	sMapsecName_SEVII_ISLE_22
0x083EF0E8	rom	sMapsecName_SEVII_ISLE_23
0x083EF0F6	rom	sMapsecName_SEVII_ISLE_24
0x083EF104	rom	sMapsecName_NAVEL_ROCK
0x083EF10F	rom	sMapsecName_MT__EMBER
0x083EF119	rom	sMapsecName_BERRY_FOREST
0x083EF126	rom	sMapsecName_ICEFALL_CAVE
0x083EF133	rom	sMapsecName_ROCKET_WAREHOUSE
0x083EF144	rom	sMapsecName_TRAINER_TOWER_Clone
0x083EF152	rom	sMapsecName_DOTTED_HOLE
0x083EF15E	rom	sMapsecName_LOST_CAVE
0x083EF168	rom	sMapsecName_PATTERN_BUSH
0x083EF175	rom	sMapsecName_ALTERING_CAVE
0x083EF183	rom	sMapsecName_TANOBY_CHAMBERS
0x083EF193	rom	sMapsecName_THREE_ISLE_PATH
0x083EF1A3	rom	sMapsecName_TANOBY_KEY
0x083EF1AE	rom	sMapsecName_BIRTH_ISLAND
0x083EF1BB	rom	sMapsecName_MONEAN_CHAMBER
0x083EF1CA	rom	sMapsecName_LIPTOO_CHAMBER
0x083EF1D9	rom	sMapsecName_WEEPTH_CHAMBER
0x083EF1E8	rom	sMapsecName_DILFORD_CHAMBER
0x083EF1F8	rom	sMapsecName_SCUFIB_CHAMBER
0x083EF207	rom	sMapsecName_RIXY_CHAMBER
0x083EF214	rom	sMapsecName_VIAPOIS_CHAMBER
0x083EF224	rom	sMapsecName_EMBER_SPA
0x083EF22E	rom	sMapsecName_CELADON_DEPT_
0x083EF23C	rom	sTopBar_Pal
0x083EF25C	rom	sMapCursor_Pal
0x083EF27C	rom	sPlayerIcon_RedPal
0x083EF29C	rom	sPlayerIcon_LeafPal
0x083EF2BC	rom	sMiscIcon_Pal
0x083EF2DC	rom	sRegionMap_Pal
0x083EF37C	rom	sUnusedPalette
0x083EF384	rom	sSwitchMapCursor_Pal
0x083EF3A4	rom	sMapEdge_Pal
0x083EF3C4	rom	sSwitchMapCursorLeft_Gfx
0x083EF450	rom	sSwitchMapCursorRight_Gfx
0x083EF4E0	rom	sMapCursor_Gfx
0x083EF524	rom	sPlayerIcon_Red
0x083EF59C	rom	sPlayerIcon_Leaf
0x083EF61C	rom	sRegionMap_Gfx
0x083F0330	rom	sMapEdge_Gfx
0x083F0580	rom	sSwitchMapMenu_Gfx
0x083F089C	rom	sKanto_Tilemap
0x083F0AFC	rom	sSevii123_Tilemap
0x083F0C0C	rom	sSevii45_Tilemap
0x083F0CF0	rom	sSevii67_Tilemap
0x083F0E0C	rom	sMapEdge_Tilemap
0x083F0F1C	rom	sSwitchMap_KantoSeviiAll_Tilemap
0x083F1084	rom	sSwitchMap_KantoSevii123_Tilemap
0x083F1190	rom	sSwitchMap_KantoSeviiAll2_Tilemap
0x083F12CC	rom	sMapEdge_TopLeft
0x083F13EC	rom	sMapEdge_TopRight
0x083F1550	rom	sMapEdge_MidLeft
0x083F1640	rom	sMapEdge_MidRight
0x083F1738	rom	sMapEdge_BottomLeft
0x083F1804	rom	sMapEdge_BottomRight
0x083F18D8	rom	sDungeonIcon
0x083F1908	rom	sFlyIcon
0x083F1978	rom	sBackground_Gfx
0x083F19A0	rom	sBackground_Tilemap
0x083F1A50	rom	sRegionMapBgTemplates
0x083F1A60	rom	sRegionMapWindowTemplates
0x083F1A90	rom	sTextColor_White
0x083F1A94	rom	sTextColor_Green
0x083F1A98	rom	sTextColor_Red
0x083F1A9C	rom	sTextColorTable
0x083F1AA4	rom	sSeviiMapsecs
0x083F1B00	rom	sRegionMapPermissions
0x083F1B0C	rom	sMapsecNameWindowDims
0x083F1B24	rom	sOamData_SwitchMapCursor
0x083F1B2C	rom	sAnim_SwitchMapCursor
0x083F1B38	rom	sAnims_SwitchMapCursor
0x083F1B3C	rom	sDungeonInfo
0x083F1C20	rom	sOamData_MapEdge
0x083F1C28	rom	sAnim_MapEdge
0x083F1C30	rom	sAnims_MapEdge
0x083F1C34	rom	sMapWindowDim
0x083F1C3C	rom	sOamData_MapCursor
0x083F1C44	rom	sAnim_MapCursor
0x083F1C50	rom	sAnims_MapCursor
0x083F1C54	rom	sOamData_PlayerIcon
0x083F1C5C	rom	sAnim_PlayerIcon
0x083F1C64	rom	sAnims_PlayerIcon
0x083F1C68	rom	sOamData_FlyIcon
0x083F1C70	rom	sOamData_DungeonIcon
0x083F1C78	rom	sAnim_FlyIcon
0x083F1C84	rom	sAnim_DungeonIconVisited
0x083F1C8C	rom	sAnim_DungeonIconNotVisited
0x083F1C94	rom	sAnims_FlyIcon
0x083F1C98	rom	sAnims_DungeonIcon
0x083F1CA0	rom	sWinFlags
0x083F1CA4	rom	sWinRegs
0x083F1CA8	rom	sTextColors
0x083F1CAC	rom	sMapNames
0x083F1E60	rom	sMapSectionTopLeftCorners
0x083F2178	rom	sMapSectionDimensions
0x083F2490	rom	sRegionMapSections_Kanto
0x083F2724	rom	sRegionMapSections_Sevii123
0x083F29B8	rom	sRegionMapSections_Sevii45
0x083F2C4C	rom	sRegionMapSections_Sevii67
0x083F2EE0	rom	sMapFlyDestinations
0x083F3024	rom	sPointillismPoints
0x083F55A4	rom	sBattleAICmdTable
0x083F571C	rom	sDiscouragedPowerfulMoveEffects
0x083F5738	rom	sTransitionTypes
0x083F5804	rom	sCaveTransitionPalette_White
0x083F5824	rom	sCaveTransitionPalette_Black
0x083F5844	rom	sCaveTransitionPalette
0x083F5864	rom	sCaveTransitionTilemap
0x083F5A44	rom	sCaveTransitionTiles
0x083F5AF8	rom	sStringVarPtrs
0x083F5B04	rom	sSlotMachineRandomSeeds
0x083F5B1A	rom	sSlotMachineIndices
0x083F5B30	rom	sResortGorgeousDeluxeRewards
0x083F5B3C	rom	sElevatorCurrentFloorWindowTemplate
0x083F5B44	rom	sFloorNamePointers
0x083F5B84	rom	sFloorNameWidthPadding
0x083F5B94	rom	sElevatorWindowMetatilesGoingUp
0x083F5BA6	rom	sElevatorWindowMetatilesGoingDown
0x083F5BB8	rom	sElevatorAnimationDuration
0x083F5BC1	rom	sElevatorWindowAnimDuration
0x083F5BCC	rom	sListMenuLabels
0x083F5D2C	rom	sStarterSpecies
0x083F5D32	rom	sMartMaps
0x083F5D58	rom	sInsideOutsidePairs
0x083F5F26	rom	sPokeCenter1FMaps
0x083F5F50	rom	sEliteFourLightingPalettes
0x083F60D0	rom	sChampionRoomLightingPalettes
0x083F61F0	rom	sEliteFourLightingTimers
0x083F61FB	rom	sChampionRoomLightingTimers
0x083F6203	rom	sCapeBrinkCompatibleSpecies
0x083F6206	rom	sDeoxysObjectPals
0x083F6366	rom	sDeoxysCoords
0x083F637C	rom	sDeoxysStepCaps
0x083F6388	rom	sTiles
0x083F6448	rom	sPalette
0x083F6468	rom	sTilemap
0x083F6C68	rom	sWindowTemplates
0x083F6C78	rom	sTextColor
0x083F6C7C	rom	sBgTemplates
0x083F6C84	rom	sStringVars
0x083F6C90	rom	sUnusedPal
0x083F6CB0	rom	sMovingBackgroundTiles
0x083F73A8	rom	sMovingBackgroundMap1
0x083F788C	rom	sMovingBackgroundMap2
0x083F7D60	rom	sBlackPalette
0x083F7D80	rom	sUnusedTilemap
0x083F8400	rom	sBgAnim_Pal
0x083F8440	rom	sText_ShedinjaJapaneseName
0x083F8445	rom	sText_UnusedColors
0x083F844F	rom	sText_UnusedArrows
0x083F846D	rom	sBgAnim_PaletteControl
0x083F847D	rom	sBgAnim_PalIndexes
0x083F87A0	rom	sBigPokeball_Gfx
0x083F8D20	rom	sSlidingPokeball_Tilemap
0x083F8D60	rom	sSlidingPokeball_Gfx
0x083F8F60	rom	sMugshotBanner_Gfx
0x083F9140	rom	sUnusedBrendan_Gfx
0x083F9940	rom	sUnusedLass_Gfx
0x083FA140	rom	sGridSquare_Gfx
0x083FA320	rom	sTasks_Intro
0x083FA368	rom	sTasks_Main
0x083FA3B0	rom	sTaskHandlers
0x083FA3C0	rom	sBlur_Funcs
0x083FA3CC	rom	sSwirl_Funcs
0x083FA3D4	rom	sShuffle_Funcs
0x083FA3DC	rom	sBigPokeball_Funcs
0x083FA3F4	rom	sPokeballsTrail_Funcs
0x083FA400	rom	sPokeballsTrail_StartXCoords
0x083FA404	rom	sPokeballsTrail_Delays
0x083FA40E	rom	sPokeballsTrail_Speeds
0x083FA414	rom	sClockwiseWipe_Funcs
0x083FA430	rom	sRipple_Funcs
0x083FA438	rom	sWave_Funcs
0x083FA444	rom	sSpiral_AngleData
0x083FA464	rom	sSpiral_Funcs
0x083FA46C	rom	sMugshot_Funcs
0x083FA494	rom	sMugshotsTrainerPicIDsTable
0x083FA49A	rom	sMugshotsOpponentRotationScales
0x083FA4AE	rom	sMugshotsOpponentCoords
0x083FA4C4	rom	sMugshotTrainerPicFuncs
0x083FA4E0	rom	sTrainerPicSlideSpeeds
0x083FA4E4	rom	sTrainerPicSlideAccels
0x083FA4E8	rom	sSlice_Funcs
0x083FA4F4	rom	sWhiteBarsFade_Funcs
0x083FA508	rom	sWhiteBarsFade_StartDelays
0x083FA514	rom	sGridSquares_Funcs
0x083FA520	rom	sAngledWipes_Funcs
0x083FA534	rom	sAngledWipes_MoveData
0x083FA57A	rom	sAngledWipes_EndDelays
0x083FA588	rom	sTransitionIntroFuncs
0x083FA590	rom	sSpriteImage_Pokeball
0x083FA598	rom	sSpriteAnim_Pokeball
0x083FA5A0	rom	sSpriteAnimTable_Pokeball
0x083FA5A4	rom	sSpriteAffineAnim_Pokeball1
0x083FA5B4	rom	sSpriteAffineAnim_Pokeball2
0x083FA5C4	rom	sSpriteAffineAnimTable_Pokeball
0x083FA5CC	rom	sSpriteTemplate_Pokeball
0x083FA5E4	rom	sOam_UnusedBrendanLass
0x083FA5EC	rom	sImageTable_UnusedBrendan
0x083FA5F4	rom	sImageTable_UnusedLass
0x083FA5FC	rom	sSpriteAnim_UnusedBrendanLass
0x083FA604	rom	sSpriteAnimTable_UnusedBrendanLass
0x083FA608	rom	sSpriteTemplate_UnusedBrendanLass
0x083FA638	rom	sFieldEffectPal_Pokeball
0x083FA658	rom	gSpritePalette_Pokeball
0x083FA660	rom	sMugshotPal_Lorelei
0x083FA680	rom	sMugshotPal_Bruno
0x083FA6A0	rom	sMugshotPal_Agatha
0x083FA6C0	rom	sMugshotPal_Lance
0x083FA6E0	rom	sMugshotPal_Blue
0x083FA700	rom	sMugshotPal_Red
0x083FA720	rom	sMugshotPal_Green
0x083FA740	rom	sOpponentMugshotsPals
0x083FA754	rom	sPlayerMugshotsPals
0x083FA75C	rom	sUnusedTrainerPalette
0x083FA77C	rom	sSpritePalette_UnusedTrainer
0x083FA784	rom	sBigPokeball_Tilemap
0x083FAC34	rom	sMugshotsTilemap
0x083FB134	rom	sLinkPartnerBufferCommands
0x083FB218	rom	sText_Empty1
0x083FB219	rom	sText_Trainer1LoseText
0x083FB21C	rom	sText_Trainer2LoseText
0x083FB21F	rom	sText_Trainer1RecallPkmn1
0x083FB232	rom	sText_Trainer1WinText
0x083FB235	rom	sText_Trainer1RecallPkmn2
0x083FB248	rom	sText_Trainer1RecallBoth
0x083FB262	rom	sText_Trainer2WinText
0x083FB265	rom	sText_PkmnGainedEXP
0x083FB282	rom	sText_EmptyString4
0x083FB283	rom	sText_ABoosted
0x083FB28E	rom	sText_PkmnGrewToLv
0x083FB2A4	rom	sText_PkmnLearnedMove
0x083FB2B6	rom	sText_TryToLearnMove1
0x083FB2D1	rom	sText_TryToLearnMove2
0x083FB2FC	rom	sText_TryToLearnMove3
0x083FB31F	rom	sText_PkmnForgotMove
0x083FB32E	rom	sText_StopLearningMove
0x083FB343	rom	sText_DidNotLearnMove
0x083FB359	rom	sText_UseNextPkmn
0x083FB36B	rom	sText_AttackMissed
0x083FB37F	rom	sText_PkmnProtectedItself
0x083FB394	rom	sText_AvoidedDamage
0x083FB3AF	rom	sText_PkmnMakesGroundMiss
0x083FB3D3	rom	sText_PkmnAvoidedAttack
0x083FB3EA	rom	sText_ItDoesntAffect
0x083FB400	rom	sText_AttackerFainted
0x083FB40D	rom	sText_TargetFainted
0x083FB41A	rom	sText_PlayerGotMoney
0x083FB433	rom	sText_PlayerWhiteout
0x083FB451	rom	sText_PlayerPanicked
0x083FB484	rom	sText_PlayerWhiteoutAgainstTrainer
0x083FB4BE	rom	sText_PlayerPaidAsPrizeMoney
0x083FB4F7	rom	sText_PlayerWhiteout2
0x083FB508	rom	sText_PreventsEscape
0x083FB525	rom	sText_CantEscape2
0x083FB534	rom	sText_AttackerCantEscape
0x083FB545	rom	sText_HitXTimes
0x083FB555	rom	sText_PkmnFellAsleep
0x083FB565	rom	sText_PkmnMadeSleep
0x083FB57C	rom	sText_PkmnAlreadyAsleep
0x083FB592	rom	sText_PkmnAlreadyAsleep2
0x083FB5A8	rom	sText_PkmnWasntAffected
0x083FB5BC	rom	sText_PkmnWasPoisoned
0x083FB5CD	rom	sText_PkmnPoisonedBy
0x083FB5E2	rom	sText_PkmnHurtByPoison
0x083FB5F8	rom	sText_PkmnAlreadyPoisoned
0x083FB610	rom	sText_PkmnBadlyPoisoned
0x083FB626	rom	sText_PkmnEnergyDrained
0x083FB641	rom	sText_PkmnWasBurned
0x083FB650	rom	sText_PkmnBurnedBy
0x083FB663	rom	sText_PkmnHurtByBurn
0x083FB67B	rom	sText_PkmnAlreadyHasBurn
0x083FB692	rom	sText_PkmnWasFrozen
0x083FB6A7	rom	sText_PkmnFrozenBy
0x083FB6BF	rom	sText_PkmnIsFrozen
0x083FB6D3	rom	sText_PkmnWasDefrosted
0x083FB6E5	rom	sText_PkmnWasDefrosted2
0x083FB6F7	rom	sText_PkmnWasDefrostedBy
0x083FB70F	rom	sText_PkmnWasParalyzed
0x083FB73A	rom	sText_PkmnWasParalyzedBy
0x083FB76A	rom	sText_PkmnIsParalyzed
0x083FB78A	rom	sText_PkmnIsAlreadyParalyzed
0x083FB7A3	rom	sText_PkmnHealedParalysis
0x083FB7BF	rom	sText_PkmnDreamEaten
0x083FB7D5	rom	sText_StatsWontIncrease
0x083FB7EE	rom	sText_StatsWontDecrease
0x083FB806	rom	sText_TeamStoppedWorking
0x083FB826	rom	sText_FoeStoppedWorking
0x083FB844	rom	sText_PkmnIsConfused
0x083FB854	rom	sText_PkmnHealedConfusion
0x083FB871	rom	sText_PkmnWasConfused
0x083FB885	rom	sText_PkmnAlreadyConfused
0x083FB89D	rom	sText_PkmnFellInLove
0x083FB8AE	rom	sText_PkmnInLove
0x083FB8C5	rom	sText_PkmnImmobilizedByLove
0x083FB8E0	rom	sText_PkmnBlownAway
0x083FB8F3	rom	sText_PkmnChangedType
0x083FB914	rom	sText_PkmnFlinched
0x083FB921	rom	sText_PkmnRegainedHealth
0x083FB935	rom	sText_PkmnHPFull
0x083FB946	rom	sText_PkmnRaisedSpDef
0x083FB95E	rom	sText_PkmnRaisedSpDefALittle
0x083FB97F	rom	sText_PkmnRaisedDef
0x083FB997	rom	sText_PkmnRaisedDefALittle
0x083FB9B8	rom	sText_PkmnCoveredByVeil
0x083FB9D9	rom	sText_PkmnUsedSafeguard
0x083FB9FF	rom	sText_PkmnSafeguardExpired
0x083FBA2F	rom	sText_PkmnWentToSleep
0x083FBA41	rom	sText_PkmnSleptHealthy
0x083FBA5E	rom	sText_PkmnWhippedWhirlwind
0x083FBA79	rom	sText_PkmnTookSunlight
0x083FBA8E	rom	sText_PkmnLoweredHead
0x083FBAA3	rom	sText_PkmnIsGlowing
0x083FBAB2	rom	sText_PkmnFlewHigh
0x083FBAC3	rom	sText_PkmnDugHole
0x083FBAD2	rom	sText_PkmnHidUnderwater
0x083FBAE5	rom	sText_PkmnSprangUp
0x083FBAF3	rom	sText_PkmnSqueezedByBind
0x083FBB11	rom	sText_PkmnTrappedInVortex
0x083FBB2F	rom	sText_PkmnTrappedBySandTomb
0x083FBB4C	rom	sText_PkmnWrappedBy
0x083FBB62	rom	sText_PkmnClamped
0x083FBB71	rom	sText_PkmnHurtBy
0x083FBB83	rom	sText_PkmnFreedFrom
0x083FBB99	rom	sText_PkmnCrashed
0x083FBBB4	rom	gBattleText_MistShroud
0x083FBBD0	rom	sText_PkmnProtectedByMist
0x083FBBE9	rom	gBattleText_GetPumped
0x083FBBFF	rom	sText_PkmnHitWithRecoil
0x083FBC16	rom	sText_PkmnProtectedItself2
0x083FBC2B	rom	sText_PkmnBuffetedBySandstorm
0x083FBC4C	rom	sText_PkmnPeltedByHail
0x083FBC62	rom	sText_PkmnsXWoreOff
0x083FBC74	rom	sText_PkmnSeeded
0x083FBC83	rom	sText_PkmnEvadedAttack
0x083FBC99	rom	sText_PkmnSappedByLeechSeed
0x083FBCBE	rom	sText_PkmnFastAsleep
0x083FBCD1	rom	sText_PkmnWokeUp
0x083FBCDD	rom	sText_PkmnUproarKeptAwake
0x083FBCFC	rom	sText_PkmnWokeUpInUproar
0x083FBD16	rom	sText_PkmnCausedUproar
0x083FBD2B	rom	sText_PkmnMakingUproar
0x083FBD43	rom	sText_PkmnCalmedDown
0x083FBD53	rom	sText_PkmnCantSleepInUproar
0x083FBD74	rom	sText_PkmnStockpiled
0x083FBD86	rom	sText_PkmnCantStockpile
0x083FBDA3	rom	sText_PkmnCantSleepInUproar2
0x083FBDC4	rom	sText_UproarKeptPkmnAwake
0x083FBDE2	rom	sText_PkmnStayedAwakeUsing
0x083FBE00	rom	sText_PkmnStoringEnergy
0x083FBE16	rom	sText_PkmnUnleashedEnergy
0x083FBE2B	rom	sText_PkmnFatigueConfusion
0x083FBE4E	rom	sText_PkmnPickedUpItem
0x083FBE61	rom	sText_PkmnUnaffected
0x083FBE73	rom	sText_PkmnTransformedInto
0x083FBE8B	rom	sText_PkmnMadeSubstitute
0x083FBEA1	rom	sText_PkmnHasSubstitute
0x083FBEBE	rom	sText_SubstituteDamaged
0x083FBEE2	rom	sText_PkmnSubstituteFaded
0x083FBEFA	rom	sText_PkmnMustRecharge
0x083FBF0C	rom	sText_PkmnRageBuilding
0x083FBF23	rom	sText_PkmnMoveWasDisabled
0x083FBF39	rom	sText_PkmnMoveDisabledNoMore
0x083FBF51	rom	sText_PkmnGotEncore
0x083FBF63	rom	sText_PkmnEncoreEnded
0x083FBF76	rom	sText_PkmnTookAim
0x083FBF89	rom	sText_PkmnSketchedMove
0x083FBF99	rom	sText_PkmnTryingToTakeFoe
0x083FBFBF	rom	sText_PkmnTookFoe
0x083FBFD3	rom	sText_PkmnReducedPP
0x083FBFEA	rom	sText_PkmnStoleItem
0x083FBFFC	rom	sText_TargetCantEscapeNow
0x083FC011	rom	sText_PkmnFellIntoNightmare
0x083FC02B	rom	sText_PkmnLockedInNightmare
0x083FC048	rom	sText_PkmnLaidCurse
0x083FC072	rom	sText_PkmnAfflictedByCurse
0x083FC090	rom	sText_SpikesScattered
0x083FC0C6	rom	sText_PkmnHurtBySpikes
0x083FC0DC	rom	sText_PkmnIdentified
0x083FC0EE	rom	sText_PkmnPerishCountFell
0x083FC10C	rom	sText_PkmnBracedItself
0x083FC11E	rom	sText_PkmnEnduredHit
0x083FC132	rom	sText_MagnitudeStrength
0x083FC140	rom	sText_PkmnCutHPMaxedAttack
0x083FC168	rom	sText_PkmnCopiedStatChanges
0x083FC185	rom	sText_PkmnGotFree
0x083FC19D	rom	sText_PkmnShedLeechSeed
0x083FC1B1	rom	sText_PkmnBlewAwaySpikes
0x083FC1C6	rom	sText_PkmnFledFromBattle
0x083FC1DB	rom	sText_PkmnForesawAttack
0x083FC1F1	rom	sText_PkmnTookAttack
0x083FC208	rom	sText_PkmnChoseXAsDestiny
0x083FC224	rom	sText_PkmnAttack
0x083FC231	rom	sText_PkmnCenterAttention
0x083FC254	rom	sText_PkmnChargingPower
0x083FC26D	rom	sText_NaturePowerTurnedInto
0x083FC28A	rom	sText_PkmnStatusNormal
0x083FC2AA	rom	sText_PkmnSubjectedToTorment
0x083FC2C7	rom	sText_PkmnTighteningFocus
0x083FC2E3	rom	sText_PkmnFellForTaunt
0x083FC2FA	rom	sText_PkmnReadyToHelp
0x083FC312	rom	sText_PkmnSwitchedItems
0x083FC337	rom	sText_PkmnObtainedX
0x083FC347	rom	sText_PkmnObtainedX2
0x083FC357	rom	sText_PkmnObtainedXYObtainedZ
0x083FC377	rom	sText_PkmnCopiedFoe
0x083FC38A	rom	sText_PkmnMadeWish
0x083FC39A	rom	sText_PkmnWishCameTrue
0x083FC3AF	rom	sText_PkmnPlantedRoots
0x083FC3C5	rom	sText_PkmnAbsorbedNutrients
0x083FC3EB	rom	sText_PkmnAnchoredItself
0x083FC40E	rom	sText_PkmnWasMadeDrowsy
0x083FC421	rom	sText_PkmnKnockedOff
0x083FC439	rom	sText_PkmnSwappedAbilities
0x083FC461	rom	sText_PkmnSealedOpponentMove
0x083FC483	rom	sText_PkmnWantsGrudge
0x083FC4AB	rom	sText_PkmnLostPPGrudge
0x083FC4D6	rom	sText_PkmnShroudedItself
0x083FC4F0	rom	sText_PkmnMoveBounced
0x083FC518	rom	sText_PkmnWaitsForTarget
0x083FC53D	rom	sText_PkmnSnatchedMove
0x083FC554	rom	sText_ElectricityWeakened
0x083FC576	rom	sText_FireWeakened
0x083FC591	rom	sText_XFoundOneY
0x083FC5A2	rom	sText_SoothingAroma
0x083FC5CC	rom	sText_ItemsCantBeUsedNow
0x083FC5E8	rom	sText_ForXCommaYZ
0x083FC5F6	rom	sText_PkmnUsedXToGetPumped
0x083FC60C	rom	sText_PkmnLostFocus
0x083FC631	rom	sText_PkmnWasDraggedOut
0x083FC646	rom	sText_TheWallShattered
0x083FC65A	rom	sText_ButNoEffect
0x083FC670	rom	sText_PkmnHasNoMovesLeft
0x083FC687	rom	sText_PkmnMoveIsDisabled
0x083FC69D	rom	sText_PkmnCantUseMoveTorment
0x083FC6D6	rom	sText_PkmnCantUseMoveTaunt
0x083FC6F8	rom	sText_PkmnCantUseMoveSealed
0x083FC715	rom	sText_PkmnMadeItRain
0x083FC72B	rom	sText_PkmnRaisedSpeed
0x083FC745	rom	sText_PkmnProtectedBy
0x083FC75D	rom	sText_PkmnPreventsUsage
0x083FC780	rom	sText_PkmnRestoredHPUsing
0x083FC79D	rom	sText_PkmnsXMadeYUseless
0x083FC7B6	rom	sText_PkmnChangedTypeWith
0x083FC7D3	rom	sText_PkmnPreventsParalysisWith
0x083FC7EF	rom	sText_PkmnPreventsRomanceWith
0x083FC809	rom	sText_PkmnPreventsPoisoningWith
0x083FC825	rom	sText_PkmnPreventsConfusionWith
0x083FC841	rom	sText_PkmnRaisedFirePowerWith
0x083FC860	rom	sText_PkmnAnchorsItselfWith
0x083FC87B	rom	sText_PkmnCutsAttackWith
0x083FC895	rom	sText_PkmnPreventsStatLossWith
0x083FC8B1	rom	sText_PkmnHurtsWith
0x083FC8C2	rom	sText_PkmnTraced
0x083FC8D5	rom	sText_PkmnsXPreventsBurns
0x083FC8ED	rom	sText_PkmnsXBlocksY
0x083FC900	rom	sText_PkmnsXBlocksY2
0x083FC913	rom	sText_PkmnsXRestoredHPALittle2
0x083FC935	rom	sText_PkmnsXWhippedUpSandstorm
0x083FC955	rom	sText_PkmnsXIntensifiedSun
0x083FC979	rom	sText_PkmnsXPreventsYLoss
0x083FC993	rom	sText_PkmnsXInfatuatedY
0x083FC9AA	rom	sText_PkmnsXMadeYIneffective
0x083FC9C7	rom	sText_PkmnsXCuredYProblem
0x083FC9E5	rom	sText_ItSuckedLiquidOoze
0x083FCA03	rom	sText_PkmnTransformed
0x083FCA13	rom	sText_PkmnsXTookAttack
0x083FCA2C	rom	gText_PkmnsXPreventsSwitching
0x083FCA49	rom	sText_PreventedFromWorking
0x083FCA71	rom	sText_PkmnsXMadeItIneffective
0x083FCA8E	rom	sText_PkmnsXPreventsFlinching
0x083FCAAA	rom	sText_PkmnsXPreventsYsZ
0x083FCAD1	rom	sText_PkmnsXCuredItsYProblem
0x083FCAEF	rom	sText_PkmnsXHadNoEffectOnY
0x083FCB0C	rom	sText_TooScaredToMove
0x083FCB26	rom	sText_GetOutGetOut
0x083FCB41	rom	sText_StatSharply
0x083FCB4A	rom	gBattleText_Rose
0x083FCB50	rom	sText_StatHarshly
0x083FCB59	rom	sText_StatFell
0x083FCB5F	rom	sText_AttackersStatRose
0x083FCB6A	rom	gText_DefendersStatRose
0x083FCB75	rom	sText_UsingItemTheStatOfPkmnRose
0x083FCB8F	rom	sText_AttackersStatFell
0x083FCB9A	rom	sText_DefendersStatFell
0x083FCBA5	rom	sText_StatsWontIncrease2
0x083FCBC5	rom	sText_StatsWontDecrease2
0x083FCBE4	rom	sText_CriticalHit
0x083FCBF4	rom	sText_OneHitKO
0x083FCC07	rom	sText_123Poof
0x083FCC33	rom	sText_AndEllipsis
0x083FCC39	rom	sText_HMMovesCantBeForgotten
0x083FCC5B	rom	sText_NotVeryEffective
0x083FCC74	rom	sText_SuperEffective
0x083FCC8A	rom	sText_GotAwaySafely
0x083FCCA0	rom	sText_PkmnFledUsingIts
0x083FCCBB	rom	sText_PkmnFledUsing
0x083FCCD2	rom	sText_WildPkmnFled
0x083FCCE4	rom	sText_PlayerDefeatedLinkTrainer
0x083FCCF8	rom	sText_TwoLinkTrainersDefeated
0x083FCD0F	rom	sText_PlayerLostAgainstLinkTrainer
0x083FCD27	rom	sText_PlayerLostToTwo
0x083FCD41	rom	sText_PlayerBattledToDrawLinkTrainer
0x083FCD66	rom	sText_PlayerBattledToDrawVsTwo
0x083FCD92	rom	sText_WildFled
0x083FCD9F	rom	sText_TwoWildFled
0x083FCDB3	rom	sText_NoRunningFromTrainers
0x083FCDE2	rom	sText_CantEscape
0x083FCDF1	rom	sText_DontLeaveBirch
0x083FCDF2	rom	sText_ButNothingHappened
0x083FCE08	rom	sText_ButItFailed
0x083FCE17	rom	sText_ItHurtConfusion
0x083FCE38	rom	sText_MirrorMoveFailed
0x083FCE50	rom	sText_StartedToRain
0x083FCE64	rom	sText_DownpourStarted
0x083FCE78	rom	sText_RainContinues
0x083FCE90	rom	sText_DownpourContinues
0x083FCEA8	rom	sText_RainStopped
0x083FCEBA	rom	sText_SandstormBrewed
0x083FCECE	rom	sText_SandstormRages
0x083FCEE3	rom	sText_SandstormSubsided
0x083FCEFB	rom	sText_SunlightGotBright
0x083FCF14	rom	sText_SunlightStrong
0x083FCF2C	rom	sText_SunlightFaded
0x083FCF40	rom	sText_StartedHail
0x083FCF54	rom	sText_HailContinues
0x083FCF6C	rom	sText_HailStopped
0x083FCF7E	rom	sText_FailedToSpitUp
0x083FCFA0	rom	sText_FailedToSwallow
0x083FCFC2	rom	sText_WindBecameHeatWave
0x083FCFE4	rom	sText_StatChangesGone
0x083FD006	rom	sText_CoinsScattered
0x083FD022	rom	sText_TooWeakForSubstitute
0x083FD048	rom	sText_SharedPain
0x083FD068	rom	sText_BellChimed
0x083FD077	rom	sText_FaintInThree
0x083FD0A7	rom	sText_NoPPLeft
0x083FD0CA	rom	sText_ButNoPPLeft
0x083FD0F1	rom	sText_PkmnIgnoresAsleep
0x083FD111	rom	sText_PkmnIgnoredOrders
0x083FD124	rom	sText_PkmnBeganToNap
0x083FD135	rom	sText_PkmnLoafing
0x083FD14B	rom	sText_PkmnWontObey
0x083FD15A	rom	sText_PkmnTurnedAway
0x083FD16A	rom	sText_PkmnPretendNotNotice
0x083FD186	rom	sText_EnemyAboutToSwitchPkmn
0x083FD1B8	rom	sText_PkmnLearnedMove2
0x083FD1C7	rom	sText_PlayerDefeatedLinkTrainerTrainer1
0x083FD1DF	rom	sText_ThrewARock
0x083FD1FA	rom	sText_ThrewSomeBait
0x083FD218	rom	sText_PkmnWatchingCarefully
0x083FD232	rom	sText_PkmnIsAngry
0x083FD23F	rom	sText_PkmnIsEating
0x083FD24D	rom	sText_OutOfSafariBalls
0x083FD284	rom	sText_WildPkmnAppeared
0x083FD297	rom	sText_WildPkmnAppeared2
0x083FD2AA	rom	sText_WildPkmnAppearedPause
0x083FD2BF	rom	sText_TwoWildPkmnAppeared
0x083FD2D9	rom	sText_GhostAppearedCantId
0x083FD30D	rom	sText_TheGhostAppeared
0x083FD322	rom	sText_SilphScopeUnveil
0x083FD34D	rom	sText_TheGhostWas
0x083FD366	rom	sText_Trainer1WantsToBattle
0x083FD383	rom	sText_LinkTrainerWantsToBattle
0x083FD397	rom	sText_TwoLinkTrainersWantToBattle
0x083FD3B1	rom	sText_Trainer1SentOutPkmn
0x083FD3C7	rom	sText_Trainer1SentOutTwoPkmn
0x083FD3E4	rom	sText_Trainer1SentOutPkmn2
0x083FD3F7	rom	sText_LinkTrainerSentOutPkmn
0x083FD407	rom	sText_LinkTrainerSentOutTwoPkmn
0x083FD41E	rom	sText_TwoLinkTrainersSentOutPkmn
0x083FD43E	rom	sText_LinkTrainerSentOutPkmn2
0x083FD44E	rom	sText_LinkTrainerMultiSentOutPkmn
0x083FD45E	rom	sText_GoPkmn
0x083FD466	rom	sText_GoTwoPkmn
0x083FD475	rom	sText_GoPkmn2
0x083FD47D	rom	sText_DoItPkmn
0x083FD488	rom	sText_GoForItPkmn
0x083FD497	rom	sText_YourFoesWeakGetEmPkmn
0x083FD4B5	rom	sText_LinkPartnerSentOutPkmnGoPkmn
0x083FD4CD	rom	sText_PkmnThatsEnough
0x083FD4EB	rom	sText_PkmnComeBack
0x083FD4FA	rom	sText_PkmnOkComeBack
0x083FD50D	rom	sText_PkmnGoodComeBack
0x083FD522	rom	sText_Trainer1WithdrewPkmn
0x083FD535	rom	sText_LinkTrainer1WithdrewPkmn
0x083FD545	rom	sText_LinkTrainer2WithdrewPkmn
0x083FD555	rom	sText_WildPkmnPrefix
0x083FD55B	rom	sText_FoePkmnPrefix
0x083FD560	rom	sText_FoePkmnPrefix2
0x083FD564	rom	sText_AllyPkmnPrefix
0x083FD569	rom	sText_FoePkmnPrefix3
0x083FD56D	rom	sText_AllyPkmnPrefix2
0x083FD572	rom	sText_FoePkmnPrefix4
0x083FD576	rom	sText_AllyPkmnPrefix3
0x083FD57B	rom	sText_AttackerUsedX
0x083FD586	rom	sText_ExclamationMark
0x083FD588	rom	sText_ExclamationMark2
0x083FD58A	rom	sText_ExclamationMark3
0x083FD58C	rom	sText_ExclamationMark4
0x083FD58E	rom	sText_ExclamationMark5
0x083FD590	rom	sText_HP2
0x083FD593	rom	sText_Attack2
0x083FD59A	rom	sText_Defense2
0x083FD5A2	rom	sText_Speed
0x083FD5A8	rom	sText_SpAtk2
0x083FD5B0	rom	sText_SpDef2
0x083FD5B8	rom	sText_Accuracy
0x083FD5C1	rom	sText_Evasiveness
0x083FD5D0	rom	gStatNamesTable
0x083FD5F0	rom	sText_PokeblockWasTooSpicy
0x083FD5FF	rom	sText_PokeblockWasTooDry
0x083FD60C	rom	sText_PokeblockWasTooSweet
0x083FD61B	rom	sText_PokeblockWasTooBitter
0x083FD62B	rom	sText_PokeblockWasTooSour
0x083FD63C	rom	gPokeblockWasTooXStringTable
0x083FD650	rom	sText_PlayerUsedItem
0x083FD65C	rom	sText_OldManUsedItem
0x083FD671	rom	sText_PokedudeUsedItem
0x083FD688	rom	sText_Trainer1UsedItem
0x083FD697	rom	sText_TrainerBlockedBall
0x083FD6B5	rom	sText_DontBeAThief
0x083FD6C7	rom	sText_ItDodgedBall
0x083FD700	rom	sText_YouMissedPkmn
0x083FD718	rom	sText_PkmnBrokeFree
0x083FD738	rom	sText_ItAppearedCaught
0x083FD757	rom	sText_AarghAlmostHadIt
0x083FD76D	rom	sText_ShootSoClose
0x083FD78A	rom	sText_ItDodgedBall2
0x083FD7A2	rom	sText_GotchaPkmnCaught
0x083FD7C0	rom	sText_GotchaPkmnCaught2
0x083FD7E0	rom	sText_GiveNicknameCaptured
0x083FD804	rom	sText_PkmnSentToPC
0x083FD81A	rom	sText_Someones
0x083FD824	rom	sText_Bills
0x083FD82B	rom	sText_PkmnDataAddedToDex
0x083FD850	rom	sText_ItIsRaining
0x083FD85F	rom	sText_SandstormIsRaging
0x083FD876	rom	sText_BoxIsFull
0x083FD8A2	rom	sText_EnigmaBerry
0x083FD8AF	rom	sText_BerrySuffix
0x083FD8B6	rom	sText_Enigma
0x083FD8B9	rom	sText_PkmnsItemCuredParalysis
0x083FD8D2	rom	sText_PkmnsItemCuredPoison
0x083FD8E8	rom	sText_PkmnsItemHealedBurn
0x083FD901	rom	sText_PkmnsItemDefrostedIt
0x083FD917	rom	sText_PkmnsItemWokeIt
0x083FD937	rom	sText_PkmnsItemSnappedOut
0x083FD95C	rom	sText_PkmnsItemCuredProblem
0x083FD97A	rom	sText_PkmnsItemNormalizedStatus
0x083FD999	rom	sText_PkmnsItemRestoredHealth
0x083FD9B2	rom	sText_PkmnsItemRestoredPP
0x083FD9CC	rom	sText_PkmnsItemRestoredStatus
0x083FD9E9	rom	sText_PkmnsItemRestoredHPALittle
0x083FDA0B	rom	sText_ItemAllowsOnlyYMove
0x083FDA33	rom	sText_PkmnHungOnWithX
0x083FDA4C	rom	gText_EmptyString3
0x083FDA4D	rom	sText_PlayedFluteCatchyTune
0x083FDA7A	rom	sText_PlayedThe
0x083FDA8C	rom	sText_PkmnHearingFluteAwoke
0x083FDAB1	rom	sText_YouThrowABallNowRight
0x083FDAE2	rom	gText_ForPetesSake
0x083FDB92	rom	gText_TheTrainerThat
0x083FDBEF	rom	gText_TryBattling
0x083FDC58	rom	gText_InflictingDamageIsKey
0x083FDC95	rom	gText_LoweringStats
0x083FDCD2	rom	gText_KeepAnEyeOnHP
0x083FDD23	rom	gText_OakNoRunningFromATrainer
0x083FDD64	rom	gText_WinEarnsPrizeMoney
0x083FDDEB	rom	gText_HowDissapointing
0x083FDF3C	rom	gBattleStringsTable
0x083FE514	rom	gMissStringIds
0x083FE51E	rom	gNoEscapeStringIds
0x083FE528	rom	gMoveWeatherChangeStringIds
0x083FE534	rom	gSandstormHailContinuesStringIds
0x083FE538	rom	gSandstormHailDmgStringIds
0x083FE53C	rom	gSandstormHailEndStringIds
0x083FE540	rom	gRainContinuesStringIds
0x083FE546	rom	gProtectLikeUsedStringIds
0x083FE54C	rom	gReflectLightScreenSafeguardStringIds
0x083FE558	rom	gLeechSeedStringIds
0x083FE562	rom	gRestUsedStringIds
0x083FE566	rom	gUproarOverTurnStringIds
0x083FE56A	rom	gStockpileUsedStringIds
0x083FE56E	rom	gWokeUpStringIds
0x083FE572	rom	gSwallowFailStringIds
0x083FE576	rom	gUproarAwakeStringIds
0x083FE57C	rom	gStatUpStringIds
0x083FE588	rom	gStatDownStringIds
0x083FE590	rom	gFirstTurnOfTwoStringIds
0x083FE5A0	rom	gWrappedStringIds
0x083FE5AC	rom	gMistUsedStringIds
0x083FE5B0	rom	gFocusEnergyUsedStringIds
0x083FE5B4	rom	gTransformUsedStringIds
0x083FE5B8	rom	gSubstituteUsedStringIds
0x083FE5BC	rom	gGotPoisonedStringIds
0x083FE5C0	rom	gGotParalyzedStringIds
0x083FE5C4	rom	gFellAsleepStringIds
0x083FE5C8	rom	gGotBurnedStringIds
0x083FE5CC	rom	gGotFrozenStringIds
0x083FE5D0	rom	gGotDefrostedStringIds
0x083FE5D4	rom	gKOFailedStringIds
0x083FE5D8	rom	gAttractUsedStringIds
0x083FE5DC	rom	gAbsorbDrainStringIds
0x083FE5E0	rom	gSportsUsedStringIds
0x083FE5E4	rom	gPartyStatusHealStringIds
0x083FE5EE	rom	gFutureMoveUsedStringIds
0x083FE5F2	rom	gBallEscapeStringIds
0x083FE5FA	rom	gWeatherStartsStringIds
0x083FE61A	rom	gInobedientStringIds
0x083FE622	rom	gSafariReactionStringIds
0x083FE628	rom	gTrainerItemCuredStatusStringIds
0x083FE634	rom	gBerryEffectStringIds
0x083FE638	rom	gBRNPreventionStringIds
0x083FE63E	rom	gPRLZPreventionStringIds
0x083FE644	rom	gPSNPreventionStringIds
0x083FE64A	rom	gItemSwapStringIds
0x083FE650	rom	gFlashFireStringIds
0x083FE654	rom	gCaughtMonStringIds
0x083FE65C	rom	gDoubleBattleRecallStrings
0x083FE664	rom	gTrappingMoves
0x083FE672	rom	gText_PkmnIsEvolving
0x083FE688	rom	gText_CongratsPkmnEvolved
0x083FE6B5	rom	gText_PkmnStoppedEvolving
0x083FE6D0	rom	gText_EllipsisQuestionMark
0x083FE6D5	rom	gText_WhatWillPkmnDo
0x083FE6E6	rom	gText_WhatWillPlayerThrow
0x083FE6FA	rom	gText_WhatWillOldManDo
0x083FE714	rom	gText_LinkStandby
0x083FE725	rom	gText_BattleMenu
0x083FE747	rom	gText_SafariZoneMenu
0x083FE766	rom	gText_MoveInterfacePP
0x083FE76A	rom	gText_MoveInterfaceType
0x083FE770	rom	gText_MoveInterfaceDynamicColors
0x083FE779	rom	gText_WhichMoveToForget_Unused
0x083FE791	rom	gText_BattleYesNoChoice
0x083FE7A0	rom	gText_BattleSwitchWhich
0x083FE7B6	rom	sText_UnusedColors
0x083FE7BF	rom	sText_RightArrow2
0x083FE7C2	rom	sText_Plus
0x083FE7C5	rom	sText_Dash
0x083FE7C7	rom	sText_MaxHP
0x083FE7D4	rom	sText_Attack
0x083FE7DC	rom	sText_Defense
0x083FE7E4	rom	sText_SpAtk
0x083FE7EC	rom	sText_SpDef
0x083FE7F4	rom	sStatNamesTable2
0x083FE80C	rom	gText_SafariBalls
0x083FE81C	rom	gText_HighlightRed_Left
0x083FE826	rom	gText_HighlightRed
0x083FE82A	rom	gText_Sleep
0x083FE830	rom	gText_Poison
0x083FE837	rom	gText_Burn
0x083FE83C	rom	gText_Paralysis
0x083FE846	rom	gText_Ice
0x083FE84A	rom	gText_Confusion
0x083FE854	rom	gText_Love
0x083FE859	rom	gText_BattleTowerBan_Space
0x083FE85C	rom	gText_BattleTowerBan_Newline1
0x083FE85E	rom	gText_BattleTowerBan_Newline2
0x083FE860	rom	gText_BattleTowerBan_Is1
0x083FE864	rom	gText_BattleTowerBan_Is2
0x083FE868	rom	gText_BadEgg
0x083FE870	rom	gText_BattleWallyName
0x083FE874	rom	gText_Win
0x083FE87B	rom	gText_Loss
0x083FE883	rom	gText_Draw
0x083FE88B	rom	sText_SpaceIs
0x083FE88F	rom	sText_ApostropheS
0x083FE892	rom	gText_ANormalMove
0x083FE8A0	rom	gText_AFightingMove
0x083FE8B0	rom	gText_AFlyingMove
0x083FE8BE	rom	gText_APoisonMove
0x083FE8CC	rom	gText_AGroundMove
0x083FE8DA	rom	gText_ARockMove
0x083FE8E6	rom	gText_ABugMove
0x083FE8F1	rom	gText_AGhostMove
0x083FE8FE	rom	gText_ASteelMove
0x083FE90B	rom	gText_AMysteryMove
0x083FE916	rom	gText_AFireMove
0x083FE922	rom	gText_AWaterMove
0x083FE92F	rom	gText_AGrassMove
0x083FE93C	rom	gText_AnElectricMove
0x083FE94D	rom	gText_APsychicMove
0x083FE95C	rom	gText_AnIceMove
0x083FE968	rom	gText_ADragonMove
0x083FE976	rom	gText_ADarkMove
0x083FE982	rom	gText_TimeBoard
0x083FE98D	rom	gText_ClearTime
0x083FE998	rom	gText_XMinYZSec
0x083FE9A9	rom	gText_Unused_1F
0x083FE9AC	rom	gText_Unused_2F
0x083FE9AF	rom	gText_Unused_3F
0x083FE9B2	rom	gText_Unused_4F
0x083FE9B5	rom	gText_Unused_5F
0x083FE9B8	rom	gText_Unused_6F
0x083FE9BB	rom	gText_Unused_7F
0x083FE9BE	rom	gText_Unused_8F
0x083FE9C4	rom	gTrainerTowerChallengeTypeTexts
0x083FE9D4	rom	sText_Trainer1Fled
0x083FE9E4	rom	sText_PlayerLostAgainstTrainer1
0x083FE9FF	rom	sText_PlayerBattledToDrawTrainer1
0x083FEA28	rom	sATypeMove_Table
0x083FEA70	rom	sGrammarMoveUsedTable
0x083FEB64	rom	sTextOnWindowsInfo_Normal
0x083FEC90	rom	sNpcTextColorToFont
0x083FEC94	rom	sSaveSlotLayout
0x083FECD2	rom	gShadowEffectTemplateIds
0x083FECD6	rom	gShadowVerticalOffsets
0x083FECE0	rom	gFadeFootprintsTireTracksFuncs
0x083FECE8	rom	gAshFieldEffectFuncs
0x083FED00	rom	sSafariBufferCommands
0x083FEDE4	rom	sScratchAnimCmds
0x083FEDFC	rom	sScratchAnimTable
0x083FEE00	rom	gScratchSpriteTemplate
0x083FEE18	rom	gBlackSmokeSpriteTemplate
0x083FEE30	rom	gBlackBallSpriteTemplate
0x083FEE48	rom	sOpeningEyeAnimCmds
0x083FEE58	rom	sOpeningEyeAnimTable
0x083FEE5C	rom	gOpeningEyeSpriteTemplate
0x083FEE74	rom	gWhiteHaloSpriteTemplate
0x083FEE8C	rom	gTealAlertSpriteTemplate
0x083FEEA4	rom	sMeanLookEyeAffineAnimCmds1
0x083FEEC4	rom	sMeanLookEyeAffineAnimCmds2
0x083FEEDC	rom	sMeanLookEyeAffineAnimTable
0x083FEEE4	rom	gMeanLookEyeSpriteTemplate
0x083FEEFC	rom	gSpikesSpriteTemplate
0x083FEF14	rom	sLeerAnimCmds
0x083FEF2C	rom	sLeerAnimTable
0x083FEF30	rom	gLeerSpriteTemplate
0x083FEF48	rom	sLetterZAnimCmds
0x083FEF50	rom	sLetterZAnimTable
0x083FEF54	rom	sLetterZAffineAnimCmds
0x083FEF6C	rom	sLetterZAffineAnimTable
0x083FEF70	rom	gLetterZSpriteTemplate
0x083FEF88	rom	sFangAnimCmds
0x083FEF9C	rom	sFangAnimTable
0x083FEFA0	rom	sFangAffineAnimCmds
0x083FEFB8	rom	sFangAffineAnimTable
0x083FEFBC	rom	gFangSpriteTemplate
0x083FEFD4	rom	sSpotlightAffineAnimCmds1
0x083FEFEC	rom	sSpotlightAffineAnimCmds2
0x083FF004	rom	sSpotlightAffineAnimTable
0x083FF00C	rom	gSpotlightSpriteTemplate
0x083FF024	rom	gClappingHandSpriteTemplate
0x083FF03C	rom	gClappingHand2SpriteTemplate
0x083FF054	rom	sRapidSpinAnimCmds
0x083FF064	rom	sRapidSpinAnimTable
0x083FF068	rom	gRapidSpinSpriteTemplate
0x083FF080	rom	sAffineAnims_Torment
0x083FF0A0	rom	sTriAttackTriangleAnimCmds
0x083FF0A8	rom	sTriAttackTriangleAnimTable
0x083FF0AC	rom	sTriAttackTriangleAffineAnimCmds
0x083FF0D4	rom	sTriAttackTriangleAffineAnimTable
0x083FF0D8	rom	gTriAttackTriangleSpriteTemplate
0x083FF0F0	rom	sEclipsingOrbAnimCmds
0x083FF114	rom	sEclipsingOrbAnimTable
0x083FF118	rom	gEclipsingOrbSpriteTemplate
0x083FF130	rom	DefenseCurlDeformMonAffineAnimCmds
0x083FF150	rom	gBatonPassPokeballSpriteTemplate
0x083FF168	rom	gWishStarSpriteTemplate
0x083FF180	rom	gMiniTwinklingStarSpriteTemplate
0x083FF198	rom	sStockpileDeformMonAffineAnimCmds
0x083FF1C0	rom	sSpitUpDeformMonAffineAnimCmds
0x083FF1F8	rom	gSwallowBlueOrbSpriteTemplate
0x083FF210	rom	sSwallowDeformMonAffineAnimCmds
0x083FF240	rom	sMorningSunLightBeamCoordsTable
0x083FF244	rom	sGreenStarAnimCmds1
0x083FF250	rom	sGreenStarAnimCmds2
0x083FF258	rom	sGreenStarAnimCmds3
0x083FF260	rom	sGreenStarAnimTable
0x083FF26C	rom	gGreenStarSpriteTemplate
0x083FF284	rom	sDoomDesireLightBeamCoordTable
0x083FF288	rom	sDoomDesireLightBeamDelayTable
0x083FF290	rom	sStrongFrustrationAffineAnimCmds
0x083FF2B0	rom	gWeakFrustrationAngerMarkSpriteTemplate
0x083FF2C8	rom	sSweetScentPetalAnimCmds1
0x083FF2EC	rom	sSweetScentPetalAnimCmds2
0x083FF310	rom	sSweetScentPetalAnimCmds3
0x083FF318	rom	sSweetScentPetalAnimCmdTable
0x083FF324	rom	gSweetScentPetalSpriteTemplate
0x083FF33C	rom	sUnusedPalette
0x083FF35C	rom	sPainSplitAnimCmds
0x083FF36C	rom	sPainSplitAnimCmdTable
0x083FF370	rom	gPainSplitProjectileSpriteTemplate
0x083FF388	rom	gFlatterConfettiSpriteTemplate
0x083FF3A0	rom	gFlatterSpotlightSpriteTemplate
0x083FF3B8	rom	gReversalOrbSpriteTemplate
0x083FF3D0	rom	sDeepInhaleAffineAnimCmds
0x083FF400	rom	sYawnCloudAffineAnimCmds1
0x083FF420	rom	sYawnCloudAffineAnimCmds2
0x083FF440	rom	sYawnCloudAffineAnimCmds3
0x083FF460	rom	sYawnCloudAffineAnimTable
0x083FF46C	rom	gYawnCloudSpriteTemplate
0x083FF484	rom	sSmokeBallEscapeCloudAffineAnimCmds1
0x083FF4A4	rom	sSmokeBallEscapeCloudAffineAnimCmds2
0x083FF4C4	rom	sSmokeBallEscapeCloudAffineAnimCmds3
0x083FF4E4	rom	sSmokeBallEscapeCloudAffineAnimCmds4
0x083FF504	rom	sSmokeBallEscapeCloudAffineAnimTable
0x083FF514	rom	gSmokeBallEscapeCloudSpriteTemplate
0x083FF52C	rom	sFacadeSquishAffineAnimCmds
0x083FF54C	rom	gFacadeSweatDropSpriteTemplate
0x083FF564	rom	sFacadeBlendColors
0x083FF594	rom	sRoarNoiseLineAnimCmds1
0x083FF5A0	rom	sRoarNoiseLineAnimCmds2
0x083FF5AC	rom	sRoarNoiseLineAnimTable
0x083FF5B4	rom	gRoarNoiseLineSpriteTemplate
0x083FF5CC	rom	gGlareEyeDotSpriteTemplate
0x083FF5E4	rom	gAssistPawprintSpriteTemplate
0x083FF5FC	rom	sBarrageBallAffineAnimCmds1
0x083FF60C	rom	sBarrageBallAffineAnimCmds2
0x083FF624	rom	sBarrageBallAffineAnimTable
0x083FF62C	rom	gBarrageBallSpriteTemplate
0x083FF644	rom	gSmellingSaltsHandSpriteTemplate
0x083FF65C	rom	sSmellingSaltsSquishAffineAnimCmds
0x083FF674	rom	gSmellingSaltExclamationSpriteTemplate
0x083FF68C	rom	gHelpingHandClapSpriteTemplate
0x083FF6A4	rom	gForesightMagnifyingGlassSpriteTemplate
0x083FF6BC	rom	gMeteorMashStarSpriteTemplate
0x083FF6D4	rom	sUnusedStarBurstSpriteTemplate
0x083FF6EC	rom	gBlockXSpriteTemplate
0x083FF704	rom	sUnusedItemBagStealSpriteTemplate
0x083FF71C	rom	sKnockOffStrikeAnimCmds
0x083FF728	rom	sKnockOffStrikeAnimTable
0x083FF72C	rom	sKnockOffStrikeAffineanimCmds1
0x083FF744	rom	sKnockOffStrikeAffineanimCmds2
0x083FF75C	rom	sKnockOffStrikeAffineAnimTable
0x083FF764	rom	gKnockOffStrikeSpriteTemplate
0x083FF77C	rom	sRecycleSpriteAffineAnimCmds
0x083FF78C	rom	sRecycleSpriteAffineAnimTable
0x083FF790	rom	gRecycleSpriteTemplate
0x083FF7A8	rom	sSlackOffSquishAffineAnimCmds
0x083FF7D8	rom	sLearnMoveInterfaceSpritesPalette
0x083FF7F8	rom	sLearnMoveInterfaceSpritesTiles
0x083FF978	rom	sMoveTutorMenuWindowFrameDimensions
0x083FF984	rom	sJPText_TatakauWaza
0x083FF98B	rom	sJPText_Taipu
0x083FF990	rom	sJPText_PP
0x083FF994	rom	sJPText_Iryoku
0x083FF99A	rom	sJPText_Meichuu
0x083FF9A4	rom	sMoveTutorMoveInfoHeaders
0x083FF9F4	rom	sSpriteSheet_ListMenuScrollIndicators
0x083FF9FC	rom	sSpritePalette_ListMenuScrollIndicators
0x083FFA04	rom	sOamdata_MoveRelearnerListMenuScrollIndicators
0x083FFA0C	rom	sAnimCmd_ScrollIndicatorDown
0x083FFA14	rom	sAnimCmd_ScrollIndicatorUp
0x083FFA1C	rom	sSpriteAnimTable_MoveRelearnerListMenuScrollIndicators
0x083FFA24	rom	sSpriteTemplate_MoveRelearnerListMenuScrollIndicators
0x083FFA3C	rom	sBgTemplates
0x083FFA44	rom	sWindowTemplates
0x083FFA8C	rom	sMoveRelearnerYesNoMenuTemplate
0x083FFA94	rom	sMoveRelearnerListMenuTemplate
0x083FFAAC	rom	sUnused
0x083FFABF	rom	sText_100
0x083FFAC4	rom	sBattleTowerTrainers
0x083FFAC4	rom	sBattleTowerHeldItems
0x083FFB44	rom	gBattleTowerLevel50Mons
0x08400E04	rom	gBattleTowerLevel100Mons
0x084020C4	rom	sFemaleTrainerClasses
0x084020C4	rom	sFemaleTrainerGfx
0x084020C4	rom	sMaleTrainerClasses
0x084020C4	rom	sMaleTrainerGfx
0x084020C4	rom	gBattleTowerBannedSpecies
0x084020DA	rom	sShortStreakPrizes
0x084020E6	rom	sLongStreakPrizes
0x084020F8	rom	sOakOldManBufferCommands
0x084021DC	rom	sItemStorageActionDescriptionPtrs
0x084021E8	rom	sMenuActions_TopMenu
0x08402200	rom	sItemOrder_BedroomPC
0x08402203	rom	sItemOrder_PlayerPC
0x08402208	rom	sMenuActions_ItemPc
0x08402220	rom	gNewGamePCItems
0x08402228	rom	sMenuActions_MailSubmenu
0x08402248	rom	sWindowTemplate_TopMenu_3Items
0x08402250	rom	sWindowTemplate_TopMenu_4Items
0x08402258	rom	sWindowTemplate_ItemStorageSubmenu
0x08402260	rom	sCopyright_Pal
0x08402280	rom	sCopyright_Gfx
0x084024E4	rom	sCopyright_Map
0x08402630	rom	sGameFreakBg_Pal
0x08402650	rom	sGameFreakBg_Gfx
0x08402668	rom	sGameFreakBg_Map
0x0840270C	rom	sGameFreakLogo_Pal
0x0840272C	rom	sGameFreakText_Gfx
0x084028F8	rom	sGameFreakLogo_Gfx
0x08402A44	rom	sStar_Pal
0x08402A64	rom	sStar_Gfx
0x08402ABC	rom	sSparkles_Pal
0x08402ADC	rom	sSparklesSmall_Gfx
0x08402B2C	rom	sSparklesBig_Gfx
0x08402CD4	rom	sPresents_Gfx
0x08402D34	rom	sScene1_Grass_Pal
0x08402D54	rom	sScene1_Grass_Gfx
0x08403FE8	rom	sScene1_Grass_Map
0x084048CC	rom	sScene1_Bg_Pal
0x084048EC	rom	sScene1_Bg_Gfx
0x08404F7C	rom	sScene1_Bg_Map
0x084053B4	rom	sScene2_Bg_Pal
0x08405414	rom	sScene2_Bg_Gfx
0x08405890	rom	sScene2_Bg_Map
0x08405B08	rom	sScene2_Plants_Pal
0x08405B28	rom	sScene2_Plants_Gfx
0x08405CDC	rom	sScene2_Plants_Map
0x08405DA4	rom	sGengar_Pal
0x08405DC4	rom	sScene2_GengarClose_Gfx
0x0840644C	rom	sScene2_GengarClose_Map
0x08406634	rom	sScene2_NidorinoClose_Pal
0x08406654	rom	sScene2_NidorinoClose_Gfx
0x084071D0	rom	sScene2_NidorinoClose_Map
0x08407430	rom	sScene3_Bg_Pal
0x08407470	rom	sScene3_Bg_Gfx
0x08407A50	rom	sScene3_Bg_Map
0x08407B9C	rom	sScene3_GengarAnim_Gfx
0x08408D98	rom	sScene3_GengarAnim_Map
0x0840926C	rom	sScene2_Gengar_Gfx
0x084096AC	rom	sNidorino_Pal
0x084096CC	rom	sScene2_Nidorino_Gfx
0x08409A1C	rom	sScene3_Grass_Pal
0x08409A3C	rom	sScene3_Grass_Gfx
0x08409D20	rom	sScene3_GengarStatic_Gfx
0x0840A3E4	rom	sScene3_Nidorino_Gfx
0x0840B834	rom	sScene3_Swipe_Pal
0x0840B854	rom	sScene3_RecoilDust_Pal
0x0840B874	rom	sScene3_Swipe_Gfx
0x0840BAE0	rom	sScene3_RecoilDust_Gfx
0x0840BB80	rom	sBgTemplates_GameFreakScene
0x0840BB88	rom	sBgTemplates_Scene1
0x0840BB90	rom	sBgTemplates_Scene2
0x0840BBA0	rom	sBgTemplates_Scene3
0x0840BBA8	rom	sWindowTemplates
0x0840BBB8	rom	sGengarZoomMatrixAnchors
0x0840BBC0	rom	sSpriteSheets_GameFreakScene
0x0840BBE8	rom	sSpritePalettes_GameFreakScene
0x0840BC08	rom	sTextSparkleCoords
0x0840BC2C	rom	sOam_Star
0x0840BC34	rom	sOam_SparklesSmall
0x0840BC3C	rom	sAnim_SparklesSmall_Loop
0x0840BC50	rom	sAnim_SparklesSmall_Once
0x0840BC64	rom	sAnims_SparklesSmall
0x0840BC6C	rom	sSpriteTemplate_Star
0x0840BC84	rom	sSpriteTemplate_SparklesSmall
0x0840BC9C	rom	sOam_SparklesBig
0x0840BCA4	rom	sAnim_SparklesBig
0x0840BCB8	rom	sAnims_SparklesBig
0x0840BCBC	rom	sSpriteTemplate_SparklesBig
0x0840BCD4	rom	sOam_GameFreakLogo
0x0840BCDC	rom	sSpriteTemplate_GameFreakLogoArt
0x0840BCF4	rom	sOam_PresentsText
0x0840BCFC	rom	sSpriteTemplate_Presents
0x0840BD14	rom	sOam_Scene3_Nidorino
0x0840BD1C	rom	sAnim_Scene3_Nidorino_Normal
0x0840BD24	rom	sAnim_Scene3_Nidorino_Cry
0x0840BD2C	rom	sAnim_Scene3_Nidorino_Crouch
0x0840BD34	rom	sAnim_Scene3_Nidorino_Hop
0x0840BD3C	rom	sAnim_Scene3_Nidorino_Attack
0x0840BD44	rom	sAnims_Scene3_Nidorino
0x0840BD58	rom	sAffineAnim_Scene3_Mons_Normal
0x0840BD68	rom	sAffineAnim_Scene3_Mons_Zoom
0x0840BD80	rom	sAffineAnims_Scene3_Mons
0x0840BD88	rom	sSpriteTemplate_Scene3_Nidorino
0x0840BDA0	rom	sOam_Scene2_Mons
0x0840BDA8	rom	sSpriteTemplate_Scene2_Nidorino
0x0840BDC0	rom	sSpriteTemplate_Scene2_Gengar
0x0840BDD8	rom	sOam_Grass
0x0840BDE0	rom	sAnim_Grass_Static
0x0840BDE8	rom	sAnim_Grass_Rustle
0x0840BDF4	rom	sAnims_Grass
0x0840BDFC	rom	sSpriteTemplate_Grass
0x0840BE14	rom	sOam_Scene3_Gengar
0x0840BE1C	rom	sAnim_Scene3_Gengar_TopLeft
0x0840BE24	rom	sAnim_Scene3_Gengar_TopRight
0x0840BE2C	rom	sAnim_Scene3_Gengar_BottomLeft
0x0840BE34	rom	sAnim_Scene3_Gengar_BottomRight
0x0840BE3C	rom	sAnims_Scene3_Gengar
0x0840BE4C	rom	sSpriteTemplate_Scene3_Gengar
0x0840BE64	rom	sOam_Swipe
0x0840BE6C	rom	sAnim_Swipe_Top
0x0840BE78	rom	sAnim_Swipe_Bottom
0x0840BE84	rom	sAnims_Swipe
0x0840BE8C	rom	sSpriteTemplate_GengarSwipe
0x0840BEA4	rom	sOam_RecoilDust
0x0840BEAC	rom	sAnim_RecoilDust
0x0840BEC0	rom	sAnims_RecoilDust
0x0840BEC4	rom	sSpriteTemplate_NidorinoRecoilDust
0x0840BEDC	rom	sFightSceneSpriteSheets
0x0840BF14	rom	sFightSceneSpritePalettes
0x0840BF3C	rom	sCaptureStar
0x0840BF48	rom	gBallParticleSpritesheets
0x0840BFA8	rom	gBallParticlePalettes
0x0840C008	rom	sAnim_RegularBall
0x0840C024	rom	sAnim_MasterBall
0x0840C02C	rom	sAnim_NetDiveBall
0x0840C034	rom	sAnim_NestBall
0x0840C03C	rom	sAnim_LuxuryPremierBall
0x0840C048	rom	sAnim_UltraRepeatTimerBall
0x0840C050	rom	sAnims_BallParticles
0x0840C068	rom	sBallParticleAnimNums
0x0840C074	rom	sBallParticleAnimationFuncs
0x0840C0A4	rom	sBallParticlesSpriteTemplates
0x0840C1C4	rom	sBallOpenFadeColors
0x0840C1EC	rom	gSafariBaitSpriteTemplate
0x0840C204	rom	sSpriteAnim_SafariRock_0
0x0840C20C	rom	sSpriteAnimTable_SafariRock
0x0840C210	rom	gSafariRockTemplate
0x0840C228	rom	sHof_BgTemplates
0x0840C234	rom	sWindowTemplate
0x0840C23C	rom	sTextColors
0x0840C248	rom	sHallOfFame_ConfettiSpriteSheet
0x0840C258	rom	sHallOfFame_ConfettiSpritePalette
0x0840C268	rom	sHallOfFame_MonFullTeamPositions
0x0840C298	rom	sHallOfFame_MonHalfTeamPositions
0x0840C2B0	rom	sOamData_Confetti
0x0840C2B8	rom	sAnimCmd_Frame00
0x0840C2C0	rom	sAnimCmd_Frame01
0x0840C2C8	rom	sAnimCmd_Frame02
0x0840C2D0	rom	sAnimCmd_Frame03
0x0840C2D8	rom	sAnimCmd_Frame04
0x0840C2E0	rom	sAnimCmd_Frame05
0x0840C2E8	rom	sAnimCmd_Frame06
0x0840C2F0	rom	sAnimCmd_Frame07
0x0840C2F8	rom	sAnimCmd_Frame08
0x0840C300	rom	sAnimCmd_Frame09
0x0840C308	rom	sAnimCmd_Frame10
0x0840C310	rom	sAnimCmd_Frame11
0x0840C318	rom	sAnimCmd_Frame12
0x0840C320	rom	sAnimCmd_Frame13
0x0840C328	rom	sAnimCmd_Frame14
0x0840C330	rom	sAnimCmd_Frame15
0x0840C338	rom	sAnimCmd_Frame16
0x0840C340	rom	sSpriteAnimTable_Confetti
0x0840C384	rom	sSpriteTemplate_Confetti
0x0840C39C	rom	sHallOfFame_Pal
0x0840C3BC	rom	sHallOfFame_Gfx
0x0840C588	rom	sDummyHofMon
0x0840C59C	rom	sUnused
0x0840C5A4	rom	sBgTemplates_MonSceneOrTheEnd
0x0840C5B0	rom	sWindowTemplates_Charizard
0x0840C5D0	rom	sWindowTemplates_Venusaur
0x0840C5F0	rom	sWindowTemplates_Blastoise
0x0840C610	rom	sWindowTemplates_Pikachu
0x0840C630	rom	sCreditsMonCircle_Pal
0x0840C650	rom	sCreditsMonCircle_Tiles
0x0840CA54	rom	sCreditsMonCircle_Tilemap
0x0840CB8C	rom	sCharizard1_Tiles
0x0840D228	rom	sCharizard2_Tiles
0x0840DC0C	rom	sVenusaurUnused_Tiles
0x0840E158	rom	sVenusaur1_Tiles
0x0840E904	rom	sVenusaur2_Tiles
0x0840F240	rom	sBlastoise1_Tiles
0x0840F944	rom	sBlastoise2_Tiles
0x08410198	rom	sPikachu1_Tiles
0x084105B4	rom	sPikachu2_Tiles
0x08410AFC	rom	sUnused
0x08410B00	rom	sTheEnd_Pal
0x08410B20	rom	sTheEnd_Tiles
0x08410B94	rom	sTheEnd_Tilemap
0x08410CDC	rom	sCopyrightOrTheEndGfxHeaders
0x08410CF4	rom	sCreditsScript
0x08410DFC	rom	sTextColor_Unused
0x08410E00	rom	sTextColor_Header
0x08410E04	rom	sTextColor_Regular
0x08410E08	rom	sCreditsWindowTemplate
0x08410E10	rom	sPlayerMale_Pal
0x08410E30	rom	sPlayerMale_Tiles
0x08411BF8	rom	sPlayerFemale_Pal
0x08411C18	rom	sPlayerFemale_Tiles
0x084129A0	rom	sRival_Pal
0x084129C0	rom	sRival_Tiles
0x08413318	rom	sGround_Grass_Pal
0x08413338	rom	sGround_Grass_Tiles
0x08413854	rom	sGround_Dirt_Pal
0x08413874	rom	sGround_Dirt_Tiles
0x08413D98	rom	sGround_City_Pal
0x08413DB8	rom	sGround_City_Tiles
0x0841431C	rom	sPlayerRivalSpriteParams
0x0841433C	rom	sOamData_PlayerOrRival
0x08414344	rom	sAnimCmds_PlayerOrRival
0x08414360	rom	sAnimCmdTable_PlayerOrRival
0x08414364	rom	sPlayerOrRivalSpriteTemplate
0x0841437C	rom	sOamData_Ground
0x08414384	rom	sAnimCmds_GroundRunning
0x084143A8	rom	sAnimCmds_GroundStatic
0x084143B0	rom	sAnimCmdTable_GroundRunning
0x084143B4	rom	sAnimCmdTable_GroundStatic
0x084143B8	rom	sGroundSpriteTemplate_Running
0x084143D0	rom	sGroundSpriteTemplate_Static
0x084143E8	rom	sOverworldCmd_Route23
0x08414408	rom	sOverworldCmd_ViridianCity
0x08414428	rom	sOverworldCmd_PewterCity
0x08414448	rom	sOverworldCmd_CeruleanCity
0x08414468	rom	sOverworldCmd_Route25
0x08414488	rom	sOverworldCmd_VermilionCity
0x084144A8	rom	sOverworldCmd_Route10
0x084144C8	rom	sOverworldCmd_CeladonCity
0x084144E8	rom	sOverworldCmd_SaffronCity
0x08414508	rom	sOverworldCmd_Route17
0x08414528	rom	sOverworldCmd_FuchsiaCity
0x08414548	rom	sOverworldCmd_CinnabarIsland
0x08414568	rom	sOverworldCmd_Route21
0x08414588	rom	sOverworldMapScenes
0x084145BC	rom	sCreditsTexts
0x084147C0	rom	sDiplomaGfx
0x084154E8	rom	sDiplomaTilemap
0x08415954	rom	sDiplomaPal
0x08415994	rom	sText_Player
0x0841599D	rom	sText_Sama
0x084159A3	rom	sText_Hoenn
0x084159AB	rom	sText_National
0x084159B3	rom	sText_CertifiesPokedexComplete
0x084159ED	rom	sText_GameFreak
0x084159FB	rom	sText_Empty
0x08415A04	rom	sTextColors
0x08415A08	rom	sBgTemplates
0x08415A10	rom	sWindowTemplates
0x08415A20	rom	gExpandedPlaceholder_Empty
0x08415A21	rom	gExpandedPlaceholder_Kun
0x08415A22	rom	gExpandedPlaceholder_Chan
0x08415A23	rom	gExpandedPlaceholder_Sapphire
0x08415A2C	rom	gExpandedPlaceholder_Ruby
0x08415A31	rom	gExpandedPlaceholder_Aqua
0x08415A36	rom	gExpandedPlaceholder_Magma
0x08415A3C	rom	gExpandedPlaceholder_Archie
0x08415A43	rom	gExpandedPlaceholder_Maxie
0x08415A49	rom	gExpandedPlaceholder_Kyogre
0x08415A50	rom	gExpandedPlaceholder_Groudon
0x08415A58	rom	gExpandedPlaceholder_Red
0x08415A5C	rom	gExpandedPlaceholder_Green
0x08415A62	rom	gText_EggNickname
0x08415A66	rom	gText_MenuPokemon
0x08415A6E	rom	gText_NewGame
0x08415A77	rom	gText_Continue
0x08415A80	rom	gTextJP_Options
0x08415A8A	rom	gUnusedText_MysteryGift
0x08415A97	rom	gText_MysteryGift
0x08415AA4	rom	gText_WirelessNotConnected
0x08415ACB	rom	gText_MysteryGiftCantUse
0x08415B0E	rom	gText_UpdatingSaveExternalData
0x08415B33	rom	gText_SaveFileUpdated
0x08415B44	rom	gText_SaveFileUpdatedSwapBackup
0x08415BAA	rom	gText_FailedUpdateSwapBackup
0x08415BFF	rom	gText_SaveFileCorrupted
0x08415C42	rom	gText_SaveFileHasBeenDeleted
0x08415C64	rom	gText_1MSubCircuitBoardNotInstalled
0x08415C8F	rom	gTextJP_InternalBatteryHasRunDry
0x08415CD9	rom	gText_PlayerUnused
0x08415CE0	rom	gText_PokedexUnused
0x08415CE8	rom	gText_MainMenuTime
0x08415CED	rom	gText_BadgesUnused
0x08415CF6	rom	gText_AButton
0x08415CFB	rom	gText_BButton
0x08415D00	rom	gText_RButton
0x08415D05	rom	gText_LButton
0x08415D0A	rom	gText_Start
0x08415D12	rom	gText_Select
0x08415D1A	rom	gText_ControlPad
0x08415D22	rom	gText_LButtonRButton
0x08415D2C	rom	gText_Controls
0x08415D38	rom	gText_PickOk
0x08415D48	rom	gText_ABUTTONNext
0x08415D50	rom	gText_ABUTTONNext_BBUTTONBack
0x08415D60	rom	gText_UPDOWNPick_ABUTTONNext_BBUTTONBack
0x08415D78	rom	gText_UPDOWNPick_ABUTTONBBUTTONCancel
0x08415D8C	rom	gText_ABUTTONExit
0x08415D93	rom	gText_Boy
0x08415D97	rom	gText_Girl
0x08415D9C	rom	gText_PokedexTableOfContents
0x08415DB8	rom	gText_PickOK
0x08415DC4	rom	gText_Seen
0x08415DCA	rom	gText_Owned
0x08415DD1	rom	gText_Kanto
0x08415DD7	rom	gText_National
0x08415DE0	rom	gText_PokemonHabitats
0x08415DF7	rom	gText_DexCategory_GrasslandPkmn
0x08415E09	rom	gText_DexCategory_ForestPkmn
0x08415E18	rom	gText_DexCategory_WatersEdgePkmn
0x08415E2D	rom	gText_DexCategory_SeaPkmn
0x08415E39	rom	gText_DexCategory_CavePkmn
0x08415E46	rom	gText_DexCategory_MountainPkmn
0x08415E57	rom	gText_DexCategory_RoughTerrainPkmn
0x08415E6D	rom	gText_DexCategory_UrbanPkmn
0x08415E7B	rom	gText_DexCategory_RarePkmn
0x08415E88	rom	gText_Search
0x08415E95	rom	gText_NumericalMode
0x08415EA4	rom	gText_AToZMode
0x08415EB0	rom	gText_PokedexOther
0x08415EBC	rom	gTextJP_HowToUsePokedex
0x08415EC7	rom	gText_ClosePokedex
0x08415ED5	rom	gText_TypeMode
0x08415EDF	rom	gText_LightestMode
0x08415EED	rom	gText_SmallestMode
0x08415EFB	rom	gText_PokemonList
0x08415F0E	rom	gText_NumericalModeKanto
0x08415F24	rom	gText_NumericalModeNational
0x08415F3D	rom	gText_PokemonListNoColor
0x08415F4A	rom	gText_SearchNoColor
0x08415F51	rom	gText_PickOKExit
0x08415F66	rom	gText_5Dashes
0x08415F6C	rom	gText_PickFlipPageCheckCancel
0x08415F8F	rom	gText_PokedexPokemon
0x08415F98	rom	gText_HT
0x08415F9B	rom	gText_WT
0x08415F9E	rom	gText_PokedexQuotationMark
0x08415FA0	rom	gText_Lbs
0x08415FA5	rom	gTextJP_PokemonData
0x08415FAD	rom	gText_Cry
0x08415FB3	rom	gText_NextDataCancel
0x08415FC8	rom	gText_Next
0x08415FCF	rom	gText_CancelPreviousData
0x08415FE8	rom	gText_Area
0x08415FED	rom	gText_Size
0x08415FF2	rom	gText_AreaUnknown
0x08415FFF	rom	gText_PokedexNo
0x08416002	rom	gText_Page
0x08416008	rom	gText_WelcomeToHOF
0x08416028	rom	gText_HOFDexRating
0x08416068	rom	gText_HOFDexSaving
0x08416090	rom	gText_HOFCorrupted
0x084160B4	rom	gText_HOFNumber
0x084160C8	rom	gText_LeagueChamp
0x084160EC	rom	gText_Number
0x084160F4	rom	gText_Level
0x084160FC	rom	gText_Name
0x08416104	rom	gText_IDNumber
0x0841610A	rom	gText_BirchInTrouble
0x08416133	rom	gText_ConfirmStarterChoice
0x08416146	rom	gText_Pokemon4
0x0841614B	rom	gText_SaveError_PleaseExchangeBackupMemory
0x0841617A	rom	gSaveStatName_Player
0x08416181	rom	gSaveStatName_Badges
0x08416188	rom	gSaveStatName_Pokedex
0x08416190	rom	gSaveStatName_Time
0x08416195	rom	gText_FlyToWhere
0x084161A0	rom	gOtherText_Use
0x084161A4	rom	gOtherText_Toss
0x084161A9	rom	gOtherText_Register
0x084161B2	rom	gOtherText_Give
0x084161B7	rom	gMenuText_Confirm
0x084161BC	rom	gOtherText_Walk
0x084161C1	rom	gFameCheckerText_Cancel
0x084161C8	rom	gOtherText_Exit
0x084161CD	rom	gString_Dummy
0x084161CE	rom	gText_Cancel7
0x084161D4	rom	gText_Item
0x084161D9	rom	gText_Mail
0x084161DE	rom	gText_Take
0x084161E3	rom	gText_Store
0x084161E9	rom	gOtherText_Check
0x084161EF	rom	gText_PokeSum_Item_None
0x084161F4	rom	gOtherText_Open
0x084161F9	rom	gOtherText_Deselect
0x08416202	rom	gText_PokeSum_DexNoUnknown
0x08416206	rom	gText_FiveMarks
0x0841620C	rom	gText_Slash
0x0841620E	rom	gText_PokeSum_OneHyphen
0x08416210	rom	gText_PokeSum_TwoHyphens
0x08416213	rom	gText_ThreeHyphens
0x08416217	rom	gText_SevenHyphens
0x0841621F	rom	gText_MaleSymbol
0x08416221	rom	gText_FemaleSymbol
0x08416223	rom	gText_Lv
0x08416226	rom	gText_NumberClear01
0x0841622C	rom	gText_Plus
0x0841622F	rom	gText_Escape3
0x08416233	rom	gText_IDNumber2
0x08416238	rom	gText_PokeSum_PP
0x0841623B	rom	gText_SelectorArrow2
0x0841623D	rom	gText_YesNo
0x08416244	rom	gText_GoBackToThePreviousMenu
0x08416262	rom	gText_WhatWouldYouLikeToDo
0x0841627D	rom	gText_MenuPokedex
0x08416285	rom	gText_MenuBag
0x08416289	rom	gText_MenuPokenav
0x0841628E	rom	gText_MenuPlayer
0x08416291	rom	gText_MenuSave
0x08416296	rom	gText_MenuOption
0x0841629D	rom	gText_MenuExit
0x084162A2	rom	gText_MenuRetire
0x084162A9	rom	gText_MenuSafariStats
0x084162B9	rom	gText_TimesStrVar1
0x084162BD	rom	gText_Berry
0x084162C4	rom	gText_Coins
0x084162CD	rom	gText_Items2
0x084162D3	rom	gText_PokeBalls2
0x084162DE	rom	gText_KeyItems2
0x084162E8	rom	gText_DepositItem
0x084162F5	rom	gText_CloseBag
0x084162FF	rom	gText_Var1IsSelected
0x0841630F	rom	gText_CantWriteMailHere
0x0841632A	rom	gText_ThereIsNoPokemon
0x0841633F	rom	gOtherText_WhereShouldTheStrVar1BePlaced
0x0841635E	rom	gText_ItemCantBeHeld
0x08416374	rom	gText_TheStrVar1CantBeHeldHere
0x0841638F	rom	gText_DepositHowManyStrVars1
0x084163A7	rom	gText_DepositedStrVar2StrVar1s
0x084163BB	rom	gText_NoRoomToStoreItems
0x084163DB	rom	gText_TossOutHowManyStrVar1s
0x084163F4	rom	gText_ThrewAwayStrVar2StrVar1s
0x08416409	rom	gText_ThrowAwayStrVar2OfThisItemQM
0x08416425	rom	gText_OakForbidsUseOfItemHere
0x08416451	rom	gText_CantDismountBike
0x08416476	rom	gText_ItemfinderResponding
0x084164BE	rom	gText_ItemfinderShakingWildly
0x08416513	rom	gText_NopeTheresNoResponse
0x08416537	rom	gText_CoinCase
0x08416548	rom	gText_BootedUpTM
0x08416556	rom	gText_BootedUpHM
0x08416565	rom	gText_TMHMContainedVar1
0x0841658C	rom	gText_PlayerUsedVar2
0x0841659E	rom	gText_RepelEffectsLingered
0x084165D2	rom	gText_UsedVar2WildLured
0x08416600	rom	gText_UsedVar2WildRepelled
0x08416631	rom	gText_BoxFull
0x08416644	rom	gText_PowderQty
0x08416655	rom	gOtherText_Powder
0x0841665C	rom	gText_PlayedPokeFluteCatchy
0x08416690	rom	gText_PlayedPokeFlute
0x084166A7	rom	gText_PokeFluteAwakenedMon
0x084166D3	rom	gText_TMCase
0x084166DB	rom	gText_Close
0x084166E1	rom	gText_TMCaseWillBePutAway
0x084166FF	rom	gText_FontSmall
0x08416703	rom	gText_FontNormal
0x08416707	rom	gText_EmptySpace
0x0841670A	rom	gText_BerryPouch
0x08416716	rom	gText_TheBerryPouchWillBePutAway
0x08416738	rom	gText_ShopBuy
0x0841673C	rom	gText_ShopSell
0x08416741	rom	gText_ShopQuit
0x08416749	rom	gText_InBagVar1
0x08416757	rom	gText_QuitShopping
0x08416766	rom	gText_Var1CertainlyHowMany
0x0841678E	rom	gText_Var1AndYouWantedVar2
0x084167BB	rom	gText_Var1IsItThatllBeVar2
0x084167D0	rom	gText_YouWantedVar1ThatllBeVar2
0x084167E7	rom	gText_HereYouGoThankYou
0x08416800	rom	gText_ThankYouIllSendItHome
0x08416822	rom	gText_ThanksIllSendItHome
0x08416842	rom	gText_YouDontHaveMoney
0x08416861	rom	gText_NoMoreRoomForThis
0x08416888	rom	gText_SpaceForVar1Full
0x0841689E	rom	gText_AnythingElseICanHelp
0x084168BF	rom	gText_CanIHelpWithAnythingElse
0x084168D7	rom	gText_ThrowInPremierBall
0x084168F1	rom	gText_OhNoICantBuyThat
0x08416911	rom	gText_HowManyWouldYouLikeToSell
0x08416936	rom	gText_ICanPayThisMuch_WouldThatBeOkay
0x08416959	rom	gText_TurnedOverItemsWorthYen
0x0841697A	rom	gText_PokedollarVar1
0x0841697E	rom	gText_Shift
0x08416984	rom	gText_SendOut
0x0841698D	rom	gText_Switch2
0x08416994	rom	gText_Summary5
0x0841699C	rom	gText_Moves
0x084169A3	rom	gText_Enter
0x084169A9	rom	gText_NoEntry
0x084169B2	rom	gText_Take2
0x084169B7	rom	gText_Read2
0x084169BC	rom	gText_Trade4
0x084169C2	rom	gText_ItemEffect_HP
0x084169C5	rom	gText_ItemEffect_SpAtk
0x084169CD	rom	gText_ItemEffect_SpDef
0x084169D5	rom	gText_PartyMenu_OK
0x084169D8	rom	gText_Empty
0x084169D9	rom	gText_PauseUntilPress
0x084169DC	rom	gText_WontHaveEffect
0x084169F8	rom	gText_CantBeUsedOnPkmn
0x08416A1E	rom	gText_PkmnCantSwitchOut
0x08416A3A	rom	gText_PkmnAlreadyInBattle
0x08416A55	rom	gText_PkmnAlreadySelected
0x08416A75	rom	gText_PkmnHasNoEnergy
0x08416A98	rom	gText_CantSwitchWithAlly
0x08416ACB	rom	gText_EggCantBattle
0x08416AE2	rom	gText_CantUseUntilNewBadge
0x08416B16	rom	gText_NoMoreThanThreeMayEnter
0x08416B3E	rom	gText_NoMoreThanTwoMayEnter
0x08416B64	rom	gText_SendMailToPC
0x08416B86	rom	gText_MailSentToPC
0x08416BA6	rom	gText_PCMailboxFull
0x08416BC3	rom	gText_MailMessageWillBeLost
0x08416BFB	rom	gText_RemoveMailBeforeItem
0x08416C2A	rom	gText_PkmnWasGivenItem
0x08416C49	rom	gText_PkmnAlreadyHoldingItemSwitch
0x08416C8F	rom	gText_PkmnNotHolding
0x08416CAC	rom	gText_ReceivedItemFromPkmn
0x08416CC7	rom	gText_MailTakenFromPkmn
0x08416CEA	rom	gText_SwitchedPkmnItem
0x08416D17	rom	gText_PkmnHoldingItemCantHoldMail
0x08416D4F	rom	gText_MailTransferredFromMailbox
0x08416D78	rom	gText_BagFullCouldNotRemoveItem
0x08416DB3	rom	gText_PkmnLearnedMove3
0x08416DC2	rom	gText_PkmnCantLearnMove
0x08416DF7	rom	gText_PkmnNeedsToReplaceMove
0x08416E6B	rom	gText_StopLearningMove2
0x08416E84	rom	gText_MoveNotLearned
0x08416EA4	rom	gText_WhichMoveToForget
0x08416EC6	rom	gText_12PoofForgotMove
0x08416F10	rom	gText_PkmnAlreadyKnows
0x08416F27	rom	gText_PkmnHPRestoredByVar2
0x08416F4E	rom	gText_PkmnCuredOfPoison
0x08416F6F	rom	gText_PkmnCuredOfParalysis
0x08416F8C	rom	gText_PkmnWokeUp2
0x08416F9A	rom	gText_PkmnBurnHealed
0x08416FB2	rom	gText_PkmnThawedOut
0x08416FC7	rom	gText_PPWasRestored
0x08416FDA	rom	gText_PkmnRegainhedHealth
0x08416FED	rom	gText_PkmnBecameHealthy
0x08417002	rom	gText_MovesPPIncreased
0x08417017	rom	gText_PkmnElevatedToLvVar2
0x08417032	rom	gText_PkmnBaseVar2StatIncreased
0x08417052	rom	gText_PkmnSnappedOutOfConfusion
0x08417075	rom	gText_PkmnGotOverInfatuation
0x08417094	rom	gText_OnlyPkmnForBattle
0x084170BC	rom	gText_PkmnCantBeTradedNow
0x084170E0	rom	gText_EggCantBeTradedNow
0x084170FC	rom	gText_OtherTrainersPkmnCantBeTraded
0x08417130	rom	gText_OtherTrainerCantAcceptPkmn
0x08417164	rom	gText_CantTradeWithTrainer
0x0841718C	rom	gText_NotPkmnOtherTrainerWants
0x084171CC	rom	gText_ThatIsntAnEgg
0x084171DF	rom	gText_ChoosePokemon
0x084171F1	rom	gText_MoveToWhere
0x08417200	rom	gText_TeachWhichPokemon
0x08417215	rom	gText_UseOnWhichPokemon
0x0841722B	rom	gText_GiveToWhichPokemon
0x08417242	rom	gText_DoWhatWithPokemon
0x08417258	rom	gText_NothingToCut
0x08417270	rom	gText_CantSurfHere
0x08417281	rom	gText_AlreadySurfing
0x08417299	rom	gText_CantUseHere
0x084172AE	rom	gText_RestoreWhichMove
0x084172C2	rom	gText_BoostPp
0x084172D5	rom	gText_DoWhatWithItem
0x084172EB	rom	gText_NoPokemonForBattle
0x08417301	rom	gText_ChoosePokemon2
0x08417313	rom	gText_NotEnoughHp
0x08417322	rom	gText_ThreePkmnAreNeeded
0x08417337	rom	gText_PokemonCantBeSame
0x0841734D	rom	gText_NoIdenticalHoldItems
0x08417361	rom	gText_CurrentIsTooFast
0x0841737F	rom	gText_DoWhatWithMail
0x08417396	rom	gText_ChoosePokemonCancel
0x084173B0	rom	gText_ChoosePokemonConfirm
0x084173CC	rom	gText_TwoPokemonAreNeeded
0x084173E4	rom	gText_EnjoyCycling
0x084173F9	rom	gText_InUseAlready_PM
0x08417411	rom	gText_NoUse
0x08417419	rom	gText_Able
0x0841741E	rom	gText_First_PM
0x08417424	rom	gText_Second_PM
0x0841742B	rom	gText_Third_PM
0x08417431	rom	gText_Able2
0x08417436	rom	gText_NotAble
0x0841743F	rom	gText_Able3
0x08417445	rom	gText_NotAble2
0x0841744F	rom	gText_Learned
0x08417457	rom	gText_OakImportantToGetToKnowPokemonThroughly
0x08417494	rom	gText_OakThisIsListOfPokemon
0x08417533	rom	gText_CutATreeOrGrass
0x08417548	rom	gText_FlyToAKnownTown
0x0841755D	rom	gText_TravelOnWater
0x0841756E	rom	gText_MoveHeavyBoulders
0x08417583	rom	gText_LightUpDarkness
0x08417596	rom	gText_ShatterACrackedRock
0x084175AE	rom	gText_ClimbAWaterfall
0x084175C1	rom	gText_DiveUnderwater
0x084175CC	rom	gText_EscapeFromHere
0x084175DE	rom	gText_LureWildPokemon
0x084175F1	rom	gText_ShareHp
0x084175FB	rom	gText_ReturnToAHealingSpot
0x08417615	rom	gText_EscapeFromHereAndReturnTo
0x08417640	rom	gText_ReturnToHealingSpot
0x08417674	rom	gText_ItemEffect_Attack
0x0841767B	rom	gText_ItemEffect_Defense
0x08417683	rom	gText_ItemEffect_SpAtk_Unused
0x08417688	rom	gText_ItemEffect_SpDef_Unused
0x0841768D	rom	gText_ItemEffect_Speed
0x08417693	rom	gText_ItemEffect_HP_Unused
0x08417696	rom	gText_PkmnCantParticipate
0x084176B8	rom	gText_CancelParticipation
0x084176CE	rom	gText_Empty12
0x084176CF	rom	gText_CancelBattle
0x084176E2	rom	gText_TurnOff
0x084176EB	rom	gText_Decoration
0x084176F1	rom	gText_ItemStorage
0x084176FE	rom	gText_Mailbox
0x08417706	rom	gText_DepositItem2
0x08417713	rom	gText_WithdrawItem2
0x08417721	rom	gText_TossItem
0x0841772A	rom	gText_StoreItemsInThePC
0x08417741	rom	gText_TakeOutItemsFromThePC
0x0841775D	rom	gText_ThrowAwayItemsInPC
0x08417774	rom	gText_ThereAreNoItems
0x0841778A	rom	gText_NoMoreRoomInBag
0x084177AC	rom	gText_WithdrawHowMany
0x084177C5	rom	gText_WithdrewQuantItem
0x084177D8	rom	gOtherText_Read
0x084177DD	rom	gOtherText_MoveToBag
0x084177E9	rom	gOtherText_Give2
0x084177EE	rom	gText_TheresNoMailHere
0x08417806	rom	gText_WhatWouldYouLikeToDoWithPlayersMail
0x08417830	rom	gText_MessageWillBeLost
0x08417858	rom	gText_BagIsFull
0x0841786B	rom	gText_MailReturnedToBagMessageErased
0x084178A7	rom	gText_WithdrawItem
0x084178B5	rom	gText_Withdraw
0x084178BE	rom	gText_ReturnToPC
0x084178D0	rom	gText_LtSurge
0x084178DA	rom	gText_Koga
0x084178DF	rom	gText_Participate
0x084178E6	rom	gText_Info
0x084178EB	rom	gText_Eggs
0x084178F0	rom	gText_HallOfFame
0x084178FD	rom	gText_Victories
0x08417907	rom	gText_Quit
0x0841790C	rom	gText_Psn
0x08417910	rom	gText_Par
0x08417914	rom	gText_Slp
0x08417918	rom	gText_Brn
0x0841791C	rom	gText_Frz
0x08417920	rom	gText_Toxic
0x08417926	rom	gText_OK
0x08417929	rom	gOtherText_Quit
0x0841792E	rom	gText_SawIt
0x08417933	rom	gText_NotYet
0x08417938	rom	gText_Yes
0x0841793C	rom	gText_No
0x0841793F	rom	gText_Info4
0x08417944	rom	gText_SingleBattle
0x08417952	rom	gText_DoubleBattle
0x08417960	rom	gText_MultiBattle
0x0841796D	rom	gText_MakeAChallenge
0x0841797F	rom	gText_Info_2
0x08417984	rom	gText_FreshWater_200
0x0841799A	rom	gText_SodaPop_300
0x084179AD	rom	gText_Lemonade_350
0x084179C0	rom	gText_50Coins_1000
0x084179D6	rom	gText_500Coins_10000
0x084179ED	rom	gText_Excellent
0x084179F7	rom	gText_NotSoBad
0x08417A02	rom	gText_RedShard
0x08417A0C	rom	gText_YellowShard
0x08417A19	rom	gText_BlueShard
0x08417A24	rom	gText_GreenShard
0x08417A30	rom	gText_BattleTower
0x08417A37	rom	gText_Right
0x08417A3D	rom	gText_Left
0x08417A42	rom	gText_Tm13_4000Coins
0x08417A58	rom	gText_Tm23_3500Coins
0x08417A6E	rom	gText_Tm24_4000Coins
0x08417A84	rom	gText_Tm30_4500Coins
0x08417A9A	rom	gText_Tm35_4000Coins
0x08417AB0	rom	gText_1F_2
0x08417AB3	rom	gText_2F_2
0x08417AB6	rom	gText_3F_2
0x08417AB9	rom	gText_4F_2
0x08417ABC	rom	gText_5F_2
0x08417ABF	rom	gText_Cool
0x08417AC4	rom	gText_Beauty
0x08417ACB	rom	gText_Cute
0x08417AD0	rom	gText_Smart
0x08417AD6	rom	gText_Tough
0x08417ADC	rom	gText_Normal
0x08417AE3	rom	gText_Black
0x08417AE9	rom	gText_Pink
0x08417AEE	rom	gText_Sepia
0x08417AF4	rom	gText_Cool_2
0x08417AF9	rom	gText_Beauty_2
0x08417B00	rom	gText_Cute_2
0x08417B05	rom	gText_Smart_2
0x08417B0B	rom	gText_Tough_2
0x08417B11	rom	gText_Items
0x08417B17	rom	gText_KeyItems
0x08417B21	rom	gText_PokeBalls
0x08417B2C	rom	gText_TMsAndHMs
0x08417B36	rom	gText_Berries
0x08417B3E	rom	gText_Boulderbadge
0x08417B4B	rom	gText_Cascadebadge
0x08417B58	rom	gText_Thunderbadge
0x08417B65	rom	gText_Rainbowbadge
0x08417B72	rom	gText_Soulbadge
0x08417B7C	rom	gText_Marshbadge
0x08417B87	rom	gText_Volcanobadge
0x08417B94	rom	gText_Earthbadge
0x08417B9F	rom	gText_SomeoneSPc
0x08417BAC	rom	gText_BillSPc
0x08417BB6	rom	gText_SPc
0x08417BBE	rom	gText_HallOfFame_2
0x08417BCB	rom	gText_LogOff
0x08417BD3	rom	gText_ProfOakSPc
0x08417BE2	rom	gText_Eevee
0x08417BE8	rom	gText_Flareon
0x08417BF0	rom	gText_Jolteon
0x08417BF8	rom	gText_Vaporeon
0x08417C01	rom	gText_QuitLooking
0x08417C0F	rom	gText_FreshWater
0x08417C1B	rom	gText_SodaPop
0x08417C24	rom	gText_Lemonade
0x08417C2D	rom	gText_Coins_2
0x08417C33	rom	gText_Bicycle_Price
0x08417C4B	rom	gText_NoThanks
0x08417C55	rom	gText_Abra_180Coins
0x08417C6A	rom	gText_Clefairy_500Coins
0x08417C83	rom	gText_Dratini_2800Coins
0x08417C9D	rom	gText_Scyther_5500Coins
0x08417CB7	rom	gText_Porygon_9999Coins
0x08417CD1	rom	gText_Abra_120Coins
0x08417CE6	rom	gText_Clefairy_750Coins
0x08417CFF	rom	gText_Pinsir_2500Coins
0x08417D18	rom	gText_Dratini_4600Coins
0x08417D32	rom	gText_Porygon_6500Coins
0x08417D4C	rom	gText_NoThanks_2
0x08417D56	rom	gText_HelixFossil
0x08417D63	rom	gText_DomeFossil
0x08417D6F	rom	gText_OldAmber
0x08417D79	rom	gText_TradeCenter
0x08417D86	rom	gText_Colosseum
0x08417D90	rom	gText_GameLinkCable
0x08417DA0	rom	gText_Wireless
0x08417DA9	rom	gText_ItemsPocket
0x08417DB6	rom	gText_KeyItemsPocket
0x08417DC7	rom	gText_PokeBallsPocket
0x08417DD9	rom	gText_TmCase
0x08417DE1	rom	gText_BerryPouch_2
0x08417DED	rom	gText_Other
0x08417DF3	rom	gText_OneIsland
0x08417DFE	rom	gText_TwoIsland
0x08417E09	rom	gText_ThreeIsland
0x08417E16	rom	gText_FourIsland
0x08417E22	rom	gText_FiveIsland
0x08417E2E	rom	gText_SixIsland
0x08417E39	rom	gText_SevenIsland
0x08417E46	rom	gText_Vermilion
0x08417E50	rom	gText_Colosseum_2
0x08417E5A	rom	gText_BerryCrush
0x08417E66	rom	gText_EmptyLinkService1
0x08417E67	rom	gText_EmptyLinkService2
0x08417E68	rom	gText_ListenToExplanation
0x08417E71	rom	gText_RecordCorner
0x08417E72	rom	gText_PokemonJump
0x08417E7F	rom	gText_DodrioBerryPicking
0x08417E94	rom	gText_2Tinymushrooms
0x08417EA4	rom	gText_1BigMushroom
0x08417EB3	rom	gText_SeviiIslands
0x08417EC1	rom	gText_NavelRock
0x08417ECC	rom	gText_BirthIsland
0x08417ED9	rom	gText_MiracleSeed_1000Coins
0x08417EF7	rom	gText_Charcoal_1000Coins
0x08417F11	rom	gText_MysticWater_1000Coins
0x08417F2F	rom	gText_YellowFlute_1600Coins
0x08417F4D	rom	gText_SmokeBall_800Coins
0x08417F67	rom	gText_Multichoice_Empty2
0x08417F68	rom	gText_Multichoice_Empty1
0x08417F69	rom	gText_BecomeLeader
0x08417F77	rom	gText_JoinGroup
0x08417F82	rom	gOtherText_Single
0x08417F89	rom	gOtherText_Double
0x08417F90	rom	gOtherText_Knockout
0x08417F99	rom	gOtherText_Mixed
0x08417F9F	rom	gText_99TimesPlus
0x08417FA9	rom	gText_1MinutePlus
0x08417FB2	rom	gText_SpaceSeconds
0x08417FB6	rom	gText_SpaceTimes
0x08417FB9	rom	gText_DecimalPoint
0x08417FBB	rom	gText_BigGuy
0x08417FC3	rom	gText_BigGirl
0x08417FCC	rom	gText_Son
0x08417FD0	rom	gText_Daughter
0x08417FD9	rom	gText_BoulderBadge
0x08417FE6	rom	gText_CascadeBadge
0x08417FF3	rom	gText_ThunderBadge
0x08418000	rom	gText_RainbowBadge
0x0841800D	rom	gText_SoulBadge
0x08418017	rom	gText_MarshBadge
0x08418022	rom	gText_VolcanoBadge
0x0841802F	rom	gText_EarthBadge
0x0841803A	rom	gText_1F
0x0841803D	rom	gText_2F
0x08418040	rom	gText_3F
0x08418043	rom	gText_4F
0x08418046	rom	gText_5F
0x08418049	rom	gText_6F
0x0841804C	rom	gText_7F
0x0841804F	rom	gText_8F
0x08418052	rom	gText_9F
0x08418055	rom	gText_10F
0x08418059	rom	gText_11F
0x0841805D	rom	gText_B1F
0x08418061	rom	gText_B2F
0x08418065	rom	gText_B3F
0x08418069	rom	gText_B4F
0x0841806D	rom	gText_Rooftop
0x08418075	rom	gText_NowOn
0x0841807D	rom	gText_LinkedGamePlay
0x0841808E	rom	gText_DirectCorner
0x0841809C	rom	gText_UnionRoom
0x084180A7	rom	gText_Energypowder_50
0x084180BC	rom	gText_EnergyRoot_80
0x084180D0	rom	gText_HealPowder_50
0x084180E4	rom	gText_RevivalHerb_300
0x084180FA	rom	gText_Protein_1000
0x0841810D	rom	gText_Iron_1000
0x0841811D	rom	gText_Carbos_1000
0x0841812F	rom	gText_Calcium_1000
0x08418142	rom	gText_Zinc_1000
0x08418152	rom	gText_HpUp_1000
0x08418163	rom	gText_PpUp_3000
0x08418174	rom	gString_BattleRecords_PlayersBattleResults
0x08418188	rom	gString_BattleRecords_TotalRecord
0x084181A4	rom	gString_BattleRecords_ColumnHeaders
0x084181B6	rom	gString_BattleRecords_7Dashes
0x084181BE	rom	gString_BattleRecords_4Dashes
0x084181C3	rom	gFameCheckerText_FameCheckerWillBeClosed
0x084181E4	rom	gFameCheckerText_ClearTextbox
0x08418204	rom	gText_ExitUnused
0x08418208	rom	gText_ExitFromBox
0x0841821B	rom	gText_WhatDoYouWantToDo
0x08418233	rom	gText_PleasePickATheme
0x08418248	rom	gText_PickTheWallpaper
0x0841825C	rom	gText_PkmnIsSelected
0x0841826C	rom	gText_JumpToWhichBox
0x0841827F	rom	gText_DepositInWhichBox
0x08418295	rom	gText_PkmnWasDeposited
0x084182A7	rom	gText_BoxIsFull2
0x084182B8	rom	gText_ReleaseThisPokemon
0x084182CE	rom	gText_PkmnWasReleased
0x084182DF	rom	gText_ByeByePkmn
0x084182EC	rom	gText_MarkYourPkmn
0x084182FF	rom	gText_ThatsYourLastPkmn
0x08418319	rom	gText_YourPartysFull
0x0841832C	rom	gText_YoureHoldingAPkmn
0x08418346	rom	gText_WhichOneWillYouTake
0x0841835F	rom	gText_YouCantReleaseAnEgg
0x08418379	rom	gText_ContinueBoxOperations
0x08418392	rom	gText_PkmnCameBack
0x084183A0	rom	gText_WasItWorriedAboutYou
0x084183BA	rom	gText_FourEllipsesExclamation
0x084183C5	rom	gText_PleaseRemoveTheMail
0x084183DD	rom	gText_GiveToAPkmn
0x084183F0	rom	gText_PlacedItemInBag
0x08418408	rom	gText_BagIsFull2
0x08418419	rom	gText_PutItemInBag
0x08418433	rom	gText_ItemIsNowHeld
0x08418443	rom	gText_ChangedToNewItem
0x08418452	rom	gText_MailCantBeStored
0x08418468	rom	gPCText_Cancel
0x0841846F	rom	gPCText_Store
0x08418475	rom	gPCText_Withdraw
0x0841847E	rom	gPCText_Shift
0x08418484	rom	gPCText_Move
0x08418489	rom	gPCText_Place
0x0841848F	rom	gPCText_Summary
0x08418497	rom	gPCText_Release
0x0841849F	rom	gPCText_Mark
0x084184A4	rom	gPCText_Name
0x084184A9	rom	gPCText_Jump
0x084184AE	rom	gPCText_Wallpaper
0x084184B8	rom	gPCText_Take
0x084184BD	rom	gPCText_Give
0x084184C2	rom	gPCText_Switch
0x084184C9	rom	gPCText_Bag
0x084184CD	rom	gPCText_Info
0x084184D2	rom	gPCText_Scenery1
0x084184DC	rom	gPCText_Scenery2
0x084184E6	rom	gPCText_Scenery3
0x084184F0	rom	gPCText_Etcetera
0x084184F9	rom	gPCText_Forest
0x08418500	rom	gPCText_City
0x08418505	rom	gPCText_Desert
0x0841850C	rom	gPCText_Savanna
0x08418514	rom	gPCText_Crag
0x08418519	rom	gPCText_Volcano
0x08418521	rom	gPCText_Snow
0x08418526	rom	gPCText_Cave
0x0841852B	rom	gPCText_Beach
0x08418531	rom	gPCText_Seafloor
0x0841853A	rom	gPCText_River
0x08418540	rom	gPCText_Sky
0x08418544	rom	gPCText_PolkaDot
0x0841854A	rom	gPCText_Pokecenter
0x08418555	rom	gPCText_Machine
0x0841855B	rom	gPCText_Simple
0x08418562	rom	gText_PC_WhatWouldYouLikeToDo
0x0841856C	rom	gText_WithdrawPokemon
0x0841857D	rom	gText_DepositPokemon
0x0841858D	rom	gText_MovePokemon
0x0841859A	rom	gText_MoveItems
0x084185A5	rom	gText_SeeYa
0x084185AD	rom	gText_WithdrawMonDescription
0x084185E2	rom	gText_DepositMonDescription
0x08418611	rom	gText_MoveMonDescription
0x08418642	rom	gText_MoveItemsDescription
0x08418681	rom	gText_SeeYaDescription
0x08418690	rom	gText_JustOnePkmn
0x084186B0	rom	gText_PartyFull
0x084186CD	rom	gText_Box
0x084186D1	rom	gText_CombineFourWordsOrPhrases
0x084186EF	rom	gText_AndMakeYourProfile
0x08418706	rom	gText_MakeMessageSixPhrases
0x08418725	rom	gText_MaxTwoTwelveLetterPhrases
0x08418745	rom	gText_FindWordsThatDescribeYour
0x08418763	rom	gText_FeelingsRightNow
0x08418777	rom	gText_WithFourPhrases
0x08418780	rom	gText_CombineNineWordsOrPhrases
0x0841879E	rom	gText_AndMakeAMessage
0x084187B2	rom	gText_ChangeJustOneWordOrPhrase
0x084187D1	rom	gText_AndImproveTheBardsSong
0x084187EE	rom	gText_AndFillOutTheQuestionnaire
0x0841880E	rom	gText_YourProfile
0x0841881B	rom	gText_YourFeelingAtTheBattlesStart
0x0841883E	rom	gText_WhatYouSayIfYouWin
0x0841885F	rom	gText_WhatYouSayIfYouLose
0x08418881	rom	gText_TheAnswer
0x0841888C	rom	gText_TheMailMessage
0x0841889D	rom	gText_TheMailSalutation
0x084188AC	rom	gText_TheNewSong
0x084188B9	rom	gText_CombineTwoWordsOrPhrases
0x084188D6	rom	gText_AndMakeATrendySaying
0x084188F0	rom	gText_TheTrendySaying
0x08418902	rom	gText_IsAsShownOkay
0x08418915	rom	gText_CombineTwoWordsOrPhrases2
0x08418925	rom	gText_ToTeachHerAGoodSaying
0x08418937	rom	gText_AllTextBeingEditedWill
0x08418956	rom	gText_BeDeletedThatOkay
0x08418970	rom	gText_PleaseEnterPhraseOrWord
0x08418982	rom	gText_EntireTextCantBeDeleted
0x08418998	rom	gText_OnlyOnePhrase
0x084189AC	rom	gText_OriginalSongWillBeUsed
0x084189BB	rom	gText_ThatsTrendyAlready
0x084189CB	rom	gText_CombineTwoWordsOrPhrases3
0x084189E0	rom	gText_QuitEditing
0x084189EE	rom	gText_StopGivingPkmnMail
0x08418A0C	rom	gText_TheEditedWords
0x08418A1D	rom	gText_WillNotBeSaved
0x08418A2B	rom	gText_Profile
0x08418A33	rom	gText_AtTheBattlesStart
0x08418A4A	rom	gText_UponWinningABattle
0x08418A61	rom	gText_UponLosingABattle
0x08418A77	rom	gText_TheBardsSong
0x08418A87	rom	gText_WhatsHipAndHappening
0x08418AA1	rom	gText_Interview
0x08418AAB	rom	gText_GoodSaying
0x08418AB2	rom	gText_Questionnaire
0x08418AC0	rom	GiddyText_SoPretty
0x08418ACA	rom	GiddyText_SoDarling
0x08418AD4	rom	GiddyText_SoRelaxed
0x08418ADF	rom	GiddyText_SoSunny
0x08418AEB	rom	GiddyText_SoDesirable
0x08418AF6	rom	GiddyText_SoExciting
0x08418B02	rom	GiddyText_SoAmusing
0x08418B0D	rom	GiddyText_SoMagical
0x08418B17	rom	GiddyText_Is
0x08418B1A	rom	GiddyText_DontYouAgree
0x08418B25	rom	GiddyText_ISoWantToGoOnAVacation
0x08418B40	rom	GiddyText_IBoughtCrayonsWith120Colors
0x08418B5C	rom	GiddyText_WouldntItBeNiceIfWeCouldFloat
0x08418B77	rom	GiddyText_WhenYouWriteOnASandyBeach
0x08418B99	rom	GiddyText_WhatsTheBottomOfTheSeaLike
0x08418BC0	rom	GiddyText_WhenYouSeeTheSettingSunDoesIt
0x08418BDA	rom	GiddyText_LyingBackInTheGreenGrass
0x08418BF3	rom	GiddyText_SecretBasesAreSoWonderful
0x08418C12	rom	gText_PokemonLeague
0x08418C1B	rom	gText_PokemonCenter
0x08418C2A	rom	gText_GetsAPokeBlockQuestion
0x08418C39	rom	gText_Coolness
0x08418C3F	rom	gText_Beauty3
0x08418C45	rom	gText_Cuteness
0x08418C4A	rom	gText_Smartness
0x08418C4F	rom	gText_Toughness
0x08418C55	rom	gText_WasEnhanced
0x08418C62	rom	gText_NothingChanged
0x08418C6F	rom	gText_WontEatAnymore
0x08418C83	rom	gText_SaveFailedCheckingBackup
0x08418CD9	rom	gText_BackupMemoryDamaged
0x08418D70	rom	gText_GamePlayCannotBeContinued
0x08418D99	rom	gText_CheckCompleted
0x08418DC9	rom	gText_SaveCompleteGameCannotContinue
0x08418E09	rom	gText_SaveCompletePressA
0x08418E36	rom	gText_Ferry
0x08418E3D	rom	gText_SecretBase
0x08418E43	rom	gText_Hideout
0x08418E47	rom	gText_YourName
0x08418E52	rom	gText_BoxName
0x08418E5C	rom	gText_PkmnsNickname
0x08418E69	rom	gText_RivalsName
0x08418E77	rom	gText_MoveOkBack
0x08418E8A	rom	gText_AlphabetUpperLower
0x08418E8B	rom	gText_RegionMap_Space
0x08418E8D	rom	gText_RegionMap_AButtonGuide
0x08418E95	rom	gText_RegionMap_AButtonCancel
0x08418E9E	rom	gText_RegionMap_AButtonCancel2
0x08418EA7	rom	gText_RegionMap_AButtonSwitch
0x08418EB0	rom	gText_RegionMap_AButtonOK
0x08418EB5	rom	gText_RegionMap_DPadMove
0x08418EBC	rom	gText_RegionMap_UpDownPick
0x08418EC3	rom	gText_RegionMap_NoData
0x08418ECB	rom	gText_RegionMap_AreaDesc_ViridianForest
0x08418F3A	rom	gText_RegionMap_AreaDesc_MtMoon
0x08418FB8	rom	gText_RegionMap_AreaDesc_DiglettsCave
0x0841901C	rom	gText_RegionMap_AreaDesc_VictoryRoad
0x0841908E	rom	gText_RegionMap_AreaDesc_PokemonMansion
0x08419103	rom	gText_RegionMap_AreaDesc_SafariZone
0x0841917D	rom	gText_RegionMap_AreaDesc_RockTunnel
0x08419201	rom	gText_RegionMap_AreaDesc_SeafoamIslands
0x0841926D	rom	gText_RegionMap_AreaDesc_PokemonTower
0x084192E2	rom	gText_RegionMap_AreaDesc_CeruleanCave
0x0841935B	rom	gText_RegionMap_AreaDesc_PowerPlant
0x084193D5	rom	gText_RegionMap_AreaDesc_MtEmber
0x08419444	rom	gText_RegionMap_AreaDesc_BerryForest
0x084194C9	rom	gText_RegionMap_AreaDesc_IcefallCave
0x0841953F	rom	gText_RegionMap_AreaDesc_LostCave
0x084195AC	rom	gText_RegionMap_AreaDesc_TanobyRuins
0x08419629	rom	gText_RegionMap_AreaDesc_AlteringCave
0x0841969D	rom	gText_RegionMap_AreaDesc_PatternBush
0x0841971A	rom	gText_RegionMap_AreaDesc_DottedHole
0x08419782	rom	gText_PokeSum_MetInATrade
0x0841979D	rom	gText_PokeSum_MetInATrade_BoldGentleGrammar
0x084197B8	rom	gText_PokeSum_FatefulEncounterMet
0x084197ED	rom	gText_PokeSum_FatefulEncounterMet_BoldGentleGrammar
0x08419822	rom	gText_PokeSum_Met
0x08419841	rom	gText_PokeSum_Met_BoldGentleGrammar
0x08419860	rom	gText_PokeSum_ApparentlyMet
0x0841988A	rom	gText_PokeSum_ApparentlyMet_BoldGentleGrammar
0x084198B4	rom	gText_PokeSum_Hatched
0x084198D5	rom	gText_PokeSum_Hatched_BoldGentleGrammar
0x084198F6	rom	gText_PokeSum_JP_ApparentlyHatched
0x08419913	rom	gText_PokeSum_JP_ApparentlyHatched_BoldGentleGrammar
0x0841992F	rom	gText_PokeSum_FatefulEncounterHatched
0x0841996D	rom	gText_PokeSum_FatefulEncounterHatched_BoldGentleGrammar
0x084199AB	rom	gText_PokeSum_ApparentlyFatefulEncounterHatched
0x084199F4	rom	gText_PokeSum_ApparentlyFatefulEncounterHatched_BoldGentleGrammar
0x08419A3D	rom	gText_PokeSum_EggOrigin_DayCare
0x08419A6E	rom	gText_PokeSum_EggOrigin_TravelingMan
0x08419AA2	rom	gText_PokeSum_EggOrigin_NicePlace
0x08419ADE	rom	gText_PokeSum_EggOrigin_Spa
0x08419B18	rom	gText_PokeSum_EggOrigin_Trade
0x08419B44	rom	gText_PokeSum_EggHatch_LongTime
0x08419B7B	rom	gText_PokeSum_EggHatch_SomeTime
0x08419BAE	rom	gText_PokeSum_EggHatch_Soon
0x08419BDB	rom	gText_PokeSum_EggHatch_AlmostReady
0x08419C0B	rom	gText_PokeSum_ATrade
0x08419C13	rom	gText_Somewhere
0x08419C1D	rom	gText_PokeSum_PageName_PokemonInfo
0x08419C2A	rom	gText_PokeSum_PageName_PokemonSkills
0x08419C39	rom	gText_PokeSum_PageName_KnownMoves
0x08419C45	rom	gText_PokeSum_NoData
0x08419C4D	rom	gText_PokeSum_ExpPoints
0x08419C59	rom	gText_PokeSum_NextLv
0x08419C62	rom	gText_PokeSum_Controls_PageCancel
0x08419C72	rom	gText_PokeSum_Controls_Cancel
0x08419C7B	rom	gText_PokeSum_Controls_Page
0x08419C82	rom	gText_PokeSum_Controls_PageDetail
0x08419C92	rom	gText_PokeSum_Controls_PickSwitch
0x08419CA2	rom	gText_PokeSum_Controls_Pick
0x08419CA9	rom	gText_PokeSum_Controls_PickDelete
0x08419CB9	rom	gText_PokeSum_HmMovesCantBeForgotten
0x08419CDA	rom	gText_TrainerCardName
0x08419CE1	rom	gText_TrainerCardIDNo
0x08419CE7	rom	gText_TrainerCardMoney
0x08419CED	rom	gText_TrainerCardYen
0x08419CEF	rom	gText_TrainerCardPokedex
0x08419CF7	rom	gText_TrainerCardNull
0x08419CF8	rom	gText_Colon2
0x08419CFA	rom	gText_Points
0x08419CFD	rom	gText_TrainerCardTime
0x08419D02	rom	gText_BattlePoints
0x08419D0A	rom	gText_Var1sTrainerCard
0x08419D1A	rom	gText_HallOfFameDebut
0x08419D2F	rom	gText_LinkBattles
0x08419D3C	rom	gText_LinkCableBattles
0x08419D4F	rom	gText_WinLossRatio
0x08419D57	rom	gText_PokemonTrades
0x08419D66	rom	gText_UnionRoomTradesBattles
0x08419D7D	rom	gText_BerryCrushes
0x08419D89	rom	gText_WaitingTrainerFinishReading
0x08419DCC	rom	gText_Option
0x08419DD3	rom	gText_TextSpeed
0x08419DDE	rom	gText_BattleScene
0x08419DEB	rom	gText_BattleStyle
0x08419DF8	rom	gText_Sound
0x08419DFE	rom	gText_ButtonMode
0x08419E0A	rom	gText_Frame
0x08419E10	rom	gText_OptionMenuCancel
0x08419E17	rom	gText_TextSpeedSlow
0x08419E1C	rom	gText_TextSpeedMid
0x08419E20	rom	gText_TextSpeedFast
0x08419E25	rom	gText_BattleSceneOn
0x08419E28	rom	gText_BattleSceneOff
0x08419E2C	rom	gText_BattleStyleShift
0x08419E32	rom	gText_BattleStyleSet
0x08419E36	rom	gText_SoundMono
0x08419E3B	rom	gText_SoundStereo
0x08419E42	rom	gTextJP_Type
0x08419E46	rom	gText_ButtonTypeHelp
0x08419E4B	rom	gText_ButtonTypeLEqualsA
0x08419E4F	rom	gText_ButtonTypeLR
0x08419E52	rom	gText_FrameType
0x08419E57	rom	gText_PickSwitchCancel
0x08419E72	rom	gText_ResetRTCConfirmCancel
0x08419E90	rom	gText_PresentTime
0x08419EA0	rom	gText_PreviousTime
0x08419EB0	rom	gText_PleaseResetTime
0x08419EC3	rom	gText_ClockHasBeenReset
0x08419EEA	rom	gText_SaveCompleted
0x08419EF9	rom	gText_SaveFailed
0x08419F10	rom	gText_NoSaveFileCantSetTime
0x08419F2D	rom	gText_InGameClockUsable
0x08419F54	rom	gText_SavingDontTurnOffThePower2
0x08419F76	rom	gStartMenuDesc_Pokedex
0x08419FBB	rom	gStartMenuDesc_Pokemon
0x0841A001	rom	gStartMenuDesc_Bag
0x0841A049	rom	gStartMenuDesc_Player
0x0841A06F	rom	gStartMenuDesc_Save
0x0841A0B7	rom	gStartMenuDesc_Option
0x0841A0F9	rom	gStartMenuDesc_Exit
0x0841A111	rom	gStartMenuDesc_Retire
0x0841A155	rom	gText_QuestLog_PreviouslyOnYourQuest
0x0841A16F	rom	gText_QuestLog_SwitchMon1WithMon2
0x0841A193	rom	gText_QuestLog_SwappedHeldItemsOnMon
0x0841A1CD	rom	gText_QuestLog_TookHeldItemFromMon
0x0841A1E7	rom	gText_QuestLog_UsedItemOnMonAtThisLocation
0x0841A210	rom	gText_QuestLog_UsedTheItem
0x0841A220	rom	gText_QuestLog_UsedTheKeyItem
0x0841A255	rom	gText_QuestLog_MonLearnedMoveFromTM
0x0841A277	rom	gText_QuestLog_MonReplacedMoveWithTM
0x0841A2B0	rom	gText_QuestLog_MonsWereFullyRestoredAtCenter
0x0841A2E1	rom	gText_QuestLog_PlayerBattledChampionRival
0x0841A312	rom	gText_QuestLog_PlayerSentOutMon1RivalSentOutMon2
0x0841A349	rom	gText_QuestLog_WonTheMatchAsAResult
0x0841A391	rom	gText_QuestLog_StoredItemInPC
0x0841A3DA	rom	gText_QuestLog_WithdrewItemFromPC
0x0841A3FF	rom	gText_QuestLog_TradedMon1ForPersonsMon2
0x0841A422	rom	gText_QuestLog_SingleBattleWithPersonResultedInOutcome
0x0841A477	rom	gText_QuestLog_DoubleBattleWithPersonResultedInOutcome
0x0841A4C6	rom	gText_QuestLog_MultiBattleWithPeopleResultedInOutcome
0x0841A502	rom	gText_QuestLog_Win
0x0841A506	rom	gText_QuestLog_Loss
0x0841A50B	rom	gText_QuestLog_MingledInUnionRoom
0x0841A53A	rom	gText_QuestLog_DepartedPlaceInTownForNextDestination
0x0841A566	rom	gText_QuestLog_SwitchedMonsBetweenBoxes
0x0841A59C	rom	gText_QuestLog_MovedMonToNewBox
0x0841A5D9	rom	gText_QuestLog_SwitchedMonsWithinBox
0x0841A5FA	rom	gText_QuestLog_MovedMonWithinBox
0x0841A60A	rom	gText_QuestLog_SwitchedPartyMonForPCMon
0x0841A632	rom	gText_QuestLog_WithdrewMonFromPC
0x0841A64F	rom	gText_QuestLog_DepositedMonInPC
0x0841A66E	rom	gText_QuestLog_SwitchedMultipleMons
0x0841A694	rom	gText_QuestLog_ADifferentSpot
0x0841A6A5	rom	gText_QuestLog_GaveMonHeldItemFromPC
0x0841A6E1	rom	gText_QuestLog_SwappedHeldItemFromPC
0x0841A732	rom	gText_QuestLog_ChattedWithManyTrainers
0x0841A74E	rom	gText_QuestLog_Handily
0x0841A756	rom	gText_QuestLog_Tenaciously
0x0841A762	rom	gText_QuestLog_Somehow
0x0841A76A	rom	gText_QuestLog_TradedMon1ForTrainersMon2
0x0841A7B0	rom	gText_QuestLog_BattledTrainerEndedInOutcome
0x0841A7DD	rom	gText_QuestLog_BoughtItem
0x0841A810	rom	gText_QuestLog_BoughtItemsIncludingItem
0x0841A858	rom	gText_QuestLog_SoldNumOfItem
0x0841A896	rom	gText_QuestLog_SoldItemsIncludingItem
0x0841A8D4	rom	gText_QuestLog_JustOne
0x0841A8DD	rom	gText_QuestLog_Num
0x0841A8E0	rom	gText_QuestLog_UsedSoftboiled
0x0841A90C	rom	gText_QuestLog_UsedMilkDrink
0x0841A938	rom	gText_QuestLog_MonLearnedMoveFromHM
0x0841A965	rom	gText_QuestLog_MonReplacedMoveWithHM
0x0841A9A9	rom	gText_QuestLog_DefeatedWildMon
0x0841A9D4	rom	gText_QuestLog_DefeatedWildMons
0x0841AA01	rom	gText_QuestLog_CaughtWildMon
0x0841AA2B	rom	gText_QuestLog_CaughtWildMons
0x0841AA76	rom	gText_QuestLog_DefeatedWildMonAndCaughtWildMon
0x0841AAAA	rom	gText_QuestLog_DefeatedWildMonAndCaughtWildMons
0x0841AAEC	rom	gText_QuestLog_DefeatedWildMonsAndCaughtWildMon
0x0841AB29	rom	gText_QuestLog_DefeatedWildMonsAndCaughtWildMons
0x0841AB74	rom	gText_QuestLog_GaveMonHeldItem
0x0841AB8E	rom	gText_QuestLog_GaveMonHeldItem2
0x0841ABAB	rom	gText_QuestLog_UsedCut
0x0841ABCD	rom	gText_QuestLog_UsedFly
0x0841ABF9	rom	gText_QuestLog_UsedSurf
0x0841AC2A	rom	gText_QuestLog_UsedStrength
0x0841AC51	rom	gText_QuestLog_UsedFlash
0x0841AC93	rom	gText_QuestLog_UsedRockSmash
0x0841ACBC	rom	gText_QuestLog_UsedWaterfall
0x0841ACF9	rom	gText_QuestLog_UsedDive
0x0841AD1D	rom	gText_QuestLog_UsedDigInLocation
0x0841AD3C	rom	gText_QuestLog_UsedSweetScent
0x0841AD69	rom	gText_QuestLog_UsedTeleportToLocation
0x0841AD9E	rom	gText_QuestLog_LeftTownsLocationForNextDestination
0x0841ADC8	rom	gText_QuestLog_PlayedGamesAtGameCorner
0x0841ADFF	rom	gText_QuestLog_RestedAtHome
0x0841AE1E	rom	gText_QuestLog_LeftOaksLab
0x0841AE48	rom	gText_QuestLog_GymWasFullOfToughTrainers
0x0841AE8F	rom	gText_QuestLog_DepartedGym
0x0841AEA7	rom	gText_QuestLog_HadGreatTimeInSafariZone
0x0841AEDC	rom	gText_QuestLog_ManagedToGetOutOfLocation
0x0841AF0C	rom	gText_QuestLog_TookOnGymLeadersMonWithMonAndWon
0x0841AF3E	rom	gText_QuestLog_TookOnEliteFoursMonWithMonAndWon
0x0841AF6D	rom	gText_QuestLog_TookOnTrainersMonWithMonAndWon
0x0841AF98	rom	gText_QuestLog_Coolly
0x0841AF9F	rom	gText_QuestLog_Barely
0x0841AFA6	rom	gText_QuestLog_UsedEscapeRope
0x0841AFD1	rom	gText_QuestLog_Draw
0x0841AFD6	rom	gText_QuestLog_DepartedTheLocationForNextDestination
0x0841B005	rom	gText_QuestLog_DepartedFromLocationToNextDestination
0x0841B03F	rom	gText_QuestLog_ObtainedItemInLocation
0x0841B064	rom	gText_QuestLog_ArrivedInLocation
0x0841B073	rom	gText_QuestLog_SavedGameAtLocation
0x0841B09F	rom	gText_QuestLog_Home
0x0841B0A4	rom	gText_QuestLog_OakResearchLab
0x0841B0B5	rom	gText_QuestLog_Gym
0x0841B0B9	rom	gText_QuestLog_PokemonLeagueGate
0x0841B0CD	rom	gText_QuestLog_ViridianForest
0x0841B0DD	rom	gText_QuestLog_PewterMuseumOfScience
0x0841B0F6	rom	gText_QuestLog_MtMoon
0x0841B0FF	rom	gText_QuestLog_BikeShop
0x0841B109	rom	gText_QuestLog_BillsHouse
0x0841B116	rom	gText_QuestLog_DayCare
0x0841B11F	rom	gText_QuestLog_UndergroundPath
0x0841B130	rom	gText_QuestLog_PokemonFanClub
0x0841B141	rom	gText_QuestLog_SSAnne
0x0841B14B	rom	gText_QuestLog_DiglettsCave
0x0841B15A	rom	gText_QuestLog_RockTunnel
0x0841B166	rom	gText_QuestLog_PowerPlant
0x0841B172	rom	gText_QuestLog_PokemonTower
0x0841B180	rom	gText_QuestLog_VolunteerHouse
0x0841B190	rom	gText_QuestLog_NameRatersHouse
0x0841B1A3	rom	gText_QuestLog_CeladonDeptStore
0x0841B1B7	rom	gText_QuestLog_CeladonMansion
0x0841B1C7	rom	gText_QuestLog_RocketGameCorner
0x0841B1DA	rom	gText_QuestLog_Restaurant
0x0841B1E5	rom	gText_QuestLog_RocketHideout
0x0841B1F4	rom	gText_QuestLog_SafariZone
0x0841B200	rom	gText_QuestLog_WardensHome
0x0841B20E	rom	gText_QuestLog_FightingDojo
0x0841B21C	rom	gText_QuestLog_SilphCo
0x0841B226	rom	gText_QuestLog_SeafoamIslands
0x0841B236	rom	gText_QuestLog_PokemonMansion
0x0841B246	rom	gText_QuestLog_PokemonResearchLab
0x0841B25B	rom	gText_QuestLog_VictoryRoad
0x0841B268	rom	gText_QuestLog_PokemonLeague
0x0841B277	rom	gText_QuestLog_CeruleanCave
0x0841B285	rom	gText_WasUsedOn
0x0841B293	rom	gText_Period
0x0841B295	rom	gText_LevelRoseTo
0x0841B2A7	rom	gText_Period2
0x0841B2A9	rom	gText_LevelUp_MaxHP
0x0841B2B7	rom	gText_LevelUp_Attack
0x0841B2BE	rom	gText_LevelUp_Defense
0x0841B2C6	rom	gText_LevelUp_Speed
0x0841B2CC	rom	gText_LevelUp_SpAtk
0x0841B2D4	rom	gText_LevelUp_SpDef
0x0841B2DC	rom	gText_LevelUp_Plus
0x0841B2E5	rom	gText_LevelUp_Minus
0x0841B2ED	rom	gText_Counting_1
0x0841B2F1	rom	gText_Counting_2And
0x0841B2FF	rom	gText_Poof
0x0841B306	rom	gText_MonForgotMove
0x0841B315	rom	gText_And
0x0841B31B	rom	gText_MachineSet
0x0841B329	rom	gText_Huh
0x0841B32E	rom	gText_MonLearnedTMHM
0x0841B33D	rom	gText_Upper
0x0841B343	rom	gText_Lower
0x0841B349	rom	gText_Others
0x0841B350	rom	gText_Symbols
0x0841B358	rom	gText_Register2
0x0841B361	rom	gText_Exit
0x0841B366	rom	gText_QuitChatting
0x0841B375	rom	gText_RegisterTextWhere
0x0841B38A	rom	gText_RegisterTextHere
0x0841B39E	rom	gText_InputText
0x0841B3AA	rom	gText_F700JoinedChat
0x0841B3BE	rom	gText_F700LeftChat
0x0841B3D0	rom	gText_PlayersXPokemon
0x0841B3DA	rom	gText_PlayersXPokmonDoesNotExist
0x0841B3E9	rom	gText_ExitingTheChat
0x0841B3FB	rom	gText_LeaderHasLeftEndingChat
0x0841B426	rom	gText_RegisteredTextChanged_OKtoSave
0x0841B469	rom	gText_RegisteredTextChanged_AlreadySavedFile
0x0841B4A4	rom	gText_RegisteredTextChanged_SavingDontTurnOff
0x0841B4C6	rom	gText_RegisteredTextChanged_SavedTheGame
0x0841B4D9	rom	gText_IfLeaderLeavesChatWillEnd
0x0841B510	rom	gText_Hello
0x0841B516	rom	gText_Pokemon2
0x0841B51E	rom	gText_Trade
0x0841B524	rom	gText_Battle
0x0841B52B	rom	gText_Lets
0x0841B531	rom	gText_Ok
0x0841B535	rom	gText_Sorry
0x0841B53B	rom	gText_YaySmileEmoji
0x0841B541	rom	gText_ThankYou
0x0841B54B	rom	gText_ByeBye
0x0841B554	rom	gText_PlayerScurriedToCenter
0x0841B5B6	rom	gText_PlayerScurriedBackHome
0x0841B60E	rom	gText_Diploma_Player
0x0841B619	rom	gText_Diploma_ThisDocument
0x0841B684	rom	gText_Diploma_GameFreak
0x0841B68F	rom	gText_Diploma_National
0x0841B698	rom	gText_Diploma_Kanto
0x0841B69E	rom	gText_ClearAllSaveData
0x0841B6B9	rom	gText_ClearingData
0x0841B6D5	rom	gText_Player
0x0841B6DC	rom	gText_Time
0x0841B6E1	rom	gText_Colon
0x0841B6E3	rom	gText_Pokedex
0x0841B6EB	rom	gTextJPDummy_Hiki
0x0841B6EC	rom	gText_Badges
0x0841B6F3	rom	gTextJPDummy_Ko
0x0841B6F4	rom	gText_Register
0x0841B6FD	rom	gText_HatchedFromEgg
0x0841B716	rom	gText_NickHatchPrompt
0x0841B747	rom	gString_OutOfCoins
0x0841B76B	rom	gString_QuitPlaying
0x0841B779	rom	gString_SlotMachineControls
0x0841B798	rom	gText_TeachyTV
0x0841B79F	rom	gText_End
0x0841B7A4	rom	gTeachyTvString_TeachBattle
0x0841B7BC	rom	gTeachyTvString_StatusProblems
0x0841B7D6	rom	gTeachyTvString_TypeMatchups
0x0841B7EE	rom	gTeachyTvString_CatchPkmn
0x0841B807	rom	gTeachyTvString_AboutTMs
0x0841B81B	rom	gTeachyTvString_RegisterItem
0x0841B836	rom	gTeachyTvString_Cancel
0x0841B83D	rom	gTeachyTvText_PokedudeSaysHello
0x0841B8BF	rom	gTeachyTvText_BattleScript1
0x0841BA41	rom	gTeachyTvText_BattleScript2
0x0841BB40	rom	gTeachyTvText_StatusScript1
0x0841BD10	rom	gTeachyTvText_StatusScript2
0x0841BE76	rom	gTeachyTvText_MatchupsScript1
0x0841C0AF	rom	gTeachyTvText_MatchupsScript2
0x0841C23B	rom	gTeachyTvText_CatchingScript1
0x0841C384	rom	gTeachyTvText_CatchingScript2
0x0841C459	rom	gTeachyTvText_TMsScript1
0x0841C587	rom	gPokedudeText_TMTypes
0x0841C693	rom	gPokedudeText_ReadTMDescription
0x0841C7B4	rom	gTeachyTvText_TMsScript2
0x0841C82A	rom	gTeachyTvText_RegisterScript1
0x0841C994	rom	gTeachyTvText_RegisterScript2
0x0841CB3C	rom	gString_Bill
0x0841CB41	rom	gString_Someone
0x0841CB49	rom	gString_Help
0x0841CB4E	rom	gString_HelpSystem_ClearTo8
0x0841CB52	rom	gText_SpacePoints2
0x0841CB5A	rom	gText_SpaceTimes3
0x0841CB63	rom	gText_PkmnJumpRecords
0x0841CB78	rom	gText_JumpsInARow
0x0841CB88	rom	gText_BestScore2
0x0841CB94	rom	gText_ExcellentsInARow
0x0841CBA9	rom	gText_AwesomeWonF701F700
0x0841CBCA	rom	gText_FilledStorageSpace2
0x0841CBE4	rom	gText_CantHoldMore
0x0841CBFD	rom	gText_WantToPlayAgain2
0x0841CC11	rom	gText_SomeoneDroppedOut2
0x0841CC42	rom	gText_SavingDontTurnOffPower
0x0841CC64	rom	gText_CommunicationStandby4
0x0841CC7B	rom	gText_SavingDontTurnOffPower2
0x0841CC9F	rom	gText_BerryPickingRecords
0x0841CCBC	rom	gText_BerriesPicked
0x0841CCCC	rom	gText_BestScore
0x0841CCD8	rom	gText_BerriesInRowFivePlayers
0x0841CD03	rom	gText_BerryPickingResults
0x0841CD25	rom	gText_10P30P50P50P
0x0841CD43	rom	gText_AnnouncingRankings
0x0841CD58	rom	gText_AnnouncingPrizes
0x0841CD6B	rom	gText_1Colon
0x0841CD6E	rom	gText_2Colon
0x0841CD71	rom	gText_3Colon
0x0841CD74	rom	gText_4Colon
0x0841CD77	rom	gText_5Colon
0x0841CD7A	rom	gText_FirstPlacePrize
0x0841CD9F	rom	gText_CantHoldAnyMore
0x0841CDBA	rom	gText_FilledStorageSpace
0x0841CDD7	rom	gText_WantToPlayAgain
0x0841CDEB	rom	gText_SomeoneDroppedOut
0x0841CE1C	rom	gText_SpacePoints
0x0841CE24	rom	gText_CommunicationStandby3
0x0841CE3C	rom	gText_BerryCrush_AreYouReady
0x0841CE78	rom	gText_BerryCrush_WaitForOthersToChooseBerry
0x0841CEA8	rom	gText_BerryCrush_GainedXUnitsOfPowder
0x0841CF14	rom	gText_BerryCrush_RecordingGameResults
0x0841CF50	rom	gText_BerryCrush_WantToPlayAgain
0x0841CF70	rom	gText_BerryCrush_NoBerries
0x0841CFA0	rom	gText_BerryCrush_MemberDroppedOut
0x0841CFD4	rom	gText_BerryCrush_TimeUp
0x0841D008	rom	gText_BerryCrush_CommunicationStandby
0x0841D020	rom	gText_1_ClrBluShdwLtBlu_Dynamic0
0x0841D02C	rom	gText_1_Dynamic0
0x0841D034	rom	gText_SpaceTimes2
0x0841D03C	rom	gText_XDotY
0x0841D044	rom	gText_StrVar1Berry
0x0841D050	rom	gText_TimeColon
0x0841D058	rom	gText_PressingSpeed
0x0841D068	rom	gText_Silkiness
0x0841D074	rom	gText_StrVar1
0x0841D078	rom	gText_SpaceMin
0x0841D080	rom	gText_XDotY2
0x0841D088	rom	gText_SpaceSec
0x0841D090	rom	gText_XDotY3
0x0841D098	rom	gText_TimesPerSec
0x0841D0A4	rom	gText_Var1Percent
0x0841D0A8	rom	gText_PressesRankings
0x0841D0C0	rom	gText_CrushingResults
0x0841D0D4	rom	gText_NeatnessRankings
0x0841D0E8	rom	gText_CooperativeRankings
0x0841D100	rom	gText_PressingPowerRankings
0x0841D118	rom	gText_BerryCrush2
0x0841D124	rom	gText_PressingSpeedRankings
0x0841D13C	rom	gText_Var1Players
0x0841D148	rom	gText_Ghost
0x0841D14E	rom	gText_PokemonOnHook
0x0841D169	rom	gText_NotEvenANibble
0x0841D17E	rom	gText_ItGotAway
0x0841D18D	rom	gText_Rooftop2
0x0841D198	rom	gString_PokemonFireRed_Staff
0x0841D1B8	rom	gString_PokemonLeafGreen_Staff
0x0841D1D8	rom	gCreditsString_Director
0x0841D1E8	rom	gCreditsString_Junichi_Masuda
0x0841D200	rom	gCreditsString_Art_Director_Battle_Director
0x0841D224	rom	gCreditsString_Ken_Sugimori_Shigeki_Morimoto
0x0841D248	rom	gCreditsString_Program_Leader_Planning_Leader_Graphic_Design_Leader
0x0841D284	rom	gCreditsString_Tetsuya_Watanabe_Koji_Nishino_Takao_Unno
0x0841D2B4	rom	gCreditsString_Programmers
0x0841D2C8	rom	gCreditsString_Hiroyuki_Nakamura_Masao_Taya_Satoshi_Nohara_Miyuki_Iwasawa_Daisuke_Goto
0x0841D314	rom	gCreditsString_System_Programmers
0x0841D330	rom	gCreditsString_Tetsuya_Watanabe_Akito_Mori_Hisashi_Sogabe_Sousuke_Tamada
0x0841D370	rom	gCreditsString_Graphic_Designers
0x0841D388	rom	gCreditsString_Takao_Unno_Asuka_Iwashita_Kanako_Eo_Hiroki_Fuchino
0x0841D3C0	rom	gCreditsString_Graphic_Designers_2
0x0841D3D8	rom	gCreditsString_Ken_Sugimori_Hironobu_Yoshida
0x0841D3FC	rom	gCreditsString_Music_Composition
0x0841D414	rom	gCreditsString_Go_Ichinose_Junichi_Masuda
0x0841D434	rom	gCreditsString_Sound_Effects
0x0841D448	rom	gCreditsString_Go_Ichinose
0x0841D45C	rom	gCreditsString_Game_Designers
0x0841D474	rom	gCreditsString_Junichi_Masuda_Koji_Nishino_Tetsuji_Ohta
0x0841D4A4	rom	gCreditsString_Game_Designers_2
0x0841D4BC	rom	gCreditsString_Hitomi_Sato_Shigeru_Ohmori_Tadashi_Takahashi
0x0841D4F0	rom	gCreditsString_Game_Scenario
0x0841D504	rom	gCreditsString_Hitomi_Sato_Satoshi_Tajiri
0x0841D524	rom	gCreditsString_Script_Designer_Map_Designer
0x0841D548	rom	gCreditsString_Satoshi_Nohara_Shigeru_Ohmori
0x0841D56C	rom	gCreditsString_Parametric_Designers
0x0841D588	rom	gCreditsString_Koji_Nishino_Tetsuji_Ohta_Shigeki_Morimoto
0x0841D5B8	rom	gCreditsString_POKeDEX_Text
0x0841D5CC	rom	gCreditsString_Kenji_Matsushima
0x0841D5E4	rom	gCreditsString_POKeMON_Designers
0x0841D5FC	rom	gCreditsString_Ken_Sugimori_Motofumi_Fujiwara_Shigeki_Morimoto_Hironobu_Yoshida
0x0841D640	rom	gCreditsString_POKeMON_Designers_2
0x0841D658	rom	gCreditsString_Satoshi_Ohta_Asuka_Iwashita_Takao_Unno_Kanako_Eo_Aimi_Tomita
0x0841D698	rom	gCreditsString_POKeMON_Designers_3
0x0841D6B0	rom	gCreditsString_Atsuko_Nishida_Muneo_Saito_Rena_Yoshikawa_Jun_Okutani
0x0841D6EC	rom	gCreditsString_Supporting_Programmers
0x0841D708	rom	gCreditsString_Teruyuki_Yoshioka_Takao_Nakano_Satoshi_Mitsuhara_Daisuke_Hoshino
0x0841D74C	rom	gCreditsString_NCL_Product_Testing
0x0841D768	rom	gCreditsString_NCL_Super_Mario_Club
0x0841D784	rom	gCreditsString_Special_Thanks
0x0841D79C	rom	gCreditsString_Hiro_Nakamura_Hiroyuki_Uesugi_Teruki_Murakawa_Kazuya_Suyama
0x0841D7DC	rom	gCreditsString_Special_Thanks_2
0x0841D7F4	rom	gCreditsString_Kenji_Tominaga_Kenjiro_Ito_Tomotaka_Komura_Michiko_Takizawa
0x0841D834	rom	gCreditsString_Special_Thanks_3
0x0841D84C	rom	gCreditsString_Makiko_Takada_Mikiko_Ohashi_Shusaku_Egami_Takanao_Kondo_Rui_Kawaguchi
0x0841D894	rom	gCreditsString_Braille_Code_Check
0x0841D8B0	rom	gCreditsString_Japan_Braille_Library
0x0841D8CC	rom	gCreditsString_Information_Supervisors
0x0841D8EC	rom	gCreditsString_Hiroki_Enomoto_Kazuyuki_Terada_Yuri_Sakurai_Yumi_Funasaka_Naoko_Yanase
0x0841D938	rom	gCreditsString_Coordinators
0x0841D94C	rom	gCreditsString_Azusa_Tajima_Akira_Kinashi_Kazuki_Yoshihara_Retsuji_Nomoto
0x0841D98C	rom	gCreditsString_Task_Managers
0x0841D9A0	rom	gCreditsString_Hitoshi_Yamagami_Gakuji_Nomoto
0x0841D9C4	rom	gCreditsString_Producers
0x0841D9D4	rom	gCreditsString_Hiroyuki_Jinnai_Takehiro_Izushi_Hiroaki_Tsuru
0x0841DA08	rom	gCreditsString_Executive_Director
0x0841DA24	rom	gCreditsString_Satoshi_Tajiri
0x0841DA3C	rom	gCreditsString_Executive_Producer
0x0841DA58	rom	gCreditsString_Satoru_Iwata
0x0841DA6C	rom	gCreditsString_Executive_Producer_2
0x0841DA88	rom	gCreditsString_Tsunekaz_Ishihara
0x0841DAA0	rom	gCreditsString_English_Version_Coordinators
0x0841DAC4	rom	gCreditsString_Hiro_Nakamura_Seth_McMahill
0x0841DAE8	rom	gCreditsString_Translator_Text_Editor
0x0841DB04	rom	gCreditsString_Nob_Ogasawara_Teresa_Lillygren
0x0841DB28	rom	gCreditsString_Programmers_2
0x0841DB3C	rom	gCreditsString_Teruki_Murakawa_Souichi_Yamamoto_Yuichiro_Ito_Akira_Kinashi
0x0841DB7C	rom	gCreditsString_Environment_Tool_Programmers
0x0841DBA4	rom	gCreditsString_Teruki_Murakawa_Souichi_Yamamoto_Kimiko_Nakamichi
0x0841DBDC	rom	gCreditsString_NOA_Product_Testing
0x0841DBF8	rom	gCreditsString_Thomas_Hertzog_Kathy_Huguenard_Mika_Kurosawa
0x0841DC2C	rom	gCreditsString_Braille_Code_Check_2
0x0841DC48	rom	gCreditsString_National_Federation_of_the_Blind_Patricia_A_Maurer_Japan_Braille_Library_European_Blind_Union
0x0841DCAC	rom	gCreditsString_Braille_Code_Check_3
0x0841DCC8	rom	gCreditsString_National_Information_Library_Service_Margaret_Campion
0x0841DD08	rom	gCreditsString_Special_Thanks_4
0x0841DD20	rom	gCreditsString_Takehiro_Izushi_Motoyasu_Tojima_Hitoshi_Yamagami_Hiroyuki_Uesugi
0x0841DD64	rom	gCreditsString_Special_Thanks_5
0x0841DD7C	rom	gCreditsString_Nicola_Pratt_Barlow_Shellie_Dow_Anthony_Howitt_Naoko_Saeki_Kyoko_Onishi
0x0841DDC8	rom	gCreditsString_Braille_Code_Check_4
0x0841DDE4	rom	gCreditsString_The_Royal_New_Zealand_Foundation_of_the_Blind_Greg_Moran
0x0841DE24	rom	gCreditsString_Graphic_Designer
0x0841DE3C	rom	gCreditsString_Akira_Kinashi
0x0841DE50	rom	gJPText_MysteryGift
0x0841DE51	rom	gJPText_DecideStop
0x0841DE52	rom	gJPText_ReceiveMysteryGiftWithEReader
0x0841DE53	rom	gJPText_SelectConnectFromEReaderMenu
0x0841DE54	rom	gJPText_SelectConnectWithGBA
0x0841DE55	rom	gJPText_SelectConnectAndPressA
0x0841DE7C	rom	gJPText_LinkIsIncorrect
0x0841DE7D	rom	gJPText_CardReadingHasBeenHalted
0x0841DE7E	rom	gJPText_UnableConnectWithEReader
0x0841DE95	rom	gJPText_Connecting
0x0841DE96	rom	gJPText_ConnectionErrorCheckLink
0x0841DE97	rom	gJPText_ConnectionErrorTryAgain
0x0841DE98	rom	gJPText_AllowEReaderToLoadCard
0x0841DE99	rom	gJPText_ConnectionComplete
0x0841DE9A	rom	gJPText_NewTrainerHasComeToSevii
0x0841DE9B	rom	gJPText_PleaseWaitAMoment
0x0841DE9C	rom	gJPText_WriteErrorUnableToSaveData
0x0841DE9D	rom	gText_CommErrorCheckConnections
0x0841DEF0	rom	gText_CommErrorEllipsis
0x0841DF05	rom	gText_MoveCloserToLinkPartner
0x0841DF4C	rom	gText_ABtnRegistrationCounter
0x0841DF6B	rom	gText_ABtnTitleScreen
0x0841DF82	rom	gText_NumPlayerLink
0x0841DF8B	rom	gText_BronzeCard
0x0841DF92	rom	gText_CopperCard
0x0841DF99	rom	gText_SilverCard
0x0841DFA0	rom	gText_GoldCard
0x0841DFA5	rom	gText_HelpSystemControls_A_Next
0x0841DFAC	rom	gText_HelpSystemControls_PickOkEnd
0x0841DFBE	rom	gText_HelpSystemControls_AorBtoCancel
0x0841DFC9	rom	gText_HelpSystemControls_PickOkCancel
0x0841DFDE	rom	gEasyChatGroupName_Pokemon
0x0841DFE6	rom	gEasyChatGroupName_Trainer
0x0841DFEE	rom	gEasyChatGroupName_Status
0x0841DFF5	rom	gEasyChatGroupName_Battle
0x0841DFFC	rom	gEasyChatGroupName_Greetings
0x0841E006	rom	gEasyChatGroupName_People
0x0841E00D	rom	gEasyChatGroupName_Voices
0x0841E014	rom	gEasyChatGroupName_Speech
0x0841E01B	rom	gEasyChatGroupName_Endings
0x0841E023	rom	gEasyChatGroupName_Feelings
0x0841E02C	rom	gEasyChatGroupName_Conditions
0x0841E037	rom	gEasyChatGroupName_Actions
0x0841E03F	rom	gEasyChatGroupName_Lifestyle
0x0841E049	rom	gEasyChatGroupName_Hobbies
0x0841E051	rom	gEasyChatGroupName_Time
0x0841E056	rom	gEasyChatGroupName_Misc
0x0841E05C	rom	gEasyChatGroupName_Adjectives
0x0841E067	rom	gEasyChatGroupName_Events
0x0841E06E	rom	gEasyChatGroupName_Move1
0x0841E075	rom	gEasyChatGroupName_Move2
0x0841E07C	rom	gEasyChatGroupName_TrendySaying
0x0841E08A	rom	gEasyChatGroupName_Pokemon2
0x0841E093	rom	gText_ThreeQuestionMarks
0x0841E097	rom	gText_UnusedEmpty
0x0841E098	rom	gText_UnusedLv
0x0841E09B	rom	gText_UnusedDashes
0x0841E09F	rom	gText_4Qmark
0x0841E0A4	rom	gText_UnusedEmpty2
0x0841E0A5	rom	gText_IsThisTradeOkay
0x0841E0B9	rom	gTradeText_Cancel
0x0841E0C0	rom	gTradeText_ChooseAPokemon
0x0841E0D2	rom	gTradeText_Summary
0x0841E0DA	rom	gTradeText_Trade
0x0841E0E0	rom	gText_CancelTrade
0x0841E0EE	rom	gTradeText_PressBButtonToExit
0x0841E10A	rom	gText_TradeAction_Summary
0x0841E112	rom	gText_TradeAction_Trade
0x0841E118	rom	gText_Trade_CommunicationStandby
0x0841E145	rom	gText_TradeHasBeenCanceled
0x0841E16B	rom	gText_Trade_OnlyPkmnForBattle
0x0841E199	rom	gText_WaitingForFriendToFinish
0x0841E1C5	rom	gText_FriendWantsToTrade
0x0841E1E9	rom	gText_XWillBeSentToY
0x0841E200	rom	gText_ByeByeVar1
0x0841E20D	rom	gText_XSentOverY
0x0841E21E	rom	gText_TakeGoodCareOfX
0x0841E234	rom	gText_From
0x0841E23A	rom	gText_Empty1
0x0841E23B	rom	gText_Empty2
0x0841E23C	rom	gText_Empty3
0x0841E23D	rom	gText_Empty4
0x0841E23E	rom	gText_Empty5
0x0841E23F	rom	gText_Empty6
0x0841E240	rom	gText_Empty7
0x0841E241	rom	gText_Empty8
0x0841E242	rom	gText_Empty9
0x0841E243	rom	gText_Empty10
0x0841E244	rom	gText_Empty11
0x0841E245	rom	gText_WirelessCommunicationStatus
0x0841E263	rom	gText_PeopleTrading
0x0841E273	rom	gText_PeopleBattling
0x0841E284	rom	gText_PeopleInUnionRoom
0x0841E29E	rom	gText_PeopleCommunicating
0x0841E2B4	rom	gText_Dynamic0Players
0x0841E2BF	rom	gText_Dynamic1Players
0x0841E2C9	rom	gText_Dynamic2Players
0x0841E2D4	rom	gText_Dynamic3Players
0x0841E2DF	rom	gText_DPadChooseAButtonConfirm
0x0841E2EC	rom	gText_BButtonCancel
0x0841E2F5	rom	gText_ChooseBattleLineup
0x0841E322	rom	gText_UnusedId
0x0841E325	rom	gText_CommunicationStandby5
0x0841E33C	rom	gDaycareText_GetAlongVeryWell
0x0841E361	rom	gDaycareText_GetAlong
0x0841E37C	rom	gDaycareText_DontLikeOther
0x0841E3A8	rom	gDaycareText_PlayOther
0x0841E3E3	rom	gText_TeachWhichMoveToMon
0x0841E3FB	rom	gText_TeachMoveQues
0x0841E405	rom	gText_MonLearnedMove
0x0841E414	rom	gText_MonIsTryingToLearnMove
0x0841E481	rom	gText_StopLearningMove
0x0841E493	rom	gText_1_2_and_Poof
0x0841E4C0	rom	gText_MonForgotOldMoveAndMonLearnedNewMove
0x0841E4E2	rom	gText_GiveUpTryingToTeachNewMove
0x0841E50C	rom	gText_WhichMoveShouldBeForgotten
0x0841E52D	rom	gText_TenDashes
0x0841E538	rom	gText_CommStandbyAwaitingOtherPlayer
0x0841E572	rom	gText_BattleWasRefused
0x0841E58D	rom	gText_RefusedBattle
0x0841E5A4	rom	gFameCheckerText_MainScreenUI
0x0841E5B9	rom	gFameCheckerText_PickScreenUI
0x0841E5D2	rom	gFameCheckerText_FlavorTextUI
0x0841E5E9	rom	gFameCheckerOakName
0x0841E5ED	rom	gFameCheckerDaisyName
0x0841E5F3	rom	gFameCheckerBillName
0x0841E5F8	rom	gFameCheckerMrFujiName
0x0841E5FD	rom	gText_VarietyOfEventsImportedWireless
0x0841E63F	rom	gText_WonderCardsInPossession
0x0841E669	rom	gText_ReadNewsThatArrived
0x0841E685	rom	gText_ReturnToTitle
0x0841E6A1	rom	gText_DontHaveCardNewOneInput
0x0841E6DC	rom	gText_DontHaveNewsNewOneInput
0x0841E717	rom	gText_WhereShouldCardBeAccessed
0x0841E741	rom	gText_WhereShouldNewsBeAccessed
0x0841E76B	rom	gText_LinkStandyBButtonCancel
0x0841E794	rom	gText_Communicating
0x0841E7A3	rom	gText_CommunicationCompleted
0x0841E7BC	rom	gText_CommunicationError
0x0841E7D1	rom	gText_CommunicationCanceled
0x0841E7F2	rom	gText_ThrowAwayWonderCard
0x0841E823	rom	gText_HaventReceivedCardsGift
0x0841E866	rom	gText_WonderCardReceivedFrom
0x0841E88F	rom	gText_WonderNewsReceivedFrom
0x0841E8BD	rom	gText_WonderCardReceived
0x0841E8E2	rom	gText_WonderNewsReceived
0x0841E90C	rom	gText_NewStampReceived
0x0841E92B	rom	gText_NewTrainerReceived
0x0841E946	rom	gText_AlreadyHadCard
0x0841E968	rom	gText_AlreadyHadNews
0x0841E98F	rom	gText_AlreadyHadStamp
0x0841E9AB	rom	gText_NoMoreRoomForStamps
0x0841E9D3	rom	gText_RecordUploadedViaWireless
0x0841EA0D	rom	gText_CantAcceptCardFromTrainer
0x0841EA3F	rom	gText_CantAcceptNewsFromTrainer
0x0841EA6F	rom	gText_NothingSentOver
0x0841EA86	rom	gText_WhatToDoWithCards
0x0841EAB7	rom	gText_WhatToDoWithNews
0x0841EAE7	rom	gText_SendingWonderCard
0x0841EB01	rom	gText_SendingWonderNews
0x0841EB20	rom	gText_WonderCardSentTo
0x0841EB46	rom	gText_WonderNewsSentTo
0x0841EB71	rom	gText_StampSentTo
0x0841EB8E	rom	gText_GiftSentTo
0x0841EBAA	rom	gText_OtherTrainerHasCard
0x0841EBDE	rom	gText_OtherTrainerHasNews
0x0841EC12	rom	gText_OtherTrainerHasStamp
0x0841EC40	rom	gText_OtherTrainerCanceled
0x0841EC6A	rom	gText_CantSendGiftToTrainer
0x0841EC99	rom	gText_IfThrowAwayCardEventWontHappen
0x0841ECD3	rom	gText_OkayToDiscardNews
0x0841ECF9	rom	gText_HaventReceivedGiftOkayToDiscard
0x0841ED2F	rom	gText_DataWillBeSaved
0x0841ED50	rom	gText_SaveCompletedPressA
0x0841ED7B	rom	gText_WonderCardThrownAway
0x0841ED9C	rom	gText_WonderNewsThrownAway
0x0841EDBD	rom	gText_MysteryGift2
0x0841EDCA	rom	gText_PickOKCancel
0x0841EDDD	rom	gText_WonderCards
0x0841EDEA	rom	gText_WonderNews
0x0841EDF6	rom	gText_WirelessCommunication
0x0841EE0D	rom	gText_Friend2
0x0841EE14	rom	gText_Exit3
0x0841EE19	rom	gText_Receive
0x0841EE21	rom	gText_Send
0x0841EE26	rom	gText_Toss
0x0841EE2B	rom	gText_DelAllCancelOk
0x0841EE44	rom	sSaveFailedScreenPals
0x0841EE64	rom	sBgTemplates
0x0841EE68	rom	sWindowTemplates
0x0841EE80	rom	sTextColor
0x0841EE84	rom	sEvolutionSparklesPalData
0x0841EEA4	rom	sEvolutionSparklesTileData
0x0841EEC4	rom	sSpriteSheet_EvolutionSparkles
0x0841EED4	rom	sSpritePalette_EvolutionSparkles
0x0841EEE4	rom	sOamData_EvolutionSparkles
0x0841EEEC	rom	sSpriteAnim_EvolutionSparkles_0
0x0841EEF4	rom	sSpriteAnimTable_EvolutionSparkles
0x0841EEF8	rom	sSpriteTemplate_EvolutionSparkles
0x0841EF10	rom	sEvolutionSparkleMatrixScales
0x0841EF28	rom	sUnused
0x0841EF48	rom	sUnusedWindow_Gfx
0x0841F1C8	rom	gMenuMessageWindow_Gfx
0x0841F408	rom	gStandardMenuPalette
0x0841F428	rom	sTextSpeedFrameDelays
0x0841F42C	rom	sStandardTextBox_WindowTemplates
0x0841F43C	rom	sYesNo_WindowTemplate
0x0841F444	rom	gFontInfos
0x0841F4A4	rom	gMenuCursorDimensions
0x0841F4B4	rom	sTilemapDimensions
0x0841F4D4	rom	sViridianForestMapPreviewPalette
0x0841F514	rom	sViridianForestMapPreviewTiles
0x08420D98	rom	sViridianForestMapPreviewTilemap
0x08421170	rom	sRockTunnelMapPreviewPalette
0x084211B0	rom	sRockTunnelMapPreviewTiles
0x08422754	rom	sRockTunnelMapPreviewTilemap
0x08422B44	rom	sRocketHideoutMapPreviewPalette
0x08422B84	rom	sRocketHideoutMapPreviewTiles
0x0842335C	rom	sRocketHideoutMapPreviewTilemap
0x084235B8	rom	sPowerPlantMapPreviewPalette
0x084235F8	rom	sPowerPlantMapPreviewTiles
0x084247D0	rom	sPowerPlantMapPreviewTilemap
0x08424B84	rom	sPokemonMansionMapPreviewPalette
0x08424BC4	rom	sPokemonMansionMapPreviewTiles
0x084264CC	rom	sPokemonMansionMapPreviewTilemap
0x084268A8	rom	sPokemonTowerMapPreviewPalette
0x084268E8	rom	sPokemonTowerMapPreviewTiles
0x0842782C	rom	sPokemonTowerMapPreviewTilemap
0x08427B40	rom	sSilphCoMapPreviewPalette
0x08427B80	rom	sSilphCoMapPreviewTiles
0x08428D5C	rom	sSilphCoMapPreviewTilemap
0x084290FC	rom	sMtMoonMapPreviewPalette
0x0842913C	rom	sMtMoonMapPreviewTiles
0x0842AA68	rom	sMtMoonMapPreviewTilemap
0x0842AE00	rom	sSeafoamIslandsMapPreviewPalette
0x0842AE40	rom	sSeafoamIslandsMapPreviewTiles
0x0842C368	rom	sSeafoamIslandsMapPreviewTilemap
0x0842C760	rom	sRocketWarehouseMapPreviewPalette
0x0842C7A0	rom	sRocketWarehouseMapPreviewTiles
0x0842D0C8	rom	sRocketWarehouseMapPreviewTilemap
0x0842D384	rom	sVictoryRoadMapPreviewPalette
0x0842D3C4	rom	sVictoryRoadMapPreviewTiles
0x0842EAE0	rom	sVictoryRoadMapPreviewTilemap
0x0842EE9C	rom	sMtEmberMapPreviewPalette
0x0842EEDC	rom	sMtEmberMapPreviewTiles
0x08430590	rom	sMtEmberMapPreviewTilemap
0x0843091C	rom	sSafariZoneMapPreviewPalette
0x0843095C	rom	sSafariZoneMapPreviewTiles
0x08431E6C	rom	sSafariZoneMapPreviewTilemap
0x084321CC	rom	sMoneanChamberMapPreviewPalette
0x0843220C	rom	sMoneanChamberMapPreviewTiles
0x084336C8	rom	sMoneanChamberMapPreviewTilemap
0x08433A24	rom	sDottedHoleMapPreviewPalette
0x08433A64	rom	sDottedHoleMapPreviewTiles
0x08434CC4	rom	sDottedHoleMapPreviewTilemap
0x08435008	rom	sCeruleanCaveMapPreviewPalette
0x08435048	rom	sCeruleanCaveMapPreviewTiles
0x08436418	rom	sCeruleanCaveMapPreviewTilemap
0x08436814	rom	sDiglettsCaveMapPreviewPalette
0x08436854	rom	sDiglettsCaveMapPreviewTiles
0x08437F80	rom	sDiglettsCaveMapPreviewTilemap
0x08438364	rom	sLostCaveMapPreviewPalette
0x084383A4	rom	sLostCaveMapPreviewTiles
0x084395F0	rom	sLostCaveMapPreviewTilemap
0x084399D8	rom	sBerryForestMapPreviewPalette
0x08439A18	rom	sBerryForestMapPreviewTiles
0x0843B424	rom	sBerryForestMapPreviewTilemap
0x0843B804	rom	sIcefallCaveMapPreviewPalette
0x0843B844	rom	sIcefallCaveMapPreviewTiles
0x0843CF44	rom	sIcefallCaveMapPreviewTilemap
0x0843D324	rom	sAlteringCaveMapPreviewPalette
0x0843D364	rom	sAlteringCaveMapPreviewTiles
0x0843E618	rom	sAlteringCaveMapPreviewTilemap
0x0843E9E8	rom	sMapPreviewScreenData
0x0843EBA8	rom	sMapNameWindow
0x0843EBB0	rom	sMapPreviewBgTemplate
0x0843EBB4	rom	sRfuReqConfigTemplate
0x0843EBCC	rom	sAvailSlots
0x0843EBD4	rom	sAllBlocksReceived
0x0843EC38	rom	sSlotToLinkPlayerTableId
0x0843EC41	rom	sPlayerBitsToCount
0x0843EC51	rom	sPlayerBitsToNewChildIdx
0x0843EC64	rom	sBlockRequests
0x0843EC8C	rom	sAcceptedSerialNos
0x0843EC92	rom	sASCII_RfuCmds
0x0843ED37	rom	sASCII_RecoverCmds
0x0843ED88	rom	sShutdownTasks
0x0843EDE4	rom	sASCII_PokemonSioInfo
0x0843EDF4	rom	sText_Akito
0x0843EDF8	rom	sASCII_LinkLossDisconnect
0x0843EE10	rom	sASCII_LinkLossRecoveryNow
0x0843EE28	rom	sASCII_30Spaces
0x0843EE47	rom	sASCII_15Spaces
0x0843EE57	rom	sASCII_8Spaces
0x0843EE60	rom	sASCII_Space
0x0843EE62	rom	sASCII_Asterisk
0x0843EE64	rom	sASCII_NowSlot
0x0843EE6C	rom	sASCII_ClockCmds
0x0843EEA8	rom	sASCII_ChildParentSearch
0x0843EEC0	rom	sWirelessLinkIconPalette
0x0843EEE0	rom	sWirelessLinkIconPic
0x0843F004	rom	sWireless_ASCIItoRSETable
0x0843F104	rom	sWireless_RSEtoASCIITable
0x0843F204	rom	sWirelessStatusIndicatorOamData
0x0843F20C	rom	sWirelessStatusIndicator_3Bars
0x0843F228	rom	sWirelessStatusIndicator_2Bars
0x0843F23C	rom	sWirelessStatusIndicator_1Bar
0x0843F248	rom	sWirelessStatusIndicator_Searching
0x0843F254	rom	sWirelessStatusIndicator_Error
0x0843F260	rom	sWirelessStatusIndicatorAnims
0x0843F274	rom	sWirelessStatusIndicatorSpriteSheet
0x0843F27C	rom	sWirelessStatusIndicatorSpritePalette
0x0843F284	rom	sWirelessStatusIndicatorSpriteTemplate
0x0843F29C	rom	sECPhrase_MysteryEventIsExciting
0x0843F2A4	rom	sECPhrase_LinkTogetherWithAll
0x0843F2AC	rom	sEasyChatScreenTemplates
0x0843F39C	rom	sAlphabetLayout
0x0843F3B8	rom	sTriangleCursor_Pal
0x0843F3D8	rom	sRectangleCursor_Pal
0x0843F3F8	rom	sTriangleCursor_Gfx
0x0843F418	rom	sScrollIndicator_Gfx
0x0843F518	rom	sStartSelectButtons_Gfx
0x0843F618	rom	sRSInterviewFrame_Pal
0x0843F638	rom	sRSInterviewFrame_Gfx
0x0843F76C	rom	sTextInputFrameOrange_Pal
0x0843F78C	rom	sTextInputFrameGreen_Pal
0x0843F7AC	rom	sTextInputFrame_Gfx
0x0843F874	rom	sTitleText_Pal
0x0843F87C	rom	sText_Pal
0x0843F888	rom	sPhraseFrameDimensions
0x0843F8A0	rom	sEasyChatBgTemplates
0x0843F8B0	rom	sEasyChatWindowTemplates
0x0843F8D0	rom	sEasyChatYesNoWindowTemplate
0x0843F8D8	rom	sText_Underscore
0x0843F8DB	rom	sText_Clear17
0x0843F8E0	rom	sEasyChatKeyboardAlphabet
0x0843F8F0	rom	sEasyChatSpriteSheets
0x0843F910	rom	sEasyChatSpritePalettes
0x0843F938	rom	sEasyChatCompressedSpriteSheets
0x0843F958	rom	sAlphabetKeyboardColumnOffsets
0x0843F960	rom	sOamData_TriangleCursor
0x0843F968	rom	sSpriteTemplate_TriangleCursor
0x0843F980	rom	sOamData_RectangleCursor
0x0843F988	rom	sAnim_RectangleCursor_OnGroup
0x0843F990	rom	sAnim_RectangleCursor_OnButton
0x0843F998	rom	sAnim_RectangleCursor_OnOthers
0x0843F9A0	rom	sAnim_RectangleCursor_OnLetter
0x0843F9A8	rom	sAnims_RectangleCursor
0x0843F9B8	rom	sSpriteTemplate_RectangleCursor
0x0843F9D0	rom	sOamData_ModeWindow
0x0843F9D8	rom	sAnim_ModeWindow_Hidden
0x0843F9E0	rom	sAnim_ModeWindow_ToGroup
0x0843F9EC	rom	sAnim_ModeWindow_ToAlphabet
0x0843F9F8	rom	sAnim_ModeWindow_ToHidden
0x0843FA04	rom	sAnim_ModeWindow_Transition
0x0843FA0C	rom	sAnims_ModeWindow
0x0843FA20	rom	sSpriteTemplate_ModeWindow
0x0843FA38	rom	sOamData_ButtonWindow
0x0843FA40	rom	sSpriteTemplate_ButtonWindow
0x0843FA58	rom	sOamData_StartSelectButton
0x0843FA60	rom	sOamData_ScrollIndicator
0x0843FA68	rom	sAnim_Frame0
0x0843FA70	rom	sAnim_Frame1
0x0843FA78	rom	sAnims_TwoFrame
0x0843FA80	rom	sSpriteTemplate_StartSelectButtons
0x0843FA98	rom	sSpriteTemplate_ScrollIndicator
0x0843FAB0	rom	gMonFootprintTable
0x08440124	rom	sCategoryMonInfoBgTiles
0x08440274	rom	sKantoDexTiles
0x084403AC	rom	sNatDexTiles
0x084404C8	rom	sKantoDexPalette
0x084406C8	rom	sDexScreen_CategoryCursorPals
0x084406E0	rom	sNationalDexPalette
0x084408E0	rom	sTopMenuIconTiles_Cave
0x08440BD8	rom	sTopMenuIconTiles_Urban
0x08440EF0	rom	sTopMenuSelectionIconTiles_Cancel
0x0844112C	rom	sTopMenuIconTiles_Forest
0x084414BC	rom	sTopMenuIconTiles_Grassland
0x08441808	rom	sTopMenuIconTiles_QuestionMark
0x08441A40	rom	sTopMenuIconTiles_Mountain
0x08441D54	rom	sTopMenuIconTiles_Rare
0x08442004	rom	sTopMenuIconTiles_Sea
0x0844223C	rom	sTopMenuIconTiles_Numerical
0x084424E4	rom	sTopMenuIconTiles_RoughTerrain
0x08442838	rom	sTopMenuIconTiles_WatersEdge
0x08442BC0	rom	sTopMenuIconTiles_Type
0x08442EF8	rom	sTopMenuIconTiles_Lightest
0x0844318C	rom	sTopMenuIconTiles_Smallest
0x08443420	rom	sTopMenuIconPals_Cave
0x08443440	rom	sTopMenuIconPals_Urban
0x08443460	rom	sTopMenuSelectionIconPals_Cancel
0x08443480	rom	sTopMenuIconPals_Forest
0x084434A0	rom	sTopMenuIconPals_Grassland
0x084434C0	rom	sTopMenuIconPals_QuestionMark
0x084434E0	rom	sTopMenuIconPals_Mountain
0x08443500	rom	sTopMenuIconPals_Rare
0x08443520	rom	sTopMenuIconPals_Sea
0x08443540	rom	sTopMenuIconPals_Numerical
0x08443560	rom	sTopMenuIconPals_RoughTerrain
0x08443580	rom	sTopMenuIconPals_WatersEdge
0x084435A0	rom	sTopMenuIconPals_Type
0x084435C0	rom	sTopMenuIconPals_Lightest
0x084435E0	rom	sTopMenuIconPals_Smallest
0x08443600	rom	sDexScreen_CaughtIcon
0x08443620	rom	sTilemap_AreaMap_Kanto
0x08443910	rom	sTilemap_AreaMap_OneIsland
0x08443988	rom	sTilemap_AreaMap_TwoIsland
0x084439FC	rom	sTilemap_AreaMap_ThreeIsland
0x08443A78	rom	sTilemap_AreaMap_FourIsland
0x08443AF8	rom	sTilemap_AreaMap_FiveIsland
0x08443BB0	rom	sTilemap_AreaMap_SixIsland
0x08443C54	rom	sTilemap_AreaMap_SevenIsland
0x08443D00	rom	sBlitTiles_WideEllipse
0x08443FC0	rom	gPokedexOrder_Alphabetical
0x084442F6	rom	gPokedexOrder_Weight
0x084445FA	rom	gPokedexOrder_Height
0x084448FE	rom	gPokedexOrder_Type
0x08444C34	rom	gExpandedPlaceholder_PokedexDescription
0x08444C35	rom	gDummyPokedexText
0x08444CB1	rom	gDummyPokedexTextUnused
0x08444CB2	rom	gBulbasaurPokedexText
0x08444D1B	rom	gBulbasaurPokedexTextUnused
0x08444D1C	rom	gIvysaurPokedexText
0x08444D8B	rom	gIvysaurPokedexTextUnused
0x08444D8C	rom	gVenusaurPokedexText
0x08444DE7	rom	gVenusaurPokedexTextUnused
0x08444DE8	rom	gCharmanderPokedexText
0x08444E58	rom	gCharmanderPokedexTextUnused
0x08444E59	rom	gCharmeleonPokedexText
0x08444EC5	rom	gCharmeleonPokedexTextUnused
0x08444EC6	rom	gCharizardPokedexText
0x08444F38	rom	gCharizardPokedexTextUnused
0x08444F39	rom	gSquirtlePokedexText
0x08444F92	rom	gSquirtlePokedexTextUnused
0x08444F93	rom	gWartortlePokedexText
0x08444FED	rom	gWartortlePokedexTextUnused
0x08444FEE	rom	gBlastoisePokedexText
0x08445058	rom	gBlastoisePokedexTextUnused
0x08445059	rom	gCaterpiePokedexText
0x084450CB	rom	gCaterpiePokedexTextUnused
0x084450CC	rom	gMetapodPokedexText
0x08445137	rom	gMetapodPokedexTextUnused
0x08445138	rom	gButterfreePokedexText
0x0844519E	rom	gButterfreePokedexTextUnused
0x0844519F	rom	gWeedlePokedexText
0x0844520A	rom	gWeedlePokedexTextUnused
0x0844520B	rom	gKakunaPokedexText
0x0844527A	rom	gKakunaPokedexTextUnused
0x0844527B	rom	gBeedrillPokedexText
0x084452E6	rom	gBeedrillPokedexTextUnused
0x084452E7	rom	gPidgeyPokedexText
0x08445347	rom	gPidgeyPokedexTextUnused
0x08445348	rom	gPidgeottoPokedexText
0x084453B9	rom	gPidgeottoPokedexTextUnused
0x084453BA	rom	gPidgeotPokedexText
0x08445422	rom	gPidgeotPokedexTextUnused
0x08445423	rom	gRattataPokedexText
0x0844548F	rom	gRattataPokedexTextUnused
0x08445490	rom	gRaticatePokedexText
0x084454E8	rom	gRaticatePokedexTextUnused
0x084454E9	rom	gSpearowPokedexText
0x08445552	rom	gSpearowPokedexTextUnused
0x08445553	rom	gFearowPokedexText
0x084455C2	rom	gFearowPokedexTextUnused
0x084455C3	rom	gEkansPokedexText
0x0844562F	rom	gEkansPokedexTextUnused
0x08445630	rom	gArbokPokedexText
0x084456A1	rom	gArbokPokedexTextUnused
0x084456A2	rom	gPikachuPokedexText
0x0844570A	rom	gPikachuPokedexTextUnused
0x0844570B	rom	gRaichuPokedexText
0x0844577B	rom	gRaichuPokedexTextUnused
0x0844577C	rom	gSandshrewPokedexText
0x084457DC	rom	gSandshrewPokedexTextUnused
0x084457DD	rom	gSandslashPokedexText
0x08445845	rom	gSandslashPokedexTextUnused
0x08445846	rom	gNidoranFPokedexText
0x084458B9	rom	gNidoranFPokedexTextUnused
0x084458BA	rom	gNidorinaPokedexText
0x0844591F	rom	gNidorinaPokedexTextUnused
0x08445920	rom	gNidoqueenPokedexText
0x08445988	rom	gNidoqueenPokedexTextUnused
0x08445989	rom	gNidoranMPokedexText
0x084459FC	rom	gNidoranMPokedexTextUnused
0x084459FD	rom	gNidorinoPokedexText
0x08445A63	rom	gNidorinoPokedexTextUnused
0x08445A64	rom	gNidokingPokedexText
0x08445AD1	rom	gNidokingPokedexTextUnused
0x08445AD2	rom	gClefairyPokedexText
0x08445B30	rom	gClefairyPokedexTextUnused
0x08445B31	rom	gClefablePokedexText
0x08445B93	rom	gClefablePokedexTextUnused
0x08445B94	rom	gVulpixPokedexText
0x08445BEB	rom	gVulpixPokedexTextUnused
0x08445BEC	rom	gNinetalesPokedexText
0x08445C43	rom	gNinetalesPokedexTextUnused
0x08445C44	rom	gJigglypuffPokedexText
0x08445CA9	rom	gJigglypuffPokedexTextUnused
0x08445CAA	rom	gWigglytuffPokedexText
0x08445D11	rom	gWigglytuffPokedexTextUnused
0x08445D12	rom	gZubatPokedexText
0x08445D7A	rom	gZubatPokedexTextUnused
0x08445D7B	rom	gGolbatPokedexText
0x08445DDF	rom	gGolbatPokedexTextUnused
0x08445DE0	rom	gOddishPokedexText
0x08445E4B	rom	gOddishPokedexTextUnused
0x08445E4C	rom	gGloomPokedexText
0x08445EB9	rom	gGloomPokedexTextUnused
0x08445EBA	rom	gVileplumePokedexText
0x08445F22	rom	gVileplumePokedexTextUnused
0x08445F23	rom	gParasPokedexText
0x08445F87	rom	gParasPokedexTextUnused
0x08445F88	rom	gParasectPokedexText
0x08445FEA	rom	gParasectPokedexTextUnused
0x08445FEB	rom	gVenonatPokedexText
0x08446050	rom	gVenonatPokedexTextUnused
0x08446051	rom	gVenomothPokedexText
0x084460B9	rom	gVenomothPokedexTextUnused
0x084460BA	rom	gDiglettPokedexText
0x08446128	rom	gDiglettPokedexTextUnused
0x08446129	rom	gDugtrioPokedexText
0x0844618E	rom	gDugtrioPokedexTextUnused
0x0844618F	rom	gMeowthPokedexText
0x084461F0	rom	gMeowthPokedexTextUnused
0x084461F1	rom	gPersianPokedexText
0x0844626A	rom	gPersianPokedexTextUnused
0x0844626B	rom	gPsyduckPokedexText
0x084462D7	rom	gPsyduckPokedexTextUnused
0x084462D8	rom	gGolduckPokedexText
0x08446347	rom	gGolduckPokedexTextUnused
0x08446348	rom	gMankeyPokedexText
0x084463B9	rom	gMankeyPokedexTextUnused
0x084463BA	rom	gPrimeapePokedexText
0x08446428	rom	gPrimeapePokedexTextUnused
0x08446429	rom	gGrowlithePokedexText
0x08446483	rom	gGrowlithePokedexTextUnused
0x08446484	rom	gArcaninePokedexText
0x084464E1	rom	gArcaninePokedexTextUnused
0x084464E2	rom	gPoliwagPokedexText
0x08446559	rom	gPoliwagPokedexTextUnused
0x0844655A	rom	gPoliwhirlPokedexText
0x084465BE	rom	gPoliwhirlPokedexTextUnused
0x084465BF	rom	gPoliwrathPokedexText
0x0844662B	rom	gPoliwrathPokedexTextUnused
0x0844662C	rom	gAbraPokedexText
0x08446686	rom	gAbraPokedexTextUnused
0x08446687	rom	gKadabraPokedexText
0x084466E7	rom	gKadabraPokedexTextUnused
0x084466E8	rom	gAlakazamPokedexText
0x08446754	rom	gAlakazamPokedexTextUnused
0x08446755	rom	gMachopPokedexText
0x084467C3	rom	gMachopPokedexTextUnused
0x084467C4	rom	gMachokePokedexText
0x0844682B	rom	gMachokePokedexTextUnused
0x0844682C	rom	gMachampPokedexText
0x08446887	rom	gMachampPokedexTextUnused
0x08446888	rom	gBellsproutPokedexText
0x084468F5	rom	gBellsproutPokedexTextUnused
0x084468F6	rom	gWeepinbellPokedexText
0x08446954	rom	gWeepinbellPokedexTextUnused
0x08446955	rom	gVictreebelPokedexText
0x084469BC	rom	gVictreebelPokedexTextUnused
0x084469BD	rom	gTentacoolPokedexText
0x08446A16	rom	gTentacoolPokedexTextUnused
0x08446A17	rom	gTentacruelPokedexText
0x08446A7F	rom	gTentacruelPokedexTextUnused
0x08446A80	rom	gGeodudePokedexText
0x08446AEF	rom	gGeodudePokedexTextUnused
0x08446AF0	rom	gGravelerPokedexText
0x08446B55	rom	gGravelerPokedexTextUnused
0x08446B56	rom	gGolemPokedexText
0x08446BC3	rom	gGolemPokedexTextUnused
0x08446BC4	rom	gPonytaPokedexText
0x08446C22	rom	gPonytaPokedexTextUnused
0x08446C23	rom	gRapidashPokedexText
0x08446C8B	rom	gRapidashPokedexTextUnused
0x08446C8C	rom	gSlowpokePokedexText
0x08446D04	rom	gSlowpokePokedexTextUnused
0x08446D05	rom	gSlowbroPokedexText
0x08446D73	rom	gSlowbroPokedexTextUnused
0x08446D74	rom	gMagnemitePokedexText
0x08446DDA	rom	gMagnemitePokedexTextUnused
0x08446DDB	rom	gMagnetonPokedexText
0x08446E40	rom	gMagnetonPokedexTextUnused
0x08446E41	rom	gFarfetchdPokedexText
0x08446EA8	rom	gFarfetchdPokedexTextUnused
0x08446EA9	rom	gDoduoPokedexText
0x08446F15	rom	gDoduoPokedexTextUnused
0x08446F16	rom	gDodrioPokedexText
0x08446F7B	rom	gDodrioPokedexTextUnused
0x08446F7C	rom	gSeelPokedexText
0x08446FF2	rom	gSeelPokedexTextUnused
0x08446FF3	rom	gDewgongPokedexText
0x08447052	rom	gDewgongPokedexTextUnused
0x08447053	rom	gGrimerPokedexText
0x084470B6	rom	gGrimerPokedexTextUnused
0x084470B7	rom	gMukPokedexText
0x08447122	rom	gMukPokedexTextUnused
0x08447123	rom	gShellderPokedexText
0x08447185	rom	gShellderPokedexTextUnused
0x08447186	rom	gCloysterPokedexText
0x084471F8	rom	gCloysterPokedexTextUnused
0x084471F9	rom	gGastlyPokedexText
0x08447264	rom	gGastlyPokedexTextUnused
0x08447265	rom	gHaunterPokedexText
0x084472C2	rom	gHaunterPokedexTextUnused
0x084472C3	rom	gGengarPokedexText
0x08447320	rom	gGengarPokedexTextUnused
0x08447321	rom	gOnixPokedexText
0x08447392	rom	gOnixPokedexTextUnused
0x08447393	rom	gDrowzeePokedexText
0x084473F7	rom	gDrowzeePokedexTextUnused
0x084473F8	rom	gHypnoPokedexText
0x08447464	rom	gHypnoPokedexTextUnused
0x08447465	rom	gKrabbyPokedexText
0x084474C6	rom	gKrabbyPokedexTextUnused
0x084474C7	rom	gKinglerPokedexText
0x08447531	rom	gKinglerPokedexTextUnused
0x08447532	rom	gVoltorbPokedexText
0x08447589	rom	gVoltorbPokedexTextUnused
0x0844758A	rom	gElectrodePokedexText
0x084475ED	rom	gElectrodePokedexTextUnused
0x084475EE	rom	gExeggcutePokedexText
0x0844765A	rom	gExeggcutePokedexTextUnused
0x0844765B	rom	gExeggutorPokedexText
0x084476BE	rom	gExeggutorPokedexTextUnused
0x084476BF	rom	gCubonePokedexText
0x08447726	rom	gCubonePokedexTextUnused
0x08447727	rom	gMarowakPokedexText
0x0844778D	rom	gMarowakPokedexTextUnused
0x0844778E	rom	gHitmonleePokedexText
0x084477F8	rom	gHitmonleePokedexTextUnused
0x084477F9	rom	gHitmonchanPokedexText
0x08447864	rom	gHitmonchanPokedexTextUnused
0x08447865	rom	gLickitungPokedexText
0x084478CE	rom	gLickitungPokedexTextUnused
0x084478CF	rom	gKoffingPokedexText
0x0844792C	rom	gKoffingPokedexTextUnused
0x0844792D	rom	gWeezingPokedexText
0x08447993	rom	gWeezingPokedexTextUnused
0x08447994	rom	gRhyhornPokedexText
0x084479F6	rom	gRhyhornPokedexTextUnused
0x084479F7	rom	gRhydonPokedexText
0x08447A5E	rom	gRhydonPokedexTextUnused
0x08447A5F	rom	gChanseyPokedexText
0x08447ABE	rom	gChanseyPokedexTextUnused
0x08447ABF	rom	gTangelaPokedexText
0x08447B27	rom	gTangelaPokedexTextUnused
0x08447B28	rom	gKangaskhanPokedexText
0x08447B8F	rom	gKangaskhanPokedexTextUnused
0x08447B90	rom	gHorseaPokedexText
0x08447BF5	rom	gHorseaPokedexTextUnused
0x08447BF6	rom	gSeadraPokedexText
0x08447C5F	rom	gSeadraPokedexTextUnused
0x08447C60	rom	gGoldeenPokedexText
0x08447CC8	rom	gGoldeenPokedexTextUnused
0x08447CC9	rom	gSeakingPokedexText
0x08447D24	rom	gSeakingPokedexTextUnused
0x08447D25	rom	gStaryuPokedexText
0x08447D84	rom	gStaryuPokedexTextUnused
0x08447D85	rom	gStarmiePokedexText
0x08447DEE	rom	gStarmiePokedexTextUnused
0x08447DEF	rom	gMrmimePokedexText
0x08447E4F	rom	gMrmimePokedexTextUnused
0x08447E50	rom	gScytherPokedexText
0x08447EB3	rom	gScytherPokedexTextUnused
0x08447EB4	rom	gJynxPokedexText
0x08447F19	rom	gJynxPokedexTextUnused
0x08447F1A	rom	gElectabuzzPokedexText
0x08447F7F	rom	gElectabuzzPokedexTextUnused
0x08447F80	rom	gMagmarPokedexText
0x08447FED	rom	gMagmarPokedexTextUnused
0x08447FEE	rom	gPinsirPokedexText
0x08448059	rom	gPinsirPokedexTextUnused
0x0844805A	rom	gTaurosPokedexText
0x084480AE	rom	gTaurosPokedexTextUnused
0x084480AF	rom	gMagikarpPokedexText
0x08448122	rom	gMagikarpPokedexTextUnused
0x08448123	rom	gGyaradosPokedexText
0x08448193	rom	gGyaradosPokedexTextUnused
0x08448194	rom	gLaprasPokedexText
0x084481F7	rom	gLaprasPokedexTextUnused
0x084481F8	rom	gDittoPokedexText
0x08448250	rom	gDittoPokedexTextUnused
0x08448251	rom	gEeveePokedexText
0x084482AF	rom	gEeveePokedexTextUnused
0x084482B0	rom	gVaporeonPokedexText
0x08448320	rom	gVaporeonPokedexTextUnused
0x08448321	rom	gJolteonPokedexText
0x08448387	rom	gJolteonPokedexTextUnused
0x08448388	rom	gFlareonPokedexText
0x084483FB	rom	gFlareonPokedexTextUnused
0x084483FC	rom	gPorygonPokedexText
0x08448467	rom	gPorygonPokedexTextUnused
0x08448468	rom	gOmanytePokedexText
0x084484CD	rom	gOmanytePokedexTextUnused
0x084484CE	rom	gOmastarPokedexText
0x08448537	rom	gOmastarPokedexTextUnused
0x08448538	rom	gKabutoPokedexText
0x084485A3	rom	gKabutoPokedexTextUnused
0x084485A4	rom	gKabutopsPokedexText
0x0844860D	rom	gKabutopsPokedexTextUnused
0x0844860E	rom	gAerodactylPokedexText
0x0844867D	rom	gAerodactylPokedexTextUnused
0x0844867E	rom	gSnorlaxPokedexText
0x084486F7	rom	gSnorlaxPokedexTextUnused
0x084486F8	rom	gArticunoPokedexText
0x0844875F	rom	gArticunoPokedexTextUnused
0x08448760	rom	gZapdosPokedexText
0x084487BF	rom	gZapdosPokedexTextUnused
0x084487C0	rom	gMoltresPokedexText
0x08448830	rom	gMoltresPokedexTextUnused
0x08448831	rom	gDratiniPokedexText
0x0844888C	rom	gDratiniPokedexTextUnused
0x0844888D	rom	gDragonairPokedexText
0x084488F6	rom	gDragonairPokedexTextUnused
0x084488F7	rom	gDragonitePokedexText
0x08448951	rom	gDragonitePokedexTextUnused
0x08448952	rom	gMewtwoPokedexText
0x084489B6	rom	gMewtwoPokedexTextUnused
0x084489B7	rom	gMewPokedexText
0x08448A25	rom	gMewPokedexTextUnused
0x08448A26	rom	gChikoritaPokedexText
0x08448A7D	rom	gChikoritaPokedexTextUnused
0x08448A7E	rom	gBayleefPokedexText
0x08448ADC	rom	gBayleefPokedexTextUnused
0x08448ADD	rom	gMeganiumPokedexText
0x08448B3E	rom	gMeganiumPokedexTextUnused
0x08448B3F	rom	gCyndaquilPokedexText
0x08448B9D	rom	gCyndaquilPokedexTextUnused
0x08448B9E	rom	gQuilavaPokedexText
0x08448BFB	rom	gQuilavaPokedexTextUnused
0x08448BFC	rom	gTyphlosionPokedexText
0x08448C5A	rom	gTyphlosionPokedexTextUnused
0x08448C5B	rom	gTotodilePokedexText
0x08448CB9	rom	gTotodilePokedexTextUnused
0x08448CBA	rom	gCroconawPokedexText
0x08448D1D	rom	gCroconawPokedexTextUnused
0x08448D1E	rom	gFeraligatrPokedexText
0x08448D89	rom	gFeraligatrPokedexTextUnused
0x08448D8A	rom	gSentretPokedexText
0x08448DF2	rom	gSentretPokedexTextUnused
0x08448DF3	rom	gFurretPokedexText
0x08448E56	rom	gFurretPokedexTextUnused
0x08448E57	rom	gHoothootPokedexText
0x08448EC0	rom	gHoothootPokedexTextUnused
0x08448EC1	rom	gNoctowlPokedexText
0x08448F1C	rom	gNoctowlPokedexTextUnused
0x08448F1D	rom	gLedybaPokedexText
0x08448F86	rom	gLedybaPokedexTextUnused
0x08448F87	rom	gLedianPokedexText
0x08448FEF	rom	gLedianPokedexTextUnused
0x08448FF0	rom	gSpinarakPokedexText
0x08449051	rom	gSpinarakPokedexTextUnused
0x08449052	rom	gAriadosPokedexText
0x084490BC	rom	gAriadosPokedexTextUnused
0x084490BD	rom	gCrobatPokedexText
0x08449123	rom	gCrobatPokedexTextUnused
0x08449124	rom	gChinchouPokedexText
0x08449180	rom	gChinchouPokedexTextUnused
0x08449181	rom	gLanturnPokedexText
0x084491E5	rom	gLanturnPokedexTextUnused
0x084491E6	rom	gPichuPokedexText
0x0844924E	rom	gPichuPokedexTextUnused
0x0844924F	rom	gCleffaPokedexText
0x084492A7	rom	gCleffaPokedexTextUnused
0x084492A8	rom	gIgglybuffPokedexText
0x08449301	rom	gIgglybuffPokedexTextUnused
0x08449302	rom	gTogepiPokedexText
0x0844935F	rom	gTogepiPokedexTextUnused
0x08449360	rom	gTogeticPokedexText
0x084493C4	rom	gTogeticPokedexTextUnused
0x084493C5	rom	gNatuPokedexText
0x08449430	rom	gNatuPokedexTextUnused
0x08449431	rom	gXatuPokedexText
0x08449492	rom	gXatuPokedexTextUnused
0x08449493	rom	gMareepPokedexText
0x084494F7	rom	gMareepPokedexTextUnused
0x084494F8	rom	gFlaaffyPokedexText
0x08449558	rom	gFlaaffyPokedexTextUnused
0x08449559	rom	gAmpharosPokedexText
0x084495C3	rom	gAmpharosPokedexTextUnused
0x084495C4	rom	gBellossomPokedexText
0x08449629	rom	gBellossomPokedexTextUnused
0x0844962A	rom	gMarillPokedexText
0x08449687	rom	gMarillPokedexTextUnused
0x08449688	rom	gAzumarillPokedexText
0x084496EA	rom	gAzumarillPokedexTextUnused
0x084496EB	rom	gSudowoodoPokedexText
0x08449755	rom	gSudowoodoPokedexTextUnused
0x08449756	rom	gPolitoedPokedexText
0x084497BA	rom	gPolitoedPokedexTextUnused
0x084497BB	rom	gHoppipPokedexText
0x0844981D	rom	gHoppipPokedexTextUnused
0x0844981E	rom	gSkiploomPokedexText
0x0844987C	rom	gSkiploomPokedexTextUnused
0x0844987D	rom	gJumpluffPokedexText
0x084498E8	rom	gJumpluffPokedexTextUnused
0x084498E9	rom	gAipomPokedexText
0x0844994C	rom	gAipomPokedexTextUnused
0x0844994D	rom	gSunkernPokedexText
0x084499B7	rom	gSunkernPokedexTextUnused
0x084499B8	rom	gSunfloraPokedexText
0x08449A1F	rom	gSunfloraPokedexTextUnused
0x08449A20	rom	gYanmaPokedexText
0x08449A81	rom	gYanmaPokedexTextUnused
0x08449A82	rom	gWooperPokedexText
0x08449AD6	rom	gWooperPokedexTextUnused
0x08449AD7	rom	gQuagsirePokedexText
0x08449B41	rom	gQuagsirePokedexTextUnused
0x08449B42	rom	gEspeonPokedexText
0x08449B9D	rom	gEspeonPokedexTextUnused
0x08449B9E	rom	gUmbreonPokedexText
0x08449C06	rom	gUmbreonPokedexTextUnused
0x08449C07	rom	gMurkrowPokedexText
0x08449C71	rom	gMurkrowPokedexTextUnused
0x08449C72	rom	gSlowkingPokedexText
0x08449CD0	rom	gSlowkingPokedexTextUnused
0x08449CD1	rom	gMisdreavusPokedexText
0x08449D3B	rom	gMisdreavusPokedexTextUnused
0x08449D3C	rom	gUnownPokedexText
0x08449D92	rom	gUnownPokedexTextUnused
0x08449D93	rom	gWobbuffetPokedexText
0x08449DF7	rom	gWobbuffetPokedexTextUnused
0x08449DF8	rom	gGirafarigPokedexText
0x08449E5A	rom	gGirafarigPokedexTextUnused
0x08449E5B	rom	gPinecoPokedexText
0x08449EBB	rom	gPinecoPokedexTextUnused
0x08449EBC	rom	gForretressPokedexText
0x08449F25	rom	gForretressPokedexTextUnused
0x08449F26	rom	gDunsparcePokedexText
0x08449F85	rom	gDunsparcePokedexTextUnused
0x08449F86	rom	gGligarPokedexText
0x08449FEB	rom	gGligarPokedexTextUnused
0x08449FEC	rom	gSteelixPokedexText
0x0844A051	rom	gSteelixPokedexTextUnused
0x0844A052	rom	gSnubbullPokedexText
0x0844A0B8	rom	gSnubbullPokedexTextUnused
0x0844A0B9	rom	gGranbullPokedexText
0x0844A11F	rom	gGranbullPokedexTextUnused
0x0844A120	rom	gQwilfishPokedexText
0x0844A184	rom	gQwilfishPokedexTextUnused
0x0844A185	rom	gScizorPokedexText
0x0844A1E7	rom	gScizorPokedexTextUnused
0x0844A1E8	rom	gShucklePokedexText
0x0844A253	rom	gShucklePokedexTextUnused
0x0844A254	rom	gHeracrossPokedexText
0x0844A2B4	rom	gHeracrossPokedexTextUnused
0x0844A2B5	rom	gSneaselPokedexText
0x0844A317	rom	gSneaselPokedexTextUnused
0x0844A318	rom	gTeddiursaPokedexText
0x0844A377	rom	gTeddiursaPokedexTextUnused
0x0844A378	rom	gUrsaringPokedexText
0x0844A3DA	rom	gUrsaringPokedexTextUnused
0x0844A3DB	rom	gSlugmaPokedexText
0x0844A43D	rom	gSlugmaPokedexTextUnused
0x0844A43E	rom	gMagcargoPokedexText
0x0844A497	rom	gMagcargoPokedexTextUnused
0x0844A498	rom	gSwinubPokedexText
0x0844A4F1	rom	gSwinubPokedexTextUnused
0x0844A4F2	rom	gPiloswinePokedexText
0x0844A555	rom	gPiloswinePokedexTextUnused
0x0844A556	rom	gCorsolaPokedexText
0x0844A5B7	rom	gCorsolaPokedexTextUnused
0x0844A5B8	rom	gRemoraidPokedexText
0x0844A61D	rom	gRemoraidPokedexTextUnused
0x0844A61E	rom	gOctilleryPokedexText
0x0844A685	rom	gOctilleryPokedexTextUnused
0x0844A686	rom	gDelibirdPokedexText
0x0844A6E4	rom	gDelibirdPokedexTextUnused
0x0844A6E5	rom	gMantinePokedexText
0x0844A750	rom	gMantinePokedexTextUnused
0x0844A751	rom	gSkarmoryPokedexText
0x0844A7AE	rom	gSkarmoryPokedexTextUnused
0x0844A7AF	rom	gHoundourPokedexText
0x0844A80B	rom	gHoundourPokedexTextUnused
0x0844A80C	rom	gHoundoomPokedexText
0x0844A86F	rom	gHoundoomPokedexTextUnused
0x0844A870	rom	gKingdraPokedexText
0x0844A8D2	rom	gKingdraPokedexTextUnused
0x0844A8D3	rom	gPhanpyPokedexText
0x0844A936	rom	gPhanpyPokedexTextUnused
0x0844A937	rom	gDonphanPokedexText
0x0844A99D	rom	gDonphanPokedexTextUnused
0x0844A99E	rom	gPorygon2PokedexText
0x0844AA03	rom	gPorygon2PokedexTextUnused
0x0844AA04	rom	gStantlerPokedexText
0x0844AA67	rom	gStantlerPokedexTextUnused
0x0844AA68	rom	gSmearglePokedexText
0x0844AAC6	rom	gSmearglePokedexTextUnused
0x0844AAC7	rom	gTyroguePokedexText
0x0844AB2B	rom	gTyroguePokedexTextUnused
0x0844AB2C	rom	gHitmontopPokedexText
0x0844AB8E	rom	gHitmontopPokedexTextUnused
0x0844AB8F	rom	gSmoochumPokedexText
0x0844ABEA	rom	gSmoochumPokedexTextUnused
0x0844ABEB	rom	gElekidPokedexText
0x0844AC45	rom	gElekidPokedexTextUnused
0x0844AC46	rom	gMagbyPokedexText
0x0844ACB2	rom	gMagbyPokedexTextUnused
0x0844ACB3	rom	gMiltankPokedexText
0x0844AD0C	rom	gMiltankPokedexTextUnused
0x0844AD0D	rom	gBlisseyPokedexText
0x0844AD77	rom	gBlisseyPokedexTextUnused
0x0844AD78	rom	gRaikouPokedexText
0x0844ADD2	rom	gRaikouPokedexTextUnused
0x0844ADD3	rom	gEnteiPokedexText
0x0844AE37	rom	gEnteiPokedexTextUnused
0x0844AE38	rom	gSuicunePokedexText
0x0844AE9F	rom	gSuicunePokedexTextUnused
0x0844AEA0	rom	gLarvitarPokedexText
0x0844AF00	rom	gLarvitarPokedexTextUnused
0x0844AF01	rom	gPupitarPokedexText
0x0844AF64	rom	gPupitarPokedexTextUnused
0x0844AF65	rom	gTyranitarPokedexText
0x0844AFCD	rom	gTyranitarPokedexTextUnused
0x0844AFCE	rom	gLugiaPokedexText
0x0844B032	rom	gLugiaPokedexTextUnused
0x0844B033	rom	gHoOhPokedexText
0x0844B099	rom	gHoOhPokedexTextUnused
0x0844B09A	rom	gCelebiPokedexText
0x0844B101	rom	gCelebiPokedexTextUnused
0x0844B102	rom	gTreeckoPokedexText
0x0844B16D	rom	gTreeckoPokedexTextUnused
0x0844B16E	rom	gGrovylePokedexText
0x0844B1C7	rom	gGrovylePokedexTextUnused
0x0844B1C8	rom	gSceptilePokedexText
0x0844B233	rom	gSceptilePokedexTextUnused
0x0844B234	rom	gTorchicPokedexText
0x0844B28F	rom	gTorchicPokedexTextUnused
0x0844B290	rom	gCombuskenPokedexText
0x0844B2F3	rom	gCombuskenPokedexTextUnused
0x0844B2F4	rom	gBlazikenPokedexText
0x0844B363	rom	gBlazikenPokedexTextUnused
0x0844B364	rom	gMudkipPokedexText
0x0844B3CF	rom	gMudkipPokedexTextUnused
0x0844B3D0	rom	gMarshtompPokedexText
0x0844B438	rom	gMarshtompPokedexTextUnused
0x0844B439	rom	gSwampertPokedexText
0x0844B4A7	rom	gSwampertPokedexTextUnused
0x0844B4A8	rom	gPoochyenaPokedexText
0x0844B518	rom	gPoochyenaPokedexTextUnused
0x0844B519	rom	gMightyenaPokedexText
0x0844B58F	rom	gMightyenaPokedexTextUnused
0x0844B590	rom	gZigzagoonPokedexText
0x0844B5F3	rom	gZigzagoonPokedexTextUnused
0x0844B5F4	rom	gLinoonePokedexText
0x0844B663	rom	gLinoonePokedexTextUnused
0x0844B664	rom	gWurmplePokedexText
0x0844B6D5	rom	gWurmplePokedexTextUnused
0x0844B6D6	rom	gSilcoonPokedexText
0x0844B74B	rom	gSilcoonPokedexTextUnused
0x0844B74C	rom	gBeautiflyPokedexText
0x0844B7B2	rom	gBeautiflyPokedexTextUnused
0x0844B7B3	rom	gCascoonPokedexText
0x0844B813	rom	gCascoonPokedexTextUnused
0x0844B814	rom	gDustoxPokedexText
0x0844B884	rom	gDustoxPokedexTextUnused
0x0844B885	rom	gLotadPokedexText
0x0844B8ED	rom	gLotadPokedexTextUnused
0x0844B8EE	rom	gLombrePokedexText
0x0844B964	rom	gLombrePokedexTextUnused
0x0844B965	rom	gLudicoloPokedexText
0x0844B9BE	rom	gLudicoloPokedexTextUnused
0x0844B9BF	rom	gSeedotPokedexText
0x0844BA34	rom	gSeedotPokedexTextUnused
0x0844BA35	rom	gNuzleafPokedexText
0x0844BA9D	rom	gNuzleafPokedexTextUnused
0x0844BA9E	rom	gShiftryPokedexText
0x0844BB05	rom	gShiftryPokedexTextUnused
0x0844BB06	rom	gTaillowPokedexText
0x0844BB6E	rom	gTaillowPokedexTextUnused
0x0844BB6F	rom	gSwellowPokedexText
0x0844BBDE	rom	gSwellowPokedexTextUnused
0x0844BBDF	rom	gWingullPokedexText
0x0844BC3F	rom	gWingullPokedexTextUnused
0x0844BC40	rom	gPelipperPokedexText
0x0844BCAB	rom	gPelipperPokedexTextUnused
0x0844BCAC	rom	gRaltsPokedexText
0x0844BD09	rom	gRaltsPokedexTextUnused
0x0844BD0A	rom	gKirliaPokedexText
0x0844BD7A	rom	gKirliaPokedexTextUnused
0x0844BD7B	rom	gGardevoirPokedexText
0x0844BDD6	rom	gGardevoirPokedexTextUnused
0x0844BDD7	rom	gSurskitPokedexText
0x0844BE35	rom	gSurskitPokedexTextUnused
0x0844BE36	rom	gMasquerainPokedexText
0x0844BEAC	rom	gMasquerainPokedexTextUnused
0x0844BEAD	rom	gShroomishPokedexText
0x0844BF1A	rom	gShroomishPokedexTextUnused
0x0844BF1B	rom	gBreloomPokedexText
0x0844BF87	rom	gBreloomPokedexTextUnused
0x0844BF88	rom	gSlakothPokedexText
0x0844BFE3	rom	gSlakothPokedexTextUnused
0x0844BFE4	rom	gVigorothPokedexText
0x0844C047	rom	gVigorothPokedexTextUnused
0x0844C048	rom	gSlakingPokedexText
0x0844C0C1	rom	gSlakingPokedexTextUnused
0x0844C0C2	rom	gNincadaPokedexText
0x0844C122	rom	gNincadaPokedexTextUnused
0x0844C123	rom	gNinjaskPokedexText
0x0844C186	rom	gNinjaskPokedexTextUnused
0x0844C187	rom	gShedinjaPokedexText
0x0844C1DB	rom	gShedinjaPokedexTextUnused
0x0844C1DC	rom	gWhismurPokedexText
0x0844C245	rom	gWhismurPokedexTextUnused
0x0844C246	rom	gLoudredPokedexText
0x0844C2A6	rom	gLoudredPokedexTextUnused
0x0844C2A7	rom	gExploudPokedexText
0x0844C31D	rom	gExploudPokedexTextUnused
0x0844C31E	rom	gMakuhitaPokedexText
0x0844C381	rom	gMakuhitaPokedexTextUnused
0x0844C382	rom	gHariyamaPokedexText
0x0844C3E7	rom	gHariyamaPokedexTextUnused
0x0844C3E8	rom	gAzurillPokedexText
0x0844C458	rom	gAzurillPokedexTextUnused
0x0844C459	rom	gNosepassPokedexText
0x0844C4B5	rom	gNosepassPokedexTextUnused
0x0844C4B6	rom	gSkittyPokedexText
0x0844C526	rom	gSkittyPokedexTextUnused
0x0844C527	rom	gDelcattyPokedexText
0x0844C58E	rom	gDelcattyPokedexTextUnused
0x0844C58F	rom	gSableyePokedexText
0x0844C5E8	rom	gSableyePokedexTextUnused
0x0844C5E9	rom	gMawilePokedexText
0x0844C653	rom	gMawilePokedexTextUnused
0x0844C654	rom	gAronPokedexText
0x0844C6C5	rom	gAronPokedexTextUnused
0x0844C6C6	rom	gLaironPokedexText
0x0844C737	rom	gLaironPokedexTextUnused
0x0844C738	rom	gAggronPokedexText
0x0844C7A0	rom	gAggronPokedexTextUnused
0x0844C7A1	rom	gMedititePokedexText
0x0844C7FD	rom	gMedititePokedexTextUnused
0x0844C7FE	rom	gMedichamPokedexText
0x0844C867	rom	gMedichamPokedexTextUnused
0x0844C868	rom	gElectrikePokedexText
0x0844C8CC	rom	gElectrikePokedexTextUnused
0x0844C8CD	rom	gManectricPokedexText
0x0844C91D	rom	gManectricPokedexTextUnused
0x0844C91E	rom	gPluslePokedexText
0x0844C98C	rom	gPluslePokedexTextUnused
0x0844C98D	rom	gMinunPokedexText
0x0844CA09	rom	gMinunPokedexTextUnused
0x0844CA0A	rom	gVolbeatPokedexText
0x0844CA75	rom	gVolbeatPokedexTextUnused
0x0844CA76	rom	gIllumisePokedexText
0x0844CADF	rom	gIllumisePokedexTextUnused
0x0844CAE0	rom	gRoseliaPokedexText
0x0844CB41	rom	gRoseliaPokedexTextUnused
0x0844CB42	rom	gGulpinPokedexText
0x0844CBAB	rom	gGulpinPokedexTextUnused
0x0844CBAC	rom	gSwalotPokedexText
0x0844CC14	rom	gSwalotPokedexTextUnused
0x0844CC15	rom	gCarvanhaPokedexText
0x0844CC76	rom	gCarvanhaPokedexTextUnused
0x0844CC77	rom	gSharpedoPokedexText
0x0844CCE0	rom	gSharpedoPokedexTextUnused
0x0844CCE1	rom	gWailmerPokedexText
0x0844CD4F	rom	gWailmerPokedexTextUnused
0x0844CD50	rom	gWailordPokedexText
0x0844CDBB	rom	gWailordPokedexTextUnused
0x0844CDBC	rom	gNumelPokedexText
0x0844CE33	rom	gNumelPokedexTextUnused
0x0844CE34	rom	gCameruptPokedexText
0x0844CE9E	rom	gCameruptPokedexTextUnused
0x0844CE9F	rom	gTorkoalPokedexText
0x0844CEFB	rom	gTorkoalPokedexTextUnused
0x0844CEFC	rom	gSpoinkPokedexText
0x0844CF59	rom	gSpoinkPokedexTextUnused
0x0844CF5A	rom	gGrumpigPokedexText
0x0844CFC6	rom	gGrumpigPokedexTextUnused
0x0844CFC7	rom	gSpindaPokedexText
0x0844D027	rom	gSpindaPokedexTextUnused
0x0844D028	rom	gTrapinchPokedexText
0x0844D086	rom	gTrapinchPokedexTextUnused
0x0844D087	rom	gVibravaPokedexText
0x0844D100	rom	gVibravaPokedexTextUnused
0x0844D101	rom	gFlygonPokedexText
0x0844D161	rom	gFlygonPokedexTextUnused
0x0844D162	rom	gCacneaPokedexText
0x0844D1C9	rom	gCacneaPokedexTextUnused
0x0844D1CA	rom	gCacturnePokedexText
0x0844D233	rom	gCacturnePokedexTextUnused
0x0844D234	rom	gSwabluPokedexText
0x0844D297	rom	gSwabluPokedexTextUnused
0x0844D298	rom	gAltariaPokedexText
0x0844D2FF	rom	gAltariaPokedexTextUnused
0x0844D300	rom	gZangoosePokedexText
0x0844D374	rom	gZangoosePokedexTextUnused
0x0844D375	rom	gSeviperPokedexText
0x0844D3E7	rom	gSeviperPokedexTextUnused
0x0844D3E8	rom	gLunatonePokedexText
0x0844D458	rom	gLunatonePokedexTextUnused
0x0844D459	rom	gSolrockPokedexText
0x0844D4BF	rom	gSolrockPokedexTextUnused
0x0844D4C0	rom	gBarboachPokedexText
0x0844D516	rom	gBarboachPokedexTextUnused
0x0844D517	rom	gWhiscashPokedexText
0x0844D580	rom	gWhiscashPokedexTextUnused
0x0844D581	rom	gCorphishPokedexText
0x0844D5ED	rom	gCorphishPokedexTextUnused
0x0844D5EE	rom	gCrawdauntPokedexText
0x0844D64D	rom	gCrawdauntPokedexTextUnused
0x0844D64E	rom	gBaltoyPokedexText
0x0844D6BD	rom	gBaltoyPokedexTextUnused
0x0844D6BE	rom	gClaydolPokedexText
0x0844D72A	rom	gClaydolPokedexTextUnused
0x0844D72B	rom	gLileepPokedexText
0x0844D798	rom	gLileepPokedexTextUnused
0x0844D799	rom	gCradilyPokedexText
0x0844D7FE	rom	gCradilyPokedexTextUnused
0x0844D7FF	rom	gAnorithPokedexText
0x0844D871	rom	gAnorithPokedexTextUnused
0x0844D872	rom	gArmaldoPokedexText
0x0844D8CE	rom	gArmaldoPokedexTextUnused
0x0844D8CF	rom	gFeebasPokedexText
0x0844D937	rom	gFeebasPokedexTextUnused
0x0844D938	rom	gMiloticPokedexText
0x0844D99B	rom	gMiloticPokedexTextUnused
0x0844D99C	rom	gCastformPokedexText
0x0844DA06	rom	gCastformPokedexTextUnused
0x0844DA07	rom	gKecleonPokedexText
0x0844DA6D	rom	gKecleonPokedexTextUnused
0x0844DA6E	rom	gShuppetPokedexText
0x0844DAD2	rom	gShuppetPokedexTextUnused
0x0844DAD3	rom	gBanettePokedexText
0x0844DB3F	rom	gBanettePokedexTextUnused
0x0844DB40	rom	gDuskullPokedexText
0x0844DBA8	rom	gDuskullPokedexTextUnused
0x0844DBA9	rom	gDusclopsPokedexText
0x0844DC12	rom	gDusclopsPokedexTextUnused
0x0844DC13	rom	gTropiusPokedexText
0x0844DC80	rom	gTropiusPokedexTextUnused
0x0844DC81	rom	gChimechoPokedexText
0x0844DCF1	rom	gChimechoPokedexTextUnused
0x0844DCF2	rom	gAbsolPokedexText
0x0844DD5B	rom	gAbsolPokedexTextUnused
0x0844DD5C	rom	gWynautPokedexText
0x0844DDB6	rom	gWynautPokedexTextUnused
0x0844DDB7	rom	gSnoruntPokedexText
0x0844DE28	rom	gSnoruntPokedexTextUnused
0x0844DE29	rom	gGlaliePokedexText
0x0844DE93	rom	gGlaliePokedexTextUnused
0x0844DE94	rom	gSphealPokedexText
0x0844DEF6	rom	gSphealPokedexTextUnused
0x0844DEF7	rom	gSealeoPokedexText
0x0844DF60	rom	gSealeoPokedexTextUnused
0x0844DF61	rom	gWalreinPokedexText
0x0844DFD2	rom	gWalreinPokedexTextUnused
0x0844DFD3	rom	gClamperlPokedexText
0x0844E028	rom	gClamperlPokedexTextUnused
0x0844E029	rom	gHuntailPokedexText
0x0844E09A	rom	gHuntailPokedexTextUnused
0x0844E09B	rom	gGorebyssPokedexText
0x0844E108	rom	gGorebyssPokedexTextUnused
0x0844E109	rom	gRelicanthPokedexText
0x0844E16B	rom	gRelicanthPokedexTextUnused
0x0844E16C	rom	gLuvdiscPokedexText
0x0844E1CE	rom	gLuvdiscPokedexTextUnused
0x0844E1CF	rom	gBagonPokedexText
0x0844E22D	rom	gBagonPokedexTextUnused
0x0844E22E	rom	gShelgonPokedexText
0x0844E2A5	rom	gShelgonPokedexTextUnused
0x0844E2A6	rom	gSalamencePokedexText
0x0844E308	rom	gSalamencePokedexTextUnused
0x0844E309	rom	gBeldumPokedexText
0x0844E363	rom	gBeldumPokedexTextUnused
0x0844E364	rom	gMetangPokedexText
0x0844E3D1	rom	gMetangPokedexTextUnused
0x0844E3D2	rom	gMetagrossPokedexText
0x0844E431	rom	gMetagrossPokedexTextUnused
0x0844E432	rom	gRegirockPokedexText
0x0844E4A0	rom	gRegirockPokedexTextUnused
0x0844E4A1	rom	gRegicePokedexText
0x0844E502	rom	gRegicePokedexTextUnused
0x0844E503	rom	gRegisteelPokedexText
0x0844E573	rom	gRegisteelPokedexTextUnused
0x0844E574	rom	gLatiasPokedexText
0x0844E5E1	rom	gLatiasPokedexTextUnused
0x0844E5E2	rom	gLatiosPokedexText
0x0844E652	rom	gLatiosPokedexTextUnused
0x0844E653	rom	gKyogrePokedexText
0x0844E6BD	rom	gKyogrePokedexTextUnused
0x0844E6BE	rom	gGroudonPokedexText
0x0844E71B	rom	gGroudonPokedexTextUnused
0x0844E71C	rom	gRayquazaPokedexText
0x0844E784	rom	gRayquazaPokedexTextUnused
0x0844E785	rom	gJirachiPokedexText
0x0844E7E5	rom	gJirachiPokedexTextUnused
0x0844E7E6	rom	gDeoxysPokedexText
0x0844E84D	rom	gDeoxysPokedexTextUnused
0x0844E850	rom	gPokedexEntries
0x08451EBC	rom	sBgTemplates
0x08451ECC	rom	sWindowTemplates
0x08451EE4	rom	sDexScreenDataInitialState
0x08451F54	rom	sWindowTemplate_ModeSelect
0x08451F5C	rom	sWindowTemplate_SelectionIcon
0x08451F64	rom	sWindowTemplate_DexCounts
0x08451F6C	rom	sListMenuItems_KantoDexModeSelect
0x08452004	rom	sListMenuTemplate_KantoDexModeSelect
0x0845201C	rom	sListMenuItems_NatDexModeSelect
0x084520BC	rom	sListMenuTemplate_NatDexModeSelect
0x084520D4	rom	sScrollArrowsTemplate_KantoDex
0x084520E4	rom	sScrollArrowsTemplate_NatDex
0x084520F4	rom	sTopMenuSelectionIconGfxPtrs
0x0845216C	rom	sWindowTemplate_OrderedListMenu
0x08452174	rom	sListMenuTemplate_OrderedListMenu
0x0845218C	rom	sListMenuRects_OrderedList
0x084521B4	rom	sDexOrderScrollArrowsTemplate
0x084521C4	rom	sWindowTemplate_CategoryMonIcon
0x084521CC	rom	sWindowTemplate_CategoryMonInfo
0x084521D4	rom	sWindowTemplate_DexEntry_MonPic
0x084521DC	rom	sWindowTemplate_DexEntry_SpeciesStats
0x084521E4	rom	sWindowTemplate_DexEntry_FlavorText
0x084521EC	rom	sWindowTemplate_AreaMap_MonIcon
0x084521F4	rom	sWindowTemplate_AreaMap_SpeciesName
0x084521FC	rom	sWindowTemplate_AreaMap_Size
0x08452204	rom	sWindowTemplate_AreaMap_Area
0x0845220C	rom	sWindowTemplate_AreaMap_MonTypes
0x08452214	rom	sWindowTemplate_AreaMap_Kanto
0x0845221C	rom	sWindowTemplate_AreaMap_OneIsland
0x08452224	rom	sWindowTemplate_AreaMap_TwoIsland
0x0845222C	rom	sWindowTemplate_AreaMap_ThreeIsland
0x08452234	rom	sWindowTemplate_AreaMap_FourIsland
0x0845223C	rom	sWindowTemplate_AreaMap_FiveIsland
0x08452244	rom	sWindowTemplate_AreaMap_SixIsland
0x0845224C	rom	sWindowTemplate_AreaMap_SevenIsland
0x08452254	rom	sAreaMapStructs_SeviiIslands
0x0845228C	rom	sCategoryPageIconWindowBg
0x0845230C	rom	sPageIconCoords_1Mon
0x08452310	rom	sPageIconCoords_2Mons
0x08452318	rom	sPageIconCoords_3Mons
0x08452324	rom	sPageIconCoords_4Mons
0x08452334	rom	sCategoryPageIconCoords
0x08452344	rom	sDexCategoryNamePtrs
0x08452368	rom	sPalette_Silhouette
0x08452388	rom	sDexScreenPageTurnColumns
0x084524B4	rom	sScrollArrowsTemplate_CategoryMenu
0x084524C4	rom	sCursorStruct_CategoryPage
0x084524D0	rom	sDexCategory_GrasslandPkmn_Page1
0x084524D8	rom	sDexCategory_GrasslandPkmn_Page2
0x084524E0	rom	sDexCategory_GrasslandPkmn_Page3
0x084524E6	rom	sDexCategory_GrasslandPkmn_Page4
0x084524EC	rom	sDexCategory_GrasslandPkmn_Page5
0x084524F4	rom	sDexCategory_GrasslandPkmn_Page6
0x084524FC	rom	sDexCategory_GrasslandPkmn_Page7
0x08452502	rom	sDexCategory_GrasslandPkmn_Page8
0x0845250A	rom	sDexCategory_GrasslandPkmn_Page9
0x0845250E	rom	sDexCategory_GrasslandPkmn_Page10
0x08452514	rom	sDexCategory_GrasslandPkmn_Page11
0x0845251A	rom	sDexCategory_GrasslandPkmn_Page12
0x0845251E	rom	sDexCategory_GrasslandPkmn_Page13
0x08452522	rom	sDexCategory_GrasslandPkmn_Page14
0x0845252A	rom	sDexCategory_GrasslandPkmn_Page15
0x0845252E	rom	sDexCategory_GrasslandPkmn_Page16
0x08452532	rom	sDexCategory_GrasslandPkmn_Page17
0x0845253A	rom	sDexCategory_GrasslandPkmn_Page18
0x08452542	rom	sDexCategory_GrasslandPkmn_Page19
0x08452546	rom	sDexCategory_GrasslandPkmn_Page20
0x0845254A	rom	sDexCategory_GrasslandPkmn_Page21
0x0845254E	rom	sDexCategory_GrasslandPkmn_Page22
0x08452552	rom	sDexCategory_GrasslandPkmn_Page23
0x08452558	rom	sDexCategory_GrasslandPkmn_Page24
0x0845255E	rom	sDexCategory_GrasslandPkmn_Page25
0x08452564	rom	sDexCategory_GrasslandPkmn_Page26
0x0845256A	rom	sDexCategory_GrasslandPkmn_Page27
0x08452570	rom	sDexCategory_ForestPkmn_Page1
0x08452576	rom	sDexCategory_ForestPkmn_Page2
0x0845257C	rom	sDexCategory_ForestPkmn_Page3
0x08452582	rom	sDexCategory_ForestPkmn_Page4
0x08452586	rom	sDexCategory_ForestPkmn_Page5
0x0845258C	rom	sDexCategory_ForestPkmn_Page6
0x08452594	rom	sDexCategory_ForestPkmn_Page7
0x0845259A	rom	sDexCategory_ForestPkmn_Page8
0x084525A0	rom	sDexCategory_ForestPkmn_Page9
0x084525A8	rom	sDexCategory_ForestPkmn_Page10
0x084525AE	rom	sDexCategory_ForestPkmn_Page11
0x084525B4	rom	sDexCategory_ForestPkmn_Page12
0x084525BC	rom	sDexCategory_ForestPkmn_Page13
0x084525C2	rom	sDexCategory_ForestPkmn_Page14
0x084525C6	rom	sDexCategory_ForestPkmn_Page15
0x084525CA	rom	sDexCategory_ForestPkmn_Page16
0x084525D0	rom	sDexCategory_ForestPkmn_Page17
0x084525D4	rom	sDexCategory_ForestPkmn_Page18
0x084525D8	rom	sDexCategory_ForestPkmn_Page19
0x084525DE	rom	sDexCategory_ForestPkmn_Page20
0x084525E4	rom	sDexCategory_ForestPkmn_Page21
0x084525E8	rom	sDexCategory_ForestPkmn_Page22
0x084525EE	rom	sDexCategory_ForestPkmn_Page23
0x084525F2	rom	sDexCategory_ForestPkmn_Page24
0x084525F6	rom	sDexCategory_ForestPkmn_Page25
0x084525FC	rom	sDexCategory_ForestPkmn_Page26
0x084525FE	rom	sDexCategory_WatersEdgePkmn_Page1
0x08452602	rom	sDexCategory_WatersEdgePkmn_Page2
0x0845260A	rom	sDexCategory_WatersEdgePkmn_Page3
0x08452612	rom	sDexCategory_WatersEdgePkmn_Page4
0x08452618	rom	sDexCategory_WatersEdgePkmn_Page5
0x0845261C	rom	sDexCategory_WatersEdgePkmn_Page6
0x08452624	rom	sDexCategory_WatersEdgePkmn_Page7
0x0845262C	rom	sDexCategory_WatersEdgePkmn_Page8
0x08452632	rom	sDexCategory_WatersEdgePkmn_Page9
0x08452638	rom	sDexCategory_WatersEdgePkmn_Page10
0x0845263C	rom	sDexCategory_WatersEdgePkmn_Page11
0x08452640	rom	sDexCategory_WatersEdgePkmn_Page12
0x08452646	rom	sDexCategory_WatersEdgePkmn_Page13
0x0845264C	rom	sDexCategory_WatersEdgePkmn_Page14
0x08452652	rom	sDexCategory_WatersEdgePkmn_Page15
0x08452658	rom	sDexCategory_WatersEdgePkmn_Page16
0x0845265C	rom	sDexCategory_SeaPkmn_Page1
0x08452660	rom	sDexCategory_SeaPkmn_Page2
0x08452664	rom	sDexCategory_SeaPkmn_Page3
0x08452668	rom	sDexCategory_SeaPkmn_Page4
0x08452670	rom	sDexCategory_SeaPkmn_Page5
0x08452674	rom	sDexCategory_SeaPkmn_Page6
0x0845267A	rom	sDexCategory_SeaPkmn_Page7
0x08452682	rom	sDexCategory_SeaPkmn_Page8
0x08452686	rom	sDexCategory_SeaPkmn_Page9
0x0845268C	rom	sDexCategory_SeaPkmn_Page10
0x08452694	rom	sDexCategory_SeaPkmn_Page11
0x0845269A	rom	sDexCategory_SeaPkmn_Page12
0x0845269C	rom	sDexCategory_SeaPkmn_Page13
0x0845269E	rom	sDexCategory_SeaPkmn_Page14
0x084526A6	rom	sDexCategory_SeaPkmn_Page15
0x084526AA	rom	sDexCategory_SeaPkmn_Page16
0x084526AC	rom	sDexCategory_CavePkmn_Page1
0x084526B2	rom	sDexCategory_CavePkmn_Page2
0x084526BA	rom	sDexCategory_CavePkmn_Page3
0x084526C2	rom	sDexCategory_CavePkmn_Page4
0x084526C8	rom	sDexCategory_CavePkmn_Page5
0x084526CE	rom	sDexCategory_CavePkmn_Page6
0x084526D2	rom	sDexCategory_CavePkmn_Page7
0x084526D8	rom	sDexCategory_CavePkmn_Page8
0x084526DC	rom	sDexCategory_CavePkmn_Page9
0x084526E0	rom	sDexCategory_CavePkmn_Page10
0x084526E6	rom	sDexCategory_MountainPkmn_Page1
0x084526EC	rom	sDexCategory_MountainPkmn_Page2
0x084526F4	rom	sDexCategory_MountainPkmn_Page3
0x084526FA	rom	sDexCategory_MountainPkmn_Page4
0x08452700	rom	sDexCategory_MountainPkmn_Page5
0x08452704	rom	sDexCategory_MountainPkmn_Page6
0x0845270C	rom	sDexCategory_MountainPkmn_Page7
0x08452714	rom	sDexCategory_MountainPkmn_Page8
0x0845271C	rom	sDexCategory_MountainPkmn_Page9
0x08452720	rom	sDexCategory_MountainPkmn_Page10
0x08452726	rom	sDexCategory_MountainPkmn_Page11
0x0845272C	rom	sDexCategory_MountainPkmn_Page12
0x08452732	rom	sDexCategory_MountainPkmn_Page13
0x08452734	rom	sDexCategory_MountainPkmn_Page14
0x08452736	rom	sDexCategory_MountainPkmn_Page15
0x08452738	rom	sDexCategory_MountainPkmn_Page16
0x0845273E	rom	sDexCategory_MountainPkmn_Page17
0x08452740	rom	sDexCategory_RoughTerrainPkmn_Page1
0x08452744	rom	sDexCategory_RoughTerrainPkmn_Page2
0x0845274C	rom	sDexCategory_RoughTerrainPkmn_Page3
0x08452750	rom	sDexCategory_RoughTerrainPkmn_Page4
0x08452758	rom	sDexCategory_RoughTerrainPkmn_Page5
0x0845275C	rom	sDexCategory_RoughTerrainPkmn_Page6
0x08452762	rom	sDexCategory_RoughTerrainPkmn_Page7
0x08452764	rom	sDexCategory_RoughTerrainPkmn_Page8
0x08452768	rom	sDexCategory_RoughTerrainPkmn_Page9
0x0845276E	rom	sDexCategory_RoughTerrainPkmn_Page10
0x08452774	rom	sDexCategory_RoughTerrainPkmn_Page11
0x08452776	rom	sDexCategory_UrbanPkmn_Page1
0x0845277E	rom	sDexCategory_UrbanPkmn_Page2
0x08452786	rom	sDexCategory_UrbanPkmn_Page3
0x0845278A	rom	sDexCategory_UrbanPkmn_Page4
0x08452790	rom	sDexCategory_UrbanPkmn_Page5
0x08452796	rom	sDexCategory_UrbanPkmn_Page6
0x0845279E	rom	sDexCategory_UrbanPkmn_Page7
0x084527A6	rom	sDexCategory_UrbanPkmn_Page8
0x084527AA	rom	sDexCategory_UrbanPkmn_Page9
0x084527B2	rom	sDexCategory_UrbanPkmn_Page10
0x084527B4	rom	sDexCategory_UrbanPkmn_Page11
0x084527BC	rom	sDexCategory_UrbanPkmn_Page12
0x084527C0	rom	sDexCategory_RarePkmn_Page1
0x084527C2	rom	sDexCategory_RarePkmn_Page2
0x084527C8	rom	sDexCategory_RarePkmn_Page3
0x084527CA	rom	sDexCategory_RarePkmn_Page4
0x084527CC	rom	sDexCategory_RarePkmn_Page5
0x084527CE	rom	sDexCategory_RarePkmn_Page6
0x084527D0	rom	sDexCategory_RarePkmn_Page7
0x084527D2	rom	sDexCategory_RarePkmn_Page8
0x084527D4	rom	sDexCategory_GrasslandPkmn
0x084528AC	rom	sDexCategory_ForestPkmn
0x0845297C	rom	sDexCategory_WatersEdgePkmn
0x084529FC	rom	sDexCategory_SeaPkmn
0x08452A7C	rom	sDexCategory_CavePkmn
0x08452ACC	rom	sDexCategory_MountainPkmn
0x08452B54	rom	sDexCategory_RoughTerrainPkmn
0x08452BAC	rom	sDexCategory_UrbanPkmn
0x08452C0C	rom	sDexCategory_RarePkmn
0x08452C4C	rom	gDexCategories
0x08452C94	rom	sMenuInfoIcons
0x08452CF4	rom	sBgTemplates
0x08452CFC	rom	sPocketNames
0x08452D08	rom	sItemListTilemap
0x08452EB8	rom	sItemMenuContextActions
0x08452F18	rom	sContextMenuItems_Field
0x08452F24	rom	sContextMenuItems_CheckGiveTossCancel
0x08452F28	rom	sContextMenuItems_GiveIfNotKeyItemPocket
0x08452F2E	rom	sContextMenuItems_Open
0x08452F30	rom	sContextMenuItems_BattleUse
0x08452F32	rom	sContextMenuItems_Cancel
0x08452F34	rom	sItemContextTaskFuncs
0x08452F50	rom	sYesNoMenu_Toss
0x08452F58	rom	sYesNoMenu_Sell
0x08452F60	rom	sListItemTextColor_RegularItem
0x08452F66	rom	sListItemTextColor_TmCase_BerryPouch
0x08452F6C	rom	sPocketSwitchArrowPairTemplate
0x08452F7C	rom	sBlit_SelectButton
0x0845303C	rom	sSaveLocationPokeCenterList
0x08453092	rom	sSaveLocationReloadLocList
0x08453094	rom	sEmptyMapList
0x08453098	rom	sBagWindowPalF
0x084530B8	rom	sTextColors
0x084530C4	rom	sDefaultBagWindowsStd
0x084530E4	rom	sDefaultBagWindowsDeposit
0x08453104	rom	sWindowTemplates
0x08453174	rom	sUnused
0x08453178	rom	sDummyPicData
0x08453184	rom	sOamData_Normal
0x0845318C	rom	sRematches
0x08453F5C	rom	sMovementScript_Wait48
0x08453F60	rom	sMovementScript_TrainerUnfought
0x08453F62	rom	sMovementScript_TrainerNoRematch
0x08453F64	rom	sMovementScript_TrainerRematch
0x08453F67	rom	sFaceDirectionMovementTypeByFacingDirection
0x08453F6C	rom	sBgTemplates
0x08453F74	rom	sItemPcSubmenuOptions
0x08453F8C	rom	sTextColors
0x08453F98	rom	sWindowTemplates
0x08453FD0	rom	sSubwindowTemplates
0x08453FE8	rom	sWindowTemplates
0x08454000	rom	sTextColor
0x08454003	rom	sString_Dummy
0x08454004	rom	DecorGfx_SMALL_DESK
0x08454006	rom	DecorGfx_POKEMON_DESK
0x08454008	rom	DecorGfx_HEAVY_DESK
0x08454014	rom	DecorGfx_RAGGED_DESK
0x08454020	rom	DecorGfx_COMFORT_DESK
0x0845402C	rom	DecorGfx_PRETTY_DESK
0x0845403E	rom	DecorGfx_BRICK_DESK
0x08454050	rom	DecorGfx_CAMP_DESK
0x08454062	rom	DecorGfx_HARD_DESK
0x08454074	rom	DecorGfx_SMALL_CHAIR
0x08454076	rom	DecorGfx_POKEMON_CHAIR
0x08454078	rom	DecorGfx_HEAVY_CHAIR
0x0845407A	rom	DecorGfx_PRETTY_CHAIR
0x0845407C	rom	DecorGfx_COMFORT_CHAIR
0x0845407E	rom	DecorGfx_RAGGED_CHAIR
0x08454080	rom	DecorGfx_BRICK_CHAIR
0x08454082	rom	DecorGfx_CAMP_CHAIR
0x08454084	rom	DecorGfx_HARD_CHAIR
0x08454086	rom	DecorGfx_RED_PLANT
0x0845408A	rom	DecorGfx_TROPICAL_PLANT
0x0845408E	rom	DecorGfx_PRETTY_FLOWERS
0x08454092	rom	DecorGfx_COLORFUL_PLANT
0x0845409A	rom	DecorGfx_BIG_PLANT
0x084540A2	rom	DecorGfx_GORGEOUS_PLANT
0x084540AA	rom	DecorGfx_RED_BRICK
0x084540AE	rom	DecorGfx_YELLOW_BRICK
0x084540B2	rom	DecorGfx_BLUE_BRICK
0x084540B6	rom	DecorGfx_RED_BALLOON
0x084540B8	rom	DecorGfx_BLUE_BALLOON
0x084540BA	rom	DecorGfx_YELLOW_BALLOON
0x084540BC	rom	DecorGfx_RED_TENT
0x084540CE	rom	DecorGfx_BLUE_TENT
0x084540E0	rom	DecorGfx_SOLID_BOARD
0x084540E4	rom	DecorGfx_SLIDE
0x084540F4	rom	DecorGfx_FENCE_LENGTH
0x084540F6	rom	DecorGfx_FENCE_WIDTH
0x084540F8	rom	DecorGfx_TIRE
0x08454100	rom	DecorGfx_STAND
0x08454110	rom	DecorGfx_MUD_BALL
0x08454112	rom	DecorGfx_BREAKABLE_DOOR
0x08454116	rom	DecorGfx_SAND_ORNAMENT
0x0845411A	rom	DecorGfx_SILVER_SHIELD
0x0845411E	rom	DecorGfx_GOLD_SHIELD
0x08454122	rom	DecorGfx_GLASS_ORNAMENT
0x08454126	rom	DecorGfx_TV
0x08454128	rom	DecorGfx_ROUND_TV
0x0845412A	rom	DecorGfx_CUTE_TV
0x0845412C	rom	DecorGfx_GLITTER_MAT
0x0845412E	rom	DecorGfx_JUMP_MAT
0x08454130	rom	DecorGfx_SPIN_MAT
0x08454132	rom	DecorGfx_C_LOW_NOTE_MAT
0x08454134	rom	DecorGfx_D_NOTE_MAT
0x08454136	rom	DecorGfx_E_NOTE_MAT
0x08454138	rom	DecorGfx_F_NOTE_MAT
0x0845413A	rom	DecorGfx_G_NOTE_MAT
0x0845413C	rom	DecorGfx_A_NOTE_MAT
0x0845413E	rom	DecorGfx_B_NOTE_MAT
0x08454140	rom	DecorGfx_C_HIGH_NOTE_MAT
0x08454142	rom	DecorGfx_SURF_MAT
0x08454154	rom	DecorGfx_THUNDER_MAT
0x08454166	rom	DecorGfx_FIRE_BLAST_MAT
0x08454178	rom	DecorGfx_POWDER_SNOW_MAT
0x0845418A	rom	DecorGfx_ATTRACT_MAT
0x0845419C	rom	DecorGfx_FISSURE_MAT
0x084541AE	rom	DecorGfx_SPIKES_MAT
0x084541C0	rom	DecorGfx_BALL_POSTER
0x084541C2	rom	DecorGfx_GREEN_POSTER
0x084541C4	rom	DecorGfx_RED_POSTER
0x084541C6	rom	DecorGfx_BLUE_POSTER
0x084541C8	rom	DecorGfx_CUTE_POSTER
0x084541CA	rom	DecorGfx_PIKA_POSTER
0x084541CE	rom	DecorGfx_LONG_POSTER
0x084541D2	rom	DecorGfx_SEA_POSTER
0x084541D6	rom	DecorGfx_SKY_POSTER
0x084541DA	rom	DecorGfx_KISS_POSTER
0x084541DE	rom	DecorGfx_PICHU_DOLL
0x084541E0	rom	DecorGfx_PIKACHU_DOLL
0x084541E2	rom	DecorGfx_MARILL_DOLL
0x084541E4	rom	DecorGfx_TOGEPI_DOLL
0x084541E6	rom	DecorGfx_CYNDAQUIL_DOLL
0x084541E8	rom	DecorGfx_CHIKORITA_DOLL
0x084541EA	rom	DecorGfx_TOTODILE_DOLL
0x084541EC	rom	DecorGfx_JIGGLYPUFF_DOLL
0x084541EE	rom	DecorGfx_MEOWTH_DOLL
0x084541F0	rom	DecorGfx_CLEFAIRY_DOLL
0x084541F2	rom	DecorGfx_DITTO_DOLL
0x084541F4	rom	DecorGfx_SMOOCHUM_DOLL
0x084541F6	rom	DecorGfx_TREECKO_DOLL
0x084541F8	rom	DecorGfx_TORCHIC_DOLL
0x084541FA	rom	DecorGfx_MUDKIP_DOLL
0x084541FC	rom	DecorGfx_DUSKULL_DOLL
0x084541FE	rom	DecorGfx_WYNAUT_DOLL
0x08454200	rom	DecorGfx_BALTOY_DOLL
0x08454202	rom	DecorGfx_KECLEON_DOLL
0x08454204	rom	DecorGfx_AZURILL_DOLL
0x08454206	rom	DecorGfx_SKITTY_DOLL
0x08454208	rom	DecorGfx_SWABLU_DOLL
0x0845420A	rom	DecorGfx_GULPIN_DOLL
0x0845420C	rom	DecorGfx_LOTAD_DOLL
0x0845420E	rom	DecorGfx_SEEDOT_DOLL
0x08454210	rom	DecorGfx_PIKA_CUSHION
0x08454212	rom	DecorGfx_ROUND_CUSHION
0x08454214	rom	DecorGfx_KISS_CUSHION
0x08454216	rom	DecorGfx_ZIGZAG_CUSHION
0x08454218	rom	DecorGfx_SPIN_CUSHION
0x0845421A	rom	DecorGfx_DIAMOND_CUSHION
0x0845421C	rom	DecorGfx_BALL_CUSHION
0x0845421E	rom	DecorGfx_GRASS_CUSHION
0x08454220	rom	DecorGfx_FIRE_CUSHION
0x08454222	rom	DecorGfx_WATER_CUSHION
0x08454224	rom	DecorGfx_SNORLAX_DOLL
0x08454226	rom	DecorGfx_RHYDON_DOLL
0x08454228	rom	DecorGfx_LAPRAS_DOLL
0x0845422A	rom	DecorGfx_VENUSAUR_DOLL
0x0845422C	rom	DecorGfx_CHARIZARD_DOLL
0x0845422E	rom	DecorGfx_BLASTOISE_DOLL
0x08454230	rom	DecorGfx_WAILMER_DOLL
0x08454232	rom	DecorGfx_REGIROCK_DOLL
0x08454234	rom	DecorGfx_REGICE_DOLL
0x08454236	rom	DecorGfx_REGISTEEL_DOLL
0x08454238	rom	DecorDesc_SMALL_DESK
0x08454254	rom	DecorDesc_POKEMON_DESK
0x08454284	rom	DecorDesc_HEAVY_DESK
0x084542BC	rom	DecorDesc_RAGGED_DESK
0x084542F3	rom	DecorDesc_COMFORT_DESK
0x0845432C	rom	DecorDesc_PRETTY_DESK
0x08454362	rom	DecorDesc_BRICK_DESK
0x08454398	rom	DecorDesc_CAMP_DESK
0x084543D1	rom	DecorDesc_HARD_DESK
0x08454404	rom	DecorDesc_SMALL_CHAIR
0x08454420	rom	DecorDesc_POKEMON_CHAIR
0x08454451	rom	DecorDesc_HEAVY_CHAIR
0x0845446E	rom	DecorDesc_PRETTY_CHAIR
0x0845448B	rom	DecorDesc_COMFORT_CHAIR
0x084544A9	rom	DecorDesc_RAGGED_CHAIR
0x084544C5	rom	DecorDesc_BRICK_CHAIR
0x084544E2	rom	DecorDesc_CAMP_CHAIR
0x084544FE	rom	DecorDesc_HARD_CHAIR
0x0845451A	rom	DecorDesc_RED_PLANT
0x08454534	rom	DecorDesc_TROPICAL_PLANT
0x08454559	rom	DecorDesc_PRETTY_FLOWERS
0x08454570	rom	DecorDesc_COLORFUL_PLANT
0x08454598	rom	DecorDesc_BIG_PLANT
0x084545C6	rom	DecorDesc_GORGEOUS_PLANT
0x084545EE	rom	DecorDesc_RED_BRICK
0x08454625	rom	DecorDesc_YELLOW_BRICK
0x0845465A	rom	DecorDesc_BLUE_BRICK
0x0845468D	rom	DecorDesc_RED_BALLOON
0x084546C4	rom	DecorDesc_BLUE_BALLOON
0x084546FC	rom	DecorDesc_YELLOW_BALLOON
0x08454734	rom	DecorDesc_RED_TENT
0x0845475E	rom	DecorDesc_BLUE_TENT
0x08454789	rom	DecorDesc_SOLID_BOARD
0x084547B7	rom	DecorDesc_SLIDE
0x084547DC	rom	DecorDesc_FENCE_LENGTH
0x084547FF	rom	DecorDesc_FENCE_WIDTH
0x08454822	rom	DecorDesc_TIRE
0x08454857	rom	DecorDesc_STAND
0x08454874	rom	DecorDesc_MUD_BALL
0x084548A1	rom	DecorDesc_BREAKABLE_DOOR
0x084548D2	rom	DecorDesc_SAND_ORNAMENT
0x08454901	rom	DecorDesc_SILVER_SHIELD
0x08454933	rom	DecorDesc_GOLD_SHIELD
0x08454966	rom	DecorDesc_GLASS_ORNAMENT
0x0845499F	rom	DecorDesc_TV
0x084549BE	rom	DecorDesc_ROUND_TV
0x084549E9	rom	DecorDesc_CUTE_TV
0x08454A14	rom	DecorDesc_GLITTER_MAT
0x08454A3C	rom	DecorDesc_JUMP_MAT
0x08454A6A	rom	DecorDesc_SPIN_MAT
0x08454A99	rom	DecorDesc_C_LOW_NOTE_MAT
0x08454AC8	rom	DecorDesc_D_NOTE_MAT
0x08454AF3	rom	DecorDesc_E_NOTE_MAT
0x08454B1F	rom	DecorDesc_F_NOTE_MAT
0x08454B4B	rom	DecorDesc_G_NOTE_MAT
0x08454B76	rom	DecorDesc_A_NOTE_MAT
0x08454BA2	rom	DecorDesc_B_NOTE_MAT
0x08454BCD	rom	DecorDesc_C_HIGH_NOTE_MAT
0x08454BFD	rom	DecorDesc_SURF_MAT
0x08454C31	rom	DecorDesc_THUNDER_MAT
0x08454C68	rom	DecorDesc_FIRE_BLAST_MAT
0x08454CA2	rom	DecorDesc_POWDER_SNOW_MAT
0x08454CDB	rom	DecorDesc_ATTRACT_MAT
0x08454D13	rom	DecorDesc_FISSURE_MAT
0x08454D4A	rom	DecorDesc_SPIKES_MAT
0x08454D80	rom	DecorDesc_BALL_POSTER
0x08454DA8	rom	DecorDesc_GREEN_POSTER
0x08454DCD	rom	DecorDesc_RED_POSTER
0x08454DF2	rom	DecorDesc_BLUE_POSTER
0x08454E16	rom	DecorDesc_CUTE_POSTER
0x08454E3C	rom	DecorDesc_PIKA_POSTER
0x08454E6B	rom	DecorDesc_LONG_POSTER
0x08454E90	rom	DecorDesc_SEA_POSTER
0x08454EB7	rom	DecorDesc_SKY_POSTER
0x08454EDC	rom	DecorDesc_KISS_POSTER
0x08454F02	rom	DecorDesc_PICHU_DOLL
0x08454F2D	rom	DecorDesc_PIKACHU_DOLL
0x08454F5A	rom	DecorDesc_MARILL_DOLL
0x08454F86	rom	DecorDesc_TOGEPI_DOLL
0x08454FB2	rom	DecorDesc_CYNDAQUIL_DOLL
0x08454FE1	rom	DecorDesc_CHIKORITA_DOLL
0x08455010	rom	DecorDesc_TOTODILE_DOLL
0x0845503E	rom	DecorDesc_JIGGLYPUFF_DOLL
0x0845506E	rom	DecorDesc_MEOWTH_DOLL
0x0845509A	rom	DecorDesc_CLEFAIRY_DOLL
0x084550C8	rom	DecorDesc_DITTO_DOLL
0x084550F3	rom	DecorDesc_SMOOCHUM_DOLL
0x08455121	rom	DecorDesc_TREECKO_DOLL
0x0845514E	rom	DecorDesc_TORCHIC_DOLL
0x0845517B	rom	DecorDesc_MUDKIP_DOLL
0x084551A7	rom	DecorDesc_DUSKULL_DOLL
0x084551D4	rom	DecorDesc_WYNAUT_DOLL
0x08455200	rom	DecorDesc_BALTOY_DOLL
0x0845522C	rom	DecorDesc_KECLEON_DOLL
0x08455259	rom	DecorDesc_AZURILL_DOLL
0x08455287	rom	DecorDesc_SKITTY_DOLL
0x084552B3	rom	DecorDesc_SWABLU_DOLL
0x084552DF	rom	DecorDesc_GULPIN_DOLL
0x0845530B	rom	DecorDesc_LOTAD_DOLL
0x08455336	rom	DecorDesc_SEEDOT_DOLL
0x08455362	rom	DecorDesc_PIKA_CUSHION
0x08455392	rom	DecorDesc_ROUND_CUSHION
0x084553C1	rom	DecorDesc_KISS_CUSHION
0x084553F2	rom	DecorDesc_ZIGZAG_CUSHION
0x08455424	rom	DecorDesc_SPIN_CUSHION
0x08455453	rom	DecorDesc_DIAMOND_CUSHION
0x08455483	rom	DecorDesc_BALL_CUSHION
0x084554B0	rom	DecorDesc_GRASS_CUSHION
0x084554E3	rom	DecorDesc_FIRE_CUSHION
0x08455515	rom	DecorDesc_WATER_CUSHION
0x08455548	rom	DecorDesc_SNORLAX_DOLL
0x08455573	rom	DecorDesc_RHYDON_DOLL
0x0845559E	rom	DecorDesc_LAPRAS_DOLL
0x084555C9	rom	DecorDesc_VENUSAUR_DOLL
0x084555F4	rom	DecorDesc_CHARIZARD_DOLL
0x0845561F	rom	DecorDesc_BLASTOISE_DOLL
0x0845564A	rom	DecorDesc_WAILMER_DOLL
0x08455675	rom	DecorDesc_REGIROCK_DOLL
0x084556A0	rom	DecorDesc_REGICE_DOLL
0x084556CB	rom	DecorDesc_REGISTEEL_DOLL
0x084556F8	rom	gDecorations
0x08456618	rom	sTopBarWindowTextColors
0x0845661C	rom	sWindowTemplates
0x08456634	rom	sTextColors
0x08456638	rom	sDescriptionWindow_Gfx
0x08456698	rom	sQuestLogTextLineYCoords
0x084566A4	rom	sDummyFlagOrVarRecord
0x084566A8	rom	gHelpMessageWindow_Gfx
0x08456928	rom	sHelpMessageWindowTemplate
0x08456930	rom	sHelpMessageTextColors
0x08456934	rom	sCounterIncrements
0x08456938	rom	sFanClubMemberIds.27
0x08456940	rom	sFanClubMemberIds.31
0x08456948	rom	sRecordEventFuncs
0x084569F4	rom	sLoadEventFuncs
0x08456AA0	rom	sQuestLogEventCmdSizes
0x08456ACC	rom	sDefeatedOpponentFlavorTexts
0x08456AD8	rom	sDefeatedChampionFlavorTexts
0x08456AE4	rom	sBattleOutcomeTexts
0x08456AF0	rom	sLocationNameTexts
0x08456BBC	rom	sDepartedLocationTexts
0x08456BE4	rom	sLocationToDepartedTextId
0x08456C17	rom	sGymCityMapSecs
0x08456C20	rom	sUsedFieldMoveTexts
0x08456C50	rom	sWorldMapFlags
0x08456C74	rom	sLinkGroupActivityNameTexts
0x08456CD0	rom	sWindowTemplate_BButtonCancel
0x08456CD8	rom	sLinkGroupToActivityAndCapacity
0x08456CFC	rom	sWindowTemplate_List_PossibleGroupMembers
0x08456D04	rom	sWindowTemplate_NumPlayerMode
0x08456D0C	rom	sListMenuItems_PossibleGroupMembers
0x08456D34	rom	sListMenuTemplate_PossibleGroupMembers
0x08456D4C	rom	sWindowTemplate_GroupList
0x08456D54	rom	sWindowTemplate_PlayerNameAndId
0x08456D5C	rom	sListMenuItems_UnionRoomGroups
0x08456DDC	rom	sListMenuTemplate_UnionRoomGroups
0x08456DF4	rom	sWindowTemplate_InviteToActivity
0x08456DFC	rom	sListMenuItems_InviteToActivity
0x08456E1C	rom	sListMenuTemplate_InviteToActivity
0x08456E34	rom	sWindowTemplate_RegisterForTrade
0x08456E3C	rom	sListMenuItems_RegisterForTrade
0x08456E54	rom	sListMenuTemplate_RegisterForTrade
0x08456E6C	rom	sWindowTemplate_TypeNames
0x08456E74	rom	sListMenuItems_TypeNames
0x08456F04	rom	sListMenuTemplate_TypeNames
0x08456F1C	rom	sWindowTemplate_TradingBoardHeader
0x08456F24	rom	sWindowTemplate_TradingBoardMain
0x08456F2C	rom	sListMenuItems_TradeBoard
0x08456F7C	rom	sListMenuTemplate_TradeBoard
0x08456F94	rom	sWindowTemplate_Unused
0x08456F9C	rom	sListMenuItems_Unused
0x0845701C	rom	sListMenuTemplate_Unused
0x08457034	rom	sRfuPlayerData_Dummy
0x0845704C	rom	sAcceptedActivityIds_SingleBattle
0x08457050	rom	sAcceptedActivityIds_DoubleBattle
0x08457054	rom	sAcceptedActivityIds_MultiBattle
0x08457058	rom	sAcceptedActivityIds_Trade
0x0845705C	rom	sAcceptedActivityIds_PokemonJump
0x08457060	rom	sAcceptedActivityIds_BerryCrush
0x08457064	rom	sAcceptedActivityIds_BerryPicking
0x08457068	rom	sAcceptedActivityIds_WonderCard
0x0845706C	rom	sAcceptedActivityIds_WonderNews
0x08457070	rom	sAcceptedActivityIds_Resume
0x0845707C	rom	sAcceptedActivityIds_Init
0x08457080	rom	sAcceptedActivityIds_Unk11
0x0845708C	rom	sAcceptedActivityIds_Unk12
0x08457094	rom	sAcceptedActivityIds
0x084570C8	rom	sLinkGroupToURoomActivity
0x084570D1	rom	sDotSeparatedValues
0x084570D8	rom	sUnionRoomObjGfxIds
0x084570EC	rom	sUnionRoomPlayerCoords
0x0845710C	rom	sUnionRoomGroupOffsets
0x08457116	rom	sOppositeFacingDirection
0x0845711B	rom	sMemberFacingDirections
0x08457120	rom	sUnionRoomLocalIds
0x08457128	rom	sHidePlayerFlags
0x0845718D	rom	sMovement_UnionPlayerExit
0x0845718F	rom	sMovement_UnionPlayerEnter
0x08457194	rom	sBgTemplates
0x08457198	rom	sWindowTemplates
0x084571A8	rom	sTextColors
0x084571AC	rom	gText_UR_EmptyString
0x084571B0	rom	gText_UR_Colon
0x084571B4	rom	gText_UR_ID
0x084571B8	rom	gText_UR_PleaseStartOver
0x084571E0	rom	gText_UR_WirelessSearchCanceled
0x0845721C	rom	sText_AwaitingCommunucation2
0x08457234	rom	gText_UR_AwaitingCommunication
0x08457264	rom	gText_UR_AwaitingLinkPressStart
0x0845729C	rom	sText_SingleBattle
0x084572AC	rom	sText_DoubleBattle
0x084572BC	rom	sText_MultiBattle
0x084572CC	rom	sText_TradePokemon
0x084572E0	rom	sText_Chat
0x084572F0	rom	sText_DistWonderCard
0x084572FC	rom	sText_DistWonderNews
0x0845730C	rom	sText_DistMysteryEvent
0x08457320	rom	sText_HoldPokemonJump
0x08457330	rom	sText_HoldBerryCrush
0x08457344	rom	sText_HoldBerryPicking
0x08457354	rom	sText_HoldSpinTrade
0x08457368	rom	sText_HoldSpinShop
0x0845737C	rom	sLinkGroupActionTexts
0x084573B4	rom	sText_1PlayerNeeded
0x084573C5	rom	sText_2PlayersNeeded
0x084573D7	rom	sText_3PlayersNeeded
0x084573E9	rom	sText_4PlayersNeeded
0x084573F4	rom	sText_2PlayerMode
0x08457402	rom	sText_3PlayerMode
0x08457410	rom	sText_4PlayerMode
0x0845741E	rom	sText_5PlayerMode
0x0845742C	rom	gTexts_UR_PlayersNeededOrMode
0x0845747C	rom	gText_UR_BButtonCancel
0x08457488	rom	sText_SearchingForParticipants
0x084574A0	rom	gText_UR_PlayerContactedYouForXAccept
0x084574C4	rom	gText_UR_PlayerContactedYouShareX
0x084574EC	rom	gText_UR_PlayerContactedYouAddToMembers
0x08457514	rom	gText_UR_AreTheseMembersOK
0x08457530	rom	gText_UR_CancelModeWithTheseMembers
0x08457554	rom	gText_UR_AnOKWasSentToPlayer
0x0845756C	rom	sText_OtherTrainerUnavailableNow
0x084575A4	rom	sText_CantTransmitTrainerTooFar
0x084575DC	rom	sText_TrainersNotReadyYet
0x08457608	rom	gTexts_UR_CantTransmitToTrainer
0x08457610	rom	gText_UR_ModeWithTheseMembersWillBeCanceled
0x08457644	rom	sText_MemberNoLongerAvailable
0x0845767C	rom	gTexts_UR_PlayerUnavailable
0x08457684	rom	sText_TrainerAppearsUnavailable
0x084576AC	rom	gText_UR_PlayerSentBackOK
0x084576C4	rom	gText_UR_PlayerOKdRegistration
0x084576EC	rom	sText_PlayerRepliedNo
0x08457700	rom	gText_UR_AwaitingOtherMembers
0x0845771C	rom	gText_UR_QuitBeingMember
0x08457734	rom	sText_StoppedBeingMember
0x08457754	rom	gTexts_UR_PlayerDisconnected
0x0845777C	rom	gText_UR_WirelessLinkEstablished
0x084577BC	rom	gText_UR_WirelessLinkDropped
0x084577F8	rom	gText_UR_LinkWithFriendDropped
0x08457824	rom	sText_PlayerRepliedNo2
0x08457838	rom	gTexts_UR_LinkDropped
0x08457860	rom	sText_DoYouWantXMode
0x0845787C	rom	sText_DoYouWantXMode2
0x08457898	rom	sDoYouWantModeTexts
0x084578A0	rom	sText_CommunicatingPleaseWait
0x084578BC	rom	gText_UR_AwaitingPlayersResponseAboutTrade
0x084578E4	rom	sText_Communicating
0x08457950	rom	sText_CommunicatingWithPlayer
0x084579BC	rom	sText_PleaseWaitAWhile
0x08457A34	rom	gTexts_UR_CommunicatingWait
0x08457A40	rom	sText_HiDoSomethingMale
0x08457A70	rom	sText_HiDoSomethingFemale
0x08457A98	rom	sText_HiDoSomethingAgainMale
0x08457AD0	rom	sText_HiDoSomethingAgainFemale
0x08457B04	rom	gTexts_UR_HiDoSomething
0x08457B14	rom	sText_DoSomethingMale
0x08457B2C	rom	sText_DoSomethingFemale
0x08457B4C	rom	sText_DoSomethingAgainMale
0x08457B70	rom	sText_DoSomethingAgainFemale
0x08457B80	rom	sDoSomethingTexts
0x08457B90	rom	sText_SomebodyHasContactedYou
0x08457BB0	rom	sText_PlayerHasContactedYou
0x08457BCC	rom	gTexts_UR_PlayerContactedYou
0x08457BD4	rom	sText_AwaitingResponseFromTrainer
0x08457C00	rom	sText_AwaitingResponseFromPlayer
0x08457C20	rom	gTexts_UR_AwaitingResponse
0x08457C28	rom	sText_AwaitingResponseCancelBButton
0x08457C48	rom	gText_UR_ShowTrainerCard
0x08457CA4	rom	gText_UR_BattleChallenge
0x08457CF8	rom	gText_UR_ChatInvitation
0x08457D44	rom	gText_UR_OfferToTradeMon
0x08457DB8	rom	gText_UR_OfferToTradeEgg
0x08457E0C	rom	gText_UR_ChatDropped
0x08457E28	rom	gText_UR_OfferDeclined1
0x08457E44	rom	gText_UR_OfferDeclined2
0x08457E60	rom	gText_UR_ChatEnded
0x08457E78	rom	sInvitationTexts
0x08457E88	rom	sText_JoinChatMale
0x08457EC0	rom	sText_PlayerJoinChatMale
0x08457F00	rom	sText_JoinChatFemale
0x08457F3C	rom	sText_PlayerJoinChatFemale
0x08457F80	rom	gTexts_UR_JoinChat
0x08457F90	rom	gText_UR_TrainerAppearsBusy
0x08457FB4	rom	sText_WaitForBattleMale
0x08457FE8	rom	sText_WaitForChatMale
0x0845801C	rom	sText_ShowTrainerCardMale
0x08458054	rom	sText_WaitForBattleFemale
0x08458088	rom	sText_WaitForChatFemale
0x084580C0	rom	sText_ShowTrainerCardFemale
0x084580F4	rom	gTexts_UR_WaitOrShowCard
0x08458114	rom	sText_WaitForChatMale2
0x0845812C	rom	sText_DoneWaitingBattleMale
0x08458164	rom	sText_DoneWaitingChatMale
0x08458180	rom	sText_DoneWaitingBattleFemale
0x084581B0	rom	sText_DoneWaitingChatFemale
0x084581D8	rom	sText_TradeWillBeStarted
0x084581F8	rom	sText_BattleWillBeStarted
0x08458218	rom	sText_EnteringChat
0x08458230	rom	gTexts_UR_StartActivity
0x08458260	rom	sText_BattleDeclinedMale
0x084582C0	rom	sText_BattleDeclinedFemale
0x08458314	rom	gTexts_UR_BattleDeclined
0x0845831C	rom	sText_ShowTrainerCardDeclinedMale
0x0845836C	rom	sText_ShowTrainerCardDeclinedFemale
0x084583B4	rom	gTexts_UR_ShowTrainerCardDeclined
0x084583BC	rom	sText_IfYouWantToDoSomethingMale
0x084583F8	rom	sText_IfYouWantToDoSomethingFemale
0x0845842C	rom	gTexts_UR_IfYouWantToDoSomething
0x08458434	rom	gText_UR_TrainerBattleBusy
0x0845847C	rom	gText_UR_NeedTwoMonsOfLevel30OrLower1
0x084584C0	rom	gText_UR_NeedTwoMonsOfLevel30OrLower2
0x084584FC	rom	sText_DeclineChatMale
0x08458528	rom	stext_DeclineChatFemale
0x08458548	rom	gTexts_UR_DeclineChat
0x08458550	rom	sText_ChatDeclinedMale
0x08458598	rom	sText_ChatDeclinedFemale
0x084585E8	rom	gTexts_UR_ChatDeclined
0x084585F0	rom	sText_YoureToughMale
0x08458618	rom	sText_UsedGoodMoveMale
0x08458644	rom	sText_BattleSurpriseMale
0x08458668	rom	sText_SwitchedMonsMale
0x084586A0	rom	sText_YoureToughFemale
0x084586D0	rom	sText_UsedGoodMoveFemale
0x084586F8	rom	sText_BattleSurpriseFemale
0x08458724	rom	sText_SwitchedMonsFemale
0x08458758	rom	gTexts_UR_BattleReaction
0x08458778	rom	sText_LearnedSomethingMale
0x0845879C	rom	sText_ThatsFunnyMale
0x084587D8	rom	sText_RandomChatMale1
0x084587FC	rom	sText_RandomChatMale2
0x08458828	rom	sText_LearnedSomethingFemale
0x0845884C	rom	sText_ThatsFunnyFemale
0x08458868	rom	sText_RandomChatFemale1
0x08458898	rom	sText_RandomChatFemale2
0x084588BC	rom	gTexts_UR_ChatReaction
0x084588DC	rom	sText_ShowedTrainerCardMale1
0x08458918	rom	sText_ShowedTrainerCardMale2
0x0845893C	rom	sText_ShowedTrainerCardFemale1
0x0845897C	rom	sText_ShowedTrainerCardFemale2
0x084589AC	rom	gTexts_UR_TrainerCardReaction
0x084589BC	rom	sText_MaleTraded1
0x084589E4	rom	sText_MaleTraded2
0x08458A24	rom	sText_FemaleTraded1
0x08458A44	rom	sText_FemaleTraded2
0x08458A78	rom	gTexts_UR_TradeReaction
0x08458A98	rom	gText_UR_XCheckedTradingBoard
0x08458AB8	rom	gText_UR_RegisterMonAtTradingBoard
0x08458B44	rom	gText_UR_TradingBoardInfo
0x08458C80	rom	sText_ThankYouForRegistering
0x08458CB4	rom	sText_NobodyHasRegistered
0x08458CD4	rom	gText_UR_ChooseRequestedMonType
0x08458D1C	rom	gText_UR_WhichMonWillYouOffer
0x08458D54	rom	gText_UR_RegistrationCanceled
0x08458D78	rom	gText_UR_RegistraionCompleted
0x08458D9C	rom	gText_UR_TradeCanceled
0x08458DBC	rom	gText_UR_CancelRegistrationOfMon
0x08458DE8	rom	gText_UR_CancelRegistrationOfEgg
0x08458E10	rom	gText_UR_RegistrationCanceled2
0x08458E38	rom	sText_TradeTrainersWillBeListed
0x08458E54	rom	sText_ChooseTrainerToTradeWith2
0x08458E70	rom	gText_UR_AskTrainerToMakeTrade
0x08458E9C	rom	sText_AwaitingResponseFromTrainer2
0x08458EB0	rom	sText_NotRegisteredAMonForTrade
0x08458ED0	rom	gText_UR_DontHaveTypeTrainerWants
0x08458F04	rom	gText_UR_DontHaveEggTrainerWants
0x08458F2C	rom	sText_PlayerCantTradeForYourMon
0x08458F60	rom	sText_CantTradeForPartnersMon
0x08458F94	rom	sCantTradeMonTexts
0x08458F9C	rom	gText_UR_TradeOfferRejected
0x08458FBC	rom	gText_UR_EggTrade
0x08458FC8	rom	gText_UR_ChooseJoinCancel
0x08458FE4	rom	gText_UR_ChooseTrainer
0x08459000	rom	sText_ChooseTrainerSingleBattle
0x08459030	rom	sText_ChooseTrainerDoubleBattle
0x08459060	rom	sText_ChooseLeaderMultiBattle
0x08459090	rom	sText_ChooseTrainerToTradeWith
0x084590BC	rom	sText_ChooseTrainerToShareWonderCards
0x084590F4	rom	sText_ChooseTrainerToShareWonderNews
0x0845912C	rom	sText_ChooseLeaderPokemonJump
0x08459160	rom	sText_ChooseLeaderBerryCrush
0x08459188	rom	sText_ChooseLeaderBerryPicking
0x084591B8	rom	gTexts_UR_ChooseTrainer
0x084591DC	rom	gText_UR_SearchingForWirelessSystemWait
0x08459214	rom	sText_MustHaveTwoMonsForDoubleBattle
0x08459238	rom	gText_UR_AwaitingPlayersResponse
0x08459250	rom	gText_UR_PlayerHasBeenAskedToRegisterYouPleaseWait
0x0845928C	rom	gText_UR_AwaitingResponseFromWirelessSystem
0x084592C8	rom	sText_PleaseWaitForOtherTrainersToGather
0x084592E8	rom	sText_NoCardsSharedRightNow
0x08459314	rom	sText_NoNewsSharedRightNow
0x0845933C	rom	gTexts_UR_NoWonderShared
0x08459344	rom	gText_UR_Battle
0x0845934C	rom	gText_UR_Chat2
0x08459354	rom	gText_UR_Greetings
0x08459360	rom	gText_UR_Exit
0x08459368	rom	gText_UR_Exit2
0x08459370	rom	gText_UR_Info
0x08459378	rom	gText_UR_NameWantedOfferLv
0x08459394	rom	gText_UR_SingleBattle
0x084593A4	rom	gText_UR_DoubleBattle
0x084593B4	rom	gText_UR_MultiBattle
0x084593C4	rom	gText_UR_PokemonTrades
0x084593D4	rom	gText_UR_Chat
0x084593DC	rom	gText_UR_Cards
0x084593E4	rom	gText_UR_WonderCards
0x084593F4	rom	gText_UR_WonderNews
0x08459400	rom	gText_UR_PokemonJump
0x08459410	rom	gText_UR_BerryCrush
0x0845941C	rom	gText_UR_BerryPicking
0x0845942C	rom	gText_UR_Search
0x08459434	rom	gText_UR_SpinTrade
0x08459440	rom	gText_UR_ItemTrade
0x0845944C	rom	sText_ItsNormalCard
0x08459460	rom	sText_ItsBronzeCard
0x08459474	rom	sText_ItsCopperCard
0x08459488	rom	sText_ItsSilverCard
0x0845949C	rom	sText_ItsGoldCard
0x084594B0	rom	gTexts_UR_CardColor
0x084594C4	rom	gText_UR_TrainerCardInfoPage1
0x08459504	rom	gText_UR_TrainerCardInfoPage2
0x08459544	rom	sText_GladToMeetYouMale
0x08459564	rom	sText_GladToMeetYouFemale
0x08459580	rom	gTexts_UR_GladToMeetYou
0x08459588	rom	gText_UR_FinishedCheckingPlayersTrainerCard
0x084595B0	rom	sText_CanceledReadingCard
0x084595CC	rom	sClientScript_DynamicError
0x084595EC	rom	gServerScript_ClientCanceledCard
0x08459634	rom	sItemAnimMap
0x0845963C	rom	sBg_Pal
0x0845965C	rom	sBg_TmHm_Pal
0x0845967C	rom	sBg_Gfx
0x0845973C	rom	sBg_Tilemap
0x08459868	rom	sLevelUp_Pal
0x08459888	rom	sLevelUp_Gfx
0x084598A4	rom	sStar_Pal
0x084598C4	rom	sStar_Gfx
0x08459940	rom	sOutwardSpiralDots_Pal
0x08459960	rom	sOutwardSpiralDots_Gfx
0x08459980	rom	sBgTemplates
0x08459988	rom	sWindowTemplates
0x08459998	rom	s1_2_and_Poof_textPtrs
0x084599A4	rom	sUnusedArray
0x084599AA	rom	sAffineScales
0x084599B2	rom	sStarCoordOffsets
0x084599B8	rom	sSpriteSheet_Star
0x084599C0	rom	sSpritePalette_Star
0x084599C8	rom	sSpriteSheet_UseItem_OutwardSpiralDots
0x084599D0	rom	sSpritePalette_UseItem_OutwardSpiralDots
0x084599D8	rom	sOamData_MonSprite
0x084599E0	rom	sAffineAnim_Zoom_0
0x084599F0	rom	sAffineAnim_Zoom_1
0x08459A00	rom	sAffineAnim_Zoom_2
0x08459A10	rom	sAffineAnim_Zoom_3
0x08459A20	rom	sAffineAnimTable_Zoom
0x08459A30	rom	sSpriteTemplate_MonSprite
0x08459A48	rom	sAffineAnim_ItemZoom_0
0x08459A60	rom	sAffineAnim_ItemZoom_1
0x08459A78	rom	sAffineAnim_ItemZoom_2
0x08459A90	rom	sAffineAnim_ItemZoom_3
0x08459AA8	rom	sAffineAnimTable_ItemZoom
0x08459AB8	rom	sOamData_LevelUpVertical
0x08459AC0	rom	sAnim_LevelUpVertical
0x08459AC8	rom	sAnimTable_LevelUpVertical
0x08459ACC	rom	sSpriteTemplate_LevelUpVertical
0x08459AE4	rom	sOamData_Star
0x08459AEC	rom	sSpriteTemplate_Star
0x08459B04	rom	sOamData_UseItem_OutwardSpiralDots
0x08459B0C	rom	sAnim_UseItem_OutwardSpiralDots_0
0x08459B1C	rom	sAnim_UseItem_OutwardSpiralDots_1
0x08459B28	rom	sAnimTable_UseItem_OutwardSpiralDots
0x08459B30	rom	sSpriteTemplate_UseItem_OutwardSpiralDots
0x08459B48	rom	sLevelUpWindowStatNames
0x08459B60	rom	sTutorMoves
0x08459B7E	rom	sTutorLearnsets
0x08459EB8	rom	sPartyMenuBgTemplates
0x08459EC4	rom	sPartyBoxInfoRects
0x08459F04	rom	sPartyMenuSpriteCoords
0x08459FC4	rom	sConfirmButton_Tilemap
0x08459FE0	rom	sCancelButton_Tilemap
0x08459FFC	rom	sFontColorTable
0x0845A010	rom	sSinglePartyMenuWindowTemplate
0x0845A050	rom	sDoublePartyMenuWindowTemplate
0x0845A090	rom	sMultiPartyMenuWindowTemplate
0x0845A0D0	rom	sShowcaseMultiPartyMenuWindowTemplate
0x0845A108	rom	sCancelButtonWindowTemplate
0x0845A110	rom	sMultiCancelButtonWindowTemplate
0x0845A118	rom	sConfirmButtonWindowTemplate
0x0845A120	rom	sDefaultPartyMsgWindowTemplate
0x0845A128	rom	sDoWhatWithMonMsgWindowTemplate
0x0845A130	rom	sDoWhatWithItemMsgWindowTemplate
0x0845A138	rom	sDoWhatWithMailMsgWindowTemplate
0x0845A140	rom	sWhichMoveMsgWindowTemplate
0x0845A148	rom	sItemGiveTakeWindowTemplate
0x0845A150	rom	sMailReadTakeWindowTemplate
0x0845A158	rom	sMoveSelectWindowTemplate
0x0845A160	rom	sPartyMenuYesNoWindowTemplate
0x0845A168	rom	sLevelUpStatsWindowTemplate
0x0845A170	rom	sWindowTemplate_FirstBattleOakVoiceover
0x0845A178	rom	sFieldMoveDescriptionWindowTemplate
0x0845A180	rom	sSlotTilemap_Main
0x0845A1C6	rom	sSlotTilemap_MainNoHP
0x0845A20C	rom	sSlotTilemap_Wide
0x0845A242	rom	sSlotTilemap_WideNoHP
0x0845A278	rom	sSlotTilemap_WideEmpty
0x0845A2AE	rom	sGenderPalOffsets
0x0845A2B0	rom	sHPBarPalOffsets
0x0845A2B2	rom	sPartyBoxPalOffsets1
0x0845A2B5	rom	sPartyBoxPalOffsets2
0x0845A2B8	rom	sGenderMalePalIds
0x0845A2BA	rom	sGenderFemalePalIds
0x0845A2BC	rom	sHPBarGreenPalIds
0x0845A2BE	rom	sHPBarYellowPalIds
0x0845A2C0	rom	sHPBarRedPalIds
0x0845A2C2	rom	sPartyBoxEmptySlotPalIds1
0x0845A2C5	rom	sPartyBoxMultiPalIds1
0x0845A2C8	rom	sPartyBoxFaintedPalIds1
0x0845A2CB	rom	sPartyBoxCurrSelectionPalIds1
0x0845A2CE	rom	sPartyBoxCurrSelectionMultiPalIds
0x0845A2D1	rom	sPartyBoxCurrSelectionFaintedPalIds
0x0845A2D4	rom	sPartyBoxSelectedForActionPalIds1
0x0845A2D7	rom	sPartyBoxEmptySlotPalIds2
0x0845A2DA	rom	sPartyBoxMultiPalIds2
0x0845A2DD	rom	sPartyBoxFaintedPalIds2
0x0845A2E0	rom	sPartyBoxCurrSelectionPalIds2
0x0845A2E3	rom	sPartyBoxSelectedForActionPalIds2
0x0845A2E8	rom	sActionStringTable
0x0845A354	rom	sDescriptionStringTable
0x0845A37C	rom	sFieldMoveDescriptionTable
0x0845A3AC	rom	sHeldItemGfx
0x0845A3EC	rom	sHeldItemPalette
0x0845A40C	rom	sOamData_HeldItem
0x0845A414	rom	sSpriteAnim_HeldItem
0x0845A41C	rom	sSpriteAnim_HeldMail
0x0845A424	rom	sSpriteAnimTable_HeldItem
0x0845A42C	rom	sSpriteSheet_HeldItem
0x0845A434	rom	sSpritePalette_HeldItem
0x0845A43C	rom	sSpriteTemplate_HeldItem
0x0845A454	rom	sOamData_MenuPokeball
0x0845A45C	rom	sPokeballAnim_Closed
0x0845A464	rom	sPokeballAnim_Open
0x0845A46C	rom	sSpriteAnimTable_MenuPokeball
0x0845A474	rom	sSpriteSheet_MenuPokeball
0x0845A47C	rom	sSpritePalette_MenuPokeball
0x0845A484	rom	sSpriteTemplate_MenuPokeball
0x0845A49C	rom	sOamData_MenuPokeballSmall
0x0845A4A4	rom	sSmallPokeballAnim_Closed
0x0845A4AC	rom	sSmallPokeballAnim_Open
0x0845A4B4	rom	sSmallPokeballAnim_Blank1
0x0845A4BC	rom	sSmallPokeballAnim_Blank2
0x0845A4C4	rom	sSmallPokeballAnim_Blank3
0x0845A4CC	rom	sSmallPokeballAnim_Blank4
0x0845A4D4	rom	sSpriteAnimTable_MenuPokeballSmall
0x0845A4EC	rom	sSpriteSheet_MenuPokeballSmall
0x0845A4F4	rom	sSpriteTemplate_MenuPokeballSmall
0x0845A50C	rom	sOamData_StatusCondition
0x0845A514	rom	sSpriteAnim_StatusPoison
0x0845A51C	rom	sSpriteAnim_StatusParalyzed
0x0845A524	rom	sSpriteAnim_StatusSleep
0x0845A52C	rom	sSpriteAnim_StatusFrozen
0x0845A534	rom	sSpriteAnim_StatusBurn
0x0845A53C	rom	sSpriteAnim_StatusPokerus
0x0845A544	rom	sSpriteAnim_StatusFaint
0x0845A54C	rom	sSpriteAnim_Blank
0x0845A554	rom	sSpriteTemplate_StatusCondition
0x0845A574	rom	sSpriteSheet_StatusIcons
0x0845A57C	rom	sSpritePalette_StatusIcons
0x0845A584	rom	sSpriteTemplate_StatusIcons
0x0845A59C	rom	sMultiBattlePartnersPartyMask
0x0845A5A4	rom	sTMHMMoves_Duplicate
0x0845A618	rom	sCursorOptions
0x0845A708	rom	sPartyMenuAction_SummarySwitchCancel
0x0845A70B	rom	sPartyMenuAction_ShiftSummaryCancel
0x0845A70E	rom	sPartyMenuAction_SendOutSummaryCancel
0x0845A711	rom	sPartyMenuAction_SummaryCancel
0x0845A713	rom	sPartyMenuAction_EnterSummaryCancel
0x0845A716	rom	sPartyMenuAction_NoEntrySummaryCancel
0x0845A719	rom	sPartyMenuAction_StoreSummaryCancel
0x0845A71C	rom	sPartyMenuAction_GiveTakeItemCancel
0x0845A71F	rom	sPartyMenuAction_ReadTakeMailCancel
0x0845A722	rom	sPartyMenuAction_RegisterSummaryCancel
0x0845A725	rom	sPartyMenuAction_TradeSummaryCancel1
0x0845A728	rom	sPartyMenuAction_TradeSummaryCancel2
0x0845A72C	rom	sPartyMenuActions
0x0845A760	rom	sPartyMenuActionCounts
0x0845A76E	rom	sFieldMoves
0x0845A788	rom	sFieldMoveCursorCallbacks
0x0845A7E8	rom	sUnionRoomTradeMessages
0x0845A80C	rom	sTMHMMoves
0x0845A880	rom	sChatEntryRoutines
0x0845A8A8	rom	sKeyboardPageMaxRow
0x0845A8AC	rom	sCaseToggleTable
0x0845A9AC	rom	gUnionRoomKeyboardText
0x0845AA24	rom	sUnionRoomChat_TextEntry_Pal
0x0845AA44	rom	gUnionRoomChat_Unused_Pal
0x0845AA64	rom	sUnionRoomChat_Messages_Pal
0x0845AA84	rom	sBgTemplates
0x0845AA94	rom	sWindowTemplates
0x0845AABC	rom	sSubtaskInfo
0x0845AB64	rom	sMessageWindowInfo
0x0845ABE8	rom	gText_Ellipsis
0x0845ABEC	rom	sKeyboardSwapTexts
0x0845AC14	rom	sUnionRoomChatInterfacePal
0x0845AC34	rom	sSelectorCursor_Gfx
0x0845AEB8	rom	sTextEntryCursor_Gfx
0x0845AED8	rom	sCharacterSelectCursor_Gfx
0x0845AF04	rom	sRButton_Gfx
0x0845AF58	rom	sSpriteSheets
0x0845AF80	rom	sSpritePalette
0x0845AF88	rom	sOamData_64x32_1
0x0845AF90	rom	sAnim_CursorSmallOpen
0x0845AF98	rom	sAnim_CursorSmallClosed
0x0845AFA0	rom	sAnim_CursorLargeOpen
0x0845AFA8	rom	sAnim_CursorLargeClosed
0x0845AFB0	rom	sSpriteAnims_SelectorCursor
0x0845AFC0	rom	sSpriteTemplate_SelectorCursor
0x0845AFD8	rom	sOamData_8x16_2
0x0845AFE0	rom	sSpriteTemplate_TextEntryCursor
0x0845AFF8	rom	sSpriteTemplate_CharacterSelectCursor
0x0845B010	rom	sOamData_16x16_2
0x0845B018	rom	sOamData_32x16_2
0x0845B020	rom	sAnim_UnionRoomChatIcons_ToggleCase
0x0845B028	rom	sAnim_UnionRoomChatIcons_Dummy1
0x0845B030	rom	sAnim_UnionRoomChatIcons_Dummy2
0x0845B038	rom	sAnim_UnionRoomChatIcons_Register
0x0845B040	rom	sSpriteAnimTable_UnionRoomChatIcons
0x0845B050	rom	sSpriteTemplate_RButton
0x0845B068	rom	sSpriteTemplate_UnionRoomChatIcons
0x0845B080	rom	sHelpSystemTopicPtrs
0x0845B098	rom	sHelpSystemTopicMouseoverDescriptionPtrs
0x0845B0B0	rom	sHelpSystemSpecializedQuestionTextPtrs
0x0845B164	rom	sHelpSystemSpecializedAnswerTextPtrs
0x0845B218	rom	sHelpSystemMenuTopicTextPtrs
0x0845B2DC	rom	sHelpSystemHowToUseMenuTextPtrs
0x0845B3A0	rom	sHelpSystemTermTextPtrs
0x0845B450	rom	sHelpSystemTermDefinitionsTextPtrs
0x0845B500	rom	sHelpSystemGeneralTopicTextPtrs
0x0845B520	rom	sHelpSystemGeneralTopicDescriptionTextPtrs
0x0845B540	rom	sHelpSystemTypeMatchupTextPtrs
0x0845B5D0	rom	sHelpSystemTypeMatchupDescriptionTextPtrs
0x0845B660	rom	sAboutGame_TitleScreen
0x0845B664	rom	sAboutGame_NewGame
0x0845B668	rom	sHowTo_NamingScreen
0x0845B66A	rom	sAboutGame_NamingScreen
0x0845B66E	rom	sHowTo_Pokedex
0x0845B671	rom	sHowTo_PartyMenu
0x0845B677	rom	sTerms_PartyMenu
0x0845B67A	rom	sHowTo_PokemonInfo
0x0845B67D	rom	sTerms_PokemonInfo
0x0845B684	rom	sTerms_PokemonSkills
0x0845B68E	rom	sTerms_PokemonMoves
0x0845B696	rom	sHowTo_Bag
0x0845B6A1	rom	sTerms_Bag
0x0845B6A5	rom	sHowTo_TrainerCardFront
0x0845B6A7	rom	sTerms_TrainerCardFront
0x0845B6AD	rom	sHowTo_TrainerCardBack
0x0845B6AF	rom	sHowTo_Save
0x0845B6B1	rom	sTerms_Save
0x0845B6B5	rom	sHowTo_Options
0x0845B6B7	rom	sTerms_Options
0x0845B6BF	rom	sWhatToDo_PlayersHouse
0x0845B6C3	rom	sAboutGame_PlayersHouse
0x0845B6C8	rom	sWhatToDo_OaksLab
0x0845B6CE	rom	sHowTo_OaksLab
0x0845B6E2	rom	sTerms_OaksLab
0x0845B6E9	rom	sWhatToDo_PokeCenter
0x0845B6F2	rom	sHowTo_PokeCenter
0x0845B707	rom	sTerms_PokeCenter
0x0845B70E	rom	sAboutGame_PokeCenter
0x0845B714	rom	sWhatToDo_Mart
0x0845B71D	rom	sHowTo_Mart
0x0845B731	rom	sTerms_Mart
0x0845B73D	rom	sWhatToDo_Gym
0x0845B744	rom	sHowTo_Gym
0x0845B758	rom	sTerms_Gym
0x0845B75F	rom	sTypeMatchups_Gym
0x0845B783	rom	sWhatToDo_Indoors
0x0845B7A7	rom	sHowTo_Indoors
0x0845B7BB	rom	sTerms_Indoors
0x0845B7C4	rom	sWhatToDo_Overworld
0x0845B7E8	rom	sHowTo_Overworld
0x0845B7F1	rom	sTerms_Overworld
0x0845B7FB	rom	sWhatToDo_Dungeon
0x0845B81A	rom	sHowTo_Dungeon
0x0845B823	rom	sTerms_Dungeon
0x0845B82C	rom	sWhatToDo_Surfing
0x0845B83E	rom	sHowTo_Surfing
0x0845B847	rom	sTerms_Surfing
0x0845B850	rom	sWhatToDo_WildBattle
0x0845B85D	rom	sHowTo_WildBattle
0x0845B866	rom	sTerms_WildBattle
0x0845B878	rom	sTypeMatchups_WildBattle
0x0845B89C	rom	sWhatToDo_TrainerBattleSingle
0x0845B8A7	rom	sHowTo_TrainerBattleSingle
0x0845B8AF	rom	sTerms_TrainerBattleSingle
0x0845B8C1	rom	sTypeMatchups_TrainerBattleSingle
0x0845B8E5	rom	sWhatToDo_TrainerBattleDouble
0x0845B8F0	rom	sHowTo_TrainerBattleDouble
0x0845B8F8	rom	sTerms_TrainerBattleDouble
0x0845B90A	rom	sTypeMatchups_TrainerBattleDouble
0x0845B92E	rom	sWhatToDo_SafariBattle
0x0845B932	rom	sHowTo_SafariBattle
0x0845B937	rom	sTerms_SafariBattle
0x0845B947	rom	sTypeMatchups_SafariBattle
0x0845B96B	rom	sHowTo_PC
0x0845B978	rom	sHowTo_BillsPC
0x0845B985	rom	sHowTo_PlayersPCItems
0x0845B992	rom	sHowTo_PlayersPCMailbox
0x0845B99F	rom	sHowTo_PCMisc
0x0845B9AC	rom	sHowTo_BedroomPC
0x0845B9B2	rom	sHowTo_BedroomPCItems
0x0845B9B8	rom	sHowTo_BedroomPCMailbox
0x0845B9BE	rom	sTerms_Basic
0x0845B9E0	rom	sHelpSystemSubmenuItemLists
0x0845BCB0	rom	sUnused
0x0845C4B0	rom	sHelpSystemContextTopicOrder
0x0845C4B6	rom	sHelpSystemContextTopicFlags
0x0845C594	rom	sMartMaps
0x0845C5BC	rom	sGymMaps
0x0845C5CE	rom	sDungeonMaps
0x0845C600	rom	sFameCheckerTilemap
0x0845CE00	rom	sQuestionMarkSpriteGfx
0x0845CF00	rom	sSpinningPokeballSpriteGfx
0x0845D0E0	rom	sSpinningPokeballSpritePalette
0x0845D100	rom	sSelectorCursorSpriteGfx
0x0845D500	rom	sSelectorCursorSpritePalette
0x0845D520	rom	sFujiSpriteGfx
0x0845DD20	rom	sFujiSpritePalette
0x0845DD40	rom	sBillSpriteGfx
0x0845E540	rom	sBillSpritePalette
0x0845E560	rom	sDaisySpriteGfx
0x0845ED60	rom	sDaisySpritePalette
0x0845ED80	rom	sOakSpriteGfx
0x0845F580	rom	sOakSpritePalette
0x0845F5A0	rom	sUnkPalette
0x0845F5C0	rom	sSilhouettePalette
0x0845F5E0	rom	sTextColor_White
0x0845F5E3	rom	sTextColor_DkGrey
0x0845F5E6	rom	sTextColor_Green
0x0845F5EA	rom	sTrainerIdxs
0x0845F60C	rom	sNonTrainerNamePointers
0x0845F61C	rom	sFameCheckerTrainerPicIdxs
0x0845F62C	rom	sFameCheckerTrainerGenders_Unused
0x0845F63C	rom	sFameCheckerNameAndQuotesPointers
0x0845F6BC	rom	sFameCheckerFlavorTextPointers
0x0845F83C	rom	sFameCheckerArrayNpcGraphicsIds
0x0845F89C	rom	sFlavorTextOriginLocationTexts
0x0845FA1C	rom	sFlavorTextOriginObjectNameTexts
0x0845FB9C	rom	sUISpriteSheets
0x0845FBDC	rom	sUISpritePalettes
0x0845FBF4	rom	sUIBgTemplates
0x0845FC04	rom	sUIWindowTemplates
0x0845FC2C	rom	sSelectorCursorAnim0
0x0845FC38	rom	sSelectorCursorAnims
0x0845FC3C	rom	sSelectorCursorOamData
0x0845FC44	rom	sSpriteTemplate_SelectorCursor
0x0845FC5C	rom	sUnused
0x0845FC64	rom	sQuestionMarkTileOamData
0x0845FC6C	rom	sQuestionMarkTileAnim0
0x0845FC74	rom	sQuestionMarkTileAnims
0x0845FC78	rom	sQuestionMarkTileSpriteTemplate
0x0845FC90	rom	sSpinningPokeballAnim0
0x0845FC98	rom	sSpinningPokeballAnims
0x0845FC9C	rom	sSpinningPokeballOamData
0x0845FCA4	rom	sSpinningPokeballAffineAnim0
0x0845FCB4	rom	sSpinningPokeballAffineAnims
0x0845FCB8	rom	sSpinningPokeballSpriteTemplate
0x0845FCD0	rom	sDaisyFujiOakBillAnim0
0x0845FCD8	rom	sDaisyFujiOakBillAnims
0x0845FCDC	rom	sDaisyFujiOakBillOamData
0x0845FCE4	rom	sDaisySpriteTemplate
0x0845FCFC	rom	sFujiSpriteTemplate
0x0845FD14	rom	sOakSpriteTemplate
0x0845FD2C	rom	sBillSpriteTemplate
0x0845FD54	rom	sMonPosAttributes
0x08460568	rom	sOakSpeech_Background_Pals
0x084605E8	rom	sControlsGuide_PikachuIntro_Background_Tiles
0x08460BA8	rom	sPikachuIntro_Background_Tilemap
0x08460CA4	rom	sOakSpeech_Background_Tiles
0x08460CE8	rom	sOakSpeech_Background_Tilemap
0x08460D94	rom	sControlsGuide_Tilemap_Page2
0x08460E34	rom	sControlsGuide_Tilemap_Page3
0x08460ED4	rom	sOakSpeech_Leaf_Pal
0x08460F14	rom	sOakSpeech_Leaf_Tiles
0x084615FC	rom	sOakSpeech_Red_Pal
0x0846163C	rom	sOakSpeech_Red_Tiles
0x08461CD4	rom	sOakSpeech_Oak_Pal
0x08461D14	rom	sOakSpeech_Oak_Tiles
0x084623AC	rom	sOakSpeech_Rival_Pal
0x084623EC	rom	sOakSpeech_Rival_Tiles
0x084629D0	rom	sOakSpeech_Platform_Pal
0x084629F0	rom	sPikachuIntro_Pikachu_Pal
0x08462A10	rom	sOakSpeech_Platform_Gfx
0x08462B74	rom	sPikachuIntro_PikachuBody_Gfx
0x08462D34	rom	sPikachuIntro_PikachuEars_Gfx
0x08462E18	rom	sPikachuIntro_PikachuEyes_Gfx
0x08462E58	rom	sBgTemplates
0x08462E64	rom	sControlsGuide_WindowTemplate_Page1
0x08462E74	rom	sControlsGuide_WindowTemplate_Page2
0x08462E94	rom	sControlsGuide_WindowTemplate_Page3
0x08462EB4	rom	sControlsGuide_WindowTemplates
0x08462EC0	rom	sIntro_WindowTemplates
0x08462EE8	rom	sTextColor_White
0x08462EEC	rom	sTextColor_DarkGray
0x08462EF0	rom	sPikachuIntro_Strings
0x08462EFC	rom	sPikachuIntro_Pikachu_SpriteSheets
0x08462F14	rom	sOakSpeech_Platform_SpriteSheet
0x08462F1C	rom	sPikachuIntro_Pikachu_SpritePalette
0x08462F24	rom	sOakSpeech_Platform_SpritePalette
0x08462F2C	rom	sOakSpeech_PlatformLeft_Anim
0x08462F34	rom	sOakSpeech_PlatformMiddle_Anim
0x08462F3C	rom	sOakSpeech_PlatformRight_Anim
0x08462F44	rom	sOakSpeech_PlatformLeft_Anims
0x08462F48	rom	sOakSpeech_PlatformMiddle_Anims
0x08462F4C	rom	sOakSpeech_PlatformRight_Anims
0x08462F50	rom	sOakSpeech_Platform_SpriteTemplates
0x08462F98	rom	sPikachuIntro_PikachuBody_Anim
0x08462FA4	rom	sPikachuIntro_PikachuEars_Anim
0x08462FE4	rom	sPikachuIntro_PikachuEyes_Anim
0x08463020	rom	sPikachuIntro_PikachuBody_Anims
0x08463024	rom	sPikachuIntro_PikachuEars_Anims
0x08463028	rom	sPikachuIntro_PikachuEyes_Anims
0x0846302C	rom	sPikachuIntro_Pikachu_SpriteTemplates
0x08463074	rom	sControlsGuide_Pages2And3_Strings
0x0846308C	rom	sMaleNameChoices
0x084630D8	rom	sFemaleNameChoices
0x08463124	rom	sRivalNameChoices
0x08463134	rom	sBGTemplates
0x08463140	rom	sSelectTMActionTasks
0x08463150	rom	sMenuActions
0x08463168	rom	sMenuActionIndices_Field
0x0846316B	rom	sMenuActionIndices_UnionRoom
0x08463170	rom	sYesNoFuncTable
0x08463178	rom	sText_ClearTo18
0x0846317C	rom	sText_SingleSpace
0x08463180	rom	sPal3Override
0x08463184	rom	sTextColors
0x08463190	rom	sWindowTemplates
0x084631E0	rom	sYesNoWindowTemplate
0x084631E8	rom	sWindowTemplates_ContextMenu
0x084631F8	rom	sTMSpriteOamData
0x08463200	rom	sAnim_TM
0x08463208	rom	sAnim_HM
0x08463210	rom	sAnims_Disc
0x08463218	rom	sSpriteSheet_Disc
0x08463220	rom	sSpriteTemplate_Disc
0x08463238	rom	sTMSpritePaletteOffsetByType
0x0846325C	rom	sScrollIndicatorTemplates
0x0846326C	rom	sOamData_ScrollArrowIndicator
0x08463274	rom	sSpriteAnim_ScrollArrowIndicator0
0x0846327C	rom	sSpriteAnim_ScrollArrowIndicator1
0x08463284	rom	sSpriteAnim_ScrollArrowIndicator2
0x0846328C	rom	sSpriteAnim_ScrollArrowIndicator3
0x08463294	rom	sSpriteAnimTable_ScrollArrowIndicator
0x084632A4	rom	sSpriteTemplate_ScrollArrowIndicator
0x084632BC	rom	sSubsprite_RedOutline1
0x084632C0	rom	sSubsprite_RedOutline2
0x084632C4	rom	sSubsprite_RedOutline3
0x084632C8	rom	sSubsprite_RedOutline4
0x084632CC	rom	sSubsprite_RedOutline5
0x084632D0	rom	sSubsprite_RedOutline6
0x084632D4	rom	sSubsprite_RedOutline7
0x084632D8	rom	sSubsprite_RedOutline8
0x084632DC	rom	sOamData_RedArrowCursor
0x084632E4	rom	sSpriteAnim_RedArrowCursor
0x084632EC	rom	sSpriteAnimTable_RedArrowCursor
0x084632F0	rom	sSpriteTemplate_RedArrowCursor
0x08463308	rom	sRedArrowPal
0x08463328	rom	sRedArrowOtherGfx
0x08463398	rom	sSelectorOutlineGfx
0x084633D8	rom	sRedArrowGfx
0x0846341C	rom	sMarkerPal
0x0846343C	rom	sMarkerTiles
0x08463548	rom	sSubsprite_Circular
0x0846354C	rom	sSubsprite_SmallHorizontal
0x08463550	rom	sSubsprite_SmallVertical
0x08463554	rom	sSubsprite_MediumHorizontal
0x08463558	rom	sSubsprite_MediumVertical
0x0846355C	rom	sSubsprite_LargeHorizontal
0x08463560	rom	sSubsprite_LargeVertical
0x08463564	rom	sSubsprites
0x08463580	rom	sAreaMarkers
0x084636C0	rom	sTextHeaderPalette
0x084636E0	rom	sMonMarkingSpritePalette
0x08463700	rom	sTextMovesPalette
0x08463720	rom	sMoveSelectionCursorPals
0x08463740	rom	sMoveSelectionCursorTiles_Left
0x0846386C	rom	sMoveSelectionCursorTiles_Right
0x0846398C	rom	sMoveSelectionCursorOamData
0x08463994	rom	sMoveSelectionCursorOamAnim_Red
0x0846399C	rom	sMoveSelectionCursorOamAnim_Blue
0x084639A4	rom	sMoveSelectionCursorOamAnimTable
0x084639AC	rom	sStatusAilmentIconOamData
0x084639B4	rom	sStatusAilmentIconAnim_PSN
0x084639BC	rom	sStatusAilmentIconAnim_PRZ
0x084639C4	rom	sStatusAilmentIconAnim_SLP
0x084639CC	rom	sStatusAilmentIconAnim_FRZ
0x084639D4	rom	sStatusAilmentIconAnim_BRN
0x084639DC	rom	sStatusAilmentIconAnim_PKRS
0x084639E4	rom	sStatusAilmentIconAnim_FNT
0x084639EC	rom	sStatusAilmentIconAnim_Blank
0x084639F4	rom	sStatusAilmentIconAnimTable
0x08463A14	rom	sHpOrExpBarOamData
0x08463A1C	rom	sHpOrExpAnim_0
0x08463A24	rom	sHpOrExpAnim_1
0x08463A2C	rom	sHpOrExpAnim_2
0x08463A34	rom	sHpOrExpAnim_3
0x08463A3C	rom	sHpOrExpAnim_4
0x08463A44	rom	sHpOrExpAnim_5
0x08463A4C	rom	sHpOrExpAnim_6
0x08463A54	rom	sHpOrExpAnim_7
0x08463A5C	rom	sHpOrExpAnim_8
0x08463A64	rom	sHpOrExpAnim_9
0x08463A6C	rom	sHpOrExpAnim_10
0x08463A74	rom	sHpOrExpAnim_11
0x08463A7C	rom	sHpOrExpBarAnimTable
0x08463AAC	rom	sPokeSummary_HpBarPalYellow
0x08463ACC	rom	sPokeSummary_HpBarPalRed
0x08463AEC	rom	sPokerusIconObjOamData
0x08463AF4	rom	sPokerusIconObjAnim0
0x08463AFC	rom	sPokerusIconObjAnimTable
0x08463B00	rom	sPokerusIconObjPal
0x08463B20	rom	sPokerusIconObjTiles
0x08463B30	rom	sStarObjOamData
0x08463B38	rom	sStarObjAnim0
0x08463B40	rom	sStarObjAnimTable
0x08463B44	rom	sStarObjPal
0x08463B64	rom	sStarObjTiles
0x08463B88	rom	sBgTilemap_MovesInfoPage
0x08463C80	rom	sBgTilemap_MovesPage
0x08463DBC	rom	sHardyNatureName
0x08463DC2	rom	sLonelyNatureName
0x08463DC9	rom	sBraveNatureName
0x08463DCF	rom	sAdamantNatureName
0x08463DD7	rom	sNaughtyNatureName
0x08463DDF	rom	sBoldNatureName
0x08463DE4	rom	sDocileNatureName
0x08463DEB	rom	sRelaxedNatureName
0x08463DF3	rom	sImpishNatureName
0x08463DFA	rom	sLaxNatureName
0x08463DFE	rom	sTimidNatureName
0x08463E04	rom	sHastyNatureName
0x08463E0A	rom	sSeriousNatureName
0x08463E12	rom	sJollyNatureName
0x08463E18	rom	sNaiveNatureName
0x08463E1E	rom	sModestNatureName
0x08463E25	rom	sMildNatureName
0x08463E2A	rom	sQuietNatureName
0x08463E30	rom	sBashfulNatureName
0x08463E38	rom	sRashNatureName
0x08463E3D	rom	sCalmNatureName
0x08463E42	rom	sGentleNatureName
0x08463E49	rom	sSassyNatureName
0x08463E4F	rom	sCarefulNatureName
0x08463E57	rom	sQuirkyNatureName
0x08463E60	rom	gNatureNamePointers
0x08463EC4	rom	sEggHatchTimeTexts
0x08463ED4	rom	sEggOriginTexts
0x08463EF0	rom	sPrintMoveTextColors
0x08463EFC	rom	sBgTempaltes
0x08463F0C	rom	sWindowTemplates_Permanent_Bg1
0x08463F24	rom	sWindowTemplates_Permanent_Bg2
0x08463F3C	rom	sWindowTemplates_Info
0x08463F5C	rom	sWindowTemplates_Skills
0x08463F7C	rom	sWindowTemplates_Moves
0x08463F9C	rom	sWindowTemplates_Dummy
0x08463FA4	rom	sLevelNickTextColors
0x08463FB8	rom	sMultiBattlePartyOrder
0x08463FBE	rom	sMonPicBounceYDelta_Under60
0x08463FC1	rom	sMonPicBounceYDelta_60to80
0x08463FC6	rom	sMonPicBounceYDelta_80to99
0x08463FCD	rom	sMonPicBounceYDelta_Full
0x08463FD4	rom	sEggPicShakeXDelta_ItWillTakeSomeTime
0x08463FDF	rom	sEggPicShakeXDelta_OccasionallyMoves
0x08463FEA	rom	sEggPicShakeXDelta_AlmostReadyToHatch
0x08463FFC	rom	sHpBarPals
0x08464008	rom	sTiles
0x08464128	rom	sPals
0x08464148	rom	sDexAreas_Kanto
0x08464224	rom	sDexAreas_Sevii1
0x08464234	rom	sDexAreas_Sevii2
0x0846423C	rom	sDexAreas_Sevii3
0x08464250	rom	sDexAreas_Sevii4
0x08464258	rom	sDexAreas_Sevii5
0x08464274	rom	sDexAreas_Sevii6
0x08464290	rom	sDexAreas_Sevii7
0x084642BC	rom	sSeviiDexAreas
0x084642F4	rom	sRoamerPairs
0x08464300	rom	sTextColorTable
0x0846434C	rom	sBgTemplates
0x08464358	rom	sBerryPouchContextMenuTasks
0x0846436C	rom	sYesNoFuncs_Toss
0x08464374	rom	sYesNoFuncs_Sell
0x0846437C	rom	sContextMenuActions
0x084643A4	rom	sOptions_UseGiveTossExit
0x084643A8	rom	sOptions_GiveExit
0x084643AC	rom	sOptions_Exit
0x084643B0	rom	sOptions_UseToss_Exit
0x084643B4	rom	sText_Space
0x084643B8	rom	sWindowTemplates_Main
0x084643D8	rom	sWindowTemplates_Variable
0x08464448	rom	sTextColors
0x08464454	rom	sOamData
0x0846445C	rom	sSpriteAnim_Dummy
0x08464464	rom	sSpriteAnimTable
0x08464468	rom	sSpriteAffineAnim_Static
0x08464478	rom	sSpriteAffineAnim_Wobble
0x084644A0	rom	sSpriteAffineAnimTable
0x084644A8	rom	sBerryPouchSpriteSheet
0x084644B0	rom	sBerryPouchSpritePal
0x084644B8	rom	sSpriteTemplate_BerryPouch
0x084644D0	rom	sArrowAndStarSpriteTiles
0x08464750	rom	sArrowAnim0
0x08464758	rom	sArrowAnim1
0x08464760	rom	sArrowAnim2
0x08464768	rom	sArrowAnim3
0x08464770	rom	sStarAnim
0x08464778	rom	sArrowAndStarSpriteAnimTable
0x0846478C	rom	sArrowAndStarSpriteOamData
0x08464794	rom	sAffineAnim_Left
0x084647A4	rom	sAffineAnim_Down
0x084647B4	rom	sAffineAnim_Right
0x084647C4	rom	sAffineAnim_Up
0x084647D4	rom	sArrowAndStarSpriteAffineAnimTable
0x084647E4	rom	sSpriteTemplate_ArrowAndStar
0x084647FC	rom	sArrowAndStarSpriteSheet
0x08464804	rom	sShopBuyMenuWindowTemplatesNormal
0x0846483C	rom	sShopBuyMenuWindowTemplatesTM
0x0846487C	rom	sShopBuyMenuYesNoWindowTemplate
0x08464884	rom	sShopBuyMenuTextColors
0x08464890	rom	sSecondReelBiasCheckIndices
0x084648AE	rom	sThirdReelBiasCheckIndices
0x084648BD	rom	sRowAttributes
0x084648D2	rom	sReelBiasChances
0x08464926	rom	sReelIconAnimByReelAndPos
0x08464966	rom	sPayoutTable
0x08464974	rom	sReelIcons_Pal
0x08464A14	rom	sReelIcons_Tiles
0x0846504C	rom	sClefairy_Pal
0x0846506C	rom	sClefairy_Tiles
0x08465524	rom	sDigits_Pal
0x08465544	rom	sDigits_Tiles
0x084655B0	rom	sSpriteSheets
0x084655C8	rom	sSpritePalettes
0x08465608	rom	sReelIconPaletteTags
0x08465616	rom	sReelIconAffineParams
0x084656D6	rom	sReelIconBldY
0x08465738	rom	sOamData_ReelIcons
0x08465740	rom	sAnimCmd_ReelIcon_7
0x08465748	rom	sAnimCmd_ReelIcon_Rocket
0x08465750	rom	sAnimCmd_ReelIcon_Pikachu
0x08465758	rom	sAnimCmd_ReelIcon_Psyduck
0x08465760	rom	sAnimCmd_ReelIcon_Cherries
0x08465768	rom	sAnimCmd_ReelIcon_Magnemite
0x08465770	rom	sAnimCmd_ReelIcon_Shellder
0x08465778	rom	sAnimCmd_ReelIcon_Pikachu_2
0x08465780	rom	sAnimCmd_ReelIcon_Psyduck_2
0x08465788	rom	sAnimCmd_ReelIcon_Cherries_2
0x08465790	rom	sAnimCmd_ReelIcon_Magnemite_2
0x08465798	rom	sAnimCmd_ReelIcon_Shellder_2
0x084657A0	rom	sAnimTable_ReelIcons
0x084657D0	rom	sAffineAnimCmd_ReelIcons_Unused
0x084657E0	rom	sAffineAnimTable_ReelIcons_Unused
0x084657E4	rom	sSpriteTemplate_ReelIcons
0x084657FC	rom	sOamData_Digits
0x08465804	rom	sSpriteAnim_Digit0
0x0846580C	rom	sSpriteAnim_Digit1
0x08465814	rom	sSpriteAnim_Digit2
0x0846581C	rom	sSpriteAnim_Digit3
0x08465824	rom	sSpriteAnim_Digit4
0x0846582C	rom	sSpriteAnim_Digit5
0x08465834	rom	sSpriteAnim_Digit6
0x0846583C	rom	sSpriteAnim_Digit7
0x08465844	rom	sSpriteAnim_Digit8
0x0846584C	rom	sSpriteAnim_Digit9
0x08465854	rom	sAnimTable_Digits
0x0846587C	rom	sSpriteTemplate_Digits
0x08465894	rom	sOamData_Clefairy
0x0846589C	rom	sAnimCmd_Clefairy_Neutral
0x084658A4	rom	sAnimCmd_Clefairy_Spinning
0x084658B0	rom	sAnimCmd_Clefairy_Payout
0x084658BC	rom	sAnimCmd_Clefairy_Lose
0x084658C8	rom	sAnimTable_Clefairy
0x084658D8	rom	sSpriteTemplate_Clefairy
0x084658F0	rom	sSlotMachineSetupTasks
0x08465930	rom	sBg_Pal
0x084659D0	rom	sBg_Tiles
0x084661D4	rom	sBg_Tilemap
0x084664BC	rom	sBgPal_MatchLines
0x084664DC	rom	sBgPal_PayoutLight
0x0846653C	rom	sButtonPressed_Tiles
0x084665C0	rom	sCombosWindow_Pal
0x08466620	rom	sCombosWindow_Tiles
0x08466998	rom	sCombosWindow_Tilemap
0x08466B10	rom	sBgTemplates
0x08466B20	rom	sWindowTemplates
0x08466B38	rom	sLineTiles_TLBR
0x08466B60	rom	sLineTiles_TopRow
0x08466B8C	rom	sLineTiles_MiddleRow
0x08466BB8	rom	sLineTiles_BottomRow
0x08466BE4	rom	sLineTiles_BLTR
0x08466C0C	rom	sLineStateTileIdxs
0x08466C34	rom	sWinningLineFlashPalIdxs
0x08466C38	rom	sYesNoWindowTemplate
0x08466C40	rom	sReelButtonMapTileIdxs
0x08466C58	rom	sRoamerLocations
0x08466D10	rom	sTextboxBorder_Pal
0x08466D30	rom	sTextboxBorder_Gfx
0x08466D60	rom	sBGTemplates
0x08466D70	rom	sMainWindows
0x08466D90	rom	sWindowTemplate_YesNoMsg_Wide
0x08466D98	rom	sWindowTemplate_YesNoMsg
0x08466DA0	rom	sWindowTemplate_GiftSelect
0x08466DA8	rom	sWindowTemplate_ThreeOptions
0x08466DB0	rom	sWindowTemplate_YesNoBox
0x08466DB8	rom	sWindowTemplate_GiftSelect_3Options
0x08466DC0	rom	sWindowTemplate_GiftSelect_2Options
0x08466DC8	rom	sWindowTemplate_GiftSelect_1Option
0x08466DD0	rom	sListMenuItems_CardsOrNews
0x08466DE8	rom	sListMenuItems_WirelessOrFriend
0x08466E00	rom	sListMenuTemplate_ThreeOptions
0x08466E18	rom	sListMenuItems_ReceiveSendToss
0x08466E38	rom	sListMenuItems_ReceiveToss
0x08466E50	rom	sListMenuItems_ReceiveSend
0x08466E68	rom	sListMenuItems_Receive
0x08466E78	rom	sListMenu_ReceiveSendToss
0x08466E90	rom	sListMenu_ReceiveToss
0x08466EA8	rom	sListMenu_ReceiveSend
0x08466EC0	rom	sListMenu_Receive
0x08466ED8	rom	sUnusedMenuTexts
0x08466EE8	rom	sTextColors_TopMenu
0x08466EEC	rom	sTextColors_TopMenu_Copy
0x08466EF0	rom	sMG_Ereader_TextColor_2
0x08466EF3	rom	sText_Test
0x08466EF7	rom	sText_EonTicket
0x08466F00	rom	sReceivedGiftFlags
0x08467030	rom	sFuncTable
0x08467068	rom	sTextColorTable
0x08467070	rom	sFooterTextOffsets
0x08467074	rom	sWindowTemplates
0x0846708C	rom	sCard0Pal
0x084670AC	rom	gCard1Pal
0x084670CC	rom	gCard2Pal
0x084670EC	rom	gCard3Pal
0x0846710C	rom	gCard4Pal
0x0846712C	rom	gCard5Pal
0x0846714C	rom	sCard6Pal
0x0846716C	rom	sCard7Pal
0x0846718C	rom	sCard0Gfx
0x08467288	rom	sCard0Map
0x0846737C	rom	sCard1Gfx
0x08467470	rom	sCard1Map
0x08467558	rom	sCard2Gfx
0x0846762C	rom	sCard2Map
0x08467700	rom	sCard6Gfx
0x08467934	rom	sCard6Map
0x08467A7C	rom	sCard7Gfx
0x08467CAC	rom	sCard7Map
0x08467DF4	rom	sStampShadowPal0
0x08467E14	rom	sStampShadowPal1
0x08467E34	rom	sStampShadowPal2
0x08467E54	rom	sStampShadowPal3
0x08467E74	rom	sStampShadowPal4
0x08467E94	rom	sStampShadowPal5
0x08467EB4	rom	sStampShadowPal6
0x08467ED4	rom	sStampShadowPal7
0x08467EF4	rom	sStampShadowGfx
0x08467F58	rom	sSpriteSheet_StampShadow
0x08467F60	rom	sSpritePalettes_StampShadow
0x08467FA0	rom	sSpriteTemplate_StampShadow
0x08467FB8	rom	sCardGraphics
0x08468038	rom	sTextColorTable
0x08468040	rom	sWindowTemplates
0x08468050	rom	sArrowsTemplate
0x08468060	rom	sNews0Pal
0x08468080	rom	sNews6Pal
0x084680A0	rom	sNews7Pal
0x084680C0	rom	sNews0Gfx
0x08468140	rom	sNews0Map
0x0846821C	rom	sNews1Gfx
0x0846824C	rom	sNews1Map
0x0846830C	rom	sNews2Gfx
0x0846837C	rom	sNews2Map
0x08468448	rom	sNews6Gfx
0x084684D8	rom	sNews6Map
0x084685B4	rom	sNews7Gfx
0x08468644	rom	sNews7Map
0x08468720	rom	sNewsGraphics
0x084687A0	rom	sText_CollectedAllStamps
0x084687E0	rom	gMysteryGiftClientScript_Init
0x084687F0	rom	sClientScript_SendGameData
0x08468810	rom	sClientScript_CantAccept
0x08468820	rom	sClientScript_CommError
0x08468830	rom	sClientScript_NothingSent
0x08468840	rom	sClientScript_SaveCard
0x08468870	rom	sClientScript_SaveNews
0x08468898	rom	sClientScript_HadNews
0x084688A8	rom	sClientScript_NewsReceived
0x084688B8	rom	sClientScript_AskToss
0x084688E0	rom	sClientScript_Canceled
0x084688F0	rom	sClientScript_HadCard
0x08468900	rom	sClientScript_DynamicSuccess
0x08468920	rom	sServerScript_CantSend
0x08468950	rom	sServerScript_CommError
0x08468980	rom	sServerScript_ClientCanceledNews
0x084689B0	rom	sServerScript_HasNews
0x084689E0	rom	sServerScript_SendNews
0x08468A64	rom	sServerScript_SendCard
0x08468AC4	rom	sServerScript_TossPrompt
0x08468B0C	rom	sServerScript_HasCard
0x08468B3C	rom	sServerScript_NothingSent
0x08468B6C	rom	gMysteryGiftServerScript_SendWonderNews
0x08468BCC	rom	gMysteryGiftServerScript_SendWonderCard
0x08468C98	rom	sWaterTiles
0x084691B8	rom	sWaterPal
0x084691D8	rom	sWaterTilemap_WB
0x084699D8	rom	sWaterTilemap_EB
0x0846A1D8	rom	sFerrySpriteTiles
0x0846A6D8	rom	sFerryAndWakePal
0x0846A6F8	rom	sWakeSpriteTiles
0x0846AEF8	rom	sBGTemplates
0x0846AEFC	rom	sSeag
0x0846AF28	rom	sTravelDirectionMatrix
0x0846AF40	rom	sSpriteAnims_Ferry_WB
0x0846AF48	rom	sSpriteAnims_Ferry_EB
0x0846AF50	rom	sSpriteAnimTable_Ferry
0x0846AF58	rom	sOamData_Ferry
0x0846AF60	rom	sFerrySpriteTemplate
0x0846AF78	rom	sFerryAndWakeSpriteSheets
0x0846AF90	rom	sFerryAndWakeSpritePalettes
0x0846AFA0	rom	sSpriteAnims_Wake_WB
0x0846AFB0	rom	sSpriteAnims_Wake_EB
0x0846AFC0	rom	sSpriteAnimTable_Wake
0x0846AFC8	rom	sOamData_Wake
0x0846AFD0	rom	sWakeSpriteTemplate
0x0846AFE8	rom	s321Start_Static_Pal
0x0846B008	rom	s321Start_Static_Gfx
0x0846B42C	rom	sSpriteSheet_321Start_Static
0x0846B43C	rom	sSpritePalette_321Start_Static
0x0846B44C	rom	sAnim_StaticCountdown_Three
0x0846B454	rom	sAnim_StaticCountdown_Two
0x0846B45C	rom	sAnim_StaticCountdown_One
0x0846B464	rom	sAnim_StaticCountdown_StartLeft
0x0846B46C	rom	sAnim_StaticCountdown_StartMid
0x0846B474	rom	sAnim_StaticCountdown_StartRight
0x0846B47C	rom	sAnims_StaticCountdown
0x0846B494	rom	sSpriteTemplate_StaticCountdown
0x0846B4AC	rom	sStaticCountdownFuncs
0x0846B4BC	rom	sPokeJumpMons
0x0846B64C	rom	sPokeJumpLeaderFuncs
0x0846B670	rom	sPokeJumpMemberFuncs
0x0846B694	rom	sVineBaseSpeeds
0x0846B6A4	rom	sVineSpeedDelays
0x0846B6AC	rom	sSoundEffects
0x0846B6B4	rom	sJumpOffsets
0x0846B744	rom	sScoreBonuses
0x0846B75C	rom	sPrizeItems
0x0846B76C	rom	sPrizeQuantityData
0x0846B794	rom	sInterface_Pal
0x0846B7B4	rom	sBg_Pal
0x0846B7D4	rom	sBg_Gfx
0x0846BA00	rom	sBg_Tilemap
0x0846BBB0	rom	sVenusaur_Pal
0x0846BBD0	rom	sVenusaur_Gfx
0x0846C520	rom	sVenusaur_Tilemap
0x0846C8D8	rom	sBonuses_Pal
0x0846C8F8	rom	sBonuses_Gfx
0x0846D3A8	rom	sBonuses_Tilemap
0x0846D8D4	rom	sBgTemplates
0x0846D8E4	rom	sWindowTemplates
0x0846D8FC	rom	sPokeJumpGfxFuncs
0x0846D94C	rom	sPluralTxt
0x0846D953	rom	sVenusaurStates
0x0846D960	rom	sSpriteSheet_Digits
0x0846D968	rom	sSpritePalette_Digits
0x0846D970	rom	sPlayerNameWindowCoords_2Players
0x0846D978	rom	sPlayerNameWindowCoords_3Players
0x0846D984	rom	sPlayerNameWindowCoords_4Players
0x0846D994	rom	sPlayerNameWindowCoords_5Players
0x0846D9A8	rom	sPlayerNameWindowCoords
0x0846D9B8	rom	sMonXCoords_2Players
0x0846D9BC	rom	sMonXCoords_3Players
0x0846D9C2	rom	sMonXCoords_4Players
0x0846D9CA	rom	sMonXCoords_5Players
0x0846D9D4	rom	sMonXCoords
0x0846D9E4	rom	sPokeJumpPal1
0x0846DA04	rom	sPokeJumpPal2
0x0846DA24	rom	sVine1_Gfx
0x0846DB44	rom	sVine2_Gfx
0x0846DD18	rom	sVine3_Gfx
0x0846DE48	rom	sVine4_Gfx
0x0846DF44	rom	sStar_Gfx
0x0846E0B0	rom	sCompressedSpriteSheets
0x0846E0D8	rom	sSpritePalettes
0x0846E0E8	rom	sSpriteTemplate_JumpMon
0x0846E100	rom	sVineYCoords
0x0846E150	rom	sVineXCoords
0x0846E160	rom	sSpriteTemplates_Vine
0x0846E170	rom	sOamData_JumpMon
0x0846E178	rom	sOamData_Vine16x32
0x0846E180	rom	sOamData_Vine32x32
0x0846E188	rom	sOamData_Vine32x16
0x0846E190	rom	sAnims_Vine_Highest
0x0846E198	rom	sAnims_Vine_Higher
0x0846E1A0	rom	sAnims_Vine_High
0x0846E1A8	rom	sAnims_Vine_Low
0x0846E1B0	rom	sAnims_Vine_Lower
0x0846E1B8	rom	sAnims_Vine_Lowest
0x0846E1C0	rom	sAnims_VineTall_Highest
0x0846E1C8	rom	sAnims_VineTall_Higher
0x0846E1D0	rom	sAnims_VineTall_High
0x0846E1D8	rom	sAnims_VineTall_Low
0x0846E1E0	rom	sAnims_VineTall_Lower
0x0846E1E8	rom	sAnims_VineTall_Lowest
0x0846E1F0	rom	sAnims_Vine
0x0846E208	rom	sAnims_VineTall
0x0846E220	rom	sSpriteTemplate_Vine1
0x0846E238	rom	sSpriteTemplate_Vine2
0x0846E250	rom	sSpriteTemplate_Vine3
0x0846E268	rom	sSpriteTemplate_Vine4
0x0846E280	rom	sOamData_Star
0x0846E288	rom	sAnim_Star_Still
0x0846E290	rom	sAnim_Star_Spinning
0x0846E2AC	rom	sAnims_Star
0x0846E2B4	rom	sSpriteTemplate_Star
0x0846E2CC	rom	sWindowTemplate_Records
0x0846E2D4	rom	sRecordsTexts
0x0846E2E0	rom	sBitTable
0x0846E2E8	rom	sSyncPressBonus
0x0846E2F0	rom	sIntroOutroVibrationData
0x0846E314	rom	sVibrationData
0x0846E328	rom	sMessages
0x0846E34C	rom	sBerryCrushCommands
0x0846E3B4	rom	sSparkleThresholds
0x0846E3C4	rom	sBigSparkleThresholds
0x0846E3C8	rom	sReceivedPlayerBitmasks
0x0846E3CC	rom	sBgTemplates
0x0846E3DC	rom	sBerryCrushTextColorTable
0x0846E3F0	rom	sWindowTemplate_BerryCrushRankings
0x0846E3F8	rom	sWindowTemplates_PlayerNames
0x0846E428	rom	sWindowTemplates_Results
0x0846E448	rom	sResultsWindowHeights
0x0846E450	rom	sPressingSpeedConversionTable
0x0846E470	rom	sBerryCrushCorePal
0x0846E490	rom	sBerryCrushImpactAndSparklesPal
0x0846E4B0	rom	sBerryCrushTimerPal
0x0846E4D0	rom	sBerryCrushCoreTiles
0x0846E7FC	rom	sBerryCrushImpactTiles
0x0846EB78	rom	sBerryCrushPowderSparklesTiles
0x0846ECC4	rom	sBerryCrushTimerTiles
0x0846ED90	rom	sCrusherTop_Tilemap
0x0846EEC0	rom	sContainerCap_Tilemap
0x0846F058	rom	sBg_Tilemap
0x0846F280	rom	sPlayerIdToPosId
0x0846F294	rom	sPlayerCoords
0x0846F2D0	rom	sImpactCoords
0x0846F2D6	rom	sSparkleCoords
0x0846F2EC	rom	sPlayerBerrySpriteTags
0x0846F2F8	rom	sSpriteSheets
0x0846F320	rom	sSpritePals
0x0846F340	rom	sAnim_CrusherBase
0x0846F348	rom	sAnim_Impact_Small
0x0846F358	rom	sAnim_Impact_Big
0x0846F36C	rom	sAnim_Sparkle_Small
0x0846F388	rom	sAnim_Sparkle_Big
0x0846F3AC	rom	sAnim_Timer
0x0846F3B4	rom	sAnim_PlayerBerry
0x0846F3BC	rom	sAffineAnim_PlayerBerry_0
0x0846F3D4	rom	sAffineAnim_PlayerBerry_1
0x0846F3EC	rom	sAnimTable_BerryCrushCore
0x0846F3F0	rom	sAnimTable_BerryCrushImpact
0x0846F3F8	rom	sAnimTable_BerryCrushPowderSparkles
0x0846F400	rom	sAnimTable_BerryCrushTimer
0x0846F404	rom	sAnimTable_PlayerBerry
0x0846F408	rom	sAffineAnimTable_PlayerBerry
0x0846F410	rom	sSpriteTemplate_BerryCrushCore
0x0846F428	rom	sSpriteTemplate_BerryCrushImpact
0x0846F440	rom	sSpriteTemplate_BerryCrushPowderSparkles
0x0846F458	rom	sSpriteTemplate_BerryCrushTimer
0x0846F470	rom	sSpriteTemplate_PlayerBerry
0x0846F488	rom	sDigitObjTemplates
0x0846F4B8	rom	sBCRankingHeaders
0x0846F4D0	rom	sPalettes
0x0846F6D0	rom	sBgTiles_Gfx
0x0846F8E0	rom	sBgTiles_Tilemap
0x0846FA74	rom	sBgTemplates
0x0846FA7C	rom	sWindowTemplates
0x0846FA9C	rom	sPlayersTextPtrs
0x0846FAAC	rom	sHeaderTexts
0x0846FAC0	rom	sActivityGroupInfo
0x0846FB08	rom	sScrollDistances
0x0846FB0C	rom	sBrailleGlyphs
0x08470B0C	rom	gSignpostWindow_Gfx
0x08470D6C	rom	sUserFrame_Type1_Gfx
0x08470E8C	rom	sUserFrame_Type2_Gfx
0x08470FAC	rom	sUserFrame_Empty1
0x08470FCC	rom	sUserFrame_Type3_Gfx
0x084710EC	rom	sUserFrame_Type4_Gfx
0x0847120C	rom	sUserFrame_Type5_Gfx
0x0847132C	rom	sUserFrame_Type6_Gfx
0x0847144C	rom	sUserFrame_Type7_Gfx
0x0847156C	rom	sUserFrame_Type8_Gfx
0x0847168C	rom	sUserFrame_Empty2
0x084716AC	rom	sUserFrame_Type9_Gfx
0x084717CC	rom	sUserFrame_Type10_Gfx
0x084718EC	rom	sUserFrame_Empty3
0x0847190C	rom	sUserFrame_Type1_Pal
0x0847192C	rom	sUserFrame_Type2_Pal
0x0847194C	rom	sUserFrame_Type3_Pal
0x0847196C	rom	sUserFrame_Type4_Pal
0x0847198C	rom	sUserFrame_Type5_Pal
0x084719AC	rom	sUserFrame_Type6_Pal
0x084719CC	rom	sUserFrame_Type7_Pal
0x084719EC	rom	sUserFrame_Type8_Pal
0x08471A0C	rom	sUserFrame_Type9_Pal
0x08471A2C	rom	sUserFrame_Type10_Pal
0x08471A4C	rom	gStdTextWindow_Gfx
0x08471B6C	rom	gQuestLogWindow_Gfx
0x08471DEC	rom	gTextWindowPalettes
0x08471E8C	rom	gUserFrames
0x08471EDC	rom	sQLGfxTransitions
0x08471F00	rom	sBgTemplates_Duplicate
0x08471F10	rom	sWindowTemplate_Dummy_Duplicate
0x08471F18	rom	sWindowTemplates_Results_Duplicate
0x08471F28	rom	sWindowTemplate_Prize_Duplicate
0x08471F30	rom	sWindowTemplates_PlayAgain_Duplicate
0x08471F40	rom	sWindowTemplate_DroppedOut_Duplicate
0x08471F48	rom	sWindowTemplate_CommStandby_Duplicate
0x08471F50	rom	sActiveColumnMap
0x08472063	rom	sDodrioHeadToColumnMap
0x084720AE	rom	sDodrioNeighborMap
0x084720FC	rom	sPlayerIdAtColumn
0x08472133	rom	sUnsharedColumns
0x0847214C	rom	sDuplicateGfx
0x0847553C	rom	sBerryFallDelays
0x08475548	rom	sTreeBorderXPos
0x08475550	rom	sDifficultyThresholds
0x08475558	rom	sPrizeBerryIds
0x08475578	rom	sLeaderFuncs
0x084755A8	rom	sMemberFuncs
0x084755D8	rom	sBerryScoreMultipliers
0x084755E0	rom	sWindowTemplates_Records
0x084755E8	rom	sRecordsTexts
0x084755F8	rom	sRecordNumMaxDigits
0x084755FC	rom	sRecordTextYCoords
0x08475602	rom	sRecordNumYCoords
0x08475608	rom	sDebug_BerryResults
0x08475630	rom	sJPText_Vowels
0x08475638	rom	sText_Letters
0x08475640	rom	sText_Digits
0x08475648	rom	sPlaceholderPlayerNames
0x0847565C	rom	sBgTemplates
0x0847566C	rom	sWindowTemplate_Dummy
0x08475674	rom	sWindowTemplates_Results
0x08475684	rom	sWindowTemplate_Prize
0x0847568C	rom	sWindowTemplates_PlayAgain
0x0847569C	rom	sWindowTemplate_DroppedOut
0x084756A4	rom	sWindowTemplate_CommStandby
0x084756AC	rom	sActiveColumnMap_Duplicate
0x084757BF	rom	sDodrioHeadToColumnMap_Duplicate
0x0847580A	rom	sDodrioNeighborMap_Duplicate
0x08475858	rom	sPlayerIdAtColumn_Duplicate
0x0847588F	rom	sUnsharedColumns_Duplicate
0x084758A8	rom	sBg_Pal
0x084758E8	rom	sDodrioNormal_Pal
0x08475908	rom	sDodrioShiny_Pal
0x08475928	rom	sStatus_Pal
0x08475948	rom	sBerries_Pal
0x08475968	rom	sBerries_Gfx
0x08475B1C	rom	sCloud_Pal
0x08475B3C	rom	sBg_Gfx
0x084763CC	rom	sTreeBorder_Gfx
0x08477198	rom	sStatus_Gfx
0x0847722C	rom	sCloud_Gfx
0x08477374	rom	sDodrio_Gfx
0x08478590	rom	sBg_Tilemap
0x084787FC	rom	sTreeBorderRight_Tilemap
0x08478A4C	rom	sTreeBorderLeft_Tilemap
0x08478C98	rom	sOamData_Dodrio
0x08478CA0	rom	sOamData_16x16_Priority0
0x08478CA8	rom	sOamData_Berry
0x08478CB0	rom	sOamData_Cloud
0x08478CB8	rom	sAnim_Dodrio_Normal
0x08478CC0	rom	sAnim_Dodrio_PickRight
0x08478CC8	rom	sAnim_Dodrio_PickMiddle
0x08478CD0	rom	sAnim_Dodrio_PickLeft
0x08478CD8	rom	sAnim_Dodrio_Down
0x08478CE0	rom	sAnims_Dodrio
0x08478CF4	rom	sAnims_StatusBar_Yellow
0x08478CFC	rom	sAnims_StatusBar_Gray
0x08478D04	rom	sAnims_StatusBar_Red
0x08478D0C	rom	sAnims_StatusBar
0x08478D18	rom	sAnim_Berry_Blue
0x08478D20	rom	sAnim_Berry_Green
0x08478D28	rom	sAnim_Berry_Gold
0x08478D30	rom	sAnim_Berry_BlueSquished
0x08478D38	rom	sAnim_Berry_GreenSquished
0x08478D40	rom	sAnim_Berry_GoldSquished
0x08478D48	rom	sAnim_Berry_Eaten
0x08478D50	rom	sAnim_Berry_Empty1
0x08478D58	rom	sAnim_Berry_Empty2
0x08478D60	rom	sAnims_Berry
0x08478D84	rom	sAnim_Cloud
0x08478D8C	rom	sAnims_Cloud
0x08478DC0	rom	sUnusedSounds
0x08478DD4	rom	sBerryIconXCoords
0x08478E0C	rom	moveDelays.348
0x08478E0E	rom	sCloudStartCoords
0x08478E38	rom	sTextColorTable
0x08478E44	rom	sNameWindowCoords_1Player
0x08478E48	rom	sNameWindowCoords_2Players
0x08478E50	rom	sNameWindowCoords_3Players
0x08478E5C	rom	sNameWindowCoords_4Players
0x08478E6C	rom	sNameWindowCoords_5Players
0x08478E80	rom	sNameWindowCoords
0x08478E94	rom	sRankingTexts
0x08478EA8	rom	sResultsXCoords
0x08478EB0	rom	sResultsYCoords
0x08478EBA	rom	sRankingYCoords
0x08478EC4	rom	sGfxFuncs
0x08478F1C	rom	sPokedudeBufferCommands
0x08479000	rom	sUnused
0x08479008	rom	sInputScripts_ChooseAction_Battle
0x08479018	rom	sInputScripts_ChooseAction_Status
0x08479030	rom	sInputScripts_ChooseAction_Matchups
0x08479048	rom	sInputScripts_ChooseAction_Catching
0x08479060	rom	sInputScripts_ChooseAction
0x08479070	rom	sInputScripts_ChooseMove_Battle
0x08479080	rom	sInputScripts_ChooseMove_Status
0x084790A0	rom	sInputScripts_ChooseMove_Matchups
0x084790C0	rom	sInputScripts_ChooseMove_Catching
0x084790D8	rom	sInputScripts_ChooseMove
0x084790E8	rom	sPokedudeTextScripts_Battle
0x08479108	rom	sPokedudeTextScripts_Status
0x08479130	rom	sPokedudeTextScripts_Matchups
0x08479168	rom	sPokedudeTextScripts_Catching
0x08479198	rom	sPokedudeTextScripts
0x084791A8	rom	sPokedudeTexts_Battle
0x084791B8	rom	sPokedudeTexts_Status
0x084791CC	rom	sPokedudeTexts_TypeMatchup
0x084791E8	rom	sPokedudeTexts_Catching
0x08479200	rom	sParties_Battle
0x08479230	rom	sParties_Status
0x08479260	rom	sParties_Matchups
0x084792A0	rom	sParties_Catching
0x084792D0	rom	sPokedudeBattlePartyPointers
0x084792E0	rom	sBgTemplates
0x084792F0	rom	sWindowTemplates
0x08479308	rom	sListMenuItems
0x08479340	rom	sListMenuItems_NoTMCase
0x08479368	rom	sListMenuTemplate
0x08479380	rom	sScrollIndicatorArrowPair
0x08479390	rom	sWhereToReturnToFromBattle
0x08479398	rom	sBattleScript
0x084793E4	rom	sStatusScript
0x08479430	rom	sMatchupsScript
0x0847947C	rom	sCatchingScript
0x084794C8	rom	sTMsScript
0x08479508	rom	sRegisterKeyItemScript
0x08479548	rom	array.96
0x08479560	rom	texts.100
0x08479578	rom	texts.104
0x08479590	rom	sBg1EndGraphic
0x084795B0	rom	sSubspriteArray
0x084795B8	rom	sSubspriteTableArray
0x084795C8	rom	sGrassAnimArray
0x08479658	rom	sTilesPerImage
0x08479668	rom	gMinigameDigits_Pal
0x08479688	rom	gMinigameDigits_Gfx
0x08479748	rom	sUnusedMinigameDigits_Gfx
0x08479838	rom	sWakeTiles
0x08479A38	rom	sSmokeTiles
0x08479C58	rom	sSpriteSheets
0x08479C70	rom	sWakeAnim
0x08479C7C	rom	sWakeAnimTable
0x08479C80	rom	sWakeOamData
0x08479C88	rom	sWakeSpriteTemplate
0x08479CA0	rom	sSmokeAnim
0x08479CB4	rom	sSmokeAnimTable
0x08479CB8	rom	sSmokeOamData
0x08479CC0	rom	sSmokeSpriteTemplate
0x08479D34	rom	sRenewableHiddenItems
0x08479ED8	rom	sSingleBattleTrainerInfo
0x0847A024	rom	sDoubleBattleTrainerInfo
0x0847A074	rom	sTrainerEncounterMusicLUT
0x0847A218	rom	sTimeBoardWindowTemplate
0x0847A228	rom	sUnusedValue
0x0847A22C	rom	sTextColors
0x0847A230	rom	sTrainerTowerFunctions
0x0847A284	rom	sFloorLayouts
0x0847A2B4	rom	sPrizeList
0x0847A2D2	rom	sTrainerTowerEncounterMusic
0x0847A2EE	rom	sSingleBattleChallengeMonIdxs
0x0847A2FE	rom	sDoubleBattleChallengeMonIdxs
0x0847A30E	rom	sKnockoutChallengeMonIdxs
0x0847A328	rom	sSpritePal_321Start
0x0847A348	rom	sSpriteSheet_321Start
0x0847A7AC	rom	sOamData_Numbers
0x0847A7B4	rom	sOamData_Start
0x0847A7BC	rom	sAnim_Numbers_Three
0x0847A7C4	rom	sAnim_Numbers_Two
0x0847A7CC	rom	sAnim_Numbers_One
0x0847A7D4	rom	sAnimTable_Numbers
0x0847A7E0	rom	sAnim_StartLeft
0x0847A7E8	rom	sAnim_StartRight
0x0847A7F0	rom	sAnimTable_Start
0x0847A7F8	rom	sAffineAnim_Numbers_0
0x0847A808	rom	sAffineAnim_Numbers_1
0x0847A820	rom	sAffineAnim_Numbers_2
0x0847A830	rom	sAffineAnim_Numbers_3
0x0847A850	rom	sAffineAnimTable_Numbers
0x0847A890	rom	sBerryFixGraphics
0x0847A8D8	rom	gText_EasyChatKeyboard_ABCDEFothers
0x0847A8FA	rom	gText_EasyChatKeyboard_GHIJKL
0x0847A913	rom	gText_EasyChatKeyboard_MNOPQRS
0x0847A934	rom	gText_EasyChatKeyboard_TUVWXYZ
0x0847A955	rom	gText_NamingScreenKeyboard_abcdef
0x0847A976	rom	gText_NamingScreenKeyboard_ghijkl
0x0847A997	rom	gText_NamingScreenKeyboard_mnopqrs
0x0847A9B8	rom	gText_NamingScreenKeyboard_tuvwxyz
0x0847A9D9	rom	gText_NamingScreenKeyboard_ABCDEF
0x0847A9FA	rom	gText_NamingScreenKeyboard_GHIJKL
0x0847AA1B	rom	gText_NamingScreenKeyboard_MNOPQRS
0x0847AA3C	rom	gText_NamingScreenKeyboard_TUVWXYZ
0x0847AA5D	rom	gText_NamingScreenKeyboard_01234
0x0847AA76	rom	gText_NamingScreenKeyboard_56789
0x0847AA8F	rom	gText_NamingScreenKeyboard_Symbols1
0x0847AAA8	rom	gText_NamingScreenKeyboard_Symbols2
0x0847AAC1	rom	gText_UnionRoomChatKeyboard_ABCDE
0x0847AAC7	rom	gText_UnionRoomChatKeyboard_FGHIJ
0x0847AACD	rom	gText_UnionRoomChatKeyboard_KLMNO
0x0847AAD3	rom	gText_UnionRoomChatKeyboard_PQRST
0x0847AAD9	rom	gText_UnionRoomChatKeyboard_UVWXY
0x0847AADF	rom	gText_UnionRoomChatKeyboard_Z
0x0847AAE5	rom	gText_UnionRoomChatKeyboard_01234Upper
0x0847AAEB	rom	gText_UnionRoomChatKeyboard_56789Upper
0x0847AAF1	rom	gText_UnionRoomChatKeyboard_PunctuationUpper
0x0847AAF7	rom	gText_UnionRoomChatKeyboard_SymbolsUpper
0x0847AAFD	rom	gText_UnionRoomChatKeyboard_abcde
0x0847AB03	rom	gText_UnionRoomChatKeyboard_fghij
0x0847AB09	rom	gText_UnionRoomChatKeyboard_klmno
0x0847AB0F	rom	gText_UnionRoomChatKeyboard_pqrst
0x0847AB15	rom	gText_UnionRoomChatKeyboard_uvwxy
0x0847AB1B	rom	gText_UnionRoomChatKeyboard_z
0x0847AB21	rom	gText_UnionRoomChatKeyboard_01234Lower
0x0847AB27	rom	gText_UnionRoomChatKeyboard_56789Lower
0x0847AB2D	rom	gText_UnionRoomChatKeyboard_PunctuationLower
0x0847AB33	rom	gText_UnionRoomChatKeyboard_SymbolsLower
0x0847AB39	rom	gText_EmptyTextInput1
0x0847AB3A	rom	gText_EmptyTextInput2
0x0847AB3B	rom	gText_EmptyTextInput3
0x0847AB3C	rom	gText_EmptyTextInput4
0x0847AB3D	rom	gText_EmptyTextInput5
0x0847AB3E	rom	gText_EmptyTextInput6
0x0847AB3F	rom	gText_EmptyTextInput7
0x0847AB40	rom	gText_EmptyTextInput8
0x0847AB41	rom	gText_UnionRoomChatKeyboard_Emoji1
0x0847AB4C	rom	gText_UnionRoomChatKeyboard_Emoji2
0x0847AB57	rom	gText_UnionRoomChatKeyboard_Emoji3
0x0847AB62	rom	gText_UnionRoomChatKeyboard_Emoji4
0x0847AB6B	rom	gText_UnionRoomChatKeyboard_Emoji5
0x0847AB76	rom	gText_UnionRoomChatKeyboard_Emoji6
0x0847AB81	rom	gText_UnionRoomChatKeyboard_Emoji7
0x0847AB8C	rom	gText_UnionRoomChatKeyboard_Emoji8
0x0847AB97	rom	gText_UnionRoomChatKeyboard_Emoji9
0x0847ABA2	rom	gText_UnionRoomChatKeyboard_Emoji10
0x0847ABAC	rom	sTrainerTowerFloor_Single_4
0x0847AF8C	rom	sTrainerTowerFloor_Single_7
0x0847B36C	rom	sTrainerTowerFloor_Single_Unused
0x0847B74C	rom	sTrainerTowerFloor_Double_5
0x0847BB2C	rom	sTrainerTowerFloor_Double_6
0x0847BF0C	rom	sTrainerTowerFloor_Double_2
0x0847C2EC	rom	sTrainerTowerFloor_Knockout_1
0x0847C6CC	rom	sTrainerTowerFloor_Knockout_2
0x0847CAAC	rom	sTrainerTowerFloor_Single_5
0x0847CE8C	rom	sTrainerTowerFloor_Single_8
0x0847D26C	rom	sTrainerTowerFloor_Single_2
0x0847D64C	rom	sTrainerTowerFloor_Double_3
0x0847DA2C	rom	sTrainerTowerFloor_Double_1
0x0847DE0C	rom	sTrainerTowerFloor_Double_4
0x0847E1EC	rom	sTrainerTowerFloor_Knockout_8
0x0847E5CC	rom	sTrainerTowerFloor_Knockout_3
0x0847E9AC	rom	sTrainerTowerFloor_Single_6
0x0847ED8C	rom	sTrainerTowerFloor_Mixed_1
0x0847F16C	rom	sTrainerTowerFloor_Single_1
0x0847F54C	rom	sTrainerTowerFloor_Mixed_5
0x0847F92C	rom	sTrainerTowerFloor_Double_8
0x0847FD0C	rom	sTrainerTowerFloor_Double_Unused1
0x084800EC	rom	sTrainerTowerFloor_Knockout_7
0x084804CC	rom	sTrainerTowerFloor_Knockout_4
0x084808AC	rom	sTrainerTowerFloor_Single_3
0x08480C8C	rom	sTrainerTowerFloor_Mixed_3
0x0848106C	rom	sTrainerTowerFloor_Mixed_2
0x0848144C	rom	sTrainerTowerFloor_Double_Unused2
0x0848182C	rom	sTrainerTowerFloor_Double_7
0x08481C0C	rom	sTrainerTowerFloor_Double_Unused3
0x08481FEC	rom	sTrainerTowerFloor_Knockout_6
0x084823CC	rom	sTrainerTowerFloor_Knockout_5
0x084827AC	rom	gTrainerTowerLocalHeader
0x084827B4	rom	gTrainerTowerFloors
0x08482834	rom	gMoveDescription_Pound
0x08482874	rom	gMoveDescription_KarateChop
0x084828BD	rom	gMoveDescription_DoubleSlap
0x084828FF	rom	gMoveDescription_CometPunch
0x08482946	rom	gMoveDescription_MegaPunch
0x08482985	rom	gMoveDescription_PayDay
0x084829C9	rom	gMoveDescription_FirePunch
0x08482A11	rom	gMoveDescription_IcePunch
0x08482A53	rom	gMoveDescription_ThunderPunch
0x08482AA0	rom	gMoveDescription_Scratch
0x08482ACD	rom	gMoveDescription_ViceGrip
0x08482B00	rom	gMoveDescription_Guillotine
0x08482B46	rom	gMoveDescription_RazorWind
0x08482B94	rom	gMoveDescription_SwordsDance
0x08482BD5	rom	gMoveDescription_Cut
0x08482C16	rom	gMoveDescription_Gust
0x08482C4F	rom	gMoveDescription_WingAttack
0x08482C89	rom	gMoveDescription_Whirlwind
0x08482CD3	rom	gMoveDescription_Fly
0x08482D1D	rom	gMoveDescription_Bind
0x08482D66	rom	gMoveDescription_Slam
0x08482D96	rom	gMoveDescription_VineWhip
0x08482DC8	rom	gMoveDescription_Stomp
0x08482E08	rom	gMoveDescription_DoubleKick
0x08482E45	rom	gMoveDescription_MegaKick
0x08482E83	rom	gMoveDescription_JumpKick
0x08482ECC	rom	gMoveDescription_RollingKick
0x08482F0A	rom	gMoveDescription_SandAttack
0x08482F4C	rom	gMoveDescription_Headbutt
0x08482F8F	rom	gMoveDescription_HornAttack
0x08482FD0	rom	gMoveDescription_FuryAttack
0x08483014	rom	gMoveDescription_HornDrill
0x0848305C	rom	gMoveDescription_Tackle
0x084830A2	rom	gMoveDescription_BodySlam
0x084830EB	rom	gMoveDescription_Wrap
0x08483130	rom	gMoveDescription_TakeDown
0x08483178	rom	gMoveDescription_Thrash
0x084831BF	rom	gMoveDescription_DoubleEdge
0x08483203	rom	gMoveDescription_TailWhip
0x08483249	rom	gMoveDescription_PoisonSting
0x0848328B	rom	gMoveDescription_Twineedle
0x084832D2	rom	gMoveDescription_PinMissile
0x08483314	rom	gMoveDescription_Leer
0x08483358	rom	gMoveDescription_Bite
0x08483397	rom	gMoveDescription_Growl
0x084833DC	rom	gMoveDescription_Roar
0x08483426	rom	gMoveDescription_Sing
0x0848346C	rom	gMoveDescription_Supersonic
0x084834A8	rom	gMoveDescription_SonicBoom
0x084834ED	rom	gMoveDescription_Disable
0x08483534	rom	gMoveDescription_Acid
0x08483580	rom	gMoveDescription_Ember
0x084835C2	rom	gMoveDescription_Flamethrower
0x08483606	rom	gMoveDescription_Mist
0x0848364B	rom	gMoveDescription_WaterGun
0x08483693	rom	gMoveDescription_HydroPump
0x084836D6	rom	gMoveDescription_Surf
0x0848371F	rom	gMoveDescription_IceBeam
0x08483760	rom	gMoveDescription_Blizzard
0x084837A1	rom	gMoveDescription_Psybeam
0x084837E3	rom	gMoveDescription_BubbleBeam
0x0848382A	rom	gMoveDescription_AuroraBeam
0x0848386D	rom	gMoveDescription_HyperBeam
0x084838B3	rom	gMoveDescription_Peck
0x084838EA	rom	gMoveDescription_DrillPeck
0x08483927	rom	gMoveDescription_Submission
0x0848396E	rom	gMoveDescription_LowKick
0x084839AE	rom	gMoveDescription_Counter
0x084839F8	rom	gMoveDescription_SeismicToss
0x08483A3A	rom	gMoveDescription_Strength
0x08483A82	rom	gMoveDescription_Absorb
0x08483AC5	rom	gMoveDescription_MegaDrain
0x08483B0C	rom	gMoveDescription_LeechSeed
0x08483B57	rom	gMoveDescription_Growth
0x08483B94	rom	gMoveDescription_RazorLeaf
0x08483BDA	rom	gMoveDescription_SolarBeam
0x08483C22	rom	gMoveDescription_PoisonPowder
0x08483C5D	rom	gMoveDescription_StunSpore
0x08483C9B	rom	gMoveDescription_SleepPowder
0x08483CDB	rom	gMoveDescription_PetalDance
0x08483D24	rom	gMoveDescription_StringShot
0x08483D6B	rom	gMoveDescription_DragonRage
0x08483DB0	rom	gMoveDescription_FireSpin
0x08483DFE	rom	gMoveDescription_ThunderShock
0x08483E3E	rom	gMoveDescription_Thunderbolt
0x08483E80	rom	gMoveDescription_ThunderWave
0x08483EC2	rom	gMoveDescription_Thunder
0x08483F03	rom	gMoveDescription_RockThrow
0x08483F44	rom	gMoveDescription_Earthquake
0x08483F89	rom	gMoveDescription_Fissure
0x08483FC7	rom	gMoveDescription_Dig
0x0848400F	rom	gMoveDescription_Toxic
0x08484058	rom	gMoveDescription_Confusion
0x08484098	rom	gMoveDescription_Psychic
0x084840DF	rom	gMoveDescription_Hypnosis
0x08484123	rom	gMoveDescription_Meditate
0x08484165	rom	gMoveDescription_Agility
0x084841A8	rom	gMoveDescription_QuickAttack
0x084841E9	rom	gMoveDescription_Rage
0x0848422E	rom	gMoveDescription_Teleport
0x08484278	rom	gMoveDescription_NightShade
0x084842C0	rom	gMoveDescription_Mimic
0x0848430A	rom	gMoveDescription_Screech
0x08484353	rom	gMoveDescription_DoubleTeam
0x08484398	rom	gMoveDescription_Recover
0x084843E5	rom	gMoveDescription_Harden
0x0848442E	rom	gMoveDescription_Minimize
0x08484476	rom	gMoveDescription_Smokescreen
0x084844B5	rom	gMoveDescription_ConfuseRay
0x084844F3	rom	gMoveDescription_Withdraw
0x0848453C	rom	gMoveDescription_DefenseCurl
0x08484580	rom	gMoveDescription_Barrier
0x084845C5	rom	gMoveDescription_LightScreen
0x08484606	rom	gMoveDescription_Haze
0x08484647	rom	gMoveDescription_Reflect
0x08484689	rom	gMoveDescription_FocusEnergy
0x084846D3	rom	gMoveDescription_Bide
0x08484715	rom	gMoveDescription_Metronome
0x0848475E	rom	gMoveDescription_MirrorMove
0x084847A2	rom	gMoveDescription_SelfDestruct
0x084847E8	rom	gMoveDescription_EggBomb
0x0848482D	rom	gMoveDescription_Lick
0x08484871	rom	gMoveDescription_Smog
0x084848B5	rom	gMoveDescription_Sludge
0x084848F2	rom	gMoveDescription_BoneClub
0x0848493B	rom	gMoveDescription_FireBlast
0x08484986	rom	gMoveDescription_Waterfall
0x084849CA	rom	gMoveDescription_Clamp
0x08484A15	rom	gMoveDescription_Swift
0x08484A57	rom	gMoveDescription_SkullBash
0x08484AA2	rom	gMoveDescription_SpikeCannon
0x08484AE1	rom	gMoveDescription_Constrict
0x08484B27	rom	gMoveDescription_Amnesia
0x08484B5B	rom	gMoveDescription_Kinesis
0x08484BA1	rom	gMoveDescription_SoftBoiled
0x08484BEB	rom	gMoveDescription_HiJumpKick
0x08484C27	rom	gMoveDescription_Glare
0x08484C75	rom	gMoveDescription_DreamEater
0x08484CBB	rom	gMoveDescription_PoisonGas
0x08484D01	rom	gMoveDescription_Barrage
0x08484D42	rom	gMoveDescription_LeechLife
0x08484D85	rom	gMoveDescription_LovelyKiss
0x08484DCD	rom	gMoveDescription_SkyAttack
0x08484E18	rom	gMoveDescription_Transform
0x08484E60	rom	gMoveDescription_Bubble
0x08484EA4	rom	gMoveDescription_DizzyPunch
0x08484EE5	rom	gMoveDescription_Spore
0x08484F20	rom	gMoveDescription_Flash
0x08484F6A	rom	gMoveDescription_Psywave
0x08484FB5	rom	gMoveDescription_Splash
0x08484FF8	rom	gMoveDescription_AcidArmor
0x0848503F	rom	gMoveDescription_Crabhammer
0x0848508B	rom	gMoveDescription_Explosion
0x084850D4	rom	gMoveDescription_FurySwipes
0x08485114	rom	gMoveDescription_Bonemerang
0x0848515E	rom	gMoveDescription_Rest
0x084851AD	rom	gMoveDescription_RockSlide
0x084851EF	rom	gMoveDescription_HyperFang
0x08485231	rom	gMoveDescription_Sharpen
0x08485277	rom	gMoveDescription_Conversion
0x084852B8	rom	gMoveDescription_TriAttack
0x08485301	rom	gMoveDescription_SuperFang
0x0848533C	rom	gMoveDescription_Slash
0x08485382	rom	gMoveDescription_Substitute
0x084853BE	rom	gMoveDescription_Struggle
0x08485405	rom	gMoveDescription_Sketch
0x08485446	rom	gMoveDescription_TripleKick
0x0848548B	rom	gMoveDescription_Thief
0x084854D6	rom	gMoveDescription_SpiderWeb
0x0848551D	rom	gMoveDescription_MindReader
0x08485560	rom	gMoveDescription_Nightmare
0x084855AA	rom	gMoveDescription_FlameWheel
0x084855E9	rom	gMoveDescription_Snore
0x0848562F	rom	gMoveDescription_Curse
0x08485679	rom	gMoveDescription_Flail
0x084856C1	rom	gMoveDescription_Conversion2
0x0848570C	rom	gMoveDescription_Aeroblast
0x08485752	rom	gMoveDescription_CottonSpore
0x08485798	rom	gMoveDescription_Reversal
0x084857DF	rom	gMoveDescription_Spite
0x0848581E	rom	gMoveDescription_PowderSnow
0x08485857	rom	gMoveDescription_Protect
0x084858A1	rom	gMoveDescription_MachPunch
0x084858E2	rom	gMoveDescription_ScaryFace
0x08485923	rom	gMoveDescription_FaintAttack
0x0848596B	rom	gMoveDescription_SweetKiss
0x084859AE	rom	gMoveDescription_BellyDrum
0x084859F2	rom	gMoveDescription_SludgeBomb
0x08485A30	rom	gMoveDescription_MudSlap
0x08485A7A	rom	gMoveDescription_Octazooka
0x08485AC1	rom	gMoveDescription_Spikes
0x08485B0C	rom	gMoveDescription_ZapCannon
0x08485B55	rom	gMoveDescription_Foresight
0x08485B9C	rom	gMoveDescription_DestinyBond
0x08485BDE	rom	gMoveDescription_PerishSong
0x08485C24	rom	gMoveDescription_IcyWind
0x08485C66	rom	gMoveDescription_Detect
0x08485CB0	rom	gMoveDescription_BoneRush
0x08485CF0	rom	gMoveDescription_LockOn
0x08485D30	rom	gMoveDescription_Outrage
0x08485D77	rom	gMoveDescription_Sandstorm
0x08485DC1	rom	gMoveDescription_GigaDrain
0x08485E09	rom	gMoveDescription_Endure
0x08485E55	rom	gMoveDescription_Charm
0x08485EA0	rom	gMoveDescription_Rollout
0x08485EE1	rom	gMoveDescription_FalseSwipe
0x08485F24	rom	gMoveDescription_Swagger
0x08485F6C	rom	gMoveDescription_MilkDrink
0x08485FB6	rom	gMoveDescription_Spark
0x08485FF5	rom	gMoveDescription_FuryCutter
0x0848602B	rom	gMoveDescription_SteelWing
0x08486075	rom	gMoveDescription_MeanLook
0x084860B7	rom	gMoveDescription_Attract
0x08486105	rom	gMoveDescription_SleepTalk
0x08486145	rom	gMoveDescription_HealBell
0x08486187	rom	gMoveDescription_Return
0x084861D1	rom	gMoveDescription_Present
0x0848621B	rom	gMoveDescription_Frustration
0x08486265	rom	gMoveDescription_Safeguard
0x084862AB	rom	gMoveDescription_PainSplit
0x084862F3	rom	gMoveDescription_SacredFire
0x08486330	rom	gMoveDescription_Magnitude
0x08486378	rom	gMoveDescription_DynamicPunch
0x084863C7	rom	gMoveDescription_Megahorn
0x0848640B	rom	gMoveDescription_DragonBreath
0x08486455	rom	gMoveDescription_BatonPass
0x0848649F	rom	gMoveDescription_Encore
0x084864E8	rom	gMoveDescription_Pursuit
0x08486532	rom	gMoveDescription_RapidSpin
0x08486579	rom	gMoveDescription_SweetScent
0x084865BF	rom	gMoveDescription_IronTail
0x08486606	rom	gMoveDescription_MetalClaw
0x08486651	rom	gMoveDescription_VitalThrow
0x08486693	rom	gMoveDescription_MorningSun
0x084866DE	rom	gMoveDescription_Synthesis
0x08486729	rom	gMoveDescription_Moonlight
0x08486774	rom	gMoveDescription_HiddenPower
0x084867B7	rom	gMoveDescription_CrossChop
0x084867FB	rom	gMoveDescription_Twister
0x0848683A	rom	gMoveDescription_RainDance
0x0848687C	rom	gMoveDescription_SunnyDay
0x084868B8	rom	gMoveDescription_Crunch
0x084868FE	rom	gMoveDescription_MirrorCoat
0x08486941	rom	gMoveDescription_PsychUp
0x0848698A	rom	gMoveDescription_ExtremeSpeed
0x084869CF	rom	gMoveDescription_AncientPower
0x08486A1B	rom	gMoveDescription_ShadowBall
0x08486A62	rom	gMoveDescription_FutureSight
0x08486AA6	rom	gMoveDescription_RockSmash
0x08486AEF	rom	gMoveDescription_Whirlpool
0x08486B36	rom	gMoveDescription_BeatUp
0x08486B7E	rom	gMoveDescription_FakeOut
0x08486BC7	rom	gMoveDescription_Uproar
0x08486C10	rom	gMoveDescription_Stockpile
0x08486C55	rom	gMoveDescription_SpitUp
0x08486C95	rom	gMoveDescription_Swallow
0x08486CD4	rom	gMoveDescription_HeatWave
0x08486D1C	rom	gMoveDescription_Hail
0x08486D64	rom	gMoveDescription_Torment
0x08486DB1	rom	gMoveDescription_Flatter
0x08486DF2	rom	gMoveDescription_WillOWisp
0x08486E37	rom	gMoveDescription_Memento
0x08486E79	rom	gMoveDescription_Facade
0x08486EBE	rom	gMoveDescription_FocusPunch
0x08486F04	rom	gMoveDescription_SmellingSalt
0x08486F50	rom	gMoveDescription_FollowMe
0x08486F96	rom	gMoveDescription_NaturePower
0x08486FD4	rom	gMoveDescription_Charge
0x08487014	rom	gMoveDescription_Taunt
0x0848705C	rom	gMoveDescription_HelpingHand
0x0848709B	rom	gMoveDescription_Trick
0x084870DD	rom	gMoveDescription_RolePlay
0x0848711E	rom	gMoveDescription_Wish
0x08487163	rom	gMoveDescription_Assist
0x084871A1	rom	gMoveDescription_Ingrain
0x084871E9	rom	gMoveDescription_Superpower
0x08487234	rom	gMoveDescription_MagicCoat
0x08487276	rom	gMoveDescription_Recycle
0x084872AA	rom	gMoveDescription_Revenge
0x084872F2	rom	gMoveDescription_BrickBreak
0x08487338	rom	gMoveDescription_Yawn
0x08487378	rom	gMoveDescription_KnockOff
0x084873BE	rom	gMoveDescription_Endeavor
0x084873FB	rom	gMoveDescription_Eruption
0x0848743C	rom	gMoveDescription_SkillSwap
0x0848747F	rom	gMoveDescription_Imprison
0x084874C1	rom	gMoveDescription_Refresh
0x0848750D	rom	gMoveDescription_Grudge
0x08487558	rom	gMoveDescription_Snatch
0x0848759A	rom	gMoveDescription_SecretPower
0x084875E5	rom	gMoveDescription_Dive
0x08487628	rom	gMoveDescription_ArmThrust
0x0848766B	rom	gMoveDescription_Camouflage
0x084876A7	rom	gMoveDescription_TailGlow
0x084876E6	rom	gMoveDescription_LusterPurge
0x0848772D	rom	gMoveDescription_MistBall
0x08487771	rom	gMoveDescription_FeatherDance
0x084877BB	rom	gMoveDescription_TeeterDance
0x084877F3	rom	gMoveDescription_BlazeKick
0x0848783A	rom	gMoveDescription_MudSport
0x0848787A	rom	gMoveDescription_IceBall
0x084878BC	rom	gMoveDescription_NeedleArm
0x084878F5	rom	gMoveDescription_SlackOff
0x08487932	rom	gMoveDescription_HyperVoice
0x08487976	rom	gMoveDescription_PoisonFang
0x084879BC	rom	gMoveDescription_CrushClaw
0x08487A07	rom	gMoveDescription_BlastBurn
0x08487A53	rom	gMoveDescription_HydroCannon
0x08487A9E	rom	gMoveDescription_MeteorMash
0x08487AEB	rom	gMoveDescription_Astonish
0x08487B2F	rom	gMoveDescription_WeatherBall
0x08487B71	rom	gMoveDescription_Aromatherapy
0x08487BBF	rom	gMoveDescription_FakeTears
0x08487BFF	rom	gMoveDescription_AirCutter
0x08487C46	rom	gMoveDescription_Overheat
0x08487C8B	rom	gMoveDescription_OdorSleuth
0x08487CD2	rom	gMoveDescription_RockTomb
0x08487D1D	rom	gMoveDescription_SilverWind
0x08487D68	rom	gMoveDescription_MetalSound
0x08487DB0	rom	gMoveDescription_GrassWhistle
0x08487DEF	rom	gMoveDescription_Tickle
0x08487E30	rom	gMoveDescription_CosmicPower
0x08487E72	rom	gMoveDescription_WaterSpout
0x08487EB3	rom	gMoveDescription_SignalBeam
0x08487EF6	rom	gMoveDescription_ShadowPunch
0x08487F35	rom	gMoveDescription_Extrasensory
0x08487F76	rom	gMoveDescription_SkyUppercut
0x08487FB4	rom	gMoveDescription_SandTomb
0x08487FF9	rom	gMoveDescription_SheerCold
0x08488041	rom	gMoveDescription_MuddyWater
0x0848808A	rom	gMoveDescription_BulletSeed
0x084880D0	rom	gMoveDescription_AerialAce
0x08488111	rom	gMoveDescription_IcicleSpear
0x08488153	rom	gMoveDescription_IronDefense
0x0848819A	rom	gMoveDescription_Block
0x084881E1	rom	gMoveDescription_Howl
0x0848821F	rom	gMoveDescription_DragonClaw
0x08488266	rom	gMoveDescription_FrenzyPlant
0x084882B4	rom	gMoveDescription_BulkUp
0x084882FB	rom	gMoveDescription_Bounce
0x08488341	rom	gMoveDescription_MudShot
0x08488383	rom	gMoveDescription_PoisonTail
0x084883C9	rom	gMoveDescription_Covet
0x08488408	rom	gMoveDescription_VoltTackle
0x0848844B	rom	gMoveDescription_MagicalLeaf
0x0848848A	rom	gMoveDescription_WaterSport
0x084884C5	rom	gMoveDescription_CalmMind
0x08488507	rom	gMoveDescription_LeafBlade
0x0848854F	rom	gMoveDescription_DragonDance
0x08488597	rom	gMoveDescription_RockBlast
0x084885D3	rom	gMoveDescription_ShockWave
0x08488614	rom	gMoveDescription_WaterPulse
0x0848865A	rom	gMoveDescription_DoomDesire
0x084886A1	rom	gMoveDescription_PsychoBoost
0x084886E8	rom	gMoveDescriptionPointers
0x08488C70	rom	gText_MysteryGiftBerry
0x08488CA2	rom	gText_MysteryGiftBerryTransform
0x08488CCE	rom	gText_MysteryGiftBerryObtained
0x08488CF6	rom	gText_MysteryGiftSpecialRibbon
0x08488D2A	rom	gText_MysteryGiftNationalDex
0x08488D60	rom	gText_MysteryGiftRareWord
0x08488D7C	rom	gText_MysteryGiftSentOver
0x08488D8E	rom	gText_MysteryGiftFullParty
0x08488DBD	rom	gText_MysteryGiftNewTrainer
0x08488DE1	rom	gText_MysteryGiftNewAdversaryInBattleTower
0x08488DFD	rom	gText_MysteryGiftCantBeUsed
0x08489968	rom	gMPlayJumpTableTemplate
0x084899F8	rom	gDeltaEncodingTable
0x08489A08	rom	gScaleTable
0x08489ABC	rom	gFreqTable
0x08489AEC	rom	gPcmSamplesPerVBlankTable
0x08489B04	rom	gCgbScaleTable
0x08489B88	rom	gCgbFreqTable
0x08489BA0	rom	gNoiseTable
0x08489BDC	rom	gCgb3Vol
0x08489BEC	rom	gClockTable
0x08489C20	rom	gPokemonCrySongTemplate
0x08489C54	rom	gXcmdTable
0x086FBF14	rom	AgbLibFlashVersion
0x086FBF24	rom	sSetupInfos
0x086FBF58	rom	mxMaxTime
0x086FBF70	rom	MX29L010
0x086FBFA0	rom	DefaultFlash
0x086FBFF4	rom	leMaxTime
0x086FC00C	rom	LE26FV10N1TS
0x086FC03C	rom	llsf_struct
0x086FC05C	rom	version_string
0x086FC068	rom	str_checkMbootLL
0x086FC074	rom	Sio32ConnectionData
0x086FC07C	rom	Sio32IDLib_Var
0x086FC0F0	rom	__clz_tab
0x086FC1F0	rom	__clz_tab
0x086FC2F4	rom	blanks.12
0x086FC304	rom	zeroes.13
0x086FC384	rom	lconv
0x086FC3C0	rom	p05.27
0x086FC3CC	rom	__mprec_tens
0x086FC494	rom	__mprec_bigtens
0x086FC4BC	rom	__mprec_tinytens
0x08D00000	rom	gBattleInterface_Textbox_Gfx
0x08D004D8	rom	gBattleInterface_Textbox_Pal
0x08D0051C	rom	gBattleInterface_Textbox_Tilemap
0x08D00748	rom	gMonFrontPic_CircledQuestionMark
0x08D0098C	rom	gMonBackPic_CircledQuestionMark
0x08D00BD0	rom	gMonPalette_CircledQuestionMark
0x08D00BE8	rom	gMonShinyPalette_CircledQuestionMark
0x08D00C00	rom	gUnusedGfx_OldCharmap
0x08D013D8	rom	gUnusedTimemap_OldCharmap
0x08D01604	rom	gUnusedPal_OldCharmap
0x08D0162C	rom	gSmokescreenImpactTiles
0x08D0170C	rom	gSmokescreenImpactPalette
0x08D01724	rom	gBallGfx_Poke
0x08D017E0	rom	gBallPal_Poke
0x08D01800	rom	gBallGfx_Great
0x08D018BC	rom	gBallPal_Great
0x08D018E0	rom	gBallGfx_Safari
0x08D019A4	rom	gBallPal_Safari
0x08D019C8	rom	gBallGfx_Ultra
0x08D01A7C	rom	gBallPal_Ultra
0x08D01A9C	rom	gBallGfx_Master
0x08D01B5C	rom	gBallPal_Master
0x08D01B80	rom	gBallGfx_Net
0x08D01C40	rom	gBallPal_Net
0x08D01C60	rom	gBallGfx_Dive
0x08D01D74	rom	gBallPal_Dive
0x08D01D9C	rom	gBallGfx_Nest
0x08D01E60	rom	gBallPal_Nest
0x08D01E84	rom	gBallGfx_Repeat
0x08D01F44	rom	gBallPal_Repeat
0x08D01F68	rom	gBallGfx_Timer
0x08D02060	rom	gBallPal_Timer
0x08D02084	rom	gBallGfx_Luxury
0x08D021B0	rom	gBallPal_Luxury
0x08D021D8	rom	gBallGfx_Premier
0x08D022C8	rom	gBallPal_Premier
0x08D022E8	rom	gOpenPokeballGfx
0x08D02364	rom	gBlankGfxCompressed
0x08D02460	rom	gBattleAnimSpriteGfx_Bubble
0x08D02520	rom	gBattleAnimSpriteGfx_Bone
0x08D025D0	rom	gBattleAnimSpriteGfx_AirWave
0x08D02644	rom	gBattleAnimSpriteGfx_Orb
0x08D026F4	rom	gBattleAnimSpriteGfx_Sword
0x08D027C8	rom	gBattleAnimSpriteGfx_Seed
0x08D02894	rom	gBattleAnimSpritePal_RainDrops
0x08D028B4	rom	gBattleAnimSpritePal_Bone
0x08D028D8	rom	gBattleAnimSpritePal_AirWave
0x08D02900	rom	gBattleAnimSpritePal_Orb
0x08D02914	rom	gBattleAnimSpritePal_Sword
0x08D0293C	rom	gBattleAnimSpritePal_Seed
0x08D02964	rom	gBattleAnimSpriteGfx_Needle
0x08D0298C	rom	gBattleAnimSpritePal_Needle
0x08D029B4	rom	gBattleAnimSpriteGfx_Explosion6
0x08D02B30	rom	gBattleAnimSpritePal_Explosion6
0x08D02B50	rom	gBattleAnimSpriteGfx_PinkOrb
0x08D02B70	rom	gBattleAnimSpritePal_PinkOrb
0x08D02B8C	rom	gBattleAnimSpritePal_IceCube
0x08D02BAC	rom	gBattleAnimSpriteGfx_IceCube
0x08D02F8C	rom	gBattleAnimSpriteGfx_Gust
0x08D03274	rom	gBattleAnimSpritePal_Gust
0x08D03294	rom	gBattleAnimSpriteGfx_Spark2
0x08D0330C	rom	gBattleAnimSpritePal_Spark2
0x08D03334	rom	gBattleAnimSpriteGfx_Orange
0x08D0339C	rom	gBattleAnimSpritePal_Orange
0x08D033B4	rom	gBattleAnimSpriteGfx_Spikes
0x08D033FC	rom	gBattleAnimSpritePal_Spikes
0x08D03420	rom	gBattleAnimSpriteGfx_YellowBall
0x08D03454	rom	gBattleAnimSpritePal_YellowBall
0x08D0346C	rom	gBattleAnimSpriteGfx_TiedBag
0x08D034D8	rom	gBattleAnimSpritePal_TiedBag
0x08D03500	rom	gBattleAnimSpriteGfx_BlackSmoke
0x08D03570	rom	gBattleAnimSpritePal_BlackSmoke
0x08D03580	rom	gBattleAnimSpriteGfx_BlackBall
0x08D035A0	rom	gBattleAnimSpritePal_BlackBall
0x08D035C4	rom	gBattleAnimSpritePal_Glass
0x08D035E0	rom	gBattleAnimSpriteGfx_Glass
0x08D036A0	rom	gBattleAnimSpriteGfx_HornHit
0x08D0376C	rom	gBattleAnimSpritePal_HornHit
0x08D03794	rom	gBattleAnimSpritePal_BlueShards
0x08D037BC	rom	gBattleAnimSpriteGfx_BlueShards
0x08D038C4	rom	gUnused_BattleSpritePalette_023
0x08D038EC	rom	gUnusedGfx_MusicNotes
0x08D039E8	rom	gBattleAnimSpritePal_Hit
0x08D03A10	rom	gBattleAnimSpriteGfx_Hit
0x08D03D48	rom	gBattleAnimSpritePal_Hit2
0x08D03D70	rom	gBattleAnimSpritePal_WavingHand
0x08D03D98	rom	gBattleAnimSpriteGfx_WavingHand
0x08D03E88	rom	gBattleAnimSpriteGfx_ClosingEye
0x08D03F54	rom	gBattleAnimSpritePal_ClosingEye
0x08D03F68	rom	gBattleAnimSpriteGfx_BlueStar
0x08D04348	rom	gBattleAnimSpritePal_BlueStar
0x08D04368	rom	gBattleAnimSpritePal_BubbleBurst
0x08D04390	rom	gBattleAnimSpriteGfx_BubbleBurst
0x08D0447C	rom	gBattleAnimSpriteGfx_HitDuplicate
0x08D047B4	rom	gBattleAnimSpritePal_HitDuplicate
0x08D047DC	rom	gBattleAnimSpritePal_Leer
0x08D04804	rom	gBattleAnimSpriteGfx_Leer
0x08D04B00	rom	gBattleAnimSpritePal_BlueBurst
0x08D04B28	rom	gBattleAnimSpriteGfx_BlueBurst
0x08D04E78	rom	gBattleAnimSpriteGfx_SmallEmber
0x08D05130	rom	gBattleAnimSpritePal_SmallEmber
0x08D05158	rom	gBattleAnimSpriteGfx_GraySmoke
0x08D05518	rom	gBattleAnimSpritePal_GraySmoke
0x08D0553C	rom	gBattleAnimSpritePal_Fire
0x08D05564	rom	gBattleAnimSpriteGfx_Fire
0x08D05ED4	rom	gBattleAnimSpriteGfx_SpinningFire
0x08D062A0	rom	gBattleAnimSpriteGfx_FirePlume
0x08D06638	rom	gBattleAnimSpritePal_Lightning2
0x08D06660	rom	gBattleAnimSpriteGfx_Lightning2
0x08D06A34	rom	gBattleAnimSpriteGfx_Lightning
0x08D06D80	rom	gBattleAnimSpriteGfx_SpinningBall
0x08D06DC4	rom	gBattleAnimSpritePal_SpinningBall
0x08D06DD8	rom	gBattleAnimSpritePal_SpinningBall2
0x08D06E0C	rom	gOldBattleInterfaceGfx
0x08D07170	rom	gOldBattleInterfacePal_1_2_3
0x08D071B4	rom	gOldBattleInterfacePal4
0x08D071CC	rom	gOldBattleInterfacePal_5_6_7
0x08D07224	rom	gOldBattleInterfaceGfx2
0x08D077EC	rom	gOldBattleInterfaceTilemap
0x08D078FC	rom	gBattleAnimSpritePal_ClawSlash2
0x08D07924	rom	gBattleAnimSpritePal_ClawSlash
0x08D0794C	rom	gBattleAnimSpriteGfx_ClawSlash2
0x08D07B70	rom	gBattleAnimSpriteGfx_ClawSlash
0x08D07E6C	rom	gBattleAnimSpriteGfx_Scratch3
0x08D08078	rom	gBattleAnimSpriteGfx_Scratch2
0x08D08218	rom	gUnusedHpBar_Gfx
0x08D082AC	rom	gBattleAnimSpriteGfx_BubbleBurst2
0x08D0857C	rom	gBattleAnimSpritePal_BubbleBurst2
0x08D085A4	rom	gBattleAnimSpriteGfx_IceChunk
0x08D089A4	rom	gBattleAnimSpritePal_IceChunk
0x08D089CC	rom	gBattleAnimSpritePal_Glass2
0x08D089F4	rom	gBattleAnimSpriteGfx_Glass2
0x08D08C60	rom	gBattleAnimSpritePal_PinkHeart2
0x08D08C88	rom	gBattleAnimSpriteGfx_PinkHeart2
0x08D08EF4	rom	gInterfaceGfx_UnusedWindow
0x08D093B0	rom	gInterfacePal_UnusedWindow
0x08D093D8	rom	gInterfaceGfx_HPNumbers
0x08D095EC	rom	gBattleAnimSpriteGfx_SapDrip
0x08D099CC	rom	gBattleAnimSpritePal_SapDrip
0x08D099EC	rom	gBattleAnimSpritePal_SapDrip2
0x08D09A10	rom	gUnusedGfx_Window2
0x08D09CAC	rom	gUnusedGfx_Window2Bar
0x08D09CD8	rom	gBattleAnimSpriteGfx_Sparkle1
0x08D09F70	rom	gBattleAnimSpritePal_Sparkle1
0x08D09F98	rom	gBattleAnimSpritePal_Sparkle2
0x08D09FC0	rom	gBattleAnimSpritePal_HumanoidFoot
0x08D09FE4	rom	gBattleAnimSpriteGfx_HumanoidFoot
0x08D0A084	rom	gBattleAnimSpriteGfx_MonsterFoot
0x08D0A130	rom	gBattleAnimSpriteGfx_HumanoidHand
0x08D0A1FC	rom	gUnusedGfx_LineSketch
0x08D0A380	rom	gUnusedPal_LineSketch
0x08D0A390	rom	gBattleAnimSpriteGfx_YellowUnk
0x08D0A3BC	rom	gBattleAnimSpritePal_YellowUnk
0x08D0A3D4	rom	gBattleAnimSpriteGfx_SlamHit
0x08D0A87C	rom	gBattleAnimSpritePal_SlamHit
0x08D0A8A4	rom	gBattleAnimSpriteGfx_RedFist
0x08D0A968	rom	gBattleAnimSpriteGfx_Ring
0x08D0A9F0	rom	gBattleAnimSpritePal_Ring
0x08D0AA14	rom	gBattleAnimSpriteGfx_Rocks
0x08D0AE7C	rom	gBattleAnimSpritePal_Rocks
0x08D0AEA4	rom	gBattleAnimSpriteGfx_Z
0x08D0AF04	rom	gBattleAnimSpritePal_Z
0x08D0AF20	rom	gBattleAnimSpriteGfx_YellowUnk2
0x08D0AF48	rom	gBattleAnimSpritePal_YellowUnk2
0x08D0AF64	rom	gBattleAnimSpriteGfx_AirSlash
0x08D0B014	rom	gBattleAnimSpritePal_AirSlash
0x08D0B034	rom	gBattleAnimSpriteGfx_SpinningGreenOrbs
0x08D0B404	rom	gBattleAnimSpritePal_SpinningGreenOrbs
0x08D0B42C	rom	gBattleAnimSpriteGfx_Leaf
0x08D0B5E8	rom	gBattleAnimSpritePal_Leaf
0x08D0B610	rom	gUnusedGfx_Metronome
0x08D0B680	rom	gBattleAnimSpritePal_Clapping
0x08D0B6A4	rom	gBattleAnimSpriteGfx_PoisonPowder
0x08D0B7B8	rom	gBattleAnimSpritePal_PoisonPowder
0x08D0B7D8	rom	gBattleAnimSpriteGfx_BrownTriangle
0x08D0B824	rom	gBattleAnimSpritePal_BrownTriangle
0x08D0B84C	rom	gBattleAnimSpriteGfx_Sparkle3
0x08D0B8CC	rom	gBattleAnimSpritePal_Sparkle3
0x08D0B8F4	rom	gBattleAnimSpriteGfx_Sparkle4
0x08D0BB20	rom	gBattleAnimSpriteGfx_MusicNotes
0x08D0BBF0	rom	gBattleAnimSpritePal_MusicNotes
0x08D0BC08	rom	gBattleAnimSpriteGfx_Duck
0x08D0BD24	rom	gBattleAnimSpritePal_Duck
0x08D0BD44	rom	gBattleAnimSpriteGfx_Alert
0x08D0BFC0	rom	gBattleAnimSpritePal_Alert
0x08D0BFE4	rom	gBattleAnimSpriteGfx_Shock4
0x08D0C17C	rom	gBattleAnimSpritePal_Shock4
0x08D0C1A4	rom	gBattleAnimSpriteGfx_Shock
0x08D0C5D4	rom	gBattleAnimSpriteGfx_Bell2
0x08D0C938	rom	gBattleAnimSpritePal_Bell2
0x08D0C95C	rom	gBattleAnimSpriteGfx_PinkGlove
0x08D0C9E0	rom	gBattleAnimSpritePal_PinkGlove
0x08D0CA04	rom	gBattleAnimUnused_Unknown1
0x08D0CA28	rom	gBattleAnimUnused_Unknown2
0x08D0CA4C	rom	gBattleAnimUnused_Unknown3
0x08D0CA70	rom	gBattleAnimUnusedGfx_LineSketch2
0x08D0CAC8	rom	gBattleAnimUnusedPal_LineSketch2
0x08D0CAE8	rom	gBattleAnimUnusedTilemap_LineSketch2
0x08D0CB78	rom	gBattleAnimSpriteGfx_BlueLines
0x08D0CB9C	rom	gBattleAnimSpritePal_BlueLines
0x08D0CBB0	rom	gBattleAnimSpritePal_Impact3
0x08D0CBD8	rom	gBattleAnimSpritePal_Impact2
0x08D0CC00	rom	gBattleAnimSpritePal_Reticle
0x08D0CC18	rom	gBattleAnimSpritePal_Breath
0x08D0CC40	rom	gBattleAnimSpritePal_Snowball
0x08D0CC5C	rom	gBattleAnimSpritePal_Vine
0x08D0CC84	rom	gBattleAnimSpritePal_Sword2
0x08D0CCA8	rom	gBattleAnimSpritePal_RedTube
0x08D0CCC4	rom	gBattleAnimSpritePal_Amnesia
0x08D0CCEC	rom	gBattleAnimSpritePal_String2
0x08D0CD0C	rom	gBattleAnimUnused_Unknown4
0x08D0CD2C	rom	gBattleAnimSpritePal_Pencil2
0x08D0CD54	rom	gBattleAnimSpritePal_Petal
0x08D0CD70	rom	gBattleAnimSpritePal_BentSpoon
0x08D0CD98	rom	gBattleAnimSpritePal_Coin
0x08D0CDB4	rom	gBattleAnimSpritePal_CrackedEgg
0x08D0CDDC	rom	gBattleAnimSpritePal_FreshEgg
0x08D0CE00	rom	gBattleAnimSpriteGfx_Impact3
0x08D0D2A4	rom	gBattleAnimSpriteGfx_Impact2
0x08D0D668	rom	gBattleAnimSpriteGfx_Reticle
0x08D0D720	rom	gBattleAnimSpriteGfx_Breath
0x08D0D890	rom	gBattleAnimSpriteGfx_Snowball
0x08D0D8E0	rom	gBattleAnimSpriteGfx_Vine
0x08D0DB54	rom	gBattleAnimSpriteGfx_Sword2
0x08D0DBE4	rom	gBattleAnimSpriteGfx_Clapping
0x08D0DD18	rom	gBattleAnimSpriteGfx_RedTube
0x08D0DD94	rom	gBattleAnimSpriteGfx_Amnesia
0x08D0E464	rom	gBattleAnimSpriteGfx_String2
0x08D0E608	rom	gBattleAnimSpriteGfx_Pencil2
0x08D0E6B8	rom	gBattleAnimSpriteGfx_Petal
0x08D0E828	rom	gBattleAnimSpriteGfx_BentSpoon
0x08D0EA08	rom	gBattleAnimSpriteGfx_Web
0x08D0EB40	rom	gBattleAnimSpriteGfx_Coin
0x08D0EC40	rom	gBattleAnimSpriteGfx_CrackedEgg
0x08D0ED70	rom	gBattleAnimSpriteGfx_HatchedEgg
0x08D0EF08	rom	gBattleAnimSpriteGfx_FreshEgg
0x08D0EF74	rom	gBattleAnimSpriteGfx_Fangs
0x08D0F134	rom	gBattleAnimSpritePal_Fangs
0x08D0F15C	rom	gBattleAnimSpriteGfx_Explosion2
0x08D0F6E0	rom	gBattleAnimSpritePal_Explosion2
0x08D0F708	rom	gBattleAnimSpriteGfx_Explosion3
0x08D0F7F8	rom	gBattleAnimSpriteGfx_WaterDroplet
0x08D0FBA4	rom	gBattleAnimSpritePal_WaterDroplet
0x08D0FBCC	rom	gBattleAnimSpriteGfx_WaterDroplet2
0x08D0FF50	rom	gBattleAnimSpriteGfx_Seed2
0x08D0FF78	rom	gBattleAnimSpritePal_Seed2
0x08D0FFA0	rom	gBattleAnimSpriteGfx_Sprout
0x08D10384	rom	gBattleAnimSpriteGfx_RedWand
0x08D103C8	rom	gBattleAnimSpritePal_RedWand
0x08D103EC	rom	gBattleAnimSpriteGfx_PurpleGreenUnk
0x08D10714	rom	gBattleAnimSpritePal_PurpleGreenUnk
0x08D1073C	rom	gBattleAnimSpriteGfx_WaterColumn
0x08D109A8	rom	gBattleAnimSpritePal_WaterColumn
0x08D109D0	rom	gBattleAnimSpriteGfx_MudUnk
0x08D10AC4	rom	gBattleAnimSpritePal_MudUnk
0x08D10AEC	rom	gUnusedTilemap_BlueFrame
0x08D10C04	rom	gUnusedTilemap_RedYellowGreenFrame
0x08D11004	rom	gUnusedGfx_ColorFrames
0x08D115A4	rom	gUnusedPal_ColorFrames
0x08D115CC	rom	gBattleAnimSpriteGfx_RainDrops
0x08D116FC	rom	gUnusedGfx8bpp_WaterSplash
0x08D11884	rom	gUnusedTilemap_WaterSplash
0x08D11964	rom	gUnusedPalette_WaterSplash
0x08D119C4	rom	gUnusedGfx_BasicFrame
0x08D11A50	rom	gUnusedPal_BasicFrame
0x08D11A78	rom	gUnusedTilemap_BasicFrame
0x08D11B84	rom	gBattleInterface_Healthbox_Pal
0x08D11BA4	rom	gBattleInterface_Healthbar_Pal
0x08D11BC4	rom	gBattleInterface_Gfx
0x08D12AC4	rom	gBattleInterfaceGfx_UnusedWindow3
0x08D12C00	rom	gBattleInterfaceGfx_UnusedWindow4
0x08D12EB0	rom	gBattleAnimSpriteGfx_FurySwipes
0x08D1315C	rom	gBattleAnimSpritePal_FurySwipes
0x08D13184	rom	gBattleAnimSpriteGfx_Vine2
0x08D133C0	rom	gBattleAnimSpritePal_Vine2
0x08D133DC	rom	gBattleAnimSpriteGfx_Teeth
0x08D13574	rom	gBattleAnimSpritePal_Teeth
0x08D13590	rom	gBattleAnimSpriteGfx_Bone2
0x08D13820	rom	gBattleAnimSpritePal_Bone2
0x08D13848	rom	gBattleAnimSpriteGfx_WhiteBag
0x08D1393C	rom	gBattleAnimSpritePal_WhiteBag
0x08D13964	rom	gBattleAnimSpriteGfx_Unknown
0x08D13990	rom	gBattleAnimSpritePal_Unknown
0x08D139B4	rom	gBattleAnimSpriteGfx_PurpleCoral
0x08D13AB0	rom	gBattleAnimSpritePal_PurpleCoral
0x08D13ACC	rom	gBattleAnimSpriteGfx_PurpleDroplet
0x08D13C08	rom	gBattleAnimSpriteGfx_Shock2
0x08D13EA0	rom	gBattleAnimSpritePal_Shock2
0x08D13EC8	rom	gBattleAnimSpriteGfx_ClosingEye2
0x08D13FB4	rom	gBattleAnimSpritePal_ClosingEye2
0x08D13FDC	rom	gBattleAnimSpriteGfx_MetalBall
0x08D14044	rom	gBattleAnimSpritePal_MetalBall
0x08D14064	rom	gBattleAnimSpriteGfx_MonsterDoll
0x08D14204	rom	gBattleAnimSpritePal_MonsterDoll
0x08D14228	rom	gBattleAnimSpriteGfx_Whirlwind
0x08D14494	rom	gBattleAnimSpritePal_Whirlwind
0x08D144B4	rom	gBattleAnimSpriteGfx_Whirlwind2
0x08D14518	rom	gBattleAnimSpriteGfx_Explosion4
0x08D148E8	rom	gBattleAnimSpritePal_Explosion4
0x08D14910	rom	gBattleAnimSpriteGfx_Explosion5
0x08D14A80	rom	gBattleAnimSpriteGfx_Tongue
0x08D14B80	rom	gBattleAnimSpritePal_Tongue
0x08D14BA0	rom	gBattleAnimSpriteGfx_Smoke
0x08D14C1C	rom	gBattleAnimSpritePal_Smoke
0x08D14C44	rom	gBattleAnimSpriteGfx_Smoke2
0x08D14D14	rom	gBattleAnimSpriteGfx_BlueFlames
0x08D14F50	rom	gBattleAnimSpritePal_BlueFlames
0x08D14F78	rom	gBattleAnimSpriteGfx_BlueFlames2
0x08D1504C	rom	gJpContest_Gfx1
0x08D15960	rom	gJpContest_Pal
0x08D15A64	rom	gJpContest_Bg_Tilemap
0x08D15BE8	rom	gJpContest_Windows_Tilemap
0x08D15EA8	rom	gJpContest_Numbers_Gfx
0x08D15F98	rom	gJpContest_Numbers_Pal
0x08D15FB8	rom	gJpContest_Gfx2
0x08D16FC8	rom	gContest_Interface_Pal
0x08D170E0	rom	gContest_Audience_Tilemap
0x08D172A8	rom	gContest_Interface_Tilemap
0x08D17548	rom	gJpContest_Interface_Tilemap
0x08D17654	rom	gJpContest_Audience_Tilemap
0x08D17AB8	rom	gContest_Curtain_Tilemap
0x08D17BE8	rom	gContest_Interface_Gfx
0x08D18780	rom	gContest_Audience_Gfx
0x08D193DC	rom	gContest_Faces_Gfx
0x08D194F8	rom	gContest_JudgeSymbols_Gfx
0x08D1969C	rom	gContest_JudgeSymbols_Pal
0x08D196C4	rom	gContest_SliderHeart_Gfx
0x08D196E4	rom	gJpContest_Voltage_Gfx
0x08D197D4	rom	gJpContest_Voltage_Pal
0x08D197FC	rom	gJpContestResults_Gfx
0x08D1A064	rom	gContestResults_WinnerBanner_Tilemap
0x08D1A178	rom	gContestResults_Interface_Tilemap
0x08D1A2A4	rom	gContestResults_Bg_Tilemap
0x08D1A42C	rom	gContestResults_Pal
0x08D1A518	rom	gBattleAnimSpriteGfx_Impact
0x08D1A5F0	rom	gBattleAnimSpritePal_Impact
0x08D1A608	rom	gBattleAnimSpriteGfx_Particles
0x08D1A6B8	rom	gBattleAnimSpriteGfx_CircleImpact
0x08D1A6DC	rom	gBattleAnimSpritePal_CircleImpact
0x08D1A704	rom	gBattleAnimSpriteGfx_Scratch
0x08D1A908	rom	gBattleAnimSpriteGfx_SharpTeeth
0x08D1AAF8	rom	gBattleAnimSpritePal_SharpTeeth
0x08D1AB18	rom	gBattleAnimSpriteGfx_Clamp
0x08D1ACB8	rom	gBattleAnimSpriteGfx_Cut
0x08D1AE04	rom	gBattleAnimSpriteGfx_RainbowRings
0x08D1AE84	rom	gBattleAnimSpritePal_RainbowRings
0x08D1AEA4	rom	gBattleAnimSpriteGfx_IceCrystals
0x08D1AFAC	rom	gBattleAnimSpritePal_IceCrystals
0x08D1AFCC	rom	gBattleAnimSpriteGfx_IceSpikes
0x08D1B02C	rom	gUnusedGfx_OldBeatUp
0x08D1B0C8	rom	gUnusedPal_OldBeatUp
0x08D1B0E4	rom	gBattleAnimSpriteGfx_Orbs
0x08D1B1F8	rom	gBattleAnimSpritePal_Orbs
0x08D1B220	rom	gBattleAnimSpriteGfx_WaterOrb
0x08D1B2F0	rom	gBattleAnimSpriteGfx_WaterImpact
0x08D1B3D4	rom	gBattleAnimSpritePal_WaterImpact
0x08D1B3F4	rom	gBattleAnimSpritePal_BrownOrb
0x08D1B414	rom	gBattleAnimSpriteGfx_MudSand
0x08D1B47C	rom	gBattleAnimSpritePal_MudSand
0x08D1B4A0	rom	gBattleAnimSpriteGfx_PoisonBubble
0x08D1B574	rom	gBattleAnimSpritePal_PoisonBubble
0x08D1B590	rom	gBattleAnimSpriteGfx_ToxicBubble
0x08D1B688	rom	gBattleAnimSpriteGfx_HornHit2
0x08D1B6F4	rom	gBattleAnimSpritePal_HornHit2
0x08D1B70C	rom	gBattleAnimSpriteGfx_AirWave2
0x08D1B7B8	rom	gBattleAnimSpritePal_AirWave2
0x08D1B7D8	rom	gBattleAnimSpriteGfx_SmallBubbles
0x08D1B8A0	rom	gBattleAnimSpritePal_SmallBubbles
0x08D1B8C0	rom	gBattleAnimSpriteGfx_RoundShadow
0x08D1BAD8	rom	gBattleAnimSpritePal_RoundShadow
0x08D1BB00	rom	gBattleAnimSpriteGfx_Sunlight
0x08D1BB64	rom	gBattleAnimSpritePal_Sunlight
0x08D1BB7C	rom	gBattleAnimSpriteGfx_Spore
0x08D1BC44	rom	gBattleAnimSpritePal_Spore
0x08D1BC68	rom	gBattleAnimSpriteGfx_Flower
0x08D1BCE4	rom	gBattleAnimSpritePal_Flower
0x08D1BD0C	rom	gBattleAnimSpriteGfx_RazorLeaf
0x08D1BDB4	rom	gBattleAnimSpritePal_RazorLeaf
0x08D1BDDC	rom	gBattleAnimSpriteGfx_MistCloud
0x08D1BE54	rom	gBattleAnimSpritePal_MistCloud
0x08D1BE74	rom	gBattleAnimUnusedGfx_Lights
0x08D1BE9C	rom	gBattleAnimUnusedPal_Lights
0x08D1BEB4	rom	gBattleAnimUnusedTilemap_Lights
0x08D1BFB8	rom	gBattleAnimSpriteGfx_WhirlwindLines
0x08D1C03C	rom	gBattleAnimSpritePal_WhirlwindLines
0x08D1C05C	rom	gBattleAnimSpriteGfx_GoldRing
0x08D1C0BC	rom	gBattleAnimSpritePal_GoldRing
0x08D1C0D4	rom	gBattleAnimSpritePal_BlueRing2
0x08D1C0EC	rom	gBattleAnimSpritePal_PurpleRing
0x08D1C104	rom	gBattleAnimSpritePal_BlueRing
0x08D1C11C	rom	gBattleAnimSpriteGfx_GreenLightWall
0x08D1C428	rom	gBattleAnimSpritePal_GreenLightWall
0x08D1C448	rom	gBattleAnimSpritePal_BlueLightWall
0x08D1C468	rom	gBattleAnimSpritePal_RedLightWall
0x08D1C488	rom	gBattleAnimSpritePal_GrayLightWall
0x08D1C4A8	rom	gBattleAnimSpritePal_OrangeLightWall
0x08D1C4C8	rom	gBattleAnimSpriteGfx_BlackBall2
0x08D1C514	rom	gBattleAnimSpritePal_BlackBall2
0x08D1C53C	rom	gBattleAnimSpritePal_PurpleGasCloud
0x08D1C55C	rom	gContestJudgeGfx
0x08D1C830	rom	gContestJudgePal
0x08D1C858	rom	gBattleAnimSpriteGfx_Spark
0x08D1C90C	rom	gBattleAnimSpritePal_Spark
0x08D1C934	rom	gBattleAnimSpriteGfx_SparkH
0x08D1C9BC	rom	gBattleAnimBgImage_Dark
0x08D1CFB4	rom	gBattleAnimBgPalette_Dark
0x08D1CFD4	rom	gBattleAnimBgTilemap_Dark
0x08D1D224	rom	gMetalShineGfx
0x08D1D360	rom	gMetalShinePalette
0x08D1D388	rom	gMetalShineTilemap
0x08D1D4FC	rom	gUnusedGfx_Goosuto
0x08D1D60C	rom	gUnusedPal_Goosuto
0x08D1D624	rom	gUnusedTilemap_Goosuto
0x08D1D774	rom	gBattleAnimSpriteGfx_YellowStar
0x08D1D814	rom	gBattleAnimSpritePal_YellowStar
0x08D1D83C	rom	gBattleAnimSpriteGfx_LargeFreshEgg
0x08D1D8A0	rom	gBattleAnimSpritePal_LargeFreshEgg
0x08D1D8C8	rom	gBattleAnimSpriteGfx_ShadowBall
0x08D1DA20	rom	gBattleAnimSpritePal_ShadowBall
0x08D1DA48	rom	gBattleAnimSpriteGfx_Lick
0x08D1DB0C	rom	gBattleAnimSpritePal_Lick
0x08D1DB24	rom	gBattleAnimSpriteGfx_VoidLines
0x08D1DC8C	rom	gBattleAnimSpritePal_VoidLines
0x08D1DCB4	rom	gBattleAnimSpritePal_String
0x08D1DCDC	rom	gBattleAnimSpriteGfx_String
0x08D1DDB8	rom	gBattleAnimSpriteGfx_WebThread
0x08D1DDD0	rom	gBattleAnimSpriteGfx_SpiderWeb
0x08D1E160	rom	gBattleAnimSpriteGfx_Lightbulb
0x08D1E204	rom	gBattleAnimSpritePal_Lightbulb
0x08D1E22C	rom	gBattleAnimSpriteGfx_Slash
0x08D1E4A4	rom	gBattleAnimSpritePal_Slash
0x08D1E4CC	rom	gBattleAnimSpriteGfx_FocusEnergy
0x08D1E620	rom	gBattleAnimSpritePal_FocusEnergy
0x08D1E648	rom	gBattleAnimSpriteGfx_SphereToCube
0x08D1EA5C	rom	gBattleAnimSpritePal_SphereToCube
0x08D1EA84	rom	gBattleAnimBgImage_Psychic
0x08D1EC54	rom	gBattleAnimBgPalette_Psychic
0x08D1EC78	rom	gBattleAnimBgTilemap_Psychic
0x08D1ED40	rom	gBattleAnimSpriteGfx_Eye
0x08D1EF30	rom	gBattleAnimSpritePal_Eye
0x08D1EF50	rom	gBattleAnimSpriteGfx_Tendrils
0x08D1F31C	rom	gBattleAnimSpritePal_Tendrils
0x08D1F340	rom	gHealthboxSinglesPlayerGfx
0x08D1F604	rom	gHealthboxSinglesOpponentGfx
0x08D1F794	rom	gHealthboxDoublesPlayerGfx
0x08D1F928	rom	gHealthboxDoublesOpponentGfx
0x08D1FABC	rom	gHealthboxSafariGfx
0x08D1FD34	rom	gUnusedGfx_Shadow
0x08D1FD94	rom	gUnusedPal_Shadow
0x08D1FDA8	rom	gBattleAnimSpriteGfx_LockOn
0x08D1FE3C	rom	gBattleAnimSpritePal_LockOn
0x08D1FE58	rom	gBattleAnimSpriteGfx_OpeningEye
0x08D200B4	rom	gBattleAnimSpritePal_OpeningEye
0x08D200D8	rom	gBattleAnimSpriteGfx_RoundWhiteHalo
0x08D20344	rom	gBattleAnimSpritePal_RoundWhiteHalo
0x08D2036C	rom	gBattleAnimSpriteGfx_TealAlert
0x08D203F0	rom	gBattleAnimSpritePal_TealAlert
0x08D20410	rom	gBattleAnimSpriteGfx_FangAttack
0x08D20690	rom	gBattleAnimSpritePal_FangAttack
0x08D206B8	rom	gBattleAnimSpriteGfx_PurpleHandOutline
0x08D20814	rom	gBattleAnimSpritePal_PurpleHandOutline
0x08D2083C	rom	gFile_graphics_battle_anims_masks_curse_sheet
0x08D20858	rom	gFile_graphics_battle_anims_masks_curse_tilemap
0x08D20958	rom	gBattleAnimSpriteGfx_Pencil
0x08D20A3C	rom	gBattleAnimSpritePal_Pencil
0x08D20A64	rom	gBattleAnimSpriteGfx_Spiral
0x08D20E08	rom	gBattleAnimSpritePal_Spiral
0x08D20E20	rom	gBattleAnimSpriteGfx_Moon
0x08D21158	rom	gBattleAnimSpritePal_Moon
0x08D21180	rom	gBattleAnimSpriteGfx_GreenSparkle
0x08D21238	rom	gBattleAnimSpritePal_GreenSparkle
0x08D21258	rom	gBattleAnimSpriteGfx_SnoreZ
0x08D213C8	rom	gBattleAnimSpritePal_SnoreZ
0x08D213F0	rom	gBattleAnimSpriteGfx_Explosion
0x08D217E0	rom	gBattleAnimSpritePal_Explosion
0x08D21808	rom	gBattleAnimSpriteGfx_Nail
0x08D218D0	rom	gBattleAnimSpritePal_Nail
0x08D218EC	rom	gBattleAnimSpriteGfx_GhostlySpirit
0x08D21A2C	rom	gBattleAnimSpritePal_GhostlySpirit
0x08D21A48	rom	gBattleAnimSpriteGfx_WarmRock
0x08D220B8	rom	gBattleAnimSpritePal_WarmRock
0x08D220E0	rom	gBattleAnimSpriteGfx_PunchImpact
0x08D22254	rom	gBattleAnimSpritePal_PunchImpact
0x08D2227C	rom	gBattleAnimSpriteGfx_BreakingEgg
0x08D223E4	rom	gBattleAnimSpritePal_BreakingEgg
0x08D22408	rom	gBattleAnimSpriteGfx_ThinRing
0x08D225B4	rom	gBattleAnimSpritePal_ThinRing
0x08D225D8	rom	gBattleAnimSpriteGfx_MusicNotes2
0x08D227E4	rom	gBattleAnimSpritePal_MusicNotes2
0x08D22878	rom	gBattleAnimSpriteGfx_Bell
0x08D22AAC	rom	gBattleAnimSpritePal_Bell
0x08D22AD0	rom	gBattleAnimSpriteGfx_SpeedDust
0x08D22B9C	rom	gBattleAnimSpritePal_SpeedDust
0x08D22BC0	rom	gBattleAnimSpriteGfx_TornMetal
0x08D22FB0	rom	gBattleAnimSpriteGfx_ThoughtBubble
0x08D232B8	rom	gBattleAnimSpritePal_ThoughtBubble
0x08D232D8	rom	gBattleAnimSpriteGfx_Finger
0x08D233C8	rom	gBattleAnimSpritePal_Finger
0x08D233EC	rom	gBattleAnimSpriteGfx_MagentaHeart
0x08D23454	rom	gBattleAnimSpritePal_PinkHeart
0x08D23474	rom	gBattleAnimSpritePal_MagentaHeart
0x08D23494	rom	gBattleAnimSpritePal_RedHeart
0x08D234B4	rom	gBattleAnimBg_AttractGfx
0x08D23F24	rom	gBattleAnimBg_AttractPal
0x08D23F4C	rom	gBattleAnimBg_AttractTilemap
0x08D241C8	rom	gBattleAnimSpriteGfx_RedOrb
0x08D24230	rom	gBattleAnimSpritePal_RedOrb
0x08D24250	rom	gBattleAnimSpriteGfx_CircleOfLight
0x08D24484	rom	gBattleAnimSpriteGfx_ElectricOrbs
0x08D244D4	rom	gBattleAnimSpriteGfx_Electricity
0x08D24740	rom	gBattleAnimSpritePal_ElectricOrbs
0x08D24764	rom	gBattleAnimSpriteGfx_Finger2
0x08D249F4	rom	gBattleAnimSpriteGfx_MovementWaves
0x08D24B80	rom	gBattleAnimSpritePal_MovementWaves
0x08D24BA4	rom	gBattleAnim_ScaryFacePal
0x08D24BCC	rom	gBattleAnim_ScaryFaceGfx
0x08D24DFC	rom	gBattleAnimSpritePal_EyeSparkle
0x08D24E24	rom	gBattleAnimSpriteGfx_EyeSparkle
0x08D24ED0	rom	gBattleAnimSpriteGfx_Anger
0x08D24F28	rom	gBattleAnimSpritePal_Anger
0x08D24F50	rom	gBattleAnimSpriteGfx_Conversion
0x08D24F8C	rom	gBattleAnimSpritePal_Conversion
0x08D24FA8	rom	gBattleAnimSpritePal_Angel
0x08D24FD0	rom	gBattleAnimSpriteGfx_Angel
0x08D250FC	rom	gBattleAnimSpritePal_Devil
0x08D2511C	rom	gBattleAnimSpriteGfx_Devil
0x08D25380	rom	gBattleAnimSpriteGfx_Swipe
0x08D2566C	rom	gBattleAnimSpritePal_Swipe
0x08D25694	rom	gBattleAnimSpritePal_Roots
0x08D256B4	rom	gBattleAnimSpriteGfx_Roots
0x08D25948	rom	gBattleAnimSpritePal_ItemBag
0x08D25968	rom	gBattleAnimSpriteGfx_ItemBag
0x08D25A64	rom	gBattleAnimSpritePal_TriAttackTriangle
0x08D25A8C	rom	gBattleAnimSpriteGfx_TriAttackTriangle
0x08D25CD0	rom	gBattleAnimSpritePal_LetterZ
0x08D25CF0	rom	gBattleAnimSpriteGfx_LetterZ
0x08D25D98	rom	gBattleAnimBgPalette_Impact
0x08D25DC0	rom	gBattleAnimBgImage_Impact
0x08D26B2C	rom	gBattleAnimBgTilemap_ImpactOpponent
0x08D27028	rom	gBattleAnimBgTilemap_ImpactPlayer
0x08D274F8	rom	gBattleAnimBgTilemap_ImpactContests
0x08D27938	rom	gBattleAnimSpriteGfx_JaggedMusicNote
0x08D27ABC	rom	gBattleAnimSpritePal_JaggedMusicNote
0x08D27AE4	rom	gBattleAnimSpriteGfx_Spotlight
0x08D27C2C	rom	gBattleAnimSpriteGfx_Pokeball
0x08D27CB8	rom	gBattleAnimSpritePal_Pokeball
0x08D27CDC	rom	gBattleAnimSpriteGfx_RapidSpin
0x08D27E98	rom	gBattleAnimSpritePal_RapidSpin
0x08D27EC0	rom	gBattleAnimSpriteGfx_MilkBottle
0x08D27FE0	rom	gBattleAnimSpritePal_MilkBottle
0x08D28008	rom	gBattleAnimSpriteGfx_WispFire
0x08D28540	rom	gBattleAnimSpritePal_WispOrb
0x08D28568	rom	gBattleAnimSpriteGfx_WispOrb
0x08D28738	rom	gBattleAnimSpriteGfx_GoldStars
0x08D287BC	rom	gBattleAnimSpritePal_GoldStars
0x08D287E4	rom	gBattleAnimSpriteGfx_EclipsingOrb
0x08D289A4	rom	gBattleAnimSpritePal_EclipsingOrb
0x08D289C8	rom	gBattleAnimSpriteGfx_PinkPetal
0x08D28A30	rom	gBattleAnimSpritePal_PinkPetal
0x08D28A54	rom	gBattleAnimSpriteGfx_GrayOrb
0x08D28AA4	rom	gBattleAnimSpritePal_GrayOrb
0x08D28AC0	rom	gBattleAnimSpritePal_BlueOrb
0x08D28ADC	rom	gBattleAnimSpritePal_RedOrb2
0x08D28AF8	rom	gBattleAnimBgImage_Drill
0x08D28CA0	rom	gBattleAnimBgPalette_Drill
0x08D28CC8	rom	gBattleAnimBgPalette_Sky
0x08D28CF0	rom	gBattleAnimBgTilemap_Drill
0x08D28E80	rom	gBattleAnimBgTilemap_DrillContests
0x08D2900C	rom	gBattleAnimBgImage_Aurora
0x08D29A34	rom	gBattleAnimBgPalette_Aurora
0x08D29A54	rom	gBattleAnimBgTilemap_Aurora
0x08D29C58	rom	gBattleAnimBgTilemap_HighspeedOpponent
0x08D29F50	rom	gBattleAnimBgPalette_Highspeed
0x08D29F70	rom	gBattleAnimBgPalette_Bug
0x08D29F90	rom	gBattleAnimBgImage_Highspeed
0x08D2A510	rom	gBattleAnimBgTilemap_HighspeedPlayer
0x08D2A808	rom	gBattleAnim_MorningSunGfx
0x08D2A8A8	rom	gBattleAnim_MorningSunPal
0x08D2A8C0	rom	gBattleAnim_MorningSunTilemap
0x08D2A9DC	rom	gBattleAnimBgTilemap_GuillotineOpponent
0x08D2ACA4	rom	gBattleAnimBgTilemap_GuillotinePlayer
0x08D2AFA0	rom	gBattleAnimBgTilemap_GuillotineContests
0x08D2B230	rom	gBattleAnimBgImage_Guillotine
0x08D2BF98	rom	gBattleAnimBgPalette_Guillotine
0x08D2BFB8	rom	gBattleAnimBgImage_Thunder
0x08D2C954	rom	gBattleAnimBgPalette_Thunder
0x08D2C97C	rom	gBattleAnimBgTilemap_Thunder
0x08D2CC74	rom	gBattleAnimSpriteGfx_PainSplit
0x08D2CD58	rom	gBattleAnimSpritePal_PainSplit
0x08D2CD80	rom	gBattleAnimSpriteGfx_HandsAndFeet
0x08D2CFB0	rom	gBattleAnimSpritePal_HandsAndFeet
0x08D2CFC8	rom	gBattleAnimSpriteGfx_Confetti
0x08D2D068	rom	gBattleAnimSpritePal_Confetti
0x08D2D090	rom	gSubstituteDollPal
0x08D2D0B4	rom	gSubstituteDollFrontGfx
0x08D2D2F4	rom	gSubstituteDollBackGfx
0x08D2D51C	rom	gBattleAnimSpriteGfx_GreenStar
0x08D2D5E0	rom	gBattleAnimSpritePal_GreenStar
0x08D2D5FC	rom	gFile_graphics_misc_confetti_sheet
0x08D2D71C	rom	gFile_graphics_misc_confetti_palette
0x08D2D744	rom	gBattleAnimSpriteGfx_PinkCloud
0x08D2D880	rom	gBattleAnimSpritePal_PinkCloud
0x08D2D8A4	rom	gBattleAnimSpriteGfx_SweatDrop
0x08D2D8CC	rom	gBattleAnimSpritePal_SweatDrop
0x08D2D8F4	rom	gBattleStatMask_Gfx
0x08D2DB04	rom	gBattleStatMask1_Tilemap
0x08D2DC20	rom	gBattleStatMask2_Tilemap
0x08D2DD3C	rom	gBattleStatMask1_Pal
0x08D2DD5C	rom	gBattleStatMask2_Pal
0x08D2DD7C	rom	gBattleStatMask3_Pal
0x08D2DD9C	rom	gBattleStatMask4_Pal
0x08D2DDBC	rom	gBattleStatMask5_Pal
0x08D2DDDC	rom	gBattleStatMask6_Pal
0x08D2DDFC	rom	gBattleStatMask7_Pal
0x08D2DE1C	rom	gBattleStatMask8_Pal
0x08D2DE3C	rom	gCureBubblesGfx
0x08D2DF78	rom	gCureBubblesPal
0x08D2DF98	rom	gCureBubblesTilemap
0x08D2E0B4	rom	gBattleAnimSpritePal_PurpleScratch
0x08D2E0DC	rom	gBattleAnimSpriteGfx_PurpleScratch
0x08D2E280	rom	gBattleAnimSpriteGfx_PurpleSwipe
0x08D2E728	rom	gBattleAnimSpriteGfx_GuardRing
0x08D2E804	rom	gBattleAnimSpritePal_GuardRing
0x08D2E820	rom	gBattleAnimSpriteGfx_TagHand
0x08D2EA04	rom	gBattleAnimSpriteGfx_NoiseLine
0x08D2EC24	rom	gUnusedLevelupAnimationGfx
0x08D2EC70	rom	gUnusedLevelupAnimationTilemap
0x08D2ED78	rom	gBattleAnimSpriteGfx_SmallRedEye
0x08D2ED90	rom	gBattleAnimSpritePal_SmallRedEye
0x08D2EDA8	rom	gBattleAnimSpriteGfx_HollowOrb
0x08D2EDF8	rom	gBattleAnimSpritePal_HollowOrb
0x08D2EE18	rom	gBattleAnimSpriteGfx_XSign
0x08D2F00C	rom	gBattleAnimSpriteGfx_BluegreenOrb
0x08D2F070	rom	gBattleAnimSpritePal_BluegreenOrb
0x08D2F088	rom	gBattleAnimSpriteGfx_PawPrint
0x08D2F1A0	rom	gBattleAnimSpritePal_PawPrint
0x08D2F1C4	rom	gBattleAnimSpriteGfx_PurpleFlame
0x08D2F3A0	rom	gBattleAnimSpritePal_PurpleFlame
0x08D2F3C8	rom	gBattleAnimSpriteGfx_RedBall
0x08D2F500	rom	gBattleAnimSpritePal_RedBall
0x08D2F528	rom	gBattleAnimSpriteGfx_SmellingsaltEffect
0x08D2F5A0	rom	gBattleAnimSpritePal_SmellingsaltEffect
0x08D2F5B4	rom	gBattleAnimSpriteGfx_MagnifyingGlass
0x08D2F69C	rom	gBattleAnimSpritePal_MagnifyingGlass
0x08D2F6C4	rom	gBattleAnimSpriteGfx_Meteor
0x08D2FA50	rom	gBattleAnimSpritePal_Meteor
0x08D2FA78	rom	gBattleAnimSpriteGfx_FlatRock
0x08D2FB94	rom	gBattleAnimSpritePal_FlatRock
0x08D2FBB4	rom	gPPTextPalette
0x08D2FBD4	rom	gMonFrontPic_Bulbasaur
0x08D2FE78	rom	gMonPalette_Bulbasaur
0x08D2FEA0	rom	gMonBackPic_Bulbasaur
0x08D30164	rom	gMonShinyPalette_Bulbasaur
0x08D3018C	rom	gMonIcon_Bulbasaur
0x08D3058C	rom	gMonFootprint_Bulbasaur
0x08D305AC	rom	gMonFrontPic_Ivysaur
0x08D308E8	rom	gMonPalette_Ivysaur
0x08D30910	rom	gMonBackPic_Ivysaur
0x08D30C64	rom	gMonShinyPalette_Ivysaur
0x08D30C8C	rom	gMonIcon_Ivysaur
0x08D3108C	rom	gMonFootprint_Ivysaur
0x08D310AC	rom	gMonFrontPic_Venusaur
0x08D315EC	rom	gMonPalette_Venusaur
0x08D31614	rom	gMonBackPic_Venusaur
0x08D31ADC	rom	gMonShinyPalette_Venusaur
0x08D31B04	rom	gMonIcon_Venusaur
0x08D31F04	rom	gMonFootprint_Venusaur
0x08D31F24	rom	gMonFrontPic_Charmander
0x08D321C4	rom	gMonPalette_Charmander
0x08D321EC	rom	gMonBackPic_Charmander
0x08D32470	rom	gMonShinyPalette_Charmander
0x08D32498	rom	gMonIcon_Charmander
0x08D32898	rom	gMonFootprint_Charmander
0x08D328B8	rom	gMonFrontPic_Charmeleon
0x08D32C64	rom	gMonPalette_Charmeleon
0x08D32C8C	rom	gMonBackPic_Charmeleon
0x08D32F80	rom	gMonShinyPalette_Charmeleon
0x08D32FA8	rom	gMonIcon_Charmeleon
0x08D333A8	rom	gMonFootprint_Charmeleon
0x08D333C8	rom	gMonFrontPic_Charizard
0x08D338C4	rom	gMonPalette_Charizard
0x08D338EC	rom	gMonBackPic_Charizard
0x08D33CF8	rom	gMonShinyPalette_Charizard
0x08D33D20	rom	gMonIcon_Charizard
0x08D34120	rom	gMonFootprint_Charizard
0x08D34140	rom	gMonFrontPic_Squirtle
0x08D343DC	rom	gMonPalette_Squirtle
0x08D34404	rom	gMonBackPic_Squirtle
0x08D3468C	rom	gMonShinyPalette_Squirtle
0x08D346B4	rom	gMonIcon_Squirtle
0x08D34AB4	rom	gMonFootprint_Squirtle
0x08D34AD4	rom	gMonFrontPic_Wartortle
0x08D34E80	rom	gMonPalette_Wartortle
0x08D34EA8	rom	gMonBackPic_Wartortle
0x08D351F0	rom	gMonShinyPalette_Wartortle
0x08D35218	rom	gMonIcon_Wartortle
0x08D35618	rom	gMonFootprint_Wartortle
0x08D35638	rom	gMonFrontPic_Blastoise
0x08D35B3C	rom	gMonPalette_Blastoise
0x08D35B64	rom	gMonBackPic_Blastoise
0x08D35F78	rom	gMonShinyPalette_Blastoise
0x08D35FA0	rom	gMonIcon_Blastoise
0x08D363A0	rom	gMonFootprint_Blastoise
0x08D363C0	rom	gMonFrontPic_Caterpie
0x08D36618	rom	gMonPalette_Caterpie
0x08D36640	rom	gMonBackPic_Caterpie
0x08D368C8	rom	gMonShinyPalette_Caterpie
0x08D368F0	rom	gMonIcon_Caterpie
0x08D36CF0	rom	gMonFootprint_Caterpie
0x08D36D10	rom	gMonFrontPic_Metapod
0x08D36F2C	rom	gMonPalette_Metapod
0x08D36F4C	rom	gMonBackPic_Metapod
0x08D37168	rom	gMonShinyPalette_Metapod
0x08D37188	rom	gMonIcon_Metapod
0x08D37588	rom	gMonFootprint_Metapod
0x08D375A8	rom	gMonFrontPic_Butterfree
0x08D37920	rom	gMonPalette_Butterfree
0x08D37948	rom	gMonBackPic_Butterfree
0x08D37D4C	rom	gMonShinyPalette_Butterfree
0x08D37D74	rom	gMonIcon_Butterfree
0x08D38174	rom	gMonFootprint_Butterfree
0x08D38194	rom	gMonFrontPic_Weedle
0x08D383D0	rom	gMonPalette_Weedle
0x08D383F8	rom	gMonBackPic_Weedle
0x08D38660	rom	gMonShinyPalette_Weedle
0x08D38688	rom	gMonIcon_Weedle
0x08D38A88	rom	gMonFootprint_Weedle
0x08D38AA8	rom	gMonFrontPic_Kakuna
0x08D38CE8	rom	gMonPalette_Kakuna
0x08D38D0C	rom	gMonBackPic_Kakuna
0x08D38F90	rom	gMonShinyPalette_Kakuna
0x08D38FB4	rom	gMonIcon_Kakuna
0x08D393B4	rom	gMonFootprint_Kakuna
0x08D393D4	rom	gMonFrontPic_Beedrill
0x08D397F4	rom	gMonPalette_Beedrill
0x08D3981C	rom	gMonBackPic_Beedrill
0x08D39B90	rom	gMonShinyPalette_Beedrill
0x08D39BB8	rom	gMonIcon_Beedrill
0x08D39FB8	rom	gMonFootprint_Beedrill
0x08D39FD8	rom	gMonFrontPic_Pidgey
0x08D3A250	rom	gMonPalette_Pidgey
0x08D3A278	rom	gMonBackPic_Pidgey
0x08D3A5CC	rom	gMonShinyPalette_Pidgey
0x08D3A5F4	rom	gMonIcon_Pidgey
0x08D3A9F4	rom	gMonFootprint_Pidgey
0x08D3AA14	rom	gMonFrontPic_Pidgeotto
0x08D3ADAC	rom	gMonPalette_Pidgeotto
0x08D3ADD4	rom	gMonBackPic_Pidgeotto
0x08D3B120	rom	gMonShinyPalette_Pidgeotto
0x08D3B148	rom	gMonIcon_Pidgeotto
0x08D3B548	rom	gMonFootprint_Pidgeotto
0x08D3B568	rom	gMonFrontPic_Pidgeot
0x08D3BA54	rom	gMonPalette_Pidgeot
0x08D3BA7C	rom	gMonBackPic_Pidgeot
0x08D3BE64	rom	gMonShinyPalette_Pidgeot
0x08D3BE8C	rom	gMonIcon_Pidgeot
0x08D3C28C	rom	gMonFootprint_Pidgeot
0x08D3C2AC	rom	gMonFrontPic_Rattata
0x08D3C504	rom	gMonPalette_Rattata
0x08D3C52C	rom	gMonBackPic_Rattata
0x08D3C7E4	rom	gMonShinyPalette_Rattata
0x08D3C80C	rom	gMonIcon_Rattata
0x08D3CC0C	rom	gMonFootprint_Rattata
0x08D3CC2C	rom	gMonFrontPic_Raticate
0x08D3CFBC	rom	gMonPalette_Raticate
0x08D3CFE4	rom	gMonBackPic_Raticate
0x08D3D2F4	rom	gMonShinyPalette_Raticate
0x08D3D31C	rom	gMonIcon_Raticate
0x08D3D71C	rom	gMonFootprint_Raticate
0x08D3D73C	rom	gMonFrontPic_Spearow
0x08D3D9FC	rom	gMonPalette_Spearow
0x08D3DA24	rom	gMonBackPic_Spearow
0x08D3DD00	rom	gMonShinyPalette_Spearow
0x08D3DD28	rom	gMonIcon_Spearow
0x08D3E128	rom	gMonFootprint_Spearow
0x08D3E148	rom	gMonFrontPic_Fearow
0x08D3E604	rom	gMonPalette_Fearow
0x08D3E62C	rom	gMonBackPic_Fearow
0x08D3E924	rom	gMonShinyPalette_Fearow
0x08D3E94C	rom	gMonIcon_Fearow
0x08D3ED4C	rom	gMonFootprint_Fearow
0x08D3ED6C	rom	gMonFrontPic_Ekans
0x08D3F034	rom	gMonPalette_Ekans
0x08D3F05C	rom	gMonBackPic_Ekans
0x08D3F34C	rom	gMonShinyPalette_Ekans
0x08D3F374	rom	gMonIcon_Ekans
0x08D3F774	rom	gMonFootprint_Ekans
0x08D3F794	rom	gMonFrontPic_Arbok
0x08D3FC08	rom	gMonPalette_Arbok
0x08D3FC30	rom	gMonBackPic_Arbok
0x08D3FEB8	rom	gMonShinyPalette_Arbok
0x08D3FEE0	rom	gMonIcon_Arbok
0x08D402E0	rom	gMonFootprint_Arbok
0x08D40300	rom	gMonFrontPic_Pikachu
0x08D405D0	rom	gMonPalette_Pikachu
0x08D405F8	rom	gMonBackPic_Pikachu
0x08D408D0	rom	gMonShinyPalette_Pikachu
0x08D408F8	rom	gMonIcon_Pikachu
0x08D40CF8	rom	gMonFootprint_Pikachu
0x08D40D18	rom	gMonFrontPic_Raichu
0x08D41110	rom	gMonPalette_Raichu
0x08D41138	rom	gMonBackPic_Raichu
0x08D41458	rom	gMonShinyPalette_Raichu
0x08D41480	rom	gMonIcon_Raichu
0x08D41880	rom	gMonFootprint_Raichu
0x08D418A0	rom	gMonFrontPic_Sandshrew
0x08D41B7C	rom	gMonPalette_Sandshrew
0x08D41BA4	rom	gMonBackPic_Sandshrew
0x08D41ECC	rom	gMonShinyPalette_Sandshrew
0x08D41EF4	rom	gMonIcon_Sandshrew
0x08D422F4	rom	gMonFootprint_Sandshrew
0x08D42314	rom	gMonFrontPic_Sandslash
0x08D4272C	rom	gMonPalette_Sandslash
0x08D42754	rom	gMonBackPic_Sandslash
0x08D42B70	rom	gMonShinyPalette_Sandslash
0x08D42B98	rom	gMonIcon_Sandslash
0x08D42F98	rom	gMonFootprint_Sandslash
0x08D42FB8	rom	gMonFrontPic_NidoranF
0x08D4321C	rom	gMonPalette_NidoranF
0x08D43244	rom	gMonBackPic_NidoranF
0x08D43524	rom	gMonShinyPalette_NidoranF
0x08D4354C	rom	gMonIcon_NidoranF
0x08D4394C	rom	gMonFootprint_NidoranF
0x08D4396C	rom	gMonFrontPic_Nidorina
0x08D43C8C	rom	gMonPalette_Nidorina
0x08D43CB4	rom	gMonBackPic_Nidorina
0x08D44048	rom	gMonShinyPalette_Nidorina
0x08D44070	rom	gMonIcon_Nidorina
0x08D44470	rom	gMonFootprint_Nidorina
0x08D44490	rom	gMonFrontPic_Nidoqueen
0x08D448BC	rom	gMonPalette_Nidoqueen
0x08D448E4	rom	gMonBackPic_Nidoqueen
0x08D44CA8	rom	gMonShinyPalette_Nidoqueen
0x08D44CD0	rom	gMonIcon_Nidoqueen
0x08D450D0	rom	gMonFootprint_Nidoqueen
0x08D450F0	rom	gMonFrontPic_NidoranM
0x08D4537C	rom	gMonPalette_NidoranM
0x08D453A4	rom	gMonBackPic_NidoranM
0x08D456D8	rom	gMonShinyPalette_NidoranM
0x08D45700	rom	gMonIcon_NidoranM
0x08D45B00	rom	gMonFootprint_NidoranM
0x08D45B20	rom	gMonFrontPic_Nidorino
0x08D45EA4	rom	gMonPalette_Nidorino
0x08D45ECC	rom	gMonBackPic_Nidorino
0x08D46288	rom	gMonShinyPalette_Nidorino
0x08D462B0	rom	gMonIcon_Nidorino
0x08D466B0	rom	gMonFootprint_Nidorino
0x08D466D0	rom	gMonFrontPic_Nidoking
0x08D46C0C	rom	gMonPalette_Nidoking
0x08D46C34	rom	gMonBackPic_Nidoking
0x08D47070	rom	gMonShinyPalette_Nidoking
0x08D47098	rom	gMonIcon_Nidoking
0x08D47498	rom	gMonFootprint_Nidoking
0x08D474B8	rom	gMonFrontPic_Clefairy
0x08D47754	rom	gMonPalette_Clefairy
0x08D4777C	rom	gMonBackPic_Clefairy
0x08D47A4C	rom	gMonShinyPalette_Clefairy
0x08D47A74	rom	gMonIcon_Clefairy
0x08D47E74	rom	gMonFootprint_Clefairy
0x08D47E94	rom	gMonFrontPic_Clefable
0x08D481D4	rom	gMonPalette_Clefable
0x08D481FC	rom	gMonBackPic_Clefable
0x08D48534	rom	gMonShinyPalette_Clefable
0x08D4855C	rom	gMonIcon_Clefable
0x08D4895C	rom	gMonFootprint_Clefable
0x08D4897C	rom	gMonFrontPic_Vulpix
0x08D48CA8	rom	gMonPalette_Vulpix
0x08D48CD0	rom	gMonBackPic_Vulpix
0x08D48FD4	rom	gMonShinyPalette_Vulpix
0x08D48FFC	rom	gMonIcon_Vulpix
0x08D493FC	rom	gMonFootprint_Vulpix
0x08D4941C	rom	gMonFrontPic_Ninetales
0x08D49870	rom	gMonPalette_Ninetales
0x08D49894	rom	gMonBackPic_Ninetales
0x08D49C84	rom	gMonShinyPalette_Ninetales
0x08D49CA8	rom	gMonIcon_Ninetales
0x08D4A0A8	rom	gMonFootprint_Ninetales
0x08D4A0C8	rom	gMonFrontPic_Jigglypuff
0x08D4A34C	rom	gMonPalette_Jigglypuff
0x08D4A374	rom	gMonBackPic_Jigglypuff
0x08D4A5D0	rom	gMonShinyPalette_Jigglypuff
0x08D4A5F8	rom	gMonIcon_Jigglypuff
0x08D4A9F8	rom	gMonFootprint_Jigglypuff
0x08D4AA18	rom	gMonFrontPic_Wigglytuff
0x08D4AD8C	rom	gMonPalette_Wigglytuff
0x08D4ADB4	rom	gMonBackPic_Wigglytuff
0x08D4B04C	rom	gMonShinyPalette_Wigglytuff
0x08D4B074	rom	gMonIcon_Wigglytuff
0x08D4B474	rom	gMonFootprint_Wigglytuff
0x08D4B494	rom	gMonFrontPic_Zubat
0x08D4B750	rom	gMonPalette_Zubat
0x08D4B778	rom	gMonBackPic_Zubat
0x08D4BA34	rom	gMonShinyPalette_Zubat
0x08D4BA5C	rom	gMonIcon_Zubat
0x08D4BE5C	rom	gMonFootprint_Zubat
0x08D4BE7C	rom	gMonFrontPic_Golbat
0x08D4C21C	rom	gMonPalette_Golbat
0x08D4C244	rom	gMonBackPic_Golbat
0x08D4C500	rom	gMonShinyPalette_Golbat
0x08D4C528	rom	gMonIcon_Golbat
0x08D4C928	rom	gMonFootprint_Golbat
0x08D4C948	rom	gMonFrontPic_Oddish
0x08D4CB88	rom	gMonPalette_Oddish
0x08D4CBB0	rom	gMonBackPic_Oddish
0x08D4CE74	rom	gMonShinyPalette_Oddish
0x08D4CE9C	rom	gMonIcon_Oddish
0x08D4D29C	rom	gMonFootprint_Oddish
0x08D4D2BC	rom	gMonFrontPic_Gloom
0x08D4D624	rom	gMonPalette_Gloom
0x08D4D64C	rom	gMonBackPic_Gloom
0x08D4D9CC	rom	gMonShinyPalette_Gloom
0x08D4D9F4	rom	gMonIcon_Gloom
0x08D4DDF4	rom	gMonFootprint_Gloom
0x08D4DE14	rom	gMonFrontPic_Vileplume
0x08D4E168	rom	gMonPalette_Vileplume
0x08D4E190	rom	gMonBackPic_Vileplume
0x08D4E5DC	rom	gMonShinyPalette_Vileplume
0x08D4E604	rom	gMonIcon_Vileplume
0x08D4EA04	rom	gMonFootprint_Vileplume
0x08D4EA24	rom	gMonFrontPic_Paras
0x08D4EC90	rom	gMonPalette_Paras
0x08D4ECB8	rom	gMonBackPic_Paras
0x08D4EF58	rom	gMonShinyPalette_Paras
0x08D4EF80	rom	gMonIcon_Paras
0x08D4F380	rom	gMonFootprint_Paras
0x08D4F3A0	rom	gMonFrontPic_Parasect
0x08D4F730	rom	gMonPalette_Parasect
0x08D4F758	rom	gMonBackPic_Parasect
0x08D4FA54	rom	gMonShinyPalette_Parasect
0x08D4FA7C	rom	gMonIcon_Parasect
0x08D4FE7C	rom	gMonFootprint_Parasect
0x08D4FE9C	rom	gMonFrontPic_Venonat
0x08D501BC	rom	gMonPalette_Venonat
0x08D501E4	rom	gMonBackPic_Venonat
0x08D50514	rom	gMonShinyPalette_Venonat
0x08D5053C	rom	gMonIcon_Venonat
0x08D5093C	rom	gMonFootprint_Venonat
0x08D5095C	rom	gMonFrontPic_Venomoth
0x08D50D60	rom	gMonPalette_Venomoth
0x08D50D88	rom	gMonBackPic_Venomoth
0x08D5112C	rom	gMonShinyPalette_Venomoth
0x08D51154	rom	gMonIcon_Venomoth
0x08D51554	rom	gMonFootprint_Venomoth
0x08D51574	rom	gMonFrontPic_Diglett
0x08D51784	rom	gMonPalette_Diglett
0x08D517AC	rom	gMonBackPic_Diglett
0x08D519B8	rom	gMonShinyPalette_Diglett
0x08D519E0	rom	gMonIcon_Diglett
0x08D51DE0	rom	gMonFootprint_Diglett
0x08D51E00	rom	gMonFrontPic_Dugtrio
0x08D5212C	rom	gMonPalette_Dugtrio
0x08D52154	rom	gMonBackPic_Dugtrio
0x08D52400	rom	gMonShinyPalette_Dugtrio
0x08D52428	rom	gMonIcon_Dugtrio
0x08D52828	rom	gMonFootprint_Dugtrio
0x08D52848	rom	gMonFrontPic_Meowth
0x08D52B34	rom	gMonPalette_Meowth
0x08D52B5C	rom	gMonBackPic_Meowth
0x08D52E40	rom	gMonShinyPalette_Meowth
0x08D52E68	rom	gMonIcon_Meowth
0x08D53268	rom	gMonFootprint_Meowth
0x08D53288	rom	gMonFrontPic_Persian
0x08D53600	rom	gMonPalette_Persian
0x08D53628	rom	gMonBackPic_Persian
0x08D53968	rom	gMonShinyPalette_Persian
0x08D53990	rom	gMonIcon_Persian
0x08D53D90	rom	gMonFootprint_Persian
0x08D53DB0	rom	gMonFrontPic_Psyduck
0x08D54094	rom	gMonPalette_Psyduck
0x08D540BC	rom	gMonBackPic_Psyduck
0x08D54358	rom	gMonShinyPalette_Psyduck
0x08D54380	rom	gMonIcon_Psyduck
0x08D54780	rom	gMonFootprint_Psyduck
0x08D547A0	rom	gMonFrontPic_Golduck
0x08D54B58	rom	gMonPalette_Golduck
0x08D54B80	rom	gMonBackPic_Golduck
0x08D54EAC	rom	gMonShinyPalette_Golduck
0x08D54ED4	rom	gMonIcon_Golduck
0x08D552D4	rom	gMonFootprint_Golduck
0x08D552F4	rom	gMonFrontPic_Mankey
0x08D555EC	rom	gMonPalette_Mankey
0x08D55614	rom	gMonBackPic_Mankey
0x08D5597C	rom	gMonShinyPalette_Mankey
0x08D559A4	rom	gMonIcon_Mankey
0x08D55DA4	rom	gMonFootprint_Mankey
0x08D55DC4	rom	gMonFrontPic_Primeape
0x08D56150	rom	gMonPalette_Primeape
0x08D56178	rom	gMonBackPic_Primeape
0x08D564E8	rom	gMonShinyPalette_Primeape
0x08D56510	rom	gMonIcon_Primeape
0x08D56910	rom	gMonFootprint_Primeape
0x08D56930	rom	gMonFrontPic_Growlithe
0x08D56C58	rom	gMonPalette_Growlithe
0x08D56C80	rom	gMonBackPic_Growlithe
0x08D56FBC	rom	gMonShinyPalette_Growlithe
0x08D56FE4	rom	gMonIcon_Growlithe
0x08D573E4	rom	gMonFootprint_Growlithe
0x08D57404	rom	gMonFrontPic_Arcanine
0x08D57900	rom	gMonPalette_Arcanine
0x08D57928	rom	gMonBackPic_Arcanine
0x08D57D08	rom	gMonShinyPalette_Arcanine
0x08D57D30	rom	gMonIcon_Arcanine
0x08D58130	rom	gMonFootprint_Arcanine
0x08D58150	rom	gMonFrontPic_Poliwag
0x08D583EC	rom	gMonPalette_Poliwag
0x08D58414	rom	gMonBackPic_Poliwag
0x08D58678	rom	gMonShinyPalette_Poliwag
0x08D586A0	rom	gMonIcon_Poliwag
0x08D58AA0	rom	gMonFootprint_Poliwag
0x08D58AC0	rom	gMonFrontPic_Poliwhirl
0x08D58E40	rom	gMonPalette_Poliwhirl
0x08D58E68	rom	gMonBackPic_Poliwhirl
0x08D590E4	rom	gMonShinyPalette_Poliwhirl
0x08D5910C	rom	gMonIcon_Poliwhirl
0x08D5950C	rom	gMonFootprint_Poliwhirl
0x08D5952C	rom	gMonFrontPic_Poliwrath
0x08D598F0	rom	gMonPalette_Poliwrath
0x08D59918	rom	gMonBackPic_Poliwrath
0x08D59C0C	rom	gMonShinyPalette_Poliwrath
0x08D59C34	rom	gMonIcon_Poliwrath
0x08D5A034	rom	gMonFootprint_Poliwrath
0x08D5A054	rom	gMonFrontPic_Abra
0x08D5A328	rom	gMonPalette_Abra
0x08D5A34C	rom	gMonBackPic_Abra
0x08D5A620	rom	gMonShinyPalette_Abra
0x08D5A644	rom	gMonIcon_Abra
0x08D5AA44	rom	gMonFootprint_Abra
0x08D5AA64	rom	gMonFrontPic_Kadabra
0x08D5AF2C	rom	gMonPalette_Kadabra
0x08D5AF54	rom	gMonBackPic_Kadabra
0x08D5B300	rom	gMonShinyPalette_Kadabra
0x08D5B328	rom	gMonIcon_Kadabra
0x08D5B728	rom	gMonFootprint_Kadabra
0x08D5B748	rom	gMonFrontPic_Alakazam
0x08D5BBE0	rom	gMonPalette_Alakazam
0x08D5BC08	rom	gMonBackPic_Alakazam
0x08D5BF88	rom	gMonShinyPalette_Alakazam
0x08D5BFB0	rom	gMonIcon_Alakazam
0x08D5C3B0	rom	gMonFootprint_Alakazam
0x08D5C3D0	rom	gMonFrontPic_Machop
0x08D5C65C	rom	gMonPalette_Machop
0x08D5C684	rom	gMonBackPic_Machop
0x08D5C964	rom	gMonShinyPalette_Machop
0x08D5C98C	rom	gMonIcon_Machop
0x08D5CD8C	rom	gMonFootprint_Machop
0x08D5CDAC	rom	gMonFrontPic_Machoke
0x08D5D178	rom	gMonPalette_Machoke
0x08D5D1A0	rom	gMonBackPic_Machoke
0x08D5D4F0	rom	gMonShinyPalette_Machoke
0x08D5D518	rom	gMonIcon_Machoke
0x08D5D918	rom	gMonFootprint_Machoke
0x08D5D938	rom	gMonFrontPic_Machamp
0x08D5DE24	rom	gMonPalette_Machamp
0x08D5DE4C	rom	gMonBackPic_Machamp
0x08D5E2A8	rom	gMonShinyPalette_Machamp
0x08D5E2D0	rom	gMonIcon_Machamp
0x08D5E6D0	rom	gMonFootprint_Machamp
0x08D5E6F0	rom	gMonFrontPic_Bellsprout
0x08D5E97C	rom	gMonPalette_Bellsprout
0x08D5E9A4	rom	gMonBackPic_Bellsprout
0x08D5EC40	rom	gMonShinyPalette_Bellsprout
0x08D5EC68	rom	gMonIcon_Bellsprout
0x08D5F068	rom	gMonFootprint_Bellsprout
0x08D5F088	rom	gMonFrontPic_Weepinbell
0x08D5F3AC	rom	gMonPalette_Weepinbell
0x08D5F3D4	rom	gMonBackPic_Weepinbell
0x08D5F6D0	rom	gMonShinyPalette_Weepinbell
0x08D5F6F8	rom	gMonIcon_Weepinbell
0x08D5FAF8	rom	gMonFootprint_Weepinbell
0x08D5FB18	rom	gMonFrontPic_Victreebel
0x08D5FF44	rom	gMonPalette_Victreebel
0x08D5FF6C	rom	gMonBackPic_Victreebel
0x08D60304	rom	gMonShinyPalette_Victreebel
0x08D6032C	rom	gMonIcon_Victreebel
0x08D6072C	rom	gMonFootprint_Victreebel
0x08D6074C	rom	gMonFrontPic_Tentacool
0x08D609F4	rom	gMonPalette_Tentacool
0x08D60A1C	rom	gMonBackPic_Tentacool
0x08D60CE8	rom	gMonShinyPalette_Tentacool
0x08D60D10	rom	gMonIcon_Tentacool
0x08D61110	rom	gMonFootprint_Tentacool
0x08D61130	rom	gMonFrontPic_Tentacruel
0x08D61624	rom	gMonPalette_Tentacruel
0x08D6164C	rom	gMonBackPic_Tentacruel
0x08D619E8	rom	gMonShinyPalette_Tentacruel
0x08D61A10	rom	gMonIcon_Tentacruel
0x08D61E10	rom	gMonFootprint_Tentacruel
0x08D61E30	rom	gMonFrontPic_Geodude
0x08D620C4	rom	gMonPalette_Geodude
0x08D620E0	rom	gMonBackPic_Geodude
0x08D62374	rom	gMonShinyPalette_Geodude
0x08D62390	rom	gMonIcon_Geodude
0x08D62790	rom	gMonFootprint_Geodude
0x08D627B0	rom	gMonFrontPic_Graveler
0x08D62BAC	rom	gMonPalette_Graveler
0x08D62BD0	rom	gMonBackPic_Graveler
0x08D62E4C	rom	gMonShinyPalette_Graveler
0x08D62E70	rom	gMonIcon_Graveler
0x08D63270	rom	gMonFootprint_Graveler
0x08D63290	rom	gMonFrontPic_Golem
0x08D636C0	rom	gMonPalette_Golem
0x08D636E8	rom	gMonBackPic_Golem
0x08D639A8	rom	gMonShinyPalette_Golem
0x08D639D0	rom	gMonIcon_Golem
0x08D63DD0	rom	gMonFootprint_Golem
0x08D63DF0	rom	gMonFrontPic_Ponyta
0x08D64180	rom	gMonPalette_Ponyta
0x08D641A8	rom	gMonBackPic_Ponyta
0x08D644E4	rom	gMonShinyPalette_Ponyta
0x08D6450C	rom	gMonIcon_Ponyta
0x08D6490C	rom	gMonFootprint_Ponyta
0x08D6492C	rom	gMonFrontPic_Rapidash
0x08D64DB4	rom	gMonPalette_Rapidash
0x08D64DDC	rom	gMonBackPic_Rapidash
0x08D651EC	rom	gMonShinyPalette_Rapidash
0x08D65214	rom	gMonIcon_Rapidash
0x08D65614	rom	gMonFootprint_Rapidash
0x08D65634	rom	gMonFrontPic_Slowpoke
0x08D65908	rom	gMonPalette_Slowpoke
0x08D65930	rom	gMonBackPic_Slowpoke
0x08D65B94	rom	gMonShinyPalette_Slowpoke
0x08D65BBC	rom	gMonIcon_Slowpoke
0x08D65FBC	rom	gMonFootprint_Slowpoke
0x08D65FDC	rom	gMonFrontPic_Slowbro
0x08D6647C	rom	gMonPalette_Slowbro
0x08D664A4	rom	gMonBackPic_Slowbro
0x08D66840	rom	gMonShinyPalette_Slowbro
0x08D66868	rom	gMonIcon_Slowbro
0x08D66C68	rom	gMonFootprint_Slowbro
0x08D66C88	rom	gMonFrontPic_Magnemite
0x08D66E60	rom	gMonPalette_Magnemite
0x08D66E88	rom	gMonBackPic_Magnemite
0x08D67070	rom	gMonShinyPalette_Magnemite
0x08D67094	rom	gMonIcon_Magnemite
0x08D67494	rom	gMonFootprint_Magnemite
0x08D674B4	rom	gMonFrontPic_Magneton
0x08D677F0	rom	gMonPalette_Magneton
0x08D67818	rom	gMonBackPic_Magneton
0x08D67B98	rom	gMonShinyPalette_Magneton
0x08D67BC0	rom	gMonIcon_Magneton
0x08D67FC0	rom	gMonFootprint_Magneton
0x08D67FE0	rom	gMonFrontPic_Farfetchd
0x08D68334	rom	gMonPalette_Farfetchd
0x08D6835C	rom	gMonBackPic_Farfetchd
0x08D686C8	rom	gMonShinyPalette_Farfetchd
0x08D686F0	rom	gMonIcon_Farfetchd
0x08D68AF0	rom	gMonFootprint_Farfetchd
0x08D68B10	rom	gMonFrontPic_Doduo
0x08D68DFC	rom	gMonPalette_Doduo
0x08D68E20	rom	gMonBackPic_Doduo
0x08D69138	rom	gMonShinyPalette_Doduo
0x08D6915C	rom	gMonIcon_Doduo
0x08D6955C	rom	gMonFootprint_Doduo
0x08D6957C	rom	gMonFrontPic_Dodrio
0x08D699BC	rom	gMonPalette_Dodrio
0x08D699E4	rom	gMonBackPic_Dodrio
0x08D69E48	rom	gMonShinyPalette_Dodrio
0x08D69E70	rom	gMonIcon_Dodrio
0x08D6A270	rom	gMonFootprint_Dodrio
0x08D6A290	rom	gMonFrontPic_Seel
0x08D6A5B4	rom	gMonPalette_Seel
0x08D6A5DC	rom	gMonBackPic_Seel
0x08D6A8C8	rom	gMonShinyPalette_Seel
0x08D6A8F0	rom	gMonIcon_Seel
0x08D6ACF0	rom	gMonFootprint_Seel
0x08D6AD10	rom	gMonFrontPic_Dewgong
0x08D6B0E0	rom	gMonPalette_Dewgong
0x08D6B104	rom	gMonBackPic_Dewgong
0x08D6B398	rom	gMonShinyPalette_Dewgong
0x08D6B3BC	rom	gMonIcon_Dewgong
0x08D6B7BC	rom	gMonFootprint_Dewgong
0x08D6B7DC	rom	gMonFrontPic_Grimer
0x08D6BB04	rom	gMonPalette_Grimer
0x08D6BB28	rom	gMonBackPic_Grimer
0x08D6BDEC	rom	gMonShinyPalette_Grimer
0x08D6BE10	rom	gMonIcon_Grimer
0x08D6C210	rom	gMonFootprint_Grimer
0x08D6C230	rom	gMonFrontPic_Muk
0x08D6C5C0	rom	gMonPalette_Muk
0x08D6C5E4	rom	gMonBackPic_Muk
0x08D6C8DC	rom	gMonShinyPalette_Muk
0x08D6C900	rom	gMonIcon_Muk
0x08D6CD00	rom	gMonFootprint_Muk
0x08D6CD20	rom	gMonFrontPic_Shellder
0x08D6CF94	rom	gMonPalette_Shellder
0x08D6CFB8	rom	gMonBackPic_Shellder
0x08D6D2CC	rom	gMonShinyPalette_Shellder
0x08D6D2F0	rom	gMonIcon_Shellder
0x08D6D6F0	rom	gMonFootprint_Shellder
0x08D6D710	rom	gMonFrontPic_Cloyster
0x08D6DB4C	rom	gMonPalette_Cloyster
0x08D6DB70	rom	gMonBackPic_Cloyster
0x08D6DF7C	rom	gMonShinyPalette_Cloyster
0x08D6DFA0	rom	gMonIcon_Cloyster
0x08D6E3A0	rom	gMonFootprint_Cloyster
0x08D6E3C0	rom	gMonFrontPic_Gastly
0x08D6E778	rom	gMonPalette_Gastly
0x08D6E7A0	rom	gMonBackPic_Gastly
0x08D6EAC4	rom	gMonShinyPalette_Gastly
0x08D6EAEC	rom	gMonIcon_Gastly
0x08D6EEEC	rom	gMonFootprint_Gastly
0x08D6EF0C	rom	gMonFrontPic_Haunter
0x08D6F2F4	rom	gMonPalette_Haunter
0x08D6F318	rom	gMonBackPic_Haunter
0x08D6F5FC	rom	gMonShinyPalette_Haunter
0x08D6F620	rom	gMonIcon_Haunter
0x08D6FA20	rom	gMonFootprint_Haunter
0x08D6FA40	rom	gMonFrontPic_Gengar
0x08D6FD9C	rom	gMonPalette_Gengar
0x08D6FDC0	rom	gMonBackPic_Gengar
0x08D70104	rom	gMonShinyPalette_Gengar
0x08D70128	rom	gMonIcon_Gengar
0x08D70528	rom	gMonFootprint_Gengar
0x08D70548	rom	gMonFrontPic_Onix
0x08D70A18	rom	gMonPalette_Onix
0x08D70A34	rom	gMonBackPic_Onix
0x08D70DB0	rom	gMonShinyPalette_Onix
0x08D70DCC	rom	gMonIcon_Onix
0x08D711CC	rom	gMonFootprint_Onix
0x08D711EC	rom	gMonFrontPic_Drowzee
0x08D7152C	rom	gMonPalette_Drowzee
0x08D71550	rom	gMonBackPic_Drowzee
0x08D7178C	rom	gMonShinyPalette_Drowzee
0x08D717B0	rom	gMonIcon_Drowzee
0x08D71BB0	rom	gMonFootprint_Drowzee
0x08D71BD0	rom	gMonFrontPic_Hypno
0x08D72008	rom	gMonPalette_Hypno
0x08D7202C	rom	gMonBackPic_Hypno
0x08D7235C	rom	gMonShinyPalette_Hypno
0x08D72380	rom	gMonIcon_Hypno
0x08D72780	rom	gMonFootprint_Hypno
0x08D727A0	rom	gMonFrontPic_Krabby
0x08D72AC4	rom	gMonPalette_Krabby
0x08D72AEC	rom	gMonBackPic_Krabby
0x08D72E78	rom	gMonShinyPalette_Krabby
0x08D72EA0	rom	gMonIcon_Krabby
0x08D732A0	rom	gMonFootprint_Krabby
0x08D732C0	rom	gMonFrontPic_Kingler
0x08D73740	rom	gMonPalette_Kingler
0x08D73768	rom	gMonBackPic_Kingler
0x08D73AEC	rom	gMonShinyPalette_Kingler
0x08D73B14	rom	gMonIcon_Kingler
0x08D73F14	rom	gMonFootprint_Kingler
0x08D73F34	rom	gMonFrontPic_Voltorb
0x08D7413C	rom	gMonPalette_Voltorb
0x08D74160	rom	gMonBackPic_Voltorb
0x08D743D4	rom	gMonShinyPalette_Voltorb
0x08D743F8	rom	gMonIcon_Voltorb
0x08D747F8	rom	gMonFootprint_Voltorb
0x08D74818	rom	gMonFrontPic_Electrode
0x08D74A84	rom	gMonPalette_Electrode
0x08D74AA8	rom	gMonBackPic_Electrode
0x08D74D18	rom	gMonShinyPalette_Electrode
0x08D74D3C	rom	gMonIcon_Electrode
0x08D7513C	rom	gMonFootprint_Electrode
0x08D7515C	rom	gMonFrontPic_Exeggcute
0x08D754EC	rom	gMonPalette_Exeggcute
0x08D75510	rom	gMonBackPic_Exeggcute
0x08D75818	rom	gMonShinyPalette_Exeggcute
0x08D7583C	rom	gMonIcon_Exeggcute
0x08D75C3C	rom	gMonFootprint_Exeggcute
0x08D75C5C	rom	gMonFrontPic_Exeggutor
0x08D760AC	rom	gMonPalette_Exeggutor
0x08D760D4	rom	gMonBackPic_Exeggutor
0x08D764A0	rom	gMonShinyPalette_Exeggutor
0x08D764C8	rom	gMonIcon_Exeggutor
0x08D768C8	rom	gMonFootprint_Exeggutor
0x08D768E8	rom	gMonFrontPic_Cubone
0x08D76BA4	rom	gMonPalette_Cubone
0x08D76BCC	rom	gMonBackPic_Cubone
0x08D76F0C	rom	gMonShinyPalette_Cubone
0x08D76F34	rom	gMonIcon_Cubone
0x08D77334	rom	gMonFootprint_Cubone
0x08D77354	rom	gMonFrontPic_Marowak
0x08D776D4	rom	gMonPalette_Marowak
0x08D776FC	rom	gMonBackPic_Marowak
0x08D77A10	rom	gMonShinyPalette_Marowak
0x08D77A38	rom	gMonIcon_Marowak
0x08D77E38	rom	gMonFootprint_Marowak
0x08D77E58	rom	gMonFrontPic_Hitmonlee
0x08D781CC	rom	gMonPalette_Hitmonlee
0x08D781F4	rom	gMonBackPic_Hitmonlee
0x08D78498	rom	gMonShinyPalette_Hitmonlee
0x08D784C0	rom	gMonIcon_Hitmonlee
0x08D788C0	rom	gMonFootprint_Hitmonlee
0x08D788E0	rom	gMonFrontPic_Hitmonchan
0x08D78C20	rom	gMonPalette_Hitmonchan
0x08D78C48	rom	gMonBackPic_Hitmonchan
0x08D78F8C	rom	gMonShinyPalette_Hitmonchan
0x08D78FB4	rom	gMonIcon_Hitmonchan
0x08D793B4	rom	gMonFootprint_Hitmonchan
0x08D793D4	rom	gMonFrontPic_Lickitung
0x08D797AC	rom	gMonPalette_Lickitung
0x08D797D4	rom	gMonBackPic_Lickitung
0x08D79A78	rom	gMonShinyPalette_Lickitung
0x08D79AA0	rom	gMonIcon_Lickitung
0x08D79EA0	rom	gMonFootprint_Lickitung
0x08D79EC0	rom	gMonFrontPic_Koffing
0x08D7A1C0	rom	gMonPalette_Koffing
0x08D7A1E8	rom	gMonBackPic_Koffing
0x08D7A4E8	rom	gMonShinyPalette_Koffing
0x08D7A510	rom	gMonIcon_Koffing
0x08D7A910	rom	gMonFootprint_Koffing
0x08D7A930	rom	gMonFrontPic_Weezing
0x08D7ADEC	rom	gMonPalette_Weezing
0x08D7AE14	rom	gMonBackPic_Weezing
0x08D7B198	rom	gMonShinyPalette_Weezing
0x08D7B1C0	rom	gMonIcon_Weezing
0x08D7B5C0	rom	gMonFootprint_Weezing
0x08D7B5E0	rom	gMonFrontPic_Rhyhorn
0x08D7B9DC	rom	gMonPalette_Rhyhorn
0x08D7B9FC	rom	gMonBackPic_Rhyhorn
0x08D7BD44	rom	gMonShinyPalette_Rhyhorn
0x08D7BD64	rom	gMonIcon_Rhyhorn
0x08D7C164	rom	gMonFootprint_Rhyhorn
0x08D7C184	rom	gMonFrontPic_Rhydon
0x08D7C678	rom	gMonPalette_Rhydon
0x08D7C6A0	rom	gMonBackPic_Rhydon
0x08D7CAF0	rom	gMonShinyPalette_Rhydon
0x08D7CB18	rom	gMonIcon_Rhydon
0x08D7CF18	rom	gMonFootprint_Rhydon
0x08D7CF38	rom	gMonFrontPic_Chansey
0x08D7D274	rom	gMonPalette_Chansey
0x08D7D298	rom	gMonBackPic_Chansey
0x08D7D4E8	rom	gMonShinyPalette_Chansey
0x08D7D50C	rom	gMonIcon_Chansey
0x08D7D90C	rom	gMonFootprint_Chansey
0x08D7D92C	rom	gMonFrontPic_Tangela
0x08D7DD00	rom	gMonPalette_Tangela
0x08D7DD24	rom	gMonBackPic_Tangela
0x08D7E0D0	rom	gMonShinyPalette_Tangela
0x08D7E0F4	rom	gMonIcon_Tangela
0x08D7E4F4	rom	gMonFootprint_Tangela
0x08D7E514	rom	gMonFrontPic_Kangaskhan
0x08D7E9BC	rom	gMonPalette_Kangaskhan
0x08D7E9E4	rom	gMonBackPic_Kangaskhan
0x08D7EE14	rom	gMonShinyPalette_Kangaskhan
0x08D7EE3C	rom	gMonIcon_Kangaskhan
0x08D7F23C	rom	gMonFootprint_Kangaskhan
0x08D7F25C	rom	gMonFrontPic_Horsea
0x08D7F4C8	rom	gMonPalette_Horsea
0x08D7F4F0	rom	gMonBackPic_Horsea
0x08D7F7D0	rom	gMonShinyPalette_Horsea
0x08D7F7F8	rom	gMonIcon_Horsea
0x08D7FBF8	rom	gMonFootprint_Horsea
0x08D7FC18	rom	gMonFrontPic_Seadra
0x08D7FFA0	rom	gMonPalette_Seadra
0x08D7FFC8	rom	gMonBackPic_Seadra
0x08D80368	rom	gMonShinyPalette_Seadra
0x08D80390	rom	gMonIcon_Seadra
0x08D80790	rom	gMonFootprint_Seadra
0x08D807B0	rom	gMonFrontPic_Goldeen
0x08D80B18	rom	gMonPalette_Goldeen
0x08D80B40	rom	gMonBackPic_Goldeen
0x08D80EB0	rom	gMonShinyPalette_Goldeen
0x08D80ED8	rom	gMonIcon_Goldeen
0x08D812D8	rom	gMonFootprint_Goldeen
0x08D812F8	rom	gMonFrontPic_Seaking
0x08D8176C	rom	gMonPalette_Seaking
0x08D81794	rom	gMonBackPic_Seaking
0x08D81AE4	rom	gMonShinyPalette_Seaking
0x08D81B0C	rom	gMonIcon_Seaking
0x08D81F0C	rom	gMonFootprint_Seaking
0x08D81F2C	rom	gMonFrontPic_Staryu
0x08D821DC	rom	gMonPalette_Staryu
0x08D82204	rom	gMonBackPic_Staryu
0x08D8246C	rom	gMonShinyPalette_Staryu
0x08D82494	rom	gMonIcon_Staryu
0x08D82894	rom	gMonFootprint_Staryu
0x08D828B4	rom	gMonFrontPic_Starmie
0x08D82C54	rom	gMonPalette_Starmie
0x08D82C7C	rom	gMonBackPic_Starmie
0x08D82F20	rom	gMonShinyPalette_Starmie
0x08D82F48	rom	gMonIcon_Starmie
0x08D83348	rom	gMonFootprint_Starmie
0x08D83368	rom	gMonFrontPic_Mrmime
0x08D83724	rom	gMonPalette_Mrmime
0x08D8374C	rom	gMonBackPic_Mrmime
0x08D83A80	rom	gMonShinyPalette_Mrmime
0x08D83AA8	rom	gMonIcon_Mrmime
0x08D83EA8	rom	gMonFootprint_Mrmime
0x08D83EC8	rom	gMonFrontPic_Scyther
0x08D842F0	rom	gMonPalette_Scyther
0x08D84318	rom	gMonBackPic_Scyther
0x08D84730	rom	gMonShinyPalette_Scyther
0x08D84758	rom	gMonIcon_Scyther
0x08D84B58	rom	gMonFootprint_Scyther
0x08D84B78	rom	gMonFrontPic_Jynx
0x08D84F44	rom	gMonPalette_Jynx
0x08D84F6C	rom	gMonBackPic_Jynx
0x08D85258	rom	gMonShinyPalette_Jynx
0x08D85280	rom	gMonIcon_Jynx
0x08D85680	rom	gMonFootprint_Jynx
0x08D856A0	rom	gMonFrontPic_Electabuzz
0x08D85AF8	rom	gMonPalette_Electabuzz
0x08D85B20	rom	gMonBackPic_Electabuzz
0x08D85E30	rom	gMonShinyPalette_Electabuzz
0x08D85E58	rom	gMonIcon_Electabuzz
0x08D86258	rom	gMonFootprint_Electabuzz
0x08D86278	rom	gMonFrontPic_Magmar
0x08D866A8	rom	gMonPalette_Magmar
0x08D866D0	rom	gMonBackPic_Magmar
0x08D86A08	rom	gMonShinyPalette_Magmar
0x08D86A30	rom	gMonIcon_Magmar
0x08D86E30	rom	gMonFootprint_Magmar
0x08D86E50	rom	gMonFrontPic_Pinsir
0x08D87280	rom	gMonPalette_Pinsir
0x08D872A4	rom	gMonBackPic_Pinsir
0x08D875F8	rom	gMonShinyPalette_Pinsir
0x08D8761C	rom	gMonIcon_Pinsir
0x08D87A1C	rom	gMonFootprint_Pinsir
0x08D87A3C	rom	gMonFrontPic_Tauros
0x08D87E9C	rom	gMonPalette_Tauros
0x08D87EC4	rom	gMonBackPic_Tauros
0x08D88178	rom	gMonShinyPalette_Tauros
0x08D881A0	rom	gMonIcon_Tauros
0x08D885A0	rom	gMonFootprint_Tauros
0x08D885C0	rom	gMonFrontPic_Magikarp
0x08D88908	rom	gMonPalette_Magikarp
0x08D88930	rom	gMonBackPic_Magikarp
0x08D88C60	rom	gMonShinyPalette_Magikarp
0x08D88C88	rom	gMonIcon_Magikarp
0x08D89088	rom	gMonFootprint_Magikarp
0x08D890A8	rom	gMonFrontPic_Gyarados
0x08D8964C	rom	gMonPalette_Gyarados
0x08D89674	rom	gMonBackPic_Gyarados
0x08D89B2C	rom	gMonShinyPalette_Gyarados
0x08D89B54	rom	gMonIcon_Gyarados
0x08D89F54	rom	gMonFootprint_Gyarados
0x08D89F74	rom	gMonFrontPic_Lapras
0x08D8A354	rom	gMonPalette_Lapras
0x08D8A37C	rom	gMonBackPic_Lapras
0x08D8A6C0	rom	gMonShinyPalette_Lapras
0x08D8A6E8	rom	gMonIcon_Lapras
0x08D8AAE8	rom	gMonFootprint_Lapras
0x08D8AB08	rom	gMonFrontPic_Ditto
0x08D8ACF8	rom	gMonPalette_Ditto
0x08D8AD18	rom	gMonBackPic_Ditto
0x08D8AF18	rom	gMonShinyPalette_Ditto
0x08D8AF38	rom	gMonIcon_Ditto
0x08D8B338	rom	gMonFootprint_Ditto
0x08D8B358	rom	gMonFrontPic_Eevee
0x08D8B644	rom	gMonPalette_Eevee
0x08D8B66C	rom	gMonBackPic_Eevee
0x08D8B994	rom	gMonShinyPalette_Eevee
0x08D8B9BC	rom	gMonIcon_Eevee
0x08D8BDBC	rom	gMonFootprint_Eevee
0x08D8BDDC	rom	gMonFrontPic_Vaporeon
0x08D8C170	rom	gMonPalette_Vaporeon
0x08D8C198	rom	gMonBackPic_Vaporeon
0x08D8C460	rom	gMonShinyPalette_Vaporeon
0x08D8C488	rom	gMonIcon_Vaporeon
0x08D8C888	rom	gMonFootprint_Vaporeon
0x08D8C8A8	rom	gMonFrontPic_Jolteon
0x08D8CBF8	rom	gMonPalette_Jolteon
0x08D8CC20	rom	gMonBackPic_Jolteon
0x08D8CFCC	rom	gMonShinyPalette_Jolteon
0x08D8CFF4	rom	gMonIcon_Jolteon
0x08D8D3F4	rom	gMonFootprint_Jolteon
0x08D8D414	rom	gMonFrontPic_Flareon
0x08D8D798	rom	gMonPalette_Flareon
0x08D8D7C0	rom	gMonBackPic_Flareon
0x08D8DB50	rom	gMonShinyPalette_Flareon
0x08D8DB78	rom	gMonIcon_Flareon
0x08D8DF78	rom	gMonFootprint_Flareon
0x08D8DF98	rom	gMonFrontPic_Porygon
0x08D8E250	rom	gMonPalette_Porygon
0x08D8E274	rom	gMonBackPic_Porygon
0x08D8E52C	rom	gMonShinyPalette_Porygon
0x08D8E550	rom	gMonIcon_Porygon
0x08D8E950	rom	gMonFootprint_Porygon
0x08D8E970	rom	gMonFrontPic_Omanyte
0x08D8EC00	rom	gMonPalette_Omanyte
0x08D8EC28	rom	gMonBackPic_Omanyte
0x08D8EF74	rom	gMonShinyPalette_Omanyte
0x08D8EF9C	rom	gMonIcon_Omanyte
0x08D8F39C	rom	gMonFootprint_Omanyte
0x08D8F3BC	rom	gMonFrontPic_Omastar
0x08D8F77C	rom	gMonPalette_Omastar
0x08D8F7A4	rom	gMonBackPic_Omastar
0x08D8FAE4	rom	gMonShinyPalette_Omastar
0x08D8FB0C	rom	gMonIcon_Omastar
0x08D8FF0C	rom	gMonFootprint_Omastar
0x08D8FF2C	rom	gMonFrontPic_Kabuto
0x08D90154	rom	gMonPalette_Kabuto
0x08D9017C	rom	gMonBackPic_Kabuto
0x08D90414	rom	gMonShinyPalette_Kabuto
0x08D9043C	rom	gMonIcon_Kabuto
0x08D9083C	rom	gMonFootprint_Kabuto
0x08D9085C	rom	gMonFrontPic_Kabutops
0x08D90C6C	rom	gMonPalette_Kabutops
0x08D90C90	rom	gMonBackPic_Kabutops
0x08D91034	rom	gMonShinyPalette_Kabutops
0x08D91058	rom	gMonIcon_Kabutops
0x08D91458	rom	gMonFootprint_Kabutops
0x08D91478	rom	gMonFrontPic_Aerodactyl
0x08D918C8	rom	gMonPalette_Aerodactyl
0x08D918F0	rom	gMonBackPic_Aerodactyl
0x08D91BF4	rom	gMonShinyPalette_Aerodactyl
0x08D91C1C	rom	gMonIcon_Aerodactyl
0x08D9201C	rom	gMonFootprint_Aerodactyl
0x08D9203C	rom	gMonFrontPic_Snorlax
0x08D92410	rom	gMonPalette_Snorlax
0x08D92438	rom	gMonBackPic_Snorlax
0x08D92654	rom	gMonShinyPalette_Snorlax
0x08D9267C	rom	gMonIcon_Snorlax
0x08D92A7C	rom	gMonFootprint_Snorlax
0x08D92A9C	rom	gMonFrontPic_Articuno
0x08D92F94	rom	gMonPalette_Articuno
0x08D92FBC	rom	gMonBackPic_Articuno
0x08D93218	rom	gMonShinyPalette_Articuno
0x08D93240	rom	gMonIcon_Articuno
0x08D93640	rom	gMonFootprint_Articuno
0x08D93660	rom	gMonFrontPic_Zapdos
0x08D93AB0	rom	gMonPalette_Zapdos
0x08D93AD8	rom	gMonBackPic_Zapdos
0x08D93E14	rom	gMonShinyPalette_Zapdos
0x08D93E3C	rom	gMonIcon_Zapdos
0x08D9423C	rom	gMonFootprint_Zapdos
0x08D9425C	rom	gMonFrontPic_Moltres
0x08D94728	rom	gMonPalette_Moltres
0x08D94750	rom	gMonBackPic_Moltres
0x08D94A8C	rom	gMonShinyPalette_Moltres
0x08D94AB4	rom	gMonIcon_Moltres
0x08D94EB4	rom	gMonFootprint_Moltres
0x08D94ED4	rom	gMonFrontPic_Dratini
0x08D95190	rom	gMonPalette_Dratini
0x08D951B4	rom	gMonBackPic_Dratini
0x08D95444	rom	gMonShinyPalette_Dratini
0x08D95468	rom	gMonIcon_Dratini
0x08D95868	rom	gMonFootprint_Dratini
0x08D95888	rom	gMonFrontPic_Dragonair
0x08D95C20	rom	gMonPalette_Dragonair
0x08D95C48	rom	gMonBackPic_Dragonair
0x08D95F58	rom	gMonShinyPalette_Dragonair
0x08D95F80	rom	gMonIcon_Dragonair
0x08D96380	rom	gMonFootprint_Dragonair
0x08D963A0	rom	gMonFrontPic_Dragonite
0x08D968F0	rom	gMonPalette_Dragonite
0x08D96918	rom	gMonBackPic_Dragonite
0x08D96C10	rom	gMonShinyPalette_Dragonite
0x08D96C38	rom	gMonIcon_Dragonite
0x08D97038	rom	gMonFootprint_Dragonite
0x08D97058	rom	gMonFrontPic_Mewtwo
0x08D97494	rom	gMonPalette_Mewtwo
0x08D974B8	rom	gMonBackPic_Mewtwo
0x08D97884	rom	gMonShinyPalette_Mewtwo
0x08D978A8	rom	gMonIcon_Mewtwo
0x08D97CA8	rom	gMonFootprint_Mewtwo
0x08D97CC8	rom	gMonFrontPic_Mew
0x08D97F88	rom	gMonPalette_Mew
0x08D97FAC	rom	gMonBackPic_Mew
0x08D982FC	rom	gMonShinyPalette_Mew
0x08D98320	rom	gMonIcon_Mew
0x08D98720	rom	gMonFootprint_Mew
0x08D98740	rom	gMonFrontPic_Chikorita
0x08D989A8	rom	gMonPalette_Chikorita
0x08D989D0	rom	gMonBackPic_Chikorita
0x08D98C94	rom	gMonShinyPalette_Chikorita
0x08D98CBC	rom	gMonIcon_Chikorita
0x08D990BC	rom	gMonFootprint_Chikorita
0x08D990DC	rom	gMonFrontPic_Bayleef
0x08D994B0	rom	gMonPalette_Bayleef
0x08D994D8	rom	gMonBackPic_Bayleef
0x08D99868	rom	gMonShinyPalette_Bayleef
0x08D99890	rom	gMonIcon_Bayleef
0x08D99C90	rom	gMonFootprint_Bayleef
0x08D99CB0	rom	gMonFrontPic_Meganium
0x08D9A20C	rom	gMonPalette_Meganium
0x08D9A234	rom	gMonBackPic_Meganium
0x08D9A584	rom	gMonShinyPalette_Meganium
0x08D9A5AC	rom	gMonIcon_Meganium
0x08D9A9AC	rom	gMonFootprint_Meganium
0x08D9A9CC	rom	gMonFrontPic_Cyndaquil
0x08D9AC58	rom	gMonPalette_Cyndaquil
0x08D9AC80	rom	gMonBackPic_Cyndaquil
0x08D9AFAC	rom	gMonShinyPalette_Cyndaquil
0x08D9AFD4	rom	gMonIcon_Cyndaquil
0x08D9B3D4	rom	gMonFootprint_Cyndaquil
0x08D9B3F4	rom	gMonFrontPic_Quilava
0x08D9B710	rom	gMonPalette_Quilava
0x08D9B738	rom	gMonBackPic_Quilava
0x08D9BAAC	rom	gMonShinyPalette_Quilava
0x08D9BAD4	rom	gMonIcon_Quilava
0x08D9BED4	rom	gMonFootprint_Quilava
0x08D9BEF4	rom	gMonFrontPic_Typhlosion
0x08D9C31C	rom	gMonPalette_Typhlosion
0x08D9C344	rom	gMonBackPic_Typhlosion
0x08D9C748	rom	gMonShinyPalette_Typhlosion
0x08D9C770	rom	gMonIcon_Typhlosion
0x08D9CB70	rom	gMonFootprint_Typhlosion
0x08D9CB90	rom	gMonFrontPic_Totodile
0x08D9CE34	rom	gMonPalette_Totodile
0x08D9CE5C	rom	gMonBackPic_Totodile
0x08D9D13C	rom	gMonShinyPalette_Totodile
0x08D9D164	rom	gMonIcon_Totodile
0x08D9D564	rom	gMonFootprint_Totodile
0x08D9D584	rom	gMonFrontPic_Croconaw
0x08D9D8EC	rom	gMonPalette_Croconaw
0x08D9D914	rom	gMonBackPic_Croconaw
0x08D9DC64	rom	gMonShinyPalette_Croconaw
0x08D9DC8C	rom	gMonIcon_Croconaw
0x08D9E08C	rom	gMonFootprint_Croconaw
0x08D9E0AC	rom	gMonFrontPic_Feraligatr
0x08D9E618	rom	gMonPalette_Feraligatr
0x08D9E640	rom	gMonBackPic_Feraligatr
0x08D9EB0C	rom	gMonShinyPalette_Feraligatr
0x08D9EB34	rom	gMonIcon_Feraligatr
0x08D9EF34	rom	gMonFootprint_Feraligatr
0x08D9EF54	rom	gMonFrontPic_Sentret
0x08D9F230	rom	gMonPalette_Sentret
0x08D9F258	rom	gMonBackPic_Sentret
0x08D9F4FC	rom	gMonShinyPalette_Sentret
0x08D9F524	rom	gMonIcon_Sentret
0x08D9F924	rom	gMonFootprint_Sentret
0x08D9F944	rom	gMonFrontPic_Furret
0x08D9FC78	rom	gMonPalette_Furret
0x08D9FCA0	rom	gMonBackPic_Furret
0x08D9FFC8	rom	gMonShinyPalette_Furret
0x08D9FFF0	rom	gMonIcon_Furret
0x08DA03F0	rom	gMonFootprint_Furret
0x08DA0410	rom	gMonFrontPic_Hoothoot
0x08DA0694	rom	gMonPalette_Hoothoot
0x08DA06BC	rom	gMonBackPic_Hoothoot
0x08DA09C4	rom	gMonShinyPalette_Hoothoot
0x08DA09EC	rom	gMonIcon_Hoothoot
0x08DA0DEC	rom	gMonFootprint_Hoothoot
0x08DA0E0C	rom	gMonFrontPic_Noctowl
0x08DA1160	rom	gMonPalette_Noctowl
0x08DA1188	rom	gMonBackPic_Noctowl
0x08DA14E4	rom	gMonShinyPalette_Noctowl
0x08DA150C	rom	gMonIcon_Noctowl
0x08DA190C	rom	gMonFootprint_Noctowl
0x08DA192C	rom	gMonFrontPic_Ledyba
0x08DA1C20	rom	gMonPalette_Ledyba
0x08DA1C48	rom	gMonBackPic_Ledyba
0x08DA1F78	rom	gMonShinyPalette_Ledyba
0x08DA1FA0	rom	gMonIcon_Ledyba
0x08DA23A0	rom	gMonFootprint_Ledyba
0x08DA23C0	rom	gMonFrontPic_Ledian
0x08DA2748	rom	gMonPalette_Ledian
0x08DA2770	rom	gMonBackPic_Ledian
0x08DA2AC8	rom	gMonShinyPalette_Ledian
0x08DA2AF0	rom	gMonIcon_Ledian
0x08DA2EF0	rom	gMonFootprint_Ledian
0x08DA2F10	rom	gMonFrontPic_Spinarak
0x08DA3184	rom	gMonPalette_Spinarak
0x08DA31AC	rom	gMonBackPic_Spinarak
0x08DA3410	rom	gMonShinyPalette_Spinarak
0x08DA3438	rom	gMonIcon_Spinarak
0x08DA3838	rom	gMonFootprint_Spinarak
0x08DA3858	rom	gMonFrontPic_Ariados
0x08DA3C18	rom	gMonPalette_Ariados
0x08DA3C40	rom	gMonBackPic_Ariados
0x08DA3FB8	rom	gMonShinyPalette_Ariados
0x08DA3FE0	rom	gMonIcon_Ariados
0x08DA43E0	rom	gMonFootprint_Ariados
0x08DA4400	rom	gMonFrontPic_Crobat
0x08DA47B0	rom	gMonPalette_Crobat
0x08DA47D8	rom	gMonBackPic_Crobat
0x08DA4AE0	rom	gMonShinyPalette_Crobat
0x08DA4B08	rom	gMonIcon_Crobat
0x08DA4F08	rom	gMonFootprint_Crobat
0x08DA4F28	rom	gMonFrontPic_Chinchou
0x08DA5200	rom	gMonPalette_Chinchou
0x08DA5228	rom	gMonBackPic_Chinchou
0x08DA5520	rom	gMonShinyPalette_Chinchou
0x08DA5548	rom	gMonIcon_Chinchou
0x08DA5948	rom	gMonFootprint_Chinchou
0x08DA5968	rom	gMonFrontPic_Lanturn
0x08DA5CD8	rom	gMonPalette_Lanturn
0x08DA5D00	rom	gMonBackPic_Lanturn
0x08DA6000	rom	gMonShinyPalette_Lanturn
0x08DA6028	rom	gMonIcon_Lanturn
0x08DA6428	rom	gMonFootprint_Lanturn
0x08DA6448	rom	gMonFrontPic_Pichu
0x08DA6664	rom	gMonPalette_Pichu
0x08DA668C	rom	gMonBackPic_Pichu
0x08DA68E8	rom	gMonShinyPalette_Pichu
0x08DA6910	rom	gMonIcon_Pichu
0x08DA6D10	rom	gMonFootprint_Pichu
0x08DA6D30	rom	gMonFrontPic_Cleffa
0x08DA6F10	rom	gMonPalette_Cleffa
0x08DA6F38	rom	gMonBackPic_Cleffa
0x08DA7174	rom	gMonShinyPalette_Cleffa
0x08DA719C	rom	gMonIcon_Cleffa
0x08DA759C	rom	gMonFootprint_Cleffa
0x08DA75BC	rom	gMonFrontPic_Igglybuff
0x08DA77A4	rom	gMonPalette_Igglybuff
0x08DA77CC	rom	gMonBackPic_Igglybuff
0x08DA7A08	rom	gMonShinyPalette_Igglybuff
0x08DA7A30	rom	gMonIcon_Igglybuff
0x08DA7E30	rom	gMonFootprint_Igglybuff
0x08DA7E50	rom	gMonFrontPic_Togepi
0x08DA8024	rom	gMonPalette_Togepi
0x08DA804C	rom	gMonBackPic_Togepi
0x08DA82C0	rom	gMonShinyPalette_Togepi
0x08DA82E8	rom	gMonIcon_Togepi
0x08DA86E8	rom	gMonFootprint_Togepi
0x08DA8708	rom	gMonFrontPic_Togetic
0x08DA897C	rom	gMonPalette_Togetic
0x08DA89A4	rom	gMonBackPic_Togetic
0x08DA8CD0	rom	gMonShinyPalette_Togetic
0x08DA8CF8	rom	gMonIcon_Togetic
0x08DA90F8	rom	gMonFootprint_Togetic
0x08DA9118	rom	gMonFrontPic_Natu
0x08DA92E4	rom	gMonPalette_Natu
0x08DA930C	rom	gMonBackPic_Natu
0x08DA9520	rom	gMonShinyPalette_Natu
0x08DA9548	rom	gMonIcon_Natu
0x08DA9948	rom	gMonFootprint_Natu
0x08DA9968	rom	gMonFrontPic_Xatu
0x08DA9C44	rom	gMonPalette_Xatu
0x08DA9C6C	rom	gMonBackPic_Xatu
0x08DA9FE4	rom	gMonShinyPalette_Xatu
0x08DAA00C	rom	gMonIcon_Xatu
0x08DAA40C	rom	gMonFootprint_Xatu
0x08DAA42C	rom	gMonFrontPic_Mareep
0x08DAA6E0	rom	gMonPalette_Mareep
0x08DAA708	rom	gMonBackPic_Mareep
0x08DAA9FC	rom	gMonShinyPalette_Mareep
0x08DAAA24	rom	gMonIcon_Mareep
0x08DAAE24	rom	gMonFootprint_Mareep
0x08DAAE44	rom	gMonFrontPic_Flaaffy
0x08DAB144	rom	gMonPalette_Flaaffy
0x08DAB16C	rom	gMonBackPic_Flaaffy
0x08DAB488	rom	gMonShinyPalette_Flaaffy
0x08DAB4B0	rom	gMonIcon_Flaaffy
0x08DAB8B0	rom	gMonFootprint_Flaaffy
0x08DAB8D0	rom	gMonFrontPic_Ampharos
0x08DABC2C	rom	gMonPalette_Ampharos
0x08DABC54	rom	gMonBackPic_Ampharos
0x08DABFCC	rom	gMonShinyPalette_Ampharos
0x08DABFF4	rom	gMonIcon_Ampharos
0x08DAC3F4	rom	gMonFootprint_Ampharos
0x08DAC414	rom	gMonFrontPic_Bellossom
0x08DAC684	rom	gMonPalette_Bellossom
0x08DAC6AC	rom	gMonBackPic_Bellossom
0x08DAC9D0	rom	gMonShinyPalette_Bellossom
0x08DAC9F8	rom	gMonIcon_Bellossom
0x08DACDF8	rom	gMonFootprint_Bellossom
0x08DACE18	rom	gMonFrontPic_Marill
0x08DAD0DC	rom	gMonPalette_Marill
0x08DAD104	rom	gMonBackPic_Marill
0x08DAD3B0	rom	gMonShinyPalette_Marill
0x08DAD3D8	rom	gMonIcon_Marill
0x08DAD7D8	rom	gMonFootprint_Marill
0x08DAD7F8	rom	gMonFrontPic_Azumarill
0x08DADAF8	rom	gMonPalette_Azumarill
0x08DADB20	rom	gMonBackPic_Azumarill
0x08DADDDC	rom	gMonShinyPalette_Azumarill
0x08DADE04	rom	gMonIcon_Azumarill
0x08DAE204	rom	gMonFootprint_Azumarill
0x08DAE224	rom	gMonFrontPic_Sudowoodo
0x08DAE53C	rom	gMonPalette_Sudowoodo
0x08DAE564	rom	gMonBackPic_Sudowoodo
0x08DAE8C0	rom	gMonShinyPalette_Sudowoodo
0x08DAE8E8	rom	gMonIcon_Sudowoodo
0x08DAECE8	rom	gMonFootprint_Sudowoodo
0x08DAED08	rom	gMonFrontPic_Politoed
0x08DAF044	rom	gMonPalette_Politoed
0x08DAF06C	rom	gMonBackPic_Politoed
0x08DAF328	rom	gMonShinyPalette_Politoed
0x08DAF350	rom	gMonIcon_Politoed
0x08DAF750	rom	gMonFootprint_Politoed
0x08DAF770	rom	gMonFrontPic_Hoppip
0x08DAFA24	rom	gMonPalette_Hoppip
0x08DAFA4C	rom	gMonBackPic_Hoppip
0x08DAFD2C	rom	gMonShinyPalette_Hoppip
0x08DAFD54	rom	gMonIcon_Hoppip
0x08DB0154	rom	gMonFootprint_Hoppip
0x08DB0174	rom	gMonFrontPic_Skiploom
0x08DB03FC	rom	gMonPalette_Skiploom
0x08DB0424	rom	gMonBackPic_Skiploom
0x08DB0704	rom	gMonShinyPalette_Skiploom
0x08DB072C	rom	gMonIcon_Skiploom
0x08DB0B2C	rom	gMonFootprint_Skiploom
0x08DB0B4C	rom	gMonFrontPic_Jumpluff
0x08DB0EB8	rom	gMonPalette_Jumpluff
0x08DB0EE0	rom	gMonBackPic_Jumpluff
0x08DB12D8	rom	gMonShinyPalette_Jumpluff
0x08DB1300	rom	gMonIcon_Jumpluff
0x08DB1700	rom	gMonFootprint_Jumpluff
0x08DB1720	rom	gMonFrontPic_Aipom
0x08DB1A1C	rom	gMonPalette_Aipom
0x08DB1A44	rom	gMonBackPic_Aipom
0x08DB1D38	rom	gMonShinyPalette_Aipom
0x08DB1D60	rom	gMonIcon_Aipom
0x08DB2160	rom	gMonFootprint_Aipom
0x08DB2180	rom	gMonFrontPic_Sunkern
0x08DB23B8	rom	gMonPalette_Sunkern
0x08DB23E0	rom	gMonBackPic_Sunkern
0x08DB26A4	rom	gMonShinyPalette_Sunkern
0x08DB26CC	rom	gMonIcon_Sunkern
0x08DB2ACC	rom	gMonFootprint_Sunkern
0x08DB2AEC	rom	gMonFrontPic_Sunflora
0x08DB2E44	rom	gMonPalette_Sunflora
0x08DB2E6C	rom	gMonBackPic_Sunflora
0x08DB320C	rom	gMonShinyPalette_Sunflora
0x08DB3234	rom	gMonIcon_Sunflora
0x08DB3634	rom	gMonFootprint_Sunflora
0x08DB3654	rom	gMonFrontPic_Yanma
0x08DB39D8	rom	gMonPalette_Yanma
0x08DB3A00	rom	gMonBackPic_Yanma
0x08DB3DB4	rom	gMonShinyPalette_Yanma
0x08DB3DDC	rom	gMonIcon_Yanma
0x08DB41DC	rom	gMonFootprint_Yanma
0x08DB41FC	rom	gMonFrontPic_Wooper
0x08DB443C	rom	gMonPalette_Wooper
0x08DB4464	rom	gMonBackPic_Wooper
0x08DB46F0	rom	gMonShinyPalette_Wooper
0x08DB4718	rom	gMonIcon_Wooper
0x08DB4B18	rom	gMonFootprint_Wooper
0x08DB4B38	rom	gMonFrontPic_Quagsire
0x08DB4EAC	rom	gMonPalette_Quagsire
0x08DB4ED4	rom	gMonBackPic_Quagsire
0x08DB51D0	rom	gMonShinyPalette_Quagsire
0x08DB51F8	rom	gMonIcon_Quagsire
0x08DB55F8	rom	gMonFootprint_Quagsire
0x08DB5618	rom	gMonFrontPic_Espeon
0x08DB5958	rom	gMonPalette_Espeon
0x08DB597C	rom	gMonBackPic_Espeon
0x08DB5C58	rom	gMonShinyPalette_Espeon
0x08DB5C7C	rom	gMonIcon_Espeon
0x08DB607C	rom	gMonFootprint_Espeon
0x08DB609C	rom	gMonFrontPic_Umbreon
0x08DB63B0	rom	gMonPalette_Umbreon
0x08DB63D8	rom	gMonBackPic_Umbreon
0x08DB66EC	rom	gMonShinyPalette_Umbreon
0x08DB6714	rom	gMonIcon_Umbreon
0x08DB6B14	rom	gMonFootprint_Umbreon
0x08DB6B34	rom	gMonFrontPic_Murkrow
0x08DB6E14	rom	gMonPalette_Murkrow
0x08DB6E3C	rom	gMonBackPic_Murkrow
0x08DB7154	rom	gMonShinyPalette_Murkrow
0x08DB717C	rom	gMonIcon_Murkrow
0x08DB757C	rom	gMonFootprint_Murkrow
0x08DB759C	rom	gMonFrontPic_Slowking
0x08DB7950	rom	gMonPalette_Slowking
0x08DB7978	rom	gMonBackPic_Slowking
0x08DB7D04	rom	gMonShinyPalette_Slowking
0x08DB7D2C	rom	gMonIcon_Slowking
0x08DB812C	rom	gMonFootprint_Slowking
0x08DB814C	rom	gMonFrontPic_Misdreavus
0x08DB840C	rom	gMonPalette_Misdreavus
0x08DB8434	rom	gMonBackPic_Misdreavus
0x08DB8758	rom	gMonShinyPalette_Misdreavus
0x08DB8780	rom	gMonIcon_Misdreavus
0x08DB8B80	rom	gMonFootprint_Misdreavus
0x08DB8BA0	rom	gMonFrontPic_UnownA
0x08DB8D74	rom	gMonPalette_Unown
0x08DB8D94	rom	gMonBackPic_UnownA
0x08DB8F94	rom	gMonShinyPalette_Unown
0x08DB8FB4	rom	gMonIcon_UnownA
0x08DB93B4	rom	gMonFootprint_Unown
0x08DB93D4	rom	gMonFrontPic_Wobbuffet
0x08DB9724	rom	gMonPalette_Wobbuffet
0x08DB974C	rom	gMonBackPic_Wobbuffet
0x08DB9990	rom	gMonShinyPalette_Wobbuffet
0x08DB99B8	rom	gMonIcon_Wobbuffet
0x08DB9DB8	rom	gMonFootprint_Wobbuffet
0x08DB9DD8	rom	gMonFrontPic_Girafarig
0x08DBA1DC	rom	gMonPalette_Girafarig
0x08DBA204	rom	gMonBackPic_Girafarig
0x08DBA5B0	rom	gMonShinyPalette_Girafarig
0x08DBA5D8	rom	gMonIcon_Girafarig
0x08DBA9D8	rom	gMonFootprint_Girafarig
0x08DBA9F8	rom	gMonFrontPic_Pineco
0x08DBAD38	rom	gMonPalette_Pineco
0x08DBAD5C	rom	gMonBackPic_Pineco
0x08DBB034	rom	gMonShinyPalette_Pineco
0x08DBB058	rom	gMonIcon_Pineco
0x08DBB458	rom	gMonFootprint_Pineco
0x08DBB478	rom	gMonFrontPic_Forretress
0x08DBB894	rom	gMonPalette_Forretress
0x08DBB8BC	rom	gMonBackPic_Forretress
0x08DBBB7C	rom	gMonShinyPalette_Forretress
0x08DBBBA4	rom	gMonIcon_Forretress
0x08DBBFA4	rom	gMonFootprint_Forretress
0x08DBBFC4	rom	gMonFrontPic_Dunsparce
0x08DBC2D4	rom	gMonPalette_Dunsparce
0x08DBC2FC	rom	gMonBackPic_Dunsparce
0x08DBC5F8	rom	gMonShinyPalette_Dunsparce
0x08DBC620	rom	gMonIcon_Dunsparce
0x08DBCA20	rom	gMonFootprint_Dunsparce
0x08DBCA40	rom	gMonFrontPic_Gligar
0x08DBCE68	rom	gMonPalette_Gligar
0x08DBCE90	rom	gMonBackPic_Gligar
0x08DBD268	rom	gMonShinyPalette_Gligar
0x08DBD290	rom	gMonIcon_Gligar
0x08DBD690	rom	gMonFootprint_Gligar
0x08DBD6B0	rom	gMonFrontPic_Steelix
0x08DBDB78	rom	gMonPalette_Steelix
0x08DBDB9C	rom	gMonBackPic_Steelix
0x08DBDFA8	rom	gMonShinyPalette_Steelix
0x08DBDFCC	rom	gMonIcon_Steelix
0x08DBE3CC	rom	gMonFootprint_Steelix
0x08DBE3EC	rom	gMonFrontPic_Snubbull
0x08DBE6C0	rom	gMonPalette_Snubbull
0x08DBE6E8	rom	gMonBackPic_Snubbull
0x08DBEA10	rom	gMonShinyPalette_Snubbull
0x08DBEA38	rom	gMonIcon_Snubbull
0x08DBEE38	rom	gMonFootprint_Snubbull
0x08DBEE58	rom	gMonFrontPic_Granbull
0x08DBF1E4	rom	gMonPalette_Granbull
0x08DBF20C	rom	gMonBackPic_Granbull
0x08DBF530	rom	gMonShinyPalette_Granbull
0x08DBF558	rom	gMonIcon_Granbull
0x08DBF958	rom	gMonFootprint_Granbull
0x08DBF978	rom	gMonFrontPic_Qwilfish
0x08DBFC38	rom	gMonPalette_Qwilfish
0x08DBFC60	rom	gMonBackPic_Qwilfish
0x08DBFF40	rom	gMonShinyPalette_Qwilfish
0x08DBFF68	rom	gMonIcon_Qwilfish
0x08DC0368	rom	gMonFootprint_Qwilfish
0x08DC0388	rom	gMonFrontPic_Scizor
0x08DC0870	rom	gMonPalette_Scizor
0x08DC0898	rom	gMonBackPic_Scizor
0x08DC0C18	rom	gMonShinyPalette_Scizor
0x08DC0C40	rom	gMonIcon_Scizor
0x08DC1040	rom	gMonFootprint_Scizor
0x08DC1060	rom	gMonFrontPic_Shuckle
0x08DC1328	rom	gMonPalette_Shuckle
0x08DC1350	rom	gMonBackPic_Shuckle
0x08DC15A8	rom	gMonShinyPalette_Shuckle
0x08DC15D0	rom	gMonIcon_Shuckle
0x08DC19D0	rom	gMonFootprint_Shuckle
0x08DC19F0	rom	gMonFrontPic_Heracross
0x08DC1DE0	rom	gMonPalette_Heracross
0x08DC1E08	rom	gMonBackPic_Heracross
0x08DC2178	rom	gMonShinyPalette_Heracross
0x08DC21A0	rom	gMonIcon_Heracross
0x08DC25A0	rom	gUnknown_heracross_icon
0x08DC29A0	rom	gMonFootprint_Heracross
0x08DC29C0	rom	gMonFrontPic_Sneasel
0x08DC2D04	rom	gMonPalette_Sneasel
0x08DC2D2C	rom	gMonBackPic_Sneasel
0x08DC3050	rom	gMonShinyPalette_Sneasel
0x08DC3078	rom	gMonIcon_Sneasel
0x08DC3478	rom	gMonFootprint_Sneasel
0x08DC3498	rom	gMonFrontPic_Teddiursa
0x08DC3740	rom	gMonPalette_Teddiursa
0x08DC3768	rom	gMonBackPic_Teddiursa
0x08DC39E0	rom	gMonShinyPalette_Teddiursa
0x08DC3A08	rom	gMonIcon_Teddiursa
0x08DC3E08	rom	gMonFootprint_Teddiursa
0x08DC3E28	rom	gMonFrontPic_Ursaring
0x08DC4260	rom	gMonPalette_Ursaring
0x08DC4288	rom	gMonBackPic_Ursaring
0x08DC4610	rom	gMonShinyPalette_Ursaring
0x08DC4638	rom	gMonIcon_Ursaring
0x08DC4A38	rom	gMonFootprint_Ursaring
0x08DC4A58	rom	gMonFrontPic_Slugma
0x08DC4CCC	rom	gMonPalette_Slugma
0x08DC4CF0	rom	gMonBackPic_Slugma
0x08DC4FD8	rom	gMonShinyPalette_Slugma
0x08DC4FFC	rom	gMonIcon_Slugma
0x08DC53FC	rom	gMonFootprint_Slugma
0x08DC541C	rom	gMonFrontPic_Magcargo
0x08DC5764	rom	gMonPalette_Magcargo
0x08DC578C	rom	gMonBackPic_Magcargo
0x08DC5BA4	rom	gMonShinyPalette_Magcargo
0x08DC5BCC	rom	gMonIcon_Magcargo
0x08DC5FCC	rom	gMonFootprint_Magcargo
0x08DC5FEC	rom	gMonFrontPic_Swinub
0x08DC61E8	rom	gMonPalette_Swinub
0x08DC6210	rom	gMonBackPic_Swinub
0x08DC644C	rom	gMonShinyPalette_Swinub
0x08DC6474	rom	gMonIcon_Swinub
0x08DC6874	rom	gMonFootprint_Swinub
0x08DC6894	rom	gMonFrontPic_Piloswine
0x08DC6BBC	rom	gMonPalette_Piloswine
0x08DC6BE4	rom	gMonBackPic_Piloswine
0x08DC6E30	rom	gMonShinyPalette_Piloswine
0x08DC6E58	rom	gMonIcon_Piloswine
0x08DC7258	rom	gMonFootprint_Piloswine
0x08DC7278	rom	gMonFrontPic_Corsola
0x08DC7560	rom	gMonPalette_Corsola
0x08DC7588	rom	gMonBackPic_Corsola
0x08DC7848	rom	gMonShinyPalette_Corsola
0x08DC7870	rom	gMonIcon_Corsola
0x08DC7C70	rom	gMonFootprint_Corsola
0x08DC7C90	rom	gMonFrontPic_Remoraid
0x08DC7EF8	rom	gMonPalette_Remoraid
0x08DC7F20	rom	gMonBackPic_Remoraid
0x08DC8234	rom	gMonShinyPalette_Remoraid
0x08DC825C	rom	gMonIcon_Remoraid
0x08DC865C	rom	gMonFootprint_Remoraid
0x08DC867C	rom	gMonFrontPic_Octillery
0x08DC89B0	rom	gMonPalette_Octillery
0x08DC89D8	rom	gMonBackPic_Octillery
0x08DC8C90	rom	gMonShinyPalette_Octillery
0x08DC8CB8	rom	gMonIcon_Octillery
0x08DC90B8	rom	gMonFootprint_Octillery
0x08DC90D8	rom	gMonFrontPic_Delibird
0x08DC9448	rom	gMonPalette_Delibird
0x08DC9470	rom	gMonBackPic_Delibird
0x08DC9830	rom	gMonShinyPalette_Delibird
0x08DC9858	rom	gMonIcon_Delibird
0x08DC9C58	rom	gMonFootprint_Delibird
0x08DC9C78	rom	gMonFrontPic_Mantine
0x08DCA114	rom	gMonPalette_Mantine
0x08DCA13C	rom	gMonBackPic_Mantine
0x08DCA3DC	rom	gMonShinyPalette_Mantine
0x08DCA404	rom	gMonIcon_Mantine
0x08DCA804	rom	gMonFootprint_Mantine
0x08DCA824	rom	gMonFrontPic_Skarmory
0x08DCAD04	rom	gMonPalette_Skarmory
0x08DCAD2C	rom	gMonBackPic_Skarmory
0x08DCB030	rom	gMonShinyPalette_Skarmory
0x08DCB058	rom	gMonIcon_Skarmory
0x08DCB458	rom	gMonFootprint_Skarmory
0x08DCB478	rom	gMonFrontPic_Houndour
0x08DCB730	rom	gMonPalette_Houndour
0x08DCB758	rom	gMonBackPic_Houndour
0x08DCB9D8	rom	gMonShinyPalette_Houndour
0x08DCBA00	rom	gMonIcon_Houndour
0x08DCBE00	rom	gMonFootprint_Houndour
0x08DCBE20	rom	gMonFrontPic_Houndoom
0x08DCC220	rom	gMonPalette_Houndoom
0x08DCC248	rom	gMonBackPic_Houndoom
0x08DCC56C	rom	gMonShinyPalette_Houndoom
0x08DCC594	rom	gMonIcon_Houndoom
0x08DCC994	rom	gMonFootprint_Houndoom
0x08DCC9B4	rom	gMonFrontPic_Kingdra
0x08DCCDD4	rom	gMonPalette_Kingdra
0x08DCCDFC	rom	gMonBackPic_Kingdra
0x08DCD1B0	rom	gMonShinyPalette_Kingdra
0x08DCD1D8	rom	gMonIcon_Kingdra
0x08DCD5D8	rom	gMonFootprint_Kingdra
0x08DCD5F8	rom	gMonFrontPic_Phanpy
0x08DCD854	rom	gMonPalette_Phanpy
0x08DCD87C	rom	gMonBackPic_Phanpy
0x08DCDB40	rom	gMonShinyPalette_Phanpy
0x08DCDB68	rom	gMonIcon_Phanpy
0x08DCDF68	rom	gMonFootprint_Phanpy
0x08DCDF88	rom	gMonFrontPic_Donphan
0x08DCE3FC	rom	gMonPalette_Donphan
0x08DCE424	rom	gMonBackPic_Donphan
0x08DCE720	rom	gMonShinyPalette_Donphan
0x08DCE748	rom	gMonIcon_Donphan
0x08DCEB48	rom	gMonFootprint_Donphan
0x08DCEB68	rom	gMonFrontPic_Porygon2
0x08DCEDF0	rom	gMonPalette_Porygon2
0x08DCEE18	rom	gMonBackPic_Porygon2
0x08DCF134	rom	gMonShinyPalette_Porygon2
0x08DCF15C	rom	gMonIcon_Porygon2
0x08DCF55C	rom	gMonFootprint_Porygon2
0x08DCF57C	rom	gMonFrontPic_Stantler
0x08DCF990	rom	gMonPalette_Stantler
0x08DCF9B8	rom	gMonBackPic_Stantler
0x08DCFD04	rom	gMonShinyPalette_Stantler
0x08DCFD2C	rom	gMonIcon_Stantler
0x08DD012C	rom	gMonFootprint_Stantler
0x08DD014C	rom	gMonFrontPic_Smeargle
0x08DD04E0	rom	gMonPalette_Smeargle
0x08DD0508	rom	gMonBackPic_Smeargle
0x08DD082C	rom	gMonShinyPalette_Smeargle
0x08DD0854	rom	gMonIcon_Smeargle
0x08DD0C54	rom	gMonFootprint_Smeargle
0x08DD0C74	rom	gMonFrontPic_Tyrogue
0x08DD0F00	rom	gMonPalette_Tyrogue
0x08DD0F28	rom	gMonBackPic_Tyrogue
0x08DD1244	rom	gMonShinyPalette_Tyrogue
0x08DD126C	rom	gMonIcon_Tyrogue
0x08DD166C	rom	gMonFootprint_Tyrogue
0x08DD168C	rom	gMonFrontPic_Hitmontop
0x08DD1A18	rom	gMonPalette_Hitmontop
0x08DD1A40	rom	gMonBackPic_Hitmontop
0x08DD1E68	rom	gMonShinyPalette_Hitmontop
0x08DD1E90	rom	gMonIcon_Hitmontop
0x08DD2290	rom	gUnusedGarbage
0x08DD2490	rom	gMonFootprint_Hitmontop
0x08DD24B0	rom	gMonFrontPic_Smoochum
0x08DD2708	rom	gMonPalette_Smoochum
0x08DD2730	rom	gMonBackPic_Smoochum
0x08DD29A8	rom	gMonShinyPalette_Smoochum
0x08DD29D0	rom	gMonIcon_Smoochum
0x08DD2DD0	rom	gMonFootprint_Smoochum
0x08DD2DF0	rom	gMonFrontPic_Elekid
0x08DD30F8	rom	gMonPalette_Elekid
0x08DD3120	rom	gMonBackPic_Elekid
0x08DD3478	rom	gMonShinyPalette_Elekid
0x08DD34A0	rom	gMonIcon_Elekid
0x08DD38A0	rom	gMonFootprint_Elekid
0x08DD38C0	rom	gMonFrontPic_Magby
0x08DD3B44	rom	gMonPalette_Magby
0x08DD3B6C	rom	gMonBackPic_Magby
0x08DD3E18	rom	gMonShinyPalette_Magby
0x08DD3E40	rom	gMonIcon_Magby
0x08DD4240	rom	gMonFootprint_Magby
0x08DD4260	rom	gMonFrontPic_Miltank
0x08DD4610	rom	gMonPalette_Miltank
0x08DD4638	rom	gMonBackPic_Miltank
0x08DD49D4	rom	gMonShinyPalette_Miltank
0x08DD49FC	rom	gMonIcon_Miltank
0x08DD4DFC	rom	gMonFootprint_Miltank
0x08DD4E1C	rom	gMonFrontPic_Blissey
0x08DD5204	rom	gMonPalette_Blissey
0x08DD522C	rom	gMonBackPic_Blissey
0x08DD54F8	rom	gMonShinyPalette_Blissey
0x08DD5520	rom	gMonIcon_Blissey
0x08DD5920	rom	gMonFootprint_Blissey
0x08DD5940	rom	gMonFrontPic_Raikou
0x08DD5EBC	rom	gMonPalette_Raikou
0x08DD5EE4	rom	gMonBackPic_Raikou
0x08DD628C	rom	gMonShinyPalette_Raikou
0x08DD62B4	rom	gMonIcon_Raikou
0x08DD66B4	rom	gMonFootprint_Raikou
0x08DD66D4	rom	gMonFrontPic_Entei
0x08DD6CD0	rom	gMonPalette_Entei
0x08DD6CF8	rom	gMonBackPic_Entei
0x08DD711C	rom	gMonShinyPalette_Entei
0x08DD7144	rom	gMonIcon_Entei
0x08DD7544	rom	gMonFootprint_Entei
0x08DD7564	rom	gMonFrontPic_Suicune
0x08DD7AE8	rom	gMonPalette_Suicune
0x08DD7B10	rom	gMonBackPic_Suicune
0x08DD7FEC	rom	gMonShinyPalette_Suicune
0x08DD8014	rom	gMonIcon_Suicune
0x08DD8414	rom	gMonFootprint_Suicune
0x08DD8434	rom	gMonFrontPic_Larvitar
0x08DD8690	rom	gMonPalette_Larvitar
0x08DD86B8	rom	gMonBackPic_Larvitar
0x08DD8964	rom	gMonShinyPalette_Larvitar
0x08DD898C	rom	gMonIcon_Larvitar
0x08DD8D8C	rom	gMonFootprint_Larvitar
0x08DD8DAC	rom	gMonFrontPic_Pupitar
0x08DD909C	rom	gMonPalette_Pupitar
0x08DD90C4	rom	gMonBackPic_Pupitar
0x08DD93FC	rom	gMonShinyPalette_Pupitar
0x08DD9424	rom	gMonIcon_Pupitar
0x08DD9824	rom	gMonFootprint_Pupitar
0x08DD9844	rom	gMonFrontPic_Tyranitar
0x08DD9D80	rom	gMonPalette_Tyranitar
0x08DD9DA8	rom	gMonBackPic_Tyranitar
0x08DDA194	rom	gMonShinyPalette_Tyranitar
0x08DDA1BC	rom	gMonIcon_Tyranitar
0x08DDA5BC	rom	gMonFootprint_Tyranitar
0x08DDA5DC	rom	gMonFrontPic_Lugia
0x08DDAAA0	rom	gMonPalette_Lugia
0x08DDAAC8	rom	gMonBackPic_Lugia
0x08DDAE9C	rom	gMonShinyPalette_Lugia
0x08DDAEC4	rom	gMonIcon_Lugia
0x08DDB2C4	rom	gMonFootprint_Lugia
0x08DDB2E4	rom	gMonFrontPic_HoOh
0x08DDB938	rom	gMonPalette_HoOh
0x08DDB960	rom	gMonBackPic_HoOh
0x08DDBD70	rom	gMonShinyPalette_HoOh
0x08DDBD98	rom	gMonIcon_HoOh
0x08DDC198	rom	gMonFootprint_HoOh
0x08DDC1B8	rom	gMonFrontPic_Celebi
0x08DDC430	rom	gMonPalette_Celebi
0x08DDC458	rom	gMonBackPic_Celebi
0x08DDC804	rom	gMonShinyPalette_Celebi
0x08DDC82C	rom	gMonIcon_Celebi
0x08DDCC2C	rom	gMonFootprint_Celebi
0x08DDCC4C	rom	gMonFrontPic_DoubleQuestionMark
0x08DDCDD0	rom	gMonPalette_DoubleQuestionMark
0x08DDCDE4	rom	gMonBackPic_DoubleQuestionMark
0x08DDCF68	rom	gMonShinyPalette_DoubleQuestionMark
0x08DDCF7C	rom	gMonFrontPic_Treecko
0x08DDD284	rom	gMonPalette_Treecko
0x08DDD2AC	rom	gMonBackPic_Treecko
0x08DDD5AC	rom	gMonShinyPalette_Treecko
0x08DDD5D4	rom	gMonIcon_Treecko
0x08DDD9D4	rom	gMonFootprint_Treecko
0x08DDD9F4	rom	gMonFrontPic_Grovyle
0x08DDDE80	rom	gMonPalette_Grovyle
0x08DDDEA8	rom	gMonBackPic_Grovyle
0x08DDE1E4	rom	gMonShinyPalette_Grovyle
0x08DDE20C	rom	gMonIcon_Grovyle
0x08DDE60C	rom	gMonFootprint_Grovyle
0x08DDE62C	rom	gMonFrontPic_Sceptile
0x08DDEB30	rom	gMonPalette_Sceptile
0x08DDEB58	rom	gMonBackPic_Sceptile
0x08DDEF54	rom	gMonShinyPalette_Sceptile
0x08DDEF7C	rom	gMonIcon_Sceptile
0x08DDF37C	rom	gMonFootprint_Sceptile
0x08DDF39C	rom	gMonFrontPic_Torchic
0x08DDF638	rom	gMonPalette_Torchic
0x08DDF660	rom	gMonBackPic_Torchic
0x08DDF938	rom	gMonShinyPalette_Torchic
0x08DDF960	rom	gMonIcon_Torchic
0x08DDFD60	rom	gMonFootprint_Torchic
0x08DDFD80	rom	gMonFrontPic_Combusken
0x08DE016C	rom	gMonPalette_Combusken
0x08DE0194	rom	gMonBackPic_Combusken
0x08DE0564	rom	gMonShinyPalette_Combusken
0x08DE058C	rom	gMonIcon_Combusken
0x08DE098C	rom	gMonFootprint_Combusken
0x08DE09AC	rom	gMonFrontPic_Blaziken
0x08DE0E24	rom	gMonPalette_Blaziken
0x08DE0E4C	rom	gMonBackPic_Blaziken
0x08DE1228	rom	gMonShinyPalette_Blaziken
0x08DE1250	rom	gMonIcon_Blaziken
0x08DE1650	rom	gMonFootprint_Blaziken
0x08DE1670	rom	gMonFrontPic_Mudkip
0x08DE1928	rom	gMonPalette_Mudkip
0x08DE1950	rom	gMonBackPic_Mudkip
0x08DE1C30	rom	gMonShinyPalette_Mudkip
0x08DE1C58	rom	gMonIcon_Mudkip
0x08DE2058	rom	gMonFootprint_Mudkip
0x08DE2078	rom	gMonFrontPic_Marshtomp
0x08DE2400	rom	gMonPalette_Marshtomp
0x08DE2428	rom	gMonBackPic_Marshtomp
0x08DE27D8	rom	gMonShinyPalette_Marshtomp
0x08DE2800	rom	gMonIcon_Marshtomp
0x08DE2C00	rom	gMonFootprint_Marshtomp
0x08DE2C20	rom	gMonFrontPic_Swampert
0x08DE319C	rom	gMonPalette_Swampert
0x08DE31C4	rom	gMonBackPic_Swampert
0x08DE3578	rom	gMonShinyPalette_Swampert
0x08DE35A0	rom	gMonIcon_Swampert
0x08DE39A0	rom	gMonFootprint_Swampert
0x08DE39C0	rom	gMonFrontPic_Poochyena
0x08DE3C88	rom	gMonPalette_Poochyena
0x08DE3CB0	rom	gMonBackPic_Poochyena
0x08DE3FDC	rom	gMonShinyPalette_Poochyena
0x08DE4004	rom	gMonIcon_Poochyena
0x08DE4404	rom	gMonFootprint_Poochyena
0x08DE4424	rom	gMonFrontPic_Mightyena
0x08DE485C	rom	gMonPalette_Mightyena
0x08DE4884	rom	gMonBackPic_Mightyena
0x08DE4BFC	rom	gMonShinyPalette_Mightyena
0x08DE4C24	rom	gMonIcon_Mightyena
0x08DE5024	rom	gMonFootprint_Mightyena
0x08DE5044	rom	gMonFrontPic_Zigzagoon
0x08DE5414	rom	gMonPalette_Zigzagoon
0x08DE543C	rom	gMonBackPic_Zigzagoon
0x08DE577C	rom	gMonShinyPalette_Zigzagoon
0x08DE57A4	rom	gMonIcon_Zigzagoon
0x08DE5BA4	rom	gMonFootprint_Zigzagoon
0x08DE5BC4	rom	gMonFrontPic_Linoone
0x08DE5F34	rom	gMonPalette_Linoone
0x08DE5F5C	rom	gMonBackPic_Linoone
0x08DE6230	rom	gMonShinyPalette_Linoone
0x08DE6258	rom	gMonIcon_Linoone
0x08DE6658	rom	gMonFootprint_Linoone
0x08DE6678	rom	gMonFrontPic_Wurmple
0x08DE6900	rom	gMonPalette_Wurmple
0x08DE6928	rom	gMonBackPic_Wurmple
0x08DE6B74	rom	gMonShinyPalette_Wurmple
0x08DE6B9C	rom	gMonIcon_Wurmple
0x08DE6F9C	rom	gMonFootprint_Wurmple
0x08DE6FBC	rom	gMonFrontPic_Silcoon
0x08DE723C	rom	gMonPalette_Silcoon
0x08DE7264	rom	gMonBackPic_Silcoon
0x08DE7480	rom	gMonShinyPalette_Silcoon
0x08DE74A8	rom	gMonIcon_Silcoon
0x08DE78A8	rom	gMonFootprint_Silcoon
0x08DE78C8	rom	gMonFrontPic_Beautifly
0x08DE7C20	rom	gMonPalette_Beautifly
0x08DE7C48	rom	gMonBackPic_Beautifly
0x08DE7FF8	rom	gMonShinyPalette_Beautifly
0x08DE8020	rom	gMonIcon_Beautifly
0x08DE8420	rom	gMonFootprint_Beautifly
0x08DE8440	rom	gMonFrontPic_Cascoon
0x08DE86AC	rom	gMonPalette_Cascoon
0x08DE86D4	rom	gMonBackPic_Cascoon
0x08DE88E4	rom	gMonShinyPalette_Cascoon
0x08DE890C	rom	gMonIcon_Cascoon
0x08DE8D0C	rom	gMonFootprint_Cascoon
0x08DE8D2C	rom	gMonFrontPic_Dustox
0x08DE9094	rom	gMonPalette_Dustox
0x08DE90BC	rom	gMonBackPic_Dustox
0x08DE9314	rom	gMonShinyPalette_Dustox
0x08DE933C	rom	gMonIcon_Dustox
0x08DE973C	rom	gMonFootprint_Dustox
0x08DE975C	rom	gMonFrontPic_Lotad
0x08DE99BC	rom	gMonPalette_Lotad
0x08DE99E4	rom	gMonBackPic_Lotad
0x08DE9CCC	rom	gMonShinyPalette_Lotad
0x08DE9CF4	rom	gMonIcon_Lotad
0x08DEA0F4	rom	gMonFootprint_Lotad
0x08DEA114	rom	gMonFrontPic_Lombre
0x08DEA42C	rom	gMonPalette_Lombre
0x08DEA454	rom	gMonBackPic_Lombre
0x08DEA750	rom	gMonShinyPalette_Lombre
0x08DEA778	rom	gMonIcon_Lombre
0x08DEAB78	rom	gMonFootprint_Lombre
0x08DEAB98	rom	gMonFrontPic_Ludicolo
0x08DEB07C	rom	gMonPalette_Ludicolo
0x08DEB0A4	rom	gMonBackPic_Ludicolo
0x08DEB3A0	rom	gMonShinyPalette_Ludicolo
0x08DEB3C8	rom	gMonIcon_Ludicolo
0x08DEB7C8	rom	gMonFootprint_Ludicolo
0x08DEB7E8	rom	gMonFrontPic_Seedot
0x08DEBA7C	rom	gMonPalette_Seedot
0x08DEBAA4	rom	gMonBackPic_Seedot
0x08DEBD84	rom	gMonShinyPalette_Seedot
0x08DEBDAC	rom	gMonIcon_Seedot
0x08DEC1AC	rom	gMonFootprint_Seedot
0x08DEC1CC	rom	gMonFrontPic_Nuzleaf
0x08DEC4B8	rom	gMonPalette_Nuzleaf
0x08DEC4E0	rom	gMonBackPic_Nuzleaf
0x08DEC7A8	rom	gMonShinyPalette_Nuzleaf
0x08DEC7D0	rom	gMonIcon_Nuzleaf
0x08DECBD0	rom	gMonFootprint_Nuzleaf
0x08DECBF0	rom	gMonFrontPic_Shiftry
0x08DED0AC	rom	gMonPalette_Shiftry
0x08DED0D4	rom	gMonBackPic_Shiftry
0x08DED398	rom	gMonShinyPalette_Shiftry
0x08DED3C0	rom	gMonIcon_Shiftry
0x08DED7C0	rom	gMonFootprint_Shiftry
0x08DED7E0	rom	gMonFrontPic_Nincada
0x08DEDA80	rom	gMonPalette_Nincada
0x08DEDAA8	rom	gMonBackPic_Nincada
0x08DEDD60	rom	gMonShinyPalette_Nincada
0x08DEDD88	rom	gMonIcon_Nincada
0x08DEE188	rom	gMonFootprint_Nincada
0x08DEE1A8	rom	gMonFrontPic_Ninjask
0x08DEE518	rom	gMonPalette_Ninjask
0x08DEE540	rom	gMonBackPic_Ninjask
0x08DEE90C	rom	gMonShinyPalette_Ninjask
0x08DEE934	rom	gMonIcon_Ninjask
0x08DEED34	rom	gMonFootprint_Ninjask
0x08DEED54	rom	gMonFrontPic_Shedinja
0x08DEF074	rom	gMonPalette_Shedinja
0x08DEF09C	rom	gMonBackPic_Shedinja
0x08DEF43C	rom	gMonShinyPalette_Shedinja
0x08DEF464	rom	gMonIcon_Shedinja
0x08DEF864	rom	gMonFootprint_Shedinja
0x08DEF884	rom	gMonFrontPic_Taillow
0x08DEFADC	rom	gMonPalette_Taillow
0x08DEFB04	rom	gMonBackPic_Taillow
0x08DEFD24	rom	gMonShinyPalette_Taillow
0x08DEFD4C	rom	gMonIcon_Taillow
0x08DF014C	rom	gMonFootprint_Taillow
0x08DF016C	rom	gMonFrontPic_Swellow
0x08DF0530	rom	gMonPalette_Swellow
0x08DF0558	rom	gMonBackPic_Swellow
0x08DF0890	rom	gMonShinyPalette_Swellow
0x08DF08B8	rom	gMonIcon_Swellow
0x08DF0CB8	rom	gMonFootprint_Swellow
0x08DF0CD8	rom	gMonFrontPic_Shroomish
0x08DF0F40	rom	gMonPalette_Shroomish
0x08DF0F68	rom	gMonBackPic_Shroomish
0x08DF1248	rom	gMonShinyPalette_Shroomish
0x08DF1270	rom	gMonIcon_Shroomish
0x08DF1670	rom	gMonFootprint_Shroomish
0x08DF1690	rom	gMonFrontPic_Breloom
0x08DF1A78	rom	gMonPalette_Breloom
0x08DF1AA0	rom	gMonBackPic_Breloom
0x08DF1E80	rom	gMonShinyPalette_Breloom
0x08DF1EA8	rom	gMonIcon_Breloom
0x08DF22A8	rom	gMonFootprint_Breloom
0x08DF22C8	rom	gMonFrontPic_Spinda
0x08DF25C8	rom	gMonPalette_Spinda
0x08DF25F0	rom	gMonBackPic_Spinda
0x08DF292C	rom	gMonShinyPalette_Spinda
0x08DF2954	rom	gMonIcon_Spinda
0x08DF2D54	rom	gMonFootprint_Spinda
0x08DF2D74	rom	gMonFrontPic_Wingull
0x08DF2FB0	rom	gMonPalette_Wingull
0x08DF2FD8	rom	gMonBackPic_Wingull
0x08DF3328	rom	gMonShinyPalette_Wingull
0x08DF3350	rom	gMonIcon_Wingull
0x08DF3750	rom	gMonFootprint_Wingull
0x08DF3770	rom	gMonFrontPic_Pelipper
0x08DF3B08	rom	gMonPalette_Pelipper
0x08DF3B30	rom	gMonBackPic_Pelipper
0x08DF3EB0	rom	gMonShinyPalette_Pelipper
0x08DF3ED8	rom	gMonIcon_Pelipper
0x08DF42D8	rom	gMonFootprint_Pelipper
0x08DF42F8	rom	gMonFrontPic_Surskit
0x08DF4504	rom	gMonPalette_Surskit
0x08DF452C	rom	gMonBackPic_Surskit
0x08DF4764	rom	gMonShinyPalette_Surskit
0x08DF478C	rom	gMonIcon_Surskit
0x08DF4B8C	rom	gMonFootprint_Surskit
0x08DF4BAC	rom	gMonFrontPic_Masquerain
0x08DF4F48	rom	gMonPalette_Masquerain
0x08DF4F70	rom	gMonBackPic_Masquerain
0x08DF52C8	rom	gMonShinyPalette_Masquerain
0x08DF52F0	rom	gMonIcon_Masquerain
0x08DF56F0	rom	gMonFootprint_Masquerain
0x08DF5710	rom	gMonFrontPic_Wailmer
0x08DF59F0	rom	gMonPalette_Wailmer
0x08DF5A18	rom	gMonBackPic_Wailmer
0x08DF5BFC	rom	gMonShinyPalette_Wailmer
0x08DF5C24	rom	gMonIcon_Wailmer
0x08DF6024	rom	gMonFootprint_Wailmer
0x08DF6044	rom	gMonFrontPic_Wailord
0x08DF6408	rom	gMonPalette_Wailord
0x08DF6430	rom	gMonBackPic_Wailord
0x08DF6648	rom	gMonShinyPalette_Wailord
0x08DF6670	rom	gMonIcon_Wailord
0x08DF6A70	rom	gMonFootprint_Wailord
0x08DF6A90	rom	gMonFrontPic_Skitty
0x08DF6D90	rom	gMonPalette_Skitty
0x08DF6DB8	rom	gMonBackPic_Skitty
0x08DF7100	rom	gMonShinyPalette_Skitty
0x08DF7128	rom	gMonIcon_Skitty
0x08DF7528	rom	gMonFootprint_Skitty
0x08DF7548	rom	gMonFrontPic_Delcatty
0x08DF78D4	rom	gMonPalette_Delcatty
0x08DF78FC	rom	gMonBackPic_Delcatty
0x08DF7C98	rom	gMonShinyPalette_Delcatty
0x08DF7CC0	rom	gMonIcon_Delcatty
0x08DF80C0	rom	gMonFootprint_Delcatty
0x08DF80E0	rom	gMonFrontPic_Kecleon
0x08DF8460	rom	gMonPalette_Kecleon
0x08DF8488	rom	gMonBackPic_Kecleon
0x08DF8860	rom	gMonShinyPalette_Kecleon
0x08DF8888	rom	gMonIcon_Kecleon
0x08DF8C88	rom	gMonFootprint_Kecleon
0x08DF8CA8	rom	gMonFrontPic_Baltoy
0x08DF8ECC	rom	gMonPalette_Baltoy
0x08DF8EEC	rom	gMonBackPic_Baltoy
0x08DF9194	rom	gMonShinyPalette_Baltoy
0x08DF91B4	rom	gMonIcon_Baltoy
0x08DF95B4	rom	gMonFootprint_Baltoy
0x08DF95D4	rom	gMonFrontPic_Claydol
0x08DF998C	rom	gMonPalette_Claydol
0x08DF99B4	rom	gMonBackPic_Claydol
0x08DF9D88	rom	gMonShinyPalette_Claydol
0x08DF9DB0	rom	gMonIcon_Claydol
0x08DFA1B0	rom	gMonFootprint_Claydol
0x08DFA1D0	rom	gMonFrontPic_Nosepass
0x08DFA49C	rom	gMonPalette_Nosepass
0x08DFA4C4	rom	gMonBackPic_Nosepass
0x08DFA764	rom	gMonShinyPalette_Nosepass
0x08DFA78C	rom	gMonIcon_Nosepass
0x08DFAB8C	rom	gMonFootprint_Nosepass
0x08DFABAC	rom	gMonFrontPic_Torkoal
0x08DFB058	rom	gMonPalette_Torkoal
0x08DFB080	rom	gMonBackPic_Torkoal
0x08DFB348	rom	gMonShinyPalette_Torkoal
0x08DFB370	rom	gMonIcon_Torkoal
0x08DFB770	rom	gMonFootprint_Torkoal
0x08DFB790	rom	gMonFrontPic_Sableye
0x08DFBA64	rom	gMonPalette_Sableye
0x08DFBA8C	rom	gMonBackPic_Sableye
0x08DFBDB4	rom	gMonShinyPalette_Sableye
0x08DFBDDC	rom	gMonIcon_Sableye
0x08DFC1DC	rom	gMonFootprint_Sableye
0x08DFC1FC	rom	gMonFrontPic_Barboach
0x08DFC48C	rom	gMonPalette_Barboach
0x08DFC4B4	rom	gMonBackPic_Barboach
0x08DFC744	rom	gMonShinyPalette_Barboach
0x08DFC76C	rom	gMonIcon_Barboach
0x08DFCB6C	rom	gMonFootprint_Barboach
0x08DFCB8C	rom	gMonFrontPic_Whiscash
0x08DFCF04	rom	gMonPalette_Whiscash
0x08DFCF2C	rom	gMonBackPic_Whiscash
0x08DFD278	rom	gMonShinyPalette_Whiscash
0x08DFD2A0	rom	gMonIcon_Whiscash
0x08DFD6A0	rom	gMonFootprint_Whiscash
0x08DFD6C0	rom	gMonFrontPic_Luvdisc
0x08DFD880	rom	gMonPalette_Luvdisc
0x08DFD8A4	rom	gMonBackPic_Luvdisc
0x08DFDA78	rom	gMonShinyPalette_Luvdisc
0x08DFDA9C	rom	gMonIcon_Luvdisc
0x08DFDE9C	rom	gMonFootprint_Luvdisc
0x08DFDEBC	rom	gMonFrontPic_Corphish
0x08DFE218	rom	gMonPalette_Corphish
0x08DFE240	rom	gMonBackPic_Corphish
0x08DFE55C	rom	gMonShinyPalette_Corphish
0x08DFE584	rom	gMonIcon_Corphish
0x08DFE984	rom	gMonFootprint_Corphish
0x08DFE9A4	rom	gMonFrontPic_Crawdaunt
0x08DFEE34	rom	gMonPalette_Crawdaunt
0x08DFEE5C	rom	gMonBackPic_Crawdaunt
0x08DFF240	rom	gMonShinyPalette_Crawdaunt
0x08DFF268	rom	gMonIcon_Crawdaunt
0x08DFF668	rom	gMonFootprint_Crawdaunt
0x08DFF688	rom	gMonFrontPic_Feebas
0x08DFF914	rom	gMonPalette_Feebas
0x08DFF93C	rom	gMonBackPic_Feebas
0x08DFFC74	rom	gMonShinyPalette_Feebas
0x08DFFC9C	rom	gMonIcon_Feebas
0x08E0009C	rom	gMonFootprint_Feebas
0x08E000BC	rom	gMonFrontPic_Milotic
0x08E0054C	rom	gMonPalette_Milotic
0x08E00574	rom	gMonBackPic_Milotic
0x08E00868	rom	gMonShinyPalette_Milotic
0x08E00890	rom	gMonIcon_Milotic
0x08E00C90	rom	gMonFootprint_Milotic
0x08E00CB0	rom	gMonFrontPic_Carvanha
0x08E00FDC	rom	gMonPalette_Carvanha
0x08E01004	rom	gMonBackPic_Carvanha
0x08E01314	rom	gMonShinyPalette_Carvanha
0x08E0133C	rom	gMonIcon_Carvanha
0x08E0173C	rom	gMonFootprint_Carvanha
0x08E0175C	rom	gMonFrontPic_Sharpedo
0x08E01AEC	rom	gMonPalette_Sharpedo
0x08E01B14	rom	gMonBackPic_Sharpedo
0x08E01E6C	rom	gMonShinyPalette_Sharpedo
0x08E01E94	rom	gMonIcon_Sharpedo
0x08E02294	rom	gMonFootprint_Sharpedo
0x08E022B4	rom	gMonFrontPic_Trapinch
0x08E024D0	rom	gMonPalette_Trapinch
0x08E024F8	rom	gMonBackPic_Trapinch
0x08E02718	rom	gMonShinyPalette_Trapinch
0x08E02740	rom	gMonIcon_Trapinch
0x08E02B40	rom	gMonFootprint_Trapinch
0x08E02B60	rom	gMonFrontPic_Vibrava
0x08E02ED0	rom	gMonPalette_Vibrava
0x08E02EF8	rom	gMonBackPic_Vibrava
0x08E03170	rom	gMonShinyPalette_Vibrava
0x08E03198	rom	gMonIcon_Vibrava
0x08E03598	rom	gMonFootprint_Vibrava
0x08E035B8	rom	gMonFrontPic_Flygon
0x08E03AA8	rom	gMonPalette_Flygon
0x08E03AD0	rom	gMonBackPic_Flygon
0x08E03F0C	rom	gMonShinyPalette_Flygon
0x08E03F34	rom	gMonIcon_Flygon
0x08E04334	rom	gMonFootprint_Flygon
0x08E04354	rom	gMonFrontPic_Makuhita
0x08E0466C	rom	gMonPalette_Makuhita
0x08E04694	rom	gMonBackPic_Makuhita
0x08E04984	rom	gMonShinyPalette_Makuhita
0x08E049A8	rom	gMonIcon_Makuhita
0x08E04DA8	rom	gMonFootprint_Makuhita
0x08E04DC8	rom	gMonFrontPic_Hariyama
0x08E05278	rom	gMonPalette_Hariyama
0x08E052A0	rom	gMonBackPic_Hariyama
0x08E05680	rom	gMonShinyPalette_Hariyama
0x08E056A8	rom	gMonIcon_Hariyama
0x08E05AA8	rom	gMonFootprint_Hariyama
0x08E05AC8	rom	gMonFrontPic_Electrike
0x08E05D58	rom	gMonPalette_Electrike
0x08E05D80	rom	gMonBackPic_Electrike
0x08E0600C	rom	gMonShinyPalette_Electrike
0x08E06034	rom	gMonIcon_Electrike
0x08E06434	rom	gMonFootprint_Electrike
0x08E06454	rom	gMonFrontPic_Manectric
0x08E06784	rom	gMonPalette_Manectric
0x08E067AC	rom	gMonBackPic_Manectric
0x08E069D8	rom	gMonShinyPalette_Manectric
0x08E06A00	rom	gMonIcon_Manectric
0x08E06E00	rom	gMonFootprint_Manectric
0x08E06E20	rom	gMonFrontPic_Numel
0x08E070F0	rom	gMonPalette_Numel
0x08E07118	rom	gMonBackPic_Numel
0x08E073D4	rom	gMonShinyPalette_Numel
0x08E073FC	rom	gMonIcon_Numel
0x08E077FC	rom	gMonFootprint_Numel
0x08E0781C	rom	gMonFrontPic_Camerupt
0x08E07C34	rom	gMonPalette_Camerupt
0x08E07C5C	rom	gMonBackPic_Camerupt
0x08E07F20	rom	gMonShinyPalette_Camerupt
0x08E07F48	rom	gMonIcon_Camerupt
0x08E08348	rom	gMonFootprint_Camerupt
0x08E08368	rom	gMonFrontPic_Spheal
0x08E085DC	rom	gMonPalette_Spheal
0x08E08604	rom	gMonBackPic_Spheal
0x08E08800	rom	gMonShinyPalette_Spheal
0x08E08828	rom	gMonIcon_Spheal
0x08E08C28	rom	gMonFootprint_Spheal
0x08E08C48	rom	gMonFrontPic_Sealeo
0x08E08FC8	rom	gMonPalette_Sealeo
0x08E08FF0	rom	gMonBackPic_Sealeo
0x08E0926C	rom	gMonShinyPalette_Sealeo
0x08E09294	rom	gMonIcon_Sealeo
0x08E09694	rom	gMonFootprint_Sealeo
0x08E096B4	rom	gMonFrontPic_Walrein
0x08E09B54	rom	gMonPalette_Walrein
0x08E09B7C	rom	gMonBackPic_Walrein
0x08E09F04	rom	gMonShinyPalette_Walrein
0x08E09F2C	rom	gMonIcon_Walrein
0x08E0A32C	rom	gMonFootprint_Walrein
0x08E0A34C	rom	gMonFrontPic_Cacnea
0x08E0A65C	rom	gMonPalette_Cacnea
0x08E0A684	rom	gMonBackPic_Cacnea
0x08E0A9E4	rom	gMonShinyPalette_Cacnea
0x08E0AA0C	rom	gMonIcon_Cacnea
0x08E0AE0C	rom	gMonFootprint_Cacnea
0x08E0AE2C	rom	gMonFrontPic_Cacturne
0x08E0B264	rom	gMonPalette_Cacturne
0x08E0B28C	rom	gMonBackPic_Cacturne
0x08E0B58C	rom	gMonShinyPalette_Cacturne
0x08E0B5B4	rom	gMonIcon_Cacturne
0x08E0B9B4	rom	gMonFootprint_Cacturne
0x08E0B9D4	rom	gMonFrontPic_Snorunt
0x08E0BC98	rom	gMonPalette_Snorunt
0x08E0BCC0	rom	gMonBackPic_Snorunt
0x08E0BFA4	rom	gMonShinyPalette_Snorunt
0x08E0BFCC	rom	gMonIcon_Snorunt
0x08E0C3CC	rom	gMonFootprint_Snorunt
0x08E0C3EC	rom	gMonFrontPic_Glalie
0x08E0C7B4	rom	gMonPalette_Glalie
0x08E0C7DC	rom	gMonBackPic_Glalie
0x08E0CB8C	rom	gMonShinyPalette_Glalie
0x08E0CBB4	rom	gMonIcon_Glalie
0x08E0CFB4	rom	gMonFootprint_Glalie
0x08E0CFD4	rom	gMonFrontPic_Lunatone
0x08E0D2FC	rom	gMonPalette_Lunatone
0x08E0D324	rom	gMonBackPic_Lunatone
0x08E0D67C	rom	gMonShinyPalette_Lunatone
0x08E0D6A4	rom	gMonIcon_Lunatone
0x08E0DAA4	rom	gMonFootprint_Lunatone
0x08E0DAC4	rom	gMonFrontPic_Solrock
0x08E0DF10	rom	gMonPalette_Solrock
0x08E0DF38	rom	gMonBackPic_Solrock
0x08E0E324	rom	gMonShinyPalette_Solrock
0x08E0E34C	rom	gMonIcon_Solrock
0x08E0E74C	rom	gMonFootprint_Solrock
0x08E0E76C	rom	gMonFrontPic_Azurill
0x08E0EA34	rom	gMonPalette_Azurill
0x08E0EA5C	rom	gMonBackPic_Azurill
0x08E0ED74	rom	gMonShinyPalette_Azurill
0x08E0ED9C	rom	gMonIcon_Azurill
0x08E0F19C	rom	gMonFootprint_Azurill
0x08E0F1BC	rom	gMonFrontPic_Spoink
0x08E0F428	rom	gMonPalette_Spoink
0x08E0F450	rom	gMonBackPic_Spoink
0x08E0F690	rom	gMonShinyPalette_Spoink
0x08E0F6B8	rom	gMonIcon_Spoink
0x08E0FAB8	rom	gMonFootprint_Spoink
0x08E0FAD8	rom	gMonFrontPic_Grumpig
0x08E0FE94	rom	gMonPalette_Grumpig
0x08E0FEBC	rom	gMonBackPic_Grumpig
0x08E1021C	rom	gMonShinyPalette_Grumpig
0x08E10244	rom	gMonIcon_Grumpig
0x08E10644	rom	gMonFootprint_Grumpig
0x08E10664	rom	gMonFrontPic_Plusle
0x08E108F0	rom	gMonPalette_Plusle
0x08E10918	rom	gMonBackPic_Plusle
0x08E10BD0	rom	gMonShinyPalette_Plusle
0x08E10BF8	rom	gMonIcon_Plusle
0x08E10FF8	rom	gMonFootprint_Plusle
0x08E11018	rom	gMonFrontPic_Minun
0x08E11280	rom	gMonPalette_Minun
0x08E112A8	rom	gMonBackPic_Minun
0x08E11570	rom	gMonShinyPalette_Minun
0x08E11598	rom	gMonIcon_Minun
0x08E11998	rom	gMonFootprint_Minun
0x08E119B8	rom	gMonFrontPic_Mawile
0x08E11D74	rom	gMonPalette_Mawile
0x08E11D9C	rom	gMonBackPic_Mawile
0x08E1219C	rom	gMonShinyPalette_Mawile
0x08E121C4	rom	gMonIcon_Mawile
0x08E125C4	rom	gMonFootprint_Mawile
0x08E125E4	rom	gMonFrontPic_Meditite
0x08E1289C	rom	gMonPalette_Meditite
0x08E128C4	rom	gMonBackPic_Meditite
0x08E12B8C	rom	gMonShinyPalette_Meditite
0x08E12BB0	rom	gMonIcon_Meditite
0x08E12FB0	rom	gMonFootprint_Meditite
0x08E12FD0	rom	gMonFrontPic_Medicham
0x08E13300	rom	gMonPalette_Medicham
0x08E13328	rom	gMonBackPic_Medicham
0x08E13660	rom	gMonShinyPalette_Medicham
0x08E13688	rom	gMonIcon_Medicham
0x08E13A88	rom	gMonFootprint_Medicham
0x08E13AA8	rom	gMonFrontPic_Swablu
0x08E13D80	rom	gMonPalette_Swablu
0x08E13DA8	rom	gMonBackPic_Swablu
0x08E14160	rom	gMonShinyPalette_Swablu
0x08E14188	rom	gMonIcon_Swablu
0x08E14588	rom	gMonFootprint_Swablu
0x08E145A8	rom	gMonFrontPic_Altaria
0x08E14984	rom	gMonPalette_Altaria
0x08E149AC	rom	gMonBackPic_Altaria
0x08E14D24	rom	gMonShinyPalette_Altaria
0x08E14D4C	rom	gMonIcon_Altaria
0x08E1514C	rom	gMonFootprint_Altaria
0x08E1516C	rom	gMonFrontPic_Wynaut
0x08E15404	rom	gMonPalette_Wynaut
0x08E1542C	rom	gMonBackPic_Wynaut
0x08E156BC	rom	gMonShinyPalette_Wynaut
0x08E156E4	rom	gMonIcon_Wynaut
0x08E15AE4	rom	gMonFootprint_Wynaut
0x08E15B04	rom	gMonFrontPic_Duskull
0x08E15DF4	rom	gMonPalette_Duskull
0x08E15E1C	rom	gMonBackPic_Duskull
0x08E160CC	rom	gMonShinyPalette_Duskull
0x08E160F4	rom	gMonIcon_Duskull
0x08E164F4	rom	gMonFootprint_Duskull
0x08E16514	rom	gMonFrontPic_Dusclops
0x08E168B4	rom	gMonPalette_Dusclops
0x08E168DC	rom	gMonBackPic_Dusclops
0x08E16BC8	rom	gMonShinyPalette_Dusclops
0x08E16BF0	rom	gMonIcon_Dusclops
0x08E16FF0	rom	gMonFootprint_Dusclops
0x08E17010	rom	gMonFrontPic_Roselia
0x08E1737C	rom	gMonPalette_Roselia
0x08E173A4	rom	gMonBackPic_Roselia
0x08E1776C	rom	gMonShinyPalette_Roselia
0x08E17794	rom	gMonIcon_Roselia
0x08E17B94	rom	gMonFootprint_Roselia
0x08E17BB4	rom	gMonFrontPic_Slakoth
0x08E17E9C	rom	gMonPalette_Slakoth
0x08E17EC4	rom	gMonBackPic_Slakoth
0x08E181AC	rom	gMonShinyPalette_Slakoth
0x08E181D4	rom	gMonIcon_Slakoth
0x08E185D4	rom	gMonFootprint_Slakoth
0x08E185F4	rom	gMonFrontPic_Vigoroth
0x08E189F0	rom	gMonPalette_Vigoroth
0x08E18A18	rom	gMonBackPic_Vigoroth
0x08E18CE0	rom	gMonShinyPalette_Vigoroth
0x08E18D08	rom	gMonIcon_Vigoroth
0x08E19108	rom	gMonFootprint_Vigoroth
0x08E19128	rom	gMonFrontPic_Slaking
0x08E195FC	rom	gMonPalette_Slaking
0x08E19624	rom	gMonBackPic_Slaking
0x08E199E8	rom	gMonShinyPalette_Slaking
0x08E19A10	rom	gMonIcon_Slaking
0x08E19E10	rom	gMonFootprint_Slaking
0x08E19E30	rom	gMonFrontPic_Gulpin
0x08E1A048	rom	gMonPalette_Gulpin
0x08E1A070	rom	gMonBackPic_Gulpin
0x08E1A2F4	rom	gMonShinyPalette_Gulpin
0x08E1A31C	rom	gMonIcon_Gulpin
0x08E1A71C	rom	gMonFootprint_Gulpin
0x08E1A73C	rom	gMonFrontPic_Swalot
0x08E1AA80	rom	gMonPalette_Swalot
0x08E1AAA8	rom	gMonBackPic_Swalot
0x08E1ADF0	rom	gMonShinyPalette_Swalot
0x08E1AE18	rom	gMonIcon_Swalot
0x08E1B218	rom	gMonFootprint_Swalot
0x08E1B238	rom	gMonFrontPic_Tropius
0x08E1B7B0	rom	gMonPalette_Tropius
0x08E1B7D8	rom	gMonBackPic_Tropius
0x08E1BAFC	rom	gMonShinyPalette_Tropius
0x08E1BB24	rom	gMonIcon_Tropius
0x08E1BF24	rom	gMonFootprint_Tropius
0x08E1BF44	rom	gMonFrontPic_Whismur
0x08E1C1D8	rom	gMonPalette_Whismur
0x08E1C200	rom	gMonBackPic_Whismur
0x08E1C470	rom	gMonShinyPalette_Whismur
0x08E1C498	rom	gMonIcon_Whismur
0x08E1C898	rom	gMonFootprint_Whismur
0x08E1C8B8	rom	gMonFrontPic_Loudred
0x08E1CD30	rom	gMonPalette_Loudred
0x08E1CD58	rom	gMonBackPic_Loudred
0x08E1D0C8	rom	gMonShinyPalette_Loudred
0x08E1D0F0	rom	gMonIcon_Loudred
0x08E1D4F0	rom	gMonFootprint_Loudred
0x08E1D510	rom	gMonFrontPic_Exploud
0x08E1DA78	rom	gMonPalette_Exploud
0x08E1DAA0	rom	gMonBackPic_Exploud
0x08E1DEAC	rom	gMonShinyPalette_Exploud
0x08E1DED4	rom	gMonIcon_Exploud
0x08E1E2D4	rom	gMonFootprint_Exploud
0x08E1E2F4	rom	gMonFrontPic_Clamperl
0x08E1E5CC	rom	gMonPalette_Clamperl
0x08E1E5F4	rom	gMonBackPic_Clamperl
0x08E1E888	rom	gMonShinyPalette_Clamperl
0x08E1E8B0	rom	gMonIcon_Clamperl
0x08E1ECB0	rom	gMonFootprint_Clamperl
0x08E1ECD0	rom	gMonFrontPic_Huntail
0x08E1F09C	rom	gMonPalette_Huntail
0x08E1F0C4	rom	gMonBackPic_Huntail
0x08E1F418	rom	gMonShinyPalette_Huntail
0x08E1F440	rom	gMonIcon_Huntail
0x08E1F840	rom	gMonFootprint_Huntail
0x08E1F860	rom	gMonFrontPic_Gorebyss
0x08E1FB70	rom	gMonPalette_Gorebyss
0x08E1FB98	rom	gMonBackPic_Gorebyss
0x08E1FE80	rom	gMonShinyPalette_Gorebyss
0x08E1FEA8	rom	gMonIcon_Gorebyss
0x08E202A8	rom	gMonFootprint_Gorebyss
0x08E202C8	rom	gMonFrontPic_Absol
0x08E206F8	rom	gMonPalette_Absol
0x08E20720	rom	gMonBackPic_Absol
0x08E20A80	rom	gMonShinyPalette_Absol
0x08E20AA8	rom	gMonIcon_Absol
0x08E20EA8	rom	gMonFootprint_Absol
0x08E20EC8	rom	gMonFrontPic_Shuppet
0x08E21100	rom	gMonPalette_Shuppet
0x08E21128	rom	gMonBackPic_Shuppet
0x08E213C0	rom	gMonShinyPalette_Shuppet
0x08E213E8	rom	gMonIcon_Shuppet
0x08E217E8	rom	gMonFootprint_Shuppet
0x08E21808	rom	gMonFrontPic_Banette
0x08E21ABC	rom	gMonPalette_Banette
0x08E21AE4	rom	gMonBackPic_Banette
0x08E21D60	rom	gMonShinyPalette_Banette
0x08E21D88	rom	gMonIcon_Banette
0x08E22188	rom	gMonFootprint_Banette
0x08E221A8	rom	gMonFrontPic_Seviper
0x08E225C8	rom	gMonPalette_Seviper
0x08E225F0	rom	gMonBackPic_Seviper
0x08E22A7C	rom	gMonShinyPalette_Seviper
0x08E22AA4	rom	gMonIcon_Seviper
0x08E22EA4	rom	gMonFootprint_Seviper
0x08E22EC4	rom	gMonFrontPic_Zangoose
0x08E23290	rom	gMonPalette_Zangoose
0x08E232B8	rom	gMonBackPic_Zangoose
0x08E2362C	rom	gMonShinyPalette_Zangoose
0x08E23654	rom	gMonIcon_Zangoose
0x08E23A54	rom	gMonFootprint_Zangoose
0x08E23A74	rom	gMonFrontPic_Relicanth
0x08E23E08	rom	gMonPalette_Relicanth
0x08E23E30	rom	gMonBackPic_Relicanth
0x08E24188	rom	gMonShinyPalette_Relicanth
0x08E241B0	rom	gMonIcon_Relicanth
0x08E245B0	rom	gMonFootprint_Relicanth
0x08E245D0	rom	gMonFrontPic_Aron
0x08E247B8	rom	gMonPalette_Aron
0x08E247E0	rom	gMonBackPic_Aron
0x08E24A08	rom	gMonShinyPalette_Aron
0x08E24A30	rom	gMonIcon_Aron
0x08E24E30	rom	gMonFootprint_Aron
0x08E24E50	rom	gMonFrontPic_Lairon
0x08E2521C	rom	gMonPalette_Lairon
0x08E25244	rom	gMonBackPic_Lairon
0x08E25530	rom	gMonShinyPalette_Lairon
0x08E25558	rom	gMonIcon_Lairon
0x08E25958	rom	gMonFootprint_Lairon
0x08E25978	rom	gMonFrontPic_Aggron
0x08E25EF4	rom	gMonPalette_Aggron
0x08E25F1C	rom	gMonBackPic_Aggron
0x08E26344	rom	gMonShinyPalette_Aggron
0x08E2636C	rom	gMonIcon_Aggron
0x08E2676C	rom	gMonFootprint_Aggron
0x08E2678C	rom	gMonFrontPic_Castform
0x08E27214	rom	gMonPalette_Castform
0x08E27294	rom	gMonBackPic_Castform
0x08E27C50	rom	gMonShinyPalette_Castform
0x08E27CCC	rom	gMonIcon_Castform
0x08E280CC	rom	gMonFootprint_Castform
0x08E280EC	rom	gMonFrontPic_Volbeat
0x08E2847C	rom	gMonPalette_Volbeat
0x08E284A4	rom	gMonBackPic_Volbeat
0x08E28804	rom	gMonShinyPalette_Volbeat
0x08E2882C	rom	gMonIcon_Volbeat
0x08E28C2C	rom	gMonFootprint_Volbeat
0x08E28C4C	rom	gMonFrontPic_Illumise
0x08E28FC0	rom	gMonPalette_Illumise
0x08E28FE8	rom	gMonBackPic_Illumise
0x08E29304	rom	gMonShinyPalette_Illumise
0x08E2932C	rom	gMonIcon_Illumise
0x08E2972C	rom	gMonFootprint_Illumise
0x08E2974C	rom	gMonFrontPic_Lileep
0x08E29A90	rom	gMonPalette_Lileep
0x08E29AB8	rom	gMonBackPic_Lileep
0x08E29DFC	rom	gMonShinyPalette_Lileep
0x08E29E24	rom	gMonIcon_Lileep
0x08E2A224	rom	gMonFootprint_Lileep
0x08E2A244	rom	gMonFrontPic_Cradily
0x08E2A660	rom	gMonPalette_Cradily
0x08E2A688	rom	gMonBackPic_Cradily
0x08E2AA84	rom	gMonShinyPalette_Cradily
0x08E2AAAC	rom	gMonIcon_Cradily
0x08E2AEAC	rom	gMonFootprint_Cradily
0x08E2AECC	rom	gMonFrontPic_Anorith
0x08E2B1F0	rom	gMonPalette_Anorith
0x08E2B218	rom	gMonBackPic_Anorith
0x08E2B460	rom	gMonShinyPalette_Anorith
0x08E2B488	rom	gMonIcon_Anorith
0x08E2B888	rom	gMonFootprint_Anorith
0x08E2B8A8	rom	gMonFrontPic_Armaldo
0x08E2BE28	rom	gMonPalette_Armaldo
0x08E2BE50	rom	gMonBackPic_Armaldo
0x08E2C288	rom	gMonShinyPalette_Armaldo
0x08E2C2B0	rom	gMonIcon_Armaldo
0x08E2C6B0	rom	gMonFootprint_Armaldo
0x08E2C6D0	rom	gMonFrontPic_Ralts
0x08E2C900	rom	gMonPalette_Ralts
0x08E2C928	rom	gMonBackPic_Ralts
0x08E2CB64	rom	gMonShinyPalette_Ralts
0x08E2CB8C	rom	gMonIcon_Ralts
0x08E2CF8C	rom	gMonFootprint_Ralts
0x08E2CFAC	rom	gMonFrontPic_Kirlia
0x08E2D2A8	rom	gMonPalette_Kirlia
0x08E2D2D0	rom	gMonBackPic_Kirlia
0x08E2D644	rom	gMonShinyPalette_Kirlia
0x08E2D66C	rom	gMonIcon_Kirlia
0x08E2DA6C	rom	gMonFootprint_Kirlia
0x08E2DA8C	rom	gMonFrontPic_Gardevoir
0x08E2DE08	rom	gMonPalette_Gardevoir
0x08E2DE30	rom	gMonBackPic_Gardevoir
0x08E2E164	rom	gMonShinyPalette_Gardevoir
0x08E2E18C	rom	gMonIcon_Gardevoir
0x08E2E58C	rom	gMonFootprint_Gardevoir
0x08E2E5AC	rom	gMonFrontPic_Bagon
0x08E2E824	rom	gMonPalette_Bagon
0x08E2E84C	rom	gMonBackPic_Bagon
0x08E2EB34	rom	gMonShinyPalette_Bagon
0x08E2EB5C	rom	gMonIcon_Bagon
0x08E2EF5C	rom	gMonFootprint_Bagon
0x08E2EF7C	rom	gMonFrontPic_Shelgon
0x08E2F280	rom	gMonPalette_Shelgon
0x08E2F2A8	rom	gMonBackPic_Shelgon
0x08E2F590	rom	gMonShinyPalette_Shelgon
0x08E2F5B8	rom	gMonIcon_Shelgon
0x08E2F9B8	rom	gMonFootprint_Shelgon
0x08E2F9D8	rom	gMonFrontPic_Salamence
0x08E2FE3C	rom	gMonPalette_Salamence
0x08E2FE64	rom	gMonBackPic_Salamence
0x08E30148	rom	gMonShinyPalette_Salamence
0x08E30170	rom	gMonIcon_Salamence
0x08E30570	rom	gMonFootprint_Salamence
0x08E30590	rom	gMonFrontPic_Beldum
0x08E30800	rom	gMonPalette_Beldum
0x08E30828	rom	gMonBackPic_Beldum
0x08E30B18	rom	gMonShinyPalette_Beldum
0x08E30B40	rom	gMonIcon_Beldum
0x08E30F40	rom	gMonFootprint_Beldum
0x08E30F60	rom	gMonFrontPic_Metang
0x08E313BC	rom	gMonPalette_Metang
0x08E313E4	rom	gMonBackPic_Metang
0x08E31708	rom	gMonShinyPalette_Metang
0x08E31730	rom	gMonIcon_Metang
0x08E31B30	rom	gMonFootprint_Metang
0x08E31B50	rom	gMonFrontPic_Metagross
0x08E31FB4	rom	gMonPalette_Metagross
0x08E31FDC	rom	gMonBackPic_Metagross
0x08E322A8	rom	gMonShinyPalette_Metagross
0x08E322D0	rom	gMonIcon_Metagross
0x08E326D0	rom	gMonFootprint_Metagross
0x08E326F0	rom	gMonFrontPic_Regirock
0x08E32BAC	rom	gMonPalette_Regirock
0x08E32BD4	rom	gMonBackPic_Regirock
0x08E33020	rom	gMonShinyPalette_Regirock
0x08E33048	rom	gMonIcon_Regirock
0x08E33448	rom	gMonFootprint_Regirock
0x08E33468	rom	gMonFrontPic_Regice
0x08E338B0	rom	gMonPalette_Regice
0x08E338D8	rom	gMonBackPic_Regice
0x08E33BC8	rom	gMonShinyPalette_Regice
0x08E33BF0	rom	gMonIcon_Regice
0x08E33FF0	rom	gMonFootprint_Regice
0x08E34010	rom	gMonFrontPic_Registeel
0x08E34498	rom	gMonPalette_Registeel
0x08E344C0	rom	gMonBackPic_Registeel
0x08E347F8	rom	gMonShinyPalette_Registeel
0x08E34820	rom	gMonIcon_Registeel
0x08E34C20	rom	gMonFootprint_Registeel
0x08E34C40	rom	gMonFrontPic_Kyogre
0x08E350B0	rom	gMonPalette_Kyogre
0x08E350D8	rom	gMonBackPic_Kyogre
0x08E35350	rom	gMonShinyPalette_Kyogre
0x08E35378	rom	gMonIcon_Kyogre
0x08E35778	rom	gMonFootprint_Kyogre
0x08E35798	rom	gMonFrontPic_Groudon
0x08E35D2C	rom	gMonPalette_Groudon
0x08E35D54	rom	gMonBackPic_Groudon
0x08E361BC	rom	gMonShinyPalette_Groudon
0x08E361E4	rom	gMonIcon_Groudon
0x08E365E4	rom	gMonFootprint_Groudon
0x08E36604	rom	gMonFrontPic_Rayquaza
0x08E36B14	rom	gMonPalette_Rayquaza
0x08E36B3C	rom	gMonBackPic_Rayquaza
0x08E36E74	rom	gMonShinyPalette_Rayquaza
0x08E36E9C	rom	gMonIcon_Rayquaza
0x08E3729C	rom	gMonFootprint_Rayquaza
0x08E372BC	rom	gMonFrontPic_Latias
0x08E376E0	rom	gMonPalette_Latias
0x08E37708	rom	gMonBackPic_Latias
0x08E37A04	rom	gMonShinyPalette_Latias
0x08E37A2C	rom	gMonIcon_Latias
0x08E37E2C	rom	gMonFootprint_Latias
0x08E37E4C	rom	gMonFrontPic_Latios
0x08E382A0	rom	gMonPalette_Latios
0x08E382C8	rom	gMonBackPic_Latios
0x08E38628	rom	gMonShinyPalette_Latios
0x08E38650	rom	gMonIcon_Latios
0x08E38A50	rom	gMonFootprint_Latios
0x08E38A70	rom	gMonFrontPic_Jirachi
0x08E38D7C	rom	gMonPalette_Jirachi
0x08E38DA4	rom	gMonBackPic_Jirachi
0x08E39144	rom	gMonShinyPalette_Jirachi
0x08E3916C	rom	gMonIcon_Jirachi
0x08E3956C	rom	gMonFootprint_Jirachi
0x08E3958C	rom	gMonFrontPic_Deoxys
0x08E39D48	rom	gMonPalette_Deoxys
0x08E39D70	rom	gMonBackPic_Deoxys
0x08E3A360	rom	gMonShinyPalette_Deoxys
0x08E3A388	rom	gMonIcon_Deoxys
0x08E3AB88	rom	gMonFootprint_Deoxys
0x08E3ABA8	rom	gMonFrontPic_Chimecho
0x08E3ADF4	rom	gMonPalette_Chimecho
0x08E3AE1C	rom	gMonBackPic_Chimecho
0x08E3B090	rom	gMonShinyPalette_Chimecho
0x08E3B0B8	rom	gMonIcon_Chimecho
0x08E3B4B8	rom	gMonFootprint_Chimecho
0x08E3B4D8	rom	gMonFrontPic_Egg
0x08E3B68C	rom	gMonPalette_Egg
0x08E3B6AC	rom	gMonFrontPic_UnownB
0x08E3B884	rom	gMonBackPic_UnownB
0x08E3BA88	rom	gMonIcon_UnownB
0x08E3BE88	rom	gMonFrontPic_UnownC
0x08E3C09C	rom	gMonBackPic_UnownC
0x08E3C348	rom	gMonIcon_UnownC
0x08E3C748	rom	gMonFrontPic_UnownD
0x08E3C940	rom	gMonBackPic_UnownD
0x08E3CB98	rom	gMonIcon_UnownD
0x08E3CF98	rom	gMonFrontPic_UnownE
0x08E3D150	rom	gMonBackPic_UnownE
0x08E3D350	rom	gMonIcon_UnownE
0x08E3D750	rom	gMonFrontPic_UnownF
0x08E3D944	rom	gMonBackPic_UnownF
0x08E3DB60	rom	gMonIcon_UnownF
0x08E3DF60	rom	gMonFrontPic_UnownG
0x08E3E13C	rom	gMonBackPic_UnownG
0x08E3E388	rom	gMonIcon_UnownG
0x08E3E788	rom	gMonFrontPic_UnownH
0x08E3E9CC	rom	gMonBackPic_UnownH
0x08E3EC90	rom	gMonIcon_UnownH
0x08E3F090	rom	gMonFrontPic_UnownI
0x08E3F228	rom	gMonBackPic_UnownI
0x08E3F3D0	rom	gMonIcon_UnownI
0x08E3F7D0	rom	gMonFrontPic_UnownJ
0x08E3F994	rom	gMonBackPic_UnownJ
0x08E3FB7C	rom	gMonIcon_UnownJ
0x08E3FF7C	rom	gMonFrontPic_UnownK
0x08E4014C	rom	gMonBackPic_UnownK
0x08E40344	rom	gMonIcon_UnownK
0x08E40744	rom	gMonFrontPic_UnownL
0x08E408F4	rom	gMonBackPic_UnownL
0x08E40AC8	rom	gMonIcon_UnownL
0x08E40EC8	rom	gMonFrontPic_UnownM
0x08E410EC	rom	gMonBackPic_UnownM
0x08E41394	rom	gMonIcon_UnownM
0x08E41794	rom	gMonFrontPic_UnownN
0x08E4198C	rom	gMonBackPic_UnownN
0x08E41BF8	rom	gMonIcon_UnownN
0x08E41FF8	rom	gMonFrontPic_UnownO
0x08E42230	rom	gMonBackPic_UnownO
0x08E424F0	rom	gMonIcon_UnownO
0x08E428F0	rom	gMonFrontPic_UnownP
0x08E42A90	rom	gMonBackPic_UnownP
0x08E42C54	rom	gMonIcon_UnownP
0x08E43054	rom	gMonFrontPic_UnownQ
0x08E43208	rom	gMonBackPic_UnownQ
0x08E433D4	rom	gMonIcon_UnownQ
0x08E437D4	rom	gMonFrontPic_UnownR
0x08E43978	rom	gMonBackPic_UnownR
0x08E43B40	rom	gMonIcon_UnownR
0x08E43F40	rom	gMonFrontPic_UnownS
0x08E44128	rom	gMonBackPic_UnownS
0x08E4437C	rom	gMonIcon_UnownS
0x08E4477C	rom	gMonFrontPic_UnownT
0x08E4492C	rom	gMonBackPic_UnownT
0x08E44AE0	rom	gMonIcon_UnownT
0x08E44EE0	rom	gMonFrontPic_UnownU
0x08E450F8	rom	gMonBackPic_UnownU
0x08E4534C	rom	gMonIcon_UnownU
0x08E4574C	rom	gMonFrontPic_UnownV
0x08E45930	rom	gMonBackPic_UnownV
0x08E45B60	rom	gMonIcon_UnownV
0x08E45F60	rom	gMonFrontPic_UnownW
0x08E46134	rom	gMonBackPic_UnownW
0x08E46338	rom	gMonIcon_UnownW
0x08E46738	rom	gMonFrontPic_UnownX
0x08E468FC	rom	gMonBackPic_UnownX
0x08E46AEC	rom	gMonIcon_UnownX
0x08E46EEC	rom	gMonFrontPic_UnownY
0x08E470C4	rom	gMonBackPic_UnownY
0x08E472B8	rom	gMonIcon_UnownY
0x08E476B8	rom	gMonFrontPic_UnownZ
0x08E47868	rom	gMonBackPic_UnownZ
0x08E47A44	rom	gMonIcon_UnownZ
0x08E47E44	rom	gMonFrontPic_UnownExclamationMark
0x08E47FD4	rom	gMonBackPic_UnownExclamationMark
0x08E4819C	rom	gMonIcon_UnownExclamationMark
0x08E4859C	rom	gMonFrontPic_UnownQuestionMark
0x08E48758	rom	gMonBackPic_UnownQuestionMark
0x08E48958	rom	gMonIcon_UnownQuestionMark
0x08E48D58	rom	gTrainerFrontPic_AquaLeaderArchie
0x08E49094	rom	gTrainerPalette_AquaLeaderArchie
0x08E490BC	rom	gTrainerFrontPic_AquaGruntM
0x08E4941C	rom	gTrainerPalette_AquaGruntM
0x08E49444	rom	gTrainerFrontPic_AquaGruntF
0x08E49780	rom	gTrainerPalette_AquaGruntF
0x08E497A8	rom	gTrainerFrontPic_RSAromaLady
0x08E49A6C	rom	gTrainerPalette_RSAromaLady
0x08E49A94	rom	gTrainerFrontPic_RSRuinManiac
0x08E49E30	rom	gTrainerPalette_RSRuinManiac
0x08E49E58	rom	gTrainerFrontPic_Interviewer
0x08E4A2FC	rom	gTrainerPalette_Interviewer
0x08E4A324	rom	gTrainerFrontPic_RSTuberF
0x08E4A5C8	rom	gTrainerPalette_RSTuberF
0x08E4A5F0	rom	gTrainerFrontPic_TuberM
0x08E4A87C	rom	gTrainerPalette_TuberM
0x08E4A8A4	rom	gTrainerFrontPic_RSCooltrainerM
0x08E4AB8C	rom	gTrainerPalette_RSCooltrainerM
0x08E4ABB4	rom	gTrainerFrontPic_RSCooltrainerF
0x08E4AEC8	rom	gTrainerPalette_RSCooltrainerF
0x08E4AEF0	rom	gTrainerFrontPic_HexManiac
0x08E4B25C	rom	gTrainerPalette_HexManiac
0x08E4B284	rom	gTrainerFrontPic_RSLady
0x08E4B638	rom	gTrainerPalette_RSLady
0x08E4B660	rom	gTrainerFrontPic_RSBeauty
0x08E4B948	rom	gTrainerPalette_RSBeauty
0x08E4B970	rom	gTrainerFrontPic_RichBoy
0x08E4BC24	rom	gTrainerPalette_RichBoy
0x08E4BC4C	rom	gTrainerFrontPic_RSPokeManiac
0x08E4BFBC	rom	gTrainerPalette_RSPokeManiac
0x08E4BFE4	rom	gTrainerFrontPic_RSSwimmerM
0x08E4C2A4	rom	gTrainerPalette_RSSwimmerM
0x08E4C2CC	rom	gTrainerFrontPic_RSBlackBelt
0x08E4C630	rom	gTrainerPalette_RSBlackBelt
0x08E4C658	rom	gTrainerFrontPic_Guitarist
0x08E4C9DC	rom	gTrainerPalette_Guitarist
0x08E4CA04	rom	gTrainerFrontPic_Kindler
0x08E4CD70	rom	gTrainerPalette_Kindler
0x08E4CD98	rom	gTrainerFrontPic_RSCamper
0x08E4D080	rom	gTrainerPalette_RSCamper
0x08E4D0A8	rom	gTrainerFrontPic_BugManiac
0x08E4D4F8	rom	gTrainerPalette_BugManiac
0x08E4D520	rom	gTrainerFrontPic_RSPsychicM
0x08E4D84C	rom	gTrainerPalette_RSPsychicM
0x08E4D874	rom	gTrainerFrontPic_RSPsychicF
0x08E4DB9C	rom	gTrainerPalette_RSPsychicF
0x08E4DBC4	rom	gTrainerFrontPic_RSGentleman
0x08E4DEC4	rom	gTrainerPalette_RSGentleman
0x08E4DEEC	rom	gTrainerFrontPic_EliteFourSidney
0x08E4E220	rom	gTrainerPalette_EliteFourSidney
0x08E4E248	rom	gTrainerFrontPic_EliteFourPhoebe
0x08E4E548	rom	gTrainerPalette_EliteFourPhoebe
0x08E4E570	rom	gTrainerFrontPic_LeaderRoxanne
0x08E4E85C	rom	gTrainerPalette_LeaderRoxanne
0x08E4E884	rom	gTrainerFrontPic_LeaderBrawly
0x08E4EC18	rom	gTrainerPalette_LeaderBrawly
0x08E4EC40	rom	gTrainerFrontPic_LeaderTateAndLiza
0x08E4F084	rom	gTrainerPalette_LeaderTateAndLiza
0x08E4F0AC	rom	gTrainerFrontPic_SchoolKidM
0x08E4F36C	rom	gTrainerPalette_SchoolKidM
0x08E4F394	rom	gTrainerFrontPic_SchoolKidF
0x08E4F630	rom	gTrainerPalette_SchoolKidF
0x08E4F658	rom	gTrainerFrontPic_SrAndJr
0x08E4FAC8	rom	gTrainerPalette_SrAndJr
0x08E4FAF0	rom	gTrainerFrontPic_PokefanM
0x08E4FEAC	rom	gTrainerPalette_PokefanM
0x08E4FED4	rom	gTrainerFrontPic_PokefanF
0x08E502A0	rom	gTrainerPalette_PokefanF
0x08E502C8	rom	gTrainerFrontPic_ExpertM
0x08E50608	rom	gTrainerPalette_ExpertM
0x08E50630	rom	gTrainerFrontPic_ExpertF
0x08E5094C	rom	gTrainerPalette_ExpertF
0x08E50974	rom	gTrainerFrontPic_RSYoungster
0x08E50C1C	rom	gTrainerPalette_RSYoungster
0x08E50C44	rom	gTrainerFrontPic_ChampionSteven
0x08E50F7C	rom	gTrainerPalette_ChampionSteven
0x08E50FA4	rom	gTrainerFrontPic_RSFisherman
0x08E51388	rom	gTrainerPalette_RSFisherman
0x08E513B0	rom	gTrainerFrontPic_CyclingTriathleteM
0x08E517C0	rom	gTrainerPalette_CyclingTriathleteM
0x08E517E8	rom	gTrainerFrontPic_CyclingTriathleteF
0x08E51BF4	rom	gTrainerPalette_CyclingTriathleteF
0x08E51C1C	rom	gTrainerFrontPic_RunningTriathleteM
0x08E51ED4	rom	gTrainerPalette_RunningTriathleteM
0x08E51EFC	rom	gTrainerFrontPic_RunningTriathleteF
0x08E521A0	rom	gTrainerPalette_RunningTriathleteF
0x08E521C8	rom	gTrainerFrontPic_SwimmingTriathleteM
0x08E524F4	rom	gTrainerPalette_SwimmingTriathleteM
0x08E5251C	rom	gTrainerFrontPic_SwimmingTriathleteF
0x08E527F8	rom	gTrainerPalette_SwimmingTriathleteF
0x08E52820	rom	gTrainerFrontPic_DragonTamer
0x08E52B74	rom	gTrainerPalette_DragonTamer
0x08E52B9C	rom	gTrainerFrontPic_RSBirdKeeper
0x08E52ED4	rom	gTrainerPalette_RSBirdKeeper
0x08E52EFC	rom	gTrainerFrontPic_NinjaBoy
0x08E531D8	rom	gTrainerPalette_NinjaBoy
0x08E53200	rom	gTrainerFrontPic_BattleGirl
0x08E53520	rom	gTrainerPalette_BattleGirl
0x08E53548	rom	gTrainerFrontPic_ParasolLady
0x08E53880	rom	gTrainerPalette_ParasolLady
0x08E538A8	rom	gTrainerFrontPic_RSSwimmerF
0x08E53B78	rom	gTrainerPalette_RSSwimmerF
0x08E53BA0	rom	gTrainerFrontPic_RSPicnicker
0x08E53E80	rom	gTrainerPalette_RSPicnicker
0x08E53EA8	rom	gTrainerFrontPic_RSTwins
0x08E5426C	rom	gTrainerPalette_RSTwins
0x08E54294	rom	gTrainerFrontPic_RSSailor
0x08E54644	rom	gTrainerPalette_RSSailor
0x08E5466C	rom	gTrainerFrontPic_Collector
0x08E54A70	rom	gTrainerPalette_Collector
0x08E54A98	rom	gTrainerFrontPic_Wally
0x08E54D68	rom	gTrainerPalette_Wally
0x08E54D90	rom	gTrainerFrontPic_RSBrendan1
0x08E550A4	rom	gTrainerPalette_RSBrendan1
0x08E550CC	rom	gTrainerFrontPic_RSMay1
0x08E553CC	rom	gTrainerPalette_RSMay1
0x08E553F4	rom	gTrainerFrontPic_RSPokemonBreederM
0x08E55724	rom	gTrainerPalette_RSPokemonBreederM
0x08E5574C	rom	gTrainerFrontPic_RSPokemonBreederF
0x08E55A80	rom	gTrainerPalette_RSPokemonBreederF
0x08E55AA8	rom	gTrainerFrontPic_RSPokemonRangerM
0x08E55DF0	rom	gTrainerPalette_RSPokemonRangerM
0x08E55E18	rom	gTrainerFrontPic_RSPokemonRangerF
0x08E5614C	rom	gTrainerPalette_RSPokemonRangerF
0x08E56174	rom	gTrainerFrontPic_MagmaLeaderMaxie
0x08E56468	rom	gTrainerPalette_MagmaLeaderMaxie
0x08E56490	rom	gTrainerFrontPic_MagmaGruntM
0x08E56810	rom	gTrainerPalette_MagmaGruntM
0x08E56838	rom	gTrainerFrontPic_MagmaGruntF
0x08E56BC4	rom	gTrainerPalette_MagmaGruntF
0x08E56BEC	rom	gTrainerFrontPic_RSLass
0x08E56EC4	rom	gTrainerPalette_RSLass
0x08E56EEC	rom	gTrainerFrontPic_RSBugCatcher
0x08E57218	rom	gTrainerPalette_RSBugCatcher
0x08E57240	rom	gTrainerFrontPic_RSHiker
0x08E576C0	rom	gTrainerPalette_RSHiker
0x08E576E8	rom	gTrainerFrontPic_RSYoungCouple
0x08E57AA8	rom	gTrainerPalette_RSYoungCouple
0x08E57AD0	rom	gTrainerFrontPic_OldCouple
0x08E57FE0	rom	gTrainerPalette_OldCouple
0x08E58008	rom	gTrainerFrontPic_RSSisAndBro
0x08E58454	rom	gTrainerPalette_RSSisAndBro
0x08E5847C	rom	gTrainerFrontPic_AquaAdminM
0x08E58830	rom	gTrainerPalette_AquaAdminM
0x08E58858	rom	gTrainerFrontPic_AquaAdminF
0x08E58C1C	rom	gTrainerPalette_AquaAdminF
0x08E58C44	rom	gTrainerFrontPic_MagmaAdminM
0x08E5901C	rom	gTrainerPalette_MagmaAdminM
0x08E59044	rom	gTrainerFrontPic_MagmaAdminF
0x08E593F4	rom	gTrainerPalette_MagmaAdminF
0x08E5941C	rom	gTrainerFrontPic_LeaderWattson
0x08E59764	rom	gTrainerPalette_LeaderWattson
0x08E5978C	rom	gTrainerFrontPic_LeaderFlannery
0x08E59B0C	rom	gTrainerPalette_LeaderFlannery
0x08E59B34	rom	gTrainerFrontPic_LeaderNorman
0x08E59E70	rom	gTrainerPalette_LeaderNorman
0x08E59E98	rom	gTrainerFrontPic_LeaderWinona
0x08E5A218	rom	gTrainerPalette_LeaderWinona
0x08E5A240	rom	gTrainerFrontPic_LeaderWallace
0x08E5A5B8	rom	gTrainerPalette_LeaderWallace
0x08E5A5E0	rom	gTrainerFrontPic_EliteFourGlacia
0x08E5A964	rom	gTrainerPalette_EliteFourGlacia
0x08E5A98C	rom	gTrainerFrontPic_EliteFourDrake
0x08E5AD34	rom	gTrainerPalette_EliteFourDrake
0x08E5AD5C	rom	gTrainerFrontPic_Youngster
0x08E5AFFC	rom	gTrainerPalette_Youngster
0x08E5B024	rom	gTrainerFrontPic_BugCatcher
0x08E5B36C	rom	gTrainerPalette_BugCatcher
0x08E5B394	rom	gTrainerFrontPic_Lass
0x08E5B680	rom	gTrainerPalette_Lass
0x08E5B6A8	rom	gTrainerFrontPic_Sailor
0x08E5B9C8	rom	gTrainerPalette_Sailor
0x08E5B9F0	rom	gTrainerFrontPic_Camper
0x08E5BCD0	rom	gTrainerPalette_Camper
0x08E5BCF8	rom	gTrainerFrontPic_Picnicker
0x08E5BFE0	rom	gTrainerPalette_Picnicker
0x08E5C008	rom	gTrainerFrontPic_PokeManiac
0x08E5C3C4	rom	gTrainerPalette_PokeManiac
0x08E5C3EC	rom	gTrainerFrontPic_SuperNerd
0x08E5C704	rom	gTrainerPalette_SuperNerd
0x08E5C72C	rom	gTrainerFrontPic_Hiker
0x08E5CB9C	rom	gTrainerPalette_Hiker
0x08E5CBC4	rom	gTrainerFrontPic_Biker
0x08E5D12C	rom	gTrainerPalette_Biker
0x08E5D154	rom	gTrainerFrontPic_Burglar
0x08E5D4A0	rom	gTrainerPalette_Burglar
0x08E5D4C8	rom	gTrainerFrontPic_Engineer
0x08E5D8D4	rom	gTrainerPalette_Engineer
0x08E5D8FC	rom	gTrainerFrontPic_Fisherman
0x08E5DCA8	rom	gTrainerPalette_Fisherman
0x08E5DCD0	rom	gTrainerFrontPic_SwimmerM
0x08E5DFA8	rom	gTrainerPalette_SwimmerM
0x08E5DFD0	rom	gTrainerFrontPic_CueBall
0x08E5E598	rom	gTrainerPalette_CueBall
0x08E5E5C0	rom	gTrainerFrontPic_Gamer
0x08E5E954	rom	gTrainerPalette_Gamer
0x08E5E97C	rom	gTrainerFrontPic_Beauty
0x08E5ECD8	rom	gTrainerPalette_Beauty
0x08E5ED00	rom	gTrainerFrontPic_SwimmerF
0x08E5EFEC	rom	gTrainerPalette_SwimmerF
0x08E5F014	rom	gTrainerFrontPic_PsychicM
0x08E5F374	rom	gTrainerPalette_PsychicM
0x08E5F39C	rom	gTrainerFrontPic_Rocker
0x08E5F7F8	rom	gTrainerPalette_Rocker
0x08E5F820	rom	gTrainerFrontPic_Juggler
0x08E5FC5C	rom	gTrainerPalette_Juggler
0x08E5FC84	rom	gTrainerFrontPic_Tamer
0x08E60038	rom	gTrainerPalette_Tamer
0x08E60060	rom	gTrainerFrontPic_BirdKeeper
0x08E60424	rom	gTrainerPalette_BirdKeeper
0x08E6044C	rom	gTrainerFrontPic_BlackBelt
0x08E6086C	rom	gTrainerPalette_BlackBelt
0x08E60894	rom	gTrainerFrontPic_RivalEarly
0x08E60B4C	rom	gTrainerPalette_RivalEarly
0x08E60B74	rom	gTrainerFrontPic_Scientist
0x08E60F50	rom	gTrainerPalette_Scientist
0x08E60F78	rom	gTrainerFrontPic_LeaderGiovanni
0x08E61288	rom	gTrainerPalette_LeaderGiovanni
0x08E612B0	rom	gTrainerFrontPic_RocketGruntM
0x08E615E4	rom	gTrainerPalette_RocketGruntM
0x08E6160C	rom	gTrainerFrontPic_CooltrainerM
0x08E618DC	rom	gTrainerPalette_CooltrainerM
0x08E61904	rom	gTrainerFrontPic_CooltrainerF
0x08E61C1C	rom	gTrainerPalette_CooltrainerF
0x08E61C44	rom	gTrainerFrontPic_EliteFourLorelei
0x08E61F70	rom	gTrainerPalette_EliteFourLorelei
0x08E61F98	rom	gTrainerFrontPic_EliteFourBruno
0x08E623E4	rom	gTrainerPalette_EliteFourBruno
0x08E6240C	rom	gTrainerFrontPic_EliteFourAgatha
0x08E62728	rom	gTrainerPalette_EliteFourAgatha
0x08E62750	rom	gTrainerFrontPic_EliteFourLance
0x08E62B18	rom	gTrainerPalette_EliteFourLance
0x08E62B40	rom	gTrainerFrontPic_LeaderBrock
0x08E62E8C	rom	gTrainerPalette_LeaderBrock
0x08E62EB4	rom	gTrainerFrontPic_LeaderMisty
0x08E631B4	rom	gTrainerPalette_LeaderMisty
0x08E631DC	rom	gTrainerFrontPic_LeaderLtSurge
0x08E6356C	rom	gTrainerPalette_LeaderLtSurge
0x08E63594	rom	gTrainerFrontPic_LeaderErika
0x08E63888	rom	gTrainerPalette_LeaderErika
0x08E638B0	rom	gTrainerFrontPic_LeaderKoga
0x08E63C18	rom	gTrainerPalette_LeaderKoga
0x08E63C40	rom	gTrainerFrontPic_LeaderBlaine
0x08E6404C	rom	gTrainerPalette_LeaderBlaine
0x08E64074	rom	gTrainerFrontPic_LeaderSabrina
0x08E6437C	rom	gTrainerPalette_LeaderSabrina
0x08E643A4	rom	gTrainerFrontPic_Gentleman
0x08E646DC	rom	gTrainerPalette_Gentleman
0x08E64704	rom	gTrainerFrontPic_RivalLate
0x08E649F8	rom	gTrainerPalette_RivalLate
0x08E64A20	rom	gTrainerFrontPic_ChampionRival
0x08E64D1C	rom	gTrainerPalette_ChampionRival
0x08E64D44	rom	gTrainerFrontPic_Channeler
0x08E6511C	rom	gTrainerPalette_Channeler
0x08E65144	rom	gTrainerFrontPic_Twins
0x08E65494	rom	gTrainerPalette_Twins
0x08E654BC	rom	gTrainerFrontPic_CoolCouple
0x08E6599C	rom	gTrainerPalette_CoolCouple
0x08E659C4	rom	gTrainerFrontPic_YoungCouple
0x08E65E10	rom	gTrainerPalette_YoungCouple
0x08E65E38	rom	gTrainerFrontPic_CrushKin
0x08E663D8	rom	gTrainerPalette_CrushKin
0x08E66400	rom	gTrainerFrontPic_SisAndBro
0x08E66860	rom	gTrainerPalette_SisAndBro
0x08E66888	rom	gTrainerFrontPic_ProfessorOak
0x08E66BF4	rom	gTrainerPalette_ProfessorOak
0x08E66C1C	rom	gTrainerFrontPic_RSBrendan2
0x08E66F30	rom	gTrainerPalette_RSBrendan2
0x08E66F58	rom	gTrainerFrontPic_RSMay2
0x08E67258	rom	gTrainerPalette_RSMay2
0x08E67280	rom	gTrainerFrontPic_Red
0x08E6758C	rom	gTrainerPalette_Red
0x08E675B4	rom	gTrainerFrontPic_Leaf
0x08E678F0	rom	gTrainerPalette_Leaf
0x08E67918	rom	gTrainerFrontPic_RocketGruntF
0x08E67C30	rom	gTrainerPalette_RocketGruntF
0x08E67C58	rom	gTrainerFrontPic_PsychicF
0x08E67FF8	rom	gTrainerPalette_PsychicF
0x08E68020	rom	gTrainerFrontPic_CrushGirl
0x08E6832C	rom	gTrainerPalette_CrushGirl
0x08E68354	rom	gTrainerFrontPic_TuberF
0x08E68658	rom	gTrainerPalette_TuberF
0x08E68680	rom	gTrainerFrontPic_PokemonBreeder
0x08E689C0	rom	gTrainerPalette_PokemonBreeder
0x08E689E8	rom	gTrainerFrontPic_PokemonRangerM
0x08E68D48	rom	gTrainerPalette_PokemonRangerM
0x08E68D70	rom	gTrainerFrontPic_PokemonRangerF
0x08E690A4	rom	gTrainerPalette_PokemonRangerF
0x08E690CC	rom	gTrainerFrontPic_AromaLady
0x08E6941C	rom	gTrainerPalette_AromaLady
0x08E69444	rom	gTrainerFrontPic_RuinManiac
0x08E69850	rom	gTrainerPalette_RuinManiac
0x08E69878	rom	gTrainerFrontPic_Lady
0x08E69BA0	rom	gTrainerPalette_Lady
0x08E69BC8	rom	gTrainerFrontPic_Painter
0x08E69E94	rom	gTrainerPalette_Painter
0x08E69EBC	rom	gTrainerBackPic_Red
0x08E6C6BC	rom	gTrainerBackPic_Leaf
0x08E6EEBC	rom	gTrainerBackPic_Pokedude
0x08E70EBC	rom	gTrainerBackPic_OldMan
0x08E72EBC	rom	gTrainerBackPic_RSBrendan
0x08E74EBC	rom	gTrainerBackPic_RSMay
0x08E76EBC	rom	gTrainerPalette_RedBackPic
0x08E76EE4	rom	gTrainerPalette_LeafBackPic
0x08E76F0C	rom	gTrainerPalette_PokedudeBackPic
0x08E76F34	rom	gTrainerPalette_OldManBackPic
0x08E76F5C	rom	gMonIcon_QuestionMark
0x08E7735C	rom	gMonFootprint_QuestionMark
0x08E7737C	rom	gFile_graphics_battle_transitions_vs_frame_sheet
0x08E77464	rom	gFile_graphics_battle_transitions_vs_frame_tilemap
0x08E77570	rom	gFile_graphics_battle_transitions_vs_frame_palette
0x08E77598	rom	gVsLettersGfx
0x08E777A8	rom	gUnusedBattleTerrain_Plain_Palette
0x08E777E4	rom	gUnusedBattleTerrain_Building_Tiles_Sheet
0x08E77D90	rom	gUnusedBattleTerrain_Stadium_Battle_Frontier_Palette
0x08E77DCC	rom	gUnusedBattleTerrain_Building_Map_Tilemap
0x08E7807C	rom	gUnusedBattleTerrain_Stadium_Tiles_Sheet
0x08E78684	rom	gUnusedBattleTerrain_Stadium_Map_Tilemap
0x08E78934	rom	gUnusedBattleTerrain_Building_Palette
0x08E78974	rom	gUnusedBattleTerrain_Kyogre_Palette
0x08E789B0	rom	gUnusedBattleTerrain_Groudon_Palette
0x08E78A08	rom	gUnusedBattleTerrain_Building_Palette2
0x08E78A44	rom	gUnusedBattleTerrain_Building_Palette3
0x08E78A80	rom	gUnusedBattleTerrain_Stadium_Palette1
0x08E78AE0	rom	gUnusedBattleTerrain_Stadium_Palette2
0x08E78B4C	rom	gUnusedBattleTerrain_Stadium_Palette3
0x08E78B9C	rom	gUnusedBattleTerrain_Stadium_Palette4
0x08E78BE4	rom	gUnusedBattleTerrain_Stadium_Palette5
0x08E78C28	rom	gUnusedBattleTerrain_Stadium_Palette6
0x08E78C78	rom	gUnusedBattleTerrain_Stadium_Palette7
0x08E78CB4	rom	gUnusedBattleTerrain_Building_Anim_Tiles_Sheet
0x08E790C4	rom	gUnusedBattleTerrain_Building_Anim_Map_Tilemap
0x08E791E8	rom	gBattleAnimSpriteGfx_FlyingDirt
0x08E79354	rom	gFile_graphics_battle_anims_backgrounds_sandstorm_brew_tilemap
0x08E794D0	rom	gFile_graphics_battle_anims_backgrounds_sandstorm_brew_sheet
0x08E799FC	rom	gBattleAnimSpritePal_FlyingDirt
0x08E79A24	rom	gBattleAnimSpriteGfx_MetalSoundWaves
0x08E79BE0	rom	gBattleAnimSpritePal_MetalSoundWaves
0x08E79BF8	rom	gBattleAnimBgImage_Ice
0x08E7A568	rom	gBattleAnimBgPalette_Ice
0x08E7A58C	rom	gBattleAnimBgTilemap_Ice
0x08E7A784	rom	gBattleAnimSpriteGfx_IcicleSpear
0x08E7A858	rom	gBattleAnimSpritePal_IcicleSpear
0x08E7A880	rom	gContestNextTurnGfx
0x08E7A8DC	rom	gContestNextTurnNumbersGfx
0x08E7A95C	rom	gContestNextTurnRandomGfx
0x08E7A97C	rom	gBattleAnimSpriteGfx_GlowyRedOrb
0x08E7A99C	rom	gBattleAnimSpritePal_GlowyRedOrb
0x08E7A9B4	rom	gBattleAnimSpritePal_GlowyGreenOrb
0x08E7A9CC	rom	gBattleAnimSpritePal_SleepPowder
0x08E7A9EC	rom	gBattleAnimSpritePal_StunSpore
0x08E7AA0C	rom	gContestApplauseGfx
0x08E7AB38	rom	gContestApplauseMeterGfx
0x08E7ABB8	rom	gContestNextTurnPal
0x08E7ABD8	rom	gBattleAnimSpriteGfx_Splash
0x08E7ADF4	rom	gBattleAnimSpritePal_Splash
0x08E7AE18	rom	gBattleAnimSpriteGfx_SweatBead
0x08E7AE40	rom	gBattleAnimSpriteGfx_SafariBait
0x08E7AE94	rom	gBattleAnimSpritePal_SafariBait
0x08E7AEAC	rom	gBattleAnimSpriteGfx_Gem1
0x08E7B02C	rom	gBattleAnimSpriteGfx_Gem2
0x08E7B198	rom	gBattleAnimSpriteGfx_Gem3
0x08E7B300	rom	gBattleAnimSpritePal_Gem1
0x08E7B328	rom	gBattleAnimBgImage_InAir
0x08E7B484	rom	gBattleAnimBgPalette_InAir
0x08E7B4AC	rom	gBattleAnimBgTilemap_InAir
0x08E7B694	rom	gBattleAnimSpriteGfx_Protect
0x08E7BA90	rom	gBattleAnimSpritePal_Protect
0x08E7BAB0	rom	gBattleAnimBgPalette_MuddyWater
0x08E7BAD4	rom	gEnemyMonShadow_Gfx
0x08E7BB04	rom	gBattleInterface_PartySummaryBar_Gfx
0x08E7BB88	rom	gMonIcon_Egg
0x08E7BF88	rom	gBattleAnimBgImage_Ghost
0x08E7CC50	rom	gBattleAnimBgPalette_Ghost
0x08E7CC6C	rom	gBattleAnimBgTilemap_Ghost
0x08E7CF60	rom	gBattleAnimSpritePal_WhipHit
0x08E7CF88	rom	gBattleAnimBgPalette_SolarBeam
0x08E7CFB0	rom	gBattleAnimBgTilemap_SolarBeam
0x08E7D4AC	rom	gFile_graphics_berry_blender_center_sheet
0x08E7DCCC	rom	gFile_graphics_berry_blender_outer_sheet
0x08E7E700	rom	gFile_graphics_berry_blender_outer_map_tilemap
0x08E7EA14	rom	gBattleAnimBgPalette_Cosmic
0x08E7EA3C	rom	gBattleAnimBgImage_Cosmic
0x08E7EC9C	rom	gBattleAnimBgTilemap_Cosmic
0x08E7EDD8	rom	gBattleAnimSpritePal_SlamHit2
0x08E7EE00	rom	gBattleAnimSpriteGfx_SlamHit2
0x08E7F1F4	rom	gBattleAnimFogTilemap
0x08E7F36C	rom	gBattleAnimSpritePal_WeatherBall
0x08E7F388	rom	gBattleAnimSpriteGfx_WeatherBall
0x08E7F4AC	rom	gBattleAnimBgTilemap_ScaryFacePlayer
0x08E7F690	rom	gBattleAnimBgTilemap_ScaryFaceOpponent
0x08E7F874	rom	gBattleAnimBgTilemap_ScaryFaceContest
0x08E7FA58	rom	gBattleAnimSpriteGfx_Hail
0x08E7FA98	rom	gBattleAnimSpritePal_Hail
0x08E7FAB0	rom	gBattleAnimSpriteGfx_GreenSpike
0x08E7FAF0	rom	gBattleAnimSpritePal_GreenSpike
0x08E7FB08	rom	gBattleAnimSpritePal_WhiteCircleOfLight
0x08E7FB20	rom	gBattleAnimSpritePal_GlowyBlueOrb
0x08E7FB38	rom	gBattleAnimSpriteGfx_Recycle
0x08E7FD44	rom	gBattleAnimSpritePal_Recycle
0x08E7FD60	rom	gBattleAnimSpriteGfx_RedParticles
0x08E7FDAC	rom	gBattleAnimSpritePal_RedParticles
0x08E7FDC8	rom	gBattleAnimSpriteGfx_DirtMound
0x08E7FF50	rom	gBattleAnimSpritePal_DirtMound
0x08E7FF70	rom	gBattleAnimBgImage_Fissure
0x08E80264	rom	gBattleAnimBgPalette_Fissure
0x08E80280	rom	gBattleAnimBgTilemap_Fissure
0x08E8056C	rom	gBattleAnimSpriteGfx_Bird
0x08E808E8	rom	gBattleAnimSpritePal_Bird
0x08E80904	rom	gBattleAnimSpriteGfx_CrossImpact
0x08E809A4	rom	gBattleAnimSpritePal_CrossImpact
0x08E809CC	rom	gBattleAnimBgImage_Surf
0x08E81CEC	rom	gBattleAnimBgPalette_Surf
0x08E81D14	rom	gBattleAnimBgTilemap_SurfOpponent
0x08E81FE4	rom	gBattleAnimBgTilemap_SurfPlayer
0x08E822B8	rom	gBattleAnimBgTilemap_SurfContest
0x08E825AC	rom	gBattleAnimSpritePal_Slash2
0x08E825D4	rom	gBattleAnimSpriteGfx_WhiteShadow
0x08E826E8	rom	gBattleAnimSpritePal_WhiteShadow
0x08E82700	rom	gPartyMenuBg_Gfx
0x08E829C8	rom	gPartyMenuBg_Pal
0x08E82AB0	rom	gPartyMenuBg_Tilemap
0x08E82BE8	rom	gPartyMenuPokeball_Gfx
0x08E82D68	rom	gPartyMenuPokeballSmall_Gfx
0x08E82E7C	rom	gPartyMenuPokeball_Pal
0x08E82EA0	rom	gStatusGfx_Icons
0x08E830A4	rom	gStatusPal_Icons
0x08E830CC	rom	gBagBg_Gfx
0x08E832C0	rom	gBagBg_Tilemap
0x08E83444	rom	gBagBg_ItemPC_Tilemap
0x08E835B4	rom	gBagBgPalette
0x08E83604	rom	gBagBgPalette_FemaleOverride
0x08E8362C	rom	gBagMale_Gfx
0x08E83DBC	rom	gBagFemale_Gfx
0x08E84560	rom	gBag_Pal
0x08E84588	rom	gSwapLine_Gfx
0x08E845C8	rom	gSwapLine_Pal
0x08E845D8	rom	gTMCase_Gfx
0x08E84A24	rom	gTMCaseMenu_Tilemap
0x08E84B70	rom	gTMCase_Tilemap
0x08E84CB0	rom	gTMCaseMenu_Male_Pal
0x08E84D20	rom	gTMCaseMenu_Female_Pal
0x08E84D90	rom	gTMCaseDisc_Gfx
0x08E84F20	rom	gTMCaseDiscTypes1_Pal
0x08E85068	rom	gTMCaseDiscTypes2_Pal
0x08E85090	rom	gItemPcTiles
0x08E85408	rom	gItemPcBgPals
0x08E85458	rom	gItemPcTilemap
0x08E8560C	rom	gBerryPouchSpriteTiles
0x08E859D0	rom	gBerryPouchBgGfx
0x08E85BA4	rom	gBerryPouchBgPals
0x08E85BF4	rom	gBerryPouchBgPal0FemaleOverride
0x08E85C1C	rom	gBerryPouchSpritePalette
0x08E85C44	rom	gBerryPouchBg1Tilemap
0x08E85DC8	rom	gBuyMenuFrame_Gfx
0x08E85EFC	rom	gBuyMenuFrame_Tilemap
0x08E86038	rom	gBuyMenuFrame_TmHmTilemap
0x08E86170	rom	gBuyMenuFrame_Pal
0x08E861A8	rom	gTeachyTv_Border_Gfx
0x08E86240	rom	gTeachyTv_Gfx
0x08E86BE8	rom	gTeachyTvScreen_Tilemap
0x08E86D6C	rom	gTeachyTvTitle_Tilemap
0x08E86F98	rom	gTeachyTv_Pal
0x08E87010	rom	gUnusedGrayPalette
0x08E87028	rom	gItemIcon_QuestionMark
0x08E870A0	rom	gItemIconPalette_QuestionMark
0x08E870B4	rom	gItemIcon_ReturnToFieldArrow
0x08E8713C	rom	gItemIconPalette_ReturnToFieldArrow
0x08E87154	rom	gItemIcon_MasterBall
0x08E87224	rom	gItemIconPalette_MasterBall
0x08E8724C	rom	gItemIcon_UltraBall
0x08E8730C	rom	gItemIconPalette_UltraBall
0x08E87334	rom	gItemIcon_GreatBall
0x08E87404	rom	gItemIconPalette_GreatBall
0x08E8742C	rom	gItemIcon_PokeBall
0x08E874DC	rom	gItemIconPalette_PokeBall
0x08E87500	rom	gItemIcon_SafariBall
0x08E875D0	rom	gItemIconPalette_SafariBall
0x08E875F8	rom	gItemIcon_NetBall
0x08E876CC	rom	gItemIconPalette_NetBall
0x08E876F0	rom	gItemIcon_DiveBall
0x08E877B8	rom	gItemIconPalette_DiveBall
0x08E877DC	rom	gItemIcon_NestBall
0x08E878A0	rom	gItemIconPalette_NestBall
0x08E878C8	rom	gItemIcon_RepeatBall
0x08E8798C	rom	gItemIconPalette_RepeatBall
0x08E879B4	rom	gItemIcon_TimerBall
0x08E87A7C	rom	gItemIcon_LuxuryBall
0x08E87B38	rom	gItemIconPalette_LuxuryBall
0x08E87B60	rom	gItemIcon_PremierBall
0x08E87C04	rom	gItemIcon_Potion
0x08E87CCC	rom	gItemIconPalette_Potion
0x08E87CF0	rom	gItemIcon_Antidote
0x08E87DA0	rom	gItemIconPalette_Antidote
0x08E87DC4	rom	gItemIconPalette_BurnHeal
0x08E87DE8	rom	gItemIconPalette_IceHeal
0x08E87E0C	rom	gItemIcon_StatusHeal
0x08E87EBC	rom	gItemIconPalette_Awakening
0x08E87EE0	rom	gItemIconPalette_ParalyzeHeal
0x08E87F04	rom	gItemIcon_LargePotion
0x08E87FE8	rom	gItemIconPalette_FullRestore
0x08E8800C	rom	gItemIconPalette_MaxPotion
0x08E88030	rom	gItemIconPalette_HyperPotion
0x08E88054	rom	gItemIconPalette_SuperPotion
0x08E88078	rom	gItemIcon_FullHeal
0x08E88120	rom	gItemIconPalette_FullHeal
0x08E88148	rom	gItemIcon_Revive
0x08E881A4	rom	gItemIcon_MaxRevive
0x08E88270	rom	gItemIconPalette_Revive
0x08E8828C	rom	gItemIcon_FreshWater
0x08E8833C	rom	gItemIconPalette_FreshWater
0x08E88360	rom	gItemIcon_SodaPop
0x08E883F4	rom	gItemIconPalette_SodaPop
0x08E8841C	rom	gItemIcon_Lemonade
0x08E884DC	rom	gItemIconPalette_Lemonade
0x08E88504	rom	gItemIcon_MoomooMilk
0x08E885B4	rom	gItemIconPalette_MoomooMilk
0x08E885DC	rom	gItemIcon_Powder
0x08E88668	rom	gItemIconPalette_EnergyPowder
0x08E88688	rom	gItemIcon_EnergyRoot
0x08E88754	rom	gItemIconPalette_EnergyRoot
0x08E88770	rom	gItemIconPalette_HealPowder
0x08E88790	rom	gItemIcon_RevivalHerb
0x08E88860	rom	gItemIconPalette_RevivalHerb
0x08E88880	rom	gItemIcon_Ether
0x08E88940	rom	gItemIconPalette_Ether
0x08E88964	rom	gItemIconPalette_MaxEther
0x08E88988	rom	gItemIconPalette_Elixir
0x08E889AC	rom	gItemIconPalette_MaxElixir
0x08E889D0	rom	gItemIcon_LavaCookie
0x08E88A9C	rom	gItemIconPalette_LavaCookieAndLetter
0x08E88AC0	rom	gItemIcon_Flute
0x08E88B74	rom	gItemIconPalette_BlueFlute
0x08E88B98	rom	gItemIconPalette_YellowFlute
0x08E88BBC	rom	gItemIconPalette_RedFlute
0x08E88BE0	rom	gItemIconPalette_BlackFlute
0x08E88C04	rom	gItemIconPalette_WhiteFlute
0x08E88C28	rom	gItemIcon_BerryJuice
0x08E88D08	rom	gItemIconPalette_BerryJuice
0x08E88D30	rom	gItemIcon_SacredAsh
0x08E88DF0	rom	gItemIconPalette_SacredAsh
0x08E88E14	rom	gItemIconPalette_ShoalSalt
0x08E88E34	rom	gItemIcon_ShoalShell
0x08E88F28	rom	gItemIconPalette_Shell
0x08E88F50	rom	gItemIcon_Shard
0x08E88FAC	rom	gItemIconPalette_RedShard
0x08E88FC4	rom	gItemIconPalette_BlueShard
0x08E88FDC	rom	gItemIconPalette_YellowShard
0x08E88FF4	rom	gItemIconPalette_GreenShard
0x08E8900C	rom	gItemIcon_HPUp
0x08E890C4	rom	gItemIconPalette_HPUp
0x08E890EC	rom	gItemIcon_Vitamin
0x08E8919C	rom	gItemIconPalette_Protein
0x08E891C4	rom	gItemIconPalette_Iron
0x08E891EC	rom	gItemIconPalette_Carbos
0x08E89214	rom	gItemIconPalette_Calcium
0x08E8923C	rom	gItemIcon_RareCandy
0x08E89300	rom	gItemIconPalette_RareCandy
0x08E8931C	rom	gItemIcon_PPUp
0x08E893CC	rom	gItemIconPalette_PPUp
0x08E893F4	rom	gItemIconPalette_Zinc
0x08E8941C	rom	gItemIcon_PPMax
0x08E894C4	rom	gItemIconPalette_PPMax
0x08E894EC	rom	gItemIconPalette_GuardSpec
0x08E89510	rom	gItemIconPalette_DireHit
0x08E89534	rom	gItemIconPalette_XAttack
0x08E89558	rom	gItemIcon_BattleStatItem
0x08E8963C	rom	gItemIconPalette_XDefend
0x08E89660	rom	gItemIconPalette_XSpeed
0x08E89684	rom	gItemIconPalette_XAccuracy
0x08E896A8	rom	gItemIconPalette_XSpecial
0x08E896CC	rom	gItemIcon_PokeDoll
0x08E897BC	rom	gItemIconPalette_PokeDoll
0x08E897D8	rom	gItemIcon_FluffyTail
0x08E898C8	rom	gItemIconPalette_FluffyTail
0x08E898EC	rom	gItemIcon_Repel
0x08E8998C	rom	gItemIconPalette_SuperRepel
0x08E899B4	rom	gItemIconPalette_MaxRepel
0x08E899DC	rom	gItemIcon_EscapeRope
0x08E89A90	rom	gItemIconPalette_EscapeRope
0x08E89AB4	rom	gItemIconPalette_Repel
0x08E89ADC	rom	gItemIcon_SunStone
0x08E89BD4	rom	gItemIconPalette_SunStone
0x08E89BF0	rom	gItemIcon_MoonStone
0x08E89CC4	rom	gItemIconPalette_MoonStone
0x08E89CE4	rom	gItemIcon_FireStone
0x08E89DD8	rom	gItemIconPalette_FireStone
0x08E89E00	rom	gItemIcon_ThunderStone
0x08E89EE8	rom	gItemIconPalette_ThunderStone
0x08E89F08	rom	gItemIcon_WaterStone
0x08E89FE8	rom	gItemIconPalette_WaterStone
0x08E8A00C	rom	gItemIcon_LeafStone
0x08E8A100	rom	gItemIconPalette_LeafStone
0x08E8A128	rom	gItemIcon_TinyMushroom
0x08E8A1A8	rom	gItemIcon_BigMushroom
0x08E8A260	rom	gItemIconPalette_Mushroom
0x08E8A284	rom	gItemIcon_Pearl
0x08E8A300	rom	gItemIconPalette_Pearl
0x08E8A328	rom	gItemIcon_BigPearl
0x08E8A3E0	rom	gItemIcon_Stardust
0x08E8A4A0	rom	gItemIconPalette_Star
0x08E8A4C4	rom	gItemIcon_StarPiece
0x08E8A548	rom	gItemIcon_Nugget
0x08E8A5D4	rom	gItemIconPalette_Nugget
0x08E8A5F4	rom	gItemIcon_HeartScale
0x08E8A694	rom	gItemIconPalette_HeartScale
0x08E8A6B0	rom	gItemIcon_OrangeMail
0x08E8A784	rom	gItemIconPalette_OrangeMail
0x08E8A7A4	rom	gItemIcon_HarborMail
0x08E8A86C	rom	gItemIconPalette_HarborMail
0x08E8A88C	rom	gItemIcon_GlitterMail
0x08E8A968	rom	gItemIconPalette_GlitterMail
0x08E8A990	rom	gItemIcon_MechMail
0x08E8AA6C	rom	gItemIconPalette_MechMail
0x08E8AA8C	rom	gItemIcon_WoodMail
0x08E8AB6C	rom	gItemIconPalette_WoodMail
0x08E8AB8C	rom	gItemIcon_WaveMail
0x08E8AC64	rom	gItemIconPalette_WaveMail
0x08E8AC84	rom	gItemIcon_BeadMail
0x08E8AD44	rom	gItemIconPalette_BeadMail
0x08E8AD64	rom	gItemIcon_ShadowMail
0x08E8AE38	rom	gItemIconPalette_ShadowMail
0x08E8AE5C	rom	gItemIcon_TropicMail
0x08E8AF40	rom	gItemIconPalette_TropicMail
0x08E8AF64	rom	gItemIcon_DreamMail
0x08E8B044	rom	gItemIconPalette_DreamMail
0x08E8B064	rom	gItemIcon_FabMail
0x08E8B12C	rom	gItemIconPalette_FabMail
0x08E8B148	rom	gItemIcon_RetroMail
0x08E8B1E0	rom	gItemIconPalette_RetroMail
0x08E8B200	rom	gItemIcon_CheriBerry
0x08E8B2E8	rom	gItemIconPalette_CheriBerry
0x08E8B310	rom	gItemIcon_ChestoBerry
0x08E8B3D0	rom	gItemIconPalette_ChestoBerry
0x08E8B3F4	rom	gItemIcon_PechaBerry
0x08E8B4B4	rom	gItemIconPalette_PechaBerry
0x08E8B4D8	rom	gItemIcon_RawstBerry
0x08E8B5BC	rom	gItemIconPalette_RawstBerry
0x08E8B5E0	rom	gItemIcon_AspearBerry
0x08E8B6C8	rom	gItemIconPalette_AspearBerry
0x08E8B6EC	rom	gItemIcon_LeppaBerry
0x08E8B7A4	rom	gItemIconPalette_LeppaBerry
0x08E8B7C8	rom	gItemIcon_OranBerry
0x08E8B88C	rom	gItemIconPalette_OranBerry
0x08E8B8B0	rom	gItemIcon_PersimBerry
0x08E8B984	rom	gItemIconPalette_PersimBerry
0x08E8B9A8	rom	gItemIcon_LumBerry
0x08E8BA60	rom	gItemIconPalette_LumBerry
0x08E8BA7C	rom	gItemIcon_SitrusBerry
0x08E8BB48	rom	gItemIconPalette_SitrusBerry
0x08E8BB6C	rom	gItemIcon_FigyBerry
0x08E8BC34	rom	gItemIconPalette_FigyBerry
0x08E8BC58	rom	gItemIcon_WikiBerry
0x08E8BD3C	rom	gItemIconPalette_WikiBerry
0x08E8BD60	rom	gItemIcon_MagoBerry
0x08E8BE1C	rom	gItemIconPalette_MagoBerry
0x08E8BE40	rom	gItemIcon_AguavBerry
0x08E8BF2C	rom	gItemIconPalette_AguavBerry
0x08E8BF4C	rom	gItemIcon_IapapaBerry
0x08E8C034	rom	gItemIconPalette_IapapaBerry
0x08E8C058	rom	gItemIcon_RazzBerry
0x08E8C138	rom	gItemIconPalette_RazzBerry
0x08E8C15C	rom	gItemIcon_BlukBerry
0x08E8C24C	rom	gItemIconPalette_BlukBerry
0x08E8C270	rom	gItemIcon_NanabBerry
0x08E8C354	rom	gItemIconPalette_NanabBerry
0x08E8C378	rom	gItemIcon_WepearBerry
0x08E8C440	rom	gItemIconPalette_WepearBerry
0x08E8C45C	rom	gItemIcon_PinapBerry
0x08E8C550	rom	gItemIconPalette_PinapBerry
0x08E8C574	rom	gItemIcon_PomegBerry
0x08E8C628	rom	gItemIconPalette_PomegBerry
0x08E8C64C	rom	gItemIcon_KelpsyBerry
0x08E8C71C	rom	gItemIconPalette_KelpsyBerry
0x08E8C73C	rom	gItemIcon_QualotBerry
0x08E8C808	rom	gItemIconPalette_QualotBerry
0x08E8C82C	rom	gItemIcon_HondewBerry
0x08E8C90C	rom	gItemIconPalette_HondewBerry
0x08E8C930	rom	gItemIcon_GrepaBerry
0x08E8C9E4	rom	gItemIconPalette_GrepaBerry
0x08E8CA08	rom	gItemIcon_TamatoBerry
0x08E8CAE4	rom	gItemIconPalette_TamatoBerry
0x08E8CB08	rom	gItemIcon_CornnBerry
0x08E8CBF4	rom	gItemIconPalette_CornnBerry
0x08E8CC1C	rom	gItemIcon_MagostBerry
0x08E8CCC4	rom	gItemIconPalette_MagostBerry
0x08E8CCE8	rom	gItemIcon_RabutaBerry
0x08E8CDE4	rom	gItemIconPalette_RabutaBerry
0x08E8CE08	rom	gItemIcon_NomelBerry
0x08E8CEAC	rom	gItemIconPalette_NomelBerry
0x08E8CEC8	rom	gItemIcon_SpelonBerry
0x08E8CF8C	rom	gItemIconPalette_SpelonBerry
0x08E8CFAC	rom	gItemIcon_PamtreBerry
0x08E8D08C	rom	gItemIconPalette_PamtreBerry
0x08E8D0B4	rom	gItemIcon_WatmelBerry
0x08E8D1C4	rom	gItemIconPalette_WatmelBerry
0x08E8D1E8	rom	gItemIcon_DurinBerry
0x08E8D2EC	rom	gItemIconPalette_DurinBerry
0x08E8D310	rom	gItemIcon_BelueBerry
0x08E8D3F4	rom	gItemIconPalette_BelueBerry
0x08E8D418	rom	gItemIcon_LiechiBerry
0x08E8D4F8	rom	gItemIconPalette_LiechiBerry
0x08E8D518	rom	gItemIcon_GanlonBerry
0x08E8D5F8	rom	gItemIconPalette_GanlonBerry
0x08E8D618	rom	gItemIcon_SalacBerry
0x08E8D700	rom	gItemIconPalette_SalacBerry
0x08E8D720	rom	gItemIcon_PetayaBerry
0x08E8D818	rom	gItemIconPalette_PetayaBerry
0x08E8D83C	rom	gItemIcon_ApicotBerry
0x08E8D8F4	rom	gItemIconPalette_ApicotBerry
0x08E8D91C	rom	gItemIcon_LansatBerry
0x08E8D9FC	rom	gItemIconPalette_LansatBerry
0x08E8DA20	rom	gItemIcon_StarfBerry
0x08E8DAF0	rom	gItemIconPalette_StarfBerry
0x08E8DB14	rom	gItemIcon_EnigmaBerry
0x08E8DBE0	rom	gItemIconPalette_EnigmaBerry
0x08E8DC00	rom	gItemIcon_BrightPowder
0x08E8DCBC	rom	gItemIconPalette_BrightPowder
0x08E8DCDC	rom	gItemIcon_InBattleHerb
0x08E8DD88	rom	gItemIconPalette_WhiteHerb
0x08E8DDA8	rom	gItemIcon_MachoBrace
0x08E8DE94	rom	gItemIconPalette_MachoBrace
0x08E8DEBC	rom	gItemIcon_ExpShare
0x08E8DFA8	rom	gItemIconPalette_ExpShare
0x08E8DFD0	rom	gItemIcon_QuickClaw
0x08E8E068	rom	gItemIconPalette_QuickClaw
0x08E8E088	rom	gItemIcon_SootheBell
0x08E8E14C	rom	gItemIconPalette_SootheBell
0x08E8E170	rom	gItemIconPalette_MentalHerb
0x08E8E190	rom	gItemIcon_ChoiceBand
0x08E8E27C	rom	gItemIconPalette_ChoiceBand
0x08E8E2A4	rom	gItemIcon_KingsRock
0x08E8E394	rom	gItemIconPalette_KingsRock
0x08E8E3B0	rom	gItemIcon_SilverPowder
0x08E8E43C	rom	gItemIconPalette_SilverPowder
0x08E8E460	rom	gItemIcon_AmuletCoin
0x08E8E4F8	rom	gItemIconPalette_AmuletCoin
0x08E8E51C	rom	gItemIcon_CleanseTag
0x08E8E5C0	rom	gItemIconPalette_CleanseTag
0x08E8E5E0	rom	gItemIcon_SoulDew
0x08E8E674	rom	gItemIconPalette_SoulDew
0x08E8E694	rom	gItemIcon_DeepSeaTooth
0x08E8E748	rom	gItemIconPalette_DeepSeaTooth
0x08E8E76C	rom	gItemIcon_DeepSeaScale
0x08E8E814	rom	gItemIconPalette_DeepSeaScale
0x08E8E834	rom	gItemIcon_SmokeBall
0x08E8E8EC	rom	gItemIconPalette_SmokeBall
0x08E8E910	rom	gItemIcon_Everstone
0x08E8E9C4	rom	gItemIconPalette_Everstone
0x08E8E9E0	rom	gItemIcon_FocusBand
0x08E8EAD0	rom	gItemIconPalette_FocusBand
0x08E8EAF8	rom	gItemIcon_LuckyEgg
0x08E8EB80	rom	gItemIconPalette_LuckyEgg
0x08E8EB98	rom	gItemIcon_ScopeLens
0x08E8EC98	rom	gItemIconPalette_ScopeLens
0x08E8ECC0	rom	gItemIcon_MetalCoat
0x08E8ED7C	rom	gItemIconPalette_MetalCoat
0x08E8ED9C	rom	gItemIcon_Leftovers
0x08E8EE40	rom	gItemIconPalette_Leftovers
0x08E8EE64	rom	gItemIcon_DragonScale
0x08E8EF18	rom	gItemIconPalette_DragonScale
0x08E8EF38	rom	gItemIcon_LightBall
0x08E8EFCC	rom	gItemIconPalette_LightBall
0x08E8EFF0	rom	gItemIcon_SoftSand
0x08E8F0AC	rom	gItemIconPalette_SoftSand
0x08E8F0CC	rom	gItemIcon_HardStone
0x08E8F180	rom	gItemIconPalette_HardStone
0x08E8F1A4	rom	gItemIcon_MiracleSeed
0x08E8F254	rom	gItemIconPalette_MiracleSeed
0x08E8F270	rom	gItemIcon_BlackGlasses
0x08E8F2F8	rom	gItemIconPalette_BlackTypeEnhancingItem
0x08E8F310	rom	gItemIcon_BlackBelt
0x08E8F3D8	rom	gItemIcon_Magnet
0x08E8F488	rom	gItemIconPalette_Magnet
0x08E8F4B0	rom	gItemIcon_MysticWater
0x08E8F548	rom	gItemIconPalette_MysticWater
0x08E8F568	rom	gItemIcon_SharpBeak
0x08E8F624	rom	gItemIconPalette_SharpBeak
0x08E8F644	rom	gItemIcon_PoisonBarb
0x08E8F6CC	rom	gItemIconPalette_PoisonBarb
0x08E8F6EC	rom	gItemIcon_NeverMeltIce
0x08E8F7B8	rom	gItemIconPalette_NeverMeltIce
0x08E8F7D4	rom	gItemIcon_SpellTag
0x08E8F874	rom	gItemIconPalette_SpellTag
0x08E8F894	rom	gItemIcon_TwistedSpoon
0x08E8F934	rom	gItemIconPalette_TwistedSpoon
0x08E8F94C	rom	gItemIcon_Charcoal
0x08E8FA1C	rom	gItemIconPalette_Charcoal
0x08E8FA38	rom	gItemIcon_DragonFang
0x08E8FAEC	rom	gItemIconPalette_DragonFang
0x08E8FB0C	rom	gItemIcon_SilkScarf
0x08E8FC14	rom	gItemIconPalette_SilkScarf
0x08E8FC34	rom	gItemIcon_UpGrade
0x08E8FCF0	rom	gItemIconPalette_UpGrade
0x08E8FD18	rom	gItemIcon_ShellBell
0x08E8FDF8	rom	gItemIcon_SeaIncense
0x08E8FEE0	rom	gItemIconPalette_SeaIncense
0x08E8FF08	rom	gItemIcon_LaxIncense
0x08E8FFF0	rom	gItemIconPalette_LaxIncense
0x08E90018	rom	gItemIcon_LuckyPunch
0x08E900DC	rom	gItemIconPalette_LuckyPunch
0x08E900FC	rom	gItemIcon_MetalPowder
0x08E901BC	rom	gItemIconPalette_MetalPowder
0x08E901E0	rom	gItemIcon_ThickClub
0x08E90274	rom	gItemIconPalette_ThickClub
0x08E90290	rom	gItemIcon_Stick
0x08E90330	rom	gItemIconPalette_Stick
0x08E90354	rom	gItemIcon_Scarf
0x08E90420	rom	gItemIconPalette_RedScarf
0x08E9043C	rom	gItemIconPalette_BlueScarf
0x08E90458	rom	gItemIconPalette_PinkScarf
0x08E90474	rom	gItemIconPalette_GreenScarf
0x08E90490	rom	gItemIconPalette_YellowScarf
0x08E904AC	rom	gItemIcon_MachBike
0x08E905B4	rom	gItemIconPalette_MachBike
0x08E905D8	rom	gItemIcon_CoinCase
0x08E90698	rom	gItemIconPalette_CoinCase
0x08E906B8	rom	gItemIcon_Itemfinder
0x08E90774	rom	gItemIconPalette_Itemfinder
0x08E9079C	rom	gItemIcon_OldRod
0x08E90848	rom	gItemIconPalette_OldRod
0x08E9086C	rom	gItemIcon_GoodRod
0x08E90908	rom	gItemIconPalette_GoodRod
0x08E90930	rom	gItemIcon_SuperRod
0x08E909E0	rom	gItemIconPalette_SuperRod
0x08E90A08	rom	gItemIcon_SSTicket
0x08E90A9C	rom	gItemIconPalette_SSTicket
0x08E90AB4	rom	gItemIcon_ContestPass
0x08E90B60	rom	gItemIconPalette_ContestPass
0x08E90B88	rom	gItemIcon_WailmerPail
0x08E90C54	rom	gItemIconPalette_WailmerPail
0x08E90C78	rom	gItemIcon_DevonGoods
0x08E90D20	rom	gItemIconPalette_DevonGoods
0x08E90D3C	rom	gItemIcon_SootSack
0x08E90E14	rom	gItemIconPalette_SootSack
0x08E90E3C	rom	gItemIcon_BasementKey
0x08E90EE4	rom	gItemIconPalette_OldKey
0x08E90F0C	rom	gItemIcon_AcroBike
0x08E91008	rom	gItemIconPalette_AcroBike
0x08E91028	rom	gItemIcon_PokeblockCase
0x08E91110	rom	gItemIconPalette_PokeblockCase
0x08E91138	rom	gItemIcon_Letter
0x08E911B8	rom	gItemIcon_EonTicket
0x08E91254	rom	gItemIconPalette_EonTicket
0x08E91278	rom	gItemIcon_Orb
0x08E91330	rom	gItemIconPalette_RedOrb
0x08E9134C	rom	gItemIconPalette_BlueOrb
0x08E91368	rom	gItemIcon_Scanner
0x08E91430	rom	gItemIconPalette_Scanner
0x08E91454	rom	gItemIcon_GoGoggles
0x08E91508	rom	gItemIconPalette_GoGoggles
0x08E91528	rom	gItemIcon_Meteorite
0x08E91608	rom	gItemIconPalette_Meteorite
0x08E91628	rom	gItemIcon_Room1Key
0x08E916E0	rom	gItemIcon_Room2Key
0x08E9179C	rom	gItemIcon_Room4Key
0x08E9185C	rom	gItemIcon_Room6Key
0x08E91918	rom	gItemIcon_StorageKey
0x08E919C0	rom	gItemIcon_RootFossil
0x08E91ACC	rom	gItemIconPalette_HoennFossil
0x08E91AF4	rom	gItemIcon_ClawFossil
0x08E91BE4	rom	gItemIcon_DevonScope
0x08E91CA0	rom	gItemIconPalette_DevonScope
0x08E91CC8	rom	gItemIcon_TMHM
0x08E91DC4	rom	gItemIconPalette_FightingTMHM
0x08E91DEC	rom	gItemIconPalette_DragonTMHM
0x08E91E14	rom	gItemIconPalette_WaterTMHM
0x08E91E3C	rom	gItemIconPalette_PsychicTMHM
0x08E91E64	rom	gItemIconPalette_NormalTMHM
0x08E91E8C	rom	gItemIconPalette_PoisonTMHM
0x08E91EB4	rom	gItemIconPalette_IceTMHM
0x08E91EDC	rom	gItemIconPalette_GrassTMHM
0x08E91F04	rom	gItemIconPalette_FireTMHM
0x08E91F2C	rom	gItemIconPalette_DarkTMHM
0x08E91F54	rom	gItemIconPalette_SteelTMHM
0x08E91F7C	rom	gItemIconPalette_ElectricTMHM
0x08E91FA4	rom	gItemIconPalette_GroundTMHM
0x08E91FCC	rom	gItemIconPalette_GhostTMHM
0x08E91FF4	rom	gItemIconPalette_RockTMHM
0x08E9201C	rom	gItemIconPalette_FlyingTMHM
0x08E92044	rom	gItemIcon_OaksParcel
0x08E920FC	rom	gItemIconPalette_OaksParcel
0x08E9211C	rom	gItemIcon_PokeFlute
0x08E921E0	rom	gItemIconPalette_PokeFlute
0x08E92208	rom	gItemIcon_SecretKey
0x08E922D4	rom	gItemIconPalette_SecretKey
0x08E922FC	rom	gItemIcon_BikeVoucher
0x08E9239C	rom	gItemIconPalette_BikeVoucher
0x08E923BC	rom	gItemIcon_GoldTeeth
0x08E924A8	rom	gItemIconPalette_GoldTeeth
0x08E924CC	rom	gItemIcon_OldAmber
0x08E925AC	rom	gItemIconPalette_OldAmber
0x08E925D0	rom	gItemIcon_CardKey
0x08E92678	rom	gItemIconPalette_CardKey
0x08E92698	rom	gItemIcon_LiftKey
0x08E92754	rom	gItemIconPalette_Key
0x08E92774	rom	gItemIcon_HelixFossil
0x08E92868	rom	gItemIconPalette_KantoFossil
0x08E92888	rom	gItemIcon_DomeFossil
0x08E92978	rom	gItemIcon_SilphScope
0x08E92A4C	rom	gItemIconPalette_SilphScope
0x08E92A70	rom	gItemIcon_Bicycle
0x08E92B74	rom	gItemIconPalette_Bicycle
0x08E92B94	rom	gItemIcon_TownMap
0x08E92C50	rom	gItemIconPalette_TownMap
0x08E92C78	rom	gItemIcon_VSSeeker
0x08E92D40	rom	gItemIconPalette_VSSeeker
0x08E92D60	rom	gItemIcon_FameChecker
0x08E92E18	rom	gItemIconPalette_FameChecker
0x08E92E3C	rom	gItemIcon_TMCase
0x08E92F00	rom	gItemIconPalette_TMCase
0x08E92F28	rom	gItemIcon_BerryPouch
0x08E93028	rom	gItemIconPalette_BerryPouch
0x08E93050	rom	gItemIcon_TeachyTV
0x08E93148	rom	gItemIconPalette_TeachyTV
0x08E93170	rom	gItemIcon_TriPass
0x08E93214	rom	gItemIconPalette_TriPass
0x08E93234	rom	gItemIcon_RainbowPass
0x08E932DC	rom	gItemIconPalette_RainbowPass
0x08E93304	rom	gItemIcon_Tea
0x08E933CC	rom	gItemIconPalette_Tea
0x08E933F0	rom	gItemIcon_MysticTicket
0x08E93488	rom	gItemIconPalette_MysticTicket
0x08E934A8	rom	gItemIcon_AuroraTicket
0x08E93544	rom	gItemIconPalette_AuroraTicket
0x08E93568	rom	gItemIcon_PowderJar
0x08E93608	rom	gItemIconPalette_PowderJar
0x08E93630	rom	gItemIconPalette_Ruby
0x08E93658	rom	gItemIcon_Gem
0x08E93720	rom	gItemIconPalette_Sapphire
0x08E93748	rom	gBattleAnimSpritePal_Shock3
0x08E93770	rom	gBattleAnimSpriteGfx_Shock3
0x08E93958	rom	gBattleAnimSpritePal_WhiteFeather
0x08E93974	rom	gBattleAnimSpriteGfx_WhiteFeather
0x08E93A9C	rom	gBattleAnimSpritePal_Sparkle6
0x08E93AB4	rom	gBattleAnimSpriteGfx_Sparkle6
0x08E93B14	rom	gGhostPalette
0x08E93B38	rom	gGhostFrontPic
0x08E93EA0	rom	gFile_graphics_mail_orange_palette_pal
0x08E93EC0	rom	gFile_graphics_mail_harbor_palette_pal
0x08E93EE0	rom	gFile_graphics_mail_glitter_palette_pal
0x08E93F00	rom	gFile_graphics_mail_mech_palette_pal
0x08E93F20	rom	gFile_graphics_mail_wood_palette_pal
0x08E93F40	rom	gFile_graphics_mail_wave_palette_pal
0x08E93F60	rom	gFile_graphics_mail_bead_palette_pal
0x08E93F80	rom	gFile_graphics_mail_shadow_palette_pal
0x08E93FA0	rom	gFile_graphics_mail_tropic_palette_pal
0x08E93FC0	rom	gFile_graphics_mail_dream_palette_pal
0x08E93FE0	rom	gFile_graphics_mail_fab_palette_pal
0x08E94000	rom	gFile_graphics_mail_retro_palette_pal
0x08E94020	rom	gFile_graphics_mail_orange_tiles_sheet
0x08E941C0	rom	gFile_graphics_mail_harbor_tiles_sheet
0x08E942FC	rom	gFile_graphics_mail_glitter_tiles_sheet
0x08E9450C	rom	gFile_graphics_mail_mech_tiles_sheet
0x08E945E4	rom	gFile_graphics_mail_wood_tiles_sheet
0x08E947DC	rom	gFile_graphics_mail_wave_tiles_sheet
0x08E9495C	rom	gFile_graphics_mail_bead_tiles_sheet
0x08E94A04	rom	gFile_graphics_mail_shadow_tiles_sheet
0x08E94B94	rom	gFile_graphics_mail_tropic_tiles_sheet
0x08E94CD4	rom	gFile_graphics_mail_dream_tiles_sheet
0x08E94E3C	rom	gFile_graphics_mail_fab_tiles_sheet
0x08E94F8C	rom	gFile_graphics_mail_retro_tiles_sheet
0x08E9522C	rom	gFile_graphics_mail_orange_map_tilemap
0x08E95304	rom	gFile_graphics_mail_harbor_map_tilemap
0x08E953E4	rom	gFile_graphics_mail_glitter_map_tilemap
0x08E954F0	rom	gFile_graphics_mail_mech_map_tilemap
0x08E955CC	rom	gFile_graphics_mail_wood_map_tilemap
0x08E956BC	rom	gFile_graphics_mail_wave_map_tilemap
0x08E9579C	rom	gFile_graphics_mail_bead_map_tilemap
0x08E9587C	rom	gFile_graphics_mail_shadow_map_tilemap
0x08E95988	rom	gFile_graphics_mail_tropic_map_tilemap
0x08E95A78	rom	gFile_graphics_mail_dream_map_tilemap
0x08E95B70	rom	gFile_graphics_mail_fab_map_tilemap
0x08E95C88	rom	gFile_graphics_mail_retro_map_tilemap
0x08E95D9C	rom	gMenuInfoElements1_Pal
0x08E95DBC	rom	gMenuInfoElements2_Pal
0x08E95DDC	rom	gMenuInfoElements_Gfx
0x08E97DDC	rom	gMoveRelearner_Pal
0x08E97DFC	rom	gMoveRelearner_Gfx
0x08E97EC4	rom	gMoveRelearner_Tilemap
0x08E97FE4	rom	gNamingScreenKeyboard_Pal
0x08E98004	rom	gNamingScreenRival_Pal
0x08E98024	rom	gNamingScreenMenu_Pal
0x08E980E4	rom	gNamingScreenMenu_Gfx
0x08E982BC	rom	gNamingScreenBackground_Tilemap
0x08E98398	rom	gNamingScreenKeyboardUpper_Tilemap
0x08E98458	rom	gNamingScreenKeyboardLower_Tilemap
0x08E98518	rom	gNamingScreenKeyboardSymbols_Tilemap
0x08E985D8	rom	gNamingScreenPageSwapFrame_Gfx
0x08E98858	rom	gNamingScreenBackButton_Gfx
0x08E98A38	rom	gNamingScreenOKButton_Gfx
0x08E98C18	rom	gNamingScreenPageSwapUpper_Gfx
0x08E98CB8	rom	gNamingScreenPageSwapLower_Gfx
0x08E98D58	rom	gNamingScreenPageSwapOthers_Gfx
0x08E98DF8	rom	gNamingScreenCursor_Gfx
0x08E98E98	rom	gNamingScreenCursorSquished_Gfx
0x08E98F38	rom	gNamingScreenCursorFilled_Gfx
0x08E98FD8	rom	gNamingScreenPageSwapButton_Gfx
0x08E990D8	rom	gNamingScreenInputArrow_Gfx
0x08E990F8	rom	gNamingScreenUnderscore_Gfx
0x08E99118	rom	gTMCaseHM_Gfx
0x08E99198	rom	gKantoTrainerCardBlue_Pal
0x08E991F8	rom	gKantoTrainerCard_Gfx
0x08E9986C	rom	gHoennTrainerCardGreen_Pal
0x08E998CC	rom	gHoennTrainerCard_Gfx
0x08E99D8C	rom	gEasyChatWindow_Pal
0x08E99DAC	rom	gEasyChatWindow_Gfx
0x08E99E74	rom	gEasyChatWindow_Tilemap
0x08E99F24	rom	gEasyChatButtonWindow_Pal
0x08E99F44	rom	gEasyChatButtonWindow_Gfx
0x08E9A168	rom	gEasyChatMode_Gfx
0x08E9A460	rom	gSummaryScreen_Bg_Gfx
0x08E9B310	rom	gSummaryScreen_Bg_Pal
0x08E9B3F0	rom	gSummaryScreen_ExpBar_Gfx
0x08E9B4B8	rom	gSummaryScreen_HpBar_Gfx
0x08E9B578	rom	gSummaryScreen_HpExpBar_Pal
0x08E9B598	rom	gSummaryScreen_PageInfo_Tilemap
0x08E9B750	rom	gSummaryScreen_PageSkills_Tilemap
0x08E9B950	rom	gSummaryScreen_PageMoves_Tilemap
0x08E9BA9C	rom	gSummaryScreen_PageMovesInfo_Tilemap
0x08E9BBCC	rom	gSummaryScreen_PageEgg_Tilemap
0x08E9BD08	rom	gUnusedRedPalette
0x08E9BD28	rom	gEasyChatRectangleCursor_Gfx
0x08E9BF28	rom	gSummaryScreen_StatusAilmentIcon_Pal
0x08E9BF48	rom	gSummaryScreen_StatusAilmentIcon_Gfx
0x08E9C14C	rom	gDexScreen_TopMenuIconPals_AtoZ
0x08E9C16C	rom	gDexScreen_TopMenuIconTiles_AtoZ
0x08E9C3D8	rom	gPokeStoragePartyMenu_Pal
0x08E9C3F8	rom	gPokeStorageInterface_Pal
0x08E9C418	rom	gPokeStorageInterface_NoDisplayMon_Pal
0x08E9C438	rom	gPokeStorageMenu_Gfx
0x08E9CAEC	rom	gPokeStoragePartyMenu_Tilemap
0x08E9CB9C	rom	gMonMarkingsMenu_Pal
0x08E9CBBC	rom	gMonMarkingsMenu_Gfx
0x08E9CEDC	rom	gTradeMenu_Pal
0x08E9CF3C	rom	gTradeCursor_Pal
0x08E9CF5C	rom	gTradeMenu_Gfx
0x08E9E1DC	rom	gTradeCursor_Gfx
0x08E9E9DC	rom	gTradeUnused_Tilemap
0x08E9E9FC	rom	gTradeMenu_Tilemap
0x08E9F1FC	rom	gTradeMenuMonBox_Tilemap
0x08E9F220	rom	gFameCheckerBgPals
0x08E9F260	rom	gFameCheckerBgTiles
0x08EA0700	rom	gFameCheckerBg3Tilemap
0x08EA0F00	rom	gFameCheckerBg2Tilemap
0x08EA1700	rom	gUnionRoomChat_Bg_Pal
0x08EA1720	rom	gUnionRoomChat_Bg_Gfx
0x08EA1958	rom	gUnionRoomChat_Bg_Tilemap
0x08EA1A50	rom	gUnionRoomChat_Icons_Gfx
0x08EA1B68	rom	gTilesetPalettes_General
0x08EA1D68	rom	gTilesetTiles_General
0x08EA463C	rom	gBerryFixGameboy_Pal
0x08EA467C	rom	gBerryFixGameboy_Gfx
0x08EA52B8	rom	gBerryFixGameboy_Tilemap
0x08EA5604	rom	gBerryFixGameboyLogo_Pal
0x08EA5664	rom	gBerryFixGameboyLogo_Gfx
0x08EA60C8	rom	gBerryFixGameboyLogo_Tilemap
0x08EA63C8	rom	gBerryFixGbaTransfer_Pal
0x08EA6408	rom	gBerryFixGbaTransfer_Gfx
0x08EA7028	rom	gBerryFixGbaTransfer_Tilemap
0x08EA72E0	rom	gBerryFixGbaTransferHighlight_Pal
0x08EA7320	rom	gBerryFixGbaTransferHighlight_Gfx
0x08EA8118	rom	gBerryFixGbaTransferHighlight_Tilemap
0x08EA83C8	rom	gBerryFixGbaTransferError_Pal
0x08EA8408	rom	gBerryFixGbaTransferError_Gfx
0x08EA8CC8	rom	gBerryFixGbaTransferError_Tilemap
0x08EA8F00	rom	gBerryFixWindow_Pal
0x08EA8F40	rom	gBerryFixWindow_Gfx
0x08EA9588	rom	gBerryFixWindow_Tilemap
0x08EA97F4	rom	gTilesetPalettes_GenericBuilding1
0x08EA99F4	rom	gTilesetTiles_GenericBuilding1
0x08EA9D88	rom	gTilesetPalettes_DepartmentStore
0x08EA9F88	rom	gTilesetTiles_DepartmentStore
0x08EAA9F0	rom	gUnionRoomChat_Panel_Pal
0x08EAAA10	rom	gUnionRoomChat_Panel_Gfx
0x08EAAA6C	rom	gUnionRoomChat_Panel_Tilemap
0x08EAAB18	rom	gCreditsMonPokeball_Pals
0x08EAAB98	rom	gCreditsMonPokeball_Tiles
0x08EAB30C	rom	gCreditsMonPokeball_Tilemap
0x08EAB6C4	rom	gGraphics_TitleScreen_GameTitleLogoPals
0x08EAB8C4	rom	gGraphics_TitleScreen_GameTitleLogoTiles
0x08EAD390	rom	gGraphics_TitleScreen_GameTitleLogoMap
0x08EAD5E8	rom	gGraphics_TitleScreen_BoxArtMonPals
0x08EAD608	rom	gGraphics_TitleScreen_BoxArtMonTiles
0x08EADEE4	rom	gGraphics_TitleScreen_BoxArtMonMap
0x08EAE094	rom	gGraphics_TitleScreen_BackgroundPals
0x08EAE0B4	rom	gGraphics_TitleScreen_CopyrightPressStartTiles
0x08EAE374	rom	gGraphics_TitleScreen_CopyrightPressStartMap
0x08EAE488	rom	gTitleScreen_Slash_Pal
0x08EAE4A8	rom	gTitleScreen_BlankSprite_Tiles
0x08EAE528	rom	gCreditsCopyright_Pal
0x08EAE548	rom	gCreditsCopyright_Tiles
0x08EAE900	rom	gCreditsCopyright_Tilemap
0x08EAEA00	rom	gTradeGba_Pal
0x08EAEA20	rom	gTradeGba2_Pal
0x08EAEA80	rom	gTradeGba_Gfx
0x08EAFE80	rom	sEmptyPal
0x08EAFEA0	rom	gBerryCrush_Crusher_Pal
0x08EAFFC0	rom	gBerryCrush_Crusher_Gfx
0x08EB0ADC	rom	gBerryCrush_TextWindows_Tilemap
