# addr	region	name  (STT_OBJECT in ROM)
0x08000100	rom	sGFRomHeader
0x081E9EEC	rom	gGameVersion
0x081E9EED	rom	gGameLanguage
0x081E9EF0	rom	BuildDateTime
0x081E9F04	rom	gIntrTableTemplate
0x081E9F3C	rom	sTimerIntrFunc
0x081E9F40	rom	sZeroedBgControlStruct
0x081EA020	rom	sFontHalfRowOffsets
0x081EA120	rom	sDummyWindowTemplate
0x081EA128	rom	sDownArrowTiles
0x081EA528	rom	sDoubleArrowTiles1
0x081EA5A8	rom	sDoubleArrowTiles2
0x081EA628	rom	sDownArrowYCoords
0x081EA62C	rom	sWindowVerticalScrollSpeeds
0x081EA630	rom	sGlyphWidthFuncs
0x081EA668	rom	sSpriteSheets_TextCursor
0x081EA680	rom	sSpritePalettes_TextCursor
0x081EA690	rom	sSpriteTemplate_TextCursor
0x081EA6A8	rom	sKeypadIcons
0x081EA6DC	rom	gKeypadIconTiles
0x081EAEDC	rom	sFontSmallLatinGlyphs
0x081EEEDC	rom	sFontSmallLatinGlyphWidths
0x081EF0DC	rom	sFontSmallJapaneseGlyphs
0x081F30DC	rom	sFontNormalCopy1LatinGlyphs
0x081FB0DC	rom	sFontNormalCopy1LatinGlyphWidths
0x081FB2DC	rom	sFontTallJapaneseGlyphs
0x081FF2DC	rom	sFontNormalLatinGlyphs
0x082072DC	rom	sFontNormalLatinGlyphWidths
0x082074DC	rom	sFontNormalJapaneseGlyphs
0x0820F4DC	rom	sFontNormalJapaneseGlyphWidths
0x0820F5F4	rom	sFontMaleLatinGlyphs
0x082175F4	rom	sFontMaleLatinGlyphWidths
0x082177F4	rom	sFontMaleJapaneseGlyphs
0x0821F7F4	rom	sFontMaleJapaneseGlyphWidths
0x0821F90C	rom	sFontFemaleLatinGlyphs
0x0822790C	rom	sFontFemaleLatinGlyphWidths
0x08227B0C	rom	sFontFemaleJapaneseGlyphs
0x0822FB0C	rom	sFontFemaleJapaneseGlyphWidths
0x0822FC24	rom	sFontBoldJapaneseGlyphs
0x08231C24	rom	sDmaOverErrorMsg
0x08231C49	rom	sUnknownData
0x08231C61	rom	sCenterToCornerVecTable
0x08231C7C	rom	sDummySprite
0x08231CC0	rom	gDummyOamData
0x08231CC8	rom	sDummyAnim
0x08231CCC	rom	gDummySpriteAnimTable
0x08231CD0	rom	sDummyAffineAnim
0x08231CD8	rom	gDummySpriteAffineAnimTable
0x08231CDC	rom	gDummySpriteTemplate
0x08231CF4	rom	sAnimFuncs
0x08231CFC	rom	sAffineAnimFuncs
0x08231D04	rom	sAnimCmdFuncs
0x08231D14	rom	sAffineAnimCmdFuncs
0x08231D24	rom	sOamDimensionsCopy
0x08231D84	rom	sOamDimensions
0x08231DB4	rom	gBGControlRegs
0x08231DC4	rom	gBGHOffsetRegs
0x08231DD4	rom	gBGVOffsetRegs
0x08231DE4	rom	gDISPCNTBGFlags
0x08231DEC	rom	gOverworldBackgroundLayerFlags
0x08231DF4	rom	gBLDCNTTarget1BGFlags
0x08231DFC	rom	gBGControlRegOffsets
0x08231E00	rom	gBGHOffsetRegOffsets
0x08231E04	rom	gBGVOffsetRegOffsets
0x08231E08	rom	sDigits
0x08231E18	rom	sPowersOfTen
0x08231E4C	rom	funcs.93
0x08231E84	rom	lengths.115
0x08231EA0	rom	sWirelessLinkDisplayPal
0x08231EC0	rom	sWirelessLinkDisplayGfx
0x08232368	rom	sWirelessLinkDisplayTilemap
0x08232554	rom	sLinkTestFontPal
0x08232574	rom	sLinkTestFontGfx
0x08234574	rom	sBlockRequests
0x0823459C	rom	sASCIIGameFreakInc
0x082345AC	rom	sASCIITestPrint
0x082345C4	rom	sLinkErrorBgTemplates
0x082345CC	rom	sLinkErrorWindowTemplates
0x082345EC	rom	sLinkErrorTextColor
0x082345F0	rom	sString_Dummy
0x082345F1	rom	sString_Newline
0x082345F4	rom	sWindowTemplate
0x08234624	rom	sBg_Pal
0x08234644	rom	sTextbox_Pal
0x08234664	rom	sTextColor1
0x08234667	rom	sTextColor2
0x0823466C	rom	sBgTemplate
0x08234670	rom	sMenuCursorYMax
0x08234674	rom	gBattlerPicTable_PlayerLeft
0x08234694	rom	gBattlerPicTable_OpponentLeft
0x082346B4	rom	gBattlerPicTable_PlayerRight
0x082346D4	rom	gBattlerPicTable_OpponentRight
0x082346F4	rom	gTrainerBackPicTable_Red
0x0823471C	rom	gTrainerBackPicTable_Leaf
0x08234744	rom	gTrainerBackPicTable_Pokedude
0x08234764	rom	gTrainerBackPicTable_OldMan
0x08234784	rom	gTrainerBackPicTable_RSBrendan
0x082347A4	rom	gTrainerBackPicTable_RSMay
0x082347C4	rom	sAnim_GeneralFrame0
0x082347CC	rom	sAnim_GeneralFrame3
0x082347D4	rom	sAffineAnim_Battler_Normal
0x082347E4	rom	sAffineAnim_Battler_Flipped
0x082347F4	rom	sAffineAnim_Battler_Emerge
0x0823480C	rom	sAffineAnim_Battler_Return
0x08234824	rom	sAffineAnim_Battler_HorizontalSquishLoop
0x08234844	rom	sAffineAnim_Battler_Grow
0x08234854	rom	sAffineAnim_Battler_Shrink
0x08234864	rom	sAffineAnim_Battler_BigToSmall
0x0823487C	rom	sAffineAnim_Battler_GrowLarge
0x0823488C	rom	sAffineAnim_Battler_TipRight
0x082348A4	rom	gAffineAnims_BattleSpritePlayerSide
0x082348C8	rom	sAffineAnim_Battler_SpinShrink
0x082348D8	rom	sAffineAnim_Battler_TipLeft
0x082348F0	rom	sAffineAnim_Battler_RotateUpAndBack
0x08234910	rom	sAffineAnim_Battler_Spin
0x08234920	rom	gAffineAnims_BattleSpriteOpponentSide
0x0823494C	rom	gAffineAnims_BattleSpriteContest
0x08234978	rom	sAnim_MonPic_0
0x08234980	rom	sAnim_MonPic_1
0x08234988	rom	sAnim_MonPic_2
0x08234990	rom	sAnim_MonPic_3
0x08234998	rom	gAnims_MonPic
0x082349A8	rom	gMonFrontPicCoords
0x08235088	rom	gMonFrontPicTable
0x08235E48	rom	gMonBackPicCoords
0x08236528	rom	gMonBackPicTable
0x082372E8	rom	gMonPaletteTable
0x082380A8	rom	gMonShinyPaletteTable
0x08238E68	rom	sAnims_AquaLeaderArchie
0x08238E6C	rom	sAnims_AquaGruntM
0x08238E70	rom	sAnims_AquaGruntF
0x08238E74	rom	sAnims_RSAromaLady
0x08238E78	rom	sAnims_RSRuinManiac
0x08238E7C	rom	sAnims_Interviewer
0x08238E80	rom	sAnims_RSTuberF
0x08238E84	rom	sAnims_RSTuberM
0x08238E88	rom	sAnims_RSCooltrainerM
0x08238E8C	rom	sAnims_RSCooltrainerF
0x08238E90	rom	sAnims_HexManiac
0x08238E94	rom	sAnims_RSLady
0x08238E98	rom	sAnims_RSBeauty
0x08238E9C	rom	sAnims_RichBoy
0x08238EA0	rom	sAnims_RSPokemaniac
0x08238EA4	rom	sAnims_RSSwimmerM
0x08238EA8	rom	sAnims_RSBlackBelt
0x08238EAC	rom	sAnims_Guitarist
0x08238EB0	rom	sAnims_Kindler
0x08238EB4	rom	sAnims_RSCamper
0x08238EB8	rom	sAnims_BugManiac
0x08238EBC	rom	sAnims_RSPsychicM
0x08238EC0	rom	sAnims_RSPsychicF
0x08238EC4	rom	sAnims_RSGentleman
0x08238EC8	rom	sAnims_EliteFourSidney
0x08238ECC	rom	sAnims_EliteFourPhoebe
0x08238ED0	rom	sAnims_LeaderRoxanne
0x08238ED4	rom	sAnims_LeaderBrawly
0x08238ED8	rom	sAnims_LeaderTateAndLiza
0x08238EDC	rom	sAnims_SchoolKidM
0x08238EE0	rom	sAnims_SchoolKidF
0x08238EE4	rom	sAnims_SrAndJr
0x08238EE8	rom	sAnims_PokefanM
0x08238EEC	rom	sAnims_PokefanF
0x08238EF0	rom	sAnims_ExpertM
0x08238EF4	rom	sAnims_ExpertF
0x08238EF8	rom	sAnims_RSYoungster
0x08238EFC	rom	sAnims_ChampionSteven
0x08238F00	rom	sAnims_RSFisherman
0x08238F04	rom	sAnims_CyclingTriathleteM
0x08238F08	rom	sAnims_CyclingTriathleteF
0x08238F0C	rom	sAnims_RunningTriathleteM
0x08238F10	rom	sAnims_RunningTriathleteF
0x08238F14	rom	sAnims_SwimmingTriathleteM
0x08238F18	rom	sAnims_SwimmingTriathleteF
0x08238F1C	rom	sAnims_DragonTamer
0x08238F20	rom	sAnims_RSBirdKeeper
0x08238F24	rom	sAnims_NinjaBoy
0x08238F28	rom	sAnims_BattleGirl
0x08238F2C	rom	sAnims_ParasolLady
0x08238F30	rom	sAnims_RSSwimmerF
0x08238F34	rom	sAnims_RSPicnicker
0x08238F38	rom	sAnims_RSTwins
0x08238F3C	rom	sAnims_RSSailor
0x08238F40	rom	sAnims_Collector
0x08238F44	rom	sAnims_Wally
0x08238F48	rom	sAnims_RSBrendan1
0x08238F4C	rom	sAnims_RSMay1
0x08238F50	rom	sAnims_RSPokemonBreederM
0x08238F54	rom	sAnims_RSPokemonBreederF
0x08238F58	rom	sAnims_RSPokemonRangerM
0x08238F5C	rom	sAnims_RSPokemonRangerF
0x08238F60	rom	sAnims_MagmaLeaderMaxie
0x08238F64	rom	sAnims_MagmaGruntM
0x08238F68	rom	sAnims_MagmaGruntF
0x08238F6C	rom	sAnims_RSLass
0x08238F70	rom	sAnims_RSBugCatcher
0x08238F74	rom	sAnims_RSHiker
0x08238F78	rom	sAnims_RSYoungCouple
0x08238F7C	rom	sAnims_OldCouple
0x08238F80	rom	sAnims_RSSisAndBro
0x08238F84	rom	sAnims_AquaAdminM
0x08238F88	rom	sAnims_AquaAdminF
0x08238F8C	rom	sAnims_MagmaAdminM
0x08238F90	rom	sAnims_MagmaAdminF
0x08238F94	rom	sAnims_LeaderWattson
0x08238F98	rom	sAnims_LeaderFlannery
0x08238F9C	rom	sAnims_LeaderNorman
0x08238FA0	rom	sAnims_LeaderWinona
0x08238FA4	rom	sAnims_LeaderWallace
0x08238FA8	rom	sAnims_EliteFourGlacia
0x08238FAC	rom	sAnims_EliteFourDrake
0x08238FB0	rom	sAnims_Youngster
0x08238FB4	rom	sAnims_BugCatcher
0x08238FB8	rom	sAnims_Lass
0x08238FBC	rom	sAnims_Sailor
0x08238FC0	rom	sAnims_Camper
0x08238FC4	rom	sAnims_Picnicker
0x08238FC8	rom	sAnims_Pokemaniac
0x08238FCC	rom	sAnims_SuperNerd
0x08238FD0	rom	sAnims_Hiker
0x08238FD4	rom	sAnims_Biker
0x08238FD8	rom	sAnims_Burglar
0x08238FDC	rom	sAnims_Engineer
0x08238FE0	rom	sAnims_Fisherman
0x08238FE4	rom	sAnims_SwimmerM
0x08238FE8	rom	sAnims_CueBall
0x08238FEC	rom	sAnims_Gamer
0x08238FF0	rom	sAnims_Beauty
0x08238FF4	rom	sAnims_SwimmerF
0x08238FF8	rom	sAnims_PsychicM
0x08238FFC	rom	sAnims_Rocker
0x08239000	rom	sAnims_Juggler
0x08239004	rom	sAnims_Tamer
0x08239008	rom	sAnims_BirdKeeper
0x0823900C	rom	sAnims_BlackBelt
0x08239010	rom	sAnims_RivalEarly
0x08239014	rom	sAnims_Scientist
0x08239018	rom	sAnims_LeaderGiovanni
0x0823901C	rom	sAnims_RocketGruntM
0x08239020	rom	sAnims_CooltrainerM
0x08239024	rom	sAnims_CooltrainerF
0x08239028	rom	sAnims_EliteFourLorelei
0x0823902C	rom	sAnims_EliteFourBruno
0x08239030	rom	sAnims_EliteFourAgatha
0x08239034	rom	sAnims_EliteFourLance
0x08239038	rom	sAnims_LeaderBrock
0x0823903C	rom	sAnims_LeaderMisty
0x08239040	rom	sAnims_LeaderLtSurge
0x08239044	rom	sAnims_LeaderErika
0x08239048	rom	sAnims_LeaderKoga
0x0823904C	rom	sAnims_LeaderBlaine
0x08239050	rom	sAnims_LeaderSabrina
0x08239054	rom	sAnims_Gentleman
0x08239058	rom	sAnims_RivalLate
0x0823905C	rom	sAnims_ChampionRival
0x08239060	rom	sAnims_Channeler
0x08239064	rom	sAnims_Twins
0x08239068	rom	sAnims_CoolCouple
0x0823906C	rom	sAnims_YoungCouple
0x08239070	rom	sAnims_CrushKin
0x08239074	rom	sAnims_SisAndBro
0x08239078	rom	sAnims_ProfessorOak
0x0823907C	rom	sAnims_RSBrendan2
0x08239080	rom	sAnims_RSMay2
0x08239084	rom	sAnims_Red
0x08239088	rom	sAnims_Leaf
0x0823908C	rom	sAnims_RocketGruntF
0x08239090	rom	sAnims_PsychicF
0x08239094	rom	sAnims_CrushGirl
0x08239098	rom	sAnims_TuberF
0x0823909C	rom	sAnims_PokemonBreeder
0x082390A0	rom	sAnims_PokemonRangerM
0x082390A4	rom	sAnims_PokemonRangerF
0x082390A8	rom	sAnims_AromaLady
0x082390AC	rom	sAnims_RuinManiac
0x082390B0	rom	sAnims_Lady
0x082390B4	rom	sAnims_Painter
0x082390B8	rom	gTrainerFrontAnimsPtrTable
0x08239308	rom	gTrainerFrontPicCoords
0x08239558	rom	gTrainerFrontPicTable
0x082399F8	rom	gTrainerFrontPicPaletteTable
0x08239E98	rom	sAnimCmd_Red_1
0x08239EB0	rom	sAnimCmd_Leaf_1
0x08239EC8	rom	sAnimCmd_Pokedude_1
0x08239EDC	rom	sAnimCmd_OldMan_1
0x08239EF0	rom	sAnimCmd_RSBrendan_1
0x08239F08	rom	sAnimCmd_RSMay_1
0x08239F20	rom	sBackAnims_Red
0x08239F28	rom	sBackAnims_Leaf
0x08239F30	rom	sBackAnims_Pokedude
0x08239F38	rom	sBackAnims_OldMan
0x08239F40	rom	sBackAnims_RSBrendan
0x08239F48	rom	sBackAnims_RSMay
0x08239F50	rom	gTrainerBackAnimsPtrTable
0x08239F68	rom	gTrainerBackPicCoords
0x08239F80	rom	gTrainerBackPicTable
0x08239FB0	rom	gTrainerBackPicPaletteTable
0x08239FE0	rom	gEnemyMonElevation
0x0823A17C	rom	sParty_AquaLeader
0x0823A184	rom	sParty_AquaGruntM
0x0823A18C	rom	sParty_AquaGruntF
0x0823A194	rom	sParty_RSAromaLady
0x0823A19C	rom	sParty_RSRuinManiac
0x0823A1A4	rom	sParty_Interviewer
0x0823A1AC	rom	sParty_RSTuberF
0x0823A1B4	rom	sParty_RSTuberM
0x0823A1BC	rom	sParty_RSCooltrainerM
0x0823A1C4	rom	sParty_RSCooltrainerF
0x0823A1CC	rom	sParty_HexManiac
0x0823A1D4	rom	sParty_RSLady
0x0823A1DC	rom	sParty_RSBeauty
0x0823A1E4	rom	sParty_RichBoy
0x0823A1EC	rom	sParty_RSPokemaniac
0x0823A1F4	rom	sParty_RSSwimmerM
0x0823A1FC	rom	sParty_RSBlackBelt
0x0823A204	rom	sParty_Guitarist
0x0823A20C	rom	sParty_Kindler
0x0823A214	rom	sParty_RSCamper
0x0823A21C	rom	sParty_BugManiac
0x0823A224	rom	sParty_RSPsychicM
0x0823A22C	rom	sParty_RSPsychicF
0x0823A234	rom	sParty_RSGentleman
0x0823A23C	rom	sParty_EliteFourSidney
0x0823A244	rom	sParty_EliteFourPhoebe
0x0823A24C	rom	sParty_LeaderRoxanne
0x0823A254	rom	sParty_LeaderBrawly
0x0823A25C	rom	sParty_LeaderTateLiza
0x0823A264	rom	sParty_SchoolKidM
0x0823A26C	rom	sParty_SchoolKidF
0x0823A274	rom	sParty_SrAndJr
0x0823A27C	rom	sParty_PokefanM
0x0823A284	rom	sParty_PokefanF
0x0823A28C	rom	sParty_ExpertM
0x0823A294	rom	sParty_ExpertF
0x0823A29C	rom	sParty_RSYoungster
0x0823A2A4	rom	sParty_RSChampion
0x0823A2AC	rom	sParty_RSFisherman
0x0823A2B4	rom	sParty_CyclingTriathleteM
0x0823A2BC	rom	sParty_CyclingTriathleteF
0x0823A2C4	rom	sParty_RunningTriathleteM
0x0823A2CC	rom	sParty_RunningTriathleteF
0x0823A2D4	rom	sParty_SwimmingTriathleteM
0x0823A2DC	rom	sParty_SwimmingTriathleteF
0x0823A2E4	rom	sParty_DragonTamer
0x0823A2EC	rom	sParty_RSBirdKeeper
0x0823A2F4	rom	sParty_NinjaBoy
0x0823A2FC	rom	sParty_BattleGirl
0x0823A304	rom	sParty_ParasolLady
0x0823A30C	rom	sParty_RSSwimmerF
0x0823A314	rom	sParty_RSPicnicker
0x0823A31C	rom	sParty_RSTwins
0x0823A324	rom	sParty_RSSailor
0x0823A32C	rom	sParty_BoarderM
0x0823A334	rom	sParty_BoarderF
0x0823A33C	rom	sParty_Collector
0x0823A344	rom	sParty_Wally
0x0823A34C	rom	sParty_Brendan
0x0823A354	rom	sParty_Brendan2
0x0823A35C	rom	sParty_Brendan3
0x0823A364	rom	sParty_May
0x0823A36C	rom	sParty_May2
0x0823A374	rom	sParty_May3
0x0823A37C	rom	sParty_RSPkmnBreederM
0x0823A384	rom	sParty_RSPkmnBreederF
0x0823A38C	rom	sParty_RSPkmnRangerM
0x0823A394	rom	sParty_RSPkmnRangerF
0x0823A39C	rom	sParty_MagmaLeader
0x0823A3A4	rom	sParty_MagmaGruntM
0x0823A3AC	rom	sParty_MagmaGruntF
0x0823A3B4	rom	sParty_RSLass
0x0823A3BC	rom	sParty_RSBugCatcher
0x0823A3C4	rom	sParty_RSHiker
0x0823A3CC	rom	sParty_RSYoungCouple
0x0823A3DC	rom	sParty_OldCouple
0x0823A3E4	rom	sParty_RSSisAndBro
0x0823A3EC	rom	sParty_AquaAdminMatt
0x0823A3F4	rom	sParty_AquaAdminShelly
0x0823A3FC	rom	sParty_MagmaAdminTabitha
0x0823A404	rom	sParty_MagmaAdminCourtney
0x0823A40C	rom	sParty_LeaderWattson
0x0823A414	rom	sParty_LeaderFlannery
0x0823A41C	rom	sParty_LeaderNorman
0x0823A424	rom	sParty_LeaderWinona
0x0823A42C	rom	sParty_LeaderWallace
0x0823A434	rom	sParty_EliteFourGlacia
0x0823A43C	rom	sParty_EliteFourDrake
0x0823A444	rom	sParty_YoungsterBen
0x0823A454	rom	sParty_YoungsterCalvin
0x0823A45C	rom	sParty_YoungsterJosh
0x0823A474	rom	sParty_YoungsterTimmy
0x0823A484	rom	sParty_YoungsterJoey
0x0823A494	rom	sParty_YoungsterDan
0x0823A49C	rom	sParty_YoungsterChad
0x0823A4AC	rom	sParty_YoungsterTyler
0x0823A4B4	rom	sParty_YoungsterEddie
0x0823A4BC	rom	sParty_YoungsterDillon
0x0823A4CC	rom	sParty_YoungsterYasu
0x0823A4E4	rom	sParty_YoungsterDave
0x0823A4F4	rom	sParty_YoungsterBen2
0x0823A504	rom	sParty_BugCatcherRick
0x0823A514	rom	sParty_BugCatcherDoug
0x0823A52C	rom	sParty_BugCatcherSammy
0x0823A534	rom	sParty_BugCatcherColton
0x0823A54C	rom	sParty_BugCatcherGreg
0x0823A56C	rom	sParty_BugCatcherJames
0x0823A57C	rom	sParty_BugCatcherKent
0x0823A58C	rom	sParty_BugCatcherRobby
0x0823A5A4	rom	sParty_BugCatcherCale
0x0823A5C4	rom	sParty_BugCatcherKeigo
0x0823A5DC	rom	sParty_BugCatcherElijah
0x0823A5E4	rom	sParty_BugCatcher2
0x0823A5FC	rom	sParty_BugCatcherBrent
0x0823A60C	rom	sParty_BugCatcherConner
0x0823A624	rom	sParty_LassJanice
0x0823A634	rom	sParty_LassSally
0x0823A644	rom	sParty_LassRobin
0x0823A64C	rom	sParty_LassCrissy
0x0823A664	rom	sParty_LassMiriam
0x0823A674	rom	sParty_LassIris
0x0823A67C	rom	sParty_LassReli
0x0823A68C	rom	sParty_LassAli
0x0823A6A4	rom	sParty_Lass2
0x0823A6B4	rom	sParty_LassHaley
0x0823A6CC	rom	sParty_LassAnn
0x0823A6DC	rom	sParty_LassDawn
0x0823A6EC	rom	sParty_LassPaige
0x0823A6FC	rom	sParty_LassAndrea
0x0823A714	rom	sParty_LassMegan
0x0823A73C	rom	sParty_LassJulia
0x0823A74C	rom	sParty_LassKay
0x0823A75C	rom	sParty_LassLisa
0x0823A76C	rom	sParty_SailorEdmond
0x0823A77C	rom	sParty_SailorTrevor
0x0823A78C	rom	sParty_SailorLeonard
0x0823A794	rom	sParty_SailorDuncan
0x0823A7AC	rom	sParty_SailorHuey
0x0823A7BC	rom	sParty_SailorDylan
0x0823A7D4	rom	sParty_SailorPhillip
0x0823A7DC	rom	sParty_SailorDwayne
0x0823A7EC	rom	sParty_CamperLiam
0x0823A80C	rom	sParty_CamperShane
0x0823A81C	rom	sParty_CamperEthan
0x0823A824	rom	sParty_CamperRicky
0x0823A82C	rom	sParty_CamperJeff
0x0823A83C	rom	sParty_Camper2
0x0823A844	rom	sParty_CamperChris
0x0823A854	rom	sParty_CamperDrew
0x0823A874	rom	sParty_PicnickerDiana
0x0823A87C	rom	sParty_PicnickerNancy
0x0823A88C	rom	sParty_PicnickerIsabelle
0x0823A8A4	rom	sParty_PicnickerKelsey
0x0823A8B4	rom	sParty_PicnickerAlicia
0x0823A8D4	rom	sParty_PicnickerCaitlin
0x0823A8DC	rom	sParty_PicnickerHeidi
0x0823A8EC	rom	sParty_PicnickerCarol
0x0823A8FC	rom	sParty_PicnickerSofia
0x0823A914	rom	sParty_PicnickerMartha
0x0823A924	rom	sParty_PicnickerTina
0x0823A934	rom	sParty_PicnickerHannah
0x0823A95C	rom	sParty_PokemaniacMark
0x0823A96C	rom	sParty_PokemaniacHerman
0x0823A97C	rom	sParty_PokemaniacCooper
0x0823A994	rom	sParty_PokemaniacSteve
0x0823A9A4	rom	sParty_PokemaniacWinston
0x0823A9AC	rom	sParty_PokemaniacDawson
0x0823A9C4	rom	sParty_PokemaniacAshton
0x0823A9D4	rom	sParty_SuperNerdJovan
0x0823A9E4	rom	sParty_SuperNerdMiguel
0x0823A9FC	rom	sParty_SuperNerdAidan
0x0823AA3C	rom	sParty_SuperNerdGlenn
0x0823AA54	rom	sParty_SuperNerdLeslie
0x0823AA64	rom	sParty_SuperNerd1
0x0823AA7C	rom	sParty_SuperNerd2
0x0823AA9C	rom	sParty_SuperNerd3
0x0823AAAC	rom	sParty_SuperNerdErik
0x0823AAC4	rom	sParty_SuperNerdAvery
0x0823AAE4	rom	sParty_SuperNerdDerek
0x0823AAEC	rom	sParty_SuperNerdZac
0x0823AAFC	rom	sParty_HikerMarcos
0x0823AB14	rom	sParty_HikerFranklin
0x0823AB24	rom	sParty_HikerNob
0x0823AB44	rom	sParty_HikerWayne
0x0823AB4C	rom	sParty_HikerAlan
0x0823AB6C	rom	sParty_HikerBrice
0x0823AB84	rom	sParty_HikerClark
0x0823ABA4	rom	sParty_HikerTrent
0x0823ABB4	rom	sParty_HikerDudley
0x0823ABE4	rom	sParty_HikerAllen
0x0823ABF4	rom	sParty_HikerEric
0x0823AC04	rom	sParty_HikerLenny
0x0823AC24	rom	sParty_HikerOliver
0x0823AC3C	rom	sParty_HikerLucas
0x0823AC5C	rom	sParty_BikerJared
0x0823AC8C	rom	sParty_BikerMalik
0x0823ACAC	rom	sParty_BikerErnest
0x0823ACFC	rom	sParty_BikerAlex
0x0823AD2C	rom	sParty_BikerLao
0x0823AD4C	rom	sParty_Biker1
0x0823AD54	rom	sParty_BikerHideo
0x0823AD5C	rom	sParty_BikerRuben
0x0823AD8C	rom	sParty_BikerBilly
0x0823AD94	rom	sParty_BikerNikolas
0x0823ADB4	rom	sParty_BikerJaxon
0x0823ADD4	rom	sParty_BikerWilliam
0x0823AE24	rom	sParty_BikerLukas
0x0823AE64	rom	sParty_BikerIsaac
0x0823AE94	rom	sParty_BikerGerald
0x0823AEB4	rom	sParty_Burglar1
0x0823AEC4	rom	sParty_Burglar2
0x0823AECC	rom	sParty_Burglar3
0x0823AEE4	rom	sParty_BurglarQuinn
0x0823AEFC	rom	sParty_BurglarRamon
0x0823AF04	rom	sParty_BurglarDusty
0x0823AF14	rom	sParty_BurglarArnie
0x0823AF24	rom	sParty_Burglar4
0x0823AF34	rom	sParty_BurglarSimon
0x0823AF3C	rom	sParty_BurglarLewis
0x0823AF4C	rom	sParty_EngineerBaily
0x0823AF5C	rom	sParty_EngineerBraxton
0x0823AF64	rom	sParty_EngineerBernie
0x0823AF7C	rom	sParty_FishermanDale
0x0823AF94	rom	sParty_FishermanBarny
0x0823AFAC	rom	sParty_FishermanNed
0x0823AFC4	rom	sParty_FishermanChip
0x0823AFD4	rom	sParty_FishermanHank
0x0823AFDC	rom	sParty_FishermanElliot
0x0823AFFC	rom	sParty_FishermanRonald
0x0823B01C	rom	sParty_FishermanClaude
0x0823B02C	rom	sParty_FishermanWade
0x0823B05C	rom	sParty_FishermanNolan
0x0823B06C	rom	sParty_FishermanAndrew
0x0823B07C	rom	sParty_SwimmerMaleLuis
0x0823B08C	rom	sParty_SwimmerMaleRichard
0x0823B09C	rom	sParty_SwimmerMaleReece
0x0823B0B4	rom	sParty_SwimmerMaleMatthew
0x0823B0C4	rom	sParty_SwimmerMaleDouglas
0x0823B0E4	rom	sParty_SwimmerMaleDavid
0x0823B0FC	rom	sParty_SwimmerMaleTony
0x0823B10C	rom	sParty_SwimmerMaleAxle
0x0823B134	rom	sParty_SwimmerMaleBarry
0x0823B144	rom	sParty_SwimmerMaleDean
0x0823B14C	rom	sParty_SwimmerMaleDarrin
0x0823B16C	rom	sParty_SwimmerMaleSpencer
0x0823B17C	rom	sParty_SwimmerMaleJack
0x0823B184	rom	sParty_SwimmerMaleJerome
0x0823B194	rom	sParty_SwimmerMaleRoland
0x0823B1AC	rom	sParty_CueBallKoji
0x0823B1C4	rom	sParty_CueBallLuke
0x0823B1D4	rom	sParty_CueBallCamron
0x0823B1E4	rom	sParty_CueBallRaul
0x0823B1F4	rom	sParty_CueBallIsaiah
0x0823B204	rom	sParty_CueBallZeek
0x0823B20C	rom	sParty_CueBallJamal
0x0823B22C	rom	sParty_CueBallCorey
0x0823B23C	rom	sParty_CueBallChase
0x0823B254	rom	sParty_GamerHugo
0x0823B264	rom	sParty_GamerJasper
0x0823B274	rom	sParty_GamerDirk
0x0823B284	rom	sParty_GamerDarian
0x0823B294	rom	sParty_GamerStan
0x0823B2AC	rom	sParty_Gamer1
0x0823B2B4	rom	sParty_GamerRich
0x0823B2C4	rom	sParty_BeautyBridget
0x0823B2E4	rom	sParty_BeautyTamia
0x0823B2F4	rom	sParty_BeautyLori
0x0823B2FC	rom	sParty_BeautyLola
0x0823B314	rom	sParty_BeautySheila
0x0823B324	rom	sParty_SwimmerFemaleTiffany
0x0823B32C	rom	sParty_SwimmerFemaleNora
0x0823B344	rom	sParty_SwimmerFemaleMelissa
0x0823B354	rom	sParty_BeautyGrace
0x0823B364	rom	sParty_BeautyOlivia
0x0823B374	rom	sParty_BeautyLauren
0x0823B38C	rom	sParty_SwimmerFemaleAnya
0x0823B3B4	rom	sParty_SwimmerFemaleAlice
0x0823B3C4	rom	sParty_SwimmerFemaleConnie
0x0823B3DC	rom	sParty_SwimmerFemaleShirley
0x0823B3F4	rom	sParty_PsychicJohan
0x0823B414	rom	sParty_PsychicTyron
0x0823B424	rom	sParty_PsychicCameron
0x0823B43C	rom	sParty_PsychicPreston
0x0823B444	rom	sParty_RockerRandall
0x0823B45C	rom	sParty_RockerLuca
0x0823B46C	rom	sParty_JugglerDalton
0x0823B47C	rom	sParty_JugglerNelson
0x0823B49C	rom	sParty_JugglerKirk
0x0823B4BC	rom	sParty_JugglerShawn
0x0823B4CC	rom	sParty_JugglerGregory
0x0823B4DC	rom	sParty_JugglerEdward
0x0823B51C	rom	sParty_JugglerKayden
0x0823B524	rom	sParty_JugglerNate
0x0823B534	rom	sParty_TamerPhil
0x0823B544	rom	sParty_TamerEdgar
0x0823B55C	rom	sParty_TamerJason
0x0823B564	rom	sParty_TamerCole
0x0823B574	rom	sParty_TamerVincent
0x0823B584	rom	sParty_TamerJohn
0x0823B5A4	rom	sParty_BirdKeeperSebastian
0x0823B5B4	rom	sParty_BirdKeeperPerry
0x0823B5DC	rom	sParty_BirdKeeperRobert
0x0823B5FC	rom	sParty_BirdKeeperDonald
0x0823B604	rom	sParty_BirdKeeperBenny
0x0823B614	rom	sParty_BirdKeeperEdwin
0x0823B634	rom	sParty_BirdKeeperChester
0x0823B64C	rom	sParty_BirdKeeperWilton
0x0823B65C	rom	sParty_BirdKeeperRamiro
0x0823B664	rom	sParty_BirdKeeperJacob
0x0823B684	rom	sParty_BirdKeeperRoger
0x0823B69C	rom	sParty_BirdKeeperReed
0x0823B6BC	rom	sParty_BirdKeeperKeith
0x0823B6CC	rom	sParty_BirdKeeperCarter
0x0823B6E4	rom	sParty_BirdKeeperMitch
0x0823B704	rom	sParty_BirdKeeperBeck
0x0823B714	rom	sParty_BirdKeeperMarlon
0x0823B72C	rom	sParty_BlackBeltKoichi
0x0823B73C	rom	sParty_BlackBeltMike
0x0823B754	rom	sParty_BlackBeltHideki
0x0823B764	rom	sParty_BlackBeltAaron
0x0823B76C	rom	sParty_BlackBeltHitoshi
0x0823B784	rom	sParty_BlackBeltAtsushi
0x0823B794	rom	sParty_BlackBeltKiyo
0x0823B79C	rom	sParty_BlackBeltTakashi
0x0823B7B4	rom	sParty_BlackBeltDaisuke
0x0823B7CC	rom	sParty_RivalOaksLabSquirtle
0x0823B7D4	rom	sParty_RivalOaksLabBulbasaur
0x0823B7DC	rom	sParty_RivalOaksLabCharmander
0x0823B7E4	rom	sParty_RivalRoute22EarlySquirtle
0x0823B804	rom	sParty_RivalRoute22EarlyBulbasaur
0x0823B824	rom	sParty_RivalRoute22EarlyCharmander
0x0823B844	rom	sParty_RivalCeruleanSquirtle
0x0823B884	rom	sParty_RivalCeruleanBulbasaur
0x0823B8C4	rom	sParty_RivalCeruleanCharmander
0x0823B904	rom	sParty_ScientistTed
0x0823B914	rom	sParty_ScientistConnor
0x0823B954	rom	sParty_ScientistJerry
0x0823B96C	rom	sParty_ScientistJose
0x0823B98C	rom	sParty_ScientistRodney
0x0823B994	rom	sParty_ScientistBeau
0x0823B9D4	rom	sParty_ScientistTaylor
0x0823BA24	rom	sParty_ScientistJoshua
0x0823BA34	rom	sParty_ScientistParker
0x0823BA44	rom	sParty_ScientistEd
0x0823BA74	rom	sParty_ScientistTravis
0x0823BA84	rom	sParty_ScientistBraydon
0x0823BA9C	rom	sParty_ScientistIvan
0x0823BAAC	rom	sParty_BossGiovanni
0x0823BAC4	rom	sParty_BossGiovanni2
0x0823BAE4	rom	sParty_LeaderGiovanni
0x0823BB34	rom	sParty_TeamRocketGrunt
0x0823BB44	rom	sParty_TeamRocketGrunt2
0x0823BB5C	rom	sParty_TeamRocketGrunt3
0x0823BB6C	rom	sParty_TeamRocketGrunt4
0x0823BB7C	rom	sParty_TeamRocketGrunt5
0x0823BB8C	rom	sParty_TeamRocketGrunt6
0x0823BB9C	rom	sParty_TeamRocketGrunt7
0x0823BBAC	rom	sParty_TeamRocketGrunt8
0x0823BBBC	rom	sParty_TeamRocketGrunt9
0x0823BBCC	rom	sParty_TeamRocketGrunt10
0x0823BBFC	rom	sParty_TeamRocketGrunt11
0x0823BC1C	rom	sParty_TeamRocketGrunt12
0x0823BC3C	rom	sParty_TeamRocketGrunt13
0x0823BC8C	rom	sParty_TeamRocketGrunt14
0x0823BCA4	rom	sParty_TeamRocketGrunt15
0x0823BCB4	rom	sParty_TeamRocketGrunt16
0x0823BCCC	rom	sParty_TeamRocketGrunt17
0x0823BCE4	rom	sParty_TeamRocketGrunt18
0x0823BCF4	rom	sParty_TeamRocketGrunt19
0x0823BD0C	rom	sParty_TeamRocketGrunt20
0x0823BD1C	rom	sParty_TeamRocketGrunt21
0x0823BD3C	rom	sParty_TeamRocketGrunt22
0x0823BD4C	rom	sParty_TeamRocketGrunt23
0x0823BD5C	rom	sParty_TeamRocketGrunt24
0x0823BD84	rom	sParty_TeamRocketGrunt25
0x0823BD9C	rom	sParty_TeamRocketGrunt26
0x0823BDAC	rom	sParty_TeamRocketGrunt27
0x0823BDC4	rom	sParty_TeamRocketGrunt28
0x0823BDCC	rom	sParty_TeamRocketGrunt29
0x0823BDD4	rom	sParty_TeamRocketGrunt30
0x0823BDE4	rom	sParty_TeamRocketGrunt31
0x0823BDFC	rom	sParty_TeamRocketGrunt32
0x0823BE3C	rom	sParty_TeamRocketGrunt33
0x0823BE4C	rom	sParty_TeamRocketGrunt34
0x0823BE5C	rom	sParty_TeamRocketGrunt35
0x0823BE7C	rom	sParty_TeamRocketGrunt36
0x0823BE94	rom	sParty_TeamRocketGrunt37
0x0823BEAC	rom	sParty_TeamRocketGrunt38
0x0823BEC4	rom	sParty_TeamRocketGrunt39
0x0823BECC	rom	sParty_TeamRocketGrunt40
0x0823BEF4	rom	sParty_TeamRocketGrunt41
0x0823BF0C	rom	sParty_CooltrainerSamuel
0x0823BF5C	rom	sParty_CooltrainerGeorge
0x0823BFAC	rom	sParty_CooltrainerColby
0x0823BFFC	rom	sParty_CooltrainerPaul
0x0823C04C	rom	sParty_CooltrainerRolando
0x0823C09C	rom	sParty_CooltrainerGilbert
0x0823C0EC	rom	sParty_CooltrainerOwen
0x0823C13C	rom	sParty_CooltrainerBerke
0x0823C18C	rom	sParty_CooltrainerYuji
0x0823C1DC	rom	sParty_CooltrainerWarren
0x0823C22C	rom	sParty_CooltrainerMary
0x0823C27C	rom	sParty_CooltrainerCaroline
0x0823C2CC	rom	sParty_CooltrainerAlexa
0x0823C31C	rom	sParty_CooltrainerShannon
0x0823C36C	rom	sParty_CooltrainerNaomi
0x0823C3BC	rom	sParty_CooltrainerBrooke
0x0823C40C	rom	sParty_CooltrainerAustina
0x0823C45C	rom	sParty_CooltrainerJulie
0x0823C4AC	rom	sParty_EliteFourLorelei
0x0823C4FC	rom	sParty_EliteFourBruno
0x0823C54C	rom	sParty_EliteFourAgatha
0x0823C59C	rom	sParty_EliteFourLance
0x0823C5EC	rom	sParty_LeaderBrock
0x0823C60C	rom	sParty_LeaderMisty
0x0823C62C	rom	sParty_LeaderLtSurge
0x0823C65C	rom	sParty_LeaderErika
0x0823C68C	rom	sParty_LeaderKoga
0x0823C6CC	rom	sParty_LeaderBlaine
0x0823C70C	rom	sParty_LeaderSabrina
0x0823C74C	rom	sParty_GentlemanThomas
0x0823C75C	rom	sParty_GentlemanArthur
0x0823C76C	rom	sParty_GentlemanTucker
0x0823C774	rom	sParty_GentlemanNorton
0x0823C77C	rom	sParty_GentlemanWalter
0x0823C78C	rom	sParty_RivalSsAnneSquirtle
0x0823C7AC	rom	sParty_RivalSsAnneBulbasaur
0x0823C7CC	rom	sParty_RivalSsAnneCharmander
0x0823C7EC	rom	sParty_RivalPokemonTowerSquirtle
0x0823C814	rom	sParty_RivalPokemonTowerBulbasaur
0x0823C83C	rom	sParty_RivalPokemonTowerCharmander
0x0823C864	rom	sParty_RivalSilphSquirtle
0x0823C88C	rom	sParty_RivalSilphBulbasaur
0x0823C8B4	rom	sParty_RivalSilphCharmander
0x0823C8DC	rom	sParty_RivalRoute22LateSquirtle
0x0823C93C	rom	sParty_RivalRoute22LateBulbasaur
0x0823C99C	rom	sParty_RivalRoute22LateCharmander
0x0823C9FC	rom	sParty_ChampionFirstSquirtle
0x0823CA5C	rom	sParty_ChampionFirstBulbasaur
0x0823CABC	rom	sParty_ChampionFirstCharmander
0x0823CB1C	rom	sParty_ChannelerPatricia
0x0823CB24	rom	sParty_ChannelerCarly
0x0823CB2C	rom	sParty_ChannelerHope
0x0823CB34	rom	sParty_ChannelerPaula
0x0823CB3C	rom	sParty_ChannelerLaurel
0x0823CB4C	rom	sParty_ChannelerJody
0x0823CB54	rom	sParty_ChannelerTammy
0x0823CB5C	rom	sParty_ChannelerRuth
0x0823CB64	rom	sParty_ChannelerKarina
0x0823CB6C	rom	sParty_ChannelerJanae
0x0823CB74	rom	sParty_ChannelerAngelica
0x0823CB8C	rom	sParty_ChannelerEmilia
0x0823CB94	rom	sParty_ChannelerJennifer
0x0823CB9C	rom	sParty_Channeler1
0x0823CBA4	rom	sParty_Channeler2
0x0823CBAC	rom	sParty_Channeler3
0x0823CBB4	rom	sParty_Channeler4
0x0823CBBC	rom	sParty_Channeler5
0x0823CBC4	rom	sParty_Channeler6
0x0823CBDC	rom	sParty_Channeler7
0x0823CBE4	rom	sParty_Channeler8
0x0823CBEC	rom	sParty_ChannelerAmanda
0x0823CBFC	rom	sParty_ChannelerStacy
0x0823CC04	rom	sParty_ChannelerTasha
0x0823CC1C	rom	sParty_HikerJeremy
0x0823CC2C	rom	sParty_PicnickerAlma
0x0823CC44	rom	sParty_PicnickerSusie
0x0823CC6C	rom	sParty_PicnickerValerie
0x0823CC7C	rom	sParty_PicnickerGwen
0x0823CC9C	rom	sParty_BikerVirgil
0x0823CCCC	rom	sParty_CamperFlint
0x0823CCDC	rom	sParty_PicnickerMissy
0x0823CCEC	rom	sParty_PicnickerIrene
0x0823CD04	rom	sParty_PicnickerDana
0x0823CD1C	rom	sParty_PicnickerAriana
0x0823CD3C	rom	sParty_PicnickerLeah
0x0823CD4C	rom	sParty_CamperJustin
0x0823CD5C	rom	sParty_PicnickerYazmin
0x0823CD74	rom	sParty_PicnickerKindra
0x0823CD8C	rom	sParty_PicnickerBecky
0x0823CD9C	rom	sParty_PicnickerCelia
0x0823CDA4	rom	sParty_GentlemanBrooks
0x0823CDAC	rom	sParty_GentlemanLamar
0x0823CDBC	rom	sParty_TwinsEliAnne
0x0823CDCC	rom	sParty_CoolCoupleRayTyra
0x0823CDEC	rom	sParty_YoungCoupleGiaJes
0x0823CDFC	rom	sParty_TwinsKiriJan
0x0823CE0C	rom	sParty_CrushKinRonMya
0x0823CE1C	rom	sParty_YoungCoupleLeaJed
0x0823CE2C	rom	sParty_SisAndBroLiaLuc
0x0823CE3C	rom	sParty_SisAndBroLilIan
0x0823CE4C	rom	sParty_BugCatcher3
0x0823CE54	rom	sParty_BugCatcher4
0x0823CE5C	rom	sParty_BugCatcher5
0x0823CE64	rom	sParty_BugCatcher6
0x0823CE6C	rom	sParty_BugCatcher7
0x0823CE74	rom	sParty_BugCatcher8
0x0823CE7C	rom	sParty_YoungsterBen3
0x0823CE8C	rom	sParty_YoungsterBen4
0x0823CE9C	rom	sParty_YoungsterChad2
0x0823CEAC	rom	sParty_LassReli2
0x0823CEBC	rom	sParty_LassReli3
0x0823CECC	rom	sParty_YoungsterTimmy2
0x0823CEE4	rom	sParty_YoungsterTimmy3
0x0823CEFC	rom	sParty_YoungsterTimmy4
0x0823CF14	rom	sParty_YoungsterChad3
0x0823CF24	rom	sParty_LassJanice2
0x0823CF34	rom	sParty_LassJanice3
0x0823CF44	rom	sParty_YoungsterChad4
0x0823CF54	rom	sParty_HikerFranklin2
0x0823CF64	rom	sParty_PkmnProfProfOak
0x0823CF6C	rom	sParty_PlayerBrendan
0x0823CF74	rom	sParty_PlayerMay
0x0823CF7C	rom	sParty_PlayerRed
0x0823CF84	rom	sParty_PlayerLeaf
0x0823CF8C	rom	sParty_TeamRocketGrunt42
0x0823CF9C	rom	sParty_PsychicJaclyn
0x0823CFCC	rom	sParty_CrushGirlSharon
0x0823CFDC	rom	sParty_TuberAmira
0x0823CFF4	rom	sParty_PkmnBreederAlize
0x0823D00C	rom	sParty_PkmnRangerNicolas
0x0823D02C	rom	sParty_PkmnRangerMadeline
0x0823D04C	rom	sParty_AromaLadyNikki
0x0823D05C	rom	sParty_RuinManiacStanly
0x0823D074	rom	sParty_LadyJacki
0x0823D084	rom	sParty_PainterDaisy
0x0823D094	rom	sParty_BikerGoon
0x0823D0B4	rom	sParty_BikerGoon2
0x0823D0C4	rom	sParty_BikerGoon3
0x0823D0CC	rom	sParty_Biker2
0x0823D0D4	rom	sParty_BugCatcherAnthony
0x0823D0E4	rom	sParty_BugCatcherCharlie
0x0823D0FC	rom	sParty_TwinsEliAnne2
0x0823D10C	rom	sParty_YoungsterJohnson
0x0823D124	rom	sParty_BikerRicardo
0x0823D154	rom	sParty_BikerJaren
0x0823D164	rom	sParty_TeamRocketGrunt43
0x0823D174	rom	sParty_TeamRocketGrunt44
0x0823D194	rom	sParty_TeamRocketGrunt45
0x0823D1AC	rom	sParty_TeamRocketGrunt46
0x0823D1C4	rom	sParty_TeamRocketGrunt47
0x0823D1DC	rom	sParty_TeamRocketGrunt48
0x0823D1EC	rom	sParty_TeamRocketAdmin
0x0823D21C	rom	sParty_TeamRocketAdmin2
0x0823D24C	rom	sParty_ScientistGideon
0x0823D29C	rom	sParty_SwimmerFemaleAmara
0x0823D2B4	rom	sParty_SwimmerFemaleMaria
0x0823D2C4	rom	sParty_SwimmerFemaleAbigail
0x0823D2DC	rom	sParty_SwimmerMaleFinn
0x0823D2E4	rom	sParty_SwimmerMaleGarrett
0x0823D2FC	rom	sParty_FishermanTommy
0x0823D324	rom	sParty_CrushGirlTanya
0x0823D334	rom	sParty_BlackBeltShea
0x0823D344	rom	sParty_BlackBeltHugh
0x0823D354	rom	sParty_CamperBryce
0x0823D36C	rom	sParty_PicnickerClaire
0x0823D38C	rom	sParty_CrushKinMikKia
0x0823D39C	rom	sParty_AromaLadyViolet
0x0823D3B4	rom	sParty_TuberAlexis
0x0823D3D4	rom	sParty_TwinsJoyMeg
0x0823D3E4	rom	sParty_SwimmerFemaleTisha
0x0823D3EC	rom	sParty_PainterCelina
0x0823D3FC	rom	sParty_PainterRayna
0x0823D40C	rom	sParty_LadyGillian
0x0823D424	rom	sParty_YoungsterDestin
0x0823D434	rom	sParty_SwimmerMaleToby
0x0823D44C	rom	sParty_TeamRocketGrunt49
0x0823D464	rom	sParty_TeamRocketGrunt50
0x0823D484	rom	sParty_TeamRocketGrunt51
0x0823D49C	rom	sParty_BirdKeeperMilo
0x0823D4AC	rom	sParty_BirdKeeperChaz
0x0823D4BC	rom	sParty_BirdKeeperHarold
0x0823D4CC	rom	sParty_FishermanTylor
0x0823D4DC	rom	sParty_SwimmerMaleMymo
0x0823D4EC	rom	sParty_SwimmerFemaleNicole
0x0823D4F4	rom	sParty_SisAndBroAvaGeb
0x0823D504	rom	sParty_AromaLadyRose
0x0823D514	rom	sParty_SwimmerMaleSamir
0x0823D51C	rom	sParty_SwimmerFemaleDenise
0x0823D52C	rom	sParty_TwinsMiuMia
0x0823D53C	rom	sParty_HikerEarl
0x0823D54C	rom	sParty_RuinManiacFoster
0x0823D554	rom	sParty_RuinManiacLarry
0x0823D564	rom	sParty_HikerDaryl
0x0823D56C	rom	sParty_PokemaniacHector
0x0823D57C	rom	sParty_PsychicDario
0x0823D58C	rom	sParty_PsychicRodette
0x0823D5BC	rom	sParty_AromaLadyMiah
0x0823D5CC	rom	sParty_YoungCoupleEveJon
0x0823D5DC	rom	sParty_JugglerMason
0x0823D61C	rom	sParty_CrushGirlCyndy
0x0823D634	rom	sParty_CrushGirlJocelyn
0x0823D644	rom	sParty_TamerEvan
0x0823D65C	rom	sParty_PokemaniacMark2
0x0823D66C	rom	sParty_PkmnRangerLogan
0x0823D68C	rom	sParty_PkmnRangerJackson
0x0823D6BC	rom	sParty_PkmnRangerBeth
0x0823D6D4	rom	sParty_PkmnRangerKatelyn
0x0823D6E4	rom	sParty_CooltrainerLeroy
0x0823D734	rom	sParty_CooltrainerMichelle
0x0823D784	rom	sParty_CoolCoupleLexNya
0x0823D7A4	rom	sParty_RuinManiacBrandon
0x0823D7AC	rom	sParty_RuinManiacBenjamin
0x0823D7DC	rom	sParty_PainterEdna
0x0823D7EC	rom	sParty_GentlemanClifford
0x0823D7FC	rom	sParty_LadySelphy
0x0823D81C	rom	sParty_RuinManiacLawson
0x0823D834	rom	sParty_PsychicLaura
0x0823D84C	rom	sParty_PkmnBreederBethany
0x0823D854	rom	sParty_PkmnBreederAllison
0x0823D86C	rom	sParty_BugCatcherGarret
0x0823D874	rom	sParty_BugCatcherJonah
0x0823D894	rom	sParty_BugCatcherVance
0x0823D8A4	rom	sParty_YoungsterNash
0x0823D8BC	rom	sParty_YoungsterCordell
0x0823D8CC	rom	sParty_LassDalia
0x0823D8EC	rom	sParty_LassJoana
0x0823D8F4	rom	sParty_CamperRiley
0x0823D904	rom	sParty_PicnickerMarcy
0x0823D91C	rom	sParty_RuinManiacLayton
0x0823D934	rom	sParty_PicnickerKelsey2
0x0823D944	rom	sParty_PicnickerKelsey3
0x0823D954	rom	sParty_PicnickerKelsey4
0x0823D964	rom	sParty_CamperRicky2
0x0823D96C	rom	sParty_CamperRicky3
0x0823D974	rom	sParty_CamperRicky4
0x0823D97C	rom	sParty_CamperJeff2
0x0823D98C	rom	sParty_CamperJeff3
0x0823D99C	rom	sParty_CamperJeff4
0x0823D9AC	rom	sParty_PicnickerIsabelle2
0x0823D9C4	rom	sParty_PicnickerIsabelle3
0x0823D9DC	rom	sParty_PicnickerIsabelle4
0x0823D9F4	rom	sParty_YoungsterYasu2
0x0823DA0C	rom	sParty_YoungsterYasu3
0x0823DA24	rom	sParty_EngineerBernie2
0x0823DA3C	rom	sParty_GamerDarian2
0x0823DA4C	rom	sParty_CamperChris2
0x0823DA5C	rom	sParty_CamperChris3
0x0823DA6C	rom	sParty_CamperChris4
0x0823DA7C	rom	sParty_PicnickerAlicia2
0x0823DA84	rom	sParty_PicnickerAlicia3
0x0823DA8C	rom	sParty_PicnickerAlicia4
0x0823DA94	rom	sParty_HikerJeremy2
0x0823DAA4	rom	sParty_PokemaniacMark3
0x0823DAB4	rom	sParty_PokemaniacHerman2
0x0823DAC4	rom	sParty_PokemaniacHerman3
0x0823DAD4	rom	sParty_HikerTrent2
0x0823DAE4	rom	sParty_LassMegan2
0x0823DB0C	rom	sParty_LassMegan3
0x0823DB34	rom	sParty_SuperNerdGlenn2
0x0823DB4C	rom	sParty_GamerRich2
0x0823DB5C	rom	sParty_BikerJaren2
0x0823DB6C	rom	sParty_FishermanElliot2
0x0823DB8C	rom	sParty_RockerLuca2
0x0823DB9C	rom	sParty_BeautySheila2
0x0823DBAC	rom	sParty_BirdKeeperRobert2
0x0823DBCC	rom	sParty_BirdKeeperRobert3
0x0823DBEC	rom	sParty_PicnickerSusie2
0x0823DC14	rom	sParty_PicnickerSusie3
0x0823DC3C	rom	sParty_PicnickerSusie4
0x0823DC64	rom	sParty_BikerLukas2
0x0823DC84	rom	sParty_BirdKeeperBenny2
0x0823DC94	rom	sParty_BirdKeeperBenny3
0x0823DCA4	rom	sParty_BirdKeeperMarlon2
0x0823DCBC	rom	sParty_BirdKeeperMarlon3
0x0823DCD4	rom	sParty_BeautyGrace2
0x0823DCE4	rom	sParty_BirdKeeperChester2
0x0823DCFC	rom	sParty_BirdKeeperChester3
0x0823DD14	rom	sParty_PicnickerBecky2
0x0823DD24	rom	sParty_PicnickerBecky3
0x0823DD34	rom	sParty_PicnickerBecky4
0x0823DD44	rom	sParty_CrushKinRonMya2
0x0823DD54	rom	sParty_CrushKinRonMya3
0x0823DD64	rom	sParty_CrushKinRonMya4
0x0823DD74	rom	sParty_BikerRuben2
0x0823DD8C	rom	sParty_CueBallCamron2
0x0823DD9C	rom	sParty_BikerJaxon2
0x0823DDAC	rom	sParty_CueBallIsaiah2
0x0823DDBC	rom	sParty_CueBallCorey2
0x0823DDCC	rom	sParty_BirdKeeperJacob2
0x0823DDEC	rom	sParty_BirdKeeperJacob3
0x0823DE0C	rom	sParty_SwimmerFemaleAlice2
0x0823DE1C	rom	sParty_SwimmerMaleDarrin2
0x0823DE3C	rom	sParty_PicnickerMissy2
0x0823DE4C	rom	sParty_PicnickerMissy3
0x0823DE5C	rom	sParty_FishermanWade2
0x0823DE8C	rom	sParty_SwimmerMaleJack2
0x0823DE94	rom	sParty_SisAndBroLilIan2
0x0823DEA4	rom	sParty_SisAndBroLilIan3
0x0823DEB4	rom	sParty_SwimmerMaleFinn2
0x0823DEBC	rom	sParty_CrushGirlSharon2
0x0823DECC	rom	sParty_CrushGirlSharon3
0x0823DEDC	rom	sParty_CrushGirlTanya2
0x0823DEEC	rom	sParty_CrushGirlTanya3
0x0823DEFC	rom	sParty_BlackBeltShea2
0x0823DF0C	rom	sParty_BlackBeltShea3
0x0823DF1C	rom	sParty_BlackBeltHugh2
0x0823DF2C	rom	sParty_BlackBeltHugh3
0x0823DF3C	rom	sParty_CrushKinMikKia2
0x0823DF4C	rom	sParty_CrushKinMikKia3
0x0823DF5C	rom	sParty_TuberAmira2
0x0823DF74	rom	sParty_TwinsJoyMeg2
0x0823DF84	rom	sParty_PainterRayna2
0x0823DF94	rom	sParty_YoungsterDestin2
0x0823DFA4	rom	sParty_PkmnBreederAlize2
0x0823DFBC	rom	sParty_YoungCoupleGiaJes2
0x0823DFCC	rom	sParty_YoungCoupleGiaJes3
0x0823DFDC	rom	sParty_BirdKeeperMilo2
0x0823DFEC	rom	sParty_BirdKeeperChaz2
0x0823DFFC	rom	sParty_BirdKeeperHarold2
0x0823E00C	rom	sParty_SwimmerFemaleNicole2
0x0823E014	rom	sParty_PsychicJaclyn2
0x0823E044	rom	sParty_SwimmerMaleSamir2
0x0823E04C	rom	sParty_HikerEarl2
0x0823E05C	rom	sParty_RuinManiacLarry2
0x0823E06C	rom	sParty_PokemaniacHector2
0x0823E07C	rom	sParty_PsychicDario2
0x0823E08C	rom	sParty_PsychicRodette2
0x0823E0BC	rom	sParty_JugglerMason2
0x0823E0DC	rom	sParty_PkmnRangerNicolas2
0x0823E0FC	rom	sParty_PkmnRangerMadeline2
0x0823E11C	rom	sParty_CrushGirlCyndy2
0x0823E134	rom	sParty_TamerEvan2
0x0823E14C	rom	sParty_PkmnRangerJackson2
0x0823E17C	rom	sParty_PkmnRangerKatelyn2
0x0823E18C	rom	sParty_CooltrainerLeroy2
0x0823E1DC	rom	sParty_CooltrainerMichelle2
0x0823E22C	rom	sParty_CoolCoupleLexNya2
0x0823E24C	rom	sParty_BugCatcherColton2
0x0823E264	rom	sParty_BugCatcherColton3
0x0823E27C	rom	sParty_BugCatcherColton4
0x0823E294	rom	sParty_SwimmerMaleMatthew2
0x0823E2A4	rom	sParty_SwimmerMaleTony2
0x0823E2B4	rom	sParty_SwimmerFemaleMelissa2
0x0823E2C4	rom	sParty_EliteFourLorelei2
0x0823E314	rom	sParty_EliteFourBruno2
0x0823E364	rom	sParty_EliteFourAgatha2
0x0823E3B4	rom	sParty_EliteFourLance2
0x0823E404	rom	sParty_ChampionRematchSquirtle
0x0823E464	rom	sParty_ChampionRematchBulbasaur
0x0823E4C4	rom	sParty_ChampionRematchCharmander
0x0823E524	rom	sParty_CueBallPaxton
0x0823E534	rom	gTrainerClassNames
0x0823EAA4	rom	gTrainers
0x08245EBC	rom	gSpeciesNames
0x08247070	rom	gMoveNames
0x08248278	rom	sUnused
0x0824827C	rom	sVsLetter_V_OamData
0x08248284	rom	sVsLetter_S_OamData
0x0824828C	rom	sVsLetterAffineAnimCmds0
0x0824829C	rom	sVsLetterAffineAnimCmds1
0x082482BC	rom	sVsLetterAffineAnimTable
0x082482C4	rom	sVsLetter_V_SpriteTemplate
0x082482DC	rom	sVsLetter_S_SpriteTemplate
0x082482F4	rom	sVsLettersSpriteSheet
0x082482FC	rom	gBattleBgTemplates
0x0824830C	rom	sStandardBattleWindowTemplates
0x082483DC	rom	sBattleTerrainPalette_Grass
0x08248428	rom	sBattleTerrainTiles_Grass
0x08248984	rom	sBattleTerrainTilemap_Grass
0x08248C44	rom	sBattleTerrainAnimTiles_Grass
0x08248F34	rom	sBattleTerrainAnimTilemap_Grass
0x08249050	rom	sBattleTerrainPalette_LongGrass
0x082490A0	rom	sBattleTerrainTiles_LongGrass
0x082495FC	rom	sBattleTerrainTilemap_LongGrass
0x082498B8	rom	sBattleTerrainAnimTiles_LongGrass
0x08249DEC	rom	sBattleTerrainAnimTilemap_LongGrass
0x08249F74	rom	sBattleTerrainPalette_Sand
0x08249FC0	rom	sBattleTerrainTiles_Sand
0x0824A358	rom	sBattleTerrainTilemap_Sand
0x0824A5F4	rom	sBattleTerrainAnimTiles_Sand
0x0824A820	rom	sBattleTerrainAnimTilemap_Sand
0x0824A91C	rom	sBattleTerrainPalette_Underwater
0x0824A96C	rom	sBattleTerrainTiles_Underwater
0x0824ACAC	rom	sBattleTerrainTilemap_Underwater
0x0824AF4C	rom	sBattleTerrainAnimTiles_Underwater
0x0824B0B8	rom	sBattleTerrainAnimTilemap_Underwater
0x0824B178	rom	sBattleTerrainPalette_Water
0x0824B1C8	rom	sBattleTerrainTiles_Water
0x0824B5E4	rom	sBattleTerrainTilemap_Water
0x0824B884	rom	sBattleTerrainAnimTiles_Water
0x0824BBBC	rom	sBattleTerrainAnimTilemap_Water
0x0824BCBC	rom	sBattleTerrainPalette_Pond
0x0824BD14	rom	sBattleTerrainTiles_Pond
0x0824C058	rom	sBattleTerrainTilemap_Pond
0x0824C2F0	rom	sBattleTerrainAnimTiles_Pond
0x0824C4FC	rom	sBattleTerrainAnimTilemap_Pond
0x0824C5B4	rom	sBattleTerrainPalette_Mountain
0x0824C600	rom	sBattleTerrainTiles_Mountain
0x0824C934	rom	sBattleTerrainTilemap_Mountain
0x0824CBD4	rom	sBattleTerrainAnimTiles_Mountain
0x0824CEA4	rom	sBattleTerrainAnimTilemap_Mountain
0x0824CF74	rom	sBattleTerrainPalette_Cave
0x0824CFC8	rom	sBattleTerrainTiles_Cave
0x0824D3F4	rom	sBattleTerrainTilemap_Cave
0x0824D694	rom	sBattleTerrainAnimTiles_Cave
0x0824DC74	rom	sBattleTerrainAnimTilemap_Cave
0x0824DDCC	rom	sBattleTerrainPalette_Building
0x0824DE10	rom	sBattleTerrainTiles_Building
0x0824E148	rom	sBattleTerrainTilemap_Building
0x0824E3EC	rom	sBattleTerrainAnimTiles_Building
0x0824E46C	rom	sBattleTerrainAnimTilemap_Building
0x0824E504	rom	sBattleTerrainPalette_Link
0x0824E548	rom	sBattleTerrainPalette_Gym
0x0824E594	rom	sBattleTerrainPalette_Leader
0x0824E5E0	rom	sBattleTerrainPalette_Indoor2
0x0824E62C	rom	sBattleTerrainPalette_Indoor1
0x0824E680	rom	sBattleTerrainPalette_Lorelei
0x0824E6CC	rom	sBattleTerrainPalette_Bruno
0x0824E71C	rom	sBattleTerrainPalette_Agatha
0x0824E768	rom	sBattleTerrainPalette_Lance
0x0824E7B8	rom	sBattleTerrainPalette_Champion
0x0824E7F8	rom	sBattleTerrainPalette_Plain
0x0824E834	rom	sBattleTerrainTiles_Indoor
0x0824EB6C	rom	sBattleTerrainTilemap_Indoor
0x0824EE10	rom	sBattleTerrainTable
0x0824EFA0	rom	sMapBattleSceneMapping
0x0824EFC0	rom	sIntroScanlineParams16Bit
0x0824EFCC	rom	gUnknownDebugSprite
0x0824EFE4	rom	sText_ShedinjaJpnName
0x0824EFEC	rom	gOamData_BattlerOpponent
0x0824EFF4	rom	gOamData_BattlerPlayer
0x0824EFFC	rom	sAnim_Unused
0x0824F004	rom	sAnims_Unused
0x0824F008	rom	sAffineAnim_Unused
0x0824F020	rom	sAffineAnims_Unused
0x0824F024	rom	sPlayerThrowXTranslation
0x0824F02C	rom	gTypeEffectiveness
0x0824F17C	rom	gTypeNames
0x0824F1FC	rom	gTrainerMoneyTable
0x0824F3A0	rom	sNoneDescription
0x0824F3B4	rom	sStenchDescription
0x0824F3CE	rom	sDrizzleDescription
0x0824F3E6	rom	sSpeedBoostDescription
0x0824F3FE	rom	sBattleArmorDescription
0x0824F414	rom	sSturdyDescription
0x0824F42E	rom	sDampDescription
0x0824F449	rom	sLimberDescription
0x0824F45D	rom	sSandVeilDescription
0x0824F479	rom	sStaticDescription
0x0824F48F	rom	sVoltAbsorbDescription
0x0824F4AA	rom	sWaterAbsorbDescription
0x0824F4C1	rom	sObliviousDescription
0x0824F4D6	rom	sCloudNineDescription
0x0824F4EF	rom	sCompoundEyesDescription
0x0824F500	rom	sInsomniaDescription
0x0824F510	rom	sColorChangeDescription
0x0824F52C	rom	sImmunityDescription
0x0824F540	rom	sFlashFireDescription
0x0824F55A	rom	sShieldDustDescription
0x0824F572	rom	sOwnTempoDescription
0x0824F586	rom	sSuctionCupsDescription
0x0824F59F	rom	sIntimidateDescription
0x0824F5B8	rom	sShadowTagDescription
0x0824F5D3	rom	sRoughSkinDescription
0x0824F5E3	rom	sWonderGuardDescription
0x0824F5FB	rom	sLevitateDescription
0x0824F616	rom	sEffectSporeDescription
0x0824F630	rom	sSynchronizeDescription
0x0824F64B	rom	sClearBodyDescription
0x0824F667	rom	sNaturalCureDescription
0x0824F681	rom	sLightningRodDescription
0x0824F699	rom	sSereneGraceDescription
0x0824F6B1	rom	sSwiftSwimDescription
0x0824F6C7	rom	sChlorophyllDescription
0x0824F6E1	rom	sIlluminateDescription
0x0824F6FB	rom	sTraceDescription
0x0824F713	rom	sHugePowerDescription
0x0824F722	rom	sPoisonPointDescription
0x0824F73A	rom	sInnerFocusDescription
0x0824F74E	rom	sMagmaArmorDescription
0x0824F761	rom	sWaterVeilDescription
0x0824F771	rom	sMagnetPullDescription
0x0824F78B	rom	sSoundproofDescription
0x0824F7A5	rom	sRainDishDescription
0x0824F7C1	rom	sSandStreamDescription
0x0824F7D6	rom	sPressureDescription
0x0824F7ED	rom	sThickFatDescription
0x0824F807	rom	sEarlyBirdDescription
0x0824F823	rom	sFlameBodyDescription
0x0824F83D	rom	sRunAwayDescription
0x0824F854	rom	sKeenEyeDescription
0x0824F86F	rom	sHyperCutterDescription
0x0824F88A	rom	sPickupDescription
0x0824F89D	rom	sTruantDescription
0x0824F8B9	rom	sHustleDescription
0x0824F8D4	rom	sCuteCharmDescription
0x0824F8EB	rom	sPlusDescription
0x0824F901	rom	sMinusDescription
0x0824F916	rom	sForecastDescription
0x0824F930	rom	sStickyHoldDescription
0x0824F945	rom	sShedSkinDescription
0x0824F961	rom	sGutsDescription
0x0824F97A	rom	sMarvelScaleDescription
0x0824F994	rom	sLiquidOozeDescription
0x0824F9AC	rom	sOvergrowDescription
0x0824F9C8	rom	sBlazeDescription
0x0824F9E3	rom	sTorrentDescription
0x0824F9FF	rom	sSwarmDescription
0x0824FA19	rom	sRockHeadDescription
0x0824FA31	rom	sDroughtDescription
0x0824FA4D	rom	sArenaTrapDescription
0x0824FA5F	rom	sVitalSpiritDescription
0x0824FA6F	rom	sWhiteSmokeDescription
0x0824FA8B	rom	sPurePowerDescription
0x0824FA9A	rom	sShellArmorDescription
0x0824FAB0	rom	sCacophonyDescription
0x0824FACA	rom	sAirLockDescription
0x0824FAE4	rom	gAbilityDescriptionPointers
0x0824FC1C	rom	gAbilityNames
0x08250014	rom	sTurnActionsFuncsTable
0x0825004C	rom	sEndTurnFuncsTable
0x08250070	rom	gStatusConditionString_PoisonJpn
0x08250078	rom	gStatusConditionString_SleepJpn
0x08250080	rom	gStatusConditionString_ParalysisJpn
0x08250088	rom	gStatusConditionString_BurnJpn
0x08250090	rom	gStatusConditionString_IceJpn
0x08250098	rom	gStatusConditionString_ConfusionJpn
0x082500A0	rom	gStatusConditionString_LoveJpn
0x082500A8	rom	gStatusConditionStringsTable
0x082500E0	rom	sSoundMovesTable
0x082500F8	rom	gBattleScriptingCommandsTable
0x082504D8	rom	sAccuracyStageRatios
0x0825050C	rom	sCriticalHitChance
0x08250518	rom	sStatusFlagsForMoveEffects
0x08250608	rom	sMoveEffectBS_Ptrs
0x082506A4	rom	sUnusedWinTemplate
0x082506AC	rom	sLevelUpBanner_Pal
0x082506CC	rom	sLevelUpBanner_Gfx
0x08250794	rom	sRubyLevelUpStatBoxStats
0x0825079C	rom	sOamData_MonIconOnLvlUpBanner
0x082507A4	rom	sSpriteTemplate_MonIconOnLvlUpBanner
0x082507BC	rom	sProtectSuccessRates
0x082507C4	rom	sMovesForbiddenToCopy
0x082507EC	rom	sFlailHpScaleToPowerTable
0x082507F8	rom	sNaturePowerMoves
0x0825080C	rom	sWeightToDamageTable
0x08250824	rom	sPickupItems
0x08250864	rom	sTerrainToType
0x0825086E	rom	sBallCatchBonuses
0x08250874	rom	sJPText_Turn
0x08250878	rom	sPlayerBufferCommands
0x0825095C	rom	sTargetIdentities
0x08250960	rom	sUnused
0x08250968	rom	sSmokescreenImpactSpriteSheet
0x08250970	rom	sSmokescreenImpactSpritePalette
0x08250978	rom	sOamData_SmokescreenImpact
0x08250980	rom	sAnim_SmokescreenImpact_0
0x08250990	rom	sAnim_SmokescreenImpact_1
0x082509A0	rom	sAnim_SmokescreenImpact_2
0x082509B0	rom	sAnim_SmokescreenImpact_3
0x082509C0	rom	sAnims_SmokescreenImpact
0x082509D0	rom	sSmokescreenImpactSpriteTemplate
0x082509E8	rom	gSpriteSheet_EnemyShadow
0x082509F0	rom	sOamData_EnemyShadow
0x082509F8	rom	gSpriteTemplate_EnemyShadow
0x08250A10	rom	sOpponentBufferCommands
0x08250AF4	rom	sUnused
0x08250AFC	rom	sLinkOpponentBufferCommands
0x08250BE0	rom	gBattleMoves
0x08251C84	rom	sCombinedMoves
0x08251C94	rom	sSpeciesToHoennPokedexNum
0x08251FCA	rom	sSpeciesToNationalPokedexNum
0x08252300	rom	sHoennToNationalOrder
0x08252638	rom	sSpindaSpotGraphics
0x082526C8	rom	sItemEffect_Potion
0x082526CF	rom	sItemEffect_Antidote
0x082526D5	rom	sItemEffect_BurnHeal
0x082526DB	rom	sItemEffect_IceHeal
0x082526E1	rom	sItemEffect_Awakening
0x082526E7	rom	sItemEffect_ParalyzeHeal
0x082526ED	rom	sItemEffect_FullRestore
0x082526F4	rom	sItemEffect_MaxPotion
0x082526FB	rom	sItemEffect_HyperPotion
0x08252702	rom	sItemEffect_SuperPotion
0x08252709	rom	sItemEffect_FullHeal
0x0825270F	rom	sItemEffect_Revive
0x08252716	rom	sItemEffect_MaxRevive
0x0825271D	rom	sItemEffect_FreshWater
0x08252724	rom	sItemEffect_SodaPop
0x0825272B	rom	sItemEffect_Lemonade
0x08252732	rom	sItemEffect_MoomooMilk
0x08252739	rom	sItemEffect_EnergyPowder
0x08252743	rom	sItemEffect_EnergyRoot
0x0825274D	rom	sItemEffect_HealPowder
0x08252756	rom	sItemEffect_RevivalHerb
0x08252760	rom	sItemEffect_Ether
0x08252767	rom	sItemEffect_MaxEther
0x0825276E	rom	sItemEffect_Elixir
0x08252775	rom	sItemEffect_MaxElixir
0x0825277C	rom	sItemEffect_LavaCookie
0x08252782	rom	sItemEffect_BlueFlute
0x08252788	rom	sItemEffect_YellowFlute
0x0825278E	rom	sItemEffect_RedFlute
0x08252794	rom	sItemEffect_BerryJuice
0x0825279B	rom	sItemEffect_SacredAsh
0x082527A2	rom	sItemEffect_HPUp
0x082527AC	rom	sItemEffect_Protein
0x082527B6	rom	sItemEffect_Iron
0x082527C0	rom	sItemEffect_Carbos
0x082527CA	rom	sItemEffect_Calcium
0x082527D4	rom	sItemEffect_RareCandy
0x082527DE	rom	sItemEffect_PPUp
0x082527E7	rom	sItemEffect_Zinc
0x082527F1	rom	sItemEffect_PPMax
0x082527FA	rom	sItemEffect_GuardSpec
0x08252802	rom	sItemEffect_DireHit
0x0825280A	rom	sItemEffect_XAttack
0x08252812	rom	sItemEffect_XDefend
0x0825281A	rom	sItemEffect_XSpeed
0x08252822	rom	sItemEffect_XAccuracy
0x0825282A	rom	sItemEffect_XSpecial
0x08252832	rom	sItemEffect_SunStone
0x08252838	rom	sItemEffect_MoonStone
0x0825283E	rom	sItemEffect_FireStone
0x08252844	rom	sItemEffect_ThunderStone
0x0825284A	rom	sItemEffect_WaterStone
0x08252850	rom	sItemEffect_LeafStone
0x08252856	rom	sItemEffect_CheriBerry
0x0825285C	rom	sItemEffect_ChestoBerry
0x08252862	rom	sItemEffect_PechaBerry
0x08252868	rom	sItemEffect_RawstBerry
0x0825286E	rom	sItemEffect_AspearBerry
0x08252874	rom	sItemEffect_LeppaBerry
0x0825287B	rom	sItemEffect_OranBerry
0x08252882	rom	sItemEffect_PersimBerry
0x08252888	rom	sItemEffect_LumBerry
0x0825288E	rom	sItemEffect_SitrusBerry
0x08252898	rom	gItemEffectTable
0x08252B24	rom	sNatureStatTable
0x08252BA4	rom	sTMHMLearnsets
0x08253884	rom	gFacilityClassToPicIndex
0x0825391A	rom	gFacilityClassToTrainerClass
0x082539B0	rom	sHoennSpeciesIdToCryId
0x08253AC0	rom	gExperienceTables
0x08254760	rom	gSpeciesInfo
0x08257470	rom	sBulbasaurLevelUpLearnset
0x08257488	rom	sIvysaurLevelUpLearnset
0x082574A4	rom	sVenusaurLevelUpLearnset
0x082574C2	rom	sCharmanderLevelUpLearnset
0x082574D8	rom	sCharmeleonLevelUpLearnset
0x082574F0	rom	sCharizardLevelUpLearnset
0x0825750E	rom	sSquirtleLevelUpLearnset
0x08257526	rom	sWartortleLevelUpLearnset
0x08257542	rom	sBlastoiseLevelUpLearnset
0x08257560	rom	sCaterpieLevelUpLearnset
0x08257566	rom	sMetapodLevelUpLearnset
0x0825756C	rom	sButterfreeLevelUpLearnset
0x08257584	rom	sWeedleLevelUpLearnset
0x0825758A	rom	sKakunaLevelUpLearnset
0x08257590	rom	sBeedrillLevelUpLearnset
0x082575A4	rom	sPidgeyLevelUpLearnset
0x082575B8	rom	sPidgeottoLevelUpLearnset
0x082575D0	rom	sPidgeotLevelUpLearnset
0x082575EA	rom	sRattataLevelUpLearnset
0x082575FC	rom	sRaticateLevelUpLearnset
0x08257610	rom	sSpearowLevelUpLearnset
0x08257624	rom	sFearowLevelUpLearnset
0x0825763A	rom	sEkansLevelUpLearnset
0x08257652	rom	sArbokLevelUpLearnset
0x0825766E	rom	sPikachuLevelUpLearnset
0x08257686	rom	sRaichuLevelUpLearnset
0x08257690	rom	sSandshrewLevelUpLearnset
0x082576A4	rom	sSandslashLevelUpLearnset
0x082576BC	rom	sNidoranFLevelUpLearnset
0x082576D2	rom	sNidorinaLevelUpLearnset
0x082576E8	rom	sNidoqueenLevelUpLearnset
0x082576F6	rom	sNidoranMLevelUpLearnset
0x0825770C	rom	sNidorinoLevelUpLearnset
0x08257722	rom	sNidokingLevelUpLearnset
0x08257730	rom	sClefairyLevelUpLearnset
0x0825774C	rom	sClefableLevelUpLearnset
0x08257756	rom	sVulpixLevelUpLearnset
0x0825776E	rom	sNinetalesLevelUpLearnset
0x0825777A	rom	sJigglypuffLevelUpLearnset
0x08257792	rom	sWigglytuffLevelUpLearnset
0x0825779C	rom	sZubatLevelUpLearnset
0x082577B2	rom	sGolbatLevelUpLearnset
0x082577CE	rom	sOddishLevelUpLearnset
0x082577E0	rom	sGloomLevelUpLearnset
0x082577F6	rom	sVileplumeLevelUpLearnset
0x08257802	rom	sParasLevelUpLearnset
0x08257816	rom	sParasectLevelUpLearnset
0x0825782E	rom	sVenonatLevelUpLearnset
0x08257846	rom	sVenomothLevelUpLearnset
0x08257864	rom	sDiglettLevelUpLearnset
0x0825787A	rom	sDugtrioLevelUpLearnset
0x08257896	rom	sMeowthLevelUpLearnset
0x082578AC	rom	sPersianLevelUpLearnset
0x082578C4	rom	sPsyduckLevelUpLearnset
0x082578D8	rom	sGolduckLevelUpLearnset
0x082578F0	rom	sMankeyLevelUpLearnset
0x08257908	rom	sPrimeapeLevelUpLearnset
0x08257926	rom	sGrowlitheLevelUpLearnset
0x0825793C	rom	sArcanineLevelUpLearnset
0x08257948	rom	sPoliwagLevelUpLearnset
0x0825795A	rom	sPoliwhirlLevelUpLearnset
0x08257970	rom	sPoliwrathLevelUpLearnset
0x0825797E	rom	sAbraLevelUpLearnset
0x08257982	rom	sKadabraLevelUpLearnset
0x0825799C	rom	sAlakazamLevelUpLearnset
0x082579B6	rom	sMachopLevelUpLearnset
0x082579D0	rom	sMachokeLevelUpLearnset
0x082579EC	rom	sMachampLevelUpLearnset
0x08257A08	rom	sBellsproutLevelUpLearnset
0x08257A1E	rom	sWeepinbellLevelUpLearnset
0x08257A38	rom	sVictreebelLevelUpLearnset
0x08257A48	rom	sTentacoolLevelUpLearnset
0x08257A5C	rom	sTentacruelLevelUpLearnset
0x08257A74	rom	sGeodudeLevelUpLearnset
0x08257A8C	rom	sGravelerLevelUpLearnset
0x08257AA8	rom	sGolemLevelUpLearnset
0x08257AC4	rom	sPonytaLevelUpLearnset
0x08257ADA	rom	sRapidashLevelUpLearnset
0x08257AF8	rom	sSlowpokeLevelUpLearnset
0x08257B10	rom	sSlowbroLevelUpLearnset
0x08257B2C	rom	sMagnemiteLevelUpLearnset
0x08257B44	rom	sMagnetonLevelUpLearnset
0x08257B60	rom	sFarfetchdLevelUpLearnset
0x08257B76	rom	sDoduoLevelUpLearnset
0x08257B8A	rom	sDodrioLevelUpLearnset
0x08257BA2	rom	sSeelLevelUpLearnset
0x08257BB4	rom	sDewgongLevelUpLearnset
0x08257BD0	rom	sGrimerLevelUpLearnset
0x08257BE6	rom	sMukLevelUpLearnset
0x08257BFE	rom	sShellderLevelUpLearnset
0x08257C12	rom	sCloysterLevelUpLearnset
0x08257C20	rom	sGastlyLevelUpLearnset
0x08257C38	rom	sHaunterLevelUpLearnset
0x08257C54	rom	sGengarLevelUpLearnset
0x08257C70	rom	sOnixLevelUpLearnset
0x08257C8A	rom	sDrowzeeLevelUpLearnset
0x08257CA2	rom	sHypnoLevelUpLearnset
0x08257CC0	rom	sKrabbyLevelUpLearnset
0x08257CD6	rom	sKinglerLevelUpLearnset
0x08257CF4	rom	sVoltorbLevelUpLearnset
0x08257D0C	rom	sElectrodeLevelUpLearnset
0x08257D28	rom	sExeggcuteLevelUpLearnset
0x08257D3E	rom	sExeggutorLevelUpLearnset
0x08257D4A	rom	sCuboneLevelUpLearnset
0x08257D64	rom	sMarowakLevelUpLearnset
0x08257D84	rom	sHitmonleeLevelUpLearnset
0x08257DA0	rom	sHitmonchanLevelUpLearnset
0x08257DBA	rom	sLickitungLevelUpLearnset
0x08257DD0	rom	sKoffingLevelUpLearnset
0x08257DE6	rom	sWeezingLevelUpLearnset
0x08257E00	rom	sRhyhornLevelUpLearnset
0x08257E16	rom	sRhydonLevelUpLearnset
0x08257E30	rom	sChanseyLevelUpLearnset
0x08257E4A	rom	sTangelaLevelUpLearnset
0x08257E64	rom	sKangaskhanLevelUpLearnset
0x08257E7A	rom	sHorseaLevelUpLearnset
0x08257E8C	rom	sSeadraLevelUpLearnset
0x08257EA4	rom	sGoldeenLevelUpLearnset
0x08257EBC	rom	sSeakingLevelUpLearnset
0x08257ED6	rom	sStaryuLevelUpLearnset
0x08257EF0	rom	sStarmieLevelUpLearnset
0x08257EFC	rom	sMrMimeLevelUpLearnset
0x08257F1E	rom	sScytherLevelUpLearnset
0x08257F36	rom	sJynxLevelUpLearnset
0x08257F52	rom	sElectabuzzLevelUpLearnset
0x08257F66	rom	sMagmarLevelUpLearnset
0x08257F80	rom	sPinsirLevelUpLearnset
0x08257F96	rom	sTaurosLevelUpLearnset
0x08257FAC	rom	sMagikarpLevelUpLearnset
0x08257FB4	rom	sGyaradosLevelUpLearnset
0x08257FC8	rom	sLaprasLevelUpLearnset
0x08257FE2	rom	sDittoLevelUpLearnset
0x08257FE6	rom	sEeveeLevelUpLearnset
0x08257FFA	rom	sVaporeonLevelUpLearnset
0x08258012	rom	sJolteonLevelUpLearnset
0x0825802A	rom	sFlareonLevelUpLearnset
0x08258042	rom	sPorygonLevelUpLearnset
0x0825805A	rom	sOmanyteLevelUpLearnset
0x08258070	rom	sOmastarLevelUpLearnset
0x0825808C	rom	sKabutoLevelUpLearnset
0x082580A2	rom	sKabutopsLevelUpLearnset
0x082580C0	rom	sAerodactylLevelUpLearnset
0x082580D2	rom	sSnorlaxLevelUpLearnset
0x082580F0	rom	sArticunoLevelUpLearnset
0x08258104	rom	sZapdosLevelUpLearnset
0x08258118	rom	sMoltresLevelUpLearnset
0x0825812C	rom	sDratiniLevelUpLearnset
0x08258142	rom	sDragonairLevelUpLearnset
0x0825815C	rom	sDragoniteLevelUpLearnset
0x08258178	rom	sMewtwoLevelUpLearnset
0x08258190	rom	sMewLevelUpLearnset
0x0825819E	rom	sChikoritaLevelUpLearnset
0x082581B4	rom	sBayleefLevelUpLearnset
0x082581CE	rom	sMeganiumLevelUpLearnset
0x082581E8	rom	sCyndaquilLevelUpLearnset
0x082581FA	rom	sQuilavaLevelUpLearnset
0x0825820E	rom	sTyphlosionLevelUpLearnset
0x08258224	rom	sTotodileLevelUpLearnset
0x08258238	rom	sCroconawLevelUpLearnset
0x0825824E	rom	sFeraligatrLevelUpLearnset
0x08258266	rom	sSentretLevelUpLearnset
0x0825827A	rom	sFurretLevelUpLearnset
0x08258292	rom	sHoothootLevelUpLearnset
0x082582A6	rom	sNoctowlLevelUpLearnset
0x082582BE	rom	sLedybaLevelUpLearnset
0x082582D4	rom	sLedianLevelUpLearnset
0x082582EC	rom	sSpinarakLevelUpLearnset
0x08258302	rom	sAriadosLevelUpLearnset
0x0825831C	rom	sCrobatLevelUpLearnset
0x08258338	rom	sChinchouLevelUpLearnset
0x0825834E	rom	sLanturnLevelUpLearnset
0x08258366	rom	sPichuLevelUpLearnset
0x08258372	rom	sCleffaLevelUpLearnset
0x08258380	rom	sIgglybuffLevelUpLearnset
0x0825838C	rom	sTogepiLevelUpLearnset
0x082583A6	rom	sTogeticLevelUpLearnset
0x082583C6	rom	sNatuLevelUpLearnset
0x082583D8	rom	sXatuLevelUpLearnset
0x082583EA	rom	sMareepLevelUpLearnset
0x082583FA	rom	sFlaaffyLevelUpLearnset
0x0825840C	rom	sAmpharosLevelUpLearnset
0x08258422	rom	sBellossomLevelUpLearnset
0x08258430	rom	sMarillLevelUpLearnset
0x08258444	rom	sAzumarillLevelUpLearnset
0x0825845E	rom	sSudowoodoLevelUpLearnset
0x08258472	rom	sPolitoedLevelUpLearnset
0x08258480	rom	sHoppipLevelUpLearnset
0x08258496	rom	sSkiploomLevelUpLearnset
0x082584B2	rom	sJumpluffLevelUpLearnset
0x082584CE	rom	sAipomLevelUpLearnset
0x082584E4	rom	sSunkernLevelUpLearnset
0x082584F6	rom	sSunfloraLevelUpLearnset
0x0825850A	rom	sYanmaLevelUpLearnset
0x08258522	rom	sWooperLevelUpLearnset
0x08258538	rom	sQuagsireLevelUpLearnset
0x0825854E	rom	sEspeonLevelUpLearnset
0x08258566	rom	sUmbreonLevelUpLearnset
0x0825857E	rom	sMurkrowLevelUpLearnset
0x08258590	rom	sSlowkingLevelUpLearnset
0x082585A8	rom	sMisdreavusLevelUpLearnset
0x082585BE	rom	sUnownLevelUpLearnset
0x082585C2	rom	sWobbuffetLevelUpLearnset
0x082585CC	rom	sGirafarigLevelUpLearnset
0x082585E2	rom	sPinecoLevelUpLearnset
0x082585F6	rom	sForretressLevelUpLearnset
0x0825860E	rom	sDunsparceLevelUpLearnset
0x08258626	rom	sGligarLevelUpLearnset
0x08258638	rom	sSteelixLevelUpLearnset
0x08258652	rom	sSnubbullLevelUpLearnset
0x08258668	rom	sGranbullLevelUpLearnset
0x0825867E	rom	sQwilfishLevelUpLearnset
0x08258696	rom	sScizorLevelUpLearnset
0x082586AE	rom	sShuckleLevelUpLearnset
0x082586BE	rom	sHeracrossLevelUpLearnset
0x082586D4	rom	sSneaselLevelUpLearnset
0x082586EE	rom	sTeddiursaLevelUpLearnset
0x08258704	rom	sUrsaringLevelUpLearnset
0x0825871E	rom	sSlugmaLevelUpLearnset
0x08258732	rom	sMagcargoLevelUpLearnset
0x0825874A	rom	sSwinubLevelUpLearnset
0x0825875C	rom	sPiloswineLevelUpLearnset
0x08258774	rom	sCorsolaLevelUpLearnset
0x0825878A	rom	sRemoraidLevelUpLearnset
0x0825879C	rom	sOctilleryLevelUpLearnset
0x082587B0	rom	sDelibirdLevelUpLearnset
0x082587B4	rom	sMantineLevelUpLearnset
0x082587C8	rom	sSkarmoryLevelUpLearnset
0x082587DE	rom	sHoundourLevelUpLearnset
0x082587F4	rom	sHoundoomLevelUpLearnset
0x0825880C	rom	sKingdraLevelUpLearnset
0x08258824	rom	sPhanpyLevelUpLearnset
0x08258838	rom	sDonphanLevelUpLearnset
0x0825884C	rom	sPorygon2LevelUpLearnset
0x08258864	rom	sStantlerLevelUpLearnset
0x0825887A	rom	sSmeargleLevelUpLearnset
0x08258890	rom	sTyrogueLevelUpLearnset
0x08258894	rom	sHitmontopLevelUpLearnset
0x082588AC	rom	sSmoochumLevelUpLearnset
0x082588C4	rom	sElekidLevelUpLearnset
0x082588D6	rom	sMagbyLevelUpLearnset
0x082588EA	rom	sMiltankLevelUpLearnset
0x082588FE	rom	sBlisseyLevelUpLearnset
0x08258918	rom	sRaikouLevelUpLearnset
0x0825892E	rom	sEnteiLevelUpLearnset
0x08258944	rom	sSuicuneLevelUpLearnset
0x0825895A	rom	sLarvitarLevelUpLearnset
0x08258970	rom	sPupitarLevelUpLearnset
0x0825898A	rom	sTyranitarLevelUpLearnset
0x082589A4	rom	sLugiaLevelUpLearnset
0x082589BA	rom	sHoOhLevelUpLearnset
0x082589D0	rom	sCelebiLevelUpLearnset
0x082589E4	rom	sSpecies252LevelUpLearnset
0x082589E8	rom	sSpecies253LevelUpLearnset
0x082589EC	rom	sSpecies254LevelUpLearnset
0x082589F0	rom	sSpecies255LevelUpLearnset
0x082589F4	rom	sSpecies256LevelUpLearnset
0x082589F8	rom	sSpecies257LevelUpLearnset
0x082589FC	rom	sSpecies258LevelUpLearnset
0x08258A00	rom	sSpecies259LevelUpLearnset
0x08258A04	rom	sSpecies260LevelUpLearnset
0x08258A08	rom	sSpecies261LevelUpLearnset
0x08258A0C	rom	sSpecies262LevelUpLearnset
0x08258A10	rom	sSpecies263LevelUpLearnset
0x08258A14	rom	sSpecies264LevelUpLearnset
0x08258A18	rom	sSpecies265LevelUpLearnset
0x08258A1C	rom	sSpecies266LevelUpLearnset
0x08258A20	rom	sSpecies267LevelUpLearnset
0x08258A24	rom	sSpecies268LevelUpLearnset
0x08258A28	rom	sSpecies269LevelUpLearnset
0x08258A2C	rom	sSpecies270LevelUpLearnset
0x08258A30	rom	sSpecies271LevelUpLearnset
0x08258A34	rom	sSpecies272LevelUpLearnset
0x08258A38	rom	sSpecies273LevelUpLearnset
0x08258A3C	rom	sSpecies274LevelUpLearnset
0x08258A40	rom	sSpecies275LevelUpLearnset
0x08258A44	rom	sSpecies276LevelUpLearnset
0x08258A48	rom	sTreeckoLevelUpLearnset
0x08258A60	rom	sGrovyleLevelUpLearnset
0x08258A7E	rom	sSceptileLevelUpLearnset
0x08258A9C	rom	sTorchicLevelUpLearnset
0x08258AB4	rom	sCombuskenLevelUpLearnset
0x08258AD2	rom	sBlazikenLevelUpLearnset
0x08258AF4	rom	sMudkipLevelUpLearnset
0x08258B0E	rom	sMarshtompLevelUpLearnset
0x08258B2E	rom	sSwampertLevelUpLearnset
0x08258B4E	rom	sPoochyenaLevelUpLearnset
0x08258B68	rom	sMightyenaLevelUpLearnset
0x08258B88	rom	sZigzagoonLevelUpLearnset
0x08258BA2	rom	sLinooneLevelUpLearnset
0x08258BC0	rom	sWurmpleLevelUpLearnset
0x08258BC8	rom	sSilcoonLevelUpLearnset
0x08258BCE	rom	sBeautiflyLevelUpLearnset
0x08258BE4	rom	sCascoonLevelUpLearnset
0x08258BEA	rom	sDustoxLevelUpLearnset
0x08258C00	rom	sLotadLevelUpLearnset
0x08258C10	rom	sLombreLevelUpLearnset
0x08258C26	rom	sLudicoloLevelUpLearnset
0x08258C30	rom	sSeedotLevelUpLearnset
0x08258C40	rom	sNuzleafLevelUpLearnset
0x08258C56	rom	sShiftryLevelUpLearnset
0x08258C60	rom	sNincadaLevelUpLearnset
0x08258C76	rom	sNinjaskLevelUpLearnset
0x08258C96	rom	sShedinjaLevelUpLearnset
0x08258CAC	rom	sTaillowLevelUpLearnset
0x08258CC0	rom	sSwellowLevelUpLearnset
0x08258CD8	rom	sShroomishLevelUpLearnset
0x08258CEE	rom	sBreloomLevelUpLearnset
0x08258D0C	rom	sSpindaLevelUpLearnset
0x08258D24	rom	sWingullLevelUpLearnset
0x08258D36	rom	sPelipperLevelUpLearnset
0x08258D52	rom	sSurskitLevelUpLearnset
0x08258D64	rom	sMasquerainLevelUpLearnset
0x08258D7E	rom	sWailmerLevelUpLearnset
0x08258D98	rom	sWailordLevelUpLearnset
0x08258DB8	rom	sSkittyLevelUpLearnset
0x08258DD2	rom	sDelcattyLevelUpLearnset
0x08258DDC	rom	sKecleonLevelUpLearnset
0x08258DF8	rom	sBaltoyLevelUpLearnset
0x08258E10	rom	sClaydolLevelUpLearnset
0x08258E30	rom	sNosepassLevelUpLearnset
0x08258E46	rom	sTorkoalLevelUpLearnset
0x08258E60	rom	sSableyeLevelUpLearnset
0x08258E7C	rom	sBarboachLevelUpLearnset
0x08258E94	rom	sWhiscashLevelUpLearnset
0x08258EB2	rom	sLuvdiscLevelUpLearnset
0x08258EC6	rom	sCorphishLevelUpLearnset
0x08258EE0	rom	sCrawdauntLevelUpLearnset
0x08258F00	rom	sFeebasLevelUpLearnset
0x08258F08	rom	sMiloticLevelUpLearnset
0x08258F20	rom	sCarvanhaLevelUpLearnset
0x08258F36	rom	sSharpedoLevelUpLearnset
0x08258F54	rom	sTrapinchLevelUpLearnset
0x08258F66	rom	sVibravaLevelUpLearnset
0x08258F80	rom	sFlygonLevelUpLearnset
0x08258F9A	rom	sMakuhitaLevelUpLearnset
0x08258FB6	rom	sHariyamaLevelUpLearnset
0x08258FD6	rom	sElectrikeLevelUpLearnset
0x08258FEE	rom	sManectricLevelUpLearnset
0x0825900C	rom	sNumelLevelUpLearnset
0x08259022	rom	sCameruptLevelUpLearnset
0x0825903E	rom	sSphealLevelUpLearnset
0x0825905A	rom	sSealeoLevelUpLearnset
0x08259076	rom	sWalreinLevelUpLearnset
0x08259092	rom	sCacneaLevelUpLearnset
0x082590B0	rom	sCacturneLevelUpLearnset
0x082590D4	rom	sSnoruntLevelUpLearnset
0x082590EC	rom	sGlalieLevelUpLearnset
0x0825910A	rom	sLunatoneLevelUpLearnset
0x08259120	rom	sSolrockLevelUpLearnset
0x08259136	rom	sAzurillLevelUpLearnset
0x08259144	rom	sSpoinkLevelUpLearnset
0x0825915C	rom	sGrumpigLevelUpLearnset
0x0825917A	rom	sPlusleLevelUpLearnset
0x08259192	rom	sMinunLevelUpLearnset
0x082591AA	rom	sMawileLevelUpLearnset
0x082591C4	rom	sMedititeLevelUpLearnset
0x082591DE	rom	sMedichamLevelUpLearnset
0x08259204	rom	sSwabluLevelUpLearnset
0x0825921C	rom	sAltariaLevelUpLearnset
0x0825923C	rom	sWynautLevelUpLearnset
0x0825924C	rom	sDuskullLevelUpLearnset
0x08259264	rom	sDusclopsLevelUpLearnset
0x08259282	rom	sRoseliaLevelUpLearnset
0x082592A2	rom	sSlakothLevelUpLearnset
0x082592B6	rom	sVigorothLevelUpLearnset
0x082592D0	rom	sSlakingLevelUpLearnset
0x082592EA	rom	sGulpinLevelUpLearnset
0x08259302	rom	sSwalotLevelUpLearnset
0x08259322	rom	sTropiusLevelUpLearnset
0x0825933A	rom	sWhismurLevelUpLearnset
0x08259352	rom	sLoudredLevelUpLearnset
0x08259370	rom	sExploudLevelUpLearnset
0x08259390	rom	sClamperlLevelUpLearnset
0x0825939A	rom	sHuntailLevelUpLearnset
0x082593AC	rom	sGorebyssLevelUpLearnset
0x082593BE	rom	sAbsolLevelUpLearnset
0x082593D6	rom	sShuppetLevelUpLearnset
0x082593EC	rom	sBanetteLevelUpLearnset
0x08259408	rom	sSeviperLevelUpLearnset
0x0825941E	rom	sZangooseLevelUpLearnset
0x08259436	rom	sRelicanthLevelUpLearnset
0x0825944E	rom	sAronLevelUpLearnset
0x08259468	rom	sLaironLevelUpLearnset
0x08259488	rom	sAggronLevelUpLearnset
0x082594A8	rom	sCastformLevelUpLearnset
0x082594BA	rom	sVolbeatLevelUpLearnset
0x082594D0	rom	sIllumiseLevelUpLearnset
0x082594E6	rom	sLileepLevelUpLearnset
0x082594FC	rom	sCradilyLevelUpLearnset
0x08259518	rom	sAnorithLevelUpLearnset
0x0825952E	rom	sArmaldoLevelUpLearnset
0x0825954A	rom	sRaltsLevelUpLearnset
0x08259560	rom	sKirliaLevelUpLearnset
0x0825957E	rom	sGardevoirLevelUpLearnset
0x0825959A	rom	sBagonLevelUpLearnset
0x082595B2	rom	sShelgonLevelUpLearnset
0x082595D2	rom	sSalamenceLevelUpLearnset
0x082595F4	rom	sBeldumLevelUpLearnset
0x082595F8	rom	sMetangLevelUpLearnset
0x0825960E	rom	sMetagrossLevelUpLearnset
0x0825962A	rom	sRegirockLevelUpLearnset
0x0825963E	rom	sRegiceLevelUpLearnset
0x08259652	rom	sRegisteelLevelUpLearnset
0x08259668	rom	sKyogreLevelUpLearnset
0x08259680	rom	sGroudonLevelUpLearnset
0x08259698	rom	sRayquazaLevelUpLearnset
0x082596B0	rom	sLatiasLevelUpLearnset
0x082596C8	rom	sLatiosLevelUpLearnset
0x082596E0	rom	sJirachiLevelUpLearnset
0x082596FA	rom	sDeoxysLevelUpLearnset
0x08259718	rom	sChimechoLevelUpLearnset
0x08259734	rom	gEvolutionTable
0x0825D794	rom	gLevelUpLearnsets
0x0825DE04	rom	sPokeblockFlavorCompatibilityTable
0x0825DE81	rom	gPPUpGetMask
0x0825DE85	rom	gPPUpClearMask
0x0825DE89	rom	gPPUpAddValues
0x0825DE8D	rom	gStatStageRatios
0x0825DEA7	rom	sText_GameFreak
0x0825DEAC	rom	sHoldEffectToType
0x0825DED0	rom	gSpriteTemplates_Battlers
0x0825DF30	rom	sTrainerBackSpriteTemplates
0x0825DFC0	rom	sSecretBaseFacilityClasses
0x0825DFCA	rom	sGetMonDataEVConstants
0x0825DFD0	rom	sStatsToRaise
0x0825DFD6	rom	sFriendshipEventDeltas
0x0825DFF4	rom	sHMMoves
0x0825E006	rom	sDeoxysBaseStats
0x0825E012	rom	gUnionRoomFacilityClasses
0x0825E034	rom	sOamData_64x64
0x0825E03C	rom	sSpriteTemplate_64x64
0x0825E054	rom	gSineTable
0x0825E2D4	rom	gSineDegreeTable
0x0825E43C	rom	gBitTable
0x0825E4BC	rom	gInvisibleSpriteTemplate
0x0825E4D4	rom	sSpriteDimensions
0x0825E4EC	rom	gCrc16Table
0x0825E6EC	rom	gMiscBlank_Gfx
0x0825EEEC	rom	gEggMoves
0x0825F7D4	rom	sDaycareLevelMenuWindowTemplate
0x0825F7DC	rom	sLevelMenuItems
0x0825F7F4	rom	sDaycareListMenuLevelTemplate
0x0825F80C	rom	sCompatibilityMessages
0x0825F81C	rom	sNewLineText
0x0825F81E	rom	sJapaneseEggNickname
0x0825F822	rom	sEggPalette
0x0825F842	rom	sEggHatchTiles
0x08260042	rom	sEggShardTiles
0x082600C4	rom	sOamData_EggHatch
0x082600CC	rom	sSpriteAnim_EggHatch0
0x082600D4	rom	sSpriteAnim_EggHatch1
0x082600DC	rom	sSpriteAnim_EggHatch2
0x082600E4	rom	sSpriteAnim_EggHatch3
0x082600EC	rom	sSpriteAnimTable_EggHatch
0x082600FC	rom	sEggHatch_Sheet
0x08260104	rom	sEggShards_Sheet
0x0826010C	rom	sEgg_SpritePalette
0x08260114	rom	sSpriteTemplate_EggHatch
0x0826012C	rom	sOamData_EggShard
0x08260134	rom	sSpriteAnim_EggShard0
0x0826013C	rom	sSpriteAnim_EggShard1
0x08260144	rom	sSpriteAnim_EggShard2
0x0826014C	rom	sSpriteAnim_EggShard3
0x08260154	rom	sSpriteAnimTable_EggShard
0x08260164	rom	sSpriteTemplate_EggShard
0x0826017C	rom	sBgTemplates_EggHatch
0x08260184	rom	sWinTemplates_EggHatch
0x08260194	rom	sYesNoWinTemplate
0x0826019C	rom	sEggShardVelocities
0x082601E8	rom	sSpriteSheet_SinglesPlayerHealthbox
0x082601F0	rom	sSpriteSheet_SinglesOpponentHealthbox
0x082601F8	rom	sSpriteSheets_DoublesPlayerHealthbox
0x08260208	rom	sSpriteSheets_DoublesOpponentHealthbox
0x08260218	rom	sSpriteSheet_SafariHealthbox
0x08260220	rom	sSpriteSheets_HealthBar
0x08260240	rom	sSpritePalettes_HealthBoxHealthBar
0x08260250	rom	sOamData_Healthbox
0x08260258	rom	sHealthboxPlayerSpriteTemplates
0x08260288	rom	sHealthboxOpponentSpriteTemplates
0x082602B8	rom	sHealthboxSafariSpriteTemplate
0x082602D0	rom	sOamData_Healthbar
0x082602D8	rom	sHealthbarSpriteTemplates
0x08260338	rom	sUnused_Subsprites_0
0x0826034C	rom	sUnused_Subsprites_2
0x08260360	rom	sUnused_Subsprites_1
0x08260368	rom	sUnused_Subsprites_3
0x08260370	rom	sHealthBar_Subsprites_Player
0x08260378	rom	sHealthBar_Subsprites_Opponent
0x08260384	rom	sUnused_SubspriteTable
0x082603A4	rom	sHealthBar_SubspriteTable
0x082603B4	rom	sStatusSummaryBar_Subsprites_Enter
0x082603C4	rom	sStatusSummaryBar_Subsprites_Exit
0x082603DC	rom	sStatusSummaryBar_SubspriteTable_Enter
0x082603E4	rom	sStatusSummaryBar_SubspriteTable_Exit
0x082603EC	rom	sBattleInterface_Unused
0x0826044C	rom	sPartySummaryBarSpriteSheets
0x0826045C	rom	sPartySummaryBarSpritePals
0x0826046C	rom	sPartySummaryBallSpritePals
0x0826047C	rom	sPartySummaryBallSpriteSheets
0x0826048C	rom	sOamData_Healthbox2
0x08260494	rom	sOamData_PartySummaryBall
0x0826049C	rom	sPartySummaryBarSpriteTemplates
0x082604CC	rom	sPartySummaryBallSpriteTemplates
0x08260520	rom	sText_Slash
0x08260536	rom	sText_HealthboxNickname
0x0826053A	rom	sStatusIconColors
0x08260544	rom	sHealthboxWindowTemplate
0x0826054C	rom	gBallSpriteSheets
0x082605AC	rom	gBallSpritePalettes
0x0826060C	rom	sBallOamData
0x08260614	rom	sBallAnimSeq3
0x0826061C	rom	sBallAnimSeq5
0x08260624	rom	sBallAnimSeq4
0x0826062C	rom	sBallAnimSeq6
0x08260634	rom	sBallAnimSeq0
0x0826063C	rom	sBallAnimSeq1
0x08260648	rom	sBallAnimSeq2
0x08260654	rom	sBallAnimSequences
0x08260670	rom	sAffineAnim_BallRotate_0
0x08260680	rom	sAffineAnim_BallRotate_Right
0x08260690	rom	sAffineAnim_BallRotate_Left
0x082606A0	rom	sAffineAnim_BallRotate_3
0x082606B0	rom	sAffineAnim_BallRotate_4
0x082606C0	rom	sAffineAnim_BallRotate
0x082606D4	rom	gBallSpriteTemplates
0x082607F4	rom	sSizesAndOffsets
0x08260814	rom	sTradeMovesBoxTilemap
0x08260A12	rom	sTradePartyBoxTilemap
0x08260C10	rom	sTradeStripesBG2Tilemap
0x08261410	rom	sTradeStripesBG3Tilemap
0x08261C10	rom	sOamData_MenuText
0x08261C18	rom	sOamData_Cursor
0x08261C20	rom	sAnim_Cursor_Normal
0x08261C28	rom	sAnim_Cursor_OnCancel
0x08261C30	rom	sAnims_Cursor
0x08261C38	rom	sCursor_SpriteSheet
0x08261C40	rom	sCursor_SpritePalette
0x08261C48	rom	sAnim_MenuText_0
0x08261C50	rom	sAnim_MenuText_1
0x08261C58	rom	sAnim_MenuText_2
0x08261C60	rom	sAnim_MenuText_3
0x08261C68	rom	sAnim_MenuText_4
0x08261C70	rom	sAnim_MenuText_5
0x08261C78	rom	sAnims_MenuText
0x08261C90	rom	sSpriteTemplate_Cursor
0x08261CA8	rom	sSpriteTemplate_MenuText
0x08261CC0	rom	sMenuText_Pal
0x08261CE0	rom	sSpritePalette_MenuText
0x08261CE8	rom	sCursorMoveDestinations
0x08261E20	rom	sTradeMonSpriteCoords
0x08261E3A	rom	sTradeMonLevelCoords
0x08261E52	rom	sTradeMonBoxCoords
0x08261E6A	rom	sPlayerNameCoords
0x08261E72	rom	sUnusedCoords
0x08261E96	rom	sText_Dummy
0x08261E97	rom	sText_ClrWhtHltTranspShdwDrkGry
0x08261EA1	rom	gText_MaleSymbol4
0x08261EA3	rom	gText_FemaleSymbol4
0x08261EA5	rom	gText_GenderlessSymbol
0x08261EA6	rom	sText_Dummy2
0x08261EA7	rom	sText_Newline
0x08261EA9	rom	sText_Slash
0x08261EAC	rom	sActionTexts
0x08261EC4	rom	sMenuAction_SummaryTrade
0x08261ED4	rom	sMessages
0x08261EF8	rom	sTextColor_PartyMonNickname
0x08261EFC	rom	sBgTemplates
0x08261F0C	rom	sWindowTemplates
0x08261FA4	rom	sWindowTemplate_YesNo
0x08261FAC	rom	sDebug_Messages
0x08262014	rom	sText_ShedinjaJP
0x08262019	rom	sDebug_TradeResultTexts
0x08262035	rom	sSelectedMonLevelGenderCoords
0x0826203C	rom	sPokeball_Pal
0x0826205C	rom	sPokeball_Gfx
0x0826265C	rom	sPokeballSymbol_Gfx
0x0826405C	rom	sCableCloseup_Map
0x0826485C	rom	sPokeballSymbol_Map
0x0826495C	rom	sUnusedPal1
0x0826497C	rom	sGba_Pal
0x0826499C	rom	sShadowPalette
0x082649BC	rom	sBlackPalette
0x082649DC	rom	sLinkMon_Pal
0x082649FC	rom	sLinkMonGlow_Gfx
0x08264BFC	rom	sLinkMonShadow_Gfx
0x08264DFC	rom	sCableEnd_Gfx
0x08264FFC	rom	sGbaScreen_Gfx
0x08265FFC	rom	gTradeOrHatchMonShadowTilemap
0x08266FFC	rom	sGbaAffine_Gfx
0x082697FC	rom	sEmptyGfx
0x0826983C	rom	sGbaAffineMapCable
0x0826993C	rom	sGbaAffineMapWireless
0x08269A3C	rom	sGbaMapWireless
0x0826AA3C	rom	sGbaMapCable
0x0826BA3C	rom	sWirelessCloseup_Map
0x0826BB3C	rom	sWirelessSignalAnimPals_Outbound
0x0826BD3C	rom	sWirelessSignalAnimPals_Inbound
0x0826BF3C	rom	sWirelessSignalAnimPals_Off
0x0826BF5C	rom	sWirelessSignal4bpp
0x0826C5EC	rom	sWirelessSignalTilemap
0x0826CCE0	rom	sOamData_Pokeball
0x0826CCE8	rom	sAnim_Pokeball_SpinOnce
0x0826CD24	rom	sAnim_Pokeball_SpinTwice
0x0826CD60	rom	sAnims_Pokeball
0x0826CD68	rom	sAffineAnim_Pokeball_Normal
0x0826CD78	rom	sAffineAnim_Pokeball_Squish
0x0826CD88	rom	sAffineAnim_Pokeball_Unsquish
0x0826CDA8	rom	sAffineAnims_Pokeball
0x0826CDB4	rom	sPokeBallSpriteSheet
0x0826CDBC	rom	sTradeBallSpritePal
0x0826CDC4	rom	sSpriteTemplate_Pokeball
0x0826CDDC	rom	sOamData_LinkMonGlow
0x0826CDE4	rom	sAnim_LinkMonGlow
0x0826CDEC	rom	sAnims_LinkMonGlow
0x0826CDF0	rom	sAffineAnim_LinkMonGlow
0x0826CE08	rom	sAffineAnims_LinkMonGlow
0x0826CE0C	rom	sSpriteSheet_LinkMonGlow
0x0826CE14	rom	sSpritePalette_LinkMon
0x0826CE1C	rom	sSpritePalette_Gba
0x0826CE24	rom	sSpriteTemplate_LinkMonGlow
0x0826CE3C	rom	sOamData_LinkMonShadow
0x0826CE44	rom	sAnim_LinkMonShadow_Big
0x0826CE4C	rom	sAnim_LinkMonShadow_Small
0x0826CE54	rom	sAnims_LinkMonShadow
0x0826CE5C	rom	sSpriteSheet_LinkMonShadow
0x0826CE64	rom	sSpriteTemplate_LinkMonShadow
0x0826CE7C	rom	sOamData_CableEnd
0x0826CE84	rom	sAnim_CableEnd
0x0826CE8C	rom	sAnims_CableEnd
0x0826CE90	rom	sSpriteSheet_CableEnd
0x0826CE98	rom	sSpriteTemplate_CableEnd
0x0826CEB0	rom	sOamData_GbaScreen
0x0826CEB8	rom	sAnim_GbaScreen_Long
0x0826CEDC	rom	sAnim_GbaScreen_Short
0x0826CF00	rom	sAnims_GbaScreen_Long
0x0826CF04	rom	sAnims_GbaScreen_Short
0x0826CF08	rom	sTradeGBAScreenSpriteSheet
0x0826CF10	rom	sSpriteTemplate_GbaScreenFlash_Long
0x0826CF28	rom	sSpriteTemplate_GbaScreenFlash_Short
0x0826CF40	rom	sLinkMonShadow_Pal
0x0826CF58	rom	sAffineAnim_CrossingMonPic
0x0826CF68	rom	sAffineAnims_CrossingMonPics
0x0826CF6C	rom	sInGameTrades
0x0826D188	rom	sInGameTradeMailMessages
0x0826D19C	rom	sTradeMessageWindowTemplates
0x0826D1AC	rom	gTradeEvolutionSceneYesNoWindowTemplate
0x0826D1B4	rom	sBgTemplates
0x0826D1C4	rom	sTradeBallVerticalVelocityTable
0x0826D230	rom	sWirelessSignalAnimParams
0x0826D274	rom	sWhiteOutMoneyLossMultipliers
0x0826D27E	rom	sWhiteOutMoneyLossBadgeFlagIDs
0x0826D290	rom	sDummyWarpData
0x0826D298	rom	sUnusedData
0x0826D2B8	rom	gDirectionToVectors
0x0826D300	rom	sOverworldBgTemplates
0x0826D31C	rom	sLinkPlayerMovementModes
0x0826D328	rom	sLinkPlayerFacingHandlers
0x0826D354	rom	sMovementStatusHandler
0x0826D35C	rom	gTilesetTiles_PalletTown
0x0826D7A0	rom	gTilesetPalettes_PalletTown
0x0826D9A0	rom	gTilesetTiles_ViridianCity
0x0826DFA0	rom	gTilesetPalettes_ViridianCity
0x0826E1A0	rom	gTilesetTiles_PewterCity
0x0826EA98	rom	gTilesetPalettes_PewterCity
0x0826EC98	rom	gTilesetTiles_CeruleanCity
0x0826F498	rom	gTilesetPalettes_CeruleanCity
0x0826F698	rom	gTilesetTiles_LavenderTown
0x08270418	rom	gTilesetPalettes_LavenderTown
0x08270618	rom	gTilesetTiles_VermilionCity
0x08270D80	rom	gTilesetPalettes_VermilionCity
0x08270F80	rom	gTilesetTiles_CeladonCity
0x08271C54	rom	gTilesetPalettes_CeladonCity
0x08271E54	rom	gTilesetTiles_FuchsiaCity
0x08272A3C	rom	gTilesetPalettes_FuchsiaCity
0x08272C3C	rom	gTilesetTiles_CinnabarIsland
0x08273338	rom	gTilesetPalettes_CinnabarIsland
0x08273538	rom	gTilesetTiles_IndigoPlateau
0x082742B0	rom	gTilesetPalettes_IndigoPlateau
0x082744B0	rom	gTilesetTiles_SaffronCity
0x08275074	rom	gTilesetPalettes_SaffronCity
0x08275274	rom	gTilesetTiles_Building
0x08277674	rom	gTilesetPalettes_Building
0x08277874	rom	gTilesetTiles_Mart
0x08277A3C	rom	gTilesetPalettes_Mart
0x08277C3C	rom	gTilesetTiles_PokemonCenter
0x08278CA4	rom	gTilesetPalettes_PokemonCenter
0x08278EA4	rom	gTilesetTiles_Cave
0x0827A188	rom	gTilesetPalettes_Cave
0x0827A388	rom	gTilesetTiles_Dummy1
0x0827A398	rom	gTilesetPalettes_Dummy1
0x0827A598	rom	gTilesetTiles_Museum
0x0827ADF4	rom	gTilesetPalettes_Museum
0x0827AFF4	rom	gTilesetTiles_CableClub
0x0827FEF4	rom	gTilesetPalettes_CableClub
0x082800F4	rom	gTilesetTiles_BikeShop
0x082804CC	rom	gTilesetPalettes_BikeShop
0x082806CC	rom	gTilesetTiles_Lab
0x08280CE0	rom	gTilesetPalettes_Lab
0x08280EE0	rom	gTilesetTiles_HoennBuilding
0x08282384	rom	gTilesetPalettes_HoennBuilding
0x08282584	rom	gTilesetTiles_GameCorner
0x08282F9C	rom	gTilesetPalettes_GameCorner
0x0828319C	rom	gTilesetTiles_PewterGym
0x08283990	rom	gTilesetPalettes_PewterGym
0x08283B90	rom	gTilesetTiles_CeruleanGym
0x08283FD8	rom	gTilesetPalettes_CeruleanGym
0x082841D8	rom	gTilesetTiles_VermilionGym
0x08284998	rom	gTilesetPalettes_VermilionGym
0x08284B98	rom	gTilesetTiles_CeladonGym
0x08285130	rom	gTilesetPalettes_CeladonGym
0x08285330	rom	gTilesetTiles_FuchsiaGym
0x08285784	rom	gTilesetPalettes_FuchsiaGym
0x08285984	rom	gTilesetTiles_SaffronGym
0x08285D70	rom	gTilesetPalettes_SaffronGym
0x08285F70	rom	gTilesetTiles_CinnabarGym
0x082865B4	rom	gTilesetPalettes_CinnabarGym
0x082867B4	rom	gTilesetTiles_ViridianGym
0x08286BA8	rom	gTilesetPalettes_ViridianGym
0x08286DA8	rom	gTilesetTiles_SSAnne
0x08287B60	rom	gTilesetPalettes_SSAnne
0x08287D60	rom	gTilesetTiles_Dummy2
0x08287D74	rom	gTilesetPalettes_Dummy2
0x08287F74	rom	gTilesetTiles_ViridianForest
0x08288424	rom	gTilesetPalettes_ViridianForest
0x08288624	rom	gTilesetTiles_UnusedGatehouse1
0x08288C40	rom	gTilesetPalettes_UnusedGatehouse1
0x08288E40	rom	gTilesetTiles_RockTunnel
0x08289FA8	rom	gTilesetPalettes_RockTunnel
0x0828A1A8	rom	gTilesetTiles_DiglettsCave
0x0828B230	rom	gTilesetPalettes_DiglettsCave
0x0828B430	rom	gTilesetTiles_SeafoamIslands
0x0828CA80	rom	gTilesetPalettes_SeafoamIslands
0x0828CC80	rom	gTilesetTiles_UnusedGatehouse2
0x0828D29C	rom	gTilesetPalettes_UnusedGatehouse2
0x0828D49C	rom	gTilesetTiles_CeruleanCave
0x0828E384	rom	gTilesetPalettes_CeruleanCave
0x0828E584	rom	gTilesetTiles_GenericBuilding2
0x0828EC50	rom	gTilesetPalettes_GenericBuilding2
0x0828EE50	rom	gTilesetTiles_PowerPlant
0x0828F358	rom	gTilesetPalettes_PowerPlant
0x0828F558	rom	gTilesetTiles_SeaCottage
0x0828F9B8	rom	gTilesetPalettes_SeaCottage
0x0828FBB8	rom	gTilesetTiles_Condominiums
0x08290DB0	rom	gTilesetPalettes_Condominiums
0x08290FB0	rom	gTilesetTiles_UndergroundPath
0x08291254	rom	gTilesetPalettes_UndergroundPath
0x08291454	rom	gTilesetTiles_PokemonTower
0x08291ADC	rom	gTilesetPalettes_PokemonTower
0x08291CDC	rom	gTilesetTiles_SafariZoneBuilding
0x082920D0	rom	gTilesetPalettes_SafariZoneBuilding
0x082922D0	rom	gTilesetTiles_PokemonMansion
0x08292FD0	rom	gTilesetPalettes_PokemonMansion
0x082931D0	rom	gTilesetTiles_RestaurantHotel
0x08293640	rom	gTilesetPalettes_RestaurantHotel
0x08293840	rom	gTilesetTiles_School
0x08293AEC	rom	gTilesetPalettes_School
0x08293CEC	rom	gTilesetTiles_FanClubDaycare
0x08294124	rom	gTilesetPalettes_FanClubDaycare
0x08294324	rom	gTilesetTiles_BurgledHouse
0x08294CE8	rom	gTilesetPalettes_BurgledHouse
0x08294EE8	rom	gTilesetTiles_Dummy3
0x08294EF8	rom	gTilesetPalettes_Dummy3
0x082950F8	rom	gTilesetTiles_Dummy4
0x0829510C	rom	gTilesetPalettes_Dummy4
0x0829530C	rom	gTilesetTiles_MtEmber
0x082967B4	rom	gTilesetPalettes_MtEmber
0x082969B4	rom	gTilesetTiles_BerryForest
0x08296E70	rom	gTilesetPalettes_BerryForest
0x08297070	rom	gTilesetTiles_NavelRock
0x0829839C	rom	gTilesetPalettes_NavelRock
0x0829859C	rom	gTilesetTiles_TanobyRuins
0x08298950	rom	gTilesetPalettes_TanobyRuins
0x08298B50	rom	gTilesetTiles_SeviiIslands123
0x08299A84	rom	gTilesetPalettes_SeviiIslands123
0x08299C84	rom	gTilesetTiles_SeviiIslands45
0x0829AAE4	rom	gTilesetPalettes_SeviiIslands45
0x0829ACE4	rom	gTilesetTiles_SeviiIslands67
0x0829BD44	rom	gTilesetPalettes_SeviiIslands67
0x0829BF44	rom	gTilesetTiles_TrainerTower
0x0829CEC4	rom	gTilesetPalettes_TrainerTower
0x0829D0C4	rom	gTilesetTiles_IslandHarbor
0x0829D874	rom	gTilesetPalettes_IslandHarbor
0x0829DA74	rom	gTilesetTiles_PokemonLeague
0x0829EA30	rom	gTilesetPalettes_PokemonLeague
0x0829EC30	rom	gTilesetTiles_HallOfFame
0x0829F4A8	rom	gTilesetPalettes_HallOfFame
0x0829F6A8	rom	gMetatiles_General
0x082A1EA8	rom	gMetatileAttributes_General
0x082A28A8	rom	gMetatiles_PalletTown
0x082A2E38	rom	gMetatileAttributes_PalletTown
0x082A2F9C	rom	gMetatiles_ViridianCity
0x082A358C	rom	gMetatileAttributes_ViridianCity
0x082A3708	rom	gMetatiles_PewterCity
0x082A3BF8	rom	gMetatileAttributes_PewterCity
0x082A3D34	rom	gMetatiles_CeruleanCity
0x082A4594	rom	gMetatileAttributes_CeruleanCity
0x082A47AC	rom	gMetatiles_LavenderTown
0x082A554C	rom	gMetatileAttributes_LavenderTown
0x082A58B4	rom	gMetatiles_VermilionCity
0x082A6334	rom	gMetatileAttributes_VermilionCity
0x082A65D4	rom	gMetatiles_CeladonCity
0x082A74D4	rom	gMetatileAttributes_CeladonCity
0x082A7894	rom	gMetatiles_FuchsiaCity
0x082A8494	rom	gMetatileAttributes_FuchsiaCity
0x082A8794	rom	gMetatiles_CinnabarIsland
0x082A8B94	rom	gMetatileAttributes_CinnabarIsland
0x082A8C94	rom	gMetatiles_IndigoPlateau
0x082A9794	rom	gMetatileAttributes_IndigoPlateau
0x082A9A54	rom	gMetatiles_SaffronCity
0x082AA6D4	rom	gMetatileAttributes_SaffronCity
0x082AA9F4	rom	gMetatiles_PewterGym
0x082AB044	rom	gMetatileAttributes_PewterGym
0x082AB1D8	rom	gMetatiles_CeruleanGym
0x082AB718	rom	gMetatileAttributes_CeruleanGym
0x082AB868	rom	gMetatiles_VermilionGym
0x082ABD18	rom	gMetatileAttributes_VermilionGym
0x082ABE44	rom	gMetatiles_CeladonGym
0x082AC244	rom	gMetatileAttributes_CeladonGym
0x082AC344	rom	gMetatiles_FuchsiaGym
0x082AC564	rom	gMetatileAttributes_FuchsiaGym
0x082AC5EC	rom	gMetatiles_SaffronGym
0x082AC8CC	rom	gMetatileAttributes_SaffronGym
0x082AC984	rom	gMetatiles_CinnabarGym
0x082ACF84	rom	gMetatileAttributes_CinnabarGym
0x082AD104	rom	gMetatiles_ViridianGym
0x082AD644	rom	gMetatileAttributes_ViridianGym
0x082AD794	rom	gMetatiles_Building
0x082AFF94	rom	gMetatileAttributes_Building
0x082B0994	rom	gMetatiles_Dummy1
0x082B09B4	rom	gMetatileAttributes_Dummy1
0x082B09BC	rom	gMetatiles_HoennBuilding
0x082B29BC	rom	gMetatileAttributes_HoennBuilding
0x082B31BC	rom	gMetatiles_BikeShop
0x082B345C	rom	gMetatileAttributes_BikeShop
0x082B3504	rom	gMetatiles_Mart
0x082B3934	rom	gMetatileAttributes_Mart
0x082B3A40	rom	gMetatiles_PokemonCenter
0x082B4A30	rom	gMetatileAttributes_PokemonCenter
0x082B4E2C	rom	gMetatiles_GenericBuilding1
0x082B4FAC	rom	gMetatileAttributes_GenericBuilding1
0x082B500C	rom	gMetatiles_Cave
0x082B5A1C	rom	gMetatileAttributes_Cave
0x082B5CA0	rom	gMetatiles_GameCorner
0x082B6620	rom	gMetatileAttributes_GameCorner
0x082B6880	rom	gMetatiles_Lab
0x082B7370	rom	gMetatileAttributes_Lab
0x082B762C	rom	gMetatiles_SSAnne
0x082B8B2C	rom	gMetatileAttributes_SSAnne
0x082B906C	rom	gMetatiles_Dummy2
0x082B908C	rom	gMetatileAttributes_Dummy2
0x082B9094	rom	gMetatiles_ViridianForest
0x082B9344	rom	gMetatileAttributes_ViridianForest
0x082B93F0	rom	gMetatiles_UnusedGatehouse1
0x082B9B10	rom	gMetatileAttributes_UnusedGatehouse1
0x082B9CD8	rom	gMetatiles_RockTunnel
0x082BA658	rom	gMetatileAttributes_RockTunnel
0x082BA8B8	rom	gMetatiles_DiglettsCave
0x082BB288	rom	gMetatileAttributes_DiglettsCave
0x082BB4FC	rom	gMetatiles_SeafoamIslands
0x082BC47C	rom	gMetatileAttributes_SeafoamIslands
0x082BC85C	rom	gMetatiles_UnusedGatehouse2
0x082BCF7C	rom	gMetatileAttributes_UnusedGatehouse2
0x082BD144	rom	gMetatiles_CeruleanCave
0x082BD9A4	rom	gMetatileAttributes_CeruleanCave
0x082BDBBC	rom	gMetatiles_DepartmentStore
0x082BEB1C	rom	gMetatileAttributes_DepartmentStore
0x082BEEF4	rom	gMetatiles_GenericBuilding2
0x082BFA74	rom	gMetatileAttributes_GenericBuilding2
0x082BFD54	rom	gMetatiles_PowerPlant
0x082C06E4	rom	gMetatileAttributes_PowerPlant
0x082C0948	rom	gMetatiles_SeaCottage
0x082C0CF8	rom	gMetatileAttributes_SeaCottage
0x082C0DE4	rom	gMetatiles_SilphCo
0x082C2584	rom	gMetatileAttributes_SilphCo
0x082C2B6C	rom	gMetatiles_UndergroundPath
0x082C2FEC	rom	gMetatileAttributes_UndergroundPath
0x082C310C	rom	gMetatiles_PokemonTower
0x082C375C	rom	gMetatileAttributes_PokemonTower
0x082C38F0	rom	gMetatiles_SafariZoneBuilding
0x082C40F0	rom	gMetatileAttributes_SafariZoneBuilding
0x082C42F0	rom	gMetatiles_PokemonMansion
0x082C5310	rom	gMetatileAttributes_PokemonMansion
0x082C5718	rom	gMetatiles_Museum
0x082C5F88	rom	gMetatileAttributes_Museum
0x082C61A4	rom	gMetatiles_CableClub
0x082C71A4	rom	gMetatileAttributes_CableClub
0x082C75A4	rom	gMetatiles_RestaurantHotel
0x082C7C24	rom	gMetatileAttributes_RestaurantHotel
0x082C7DC4	rom	gMetatiles_School
0x082C80A4	rom	gMetatileAttributes_School
0x082C815C	rom	gMetatiles_FanClubDaycare
0x082C8BFC	rom	gMetatileAttributes_FanClubDaycare
0x082C8EA4	rom	gMetatiles_Condominiums
0x082C9C14	rom	gMetatileAttributes_Condominiums
0x082C9F70	rom	gMetatiles_BurgledHouse
0x082CA300	rom	gMetatileAttributes_BurgledHouse
0x082CA3E4	rom	gMetatiles_Dummy3
0x082CA404	rom	gMetatileAttributes_Dummy3
0x082CA40C	rom	gMetatiles_Dummy4
0x082CA42C	rom	gMetatileAttributes_Dummy4
0x082CA434	rom	gMetatiles_MtEmber
0x082CB254	rom	gMetatileAttributes_MtEmber
0x082CB5DC	rom	gMetatiles_BerryForest
0x082CB87C	rom	gMetatileAttributes_BerryForest
0x082CB924	rom	gMetatiles_NavelRock
0x082CC6E4	rom	gMetatileAttributes_NavelRock
0x082CCA54	rom	gMetatiles_TanobyRuins
0x082CD034	rom	gMetatileAttributes_TanobyRuins
0x082CD1AC	rom	gMetatiles_SeviiIslands123
0x082CE37C	rom	gMetatileAttributes_SeviiIslands123
0x082CE7F0	rom	gMetatiles_SeviiIslands45
0x082CF170	rom	gMetatileAttributes_SeviiIslands45
0x082CF3D0	rom	gMetatiles_SeviiIslands67
0x082D02D0	rom	gMetatileAttributes_SeviiIslands67
0x082D0690	rom	gMetatiles_TrainerTower
0x082D1890	rom	gMetatileAttributes_TrainerTower
0x082D1D10	rom	gMetatiles_IslandHarbor
0x082D2200	rom	gMetatileAttributes_IslandHarbor
0x082D233C	rom	gMetatiles_PokemonLeague
0x082D3B3C	rom	gMetatileAttributes_PokemonLeague
0x082D413C	rom	gMetatiles_HallOfFame
0x082D489C	rom	gMetatileAttributes_HallOfFame
0x082D4A74	rom	gTileset_General
0x082D4A8C	rom	gTileset_PalletTown
0x082D4AA4	rom	gTileset_ViridianCity
0x082D4ABC	rom	gTileset_PewterCity
0x082D4AD4	rom	gTileset_CeruleanCity
0x082D4AEC	rom	gTileset_LavenderTown
0x082D4B04	rom	gTileset_VermilionCity
0x082D4B1C	rom	gTileset_CeladonCity
0x082D4B34	rom	gTileset_FuchsiaCity
0x082D4B4C	rom	gTileset_CinnabarIsland
0x082D4B64	rom	gTileset_IndigoPlateau
0x082D4B7C	rom	gTileset_SaffronCity
0x082D4B94	rom	gTileset_Building
0x082D4BAC	rom	gTileset_Mart
0x082D4BC4	rom	gTileset_PokemonCenter
0x082D4BDC	rom	gTileset_Cave
0x082D4BF4	rom	gTileset_Dummy1
0x082D4C0C	rom	gTileset_Museum
0x082D4C24	rom	gTileset_CableClub
0x082D4C3C	rom	gTileset_BikeShop
0x082D4C54	rom	gTileset_GenericBuilding1
0x082D4C6C	rom	gTileset_Lab
0x082D4C84	rom	gTileset_FuchsiaGym
0x082D4C9C	rom	gTileset_ViridianGym
0x082D4CB4	rom	gTileset_HoennBuilding
0x082D4CCC	rom	gTileset_GameCorner
0x082D4CE4	rom	gTileset_PewterGym
0x082D4CFC	rom	gTileset_CeruleanGym
0x082D4D14	rom	gTileset_VermilionGym
0x082D4D2C	rom	gTileset_CeladonGym
0x082D4D44	rom	gTileset_SaffronGym
0x082D4D5C	rom	gTileset_CinnabarGym
0x082D4D74	rom	gTileset_SSAnne
0x082D4D8C	rom	gTileset_Dummy2
0x082D4DA4	rom	gTileset_ViridianForest
0x082D4DBC	rom	gTileset_UnusedGatehouse1
0x082D4DD4	rom	gTileset_RockTunnel
0x082D4DEC	rom	gTileset_DiglettsCave
0x082D4E04	rom	gTileset_SeafoamIslands
0x082D4E1C	rom	gTileset_UnusedGatehouse2
0x082D4E34	rom	gTileset_CeruleanCave
0x082D4E4C	rom	gTileset_DepartmentStore
0x082D4E64	rom	gTileset_GenericBuilding2
0x082D4E7C	rom	gTileset_PowerPlant
0x082D4E94	rom	gTileset_SeaCottage
0x082D4EAC	rom	gTileset_SilphCo
0x082D4EC4	rom	gTileset_UndergroundPath
0x082D4EDC	rom	gTileset_PokemonTower
0x082D4EF4	rom	gTileset_SafariZoneBuilding
0x082D4F0C	rom	gTileset_PokemonMansion
0x082D4F24	rom	gTileset_RestaurantHotel
0x082D4F3C	rom	gTileset_School
0x082D4F54	rom	gTileset_FanClubDaycare
0x082D4F6C	rom	gTileset_Condominiums
0x082D4F84	rom	gTileset_BurgledHouse
0x082D4F9C	rom	gTileset_Dummy3
0x082D4FB4	rom	gTileset_Dummy4
0x082D4FCC	rom	gTileset_MtEmber
0x082D4FE4	rom	gTileset_BerryForest
0x082D4FFC	rom	gTileset_NavelRock
0x082D5014	rom	gTileset_TanobyRuins
0x082D502C	rom	gTileset_SeviiIslands123
0x082D5044	rom	gTileset_SeviiIslands45
0x082D505C	rom	gTileset_SeviiIslands67
0x082D5074	rom	gTileset_TrainerTower
0x082D508C	rom	gTileset_IslandHarbor
0x082D50A4	rom	gTileset_PokemonLeague
0x082D50BC	rom	gTileset_HallOfFame
0x08352ECC	rom	sDummyConnectionFlags
0x08352ED0	rom	sMetatileAttrMasks
0x08352EF0	rom	sMetatileAttrShifts
0x08352F58	rom	sBehaviorSurfable
0x08353048	rom	sTileBitAttributes
0x08353068	rom	sDoorAnimTiles_General
0x083531E8	rom	sDoorNullPalette1
0x08353208	rom	sDoorAnimTiles_SlidingSingle
0x08353388	rom	sDoorNullPalette2
0x083533A8	rom	sDoorAnimTiles_SlidingDouble
0x08353528	rom	sDoorNullPalette3
0x08353548	rom	sDoorAnimTiles_Pallet
0x083536C8	rom	sDoorNullPalette4
0x083536E8	rom	sDoorAnimTiles_OaksLab
0x08353868	rom	sDoorNullPalette5
0x08353888	rom	sDoorAnimTiles_Viridian
0x08353A08	rom	sDoorNullPalette6
0x08353A28	rom	sDoorAnimTiles_Pewter
0x08353BA8	rom	sDoorNullPalette7
0x08353BC8	rom	sDoorAnimTiles_Saffron
0x08353D48	rom	sDoorNullPalette8
0x08353D68	rom	sDoorAnimTiles_SilphCo
0x08353EE8	rom	sDoorNullPalette9
0x08353F08	rom	sDoorAnimTiles_Cerulean
0x08354088	rom	sDoorNullPalette10
0x083540A8	rom	sDoorAnimTiles_Lavender
0x08354228	rom	sDoorNullPalette11
0x08354248	rom	sDoorAnimTiles_Vermilion
0x083543C8	rom	sDoorNullPalette12
0x083543E8	rom	sDoorAnimTiles_PokemonFanClub
0x08354568	rom	sDoorNullPalette13
0x08354588	rom	sDoorAnimTiles_DeptStore
0x08354708	rom	sDoorNullPalette14
0x08354728	rom	sDoorAnimTiles_Fuchsia
0x083548A8	rom	sDoorNullPalette15
0x083548C8	rom	sDoorAnimTiles_SafariZone
0x08354A48	rom	sDoorNullPalette16
0x08354A68	rom	sDoorAnimTiles_CinnabarLab
0x08354BE8	rom	sDoorNullPalette17
0x08354C08	rom	sDoorAnimTiles_DeptStoreElevator
0x08354F08	rom	sDoorNullPalette18
0x08354F28	rom	sDoorAnimTiles_CableClub
0x08355228	rom	sDoorNullPalette19
0x08355248	rom	sDoorAnimTiles_HideoutElevator
0x08355548	rom	sDoorNullPalette20
0x08355568	rom	sDoorAnimTiles_SSAnne
0x08355868	rom	sDoorNullPalette21
0x08355888	rom	sDoorAnimTiles_Empty1
0x08355B88	rom	sDoorNullPalette22
0x08355BA8	rom	sDoorAnimTiles_Empty2
0x08355EA8	rom	sDoorNullPalette23
0x08355EC8	rom	sDoorAnimTiles_Empty3
0x083561C8	rom	sDoorNullPalette24
0x083561E8	rom	sDoorAnimTiles_Empty4
0x083564E8	rom	sDoorNullPalette25
0x08356508	rom	sDoorAnimTiles_Empty5
0x08356808	rom	sDoorNullPalette26
0x08356828	rom	sDoorAnimTiles_Empty6
0x08356B28	rom	sDoorNullPalette27
0x08356B48	rom	sDoorAnimTiles_Empty7
0x08356E48	rom	sDoorNullPalette28
0x08356E68	rom	sDoorAnimTiles_Empty8
0x08356FE8	rom	sDoorNullPalette29
0x08357008	rom	sDoorAnimTiles_Empty9
0x08357188	rom	sDoorNullPalette30
0x083571A8	rom	sDoorAnimTiles_Empty10
0x08357328	rom	sDoorNullPalette31
0x08357348	rom	sDoorAnimTiles_Empty11
0x083574C8	rom	sDoorNullPalette32
0x083574E8	rom	sDoorAnimTiles_Empty12
0x08357668	rom	sDoorNullPalette33
0x08357688	rom	sDoorAnimTiles_Empty13
0x08357808	rom	sDoorNullPalette34
0x08357828	rom	sDoorAnimTiles_Empty14
0x083579A8	rom	sDoorNullPalette35
0x083579C8	rom	sDoorAnimTiles_Empty15
0x08357B48	rom	sDoorNullPalette36
0x08357B68	rom	sDoorAnimTiles_Empty16
0x08357CE8	rom	sDoorNullPalette37
0x08357D08	rom	sDoorAnimTiles_Empty17
0x08357E88	rom	sDoorNullPalette38
0x08357EA8	rom	sDoorAnimTiles_Empty18
0x08358028	rom	sDoorNullPalette39
0x08358048	rom	sDoorAnimTiles_Empty19
0x083581C8	rom	sDoorNullPalette40
0x083581E8	rom	sDoorAnimTiles_Empty20
0x08358368	rom	sDoorNullPalette41
0x08358388	rom	sDoorAnimTiles_Empty21
0x08358508	rom	sDoorNullPalette42
0x08358528	rom	sDoorAnimTiles_Empty22
0x083586A8	rom	sDoorNullPalette43
0x083586C8	rom	sDoorAnimTiles_Empty23
0x08358848	rom	sDoorNullPalette44
0x08358868	rom	sDoorAnimTiles_Empty24
0x083589E8	rom	sDoorNullPalette45
0x08358A08	rom	sDoorAnimTiles_Empty25
0x08358B88	rom	sDoorNullPalette46
0x08358BA8	rom	sDoorAnimTiles_Empty26
0x08358D28	rom	sDoorNullPalette47
0x08358D48	rom	sDoorAnimTiles_Empty27
0x08358EC8	rom	sDoorNullPalette48
0x08358EE8	rom	sDoorAnimTiles_Empty28
0x08359068	rom	sDoorNullPalette49
0x08359088	rom	sDoorAnimTiles_Empty29
0x08359208	rom	sDoorNullPalette50
0x08359228	rom	sDoorAnimTiles_Empty30
0x083593A8	rom	sDoorNullPalette51
0x083593C8	rom	sDoorAnimTiles_Empty31
0x08359548	rom	sDoorNullPalette52
0x08359568	rom	sDoorAnimTiles_UnusedTop
0x08359668	rom	sDoorAnimTiles_Empty32
0x08359768	rom	sDoorAnimTiles_UnusedMidTop
0x08359868	rom	sDoorAnimTiles_Empty33
0x08359968	rom	sDoorAnimTiles_UnusedMidBottom
0x08359A68	rom	sDoorAnimTiles_Empty34
0x08359B68	rom	sDoorAnimTiles_UnusedBottom
0x08359C68	rom	sDoorNullPalette53
0x08359C88	rom	sDoorAnimTiles_SilphCoElevator
0x08359F88	rom	sDoorNullPalette54
0x08359FA8	rom	sDoorAnimTiles_Sevii123
0x0835A128	rom	sDoorNullPalette55
0x0835A148	rom	sDoorAnimTiles_JoyfulGameCorner
0x0835A2C8	rom	sDoorNullPalette56
0x0835A2E8	rom	sDoorAnimTiles_OneIslandPokeCenter
0x0835A468	rom	sDoorNullPalette57
0x0835A488	rom	sDoorAnimTiles_Sevii45
0x0835A608	rom	sDoorNullPalette58
0x0835A628	rom	sDoorAnimTiles_FourIslandDayCare
0x0835A7A8	rom	sDoorNullPalette59
0x0835A7C8	rom	sDoorAnimTiles_RocketWarehouse
0x0835A948	rom	sDoorNullPalette60
0x0835A968	rom	sDoorAnimTiles_Sevii67
0x0835AAE8	rom	sDoorNullPalette61
0x0835AB08	rom	sDoorAnimTiles_Teleporter
0x0835AE08	rom	sDoorNullPalette62
0x0835AE28	rom	sDoorAnimTiles_TrainerTowerLobbyElevator
0x0835B128	rom	sDoorNullPalette63
0x0835B148	rom	sDoorAnimTiles_TrainerTowerRoofElevator
0x0835B448	rom	sDoorNullPalette64
0x0835B468	rom	sDoorAnimFrames_OpenSmall
0x0835B47C	rom	sDoorAnimFrames_OpenLarge
0x0835B490	rom	sDoorAnimFrames_CloseSmall
0x0835B4A4	rom	sDoorAnimFrames_CloseLarge
0x0835B4B8	rom	sDoorAnimPalettes_General
0x0835B4C0	rom	sDoorAnimPalettes_SlidingSingle
0x0835B4C8	rom	sDoorAnimPalettes_SlidingDouble
0x0835B4D0	rom	sDoorAnimPalettes_Pallet
0x0835B4D8	rom	sDoorAnimPalettes_OaksLab
0x0835B4E0	rom	sDoorAnimPalettes_Viridian
0x0835B4E8	rom	sDoorAnimPalettes_Pewter
0x0835B4F0	rom	sDoorAnimPalettes_Saffron
0x0835B4F8	rom	sDoorAnimPalettes_SilphCo
0x0835B500	rom	sDoorAnimPalettes_Cerulean
0x0835B508	rom	sDoorAnimPalettes_Lavender
0x0835B510	rom	sDoorAnimPalettes_Vermilion
0x0835B518	rom	sDoorAnimPalettes_PokemonFanClub
0x0835B520	rom	sDoorAnimPalettes_DeptStore
0x0835B528	rom	sDoorAnimPalettes_Fuchsia
0x0835B530	rom	sDoorAnimPalettes_SafariZone
0x0835B538	rom	sDoorAnimPalettes_CinnabarLab
0x0835B540	rom	sDoorAnimPalettes_DeptStoreElevator
0x0835B548	rom	sDoorAnimPalettes_CableClub
0x0835B550	rom	sDoorAnimPalettes_HideoutElevator
0x0835B558	rom	sDoorAnimPalettes_SSAnne
0x0835B560	rom	sDoorAnimPalettes_SilphCoElevator
0x0835B568	rom	sDoorAnimPalettes_Sevii123
0x0835B570	rom	sDoorAnimPalettes_JoyfulGameCorner
0x0835B578	rom	sDoorAnimPalettes_OneIslandPokeCenter
0x0835B580	rom	sDoorAnimPalettes_Sevii45
0x0835B588	rom	sDoorAnimPalettes_FourIslandDayCare
0x0835B590	rom	sDoorAnimPalettes_RocketWarehouse
0x0835B598	rom	sDoorAnimPalettes_Sevii67
0x0835B5A0	rom	sDoorAnimPalettes_Teleporter
0x0835B5A8	rom	sDoorAnimPalettes_TrainerTowerLobbyElevator
0x0835B5B0	rom	sDoorAnimPalettes_TrainerTowerRoofElevator
0x0835B5B8	rom	sDoorGraphics
0x0835B744	rom	sForcedMovementFuncs
0x0835B7F4	rom	sPlayerNotOnBikeFuncs
0x0835B800	rom	sQuestLogSurfDismountActionIds
0x0835B808	rom	sAcroBikeTrickMetatiles
0x0835B81C	rom	sAcroBikeTrickCollisionTypes
0x0835B824	rom	sPlayerAvatarTransitionFuncs
0x0835B844	rom	sArrowWarpMetatileBehaviorChecks
0x0835B854	rom	sPlayerAvatarGfxIds
0x0835B860	rom	sHoennLinkPartnerGfxIds
0x0835B862	rom	sPlayerAvatarGfxToStateFlag
0x0835B86E	rom	sPlayerAvatarVsSeekerBikeGfxIds
0x0835B870	rom	sArrowWarpMetatileBehaviorChecks2
0x0835B880	rom	sBoulderTaskSteps
0x0835B88C	rom	sPlayerAvatarSecretBaseMatJump
0x0835B890	rom	sPlayerAvatarSecretBaseMatSpin
0x0835B8AC	rom	sFishingStateFuncs
0x0835B8F8	rom	dot.471
0x0835B90C	rom	sTeleportFacingDirectionSequence
0x0835B914	rom	gReflectionEffectPaletteMap
0x0835B924	rom	gCameraSpriteTemplate
0x0835B93C	rom	gCameraObjectFuncs
0x0835B948	rom	gObjectEventPal_Player
0x0835B968	rom	gObjectEventPal_PlayerUnused
0x0835B988	rom	gObjectEventPaletteNull1
0x0835B9A8	rom	gObjectEventPaletteNull2
0x0835B9C8	rom	gObjectEventPaletteNull3
0x0835B9E8	rom	gObjectEventPaletteNull4
0x0835BA08	rom	gObjectEventPaletteNull5
0x0835BA28	rom	gObjectEventPaletteNull6
0x0835BA48	rom	gObjectEventPaletteNull7
0x0835BA68	rom	gObjectEventPaletteNull8
0x0835BA88	rom	gObjectEventPaletteNull9
0x0835BAA8	rom	gObjectEventPaletteNull10
0x0835BAC8	rom	gObjectEventPaletteNull11
0x0835BAE8	rom	gObjectEventPaletteNull12
0x0835BB08	rom	gObjectEventPaletteNull13
0x0835BB28	rom	gObjectEventPaletteNull14
0x0835BB48	rom	gObjectEventPic_RedNormal
0x0835C448	rom	gObjectEventPic_RedSurfRun
0x0835D248	rom	gObjectEventPic_GreenNormal
0x0835DB48	rom	gObjectEventPic_GreenSurfRun
0x0835E948	rom	gObjectEventPal_PlayerReflection
0x0835E968	rom	gObjectEventPal_BridgeReflection
0x0835E988	rom	gObjectEventPic_RedItem
0x0835F288	rom	gObjectEventPic_GreenItem
0x0835FB88	rom	gObjectEventPic_RedSurf
0x08360D88	rom	gObjectEventPic_GreenSurf
0x08361F88	rom	gObjectEventPic_RedBike
0x08363188	rom	gObjectEventPic_RedVSSeekerBike
0x08363D88	rom	gObjectEventPic_GreenBike
0x08364F88	rom	gObjectEventPic_GreenVSSeekerBike
0x08365B88	rom	gObjectEventPic_RSBrendan
0x08366488	rom	gObjectEventPic_RSMay
0x08366D88	rom	gObjectEventPic_RedFish
0x08368588	rom	gObjectEventPic_GreenFish
0x08369D88	rom	gObjectEventPic_Pokedex
0x08369E08	rom	gObjectEventPic_TownMap
0x08369F08	rom	gObjectEventPic_UnusedMan
0x0836A208	rom	gObjectEventPic_Giovanni
0x0836AB08	rom	gObjectEventPic_Blaine
0x0836AE08	rom	gObjectEventPic_Sabrina
0x0836B108	rom	gObjectEventPic_Daisy
0x0836BA08	rom	gObjectEventPic_Lorelei
0x0836C308	rom	gObjectEventPic_Erika
0x0836C608	rom	gObjectEventPic_Koga
0x0836C908	rom	gObjectEventPic_Brock
0x0836CC08	rom	gObjectEventPic_LtSurge
0x0836CF08	rom	gObjectEventPic_Bill
0x0836D808	rom	gObjectEventPal_NpcBlue
0x0836D828	rom	gObjectEventPal_NpcPink
0x0836D848	rom	gObjectEventPal_NpcGreen
0x0836D868	rom	gObjectEventPal_NpcWhite
0x0836D888	rom	gObjectEventPal_NpcBlueReflection
0x0836D8A8	rom	gObjectEventPal_NpcPinkReflection
0x0836D8C8	rom	gObjectEventPal_NpcGreenReflection
0x0836D8E8	rom	gObjectEventPal_NpcWhiteReflection
0x0836D908	rom	gObjectEventPic_LittleBoy
0x0836DD88	rom	gObjectEventPic_LittleGirl
0x0836E288	rom	gObjectEventPic_SittingBoy
0x0836E588	rom	gObjectEventPic_Lass
0x0836EF88	rom	gObjectEventPic_Youngster
0x0836F988	rom	gObjectEventPic_Boy
0x08370388	rom	gObjectEventPic_Woman1
0x08370D88	rom	gObjectEventPic_Woman3
0x08371688	rom	gObjectEventPic_BugCatcher
0x08372088	rom	gObjectEventPic_CrushGirl
0x08372A88	rom	gObjectEventPic_RichBoy
0x08373388	rom	gObjectEventPic_FatMan
0x08373C88	rom	gObjectEventPic_BaldingMan
0x08374688	rom	gObjectEventPic_Woman2
0x08375088	rom	gObjectEventPic_OldMan1
0x08375A88	rom	gObjectEventPic_OldManLyingDown
0x08375C88	rom	gObjectEventPic_WorkerM
0x08376688	rom	gObjectEventPic_WorkerF
0x08377088	rom	gObjectEventPic_Beauty
0x08377A88	rom	gObjectEventPic_Chef
0x08378388	rom	gObjectEventPic_OldMan2
0x08378C88	rom	gObjectEventPic_OldWoman
0x08379588	rom	gObjectEventPic_Camper
0x08379F88	rom	gObjectEventPic_Picnicker
0x0837A988	rom	gObjectEventPic_CooltrainerM
0x0837B388	rom	gObjectEventPic_CooltrainerF
0x0837BD88	rom	gObjectEventPic_Psyduck
0x0837BF08	rom	gObjectEventPic_PokeManiac
0x0837C908	rom	gObjectEventPic_Channeler
0x0837D308	rom	gObjectEventPic_RocketF
0x0837DC08	rom	gObjectEventPic_SwimmerMWater
0x0837E608	rom	gObjectEventPic_SwimmerFWater
0x0837F008	rom	gObjectEventPic_SwimmerMLand
0x0837FA08	rom	gObjectEventPic_SwimmerFLand
0x08380408	rom	gObjectEventPic_BlackBelt
0x08380E08	rom	gObjectEventPic_Scientist
0x08381808	rom	gObjectEventPic_Gentleman
0x08382208	rom	gObjectEventPic_Sailor
0x08382C08	rom	gObjectEventPic_Captain
0x08383508	rom	gObjectEventPic_Fisher
0x08383F08	rom	gObjectEventPic_TeachyTVHost
0x08384808	rom	gObjectEventPic_UnusedWoman
0x08385108	rom	gObjectEventPic_TuberF
0x08385608	rom	gObjectEventPic_TuberMWater
0x08385B08	rom	gObjectEventPic_TuberMLand
0x08386008	rom	gObjectEventPic_Hiker
0x08386A08	rom	gObjectEventPic_Biker
0x08387E08	rom	gObjectEventPic_GymGuy
0x08388708	rom	gObjectEventPic_Man
0x08389108	rom	gObjectEventPic_Rocker
0x08389B08	rom	gObjectEventPic_ProfOak
0x0838A408	rom	gObjectEventPic_Blue
0x0838AD08	rom	gObjectEventPic_Nurse
0x0838B108	rom	gObjectEventPic_CableClubReceptionist
0x0838B408	rom	gObjectEventPic_UnionRoomReceptionist
0x0838B708	rom	gObjectEventPic_UnusedMaleReceptionist
0x0838BA08	rom	gObjectEventPic_ItemBall
0x0838BA88	rom	gObjectEventPic_MrFuji
0x0838C388	rom	gObjectEventPic_Bruno
0x0838C688	rom	gObjectEventPic_Clerk
0x0838CF88	rom	gObjectEventPic_MGDeliveryman
0x0838D288	rom	gObjectEventPic_TrainerTowerDude
0x0838D588	rom	gObjectEventPic_Cameraman
0x0838DE88	rom	gObjectEventPic_RocketM
0x0838E788	rom	gObjectEventPic_Celio
0x0838F088	rom	gObjectEventPic_Lapras
0x0838F208	rom	gObjectEventPic_Zapdos
0x0838F408	rom	gObjectEventPic_Moltres
0x0838F608	rom	gObjectEventPic_Articuno
0x0838F808	rom	gObjectEventPic_Mewtwo
0x0838F888	rom	gObjectEventPic_Mew
0x0838F908	rom	gObjectEventPic_Entei
0x0838F988	rom	gObjectEventPic_Raikou
0x0838FA08	rom	gObjectEventPic_Suicune
0x0838FA88	rom	gObjectEventPic_Lugia
0x0838FE88	rom	gObjectEventPic_HoOh
0x08390288	rom	gObjectEventPic_Celebi
0x08390308	rom	gObjectEventPic_DeoxysD
0x08390708	rom	gObjectEventPic_DeoxysA
0x08390B08	rom	gObjectEventPic_DeoxysN
0x08390F08	rom	gObjectEventPic_Agatha
0x08391208	rom	gObjectEventPic_Misty
0x08391508	rom	gObjectEventPic_Lance
0x08391808	rom	gObjectEventPic_GBAKid
0x08391B08	rom	gObjectEventPic_Mom
0x08391E08	rom	gObjectEventPic_Pidgeot
0x08391F88	rom	gObjectEventPic_Omanyte
0x08392108	rom	gObjectEventPic_Kangaskhan
0x08392288	rom	gObjectEventPic_NidoranF
0x08392408	rom	gObjectEventPic_NidoranM
0x08392588	rom	gObjectEventPic_Nidorino
0x08392708	rom	gObjectEventPic_Meowth
0x08392888	rom	gObjectEventPic_Seel
0x08392A08	rom	gObjectEventPic_Voltorb
0x08392B88	rom	gObjectEventPic_Slowpoke
0x08392D08	rom	gObjectEventPic_Slowbro
0x08392E88	rom	gObjectEventPic_Machop
0x08393008	rom	gObjectEventPic_Wigglytuff
0x08393188	rom	gObjectEventPic_Doduo
0x08393308	rom	gObjectEventPic_Fearow
0x08393488	rom	gObjectEventPic_Kabuto
0x08393608	rom	gObjectEventPic_Machoke
0x08393788	rom	gObjectEventPic_Snorlax
0x08393988	rom	gObjectEventPic_Spearow
0x08393B08	rom	gObjectEventPic_Cubone
0x08393C88	rom	gObjectEventPic_Poliwrath
0x08393E08	rom	gObjectEventPic_Chansey
0x08393F88	rom	gObjectEventPic_Pikachu
0x08394108	rom	gObjectEventPic_Jigglypuff
0x08394288	rom	gObjectEventPic_Pidgey
0x08394408	rom	gObjectEventPic_Clefairy
0x08394588	rom	gObjectEventPic_CutTree
0x08394788	rom	gObjectEventPic_RockSmashRock
0x08394988	rom	gObjectEventPic_StrengthBoulder
0x08394A08	rom	gObjectEventPic_Fossil
0x08394A88	rom	gObjectEventPic_Ruby
0x08394B08	rom	gObjectEventPic_Sapphire
0x08394B88	rom	gObjectEventPic_OldAmber
0x08394C08	rom	gObjectEventPic_GymSign
0x08394D08	rom	gObjectEventPic_Sign
0x08394D88	rom	gObjectEventPic_WoodenSign
0x08394E08	rom	gObjectEventPic_Clipboard
0x08394E88	rom	gObjectEventPal_Meteorite
0x08394EA8	rom	gObjectEventPic_BirthIslandStone
0x083950A8	rom	gObjectEventPic_LaprasDoll
0x083952A8	rom	gObjectEventPal_Seagallop
0x083952C8	rom	gObjectEventPic_Seagallop
0x08395AC8	rom	gObjectEventPal_SSAnne
0x08395AE8	rom	gObjectEventPic_SSAnne
0x08396AE8	rom	gObjectEventPic_SurfBlob
0x083976E8	rom	gObjectEventPic_Policeman
0x08397FE8	rom	gObjectEventPal_RSQuintyPlump
0x08398008	rom	gObjectEventPal_RSQuintyPlumpReflection
0x08398028	rom	gFieldEffectObjectPic_ShadowSmall
0x08398048	rom	gFieldEffectObjectPic_ShadowMedium
0x08398088	rom	gFieldEffectObjectPic_ShadowLarge
0x08398108	rom	gFieldEffectObjectPic_ShadowExtraLarge
0x08398508	rom	sFiller1
0x08398628	rom	gFieldEffectObjectPic_CutGrass
0x08398648	rom	gFieldEffectObjectPic_CutGrass2
0x08398668	rom	gFieldEffectPal_CutGrass
0x08398688	rom	gFieldEffectObjectPic_Ripple
0x08398908	rom	gFieldEffectObjectPic_Ash
0x08398B88	rom	gFieldEffectObjectPic_Arrow
0x08398F88	rom	gFieldEffectObjectPalette0
0x08398FA8	rom	gFieldEffectObjectPalette1
0x08398FC8	rom	sFiller2
0x08398FE8	rom	gFieldEffectObjectPic_GroundImpactDust
0x083990A8	rom	gFieldEffectObjectPic_UnusedGrass3
0x08399168	rom	gFieldEffectObjectPic_JumpTallGrass
0x08399268	rom	gFieldEffectObjectPic_UnusedGrass4
0x08399468	rom	gFieldEffectObjectPic_JumpLongGrass
0x08399768	rom	gFieldEffectObjectPic_UnusedGrass
0x08399BE8	rom	gFieldEffectObjectPic_UnusedGrass2
0x08399DE8	rom	gFieldEffectObjectPic_LongGrass
0x08399FE8	rom	gFieldEffectObjectPic_TallGrass
0x0839A268	rom	gFieldEffectObjectPic_ShortGrass
0x0839A368	rom	gFieldEffectObjectPic_SandFootprints
0x0839A468	rom	gFieldEffectObjectPic_DeepSandFootprints
0x0839A568	rom	gFieldEffectObjectPic_BikeTireTracks
0x0839A768	rom	gFieldEffectObjectPic_UnusedSand
0x0839A968	rom	gFieldEffectObjectPic_SandPile
0x0839AA28	rom	gFieldEffectObjectPic_JumpBigSplash
0x0839AC28	rom	gFieldEffectObjectPic_Splash
0x0839ACA8	rom	gFieldEffectObjectPic_JumpSmallSplash
0x0839AD68	rom	gFieldEffectObjectPic_WaterSurfacing
0x0839AFE8	rom	gFieldEffectObjectPic_TreeDisguise
0x0839B6E8	rom	gFieldEffectObjectPic_MountainDisguise
0x0839BDE8	rom	gFieldEffectObjectPic_SandDisguisePlaceholder
0x0839C4E8	rom	gFieldEffectObjectPic_HotSpringsWater
0x0839C568	rom	gFieldEffectPal_Ash
0x0839C588	rom	gFieldEffectObjectPic_AshPuff
0x0839C808	rom	gFieldEffectObjectPic_AshLaunch
0x0839CA88	rom	gFieldEffectObjectPic_Bubbles
0x0839D288	rom	gFieldEffectObjectPic_SmallSparkle
0x0839D388	rom	gFieldEffectPal_SmallSparkle
0x0839D3A8	rom	gFieldEffectObjectPic_Bird
0x0839FBA8	rom	sMovementTypeCallbacks
0x0839FCEC	rom	gRangedMovementTypes
0x0839FD3D	rom	gInitialMovementTypeFacingDirections
0x0839FD90	rom	gObjectEventGraphicsInfoPointers
0x0839FFF0	rom	gFieldEffectObjectTemplatePointers
0x083A0080	rom	sPicTable_RedNormal
0x083A0120	rom	sPicTable_RedBike
0x083A0168	rom	sPicTable_GreenNormal
0x083A0208	rom	sPicTable_GreenBike
0x083A0250	rom	sPicTable_RedSurf
0x083A02B0	rom	sPicTable_GreenSurf
0x083A0310	rom	sPicTable_RedItem
0x083A0358	rom	sPicTable_GreenItem
0x083A03A0	rom	sPicTable_RedVSSeekerBike
0x083A03D0	rom	sPicTable_GreenVSSeekerBike
0x083A0400	rom	sPicTable_RSBrendan
0x083A0450	rom	sPicTable_RSMay
0x083A04A0	rom	sPicTable_Policeman
0x083A04E8	rom	sPicTable_LittleBoy
0x083A0530	rom	sPicTable_LittleGirl
0x083A0580	rom	sPicTable_SittingBoy
0x083A05C8	rom	sPicTable_Lass
0x083A0618	rom	sPicTable_Youngster
0x083A0668	rom	sPicTable_Woman1
0x083A06B8	rom	sPicTable_Woman3
0x083A0700	rom	sPicTable_CrushGirl
0x083A0750	rom	sPicTable_BugCatcher
0x083A07A0	rom	sPicTable_FatMan
0x083A07E8	rom	sPicTable_BaldingMan
0x083A0838	rom	sPicTable_Woman2
0x083A0888	rom	sPicTable_OldMan1
0x083A08D8	rom	sPicTable_WorkerM
0x083A0920	rom	sPicTable_WorkerF
0x083A0968	rom	sPicTable_Beauty
0x083A09B8	rom	sPicTable_Chef
0x083A0A00	rom	sPicTable_OldMan2
0x083A0A50	rom	sPicTable_OldManLyingDown
0x083A0A98	rom	sPicTable_OldWoman
0x083A0AE0	rom	sPicTable_Camper
0x083A0B30	rom	sPicTable_Picnicker
0x083A0B80	rom	sPicTable_CooltrainerM
0x083A0BD0	rom	sPicTable_CooltrainerF
0x083A0C20	rom	sPicTable_Boy
0x083A0C70	rom	sPicTable_PokeManiac
0x083A0CC0	rom	sPicTable_Channeler
0x083A0D10	rom	sPicTable_RocketF
0x083A0D58	rom	sPicTable_SwimmerMWater
0x083A0DA8	rom	sPicTable_SwimmerFWater
0x083A0DF8	rom	sPicTable_SwimmerMLand
0x083A0E48	rom	sPicTable_SwimmerFLand
0x083A0E98	rom	sPicTable_BlackBelt
0x083A0EE8	rom	sPicTable_Scientist
0x083A0F38	rom	sPicTable_Gentleman
0x083A0F88	rom	sPicTable_Sailor
0x083A0FD8	rom	sPicTable_Captain
0x083A1020	rom	sPicTable_Fisher
0x083A1070	rom	sPicTable_TeachyTVHost
0x083A10B8	rom	sPicTable_UnusedWoman
0x083A1100	rom	sPicTable_TuberF
0x083A1150	rom	sPicTable_TuberMWater
0x083A11A0	rom	sPicTable_TuberMLand
0x083A11F0	rom	sPicTable_Hiker
0x083A1240	rom	sPicTable_Biker
0x083A1290	rom	sPicTable_GymGuy
0x083A12D8	rom	sPicTable_Nurse
0x083A1328	rom	sPicTable_UnusedMaleReceptionist
0x083A1370	rom	sPicTable_ItemBall
0x083A1378	rom	sPicTable_ProfOak
0x083A13C0	rom	sPicTable_Man
0x083A1410	rom	sPicTable_Rocker
0x083A1460	rom	sPicTable_MrFuji
0x083A14A8	rom	sPicTable_Bruno
0x083A14F0	rom	sPicTable_CutTree
0x083A1510	rom	sPicTable_Clerk
0x083A1558	rom	sPicTable_MGDeliveryman
0x083A15A0	rom	sPicTable_TrainerTowerDude
0x083A15E8	rom	sPicTable_CableClubReceptionist
0x083A1630	rom	sPicTable_UnionRoomReceptionist
0x083A1678	rom	sPicTable_RockSmashRock
0x083A1698	rom	sPicTable_StrengthBoulder
0x083A16A0	rom	sPicTable_RocketM
0x083A16E8	rom	sPicTable_Celio
0x083A1730	rom	sPicTable_Agatha
0x083A1778	rom	sPicTable_Brock
0x083A17C0	rom	sPicTable_Misty
0x083A1808	rom	sPicTable_LtSurge
0x083A1850	rom	sPicTable_Erika
0x083A1898	rom	sPicTable_Koga
0x083A18E0	rom	sPicTable_Giovanni
0x083A1928	rom	sPicTable_Blaine
0x083A1970	rom	sPicTable_Sabrina
0x083A19B8	rom	sPicTable_Bill
0x083A1A00	rom	sPicTable_Daisy
0x083A1A48	rom	sPicTable_Lorelei
0x083A1A90	rom	sPicTable_Lance
0x083A1AD8	rom	sPicTable_Blue
0x083A1B20	rom	sPicTable_RedFish
0x083A1B80	rom	sPicTable_GreenFish
0x083A1BE0	rom	sPicTable_TownMap
0x083A1BE8	rom	sPicTable_Pokedex
0x083A1BF0	rom	sPicTable_GBAKid
0x083A1C38	rom	sPicTable_Fossil
0x083A1C40	rom	sPicTable_Ruby
0x083A1C48	rom	sPicTable_Sapphire
0x083A1C50	rom	sPicTable_OldAmber
0x083A1C58	rom	sPicTable_GymSign
0x083A1C60	rom	sPicTable_Sign
0x083A1C68	rom	sPicTable_WoodenSign
0x083A1C70	rom	sPicTable_Clipboard
0x083A1C78	rom	sPicTable_BirthIslandStone
0x083A1C80	rom	sPicTable_LaprasDoll
0x083A1C88	rom	sPicTable_Seagallop
0x083A1CD0	rom	sPicTable_SSAnne
0x083A1D18	rom	sPicTable_Snorlax
0x083A1D60	rom	sPicTable_Spearow
0x083A1DA8	rom	sPicTable_Pidgeot
0x083A1DF0	rom	sPicTable_Omanyte
0x083A1E38	rom	sPicTable_Kangaskhan
0x083A1E80	rom	sPicTable_Psyduck
0x083A1EC8	rom	sPicTable_NidoranF
0x083A1F10	rom	sPicTable_NidoranM
0x083A1F58	rom	sPicTable_Nidorino
0x083A1FA0	rom	sPicTable_Meowth
0x083A1FE8	rom	sPicTable_Seel
0x083A2030	rom	sPicTable_Voltorb
0x083A2078	rom	sPicTable_Slowpoke
0x083A20C0	rom	sPicTable_Slowbro
0x083A2108	rom	sPicTable_Machop
0x083A2150	rom	sPicTable_Wigglytuff
0x083A2198	rom	sPicTable_Doduo
0x083A21E0	rom	sPicTable_Fearow
0x083A2228	rom	sPicTable_Lapras
0x083A2270	rom	sPicTable_Zapdos
0x083A22B8	rom	sPicTable_Moltres
0x083A2300	rom	sPicTable_Articuno
0x083A2348	rom	sPicTable_DeoxysD
0x083A2390	rom	sPicTable_DeoxysA
0x083A23D8	rom	sPicTable_DeoxysN
0x083A2420	rom	sPicTable_Mewtwo
0x083A2468	rom	sPicTable_Mew
0x083A24B0	rom	sPicTable_Entei
0x083A24F8	rom	sPicTable_Raikou
0x083A2540	rom	sPicTable_Suicune
0x083A2588	rom	sPicTable_Lugia
0x083A25D0	rom	sPicTable_HoOh
0x083A2618	rom	sPicTable_Celebi
0x083A2660	rom	sPicTable_Cubone
0x083A26A8	rom	sPicTable_Poliwrath
0x083A26F0	rom	sPicTable_Chansey
0x083A2738	rom	sPicTable_Pikachu
0x083A2780	rom	sPicTable_Jigglypuff
0x083A27C8	rom	sPicTable_Pidgey
0x083A2810	rom	sPicTable_Clefairy
0x083A2858	rom	sPicTable_Machoke
0x083A28A0	rom	sPicTable_Kabuto
0x083A28E8	rom	sPicTable_Mom
0x083A2930	rom	sAnim_StayStill
0x083A2944	rom	sAnim_QuintyPlumpFaceSouth
0x083A294C	rom	sAnim_QuintyPlumpFaceNorth
0x083A2954	rom	sAnim_QuintyPlumpFaceWest
0x083A295C	rom	sAnim_QuintyPlumpFaceEast
0x083A2964	rom	sAnim_QuintyPlumpGoSouth
0x083A2978	rom	sAnim_QuintyPlumpGoNorth
0x083A298C	rom	sAnim_QuintyPlumpGoWest
0x083A29A0	rom	sAnim_QuintyPlumpGoEast
0x083A29B4	rom	sAnim_QuintyPlumpGoFastSouth
0x083A29C8	rom	sAnim_QuintyPlumpGoFastNorth
0x083A29DC	rom	sAnim_QuintyPlumpGoFastWest
0x083A29F0	rom	sAnim_QuintyPlumpGoFastEast
0x083A2A04	rom	sAnim_QuintyPlumpGoFasterSouth
0x083A2A18	rom	sAnim_QuintyPlumpGoFasterNorth
0x083A2A2C	rom	sAnim_QuintyPlumpGoFasterWest
0x083A2A40	rom	sAnim_QuintyPlumpGoFasterEast
0x083A2A54	rom	sAnim_QuintyPlumpGoFastestSouth
0x083A2A68	rom	sAnim_QuintyPlumpGoFastestNorth
0x083A2A7C	rom	sAnim_QuintyPlumpGoFastestWest
0x083A2A90	rom	sAnim_QuintyPlumpGoFastestEast
0x083A2AA4	rom	sAnim_FaceSouth
0x083A2AAC	rom	sAnim_FaceNorth
0x083A2AB4	rom	sAnim_FaceWest
0x083A2ABC	rom	sAnim_FaceEast
0x083A2AC4	rom	sAnim_GoSouth
0x083A2AD8	rom	sAnim_GoNorth
0x083A2AEC	rom	sAnim_GoWest
0x083A2B00	rom	sAnim_GoEast
0x083A2B14	rom	sAnim_GoFastSouth
0x083A2B28	rom	sAnim_GoFastNorth
0x083A2B3C	rom	sAnim_GoFastWest
0x083A2B50	rom	sAnim_GoFastEast
0x083A2B64	rom	sAnim_GoFasterSouth
0x083A2B78	rom	sAnim_GoFasterNorth
0x083A2B8C	rom	sAnim_GoFasterWest
0x083A2BA0	rom	sAnim_GoFasterEast
0x083A2BB4	rom	sAnim_GoFastestSouth
0x083A2BC8	rom	sAnim_GoFastestNorth
0x083A2BDC	rom	sAnim_GoFastestWest
0x083A2BF0	rom	sAnim_GoFastestEast
0x083A2C04	rom	sAnim_RaiseHand
0x083A2C0C	rom	sAnim_HoOhFlapWings
0x083A2C20	rom	sAnim_HoOhStayStill
0x083A2C28	rom	sAnim_SurfFaceSouth
0x083A2C30	rom	sAnim_SurfFaceNorth
0x083A2C38	rom	sAnim_SurfFaceWest
0x083A2C40	rom	sAnim_SurfFaceEast
0x083A2C48	rom	sAnim_UnknownFaceSouth
0x083A2C50	rom	sAnim_UnknownFaceNorth
0x083A2C58	rom	sAnim_UnknownFaceWest
0x083A2C60	rom	sAnim_UnknownFaceEast
0x083A2C68	rom	sAnim_UnknownGoSouth
0x083A2C8C	rom	sAnim_UnknownGoNorth
0x083A2CB0	rom	sAnim_UnknownGoWest
0x083A2CD4	rom	sAnim_UnknownGoEast
0x083A2CF8	rom	sAnim_UnknownGoFastNorth
0x083A2D1C	rom	sAnim_UnknownGoFastSouth
0x083A2D40	rom	sAnim_UnknownGoFastWest
0x083A2D64	rom	sAnim_UnknownGoFastEast
0x083A2D88	rom	sAnim_UnknownGoFasterNorth
0x083A2DAC	rom	sAnim_UnknownGoFasterSouth
0x083A2DD0	rom	sAnim_UnknownGoFasterWest
0x083A2DF4	rom	sAnim_UnknownGoFasterEast
0x083A2E18	rom	sAnim_UnknownGoFastestNorth
0x083A2E3C	rom	sAnim_UnknownGoFastestSouth
0x083A2E60	rom	sAnim_UnknownGoFastestWest
0x083A2E84	rom	sAnim_UnknownGoFastestEast
0x083A2EA8	rom	sAnim_SpinSouth
0x083A2EC0	rom	sAnim_SpinNorth
0x083A2ED8	rom	sAnim_SpinWest
0x083A2EF0	rom	sAnim_SpinEast
0x083A2F08	rom	sAnim_ShakeHeadOrWalkInPlace
0x083A2F20	rom	sAnim_RunSouth
0x083A2F34	rom	sAnim_RunNorth
0x083A2F48	rom	sAnim_RunWest
0x083A2F5C	rom	sAnim_RunEast
0x083A2F70	rom	sAnim_FieldMove
0x083A2F88	rom	sAnim_VSSeeker
0x083A2FB8	rom	sAnim_VSSeekerBike
0x083A2FEC	rom	sAnim_GetOnOffSurfSouth
0x083A2FF4	rom	sAnim_GetOnOffSurfNorth
0x083A2FFC	rom	sAnim_GetOnOffSurfWest
0x083A3004	rom	sAnim_GetOnOffSurfEast
0x083A300C	rom	sAnim_BunnyHopBackWheelSouth
0x083A3018	rom	sAnim_BunnyHopBackWheelNorth
0x083A3024	rom	sAnim_BunnyHopBackWheelWest
0x083A3030	rom	sAnim_BunnyHopBackWheelEast
0x083A303C	rom	sAnim_BunnyHopFrontWheelSouth
0x083A3048	rom	sAnim_BunnyHopFrontWheelNorth
0x083A3054	rom	sAnim_BunnyHopFrontWheelWest
0x083A3060	rom	sAnim_BunnyHopFrontWheelEast
0x083A306C	rom	sAnim_StandingWheelieBackWheelSouth
0x083A3078	rom	sAnim_StandingWheelieBackWheelNorth
0x083A3084	rom	sAnim_StandingWheelieBackWheelWest
0x083A3090	rom	sAnim_StandingWheelieBackWheelEast
0x083A309C	rom	sAnim_StandingWheelieFrontWheelSouth
0x083A30A8	rom	sAnim_StandingWheelieFrontWheelNorth
0x083A30B4	rom	sAnim_StandingWheelieFrontWheelWest
0x083A30C0	rom	sAnim_StandingWheelieFrontWheelEast
0x083A30CC	rom	sAnim_MovingWheelieSouth
0x083A30E0	rom	sAnim_MovingWheelieNorth
0x083A30F4	rom	sAnim_MovingWheelieWest
0x083A3108	rom	sAnim_MovingWheelieEast
0x083A311C	rom	sAnim_BerryTreeStage0
0x083A3124	rom	sAnim_BerryTreeStage1
0x083A3130	rom	sAnim_BerryTreeStage2
0x083A313C	rom	sAnim_BerryTreeStage3
0x083A3150	rom	sAnim_BerryTreeStage4
0x083A3164	rom	sAnim_NurseBow
0x083A3174	rom	sAnim_RockBreak
0x083A3188	rom	sAnim_TreeCut
0x083A319C	rom	sAnim_TakeOutRodSouth
0x083A31B0	rom	sAnim_TakeOutRodNorth
0x083A31C4	rom	sAnim_TakeOutRodWest
0x083A31D8	rom	sAnim_TakeOutRodEast
0x083A31EC	rom	sAnim_PutAwayRodSouth
0x083A3200	rom	sAnim_PutAwayRodNorth
0x083A3214	rom	sAnim_PutAwayRodWest
0x083A3228	rom	sAnim_PutAwayRodEast
0x083A323C	rom	sAnim_HookedPokemonSouth
0x083A3250	rom	sAnim_HookedPokemonNorth
0x083A3264	rom	sAnim_HookedPokemonWest
0x083A3278	rom	sAnim_HookedPokemonEast
0x083A328C	rom	sAffineAnim_KyogreGroudon_GoSouthStart
0x083A32BC	rom	sAffineAnim_KyogreGroudon_GoSouth
0x083A32F4	rom	sAnimTable_Inanimate
0x083A32F8	rom	sAnimTable_QuintyPlump
0x083A3348	rom	sAnimTable_Standard
0x083A339C	rom	sAnimTable_HoOh
0x083A33F0	rom	sAnimTable_Unknown
0x083A3450	rom	sAnimTable_RedGreenNormal
0x083A34C4	rom	sAnimTable_AcroBike
0x083A3564	rom	sAnimTable_RedGreenSurf
0x083A35C4	rom	sAnimTable_Nurse
0x083A3618	rom	sAnimTable_RedGreenFieldMove
0x083A361C	rom	sAnimTable_RedGreenVSSeeker
0x083A3620	rom	sAnimTable_RedGreenVSSeekerBike
0x083A3624	rom	sAnimTable_BerryTree
0x083A3638	rom	sAnimTable_RockSmashRock
0x083A3640	rom	sAnimTable_CutTree
0x083A3648	rom	sAnimTable_RedGreenFish
0x083A3678	rom	sStepAnimTables
0x083A36C0	rom	gObjectEventBaseOam_8x8
0x083A36C8	rom	gObjectEventBaseOam_16x8
0x083A36D0	rom	gObjectEventBaseOam_16x16
0x083A36D8	rom	gObjectEventBaseOam_32x16
0x083A36E0	rom	gObjectEventBaseOam_32x8
0x083A36E8	rom	gObjectEventBaseOam_64x32
0x083A36F0	rom	gObjectEventBaseOam_16x32
0x083A36F8	rom	gObjectEventBaseOam_32x32
0x083A3700	rom	gObjectEventBaseOam_64x64
0x083A3708	rom	gObjectEventSpriteOamTable_16x16_0
0x083A370C	rom	gObjectEventSpriteOamTable_16x16_1
0x083A3710	rom	gObjectEventSpriteOamTable_16x16_2
0x083A3718	rom	gObjectEventSpriteOamTable_16x16_3
0x083A3720	rom	gObjectEventSpriteOamTable_16x16_4
0x083A3728	rom	gObjectEventSpriteOamTables_16x16
0x083A3758	rom	gObjectEventSpriteOamTable_16x32_0
0x083A375C	rom	gObjectEventSpriteOamTable_16x32_1
0x083A3760	rom	gObjectEventSpriteOamTable_16x32_2
0x083A376C	rom	gObjectEventSpriteOamTable_16x32_3
0x083A3774	rom	gObjectEventSpriteOamTable_16x32_4
0x083A377C	rom	gObjectEventSpriteOamTables_16x32
0x083A37AC	rom	gObjectEventSpriteOamTable_32x32_0
0x083A37B0	rom	gObjectEventSpriteOamTable_32x32_1
0x083A37B4	rom	gObjectEventSpriteOamTable_32x32_2
0x083A37C0	rom	gObjectEventSpriteOamTable_32x32_3
0x083A37C8	rom	gObjectEventSpriteOamTable_32x32_4
0x083A37D0	rom	gObjectEventSpriteOamTables_32x32
0x083A3800	rom	gObjectEventSpriteOamTable_48x48
0x083A3830	rom	gObjectEventSpriteOamTables_48x48
0x083A3860	rom	gObjectEventSpriteOamTable_64x32_0
0x083A3864	rom	gObjectEventSpriteOamTable_64x32_1
0x083A3868	rom	gObjectEventSpriteOamTable_64x32_2
0x083A386C	rom	gObjectEventSpriteOamTable_64x32_3
0x083A3870	rom	gObjectEventSpriteOamTables_64x32
0x083A38A0	rom	gObjectEventSpriteOamTable_64x64_0
0x083A38A4	rom	gObjectEventSpriteOamTable_64x64_1
0x083A38A8	rom	gObjectEventSpriteOamTable_64x64_2
0x083A38AC	rom	gObjectEventSpriteOamTable_64x64_3
0x083A38B0	rom	gObjectEventSpriteOamTables_64x64
0x083A38E0	rom	gObjectEventSpriteOamTable_96x40_0
0x083A391C	rom	gObjectEventSpriteOamTable_96x40_1
0x083A3958	rom	gObjectEventSpriteOamTable_96x40_2
0x083A3994	rom	gObjectEventSpriteOamTable_96x40_3
0x083A39D0	rom	gObjectEventSpriteOamTables_96x40
0x083A3A00	rom	gObjectEventSpriteOamTable_128x64_0
0x083A3A10	rom	gObjectEventSpriteOamTable_128x64_1
0x083A3A20	rom	gObjectEventSpriteOamTable_128x64_2
0x083A3A30	rom	gObjectEventSpriteOamTables_128x64
0x083A3A60	rom	gObjectEventSpriteOamTable_88x32_0
0x083A3AA0	rom	gObjectEventSpriteOamTable_88x32_1
0x083A3AE0	rom	gObjectEventSpriteOamTable_88x32_2
0x083A3B20	rom	gObjectEventSpriteOamTable_88x32_3
0x083A3B60	rom	gObjectEventSpriteOamTables_88x32
0x083A3B90	rom	gObjectEventGraphicsInfo_RedNormal
0x083A3BB4	rom	gObjectEventGraphicsInfo_RedBike
0x083A3BD8	rom	gObjectEventGraphicsInfo_RedSurf
0x083A3BFC	rom	gObjectEventGraphicsInfo_RedFieldMove
0x083A3C20	rom	gObjectEventGraphicsInfo_Policeman
0x083A3C44	rom	gObjectEventGraphicsInfo_RSBrendan
0x083A3C68	rom	gObjectEventGraphicsInfo_RSMay
0x083A3C8C	rom	gObjectEventGraphicsInfo_LittleBoy
0x083A3CB0	rom	gObjectEventGraphicsInfo_LittleGirl
0x083A3CD4	rom	gObjectEventGraphicsInfo_SittingBoy
0x083A3CF8	rom	gObjectEventGraphicsInfo_Lass
0x083A3D1C	rom	gObjectEventGraphicsInfo_Youngster
0x083A3D40	rom	gObjectEventGraphicsInfo_Woman1
0x083A3D64	rom	gObjectEventGraphicsInfo_Woman3
0x083A3D88	rom	gObjectEventGraphicsInfo_Boy
0x083A3DAC	rom	gObjectEventGraphicsInfo_CrushGirl
0x083A3DD0	rom	gObjectEventGraphicsInfo_BugCatcher
0x083A3DF4	rom	gObjectEventGraphicsInfo_FatMan
0x083A3E18	rom	gObjectEventGraphicsInfo_BaldingMan
0x083A3E3C	rom	gObjectEventGraphicsInfo_Woman2
0x083A3E60	rom	gObjectEventGraphicsInfo_OldMan1
0x083A3E84	rom	gObjectEventGraphicsInfo_WorkerM
0x083A3EA8	rom	gObjectEventGraphicsInfo_WorkerF
0x083A3ECC	rom	gObjectEventGraphicsInfo_Beauty
0x083A3EF0	rom	gObjectEventGraphicsInfo_Chef
0x083A3F14	rom	gObjectEventGraphicsInfo_OldMan2
0x083A3F38	rom	gObjectEventGraphicsInfo_OldWoman
0x083A3F5C	rom	gObjectEventGraphicsInfo_Camper
0x083A3F80	rom	gObjectEventGraphicsInfo_Picnicker
0x083A3FA4	rom	gObjectEventGraphicsInfo_CooltrainerM
0x083A3FC8	rom	gObjectEventGraphicsInfo_CooltrainerF
0x083A3FEC	rom	gObjectEventGraphicsInfo_PokeManiac
0x083A4010	rom	gObjectEventGraphicsInfo_Channeler
0x083A4034	rom	gObjectEventGraphicsInfo_RocketF
0x083A4058	rom	gObjectEventGraphicsInfo_SwimmerMWater
0x083A407C	rom	gObjectEventGraphicsInfo_SwimmerFWater
0x083A40A0	rom	gObjectEventGraphicsInfo_SwimmerMLand
0x083A40C4	rom	gObjectEventGraphicsInfo_SwimmerFLand
0x083A40E8	rom	gObjectEventGraphicsInfo_BlackBelt
0x083A410C	rom	gObjectEventGraphicsInfo_Scientist
0x083A4130	rom	gObjectEventGraphicsInfo_Gentleman
0x083A4154	rom	gObjectEventGraphicsInfo_Sailor
0x083A4178	rom	gObjectEventGraphicsInfo_Captain
0x083A419C	rom	gObjectEventGraphicsInfo_Fisher
0x083A41C0	rom	gObjectEventGraphicsInfo_TeachyTVHost
0x083A41E4	rom	gObjectEventGraphicsInfo_UnusedWoman
0x083A4208	rom	gObjectEventGraphicsInfo_TuberF
0x083A422C	rom	gObjectEventGraphicsInfo_TuberMWater
0x083A4250	rom	gObjectEventGraphicsInfo_TuberMLand
0x083A4274	rom	gObjectEventGraphicsInfo_Hiker
0x083A4298	rom	gObjectEventGraphicsInfo_Biker
0x083A42BC	rom	gObjectEventGraphicsInfo_GymGuy
0x083A42E0	rom	gObjectEventGraphicsInfo_Nurse
0x083A4304	rom	gObjectEventGraphicsInfo_UnusedMaleReceptionist
0x083A4328	rom	gObjectEventGraphicsInfo_ItemBall
0x083A434C	rom	gObjectEventGraphicsInfo_ProfOak
0x083A4370	rom	gObjectEventGraphicsInfo_Man
0x083A4394	rom	gObjectEventGraphicsInfo_Rocker
0x083A43B8	rom	gObjectEventGraphicsInfo_MrFuji
0x083A43DC	rom	gObjectEventGraphicsInfo_Bruno
0x083A4400	rom	gObjectEventGraphicsInfo_OldManLyingDown
0x083A4424	rom	gObjectEventGraphicsInfo_CutTree
0x083A4448	rom	gObjectEventGraphicsInfo_Clerk
0x083A446C	rom	gObjectEventGraphicsInfo_MGDeliveryman
0x083A4490	rom	gObjectEventGraphicsInfo_TrainerTowerDude
0x083A44B4	rom	gObjectEventGraphicsInfo_CableClubReceptionist
0x083A44D8	rom	gObjectEventGraphicsInfo_UnionRoomReceptionist
0x083A44FC	rom	gObjectEventGraphicsInfo_RockSmashRock
0x083A4520	rom	gObjectEventGraphicsInfo_StrengthBoulder
0x083A4544	rom	gObjectEventGraphicsInfo_GreenNormal
0x083A4568	rom	gObjectEventGraphicsInfo_GreenBike
0x083A458C	rom	gObjectEventGraphicsInfo_GreenSurf
0x083A45B0	rom	gObjectEventGraphicsInfo_GreenFieldMove
0x083A45D4	rom	gObjectEventGraphicsInfo_RedBikeAlt
0x083A45F8	rom	gObjectEventGraphicsInfo_RocketM
0x083A461C	rom	gObjectEventGraphicsInfo_Celio
0x083A4640	rom	gObjectEventGraphicsInfo_Agatha
0x083A4664	rom	gObjectEventGraphicsInfo_Brock
0x083A4688	rom	gObjectEventGraphicsInfo_Misty
0x083A46AC	rom	gObjectEventGraphicsInfo_LtSurge
0x083A46D0	rom	gObjectEventGraphicsInfo_Erika
0x083A46F4	rom	gObjectEventGraphicsInfo_Koga
0x083A4718	rom	gObjectEventGraphicsInfo_Giovanni
0x083A473C	rom	gObjectEventGraphicsInfo_Blaine
0x083A4760	rom	gObjectEventGraphicsInfo_Sabrina
0x083A4784	rom	gObjectEventGraphicsInfo_Bill
0x083A47A8	rom	gObjectEventGraphicsInfo_Daisy
0x083A47CC	rom	gObjectEventGraphicsInfo_Lorelei
0x083A47F0	rom	gObjectEventGraphicsInfo_Lance
0x083A4814	rom	gObjectEventGraphicsInfo_Blue
0x083A4838	rom	gObjectEventGraphicsInfo_RedFish
0x083A485C	rom	gObjectEventGraphicsInfo_GreenFish
0x083A4880	rom	gObjectEventGraphicsInfo_RedVSSeeker
0x083A48A4	rom	gObjectEventGraphicsInfo_RedVSSeekerBike
0x083A48C8	rom	gObjectEventGraphicsInfo_GreenVSSeeker
0x083A48EC	rom	gObjectEventGraphicsInfo_GreenVSSeekerBike
0x083A4910	rom	gObjectEventGraphicsInfo_TownMap
0x083A4934	rom	gObjectEventGraphicsInfo_Pokedex
0x083A4958	rom	gObjectEventGraphicsInfo_GBAKid
0x083A497C	rom	gObjectEventGraphicsInfo_Snorlax
0x083A49A0	rom	gObjectEventGraphicsInfo_Fossil
0x083A49C4	rom	gObjectEventGraphicsInfo_Ruby
0x083A49E8	rom	gObjectEventGraphicsInfo_Sapphire
0x083A4A0C	rom	gObjectEventGraphicsInfo_OldAmber
0x083A4A30	rom	gObjectEventGraphicsInfo_GymSign
0x083A4A54	rom	gObjectEventGraphicsInfo_Sign
0x083A4A78	rom	gObjectEventGraphicsInfo_TrainerTips
0x083A4A9C	rom	gObjectEventGraphicsInfo_Clipboard
0x083A4AC0	rom	gObjectEventGraphicsInfo_Meteorite
0x083A4AE4	rom	gObjectEventGraphicsInfo_LaprasDoll
0x083A4B08	rom	gObjectEventGraphicsInfo_Spearow
0x083A4B2C	rom	gObjectEventGraphicsInfo_Omanyte
0x083A4B50	rom	gObjectEventGraphicsInfo_Kangaskhan
0x083A4B74	rom	gObjectEventGraphicsInfo_Psyduck
0x083A4B98	rom	gObjectEventGraphicsInfo_NidoranF
0x083A4BBC	rom	gObjectEventGraphicsInfo_NidoranM
0x083A4BE0	rom	gObjectEventGraphicsInfo_Nidorino
0x083A4C04	rom	gObjectEventGraphicsInfo_Meowth
0x083A4C28	rom	gObjectEventGraphicsInfo_Seel
0x083A4C4C	rom	gObjectEventGraphicsInfo_Voltorb
0x083A4C70	rom	gObjectEventGraphicsInfo_Slowpoke
0x083A4C94	rom	gObjectEventGraphicsInfo_Slowbro
0x083A4CB8	rom	gObjectEventGraphicsInfo_Machop
0x083A4CDC	rom	gObjectEventGraphicsInfo_Wigglytuff
0x083A4D00	rom	gObjectEventGraphicsInfo_Doduo
0x083A4D24	rom	gObjectEventGraphicsInfo_Fearow
0x083A4D48	rom	gObjectEventGraphicsInfo_Lapras
0x083A4D6C	rom	gObjectEventGraphicsInfo_Zapdos
0x083A4D90	rom	gObjectEventGraphicsInfo_Moltres
0x083A4DB4	rom	gObjectEventGraphicsInfo_Articuno
0x083A4DD8	rom	gObjectEventGraphicsInfo_DeoxysD
0x083A4DFC	rom	gObjectEventGraphicsInfo_DeoxysA
0x083A4E20	rom	gObjectEventGraphicsInfo_DeoxysN
0x083A4E44	rom	gObjectEventGraphicsInfo_Mewtwo
0x083A4E68	rom	gObjectEventGraphicsInfo_Mew
0x083A4E8C	rom	gObjectEventGraphicsInfo_Entei
0x083A4EB0	rom	gObjectEventGraphicsInfo_Raikou
0x083A4ED4	rom	gObjectEventGraphicsInfo_Suicune
0x083A4EF8	rom	gObjectEventGraphicsInfo_Lugia
0x083A4F1C	rom	gObjectEventGraphicsInfo_HoOh
0x083A4F40	rom	gObjectEventGraphicsInfo_Celebi
0x083A4F64	rom	gObjectEventGraphicsInfo_Cubone
0x083A4F88	rom	gObjectEventGraphicsInfo_Machoke
0x083A4FAC	rom	gObjectEventGraphicsInfo_Kabuto
0x083A4FD0	rom	gObjectEventGraphicsInfo_Poliwrath
0x083A4FF4	rom	gObjectEventGraphicsInfo_Pidgeot
0x083A5018	rom	gObjectEventGraphicsInfo_Chansey
0x083A503C	rom	gObjectEventGraphicsInfo_Pikachu
0x083A5060	rom	gObjectEventGraphicsInfo_Jigglypuff
0x083A5084	rom	gObjectEventGraphicsInfo_Pidgey
0x083A50A8	rom	gObjectEventGraphicsInfo_Clefairy
0x083A50CC	rom	gObjectEventGraphicsInfo_Mom
0x083A50F0	rom	gObjectEventGraphicsInfo_Seagallop
0x083A5114	rom	gObjectEventGraphicsInfo_SSAnne
0x083A5138	rom	sObjectEventSpritePalettes
0x083A51D0	rom	sPlayerReflectionPaletteTags
0x083A51D8	rom	sUnusedPlayerReflectionPaletteTags
0x083A51E0	rom	sPlayerUnderwaterReflectionPaletteTags
0x083A51E8	rom	gPlayerReflectionPaletteSets
0x083A5208	rom	sRSQuintyPlumpReflectionPaletteTags
0x083A5210	rom	sRSTruckReflectionPaletteTags
0x083A5218	rom	sRSMachokeReflectionPaletteTags
0x083A5220	rom	sRSMovingBoxReflectionPaletteTags
0x083A5228	rom	sMeteoriteReflectionPaletteTags
0x083A5230	rom	sSeagallopReflectionPaletteTags
0x083A5238	rom	sRSSubmarineShadowReflectionPaletteTags
0x083A5240	rom	sRSKyogreReflectionPaletteTags
0x083A5248	rom	sRSGroudonReflectionPaletteTags
0x083A5250	rom	sGreenNPCReflectionPaletteTags
0x083A5258	rom	gSpecialObjectReflectionPaletteSets
0x083A52C0	rom	sObjectPaletteTags0
0x083A52D4	rom	sObjectPaletteTags1
0x083A52E8	rom	sObjectPaletteTags2
0x083A52FC	rom	sObjectPaletteTags3
0x083A5310	rom	gObjectPaletteTagSets
0x083A5320	rom	gSpritePalette_GeneralFieldEffect0
0x083A5328	rom	gSpritePalette_GeneralFieldEffect1
0x083A5330	rom	sAnim_Shadow
0x083A5338	rom	sAnimTable_Shadow
0x083A533C	rom	sPicTable_ShadowSmall
0x083A5344	rom	sPicTable_ShadowMedium
0x083A534C	rom	sPicTable_ShadowLarge
0x083A5354	rom	sPicTable_ShadowExtraLarge
0x083A535C	rom	gFieldEffectObjectTemplate_ShadowSmall
0x083A5374	rom	gFieldEffectObjectTemplate_ShadowMedium
0x083A538C	rom	gFieldEffectObjectTemplate_ShadowLarge
0x083A53A4	rom	gFieldEffectObjectTemplate_ShadowExtraLarge
0x083A53BC	rom	sPicTable_TallGrass
0x083A53E4	rom	sAnim_TallGrass
0x083A53FC	rom	sAnimTable_TallGrass
0x083A5400	rom	gFieldEffectObjectTemplate_TallGrass
0x083A5418	rom	sPicTable_Ripple
0x083A5440	rom	sAnim_Ripple
0x083A5464	rom	sAnimTable_Ripple
0x083A5468	rom	gFieldEffectObjectTemplate_Ripple
0x083A5480	rom	sPicTable_Ash
0x083A54A8	rom	sAnim_Ash
0x083A54C0	rom	sAnimTable_Ash
0x083A54C4	rom	gFieldEffectObjectTemplate_Ash
0x083A54DC	rom	sPicTable_SurfBlob
0x083A550C	rom	sSurfBlobAnim_FaceSouth
0x083A5518	rom	sSurfBlobAnim_FaceNorth
0x083A5524	rom	sSurfBlobAnim_FaceWest
0x083A5530	rom	sSurfBlobAnim_FaceEast
0x083A553C	rom	sAnimTable_SurfBlob
0x083A554C	rom	gFieldEffectObjectTemplate_SurfBlob
0x083A5564	rom	sPicTable_Arrow
0x083A55A4	rom	sArrowAnim_South
0x083A55B0	rom	sArrowAnim_North
0x083A55BC	rom	sArrowAnim_West
0x083A55C8	rom	sArrowAnim_East
0x083A55D4	rom	sAnimTable_Arrow
0x083A55E4	rom	gFieldEffectObjectTemplate_Arrow
0x083A55FC	rom	sPicTable_GroundImpactDust
0x083A5614	rom	sAnim_GroundImpactDust
0x083A5624	rom	sAnimTable_GroundImpactDust
0x083A5628	rom	gFieldEffectObjectTemplate_GroundImpactDust
0x083A5640	rom	sPicTable_JumpTallGrass
0x083A5660	rom	sAnim_JumpTallGrass
0x083A5674	rom	sAnimTable_JumpTallGrass
0x083A5678	rom	gFieldEffectObjectTemplate_JumpTallGrass
0x083A5690	rom	sPicTable_SandFootprints
0x083A56A0	rom	sSandFootprintsAnim_South
0x083A56A8	rom	sSandFootprintsAnim_North
0x083A56B0	rom	sSandFootprintsAnim_West
0x083A56B8	rom	sSandFootprintsAnim_East
0x083A56C0	rom	sAnimTable_SandFootprints
0x083A56D4	rom	gFieldEffectObjectTemplate_SandFootprints
0x083A56EC	rom	sPicTable_DeepSandFootprints
0x083A56FC	rom	sDeepSandFootprintsAnim_South
0x083A5704	rom	sDeepSandFootprintsAnim_North
0x083A570C	rom	sDeepSandFootprintsAnim_West
0x083A5714	rom	sDeepSandFootprintsAnim_East
0x083A571C	rom	sAnimTable_DeepSandFootprints
0x083A5730	rom	gFieldEffectObjectTemplate_DeepSandFootprints
0x083A5748	rom	sPicTable_BikeTireTracks
0x083A5768	rom	sBikeTireTracksAnim_South
0x083A5770	rom	sBikeTireTracksAnim_North
0x083A5778	rom	sBikeTireTracksAnim_West
0x083A5780	rom	sBikeTireTracksAnim_East
0x083A5788	rom	sBikeTireTracksAnim_SECornerTurn
0x083A5790	rom	sBikeTireTracksAnim_SWCornerTurn
0x083A5798	rom	sBikeTireTracksAnim_NWCornerTurn
0x083A57A0	rom	sBikeTireTracksAnim_NECornerTurn
0x083A57A8	rom	sAnimTable_BikeTireTracks
0x083A57CC	rom	gFieldEffectObjectTemplate_BikeTireTracks
0x083A57E4	rom	sPicTable_JumpBigSplash
0x083A5804	rom	sAnim_JumpBigSplash
0x083A5818	rom	sAnimTable_JumpBigSplash
0x083A581C	rom	gFieldEffectObjectTemplate_JumpBigSplash
0x083A5834	rom	sPicTable_Splash
0x083A5844	rom	sAnim_Splash_0
0x083A5850	rom	sAnim_Splash_1
0x083A5874	rom	sAnimTable_Splash
0x083A587C	rom	gFieldEffectObjectTemplate_Splash
0x083A5894	rom	sPicTable_JumpSmallSplash
0x083A58AC	rom	sAnim_JumpSmallSplash
0x083A58BC	rom	sAnimTable_JumpSmallSplash
0x083A58C0	rom	gFieldEffectObjectTemplate_JumpSmallSplash
0x083A58D8	rom	sPicTable_LongGrass
0x083A58F8	rom	sAnim_LongGrass
0x083A5918	rom	sAnimTable_LongGrass
0x083A591C	rom	gFieldEffectObjectTemplate_LongGrass
0x083A5934	rom	sPicTable_JumpLongGrass
0x083A5964	rom	sAnim_JumpLongGrass
0x083A5980	rom	sAnimTable_JumpLongGrass
0x083A5984	rom	gFieldEffectObjectTemplate_JumpLongGrass
0x083A599C	rom	sPicTable_UnusedGrass
0x083A59E4	rom	sAnim_UnusedGrass
0x083A5A0C	rom	sAnimTable_UnusedGrass
0x083A5A10	rom	gFieldEffectObjectTemplate_UnusedGrass
0x083A5A28	rom	sPicTable_UnusedGrass2
0x083A5A48	rom	sAnim_UnusedGrass2
0x083A5A64	rom	sAnimTable_UnusedGrass2
0x083A5A68	rom	gFieldEffectObjectTemplate_UnusedGrass2
0x083A5A80	rom	sPicTable_UnusedSand
0x083A5AA0	rom	sAnim_UnusedSand
0x083A5AB4	rom	sAnimTable_UnusedSand
0x083A5AB8	rom	gFieldEffectObjectTemplate_UnusedSand
0x083A5AD0	rom	sPicTable_SandPile
0x083A5AE8	rom	sAnim_SandPile
0x083A5AF8	rom	sAnimTable_SandPile
0x083A5AFC	rom	gFieldEffectObjectTemplate_SandPile
0x083A5B14	rom	sPicTable_WaterSurfacing
0x083A5B34	rom	sAnim_WaterSurfacing
0x083A5B50	rom	sAnimTable_WaterSurfacing
0x083A5B54	rom	gFieldEffectObjectTemplate_WaterSurfacing
0x083A5B6C	rom	sAffineAnim_ReflectionDistortion_0
0x083A5BBC	rom	sAffineAnim_ReflectionDistortion_1
0x083A5C0C	rom	sAffineAnims_ReflectionDistortion
0x083A5C14	rom	gFieldEffectObjectTemplate_ReflectionDistortion
0x083A5C2C	rom	sPicTable_TreeDisguise
0x083A5C64	rom	sAnim_TreeDisguise
0x083A5C6C	rom	sAnim_TreeDisguiseReveal
0x083A5C8C	rom	sAnimTable_TreeDisguise
0x083A5C94	rom	gFieldEffectObjectTemplate_TreeDisguise
0x083A5CAC	rom	sPicTable_MountainDisguise
0x083A5CE4	rom	sAnim_MountainDisguise
0x083A5CEC	rom	sAnim_MountainDisguiseReveal
0x083A5D0C	rom	sAnimTable_MountainDisguise
0x083A5D14	rom	gFieldEffectObjectTemplate_MountainDisguise
0x083A5D2C	rom	sPicTable_SandDisguisePlaceholder
0x083A5D64	rom	gFieldEffectObjectTemplate_SandDisguisePlaceholder
0x083A5D7C	rom	sPicTable_Bird
0x083A5DA4	rom	sAnim_Bird_WithoutPlayer
0x083A5DAC	rom	sAnim_Bird_Red_FlyOut
0x083A5DB4	rom	sAnim_Bird_Red_FlyIn
0x083A5DBC	rom	sAnim_Bird_Green_FlyOut
0x083A5DC4	rom	sAnim_Bird_Green_FlyIn
0x083A5DCC	rom	sAnimTable_Bird
0x083A5DE0	rom	gFieldEffectObjectTemplate_Bird
0x083A5DF8	rom	sPicTable_ShortGrass
0x083A5E08	rom	sAnim_ShortGrass
0x083A5E14	rom	sAnimTable_ShortGrass
0x083A5E18	rom	gFieldEffectObjectTemplate_ShortGrass
0x083A5E30	rom	sPicTable_HotSpringsWater
0x083A5E38	rom	sAnim_HotSpringsWater
0x083A5E40	rom	sAnimTable_HotSpringsWater
0x083A5E44	rom	gFieldEffectObjectTemplate_HotSpringsWater
0x083A5E5C	rom	sPicTable_AshPuff
0x083A5E84	rom	sAnim_AshPuff
0x083A5E9C	rom	sAnimTable_AshPuff
0x083A5EA0	rom	gFieldEffectObjectTemplate_AshPuff
0x083A5EB8	rom	gSpritePalette_Ash
0x083A5EC0	rom	sPicTable_AshLaunch
0x083A5EE8	rom	sAnim_AshLaunch
0x083A5F00	rom	sAnimTable_AshLaunch
0x083A5F04	rom	gFieldEffectObjectTemplate_AshLaunch
0x083A5F1C	rom	sPicTable_Bubbles
0x083A5F5C	rom	sAnim_Bubbles
0x083A5F80	rom	sAnimTable_Bubbles
0x083A5F84	rom	gFieldEffectObjectTemplate_Bubbles
0x083A5F9C	rom	sPicTable_SmallSparkle
0x083A5FAC	rom	sAnim_SmallSparkle
0x083A5FBC	rom	sAnimTable_SmallSparkle
0x083A5FC0	rom	gFieldEffectObjectTemplate_SmallSparkle
0x083A5FD8	rom	gSpritePalette_SmallSparkle
0x083A5FE0	rom	gMovementDelaysMedium
0x083A5FE8	rom	gMovementDelaysLong
0x083A5FF0	rom	gMovementDelaysShort
0x083A5FF8	rom	gMovementTypeFuncs_WanderAround
0x083A6014	rom	gMovementTypeFuncs_WanderAroundSlower
0x083A6030	rom	gStandardDirections
0x083A6034	rom	gGetVectorDirectionFuncs
0x083A6060	rom	gMovementTypeFuncs_LookAround
0x083A6074	rom	gMovementTypeFuncs_WanderUpAndDown
0x083A6090	rom	gUpAndDownDirections
0x083A6094	rom	gMovementTypeFuncs_WanderLeftAndRight
0x083A60B0	rom	gLeftAndRightDirections
0x083A60B4	rom	gMovementTypeFuncs_FaceDirection
0x083A60C0	rom	gMovementTypeFuncs_FaceDownAndUp
0x083A60D4	rom	gMovementTypeFuncs_FaceLeftAndRight
0x083A60E8	rom	gMovementTypeFuncs_FaceUpAndLeft
0x083A60FC	rom	gUpAndLeftDirections
0x083A6100	rom	gMovementTypeFuncs_FaceUpAndRight
0x083A6114	rom	gUpAndRightDirections
0x083A6118	rom	gMovementTypeFuncs_FaceDownAndLeft
0x083A612C	rom	gDownAndLeftDirections
0x083A6130	rom	gMovementTypeFuncs_FaceDownAndRight
0x083A6144	rom	gDownAndRightDirections
0x083A6148	rom	gMovementTypeFuncs_FaceDownUpAndLeft
0x083A615C	rom	gDownUpAndLeftDirections
0x083A6160	rom	gMovementTypeFuncs_FaceDownUpAndRight
0x083A6174	rom	gDownUpAndRightDirections
0x083A6178	rom	gMovementTypeFuncs_FaceUpLeftAndRight
0x083A618C	rom	gUpLeftAndRightDirections
0x083A6190	rom	gMovementTypeFuncs_FaceDownLeftAndRight
0x083A61A4	rom	gDownLeftAndRightDirections
0x083A61A8	rom	gMovementTypeFuncs_RotateCounterclockwise
0x083A61B8	rom	gCounterclockwiseDirections
0x083A61C0	rom	gMovementTypeFuncs_RotateClockwise
0x083A61D0	rom	gClockwiseDirections
0x083A61D8	rom	gMovementTypeFuncs_WalkBackAndForth
0x083A61E8	rom	gMovementTypeFuncs_WalkSequenceUpRightLeftDown
0x083A61F4	rom	gUpRightLeftDownDirections
0x083A61F8	rom	gMovementTypeFuncs_WalkSequenceRightLeftDownUp
0x083A6204	rom	gRightLeftDownUpDirections
0x083A6208	rom	gMovementTypeFuncs_WalkSequenceDownUpRightLeft
0x083A6214	rom	gDownUpRightLeftDirections
0x083A6218	rom	gMovementTypeFuncs_WalkSequenceLeftDownUpRight
0x083A6224	rom	gLeftDownUpRightDirections
0x083A6228	rom	gMovementTypeFuncs_WalkSequenceUpLeftRightDown
0x083A6234	rom	gUpLeftRightDownDirections
0x083A6238	rom	gMovementTypeFuncs_WalkSequenceLeftRightDownUp
0x083A6244	rom	gLeftRightDownUpDirections
0x083A6248	rom	gMovementTypeFuncs_WalkSequenceDownUpLeftRight
0x083A6254	rom	gMovementTypeFuncs_WalkSequenceRightDownUpLeft
0x083A6260	rom	gRightDownUpLeftDirections
0x083A6264	rom	gMovementTypeFuncs_WalkSequenceLeftUpDownRight
0x083A6270	rom	gLeftUpDownRightDirections
0x083A6274	rom	gMovementTypeFuncs_WalkSequenceUpDownRightLeft
0x083A6280	rom	gUpDownRightLeftDirections
0x083A6284	rom	gMovementTypeFuncs_WalkSequenceRightLeftUpDown
0x083A6290	rom	gRightLeftUpDownDirections
0x083A6294	rom	gMovementTypeFuncs_WalkSequenceDownRightLeftUp
0x083A62A0	rom	gDownRightLeftUpDirections
0x083A62A4	rom	gMovementTypeFuncs_WalkSequenceRightUpDownLeft
0x083A62B0	rom	gRightUpDownLeftDirections
0x083A62B4	rom	gMovementTypeFuncs_WalkSequenceUpDownLeftRight
0x083A62C0	rom	gUpDownLeftRightDirections
0x083A62C4	rom	gMovementTypeFuncs_WalkSequenceLeftRightUpDown
0x083A62D0	rom	gLeftRightUpDownDirections
0x083A62D4	rom	gMovementTypeFuncs_WalkSequenceDownLeftRightUp
0x083A62E0	rom	gDownLeftRightUpDirections
0x083A62E4	rom	gMovementTypeFuncs_WalkSequenceUpLeftDownRight
0x083A62F0	rom	gUpLeftDownRightDirections
0x083A62F4	rom	gMovementTypeFuncs_WalkSequenceDownRightUpLeft
0x083A6300	rom	gDownRightUpLeftDirections
0x083A6304	rom	gMovementTypeFuncs_WalkSequenceLeftDownRightUp
0x083A6310	rom	gLeftDownRightUpDirections
0x083A6314	rom	gMovementTypeFuncs_WalkSequenceRightUpLeftDown
0x083A6320	rom	gRightUpLeftDownDirections
0x083A6324	rom	gMovementTypeFuncs_WalkSequenceUpRightDownLeft
0x083A6330	rom	gUpRightDownLeftDirections
0x083A6334	rom	gMovementTypeFuncs_WalkSequenceDownLeftUpRight
0x083A6340	rom	gDownLeftUpRightDirections
0x083A6344	rom	gMovementTypeFuncs_WalkSequenceLeftUpRightDown
0x083A6350	rom	gLeftUpRightDownDirections
0x083A6354	rom	gMovementTypeFuncs_WalkSequenceRightDownLeftUp
0x083A6360	rom	gRightDownLeftUpDirections
0x083A6364	rom	gMovementTypeFuncs_CopyPlayer
0x083A6370	rom	gCopyPlayerMovementFuncs
0x083A639C	rom	gMovementTypeFuncs_CopyPlayerInGrass
0x083A63A8	rom	gMovementTypeFuncs_Buried
0x083A63AC	rom	gMovementTypeFuncs_WalkInPlace
0x083A63B4	rom	gMovementTypeFuncs_WalkInPlaceFast
0x083A63BC	rom	gMovementTypeFuncs_JogInPlace
0x083A63C4	rom	gMovementTypeFuncs_Invisible
0x083A63D0	rom	gMovementTypeFuncs_RaiseHandAndStop
0x083A63DC	rom	gMovementTypeFuncs_RaiseHandAndJump
0x083A63E4	rom	gMovementTypeFuncs_RaiseHandAndSwim
0x083A63EC	rom	sFaceDirectionAnimNums
0x083A63F5	rom	sMoveDirectionAnimNums
0x083A63FE	rom	sMoveDirectionFastAnimNums
0x083A6407	rom	sMoveDirectionFasterAnimNums
0x083A6410	rom	sMoveDirectionFastestAnimNums
0x083A6419	rom	sJumpSpecialDirectionAnimNums
0x083A6422	rom	sAcroBunnyHopBackWheelDirectionAnimNums
0x083A642B	rom	sAcroBunnyHopFrontWheelDirectionAnimNums
0x083A6434	rom	sAcroStandingWheelieBackWheelDirectionAnimNums
0x083A643D	rom	sSpinDirectionAnimNums
0x083A6446	rom	sAcroStandingWheelieFrontWheelDirectionAnimNums
0x083A644F	rom	sAcroMovingWheelieDirectionAnimNums
0x083A6458	rom	sFishingDirectionAnimNums
0x083A6461	rom	sFishingNoCatchDirectionAnimNums
0x083A646A	rom	sFishingBiteDirectionAnimNums
0x083A6473	rom	sRunningDirectionAnimNums
0x083A647C	rom	sTrainerFacingDirectionMovementTypes
0x083A6488	rom	gOppositeDirectionBlockedMetatileFuncs
0x083A6498	rom	gDirectionBlockedMetatileFuncs
0x083A64A8	rom	sDirectionToVectors
0x083A64CC	rom	sFaceDirectionMovementActions
0x083A64D1	rom	sFaceDirectionFastMovementActions
0x083A64D6	rom	sWalkSlowestMovementActions
0x083A64DB	rom	sWalkSlowerMovementActions
0x083A64E0	rom	sWalkSlowMovementActions
0x083A64E5	rom	sWalkNormalMovementActions
0x083A64EA	rom	sWalkFastMovementActions
0x083A64EF	rom	sGlideMovementActions
0x083A64F4	rom	sRideWaterCurrentMovementActions
0x083A64F9	rom	sWalkFasterMovementActions
0x083A64FE	rom	sSlideMovementActions
0x083A6503	rom	sPlayerRunMovementActions
0x083A6508	rom	sPlayerRunSlowMovementActions
0x083A650D	rom	sSpinMovementActions
0x083A6512	rom	sJump2MovementActions
0x083A6517	rom	sJumpInPlaceMovementActions
0x083A651C	rom	sJumpInPlaceTurnAroundMovementActions
0x083A6521	rom	sJumpMovementActions
0x083A6526	rom	sJumpSpecialMovementActions
0x083A652B	rom	sJumpSpecialWithEffectMovementActions
0x083A6530	rom	sWalkInPlaceSlowMovementActions
0x083A6535	rom	sWalkInPlaceNormalMovementActions
0x083A653A	rom	sWalkInPlaceFastMovementActions
0x083A653F	rom	sWalkInPlaceFasterMovementActions
0x083A6544	rom	sAcroWheelieFaceDirectionMovementActions
0x083A6549	rom	sAcroPopWheelieFaceDirectionMovementActions
0x083A654E	rom	sAcroEndWheelieFaceDirectionMovementActions
0x083A6553	rom	sAcroWheelieHopFaceDirectionMovementActions
0x083A6558	rom	sAcroWheelieHopMovementActions
0x083A655D	rom	sAcroWheelieJumpMovementActions
0x083A6562	rom	sAcroWheelieInPlaceMovementActions
0x083A6567	rom	sAcroPopWheelieMoveMovementActions
0x083A656C	rom	sAcroWheelieMoveMovementActions
0x083A6571	rom	gOppositeDirections
0x083A6579	rom	sPlayerDirectionsForCopy
0x083A6589	rom	sPlayerDirectionToCopyDirection
0x083A659C	rom	sMovementActionFuncs
0x083A6844	rom	sMovementActionFuncs_FaceDown
0x083A684C	rom	sMovementActionFuncs_FaceUp
0x083A6854	rom	sMovementActionFuncs_FaceLeft
0x083A685C	rom	sMovementActionFuncs_FaceRight
0x083A6864	rom	sDirectionAnimFuncsBySpeed
0x083A6878	rom	sMovementActionFuncs_WalkSlowestDown
0x083A6884	rom	sMovementActionFuncs_WalkSlowestUp
0x083A6890	rom	sMovementActionFuncs_WalkSlowestLeft
0x083A689C	rom	sMovementActionFuncs_WalkSlowestRight
0x083A68A8	rom	sMovementActionFuncs_WalkSlowerDown
0x083A68B4	rom	sMovementActionFuncs_WalkSlowerUp
0x083A68C0	rom	sMovementActionFuncs_WalkSlowerLeft
0x083A68CC	rom	sMovementActionFuncs_WalkSlowerRight
0x083A68D8	rom	sMovementActionFuncs_WalkSlowUp
0x083A68E4	rom	sMovementActionFuncs_WalkSlowDown
0x083A68F0	rom	sMovementActionFuncs_WalkSlowLeft
0x083A68FC	rom	sMovementActionFuncs_WalkSlowRight
0x083A6908	rom	sMovementActionFuncs_WalkNormalDown
0x083A6914	rom	sMovementActionFuncs_WalkNormalUp
0x083A6920	rom	sMovementActionFuncs_WalkNormalLeft
0x083A692C	rom	sMovementActionFuncs_WalkNormalRight
0x083A6938	rom	sJumpInitDisplacements
0x083A693E	rom	sJumpDisplacements
0x083A6944	rom	sMovementActionFuncs_Jump2Down
0x083A6950	rom	sMovementActionFuncs_Jump2Up
0x083A695C	rom	sMovementActionFuncs_Jump2Left
0x083A6968	rom	sMovementActionFuncs_Jump2Right
0x083A6974	rom	sMovementActionFuncs_Delay1
0x083A6980	rom	sMovementActionFuncs_Delay2
0x083A698C	rom	sMovementActionFuncs_Delay4
0x083A6998	rom	sMovementActionFuncs_Delay8
0x083A69A4	rom	sMovementActionFuncs_Delay16
0x083A69B0	rom	sMovementActionFuncs_WalkFastDown
0x083A69BC	rom	sMovementActionFuncs_WalkFastUp
0x083A69C8	rom	sMovementActionFuncs_WalkFastLeft
0x083A69D4	rom	sMovementActionFuncs_WalkFastRight
0x083A69E0	rom	sMovementActionFuncs_GlideDown
0x083A69EC	rom	sMovementActionFuncs_GlideUp
0x083A69F8	rom	sMovementActionFuncs_GlideLeft
0x083A6A04	rom	sMovementActionFuncs_GlideRight
0x083A6A10	rom	sMovementActionFuncs_FaceDownFast
0x083A6A18	rom	sMovementActionFuncs_FaceUpFast
0x083A6A20	rom	sMovementActionFuncs_FaceLeftFast
0x083A6A28	rom	sMovementActionFuncs_FaceRightFast
0x083A6A30	rom	sMovementActionFuncs_WalkInPlaceSlowDown
0x083A6A3C	rom	sMovementActionFuncs_WalkInPlaceSlowUp
0x083A6A48	rom	sMovementActionFuncs_WalkInPlaceSlowLeft
0x083A6A54	rom	sMovementActionFuncs_WalkInPlaceSlowRight
0x083A6A60	rom	sMovementActionFuncs_WalkInPlaceNormalDown
0x083A6A6C	rom	sMovementActionFuncs_WalkInPlaceNormalUp
0x083A6A78	rom	sMovementActionFuncs_WalkInPlaceNormalLeft
0x083A6A84	rom	sMovementActionFuncs_WalkInPlaceNormalRight
0x083A6A90	rom	sMovementActionFuncs_WalkInPlaceFastDown
0x083A6A9C	rom	sMovementActionFuncs_WalkInPlaceFastUp
0x083A6AA8	rom	sMovementActionFuncs_WalkInPlaceFastLeft
0x083A6AB4	rom	sMovementActionFuncs_WalkInPlaceFastRight
0x083A6AC0	rom	sMovementActionFuncs_WalkInPlaceFasterDown
0x083A6ACC	rom	sMovementActionFuncs_WalkInPlaceFasterUp
0x083A6AD8	rom	sMovementActionFuncs_WalkInPlaceFasterLeft
0x083A6AE4	rom	sMovementActionFuncs_WalkInPlaceFasterRight
0x083A6AF0	rom	sMovementActionFuncs_RideWaterCurrentDown
0x083A6AFC	rom	sMovementActionFuncs_RideWaterCurrentUp
0x083A6B08	rom	sMovementActionFuncs_RideWaterCurrentLeft
0x083A6B14	rom	sMovementActionFuncs_RideWaterCurrentRight
0x083A6B20	rom	sMovementActionFuncs_WalkFasterDown
0x083A6B2C	rom	sMovementActionFuncs_WalkFasterUp
0x083A6B38	rom	sMovementActionFuncs_WalkFasterLeft
0x083A6B44	rom	sMovementActionFuncs_WalkFasterRight
0x083A6B50	rom	sMovementActionFuncs_SlideDown
0x083A6B5C	rom	sMovementActionFuncs_SlideUp
0x083A6B68	rom	sMovementActionFuncs_SlideLeft
0x083A6B74	rom	sMovementActionFuncs_SlideRight
0x083A6B80	rom	sMovementActionFuncs_PlayerRunDown
0x083A6B8C	rom	sMovementActionFuncs_PlayerRunUp
0x083A6B98	rom	sMovementActionFuncs_PlayerRunLeft
0x083A6BA4	rom	sMovementActionFuncs_PlayerRunRight
0x083A6BB0	rom	sMovementActionFuncs_PlayerRunDownSlow
0x083A6BBC	rom	sMovementActionFuncs_PlayerRunUpSlow
0x083A6BC8	rom	sMovementActionFuncs_PlayerRunLeftSlow
0x083A6BD4	rom	sMovementActionFuncs_PlayerRunRightSlow
0x083A6BE0	rom	sMovementActionFuncs_StartAnimInDirection
0x083A6BEC	rom	sMovementActionFuncs_JumpSpecialDown
0x083A6BF8	rom	sMovementActionFuncs_JumpSpecialUp
0x083A6C04	rom	sMovementActionFuncs_JumpSpecialLeft
0x083A6C10	rom	sMovementActionFuncs_JumpSpecialRight
0x083A6C1C	rom	sMovementActionFuncs_JumpSpecialWithEffectDown
0x083A6C28	rom	sMovementActionFuncs_JumpSpecialWithEffectUp
0x083A6C34	rom	sMovementActionFuncs_JumpSpecialWithEffectLeft
0x083A6C40	rom	sMovementActionFuncs_JumpSpecialWithEffectRight
0x083A6C4C	rom	sMovementActionFuncs_FacePlayer
0x083A6C54	rom	sMovementActionFuncs_FaceAwayPlayer
0x083A6C5C	rom	sMovementActionFuncs_LockFacingDirection
0x083A6C64	rom	sMovementActionFuncs_UnlockFacingDirection
0x083A6C6C	rom	sMovementActionFuncs_JumpDown
0x083A6C78	rom	sMovementActionFuncs_JumpUp
0x083A6C84	rom	sMovementActionFuncs_JumpLeft
0x083A6C90	rom	sMovementActionFuncs_JumpRight
0x083A6C9C	rom	sMovementActionFuncs_JumpInPlaceDown
0x083A6CA8	rom	sMovementActionFuncs_JumpInPlaceUp
0x083A6CB4	rom	sMovementActionFuncs_JumpInPlaceLeft
0x083A6CC0	rom	sMovementActionFuncs_JumpInPlaceRight
0x083A6CCC	rom	sMovementActionFuncs_JumpInPlaceDownUp
0x083A6CD8	rom	sMovementActionFuncs_JumpInPlaceUpDown
0x083A6CE4	rom	sMovementActionFuncs_JumpInPlaceLeftRight
0x083A6CF0	rom	sMovementActionFuncs_JumpInPlaceRightLeft
0x083A6CFC	rom	sMovementActionFuncs_FaceOriginalDirection
0x083A6D04	rom	sMovementActionFuncs_NurseJoyBowDown
0x083A6D10	rom	sMovementActionFuncs_EnableJumpLandingGroundEffect
0x083A6D18	rom	sMovementActionFuncs_DisableJumpLandingGroundEffect
0x083A6D20	rom	sMovementActionFuncs_DisableAnimation
0x083A6D28	rom	sMovementActionFuncs_RestoreAnimation
0x083A6D30	rom	sMovementActionFuncs_SetInvisible
0x083A6D38	rom	sMovementActionFuncs_SetVisible
0x083A6D40	rom	sMovementActionFuncs_EmoteExclamationMark
0x083A6D48	rom	sMovementActionFuncs_EmoteQuestionMark
0x083A6D50	rom	sMovementActionFuncs_EmoteX
0x083A6D58	rom	sMovementActionFuncs_EmoteDoubleExclMark
0x083A6D60	rom	sMovementActionFuncs_EmoteSmile
0x083A6D68	rom	sMovementActionFuncs_RevealTrainer
0x083A6D74	rom	sMovementActionFuncs_RockSmashBreak
0x083A6D84	rom	sMovementActionFuncs_CutTree
0x083A6D94	rom	sMovementActionFuncs_SetFixedPriority
0x083A6D9C	rom	sMovementActionFuncs_ClearFixedPriority
0x083A6DA4	rom	sMovementActionFuncs_InitAffineAnim
0x083A6DAC	rom	sMovementActionFuncs_ClearAffineAnim
0x083A6DB4	rom	sMovementActionFuncs_WalkDownStartAffine
0x083A6DC0	rom	sMovementActionFuncs_WalkDownAffine
0x083A6DCC	rom	sMovementActionFuncs_AcroWheelieFaceDown
0x083A6DD4	rom	sMovementActionFuncs_AcroWheelieFaceUp
0x083A6DDC	rom	sMovementActionFuncs_AcroWheelieFaceLeft
0x083A6DE4	rom	sMovementActionFuncs_AcroWheelieFaceRight
0x083A6DEC	rom	sMovementActionFuncs_AcroPopWheelieDown
0x083A6DF8	rom	sMovementActionFuncs_AcroPopWheelieUp
0x083A6E04	rom	sMovementActionFuncs_AcroPopWheelieLeft
0x083A6E10	rom	sMovementActionFuncs_AcroPopWheelieRight
0x083A6E1C	rom	sMovementActionFuncs_AcroEndWheelieFaceDown
0x083A6E28	rom	sMovementActionFuncs_AcroEndWheelieFaceUp
0x083A6E34	rom	sMovementActionFuncs_AcroEndWheelieFaceLeft
0x083A6E40	rom	sMovementActionFuncs_AcroEndWheelieFaceRight
0x083A6E4C	rom	MovementActionFuncs_UnusedAcroActionDown
0x083A6E58	rom	MovementActionFuncs_UnusedAcroActionUp
0x083A6E64	rom	MovementActionFuncs_UnusedAcroActionLeft
0x083A6E70	rom	MovementActionFuncs_UnusedAcroActionRight
0x083A6E7C	rom	sMovementActionFuncs_AcroWheelieHopFaceDown
0x083A6E88	rom	sMovementActionFuncs_AcroWheelieHopFaceUp
0x083A6E94	rom	sMovementActionFuncs_AcroWheelieHopFaceLeft
0x083A6EA0	rom	sMovementActionFuncs_AcroWheelieHopFaceRight
0x083A6EAC	rom	sMovementActionFuncs_AcroWheelieHopDown
0x083A6EB8	rom	sMovementActionFuncs_AcroWheelieHopUp
0x083A6EC4	rom	sMovementActionFuncs_AcroWheelieHopLeft
0x083A6ED0	rom	sMovementActionFuncs_AcroWheelieHopRight
0x083A6EDC	rom	sMovementActionFuncs_AcroWheelieJumpDown
0x083A6EE8	rom	sMovementActionFuncs_AcroWheelieJumpUp
0x083A6EF4	rom	sMovementActionFuncs_AcroWheelieJumpLeft
0x083A6F00	rom	sMovementActionFuncs_AcroWheelieJumpRight
0x083A6F0C	rom	sMovementActionFuncs_AcroWheelieInPlaceDown
0x083A6F18	rom	sMovementActionFuncs_AcroWheelieInPlaceUp
0x083A6F24	rom	sMovementActionFuncs_AcroWheelieInPlaceLeft
0x083A6F30	rom	sMovementActionFuncs_AcroWheelieInPlaceRight
0x083A6F3C	rom	sMovementActionFuncs_AcroPopWheelieMoveDown
0x083A6F48	rom	sMovementActionFuncs_AcroPopWheelieMoveUp
0x083A6F54	rom	sMovementActionFuncs_AcroPopWheelieMoveLeft
0x083A6F60	rom	sMovementActionFuncs_AcroPopWheelieMoveRight
0x083A6F6C	rom	sMovementActionFuncs_AcroWheelieMoveDown
0x083A6F78	rom	sMovementActionFuncs_AcroWheelieMoveUp
0x083A6F84	rom	sMovementActionFuncs_AcroWheelieMoveLeft
0x083A6F90	rom	sMovementActionFuncs_AcroWheelieMoveRight
0x083A6F9C	rom	sMovementActionFuncs_SpinDown
0x083A6FA8	rom	sMovementActionFuncs_SpinUp
0x083A6FB4	rom	sMovementActionFuncs_SpinLeft
0x083A6FC0	rom	sMovementActionFuncs_SpinRight
0x083A6FCC	rom	sMovementActionFuncs_RaiseHandAndStop
0x083A6FD4	rom	sMovementActionFuncs_RaiseHandAndJump
0x083A6FDC	rom	sMovementActionFuncs_RaiseHandAndSwim
0x083A6FE4	rom	sMovementActionFuncs_ShakeHeadOrWalkInPlace
0x083A6FEC	rom	sMovementActionFuncs_FlyUp
0x083A6FF8	rom	sMovementActionFuncs_FlyDown
0x083A700C	rom	metatileFuncs.2424
0x083A7024	rom	jumpLandingFlags.2425
0x083A703C	rom	ledgeBehaviorFuncs.2435
0x083A704C	rom	sElevationToSubpriority
0x083A705C	rom	sElevationToPriority
0x083A706C	rom	sElevationToSubspriteTableNum
0x083A707C	rom	sGroundEffectTracksFuncs
0x083A708C	rom	bikeTireTracks_Transitions.2499
0x083A709C	rom	sGroundEffectFuncs
0x083A70EC	rom	sSpeedNormalStepFuncs
0x083A712C	rom	sSpeedFast1StepFuncs
0x083A714C	rom	sSpeedFast2StepFuncs
0x083A7164	rom	sSpeedFasterStepFuncs
0x083A7174	rom	sSpeedFastestStepFuncs
0x083A717C	rom	sNpcStepFuncTables
0x083A7190	rom	sStepTimes
0x083A719A	rom	sJumpY_High
0x083A71AA	rom	sJumpY_Low
0x083A71BA	rom	sJumpY_Normal
0x083A71CC	rom	sJumpYTable
0x083A7224	rom	gNullScriptPtr
0x083A7228	rom	sScriptConditionTable
0x083A7274	rom	sScriptStringVars
0x083A7280	rom	sText_S
0x083A7282	rom	sText_IES
0x083A7288	rom	sWeatherCoordEventFuncs
0x083A72F0	rom	sPerStepCallbacks
0x083A7310	rom	sIcefallCaveIceCoords
0x083A7324	rom	sStartMenuActionTable
0x083A736C	rom	sSafariZoneStatsWindowTemplate
0x083A7374	rom	sStartMenuDescPointers
0x083A7398	rom	sBGTemplates_AfterLinkSaveMessage
0x083A739C	rom	sWindowTemplates_AfterLinkSaveMessage
0x083A73AC	rom	sSaveStatsWindowTemplate
0x083A73B4	rom	sTextColor_StatName
0x083A73B8	rom	sTextColor_StatValue
0x083A73BC	rom	sTextColor_LocationHeader
0x083A73C0	rom	sTilesetAnims_General_Flower_Frame0
0x083A7440	rom	sTilesetAnims_General_Flower_Frame1
0x083A74C0	rom	sTilesetAnims_General_Flower_Frame2
0x083A7540	rom	sTilesetAnims_General_Flower_Frame3
0x083A75C0	rom	sTilesetAnims_General_Flower_Frame4
0x083A7640	rom	sTilesetAnims_General_Flower
0x083A7654	rom	sTilesetAnims_General_Water_Current_LandWatersEdge_Frame0
0x083A7C54	rom	sTilesetAnims_General_Water_Current_LandWatersEdge_Frame1
0x083A8254	rom	sTilesetAnims_General_Water_Current_LandWatersEdge_Frame2
0x083A8854	rom	sTilesetAnims_General_Water_Current_LandWatersEdge_Frame3
0x083A8E54	rom	sTilesetAnims_General_Water_Current_LandWatersEdge_Frame4
0x083A9454	rom	sTilesetAnims_General_Water_Current_LandWatersEdge_Frame5
0x083A9A54	rom	sTilesetAnims_General_Water_Current_LandWatersEdge_Frame6
0x083AA054	rom	sTilesetAnims_General_Water_Current_LandWatersEdge_Frame7
0x083AA634	rom	sTilesetAnims_General_Water_Current_LandWatersEdge
0x083AA654	rom	sTilesetAnims_General_SandWatersEdge_Frame0
0x083AA894	rom	sTilesetAnims_General_SandWatersEdge_Frame1
0x083AAAD4	rom	sTilesetAnims_General_SandWatersEdge_Frame2
0x083AAD14	rom	sTilesetAnims_General_SandWatersEdge_Frame3
0x083AAF54	rom	sTilesetAnims_General_SandWatersEdge_Frame4
0x083AB194	rom	sTilesetAnims_General_SandWatersEdge_Frame5
0x083AB3D4	rom	sTilesetAnims_General_SandWatersEdge_Frame6
0x083AB614	rom	sTilesetAnims_General_SandWatersEdge_Frame7
0x083AB854	rom	sTilesetAnims_General_SandWatersEdge
0x083AB874	rom	sTilesetAnims_CeladonCity_Fountain_Frame0
0x083AB974	rom	sTilesetAnims_CeladonCity_Fountain_Frame1
0x083ABA74	rom	sTilesetAnims_CeladonCity_Fountain_Frame2
0x083ABB74	rom	sTilesetAnims_CeladonCity_Fountain_Frame3
0x083ABC74	rom	sTilesetAnims_CeladonCity_Fountain_Frame4
0x083ABD74	rom	sTilesetAnims_CeladonCity_Fountain_Empty
0x083ABD94	rom	sTilesetAnims_CeladonCity_Fountain
0x083ABDA8	rom	sTilesetAnims_SilphCo_Fountain_Frame0
0x083ABEA8	rom	sTilesetAnims_SilphCo_Fountain_Frame1
0x083ABFA8	rom	sTilesetAnims_SilphCo_Fountain_Frame2
0x083AC0A8	rom	sTilesetAnims_SilphCo_Fountain_Frame3
0x083AC1A8	rom	sTilesetAnims_SilphCo_Fountain_Empty
0x083AC1C8	rom	sTilesetAnims_SilphCo_Fountain
0x083AC1D8	rom	sTilesetAnims_MtEmber_Steam_Frame0
0x083AC2D8	rom	sTilesetAnims_MtEmber_Steam_Frame1
0x083AC3D8	rom	sTilesetAnims_MtEmber_Steam_Frame2
0x083AC4D8	rom	sTilesetAnims_MtEmber_Steam_Frame3
0x083AC5D8	rom	sTilesetAnims_MtEmber_Steam
0x083AC5E8	rom	sTilesetAnims_VermilionGym_MotorizedDoor_Frame0
0x083AC6C8	rom	sTilesetAnims_VermilionGym_MotorizedDoor_Frame1
0x083AC7A8	rom	sTilesetAnims_VermilionGym_MotorizedDoor
0x083AC7B0	rom	sTilesetAnims_CeladonGym_Flowers_Frame0
0x083AC830	rom	sTilesetAnims_CeladonGym_Flowers_Frame1
0x083AC8B0	rom	sTilesetAnims_CeladonGym_Flowers_Frame2
0x083AC930	rom	sTilesetAnims_CeladonGym_Flowers
0x083AC940	rom	sDummyPaletteStructTemplate
0x083AC950	rom	sRoundedDownGrayscaleMap
0x083AC970	rom	sFanfares
0x083AC9A8	rom	gOamData_AffineOff_ObjNormal_8x8
0x083AC9B0	rom	gOamData_AffineOff_ObjNormal_16x16
0x083AC9B8	rom	gOamData_AffineOff_ObjNormal_32x32
0x083AC9C0	rom	gOamData_AffineOff_ObjNormal_64x64
0x083AC9C8	rom	gOamData_AffineOff_ObjNormal_16x8
0x083AC9D0	rom	gOamData_AffineOff_ObjNormal_32x8
0x083AC9D8	rom	gOamData_AffineOff_ObjNormal_32x16
0x083AC9E0	rom	gOamData_AffineOff_ObjNormal_64x32
0x083AC9E8	rom	gOamData_AffineOff_ObjNormal_8x16
0x083AC9F0	rom	gOamData_AffineOff_ObjNormal_8x32
0x083AC9F8	rom	gOamData_AffineOff_ObjNormal_16x32
0x083ACA00	rom	gOamData_AffineOff_ObjNormal_32x64
0x083ACA08	rom	gOamData_AffineNormal_ObjNormal_8x8
0x083ACA10	rom	gOamData_AffineNormal_ObjNormal_16x16
0x083ACA18	rom	gOamData_AffineNormal_ObjNormal_32x32
0x083ACA20	rom	gOamData_AffineNormal_ObjNormal_64x64
0x083ACA28	rom	gOamData_AffineNormal_ObjNormal_16x8
0x083ACA30	rom	gOamData_AffineNormal_ObjNormal_32x8
0x083ACA38	rom	gOamData_AffineNormal_ObjNormal_32x16
0x083ACA40	rom	gOamData_AffineNormal_ObjNormal_64x32
0x083ACA48	rom	gOamData_AffineNormal_ObjNormal_8x16
0x083ACA50	rom	gOamData_AffineNormal_ObjNormal_8x32
0x083ACA58	rom	gOamData_AffineNormal_ObjNormal_16x32
0x083ACA60	rom	gOamData_AffineNormal_ObjNormal_32x64
0x083ACA68	rom	gOamData_AffineDouble_ObjNormal_8x8
0x083ACA70	rom	gOamData_AffineDouble_ObjNormal_16x16
0x083ACA78	rom	gOamData_AffineDouble_ObjNormal_32x32
0x083ACA80	rom	gOamData_AffineDouble_ObjNormal_64x64
0x083ACA88	rom	gOamData_AffineDouble_ObjNormal_16x8
0x083ACA90	rom	gOamData_AffineDouble_ObjNormal_32x8
0x083ACA98	rom	gOamData_AffineDouble_ObjNormal_32x16
0x083ACAA0	rom	gOamData_AffineDouble_ObjNormal_64x32
0x083ACAA8	rom	gOamData_AffineDouble_ObjNormal_8x16
0x083ACAB0	rom	gOamData_AffineDouble_ObjNormal_8x32
0x083ACAB8	rom	gOamData_AffineDouble_ObjNormal_16x32
0x083ACAC0	rom	gOamData_AffineDouble_ObjNormal_32x64
0x083ACAC8	rom	gOamData_AffineOff_ObjBlend_8x8
0x083ACAD0	rom	gOamData_AffineOff_ObjBlend_16x16
0x083ACAD8	rom	gOamData_AffineOff_ObjBlend_32x32
0x083ACAE0	rom	gOamData_AffineOff_ObjBlend_64x64
0x083ACAE8	rom	gOamData_AffineOff_ObjBlend_16x8
0x083ACAF0	rom	gOamData_AffineOff_ObjBlend_32x8
0x083ACAF8	rom	gOamData_AffineOff_ObjBlend_32x16
0x083ACB00	rom	gOamData_AffineOff_ObjBlend_64x32
0x083ACB08	rom	gOamData_AffineOff_ObjBlend_8x16
0x083ACB10	rom	gOamData_AffineOff_ObjBlend_8x32
0x083ACB18	rom	gOamData_AffineOff_ObjBlend_16x32
0x083ACB20	rom	gOamData_AffineOff_ObjBlend_32x64
0x083ACB28	rom	gOamData_AffineNormal_ObjBlend_8x8
0x083ACB30	rom	gOamData_AffineNormal_ObjBlend_16x16
0x083ACB38	rom	gOamData_AffineNormal_ObjBlend_32x32
0x083ACB40	rom	gOamData_AffineNormal_ObjBlend_64x64
0x083ACB48	rom	gOamData_AffineNormal_ObjBlend_16x8
0x083ACB50	rom	gOamData_AffineNormal_ObjBlend_32x8
0x083ACB58	rom	gOamData_AffineNormal_ObjBlend_32x16
0x083ACB60	rom	gOamData_AffineNormal_ObjBlend_64x32
0x083ACB68	rom	gOamData_AffineNormal_ObjBlend_8x16
0x083ACB70	rom	gOamData_AffineNormal_ObjBlend_8x32
0x083ACB78	rom	gOamData_AffineNormal_ObjBlend_16x32
0x083ACB80	rom	gOamData_AffineNormal_ObjBlend_32x64
0x083ACB88	rom	gOamData_AffineDouble_ObjBlend_8x8
0x083ACB90	rom	gOamData_AffineDouble_ObjBlend_16x16
0x083ACB98	rom	gOamData_AffineDouble_ObjBlend_32x32
0x083ACBA0	rom	gOamData_AffineDouble_ObjBlend_64x64
0x083ACBA8	rom	gOamData_AffineDouble_ObjBlend_16x8
0x083ACBB0	rom	gOamData_AffineDouble_ObjBlend_32x8
0x083ACBB8	rom	gOamData_AffineDouble_ObjBlend_32x16
0x083ACBC0	rom	gOamData_AffineDouble_ObjBlend_64x32
0x083ACBC8	rom	gOamData_AffineDouble_ObjBlend_8x16
0x083ACBD0	rom	gOamData_AffineDouble_ObjBlend_8x32
0x083ACBD8	rom	gOamData_AffineDouble_ObjBlend_16x32
0x083ACBE0	rom	gOamData_AffineDouble_ObjBlend_32x64
0x083ACBE8	rom	gBattleAnimPicTable
0x083AD4F0	rom	gBattleAnimPaletteTable
0x083ADDF8	rom	gBattleAnimBackgroundTable
0x083ADF3C	rom	sScriptCmdTable
0x083ADFFC	rom	sBattlerCoords
0x083AE01C	rom	gCastformFrontSpriteCoords
0x083AE02C	rom	sCastformElevations
0x083AE030	rom	sCastformBackSpriteYCoords
0x083AE034	rom	sSpriteTemplates_MoveEffectMons
0x083AE064	rom	sSpriteSheets_MoveEffectMons
0x083BF3C0	rom	sAnim_FlickeringOrb
0x083BF3D4	rom	sAnims_FlickeringOrb
0x083BF3D8	rom	sFlickeringOrbSpriteTemplate
0x083BF3F0	rom	sFlickeringOrbFlippedSpriteTemplate
0x083BF408	rom	sAnim_WeatherBallNormal
0x083BF410	rom	sAnims_WeatherBallNormal
0x083BF414	rom	gWeatherBallUpSpriteTemplate
0x083BF42C	rom	gWeatherBallNormalDownSpriteTemplate
0x083BF444	rom	sAnim_SpinningSparkle
0x083BF45C	rom	sAnims_SpinningSparkle
0x083BF460	rom	gSpinningSparkleSpriteTemplate
0x083BF478	rom	sFlickeringFootSpriteTemplate
0x083BF490	rom	sAnim_FlickeringImpact_0
0x083BF498	rom	sAnim_FlickeringImpact_1
0x083BF4A0	rom	sAnim_FlickeringImpact_2
0x083BF4A8	rom	sAnims_FlickeringImpact
0x083BF4B4	rom	sFlickeringImpactSpriteTemplate
0x083BF4CC	rom	sAnim_FlickeringShrinkOrb
0x083BF4D4	rom	sAnims_FlickeringShrinkOrb
0x083BF4D8	rom	sAffineAnim_FlickeringShrinkOrb
0x083BF4F0	rom	sAffineAnims_FlickeringShrinkOrb
0x083BF4F4	rom	sFlickeringShrinkOrbSpriteTemplate
0x083BF50C	rom	sText_TaskOver
0x083BF524	rom	sFrozenIceCubeSubsprites
0x083BF534	rom	sFrozenIceCubeSubspriteTable
0x083BF53C	rom	sFrozenIceCubeSpriteTemplate
0x083BF554	rom	sFlashingCircleImpactSpriteTemplate
0x083BF56C	rom	sBorderBgTiles
0x083BF588	rom	sBorderBgMap
0x083BF634	rom	sSlash_Gfx
0x083BF764	rom	sLeaves_Pal
0x083BF784	rom	sLeaves_Gfx
0x083BF89C	rom	sStreak_Gfx
0x083BF8FC	rom	sOamData_FlameOrLeaf
0x083BF904	rom	sSpriteAnim_Leaf
0x083BF934	rom	sSpriteAnim_FlameOrLeaf
0x083BF938	rom	sSpriteTemplate_FlameOrLeaf
0x083BF950	rom	sOamData_Streak
0x083BF958	rom	sSpriteTemplate_Streak
0x083BF970	rom	sOamData_BlankSprite
0x083BF978	rom	sSpriteTemplate_BlankSprite
0x083BF990	rom	sOamData_SlashSprite
0x083BF998	rom	sSlashSpriteTemplate
0x083BF9B0	rom	sBgTemplates
0x083BF9C0	rom	sSceneFuncs
0x083BF9D8	rom	sSpriteSheets
0x083BF9F8	rom	sSpritePals
0x083BFA10	rom	sStreakYPositions
0x083BFA20	rom	sUnused_Tilemap1
0x083C0244	rom	sUnused_Tilemap2
0x083C0A3C	rom	sUnused_Tilemap3
0x083C11D8	rom	sUnused_Tilemap4
0x083C19F4	rom	sUnused_Tilemap5
0x083C21BC	rom	sUnused_Tilemap6
0x083C29E0	rom	sUnused_Tilemaps
0x083C29F8	rom	gWeatherPtr
0x083C29FC	rom	sWeatherFuncs
0x083C2AEC	rom	sWeatherPalStateFuncs
0x083C2AFC	rom	sBasePaletteGammaTypes
0x083C2B1C	rom	gDefaultWeatherSpritePalette
0x083C2B3C	rom	gCloudsWeatherPalette
0x083C2B5C	rom	gSandstormWeatherPalette
0x083C2B7C	rom	gWeatherFogDiagonalTiles
0x083C337C	rom	gWeatherFogHorizontalTiles
0x083C3B7C	rom	gWeatherCloudTiles
0x083C437C	rom	gWeatherSnow1Tiles
0x083C439C	rom	gWeatherSnow2Tiles
0x083C43BC	rom	gWeatherBubbleTiles
0x083C43FC	rom	gWeatherAshTiles
0x083C53FC	rom	gWeatherRainTiles
0x083C59FC	rom	gWeatherSandstormTiles
0x083C63FC	rom	sWeatherCycleRoute119
0x083C6400	rom	sWeatherCycleRoute123
0x083C6404	rom	sCloudSpriteMapCoords
0x083C6410	rom	sCloudSpriteSheet
0x083C6418	rom	sCloudSpriteOamData
0x083C6420	rom	sCloudSpriteAnimCmd
0x083C6428	rom	sCloudSpriteAnimCmds
0x083C642C	rom	sCloudSpriteTemplate
0x083C6444	rom	sRainSpriteCoords
0x083C64A4	rom	sRainSpriteOamData
0x083C64AC	rom	sRainSpriteFallAnimCmd
0x083C64B4	rom	sRainSpriteSplashAnimCmd
0x083C64C4	rom	sRainSpriteHeavySplashAnimCmd
0x083C64D4	rom	sRainSpriteAnimCmds
0x083C64E0	rom	sRainSpriteTemplate
0x083C64F8	rom	sRainSpriteMovement
0x083C6500	rom	sRainSpriteFallingDurations
0x083C6508	rom	sRainSpriteSheet
0x083C6510	rom	sSnowflakeSpriteOamData
0x083C6518	rom	sSnowflakeSpriteImages
0x083C6528	rom	sSnowflakeAnimCmd0
0x083C6530	rom	sSnowflakeAnimCmd1
0x083C6538	rom	sSnowflakeAnimCmds
0x083C6540	rom	sSnowflakeSpriteTemplate
0x083C6558	rom	sUnusedData
0x083C6568	rom	sOamData_FogH
0x083C6570	rom	sAnim_FogH_0
0x083C6578	rom	sAnim_FogH_1
0x083C6580	rom	sAnim_FogH_2
0x083C6588	rom	sAnim_FogH_3
0x083C6590	rom	sAnim_FogH_4
0x083C6598	rom	sAnim_FogH_5
0x083C65A0	rom	sAnims_FogH
0x083C65B8	rom	sAffineAnim_FogH
0x083C65C8	rom	sAffineAnims_FogH
0x083C65CC	rom	sFogHorizontalSpriteTemplate
0x083C65EC	rom	sAshSpriteSheet
0x083C65F4	rom	sAshSpriteOamData
0x083C65FC	rom	sAshSpriteAnimCmd0
0x083C6608	rom	sAshSpriteAnimCmds
0x083C660C	rom	sAshSpriteTemplate
0x083C6624	rom	gFogDiagonalSpriteSheet
0x083C662C	rom	sFogDiagonalSpriteOamData
0x083C6634	rom	sFogDiagonalSpriteAnimCmd0
0x083C663C	rom	sFogDiagonalSpriteAnimCmds
0x083C6640	rom	sFogDiagonalSpriteTemplate
0x083C6658	rom	sSandstormSpriteOamData
0x083C6660	rom	sSandstormSpriteAnimCmd0
0x083C6668	rom	sSandstormSpriteAnimCmd1
0x083C6670	rom	sSandstormSpriteAnimCmds
0x083C6678	rom	sSandstormSpriteTemplate
0x083C6690	rom	sSandstormSpriteSheet
0x083C6698	rom	sSwirlEntranceDelays
0x083C66A4	rom	sBubbleStartDelays
0x083C66AC	rom	sWeatherBubbleSpriteSheet
0x083C66B4	rom	sBubbleStartCoords
0x083C66E8	rom	sBubbleSpriteAnimCmd0
0x083C66F4	rom	sBubbleSpriteAnimCmds
0x083C66F8	rom	sBubbleSpriteTemplate
0x083C6710	rom	sFlashLevelToRadius
0x083C671C	rom	gMaxFlashLevel
0x083C6720	rom	sWindowTemplate_WhiteoutText
0x083C6728	rom	sWhiteoutTextColors
0x083C672C	rom	sBattleTransitionTable_Wild
0x083C6734	rom	sBattleTransitionTable_Trainer
0x083C673C	rom	sOrdinaryBattleParams
0x083C6784	rom	sContinueScriptBattleParams
0x083C67CC	rom	sDoubleBattleParams
0x083C6814	rom	sOrdinaryNoIntroBattleParams
0x083C685C	rom	sEarlyRivalBattleParams
0x083C68A4	rom	sContinueScriptDoubleBattleParams
0x083C68EC	rom	sWindowTemplate_LinkPlayerCount
0x083C68F4	rom	sTrainerCardColorNames
0x083C6904	rom	sGfx_Emoticons
0x083C7084	rom	sDirectionalApproachDistanceFuncs
0x083C7094	rom	sTrainerSeeFuncList
0x083C70D0	rom	sTrainerSeeFuncList2
0x083C70E0	rom	sOamData_Emoticons
0x083C70E8	rom	sSpriteImages_Emoticons
0x083C7160	rom	sAnimCmd_ExclamationMark1
0x083C7170	rom	sAnimCmd_DoubleExclMark
0x083C7180	rom	sAnimCmd_X
0x083C7190	rom	sAnimCmd_SmileyFace
0x083C71A0	rom	sAnimCmd_QuestionMark
0x083C71B0	rom	sSpriteAnimTable_Emoticons
0x083C71C4	rom	sSpriteTemplate_Emoticons
0x083C71DC	rom	sSevenIslandTanobyRuinsMoneanChamber_LeafGreen_LandMons
0x083C720C	rom	sSevenIslandTanobyRuinsMoneanChamber_LeafGreen_LandMonsInfo
0x083C7214	rom	sSevenIslandTanobyRuinsLiptooChamber_LeafGreen_LandMons
0x083C7244	rom	sSevenIslandTanobyRuinsLiptooChamber_LeafGreen_LandMonsInfo
0x083C724C	rom	sSevenIslandTanobyRuinsWeepthChamber_LeafGreen_LandMons
0x083C727C	rom	sSevenIslandTanobyRuinsWeepthChamber_LeafGreen_LandMonsInfo
0x083C7284	rom	sSevenIslandTanobyRuinsDilfordChamber_LeafGreen_LandMons
0x083C72B4	rom	sSevenIslandTanobyRuinsDilfordChamber_LeafGreen_LandMonsInfo
0x083C72BC	rom	sSevenIslandTanobyRuinsScufibChamber_LeafGreen_LandMons
0x083C72EC	rom	sSevenIslandTanobyRuinsScufibChamber_LeafGreen_LandMonsInfo
0x083C72F4	rom	sSevenIslandTanobyRuinsRixyChamber_LeafGreen_LandMons
0x083C7324	rom	sSevenIslandTanobyRuinsRixyChamber_LeafGreen_LandMonsInfo
0x083C732C	rom	sSevenIslandTanobyRuinsViapoisChamber_LeafGreen_LandMons
0x083C735C	rom	sSevenIslandTanobyRuinsViapoisChamber_LeafGreen_LandMonsInfo
0x083C7364	rom	sViridianForest_LeafGreen_LandMons
0x083C7394	rom	sViridianForest_LeafGreen_LandMonsInfo
0x083C739C	rom	sMtMoon1F_LeafGreen_LandMons
0x083C73CC	rom	sMtMoon1F_LeafGreen_LandMonsInfo
0x083C73D4	rom	sMtMoonB1F_LeafGreen_LandMons
0x083C7404	rom	sMtMoonB1F_LeafGreen_LandMonsInfo
0x083C740C	rom	sMtMoonB2F_LeafGreen_LandMons
0x083C743C	rom	sMtMoonB2F_LeafGreen_LandMonsInfo
0x083C7444	rom	sSSAnneExterior_LeafGreen_WaterMons
0x083C7458	rom	sSSAnneExterior_LeafGreen_WaterMonsInfo
0x083C7460	rom	sSSAnneExterior_LeafGreen_FishingMons
0x083C7488	rom	sSSAnneExterior_LeafGreen_FishingMonsInfo
0x083C7490	rom	sDiglettsCaveB1F_LeafGreen_LandMons
0x083C74C0	rom	sDiglettsCaveB1F_LeafGreen_LandMonsInfo
0x083C74C8	rom	sVictoryRoad1F_LeafGreen_LandMons
0x083C74F8	rom	sVictoryRoad1F_LeafGreen_LandMonsInfo
0x083C7500	rom	sVictoryRoad2F_LeafGreen_LandMons
0x083C7530	rom	sVictoryRoad2F_LeafGreen_LandMonsInfo
0x083C7538	rom	sVictoryRoad3F_LeafGreen_LandMons
0x083C7568	rom	sVictoryRoad3F_LeafGreen_LandMonsInfo
0x083C7570	rom	sPokemonMansion1F_LeafGreen_LandMons
0x083C75A0	rom	sPokemonMansion1F_LeafGreen_LandMonsInfo
0x083C75A8	rom	sPokemonMansion2F_LeafGreen_LandMons
0x083C75D8	rom	sPokemonMansion2F_LeafGreen_LandMonsInfo
0x083C75E0	rom	sPokemonMansion3F_LeafGreen_LandMons
0x083C7610	rom	sPokemonMansion3F_LeafGreen_LandMonsInfo
0x083C7618	rom	sPokemonMansionB1F_LeafGreen_LandMons
0x083C7648	rom	sPokemonMansionB1F_LeafGreen_LandMonsInfo
0x083C7650	rom	sSafariZoneCenter_LeafGreen_LandMons
0x083C7680	rom	sSafariZoneCenter_LeafGreen_LandMonsInfo
0x083C7688	rom	sSafariZoneCenter_LeafGreen_WaterMons
0x083C769C	rom	sSafariZoneCenter_LeafGreen_WaterMonsInfo
0x083C76A4	rom	sSafariZoneCenter_LeafGreen_FishingMons
0x083C76CC	rom	sSafariZoneCenter_LeafGreen_FishingMonsInfo
0x083C76D4	rom	sSafariZoneEast_LeafGreen_LandMons
0x083C7704	rom	sSafariZoneEast_LeafGreen_LandMonsInfo
0x083C770C	rom	sSafariZoneEast_LeafGreen_WaterMons
0x083C7720	rom	sSafariZoneEast_LeafGreen_WaterMonsInfo
0x083C7728	rom	sSafariZoneEast_LeafGreen_FishingMons
0x083C7750	rom	sSafariZoneEast_LeafGreen_FishingMonsInfo
0x083C7758	rom	sSafariZoneNorth_LeafGreen_LandMons
0x083C7788	rom	sSafariZoneNorth_LeafGreen_LandMonsInfo
0x083C7790	rom	sSafariZoneNorth_LeafGreen_WaterMons
0x083C77A4	rom	sSafariZoneNorth_LeafGreen_WaterMonsInfo
0x083C77AC	rom	sSafariZoneNorth_LeafGreen_FishingMons
0x083C77D4	rom	sSafariZoneNorth_LeafGreen_FishingMonsInfo
0x083C77DC	rom	sSafariZoneWest_LeafGreen_LandMons
0x083C780C	rom	sSafariZoneWest_LeafGreen_LandMonsInfo
0x083C7814	rom	sSafariZoneWest_LeafGreen_WaterMons
0x083C7828	rom	sSafariZoneWest_LeafGreen_WaterMonsInfo
0x083C7830	rom	sSafariZoneWest_LeafGreen_FishingMons
0x083C7858	rom	sSafariZoneWest_LeafGreen_FishingMonsInfo
0x083C7860	rom	sCeruleanCave1F_LeafGreen_LandMons
0x083C7890	rom	sCeruleanCave1F_LeafGreen_LandMonsInfo
0x083C7898	rom	sCeruleanCave1F_LeafGreen_WaterMons
0x083C78AC	rom	sCeruleanCave1F_LeafGreen_WaterMonsInfo
0x083C78B4	rom	sCeruleanCave1F_LeafGreen_RockSmashMons
0x083C78C8	rom	sCeruleanCave1F_LeafGreen_RockSmashMonsInfo
0x083C78D0	rom	sCeruleanCave1F_LeafGreen_FishingMons
0x083C78F8	rom	sCeruleanCave1F_LeafGreen_FishingMonsInfo
0x083C7900	rom	sCeruleanCave2F_LeafGreen_LandMons
0x083C7930	rom	sCeruleanCave2F_LeafGreen_LandMonsInfo
0x083C7938	rom	sCeruleanCave2F_LeafGreen_RockSmashMons
0x083C794C	rom	sCeruleanCave2F_LeafGreen_RockSmashMonsInfo
0x083C7954	rom	sCeruleanCaveB1F_LeafGreen_LandMons
0x083C7984	rom	sCeruleanCaveB1F_LeafGreen_LandMonsInfo
0x083C798C	rom	sCeruleanCaveB1F_LeafGreen_WaterMons
0x083C79A0	rom	sCeruleanCaveB1F_LeafGreen_WaterMonsInfo
0x083C79A8	rom	sCeruleanCaveB1F_LeafGreen_RockSmashMons
0x083C79BC	rom	sCeruleanCaveB1F_LeafGreen_RockSmashMonsInfo
0x083C79C4	rom	sCeruleanCaveB1F_LeafGreen_FishingMons
0x083C79EC	rom	sCeruleanCaveB1F_LeafGreen_FishingMonsInfo
0x083C79F4	rom	sRockTunnel1F_LeafGreen_LandMons
0x083C7A24	rom	sRockTunnel1F_LeafGreen_LandMonsInfo
0x083C7A2C	rom	sRockTunnelB1F_LeafGreen_LandMons
0x083C7A5C	rom	sRockTunnelB1F_LeafGreen_LandMonsInfo
0x083C7A64	rom	sRockTunnelB1F_LeafGreen_RockSmashMons
0x083C7A78	rom	sRockTunnelB1F_LeafGreen_RockSmashMonsInfo
0x083C7A80	rom	sSeafoamIslands1F_LeafGreen_LandMons
0x083C7AB0	rom	sSeafoamIslands1F_LeafGreen_LandMonsInfo
0x083C7AB8	rom	sSeafoamIslandsB1F_LeafGreen_LandMons
0x083C7AE8	rom	sSeafoamIslandsB1F_LeafGreen_LandMonsInfo
0x083C7AF0	rom	sSeafoamIslandsB2F_LeafGreen_LandMons
0x083C7B20	rom	sSeafoamIslandsB2F_LeafGreen_LandMonsInfo
0x083C7B28	rom	sSeafoamIslandsB3F_LeafGreen_LandMons
0x083C7B58	rom	sSeafoamIslandsB3F_LeafGreen_LandMonsInfo
0x083C7B60	rom	sSeafoamIslandsB3F_LeafGreen_WaterMons
0x083C7B74	rom	sSeafoamIslandsB3F_LeafGreen_WaterMonsInfo
0x083C7B7C	rom	sSeafoamIslandsB3F_LeafGreen_FishingMons
0x083C7BA4	rom	sSeafoamIslandsB3F_LeafGreen_FishingMonsInfo
0x083C7BAC	rom	sSeafoamIslandsB4F_LeafGreen_LandMons
0x083C7BDC	rom	sSeafoamIslandsB4F_LeafGreen_LandMonsInfo
0x083C7BE4	rom	sSeafoamIslandsB4F_LeafGreen_WaterMons
0x083C7BF8	rom	sSeafoamIslandsB4F_LeafGreen_WaterMonsInfo
0x083C7C00	rom	sSeafoamIslandsB4F_LeafGreen_FishingMons
0x083C7C28	rom	sSeafoamIslandsB4F_LeafGreen_FishingMonsInfo
0x083C7C30	rom	sPokemonTower3F_LeafGreen_LandMons
0x083C7C60	rom	sPokemonTower3F_LeafGreen_LandMonsInfo
0x083C7C68	rom	sPokemonTower4F_LeafGreen_LandMons
0x083C7C98	rom	sPokemonTower4F_LeafGreen_LandMonsInfo
0x083C7CA0	rom	sPokemonTower5F_LeafGreen_LandMons
0x083C7CD0	rom	sPokemonTower5F_LeafGreen_LandMonsInfo
0x083C7CD8	rom	sPokemonTower6F_LeafGreen_LandMons
0x083C7D08	rom	sPokemonTower6F_LeafGreen_LandMonsInfo
0x083C7D10	rom	sPokemonTower7F_LeafGreen_LandMons
0x083C7D40	rom	sPokemonTower7F_LeafGreen_LandMonsInfo
0x083C7D48	rom	sPowerPlant_LeafGreen_LandMons
0x083C7D78	rom	sPowerPlant_LeafGreen_LandMonsInfo
0x083C7D80	rom	sMtEmberExterior_LeafGreen_LandMons
0x083C7DB0	rom	sMtEmberExterior_LeafGreen_LandMonsInfo
0x083C7DB8	rom	sMtEmberExterior_LeafGreen_RockSmashMons
0x083C7DCC	rom	sMtEmberExterior_LeafGreen_RockSmashMonsInfo
0x083C7DD4	rom	sMtEmberSummitPath1F_LeafGreen_LandMons
0x083C7E04	rom	sMtEmberSummitPath1F_LeafGreen_LandMonsInfo
0x083C7E0C	rom	sMtEmberSummitPath2F_LeafGreen_LandMons
0x083C7E3C	rom	sMtEmberSummitPath2F_LeafGreen_LandMonsInfo
0x083C7E44	rom	sMtEmberSummitPath2F_LeafGreen_RockSmashMons
0x083C7E58	rom	sMtEmberSummitPath2F_LeafGreen_RockSmashMonsInfo
0x083C7E60	rom	sMtEmberSummitPath3F_LeafGreen_LandMons
0x083C7E90	rom	sMtEmberSummitPath3F_LeafGreen_LandMonsInfo
0x083C7E98	rom	sMtEmberRubyPath1F_LeafGreen_LandMons
0x083C7EC8	rom	sMtEmberRubyPath1F_LeafGreen_LandMonsInfo
0x083C7ED0	rom	sMtEmberRubyPath1F_LeafGreen_RockSmashMons
0x083C7EE4	rom	sMtEmberRubyPath1F_LeafGreen_RockSmashMonsInfo
0x083C7EEC	rom	sMtEmberRubyPathB1F_LeafGreen_LandMons
0x083C7F1C	rom	sMtEmberRubyPathB1F_LeafGreen_LandMonsInfo
0x083C7F24	rom	sMtEmberRubyPathB1F_LeafGreen_RockSmashMons
0x083C7F38	rom	sMtEmberRubyPathB1F_LeafGreen_RockSmashMonsInfo
0x083C7F40	rom	sMtEmberRubyPathB2F_LeafGreen_LandMons
0x083C7F70	rom	sMtEmberRubyPathB2F_LeafGreen_LandMonsInfo
0x083C7F78	rom	sMtEmberRubyPathB2F_LeafGreen_RockSmashMons
0x083C7F8C	rom	sMtEmberRubyPathB2F_LeafGreen_RockSmashMonsInfo
0x083C7F94	rom	sMtEmberRubyPathB3F_LeafGreen_LandMons
0x083C7FC4	rom	sMtEmberRubyPathB3F_LeafGreen_LandMonsInfo
0x083C7FCC	rom	sMtEmberRubyPathB3F_LeafGreen_RockSmashMons
0x083C7FE0	rom	sMtEmberRubyPathB3F_LeafGreen_RockSmashMonsInfo
0x083C7FE8	rom	sMtEmberRubyPathB1FStairs_LeafGreen_LandMons
0x083C8018	rom	sMtEmberRubyPathB1FStairs_LeafGreen_LandMonsInfo
0x083C8020	rom	sMtEmberRubyPathB1FStairs_LeafGreen_RockSmashMons
0x083C8034	rom	sMtEmberRubyPathB1FStairs_LeafGreen_RockSmashMonsInfo
0x083C803C	rom	sMtEmberRubyPathB2FStairs_LeafGreen_LandMons
0x083C806C	rom	sMtEmberRubyPathB2FStairs_LeafGreen_LandMonsInfo
0x083C8074	rom	sMtEmberRubyPathB2FStairs_LeafGreen_RockSmashMons
0x083C8088	rom	sMtEmberRubyPathB2FStairs_LeafGreen_RockSmashMonsInfo
0x083C8090	rom	sThreeIslandBerryForest_LeafGreen_LandMons
0x083C80C0	rom	sThreeIslandBerryForest_LeafGreen_LandMonsInfo
0x083C80C8	rom	sThreeIslandBerryForest_LeafGreen_WaterMons
0x083C80DC	rom	sThreeIslandBerryForest_LeafGreen_WaterMonsInfo
0x083C80E4	rom	sThreeIslandBerryForest_LeafGreen_FishingMons
0x083C810C	rom	sThreeIslandBerryForest_LeafGreen_FishingMonsInfo
0x083C8114	rom	sFourIslandIcefallCaveEntrance_LeafGreen_LandMons
0x083C8144	rom	sFourIslandIcefallCaveEntrance_LeafGreen_LandMonsInfo
0x083C814C	rom	sFourIslandIcefallCaveEntrance_LeafGreen_WaterMons
0x083C8160	rom	sFourIslandIcefallCaveEntrance_LeafGreen_WaterMonsInfo
0x083C8168	rom	sFourIslandIcefallCaveEntrance_LeafGreen_FishingMons
0x083C8190	rom	sFourIslandIcefallCaveEntrance_LeafGreen_FishingMonsInfo
0x083C8198	rom	sFourIslandIcefallCave1F_LeafGreen_LandMons
0x083C81C8	rom	sFourIslandIcefallCave1F_LeafGreen_LandMonsInfo
0x083C81D0	rom	sFourIslandIcefallCaveB1F_LeafGreen_LandMons
0x083C8200	rom	sFourIslandIcefallCaveB1F_LeafGreen_LandMonsInfo
0x083C8208	rom	sFourIslandIcefallCaveBack_LeafGreen_LandMons
0x083C8238	rom	sFourIslandIcefallCaveBack_LeafGreen_LandMonsInfo
0x083C8240	rom	sFourIslandIcefallCaveBack_LeafGreen_WaterMons
0x083C8254	rom	sFourIslandIcefallCaveBack_LeafGreen_WaterMonsInfo
0x083C825C	rom	sFourIslandIcefallCaveBack_LeafGreen_FishingMons
0x083C8284	rom	sFourIslandIcefallCaveBack_LeafGreen_FishingMonsInfo
0x083C828C	rom	sSixIslandPatternBush_LeafGreen_LandMons
0x083C82BC	rom	sSixIslandPatternBush_LeafGreen_LandMonsInfo
0x083C82C4	rom	sFiveIslandLostCaveRoom1_LeafGreen_LandMons
0x083C82F4	rom	sFiveIslandLostCaveRoom1_LeafGreen_LandMonsInfo
0x083C82FC	rom	sFiveIslandLostCaveRoom2_LeafGreen_LandMons
0x083C832C	rom	sFiveIslandLostCaveRoom2_LeafGreen_LandMonsInfo
0x083C8334	rom	sFiveIslandLostCaveRoom3_LeafGreen_LandMons
0x083C8364	rom	sFiveIslandLostCaveRoom3_LeafGreen_LandMonsInfo
0x083C836C	rom	sFiveIslandLostCaveRoom4_LeafGreen_LandMons
0x083C839C	rom	sFiveIslandLostCaveRoom4_LeafGreen_LandMonsInfo
0x083C83A4	rom	sFiveIslandLostCaveRoom5_LeafGreen_LandMons
0x083C83D4	rom	sFiveIslandLostCaveRoom5_LeafGreen_LandMonsInfo
0x083C83DC	rom	sFiveIslandLostCaveRoom6_LeafGreen_LandMons
0x083C840C	rom	sFiveIslandLostCaveRoom6_LeafGreen_LandMonsInfo
0x083C8414	rom	sFiveIslandLostCaveRoom7_LeafGreen_LandMons
0x083C8444	rom	sFiveIslandLostCaveRoom7_LeafGreen_LandMonsInfo
0x083C844C	rom	sFiveIslandLostCaveRoom8_LeafGreen_LandMons
0x083C847C	rom	sFiveIslandLostCaveRoom8_LeafGreen_LandMonsInfo
0x083C8484	rom	sFiveIslandLostCaveRoom9_LeafGreen_LandMons
0x083C84B4	rom	sFiveIslandLostCaveRoom9_LeafGreen_LandMonsInfo
0x083C84BC	rom	sFiveIslandLostCaveRoom10_LeafGreen_LandMons
0x083C84EC	rom	sFiveIslandLostCaveRoom10_LeafGreen_LandMonsInfo
0x083C84F4	rom	sFiveIslandLostCaveRoom11_LeafGreen_LandMons
0x083C8524	rom	sFiveIslandLostCaveRoom11_LeafGreen_LandMonsInfo
0x083C852C	rom	sFiveIslandLostCaveRoom12_LeafGreen_LandMons
0x083C855C	rom	sFiveIslandLostCaveRoom12_LeafGreen_LandMonsInfo
0x083C8564	rom	sFiveIslandLostCaveRoom13_LeafGreen_LandMons
0x083C8594	rom	sFiveIslandLostCaveRoom13_LeafGreen_LandMonsInfo
0x083C859C	rom	sFiveIslandLostCaveRoom14_LeafGreen_LandMons
0x083C85CC	rom	sFiveIslandLostCaveRoom14_LeafGreen_LandMonsInfo
0x083C85D4	rom	sOneIslandKindleRoad_LeafGreen_LandMons
0x083C8604	rom	sOneIslandKindleRoad_LeafGreen_LandMonsInfo
0x083C860C	rom	sOneIslandKindleRoad_LeafGreen_WaterMons
0x083C8620	rom	sOneIslandKindleRoad_LeafGreen_WaterMonsInfo
0x083C8628	rom	sOneIslandKindleRoad_LeafGreen_RockSmashMons
0x083C863C	rom	sOneIslandKindleRoad_LeafGreen_RockSmashMonsInfo
0x083C8644	rom	sOneIslandKindleRoad_LeafGreen_FishingMons
0x083C866C	rom	sOneIslandKindleRoad_LeafGreen_FishingMonsInfo
0x083C8674	rom	sOneIslandTreasureBeach_LeafGreen_LandMons
0x083C86A4	rom	sOneIslandTreasureBeach_LeafGreen_LandMonsInfo
0x083C86AC	rom	sOneIslandTreasureBeach_LeafGreen_WaterMons
0x083C86C0	rom	sOneIslandTreasureBeach_LeafGreen_WaterMonsInfo
0x083C86C8	rom	sOneIslandTreasureBeach_LeafGreen_FishingMons
0x083C86F0	rom	sOneIslandTreasureBeach_LeafGreen_FishingMonsInfo
0x083C86F8	rom	sTwoIslandCapeBrink_LeafGreen_LandMons
0x083C8728	rom	sTwoIslandCapeBrink_LeafGreen_LandMonsInfo
0x083C8730	rom	sTwoIslandCapeBrink_LeafGreen_WaterMons
0x083C8744	rom	sTwoIslandCapeBrink_LeafGreen_WaterMonsInfo
0x083C874C	rom	sTwoIslandCapeBrink_LeafGreen_FishingMons
0x083C8774	rom	sTwoIslandCapeBrink_LeafGreen_FishingMonsInfo
0x083C877C	rom	sThreeIslandBondBridge_LeafGreen_LandMons
0x083C87AC	rom	sThreeIslandBondBridge_LeafGreen_LandMonsInfo
0x083C87B4	rom	sThreeIslandBondBridge_LeafGreen_WaterMons
0x083C87C8	rom	sThreeIslandBondBridge_LeafGreen_WaterMonsInfo
0x083C87D0	rom	sThreeIslandBondBridge_LeafGreen_FishingMons
0x083C87F8	rom	sThreeIslandBondBridge_LeafGreen_FishingMonsInfo
0x083C8800	rom	sThreeIslandPort_LeafGreen_LandMons
0x083C8830	rom	sThreeIslandPort_LeafGreen_LandMonsInfo
0x083C8838	rom	sFiveIslandResortGorgeous_LeafGreen_WaterMons
0x083C884C	rom	sFiveIslandResortGorgeous_LeafGreen_WaterMonsInfo
0x083C8854	rom	sFiveIslandResortGorgeous_LeafGreen_FishingMons
0x083C887C	rom	sFiveIslandResortGorgeous_LeafGreen_FishingMonsInfo
0x083C8884	rom	sFiveIslandWaterLabyrinth_LeafGreen_WaterMons
0x083C8898	rom	sFiveIslandWaterLabyrinth_LeafGreen_WaterMonsInfo
0x083C88A0	rom	sFiveIslandWaterLabyrinth_LeafGreen_FishingMons
0x083C88C8	rom	sFiveIslandWaterLabyrinth_LeafGreen_FishingMonsInfo
0x083C88D0	rom	sFiveIslandMeadow_LeafGreen_LandMons
0x083C8900	rom	sFiveIslandMeadow_LeafGreen_LandMonsInfo
0x083C8908	rom	sFiveIslandMeadow_LeafGreen_WaterMons
0x083C891C	rom	sFiveIslandMeadow_LeafGreen_WaterMonsInfo
0x083C8924	rom	sFiveIslandMeadow_LeafGreen_FishingMons
0x083C894C	rom	sFiveIslandMeadow_LeafGreen_FishingMonsInfo
0x083C8954	rom	sFiveIslandMemorialPillar_LeafGreen_LandMons
0x083C8984	rom	sFiveIslandMemorialPillar_LeafGreen_LandMonsInfo
0x083C898C	rom	sFiveIslandMemorialPillar_LeafGreen_WaterMons
0x083C89A0	rom	sFiveIslandMemorialPillar_LeafGreen_WaterMonsInfo
0x083C89A8	rom	sFiveIslandMemorialPillar_LeafGreen_FishingMons
0x083C89D0	rom	sFiveIslandMemorialPillar_LeafGreen_FishingMonsInfo
0x083C89D8	rom	sSixIslandOutcastIsland_LeafGreen_WaterMons
0x083C89EC	rom	sSixIslandOutcastIsland_LeafGreen_WaterMonsInfo
0x083C89F4	rom	sSixIslandOutcastIsland_LeafGreen_FishingMons
0x083C8A1C	rom	sSixIslandOutcastIsland_LeafGreen_FishingMonsInfo
0x083C8A24	rom	sSixIslandGreenPath_LeafGreen_WaterMons
0x083C8A38	rom	sSixIslandGreenPath_LeafGreen_WaterMonsInfo
0x083C8A40	rom	sSixIslandGreenPath_LeafGreen_FishingMons
0x083C8A68	rom	sSixIslandGreenPath_LeafGreen_FishingMonsInfo
0x083C8A70	rom	sSixIslandWaterPath_LeafGreen_LandMons
0x083C8AA0	rom	sSixIslandWaterPath_LeafGreen_LandMonsInfo
0x083C8AA8	rom	sSixIslandWaterPath_LeafGreen_WaterMons
0x083C8ABC	rom	sSixIslandWaterPath_LeafGreen_WaterMonsInfo
0x083C8AC4	rom	sSixIslandWaterPath_LeafGreen_FishingMons
0x083C8AEC	rom	sSixIslandWaterPath_LeafGreen_FishingMonsInfo
0x083C8AF4	rom	sSixIslandRuinValley_LeafGreen_LandMons
0x083C8B24	rom	sSixIslandRuinValley_LeafGreen_LandMonsInfo
0x083C8B2C	rom	sSixIslandRuinValley_LeafGreen_WaterMons
0x083C8B40	rom	sSixIslandRuinValley_LeafGreen_WaterMonsInfo
0x083C8B48	rom	sSixIslandRuinValley_LeafGreen_FishingMons
0x083C8B70	rom	sSixIslandRuinValley_LeafGreen_FishingMonsInfo
0x083C8B78	rom	sSevenIslandTrainerTower_LeafGreen_WaterMons
0x083C8B8C	rom	sSevenIslandTrainerTower_LeafGreen_WaterMonsInfo
0x083C8B94	rom	sSevenIslandTrainerTower_LeafGreen_FishingMons
0x083C8BBC	rom	sSevenIslandTrainerTower_LeafGreen_FishingMonsInfo
0x083C8BC4	rom	sSevenIslandSevaultCanyonEntrance_LeafGreen_LandMons
0x083C8BF4	rom	sSevenIslandSevaultCanyonEntrance_LeafGreen_LandMonsInfo
0x083C8BFC	rom	sSevenIslandSevaultCanyon_LeafGreen_LandMons
0x083C8C2C	rom	sSevenIslandSevaultCanyon_LeafGreen_LandMonsInfo
0x083C8C34	rom	sSevenIslandSevaultCanyon_LeafGreen_RockSmashMons
0x083C8C48	rom	sSevenIslandSevaultCanyon_LeafGreen_RockSmashMonsInfo
0x083C8C50	rom	sSevenIslandTanobyRuins_LeafGreen_WaterMons
0x083C8C64	rom	sSevenIslandTanobyRuins_LeafGreen_WaterMonsInfo
0x083C8C6C	rom	sSevenIslandTanobyRuins_LeafGreen_FishingMons
0x083C8C94	rom	sSevenIslandTanobyRuins_LeafGreen_FishingMonsInfo
0x083C8C9C	rom	sRoute1_LeafGreen_LandMons
0x083C8CCC	rom	sRoute1_LeafGreen_LandMonsInfo
0x083C8CD4	rom	sRoute2_LeafGreen_LandMons
0x083C8D04	rom	sRoute2_LeafGreen_LandMonsInfo
0x083C8D0C	rom	sRoute3_LeafGreen_LandMons
0x083C8D3C	rom	sRoute3_LeafGreen_LandMonsInfo
0x083C8D44	rom	sRoute4_LeafGreen_LandMons
0x083C8D74	rom	sRoute4_LeafGreen_LandMonsInfo
0x083C8D7C	rom	sRoute4_LeafGreen_WaterMons
0x083C8D90	rom	sRoute4_LeafGreen_WaterMonsInfo
0x083C8D98	rom	sRoute4_LeafGreen_FishingMons
0x083C8DC0	rom	sRoute4_LeafGreen_FishingMonsInfo
0x083C8DC8	rom	sRoute5_LeafGreen_LandMons
0x083C8DF8	rom	sRoute5_LeafGreen_LandMonsInfo
0x083C8E00	rom	sRoute6_LeafGreen_LandMons
0x083C8E30	rom	sRoute6_LeafGreen_LandMonsInfo
0x083C8E38	rom	sRoute6_LeafGreen_WaterMons
0x083C8E4C	rom	sRoute6_LeafGreen_WaterMonsInfo
0x083C8E54	rom	sRoute6_LeafGreen_FishingMons
0x083C8E7C	rom	sRoute6_LeafGreen_FishingMonsInfo
0x083C8E84	rom	sRoute7_LeafGreen_LandMons
0x083C8EB4	rom	sRoute7_LeafGreen_LandMonsInfo
0x083C8EBC	rom	sRoute8_LeafGreen_LandMons
0x083C8EEC	rom	sRoute8_LeafGreen_LandMonsInfo
0x083C8EF4	rom	sRoute9_LeafGreen_LandMons
0x083C8F24	rom	sRoute9_LeafGreen_LandMonsInfo
0x083C8F2C	rom	sRoute10_LeafGreen_LandMons
0x083C8F5C	rom	sRoute10_LeafGreen_LandMonsInfo
0x083C8F64	rom	sRoute10_LeafGreen_WaterMons
0x083C8F78	rom	sRoute10_LeafGreen_WaterMonsInfo
0x083C8F80	rom	sRoute10_LeafGreen_FishingMons
0x083C8FA8	rom	sRoute10_LeafGreen_FishingMonsInfo
0x083C8FB0	rom	sRoute11_LeafGreen_LandMons
0x083C8FE0	rom	sRoute11_LeafGreen_LandMonsInfo
0x083C8FE8	rom	sRoute11_LeafGreen_WaterMons
0x083C8FFC	rom	sRoute11_LeafGreen_WaterMonsInfo
0x083C9004	rom	sRoute11_LeafGreen_FishingMons
0x083C902C	rom	sRoute11_LeafGreen_FishingMonsInfo
0x083C9034	rom	sRoute12_LeafGreen_LandMons
0x083C9064	rom	sRoute12_LeafGreen_LandMonsInfo
0x083C906C	rom	sRoute12_LeafGreen_WaterMons
0x083C9080	rom	sRoute12_LeafGreen_WaterMonsInfo
0x083C9088	rom	sRoute12_LeafGreen_FishingMons
0x083C90B0	rom	sRoute12_LeafGreen_FishingMonsInfo
0x083C90B8	rom	sRoute13_LeafGreen_LandMons
0x083C90E8	rom	sRoute13_LeafGreen_LandMonsInfo
0x083C90F0	rom	sRoute13_LeafGreen_WaterMons
0x083C9104	rom	sRoute13_LeafGreen_WaterMonsInfo
0x083C910C	rom	sRoute13_LeafGreen_FishingMons
0x083C9134	rom	sRoute13_LeafGreen_FishingMonsInfo
0x083C913C	rom	sRoute14_LeafGreen_LandMons
0x083C916C	rom	sRoute14_LeafGreen_LandMonsInfo
0x083C9174	rom	sRoute15_LeafGreen_LandMons
0x083C91A4	rom	sRoute15_LeafGreen_LandMonsInfo
0x083C91AC	rom	sRoute16_LeafGreen_LandMons
0x083C91DC	rom	sRoute16_LeafGreen_LandMonsInfo
0x083C91E4	rom	sRoute17_LeafGreen_LandMons
0x083C9214	rom	sRoute17_LeafGreen_LandMonsInfo
0x083C921C	rom	sRoute18_LeafGreen_LandMons
0x083C924C	rom	sRoute18_LeafGreen_LandMonsInfo
0x083C9254	rom	sRoute19_LeafGreen_WaterMons
0x083C9268	rom	sRoute19_LeafGreen_WaterMonsInfo
0x083C9270	rom	sRoute19_LeafGreen_FishingMons
0x083C9298	rom	sRoute19_LeafGreen_FishingMonsInfo
0x083C92A0	rom	sRoute20_LeafGreen_WaterMons
0x083C92B4	rom	sRoute20_LeafGreen_WaterMonsInfo
0x083C92BC	rom	sRoute20_LeafGreen_FishingMons
0x083C92E4	rom	sRoute20_LeafGreen_FishingMonsInfo
0x083C92EC	rom	sRoute21North_LeafGreen_LandMons
0x083C931C	rom	sRoute21North_LeafGreen_LandMonsInfo
0x083C9324	rom	sRoute21North_LeafGreen_WaterMons
0x083C9338	rom	sRoute21North_LeafGreen_WaterMonsInfo
0x083C9340	rom	sRoute21North_LeafGreen_FishingMons
0x083C9368	rom	sRoute21North_LeafGreen_FishingMonsInfo
0x083C9370	rom	sRoute21South_LeafGreen_LandMons
0x083C93A0	rom	sRoute21South_LeafGreen_LandMonsInfo
0x083C93A8	rom	sRoute21South_LeafGreen_WaterMons
0x083C93BC	rom	sRoute21South_LeafGreen_WaterMonsInfo
0x083C93C4	rom	sRoute21South_LeafGreen_FishingMons
0x083C93EC	rom	sRoute21South_LeafGreen_FishingMonsInfo
0x083C93F4	rom	sRoute22_LeafGreen_LandMons
0x083C9424	rom	sRoute22_LeafGreen_LandMonsInfo
0x083C942C	rom	sRoute22_LeafGreen_WaterMons
0x083C9440	rom	sRoute22_LeafGreen_WaterMonsInfo
0x083C9448	rom	sRoute22_LeafGreen_FishingMons
0x083C9470	rom	sRoute22_LeafGreen_FishingMonsInfo
0x083C9478	rom	sRoute23_LeafGreen_LandMons
0x083C94A8	rom	sRoute23_LeafGreen_LandMonsInfo
0x083C94B0	rom	sRoute23_LeafGreen_WaterMons
0x083C94C4	rom	sRoute23_LeafGreen_WaterMonsInfo
0x083C94CC	rom	sRoute23_LeafGreen_FishingMons
0x083C94F4	rom	sRoute23_LeafGreen_FishingMonsInfo
0x083C94FC	rom	sRoute24_LeafGreen_LandMons
0x083C952C	rom	sRoute24_LeafGreen_LandMonsInfo
0x083C9534	rom	sRoute24_LeafGreen_WaterMons
0x083C9548	rom	sRoute24_LeafGreen_WaterMonsInfo
0x083C9550	rom	sRoute24_LeafGreen_FishingMons
0x083C9578	rom	sRoute24_LeafGreen_FishingMonsInfo
0x083C9580	rom	sRoute25_LeafGreen_LandMons
0x083C95B0	rom	sRoute25_LeafGreen_LandMonsInfo
0x083C95B8	rom	sRoute25_LeafGreen_WaterMons
0x083C95CC	rom	sRoute25_LeafGreen_WaterMonsInfo
0x083C95D4	rom	sRoute25_LeafGreen_FishingMons
0x083C95FC	rom	sRoute25_LeafGreen_FishingMonsInfo
0x083C9604	rom	sPalletTown_LeafGreen_WaterMons
0x083C9618	rom	sPalletTown_LeafGreen_WaterMonsInfo
0x083C9620	rom	sPalletTown_LeafGreen_FishingMons
0x083C9648	rom	sPalletTown_LeafGreen_FishingMonsInfo
0x083C9650	rom	sViridianCity_LeafGreen_WaterMons
0x083C9664	rom	sViridianCity_LeafGreen_WaterMonsInfo
0x083C966C	rom	sViridianCity_LeafGreen_FishingMons
0x083C9694	rom	sViridianCity_LeafGreen_FishingMonsInfo
0x083C969C	rom	sCeruleanCity_LeafGreen_WaterMons
0x083C96B0	rom	sCeruleanCity_LeafGreen_WaterMonsInfo
0x083C96B8	rom	sCeruleanCity_LeafGreen_FishingMons
0x083C96E0	rom	sCeruleanCity_LeafGreen_FishingMonsInfo
0x083C96E8	rom	sVermilionCity_LeafGreen_WaterMons
0x083C96FC	rom	sVermilionCity_LeafGreen_WaterMonsInfo
0x083C9704	rom	sVermilionCity_LeafGreen_FishingMons
0x083C972C	rom	sVermilionCity_LeafGreen_FishingMonsInfo
0x083C9734	rom	sCeladonCity_LeafGreen_WaterMons
0x083C9748	rom	sCeladonCity_LeafGreen_WaterMonsInfo
0x083C9750	rom	sCeladonCity_LeafGreen_FishingMons
0x083C9778	rom	sCeladonCity_LeafGreen_FishingMonsInfo
0x083C9780	rom	sFuchsiaCity_LeafGreen_WaterMons
0x083C9794	rom	sFuchsiaCity_LeafGreen_WaterMonsInfo
0x083C979C	rom	sFuchsiaCity_LeafGreen_FishingMons
0x083C97C4	rom	sFuchsiaCity_LeafGreen_FishingMonsInfo
0x083C97CC	rom	sCinnabarIsland_LeafGreen_WaterMons
0x083C97E0	rom	sCinnabarIsland_LeafGreen_WaterMonsInfo
0x083C97E8	rom	sCinnabarIsland_LeafGreen_FishingMons
0x083C9810	rom	sCinnabarIsland_LeafGreen_FishingMonsInfo
0x083C9818	rom	sOneIsland_LeafGreen_WaterMons
0x083C982C	rom	sOneIsland_LeafGreen_WaterMonsInfo
0x083C9834	rom	sOneIsland_LeafGreen_FishingMons
0x083C985C	rom	sOneIsland_LeafGreen_FishingMonsInfo
0x083C9864	rom	sFourIsland_LeafGreen_WaterMons
0x083C9878	rom	sFourIsland_LeafGreen_WaterMonsInfo
0x083C9880	rom	sFourIsland_LeafGreen_FishingMons
0x083C98A8	rom	sFourIsland_LeafGreen_FishingMonsInfo
0x083C98B0	rom	sFiveIsland_LeafGreen_WaterMons
0x083C98C4	rom	sFiveIsland_LeafGreen_WaterMonsInfo
0x083C98CC	rom	sFiveIsland_LeafGreen_FishingMons
0x083C98F4	rom	sFiveIsland_LeafGreen_FishingMonsInfo
0x083C98FC	rom	sSixIslandAlteringCave_LeafGreen_LandMons
0x083C992C	rom	sSixIslandAlteringCave_LeafGreen_LandMonsInfo
0x083C9934	rom	sSixIslandAlteringCave_2_LeafGreen_LandMons
0x083C9964	rom	sSixIslandAlteringCave_2_LeafGreen_LandMonsInfo
0x083C996C	rom	sSixIslandAlteringCave_3_LeafGreen_LandMons
0x083C999C	rom	sSixIslandAlteringCave_3_LeafGreen_LandMonsInfo
0x083C99A4	rom	sSixIslandAlteringCave_4_LeafGreen_LandMons
0x083C99D4	rom	sSixIslandAlteringCave_4_LeafGreen_LandMonsInfo
0x083C99DC	rom	sSixIslandAlteringCave_5_LeafGreen_LandMons
0x083C9A0C	rom	sSixIslandAlteringCave_5_LeafGreen_LandMonsInfo
0x083C9A14	rom	sSixIslandAlteringCave_6_LeafGreen_LandMons
0x083C9A44	rom	sSixIslandAlteringCave_6_LeafGreen_LandMonsInfo
0x083C9A4C	rom	sSixIslandAlteringCave_7_LeafGreen_LandMons
0x083C9A7C	rom	sSixIslandAlteringCave_7_LeafGreen_LandMonsInfo
0x083C9A84	rom	sSixIslandAlteringCave_8_LeafGreen_LandMons
0x083C9AB4	rom	sSixIslandAlteringCave_8_LeafGreen_LandMonsInfo
0x083C9ABC	rom	sSixIslandAlteringCave_9_LeafGreen_LandMons
0x083C9AEC	rom	sSixIslandAlteringCave_9_LeafGreen_LandMonsInfo
0x083C9AF4	rom	gWildMonHeaders
0x083CA558	rom	sUnownLetterSlots
0x083CA5AC	rom	sNewGameOakObject_Gfx
0x083CADAC	rom	sNewGameOakObject_Pal
0x083CADCC	rom	sPokeballGlow_Gfx
0x083CADEC	rom	sPokeballGlow_Pal
0x083CAE0C	rom	sPokecenterMonitor_Gfx
0x083CB20C	rom	sHofMonitor_Pal
0x083CB22C	rom	sHofMonitor_Gfx
0x083CB42C	rom	sFieldMoveStreaksOutdoors_Gfx
0x083CB62C	rom	sFieldMoveStreaksOutdoors_Pal
0x083CB64C	rom	sFieldMoveStreaksOutdoors_Tilemap
0x083CB8CC	rom	sFieldMoveStreaksIndoors_Gfx
0x083CB94C	rom	sFieldMoveStreaksIndoors_Pal
0x083CB96C	rom	sFieldMoveStreaksIndoors_Tilemap
0x083CBBEC	rom	sRockFragment_TopLeft
0x083CBC0C	rom	sRockFragment_TopRight
0x083CBC2C	rom	sRockFragment_BottomLeft
0x083CBC4C	rom	sRockFragment_BottomRight
0x083CBC6C	rom	sFldEffScrcmdTable
0x083CBC8C	rom	sNewGameOakOamAttributes
0x083CBC94	rom	sOamData_8x8
0x083CBC9C	rom	sOamData_16x16
0x083CBCA4	rom	sNewGameOakObjectSpriteFrames
0x083CBCAC	rom	sNewGameOakObjectPaletteInfo
0x083CBCB4	rom	sNewGameOakAnim
0x083CBCBC	rom	sNewGameOakAnimTable
0x083CBCC0	rom	sNewGameOakObjectTemplate
0x083CBCD8	rom	gSpritePalette_PokeballGlow
0x083CBCE0	rom	gSpritePalette_HofMonitor
0x083CBCE8	rom	sOamData_32x16
0x083CBCF0	rom	sPicTable_PokeballGlow
0x083CBCF8	rom	sPicTable_PokecenterMonitor
0x083CBD18	rom	sPicTable_HofMonitor
0x083CBD38	rom	sSubsprites_PokecenterMonitor
0x083CBD48	rom	sSubspriteTable_PokecenterMonitor
0x083CBD50	rom	sSubsprites_HofMonitorBig
0x083CBD60	rom	sSubspriteTable_HofMonitorBig
0x083CBD68	rom	sAnim_Static
0x083CBD70	rom	sAnim_Flicker
0x083CBD90	rom	sAnims_Flicker
0x083CBD98	rom	sAnim_HofMonitor
0x083CBDC0	rom	sAnims_HofMonitor
0x083CBDC4	rom	sSpriteTemplate_PokeballGlow
0x083CBDDC	rom	sSpriteTemplate_PokecenterMonitor
0x083CBDF4	rom	sSpriteTemplate_HofMonitor
0x083CBE0C	rom	sPokecenterHealEffectFuncs
0x083CBE1C	rom	sHallOfFameRecordEffectFuncs
0x083CBE2C	rom	sPokeballGlowEffectFuncs
0x083CBE4C	rom	sPokeballCoordOffsets
0x083CBE64	rom	sPokeballGlowReds
0x083CBE68	rom	sPokeballGlowGreens
0x083CBE6C	rom	sPokeballGlowBlues
0x083CBE70	rom	sFallWarpEffectCBPtrs
0x083CBE8C	rom	sEscalatorWarpFieldEffectFuncs
0x083CBEA4	rom	sEscalatorWarpInFieldEffectFuncs
0x083CBEC0	rom	sUseWaterfallFieldEffectFuncs
0x083CBED4	rom	sDiveFieldEffectFuncs
0x083CBEE0	rom	sLavaridgeGymB1FWarpEffectFuncs
0x083CBEF8	rom	sLavaridgeGymB1FWarpExitEffectFuncs
0x083CBF08	rom	sLavaridgeGym1FWarpEffectFuncs
0x083CBF1C	rom	sEscapeRopeWarpOutEffectFuncs
0x083CBF24	rom	sSpinDirections
0x083CBF2C	rom	sEscapeRopeWarpInEffectFuncs
0x083CBF34	rom	sTeleportEffectFuncs
0x083CBF4C	rom	sTeleportInEffectFuncs
0x083CBF58	rom	sShowMonOutdoorsEffectFuncs
0x083CBF74	rom	sShowMonIndoorsEffectFuncs
0x083CBF90	rom	sUseSurfEffectFuncs
0x083CBFA4	rom	sUseVsSeekerEffectFuncs
0x083CBFB4	rom	sFlyOutFieldEffectFuncs
0x083CBFD8	rom	sAffineAnim_FlyBirdLeaveBall
0x083CBFF0	rom	sAffineAnim_FlyBirdReturnToBall
0x083CC008	rom	sAffineAnims_FlyBirdBall
0x083CC010	rom	sFlyInFieldEffectFuncs
0x083CC050	rom	sAffineAnim_FlyBirdOutOfMap
0x083CC060	rom	sAffineAnim_FlyBirdIntoMap
0x083CC078	rom	sAffineAnims_FlyBirdWithPlayer
0x083CC080	rom	sDestroyDeoxysRockEffectFuncs
0x083CC08C	rom	sImages_DeoxysRockFragment
0x083CC0AC	rom	sAnim_RockFragment_TopLeft
0x083CC0B4	rom	sAnim_RockFragment_TopRight
0x083CC0BC	rom	sAnim_RockFragment_BottomLeft
0x083CC0C4	rom	sAnim_RockFragment_BottomRight
0x083CC0CC	rom	sAnims_DeoxysRockFragment
0x083CC0DC	rom	sSpriteTemplate_DeoxysRockFragment
0x083CC0F4	rom	sOptionMenuWinTemplates
0x083CC114	rom	sOptionMenuBgTemplates
0x083CC120	rom	sOptionMenuPalette
0x083CC140	rom	sOptionMenuItemCounts
0x083CC150	rom	sOptionMenuItemsNames
0x083CC16C	rom	sTextSpeedOptions
0x083CC178	rom	sBattleSceneOptions
0x083CC180	rom	sBattleStyleOptions
0x083CC188	rom	sSoundOptions
0x083CC190	rom	sButtonTypeOptions
0x083CC19C	rom	sOptionMenuPickSwitchCancelTextColor
0x083CC19F	rom	sOptionMenuTextColor
0x083CC1A4	rom	sTrainerCardStickers_Gfx
0x083CC318	rom	sHoennTrainerCardFront_Tilemap
0x083CC52C	rom	sKantoTrainerCardFront_Tilemap
0x083CC6E4	rom	sHoennTrainerCardBack_Tilemap
0x083CC7C0	rom	sKantoTrainerCardBack_Tilemap
0x083CC8EC	rom	sHoennTrainerCardFrontLink_Tilemap
0x083CCAE0	rom	sKantoTrainerCardFrontLink_Tilemap
0x083CCC6C	rom	sHoennTrainerCardBg_Tilemap
0x083CCD04	rom	sKantoTrainerCardBg_Tilemap
0x083CCD9C	rom	sUnused_Pal
0x083CCDBC	rom	sHoennTrainerCardBronze_Pal
0x083CCE1C	rom	sKantoTrainerCardGreen_Pal
0x083CCE7C	rom	sHoennTrainerCardCopper_Pal
0x083CCEDC	rom	sKantoTrainerCardBronze_Pal
0x083CCF3C	rom	sHoennTrainerCardSilver_Pal
0x083CCF9C	rom	sKantoTrainerCardSilver_Pal
0x083CCFFC	rom	sHoennTrainerCardGold_Pal
0x083CD05C	rom	sKantoTrainerCardGold_Pal
0x083CD0BC	rom	sHoennTrainerCardFemaleBg_Pal
0x083CD0DC	rom	sKantoTrainerCardFemaleBg_Pal
0x083CD0FC	rom	sHoennTrainerCardBadges_Pal
0x083CD11C	rom	sKantoTrainerCardBadges_Pal
0x083CD13C	rom	sTrainerCardStar_Pal
0x083CD15C	rom	sTrainerCardStickerPal1
0x083CD17C	rom	sTrainerCardStickerPal2
0x083CD19C	rom	sTrainerCardStickerPal3
0x083CD1BC	rom	sTrainerCardStickerPal4
0x083CD1DC	rom	sHoennTrainerCardBadges_Gfx
0x083CD424	rom	sKantoTrainerCardBadges_Gfx
0x083CD6C4	rom	sTrainerCardBgTemplates
0x083CD6D4	rom	sTrainerCardWindowTemplates
0x083CD6F4	rom	sHoennTrainerCardPals
0x083CD708	rom	sKantoTrainerCardPals
0x083CD71C	rom	sTrainerCardTextColors
0x083CD71F	rom	sTrainerCardStatColors
0x083CD722	rom	sTimeColonInvisibleTextColors
0x083CD725	rom	sTrainerCardFontIds
0x083CD728	rom	sTrainerPicOffsets
0x083CD730	rom	sTrainerPicFacilityClasses
0x083CD734	rom	sLinkTrainerPicFacilityClasses
0x083CD744	rom	sTrainerCardFlipTasks
0x083CD75C	rom	sTrainerCardFrontNameXPositions
0x083CD75E	rom	sTrainerCardFrontNameYPositions
0x083CD760	rom	sTrainerCardIdXPositions
0x083CD762	rom	sTrainerCardIdYPositions
0x083CD764	rom	sTimeColonTextColors
0x083CD76C	rom	sTrainerCardTimeHoursXPositions
0x083CD76E	rom	sTrainerCardTimeHoursYPositions
0x083CD770	rom	sTrainerCardTimeMinutesXPositions
0x083CD772	rom	sTrainerCardTimeMinutesYPositions
0x083CD774	rom	sTrainerCardProfilePhraseXPositions
0x083CD776	rom	sTrainerCardProfilePhraseYPositions
0x083CD778	rom	sTrainerCardBackNameXPositions
0x083CD77A	rom	sTrainerCardBackNameYPositions
0x083CD77C	rom	sTrainerCardHofDebutXPositions
0x083CD780	rom	sLinkTrainerCardRecordStrings
0x083CD788	rom	sPokemonIconPalSlots
0x083CD78E	rom	sPokemonIconXOffsets
0x083CD794	rom	sStickerPalSlots
0x083CD798	rom	sStarYOffsets
0x083CD79C	rom	sLinkPlayerTrainerCardTemplate1
0x083CD7FC	rom	sLinkPlayerTrainerCardTemplate2
0x083CD85C	rom	sMainMenuTexts
0x083CD884	rom	sWindowTemplate_MainMenu
0x083CD88C	rom	sAnim_ChooseBoxMenu_TopLeft
0x083CD894	rom	sAnim_ChooseBoxMenu_BottomLeft
0x083CD89C	rom	sAnim_ChooseBoxMenu_TopRight
0x083CD8A4	rom	sAnim_ChooseBoxMenu_BottomRight
0x083CD8AC	rom	sAnims_ChooseBoxMenu
0x083CD8BC	rom	sAffineAnim_ChooseBoxMenu
0x083CD8CC	rom	sAffineAnims_ChooseBoxMenu
0x083CD8D4	rom	sChooseBoxMenu_Pal
0x083CD8F4	rom	sChooseBoxMenuCenter_Gfx
0x083CE0F4	rom	sChooseBoxMenuCorners_Gfx
0x083CE274	rom	sScrollingBg_Gfx
0x083CE30C	rom	sScrollingBg_Tilemap
0x083CE418	rom	sMenu_Pal
0x083CE438	rom	sMenu_Tilemap
0x083CE534	rom	sPkmnData_Tilemap
0x083CE574	rom	sScrollingBg_Pal
0x083CE594	rom	sScrollingBgMoveItems_Pal
0x083CE5B4	rom	sCloseBoxButton_Tilemap
0x083CE5FC	rom	sPartySlotFilled_Tilemap
0x083CE614	rom	sPartySlotEmpty_Tilemap
0x083CE62C	rom	sPokeStorageMisc2Pal
0x083CE64C	rom	sWaveform_Gfx
0x083CE80C	rom	sUnused_Pal
0x083CE84C	rom	sItemInfoFrame_Pal
0x083CE86C	rom	sWindowTemplates
0x083CE88C	rom	sBgTemplates
0x083CE89C	rom	sMiscSpritePalette
0x083CE8A4	rom	sWaveformSpriteSheet
0x083CE8AC	rom	sSpriteTemplate_DisplayMon
0x083CE8C4	rom	sMessages
0x083CE9BC	rom	sYesNoWindowTemplate
0x083CE9C4	rom	sOamData_DisplayMon
0x083CE9CC	rom	sOamData_Waveform
0x083CE9D4	rom	sAnim_Waveform_LeftOff
0x083CE9DC	rom	sAnim_Waveform_LeftOn
0x083CE9EC	rom	sAnim_Waveform_RightOff
0x083CE9F4	rom	sAnim_Waveform_RightOn
0x083CEA04	rom	sAnims_Waveform
0x083CEA14	rom	sSpriteTemplate_Waveform
0x083CEA2C	rom	sSpriteTemplate_MonIcon
0x083CEA44	rom	sOamData_MonIcon
0x083CEA4C	rom	sAffineAnim_ReleaseMon_Release
0x083CEA5C	rom	sAffineAnim_ReleaseMon_ComeBack
0x083CEA74	rom	sAffineAnims_ReleaseMon
0x083CEA7C	rom	sWallpaperPalettes_Forest
0x083CEABC	rom	sWallpaperTiles_Forest
0x083CEE8C	rom	sWallpaperTilemap_Forest
0x083CEF68	rom	sWallpaperPalettes_City
0x083CEFA8	rom	sWallpaperTiles_City
0x083CF1B0	rom	sWallpaperTilemap_City
0x083CF260	rom	sWallpaperPalettes_Desert
0x083CF2A0	rom	sWallpaperTiles_Desert
0x083CF58C	rom	sWallpaperTilemap_Desert
0x083CF670	rom	sWallpaperPalettes_Savanna
0x083CF6B0	rom	sWallpaperTiles_Savanna
0x083CF8D0	rom	sWallpaperTilemap_Savanna
0x083CF99C	rom	sWallpaperPalettes_Crag
0x083CF9DC	rom	sWallpaperTiles_Crag
0x083CFD2C	rom	sWallpaperTilemap_Crag
0x083CFE04	rom	sWallpaperPalettes_Volcano
0x083CFE44	rom	sWallpaperTiles_Volcano
0x083D0174	rom	sUnusedSpace1
0x083D0178	rom	sWallpaperTilemap_Volcano
0x083D0250	rom	sWallpaperPalettes_Snow
0x083D0290	rom	sWallpaperTiles_Snow
0x083D0548	rom	sWallpaperTilemap_Snow
0x083D0614	rom	sWallpaperPalettes_Cave
0x083D0654	rom	sWallpaperTiles_Cave
0x083D0998	rom	sWallpaperTilemap_Cave
0x083D0A74	rom	sWallpaperPalettes_Beach
0x083D0AB4	rom	sWallpaperTiles_Beach
0x083D0E38	rom	sWallpaperTilemap_Beach
0x083D0F20	rom	sWallpaperPalettes_Seafloor
0x083D0F60	rom	sWallpaperTiles_Seafloor
0x083D1214	rom	sWallpaperTilemap_Seafloor
0x083D12F0	rom	sWallpaperPalettes_River
0x083D1330	rom	sWallpaperTiles_River
0x083D15C4	rom	sWallpaperTilemap_River
0x083D16B0	rom	sWallpaperPalettes_Sky
0x083D16F0	rom	sWallpaperTiles_Sky
0x083D1988	rom	sWallpaperTilemap_Sky
0x083D1A68	rom	sWallpaperPalettes_Stars
0x083D1AA8	rom	sUnusedSpace2
0x083D1AC8	rom	sWallpaperTiles_Stars
0x083D1D00	rom	sWallpaperTilemap_Stars
0x083D1DD0	rom	sWallpaperPalettes_Pokecenter
0x083D1E10	rom	sWallpaperTiles_Pokecenter
0x083D20F4	rom	sWallpaperTilemap_Pokecenter
0x083D21D8	rom	sWallpaperPalettes_Tiles
0x083D2218	rom	sWallpaperTiles_Tiles
0x083D23A8	rom	sWallpaperTilemap_Tiles
0x083D2450	rom	sWallpaperPalettes_Simple
0x083D2490	rom	sWallpaperTiles_Simple
0x083D25B8	rom	sWallpaperTilemap_Simple
0x083D265C	rom	sWallpaperTilemap_Unused
0x083D280C	rom	sBoxTitleColors
0x083D284C	rom	sWallpapers
0x083D290C	rom	sBoxScrollArrow_Gfx
0x083D298C	rom	sUnusedColor
0x083D2990	rom	sSpriteSheet_BoxScrollArrow
0x083D2998	rom	sOamData_BoxTitle
0x083D29A0	rom	sAnim_BoxTitle_Left
0x083D29A8	rom	sAnim_BoxTitle_Right
0x083D29B0	rom	sAnims_BoxTitle
0x083D29B8	rom	sSpriteTemplate_BoxTitle
0x083D29D0	rom	sOamData_BoxScrollArrow
0x083D29D8	rom	sAnim_BoxScrollArrow_Left
0x083D29E0	rom	sAnim_BoxScrollArrow_Right
0x083D29E8	rom	sAnims_BoxScrollArrow
0x083D29F0	rom	sSpriteTemplate_BoxScrollArrow
0x083D2A08	rom	sPokeStorageMisc1Pal
0x083D2A28	rom	sHandCursorTiles
0x083D3228	rom	sHandCursorShadowTiles
0x083D32A8	rom	placeChangeFuncs.51
0x083D32B4	rom	inputFuncs.193
0x083D3304	rom	sOamData_Cursor.212
0x083D330C	rom	sOamData_CursorShadow.213
0x083D3314	rom	sAnim_Cursor_Bouncing.214
0x083D3320	rom	sAnim_Cursor_Still.215
0x083D3328	rom	sAnim_Cursor_Open.216
0x083D3330	rom	sAnim_Cursor_Fist.217
0x083D3338	rom	sAnims_Cursor.218
0x083D3348	rom	sSpriteTemplate_Cursor.219
0x083D3360	rom	sSpriteTemplate_CursorShadow.220
0x083D3378	rom	sMenuTexts
0x083D3410	rom	sWindowTemplate_MultiMove
0x083D3418	rom	sItemInfoFrame_Gfx
0x083D3498	rom	sOamData_ItemIcon
0x083D34A0	rom	sAffineAnim_ItemIcon_Small
0x083D34B0	rom	sAffineAnim_ItemIcon_Appear
0x083D34C8	rom	sAffineAnim_ItemIcon_Disappear
0x083D34E0	rom	sAffineAnim_ItemIcon_PickUp
0x083D3500	rom	sAffineAnim_ItemIcon_PutDown
0x083D3520	rom	sAffineAnim_ItemIcon_PutAway
0x083D3538	rom	sAffineAnim_ItemIcon_Large
0x083D3548	rom	sAffineAnims_ItemIcon
0x083D3564	rom	sSpriteTemplate_ItemIcon
0x083D357C	rom	gMonIconPalettes
0x083D35DC	rom	gMonIconTable
0x083D3CBC	rom	gMonIconPaletteIndices
0x083D3E74	rom	gMonIconPaletteTable
0x083D3EA4	rom	sMonIconOamData
0x083D3EAC	rom	sMonIconAnim_Fast
0x083D3EB8	rom	sMonIconAnim_MediumFast
0x083D3EC4	rom	sMonIconAnim_MediumSlow
0x083D3ED0	rom	sMonIconAnim_Slow
0x083D3EDC	rom	sMonIconAnim_Still
0x083D3EE8	rom	sMonIconAnims
0x083D3EFC	rom	sMonIconAffineAnim_0
0x083D3F0C	rom	sMonIconAffineAnim_1
0x083D3F1C	rom	sMonIconAffineAnims
0x083D3F24	rom	sSpriteImageSizes
0x083D3F3C	rom	sCutGrassMetatileMapping
0x083D3F64	rom	sOamData_FldEff_CutGrass
0x083D3F6C	rom	sSpriteAnim_Fldeff_CutGrass_0
0x083D3F74	rom	sSpriteAnimTable_FldEff_CutGrass
0x083D3F78	rom	sSpriteFrameImages_FldEff_CutGrass
0x083D3F80	rom	gFldEffPalette_CutGrass
0x083D3F88	rom	sSpriteTemplate_FldEff_CutGrass
0x083D3FA8	rom	sOamData_Bag
0x083D3FB0	rom	sAnim_Bag_OpenPokeBallsPocket
0x083D3FBC	rom	sAnim_Bag_OpenItemsPocket
0x083D3FC8	rom	sAnim_Bag_OpenKeyItemsPocket
0x083D3FD4	rom	sAnims_Bag
0x083D3FE0	rom	sAffineAnim_BagIdle
0x083D3FF0	rom	sAffineAnim_BagShake
0x083D4018	rom	sAffineAnimTable_Bag
0x083D4020	rom	gSpriteSheet_BagMale
0x083D4028	rom	gSpriteSheet_BagFemale
0x083D4030	rom	gSpritePalette_Bag
0x083D4038	rom	sSpriteTemplate_Bag
0x083D4050	rom	sOamData_SwapLine
0x083D4058	rom	sAnim_SwapLine_Start
0x083D4060	rom	sAnim_SwapLine_Mid
0x083D4068	rom	sAnim_SwapLine_End
0x083D4070	rom	sAnims_SwapLine
0x083D407C	rom	gBagSwapSpriteSheet
0x083D4084	rom	gBagSwapSpritePalette
0x083D408C	rom	sSpriteTemplate_SwapLine
0x083D40A4	rom	sOamData_ItemIcon
0x083D40AC	rom	sAnim_ItemIcon
0x083D40B4	rom	sAnims_ItemIcon
0x083D40B8	rom	sSpriteTemplate_ItemIcon
0x083D40D0	rom	sItemIconTable
0x083D4C90	rom	gHorizontalLungeSpriteTemplate
0x083D4CA8	rom	gVerticalDipSpriteTemplate
0x083D4CC0	rom	gSlideMonToOriginalPosSpriteTemplate
0x083D4CD8	rom	gSlideMonToOffsetSpriteTemplate
0x083D4CF0	rom	gSlideMonToOffsetAndBackSpriteTemplate
0x083D4D08	rom	gItemDescription_ITEM_MASTER_BALL
0x083D4D62	rom	gItemDescription_ITEM_ULTRA_BALL
0x083D4DB4	rom	gItemDescription_ITEM_GREAT_BALL
0x083D4E0C	rom	gItemDescription_ITEM_POKE_BALL
0x083D4E56	rom	gItemDescription_ITEM_SAFARI_BALL
0x083D4EB3	rom	gItemDescription_ITEM_NET_BALL
0x083D4F08	rom	gItemDescription_ITEM_DIVE_BALL
0x083D4F59	rom	gItemDescription_ITEM_NEST_BALL
0x083D4FA1	rom	gItemDescription_ITEM_REPEAT_BALL
0x083D4FF0	rom	gItemDescription_ITEM_TIMER_BALL
0x083D5052	rom	gItemDescription_ITEM_LUXURY_BALL
0x083D509F	rom	gItemDescription_ITEM_PREMIER_BALL
0x083D50EE	rom	gItemDescription_ITEM_POTION
0x083D513B	rom	gItemDescription_ITEM_ANTIDOTE
0x083D5179	rom	gItemDescription_ITEM_BURN_HEAL
0x083D51B0	rom	gItemDescription_ITEM_ICE_HEAL
0x083D51E5	rom	gItemDescription_ITEM_AWAKENING
0x083D521B	rom	gItemDescription_ITEM_PARALYZE_HEAL
0x083D5257	rom	gItemDescription_ITEM_FULL_RESTORE
0x083D52AB	rom	gItemDescription_ITEM_MAX_POTION
0x083D52F1	rom	gItemDescription_ITEM_HYPER_POTION
0x083D533F	rom	gItemDescription_ITEM_SUPER_POTION
0x083D538C	rom	gItemDescription_ITEM_FULL_HEAL
0x083D53D4	rom	gItemDescription_ITEM_REVIVE
0x083D5428	rom	gItemDescription_ITEM_MAX_REVIVE
0x083D5467	rom	gItemDescription_ITEM_FRESH_WATER
0x083D54BA	rom	gItemDescription_ITEM_SODA_POP
0x083D54FE	rom	gItemDescription_ITEM_LEMONADE
0x083D5542	rom	gItemDescription_ITEM_MOOMOO_MILK
0x083D558B	rom	gItemDescription_ITEM_ENERGY_POWDER
0x083D55DA	rom	gItemDescription_ITEM_ENERGY_ROOT
0x083D561F	rom	gItemDescription_ITEM_HEAL_POWDER
0x083D566F	rom	gItemDescription_ITEM_REVIVAL_HERB
0x083D56BF	rom	gItemDescription_ITEM_ETHER
0x083D56FB	rom	gItemDescription_ITEM_MAX_ETHER
0x083D5730	rom	gItemDescription_ITEM_ELIXIR
0x083D5770	rom	gItemDescription_ITEM_MAX_ELIXIR
0x083D57A4	rom	gItemDescription_ITEM_LAVA_COOKIE
0x083D57F7	rom	gItemDescription_ITEM_BLUE_FLUTE
0x083D582B	rom	gItemDescription_ITEM_YELLOW_FLUTE
0x083D5869	rom	gItemDescription_ITEM_RED_FLUTE
0x083D58A6	rom	gItemDescription_ITEM_BLACK_FLUTE
0x083D58F4	rom	gItemDescription_ITEM_WHITE_FLUTE
0x083D5942	rom	gItemDescription_ITEM_BERRY_JUICE
0x083D5985	rom	gItemDescription_ITEM_SACRED_ASH
0x083D59B6	rom	gItemDescription_ITEM_SHOAL_SALT
0x083D5A01	rom	gItemDescription_ITEM_SHOAL_SHELL
0x083D5A56	rom	gItemDescription_ITEM_RED_SHARD
0x083D5AA2	rom	gItemDescription_ITEM_BLUE_SHARD
0x083D5AEF	rom	gItemDescription_ITEM_YELLOW_SHARD
0x083D5B3E	rom	gItemDescription_ITEM_GREEN_SHARD
0x083D5B8C	rom	gItemDescription_ITEM_HP_UP
0x083D5BD2	rom	gItemDescription_ITEM_PROTEIN
0x083D5C21	rom	gItemDescription_ITEM_IRON
0x083D5C71	rom	gItemDescription_ITEM_CARBOS
0x083D5CBF	rom	gItemDescription_ITEM_CALCIUM
0x083D5D0F	rom	gItemDescription_ITEM_RARE_CANDY
0x083D5D5C	rom	gItemDescription_ITEM_PP_UP
0x083D5D9F	rom	gItemDescription_ITEM_ZINC
0x083D5DEF	rom	gItemDescription_ITEM_PP_MAX
0x083D5E36	rom	gItemDescription_ITEM_GUARD_SPEC
0x083D5E89	rom	gItemDescription_ITEM_DIRE_HIT
0x083D5EE4	rom	gItemDescription_ITEM_X_ATTACK
0x083D5F38	rom	gItemDescription_ITEM_X_DEFEND
0x083D5F8D	rom	gItemDescription_ITEM_X_SPEED
0x083D5FE0	rom	gItemDescription_ITEM_X_ACCURACY
0x083D6036	rom	gItemDescription_ITEM_X_SPECIAL
0x083D608B	rom	gItemDescription_ITEM_POKE_DOLL
0x083D60D3	rom	gItemDescription_ITEM_FLUFFY_TAIL
0x083D611B	rom	gItemDescription_ITEM_SUPER_REPEL
0x083D6154	rom	gItemDescription_ITEM_MAX_REPEL
0x083D618D	rom	gItemDescription_ITEM_ESCAPE_ROPE
0x083D61D8	rom	gItemDescription_ITEM_REPEL
0x083D6211	rom	gItemDescription_ITEM_SUN_STONE
0x083D6269	rom	gItemDescription_ITEM_MOON_STONE
0x083D62C9	rom	gItemDescription_ITEM_FIRE_STONE
0x083D631E	rom	gItemDescription_ITEM_THUNDER_STONE
0x083D637B	rom	gItemDescription_ITEM_WATER_STONE
0x083D63D4	rom	gItemDescription_ITEM_LEAF_STONE
0x083D642A	rom	gItemDescription_ITEM_TINY_MUSHROOM
0x083D646F	rom	gItemDescription_ITEM_BIG_MUSHROOM
0x083D64B3	rom	gItemDescription_ITEM_PEARL
0x083D650C	rom	gItemDescription_ITEM_BIG_PEARL
0x083D6568	rom	gItemDescription_ITEM_STARDUST
0x083D65B4	rom	gItemDescription_ITEM_STAR_PIECE
0x083D660A	rom	gItemDescription_ITEM_NUGGET
0x083D6661	rom	gItemDescription_ITEM_HEART_SCALE
0x083D66C3	rom	gItemDescription_ITEM_ORANGE_MAIL
0x083D6714	rom	gItemDescription_ITEM_HARBOR_MAIL
0x083D6763	rom	gItemDescription_ITEM_GLITTER_MAIL
0x083D67B2	rom	gItemDescription_ITEM_MECH_MAIL
0x083D6803	rom	gItemDescription_ITEM_WOOD_MAIL
0x083D6852	rom	gItemDescription_ITEM_WAVE_MAIL
0x083D68A1	rom	gItemDescription_ITEM_BEAD_MAIL
0x083D68FC	rom	gItemDescription_ITEM_SHADOW_MAIL
0x083D694B	rom	gItemDescription_ITEM_TROPIC_MAIL
0x083D699C	rom	gItemDescription_ITEM_DREAM_MAIL
0x083D69F7	rom	gItemDescription_ITEM_FAB_MAIL
0x083D6A4F	rom	gItemDescription_ITEM_RETRO_MAIL
0x083D6AA7	rom	gItemDescription_ITEM_CHERI_BERRY
0x083D6AEC	rom	gItemDescription_ITEM_CHESTO_BERRY
0x083D6B2A	rom	gItemDescription_ITEM_PECHA_BERRY
0x083D6B6C	rom	gItemDescription_ITEM_RAWST_BERRY
0x083D6BAE	rom	gItemDescription_ITEM_ASPEAR_BERRY
0x083D6BF0	rom	gItemDescription_ITEM_LEPPA_BERRY
0x083D6C34	rom	gItemDescription_ITEM_ORAN_BERRY
0x083D6C78	rom	gItemDescription_ITEM_PERSIM_BERRY
0x083D6CBD	rom	gItemDescription_ITEM_LUM_BERRY
0x083D6D04	rom	gItemDescription_ITEM_SITRUS_BERRY
0x083D6D48	rom	gItemDescription_ITEM_FIGY_BERRY
0x083D6D88	rom	gItemDescription_ITEM_WIKI_BERRY
0x083D6DC8	rom	gItemDescription_ITEM_MAGO_BERRY
0x083D6E08	rom	gItemDescription_ITEM_AGUAV_BERRY
0x083D6E48	rom	gItemDescription_ITEM_IAPAPA_BERRY
0x083D6E88	rom	gItemDescription_ITEM_RAZZ_BERRY
0x083D6EC6	rom	gItemDescription_ITEM_BLUK_BERRY
0x083D6F04	rom	gItemDescription_ITEM_NANAB_BERRY
0x083D6F42	rom	gItemDescription_ITEM_WEPEAR_BERRY
0x083D6F80	rom	gItemDescription_ITEM_PINAP_BERRY
0x083D6FBE	rom	gItemDescription_ITEM_POMEG_BERRY
0x083D6FFC	rom	gItemDescription_ITEM_KELPSY_BERRY
0x083D703A	rom	gItemDescription_ITEM_QUALOT_BERRY
0x083D7078	rom	gItemDescription_ITEM_HONDEW_BERRY
0x083D70B6	rom	gItemDescription_ITEM_GREPA_BERRY
0x083D70F4	rom	gItemDescription_ITEM_TAMATO_BERRY
0x083D7132	rom	gItemDescription_ITEM_CORNN_BERRY
0x083D7170	rom	gItemDescription_ITEM_MAGOST_BERRY
0x083D71AE	rom	gItemDescription_ITEM_RABUTA_BERRY
0x083D71EC	rom	gItemDescription_ITEM_NOMEL_BERRY
0x083D722A	rom	gItemDescription_ITEM_SPELON_BERRY
0x083D7268	rom	gItemDescription_ITEM_PAMTRE_BERRY
0x083D72A6	rom	gItemDescription_ITEM_WATMEL_BERRY
0x083D72E4	rom	gItemDescription_ITEM_DURIN_BERRY
0x083D7322	rom	gItemDescription_ITEM_BELUE_BERRY
0x083D7360	rom	gItemDescription_ITEM_LIECHI_BERRY
0x083D739E	rom	gItemDescription_ITEM_GANLON_BERRY
0x083D73DD	rom	gItemDescription_ITEM_SALAC_BERRY
0x083D741A	rom	gItemDescription_ITEM_PETAYA_BERRY
0x083D7459	rom	gItemDescription_ITEM_APICOT_BERRY
0x083D7498	rom	gItemDescription_ITEM_LANSAT_BERRY
0x083D74DD	rom	gItemDescription_ITEM_STARF_BERRY
0x083D751C	rom	gItemDescription_ITEM_ENIGMA_BERRY
0x083D755A	rom	gItemDescription_ITEM_BRIGHT_POWDER
0x083D75B8	rom	gItemDescription_ITEM_WHITE_HERB
0x083D761B	rom	gItemDescription_ITEM_MACHO_BRACE
0x083D7679	rom	gItemDescription_ITEM_EXP_SHARE
0x083D76DB	rom	gItemDescription_ITEM_QUICK_CLAW
0x083D773C	rom	gItemDescription_ITEM_SOOTHE_BELL
0x083D77A5	rom	gItemDescription_ITEM_MENTAL_HERB
0x083D7803	rom	gItemDescription_ITEM_CHOICE_BAND
0x083D785E	rom	gItemDescription_ITEM_KINGS_ROCK
0x083D78B2	rom	gItemDescription_ITEM_SILVER_POWDER
0x083D7912	rom	gItemDescription_ITEM_AMULET_COIN
0x083D7972	rom	gItemDescription_ITEM_CLEANSE_TAG
0x083D79CF	rom	gItemDescription_ITEM_SOUL_DEW
0x083D7A21	rom	gItemDescription_ITEM_DEEP_SEA_TOOTH
0x083D7A81	rom	gItemDescription_ITEM_DEEP_SEA_SCALE
0x083D7AE0	rom	gItemDescription_ITEM_SMOKE_BALL
0x083D7B3E	rom	gItemDescription_ITEM_EVERSTONE
0x083D7B8F	rom	gItemDescription_ITEM_FOCUS_BAND
0x083D7BED	rom	gItemDescription_ITEM_LUCKY_EGG
0x083D7C53	rom	gItemDescription_ITEM_SCOPE_LENS
0x083D7CB6	rom	gItemDescription_ITEM_METAL_COAT
0x083D7D1A	rom	gItemDescription_ITEM_LEFTOVERS
0x083D7D73	rom	gItemDescription_ITEM_DRAGON_SCALE
0x083D7DB5	rom	gItemDescription_ITEM_LIGHT_BALL
0x083D7E11	rom	gItemDescription_ITEM_SOFT_SAND
0x083D7E72	rom	gItemDescription_ITEM_HARD_STONE
0x083D7ED2	rom	gItemDescription_ITEM_MIRACLE_SEED
0x083D7F36	rom	gItemDescription_ITEM_BLACK_GLASSES
0x083D7F94	rom	gItemDescription_ITEM_BLACK_BELT
0x083D7FEF	rom	gItemDescription_ITEM_MAGNET
0x083D8050	rom	gItemDescription_ITEM_MYSTIC_WATER
0x083D80B2	rom	gItemDescription_ITEM_SHARP_BEAK
0x083D8112	rom	gItemDescription_ITEM_POISON_BARB
0x083D8177	rom	gItemDescription_ITEM_NEVER_MELT_ICE
0x083D81D3	rom	gItemDescription_ITEM_SPELL_TAG
0x083D8228	rom	gItemDescription_ITEM_TWISTED_SPOON
0x083D828A	rom	gItemDescription_ITEM_CHARCOAL
0x083D82E8	rom	gItemDescription_ITEM_DRAGON_FANG
0x083D834B	rom	gItemDescription_ITEM_SILK_SCARF
0x083D83AA	rom	gItemDescription_ITEM_UP_GRADE
0x083D83F6	rom	gItemDescription_ITEM_SHELL_BELL
0x083D8452	rom	gItemDescription_ITEM_SEA_INCENSE
0x083D84A5	rom	gItemDescription_ITEM_LAX_INCENSE
0x083D84FC	rom	gItemDescription_ITEM_LUCKY_PUNCH
0x083D8545	rom	gItemDescription_ITEM_METAL_POWDER
0x083D8590	rom	gItemDescription_ITEM_THICK_CLUB
0x083D85E7	rom	gItemDescription_ITEM_STICK
0x083D863E	rom	gItemDescription_ITEM_RED_SCARF
0x083D869B	rom	gItemDescription_ITEM_BLUE_SCARF
0x083D86FA	rom	gItemDescription_ITEM_PINK_SCARF
0x083D8757	rom	gItemDescription_ITEM_GREEN_SCARF
0x083D87B5	rom	gItemDescription_ITEM_YELLOW_SCARF
0x083D8813	rom	gItemDescription_ITEM_MACH_BIKE
0x083D8850	rom	gItemDescription_ITEM_COIN_CASE
0x083D88A2	rom	gItemDescription_ITEM_ITEMFINDER
0x083D8908	rom	gItemDescription_ITEM_OLD_ROD
0x083D895F	rom	gItemDescription_ITEM_GOOD_ROD
0x083D89B7	rom	gItemDescription_ITEM_SUPER_ROD
0x083D8A10	rom	gItemDescription_ITEM_SS_TICKET
0x083D8A6A	rom	gItemDescription_ITEM_CONTEST_PASS
0x083D8AC6	rom	gItemDescription_ITEM_WAILMER_PAIL
0x083D8B1E	rom	gItemDescription_ITEM_DEVON_GOODS
0x083D8B73	rom	gItemDescription_ITEM_SOOT_SACK
0x083D8BC1	rom	gItemDescription_ITEM_BASEMENT_KEY
0x083D8C07	rom	gItemDescription_ITEM_ACRO_BIKE
0x083D8C4C	rom	gItemDescription_ITEM_POKEBLOCK_CASE
0x083D8CA4	rom	gItemDescription_ITEM_LETTER
0x083D8CF9	rom	gItemDescription_ITEM_EON_TICKET
0x083D8D66	rom	gItemDescription_ITEM_RED_ORB
0x083D8DBB	rom	gItemDescription_ITEM_BLUE_ORB
0x083D8E11	rom	gItemDescription_ITEM_SCANNER
0x083D8E61	rom	gItemDescription_ITEM_GO_GOGGLES
0x083D8EBF	rom	gItemDescription_ITEM_METEORITE
0x083D8F13	rom	gItemDescription_ITEM_ROOM_1_KEY
0x083D8F75	rom	gItemDescription_ITEM_ROOM_2_KEY
0x083D8FD7	rom	gItemDescription_ITEM_ROOM_4_KEY
0x083D9039	rom	gItemDescription_ITEM_ROOM_6_KEY
0x083D909B	rom	gItemDescription_ITEM_STORAGE_KEY
0x083D90FB	rom	gItemDescription_ITEM_ROOT_FOSSIL
0x083D9156	rom	gItemDescription_ITEM_CLAW_FOSSIL
0x083D91AB	rom	gItemDescription_ITEM_DEVON_SCOPE
0x083D9205	rom	gItemDescription_ITEM_TM01
0x083D9268	rom	gItemDescription_ITEM_TM02
0x083D92AF	rom	gItemDescription_ITEM_TM03
0x083D92FD	rom	gItemDescription_ITEM_TM04
0x083D9354	rom	gItemDescription_ITEM_TM05
0x083D93B2	rom	gItemDescription_ITEM_TM06
0x083D9403	rom	gItemDescription_ITEM_TM07
0x083D9467	rom	gItemDescription_ITEM_TM08
0x083D94C3	rom	gItemDescription_ITEM_TM09
0x083D951D	rom	gItemDescription_ITEM_TM10
0x083D956C	rom	gItemDescription_ITEM_TM11
0x083D95C9	rom	gItemDescription_ITEM_TM12
0x083D961A	rom	gItemDescription_ITEM_TM13
0x083D965F	rom	gItemDescription_ITEM_TM14
0x083D96B6	rom	gItemDescription_ITEM_TM15
0x083D9718	rom	gItemDescription_ITEM_TM16
0x083D976C	rom	gItemDescription_ITEM_TM17
0x083D97D4	rom	gItemDescription_ITEM_TM18
0x083D982E	rom	gItemDescription_ITEM_TM19
0x083D988D	rom	gItemDescription_ITEM_TM20
0x083D98DB	rom	gItemDescription_ITEM_TM21
0x083D992B	rom	gItemDescription_ITEM_TM22
0x083D9994	rom	gItemDescription_ITEM_TM23
0x083D99EC	rom	gItemDescription_ITEM_TM24
0x083D9A3A	rom	gItemDescription_ITEM_TM25
0x083D9A7B	rom	gItemDescription_ITEM_TM26
0x083D9AC8	rom	gItemDescription_ITEM_TM27
0x083D9B15	rom	gItemDescription_ITEM_TM28
0x083D9B78	rom	gItemDescription_ITEM_TM29
0x083D9BD8	rom	gItemDescription_ITEM_TM30
0x083D9C29	rom	gItemDescription_ITEM_TM31
0x083D9C8C	rom	gItemDescription_ITEM_TM32
0x083D9CE8	rom	gItemDescription_ITEM_TM33
0x083D9D4B	rom	gItemDescription_ITEM_TM34
0x083D9D9C	rom	gItemDescription_ITEM_TM35
0x083D9DF0	rom	gItemDescription_ITEM_TM36
0x083D9E43	rom	gItemDescription_ITEM_TM37
0x083D9EA7	rom	gItemDescription_ITEM_TM38
0x083D9EFA	rom	gItemDescription_ITEM_TM39
0x083D9F4D	rom	gItemDescription_ITEM_TM40
0x083D9F95	rom	gItemDescription_ITEM_TM41
0x083D9FF2	rom	gItemDescription_ITEM_TM42
0x083DA04B	rom	gItemDescription_ITEM_TM43
0x083DA09E	rom	gItemDescription_ITEM_TM44
0x083DA100	rom	gItemDescription_ITEM_TM45
0x083DA15A	rom	gItemDescription_ITEM_TM46
0x083DA1A5	rom	gItemDescription_ITEM_TM47
0x083DA1F9	rom	gItemDescription_ITEM_TM48
0x083DA252	rom	gItemDescription_ITEM_TM49
0x083DA2B3	rom	gItemDescription_ITEM_TM50
0x083DA318	rom	gItemDescription_ITEM_HM01
0x083DA381	rom	gItemDescription_ITEM_HM02
0x083DA3E7	rom	gItemDescription_ITEM_HM03
0x083DA444	rom	gItemDescription_ITEM_HM04
0x083DA4A9	rom	gItemDescription_ITEM_HM05
0x083DA509	rom	gItemDescription_ITEM_HM06
0x083DA55A	rom	gItemDescription_ITEM_HM07
0x083DA5A8	rom	gItemDescription_ITEM_HM08
0x083DA60D	rom	gItemDescription_ITEM_OAKS_PARCEL
0x083DA656	rom	gItemDescription_ITEM_POKE_FLUTE
0x083DA6A2	rom	gItemDescription_ITEM_SECRET_KEY
0x083DA6F0	rom	gItemDescription_ITEM_BIKE_VOUCHER
0x083DA743	rom	gItemDescription_ITEM_GOLD_TEETH
0x083DA796	rom	gItemDescription_ITEM_OLD_AMBER
0x083DA7F7	rom	gItemDescription_ITEM_CARD_KEY
0x083DA846	rom	gItemDescription_ITEM_LIFT_KEY
0x083DA8A0	rom	gItemDescription_ITEM_HELIX_FOSSIL
0x083DA8F9	rom	gItemDescription_ITEM_DOME_FOSSIL
0x083DA94F	rom	gItemDescription_ITEM_SILPH_SCOPE
0x083DA995	rom	gItemDescription_ITEM_BICYCLE
0x083DA9DB	rom	gItemDescription_ITEM_TOWN_MAP
0x083DAA33	rom	gItemDescription_ITEM_VS_SEEKER
0x083DAA8D	rom	gItemDescription_ITEM_FAME_CHECKER
0x083DAAE1	rom	gItemDescription_ITEM_TM_CASE
0x083DAB3D	rom	gItemDescription_ITEM_BERRY_POUCH
0x083DAB98	rom	gItemDescription_ITEM_TEACHY_TV
0x083DABEA	rom	gItemDescription_ITEM_TRI_PASS
0x083DAC44	rom	gItemDescription_ITEM_RAINBOW_PASS
0x083DACA4	rom	gItemDescription_ITEM_TEA
0x083DACF2	rom	gItemDescription_ITEM_MYSTIC_TICKET
0x083DAD43	rom	gItemDescription_ITEM_AURORA_TICKET
0x083DAD8E	rom	gItemDescription_ITEM_POWDER_JAR
0x083DADC9	rom	gItemDescription_ITEM_RUBY
0x083DAE12	rom	gItemDescription_ITEM_SAPPHIRE
0x083DAE5C	rom	gItemDescription_ITEM_NONE
0x083DAE64	rom	gItems
0x083DEED8	rom	sShopMenuActions_BuySellQuit
0x083DEEF0	rom	sShopMenuActions_BuyQuit
0x083DEEF8	rom	sShopMenuWindowTemplate
0x083DEF00	rom	sShopBuyMenuBgTemplates
0x083DEF10	rom	sEscalatorMetatiles_BottomNextRail
0x083DEF16	rom	sEscalatorMetatiles_BottomRail
0x083DEF1C	rom	sEscalatorMetatiles_BottomNext
0x083DEF22	rom	sEscalatorMetatiles_Bottom
0x083DEF28	rom	sEscalatorMetatiles_TopNext
0x083DEF2E	rom	sEscalatorMetatiles_Top
0x083DEF34	rom	sEscalatorMetatiles_TopNextRail
0x083DEF3C	rom	sBerryDescriptionPart1_Cheri
0x083DEF4D	rom	sBerryDescriptionPart2_Cheri
0x083DEF5E	rom	sBerryDescriptionPart1_Chesto
0x083DEF75	rom	sBerryDescriptionPart2_Chesto
0x083DEF88	rom	sBerryDescriptionPart1_Pecha
0x083DEF97	rom	sBerryDescriptionPart2_Pecha
0x083DEFAC	rom	sBerryDescriptionPart1_Rawst
0x083DEFC3	rom	sBerryDescriptionPart2_Rawst
0x083DEFD5	rom	sBerryDescriptionPart1_Aspear
0x083DEFEB	rom	sBerryDescriptionPart2_Aspear
0x083DF002	rom	sBerryDescriptionPart1_Leppa
0x083DF018	rom	sBerryDescriptionPart2_Leppa
0x083DF02D	rom	sBerryDescriptionPart1_Oran
0x083DF044	rom	sBerryDescriptionPart2_Oran
0x083DF057	rom	sBerryDescriptionPart1_Persim
0x083DF06B	rom	sBerryDescriptionPart2_Persim
0x083DF07E	rom	sBerryDescriptionPart1_Lum
0x083DF094	rom	sBerryDescriptionPart2_Lum
0x083DF0AA	rom	sBerryDescriptionPart1_Sitrus
0x083DF0C1	rom	sBerryDescriptionPart2_Sitrus
0x083DF0D4	rom	sBerryDescriptionPart1_Figy
0x083DF0EB	rom	sBerryDescriptionPart2_Figy
0x083DF0FD	rom	sBerryDescriptionPart1_Wiki
0x083DF114	rom	sBerryDescriptionPart2_Wiki
0x083DF12A	rom	sBerryDescriptionPart1_Mago
0x083DF140	rom	sBerryDescriptionPart2_Mago
0x083DF151	rom	sBerryDescriptionPart1_Aguav
0x083DF168	rom	sBerryDescriptionPart2_Aguav
0x083DF17D	rom	sBerryDescriptionPart1_Iapapa
0x083DF190	rom	sBerryDescriptionPart2_Iapapa
0x083DF1A7	rom	sBerryDescriptionPart1_Razz
0x083DF1BE	rom	sBerryDescriptionPart2_Razz
0x083DF1D5	rom	sBerryDescriptionPart1_Bluk
0x083DF1E8	rom	sBerryDescriptionPart2_Bluk
0x083DF1FA	rom	sBerryDescriptionPart1_Nanab
0x083DF210	rom	sBerryDescriptionPart2_Nanab
0x083DF226	rom	sBerryDescriptionPart1_Wepear
0x083DF23C	rom	sBerryDescriptionPart2_Wepear
0x083DF253	rom	sBerryDescriptionPart1_Pinap
0x083DF266	rom	sBerryDescriptionPart2_Pinap
0x083DF27D	rom	sBerryDescriptionPart1_Pomeg
0x083DF291	rom	sBerryDescriptionPart2_Pomeg
0x083DF2A5	rom	sBerryDescriptionPart1_Kelpsy
0x083DF2B9	rom	sBerryDescriptionPart2_Kelpsy
0x083DF2D0	rom	sBerryDescriptionPart1_Qualot
0x083DF2E5	rom	sBerryDescriptionPart2_Qualot
0x083DF2F6	rom	sBerryDescriptionPart1_Hondew
0x083DF30D	rom	sBerryDescriptionPart2_Hondew
0x083DF321	rom	sBerryDescriptionPart1_Grepa
0x083DF333	rom	sBerryDescriptionPart2_Grepa
0x083DF346	rom	sBerryDescriptionPart1_Tamato
0x083DF35C	rom	sBerryDescriptionPart2_Tamato
0x083DF36D	rom	sBerryDescriptionPart1_Cornn
0x083DF381	rom	sBerryDescriptionPart2_Cornn
0x083DF396	rom	sBerryDescriptionPart1_Magost
0x083DF3A8	rom	sBerryDescriptionPart2_Magost
0x083DF3B4	rom	sBerryDescriptionPart1_Rabuta
0x083DF3C9	rom	sBerryDescriptionPart2_Rabuta
0x083DF3D8	rom	sBerryDescriptionPart1_Nomel
0x083DF3EB	rom	sBerryDescriptionPart2_Nomel
0x083DF400	rom	sBerryDescriptionPart1_Spelon
0x083DF417	rom	sBerryDescriptionPart2_Spelon
0x083DF42D	rom	sBerryDescriptionPart1_Pamtre
0x083DF443	rom	sBerryDescriptionPart2_Pamtre
0x083DF459	rom	sBerryDescriptionPart1_Watmel
0x083DF470	rom	sBerryDescriptionPart2_Watmel
0x083DF485	rom	sBerryDescriptionPart1_Durin
0x083DF49C	rom	sBerryDescriptionPart2_Durin
0x083DF4B1	rom	sBerryDescriptionPart1_Belue
0x083DF4C8	rom	sBerryDescriptionPart2_Belue
0x083DF4DF	rom	sBerryDescriptionPart1_Liechi
0x083DF4F2	rom	sBerryDescriptionPart2_Liechi
0x083DF507	rom	sBerryDescriptionPart1_Ganlon
0x083DF51A	rom	sBerryDescriptionPart2_Ganlon
0x083DF52F	rom	sBerryDescriptionPart1_Salac
0x083DF542	rom	sBerryDescriptionPart2_Salac
0x083DF557	rom	sBerryDescriptionPart1_Petaya
0x083DF56B	rom	sBerryDescriptionPart2_Petaya
0x083DF582	rom	sBerryDescriptionPart1_Apicot
0x083DF595	rom	sBerryDescriptionPart2_Apicot
0x083DF5AC	rom	sBerryDescriptionPart1_Lansat
0x083DF5C3	rom	sBerryDescriptionPart2_Lansat
0x083DF5D8	rom	sBerryDescriptionPart1_Starf
0x083DF5EB	rom	sBerryDescriptionPart2_Starf
0x083DF600	rom	sBerryDescriptionPart1_Enigma
0x083DF610	rom	sBerryDescriptionPart2_Enigma
0x083DF624	rom	gBerries
0x083DFAD8	rom	gBerryCrush_BerryData
0x083DFB84	rom	gBlankBerryTree
0x083DFB8C	rom	sMultichoiceList_YesNo
0x083DFB9C	rom	sMultichoiceList_TrainerCardIconTint
0x083DFBBC	rom	sMultichoiceList_HOF_Quit
0x083DFBCC	rom	sMultichoiceList_Eggs_Quit
0x083DFBDC	rom	sMultichoiceList_Victories_Quit
0x083DFBEC	rom	sMultichoiceList_HOF_Eggs_Quit
0x083DFC04	rom	sMultichoiceList_HOF_Victories_Quit
0x083DFC1C	rom	sMultichoiceList_Eggs_Victories_Quit
0x083DFC34	rom	sMultichoiceList_HOF_Eggs_Victories_Quit
0x083DFC54	rom	sMultichoiceList_TrainerSchoolWhiteboard
0x083DFC84	rom	sMultichoiceList_YesNoInfo
0x083DFC9C	rom	sMultichoiceList_SingleDoubleMultiInfoExit
0x083DFCC4	rom	sMultichoiceList_YesNoInfo2
0x083DFCDC	rom	sMultichoiceList_ChallengeInfoExit
0x083DFCF4	rom	sMultichoiceList_RooftopB1F
0x083DFD0C	rom	sMultichoiceList_Helix
0x083DFD1C	rom	sMultichoiceList_Dome
0x083DFD2C	rom	sMultichoiceList_Amber
0x083DFD3C	rom	sMultichoiceList_HelixAmber
0x083DFD54	rom	sMultichoiceList_DomeAmber
0x083DFD6C	rom	sMultichoiceList_CeladonVendingMachine
0x083DFD8C	rom	sMultichoiceList_GameCornerTMPrizes
0x083DFDBC	rom	sMultichoiceList_GameCornerBattleItemPrizes
0x083DFDEC	rom	sMultichoiceList_GameCornerCoinPurchaseCounter
0x083DFE04	rom	sMultichoiceList_Excellent_NotSoBad
0x083DFE14	rom	sMultichoiceList_RightLeft
0x083DFE24	rom	sMultichoiceList_DeptStoreElevator
0x083DFE54	rom	sMultichoiceList_ThirstyGirlFreshWater
0x083DFE64	rom	sMultichoiceList_ThirstyGirlSodaPop
0x083DFE74	rom	sMultichoiceList_ThirstyGirlFreshWaterSodaPop
0x083DFE8C	rom	sMultichoiceList_ThirstyGirlLemonade
0x083DFE9C	rom	sMultichoiceList_ThirstyGirlFreshWaterLemonade
0x083DFEB4	rom	sMultichoiceList_ThirstyGirlSodaPopLemonade
0x083DFECC	rom	sMultichoiceList_ThirstyGirlFreshWaterSodaPopLemonade
0x083DFEEC	rom	sMultichoiceList_Unref_Shards_0
0x083DFEFC	rom	sMultichoiceList_Unref_Shards_1
0x083DFF14	rom	sMultichoiceList_Unref_Shards_2
0x083DFF2C	rom	sMultichoiceList_Unref_Shards_3
0x083DFF4C	rom	sMultichoiceList_Unref_Shards_4
0x083DFF64	rom	sMultichoiceList_Unref_Shards_5
0x083DFF84	rom	sMultichoiceList_Unref_Shards_6
0x083DFFA4	rom	sMultichoiceList_Unref_Shards_7
0x083DFFCC	rom	sMultichoiceList_Eeveelutions
0x083DFFF4	rom	sMultichoiceList_BikeShop
0x083E0004	rom	sMultichoiceList_GameCornerPokemonPrizes
0x083E0034	rom	sMultichoiceList_TradeCenter_Colosseum
0x083E004C	rom	sMultichoiceList_Link_Wireless
0x083E0064	rom	sMultichoiceList_RocketHideoutElevator
0x083E0084	rom	sMultichoiceList_LinkedDirectUnion
0x083E00A4	rom	sMultichoiceList_Island23
0x083E00BC	rom	sMultichoiceList_Island13
0x083E00D4	rom	sMultichoiceList_Island12
0x083E00EC	rom	sMultichoiceList_TradeColosseumCrush
0x083E010C	rom	sMultichoiceList_48
0x083E0124	rom	sMultichoiceList_TradeColosseum_2
0x083E013C	rom	sMultichoiceList_PokejumpDodrio
0x083E0154	rom	sMultichoiceList_Mushrooms
0x083E0164	rom	sMultichoiceList_TradeColosseumBlankCrush
0x083E018C	rom	sMultichoiceList_TradeColosseumBlank
0x083E01AC	rom	sMultichoiceList_SeviiNavel
0x083E01C4	rom	sMultichoiceList_SeviiBirth
0x083E01DC	rom	sMultichoiceList_SeviiNavelBirth
0x083E01FC	rom	sMultichoiceList_Seagallop123
0x083E021C	rom	sMultichoiceList_SeagallopV23
0x083E023C	rom	sMultichoiceList_SeagallopV13
0x083E025C	rom	sMultichoiceList_SeagallopV12
0x083E027C	rom	sMultichoiceList_SeagallopVermilion
0x083E028C	rom	sMultichoiceList_62
0x083E02A4	rom	sMultichoiceList_JoinOrLead
0x083E02BC	rom	sMultichoiceList_TrainerTowerMode
0x083E02E4	rom	sMultichoiceList_Exit
0x083E02EC	rom	sMultichoiceLists
0x083E04F4	rom	gStdStringPtrs
0x083E0568	rom	sDescriptionPtrs_CableClub_TradeBattleCancel
0x083E0574	rom	sDescriptionPtrs_WirelessCenter_TradeBattleCrushCancel
0x083E0584	rom	sDescriptionPtrs_WirelessCenter_TradeBattleCancel
0x083E0590	rom	sMuseumFossilAnim0
0x083E0598	rom	sMuseumFossilAnimCmdTable
0x083E059C	rom	sMuseumFossilOamData
0x083E05A4	rom	sMuseumFossilSprTemplate
0x083E05BC	rom	sMuseumAerodactylSprTiles
0x083E0DBC	rom	sMuseumAerodactylSprPalette
0x083E0DDC	rom	sMuseumKabutopsSprTiles
0x083E15DC	rom	sMuseumKabutopsSprPalette
0x083E15FC	rom	sMuseumKabutopsSprSheets
0x083E160C	rom	sMuseumAerodactylSprSheets
0x083E161C	rom	sSeagallopDestStrings
0x083E163C	rom	sPCIconOff_Gfx
0x083E16FC	rom	sPCIconOn_Gfx
0x083E17BC	rom	sRival_Gfx
0x083E20BC	rom	sTransferredToPCMessages
0x083E20CC	rom	sBgTemplates
0x083E20DC	rom	sWindowTemplates
0x083E210C	rom	sKeyboardChars
0x083E216C	rom	sPageColumnCounts
0x083E216F	rom	sPageColumnXPos
0x083E2187	rom	sPageToNextGfxId
0x083E218A	rom	sPageToNextKeyboardId
0x083E218D	rom	sPageToKeyboardId
0x083E2190	rom	sPageSwapAnimStateFuncs
0x083E21B0	rom	sButtonKeyRoles
0x083E21B4	rom	sPageSwapSpriteFuncs
0x083E21C4	rom	sPageSwapPalTags
0x083E21CA	rom	sPageSwapGfxTags
0x083E21D0	rom	sIconFunctions
0x083E21E4	rom	sAnim_Rival
0x083E21F8	rom	sAnims_Rival
0x083E220C	rom	sKeyboardKeyHandlers
0x083E221C	rom	sInputFuncs
0x083E2248	rom	sDrawTextEntryBoxFuncs
0x083E225C	rom	sDrawGenderIconFuncs
0x083E2264	rom	sGenderColors
0x083E226C	rom	sTextColorStruct
0x083E2278	rom	sFillValues
0x083E227C	rom	sKeyboardTextColors
0x083E2288	rom	sNextKeyboardPageTilemaps
0x083E2298	rom	sPlayerNamingScreenTemplate
0x083E22A4	rom	sPcBoxNamingScreenTemplate
0x083E22B0	rom	sMonNamingScreenTemplate
0x083E22BC	rom	sRivalNamingScreenTemplate
0x083E22C8	rom	sNamingScreenTemplates
0x083E22DC	rom	sOam_8x8
0x083E22E4	rom	sOam_16x16
0x083E22EC	rom	sOam_32x16
0x083E22F4	rom	sSubsprites_PageSwapFrame
0x083E2314	rom	sSubsprites_PageSwapText
0x083E231C	rom	sSubsprites_Button
0x083E2334	rom	sSubsprites_PCIcon
0x083E2340	rom	sSubspriteTable_PageSwapFrame
0x083E2348	rom	sSubspriteTable_PageSwapText
0x083E2360	rom	sSubspriteTable_Button
0x083E2368	rom	sSubspriteTable_PCIcon
0x083E2370	rom	sImageTable_PCIcon
0x083E2380	rom	sAnim_Loop
0x083E2388	rom	sAnim_CursorSquish
0x083E2394	rom	sAnim_PCIcon
0x083E23A0	rom	sAnims_Loop
0x083E23A4	rom	sAnims_Cursor
0x083E23AC	rom	sAnims_PCIcon
0x083E23B0	rom	sSpriteTemplate_PageSwapFrame
0x083E23C8	rom	sSpriteTemplate_PageSwapButton
0x083E23E0	rom	sSpriteTemplate_PageSwapText
0x083E23F8	rom	sSpriteTemplate_BackButton
0x083E2410	rom	sSpriteTemplate_OkButton
0x083E2428	rom	sSpriteTemplate_Cursor
0x083E2440	rom	sSpriteTemplate_InputArrow
0x083E2458	rom	sSpriteTemplate_Underscore
0x083E2470	rom	sSpriteTemplate_PCIcon
0x083E2488	rom	sNamingScreenKeyboardText
0x083E24B8	rom	sSpriteSheets
0x083E2520	rom	sSpritePalettes
0x083E2568	rom	sBigMonSizeTable
0x083E25E8	rom	sGiftRibbonsMonDataIds
0x083E25F0	rom	sUnused
0x083E2790	rom	sExitCallbackByItemType
0x083E27A0	rom	sUnused
0x083E27A4	rom	sPowderParticlesAnimCmds
0x083E27C8	rom	sPowderParticlesAnimTable
0x083E27CC	rom	gSleepPowderParticleSpriteTemplate
0x083E27E4	rom	gStunSporeParticleSpriteTemplate
0x083E27FC	rom	gPoisonPowderParticleSpriteTemplate
0x083E2814	rom	sSolarBeamBigOrbAnimCmds1
0x083E281C	rom	sSolarBeamBigOrbAnimCmds2
0x083E2824	rom	sSolarBeamBigOrbAnimCmds3
0x083E282C	rom	sSolarBeamBigOrbAnimCmds4
0x083E2834	rom	sSolarBeamBigOrbAnimCmds5
0x083E283C	rom	sSolarBeamBigOrbAnimCmds6
0x083E2844	rom	sSolarBeamBigOrbAnimCmds7
0x083E284C	rom	sSolarBeamSmallOrbAnimCms
0x083E2854	rom	sPowerAbsorptionOrbAnimCmds
0x083E285C	rom	sSolarBeamBigOrbAnimTable
0x083E2878	rom	sSolarBeamSmallOrbAnimTable
0x083E287C	rom	sPowerAbsorptionOrbAnimTable
0x083E2880	rom	sPowerAbsorptionOrbAffineAnimCmds
0x083E2890	rom	sPowerAbsorptionOrbAffineAnimTable
0x083E2894	rom	gPowerAbsorptionOrbSpriteTemplate
0x083E28AC	rom	gSolarBeamBigOrbSpriteTemplate
0x083E28C4	rom	gSolarBeamSmallOrbSpriteTemplate
0x083E28DC	rom	sStockpileAbsorptionOrbAffineCmds
0x083E28F4	rom	sStockpileAbsorptionOrbAffineAnimTable
0x083E28F8	rom	gStockpileAbsorptionOrbSpriteTemplate
0x083E2910	rom	sAbsorptionOrbAffineAnimCmds
0x083E2920	rom	sAbsorptionOrbAffineAnimTable
0x083E2924	rom	gAbsorptionOrbSpriteTemplate
0x083E293C	rom	gHyperBeamOrbSpriteTemplate
0x083E2954	rom	sLeechSeedAnimCmds1
0x083E295C	rom	sLeechSeedAnimCmds2
0x083E2968	rom	sLeechSeedAnimTable
0x083E2970	rom	gLeechSeedSpriteTemplate
0x083E2988	rom	sSporeParticleAnimCmds1
0x083E2990	rom	sSporeParticleAnimCmds2
0x083E2998	rom	sSporeParticleAnimTable
0x083E29A0	rom	gSporeParticleSpriteTemplate
0x083E29B8	rom	sPetalDanceBigFlowerAnimCmds
0x083E29C0	rom	sPetalDanceSmallFlowerAnimCmds
0x083E29C8	rom	sPetalDanceBigFlowerAnimTable
0x083E29CC	rom	sPetalDanceSmallFlowerAnimTable
0x083E29D0	rom	gPetalDanceBigFlowerSpriteTemplate
0x083E29E8	rom	gPetalDanceSmallFlowerSpriteTemplate
0x083E2A00	rom	sRazorLeafParticleAnimCmds1
0x083E2A2C	rom	sRazorLeafParticleAnimCmds2
0x083E2A3C	rom	sRazorLeafParticleAnimTable
0x083E2A44	rom	gRazorLeafParticleSpriteTemplate
0x083E2A5C	rom	gTwisterLeafSpriteTemplate
0x083E2A74	rom	sRazorLeafCutterAnimCmds
0x083E2A88	rom	sRazorLeafCutterAnimTable
0x083E2A8C	rom	gRazorLeafCutterSpriteTemplate
0x083E2AA4	rom	sSwiftStarAffineAnimCmds
0x083E2AB4	rom	sSwiftStarAffineAnimTable
0x083E2AB8	rom	gSwiftStarSpriteTemplate
0x083E2AD0	rom	sAnim_ConstrictBinding
0x083E2AE4	rom	sAnim_ConstrictBinding_Flipped
0x083E2AF8	rom	sAnims_ConstrictBinding
0x083E2B00	rom	sAffineAnim_ConstrictBinding
0x083E2B20	rom	sAffineAnim_ConstrictBinding_Flipped
0x083E2B40	rom	sAffineAnims_ConstrictBinding
0x083E2B48	rom	gConstrictBindingSpriteTemplate
0x083E2B60	rom	sMimicOrbAffineAnimCmds1
0x083E2B78	rom	sMimicOrbAffineAnimCmds2
0x083E2B88	rom	sMimicOrbAffineAnimTable
0x083E2B90	rom	gMimicOrbSpriteTemplate
0x083E2BA8	rom	sIngrainRootAnimCmds1
0x083E2BBC	rom	sIngrainRootAnimCmds2
0x083E2BD0	rom	sIngrainRootAnimCmds3
0x083E2BE0	rom	sIngrainRootAnimCmds4
0x083E2BF0	rom	sIngrainRootAnimTable
0x083E2C00	rom	gIngrainRootSpriteTemplate
0x083E2C18	rom	gFrenzyPlantRootSpriteTemplate
0x083E2C30	rom	sIngrainOrbAnimCmds
0x083E2C3C	rom	sIngrainOrbAnimTable
0x083E2C40	rom	gIngrainOrbSpriteTemplate
0x083E2C58	rom	sFallingBagAnimCmds
0x083E2C60	rom	sFallingBagAnimTable
0x083E2C64	rom	sFallingBagAffineAnimCmds1
0x083E2C84	rom	sFallingBagAffineAnimCmds2
0x083E2CBC	rom	sFallingBagAffineAnimTable
0x083E2CC4	rom	gPresentSpriteTemplate
0x083E2CDC	rom	gKnockOffItemSpriteTemplate
0x083E2CF4	rom	sPresentHealParticleAnimCmds
0x083E2D08	rom	sPresentHealParticleAnimTable
0x083E2D0C	rom	gPresentHealParticleSpriteTemplate
0x083E2D24	rom	gItemStealSpriteTemplate
0x083E2D3C	rom	sTrickBagAffineAnimCmds1
0x083E2D4C	rom	sTrickBagAffineAnimCmds2
0x083E2D8C	rom	sTrickBagAffineAnimTable
0x083E2D9C	rom	gTrickBagSpriteTemplate
0x083E2DB4	rom	gTrickBagCoordinates
0x083E2DD8	rom	sLeafBladeAnimCmds1
0x083E2DE0	rom	sLeafBladeAnimCmds2
0x083E2DE8	rom	sLeafBladeAnimCmds3
0x083E2DF0	rom	sLeafBladeAnimCmds4
0x083E2DF8	rom	sLeafBladeAnimCmds5
0x083E2E00	rom	sLeafBladeAnimCmds6
0x083E2E08	rom	sLeafBladeAnimCmds7
0x083E2E10	rom	sLeafBladeAnimTable
0x083E2E2C	rom	gLeafBladeSpriteTemplate
0x083E2E44	rom	sAromatherapyBigFlowerAffineAnimCmds
0x083E2E5C	rom	sAromatherapyBigFlowerAffineAnimTable
0x083E2E60	rom	gAromatherapySmallFlowerSpriteTemplate
0x083E2E78	rom	gAromatherapyBigFlowerSpriteTemplate
0x083E2E90	rom	sSilverWindBigSparkAffineAnimCmds
0x083E2EA8	rom	sSilverWindMediumSparkAffineAnimCmds
0x083E2EC0	rom	sSilverWindSmallSparkAffineAnimCmds
0x083E2ED8	rom	sSilverWindBigSparkAffineAnimTable
0x083E2EDC	rom	sSilverWindMediumSparkAffineAnimTable
0x083E2EE0	rom	sSilverWindSmallSparkAffineAnimTable
0x083E2EE4	rom	gSilverWindBigSparkSpriteTemplate
0x083E2EFC	rom	gSilverWindMediumSparkSpriteTemplate
0x083E2F14	rom	gSilverWindSmallSparkSpriteTemplate
0x083E2F2C	rom	sMagicalLeafBlendColors
0x083E2F3C	rom	gNeedleArmSpikeSpriteTemplate
0x083E2F54	rom	sAnim_Whip
0x083E2F68	rom	sAnim_Whip_Flipped
0x083E2F7C	rom	sAnims_Whip
0x083E2F84	rom	gSlamHitSpriteTemplate
0x083E2F9C	rom	gVineWhipSpriteTemplate
0x083E2FB4	rom	sAnim_SlidingHit
0x083E2FCC	rom	sAnims_SlidingHit
0x083E2FD0	rom	sSlidingHit1SpriteTemplate
0x083E2FE8	rom	sSlidingHit2SpriteTemplate
0x083E3000	rom	sAffineAnim_FlickeringPunch_Normal
0x083E3010	rom	sAffineAnim_FlickeringPunch_TurnedTopLeft
0x083E3020	rom	sAffineAnim_FlickeringPunch_TurnedLeft
0x083E3030	rom	sAffineAnim_FlickeringPunch_TurnedBottomLeft
0x083E3040	rom	sAffineAnim_FlickeringPunch_UpsideDown
0x083E3050	rom	sAffineAnim_FlickeringPunch_TurnedBottomRight
0x083E3060	rom	sAffineAnim_FlickeringPunch_TurnedRight
0x083E3070	rom	sAffineAnim_FlickeringPunch_TurnedTopRight
0x083E3080	rom	sAffineAnims_FlickeringPunch
0x083E30A0	rom	sFlickeringPunchSpriteTemplate
0x083E30B8	rom	sCuttingSliceAnimCmds
0x083E30CC	rom	sCuttingSliceAnimTable
0x083E30D0	rom	gCuttingSliceSpriteTemplate
0x083E30E8	rom	gAirCutterSliceSpriteTemplate
0x083E3100	rom	sAnim_CirclingMusicNote_Eighth
0x083E3108	rom	sAnim_CirclingMusicNote_BeamedEighth
0x083E3110	rom	sAnim_CirclingMusicNote_SlantedBeamedEighth
0x083E3118	rom	sAnim_CirclingMusicNote_Quarter
0x083E3120	rom	sAnim_CirclingMusicNote_QuarterRest
0x083E3128	rom	sAnim_CirclingMusicNote_EighthRest
0x083E3130	rom	sAnim_CirclingMusicNote_Eighth_Flipped
0x083E3138	rom	sAnim_CirclingMusicNote_BeamedEighth_Flipped
0x083E3140	rom	sAnim_CirclingMusicNote_SlantedBeamedEighth_Flipped
0x083E3148	rom	sAnim_CirclingMusicNote_Quarter_Flipped
0x083E3150	rom	sAnims_CirclingMusicNote
0x083E3178	rom	sCirclingMusicNoteSpriteTemplate
0x083E3190	rom	gProtectSpriteTemplate
0x083E31A8	rom	sMilkBottleAffineAnimCmds1
0x083E31B8	rom	sMilkBottleAffineAnimCmds2
0x083E31E8	rom	sMilkBottleAffineAnimTable
0x083E31F0	rom	gMilkBottleSpriteTemplate
0x083E3208	rom	sGrantingStarsAnimCmds
0x083E322C	rom	sGrantingStarsAnimTable
0x083E3230	rom	gGrantingStarsSpriteTemplate
0x083E3248	rom	gSparklingStarsSpriteTemplate
0x083E3260	rom	sAnim_BubbleBurst
0x083E3284	rom	sAnim_BubbleBurst_Flipped
0x083E32A8	rom	sAnims_BubbleBurst
0x083E32B0	rom	sBubbleBurstSpriteTemplate
0x083E32C8	rom	sSleepLetterZAnimCmds
0x083E32D0	rom	sSleepLetterZAnimTable
0x083E32D4	rom	sSleepLetterZAffineAnimCmds1
0x083E32EC	rom	sSleepLetterZAffineAnimCmds1_2
0x083E3304	rom	sSleepLetterZAffineAnimCmds2
0x083E331C	rom	sSleepLetterZAffineAnimCmds2_2
0x083E3334	rom	sSleepLetterZAffineAnimTable
0x083E333C	rom	gSleepLetterZSpriteTemplate
0x083E3354	rom	gLockOnTargetSpriteTemplate
0x083E336C	rom	gLockOnMoveTargetSpriteTemplate
0x083E3384	rom	sInclineMonCoordTable
0x083E338C	rom	gBowMonSpriteTemplate
0x083E33A4	rom	sTipMonSpriteTemplate
0x083E33BC	rom	sSlashSliceAnimCmds1
0x083E33D0	rom	sSlashSliceAnimCmds2
0x083E33D8	rom	sSlashSliceAnimTable
0x083E33E0	rom	gSlashSliceSpriteTemplate
0x083E33F8	rom	gFalseSwipeSliceSpriteTemplate
0x083E3410	rom	gFalseSwipePositionedSliceSpriteTemplate
0x083E3428	rom	sEndureEnergyAnimCmds
0x083E343C	rom	sEndureEnergyAnimTable
0x083E3440	rom	gEndureEnergySpriteTemplate
0x083E3458	rom	sSharpenSphereAnimCmds
0x083E3494	rom	sSharpenSphereAnimTable
0x083E3498	rom	gSharpenSphereSpriteTemplate
0x083E34B0	rom	gOctazookaBallSpriteTemplate
0x083E34C8	rom	sOctazookaAnimCmds
0x083E34E0	rom	sOctazookaAnimTable
0x083E34E4	rom	gOctazookaSmokeSpriteTemplate
0x083E34FC	rom	sConversionAnimCmds
0x083E3510	rom	sConversionAnimTable
0x083E3514	rom	sConversionAffineAnimCmds
0x083E3524	rom	sConversionAffineAnimTable
0x083E3528	rom	gConversionSpriteTemplate
0x083E3540	rom	sConversion2AnimCmds
0x083E3554	rom	sConversion2AnimTable
0x083E3558	rom	gConversion2SpriteTemplate
0x083E3570	rom	gMoonSpriteTemplate
0x083E3588	rom	sMoonlightSparkleAnimCmds
0x083E359C	rom	sMoonlightSparkleAnimTable
0x083E35A0	rom	gMoonlightSparkleSpriteTemplate
0x083E35B8	rom	sHealingBlueStarAnimCmds
0x083E35DC	rom	sHealingBlueStarAnimTable
0x083E35E0	rom	gHealingBlueStarSpriteTemplate
0x083E35F8	rom	gHornHitSpriteTemplate
0x083E3610	rom	sSuperFangAnimCmds
0x083E3624	rom	sSuperFangAnimTable
0x083E3628	rom	gSuperFangSpriteTemplate
0x083E3640	rom	sWavyMusicNotesAnimCmds1
0x083E3648	rom	sWavyMusicNotesAnimCmds2
0x083E3650	rom	sWavyMusicNotesAnimCmds3
0x083E3658	rom	sWavyMusicNotesAnimCmds4
0x083E3660	rom	sWavyMusicNotesAnimCmds5
0x083E3668	rom	sWavyMusicNotesAnimCmds6
0x083E3670	rom	sWavyMusicNotesAnimCmds7
0x083E3678	rom	sWavyMusicNotesAnimCmds8
0x083E3680	rom	gMusicNotesAnimTable
0x083E36A0	rom	sWavyMusicNotesAffineAnimCmds
0x083E36B8	rom	sMusicNotesAffineAnimTable
0x083E36BC	rom	gWavyMusicNotesSpriteTemplate
0x083E36D4	rom	sParticlesColorBlendTable
0x083E3704	rom	gFastFlyingMusicNotesSpriteTemplate
0x083E371C	rom	gBellyDrumHandSpriteTemplate
0x083E3734	rom	sSlowFlyingMusicNotesAffineAnimCmds
0x083E374C	rom	sSlowFlyinsMusicNotesAffineAnimTable
0x083E3750	rom	gSlowFlyingMusicNotesSpriteTemplate
0x083E3768	rom	sMetronomeThroughtBubbleAnimCmds1
0x083E377C	rom	sMetronomeThroughtBubbleAnimCmds3
0x083E3790	rom	sMetronomeThroughtBubbleAnimCmds2
0x083E37A4	rom	sMetronomeThroughtBubbleAnimCmds4
0x083E37B8	rom	sMetronomeThroughtBubbleAnimTable
0x083E37C8	rom	gThoughtBubbleSpriteTemplate
0x083E37E0	rom	sMetronomeFingerAffineAnimCmds1
0x083E37F8	rom	sMetronomeFingerAffineAnimCmds2
0x083E3820	rom	sMetronomeFingerAffineAnimCmds2_2
0x083E3868	rom	sMetronomeFingerAffineAnimTable
0x083E3870	rom	gMetronomeFingerSpriteTemplate
0x083E3888	rom	gFollowMeFingerSpriteTemplate
0x083E38A0	rom	sTauntFingerAnimCmds1
0x083E38A8	rom	sTauntFingerAnimCmds2
0x083E38B0	rom	sTauntFingerAnimCmds3
0x083E38D0	rom	sTauntFingerAnimCmds4
0x083E38F0	rom	sTauntFingerAnimTable
0x083E3900	rom	gTauntFingerSpriteTemplate
0x083E3918	rom	sCirclingFingerSpriteTemplate
0x083E3930	rom	sAnim_BouncingMusicNote
0x083E3938	rom	sAnims_BouncingMusicNote
0x083E393C	rom	sBouncingMusicNoteSpriteTemplate
0x083E3954	rom	sVibrateBattlerBackSpriteTemplate
0x083E396C	rom	sMovingClampSpriteTemplate
0x083E3984	rom	sAnim_SmallExplosion
0x083E3998	rom	sAnims_SmallExplosion
0x083E399C	rom	sAffineAnim_SmallExplosion
0x083E39B4	rom	sAffineAnims_SmallExplosion
0x083E39B8	rom	sSmallExplosionSpriteTemplate
0x083E39D0	rom	sKinesisZapEnergyAnimCmds
0x083E39F4	rom	sKinesisZapEnergyAnimTable
0x083E39F8	rom	gKinesisZapEnergySpriteTemplate
0x083E3A10	rom	sSwordsDanceBladeAffineAnimCmds
0x083E3A30	rom	sSwordsDanceBladeAffineAnimTable
0x083E3A34	rom	gSwordsDanceBladeSpriteTemplate
0x083E3A4C	rom	gSonicBoomSpriteTemplate
0x083E3A64	rom	gAirWaveProjectileSpriteTemplate
0x083E3A7C	rom	sGrowingRingAffineAnimCmds
0x083E3A94	rom	sWaterPulseRingAffineAnimCmds
0x083E3AD4	rom	gGrowingRingAffineAnimTable
0x083E3AD8	rom	sWaterPulseRingAffineAnimTable
0x083E3ADC	rom	gSupersonicRingSpriteTemplate
0x083E3AF4	rom	gScreechRingSpriteTemplate
0x083E3B0C	rom	gMetalSoundSpriteTemplate
0x083E3B24	rom	gWaterPulseRingSpriteTemplate
0x083E3B3C	rom	gEggThrowSpriteTemplate
0x083E3B54	rom	sVoidLinesSpriteTemplate
0x083E3B6C	rom	sCoinAnimCmds
0x083E3B74	rom	sCoinAnimTable
0x083E3B78	rom	sFallingCoinAffineAnimCmds
0x083E3B88	rom	sFallingCoinAffineAnimTable
0x083E3B8C	rom	gCoinThrowSpriteTemplate
0x083E3BA4	rom	gFallingCoinSpriteTemplate
0x083E3BBC	rom	sBulletSeedAffineAnimCmds
0x083E3BCC	rom	sBulletSeedAffineAnimTable
0x083E3BD0	rom	gBulletSeedSpriteTemplate
0x083E3BE8	rom	sRazorWindTornadoAffineAnimCmds
0x083E3C00	rom	sRazorWindTornadoAffineAnimTable
0x083E3C04	rom	gRazorWindTornadoSpriteTemplate
0x083E3C1C	rom	sViceGripAnimCmds1
0x083E3C2C	rom	sViceGripAnimCmds2
0x083E3C3C	rom	sViceGripAnimTable
0x083E3C44	rom	gViceGripSpriteTemplate
0x083E3C5C	rom	sGuillotineAnimCmds1
0x083E3C6C	rom	sGuillotineAnimCmds2
0x083E3C7C	rom	sGuillotineAnimTable
0x083E3C84	rom	gGuillotineSpriteTemplate
0x083E3C9C	rom	sSplashEffectAffineAnimCmds
0x083E3CBC	rom	sGrowAndShrinkAffineAnimCmds
0x083E3CDC	rom	sBreathPuffAnimCmds1
0x083E3CF0	rom	sBreathPuffAnimCmds2
0x083E3D04	rom	sBreathPuffAnimTable
0x083E3D0C	rom	gBreathPuffSpriteTemplate
0x083E3D24	rom	sAngerMarkAffineAnimCmds
0x083E3D3C	rom	sAngerMarkAffineAnimTable
0x083E3D40	rom	gAngerMarkSpriteTemplate
0x083E3D58	rom	sThrashMoveMonAffineAnimCmds
0x083E3D88	rom	gPencilSpriteTemplate
0x083E3DA0	rom	gSnoreZSpriteTemplate
0x083E3DB8	rom	sExplosionAnimCmds
0x083E3DCC	rom	sExplosionAnimTable
0x083E3DD0	rom	gExplosionSpriteTemplate
0x083E3DE8	rom	sSoftBoiledEggAffineAnimCmds1
0x083E3E08	rom	sSoftBoiledEggAffineAnimCmds2
0x083E3E18	rom	sSoftBoiledEggAffineAnimCmds3
0x083E3E58	rom	sSoftBoiledEggAffineAnimTable
0x083E3E64	rom	gSoftBoiledEggSpriteTemplate
0x083E3E7C	rom	sThinRingExpandingAffineAnimCmds1
0x083E3E94	rom	sThinRingExpandingAffineAnimCmds2
0x083E3EAC	rom	sHyperVoiceRingAffineAnimCmds
0x083E3EC4	rom	sThinRingExpandingAffineAnimTable
0x083E3ECC	rom	sHyperVoiceRingAffineAnimTable
0x083E3ED0	rom	gThinRingExpandingSpriteTemplate
0x083E3EE8	rom	sThinRingShrinkingAffineAnimCmds
0x083E3F00	rom	sThinRingShrinkingAffineAnimTable
0x083E3F04	rom	gThinRingShrinkingSpriteTemplate
0x083E3F1C	rom	gBlendThinRingExpandingSpriteTemplate
0x083E3F34	rom	gHyperVoiceRingSpriteTemplate
0x083E3F4C	rom	gUproarRingSpriteTemplate
0x083E3F64	rom	sStretchAttackerAffineAnimCmds
0x083E3F74	rom	sSpeedDustAnimCmds
0x083E3F8C	rom	sSpeedDustAnimTable
0x083E3F90	rom	gSpeedDustSpriteTemplate
0x083E3FA8	rom	sSpeedDustPosTable
0x083E3FB0	rom	sBellAnimCmds
0x083E3FE8	rom	sBellAnimTable
0x083E3FEC	rom	gBellSpriteTemplate
0x083E4004	rom	gMusicNotePaletteTagsTable
0x083E400C	rom	gHealBellMusicNoteSpriteTemplate
0x083E4024	rom	gMagentaHeartSpriteTemplate
0x083E403C	rom	sAffineAnims_StretchBattlerUp
0x083E4054	rom	gRedHeartProjectileSpriteTemplate
0x083E406C	rom	gRedHeartBurstSpriteTemplate
0x083E4084	rom	gRedHeartRisingSpriteTemplate
0x083E409C	rom	sHiddenPowerOrbAffineAnimCmds
0x083E40B4	rom	sHiddenPowerOrbAffineAnimTable
0x083E40B8	rom	gHiddenPowerOrbSpriteTemplate
0x083E40D0	rom	gHiddenPowerOrbScatterSpriteTemplate
0x083E40E8	rom	sSpitUpOrbAffineAnimCmds
0x083E4100	rom	sSpitUpOrbAffineAnimTable
0x083E4104	rom	gSpitUpOrbSpriteTemplate
0x083E411C	rom	sEyeSparkleAnimCmds
0x083E4134	rom	sEyeSparkleAnimTable
0x083E4138	rom	gEyeSparkleSpriteTemplate
0x083E4150	rom	sAngelSpriteAnimCmds
0x083E4158	rom	sAngelSpriteAnimTable
0x083E415C	rom	gAngelSpriteTemplate
0x083E4174	rom	gPinkHeartSpriteTemplate
0x083E418C	rom	sDevilAnimCmds1
0x083E4194	rom	sDevilAnimCmds2
0x083E419C	rom	sDevilAnimTable
0x083E41A4	rom	gDevilSpriteTemplate
0x083E41BC	rom	sAnim_FurySwipes
0x083E41D0	rom	sAnim_FurySwipes_Flipped
0x083E41E4	rom	sAnims_FurySwipes
0x083E41EC	rom	gFurySwipesSpriteTemplate
0x083E4204	rom	sMovementWavesAnimCmds1
0x083E4218	rom	sMovementWavesAnimCmds2
0x083E422C	rom	sMovementWavesAnimTable
0x083E4234	rom	gMovementWavesSpriteTemplate
0x083E424C	rom	sUproarAffineAnimCmds
0x083E426C	rom	gJaggedMusicNoteSpriteTemplate
0x083E4284	rom	sPerishSongMusicNoteAffineAnimCmds1
0x083E4294	rom	sPerishSongMusicNoteAffineAnimCmds2
0x083E42A4	rom	sPerishSongMusicNoteAffineAnimCmds3
0x083E42B4	rom	sPerishSongMusicNoteAffineAnimTable
0x083E42C0	rom	gPerishSongMusicNoteSpriteTemplate
0x083E42D8	rom	gPerishSongMusicNote2SpriteTemplate
0x083E42F0	rom	sGuardRingAffineAnimCmds1
0x083E4300	rom	sGuardRingAffineAnimCmds2
0x083E4310	rom	sGuardRingAffineAnimTable
0x083E4318	rom	gGuardRingSpriteTemplate
0x083E4330	rom	sUnusedWater_Gfx
0x083E46B0	rom	sUnusedWater
0x083E56B0	rom	sAnim_RainDrop
0x083E56D0	rom	sAnims_RainDrop
0x083E56D4	rom	gRainDropSpriteTemplate
0x083E56EC	rom	sAffineAnim_WaterBubbleProjectile
0x083E5704	rom	sAffineAnims_WaterBubbleProjectile
0x083E5708	rom	sAnim_WaterBubbleProjectile
0x083E5718	rom	sAnims_WaterBubbleProjectile
0x083E571C	rom	gWaterBubbleProjectileSpriteTemplate
0x083E5734	rom	sAnim_AuroraBeamRing_0
0x083E573C	rom	sAnim_AuroraBeamRing_1
0x083E5744	rom	sAnims_AuroraBeamRing
0x083E574C	rom	sAffineAnim_AuroraBeamRing
0x083E5764	rom	sAffineAnims_AuroraBeamRing
0x083E5768	rom	gAuroraBeamRingSpriteTemplate
0x083E5780	rom	sAnim_WaterMudOrb
0x083E5794	rom	gAnims_WaterMudOrb
0x083E5798	rom	gHydroPumpOrbSpriteTemplate
0x083E57B0	rom	gMudShotOrbSpriteTemplate
0x083E57C8	rom	gSignalBeamRedOrbSpriteTemplate
0x083E57E0	rom	gSignalBeamGreenOrbSpriteTemplate
0x083E57F8	rom	sAnim_FlamethrowerFlame
0x083E5808	rom	sAnims_FlamethrowerFlame
0x083E580C	rom	gFlamethrowerFlameSpriteTemplate
0x083E5824	rom	gPsywaveRingSpriteTemplate
0x083E583C	rom	sAffineAnim_HydroCannonCharge
0x083E585C	rom	sAffineAnim_HydroCannonBeam
0x083E586C	rom	sAffineAnims_HydroCannonCharge
0x083E5870	rom	sAffineAnims_HydroCannonBeam
0x083E5874	rom	gHydroCannonChargeSpriteTemplate
0x083E588C	rom	gHydroCannonBeamSpriteTemplate
0x083E58A4	rom	sAnim_WaterBubble
0x083E58AC	rom	sAnim_WaterGunDroplet
0x083E58B4	rom	gAnims_WaterBubble
0x083E58B8	rom	sAnims_WaterGunDroplet
0x083E58BC	rom	gWaterGunProjectileSpriteTemplate
0x083E58D4	rom	gWaterGunDropletSpriteTemplate
0x083E58EC	rom	gSmallBubblePairSpriteTemplate
0x083E5904	rom	gSmallDriftingBubblesSpriteTemplate
0x083E591C	rom	gSmallWaterOrbSpriteTemplate
0x083E5934	rom	sAnim_WaterPulseBubble_0
0x083E593C	rom	sAnim_WaterPulseBubble_1
0x083E5944	rom	sAnim_WeatherBallWaterDown
0x083E594C	rom	sAnims_WaterPulseBubble
0x083E5954	rom	sAnims_WeatherBallWaterDown
0x083E5958	rom	sAffineAnim_WaterPulseRingBubble_0
0x083E5970	rom	sAffineAnim_WaterPulseRingBubble_1
0x083E5988	rom	sAffineAnim_WeatherBallWaterDown
0x083E59A0	rom	sAffineAnims_WaterPulseRingBubble
0x083E59A8	rom	sAffineAnims_WeatherBallWaterDown
0x083E59AC	rom	gWaterPulseBubbleSpriteTemplate
0x083E59C4	rom	gWaterPulseRingBubbleSpriteTemplate
0x083E59DC	rom	gWeatherBallWaterDownSpriteTemplate
0x083E59F4	rom	sAnim_FireSpiralSpread_0
0x083E5A04	rom	sAnim_FireSpiralSpread_1
0x083E5A14	rom	sAnims_FireSpiralSpread
0x083E5A1C	rom	gFireSpiralInwardSpriteTemplate
0x083E5A34	rom	gFireSpreadSpriteTemplate
0x083E5A4C	rom	sAnim_LargeFlame
0x083E5A70	rom	sAnims_LargeFlame
0x083E5A74	rom	sAnim_FirePlume
0x083E5A8C	rom	sAnims_FirePlume
0x083E5A90	rom	sAffineAnim_LargeFlame
0x083E5AA8	rom	sAffineAnims_LargeFlame
0x083E5AAC	rom	gLargeFlameSpriteTemplate
0x083E5AC4	rom	gLargeFlameScatterSpriteTemplate
0x083E5ADC	rom	gFirePlumeSpriteTemplate
0x083E5AF4	rom	sUnusedEmberFirePlumeSpriteTemplate
0x083E5B0C	rom	sAnim_UnusedSmallEmber
0x083E5B1C	rom	sAnims_UnusedSmallEmber
0x083E5B20	rom	sUnusedSmallEmberSpriteTemplate
0x083E5B38	rom	sAffineAnim_SunlightRay
0x083E5B50	rom	sAffineAnims_SunlightRay
0x083E5B54	rom	gSunlightRaySpriteTemplate
0x083E5B6C	rom	sAnim_BasicFire
0x083E5B84	rom	gAnims_BasicFire
0x083E5B88	rom	gEmberSpriteTemplate
0x083E5BA0	rom	gEmberFlareSpriteTemplate
0x083E5BB8	rom	gBurnFlameSpriteTemplate
0x083E5BD0	rom	gFireBlastRingSpriteTemplate
0x083E5BE8	rom	sAnim_FireBlastCross
0x083E5BF4	rom	sAnims_FireBlastCross
0x083E5BF8	rom	sAffineAnim_Unused_0
0x083E5C08	rom	sAffineAnim_Unused_1
0x083E5C18	rom	sAffineAnims_Unused
0x083E5C20	rom	gFireBlastCrossSpriteTemplate
0x083E5C38	rom	gFireSpiralOutwardSpriteTemplate
0x083E5C50	rom	gWeatherBallFireDownSpriteTemplate
0x083E5C68	rom	gEruptionLaunchRockSpriteTemplate
0x083E5C80	rom	sEruptionLaunchRockSpeeds
0x083E5C9C	rom	gEruptionFallingRockSpriteTemplate
0x083E5CB4	rom	sAnim_WillOWispOrb_0
0x083E5CC8	rom	sAnim_WillOWispOrb_1
0x083E5CD0	rom	sAnim_WillOWispOrb_2
0x083E5CD8	rom	sAnim_WillOWispOrb_3
0x083E5CE0	rom	sAnims_WillOWispOrb
0x083E5CF0	rom	gWillOWispOrbSpriteTemplate
0x083E5D08	rom	sAnim_WillOWispFire
0x083E5D1C	rom	sAnims_WillOWispFire
0x083E5D20	rom	gWillOWispFireSpriteTemplate
0x083E5D38	rom	sShakeDirsPattern0
0x083E5D48	rom	sShakeDirsPattern1
0x083E5D58	rom	sAnim_Lightning
0x083E5D70	rom	sAnims_Lightning
0x083E5D74	rom	gLightningSpriteTemplate
0x083E5D8C	rom	sAffineAnim_UnusedSpinningFist
0x083E5DAC	rom	sAffineAnims_UnusedSpinningFist
0x083E5DB0	rom	sUnusedSpinningFistSpriteTemplate
0x083E5DC8	rom	sAnim_UnusedCirclingShock
0x083E5DE4	rom	sAnims_UnusedCirclingShock
0x083E5DE8	rom	sUnusedCirclingShockSpriteTemplate
0x083E5E00	rom	gSparkElectricitySpriteTemplate
0x083E5E18	rom	gZapCannonBallSpriteTemplate
0x083E5E30	rom	sAffineAnim_FlashingSpark
0x083E5E40	rom	sAffineAnims_FlashingSpark
0x083E5E44	rom	gZapCannonSparkSpriteTemplate
0x083E5E5C	rom	sAnim_ThunderboltOrb
0x083E5E6C	rom	sAnims_ThunderboltOrb
0x083E5E70	rom	sAffineAnim_ThunderboltOrb
0x083E5E90	rom	sAffineAnims_ThunderboltOrb
0x083E5E94	rom	gThunderboltOrbSpriteTemplate
0x083E5EAC	rom	gSparkElectricityFlashingSpriteTemplate
0x083E5EC4	rom	gElectricitySpriteTemplate
0x083E5EDC	rom	sElectricBoltSegmentSpriteTemplate
0x083E5EF4	rom	gThunderWaveSpriteTemplate
0x083E5F0C	rom	sElectricChargingParticleCoordOffsets
0x083E5F2C	rom	sAnim_ElectricChargingParticles_0
0x083E5F40	rom	sAnim_ElectricChargingParticles_1
0x083E5F54	rom	sAnims_ElectricChargingParticles
0x083E5F5C	rom	gElectricChargingParticlesSpriteTemplate
0x083E5F74	rom	sAffineAnim_GrowingElectricOrb_0
0x083E5FB4	rom	sAffineAnim_GrowingElectricOrb_1
0x083E5FE4	rom	sAffineAnim_GrowingElectricOrb_2
0x083E6004	rom	sAffineAnims_GrowingElectricOrb
0x083E6010	rom	gGrowingChargeOrbSpriteTemplate
0x083E6028	rom	sAnim_ElectricPuff
0x083E603C	rom	sAnims_ElectricPuff
0x083E6040	rom	gElectricPuffSpriteTemplate
0x083E6058	rom	gVoltTackleOrbSlideSpriteTemplate
0x083E6070	rom	sAnim_VoltTackleBolt_0
0x083E6078	rom	sAnim_VoltTackleBolt_1
0x083E6080	rom	sAnim_VoltTackleBolt_2
0x083E6088	rom	sAnim_VoltTackleBolt_3
0x083E6090	rom	sAnims_VoltTackleBolt
0x083E60A0	rom	sAffineAnim_VoltTackleBolt
0x083E60B0	rom	sAffineAnims_VoltTackleBolt
0x083E60B4	rom	gVoltTackleBoltSpriteTemplate
0x083E60CC	rom	gGrowingShockWaveOrbSpriteTemplate
0x083E60E4	rom	sShockWaveProgressingBoltSpriteTemplate
0x083E60FC	rom	sAnim_Unused
0x083E6108	rom	sAnims_Unused
0x083E610C	rom	sUnusedIceCrystalThrowSpriteTemplate
0x083E6124	rom	sAnim_IceCrystalLargeChunk
0x083E612C	rom	sAnim_IceCrystalLarge
0x083E6134	rom	sAnim_IceCrystalSmall
0x083E613C	rom	sAnim_Snowball
0x083E6144	rom	sAnim_BlizzardIceCrystal
0x083E614C	rom	sAnim_SmallBubblePair
0x083E6158	rom	sAnims_IceCrystalLargeChunk
0x083E615C	rom	sAnims_IceCrystalLarge
0x083E6160	rom	sAnims_IceCrystalSmall
0x083E6164	rom	sAnims_Snowball
0x083E6168	rom	sAnims_BlizzardIceCrystal
0x083E616C	rom	gAnims_SmallBubblePair
0x083E6170	rom	sAffineAnim_IceCrystalSpiralInwardLarge
0x083E6180	rom	sAffineAnims_IceCrystalSpiralInwardLarge
0x083E6184	rom	gIceCrystalSpiralInwardLarge
0x083E619C	rom	gIceCrystalSpiralInwardSmall
0x083E61B4	rom	sAffineAnim_IceBeamInnerCrystal
0x083E61C4	rom	sAffineAnims_IceBeamInnerCrystal
0x083E61C8	rom	gIceBeamInnerCrystalSpriteTemplate
0x083E61E0	rom	gIceBeamOuterCrystalSpriteTemplate
0x083E61F8	rom	sAffineAnim_IceCrystalHit
0x083E6218	rom	sAffineAnims_IceCrystalHit
0x083E621C	rom	gIceCrystalHitLargeSpriteTemplate
0x083E6234	rom	gIceCrystalHitSmallSpriteTemplate
0x083E624C	rom	gSwirlingSnowballSpriteTemplate
0x083E6264	rom	gBlizzardIceCrystalSpriteTemplate
0x083E627C	rom	gPowderSnowSnowballSpriteTemplate
0x083E6294	rom	sAnim_IceGroundSpike
0x083E62B4	rom	sAnims_IceGroundSpike
0x083E62B8	rom	gIceGroundSpikeSpriteTemplate
0x083E62D0	rom	sAnim_Cloud
0x083E62DC	rom	sAnims_Cloud
0x083E62E0	rom	gMistCloudSpriteTemplate
0x083E62F8	rom	gSmogCloudSpriteTemplate
0x083E6310	rom	sHazeBlendAmounts
0x083E6324	rom	gMistBallSpriteTemplate
0x083E633C	rom	sMistBlendAmounts
0x083E6350	rom	gPoisonGasCloudSpriteTemplate
0x083E6368	rom	sHailCoordData
0x083E6390	rom	sAffineAnim_HailParticle_0
0x083E63A0	rom	sAffineAnim_HailParticle_1
0x083E63B0	rom	sAffineAnim_HailParticle_2
0x083E63C0	rom	sAffineAnim_WeatherBallIceDown
0x083E63D0	rom	sAffineAnims_HailParticle
0x083E63DC	rom	sAffineAnims_WeatherBallIceDown
0x083E63E0	rom	sHailParticleSpriteTemplate
0x083E63F8	rom	gWeatherBallIceDownSpriteTemplate
0x083E6410	rom	sAnim_IceBallChunk_0
0x083E6418	rom	sAnim_IceBallChunk_1
0x083E642C	rom	sAnims_IceBallChunk
0x083E6434	rom	sAffineAnim_IceBallChunk_0
0x083E6444	rom	sAffineAnim_IceBallChunk_1
0x083E6454	rom	sAffineAnim_IceBallChunk_2
0x083E6464	rom	sAffineAnim_IceBallChunk_3
0x083E6474	rom	sAffineAnim_IceBallChunk_4
0x083E6484	rom	sAffineAnims_IceBallChunk
0x083E6498	rom	gIceBallChunkSpriteTemplate
0x083E64B0	rom	gIceBallImpactShardSpriteTemplate
0x083E64C8	rom	sUnusedHumanoidFootSpriteTemplate
0x083E64E0	rom	sAnim_Fist
0x083E64E8	rom	sAnim_FootWide
0x083E64F0	rom	sAnim_FootTall
0x083E64F8	rom	sAnim_HandLeft
0x083E6500	rom	sAnim_HandRight
0x083E6508	rom	sAnims_HandsAndFeet
0x083E651C	rom	gKarateChopSpriteTemplate
0x083E6534	rom	gJumpKickSpriteTemplate
0x083E654C	rom	gFistFootSpriteTemplate
0x083E6564	rom	gFistFootRandomPosSpriteTemplate
0x083E657C	rom	gCrossChopHandSpriteTemplate
0x083E6594	rom	gSlidingKickSpriteTemplate
0x083E65AC	rom	sAffineAnim_SpinningHandOrFoot
0x083E65C4	rom	sAffineAnims_SpinningHandOrFoot
0x083E65C8	rom	gSpinningHandOrFootSpriteTemplate
0x083E65E0	rom	sAffineAnim_MegaPunchKick
0x083E65F8	rom	sAffineAnims_MegaPunchKick
0x083E65FC	rom	gMegaPunchKickSpriteTemplate
0x083E6614	rom	gStompFootSpriteTemplate
0x083E662C	rom	gDizzyPunchDuckSpriteTemplate
0x083E6644	rom	gBrickBreakWallSpriteTemplate
0x083E665C	rom	gBrickBreakWallShardSpriteTemplate
0x083E6674	rom	sAffineAnim_SuperpowerOrb
0x083E669C	rom	sAffineAnims_SuperpowerOrb
0x083E66A0	rom	gSuperpowerOrbSpriteTemplate
0x083E66B8	rom	gSuperpowerRockSpriteTemplate
0x083E66D0	rom	gSuperpowerFireballSpriteTemplate
0x083E66E8	rom	gArmThrustHandSpriteTemplate
0x083E6700	rom	sAnim_RevengeSmallScratch_0
0x083E6710	rom	sAnim_RevengeSmallScratch_1
0x083E6720	rom	sAnim_RevengeSmallScratch_2
0x083E6730	rom	sAnims_RevengeSmallScratch
0x083E673C	rom	gRevengeSmallScratchSpriteTemplate
0x083E6754	rom	sAnim_RevengeBigScratch_0
0x083E6760	rom	sAnim_RevengeBigScratch_1
0x083E676C	rom	sAnim_RevengeBigScratch_2
0x083E6778	rom	sAnims_RevengeBigScratch
0x083E6784	rom	gRevengeBigScratchSpriteTemplate
0x083E679C	rom	sAffineAnim_FocusPunchFist
0x083E67B4	rom	sAffineAnims_FocusPunchFist
0x083E67B8	rom	gFocusPunchFistSpriteTemplate
0x083E67D0	rom	sAnim_ToxicBubble
0x083E67E4	rom	sAnims_ToxicBubble
0x083E67E8	rom	gToxicBubbleSpriteTemplate
0x083E6800	rom	sAnim_PoisonProjectile
0x083E6808	rom	sAnim_AcidPoisonDroplet
0x083E6810	rom	sAnim_SludgeBombHit
0x083E6818	rom	sAnims_PoisonProjectile
0x083E681C	rom	sAnims_AcidPoisonDroplet
0x083E6820	rom	sAnims_SludgeBombHit
0x083E6824	rom	sAffineAnim_PoisonProjectile
0x083E6844	rom	sAffineAnim_SludgeBombHit
0x083E6854	rom	sAffineAnims_PoisonProjectile
0x083E6858	rom	sAffineAnims_SludgeBombHit
0x083E685C	rom	gSludgeProjectileSpriteTemplate
0x083E6874	rom	gAcidPoisonBubbleSpriteTemplate
0x083E688C	rom	gSludgeBombHitParticleSpriteTemplate
0x083E68A4	rom	sAffineAnim_AcidPoisonDroplet
0x083E68BC	rom	gAffineAnims_Droplet
0x083E68C0	rom	gAcidPoisonDropletSpriteTemplate
0x083E68D8	rom	sAffineAnim_Bubble
0x083E68F0	rom	sAffineAnims_Bubble
0x083E68F4	rom	gPoisonBubbleSpriteTemplate
0x083E690C	rom	gWaterBubbleSpriteTemplate
0x083E6924	rom	gEllipticalGustSpriteTemplate
0x083E693C	rom	sAffineAnim_GustToTarget
0x083E6954	rom	sAffineAnims_GustToTarget
0x083E6958	rom	gGustToTargetSpriteTemplate
0x083E6970	rom	sAffineAnim_AirWaveCrescent
0x083E6984	rom	sAffineAnims_AirWaveCrescent
0x083E6988	rom	gAirWaveCrescentSpriteTemplate
0x083E69A0	rom	sAffineAnim_FlyBallUp
0x083E69C8	rom	sAffineAnims_FlyBallUp
0x083E69CC	rom	sAffineAnim_FlyBallAttack_0
0x083E69DC	rom	sAffineAnim_FlyBallAttack_1
0x083E69EC	rom	sAffineAnims_FlyBallAttack
0x083E69F4	rom	gFlyBallUpSpriteTemplate
0x083E6A0C	rom	gFlyBallAttackSpriteTemplate
0x083E6A24	rom	sAnim_FallingFeather_0
0x083E6A2C	rom	sAnim_FallingFeather_1
0x083E6A34	rom	sAnims_FallingFeather
0x083E6A3C	rom	gFallingFeatherSpriteTemplate
0x083E6A54	rom	sUnusedPal
0x083E6A74	rom	sUnusedBubbleThrowSpriteTemplate
0x083E6A8C	rom	sUnusedFeatherSpriteTemplate
0x083E6AA4	rom	sAnim_WhirlwindLines
0x083E6ABC	rom	sAnims_WhirlwindLines
0x083E6AC0	rom	gWhirlwindLineSpriteTemplate
0x083E6AD8	rom	sAffineAnim_BounceBallShrink
0x083E6B08	rom	sAffineAnims_BounceBallShrink
0x083E6B0C	rom	gBounceBallShrinkSpriteTemplate
0x083E6B24	rom	sAffineAnim_BounceBallLand
0x083E6B34	rom	sAffineAnims_BounceBallLand
0x083E6B38	rom	gBounceBallLandSpriteTemplate
0x083E6B50	rom	sAffineAnim_DiveBall
0x083E6B78	rom	sAffineAnims_DiveBall
0x083E6B7C	rom	gDiveBallSpriteTemplate
0x083E6B94	rom	sAnim_Unused
0x083E6BB4	rom	sAnims_Unused
0x083E6BB8	rom	gDiveWaterSplashSpriteTemplate
0x083E6BD0	rom	gSprayWaterDropletSpriteTemplate
0x083E6BE8	rom	sUnusedFlashingLightSpriteTemplate
0x083E6C00	rom	gSkyAttackBirdSpriteTemplate
0x083E6C18	rom	sAffineAnim_PsychUpSpiral
0x083E6C30	rom	sAffineAnims_PsychUpSpiral
0x083E6C34	rom	gPsychUpSpiralSpriteTemplate
0x083E6C4C	rom	gLightScreenWallSpriteTemplate
0x083E6C64	rom	gReflectWallSpriteTemplate
0x083E6C7C	rom	gMirrorCoatWallSpriteTemplate
0x083E6C94	rom	gBarrierWallSpriteTemplate
0x083E6CAC	rom	gMagicCoatWallSpriteTemplate
0x083E6CC4	rom	sAnim_ReflectSparkle
0x083E6CDC	rom	sAnims_ReflectSparkle
0x083E6CE0	rom	gReflectSparkleSpriteTemplate
0x083E6CF8	rom	sAnim_SpecialScreenSparkle
0x083E6D0C	rom	sAnims_SpecialScreenSparkle
0x083E6D10	rom	gSpecialScreenSparkleSpriteTemplate
0x083E6D28	rom	gGoldRingSpriteTemplate
0x083E6D40	rom	sAnim_BentSpoon_0
0x083E6D80	rom	sAnim_BentSpoon_1
0x083E6DC0	rom	sAnims_BentSpoon
0x083E6DC8	rom	gBentSpoonSpriteTemplate
0x083E6DE0	rom	sAnim_QuestionMark
0x083E6E00	rom	sAnims_QuestionMark
0x083E6E04	rom	sAffineAnim_QuestionMark
0x083E6E2C	rom	sAffineAnims_QuestionMark
0x083E6E30	rom	gQuestionMarkSpriteTemplate
0x083E6E48	rom	sAffineAnim_MeditateStretchAttacker
0x083E6E68	rom	sAffineAnim_Teleport
0x083E6E80	rom	sImprisonOrbSpriteTemplate
0x083E6E98	rom	gRedXSpriteTemplate
0x083E6EB0	rom	sAffineAnim_SkillSwapOrb_0
0x083E6EC8	rom	sAffineAnim_SkillSwapOrb_1
0x083E6EF0	rom	sAffineAnim_SkillSwapOrb_2
0x083E6F18	rom	sAffineAnim_SkillSwapOrb_3
0x083E6F40	rom	sAffineAnims_SkillSwapOrb
0x083E6F50	rom	sSkillSwapOrbSpriteTemplate
0x083E6F68	rom	sAffineAnim_LusterPurgeCircle
0x083E6F80	rom	gAffineAnims_LusterPurgeCircle
0x083E6F84	rom	gLusterPurgeCircleSpriteTemplate
0x083E6F9C	rom	sAffineAnim_PsychoBoostOrb_0
0x083E6FF4	rom	sAffineAnim_PsychoBoostOrb_1
0x083E7004	rom	sAffineAnims_PsychoBoostOrb
0x083E700C	rom	gPsychoBoostOrbSpriteTemplate
0x083E7024	rom	sAffineAnim_MegahornHorn_0
0x083E7034	rom	sAffineAnim_MegahornHorn_1
0x083E7044	rom	sAffineAnim_MegahornHorn_2
0x083E7054	rom	sAffineAnims_MegahornHorn
0x083E7060	rom	gMegahornHornSpriteTemplate
0x083E7078	rom	sAffineAnim_LeechLifeNeedle_0
0x083E7088	rom	sAffineAnim_LeechLifeNeedle_1
0x083E7098	rom	sAffineAnim_LeechLifeNeedle_2
0x083E70A8	rom	sAffineAnims_LeechLifeNeedle
0x083E70B4	rom	gLeechLifeNeedleSpriteTemplate
0x083E70CC	rom	gWebThreadSpriteTemplate
0x083E70E4	rom	gStringWrapSpriteTemplate
0x083E70FC	rom	sAffineAnim_SpiderWeb
0x083E7114	rom	sAffineAnims_SpiderWeb
0x083E7118	rom	gSpiderWebSpriteTemplate
0x083E7130	rom	gLinearStingerSpriteTemplate
0x083E7148	rom	gPinMissileSpriteTemplate
0x083E7160	rom	gIcicleSpearSpriteTemplate
0x083E7178	rom	sAffineAnim_TailGlowOrb
0x083E71B0	rom	sAffineAnims_TailGlowOrb
0x083E71B4	rom	gTailGlowOrbSpriteTemplate
0x083E71CC	rom	sAnim_FlyingRock_0
0x083E71D4	rom	sAnim_FlyingRock_1
0x083E71DC	rom	sAnim_FlyingRock_2
0x083E71E4	rom	sAnims_FlyingRock
0x083E71F0	rom	gFallingRockSpriteTemplate
0x083E7208	rom	gRockFragmentSpriteTemplate
0x083E7220	rom	gSwirlingDirtSpriteTemplate
0x083E7238	rom	sAffineAnim_Whirlpool
0x083E7258	rom	sAffineAnims_Whirlpool
0x083E725C	rom	gWhirlpoolSpriteTemplate
0x083E7274	rom	gFireSpinSpriteTemplate
0x083E728C	rom	gFlyingSandCrescentSpriteTemplate
0x083E72A4	rom	sFlyingSandSubsprites
0x083E72AC	rom	sFlyingSandSubspriteTable
0x083E72B4	rom	sAnim_Rock_Biggest
0x083E72BC	rom	sAnim_Rock_Bigger
0x083E72C4	rom	sAnim_Rock_Big
0x083E72CC	rom	sAnim_Rock_Small
0x083E72D4	rom	sAnim_Rock_Smaller
0x083E72DC	rom	sAnim_Rock_Smallest
0x083E72E4	rom	sAnims_BasicRock
0x083E72FC	rom	gAncientPowerRockSpriteTemplate
0x083E7314	rom	gRolloutMudSpriteTemplate
0x083E732C	rom	gRolloutRockSpriteTemplate
0x083E7344	rom	gRockTombRockSpriteTemplate
0x083E735C	rom	sAffineAnim_BasicRock_0
0x083E736C	rom	sAffineAnim_BasicRock_1
0x083E737C	rom	sAffineAnims_BasicRock
0x083E7384	rom	gRockBlastRockSpriteTemplate
0x083E739C	rom	gRockScatterSpriteTemplate
0x083E73B4	rom	gTwisterRockSpriteTemplate
0x083E73CC	rom	gWeatherBallRockDownSpriteTemplate
0x083E73E4	rom	sAffineAnim_ConfuseRayBallBounce
0x083E73FC	rom	sAffineAnims_ConfuseRayBallBounce
0x083E7400	rom	gConfuseRayBallBounceSpriteTemplate
0x083E7418	rom	gConfuseRayBallSpiralSpriteTemplate
0x083E7430	rom	sAffineAnim_ShadowBall
0x083E7440	rom	sAffineAnims_ShadowBall
0x083E7444	rom	gShadowBallSpriteTemplate
0x083E745C	rom	sAnim_Lick
0x083E7474	rom	sAnims_Lick
0x083E7478	rom	gLickSpriteTemplate
0x083E7490	rom	sAffineAnim_Unused
0x083E74A0	rom	sAffineAnims_Unused
0x083E74A4	rom	gDestinyBondWhiteShadowSpriteTemplate
0x083E74BC	rom	gCurseNailSpriteTemplate
0x083E74D4	rom	gCurseGhostSpriteTemplate
0x083E74EC	rom	gNightmareDevilSpriteTemplate
0x083E7504	rom	sAnim_GrudgeFlame
0x083E7518	rom	sAnims_GrudgeFlame
0x083E751C	rom	gGrudgeFlameSpriteTemplate
0x083E7534	rom	sMonMoveCircularSpriteTemplate
0x083E754C	rom	sAnim_OutrageOverheatFire_0
0x083E7564	rom	sAnims_OutrageOverheatFire
0x083E7568	rom	gOutrageFlameSpriteTemplate
0x083E7580	rom	sAnim_DragonBreathFire_0
0x083E7590	rom	sAnim_DragonBreathFire_1
0x083E75A0	rom	sAnims_DragonBreathFire
0x083E75A8	rom	sAffineAnim_DragonBreathFire_0
0x083E75C0	rom	sAffineAnim_DragonBreathFire_1
0x083E75D8	rom	sAffineAnims_DragonBreathFire
0x083E75E0	rom	gDragonBreathFireSpriteTemplate
0x083E75F8	rom	sAnim_DragonRageFirePlume
0x083E7610	rom	sAnims_DragonRageFirePlume
0x083E7614	rom	gDragonRageFirePlumeSpriteTemplate
0x083E762C	rom	sAnim_DragonRageFire
0x083E763C	rom	sAnims_DragonRageFire
0x083E7644	rom	sAffineAnim_DragonRageFire_0
0x083E7654	rom	sAffineAnim_DragonRageFire_1
0x083E7664	rom	sAffineAnims_DragonRageFire
0x083E766C	rom	gDragonRageFireSpitSpriteTemplate
0x083E7684	rom	gDragonDanceOrbSpriteTemplate
0x083E769C	rom	gOverheatFlameSpriteTemplate
0x083E76B4	rom	sUnusedBagStealSpriteTemplate
0x083E76CC	rom	sAffineAnim_Bite_0
0x083E76DC	rom	sAffineAnim_Bite_1
0x083E76EC	rom	sAffineAnim_Bite_2
0x083E76FC	rom	sAffineAnim_Bite_3
0x083E770C	rom	sAffineAnim_Bite_4
0x083E771C	rom	sAffineAnim_Bite_5
0x083E772C	rom	sAffineAnim_Bite_6
0x083E773C	rom	sAffineAnim_Bite_7
0x083E774C	rom	gAffineAnims_Bite
0x083E776C	rom	gSharpTeethSpriteTemplate
0x083E7784	rom	gClampJawSpriteTemplate
0x083E779C	rom	sAffineAnim_TearDrop_0
0x083E77B4	rom	sAffineAnim_TearDrop_1
0x083E77CC	rom	sAffineAnims_TearDrop
0x083E77D4	rom	gTearDropSpriteTemplate
0x083E77EC	rom	sAnim_ClawSlash_0
0x083E7804	rom	sAnim_ClawSlash_1
0x083E781C	rom	sAnims_ClawSlash
0x083E7824	rom	gClawSlashSpriteTemplate
0x083E783C	rom	sAffineAnim_Bonemerang
0x083E784C	rom	sAffineAnim_SpinningBone
0x083E785C	rom	sAffineAnims_Bonemerang
0x083E7860	rom	sAffineAnims_SpinningBone
0x083E7864	rom	gBonemerangSpriteTemplate
0x083E787C	rom	gSpinningBoneSpriteTemplate
0x083E7894	rom	gSandAttackDirtSpriteTemplate
0x083E78AC	rom	sAnim_MudSlapMud
0x083E78B4	rom	sAnims_MudSlapMud
0x083E78B8	rom	gMudSlapMudSpriteTemplate
0x083E78D0	rom	gMudsportMudSpriteTemplate
0x083E78E8	rom	gDirtPlumeSpriteTemplate
0x083E7900	rom	gDirtMoundSpriteTemplate
0x083E7918	rom	sAnim_ConfusionDuck_0
0x083E792C	rom	sAnim_ConfusionDuck_1
0x083E7940	rom	sAnims_ConfusionDuck
0x083E7948	rom	gConfusionDuckSpriteTemplate
0x083E7960	rom	gSimplePaletteBlendSpriteTemplate
0x083E7978	rom	gComplexPaletteBlendSpriteTemplate
0x083E7990	rom	sAnim_CirclingSparkle
0x083E79A8	rom	sAnims_CirclingSparkle
0x083E79AC	rom	sCirclingSparkleSpriteTemplate
0x083E79C4	rom	gShakeMonOrTerrainSpriteTemplate
0x083E79DC	rom	sAffineAnim_HitSplat_0
0x083E79EC	rom	sAffineAnim_HitSplat_1
0x083E7A04	rom	sAffineAnim_HitSplat_2
0x083E7A1C	rom	sAffineAnim_HitSplat_3
0x083E7A34	rom	sAffineAnims_HitSplat
0x083E7A44	rom	gBasicHitSplatSpriteTemplate
0x083E7A5C	rom	gHandleInvertHitSplatSpriteTemplate
0x083E7A74	rom	gWaterHitSplatSpriteTemplate
0x083E7A8C	rom	gRandomPosHitSplatSpriteTemplate
0x083E7AA4	rom	gMonEdgeHitSplatSpriteTemplate
0x083E7ABC	rom	gCrossImpactSpriteTemplate
0x083E7AD4	rom	gFlashingHitSplatSpriteTemplate
0x083E7AEC	rom	gPersistHitSplatSpriteTemplate
0x083E7B04	rom	sRgbWhite
0x083E7B06	rom	gBattleAnimRegOffsBgCnt
0x083E7B0A	rom	gBattleIntroRegOffsBgCnt
0x083E7B10	rom	sBattleIntroSlideFuncs
0x083E7B38	rom	sBikeTransitions
0x083E7B4C	rom	sBikeInputHandlers
0x083E7B5E	rom	sAcroBikeJumpTimerList
0x083E7B60	rom	sAcroBikeTricksList
0x083E7BD0	rom	sEasyChatGroup_Pokemon
0x083E7D64	rom	sEasyChatWord_IChooseYou
0x083E7D71	rom	sEasyChatWord_Gotcha
0x083E7D78	rom	sEasyChatWord_Trade
0x083E7D7E	rom	sEasyChatWord_Sapphire
0x083E7D87	rom	sEasyChatWord_Evolve
0x083E7D8E	rom	sEasyChatWord_Encyclopedia
0x083E7D9B	rom	sEasyChatWord_Nature
0x083E7DA2	rom	sEasyChatWord_Center
0x083E7DA9	rom	sEasyChatWord_Egg
0x083E7DAD	rom	sEasyChatWord_Link
0x083E7DB2	rom	sEasyChatWord_SpAbility
0x083E7DBE	rom	sEasyChatWord_Trainer
0x083E7DC6	rom	sEasyChatWord_Version
0x083E7DCE	rom	sEasyChatWord_Pokenav
0x083E7DD6	rom	sEasyChatWord_Pokemon
0x083E7DDE	rom	sEasyChatWord_Get
0x083E7DE2	rom	sEasyChatWord_Pokedex
0x083E7DEA	rom	sEasyChatWord_Ruby
0x083E7DEF	rom	sEasyChatWord_Level
0x083E7DF5	rom	sEasyChatWord_Red
0x083E7DF9	rom	sEasyChatWord_Green
0x083E7DFF	rom	sEasyChatWord_Bag
0x083E7E03	rom	sEasyChatWord_Flame
0x083E7E09	rom	sEasyChatWord_Gold
0x083E7E0E	rom	sEasyChatWord_Leaf
0x083E7E13	rom	sEasyChatWord_Silver
0x083E7E1C	rom	sEasyChatGroup_Trainer
0x083E7F54	rom	sEasyChatWord_Dark
0x083E7F59	rom	sEasyChatWord_Stench
0x083E7F60	rom	sEasyChatWord_ThickFat
0x083E7F6A	rom	sEasyChatWord_RainDish
0x083E7F74	rom	sEasyChatWord_Drizzle
0x083E7F7C	rom	sEasyChatWord_ArenaTrap
0x083E7F87	rom	sEasyChatWord_Intimidate
0x083E7F92	rom	sEasyChatWord_RockHead
0x083E7F9C	rom	sEasyChatWord_Color
0x083E7FA2	rom	sEasyChatWord_AltColor
0x083E7FAD	rom	sEasyChatWord_Rock
0x083E7FB2	rom	sEasyChatWord_Beautiful
0x083E7FBC	rom	sEasyChatWord_Beauty
0x083E7FC3	rom	sEasyChatWord_AirLock
0x083E7FCC	rom	sEasyChatWord_Psychic
0x083E7FD4	rom	sEasyChatWord_HyperCutter
0x083E7FE1	rom	sEasyChatWord_Fighting
0x083E7FEA	rom	sEasyChatWord_ShadowTag
0x083E7FF5	rom	sEasyChatWord_Smart
0x083E7FFB	rom	sEasyChatWord_Smartness
0x083E8005	rom	sEasyChatWord_SpeedBoost
0x083E8011	rom	sEasyChatWord_Cool
0x083E8016	rom	sEasyChatWord_Coolness
0x083E801F	rom	sEasyChatWord_BattleArmor
0x083E802C	rom	sEasyChatWord_Cute
0x083E8031	rom	sEasyChatWord_Cuteness
0x083E803A	rom	sEasyChatWord_Sturdy
0x083E8041	rom	sEasyChatWord_SuctionCups
0x083E804E	rom	sEasyChatWord_Grass
0x083E8054	rom	sEasyChatWord_ClearBody
0x083E805F	rom	sEasyChatWord_Torrent
0x083E8067	rom	sEasyChatWord_Ghost
0x083E806D	rom	sEasyChatWord_Ice
0x083E8071	rom	sEasyChatWord_Guts
0x083E8076	rom	sEasyChatWord_RoughSkin
0x083E8081	rom	sEasyChatWord_ShellArmor
0x083E808D	rom	sEasyChatWord_NaturalCure
0x083E809A	rom	sEasyChatWord_Damp
0x083E809F	rom	sEasyChatWord_Ground
0x083E80A6	rom	sEasyChatWord_Limber
0x083E80AD	rom	sEasyChatWord_MagnetPull
0x083E80B9	rom	sEasyChatWord_WhiteSmoke
0x083E80C5	rom	sEasyChatWord_Synchronize
0x083E80D1	rom	sEasyChatWord_Overgrow
0x083E80DA	rom	sEasyChatWord_SwiftSwim
0x083E80E5	rom	sEasyChatWord_SandStream
0x083E80F1	rom	sEasyChatWord_SandVeil
0x083E80FB	rom	sEasyChatWord_KeenEye
0x083E8104	rom	sEasyChatWord_InnerFocus
0x083E8110	rom	sEasyChatWord_Static
0x083E8117	rom	sEasyChatWord_Type
0x083E811C	rom	sEasyChatWord_Tough
0x083E8122	rom	sEasyChatWord_Toughness
0x083E812C	rom	sEasyChatWord_ShedSkin
0x083E8136	rom	sEasyChatWord_HugePower
0x083E8141	rom	sEasyChatWord_VoltAbsorb
0x083E814D	rom	sEasyChatWord_WaterAbsorb
0x083E815A	rom	sEasyChatWord_Electric
0x083E8163	rom	sEasyChatWord_Forecast
0x083E816C	rom	sEasyChatWord_SereneGrace
0x083E8179	rom	sEasyChatWord_Poison
0x083E8180	rom	sEasyChatWord_PoisonPoint
0x083E818D	rom	sEasyChatWord_Dragon
0x083E8194	rom	sEasyChatWord_Trace
0x083E819A	rom	sEasyChatWord_Oblivious
0x083E81A4	rom	sEasyChatWord_Truant
0x083E81AB	rom	sEasyChatWord_RunAway
0x083E81B4	rom	sEasyChatWord_StickyHold
0x083E81C0	rom	sEasyChatWord_CloudNine
0x083E81CB	rom	sEasyChatWord_Normal
0x083E81D2	rom	sEasyChatWord_Steel
0x083E81D8	rom	sEasyChatWord_Illuminate
0x083E81E3	rom	sEasyChatWord_EarlyBird
0x083E81EE	rom	sEasyChatWord_Hustle
0x083E81F5	rom	sEasyChatWord_Shine
0x083E81FB	rom	sEasyChatWord_Flying
0x083E8202	rom	sEasyChatWord_Drought
0x083E820A	rom	sEasyChatWord_Lightningrod
0x083E8217	rom	sEasyChatWord_Compoundeyes
0x083E8224	rom	sEasyChatWord_MarvelScale
0x083E8231	rom	sEasyChatWord_WonderGuard
0x083E823E	rom	sEasyChatWord_Insomnia
0x083E8247	rom	sEasyChatWord_Levitate
0x083E8250	rom	sEasyChatWord_Plus
0x083E8255	rom	sEasyChatWord_Pressure
0x083E825E	rom	sEasyChatWord_LiquidOoze
0x083E826A	rom	sEasyChatWord_ColorChange
0x083E8277	rom	sEasyChatWord_Soundproof
0x083E8282	rom	sEasyChatWord_EffectSpore
0x083E828F	rom	sEasyChatWord_Pkrs
0x083E8293	rom	sEasyChatWord_Fire
0x083E8298	rom	sEasyChatWord_FlameBody
0x083E82A3	rom	sEasyChatWord_Minus
0x083E82A9	rom	sEasyChatWord_OwnTempo
0x083E82B3	rom	sEasyChatWord_MagmaArmor
0x083E82BF	rom	sEasyChatWord_Water
0x083E82C5	rom	sEasyChatWord_WaterVeil
0x083E82D0	rom	sEasyChatWord_Bug
0x083E82D4	rom	sEasyChatWord_Swarm
0x083E82DA	rom	sEasyChatWord_CuteCharm
0x083E82E5	rom	sEasyChatWord_Immunity
0x083E82EE	rom	sEasyChatWord_Blaze
0x083E82F4	rom	sEasyChatWord_Pickup
0x083E82FB	rom	sEasyChatWord_Pattern
0x083E8303	rom	sEasyChatWord_FlashFire
0x083E830E	rom	sEasyChatWord_VitalSpirit
0x083E831B	rom	sEasyChatWord_Chlorophyll
0x083E8327	rom	sEasyChatWord_PurePower
0x083E8332	rom	sEasyChatWord_ShieldDust
0x083E8340	rom	sEasyChatGroup_Status
0x083E885C	rom	sEasyChatWord_MatchUp
0x083E8865	rom	sEasyChatWord_Go
0x083E8868	rom	sEasyChatWord_No1
0x083E886E	rom	sEasyChatWord_Decide
0x083E8875	rom	sEasyChatWord_LetMeWin
0x083E8880	rom	sEasyChatWord_Wins
0x083E8885	rom	sEasyChatWord_Win
0x083E8889	rom	sEasyChatWord_Won
0x083E888D	rom	sEasyChatWord_IfIWin
0x083E8896	rom	sEasyChatWord_WhenIWin
0x083E88A1	rom	sEasyChatWord_CantWin
0x083E88AB	rom	sEasyChatWord_CanWin
0x083E88B3	rom	sEasyChatWord_NoMatch
0x083E88BC	rom	sEasyChatWord_Spirit
0x083E88C3	rom	sEasyChatWord_Decided
0x083E88CB	rom	sEasyChatWord_TrumpCard
0x083E88D6	rom	sEasyChatWord_TakeThat
0x083E88E0	rom	sEasyChatWord_ComeOn
0x083E88E8	rom	sEasyChatWord_Attack
0x083E88EF	rom	sEasyChatWord_Surrender
0x083E88F9	rom	sEasyChatWord_Gutsy
0x083E88FF	rom	sEasyChatWord_Talent
0x083E8906	rom	sEasyChatWord_Strategy
0x083E890F	rom	sEasyChatWord_Smite
0x083E8915	rom	sEasyChatWord_Match
0x083E891B	rom	sEasyChatWord_Victory
0x083E8923	rom	sEasyChatWord_Offensive
0x083E892D	rom	sEasyChatWord_Sense
0x083E8933	rom	sEasyChatWord_Versus
0x083E893A	rom	sEasyChatWord_Fights
0x083E8941	rom	sEasyChatWord_Power
0x083E8947	rom	sEasyChatWord_Challenge
0x083E8951	rom	sEasyChatWord_Strong
0x083E8958	rom	sEasyChatWord_TooStrong
0x083E8963	rom	sEasyChatWord_GoEasy
0x083E896B	rom	sEasyChatWord_Foe
0x083E896F	rom	sEasyChatWord_Genius
0x083E8976	rom	sEasyChatWord_Legend
0x083E897D	rom	sEasyChatWord_Escape
0x083E8984	rom	sEasyChatWord_Aim
0x083E8988	rom	sEasyChatWord_Battle
0x083E898F	rom	sEasyChatWord_Fight
0x083E8995	rom	sEasyChatWord_Resuscitate
0x083E89A1	rom	sEasyChatWord_Points
0x083E89A8	rom	sEasyChatWord_Serious
0x083E89B0	rom	sEasyChatWord_GiveUp
0x083E89B8	rom	sEasyChatWord_Loss
0x083E89BD	rom	sEasyChatWord_IfILose
0x083E89C7	rom	sEasyChatWord_Lost
0x083E89CC	rom	sEasyChatWord_Lose
0x083E89D1	rom	sEasyChatWord_Guard
0x083E89D7	rom	sEasyChatWord_Partner
0x083E89DF	rom	sEasyChatWord_Reject
0x083E89E6	rom	sEasyChatWord_Accept
0x083E89ED	rom	sEasyChatWord_Invincible
0x083E89F8	rom	sEasyChatWord_Received
0x083E8A01	rom	sEasyChatWord_Easy
0x083E8A06	rom	sEasyChatWord_Weak
0x083E8A0B	rom	sEasyChatWord_TooWeak
0x083E8A14	rom	sEasyChatWord_Pushover
0x083E8A1D	rom	sEasyChatWord_Leader
0x083E8A24	rom	sEasyChatWord_Rule
0x083E8A29	rom	sEasyChatWord_Move
0x083E8A30	rom	sEasyChatGroup_Battle
0x083E8D24	rom	sEasyChatWord_Thanks
0x083E8D2B	rom	sEasyChatWord_Yes
0x083E8D2F	rom	sEasyChatWord_HereGoes
0x083E8D39	rom	sEasyChatWord_HereICome
0x083E8D45	rom	sEasyChatWord_HereItIs
0x083E8D50	rom	sEasyChatWord_Yeah
0x083E8D55	rom	sEasyChatWord_Welcome
0x083E8D5D	rom	sEasyChatWord_Oi
0x083E8D60	rom	sEasyChatWord_HowDo
0x083E8D67	rom	sEasyChatWord_Congrats
0x083E8D70	rom	sEasyChatWord_GiveMe
0x083E8D78	rom	sEasyChatWord_Sorry
0x083E8D7E	rom	sEasyChatWord_Apologize
0x083E8D88	rom	sEasyChatWord_Forgive
0x083E8D90	rom	sEasyChatWord_HeyThere
0x083E8D9B	rom	sEasyChatWord_Hello
0x083E8DA1	rom	sEasyChatWord_GoodBye
0x083E8DAA	rom	sEasyChatWord_ThankYou
0x083E8DB4	rom	sEasyChatWord_IveArrived
0x083E8DC1	rom	sEasyChatWord_Pardon
0x083E8DC8	rom	sEasyChatWord_Excuse
0x083E8DCF	rom	sEasyChatWord_SeeYa
0x083E8DD6	rom	sEasyChatWord_ExcuseMe
0x083E8DE0	rom	sEasyChatWord_WellThen
0x083E8DEB	rom	sEasyChatWord_GoAhead
0x083E8DF4	rom	sEasyChatWord_Appreciate
0x083E8DFF	rom	sEasyChatWord_HeyQues
0x083E8E04	rom	sEasyChatWord_WhatsUpQues
0x083E8E0F	rom	sEasyChatWord_HuhQues
0x083E8E14	rom	sEasyChatWord_No
0x083E8E17	rom	sEasyChatWord_Hi
0x083E8E1A	rom	sEasyChatWord_YeahYeah
0x083E8E25	rom	sEasyChatWord_ByeBye
0x083E8E2D	rom	sEasyChatWord_MeetYou
0x083E8E36	rom	sEasyChatWord_Hey
0x083E8E3A	rom	sEasyChatWord_Smell
0x083E8E40	rom	sEasyChatWord_Listening
0x083E8E4A	rom	sEasyChatWord_HooHah
0x083E8E52	rom	sEasyChatWord_Yahoo
0x083E8E58	rom	sEasyChatWord_Yo
0x083E8E5B	rom	sEasyChatWord_ComeOver
0x083E8E65	rom	sEasyChatWord_CountOn
0x083E8E70	rom	sEasyChatGroup_Greetings
0x083E9068	rom	sEasyChatWord_Opponent
0x083E9071	rom	sEasyChatWord_I
0x083E9073	rom	sEasyChatWord_You
0x083E9077	rom	sEasyChatWord_Yours
0x083E907D	rom	sEasyChatWord_Son
0x083E9081	rom	sEasyChatWord_Your
0x083E9086	rom	sEasyChatWord_Youre
0x083E908D	rom	sEasyChatWord_Youve
0x083E9094	rom	sEasyChatWord_Mother
0x083E909B	rom	sEasyChatWord_Grandfather
0x083E90A7	rom	sEasyChatWord_Uncle
0x083E90AD	rom	sEasyChatWord_Father
0x083E90B4	rom	sEasyChatWord_Boy
0x083E90B8	rom	sEasyChatWord_Adult
0x083E90BE	rom	sEasyChatWord_Brother
0x083E90C6	rom	sEasyChatWord_Sister
0x083E90CD	rom	sEasyChatWord_Grandmother
0x083E90D9	rom	sEasyChatWord_Aunt
0x083E90DE	rom	sEasyChatWord_Parent
0x083E90E5	rom	sEasyChatWord_Man
0x083E90E9	rom	sEasyChatWord_Me
0x083E90EC	rom	sEasyChatWord_Girl
0x083E90F1	rom	sEasyChatWord_Babe
0x083E90F6	rom	sEasyChatWord_Family
0x083E90FD	rom	sEasyChatWord_Her
0x083E9101	rom	sEasyChatWord_Him
0x083E9105	rom	sEasyChatWord_He
0x083E9108	rom	sEasyChatWord_Place
0x083E910E	rom	sEasyChatWord_Daughter
0x083E9117	rom	sEasyChatWord_His
0x083E911B	rom	sEasyChatWord_Hes
0x083E9120	rom	sEasyChatWord_Arent
0x083E9127	rom	sEasyChatWord_Siblings
0x083E9130	rom	sEasyChatWord_Kid
0x083E9134	rom	sEasyChatWord_Children
0x083E913D	rom	sEasyChatWord_Mr
0x083E9141	rom	sEasyChatWord_Mrs
0x083E9146	rom	sEasyChatWord_Myself
0x083E914D	rom	sEasyChatWord_IWas
0x083E9153	rom	sEasyChatWord_ToMe
0x083E9159	rom	sEasyChatWord_My
0x083E915C	rom	sEasyChatWord_IAm
0x083E9161	rom	sEasyChatWord_Ive
0x083E9166	rom	sEasyChatWord_Who
0x083E916A	rom	sEasyChatWord_Someone
0x083E9172	rom	sEasyChatWord_WhoWas
0x083E917A	rom	sEasyChatWord_ToWhom
0x083E9182	rom	sEasyChatWord_Whose
0x083E9188	rom	sEasyChatWord_WhoIs
0x083E918F	rom	sEasyChatWord_Its
0x083E9194	rom	sEasyChatWord_Lady
0x083E9199	rom	sEasyChatWord_Friend
0x083E91A0	rom	sEasyChatWord_Ally
0x083E91A5	rom	sEasyChatWord_Person
0x083E91AC	rom	sEasyChatWord_Dude
0x083E91B1	rom	sEasyChatWord_They
0x083E91B6	rom	sEasyChatWord_TheyWere
0x083E91C0	rom	sEasyChatWord_ToThem
0x083E91C8	rom	sEasyChatWord_Their
0x083E91CE	rom	sEasyChatWord_Theyre
0x083E91D6	rom	sEasyChatWord_Theyve
0x083E91DE	rom	sEasyChatWord_We
0x083E91E1	rom	sEasyChatWord_Been
0x083E91E6	rom	sEasyChatWord_ToUs
0x083E91EC	rom	sEasyChatWord_Our
0x083E91F0	rom	sEasyChatWord_WeAre
0x083E91F6	rom	sEasyChatWord_Rival
0x083E91FC	rom	sEasyChatWord_Weve
0x083E9202	rom	sEasyChatWord_Woman
0x083E9208	rom	sEasyChatWord_She
0x083E920C	rom	sEasyChatWord_SheWas
0x083E9214	rom	sEasyChatWord_ToHer
0x083E921B	rom	sEasyChatWord_Hers
0x083E9220	rom	sEasyChatWord_SheIs
0x083E9227	rom	sEasyChatWord_Some
0x083E922C	rom	sEasyChatGroup_People
0x083E95B0	rom	sEasyChatWord_Excl
0x083E95B2	rom	sEasyChatWord_ExclExcl
0x083E95B5	rom	sEasyChatWord_QuesExcl
0x083E95B8	rom	sEasyChatWord_Ques
0x083E95BA	rom	sEasyChatWord_Ellipsis
0x083E95BC	rom	sEasyChatWord_EllipsisExcl
0x083E95BF	rom	sEasyChatWord_EllipsisEllipsisEllipsis
0x083E95C3	rom	sEasyChatWord_Dash
0x083E95C5	rom	sEasyChatWord_DashDashDash
0x083E95CB	rom	sEasyChatWord_UhOh
0x083E95D1	rom	sEasyChatWord_Waaah
0x083E95D7	rom	sEasyChatWord_Ahaha
0x083E95DD	rom	sEasyChatWord_OhQues
0x083E95E1	rom	sEasyChatWord_Nope
0x083E95E6	rom	sEasyChatWord_Urgh
0x083E95EB	rom	sEasyChatWord_Hmm
0x083E95EF	rom	sEasyChatWord_Whoah
0x083E95F5	rom	sEasyChatWord_WroooaarExcl
0x083E95FF	rom	sEasyChatWord_Wow
0x083E9603	rom	sEasyChatWord_Giggle
0x083E960A	rom	sEasyChatWord_Sigh
0x083E960F	rom	sEasyChatWord_Unbelievable
0x083E961C	rom	sEasyChatWord_Cries
0x083E9622	rom	sEasyChatWord_Agree
0x083E9628	rom	sEasyChatWord_EhQues
0x083E962C	rom	sEasyChatWord_Cry
0x083E9630	rom	sEasyChatWord_Ehehe
0x083E9636	rom	sEasyChatWord_OiOiOi
0x083E9641	rom	sEasyChatWord_OhYeah
0x083E964A	rom	sEasyChatWord_Oh
0x083E964D	rom	sEasyChatWord_Oops
0x083E9652	rom	sEasyChatWord_Shocked
0x083E965A	rom	sEasyChatWord_Eek
0x083E965E	rom	sEasyChatWord_Graaah
0x083E9665	rom	sEasyChatWord_Gwahahaha
0x083E966F	rom	sEasyChatWord_Way
0x083E9673	rom	sEasyChatWord_Tch
0x083E9677	rom	sEasyChatWord_Hehe
0x083E967C	rom	sEasyChatWord_Hah
0x083E9680	rom	sEasyChatWord_Yup
0x083E9684	rom	sEasyChatWord_Hahaha
0x083E968B	rom	sEasyChatWord_Aiyeeh
0x083E9692	rom	sEasyChatWord_Hiyah
0x083E9698	rom	sEasyChatWord_Fufufu
0x083E969F	rom	sEasyChatWord_Lol
0x083E96A3	rom	sEasyChatWord_Snort
0x083E96A9	rom	sEasyChatWord_Humph
0x083E96AF	rom	sEasyChatWord_Hehehe
0x083E96B6	rom	sEasyChatWord_Heh
0x083E96BA	rom	sEasyChatWord_Hohoho
0x083E96C1	rom	sEasyChatWord_UhHuh
0x083E96C8	rom	sEasyChatWord_OhDear
0x083E96D1	rom	sEasyChatWord_Arrgh
0x083E96D7	rom	sEasyChatWord_Mufufu
0x083E96DE	rom	sEasyChatWord_Mmm
0x083E96E2	rom	sEasyChatWord_OhKay
0x083E96E9	rom	sEasyChatWord_Okay
0x083E96EE	rom	sEasyChatWord_Lalala
0x083E96F5	rom	sEasyChatWord_Yay
0x083E96F9	rom	sEasyChatWord_Aww
0x083E96FD	rom	sEasyChatWord_Wowee
0x083E9703	rom	sEasyChatWord_Gwah
0x083E9708	rom	sEasyChatWord_Wahahaha
0x083E9714	rom	sEasyChatGroup_Voices
0x083E9A08	rom	sEasyChatWord_Listen
0x083E9A0F	rom	sEasyChatWord_NotVery
0x083E9A18	rom	sEasyChatWord_Mean
0x083E9A1D	rom	sEasyChatWord_Lie
0x083E9A21	rom	sEasyChatWord_Lay
0x083E9A25	rom	sEasyChatWord_Recommend
0x083E9A2F	rom	sEasyChatWord_Nitwit
0x083E9A36	rom	sEasyChatWord_Quite
0x083E9A3C	rom	sEasyChatWord_From
0x083E9A41	rom	sEasyChatWord_Feeling
0x083E9A49	rom	sEasyChatWord_But
0x083E9A4D	rom	sEasyChatWord_However
0x083E9A55	rom	sEasyChatWord_Case
0x083E9A5A	rom	sEasyChatWord_The
0x083E9A5E	rom	sEasyChatWord_Miss
0x083E9A63	rom	sEasyChatWord_How
0x083E9A67	rom	sEasyChatWord_Hit
0x083E9A6B	rom	sEasyChatWord_Enough
0x083E9A72	rom	sEasyChatWord_ALot
0x083E9A78	rom	sEasyChatWord_ALittle
0x083E9A81	rom	sEasyChatWord_Absolutely
0x083E9A8C	rom	sEasyChatWord_And
0x083E9A90	rom	sEasyChatWord_Only
0x083E9A95	rom	sEasyChatWord_Around
0x083E9A9C	rom	sEasyChatWord_Probably
0x083E9AA5	rom	sEasyChatWord_If
0x083E9AA8	rom	sEasyChatWord_Very
0x083E9AAD	rom	sEasyChatWord_ATinyBit
0x083E9AB8	rom	sEasyChatWord_Wild
0x083E9ABD	rom	sEasyChatWord_Thats
0x083E9AC4	rom	sEasyChatWord_Just
0x083E9AC9	rom	sEasyChatWord_EvenSo
0x083E9AD2	rom	sEasyChatWord_MustBe
0x083E9ADA	rom	sEasyChatWord_Naturally
0x083E9AE4	rom	sEasyChatWord_ForNow
0x083E9AED	rom	sEasyChatWord_Understood
0x083E9AF8	rom	sEasyChatWord_Joking
0x083E9AFF	rom	sEasyChatWord_Ready
0x083E9B05	rom	sEasyChatWord_Something
0x083E9B0F	rom	sEasyChatWord_Somehow
0x083E9B17	rom	sEasyChatWord_Although
0x083E9B20	rom	sEasyChatWord_Also
0x083E9B25	rom	sEasyChatWord_Perfect
0x083E9B2D	rom	sEasyChatWord_AsMuchAs
0x083E9B38	rom	sEasyChatWord_Really
0x083E9B3F	rom	sEasyChatWord_Truly
0x083E9B45	rom	sEasyChatWord_Seriously
0x083E9B4F	rom	sEasyChatWord_Totally
0x083E9B57	rom	sEasyChatWord_Until
0x083E9B5D	rom	sEasyChatWord_AsIf
0x083E9B63	rom	sEasyChatWord_Mood
0x083E9B68	rom	sEasyChatWord_Rather
0x083E9B6F	rom	sEasyChatWord_Awfully
0x083E9B77	rom	sEasyChatWord_Mode
0x083E9B7C	rom	sEasyChatWord_More
0x083E9B81	rom	sEasyChatWord_TooLate
0x083E9B8A	rom	sEasyChatWord_Finally
0x083E9B92	rom	sEasyChatWord_Any
0x083E9B96	rom	sEasyChatWord_Instead
0x083E9B9E	rom	sEasyChatWord_Fantastic
0x083E9BA8	rom	sEasyChatGroup_Speech
0x083E9E78	rom	sEasyChatWord_Will
0x083E9E7D	rom	sEasyChatWord_WillBeHere
0x083E9E8A	rom	sEasyChatWord_Or
0x083E9E8D	rom	sEasyChatWord_Times
0x083E9E93	rom	sEasyChatWord_Wonder
0x083E9E9A	rom	sEasyChatWord_IsItQues
0x083E9EA1	rom	sEasyChatWord_Be
0x083E9EA4	rom	sEasyChatWord_Gimme
0x083E9EAA	rom	sEasyChatWord_Could
0x083E9EB0	rom	sEasyChatWord_LikelyTo
0x083E9EBA	rom	sEasyChatWord_Would
0x083E9EC0	rom	sEasyChatWord_Is
0x083E9EC3	rom	sEasyChatWord_IsntItQues
0x083E9ECD	rom	sEasyChatWord_Lets
0x083E9ED3	rom	sEasyChatWord_Other
0x083E9ED9	rom	sEasyChatWord_Are
0x083E9EDD	rom	sEasyChatWord_Was
0x083E9EE1	rom	sEasyChatWord_Were
0x083E9EE6	rom	sEasyChatWord_Those
0x083E9EEC	rom	sEasyChatWord_Isnt
0x083E9EF2	rom	sEasyChatWord_Wont
0x083E9EF8	rom	sEasyChatWord_Cant
0x083E9EFE	rom	sEasyChatWord_Can
0x083E9F02	rom	sEasyChatWord_Dont
0x083E9F08	rom	sEasyChatWord_Do
0x083E9F0B	rom	sEasyChatWord_Does
0x083E9F10	rom	sEasyChatWord_Whom
0x083E9F15	rom	sEasyChatWord_Which
0x083E9F1B	rom	sEasyChatWord_Wasnt
0x083E9F22	rom	sEasyChatWord_Werent
0x083E9F2A	rom	sEasyChatWord_Have
0x083E9F2F	rom	sEasyChatWord_Havent
0x083E9F37	rom	sEasyChatWord_A
0x083E9F39	rom	sEasyChatWord_An
0x083E9F3C	rom	sEasyChatWord_Not
0x083E9F40	rom	sEasyChatWord_There
0x083E9F46	rom	sEasyChatWord_OkQues
0x083E9F4A	rom	sEasyChatWord_So
0x083E9F4D	rom	sEasyChatWord_Maybe
0x083E9F53	rom	sEasyChatWord_About
0x083E9F59	rom	sEasyChatWord_Over
0x083E9F5E	rom	sEasyChatWord_It
0x083E9F61	rom	sEasyChatWord_All
0x083E9F65	rom	sEasyChatWord_For
0x083E9F69	rom	sEasyChatWord_On
0x083E9F6C	rom	sEasyChatWord_Off
0x083E9F70	rom	sEasyChatWord_As
0x083E9F73	rom	sEasyChatWord_To
0x083E9F76	rom	sEasyChatWord_With
0x083E9F7B	rom	sEasyChatWord_Better
0x083E9F82	rom	sEasyChatWord_Ever
0x083E9F87	rom	sEasyChatWord_Since
0x083E9F8D	rom	sEasyChatWord_Of
0x083E9F90	rom	sEasyChatWord_BelongsTo
0x083E9F9B	rom	sEasyChatWord_At
0x083E9F9E	rom	sEasyChatWord_In
0x083E9FA1	rom	sEasyChatWord_Out
0x083E9FA5	rom	sEasyChatWord_Too
0x083E9FA9	rom	sEasyChatWord_Like
0x083E9FAE	rom	sEasyChatWord_Did
0x083E9FB2	rom	sEasyChatWord_Didnt
0x083E9FB9	rom	sEasyChatWord_Doesnt
0x083E9FC1	rom	sEasyChatWord_Without
0x083E9FC9	rom	sEasyChatWord_After
0x083E9FCF	rom	sEasyChatWord_Before
0x083E9FD6	rom	sEasyChatWord_While
0x083E9FDC	rom	sEasyChatWord_Than
0x083E9FE1	rom	sEasyChatWord_Once
0x083E9FE6	rom	sEasyChatWord_Anywhere
0x083E9FF0	rom	sEasyChatGroup_Endings
0x083EA32C	rom	sEasyChatWord_Meet
0x083EA331	rom	sEasyChatWord_Play
0x083EA336	rom	sEasyChatWord_Hurried
0x083EA33E	rom	sEasyChatWord_Goes
0x083EA343	rom	sEasyChatWord_Giddy
0x083EA349	rom	sEasyChatWord_Happy
0x083EA34F	rom	sEasyChatWord_Happiness
0x083EA359	rom	sEasyChatWord_Excite
0x083EA360	rom	sEasyChatWord_Important
0x083EA36A	rom	sEasyChatWord_Funny
0x083EA370	rom	sEasyChatWord_Got
0x083EA374	rom	sEasyChatWord_GoHome
0x083EA37C	rom	sEasyChatWord_Disappointed
0x083EA389	rom	sEasyChatWord_Disappoints
0x083EA395	rom	sEasyChatWord_Sad
0x083EA399	rom	sEasyChatWord_Try
0x083EA39D	rom	sEasyChatWord_Tries
0x083EA3A3	rom	sEasyChatWord_Hears
0x083EA3A9	rom	sEasyChatWord_Think
0x083EA3AF	rom	sEasyChatWord_Hear
0x083EA3B4	rom	sEasyChatWord_Wants
0x083EA3BA	rom	sEasyChatWord_Misheard
0x083EA3C3	rom	sEasyChatWord_Dislike
0x083EA3CB	rom	sEasyChatWord_Angry
0x083EA3D1	rom	sEasyChatWord_Anger
0x083EA3D7	rom	sEasyChatWord_Scary
0x083EA3DD	rom	sEasyChatWord_Lonesome
0x083EA3E6	rom	sEasyChatWord_Disappoint
0x083EA3F1	rom	sEasyChatWord_Joy
0x083EA3F5	rom	sEasyChatWord_Gets
0x083EA3FA	rom	sEasyChatWord_Never
0x083EA400	rom	sEasyChatWord_Darn
0x083EA405	rom	sEasyChatWord_Downcast
0x083EA40E	rom	sEasyChatWord_Incredible
0x083EA419	rom	sEasyChatWord_Likes
0x083EA41F	rom	sEasyChatWord_Dislikes
0x083EA428	rom	sEasyChatWord_Boring
0x083EA42F	rom	sEasyChatWord_Care
0x083EA434	rom	sEasyChatWord_Cares
0x083EA43A	rom	sEasyChatWord_AllRight
0x083EA444	rom	sEasyChatWord_Adore
0x083EA44A	rom	sEasyChatWord_Disaster
0x083EA453	rom	sEasyChatWord_Enjoy
0x083EA459	rom	sEasyChatWord_Enjoys
0x083EA460	rom	sEasyChatWord_Eat
0x083EA464	rom	sEasyChatWord_Lacking
0x083EA46C	rom	sEasyChatWord_Bad
0x083EA470	rom	sEasyChatWord_Hard
0x083EA475	rom	sEasyChatWord_Terrible
0x083EA47E	rom	sEasyChatWord_Should
0x083EA485	rom	sEasyChatWord_Nice
0x083EA48A	rom	sEasyChatWord_Drink
0x083EA490	rom	sEasyChatWord_Surprise
0x083EA499	rom	sEasyChatWord_Fear
0x083EA49E	rom	sEasyChatWord_Want
0x083EA4A3	rom	sEasyChatWord_Wait
0x083EA4A8	rom	sEasyChatWord_Satisfied
0x083EA4B2	rom	sEasyChatWord_See
0x083EA4B6	rom	sEasyChatWord_Rare
0x083EA4BB	rom	sEasyChatWord_Negative
0x083EA4C4	rom	sEasyChatWord_Done
0x083EA4C9	rom	sEasyChatWord_Danger
0x083EA4D0	rom	sEasyChatWord_Defeated
0x083EA4D9	rom	sEasyChatWord_Beat
0x083EA4DE	rom	sEasyChatWord_Great
0x083EA4E4	rom	sEasyChatWord_Romantic
0x083EA4ED	rom	sEasyChatWord_Question
0x083EA4F6	rom	sEasyChatWord_Understand
0x083EA501	rom	sEasyChatWord_Understands
0x083EA510	rom	sEasyChatGroup_Feelings
0x083EA84C	rom	sEasyChatWord_Hot
0x083EA850	rom	sEasyChatWord_Exists
0x083EA857	rom	sEasyChatWord_Excess
0x083EA85E	rom	sEasyChatWord_Approved
0x083EA867	rom	sEasyChatWord_Has
0x083EA86B	rom	sEasyChatWord_Good
0x083EA870	rom	sEasyChatWord_Less
0x083EA875	rom	sEasyChatWord_Momentum
0x083EA87E	rom	sEasyChatWord_Going
0x083EA884	rom	sEasyChatWord_Weird
0x083EA88A	rom	sEasyChatWord_Busy
0x083EA88F	rom	sEasyChatWord_Together
0x083EA898	rom	sEasyChatWord_Full
0x083EA89D	rom	sEasyChatWord_Absent
0x083EA8A4	rom	sEasyChatWord_Being
0x083EA8AA	rom	sEasyChatWord_Need
0x083EA8AF	rom	sEasyChatWord_Tasty
0x083EA8B5	rom	sEasyChatWord_Skilled
0x083EA8BD	rom	sEasyChatWord_Noisy
0x083EA8C3	rom	sEasyChatWord_Big
0x083EA8C7	rom	sEasyChatWord_Late
0x083EA8CC	rom	sEasyChatWord_Close
0x083EA8D2	rom	sEasyChatWord_Docile
0x083EA8D9	rom	sEasyChatWord_Amusing
0x083EA8E1	rom	sEasyChatWord_Entertaining
0x083EA8EE	rom	sEasyChatWord_Perfection
0x083EA8F9	rom	sEasyChatWord_Pretty
0x083EA900	rom	sEasyChatWord_Healthy
0x083EA908	rom	sEasyChatWord_Excellent
0x083EA912	rom	sEasyChatWord_UpsideDown
0x083EA91E	rom	sEasyChatWord_Cold
0x083EA923	rom	sEasyChatWord_Refreshing
0x083EA92E	rom	sEasyChatWord_Unavoidable
0x083EA93A	rom	sEasyChatWord_Much
0x083EA93F	rom	sEasyChatWord_Overwhelming
0x083EA94C	rom	sEasyChatWord_Fabulous
0x083EA955	rom	sEasyChatWord_Else
0x083EA95A	rom	sEasyChatWord_Expensive
0x083EA964	rom	sEasyChatWord_Correct
0x083EA96C	rom	sEasyChatWord_Impossible
0x083EA977	rom	sEasyChatWord_Small
0x083EA97D	rom	sEasyChatWord_Different
0x083EA987	rom	sEasyChatWord_Tired
0x083EA98D	rom	sEasyChatWord_Skill
0x083EA993	rom	sEasyChatWord_Top
0x083EA997	rom	sEasyChatWord_NonStop
0x083EA9A0	rom	sEasyChatWord_Preposterous
0x083EA9AD	rom	sEasyChatWord_None
0x083EA9B2	rom	sEasyChatWord_Nothing
0x083EA9BA	rom	sEasyChatWord_Natural
0x083EA9C2	rom	sEasyChatWord_Becomes
0x083EA9CA	rom	sEasyChatWord_Lukewarm
0x083EA9D3	rom	sEasyChatWord_Fast
0x083EA9D8	rom	sEasyChatWord_Low
0x083EA9DC	rom	sEasyChatWord_Awful
0x083EA9E2	rom	sEasyChatWord_Alone
0x083EA9E8	rom	sEasyChatWord_Bored
0x083EA9EE	rom	sEasyChatWord_Secret
0x083EA9F5	rom	sEasyChatWord_Mystery
0x083EA9FD	rom	sEasyChatWord_Lacks
0x083EAA03	rom	sEasyChatWord_Best
0x083EAA08	rom	sEasyChatWord_Lousy
0x083EAA0E	rom	sEasyChatWord_Mistake
0x083EAA16	rom	sEasyChatWord_Kind
0x083EAA1B	rom	sEasyChatWord_Well
0x083EAA20	rom	sEasyChatWord_Weakened
0x083EAA29	rom	sEasyChatWord_Simple
0x083EAA30	rom	sEasyChatWord_Seems
0x083EAA36	rom	sEasyChatWord_Badly
0x083EAA3C	rom	sEasyChatGroup_Conditions
0x083EAD78	rom	sEasyChatWord_Meets
0x083EAD7E	rom	sEasyChatWord_Concede
0x083EAD86	rom	sEasyChatWord_Give
0x083EAD8B	rom	sEasyChatWord_Gives
0x083EAD91	rom	sEasyChatWord_Played
0x083EAD98	rom	sEasyChatWord_Plays
0x083EAD9E	rom	sEasyChatWord_Collect
0x083EADA6	rom	sEasyChatWord_Walking
0x083EADAE	rom	sEasyChatWord_Walks
0x083EADB4	rom	sEasyChatWord_Says
0x083EADB9	rom	sEasyChatWord_Went
0x083EADBE	rom	sEasyChatWord_Said
0x083EADC3	rom	sEasyChatWord_WakeUp
0x083EADCB	rom	sEasyChatWord_WakesUp
0x083EADD4	rom	sEasyChatWord_Angers
0x083EADDB	rom	sEasyChatWord_Teach
0x083EADE1	rom	sEasyChatWord_Teaches
0x083EADE9	rom	sEasyChatWord_Please
0x083EADF0	rom	sEasyChatWord_Learn
0x083EADF6	rom	sEasyChatWord_Change
0x083EADFD	rom	sEasyChatWord_Story
0x083EAE03	rom	sEasyChatWord_Trust
0x083EAE09	rom	sEasyChatWord_Lavish
0x083EAE10	rom	sEasyChatWord_Listens
0x083EAE18	rom	sEasyChatWord_Hearing
0x083EAE20	rom	sEasyChatWord_Trains
0x083EAE27	rom	sEasyChatWord_Choose
0x083EAE2E	rom	sEasyChatWord_Come
0x083EAE33	rom	sEasyChatWord_Came
0x083EAE38	rom	sEasyChatWord_Search
0x083EAE3F	rom	sEasyChatWord_Make
0x083EAE44	rom	sEasyChatWord_Cause
0x083EAE4A	rom	sEasyChatWord_Know
0x083EAE4F	rom	sEasyChatWord_Knows
0x083EAE55	rom	sEasyChatWord_Refuse
0x083EAE5C	rom	sEasyChatWord_Stores
0x083EAE63	rom	sEasyChatWord_Brag
0x083EAE68	rom	sEasyChatWord_Ignorant
0x083EAE71	rom	sEasyChatWord_Thinks
0x083EAE78	rom	sEasyChatWord_Believe
0x083EAE80	rom	sEasyChatWord_Slide
0x083EAE86	rom	sEasyChatWord_Eats
0x083EAE8B	rom	sEasyChatWord_Use
0x083EAE8F	rom	sEasyChatWord_Uses
0x083EAE94	rom	sEasyChatWord_Using
0x083EAE9A	rom	sEasyChatWord_Couldnt
0x083EAEA3	rom	sEasyChatWord_Capable
0x083EAEAB	rom	sEasyChatWord_Disappear
0x083EAEB5	rom	sEasyChatWord_Appear
0x083EAEBC	rom	sEasyChatWord_Throw
0x083EAEC2	rom	sEasyChatWord_Worry
0x083EAEC8	rom	sEasyChatWord_Slept
0x083EAECE	rom	sEasyChatWord_Sleep
0x083EAED4	rom	sEasyChatWord_Release
0x083EAEDC	rom	sEasyChatWord_Drinks
0x083EAEE3	rom	sEasyChatWord_Runs
0x083EAEE8	rom	sEasyChatWord_Run
0x083EAEEC	rom	sEasyChatWord_Works
0x083EAEF2	rom	sEasyChatWord_Working
0x083EAEFA	rom	sEasyChatWord_Talking
0x083EAF02	rom	sEasyChatWord_Talk
0x083EAF07	rom	sEasyChatWord_Sink
0x083EAF0C	rom	sEasyChatWord_Smack
0x083EAF12	rom	sEasyChatWord_Pretend
0x083EAF1A	rom	sEasyChatWord_Praise
0x083EAF21	rom	sEasyChatWord_Overdo
0x083EAF28	rom	sEasyChatWord_Show
0x083EAF2D	rom	sEasyChatWord_Looks
0x083EAF33	rom	sEasyChatWord_Sees
0x083EAF38	rom	sEasyChatWord_Seek
0x083EAF3D	rom	sEasyChatWord_Own
0x083EAF41	rom	sEasyChatWord_Take
0x083EAF46	rom	sEasyChatWord_Allow
0x083EAF4C	rom	sEasyChatWord_Forget
0x083EAF53	rom	sEasyChatWord_Forgets
0x083EAF5B	rom	sEasyChatWord_Appears
0x083EAF63	rom	sEasyChatWord_Faint
0x083EAF69	rom	sEasyChatWord_Fainted
0x083EAF74	rom	sEasyChatGroup_Actions
0x083EB31C	rom	sEasyChatWord_Chores
0x083EB323	rom	sEasyChatWord_Home
0x083EB328	rom	sEasyChatWord_Money
0x083EB32E	rom	sEasyChatWord_Allowance
0x083EB338	rom	sEasyChatWord_Bath
0x083EB33D	rom	sEasyChatWord_Conversation
0x083EB34A	rom	sEasyChatWord_School
0x083EB351	rom	sEasyChatWord_Commemorate
0x083EB35D	rom	sEasyChatWord_Habit
0x083EB363	rom	sEasyChatWord_Group
0x083EB369	rom	sEasyChatWord_Word
0x083EB36E	rom	sEasyChatWord_Store
0x083EB374	rom	sEasyChatWord_Service
0x083EB37C	rom	sEasyChatWord_Work
0x083EB381	rom	sEasyChatWord_System
0x083EB388	rom	sEasyChatWord_Train
0x083EB38E	rom	sEasyChatWord_Class
0x083EB394	rom	sEasyChatWord_Lessons
0x083EB39C	rom	sEasyChatWord_Information
0x083EB3A8	rom	sEasyChatWord_Living
0x083EB3AF	rom	sEasyChatWord_Teacher
0x083EB3B7	rom	sEasyChatWord_Tournament
0x083EB3C2	rom	sEasyChatWord_Letter
0x083EB3C9	rom	sEasyChatWord_Event
0x083EB3CF	rom	sEasyChatWord_Digital
0x083EB3D7	rom	sEasyChatWord_Test
0x083EB3DC	rom	sEasyChatWord_DeptStore
0x083EB3E8	rom	sEasyChatWord_Television
0x083EB3F3	rom	sEasyChatWord_Phone
0x083EB3F9	rom	sEasyChatWord_Item
0x083EB3FE	rom	sEasyChatWord_Name
0x083EB403	rom	sEasyChatWord_News
0x083EB408	rom	sEasyChatWord_Popular
0x083EB410	rom	sEasyChatWord_Party
0x083EB416	rom	sEasyChatWord_Study
0x083EB41C	rom	sEasyChatWord_Machine
0x083EB424	rom	sEasyChatWord_Mail
0x083EB429	rom	sEasyChatWord_Message
0x083EB431	rom	sEasyChatWord_Promise
0x083EB439	rom	sEasyChatWord_Dream
0x083EB43F	rom	sEasyChatWord_Kindergarten
0x083EB44C	rom	sEasyChatWord_Life
0x083EB451	rom	sEasyChatWord_Radio
0x083EB457	rom	sEasyChatWord_Rental
0x083EB45E	rom	sEasyChatWord_World
0x083EB464	rom	sEasyChatGroup_Lifestyle
0x083EB680	rom	sEasyChatWord_Idol
0x083EB685	rom	sEasyChatWord_Anime
0x083EB68B	rom	sEasyChatWord_Song
0x083EB690	rom	sEasyChatWord_Movie
0x083EB696	rom	sEasyChatWord_Sweets
0x083EB69D	rom	sEasyChatWord_Chat
0x083EB6A2	rom	sEasyChatWord_ChildsPlay
0x083EB6AF	rom	sEasyChatWord_Toys
0x083EB6B4	rom	sEasyChatWord_Music
0x083EB6BA	rom	sEasyChatWord_Cards
0x083EB6C0	rom	sEasyChatWord_Shopping
0x083EB6C9	rom	sEasyChatWord_Camera
0x083EB6D0	rom	sEasyChatWord_Viewing
0x083EB6D8	rom	sEasyChatWord_Spectator
0x083EB6E2	rom	sEasyChatWord_Gourmet
0x083EB6EA	rom	sEasyChatWord_Game
0x083EB6EF	rom	sEasyChatWord_Rpg
0x083EB6F3	rom	sEasyChatWord_Collection
0x083EB6FE	rom	sEasyChatWord_Complete
0x083EB707	rom	sEasyChatWord_Magazine
0x083EB710	rom	sEasyChatWord_Walk
0x083EB715	rom	sEasyChatWord_Bike
0x083EB71A	rom	sEasyChatWord_Hobby
0x083EB720	rom	sEasyChatWord_Sports
0x083EB727	rom	sEasyChatWord_Software
0x083EB730	rom	sEasyChatWord_Songs
0x083EB736	rom	sEasyChatWord_Diet
0x083EB73B	rom	sEasyChatWord_Treasure
0x083EB744	rom	sEasyChatWord_Travel
0x083EB74B	rom	sEasyChatWord_Dance
0x083EB751	rom	sEasyChatWord_Channel
0x083EB759	rom	sEasyChatWord_Making
0x083EB760	rom	sEasyChatWord_Fishing
0x083EB768	rom	sEasyChatWord_Date
0x083EB76D	rom	sEasyChatWord_Design
0x083EB774	rom	sEasyChatWord_Locomotive
0x083EB77F	rom	sEasyChatWord_PlushDoll
0x083EB78A	rom	sEasyChatWord_Pc
0x083EB78D	rom	sEasyChatWord_Flowers
0x083EB795	rom	sEasyChatWord_Hero
0x083EB79A	rom	sEasyChatWord_Nap
0x083EB79E	rom	sEasyChatWord_Heroine
0x083EB7A6	rom	sEasyChatWord_Fashion
0x083EB7AE	rom	sEasyChatWord_Adventure
0x083EB7B8	rom	sEasyChatWord_Board
0x083EB7BE	rom	sEasyChatWord_Ball
0x083EB7C3	rom	sEasyChatWord_Book
0x083EB7C8	rom	sEasyChatWord_Festival
0x083EB7D1	rom	sEasyChatWord_Comics
0x083EB7D8	rom	sEasyChatWord_Holiday
0x083EB7E0	rom	sEasyChatWord_Plans
0x083EB7E6	rom	sEasyChatWord_Trendy
0x083EB7ED	rom	sEasyChatWord_Vacation
0x083EB7F6	rom	sEasyChatWord_Look
0x083EB7FC	rom	sEasyChatGroup_Hobbies
0x083EBA84	rom	sEasyChatWord_Fall
0x083EBA89	rom	sEasyChatWord_Morning
0x083EBA91	rom	sEasyChatWord_Tomorrow
0x083EBA9A	rom	sEasyChatWord_Last
0x083EBA9F	rom	sEasyChatWord_Day
0x083EBAA3	rom	sEasyChatWord_Sometime
0x083EBAAC	rom	sEasyChatWord_Always
0x083EBAB3	rom	sEasyChatWord_Current
0x083EBABB	rom	sEasyChatWord_Forever
0x083EBAC3	rom	sEasyChatWord_Days
0x083EBAC8	rom	sEasyChatWord_End
0x083EBACC	rom	sEasyChatWord_Tuesday
0x083EBAD4	rom	sEasyChatWord_Yesterday
0x083EBADE	rom	sEasyChatWord_Today
0x083EBAE4	rom	sEasyChatWord_Friday
0x083EBAEB	rom	sEasyChatWord_Monday
0x083EBAF2	rom	sEasyChatWord_Later
0x083EBAF8	rom	sEasyChatWord_Earlier
0x083EBB00	rom	sEasyChatWord_Another
0x083EBB08	rom	sEasyChatWord_Time
0x083EBB0D	rom	sEasyChatWord_Finish
0x083EBB14	rom	sEasyChatWord_Wednesday
0x083EBB1E	rom	sEasyChatWord_Soon
0x083EBB23	rom	sEasyChatWord_Start
0x083EBB29	rom	sEasyChatWord_Month
0x083EBB2F	rom	sEasyChatWord_Stop
0x083EBB34	rom	sEasyChatWord_Now
0x083EBB38	rom	sEasyChatWord_Final
0x083EBB3E	rom	sEasyChatWord_Next
0x083EBB43	rom	sEasyChatWord_Age
0x083EBB47	rom	sEasyChatWord_Saturday
0x083EBB50	rom	sEasyChatWord_Summer
0x083EBB57	rom	sEasyChatWord_Sunday
0x083EBB5E	rom	sEasyChatWord_Beginning
0x083EBB68	rom	sEasyChatWord_Spring
0x083EBB6F	rom	sEasyChatWord_Daytime
0x083EBB77	rom	sEasyChatWord_Winter
0x083EBB7E	rom	sEasyChatWord_Daily
0x083EBB84	rom	sEasyChatWord_Olden
0x083EBB8A	rom	sEasyChatWord_Almost
0x083EBB91	rom	sEasyChatWord_Nearly
0x083EBB98	rom	sEasyChatWord_Thursday
0x083EBBA1	rom	sEasyChatWord_Nighttime
0x083EBBAB	rom	sEasyChatWord_Night
0x083EBBB1	rom	sEasyChatWord_Week
0x083EBBB8	rom	sEasyChatGroup_Time
0x083EBDD4	rom	sEasyChatWord_Highs
0x083EBDDA	rom	sEasyChatWord_Lows
0x083EBDDF	rom	sEasyChatWord_Um
0x083EBDE2	rom	sEasyChatWord_Rear
0x083EBDE7	rom	sEasyChatWord_Things
0x083EBDEE	rom	sEasyChatWord_Thing
0x083EBDF4	rom	sEasyChatWord_Below
0x083EBDFA	rom	sEasyChatWord_Above
0x083EBE00	rom	sEasyChatWord_Back
0x083EBE05	rom	sEasyChatWord_High
0x083EBE0A	rom	sEasyChatWord_Here
0x083EBE0F	rom	sEasyChatWord_Inside
0x083EBE16	rom	sEasyChatWord_Outside
0x083EBE1E	rom	sEasyChatWord_Beside
0x083EBE25	rom	sEasyChatWord_ThisIsItExcl
0x083EBE31	rom	sEasyChatWord_This
0x083EBE36	rom	sEasyChatWord_Every
0x083EBE3C	rom	sEasyChatWord_These
0x083EBE42	rom	sEasyChatWord_TheseWere
0x083EBE4D	rom	sEasyChatWord_Down
0x083EBE52	rom	sEasyChatWord_That
0x083EBE57	rom	sEasyChatWord_ThoseAre
0x083EBE61	rom	sEasyChatWord_ThoseWere
0x083EBE6C	rom	sEasyChatWord_ThatsItExcl
0x083EBE77	rom	sEasyChatWord_Am
0x083EBE7A	rom	sEasyChatWord_ThatWas
0x083EBE83	rom	sEasyChatWord_Front
0x083EBE89	rom	sEasyChatWord_Up
0x083EBE8C	rom	sEasyChatWord_Choice
0x083EBE93	rom	sEasyChatWord_Far
0x083EBE97	rom	sEasyChatWord_Away
0x083EBE9C	rom	sEasyChatWord_Near
0x083EBEA1	rom	sEasyChatWord_Where
0x083EBEA7	rom	sEasyChatWord_When
0x083EBEAC	rom	sEasyChatWord_What
0x083EBEB1	rom	sEasyChatWord_Deep
0x083EBEB6	rom	sEasyChatWord_Shallow
0x083EBEBE	rom	sEasyChatWord_Why
0x083EBEC2	rom	sEasyChatWord_Confused
0x083EBECB	rom	sEasyChatWord_Opposite
0x083EBED4	rom	sEasyChatWord_Left
0x083EBED9	rom	sEasyChatWord_Right
0x083EBEE0	rom	sEasyChatGroup_Misc
0x083EC0D8	rom	sEasyChatWord_Wandering
0x083EC0E2	rom	sEasyChatWord_Rickety
0x083EC0EA	rom	sEasyChatWord_RockSolid
0x083EC0F5	rom	sEasyChatWord_Hungry
0x083EC0FC	rom	sEasyChatWord_Tight
0x083EC102	rom	sEasyChatWord_Ticklish
0x083EC10B	rom	sEasyChatWord_Twirling
0x083EC114	rom	sEasyChatWord_Spiraling
0x083EC11E	rom	sEasyChatWord_Thirsty
0x083EC126	rom	sEasyChatWord_Lolling
0x083EC12E	rom	sEasyChatWord_Silky
0x083EC134	rom	sEasyChatWord_Sadly
0x083EC13A	rom	sEasyChatWord_Hopeless
0x083EC143	rom	sEasyChatWord_Useless
0x083EC14B	rom	sEasyChatWord_Drooling
0x083EC154	rom	sEasyChatWord_Exciting
0x083EC15D	rom	sEasyChatWord_Thick
0x083EC163	rom	sEasyChatWord_Smooth
0x083EC16A	rom	sEasyChatWord_Slimy
0x083EC170	rom	sEasyChatWord_Thin
0x083EC175	rom	sEasyChatWord_Break
0x083EC17B	rom	sEasyChatWord_Voracious
0x083EC185	rom	sEasyChatWord_Scatter
0x083EC18D	rom	sEasyChatWord_Awesome
0x083EC195	rom	sEasyChatWord_Wimpy
0x083EC19B	rom	sEasyChatWord_Wobbly
0x083EC1A2	rom	sEasyChatWord_Shaky
0x083EC1A8	rom	sEasyChatWord_Ripped
0x083EC1AF	rom	sEasyChatWord_Shredded
0x083EC1B8	rom	sEasyChatWord_Increasing
0x083EC1C3	rom	sEasyChatWord_Yet
0x083EC1C7	rom	sEasyChatWord_Destroyed
0x083EC1D1	rom	sEasyChatWord_Fiery
0x083EC1D7	rom	sEasyChatWord_LoveyDovey
0x083EC1E3	rom	sEasyChatWord_Happily
0x083EC1EB	rom	sEasyChatWord_Anticipation
0x083EC1F8	rom	sEasyChatGroup_Adjectives
0x083EC3A8	rom	sEasyChatWord_Appeal
0x083EC3AF	rom	sEasyChatWord_Events
0x083EC3B6	rom	sEasyChatWord_StayAtHome
0x083EC3C3	rom	sEasyChatWord_Berry
0x083EC3C9	rom	sEasyChatWord_Contest
0x083EC3D1	rom	sEasyChatWord_Mc
0x083EC3D4	rom	sEasyChatWord_Judge
0x083EC3DA	rom	sEasyChatWord_Super
0x083EC3E0	rom	sEasyChatWord_Stage
0x083EC3E6	rom	sEasyChatWord_HallOfFame
0x083EC3F3	rom	sEasyChatWord_Evolution
0x083EC3FD	rom	sEasyChatWord_Hyper
0x083EC403	rom	sEasyChatWord_BattleTower
0x083EC410	rom	sEasyChatWord_Leaders
0x083EC418	rom	sEasyChatWord_BattleRoom
0x083EC424	rom	sEasyChatWord_Hidden
0x083EC42B	rom	sEasyChatWord_SecretBase
0x083EC437	rom	sEasyChatWord_Blend
0x083EC43D	rom	sEasyChatWord_POKEBLOCK
0x083EC443	rom	sEasyChatWord_Master
0x083EC44A	rom	sEasyChatWord_Rank
0x083EC44F	rom	sEasyChatWord_Ribbon
0x083EC456	rom	sEasyChatWord_Crush
0x083EC45C	rom	sEasyChatWord_Direct
0x083EC463	rom	sEasyChatWord_Tower
0x083EC469	rom	sEasyChatWord_Union
0x083EC46F	rom	sEasyChatWord_Room
0x083EC474	rom	sEasyChatWord_Wireless
0x083EC480	rom	sEasyChatGroup_Events
0x083EC5D0	rom	sEasyChatGroup_Move1
0x083EC704	rom	sEasyChatGroup_Move2
0x083EC894	rom	sEasyChatWord_KthxBye
0x083EC89F	rom	sEasyChatWord_YesSirExcl
0x083EC8A9	rom	sEasyChatWord_AvantGarde
0x083EC8B5	rom	sEasyChatWord_Couple
0x083EC8BC	rom	sEasyChatWord_MuchObliged
0x083EC8C9	rom	sEasyChatWord_YeehawExcl
0x083EC8D1	rom	sEasyChatWord_Mega
0x083EC8D6	rom	sEasyChatWord_1HitKOExcl
0x083EC8E0	rom	sEasyChatWord_Destiny
0x083EC8E8	rom	sEasyChatWord_Cancel
0x083EC8EF	rom	sEasyChatWord_New
0x083EC8F3	rom	sEasyChatWord_Flatten
0x083EC8FB	rom	sEasyChatWord_Kidding
0x083EC903	rom	sEasyChatWord_Loser
0x083EC909	rom	sEasyChatWord_Losing
0x083EC910	rom	sEasyChatWord_Happening
0x083EC91A	rom	sEasyChatWord_HipAnd
0x083EC922	rom	sEasyChatWord_Shake
0x083EC928	rom	sEasyChatWord_Shady
0x083EC92E	rom	sEasyChatWord_Upbeat
0x083EC935	rom	sEasyChatWord_Modern
0x083EC93C	rom	sEasyChatWord_SmellYa
0x083EC945	rom	sEasyChatWord_Bang
0x083EC94A	rom	sEasyChatWord_Knockout
0x083EC953	rom	sEasyChatWord_Hassle
0x083EC95A	rom	sEasyChatWord_Winner
0x083EC961	rom	sEasyChatWord_Fever
0x083EC967	rom	sEasyChatWord_Wannabe
0x083EC96F	rom	sEasyChatWord_Baby
0x083EC974	rom	sEasyChatWord_Heart
0x083EC97A	rom	sEasyChatWord_Old
0x083EC97E	rom	sEasyChatWord_Young
0x083EC984	rom	sEasyChatWord_Ugly
0x083EC98C	rom	sEasyChatGroup_TrendySaying
0x083ECB18	rom	sEasyChatGroup_Pokemon2
0x083ECD10	rom	sEasyChatGroups
0x083ECDC0	rom	sEasyChatWordsByLetter_Others
0x083ECDD4	rom	sEasyChatWordsByLetter_A
0x083ECEA8	rom	sEasyChatWordsByLetter_B
0x083ECF54	rom	sEasyChatWordsByLetter_C
0x083ED042	rom	sEasyChatWordsByLetter_D
0x083ED0FE	rom	sEasyChatWordsByLetter_E
0x083ED172	rom	sEasyChatWordsByLetter_F
0x083ED210	rom	sEasyChatWordsByLetter_G
0x083ED2D4	rom	sEasyChatWordsByLetter_H
0x083ED39E	rom	sEasyChatWordsByLetter_I
0x083ED3FE	rom	sEasyChatWordsByLetter_J
0x083ED418	rom	sEasyChatWordsByLetter_K
0x083ED45A	rom	sEasyChatWordsByLetter_L
0x083ED4FE	rom	sEasyChatWordsByLetter_M
0x083ED61A	rom	sEasyChatWordsByLetter_N
0x083ED686	rom	sEasyChatWordsByLetter_O
0x083ED6DE	rom	sEasyChatWordsByLetter_P
0x083ED7AA	rom	sEasyChatWordsByLetter_Q
0x083ED7B6	rom	sEasyChatWordsByLetter_R
0x083ED856	rom	sEasyChatWordsByLetter_S
0x083EDA62	rom	sEasyChatWordsByLetter_T
0x083EDB6C	rom	sEasyChatWordsByLetter_U
0x083EDB9C	rom	sEasyChatWordsByLetter_V
0x083EDBDE	rom	sEasyChatWordsByLetter_W
0x083EDCBC	rom	sEasyChatWordsByLetter_X
0x083EDCC4	rom	sEasyChatWordsByLetter_Y
0x083EDCEA	rom	sEasyChatWordsByLetter_Z
0x083EDCFC	rom	sEasyChatWordsByLetterPointers
0x083EDDD4	rom	sEasyChatGroupNamePointers
0x083EDE2C	rom	sDefaultProfileWords
0x083EDE34	rom	sDefaultBattleStartWords
0x083EDE40	rom	sDeoxysValue
0x083EDE44	rom	sMonMarkings_Pal
0x083EDE64	rom	sMonMarkings_Gfx
0x083EE664	rom	sJPText_Confirm
0x083EE66C	rom	sOamData_MenuWindow
0x083EE674	rom	sOamData_8x8
0x083EE67C	rom	sAnim_Marking_CircleOff
0x083EE684	rom	sAnim_Marking_CircleOn
0x083EE68C	rom	sAnim_Marking_SquareOff
0x083EE694	rom	sAnim_Marking_SquareOn
0x083EE69C	rom	sAnim_Marking_TriangleOff
0x083EE6A4	rom	sAnim_Marking_TriangleOn
0x083EE6AC	rom	sAnim_Marking_HeartOff
0x083EE6B4	rom	sAnim_Marking_HeartOn
0x083EE6BC	rom	sAnim_Cursor
0x083EE6C4	rom	sAnim_OKCancelText
0x083EE6CC	rom	sAnims_MenuSprite
0x083EE6F4	rom	sAnim_MenuWindow_UpperHalf
0x083EE6FC	rom	sAnim_MenuWindow_LowerHalf
0x083EE704	rom	sAnims_MenuWindow
0x083EE70C	rom	sOamData_MarkingCombo
0x083EE714	rom	sAnim_MarkingCombo_AllOff
0x083EE71C	rom	sAnim_MarkingCombo_Circle
0x083EE724	rom	sAnim_MarkingCombo_Square
0x083EE72C	rom	sAnim_MarkingCombo_CircleSquare
0x083EE734	rom	sAnim_MarkingCombo_Triangle
0x083EE73C	rom	sAnim_MarkingCombo_CircleTriangle
0x083EE744	rom	sAnim_MarkingCombo_SquareTriangle
0x083EE74C	rom	sAnim_MarkingCombo_CircleSquareTriangle
0x083EE754	rom	sAnim_MarkingCombo_Heart
0x083EE75C	rom	sAnim_MarkingCombo_CircleHeart
0x083EE764	rom	sAnim_MarkingCombo_SquareHeart
0x083EE76C	rom	sAnim_MarkingCombo_CircleSquareHeart
0x083EE774	rom	sAnim_MarkingCombo_TriangleHeart
0x083EE77C	rom	sAnim_MarkingCombo_CircleTriangleHeart
0x083EE784	rom	sAnim_MarkingCombo_SquareTriangleHeart
0x083EE78C	rom	sAnim_MarkingCombo_AllOn
0x083EE794	rom	sAnims_MarkingCombo
0x083EE7D4	rom	sBgTemplates
0x083EE7E0	rom	sWindowTemplates
0x083EE7F8	rom	sTextColor
0x083EE7FC	rom	sGenderPals
0x083EE804	rom	sGfxHeaders
0x083EE8F4	rom	sLayout_3x3
0x083EE900	rom	sMessageLayouts_3x3
0x083EE990	rom	sLayout_5x2
0x083EE9A4	rom	sMessageLayouts_5x2
0x083EEA34	rom	sHealLocations
0x083EEAD4	rom	sWhiteoutRespawnHealCenterMapIdxs
0x083EEB24	rom	sWhiteoutRespawnHealerNpcIds
0x083EEB38	rom	sMapsecName_PALLET_TOWN
0x083EEB44	rom	sMapsecName_VIRIDIAN_CITY
0x083EEB52	rom	sMapsecName_PEWTER_CITY
0x083EEB5E	rom	sMapsecName_CERULEAN_CITY
0x083EEB6C	rom	sMapsecName_LAVENDER_TOWN
0x083EEB7A	rom	sMapsecName_VERMILION_CITY
0x083EEB89	rom	sMapsecName_CELADON_CITY
0x083EEB96	rom	sMapsecName_FUCHSIA_CITY
0x083EEBA3	rom	sMapsecName_CINNABAR_ISLAND
0x083EEBB3	rom	sMapsecName_INDIGO_PLATEAU
0x083EEBC2	rom	sMapsecName_SAFFRON_CITY
0x083EEBCF	rom	sMapsecName_ROUTE_4_Clone
0x083EEBD7	rom	sMapsecName_ROUTE_10_Clone
0x083EEBE0	rom	sMapsecName_ROUTE_1
0x083EEBE8	rom	sMapsecName_ROUTE_2
0x083EEBF0	rom	sMapsecName_ROUTE_3
0x083EEBF8	rom	sMapsecName_ROUTE_4
0x083EEC00	rom	sMapsecName_ROUTE_5
0x083EEC08	rom	sMapsecName_ROUTE_6
0x083EEC10	rom	sMapsecName_ROUTE_7
0x083EEC18	rom	sMapsecName_ROUTE_8
0x083EEC20	rom	sMapsecName_ROUTE_9
0x083EEC28	rom	sMapsecName_ROUTE_10
0x083EEC31	rom	sMapsecName_ROUTE_11
0x083EEC3A	rom	sMapsecName_ROUTE_12
0x083EEC43	rom	sMapsecName_ROUTE_13
0x083EEC4C	rom	sMapsecName_ROUTE_14
0x083EEC55	rom	sMapsecName_ROUTE_15
0x083EEC5E	rom	sMapsecName_ROUTE_16
0x083EEC67	rom	sMapsecName_ROUTE_17
0x083EEC70	rom	sMapsecName_ROUTE_18
0x083EEC79	rom	sMapsecName_ROUTE_19
0x083EEC82	rom	sMapsecName_ROUTE_20
0x083EEC8B	rom	sMapsecName_ROUTE_21
0x083EEC94	rom	sMapsecName_ROUTE_22
0x083EEC9D	rom	sMapsecName_ROUTE_23
0x083EECA6	rom	sMapsecName_ROUTE_24
0x083EECAF	rom	sMapsecName_ROUTE_25
0x083EECB8	rom	sMapsecName_VIRIDIAN_FOREST
0x083EECC8	rom	sMapsecName_MT__MOON
0x083EECD1	rom	sMapsecName_S_S__ANNE
0x083EECDB	rom	sMapsecName_UNDERGROUND_PATH
0x083EECEC	rom	sMapsecName_UNDERGROUND_PATH_Clone
0x083EECFD	rom	sMapsecName_DIGLETT_S_CAVE
0x083EED0C	rom	sMapsecName_VICTORY_ROAD
0x083EED19	rom	sMapsecName_ROCKET_HIDEOUT
0x083EED28	rom	sMapsecName_SILPH_CO_
0x083EED32	rom	sMapsecName_POK__MON_MANSION
0x083EED42	rom	sMapsecName_SAFARI_ZONE
0x083EED4E	rom	sMapsecName_POK__MON_LEAGUE
0x083EED5D	rom	sMapsecName_ROCK_TUNNEL
0x083EED69	rom	sMapsecName_SEAFOAM_ISLANDS
0x083EED79	rom	sMapsecName_POK__MON_TOWER
0x083EED87	rom	sMapsecName_CERULEAN_CAVE
0x083EED95	rom	sMapsecName_POWER_PLANT
0x083EEDA1	rom	sMapsecName_ONE_ISLAND
0x083EEDAC	rom	sMapsecName_TWO_ISLAND
0x083EEDB7	rom	sMapsecName_THREE_ISLAND
0x083EEDC4	rom	sMapsecName_FOUR_ISLAND
0x083EEDD0	rom	sMapsecName_FIVE_ISLAND
0x083EEDDC	rom	sMapsecName_SEVEN_ISLAND
0x083EEDE9	rom	sMapsecName_SIX_ISLAND
0x083EEDF4	rom	sMapsecName_KINDLE_ROAD
0x083EEE00	rom	sMapsecName_TREASURE_BEACH
0x083EEE0F	rom	sMapsecName_CAPE_BRINK
0x083EEE1A	rom	sMapsecName_BOND_BRIDGE
0x083EEE26	rom	sMapsecName_THREE_ISLE_PORT
0x083EEE36	rom	sMapsecName_SEVII_ISLE_6
0x083EEE43	rom	sMapsecName_SEVII_ISLE_7
0x083EEE50	rom	sMapsecName_SEVII_ISLE_8
0x083EEE5D	rom	sMapsecName_SEVII_ISLE_9
0x083EEE6A	rom	sMapsecName_RESORT_GORGEOUS
0x083EEE7A	rom	sMapsecName_WATER_LABYRINTH
0x083EEE8A	rom	sMapsecName_FIVE_ISLE_MEADOW
0x083EEE9B	rom	sMapsecName_MEMORIAL_PILLAR
0x083EEEAB	rom	sMapsecName_OUTCAST_ISLAND
0x083EEEBA	rom	sMapsecName_GREEN_PATH
0x083EEEC5	rom	sMapsecName_WATER_PATH
0x083EEED0	rom	sMapsecName_RUIN_VALLEY
0x083EEEDC	rom	sMapsecName_TRAINER_TOWER
0x083EEEEA	rom	sMapsecName_CANYON_ENTRANCE
0x083EEEFA	rom	sMapsecName_SEVAULT_CANYON
0x083EEF09	rom	sMapsecName_TANOBY_RUINS
0x083EEF16	rom	sMapsecName_SEVII_ISLE_22
0x083EEF24	rom	sMapsecName_SEVII_ISLE_23
0x083EEF32	rom	sMapsecName_SEVII_ISLE_24
0x083EEF40	rom	sMapsecName_NAVEL_ROCK
0x083EEF4B	rom	sMapsecName_MT__EMBER
0x083EEF55	rom	sMapsecName_BERRY_FOREST
0x083EEF62	rom	sMapsecName_ICEFALL_CAVE
0x083EEF6F	rom	sMapsecName_ROCKET_WAREHOUSE
0x083EEF80	rom	sMapsecName_TRAINER_TOWER_Clone
0x083EEF8E	rom	sMapsecName_DOTTED_HOLE
0x083EEF9A	rom	sMapsecName_LOST_CAVE
0x083EEFA4	rom	sMapsecName_PATTERN_BUSH
0x083EEFB1	rom	sMapsecName_ALTERING_CAVE
0x083EEFBF	rom	sMapsecName_TANOBY_CHAMBERS
0x083EEFCF	rom	sMapsecName_THREE_ISLE_PATH
0x083EEFDF	rom	sMapsecName_TANOBY_KEY
0x083EEFEA	rom	sMapsecName_BIRTH_ISLAND
0x083EEFF7	rom	sMapsecName_MONEAN_CHAMBER
0x083EF006	rom	sMapsecName_LIPTOO_CHAMBER
0x083EF015	rom	sMapsecName_WEEPTH_CHAMBER
0x083EF024	rom	sMapsecName_DILFORD_CHAMBER
0x083EF034	rom	sMapsecName_SCUFIB_CHAMBER
0x083EF043	rom	sMapsecName_RIXY_CHAMBER
0x083EF050	rom	sMapsecName_VIAPOIS_CHAMBER
0x083EF060	rom	sMapsecName_EMBER_SPA
0x083EF06A	rom	sMapsecName_CELADON_DEPT_
0x083EF078	rom	sTopBar_Pal
0x083EF098	rom	sMapCursor_Pal
0x083EF0B8	rom	sPlayerIcon_RedPal
0x083EF0D8	rom	sPlayerIcon_LeafPal
0x083EF0F8	rom	sMiscIcon_Pal
0x083EF118	rom	sRegionMap_Pal
0x083EF1B8	rom	sUnusedPalette
0x083EF1C0	rom	sSwitchMapCursor_Pal
0x083EF1E0	rom	sMapEdge_Pal
0x083EF200	rom	sSwitchMapCursorLeft_Gfx
0x083EF28C	rom	sSwitchMapCursorRight_Gfx
0x083EF31C	rom	sMapCursor_Gfx
0x083EF360	rom	sPlayerIcon_Red
0x083EF3D8	rom	sPlayerIcon_Leaf
0x083EF458	rom	sRegionMap_Gfx
0x083F016C	rom	sMapEdge_Gfx
0x083F03BC	rom	sSwitchMapMenu_Gfx
0x083F06D8	rom	sKanto_Tilemap
0x083F0938	rom	sSevii123_Tilemap
0x083F0A48	rom	sSevii45_Tilemap
0x083F0B2C	rom	sSevii67_Tilemap
0x083F0C48	rom	sMapEdge_Tilemap
0x083F0D58	rom	sSwitchMap_KantoSeviiAll_Tilemap
0x083F0EC0	rom	sSwitchMap_KantoSevii123_Tilemap
0x083F0FCC	rom	sSwitchMap_KantoSeviiAll2_Tilemap
0x083F1108	rom	sMapEdge_TopLeft
0x083F1228	rom	sMapEdge_TopRight
0x083F138C	rom	sMapEdge_MidLeft
0x083F147C	rom	sMapEdge_MidRight
0x083F1574	rom	sMapEdge_BottomLeft
0x083F1640	rom	sMapEdge_BottomRight
0x083F1714	rom	sDungeonIcon
0x083F1744	rom	sFlyIcon
0x083F17B4	rom	sBackground_Gfx
0x083F17DC	rom	sBackground_Tilemap
0x083F188C	rom	sRegionMapBgTemplates
0x083F189C	rom	sRegionMapWindowTemplates
0x083F18CC	rom	sTextColor_White
0x083F18D0	rom	sTextColor_Green
0x083F18D4	rom	sTextColor_Red
0x083F18D8	rom	sTextColorTable
0x083F18E0	rom	sSeviiMapsecs
0x083F193C	rom	sRegionMapPermissions
0x083F1948	rom	sMapsecNameWindowDims
0x083F1960	rom	sOamData_SwitchMapCursor
0x083F1968	rom	sAnim_SwitchMapCursor
0x083F1974	rom	sAnims_SwitchMapCursor
0x083F1978	rom	sDungeonInfo
0x083F1A5C	rom	sOamData_MapEdge
0x083F1A64	rom	sAnim_MapEdge
0x083F1A6C	rom	sAnims_MapEdge
0x083F1A70	rom	sMapWindowDim
0x083F1A78	rom	sOamData_MapCursor
0x083F1A80	rom	sAnim_MapCursor
0x083F1A8C	rom	sAnims_MapCursor
0x083F1A90	rom	sOamData_PlayerIcon
0x083F1A98	rom	sAnim_PlayerIcon
0x083F1AA0	rom	sAnims_PlayerIcon
0x083F1AA4	rom	sOamData_FlyIcon
0x083F1AAC	rom	sOamData_DungeonIcon
0x083F1AB4	rom	sAnim_FlyIcon
0x083F1AC0	rom	sAnim_DungeonIconVisited
0x083F1AC8	rom	sAnim_DungeonIconNotVisited
0x083F1AD0	rom	sAnims_FlyIcon
0x083F1AD4	rom	sAnims_DungeonIcon
0x083F1ADC	rom	sWinFlags
0x083F1AE0	rom	sWinRegs
0x083F1AE4	rom	sTextColors
0x083F1AE8	rom	sMapNames
0x083F1C9C	rom	sMapSectionTopLeftCorners
0x083F1FB4	rom	sMapSectionDimensions
0x083F22CC	rom	sRegionMapSections_Kanto
0x083F2560	rom	sRegionMapSections_Sevii123
0x083F27F4	rom	sRegionMapSections_Sevii45
0x083F2A88	rom	sRegionMapSections_Sevii67
0x083F2D1C	rom	sMapFlyDestinations
0x083F2E60	rom	sPointillismPoints
0x083F53E0	rom	sBattleAICmdTable
0x083F5558	rom	sDiscouragedPowerfulMoveEffects
0x083F5574	rom	sTransitionTypes
0x083F5640	rom	sCaveTransitionPalette_White
0x083F5660	rom	sCaveTransitionPalette_Black
0x083F5680	rom	sCaveTransitionPalette
0x083F56A0	rom	sCaveTransitionTilemap
0x083F5880	rom	sCaveTransitionTiles
0x083F5934	rom	sStringVarPtrs
0x083F5940	rom	sSlotMachineRandomSeeds
0x083F5956	rom	sSlotMachineIndices
0x083F596C	rom	sResortGorgeousDeluxeRewards
0x083F5978	rom	sElevatorCurrentFloorWindowTemplate
0x083F5980	rom	sFloorNamePointers
0x083F59C0	rom	sFloorNameWidthPadding
0x083F59D0	rom	sElevatorWindowMetatilesGoingUp
0x083F59E2	rom	sElevatorWindowMetatilesGoingDown
0x083F59F4	rom	sElevatorAnimationDuration
0x083F59FD	rom	sElevatorWindowAnimDuration
0x083F5A08	rom	sListMenuLabels
0x083F5B68	rom	sStarterSpecies
0x083F5B6E	rom	sMartMaps
0x083F5B94	rom	sInsideOutsidePairs
0x083F5D62	rom	sPokeCenter1FMaps
0x083F5D8C	rom	sEliteFourLightingPalettes
0x083F5F0C	rom	sChampionRoomLightingPalettes
0x083F602C	rom	sEliteFourLightingTimers
0x083F6037	rom	sChampionRoomLightingTimers
0x083F603F	rom	sCapeBrinkCompatibleSpecies
0x083F6042	rom	sDeoxysObjectPals
0x083F61A2	rom	sDeoxysCoords
0x083F61B8	rom	sDeoxysStepCaps
0x083F61C4	rom	sTiles
0x083F6284	rom	sPalette
0x083F62A4	rom	sTilemap
0x083F6AA4	rom	sWindowTemplates
0x083F6AB4	rom	sTextColor
0x083F6AB8	rom	sBgTemplates
0x083F6AC0	rom	sStringVars
0x083F6ACC	rom	sUnusedPal
0x083F6AEC	rom	sMovingBackgroundTiles
0x083F71E4	rom	sMovingBackgroundMap1
0x083F76C8	rom	sMovingBackgroundMap2
0x083F7B9C	rom	sBlackPalette
0x083F7BBC	rom	sUnusedTilemap
0x083F823C	rom	sBgAnim_Pal
0x083F827C	rom	sText_ShedinjaJapaneseName
0x083F8281	rom	sText_UnusedColors
0x083F828B	rom	sText_UnusedArrows
0x083F82A9	rom	sBgAnim_PaletteControl
0x083F82B9	rom	sBgAnim_PalIndexes
0x083F85DC	rom	sBigPokeball_Gfx
0x083F8B5C	rom	sSlidingPokeball_Tilemap
0x083F8B9C	rom	sSlidingPokeball_Gfx
0x083F8D9C	rom	sMugshotBanner_Gfx
0x083F8F7C	rom	sUnusedBrendan_Gfx
0x083F977C	rom	sUnusedLass_Gfx
0x083F9F7C	rom	sGridSquare_Gfx
0x083FA15C	rom	sTasks_Intro
0x083FA1A4	rom	sTasks_Main
0x083FA1EC	rom	sTaskHandlers
0x083FA1FC	rom	sBlur_Funcs
0x083FA208	rom	sSwirl_Funcs
0x083FA210	rom	sShuffle_Funcs
0x083FA218	rom	sBigPokeball_Funcs
0x083FA230	rom	sPokeballsTrail_Funcs
0x083FA23C	rom	sPokeballsTrail_StartXCoords
0x083FA240	rom	sPokeballsTrail_Delays
0x083FA24A	rom	sPokeballsTrail_Speeds
0x083FA250	rom	sClockwiseWipe_Funcs
0x083FA26C	rom	sRipple_Funcs
0x083FA274	rom	sWave_Funcs
0x083FA280	rom	sSpiral_AngleData
0x083FA2A0	rom	sSpiral_Funcs
0x083FA2A8	rom	sMugshot_Funcs
0x083FA2D0	rom	sMugshotsTrainerPicIDsTable
0x083FA2D6	rom	sMugshotsOpponentRotationScales
0x083FA2EA	rom	sMugshotsOpponentCoords
0x083FA300	rom	sMugshotTrainerPicFuncs
0x083FA31C	rom	sTrainerPicSlideSpeeds
0x083FA320	rom	sTrainerPicSlideAccels
0x083FA324	rom	sSlice_Funcs
0x083FA330	rom	sWhiteBarsFade_Funcs
0x083FA344	rom	sWhiteBarsFade_StartDelays
0x083FA350	rom	sGridSquares_Funcs
0x083FA35C	rom	sAngledWipes_Funcs
0x083FA370	rom	sAngledWipes_MoveData
0x083FA3B6	rom	sAngledWipes_EndDelays
0x083FA3C4	rom	sTransitionIntroFuncs
0x083FA3CC	rom	sSpriteImage_Pokeball
0x083FA3D4	rom	sSpriteAnim_Pokeball
0x083FA3DC	rom	sSpriteAnimTable_Pokeball
0x083FA3E0	rom	sSpriteAffineAnim_Pokeball1
0x083FA3F0	rom	sSpriteAffineAnim_Pokeball2
0x083FA400	rom	sSpriteAffineAnimTable_Pokeball
0x083FA408	rom	sSpriteTemplate_Pokeball
0x083FA420	rom	sOam_UnusedBrendanLass
0x083FA428	rom	sImageTable_UnusedBrendan
0x083FA430	rom	sImageTable_UnusedLass
0x083FA438	rom	sSpriteAnim_UnusedBrendanLass
0x083FA440	rom	sSpriteAnimTable_UnusedBrendanLass
0x083FA444	rom	sSpriteTemplate_UnusedBrendanLass
0x083FA474	rom	sFieldEffectPal_Pokeball
0x083FA494	rom	gSpritePalette_Pokeball
0x083FA49C	rom	sMugshotPal_Lorelei
0x083FA4BC	rom	sMugshotPal_Bruno
0x083FA4DC	rom	sMugshotPal_Agatha
0x083FA4FC	rom	sMugshotPal_Lance
0x083FA51C	rom	sMugshotPal_Blue
0x083FA53C	rom	sMugshotPal_Red
0x083FA55C	rom	sMugshotPal_Green
0x083FA57C	rom	sOpponentMugshotsPals
0x083FA590	rom	sPlayerMugshotsPals
0x083FA598	rom	sUnusedTrainerPalette
0x083FA5B8	rom	sSpritePalette_UnusedTrainer
0x083FA5C0	rom	sBigPokeball_Tilemap
0x083FAA70	rom	sMugshotsTilemap
0x083FAF70	rom	sLinkPartnerBufferCommands
0x083FB054	rom	sText_Empty1
0x083FB055	rom	sText_Trainer1LoseText
0x083FB058	rom	sText_Trainer2LoseText
0x083FB05B	rom	sText_Trainer1RecallPkmn1
0x083FB06E	rom	sText_Trainer1WinText
0x083FB071	rom	sText_Trainer1RecallPkmn2
0x083FB084	rom	sText_Trainer1RecallBoth
0x083FB09E	rom	sText_Trainer2WinText
0x083FB0A1	rom	sText_PkmnGainedEXP
0x083FB0BE	rom	sText_EmptyString4
0x083FB0BF	rom	sText_ABoosted
0x083FB0CA	rom	sText_PkmnGrewToLv
0x083FB0E0	rom	sText_PkmnLearnedMove
0x083FB0F2	rom	sText_TryToLearnMove1
0x083FB10D	rom	sText_TryToLearnMove2
0x083FB138	rom	sText_TryToLearnMove3
0x083FB15B	rom	sText_PkmnForgotMove
0x083FB16A	rom	sText_StopLearningMove
0x083FB17F	rom	sText_DidNotLearnMove
0x083FB195	rom	sText_UseNextPkmn
0x083FB1A7	rom	sText_AttackMissed
0x083FB1BB	rom	sText_PkmnProtectedItself
0x083FB1D0	rom	sText_AvoidedDamage
0x083FB1EB	rom	sText_PkmnMakesGroundMiss
0x083FB20F	rom	sText_PkmnAvoidedAttack
0x083FB226	rom	sText_ItDoesntAffect
0x083FB23C	rom	sText_AttackerFainted
0x083FB249	rom	sText_TargetFainted
0x083FB256	rom	sText_PlayerGotMoney
0x083FB26F	rom	sText_PlayerWhiteout
0x083FB28D	rom	sText_PlayerPanicked
0x083FB2C0	rom	sText_PlayerWhiteoutAgainstTrainer
0x083FB2FA	rom	sText_PlayerPaidAsPrizeMoney
0x083FB333	rom	sText_PlayerWhiteout2
0x083FB344	rom	sText_PreventsEscape
0x083FB361	rom	sText_CantEscape2
0x083FB370	rom	sText_AttackerCantEscape
0x083FB381	rom	sText_HitXTimes
0x083FB391	rom	sText_PkmnFellAsleep
0x083FB3A1	rom	sText_PkmnMadeSleep
0x083FB3B8	rom	sText_PkmnAlreadyAsleep
0x083FB3CE	rom	sText_PkmnAlreadyAsleep2
0x083FB3E4	rom	sText_PkmnWasntAffected
0x083FB3F8	rom	sText_PkmnWasPoisoned
0x083FB409	rom	sText_PkmnPoisonedBy
0x083FB41E	rom	sText_PkmnHurtByPoison
0x083FB434	rom	sText_PkmnAlreadyPoisoned
0x083FB44C	rom	sText_PkmnBadlyPoisoned
0x083FB462	rom	sText_PkmnEnergyDrained
0x083FB47D	rom	sText_PkmnWasBurned
0x083FB48C	rom	sText_PkmnBurnedBy
0x083FB49F	rom	sText_PkmnHurtByBurn
0x083FB4B7	rom	sText_PkmnAlreadyHasBurn
0x083FB4CE	rom	sText_PkmnWasFrozen
0x083FB4E3	rom	sText_PkmnFrozenBy
0x083FB4FB	rom	sText_PkmnIsFrozen
0x083FB50F	rom	sText_PkmnWasDefrosted
0x083FB521	rom	sText_PkmnWasDefrosted2
0x083FB533	rom	sText_PkmnWasDefrostedBy
0x083FB54B	rom	sText_PkmnWasParalyzed
0x083FB576	rom	sText_PkmnWasParalyzedBy
0x083FB5A6	rom	sText_PkmnIsParalyzed
0x083FB5C6	rom	sText_PkmnIsAlreadyParalyzed
0x083FB5DF	rom	sText_PkmnHealedParalysis
0x083FB5FB	rom	sText_PkmnDreamEaten
0x083FB611	rom	sText_StatsWontIncrease
0x083FB62A	rom	sText_StatsWontDecrease
0x083FB642	rom	sText_TeamStoppedWorking
0x083FB662	rom	sText_FoeStoppedWorking
0x083FB680	rom	sText_PkmnIsConfused
0x083FB690	rom	sText_PkmnHealedConfusion
0x083FB6AD	rom	sText_PkmnWasConfused
0x083FB6C1	rom	sText_PkmnAlreadyConfused
0x083FB6D9	rom	sText_PkmnFellInLove
0x083FB6EA	rom	sText_PkmnInLove
0x083FB701	rom	sText_PkmnImmobilizedByLove
0x083FB71C	rom	sText_PkmnBlownAway
0x083FB72F	rom	sText_PkmnChangedType
0x083FB750	rom	sText_PkmnFlinched
0x083FB75D	rom	sText_PkmnRegainedHealth
0x083FB771	rom	sText_PkmnHPFull
0x083FB782	rom	sText_PkmnRaisedSpDef
0x083FB79A	rom	sText_PkmnRaisedSpDefALittle
0x083FB7BB	rom	sText_PkmnRaisedDef
0x083FB7D3	rom	sText_PkmnRaisedDefALittle
0x083FB7F4	rom	sText_PkmnCoveredByVeil
0x083FB815	rom	sText_PkmnUsedSafeguard
0x083FB83B	rom	sText_PkmnSafeguardExpired
0x083FB86B	rom	sText_PkmnWentToSleep
0x083FB87D	rom	sText_PkmnSleptHealthy
0x083FB89A	rom	sText_PkmnWhippedWhirlwind
0x083FB8B5	rom	sText_PkmnTookSunlight
0x083FB8CA	rom	sText_PkmnLoweredHead
0x083FB8DF	rom	sText_PkmnIsGlowing
0x083FB8EE	rom	sText_PkmnFlewHigh
0x083FB8FF	rom	sText_PkmnDugHole
0x083FB90E	rom	sText_PkmnHidUnderwater
0x083FB921	rom	sText_PkmnSprangUp
0x083FB92F	rom	sText_PkmnSqueezedByBind
0x083FB94D	rom	sText_PkmnTrappedInVortex
0x083FB96B	rom	sText_PkmnTrappedBySandTomb
0x083FB988	rom	sText_PkmnWrappedBy
0x083FB99E	rom	sText_PkmnClamped
0x083FB9AD	rom	sText_PkmnHurtBy
0x083FB9BF	rom	sText_PkmnFreedFrom
0x083FB9D5	rom	sText_PkmnCrashed
0x083FB9F0	rom	gBattleText_MistShroud
0x083FBA0C	rom	sText_PkmnProtectedByMist
0x083FBA25	rom	gBattleText_GetPumped
0x083FBA3B	rom	sText_PkmnHitWithRecoil
0x083FBA52	rom	sText_PkmnProtectedItself2
0x083FBA67	rom	sText_PkmnBuffetedBySandstorm
0x083FBA88	rom	sText_PkmnPeltedByHail
0x083FBA9E	rom	sText_PkmnsXWoreOff
0x083FBAB0	rom	sText_PkmnSeeded
0x083FBABF	rom	sText_PkmnEvadedAttack
0x083FBAD5	rom	sText_PkmnSappedByLeechSeed
0x083FBAFA	rom	sText_PkmnFastAsleep
0x083FBB0D	rom	sText_PkmnWokeUp
0x083FBB19	rom	sText_PkmnUproarKeptAwake
0x083FBB38	rom	sText_PkmnWokeUpInUproar
0x083FBB52	rom	sText_PkmnCausedUproar
0x083FBB67	rom	sText_PkmnMakingUproar
0x083FBB7F	rom	sText_PkmnCalmedDown
0x083FBB8F	rom	sText_PkmnCantSleepInUproar
0x083FBBB0	rom	sText_PkmnStockpiled
0x083FBBC2	rom	sText_PkmnCantStockpile
0x083FBBDF	rom	sText_PkmnCantSleepInUproar2
0x083FBC00	rom	sText_UproarKeptPkmnAwake
0x083FBC1E	rom	sText_PkmnStayedAwakeUsing
0x083FBC3C	rom	sText_PkmnStoringEnergy
0x083FBC52	rom	sText_PkmnUnleashedEnergy
0x083FBC67	rom	sText_PkmnFatigueConfusion
0x083FBC8A	rom	sText_PkmnPickedUpItem
0x083FBC9D	rom	sText_PkmnUnaffected
0x083FBCAF	rom	sText_PkmnTransformedInto
0x083FBCC7	rom	sText_PkmnMadeSubstitute
0x083FBCDD	rom	sText_PkmnHasSubstitute
0x083FBCFA	rom	sText_SubstituteDamaged
0x083FBD1E	rom	sText_PkmnSubstituteFaded
0x083FBD36	rom	sText_PkmnMustRecharge
0x083FBD48	rom	sText_PkmnRageBuilding
0x083FBD5F	rom	sText_PkmnMoveWasDisabled
0x083FBD75	rom	sText_PkmnMoveDisabledNoMore
0x083FBD8D	rom	sText_PkmnGotEncore
0x083FBD9F	rom	sText_PkmnEncoreEnded
0x083FBDB2	rom	sText_PkmnTookAim
0x083FBDC5	rom	sText_PkmnSketchedMove
0x083FBDD5	rom	sText_PkmnTryingToTakeFoe
0x083FBDFB	rom	sText_PkmnTookFoe
0x083FBE0F	rom	sText_PkmnReducedPP
0x083FBE26	rom	sText_PkmnStoleItem
0x083FBE38	rom	sText_TargetCantEscapeNow
0x083FBE4D	rom	sText_PkmnFellIntoNightmare
0x083FBE67	rom	sText_PkmnLockedInNightmare
0x083FBE84	rom	sText_PkmnLaidCurse
0x083FBEAE	rom	sText_PkmnAfflictedByCurse
0x083FBECC	rom	sText_SpikesScattered
0x083FBF02	rom	sText_PkmnHurtBySpikes
0x083FBF18	rom	sText_PkmnIdentified
0x083FBF2A	rom	sText_PkmnPerishCountFell
0x083FBF48	rom	sText_PkmnBracedItself
0x083FBF5A	rom	sText_PkmnEnduredHit
0x083FBF6E	rom	sText_MagnitudeStrength
0x083FBF7C	rom	sText_PkmnCutHPMaxedAttack
0x083FBFA4	rom	sText_PkmnCopiedStatChanges
0x083FBFC1	rom	sText_PkmnGotFree
0x083FBFD9	rom	sText_PkmnShedLeechSeed
0x083FBFED	rom	sText_PkmnBlewAwaySpikes
0x083FC002	rom	sText_PkmnFledFromBattle
0x083FC017	rom	sText_PkmnForesawAttack
0x083FC02D	rom	sText_PkmnTookAttack
0x083FC044	rom	sText_PkmnChoseXAsDestiny
0x083FC060	rom	sText_PkmnAttack
0x083FC06D	rom	sText_PkmnCenterAttention
0x083FC090	rom	sText_PkmnChargingPower
0x083FC0A9	rom	sText_NaturePowerTurnedInto
0x083FC0C6	rom	sText_PkmnStatusNormal
0x083FC0E6	rom	sText_PkmnSubjectedToTorment
0x083FC103	rom	sText_PkmnTighteningFocus
0x083FC11F	rom	sText_PkmnFellForTaunt
0x083FC136	rom	sText_PkmnReadyToHelp
0x083FC14E	rom	sText_PkmnSwitchedItems
0x083FC173	rom	sText_PkmnObtainedX
0x083FC183	rom	sText_PkmnObtainedX2
0x083FC193	rom	sText_PkmnObtainedXYObtainedZ
0x083FC1B3	rom	sText_PkmnCopiedFoe
0x083FC1C6	rom	sText_PkmnMadeWish
0x083FC1D6	rom	sText_PkmnWishCameTrue
0x083FC1EB	rom	sText_PkmnPlantedRoots
0x083FC201	rom	sText_PkmnAbsorbedNutrients
0x083FC227	rom	sText_PkmnAnchoredItself
0x083FC24A	rom	sText_PkmnWasMadeDrowsy
0x083FC25D	rom	sText_PkmnKnockedOff
0x083FC275	rom	sText_PkmnSwappedAbilities
0x083FC29D	rom	sText_PkmnSealedOpponentMove
0x083FC2BF	rom	sText_PkmnWantsGrudge
0x083FC2E7	rom	sText_PkmnLostPPGrudge
0x083FC312	rom	sText_PkmnShroudedItself
0x083FC32C	rom	sText_PkmnMoveBounced
0x083FC354	rom	sText_PkmnWaitsForTarget
0x083FC379	rom	sText_PkmnSnatchedMove
0x083FC390	rom	sText_ElectricityWeakened
0x083FC3B2	rom	sText_FireWeakened
0x083FC3CD	rom	sText_XFoundOneY
0x083FC3DE	rom	sText_SoothingAroma
0x083FC408	rom	sText_ItemsCantBeUsedNow
0x083FC424	rom	sText_ForXCommaYZ
0x083FC432	rom	sText_PkmnUsedXToGetPumped
0x083FC448	rom	sText_PkmnLostFocus
0x083FC46D	rom	sText_PkmnWasDraggedOut
0x083FC482	rom	sText_TheWallShattered
0x083FC496	rom	sText_ButNoEffect
0x083FC4AC	rom	sText_PkmnHasNoMovesLeft
0x083FC4C3	rom	sText_PkmnMoveIsDisabled
0x083FC4D9	rom	sText_PkmnCantUseMoveTorment
0x083FC512	rom	sText_PkmnCantUseMoveTaunt
0x083FC534	rom	sText_PkmnCantUseMoveSealed
0x083FC551	rom	sText_PkmnMadeItRain
0x083FC567	rom	sText_PkmnRaisedSpeed
0x083FC581	rom	sText_PkmnProtectedBy
0x083FC599	rom	sText_PkmnPreventsUsage
0x083FC5BC	rom	sText_PkmnRestoredHPUsing
0x083FC5D9	rom	sText_PkmnsXMadeYUseless
0x083FC5F2	rom	sText_PkmnChangedTypeWith
0x083FC60F	rom	sText_PkmnPreventsParalysisWith
0x083FC62B	rom	sText_PkmnPreventsRomanceWith
0x083FC645	rom	sText_PkmnPreventsPoisoningWith
0x083FC661	rom	sText_PkmnPreventsConfusionWith
0x083FC67D	rom	sText_PkmnRaisedFirePowerWith
0x083FC69C	rom	sText_PkmnAnchorsItselfWith
0x083FC6B7	rom	sText_PkmnCutsAttackWith
0x083FC6D1	rom	sText_PkmnPreventsStatLossWith
0x083FC6ED	rom	sText_PkmnHurtsWith
0x083FC6FE	rom	sText_PkmnTraced
0x083FC711	rom	sText_PkmnsXPreventsBurns
0x083FC729	rom	sText_PkmnsXBlocksY
0x083FC73C	rom	sText_PkmnsXBlocksY2
0x083FC74F	rom	sText_PkmnsXRestoredHPALittle2
0x083FC771	rom	sText_PkmnsXWhippedUpSandstorm
0x083FC791	rom	sText_PkmnsXIntensifiedSun
0x083FC7B5	rom	sText_PkmnsXPreventsYLoss
0x083FC7CF	rom	sText_PkmnsXInfatuatedY
0x083FC7E6	rom	sText_PkmnsXMadeYIneffective
0x083FC803	rom	sText_PkmnsXCuredYProblem
0x083FC821	rom	sText_ItSuckedLiquidOoze
0x083FC83F	rom	sText_PkmnTransformed
0x083FC84F	rom	sText_PkmnsXTookAttack
0x083FC868	rom	gText_PkmnsXPreventsSwitching
0x083FC885	rom	sText_PreventedFromWorking
0x083FC8AD	rom	sText_PkmnsXMadeItIneffective
0x083FC8CA	rom	sText_PkmnsXPreventsFlinching
0x083FC8E6	rom	sText_PkmnsXPreventsYsZ
0x083FC90D	rom	sText_PkmnsXCuredItsYProblem
0x083FC92B	rom	sText_PkmnsXHadNoEffectOnY
0x083FC948	rom	sText_TooScaredToMove
0x083FC962	rom	sText_GetOutGetOut
0x083FC97D	rom	sText_StatSharply
0x083FC986	rom	gBattleText_Rose
0x083FC98C	rom	sText_StatHarshly
0x083FC995	rom	sText_StatFell
0x083FC99B	rom	sText_AttackersStatRose
0x083FC9A6	rom	gText_DefendersStatRose
0x083FC9B1	rom	sText_UsingItemTheStatOfPkmnRose
0x083FC9CB	rom	sText_AttackersStatFell
0x083FC9D6	rom	sText_DefendersStatFell
0x083FC9E1	rom	sText_StatsWontIncrease2
0x083FCA01	rom	sText_StatsWontDecrease2
0x083FCA20	rom	sText_CriticalHit
0x083FCA30	rom	sText_OneHitKO
0x083FCA43	rom	sText_123Poof
0x083FCA6F	rom	sText_AndEllipsis
0x083FCA75	rom	sText_HMMovesCantBeForgotten
0x083FCA97	rom	sText_NotVeryEffective
0x083FCAB0	rom	sText_SuperEffective
0x083FCAC6	rom	sText_GotAwaySafely
0x083FCADC	rom	sText_PkmnFledUsingIts
0x083FCAF7	rom	sText_PkmnFledUsing
0x083FCB0E	rom	sText_WildPkmnFled
0x083FCB20	rom	sText_PlayerDefeatedLinkTrainer
0x083FCB34	rom	sText_TwoLinkTrainersDefeated
0x083FCB4B	rom	sText_PlayerLostAgainstLinkTrainer
0x083FCB63	rom	sText_PlayerLostToTwo
0x083FCB7D	rom	sText_PlayerBattledToDrawLinkTrainer
0x083FCBA2	rom	sText_PlayerBattledToDrawVsTwo
0x083FCBCE	rom	sText_WildFled
0x083FCBDB	rom	sText_TwoWildFled
0x083FCBEF	rom	sText_NoRunningFromTrainers
0x083FCC1E	rom	sText_CantEscape
0x083FCC2D	rom	sText_DontLeaveBirch
0x083FCC2E	rom	sText_ButNothingHappened
0x083FCC44	rom	sText_ButItFailed
0x083FCC53	rom	sText_ItHurtConfusion
0x083FCC74	rom	sText_MirrorMoveFailed
0x083FCC8C	rom	sText_StartedToRain
0x083FCCA0	rom	sText_DownpourStarted
0x083FCCB4	rom	sText_RainContinues
0x083FCCCC	rom	sText_DownpourContinues
0x083FCCE4	rom	sText_RainStopped
0x083FCCF6	rom	sText_SandstormBrewed
0x083FCD0A	rom	sText_SandstormRages
0x083FCD1F	rom	sText_SandstormSubsided
0x083FCD37	rom	sText_SunlightGotBright
0x083FCD50	rom	sText_SunlightStrong
0x083FCD68	rom	sText_SunlightFaded
0x083FCD7C	rom	sText_StartedHail
0x083FCD90	rom	sText_HailContinues
0x083FCDA8	rom	sText_HailStopped
0x083FCDBA	rom	sText_FailedToSpitUp
0x083FCDDC	rom	sText_FailedToSwallow
0x083FCDFE	rom	sText_WindBecameHeatWave
0x083FCE20	rom	sText_StatChangesGone
0x083FCE42	rom	sText_CoinsScattered
0x083FCE5E	rom	sText_TooWeakForSubstitute
0x083FCE84	rom	sText_SharedPain
0x083FCEA4	rom	sText_BellChimed
0x083FCEB3	rom	sText_FaintInThree
0x083FCEE3	rom	sText_NoPPLeft
0x083FCF06	rom	sText_ButNoPPLeft
0x083FCF2D	rom	sText_PkmnIgnoresAsleep
0x083FCF4D	rom	sText_PkmnIgnoredOrders
0x083FCF60	rom	sText_PkmnBeganToNap
0x083FCF71	rom	sText_PkmnLoafing
0x083FCF87	rom	sText_PkmnWontObey
0x083FCF96	rom	sText_PkmnTurnedAway
0x083FCFA6	rom	sText_PkmnPretendNotNotice
0x083FCFC2	rom	sText_EnemyAboutToSwitchPkmn
0x083FCFF4	rom	sText_PkmnLearnedMove2
0x083FD003	rom	sText_PlayerDefeatedLinkTrainerTrainer1
0x083FD01B	rom	sText_ThrewARock
0x083FD036	rom	sText_ThrewSomeBait
0x083FD054	rom	sText_PkmnWatchingCarefully
0x083FD06E	rom	sText_PkmnIsAngry
0x083FD07B	rom	sText_PkmnIsEating
0x083FD089	rom	sText_OutOfSafariBalls
0x083FD0C0	rom	sText_WildPkmnAppeared
0x083FD0D3	rom	sText_WildPkmnAppeared2
0x083FD0E6	rom	sText_WildPkmnAppearedPause
0x083FD0FB	rom	sText_TwoWildPkmnAppeared
0x083FD115	rom	sText_GhostAppearedCantId
0x083FD149	rom	sText_TheGhostAppeared
0x083FD15E	rom	sText_SilphScopeUnveil
0x083FD189	rom	sText_TheGhostWas
0x083FD1A2	rom	sText_Trainer1WantsToBattle
0x083FD1BF	rom	sText_LinkTrainerWantsToBattle
0x083FD1D3	rom	sText_TwoLinkTrainersWantToBattle
0x083FD1ED	rom	sText_Trainer1SentOutPkmn
0x083FD203	rom	sText_Trainer1SentOutTwoPkmn
0x083FD220	rom	sText_Trainer1SentOutPkmn2
0x083FD233	rom	sText_LinkTrainerSentOutPkmn
0x083FD243	rom	sText_LinkTrainerSentOutTwoPkmn
0x083FD25A	rom	sText_TwoLinkTrainersSentOutPkmn
0x083FD27A	rom	sText_LinkTrainerSentOutPkmn2
0x083FD28A	rom	sText_LinkTrainerMultiSentOutPkmn
0x083FD29A	rom	sText_GoPkmn
0x083FD2A2	rom	sText_GoTwoPkmn
0x083FD2B1	rom	sText_GoPkmn2
0x083FD2B9	rom	sText_DoItPkmn
0x083FD2C4	rom	sText_GoForItPkmn
0x083FD2D3	rom	sText_YourFoesWeakGetEmPkmn
0x083FD2F1	rom	sText_LinkPartnerSentOutPkmnGoPkmn
0x083FD309	rom	sText_PkmnThatsEnough
0x083FD327	rom	sText_PkmnComeBack
0x083FD336	rom	sText_PkmnOkComeBack
0x083FD349	rom	sText_PkmnGoodComeBack
0x083FD35E	rom	sText_Trainer1WithdrewPkmn
0x083FD371	rom	sText_LinkTrainer1WithdrewPkmn
0x083FD381	rom	sText_LinkTrainer2WithdrewPkmn
0x083FD391	rom	sText_WildPkmnPrefix
0x083FD397	rom	sText_FoePkmnPrefix
0x083FD39C	rom	sText_FoePkmnPrefix2
0x083FD3A0	rom	sText_AllyPkmnPrefix
0x083FD3A5	rom	sText_FoePkmnPrefix3
0x083FD3A9	rom	sText_AllyPkmnPrefix2
0x083FD3AE	rom	sText_FoePkmnPrefix4
0x083FD3B2	rom	sText_AllyPkmnPrefix3
0x083FD3B7	rom	sText_AttackerUsedX
0x083FD3C2	rom	sText_ExclamationMark
0x083FD3C4	rom	sText_ExclamationMark2
0x083FD3C6	rom	sText_ExclamationMark3
0x083FD3C8	rom	sText_ExclamationMark4
0x083FD3CA	rom	sText_ExclamationMark5
0x083FD3CC	rom	sText_HP2
0x083FD3CF	rom	sText_Attack2
0x083FD3D6	rom	sText_Defense2
0x083FD3DE	rom	sText_Speed
0x083FD3E4	rom	sText_SpAtk2
0x083FD3EC	rom	sText_SpDef2
0x083FD3F4	rom	sText_Accuracy
0x083FD3FD	rom	sText_Evasiveness
0x083FD40C	rom	gStatNamesTable
0x083FD42C	rom	sText_PokeblockWasTooSpicy
0x083FD43B	rom	sText_PokeblockWasTooDry
0x083FD448	rom	sText_PokeblockWasTooSweet
0x083FD457	rom	sText_PokeblockWasTooBitter
0x083FD467	rom	sText_PokeblockWasTooSour
0x083FD478	rom	gPokeblockWasTooXStringTable
0x083FD48C	rom	sText_PlayerUsedItem
0x083FD498	rom	sText_OldManUsedItem
0x083FD4AD	rom	sText_PokedudeUsedItem
0x083FD4C4	rom	sText_Trainer1UsedItem
0x083FD4D3	rom	sText_TrainerBlockedBall
0x083FD4F1	rom	sText_DontBeAThief
0x083FD503	rom	sText_ItDodgedBall
0x083FD53C	rom	sText_YouMissedPkmn
0x083FD554	rom	sText_PkmnBrokeFree
0x083FD574	rom	sText_ItAppearedCaught
0x083FD593	rom	sText_AarghAlmostHadIt
0x083FD5A9	rom	sText_ShootSoClose
0x083FD5C6	rom	sText_ItDodgedBall2
0x083FD5DE	rom	sText_GotchaPkmnCaught
0x083FD5FC	rom	sText_GotchaPkmnCaught2
0x083FD61C	rom	sText_GiveNicknameCaptured
0x083FD640	rom	sText_PkmnSentToPC
0x083FD656	rom	sText_Someones
0x083FD660	rom	sText_Bills
0x083FD667	rom	sText_PkmnDataAddedToDex
0x083FD68C	rom	sText_ItIsRaining
0x083FD69B	rom	sText_SandstormIsRaging
0x083FD6B2	rom	sText_BoxIsFull
0x083FD6DE	rom	sText_EnigmaBerry
0x083FD6EB	rom	sText_BerrySuffix
0x083FD6F2	rom	sText_Enigma
0x083FD6F5	rom	sText_PkmnsItemCuredParalysis
0x083FD70E	rom	sText_PkmnsItemCuredPoison
0x083FD724	rom	sText_PkmnsItemHealedBurn
0x083FD73D	rom	sText_PkmnsItemDefrostedIt
0x083FD753	rom	sText_PkmnsItemWokeIt
0x083FD773	rom	sText_PkmnsItemSnappedOut
0x083FD798	rom	sText_PkmnsItemCuredProblem
0x083FD7B6	rom	sText_PkmnsItemNormalizedStatus
0x083FD7D5	rom	sText_PkmnsItemRestoredHealth
0x083FD7EE	rom	sText_PkmnsItemRestoredPP
0x083FD808	rom	sText_PkmnsItemRestoredStatus
0x083FD825	rom	sText_PkmnsItemRestoredHPALittle
0x083FD847	rom	sText_ItemAllowsOnlyYMove
0x083FD86F	rom	sText_PkmnHungOnWithX
0x083FD888	rom	gText_EmptyString3
0x083FD889	rom	sText_PlayedFluteCatchyTune
0x083FD8B6	rom	sText_PlayedThe
0x083FD8C8	rom	sText_PkmnHearingFluteAwoke
0x083FD8ED	rom	sText_YouThrowABallNowRight
0x083FD91E	rom	gText_ForPetesSake
0x083FD9CE	rom	gText_TheTrainerThat
0x083FDA2B	rom	gText_TryBattling
0x083FDA94	rom	gText_InflictingDamageIsKey
0x083FDAD1	rom	gText_LoweringStats
0x083FDB0E	rom	gText_KeepAnEyeOnHP
0x083FDB5F	rom	gText_OakNoRunningFromATrainer
0x083FDBA0	rom	gText_WinEarnsPrizeMoney
0x083FDC27	rom	gText_HowDissapointing
0x083FDD78	rom	gBattleStringsTable
0x083FE350	rom	gMissStringIds
0x083FE35A	rom	gNoEscapeStringIds
0x083FE364	rom	gMoveWeatherChangeStringIds
0x083FE370	rom	gSandstormHailContinuesStringIds
0x083FE374	rom	gSandstormHailDmgStringIds
0x083FE378	rom	gSandstormHailEndStringIds
0x083FE37C	rom	gRainContinuesStringIds
0x083FE382	rom	gProtectLikeUsedStringIds
0x083FE388	rom	gReflectLightScreenSafeguardStringIds
0x083FE394	rom	gLeechSeedStringIds
0x083FE39E	rom	gRestUsedStringIds
0x083FE3A2	rom	gUproarOverTurnStringIds
0x083FE3A6	rom	gStockpileUsedStringIds
0x083FE3AA	rom	gWokeUpStringIds
0x083FE3AE	rom	gSwallowFailStringIds
0x083FE3B2	rom	gUproarAwakeStringIds
0x083FE3B8	rom	gStatUpStringIds
0x083FE3C4	rom	gStatDownStringIds
0x083FE3CC	rom	gFirstTurnOfTwoStringIds
0x083FE3DC	rom	gWrappedStringIds
0x083FE3E8	rom	gMistUsedStringIds
0x083FE3EC	rom	gFocusEnergyUsedStringIds
0x083FE3F0	rom	gTransformUsedStringIds
0x083FE3F4	rom	gSubstituteUsedStringIds
0x083FE3F8	rom	gGotPoisonedStringIds
0x083FE3FC	rom	gGotParalyzedStringIds
0x083FE400	rom	gFellAsleepStringIds
0x083FE404	rom	gGotBurnedStringIds
0x083FE408	rom	gGotFrozenStringIds
0x083FE40C	rom	gGotDefrostedStringIds
0x083FE410	rom	gKOFailedStringIds
0x083FE414	rom	gAttractUsedStringIds
0x083FE418	rom	gAbsorbDrainStringIds
0x083FE41C	rom	gSportsUsedStringIds
0x083FE420	rom	gPartyStatusHealStringIds
0x083FE42A	rom	gFutureMoveUsedStringIds
0x083FE42E	rom	gBallEscapeStringIds
0x083FE436	rom	gWeatherStartsStringIds
0x083FE456	rom	gInobedientStringIds
0x083FE45E	rom	gSafariReactionStringIds
0x083FE464	rom	gTrainerItemCuredStatusStringIds
0x083FE470	rom	gBerryEffectStringIds
0x083FE474	rom	gBRNPreventionStringIds
0x083FE47A	rom	gPRLZPreventionStringIds
0x083FE480	rom	gPSNPreventionStringIds
0x083FE486	rom	gItemSwapStringIds
0x083FE48C	rom	gFlashFireStringIds
0x083FE490	rom	gCaughtMonStringIds
0x083FE498	rom	gDoubleBattleRecallStrings
0x083FE4A0	rom	gTrappingMoves
0x083FE4AE	rom	gText_PkmnIsEvolving
0x083FE4C4	rom	gText_CongratsPkmnEvolved
0x083FE4F1	rom	gText_PkmnStoppedEvolving
0x083FE50C	rom	gText_EllipsisQuestionMark
0x083FE511	rom	gText_WhatWillPkmnDo
0x083FE522	rom	gText_WhatWillPlayerThrow
0x083FE536	rom	gText_WhatWillOldManDo
0x083FE550	rom	gText_LinkStandby
0x083FE561	rom	gText_BattleMenu
0x083FE583	rom	gText_SafariZoneMenu
0x083FE5A2	rom	gText_MoveInterfacePP
0x083FE5A6	rom	gText_MoveInterfaceType
0x083FE5AC	rom	gText_MoveInterfaceDynamicColors
0x083FE5B5	rom	gText_WhichMoveToForget_Unused
0x083FE5CD	rom	gText_BattleYesNoChoice
0x083FE5DC	rom	gText_BattleSwitchWhich
0x083FE5F2	rom	sText_UnusedColors
0x083FE5FB	rom	sText_RightArrow2
0x083FE5FE	rom	sText_Plus
0x083FE601	rom	sText_Dash
0x083FE603	rom	sText_MaxHP
0x083FE610	rom	sText_Attack
0x083FE618	rom	sText_Defense
0x083FE620	rom	sText_SpAtk
0x083FE628	rom	sText_SpDef
0x083FE630	rom	sStatNamesTable2
0x083FE648	rom	gText_SafariBalls
0x083FE658	rom	gText_HighlightRed_Left
0x083FE662	rom	gText_HighlightRed
0x083FE666	rom	gText_Sleep
0x083FE66C	rom	gText_Poison
0x083FE673	rom	gText_Burn
0x083FE678	rom	gText_Paralysis
0x083FE682	rom	gText_Ice
0x083FE686	rom	gText_Confusion
0x083FE690	rom	gText_Love
0x083FE695	rom	gText_BattleTowerBan_Space
0x083FE698	rom	gText_BattleTowerBan_Newline1
0x083FE69A	rom	gText_BattleTowerBan_Newline2
0x083FE69C	rom	gText_BattleTowerBan_Is1
0x083FE6A0	rom	gText_BattleTowerBan_Is2
0x083FE6A4	rom	gText_BadEgg
0x083FE6AC	rom	gText_BattleWallyName
0x083FE6B0	rom	gText_Win
0x083FE6B7	rom	gText_Loss
0x083FE6BF	rom	gText_Draw
0x083FE6C7	rom	sText_SpaceIs
0x083FE6CB	rom	sText_ApostropheS
0x083FE6CE	rom	gText_ANormalMove
0x083FE6DC	rom	gText_AFightingMove
0x083FE6EC	rom	gText_AFlyingMove
0x083FE6FA	rom	gText_APoisonMove
0x083FE708	rom	gText_AGroundMove
0x083FE716	rom	gText_ARockMove
0x083FE722	rom	gText_ABugMove
0x083FE72D	rom	gText_AGhostMove
0x083FE73A	rom	gText_ASteelMove
0x083FE747	rom	gText_AMysteryMove
0x083FE752	rom	gText_AFireMove
0x083FE75E	rom	gText_AWaterMove
0x083FE76B	rom	gText_AGrassMove
0x083FE778	rom	gText_AnElectricMove
0x083FE789	rom	gText_APsychicMove
0x083FE798	rom	gText_AnIceMove
0x083FE7A4	rom	gText_ADragonMove
0x083FE7B2	rom	gText_ADarkMove
0x083FE7BE	rom	gText_TimeBoard
0x083FE7C9	rom	gText_ClearTime
0x083FE7D4	rom	gText_XMinYZSec
0x083FE7E5	rom	gText_Unused_1F
0x083FE7E8	rom	gText_Unused_2F
0x083FE7EB	rom	gText_Unused_3F
0x083FE7EE	rom	gText_Unused_4F
0x083FE7F1	rom	gText_Unused_5F
0x083FE7F4	rom	gText_Unused_6F
0x083FE7F7	rom	gText_Unused_7F
0x083FE7FA	rom	gText_Unused_8F
0x083FE800	rom	gTrainerTowerChallengeTypeTexts
0x083FE810	rom	sText_Trainer1Fled
0x083FE820	rom	sText_PlayerLostAgainstTrainer1
0x083FE83B	rom	sText_PlayerBattledToDrawTrainer1
0x083FE864	rom	sATypeMove_Table
0x083FE8AC	rom	sGrammarMoveUsedTable
0x083FE9A0	rom	sTextOnWindowsInfo_Normal
0x083FEACC	rom	sNpcTextColorToFont
0x083FEAD0	rom	sSaveSlotLayout
0x083FEB0E	rom	gShadowEffectTemplateIds
0x083FEB12	rom	gShadowVerticalOffsets
0x083FEB1C	rom	gFadeFootprintsTireTracksFuncs
0x083FEB24	rom	gAshFieldEffectFuncs
0x083FEB3C	rom	sSafariBufferCommands
0x083FEC20	rom	sScratchAnimCmds
0x083FEC38	rom	sScratchAnimTable
0x083FEC3C	rom	gScratchSpriteTemplate
0x083FEC54	rom	gBlackSmokeSpriteTemplate
0x083FEC6C	rom	gBlackBallSpriteTemplate
0x083FEC84	rom	sOpeningEyeAnimCmds
0x083FEC94	rom	sOpeningEyeAnimTable
0x083FEC98	rom	gOpeningEyeSpriteTemplate
0x083FECB0	rom	gWhiteHaloSpriteTemplate
0x083FECC8	rom	gTealAlertSpriteTemplate
0x083FECE0	rom	sMeanLookEyeAffineAnimCmds1
0x083FED00	rom	sMeanLookEyeAffineAnimCmds2
0x083FED18	rom	sMeanLookEyeAffineAnimTable
0x083FED20	rom	gMeanLookEyeSpriteTemplate
0x083FED38	rom	gSpikesSpriteTemplate
0x083FED50	rom	sLeerAnimCmds
0x083FED68	rom	sLeerAnimTable
0x083FED6C	rom	gLeerSpriteTemplate
0x083FED84	rom	sLetterZAnimCmds
0x083FED8C	rom	sLetterZAnimTable
0x083FED90	rom	sLetterZAffineAnimCmds
0x083FEDA8	rom	sLetterZAffineAnimTable
0x083FEDAC	rom	gLetterZSpriteTemplate
0x083FEDC4	rom	sFangAnimCmds
0x083FEDD8	rom	sFangAnimTable
0x083FEDDC	rom	sFangAffineAnimCmds
0x083FEDF4	rom	sFangAffineAnimTable
0x083FEDF8	rom	gFangSpriteTemplate
0x083FEE10	rom	sSpotlightAffineAnimCmds1
0x083FEE28	rom	sSpotlightAffineAnimCmds2
0x083FEE40	rom	sSpotlightAffineAnimTable
0x083FEE48	rom	gSpotlightSpriteTemplate
0x083FEE60	rom	gClappingHandSpriteTemplate
0x083FEE78	rom	gClappingHand2SpriteTemplate
0x083FEE90	rom	sRapidSpinAnimCmds
0x083FEEA0	rom	sRapidSpinAnimTable
0x083FEEA4	rom	gRapidSpinSpriteTemplate
0x083FEEBC	rom	sAffineAnims_Torment
0x083FEEDC	rom	sTriAttackTriangleAnimCmds
0x083FEEE4	rom	sTriAttackTriangleAnimTable
0x083FEEE8	rom	sTriAttackTriangleAffineAnimCmds
0x083FEF10	rom	sTriAttackTriangleAffineAnimTable
0x083FEF14	rom	gTriAttackTriangleSpriteTemplate
0x083FEF2C	rom	sEclipsingOrbAnimCmds
0x083FEF50	rom	sEclipsingOrbAnimTable
0x083FEF54	rom	gEclipsingOrbSpriteTemplate
0x083FEF6C	rom	DefenseCurlDeformMonAffineAnimCmds
0x083FEF8C	rom	gBatonPassPokeballSpriteTemplate
0x083FEFA4	rom	gWishStarSpriteTemplate
0x083FEFBC	rom	gMiniTwinklingStarSpriteTemplate
0x083FEFD4	rom	sStockpileDeformMonAffineAnimCmds
0x083FEFFC	rom	sSpitUpDeformMonAffineAnimCmds
0x083FF034	rom	gSwallowBlueOrbSpriteTemplate
0x083FF04C	rom	sSwallowDeformMonAffineAnimCmds
0x083FF07C	rom	sMorningSunLightBeamCoordsTable
0x083FF080	rom	sGreenStarAnimCmds1
0x083FF08C	rom	sGreenStarAnimCmds2
0x083FF094	rom	sGreenStarAnimCmds3
0x083FF09C	rom	sGreenStarAnimTable
0x083FF0A8	rom	gGreenStarSpriteTemplate
0x083FF0C0	rom	sDoomDesireLightBeamCoordTable
0x083FF0C4	rom	sDoomDesireLightBeamDelayTable
0x083FF0CC	rom	sStrongFrustrationAffineAnimCmds
0x083FF0EC	rom	gWeakFrustrationAngerMarkSpriteTemplate
0x083FF104	rom	sSweetScentPetalAnimCmds1
0x083FF128	rom	sSweetScentPetalAnimCmds2
0x083FF14C	rom	sSweetScentPetalAnimCmds3
0x083FF154	rom	sSweetScentPetalAnimCmdTable
0x083FF160	rom	gSweetScentPetalSpriteTemplate
0x083FF178	rom	sUnusedPalette
0x083FF198	rom	sPainSplitAnimCmds
0x083FF1A8	rom	sPainSplitAnimCmdTable
0x083FF1AC	rom	gPainSplitProjectileSpriteTemplate
0x083FF1C4	rom	gFlatterConfettiSpriteTemplate
0x083FF1DC	rom	gFlatterSpotlightSpriteTemplate
0x083FF1F4	rom	gReversalOrbSpriteTemplate
0x083FF20C	rom	sDeepInhaleAffineAnimCmds
0x083FF23C	rom	sYawnCloudAffineAnimCmds1
0x083FF25C	rom	sYawnCloudAffineAnimCmds2
0x083FF27C	rom	sYawnCloudAffineAnimCmds3
0x083FF29C	rom	sYawnCloudAffineAnimTable
0x083FF2A8	rom	gYawnCloudSpriteTemplate
0x083FF2C0	rom	sSmokeBallEscapeCloudAffineAnimCmds1
0x083FF2E0	rom	sSmokeBallEscapeCloudAffineAnimCmds2
0x083FF300	rom	sSmokeBallEscapeCloudAffineAnimCmds3
0x083FF320	rom	sSmokeBallEscapeCloudAffineAnimCmds4
0x083FF340	rom	sSmokeBallEscapeCloudAffineAnimTable
0x083FF350	rom	gSmokeBallEscapeCloudSpriteTemplate
0x083FF368	rom	sFacadeSquishAffineAnimCmds
0x083FF388	rom	gFacadeSweatDropSpriteTemplate
0x083FF3A0	rom	sFacadeBlendColors
0x083FF3D0	rom	sRoarNoiseLineAnimCmds1
0x083FF3DC	rom	sRoarNoiseLineAnimCmds2
0x083FF3E8	rom	sRoarNoiseLineAnimTable
0x083FF3F0	rom	gRoarNoiseLineSpriteTemplate
0x083FF408	rom	gGlareEyeDotSpriteTemplate
0x083FF420	rom	gAssistPawprintSpriteTemplate
0x083FF438	rom	sBarrageBallAffineAnimCmds1
0x083FF448	rom	sBarrageBallAffineAnimCmds2
0x083FF460	rom	sBarrageBallAffineAnimTable
0x083FF468	rom	gBarrageBallSpriteTemplate
0x083FF480	rom	gSmellingSaltsHandSpriteTemplate
0x083FF498	rom	sSmellingSaltsSquishAffineAnimCmds
0x083FF4B0	rom	gSmellingSaltExclamationSpriteTemplate
0x083FF4C8	rom	gHelpingHandClapSpriteTemplate
0x083FF4E0	rom	gForesightMagnifyingGlassSpriteTemplate
0x083FF4F8	rom	gMeteorMashStarSpriteTemplate
0x083FF510	rom	sUnusedStarBurstSpriteTemplate
0x083FF528	rom	gBlockXSpriteTemplate
0x083FF540	rom	sUnusedItemBagStealSpriteTemplate
0x083FF558	rom	sKnockOffStrikeAnimCmds
0x083FF564	rom	sKnockOffStrikeAnimTable
0x083FF568	rom	sKnockOffStrikeAffineanimCmds1
0x083FF580	rom	sKnockOffStrikeAffineanimCmds2
0x083FF598	rom	sKnockOffStrikeAffineAnimTable
0x083FF5A0	rom	gKnockOffStrikeSpriteTemplate
0x083FF5B8	rom	sRecycleSpriteAffineAnimCmds
0x083FF5C8	rom	sRecycleSpriteAffineAnimTable
0x083FF5CC	rom	gRecycleSpriteTemplate
0x083FF5E4	rom	sSlackOffSquishAffineAnimCmds
0x083FF614	rom	sLearnMoveInterfaceSpritesPalette
0x083FF634	rom	sLearnMoveInterfaceSpritesTiles
0x083FF7B4	rom	sMoveTutorMenuWindowFrameDimensions
0x083FF7C0	rom	sJPText_TatakauWaza
0x083FF7C7	rom	sJPText_Taipu
0x083FF7CC	rom	sJPText_PP
0x083FF7D0	rom	sJPText_Iryoku
0x083FF7D6	rom	sJPText_Meichuu
0x083FF7E0	rom	sMoveTutorMoveInfoHeaders
0x083FF830	rom	sSpriteSheet_ListMenuScrollIndicators
0x083FF838	rom	sSpritePalette_ListMenuScrollIndicators
0x083FF840	rom	sOamdata_MoveRelearnerListMenuScrollIndicators
0x083FF848	rom	sAnimCmd_ScrollIndicatorDown
0x083FF850	rom	sAnimCmd_ScrollIndicatorUp
0x083FF858	rom	sSpriteAnimTable_MoveRelearnerListMenuScrollIndicators
0x083FF860	rom	sSpriteTemplate_MoveRelearnerListMenuScrollIndicators
0x083FF878	rom	sBgTemplates
0x083FF880	rom	sWindowTemplates
0x083FF8C8	rom	sMoveRelearnerYesNoMenuTemplate
0x083FF8D0	rom	sMoveRelearnerListMenuTemplate
0x083FF8E8	rom	sUnused
0x083FF8FB	rom	sText_100
0x083FF900	rom	sBattleTowerTrainers
0x083FF900	rom	sBattleTowerHeldItems
0x083FF980	rom	gBattleTowerLevel50Mons
0x08400C40	rom	gBattleTowerLevel100Mons
0x08401F00	rom	sFemaleTrainerClasses
0x08401F00	rom	sFemaleTrainerGfx
0x08401F00	rom	sMaleTrainerClasses
0x08401F00	rom	sMaleTrainerGfx
0x08401F00	rom	gBattleTowerBannedSpecies
0x08401F16	rom	sShortStreakPrizes
0x08401F22	rom	sLongStreakPrizes
0x08401F34	rom	sOakOldManBufferCommands
0x08402018	rom	sItemStorageActionDescriptionPtrs
0x08402024	rom	sMenuActions_TopMenu
0x0840203C	rom	sItemOrder_BedroomPC
0x0840203F	rom	sItemOrder_PlayerPC
0x08402044	rom	sMenuActions_ItemPc
0x0840205C	rom	gNewGamePCItems
0x08402064	rom	sMenuActions_MailSubmenu
0x08402084	rom	sWindowTemplate_TopMenu_3Items
0x0840208C	rom	sWindowTemplate_TopMenu_4Items
0x08402094	rom	sWindowTemplate_ItemStorageSubmenu
0x0840209C	rom	sCopyright_Pal
0x084020BC	rom	sCopyright_Gfx
0x08402320	rom	sCopyright_Map
0x0840246C	rom	sGameFreakBg_Pal
0x0840248C	rom	sGameFreakBg_Gfx
0x084024A4	rom	sGameFreakBg_Map
0x08402548	rom	sGameFreakLogo_Pal
0x08402568	rom	sGameFreakText_Gfx
0x08402734	rom	sGameFreakLogo_Gfx
0x08402880	rom	sStar_Pal
0x084028A0	rom	sStar_Gfx
0x084028F8	rom	sSparkles_Pal
0x08402918	rom	sSparklesSmall_Gfx
0x08402968	rom	sSparklesBig_Gfx
0x08402B10	rom	sPresents_Gfx
0x08402B70	rom	sScene1_Grass_Pal
0x08402B90	rom	sScene1_Grass_Gfx
0x08403E24	rom	sScene1_Grass_Map
0x08404708	rom	sScene1_Bg_Pal
0x08404728	rom	sScene1_Bg_Gfx
0x08404DB8	rom	sScene1_Bg_Map
0x084051F0	rom	sScene2_Bg_Pal
0x08405250	rom	sScene2_Bg_Gfx
0x084056CC	rom	sScene2_Bg_Map
0x08405944	rom	sScene2_Plants_Pal
0x08405964	rom	sScene2_Plants_Gfx
0x08405B18	rom	sScene2_Plants_Map
0x08405BE0	rom	sGengar_Pal
0x08405C00	rom	sScene2_GengarClose_Gfx
0x08406288	rom	sScene2_GengarClose_Map
0x08406470	rom	sScene2_NidorinoClose_Pal
0x08406490	rom	sScene2_NidorinoClose_Gfx
0x0840700C	rom	sScene2_NidorinoClose_Map
0x0840726C	rom	sScene3_Bg_Pal
0x084072AC	rom	sScene3_Bg_Gfx
0x0840788C	rom	sScene3_Bg_Map
0x084079D8	rom	sScene3_GengarAnim_Gfx
0x08408BD4	rom	sScene3_GengarAnim_Map
0x084090A8	rom	sScene2_Gengar_Gfx
0x084094E8	rom	sNidorino_Pal
0x08409508	rom	sScene2_Nidorino_Gfx
0x08409858	rom	sScene3_Grass_Pal
0x08409878	rom	sScene3_Grass_Gfx
0x08409B5C	rom	sScene3_GengarStatic_Gfx
0x0840A220	rom	sScene3_Nidorino_Gfx
0x0840B670	rom	sScene3_Swipe_Pal
0x0840B690	rom	sScene3_RecoilDust_Pal
0x0840B6B0	rom	sScene3_Swipe_Gfx
0x0840B91C	rom	sScene3_RecoilDust_Gfx
0x0840B9BC	rom	sBgTemplates_GameFreakScene
0x0840B9C4	rom	sBgTemplates_Scene1
0x0840B9CC	rom	sBgTemplates_Scene2
0x0840B9DC	rom	sBgTemplates_Scene3
0x0840B9E4	rom	sWindowTemplates
0x0840B9F4	rom	sGengarZoomMatrixAnchors
0x0840B9FC	rom	sSpriteSheets_GameFreakScene
0x0840BA24	rom	sSpritePalettes_GameFreakScene
0x0840BA44	rom	sTextSparkleCoords
0x0840BA68	rom	sOam_Star
0x0840BA70	rom	sOam_SparklesSmall
0x0840BA78	rom	sAnim_SparklesSmall_Loop
0x0840BA8C	rom	sAnim_SparklesSmall_Once
0x0840BAA0	rom	sAnims_SparklesSmall
0x0840BAA8	rom	sSpriteTemplate_Star
0x0840BAC0	rom	sSpriteTemplate_SparklesSmall
0x0840BAD8	rom	sOam_SparklesBig
0x0840BAE0	rom	sAnim_SparklesBig
0x0840BAF4	rom	sAnims_SparklesBig
0x0840BAF8	rom	sSpriteTemplate_SparklesBig
0x0840BB10	rom	sOam_GameFreakLogo
0x0840BB18	rom	sSpriteTemplate_GameFreakLogoArt
0x0840BB30	rom	sOam_PresentsText
0x0840BB38	rom	sSpriteTemplate_Presents
0x0840BB50	rom	sOam_Scene3_Nidorino
0x0840BB58	rom	sAnim_Scene3_Nidorino_Normal
0x0840BB60	rom	sAnim_Scene3_Nidorino_Cry
0x0840BB68	rom	sAnim_Scene3_Nidorino_Crouch
0x0840BB70	rom	sAnim_Scene3_Nidorino_Hop
0x0840BB78	rom	sAnim_Scene3_Nidorino_Attack
0x0840BB80	rom	sAnims_Scene3_Nidorino
0x0840BB94	rom	sAffineAnim_Scene3_Mons_Normal
0x0840BBA4	rom	sAffineAnim_Scene3_Mons_Zoom
0x0840BBBC	rom	sAffineAnims_Scene3_Mons
0x0840BBC4	rom	sSpriteTemplate_Scene3_Nidorino
0x0840BBDC	rom	sOam_Scene2_Mons
0x0840BBE4	rom	sSpriteTemplate_Scene2_Nidorino
0x0840BBFC	rom	sSpriteTemplate_Scene2_Gengar
0x0840BC14	rom	sOam_Grass
0x0840BC1C	rom	sAnim_Grass_Static
0x0840BC24	rom	sAnim_Grass_Rustle
0x0840BC30	rom	sAnims_Grass
0x0840BC38	rom	sSpriteTemplate_Grass
0x0840BC50	rom	sOam_Scene3_Gengar
0x0840BC58	rom	sAnim_Scene3_Gengar_TopLeft
0x0840BC60	rom	sAnim_Scene3_Gengar_TopRight
0x0840BC68	rom	sAnim_Scene3_Gengar_BottomLeft
0x0840BC70	rom	sAnim_Scene3_Gengar_BottomRight
0x0840BC78	rom	sAnims_Scene3_Gengar
0x0840BC88	rom	sSpriteTemplate_Scene3_Gengar
0x0840BCA0	rom	sOam_Swipe
0x0840BCA8	rom	sAnim_Swipe_Top
0x0840BCB4	rom	sAnim_Swipe_Bottom
0x0840BCC0	rom	sAnims_Swipe
0x0840BCC8	rom	sSpriteTemplate_GengarSwipe
0x0840BCE0	rom	sOam_RecoilDust
0x0840BCE8	rom	sAnim_RecoilDust
0x0840BCFC	rom	sAnims_RecoilDust
0x0840BD00	rom	sSpriteTemplate_NidorinoRecoilDust
0x0840BD18	rom	sFightSceneSpriteSheets
0x0840BD50	rom	sFightSceneSpritePalettes
0x0840BD78	rom	sCaptureStar
0x0840BD84	rom	gBallParticleSpritesheets
0x0840BDE4	rom	gBallParticlePalettes
0x0840BE44	rom	sAnim_RegularBall
0x0840BE60	rom	sAnim_MasterBall
0x0840BE68	rom	sAnim_NetDiveBall
0x0840BE70	rom	sAnim_NestBall
0x0840BE78	rom	sAnim_LuxuryPremierBall
0x0840BE84	rom	sAnim_UltraRepeatTimerBall
0x0840BE8C	rom	sAnims_BallParticles
0x0840BEA4	rom	sBallParticleAnimNums
0x0840BEB0	rom	sBallParticleAnimationFuncs
0x0840BEE0	rom	sBallParticlesSpriteTemplates
0x0840C000	rom	sBallOpenFadeColors
0x0840C028	rom	gSafariBaitSpriteTemplate
0x0840C040	rom	sSpriteAnim_SafariRock_0
0x0840C048	rom	sSpriteAnimTable_SafariRock
0x0840C04C	rom	gSafariRockTemplate
0x0840C064	rom	sHof_BgTemplates
0x0840C070	rom	sWindowTemplate
0x0840C078	rom	sTextColors
0x0840C084	rom	sHallOfFame_ConfettiSpriteSheet
0x0840C094	rom	sHallOfFame_ConfettiSpritePalette
0x0840C0A4	rom	sHallOfFame_MonFullTeamPositions
0x0840C0D4	rom	sHallOfFame_MonHalfTeamPositions
0x0840C0EC	rom	sOamData_Confetti
0x0840C0F4	rom	sAnimCmd_Frame00
0x0840C0FC	rom	sAnimCmd_Frame01
0x0840C104	rom	sAnimCmd_Frame02
0x0840C10C	rom	sAnimCmd_Frame03
0x0840C114	rom	sAnimCmd_Frame04
0x0840C11C	rom	sAnimCmd_Frame05
0x0840C124	rom	sAnimCmd_Frame06
0x0840C12C	rom	sAnimCmd_Frame07
0x0840C134	rom	sAnimCmd_Frame08
0x0840C13C	rom	sAnimCmd_Frame09
0x0840C144	rom	sAnimCmd_Frame10
0x0840C14C	rom	sAnimCmd_Frame11
0x0840C154	rom	sAnimCmd_Frame12
0x0840C15C	rom	sAnimCmd_Frame13
0x0840C164	rom	sAnimCmd_Frame14
0x0840C16C	rom	sAnimCmd_Frame15
0x0840C174	rom	sAnimCmd_Frame16
0x0840C17C	rom	sSpriteAnimTable_Confetti
0x0840C1C0	rom	sSpriteTemplate_Confetti
0x0840C1D8	rom	sHallOfFame_Pal
0x0840C1F8	rom	sHallOfFame_Gfx
0x0840C3C4	rom	sDummyHofMon
0x0840C3D8	rom	sUnused
0x0840C3E0	rom	sBgTemplates_MonSceneOrTheEnd
0x0840C3EC	rom	sWindowTemplates_Charizard
0x0840C40C	rom	sWindowTemplates_Venusaur
0x0840C42C	rom	sWindowTemplates_Blastoise
0x0840C44C	rom	sWindowTemplates_Pikachu
0x0840C46C	rom	sCreditsMonCircle_Pal
0x0840C48C	rom	sCreditsMonCircle_Tiles
0x0840C890	rom	sCreditsMonCircle_Tilemap
0x0840C9C8	rom	sCharizard1_Tiles
0x0840D064	rom	sCharizard2_Tiles
0x0840DA48	rom	sVenusaurUnused_Tiles
0x0840DF94	rom	sVenusaur1_Tiles
0x0840E740	rom	sVenusaur2_Tiles
0x0840F07C	rom	sBlastoise1_Tiles
0x0840F780	rom	sBlastoise2_Tiles
0x0840FFD4	rom	sPikachu1_Tiles
0x084103F0	rom	sPikachu2_Tiles
0x08410938	rom	sUnused
0x0841093C	rom	sTheEnd_Pal
0x0841095C	rom	sTheEnd_Tiles
0x084109D0	rom	sTheEnd_Tilemap
0x08410B18	rom	sCopyrightOrTheEndGfxHeaders
0x08410B30	rom	sCreditsScript
0x08410C38	rom	sTextColor_Unused
0x08410C3C	rom	sTextColor_Header
0x08410C40	rom	sTextColor_Regular
0x08410C44	rom	sCreditsWindowTemplate
0x08410C4C	rom	sPlayerMale_Pal
0x08410C6C	rom	sPlayerMale_Tiles
0x08411A34	rom	sPlayerFemale_Pal
0x08411A54	rom	sPlayerFemale_Tiles
0x084127DC	rom	sRival_Pal
0x084127FC	rom	sRival_Tiles
0x08413154	rom	sGround_Grass_Pal
0x08413174	rom	sGround_Grass_Tiles
0x08413690	rom	sGround_Dirt_Pal
0x084136B0	rom	sGround_Dirt_Tiles
0x08413BD4	rom	sGround_City_Pal
0x08413BF4	rom	sGround_City_Tiles
0x08414158	rom	sPlayerRivalSpriteParams
0x08414178	rom	sOamData_PlayerOrRival
0x08414180	rom	sAnimCmds_PlayerOrRival
0x0841419C	rom	sAnimCmdTable_PlayerOrRival
0x084141A0	rom	sPlayerOrRivalSpriteTemplate
0x084141B8	rom	sOamData_Ground
0x084141C0	rom	sAnimCmds_GroundRunning
0x084141E4	rom	sAnimCmds_GroundStatic
0x084141EC	rom	sAnimCmdTable_GroundRunning
0x084141F0	rom	sAnimCmdTable_GroundStatic
0x084141F4	rom	sGroundSpriteTemplate_Running
0x0841420C	rom	sGroundSpriteTemplate_Static
0x08414224	rom	sOverworldCmd_Route23
0x08414244	rom	sOverworldCmd_ViridianCity
0x08414264	rom	sOverworldCmd_PewterCity
0x08414284	rom	sOverworldCmd_CeruleanCity
0x084142A4	rom	sOverworldCmd_Route25
0x084142C4	rom	sOverworldCmd_VermilionCity
0x084142E4	rom	sOverworldCmd_Route10
0x08414304	rom	sOverworldCmd_CeladonCity
0x08414324	rom	sOverworldCmd_SaffronCity
0x08414344	rom	sOverworldCmd_Route17
0x08414364	rom	sOverworldCmd_FuchsiaCity
0x08414384	rom	sOverworldCmd_CinnabarIsland
0x084143A4	rom	sOverworldCmd_Route21
0x084143C4	rom	sOverworldMapScenes
0x084143F8	rom	sCreditsTexts
0x084145FC	rom	sDiplomaGfx
0x08415324	rom	sDiplomaTilemap
0x08415790	rom	sDiplomaPal
0x084157D0	rom	sText_Player
0x084157D9	rom	sText_Sama
0x084157DF	rom	sText_Hoenn
0x084157E7	rom	sText_National
0x084157EF	rom	sText_CertifiesPokedexComplete
0x08415829	rom	sText_GameFreak
0x08415837	rom	sText_Empty
0x08415840	rom	sTextColors
0x08415844	rom	sBgTemplates
0x0841584C	rom	sWindowTemplates
0x0841585C	rom	gExpandedPlaceholder_Empty
0x0841585D	rom	gExpandedPlaceholder_Kun
0x0841585E	rom	gExpandedPlaceholder_Chan
0x0841585F	rom	gExpandedPlaceholder_Sapphire
0x08415868	rom	gExpandedPlaceholder_Ruby
0x0841586D	rom	gExpandedPlaceholder_Aqua
0x08415872	rom	gExpandedPlaceholder_Magma
0x08415878	rom	gExpandedPlaceholder_Archie
0x0841587F	rom	gExpandedPlaceholder_Maxie
0x08415885	rom	gExpandedPlaceholder_Kyogre
0x0841588C	rom	gExpandedPlaceholder_Groudon
0x08415894	rom	gExpandedPlaceholder_Red
0x08415898	rom	gExpandedPlaceholder_Green
0x0841589E	rom	gText_EggNickname
0x084158A2	rom	gText_MenuPokemon
0x084158AA	rom	gText_NewGame
0x084158B3	rom	gText_Continue
0x084158BC	rom	gTextJP_Options
0x084158C6	rom	gUnusedText_MysteryGift
0x084158D3	rom	gText_MysteryGift
0x084158E0	rom	gText_WirelessNotConnected
0x08415907	rom	gText_MysteryGiftCantUse
0x0841594A	rom	gText_UpdatingSaveExternalData
0x0841596F	rom	gText_SaveFileUpdated
0x08415980	rom	gText_SaveFileUpdatedSwapBackup
0x084159E6	rom	gText_FailedUpdateSwapBackup
0x08415A3B	rom	gText_SaveFileCorrupted
0x08415A7E	rom	gText_SaveFileHasBeenDeleted
0x08415AA0	rom	gText_1MSubCircuitBoardNotInstalled
0x08415ACB	rom	gTextJP_InternalBatteryHasRunDry
0x08415B15	rom	gText_PlayerUnused
0x08415B1C	rom	gText_PokedexUnused
0x08415B24	rom	gText_MainMenuTime
0x08415B29	rom	gText_BadgesUnused
0x08415B32	rom	gText_AButton
0x08415B37	rom	gText_BButton
0x08415B3C	rom	gText_RButton
0x08415B41	rom	gText_LButton
0x08415B46	rom	gText_Start
0x08415B4E	rom	gText_Select
0x08415B56	rom	gText_ControlPad
0x08415B5E	rom	gText_LButtonRButton
0x08415B68	rom	gText_Controls
0x08415B74	rom	gText_PickOk
0x08415B84	rom	gText_ABUTTONNext
0x08415B8C	rom	gText_ABUTTONNext_BBUTTONBack
0x08415B9C	rom	gText_UPDOWNPick_ABUTTONNext_BBUTTONBack
0x08415BB4	rom	gText_UPDOWNPick_ABUTTONBBUTTONCancel
0x08415BC8	rom	gText_ABUTTONExit
0x08415BCF	rom	gText_Boy
0x08415BD3	rom	gText_Girl
0x08415BD8	rom	gText_PokedexTableOfContents
0x08415BF4	rom	gText_PickOK
0x08415C00	rom	gText_Seen
0x08415C06	rom	gText_Owned
0x08415C0D	rom	gText_Kanto
0x08415C13	rom	gText_National
0x08415C1C	rom	gText_PokemonHabitats
0x08415C33	rom	gText_DexCategory_GrasslandPkmn
0x08415C45	rom	gText_DexCategory_ForestPkmn
0x08415C54	rom	gText_DexCategory_WatersEdgePkmn
0x08415C69	rom	gText_DexCategory_SeaPkmn
0x08415C75	rom	gText_DexCategory_CavePkmn
0x08415C82	rom	gText_DexCategory_MountainPkmn
0x08415C93	rom	gText_DexCategory_RoughTerrainPkmn
0x08415CA9	rom	gText_DexCategory_UrbanPkmn
0x08415CB7	rom	gText_DexCategory_RarePkmn
0x08415CC4	rom	gText_Search
0x08415CD1	rom	gText_NumericalMode
0x08415CE0	rom	gText_AToZMode
0x08415CEC	rom	gText_PokedexOther
0x08415CF8	rom	gTextJP_HowToUsePokedex
0x08415D03	rom	gText_ClosePokedex
0x08415D11	rom	gText_TypeMode
0x08415D1B	rom	gText_LightestMode
0x08415D29	rom	gText_SmallestMode
0x08415D37	rom	gText_PokemonList
0x08415D4A	rom	gText_NumericalModeKanto
0x08415D60	rom	gText_NumericalModeNational
0x08415D79	rom	gText_PokemonListNoColor
0x08415D86	rom	gText_SearchNoColor
0x08415D8D	rom	gText_PickOKExit
0x08415DA2	rom	gText_5Dashes
0x08415DA8	rom	gText_PickFlipPageCheckCancel
0x08415DCB	rom	gText_PokedexPokemon
0x08415DD4	rom	gText_HT
0x08415DD7	rom	gText_WT
0x08415DDA	rom	gText_PokedexQuotationMark
0x08415DDC	rom	gText_Lbs
0x08415DE1	rom	gTextJP_PokemonData
0x08415DE9	rom	gText_Cry
0x08415DEF	rom	gText_NextDataCancel
0x08415E04	rom	gText_Next
0x08415E0B	rom	gText_CancelPreviousData
0x08415E24	rom	gText_Area
0x08415E29	rom	gText_Size
0x08415E2E	rom	gText_AreaUnknown
0x08415E3B	rom	gText_PokedexNo
0x08415E3E	rom	gText_Page
0x08415E44	rom	gText_WelcomeToHOF
0x08415E64	rom	gText_HOFDexRating
0x08415EA4	rom	gText_HOFDexSaving
0x08415ECC	rom	gText_HOFCorrupted
0x08415EF0	rom	gText_HOFNumber
0x08415F04	rom	gText_LeagueChamp
0x08415F28	rom	gText_Number
0x08415F30	rom	gText_Level
0x08415F38	rom	gText_Name
0x08415F40	rom	gText_IDNumber
0x08415F46	rom	gText_BirchInTrouble
0x08415F6F	rom	gText_ConfirmStarterChoice
0x08415F82	rom	gText_Pokemon4
0x08415F87	rom	gText_SaveError_PleaseExchangeBackupMemory
0x08415FB6	rom	gSaveStatName_Player
0x08415FBD	rom	gSaveStatName_Badges
0x08415FC4	rom	gSaveStatName_Pokedex
0x08415FCC	rom	gSaveStatName_Time
0x08415FD1	rom	gText_FlyToWhere
0x08415FDC	rom	gOtherText_Use
0x08415FE0	rom	gOtherText_Toss
0x08415FE5	rom	gOtherText_Register
0x08415FEE	rom	gOtherText_Give
0x08415FF3	rom	gMenuText_Confirm
0x08415FF8	rom	gOtherText_Walk
0x08415FFD	rom	gFameCheckerText_Cancel
0x08416004	rom	gOtherText_Exit
0x08416009	rom	gString_Dummy
0x0841600A	rom	gText_Cancel7
0x08416010	rom	gText_Item
0x08416015	rom	gText_Mail
0x0841601A	rom	gText_Take
0x0841601F	rom	gText_Store
0x08416025	rom	gOtherText_Check
0x0841602B	rom	gText_PokeSum_Item_None
0x08416030	rom	gOtherText_Open
0x08416035	rom	gOtherText_Deselect
0x0841603E	rom	gText_PokeSum_DexNoUnknown
0x08416042	rom	gText_FiveMarks
0x08416048	rom	gText_Slash
0x0841604A	rom	gText_PokeSum_OneHyphen
0x0841604C	rom	gText_PokeSum_TwoHyphens
0x0841604F	rom	gText_ThreeHyphens
0x08416053	rom	gText_SevenHyphens
0x0841605B	rom	gText_MaleSymbol
0x0841605D	rom	gText_FemaleSymbol
0x0841605F	rom	gText_Lv
0x08416062	rom	gText_NumberClear01
0x08416068	rom	gText_Plus
0x0841606B	rom	gText_Escape3
0x0841606F	rom	gText_IDNumber2
0x08416074	rom	gText_PokeSum_PP
0x08416077	rom	gText_SelectorArrow2
0x08416079	rom	gText_YesNo
0x08416080	rom	gText_GoBackToThePreviousMenu
0x0841609E	rom	gText_WhatWouldYouLikeToDo
0x084160B9	rom	gText_MenuPokedex
0x084160C1	rom	gText_MenuBag
0x084160C5	rom	gText_MenuPokenav
0x084160CA	rom	gText_MenuPlayer
0x084160CD	rom	gText_MenuSave
0x084160D2	rom	gText_MenuOption
0x084160D9	rom	gText_MenuExit
0x084160DE	rom	gText_MenuRetire
0x084160E5	rom	gText_MenuSafariStats
0x084160F5	rom	gText_TimesStrVar1
0x084160F9	rom	gText_Berry
0x08416100	rom	gText_Coins
0x08416109	rom	gText_Items2
0x0841610F	rom	gText_PokeBalls2
0x0841611A	rom	gText_KeyItems2
0x08416124	rom	gText_DepositItem
0x08416131	rom	gText_CloseBag
0x0841613B	rom	gText_Var1IsSelected
0x0841614B	rom	gText_CantWriteMailHere
0x08416166	rom	gText_ThereIsNoPokemon
0x0841617B	rom	gOtherText_WhereShouldTheStrVar1BePlaced
0x0841619A	rom	gText_ItemCantBeHeld
0x084161B0	rom	gText_TheStrVar1CantBeHeldHere
0x084161CB	rom	gText_DepositHowManyStrVars1
0x084161E3	rom	gText_DepositedStrVar2StrVar1s
0x084161F7	rom	gText_NoRoomToStoreItems
0x08416217	rom	gText_TossOutHowManyStrVar1s
0x08416230	rom	gText_ThrewAwayStrVar2StrVar1s
0x08416245	rom	gText_ThrowAwayStrVar2OfThisItemQM
0x08416261	rom	gText_OakForbidsUseOfItemHere
0x0841628D	rom	gText_CantDismountBike
0x084162B2	rom	gText_ItemfinderResponding
0x084162FA	rom	gText_ItemfinderShakingWildly
0x0841634F	rom	gText_NopeTheresNoResponse
0x08416373	rom	gText_CoinCase
0x08416384	rom	gText_BootedUpTM
0x08416392	rom	gText_BootedUpHM
0x084163A1	rom	gText_TMHMContainedVar1
0x084163C8	rom	gText_PlayerUsedVar2
0x084163DA	rom	gText_RepelEffectsLingered
0x0841640E	rom	gText_UsedVar2WildLured
0x0841643C	rom	gText_UsedVar2WildRepelled
0x0841646D	rom	gText_BoxFull
0x08416480	rom	gText_PowderQty
0x08416491	rom	gOtherText_Powder
0x08416498	rom	gText_PlayedPokeFluteCatchy
0x084164CC	rom	gText_PlayedPokeFlute
0x084164E3	rom	gText_PokeFluteAwakenedMon
0x0841650F	rom	gText_TMCase
0x08416517	rom	gText_Close
0x0841651D	rom	gText_TMCaseWillBePutAway
0x0841653B	rom	gText_FontSmall
0x0841653F	rom	gText_FontNormal
0x08416543	rom	gText_EmptySpace
0x08416546	rom	gText_BerryPouch
0x08416552	rom	gText_TheBerryPouchWillBePutAway
0x08416574	rom	gText_ShopBuy
0x08416578	rom	gText_ShopSell
0x0841657D	rom	gText_ShopQuit
0x08416585	rom	gText_InBagVar1
0x08416593	rom	gText_QuitShopping
0x084165A2	rom	gText_Var1CertainlyHowMany
0x084165CA	rom	gText_Var1AndYouWantedVar2
0x084165F7	rom	gText_Var1IsItThatllBeVar2
0x0841660C	rom	gText_YouWantedVar1ThatllBeVar2
0x08416623	rom	gText_HereYouGoThankYou
0x0841663C	rom	gText_ThankYouIllSendItHome
0x0841665E	rom	gText_ThanksIllSendItHome
0x0841667E	rom	gText_YouDontHaveMoney
0x0841669D	rom	gText_NoMoreRoomForThis
0x084166C4	rom	gText_SpaceForVar1Full
0x084166DA	rom	gText_AnythingElseICanHelp
0x084166FB	rom	gText_CanIHelpWithAnythingElse
0x08416713	rom	gText_ThrowInPremierBall
0x0841672D	rom	gText_OhNoICantBuyThat
0x0841674D	rom	gText_HowManyWouldYouLikeToSell
0x08416772	rom	gText_ICanPayThisMuch_WouldThatBeOkay
0x08416795	rom	gText_TurnedOverItemsWorthYen
0x084167B6	rom	gText_PokedollarVar1
0x084167BA	rom	gText_Shift
0x084167C0	rom	gText_SendOut
0x084167C9	rom	gText_Switch2
0x084167D0	rom	gText_Summary5
0x084167D8	rom	gText_Moves
0x084167DF	rom	gText_Enter
0x084167E5	rom	gText_NoEntry
0x084167EE	rom	gText_Take2
0x084167F3	rom	gText_Read2
0x084167F8	rom	gText_Trade4
0x084167FE	rom	gText_ItemEffect_HP
0x08416801	rom	gText_ItemEffect_SpAtk
0x08416809	rom	gText_ItemEffect_SpDef
0x08416811	rom	gText_PartyMenu_OK
0x08416814	rom	gText_Empty
0x08416815	rom	gText_PauseUntilPress
0x08416818	rom	gText_WontHaveEffect
0x08416834	rom	gText_CantBeUsedOnPkmn
0x0841685A	rom	gText_PkmnCantSwitchOut
0x08416876	rom	gText_PkmnAlreadyInBattle
0x08416891	rom	gText_PkmnAlreadySelected
0x084168B1	rom	gText_PkmnHasNoEnergy
0x084168D4	rom	gText_CantSwitchWithAlly
0x08416907	rom	gText_EggCantBattle
0x0841691E	rom	gText_CantUseUntilNewBadge
0x08416952	rom	gText_NoMoreThanThreeMayEnter
0x0841697A	rom	gText_NoMoreThanTwoMayEnter
0x084169A0	rom	gText_SendMailToPC
0x084169C2	rom	gText_MailSentToPC
0x084169E2	rom	gText_PCMailboxFull
0x084169FF	rom	gText_MailMessageWillBeLost
0x08416A37	rom	gText_RemoveMailBeforeItem
0x08416A66	rom	gText_PkmnWasGivenItem
0x08416A85	rom	gText_PkmnAlreadyHoldingItemSwitch
0x08416ACB	rom	gText_PkmnNotHolding
0x08416AE8	rom	gText_ReceivedItemFromPkmn
0x08416B03	rom	gText_MailTakenFromPkmn
0x08416B26	rom	gText_SwitchedPkmnItem
0x08416B53	rom	gText_PkmnHoldingItemCantHoldMail
0x08416B8B	rom	gText_MailTransferredFromMailbox
0x08416BB4	rom	gText_BagFullCouldNotRemoveItem
0x08416BEF	rom	gText_PkmnLearnedMove3
0x08416BFE	rom	gText_PkmnCantLearnMove
0x08416C33	rom	gText_PkmnNeedsToReplaceMove
0x08416CA7	rom	gText_StopLearningMove2
0x08416CC0	rom	gText_MoveNotLearned
0x08416CE0	rom	gText_WhichMoveToForget
0x08416D02	rom	gText_12PoofForgotMove
0x08416D4C	rom	gText_PkmnAlreadyKnows
0x08416D63	rom	gText_PkmnHPRestoredByVar2
0x08416D8A	rom	gText_PkmnCuredOfPoison
0x08416DAB	rom	gText_PkmnCuredOfParalysis
0x08416DC8	rom	gText_PkmnWokeUp2
0x08416DD6	rom	gText_PkmnBurnHealed
0x08416DEE	rom	gText_PkmnThawedOut
0x08416E03	rom	gText_PPWasRestored
0x08416E16	rom	gText_PkmnRegainhedHealth
0x08416E29	rom	gText_PkmnBecameHealthy
0x08416E3E	rom	gText_MovesPPIncreased
0x08416E53	rom	gText_PkmnElevatedToLvVar2
0x08416E6E	rom	gText_PkmnBaseVar2StatIncreased
0x08416E8E	rom	gText_PkmnSnappedOutOfConfusion
0x08416EB1	rom	gText_PkmnGotOverInfatuation
0x08416ED0	rom	gText_OnlyPkmnForBattle
0x08416EF8	rom	gText_PkmnCantBeTradedNow
0x08416F1C	rom	gText_EggCantBeTradedNow
0x08416F38	rom	gText_OtherTrainersPkmnCantBeTraded
0x08416F6C	rom	gText_OtherTrainerCantAcceptPkmn
0x08416FA0	rom	gText_CantTradeWithTrainer
0x08416FC8	rom	gText_NotPkmnOtherTrainerWants
0x08417008	rom	gText_ThatIsntAnEgg
0x0841701B	rom	gText_ChoosePokemon
0x0841702D	rom	gText_MoveToWhere
0x0841703C	rom	gText_TeachWhichPokemon
0x08417051	rom	gText_UseOnWhichPokemon
0x08417067	rom	gText_GiveToWhichPokemon
0x0841707E	rom	gText_DoWhatWithPokemon
0x08417094	rom	gText_NothingToCut
0x084170AC	rom	gText_CantSurfHere
0x084170BD	rom	gText_AlreadySurfing
0x084170D5	rom	gText_CantUseHere
0x084170EA	rom	gText_RestoreWhichMove
0x084170FE	rom	gText_BoostPp
0x08417111	rom	gText_DoWhatWithItem
0x08417127	rom	gText_NoPokemonForBattle
0x0841713D	rom	gText_ChoosePokemon2
0x0841714F	rom	gText_NotEnoughHp
0x0841715E	rom	gText_ThreePkmnAreNeeded
0x08417173	rom	gText_PokemonCantBeSame
0x08417189	rom	gText_NoIdenticalHoldItems
0x0841719D	rom	gText_CurrentIsTooFast
0x084171BB	rom	gText_DoWhatWithMail
0x084171D2	rom	gText_ChoosePokemonCancel
0x084171EC	rom	gText_ChoosePokemonConfirm
0x08417208	rom	gText_TwoPokemonAreNeeded
0x08417220	rom	gText_EnjoyCycling
0x08417235	rom	gText_InUseAlready_PM
0x0841724D	rom	gText_NoUse
0x08417255	rom	gText_Able
0x0841725A	rom	gText_First_PM
0x08417260	rom	gText_Second_PM
0x08417267	rom	gText_Third_PM
0x0841726D	rom	gText_Able2
0x08417272	rom	gText_NotAble
0x0841727B	rom	gText_Able3
0x08417281	rom	gText_NotAble2
0x0841728B	rom	gText_Learned
0x08417293	rom	gText_OakImportantToGetToKnowPokemonThroughly
0x084172D0	rom	gText_OakThisIsListOfPokemon
0x0841736F	rom	gText_CutATreeOrGrass
0x08417384	rom	gText_FlyToAKnownTown
0x08417399	rom	gText_TravelOnWater
0x084173AA	rom	gText_MoveHeavyBoulders
0x084173BF	rom	gText_LightUpDarkness
0x084173D2	rom	gText_ShatterACrackedRock
0x084173EA	rom	gText_ClimbAWaterfall
0x084173FD	rom	gText_DiveUnderwater
0x08417408	rom	gText_EscapeFromHere
0x0841741A	rom	gText_LureWildPokemon
0x0841742D	rom	gText_ShareHp
0x08417437	rom	gText_ReturnToAHealingSpot
0x08417451	rom	gText_EscapeFromHereAndReturnTo
0x0841747C	rom	gText_ReturnToHealingSpot
0x084174B0	rom	gText_ItemEffect_Attack
0x084174B7	rom	gText_ItemEffect_Defense
0x084174BF	rom	gText_ItemEffect_SpAtk_Unused
0x084174C4	rom	gText_ItemEffect_SpDef_Unused
0x084174C9	rom	gText_ItemEffect_Speed
0x084174CF	rom	gText_ItemEffect_HP_Unused
0x084174D2	rom	gText_PkmnCantParticipate
0x084174F4	rom	gText_CancelParticipation
0x0841750A	rom	gText_Empty12
0x0841750B	rom	gText_CancelBattle
0x0841751E	rom	gText_TurnOff
0x08417527	rom	gText_Decoration
0x0841752D	rom	gText_ItemStorage
0x0841753A	rom	gText_Mailbox
0x08417542	rom	gText_DepositItem2
0x0841754F	rom	gText_WithdrawItem2
0x0841755D	rom	gText_TossItem
0x08417566	rom	gText_StoreItemsInThePC
0x0841757D	rom	gText_TakeOutItemsFromThePC
0x08417599	rom	gText_ThrowAwayItemsInPC
0x084175B0	rom	gText_ThereAreNoItems
0x084175C6	rom	gText_NoMoreRoomInBag
0x084175E8	rom	gText_WithdrawHowMany
0x08417601	rom	gText_WithdrewQuantItem
0x08417614	rom	gOtherText_Read
0x08417619	rom	gOtherText_MoveToBag
0x08417625	rom	gOtherText_Give2
0x0841762A	rom	gText_TheresNoMailHere
0x08417642	rom	gText_WhatWouldYouLikeToDoWithPlayersMail
0x0841766C	rom	gText_MessageWillBeLost
0x08417694	rom	gText_BagIsFull
0x084176A7	rom	gText_MailReturnedToBagMessageErased
0x084176E3	rom	gText_WithdrawItem
0x084176F1	rom	gText_Withdraw
0x084176FA	rom	gText_ReturnToPC
0x0841770C	rom	gText_LtSurge
0x08417716	rom	gText_Koga
0x0841771B	rom	gText_Participate
0x08417722	rom	gText_Info
0x08417727	rom	gText_Eggs
0x0841772C	rom	gText_HallOfFame
0x08417739	rom	gText_Victories
0x08417743	rom	gText_Quit
0x08417748	rom	gText_Psn
0x0841774C	rom	gText_Par
0x08417750	rom	gText_Slp
0x08417754	rom	gText_Brn
0x08417758	rom	gText_Frz
0x0841775C	rom	gText_Toxic
0x08417762	rom	gText_OK
0x08417765	rom	gOtherText_Quit
0x0841776A	rom	gText_SawIt
0x0841776F	rom	gText_NotYet
0x08417774	rom	gText_Yes
0x08417778	rom	gText_No
0x0841777B	rom	gText_Info4
0x08417780	rom	gText_SingleBattle
0x0841778E	rom	gText_DoubleBattle
0x0841779C	rom	gText_MultiBattle
0x084177A9	rom	gText_MakeAChallenge
0x084177BB	rom	gText_Info_2
0x084177C0	rom	gText_FreshWater_200
0x084177D6	rom	gText_SodaPop_300
0x084177E9	rom	gText_Lemonade_350
0x084177FC	rom	gText_50Coins_1000
0x08417812	rom	gText_500Coins_10000
0x08417829	rom	gText_Excellent
0x08417833	rom	gText_NotSoBad
0x0841783E	rom	gText_RedShard
0x08417848	rom	gText_YellowShard
0x08417855	rom	gText_BlueShard
0x08417860	rom	gText_GreenShard
0x0841786C	rom	gText_BattleTower
0x08417873	rom	gText_Right
0x08417879	rom	gText_Left
0x0841787E	rom	gText_Tm13_4000Coins
0x08417894	rom	gText_Tm23_3500Coins
0x084178AA	rom	gText_Tm24_4000Coins
0x084178C0	rom	gText_Tm30_4500Coins
0x084178D6	rom	gText_Tm35_4000Coins
0x084178EC	rom	gText_1F_2
0x084178EF	rom	gText_2F_2
0x084178F2	rom	gText_3F_2
0x084178F5	rom	gText_4F_2
0x084178F8	rom	gText_5F_2
0x084178FB	rom	gText_Cool
0x08417900	rom	gText_Beauty
0x08417907	rom	gText_Cute
0x0841790C	rom	gText_Smart
0x08417912	rom	gText_Tough
0x08417918	rom	gText_Normal
0x0841791F	rom	gText_Black
0x08417925	rom	gText_Pink
0x0841792A	rom	gText_Sepia
0x08417930	rom	gText_Cool_2
0x08417935	rom	gText_Beauty_2
0x0841793C	rom	gText_Cute_2
0x08417941	rom	gText_Smart_2
0x08417947	rom	gText_Tough_2
0x0841794D	rom	gText_Items
0x08417953	rom	gText_KeyItems
0x0841795D	rom	gText_PokeBalls
0x08417968	rom	gText_TMsAndHMs
0x08417972	rom	gText_Berries
0x0841797A	rom	gText_Boulderbadge
0x08417987	rom	gText_Cascadebadge
0x08417994	rom	gText_Thunderbadge
0x084179A1	rom	gText_Rainbowbadge
0x084179AE	rom	gText_Soulbadge
0x084179B8	rom	gText_Marshbadge
0x084179C3	rom	gText_Volcanobadge
0x084179D0	rom	gText_Earthbadge
0x084179DB	rom	gText_SomeoneSPc
0x084179E8	rom	gText_BillSPc
0x084179F2	rom	gText_SPc
0x084179FA	rom	gText_HallOfFame_2
0x08417A07	rom	gText_LogOff
0x08417A0F	rom	gText_ProfOakSPc
0x08417A1E	rom	gText_Eevee
0x08417A24	rom	gText_Flareon
0x08417A2C	rom	gText_Jolteon
0x08417A34	rom	gText_Vaporeon
0x08417A3D	rom	gText_QuitLooking
0x08417A4B	rom	gText_FreshWater
0x08417A57	rom	gText_SodaPop
0x08417A60	rom	gText_Lemonade
0x08417A69	rom	gText_Coins_2
0x08417A6F	rom	gText_Bicycle_Price
0x08417A87	rom	gText_NoThanks
0x08417A91	rom	gText_Abra_180Coins
0x08417AA6	rom	gText_Clefairy_500Coins
0x08417ABF	rom	gText_Dratini_2800Coins
0x08417AD9	rom	gText_Scyther_5500Coins
0x08417AF3	rom	gText_Porygon_9999Coins
0x08417B0D	rom	gText_Abra_120Coins
0x08417B22	rom	gText_Clefairy_750Coins
0x08417B3B	rom	gText_Pinsir_2500Coins
0x08417B54	rom	gText_Dratini_4600Coins
0x08417B6E	rom	gText_Porygon_6500Coins
0x08417B88	rom	gText_NoThanks_2
0x08417B92	rom	gText_HelixFossil
0x08417B9F	rom	gText_DomeFossil
0x08417BAB	rom	gText_OldAmber
0x08417BB5	rom	gText_TradeCenter
0x08417BC2	rom	gText_Colosseum
0x08417BCC	rom	gText_GameLinkCable
0x08417BDC	rom	gText_Wireless
0x08417BE5	rom	gText_ItemsPocket
0x08417BF2	rom	gText_KeyItemsPocket
0x08417C03	rom	gText_PokeBallsPocket
0x08417C15	rom	gText_TmCase
0x08417C1D	rom	gText_BerryPouch_2
0x08417C29	rom	gText_Other
0x08417C2F	rom	gText_OneIsland
0x08417C3A	rom	gText_TwoIsland
0x08417C45	rom	gText_ThreeIsland
0x08417C52	rom	gText_FourIsland
0x08417C5E	rom	gText_FiveIsland
0x08417C6A	rom	gText_SixIsland
0x08417C75	rom	gText_SevenIsland
0x08417C82	rom	gText_Vermilion
0x08417C8C	rom	gText_Colosseum_2
0x08417C96	rom	gText_BerryCrush
0x08417CA2	rom	gText_EmptyLinkService1
0x08417CA3	rom	gText_EmptyLinkService2
0x08417CA4	rom	gText_ListenToExplanation
0x08417CAD	rom	gText_RecordCorner
0x08417CAE	rom	gText_PokemonJump
0x08417CBB	rom	gText_DodrioBerryPicking
0x08417CD0	rom	gText_2Tinymushrooms
0x08417CE0	rom	gText_1BigMushroom
0x08417CEF	rom	gText_SeviiIslands
0x08417CFD	rom	gText_NavelRock
0x08417D08	rom	gText_BirthIsland
0x08417D15	rom	gText_MiracleSeed_1000Coins
0x08417D33	rom	gText_Charcoal_1000Coins
0x08417D4D	rom	gText_MysticWater_1000Coins
0x08417D6B	rom	gText_YellowFlute_1600Coins
0x08417D89	rom	gText_SmokeBall_800Coins
0x08417DA3	rom	gText_Multichoice_Empty2
0x08417DA4	rom	gText_Multichoice_Empty1
0x08417DA5	rom	gText_BecomeLeader
0x08417DB3	rom	gText_JoinGroup
0x08417DBE	rom	gOtherText_Single
0x08417DC5	rom	gOtherText_Double
0x08417DCC	rom	gOtherText_Knockout
0x08417DD5	rom	gOtherText_Mixed
0x08417DDB	rom	gText_99TimesPlus
0x08417DE5	rom	gText_1MinutePlus
0x08417DEE	rom	gText_SpaceSeconds
0x08417DF2	rom	gText_SpaceTimes
0x08417DF5	rom	gText_DecimalPoint
0x08417DF7	rom	gText_BigGuy
0x08417DFF	rom	gText_BigGirl
0x08417E08	rom	gText_Son
0x08417E0C	rom	gText_Daughter
0x08417E15	rom	gText_BoulderBadge
0x08417E22	rom	gText_CascadeBadge
0x08417E2F	rom	gText_ThunderBadge
0x08417E3C	rom	gText_RainbowBadge
0x08417E49	rom	gText_SoulBadge
0x08417E53	rom	gText_MarshBadge
0x08417E5E	rom	gText_VolcanoBadge
0x08417E6B	rom	gText_EarthBadge
0x08417E76	rom	gText_1F
0x08417E79	rom	gText_2F
0x08417E7C	rom	gText_3F
0x08417E7F	rom	gText_4F
0x08417E82	rom	gText_5F
0x08417E85	rom	gText_6F
0x08417E88	rom	gText_7F
0x08417E8B	rom	gText_8F
0x08417E8E	rom	gText_9F
0x08417E91	rom	gText_10F
0x08417E95	rom	gText_11F
0x08417E99	rom	gText_B1F
0x08417E9D	rom	gText_B2F
0x08417EA1	rom	gText_B3F
0x08417EA5	rom	gText_B4F
0x08417EA9	rom	gText_Rooftop
0x08417EB1	rom	gText_NowOn
0x08417EB9	rom	gText_LinkedGamePlay
0x08417ECA	rom	gText_DirectCorner
0x08417ED8	rom	gText_UnionRoom
0x08417EE3	rom	gText_Energypowder_50
0x08417EF8	rom	gText_EnergyRoot_80
0x08417F0C	rom	gText_HealPowder_50
0x08417F20	rom	gText_RevivalHerb_300
0x08417F36	rom	gText_Protein_1000
0x08417F49	rom	gText_Iron_1000
0x08417F59	rom	gText_Carbos_1000
0x08417F6B	rom	gText_Calcium_1000
0x08417F7E	rom	gText_Zinc_1000
0x08417F8E	rom	gText_HpUp_1000
0x08417F9F	rom	gText_PpUp_3000
0x08417FB0	rom	gString_BattleRecords_PlayersBattleResults
0x08417FC4	rom	gString_BattleRecords_TotalRecord
0x08417FE0	rom	gString_BattleRecords_ColumnHeaders
0x08417FF2	rom	gString_BattleRecords_7Dashes
0x08417FFA	rom	gString_BattleRecords_4Dashes
0x08417FFF	rom	gFameCheckerText_FameCheckerWillBeClosed
0x08418020	rom	gFameCheckerText_ClearTextbox
0x08418040	rom	gText_ExitUnused
0x08418044	rom	gText_ExitFromBox
0x08418057	rom	gText_WhatDoYouWantToDo
0x0841806F	rom	gText_PleasePickATheme
0x08418084	rom	gText_PickTheWallpaper
0x08418098	rom	gText_PkmnIsSelected
0x084180A8	rom	gText_JumpToWhichBox
0x084180BB	rom	gText_DepositInWhichBox
0x084180D1	rom	gText_PkmnWasDeposited
0x084180E3	rom	gText_BoxIsFull2
0x084180F4	rom	gText_ReleaseThisPokemon
0x0841810A	rom	gText_PkmnWasReleased
0x0841811B	rom	gText_ByeByePkmn
0x08418128	rom	gText_MarkYourPkmn
0x0841813B	rom	gText_ThatsYourLastPkmn
0x08418155	rom	gText_YourPartysFull
0x08418168	rom	gText_YoureHoldingAPkmn
0x08418182	rom	gText_WhichOneWillYouTake
0x0841819B	rom	gText_YouCantReleaseAnEgg
0x084181B5	rom	gText_ContinueBoxOperations
0x084181CE	rom	gText_PkmnCameBack
0x084181DC	rom	gText_WasItWorriedAboutYou
0x084181F6	rom	gText_FourEllipsesExclamation
0x08418201	rom	gText_PleaseRemoveTheMail
0x08418219	rom	gText_GiveToAPkmn
0x0841822C	rom	gText_PlacedItemInBag
0x08418244	rom	gText_BagIsFull2
0x08418255	rom	gText_PutItemInBag
0x0841826F	rom	gText_ItemIsNowHeld
0x0841827F	rom	gText_ChangedToNewItem
0x0841828E	rom	gText_MailCantBeStored
0x084182A4	rom	gPCText_Cancel
0x084182AB	rom	gPCText_Store
0x084182B1	rom	gPCText_Withdraw
0x084182BA	rom	gPCText_Shift
0x084182C0	rom	gPCText_Move
0x084182C5	rom	gPCText_Place
0x084182CB	rom	gPCText_Summary
0x084182D3	rom	gPCText_Release
0x084182DB	rom	gPCText_Mark
0x084182E0	rom	gPCText_Name
0x084182E5	rom	gPCText_Jump
0x084182EA	rom	gPCText_Wallpaper
0x084182F4	rom	gPCText_Take
0x084182F9	rom	gPCText_Give
0x084182FE	rom	gPCText_Switch
0x08418305	rom	gPCText_Bag
0x08418309	rom	gPCText_Info
0x0841830E	rom	gPCText_Scenery1
0x08418318	rom	gPCText_Scenery2
0x08418322	rom	gPCText_Scenery3
0x0841832C	rom	gPCText_Etcetera
0x08418335	rom	gPCText_Forest
0x0841833C	rom	gPCText_City
0x08418341	rom	gPCText_Desert
0x08418348	rom	gPCText_Savanna
0x08418350	rom	gPCText_Crag
0x08418355	rom	gPCText_Volcano
0x0841835D	rom	gPCText_Snow
0x08418362	rom	gPCText_Cave
0x08418367	rom	gPCText_Beach
0x0841836D	rom	gPCText_Seafloor
0x08418376	rom	gPCText_River
0x0841837C	rom	gPCText_Sky
0x08418380	rom	gPCText_PolkaDot
0x08418386	rom	gPCText_Pokecenter
0x08418391	rom	gPCText_Machine
0x08418397	rom	gPCText_Simple
0x0841839E	rom	gText_PC_WhatWouldYouLikeToDo
0x084183A8	rom	gText_WithdrawPokemon
0x084183B9	rom	gText_DepositPokemon
0x084183C9	rom	gText_MovePokemon
0x084183D6	rom	gText_MoveItems
0x084183E1	rom	gText_SeeYa
0x084183E9	rom	gText_WithdrawMonDescription
0x0841841E	rom	gText_DepositMonDescription
0x0841844D	rom	gText_MoveMonDescription
0x0841847E	rom	gText_MoveItemsDescription
0x084184BD	rom	gText_SeeYaDescription
0x084184CC	rom	gText_JustOnePkmn
0x084184EC	rom	gText_PartyFull
0x08418509	rom	gText_Box
0x0841850D	rom	gText_CombineFourWordsOrPhrases
0x0841852B	rom	gText_AndMakeYourProfile
0x08418542	rom	gText_MakeMessageSixPhrases
0x08418561	rom	gText_MaxTwoTwelveLetterPhrases
0x08418581	rom	gText_FindWordsThatDescribeYour
0x0841859F	rom	gText_FeelingsRightNow
0x084185B3	rom	gText_WithFourPhrases
0x084185BC	rom	gText_CombineNineWordsOrPhrases
0x084185DA	rom	gText_AndMakeAMessage
0x084185EE	rom	gText_ChangeJustOneWordOrPhrase
0x0841860D	rom	gText_AndImproveTheBardsSong
0x0841862A	rom	gText_AndFillOutTheQuestionnaire
0x0841864A	rom	gText_YourProfile
0x08418657	rom	gText_YourFeelingAtTheBattlesStart
0x0841867A	rom	gText_WhatYouSayIfYouWin
0x0841869B	rom	gText_WhatYouSayIfYouLose
0x084186BD	rom	gText_TheAnswer
0x084186C8	rom	gText_TheMailMessage
0x084186D9	rom	gText_TheMailSalutation
0x084186E8	rom	gText_TheNewSong
0x084186F5	rom	gText_CombineTwoWordsOrPhrases
0x08418712	rom	gText_AndMakeATrendySaying
0x0841872C	rom	gText_TheTrendySaying
0x0841873E	rom	gText_IsAsShownOkay
0x08418751	rom	gText_CombineTwoWordsOrPhrases2
0x08418761	rom	gText_ToTeachHerAGoodSaying
0x08418773	rom	gText_AllTextBeingEditedWill
0x08418792	rom	gText_BeDeletedThatOkay
0x084187AC	rom	gText_PleaseEnterPhraseOrWord
0x084187BE	rom	gText_EntireTextCantBeDeleted
0x084187D4	rom	gText_OnlyOnePhrase
0x084187E8	rom	gText_OriginalSongWillBeUsed
0x084187F7	rom	gText_ThatsTrendyAlready
0x08418807	rom	gText_CombineTwoWordsOrPhrases3
0x0841881C	rom	gText_QuitEditing
0x0841882A	rom	gText_StopGivingPkmnMail
0x08418848	rom	gText_TheEditedWords
0x08418859	rom	gText_WillNotBeSaved
0x08418867	rom	gText_Profile
0x0841886F	rom	gText_AtTheBattlesStart
0x08418886	rom	gText_UponWinningABattle
0x0841889D	rom	gText_UponLosingABattle
0x084188B3	rom	gText_TheBardsSong
0x084188C3	rom	gText_WhatsHipAndHappening
0x084188DD	rom	gText_Interview
0x084188E7	rom	gText_GoodSaying
0x084188EE	rom	gText_Questionnaire
0x084188FC	rom	GiddyText_SoPretty
0x08418906	rom	GiddyText_SoDarling
0x08418910	rom	GiddyText_SoRelaxed
0x0841891B	rom	GiddyText_SoSunny
0x08418927	rom	GiddyText_SoDesirable
0x08418932	rom	GiddyText_SoExciting
0x0841893E	rom	GiddyText_SoAmusing
0x08418949	rom	GiddyText_SoMagical
0x08418953	rom	GiddyText_Is
0x08418956	rom	GiddyText_DontYouAgree
0x08418961	rom	GiddyText_ISoWantToGoOnAVacation
0x0841897C	rom	GiddyText_IBoughtCrayonsWith120Colors
0x08418998	rom	GiddyText_WouldntItBeNiceIfWeCouldFloat
0x084189B3	rom	GiddyText_WhenYouWriteOnASandyBeach
0x084189D5	rom	GiddyText_WhatsTheBottomOfTheSeaLike
0x084189FC	rom	GiddyText_WhenYouSeeTheSettingSunDoesIt
0x08418A16	rom	GiddyText_LyingBackInTheGreenGrass
0x08418A2F	rom	GiddyText_SecretBasesAreSoWonderful
0x08418A4E	rom	gText_PokemonLeague
0x08418A57	rom	gText_PokemonCenter
0x08418A66	rom	gText_GetsAPokeBlockQuestion
0x08418A75	rom	gText_Coolness
0x08418A7B	rom	gText_Beauty3
0x08418A81	rom	gText_Cuteness
0x08418A86	rom	gText_Smartness
0x08418A8B	rom	gText_Toughness
0x08418A91	rom	gText_WasEnhanced
0x08418A9E	rom	gText_NothingChanged
0x08418AAB	rom	gText_WontEatAnymore
0x08418ABF	rom	gText_SaveFailedCheckingBackup
0x08418B15	rom	gText_BackupMemoryDamaged
0x08418BAC	rom	gText_GamePlayCannotBeContinued
0x08418BD5	rom	gText_CheckCompleted
0x08418C05	rom	gText_SaveCompleteGameCannotContinue
0x08418C45	rom	gText_SaveCompletePressA
0x08418C72	rom	gText_Ferry
0x08418C79	rom	gText_SecretBase
0x08418C7F	rom	gText_Hideout
0x08418C83	rom	gText_YourName
0x08418C8E	rom	gText_BoxName
0x08418C98	rom	gText_PkmnsNickname
0x08418CA5	rom	gText_RivalsName
0x08418CB3	rom	gText_MoveOkBack
0x08418CC6	rom	gText_AlphabetUpperLower
0x08418CC7	rom	gText_RegionMap_Space
0x08418CC9	rom	gText_RegionMap_AButtonGuide
0x08418CD1	rom	gText_RegionMap_AButtonCancel
0x08418CDA	rom	gText_RegionMap_AButtonCancel2
0x08418CE3	rom	gText_RegionMap_AButtonSwitch
0x08418CEC	rom	gText_RegionMap_AButtonOK
0x08418CF1	rom	gText_RegionMap_DPadMove
0x08418CF8	rom	gText_RegionMap_UpDownPick
0x08418CFF	rom	gText_RegionMap_NoData
0x08418D07	rom	gText_RegionMap_AreaDesc_ViridianForest
0x08418D76	rom	gText_RegionMap_AreaDesc_MtMoon
0x08418DF4	rom	gText_RegionMap_AreaDesc_DiglettsCave
0x08418E58	rom	gText_RegionMap_AreaDesc_VictoryRoad
0x08418ECA	rom	gText_RegionMap_AreaDesc_PokemonMansion
0x08418F3F	rom	gText_RegionMap_AreaDesc_SafariZone
0x08418FB9	rom	gText_RegionMap_AreaDesc_RockTunnel
0x0841903D	rom	gText_RegionMap_AreaDesc_SeafoamIslands
0x084190A9	rom	gText_RegionMap_AreaDesc_PokemonTower
0x0841911E	rom	gText_RegionMap_AreaDesc_CeruleanCave
0x08419197	rom	gText_RegionMap_AreaDesc_PowerPlant
0x08419211	rom	gText_RegionMap_AreaDesc_MtEmber
0x08419280	rom	gText_RegionMap_AreaDesc_BerryForest
0x08419305	rom	gText_RegionMap_AreaDesc_IcefallCave
0x0841937B	rom	gText_RegionMap_AreaDesc_LostCave
0x084193E8	rom	gText_RegionMap_AreaDesc_TanobyRuins
0x08419465	rom	gText_RegionMap_AreaDesc_AlteringCave
0x084194D9	rom	gText_RegionMap_AreaDesc_PatternBush
0x08419556	rom	gText_RegionMap_AreaDesc_DottedHole
0x084195BE	rom	gText_PokeSum_MetInATrade
0x084195D9	rom	gText_PokeSum_MetInATrade_BoldGentleGrammar
0x084195F4	rom	gText_PokeSum_FatefulEncounterMet
0x08419629	rom	gText_PokeSum_FatefulEncounterMet_BoldGentleGrammar
0x0841965E	rom	gText_PokeSum_Met
0x0841967D	rom	gText_PokeSum_Met_BoldGentleGrammar
0x0841969C	rom	gText_PokeSum_ApparentlyMet
0x084196C6	rom	gText_PokeSum_ApparentlyMet_BoldGentleGrammar
0x084196F0	rom	gText_PokeSum_Hatched
0x08419711	rom	gText_PokeSum_Hatched_BoldGentleGrammar
0x08419732	rom	gText_PokeSum_JP_ApparentlyHatched
0x0841974F	rom	gText_PokeSum_JP_ApparentlyHatched_BoldGentleGrammar
0x0841976B	rom	gText_PokeSum_FatefulEncounterHatched
0x084197A9	rom	gText_PokeSum_FatefulEncounterHatched_BoldGentleGrammar
0x084197E7	rom	gText_PokeSum_ApparentlyFatefulEncounterHatched
0x08419830	rom	gText_PokeSum_ApparentlyFatefulEncounterHatched_BoldGentleGrammar
0x08419879	rom	gText_PokeSum_EggOrigin_DayCare
0x084198AA	rom	gText_PokeSum_EggOrigin_TravelingMan
0x084198DE	rom	gText_PokeSum_EggOrigin_NicePlace
0x0841991A	rom	gText_PokeSum_EggOrigin_Spa
0x08419954	rom	gText_PokeSum_EggOrigin_Trade
0x08419980	rom	gText_PokeSum_EggHatch_LongTime
0x084199B7	rom	gText_PokeSum_EggHatch_SomeTime
0x084199EA	rom	gText_PokeSum_EggHatch_Soon
0x08419A17	rom	gText_PokeSum_EggHatch_AlmostReady
0x08419A47	rom	gText_PokeSum_ATrade
0x08419A4F	rom	gText_Somewhere
0x08419A59	rom	gText_PokeSum_PageName_PokemonInfo
0x08419A66	rom	gText_PokeSum_PageName_PokemonSkills
0x08419A75	rom	gText_PokeSum_PageName_KnownMoves
0x08419A81	rom	gText_PokeSum_NoData
0x08419A89	rom	gText_PokeSum_ExpPoints
0x08419A95	rom	gText_PokeSum_NextLv
0x08419A9E	rom	gText_PokeSum_Controls_PageCancel
0x08419AAE	rom	gText_PokeSum_Controls_Cancel
0x08419AB7	rom	gText_PokeSum_Controls_Page
0x08419ABE	rom	gText_PokeSum_Controls_PageDetail
0x08419ACE	rom	gText_PokeSum_Controls_PickSwitch
0x08419ADE	rom	gText_PokeSum_Controls_Pick
0x08419AE5	rom	gText_PokeSum_Controls_PickDelete
0x08419AF5	rom	gText_PokeSum_HmMovesCantBeForgotten
0x08419B16	rom	gText_TrainerCardName
0x08419B1D	rom	gText_TrainerCardIDNo
0x08419B23	rom	gText_TrainerCardMoney
0x08419B29	rom	gText_TrainerCardYen
0x08419B2B	rom	gText_TrainerCardPokedex
0x08419B33	rom	gText_TrainerCardNull
0x08419B34	rom	gText_Colon2
0x08419B36	rom	gText_Points
0x08419B39	rom	gText_TrainerCardTime
0x08419B3E	rom	gText_BattlePoints
0x08419B46	rom	gText_Var1sTrainerCard
0x08419B56	rom	gText_HallOfFameDebut
0x08419B6B	rom	gText_LinkBattles
0x08419B78	rom	gText_LinkCableBattles
0x08419B8B	rom	gText_WinLossRatio
0x08419B93	rom	gText_PokemonTrades
0x08419BA2	rom	gText_UnionRoomTradesBattles
0x08419BB9	rom	gText_BerryCrushes
0x08419BC5	rom	gText_WaitingTrainerFinishReading
0x08419C08	rom	gText_Option
0x08419C0F	rom	gText_TextSpeed
0x08419C1A	rom	gText_BattleScene
0x08419C27	rom	gText_BattleStyle
0x08419C34	rom	gText_Sound
0x08419C3A	rom	gText_ButtonMode
0x08419C46	rom	gText_Frame
0x08419C4C	rom	gText_OptionMenuCancel
0x08419C53	rom	gText_TextSpeedSlow
0x08419C58	rom	gText_TextSpeedMid
0x08419C5C	rom	gText_TextSpeedFast
0x08419C61	rom	gText_BattleSceneOn
0x08419C64	rom	gText_BattleSceneOff
0x08419C68	rom	gText_BattleStyleShift
0x08419C6E	rom	gText_BattleStyleSet
0x08419C72	rom	gText_SoundMono
0x08419C77	rom	gText_SoundStereo
0x08419C7E	rom	gTextJP_Type
0x08419C82	rom	gText_ButtonTypeHelp
0x08419C87	rom	gText_ButtonTypeLEqualsA
0x08419C8B	rom	gText_ButtonTypeLR
0x08419C8E	rom	gText_FrameType
0x08419C93	rom	gText_PickSwitchCancel
0x08419CAE	rom	gText_ResetRTCConfirmCancel
0x08419CCC	rom	gText_PresentTime
0x08419CDC	rom	gText_PreviousTime
0x08419CEC	rom	gText_PleaseResetTime
0x08419CFF	rom	gText_ClockHasBeenReset
0x08419D26	rom	gText_SaveCompleted
0x08419D35	rom	gText_SaveFailed
0x08419D4C	rom	gText_NoSaveFileCantSetTime
0x08419D69	rom	gText_InGameClockUsable
0x08419D90	rom	gText_SavingDontTurnOffThePower2
0x08419DB2	rom	gStartMenuDesc_Pokedex
0x08419DF7	rom	gStartMenuDesc_Pokemon
0x08419E3D	rom	gStartMenuDesc_Bag
0x08419E85	rom	gStartMenuDesc_Player
0x08419EAB	rom	gStartMenuDesc_Save
0x08419EF3	rom	gStartMenuDesc_Option
0x08419F35	rom	gStartMenuDesc_Exit
0x08419F4D	rom	gStartMenuDesc_Retire
0x08419F91	rom	gText_QuestLog_PreviouslyOnYourQuest
0x08419FAB	rom	gText_QuestLog_SwitchMon1WithMon2
0x08419FCF	rom	gText_QuestLog_SwappedHeldItemsOnMon
0x0841A009	rom	gText_QuestLog_TookHeldItemFromMon
0x0841A023	rom	gText_QuestLog_UsedItemOnMonAtThisLocation
0x0841A04C	rom	gText_QuestLog_UsedTheItem
0x0841A05C	rom	gText_QuestLog_UsedTheKeyItem
0x0841A091	rom	gText_QuestLog_MonLearnedMoveFromTM
0x0841A0B3	rom	gText_QuestLog_MonReplacedMoveWithTM
0x0841A0EC	rom	gText_QuestLog_MonsWereFullyRestoredAtCenter
0x0841A11D	rom	gText_QuestLog_PlayerBattledChampionRival
0x0841A14E	rom	gText_QuestLog_PlayerSentOutMon1RivalSentOutMon2
0x0841A185	rom	gText_QuestLog_WonTheMatchAsAResult
0x0841A1CD	rom	gText_QuestLog_StoredItemInPC
0x0841A216	rom	gText_QuestLog_WithdrewItemFromPC
0x0841A23B	rom	gText_QuestLog_TradedMon1ForPersonsMon2
0x0841A25E	rom	gText_QuestLog_SingleBattleWithPersonResultedInOutcome
0x0841A2B3	rom	gText_QuestLog_DoubleBattleWithPersonResultedInOutcome
0x0841A302	rom	gText_QuestLog_MultiBattleWithPeopleResultedInOutcome
0x0841A33E	rom	gText_QuestLog_Win
0x0841A342	rom	gText_QuestLog_Loss
0x0841A347	rom	gText_QuestLog_MingledInUnionRoom
0x0841A376	rom	gText_QuestLog_DepartedPlaceInTownForNextDestination
0x0841A3A2	rom	gText_QuestLog_SwitchedMonsBetweenBoxes
0x0841A3D8	rom	gText_QuestLog_MovedMonToNewBox
0x0841A415	rom	gText_QuestLog_SwitchedMonsWithinBox
0x0841A436	rom	gText_QuestLog_MovedMonWithinBox
0x0841A446	rom	gText_QuestLog_SwitchedPartyMonForPCMon
0x0841A46E	rom	gText_QuestLog_WithdrewMonFromPC
0x0841A48B	rom	gText_QuestLog_DepositedMonInPC
0x0841A4AA	rom	gText_QuestLog_SwitchedMultipleMons
0x0841A4D0	rom	gText_QuestLog_ADifferentSpot
0x0841A4E1	rom	gText_QuestLog_GaveMonHeldItemFromPC
0x0841A51D	rom	gText_QuestLog_SwappedHeldItemFromPC
0x0841A56E	rom	gText_QuestLog_ChattedWithManyTrainers
0x0841A58A	rom	gText_QuestLog_Handily
0x0841A592	rom	gText_QuestLog_Tenaciously
0x0841A59E	rom	gText_QuestLog_Somehow
0x0841A5A6	rom	gText_QuestLog_TradedMon1ForTrainersMon2
0x0841A5EC	rom	gText_QuestLog_BattledTrainerEndedInOutcome
0x0841A619	rom	gText_QuestLog_BoughtItem
0x0841A64C	rom	gText_QuestLog_BoughtItemsIncludingItem
0x0841A694	rom	gText_QuestLog_SoldNumOfItem
0x0841A6D2	rom	gText_QuestLog_SoldItemsIncludingItem
0x0841A710	rom	gText_QuestLog_JustOne
0x0841A719	rom	gText_QuestLog_Num
0x0841A71C	rom	gText_QuestLog_UsedSoftboiled
0x0841A748	rom	gText_QuestLog_UsedMilkDrink
0x0841A774	rom	gText_QuestLog_MonLearnedMoveFromHM
0x0841A7A1	rom	gText_QuestLog_MonReplacedMoveWithHM
0x0841A7E5	rom	gText_QuestLog_DefeatedWildMon
0x0841A810	rom	gText_QuestLog_DefeatedWildMons
0x0841A83D	rom	gText_QuestLog_CaughtWildMon
0x0841A867	rom	gText_QuestLog_CaughtWildMons
0x0841A8B2	rom	gText_QuestLog_DefeatedWildMonAndCaughtWildMon
0x0841A8E6	rom	gText_QuestLog_DefeatedWildMonAndCaughtWildMons
0x0841A928	rom	gText_QuestLog_DefeatedWildMonsAndCaughtWildMon
0x0841A965	rom	gText_QuestLog_DefeatedWildMonsAndCaughtWildMons
0x0841A9B0	rom	gText_QuestLog_GaveMonHeldItem
0x0841A9CA	rom	gText_QuestLog_GaveMonHeldItem2
0x0841A9E7	rom	gText_QuestLog_UsedCut
0x0841AA09	rom	gText_QuestLog_UsedFly
0x0841AA35	rom	gText_QuestLog_UsedSurf
0x0841AA66	rom	gText_QuestLog_UsedStrength
0x0841AA8D	rom	gText_QuestLog_UsedFlash
0x0841AACF	rom	gText_QuestLog_UsedRockSmash
0x0841AAF8	rom	gText_QuestLog_UsedWaterfall
0x0841AB35	rom	gText_QuestLog_UsedDive
0x0841AB59	rom	gText_QuestLog_UsedDigInLocation
0x0841AB78	rom	gText_QuestLog_UsedSweetScent
0x0841ABA5	rom	gText_QuestLog_UsedTeleportToLocation
0x0841ABDA	rom	gText_QuestLog_LeftTownsLocationForNextDestination
0x0841AC04	rom	gText_QuestLog_PlayedGamesAtGameCorner
0x0841AC3B	rom	gText_QuestLog_RestedAtHome
0x0841AC5A	rom	gText_QuestLog_LeftOaksLab
0x0841AC84	rom	gText_QuestLog_GymWasFullOfToughTrainers
0x0841ACCB	rom	gText_QuestLog_DepartedGym
0x0841ACE3	rom	gText_QuestLog_HadGreatTimeInSafariZone
0x0841AD18	rom	gText_QuestLog_ManagedToGetOutOfLocation
0x0841AD48	rom	gText_QuestLog_TookOnGymLeadersMonWithMonAndWon
0x0841AD7A	rom	gText_QuestLog_TookOnEliteFoursMonWithMonAndWon
0x0841ADA9	rom	gText_QuestLog_TookOnTrainersMonWithMonAndWon
0x0841ADD4	rom	gText_QuestLog_Coolly
0x0841ADDB	rom	gText_QuestLog_Barely
0x0841ADE2	rom	gText_QuestLog_UsedEscapeRope
0x0841AE0D	rom	gText_QuestLog_Draw
0x0841AE12	rom	gText_QuestLog_DepartedTheLocationForNextDestination
0x0841AE41	rom	gText_QuestLog_DepartedFromLocationToNextDestination
0x0841AE7B	rom	gText_QuestLog_ObtainedItemInLocation
0x0841AEA0	rom	gText_QuestLog_ArrivedInLocation
0x0841AEAF	rom	gText_QuestLog_SavedGameAtLocation
0x0841AEDB	rom	gText_QuestLog_Home
0x0841AEE0	rom	gText_QuestLog_OakResearchLab
0x0841AEF1	rom	gText_QuestLog_Gym
0x0841AEF5	rom	gText_QuestLog_PokemonLeagueGate
0x0841AF09	rom	gText_QuestLog_ViridianForest
0x0841AF19	rom	gText_QuestLog_PewterMuseumOfScience
0x0841AF32	rom	gText_QuestLog_MtMoon
0x0841AF3B	rom	gText_QuestLog_BikeShop
0x0841AF45	rom	gText_QuestLog_BillsHouse
0x0841AF52	rom	gText_QuestLog_DayCare
0x0841AF5B	rom	gText_QuestLog_UndergroundPath
0x0841AF6C	rom	gText_QuestLog_PokemonFanClub
0x0841AF7D	rom	gText_QuestLog_SSAnne
0x0841AF87	rom	gText_QuestLog_DiglettsCave
0x0841AF96	rom	gText_QuestLog_RockTunnel
0x0841AFA2	rom	gText_QuestLog_PowerPlant
0x0841AFAE	rom	gText_QuestLog_PokemonTower
0x0841AFBC	rom	gText_QuestLog_VolunteerHouse
0x0841AFCC	rom	gText_QuestLog_NameRatersHouse
0x0841AFDF	rom	gText_QuestLog_CeladonDeptStore
0x0841AFF3	rom	gText_QuestLog_CeladonMansion
0x0841B003	rom	gText_QuestLog_RocketGameCorner
0x0841B016	rom	gText_QuestLog_Restaurant
0x0841B021	rom	gText_QuestLog_RocketHideout
0x0841B030	rom	gText_QuestLog_SafariZone
0x0841B03C	rom	gText_QuestLog_WardensHome
0x0841B04A	rom	gText_QuestLog_FightingDojo
0x0841B058	rom	gText_QuestLog_SilphCo
0x0841B062	rom	gText_QuestLog_SeafoamIslands
0x0841B072	rom	gText_QuestLog_PokemonMansion
0x0841B082	rom	gText_QuestLog_PokemonResearchLab
0x0841B097	rom	gText_QuestLog_VictoryRoad
0x0841B0A4	rom	gText_QuestLog_PokemonLeague
0x0841B0B3	rom	gText_QuestLog_CeruleanCave
0x0841B0C1	rom	gText_WasUsedOn
0x0841B0CF	rom	gText_Period
0x0841B0D1	rom	gText_LevelRoseTo
0x0841B0E3	rom	gText_Period2
0x0841B0E5	rom	gText_LevelUp_MaxHP
0x0841B0F3	rom	gText_LevelUp_Attack
0x0841B0FA	rom	gText_LevelUp_Defense
0x0841B102	rom	gText_LevelUp_Speed
0x0841B108	rom	gText_LevelUp_SpAtk
0x0841B110	rom	gText_LevelUp_SpDef
0x0841B118	rom	gText_LevelUp_Plus
0x0841B121	rom	gText_LevelUp_Minus
0x0841B129	rom	gText_Counting_1
0x0841B12D	rom	gText_Counting_2And
0x0841B13B	rom	gText_Poof
0x0841B142	rom	gText_MonForgotMove
0x0841B151	rom	gText_And
0x0841B157	rom	gText_MachineSet
0x0841B165	rom	gText_Huh
0x0841B16A	rom	gText_MonLearnedTMHM
0x0841B179	rom	gText_Upper
0x0841B17F	rom	gText_Lower
0x0841B185	rom	gText_Others
0x0841B18C	rom	gText_Symbols
0x0841B194	rom	gText_Register2
0x0841B19D	rom	gText_Exit
0x0841B1A2	rom	gText_QuitChatting
0x0841B1B1	rom	gText_RegisterTextWhere
0x0841B1C6	rom	gText_RegisterTextHere
0x0841B1DA	rom	gText_InputText
0x0841B1E6	rom	gText_F700JoinedChat
0x0841B1FA	rom	gText_F700LeftChat
0x0841B20C	rom	gText_PlayersXPokemon
0x0841B216	rom	gText_PlayersXPokmonDoesNotExist
0x0841B225	rom	gText_ExitingTheChat
0x0841B237	rom	gText_LeaderHasLeftEndingChat
0x0841B262	rom	gText_RegisteredTextChanged_OKtoSave
0x0841B2A5	rom	gText_RegisteredTextChanged_AlreadySavedFile
0x0841B2E0	rom	gText_RegisteredTextChanged_SavingDontTurnOff
0x0841B302	rom	gText_RegisteredTextChanged_SavedTheGame
0x0841B315	rom	gText_IfLeaderLeavesChatWillEnd
0x0841B34C	rom	gText_Hello
0x0841B352	rom	gText_Pokemon2
0x0841B35A	rom	gText_Trade
0x0841B360	rom	gText_Battle
0x0841B367	rom	gText_Lets
0x0841B36D	rom	gText_Ok
0x0841B371	rom	gText_Sorry
0x0841B377	rom	gText_YaySmileEmoji
0x0841B37D	rom	gText_ThankYou
0x0841B387	rom	gText_ByeBye
0x0841B390	rom	gText_PlayerScurriedToCenter
0x0841B3F2	rom	gText_PlayerScurriedBackHome
0x0841B44A	rom	gText_Diploma_Player
0x0841B455	rom	gText_Diploma_ThisDocument
0x0841B4C0	rom	gText_Diploma_GameFreak
0x0841B4CB	rom	gText_Diploma_National
0x0841B4D4	rom	gText_Diploma_Kanto
0x0841B4DA	rom	gText_ClearAllSaveData
0x0841B4F5	rom	gText_ClearingData
0x0841B511	rom	gText_Player
0x0841B518	rom	gText_Time
0x0841B51D	rom	gText_Colon
0x0841B51F	rom	gText_Pokedex
0x0841B527	rom	gTextJPDummy_Hiki
0x0841B528	rom	gText_Badges
0x0841B52F	rom	gTextJPDummy_Ko
0x0841B530	rom	gText_Register
0x0841B539	rom	gText_HatchedFromEgg
0x0841B552	rom	gText_NickHatchPrompt
0x0841B583	rom	gString_OutOfCoins
0x0841B5A7	rom	gString_QuitPlaying
0x0841B5B5	rom	gString_SlotMachineControls
0x0841B5D4	rom	gText_TeachyTV
0x0841B5DB	rom	gText_End
0x0841B5E0	rom	gTeachyTvString_TeachBattle
0x0841B5F8	rom	gTeachyTvString_StatusProblems
0x0841B612	rom	gTeachyTvString_TypeMatchups
0x0841B62A	rom	gTeachyTvString_CatchPkmn
0x0841B643	rom	gTeachyTvString_AboutTMs
0x0841B657	rom	gTeachyTvString_RegisterItem
0x0841B672	rom	gTeachyTvString_Cancel
0x0841B679	rom	gTeachyTvText_PokedudeSaysHello
0x0841B6FB	rom	gTeachyTvText_BattleScript1
0x0841B87D	rom	gTeachyTvText_BattleScript2
0x0841B97C	rom	gTeachyTvText_StatusScript1
0x0841BB4C	rom	gTeachyTvText_StatusScript2
0x0841BCB2	rom	gTeachyTvText_MatchupsScript1
0x0841BEEB	rom	gTeachyTvText_MatchupsScript2
0x0841C077	rom	gTeachyTvText_CatchingScript1
0x0841C1C0	rom	gTeachyTvText_CatchingScript2
0x0841C295	rom	gTeachyTvText_TMsScript1
0x0841C3C3	rom	gPokedudeText_TMTypes
0x0841C4CF	rom	gPokedudeText_ReadTMDescription
0x0841C5F0	rom	gTeachyTvText_TMsScript2
0x0841C666	rom	gTeachyTvText_RegisterScript1
0x0841C7D0	rom	gTeachyTvText_RegisterScript2
0x0841C978	rom	gString_Bill
0x0841C97D	rom	gString_Someone
0x0841C985	rom	gString_Help
0x0841C98A	rom	gString_HelpSystem_ClearTo8
0x0841C98E	rom	gText_SpacePoints2
0x0841C996	rom	gText_SpaceTimes3
0x0841C99F	rom	gText_PkmnJumpRecords
0x0841C9B4	rom	gText_JumpsInARow
0x0841C9C4	rom	gText_BestScore2
0x0841C9D0	rom	gText_ExcellentsInARow
0x0841C9E5	rom	gText_AwesomeWonF701F700
0x0841CA06	rom	gText_FilledStorageSpace2
0x0841CA20	rom	gText_CantHoldMore
0x0841CA39	rom	gText_WantToPlayAgain2
0x0841CA4D	rom	gText_SomeoneDroppedOut2
0x0841CA7E	rom	gText_SavingDontTurnOffPower
0x0841CAA0	rom	gText_CommunicationStandby4
0x0841CAB7	rom	gText_SavingDontTurnOffPower2
0x0841CADB	rom	gText_BerryPickingRecords
0x0841CAF8	rom	gText_BerriesPicked
0x0841CB08	rom	gText_BestScore
0x0841CB14	rom	gText_BerriesInRowFivePlayers
0x0841CB3F	rom	gText_BerryPickingResults
0x0841CB61	rom	gText_10P30P50P50P
0x0841CB7F	rom	gText_AnnouncingRankings
0x0841CB94	rom	gText_AnnouncingPrizes
0x0841CBA7	rom	gText_1Colon
0x0841CBAA	rom	gText_2Colon
0x0841CBAD	rom	gText_3Colon
0x0841CBB0	rom	gText_4Colon
0x0841CBB3	rom	gText_5Colon
0x0841CBB6	rom	gText_FirstPlacePrize
0x0841CBDB	rom	gText_CantHoldAnyMore
0x0841CBF6	rom	gText_FilledStorageSpace
0x0841CC13	rom	gText_WantToPlayAgain
0x0841CC27	rom	gText_SomeoneDroppedOut
0x0841CC58	rom	gText_SpacePoints
0x0841CC60	rom	gText_CommunicationStandby3
0x0841CC78	rom	gText_BerryCrush_AreYouReady
0x0841CCB4	rom	gText_BerryCrush_WaitForOthersToChooseBerry
0x0841CCE4	rom	gText_BerryCrush_GainedXUnitsOfPowder
0x0841CD50	rom	gText_BerryCrush_RecordingGameResults
0x0841CD8C	rom	gText_BerryCrush_WantToPlayAgain
0x0841CDAC	rom	gText_BerryCrush_NoBerries
0x0841CDDC	rom	gText_BerryCrush_MemberDroppedOut
0x0841CE10	rom	gText_BerryCrush_TimeUp
0x0841CE44	rom	gText_BerryCrush_CommunicationStandby
0x0841CE5C	rom	gText_1_ClrBluShdwLtBlu_Dynamic0
0x0841CE68	rom	gText_1_Dynamic0
0x0841CE70	rom	gText_SpaceTimes2
0x0841CE78	rom	gText_XDotY
0x0841CE80	rom	gText_StrVar1Berry
0x0841CE8C	rom	gText_TimeColon
0x0841CE94	rom	gText_PressingSpeed
0x0841CEA4	rom	gText_Silkiness
0x0841CEB0	rom	gText_StrVar1
0x0841CEB4	rom	gText_SpaceMin
0x0841CEBC	rom	gText_XDotY2
0x0841CEC4	rom	gText_SpaceSec
0x0841CECC	rom	gText_XDotY3
0x0841CED4	rom	gText_TimesPerSec
0x0841CEE0	rom	gText_Var1Percent
0x0841CEE4	rom	gText_PressesRankings
0x0841CEFC	rom	gText_CrushingResults
0x0841CF10	rom	gText_NeatnessRankings
0x0841CF24	rom	gText_CooperativeRankings
0x0841CF3C	rom	gText_PressingPowerRankings
0x0841CF54	rom	gText_BerryCrush2
0x0841CF60	rom	gText_PressingSpeedRankings
0x0841CF78	rom	gText_Var1Players
0x0841CF84	rom	gText_Ghost
0x0841CF8A	rom	gText_PokemonOnHook
0x0841CFA5	rom	gText_NotEvenANibble
0x0841CFBA	rom	gText_ItGotAway
0x0841CFC9	rom	gText_Rooftop2
0x0841CFD4	rom	gString_PokemonFireRed_Staff
0x0841CFF4	rom	gString_PokemonLeafGreen_Staff
0x0841D014	rom	gCreditsString_Director
0x0841D024	rom	gCreditsString_Junichi_Masuda
0x0841D03C	rom	gCreditsString_Art_Director_Battle_Director
0x0841D060	rom	gCreditsString_Ken_Sugimori_Shigeki_Morimoto
0x0841D084	rom	gCreditsString_Program_Leader_Planning_Leader_Graphic_Design_Leader
0x0841D0C0	rom	gCreditsString_Tetsuya_Watanabe_Koji_Nishino_Takao_Unno
0x0841D0F0	rom	gCreditsString_Programmers
0x0841D104	rom	gCreditsString_Hiroyuki_Nakamura_Masao_Taya_Satoshi_Nohara_Miyuki_Iwasawa_Daisuke_Goto
0x0841D150	rom	gCreditsString_System_Programmers
0x0841D16C	rom	gCreditsString_Tetsuya_Watanabe_Akito_Mori_Hisashi_Sogabe_Sousuke_Tamada
0x0841D1AC	rom	gCreditsString_Graphic_Designers
0x0841D1C4	rom	gCreditsString_Takao_Unno_Asuka_Iwashita_Kanako_Eo_Hiroki_Fuchino
0x0841D1FC	rom	gCreditsString_Graphic_Designers_2
0x0841D214	rom	gCreditsString_Ken_Sugimori_Hironobu_Yoshida
0x0841D238	rom	gCreditsString_Music_Composition
0x0841D250	rom	gCreditsString_Go_Ichinose_Junichi_Masuda
0x0841D270	rom	gCreditsString_Sound_Effects
0x0841D284	rom	gCreditsString_Go_Ichinose
0x0841D298	rom	gCreditsString_Game_Designers
0x0841D2B0	rom	gCreditsString_Junichi_Masuda_Koji_Nishino_Tetsuji_Ohta
0x0841D2E0	rom	gCreditsString_Game_Designers_2
0x0841D2F8	rom	gCreditsString_Hitomi_Sato_Shigeru_Ohmori_Tadashi_Takahashi
0x0841D32C	rom	gCreditsString_Game_Scenario
0x0841D340	rom	gCreditsString_Hitomi_Sato_Satoshi_Tajiri
0x0841D360	rom	gCreditsString_Script_Designer_Map_Designer
0x0841D384	rom	gCreditsString_Satoshi_Nohara_Shigeru_Ohmori
0x0841D3A8	rom	gCreditsString_Parametric_Designers
0x0841D3C4	rom	gCreditsString_Koji_Nishino_Tetsuji_Ohta_Shigeki_Morimoto
0x0841D3F4	rom	gCreditsString_POKeDEX_Text
0x0841D408	rom	gCreditsString_Kenji_Matsushima
0x0841D420	rom	gCreditsString_POKeMON_Designers
0x0841D438	rom	gCreditsString_Ken_Sugimori_Motofumi_Fujiwara_Shigeki_Morimoto_Hironobu_Yoshida
0x0841D47C	rom	gCreditsString_POKeMON_Designers_2
0x0841D494	rom	gCreditsString_Satoshi_Ohta_Asuka_Iwashita_Takao_Unno_Kanako_Eo_Aimi_Tomita
0x0841D4D4	rom	gCreditsString_POKeMON_Designers_3
0x0841D4EC	rom	gCreditsString_Atsuko_Nishida_Muneo_Saito_Rena_Yoshikawa_Jun_Okutani
0x0841D528	rom	gCreditsString_Supporting_Programmers
0x0841D544	rom	gCreditsString_Teruyuki_Yoshioka_Takao_Nakano_Satoshi_Mitsuhara_Daisuke_Hoshino
0x0841D588	rom	gCreditsString_NCL_Product_Testing
0x0841D5A4	rom	gCreditsString_NCL_Super_Mario_Club
0x0841D5C0	rom	gCreditsString_Special_Thanks
0x0841D5D8	rom	gCreditsString_Hiro_Nakamura_Hiroyuki_Uesugi_Teruki_Murakawa_Kazuya_Suyama
0x0841D618	rom	gCreditsString_Special_Thanks_2
0x0841D630	rom	gCreditsString_Kenji_Tominaga_Kenjiro_Ito_Tomotaka_Komura_Michiko_Takizawa
0x0841D670	rom	gCreditsString_Special_Thanks_3
0x0841D688	rom	gCreditsString_Makiko_Takada_Mikiko_Ohashi_Shusaku_Egami_Takanao_Kondo_Rui_Kawaguchi
0x0841D6D0	rom	gCreditsString_Braille_Code_Check
0x0841D6EC	rom	gCreditsString_Japan_Braille_Library
0x0841D708	rom	gCreditsString_Information_Supervisors
0x0841D728	rom	gCreditsString_Hiroki_Enomoto_Kazuyuki_Terada_Yuri_Sakurai_Yumi_Funasaka_Naoko_Yanase
0x0841D774	rom	gCreditsString_Coordinators
0x0841D788	rom	gCreditsString_Azusa_Tajima_Akira_Kinashi_Kazuki_Yoshihara_Retsuji_Nomoto
0x0841D7C8	rom	gCreditsString_Task_Managers
0x0841D7DC	rom	gCreditsString_Hitoshi_Yamagami_Gakuji_Nomoto
0x0841D800	rom	gCreditsString_Producers
0x0841D810	rom	gCreditsString_Hiroyuki_Jinnai_Takehiro_Izushi_Hiroaki_Tsuru
0x0841D844	rom	gCreditsString_Executive_Director
0x0841D860	rom	gCreditsString_Satoshi_Tajiri
0x0841D878	rom	gCreditsString_Executive_Producer
0x0841D894	rom	gCreditsString_Satoru_Iwata
0x0841D8A8	rom	gCreditsString_Executive_Producer_2
0x0841D8C4	rom	gCreditsString_Tsunekaz_Ishihara
0x0841D8DC	rom	gCreditsString_English_Version_Coordinators
0x0841D900	rom	gCreditsString_Hiro_Nakamura_Seth_McMahill
0x0841D924	rom	gCreditsString_Translator_Text_Editor
0x0841D940	rom	gCreditsString_Nob_Ogasawara_Teresa_Lillygren
0x0841D964	rom	gCreditsString_Programmers_2
0x0841D978	rom	gCreditsString_Teruki_Murakawa_Souichi_Yamamoto_Yuichiro_Ito_Akira_Kinashi
0x0841D9B8	rom	gCreditsString_Environment_Tool_Programmers
0x0841D9E0	rom	gCreditsString_Teruki_Murakawa_Souichi_Yamamoto_Kimiko_Nakamichi
0x0841DA18	rom	gCreditsString_NOA_Product_Testing
0x0841DA34	rom	gCreditsString_Thomas_Hertzog_Kathy_Huguenard_Mika_Kurosawa
0x0841DA68	rom	gCreditsString_Braille_Code_Check_2
0x0841DA84	rom	gCreditsString_National_Federation_of_the_Blind_Patricia_A_Maurer_Japan_Braille_Library_European_Blind_Union
0x0841DAE8	rom	gCreditsString_Braille_Code_Check_3
0x0841DB04	rom	gCreditsString_National_Information_Library_Service_Margaret_Campion
0x0841DB44	rom	gCreditsString_Special_Thanks_4
0x0841DB5C	rom	gCreditsString_Takehiro_Izushi_Motoyasu_Tojima_Hitoshi_Yamagami_Hiroyuki_Uesugi
0x0841DBA0	rom	gCreditsString_Special_Thanks_5
0x0841DBB8	rom	gCreditsString_Nicola_Pratt_Barlow_Shellie_Dow_Anthony_Howitt_Naoko_Saeki_Kyoko_Onishi
0x0841DC04	rom	gCreditsString_Braille_Code_Check_4
0x0841DC20	rom	gCreditsString_The_Royal_New_Zealand_Foundation_of_the_Blind_Greg_Moran
0x0841DC60	rom	gCreditsString_Graphic_Designer
0x0841DC78	rom	gCreditsString_Akira_Kinashi
0x0841DC8C	rom	gJPText_MysteryGift
0x0841DC8D	rom	gJPText_DecideStop
0x0841DC8E	rom	gJPText_ReceiveMysteryGiftWithEReader
0x0841DC8F	rom	gJPText_SelectConnectFromEReaderMenu
0x0841DC90	rom	gJPText_SelectConnectWithGBA
0x0841DC91	rom	gJPText_SelectConnectAndPressA
0x0841DCB8	rom	gJPText_LinkIsIncorrect
0x0841DCB9	rom	gJPText_CardReadingHasBeenHalted
0x0841DCBA	rom	gJPText_UnableConnectWithEReader
0x0841DCD1	rom	gJPText_Connecting
0x0841DCD2	rom	gJPText_ConnectionErrorCheckLink
0x0841DCD3	rom	gJPText_ConnectionErrorTryAgain
0x0841DCD4	rom	gJPText_AllowEReaderToLoadCard
0x0841DCD5	rom	gJPText_ConnectionComplete
0x0841DCD6	rom	gJPText_NewTrainerHasComeToSevii
0x0841DCD7	rom	gJPText_PleaseWaitAMoment
0x0841DCD8	rom	gJPText_WriteErrorUnableToSaveData
0x0841DCD9	rom	gText_CommErrorCheckConnections
0x0841DD2C	rom	gText_CommErrorEllipsis
0x0841DD41	rom	gText_MoveCloserToLinkPartner
0x0841DD88	rom	gText_ABtnRegistrationCounter
0x0841DDA7	rom	gText_ABtnTitleScreen
0x0841DDBE	rom	gText_NumPlayerLink
0x0841DDC7	rom	gText_BronzeCard
0x0841DDCE	rom	gText_CopperCard
0x0841DDD5	rom	gText_SilverCard
0x0841DDDC	rom	gText_GoldCard
0x0841DDE1	rom	gText_HelpSystemControls_A_Next
0x0841DDE8	rom	gText_HelpSystemControls_PickOkEnd
0x0841DDFA	rom	gText_HelpSystemControls_AorBtoCancel
0x0841DE05	rom	gText_HelpSystemControls_PickOkCancel
0x0841DE1A	rom	gEasyChatGroupName_Pokemon
0x0841DE22	rom	gEasyChatGroupName_Trainer
0x0841DE2A	rom	gEasyChatGroupName_Status
0x0841DE31	rom	gEasyChatGroupName_Battle
0x0841DE38	rom	gEasyChatGroupName_Greetings
0x0841DE42	rom	gEasyChatGroupName_People
0x0841DE49	rom	gEasyChatGroupName_Voices
0x0841DE50	rom	gEasyChatGroupName_Speech
0x0841DE57	rom	gEasyChatGroupName_Endings
0x0841DE5F	rom	gEasyChatGroupName_Feelings
0x0841DE68	rom	gEasyChatGroupName_Conditions
0x0841DE73	rom	gEasyChatGroupName_Actions
0x0841DE7B	rom	gEasyChatGroupName_Lifestyle
0x0841DE85	rom	gEasyChatGroupName_Hobbies
0x0841DE8D	rom	gEasyChatGroupName_Time
0x0841DE92	rom	gEasyChatGroupName_Misc
0x0841DE98	rom	gEasyChatGroupName_Adjectives
0x0841DEA3	rom	gEasyChatGroupName_Events
0x0841DEAA	rom	gEasyChatGroupName_Move1
0x0841DEB1	rom	gEasyChatGroupName_Move2
0x0841DEB8	rom	gEasyChatGroupName_TrendySaying
0x0841DEC6	rom	gEasyChatGroupName_Pokemon2
0x0841DECF	rom	gText_ThreeQuestionMarks
0x0841DED3	rom	gText_UnusedEmpty
0x0841DED4	rom	gText_UnusedLv
0x0841DED7	rom	gText_UnusedDashes
0x0841DEDB	rom	gText_4Qmark
0x0841DEE0	rom	gText_UnusedEmpty2
0x0841DEE1	rom	gText_IsThisTradeOkay
0x0841DEF5	rom	gTradeText_Cancel
0x0841DEFC	rom	gTradeText_ChooseAPokemon
0x0841DF0E	rom	gTradeText_Summary
0x0841DF16	rom	gTradeText_Trade
0x0841DF1C	rom	gText_CancelTrade
0x0841DF2A	rom	gTradeText_PressBButtonToExit
0x0841DF46	rom	gText_TradeAction_Summary
0x0841DF4E	rom	gText_TradeAction_Trade
0x0841DF54	rom	gText_Trade_CommunicationStandby
0x0841DF81	rom	gText_TradeHasBeenCanceled
0x0841DFA7	rom	gText_Trade_OnlyPkmnForBattle
0x0841DFD5	rom	gText_WaitingForFriendToFinish
0x0841E001	rom	gText_FriendWantsToTrade
0x0841E025	rom	gText_XWillBeSentToY
0x0841E03C	rom	gText_ByeByeVar1
0x0841E049	rom	gText_XSentOverY
0x0841E05A	rom	gText_TakeGoodCareOfX
0x0841E070	rom	gText_From
0x0841E076	rom	gText_Empty1
0x0841E077	rom	gText_Empty2
0x0841E078	rom	gText_Empty3
0x0841E079	rom	gText_Empty4
0x0841E07A	rom	gText_Empty5
0x0841E07B	rom	gText_Empty6
0x0841E07C	rom	gText_Empty7
0x0841E07D	rom	gText_Empty8
0x0841E07E	rom	gText_Empty9
0x0841E07F	rom	gText_Empty10
0x0841E080	rom	gText_Empty11
0x0841E081	rom	gText_WirelessCommunicationStatus
0x0841E09F	rom	gText_PeopleTrading
0x0841E0AF	rom	gText_PeopleBattling
0x0841E0C0	rom	gText_PeopleInUnionRoom
0x0841E0DA	rom	gText_PeopleCommunicating
0x0841E0F0	rom	gText_Dynamic0Players
0x0841E0FB	rom	gText_Dynamic1Players
0x0841E105	rom	gText_Dynamic2Players
0x0841E110	rom	gText_Dynamic3Players
0x0841E11B	rom	gText_DPadChooseAButtonConfirm
0x0841E128	rom	gText_BButtonCancel
0x0841E131	rom	gText_ChooseBattleLineup
0x0841E15E	rom	gText_UnusedId
0x0841E161	rom	gText_CommunicationStandby5
0x0841E178	rom	gDaycareText_GetAlongVeryWell
0x0841E19D	rom	gDaycareText_GetAlong
0x0841E1B8	rom	gDaycareText_DontLikeOther
0x0841E1E4	rom	gDaycareText_PlayOther
0x0841E21F	rom	gText_TeachWhichMoveToMon
0x0841E237	rom	gText_TeachMoveQues
0x0841E241	rom	gText_MonLearnedMove
0x0841E250	rom	gText_MonIsTryingToLearnMove
0x0841E2BD	rom	gText_StopLearningMove
0x0841E2CF	rom	gText_1_2_and_Poof
0x0841E2FC	rom	gText_MonForgotOldMoveAndMonLearnedNewMove
0x0841E31E	rom	gText_GiveUpTryingToTeachNewMove
0x0841E348	rom	gText_WhichMoveShouldBeForgotten
0x0841E369	rom	gText_TenDashes
0x0841E374	rom	gText_CommStandbyAwaitingOtherPlayer
0x0841E3AE	rom	gText_BattleWasRefused
0x0841E3C9	rom	gText_RefusedBattle
0x0841E3E0	rom	gFameCheckerText_MainScreenUI
0x0841E3F5	rom	gFameCheckerText_PickScreenUI
0x0841E40E	rom	gFameCheckerText_FlavorTextUI
0x0841E425	rom	gFameCheckerOakName
0x0841E429	rom	gFameCheckerDaisyName
0x0841E42F	rom	gFameCheckerBillName
0x0841E434	rom	gFameCheckerMrFujiName
0x0841E439	rom	gText_VarietyOfEventsImportedWireless
0x0841E47B	rom	gText_WonderCardsInPossession
0x0841E4A5	rom	gText_ReadNewsThatArrived
0x0841E4C1	rom	gText_ReturnToTitle
0x0841E4DD	rom	gText_DontHaveCardNewOneInput
0x0841E518	rom	gText_DontHaveNewsNewOneInput
0x0841E553	rom	gText_WhereShouldCardBeAccessed
0x0841E57D	rom	gText_WhereShouldNewsBeAccessed
0x0841E5A7	rom	gText_LinkStandyBButtonCancel
0x0841E5D0	rom	gText_Communicating
0x0841E5DF	rom	gText_CommunicationCompleted
0x0841E5F8	rom	gText_CommunicationError
0x0841E60D	rom	gText_CommunicationCanceled
0x0841E62E	rom	gText_ThrowAwayWonderCard
0x0841E65F	rom	gText_HaventReceivedCardsGift
0x0841E6A2	rom	gText_WonderCardReceivedFrom
0x0841E6CB	rom	gText_WonderNewsReceivedFrom
0x0841E6F9	rom	gText_WonderCardReceived
0x0841E71E	rom	gText_WonderNewsReceived
0x0841E748	rom	gText_NewStampReceived
0x0841E767	rom	gText_NewTrainerReceived
0x0841E782	rom	gText_AlreadyHadCard
0x0841E7A4	rom	gText_AlreadyHadNews
0x0841E7CB	rom	gText_AlreadyHadStamp
0x0841E7E7	rom	gText_NoMoreRoomForStamps
0x0841E80F	rom	gText_RecordUploadedViaWireless
0x0841E849	rom	gText_CantAcceptCardFromTrainer
0x0841E87B	rom	gText_CantAcceptNewsFromTrainer
0x0841E8AB	rom	gText_NothingSentOver
0x0841E8C2	rom	gText_WhatToDoWithCards
0x0841E8F3	rom	gText_WhatToDoWithNews
0x0841E923	rom	gText_SendingWonderCard
0x0841E93D	rom	gText_SendingWonderNews
0x0841E95C	rom	gText_WonderCardSentTo
0x0841E982	rom	gText_WonderNewsSentTo
0x0841E9AD	rom	gText_StampSentTo
0x0841E9CA	rom	gText_GiftSentTo
0x0841E9E6	rom	gText_OtherTrainerHasCard
0x0841EA1A	rom	gText_OtherTrainerHasNews
0x0841EA4E	rom	gText_OtherTrainerHasStamp
0x0841EA7C	rom	gText_OtherTrainerCanceled
0x0841EAA6	rom	gText_CantSendGiftToTrainer
0x0841EAD5	rom	gText_IfThrowAwayCardEventWontHappen
0x0841EB0F	rom	gText_OkayToDiscardNews
0x0841EB35	rom	gText_HaventReceivedGiftOkayToDiscard
0x0841EB6B	rom	gText_DataWillBeSaved
0x0841EB8C	rom	gText_SaveCompletedPressA
0x0841EBB7	rom	gText_WonderCardThrownAway
0x0841EBD8	rom	gText_WonderNewsThrownAway
0x0841EBF9	rom	gText_MysteryGift2
0x0841EC06	rom	gText_PickOKCancel
0x0841EC19	rom	gText_WonderCards
0x0841EC26	rom	gText_WonderNews
0x0841EC32	rom	gText_WirelessCommunication
0x0841EC49	rom	gText_Friend2
0x0841EC50	rom	gText_Exit3
0x0841EC55	rom	gText_Receive
0x0841EC5D	rom	gText_Send
0x0841EC62	rom	gText_Toss
0x0841EC67	rom	gText_DelAllCancelOk
0x0841EC80	rom	sSaveFailedScreenPals
0x0841ECA0	rom	sBgTemplates
0x0841ECA4	rom	sWindowTemplates
0x0841ECBC	rom	sTextColor
0x0841ECC0	rom	sEvolutionSparklesPalData
0x0841ECE0	rom	sEvolutionSparklesTileData
0x0841ED00	rom	sSpriteSheet_EvolutionSparkles
0x0841ED10	rom	sSpritePalette_EvolutionSparkles
0x0841ED20	rom	sOamData_EvolutionSparkles
0x0841ED28	rom	sSpriteAnim_EvolutionSparkles_0
0x0841ED30	rom	sSpriteAnimTable_EvolutionSparkles
0x0841ED34	rom	sSpriteTemplate_EvolutionSparkles
0x0841ED4C	rom	sEvolutionSparkleMatrixScales
0x0841ED64	rom	sUnused
0x0841ED84	rom	sUnusedWindow_Gfx
0x0841F004	rom	gMenuMessageWindow_Gfx
0x0841F244	rom	gStandardMenuPalette
0x0841F264	rom	sTextSpeedFrameDelays
0x0841F268	rom	sStandardTextBox_WindowTemplates
0x0841F278	rom	sYesNo_WindowTemplate
0x0841F280	rom	gFontInfos
0x0841F2E0	rom	gMenuCursorDimensions
0x0841F2F0	rom	sTilemapDimensions
0x0841F310	rom	sViridianForestMapPreviewPalette
0x0841F350	rom	sViridianForestMapPreviewTiles
0x08420BD4	rom	sViridianForestMapPreviewTilemap
0x08420FAC	rom	sRockTunnelMapPreviewPalette
0x08420FEC	rom	sRockTunnelMapPreviewTiles
0x08422590	rom	sRockTunnelMapPreviewTilemap
0x08422980	rom	sRocketHideoutMapPreviewPalette
0x084229C0	rom	sRocketHideoutMapPreviewTiles
0x08423198	rom	sRocketHideoutMapPreviewTilemap
0x084233F4	rom	sPowerPlantMapPreviewPalette
0x08423434	rom	sPowerPlantMapPreviewTiles
0x0842460C	rom	sPowerPlantMapPreviewTilemap
0x084249C0	rom	sPokemonMansionMapPreviewPalette
0x08424A00	rom	sPokemonMansionMapPreviewTiles
0x08426308	rom	sPokemonMansionMapPreviewTilemap
0x084266E4	rom	sPokemonTowerMapPreviewPalette
0x08426724	rom	sPokemonTowerMapPreviewTiles
0x08427668	rom	sPokemonTowerMapPreviewTilemap
0x0842797C	rom	sSilphCoMapPreviewPalette
0x084279BC	rom	sSilphCoMapPreviewTiles
0x08428B98	rom	sSilphCoMapPreviewTilemap
0x08428F38	rom	sMtMoonMapPreviewPalette
0x08428F78	rom	sMtMoonMapPreviewTiles
0x0842A8A4	rom	sMtMoonMapPreviewTilemap
0x0842AC3C	rom	sSeafoamIslandsMapPreviewPalette
0x0842AC7C	rom	sSeafoamIslandsMapPreviewTiles
0x0842C1A4	rom	sSeafoamIslandsMapPreviewTilemap
0x0842C59C	rom	sRocketWarehouseMapPreviewPalette
0x0842C5DC	rom	sRocketWarehouseMapPreviewTiles
0x0842CF04	rom	sRocketWarehouseMapPreviewTilemap
0x0842D1C0	rom	sVictoryRoadMapPreviewPalette
0x0842D200	rom	sVictoryRoadMapPreviewTiles
0x0842E91C	rom	sVictoryRoadMapPreviewTilemap
0x0842ECD8	rom	sMtEmberMapPreviewPalette
0x0842ED18	rom	sMtEmberMapPreviewTiles
0x084303CC	rom	sMtEmberMapPreviewTilemap
0x08430758	rom	sSafariZoneMapPreviewPalette
0x08430798	rom	sSafariZoneMapPreviewTiles
0x08431CA8	rom	sSafariZoneMapPreviewTilemap
0x08432008	rom	sMoneanChamberMapPreviewPalette
0x08432048	rom	sMoneanChamberMapPreviewTiles
0x08433504	rom	sMoneanChamberMapPreviewTilemap
0x08433860	rom	sDottedHoleMapPreviewPalette
0x084338A0	rom	sDottedHoleMapPreviewTiles
0x08434B00	rom	sDottedHoleMapPreviewTilemap
0x08434E44	rom	sCeruleanCaveMapPreviewPalette
0x08434E84	rom	sCeruleanCaveMapPreviewTiles
0x08436254	rom	sCeruleanCaveMapPreviewTilemap
0x08436650	rom	sDiglettsCaveMapPreviewPalette
0x08436690	rom	sDiglettsCaveMapPreviewTiles
0x08437DBC	rom	sDiglettsCaveMapPreviewTilemap
0x084381A0	rom	sLostCaveMapPreviewPalette
0x084381E0	rom	sLostCaveMapPreviewTiles
0x0843942C	rom	sLostCaveMapPreviewTilemap
0x08439814	rom	sBerryForestMapPreviewPalette
0x08439854	rom	sBerryForestMapPreviewTiles
0x0843B260	rom	sBerryForestMapPreviewTilemap
0x0843B640	rom	sIcefallCaveMapPreviewPalette
0x0843B680	rom	sIcefallCaveMapPreviewTiles
0x0843CD80	rom	sIcefallCaveMapPreviewTilemap
0x0843D160	rom	sAlteringCaveMapPreviewPalette
0x0843D1A0	rom	sAlteringCaveMapPreviewTiles
0x0843E454	rom	sAlteringCaveMapPreviewTilemap
0x0843E824	rom	sMapPreviewScreenData
0x0843E9E4	rom	sMapNameWindow
0x0843E9EC	rom	sMapPreviewBgTemplate
0x0843E9F0	rom	sRfuReqConfigTemplate
0x0843EA08	rom	sAvailSlots
0x0843EA10	rom	sAllBlocksReceived
0x0843EA74	rom	sSlotToLinkPlayerTableId
0x0843EA7D	rom	sPlayerBitsToCount
0x0843EA8D	rom	sPlayerBitsToNewChildIdx
0x0843EAA0	rom	sBlockRequests
0x0843EAC8	rom	sAcceptedSerialNos
0x0843EACE	rom	sASCII_RfuCmds
0x0843EB73	rom	sASCII_RecoverCmds
0x0843EBC4	rom	sShutdownTasks
0x0843EC20	rom	sASCII_PokemonSioInfo
0x0843EC30	rom	sText_Akito
0x0843EC34	rom	sASCII_LinkLossDisconnect
0x0843EC4C	rom	sASCII_LinkLossRecoveryNow
0x0843EC64	rom	sASCII_30Spaces
0x0843EC83	rom	sASCII_15Spaces
0x0843EC93	rom	sASCII_8Spaces
0x0843EC9C	rom	sASCII_Space
0x0843EC9E	rom	sASCII_Asterisk
0x0843ECA0	rom	sASCII_NowSlot
0x0843ECA8	rom	sASCII_ClockCmds
0x0843ECE4	rom	sASCII_ChildParentSearch
0x0843ECFC	rom	sWirelessLinkIconPalette
0x0843ED1C	rom	sWirelessLinkIconPic
0x0843EE40	rom	sWireless_ASCIItoRSETable
0x0843EF40	rom	sWireless_RSEtoASCIITable
0x0843F040	rom	sWirelessStatusIndicatorOamData
0x0843F048	rom	sWirelessStatusIndicator_3Bars
0x0843F064	rom	sWirelessStatusIndicator_2Bars
0x0843F078	rom	sWirelessStatusIndicator_1Bar
0x0843F084	rom	sWirelessStatusIndicator_Searching
0x0843F090	rom	sWirelessStatusIndicator_Error
0x0843F09C	rom	sWirelessStatusIndicatorAnims
0x0843F0B0	rom	sWirelessStatusIndicatorSpriteSheet
0x0843F0B8	rom	sWirelessStatusIndicatorSpritePalette
0x0843F0C0	rom	sWirelessStatusIndicatorSpriteTemplate
0x0843F0D8	rom	sECPhrase_MysteryEventIsExciting
0x0843F0E0	rom	sECPhrase_LinkTogetherWithAll
0x0843F0E8	rom	sEasyChatScreenTemplates
0x0843F1D8	rom	sAlphabetLayout
0x0843F1F4	rom	sTriangleCursor_Pal
0x0843F214	rom	sRectangleCursor_Pal
0x0843F234	rom	sTriangleCursor_Gfx
0x0843F254	rom	sScrollIndicator_Gfx
0x0843F354	rom	sStartSelectButtons_Gfx
0x0843F454	rom	sRSInterviewFrame_Pal
0x0843F474	rom	sRSInterviewFrame_Gfx
0x0843F5A8	rom	sTextInputFrameOrange_Pal
0x0843F5C8	rom	sTextInputFrameGreen_Pal
0x0843F5E8	rom	sTextInputFrame_Gfx
0x0843F6B0	rom	sTitleText_Pal
0x0843F6B8	rom	sText_Pal
0x0843F6C4	rom	sPhraseFrameDimensions
0x0843F6DC	rom	sEasyChatBgTemplates
0x0843F6EC	rom	sEasyChatWindowTemplates
0x0843F70C	rom	sEasyChatYesNoWindowTemplate
0x0843F714	rom	sText_Underscore
0x0843F717	rom	sText_Clear17
0x0843F71C	rom	sEasyChatKeyboardAlphabet
0x0843F72C	rom	sEasyChatSpriteSheets
0x0843F74C	rom	sEasyChatSpritePalettes
0x0843F774	rom	sEasyChatCompressedSpriteSheets
0x0843F794	rom	sAlphabetKeyboardColumnOffsets
0x0843F79C	rom	sOamData_TriangleCursor
0x0843F7A4	rom	sSpriteTemplate_TriangleCursor
0x0843F7BC	rom	sOamData_RectangleCursor
0x0843F7C4	rom	sAnim_RectangleCursor_OnGroup
0x0843F7CC	rom	sAnim_RectangleCursor_OnButton
0x0843F7D4	rom	sAnim_RectangleCursor_OnOthers
0x0843F7DC	rom	sAnim_RectangleCursor_OnLetter
0x0843F7E4	rom	sAnims_RectangleCursor
0x0843F7F4	rom	sSpriteTemplate_RectangleCursor
0x0843F80C	rom	sOamData_ModeWindow
0x0843F814	rom	sAnim_ModeWindow_Hidden
0x0843F81C	rom	sAnim_ModeWindow_ToGroup
0x0843F828	rom	sAnim_ModeWindow_ToAlphabet
0x0843F834	rom	sAnim_ModeWindow_ToHidden
0x0843F840	rom	sAnim_ModeWindow_Transition
0x0843F848	rom	sAnims_ModeWindow
0x0843F85C	rom	sSpriteTemplate_ModeWindow
0x0843F874	rom	sOamData_ButtonWindow
0x0843F87C	rom	sSpriteTemplate_ButtonWindow
0x0843F894	rom	sOamData_StartSelectButton
0x0843F89C	rom	sOamData_ScrollIndicator
0x0843F8A4	rom	sAnim_Frame0
0x0843F8AC	rom	sAnim_Frame1
0x0843F8B4	rom	sAnims_TwoFrame
0x0843F8BC	rom	sSpriteTemplate_StartSelectButtons
0x0843F8D4	rom	sSpriteTemplate_ScrollIndicator
0x0843F8EC	rom	gMonFootprintTable
0x0843FF60	rom	sCategoryMonInfoBgTiles
0x084400B0	rom	sKantoDexTiles
0x084401E8	rom	sNatDexTiles
0x08440304	rom	sKantoDexPalette
0x08440504	rom	sDexScreen_CategoryCursorPals
0x0844051C	rom	sNationalDexPalette
0x0844071C	rom	sTopMenuIconTiles_Cave
0x08440A14	rom	sTopMenuIconTiles_Urban
0x08440D2C	rom	sTopMenuSelectionIconTiles_Cancel
0x08440F68	rom	sTopMenuIconTiles_Forest
0x084412F8	rom	sTopMenuIconTiles_Grassland
0x08441644	rom	sTopMenuIconTiles_QuestionMark
0x0844187C	rom	sTopMenuIconTiles_Mountain
0x08441B90	rom	sTopMenuIconTiles_Rare
0x08441E40	rom	sTopMenuIconTiles_Sea
0x08442078	rom	sTopMenuIconTiles_Numerical
0x08442320	rom	sTopMenuIconTiles_RoughTerrain
0x08442674	rom	sTopMenuIconTiles_WatersEdge
0x084429FC	rom	sTopMenuIconTiles_Type
0x08442D34	rom	sTopMenuIconTiles_Lightest
0x08442FC8	rom	sTopMenuIconTiles_Smallest
0x0844325C	rom	sTopMenuIconPals_Cave
0x0844327C	rom	sTopMenuIconPals_Urban
0x0844329C	rom	sTopMenuSelectionIconPals_Cancel
0x084432BC	rom	sTopMenuIconPals_Forest
0x084432DC	rom	sTopMenuIconPals_Grassland
0x084432FC	rom	sTopMenuIconPals_QuestionMark
0x0844331C	rom	sTopMenuIconPals_Mountain
0x0844333C	rom	sTopMenuIconPals_Rare
0x0844335C	rom	sTopMenuIconPals_Sea
0x0844337C	rom	sTopMenuIconPals_Numerical
0x0844339C	rom	sTopMenuIconPals_RoughTerrain
0x084433BC	rom	sTopMenuIconPals_WatersEdge
0x084433DC	rom	sTopMenuIconPals_Type
0x084433FC	rom	sTopMenuIconPals_Lightest
0x0844341C	rom	sTopMenuIconPals_Smallest
0x0844343C	rom	sDexScreen_CaughtIcon
0x0844345C	rom	sTilemap_AreaMap_Kanto
0x0844374C	rom	sTilemap_AreaMap_OneIsland
0x084437C4	rom	sTilemap_AreaMap_TwoIsland
0x08443838	rom	sTilemap_AreaMap_ThreeIsland
0x084438B4	rom	sTilemap_AreaMap_FourIsland
0x08443934	rom	sTilemap_AreaMap_FiveIsland
0x084439EC	rom	sTilemap_AreaMap_SixIsland
0x08443A90	rom	sTilemap_AreaMap_SevenIsland
0x08443B3C	rom	sBlitTiles_WideEllipse
0x08443DFC	rom	gPokedexOrder_Alphabetical
0x08444132	rom	gPokedexOrder_Weight
0x08444436	rom	gPokedexOrder_Height
0x0844473A	rom	gPokedexOrder_Type
0x08444A70	rom	gExpandedPlaceholder_PokedexDescription
0x08444A71	rom	gDummyPokedexText
0x08444AED	rom	gDummyPokedexTextUnused
0x08444AEE	rom	gBulbasaurPokedexText
0x08444B4E	rom	gBulbasaurPokedexTextUnused
0x08444B4F	rom	gIvysaurPokedexText
0x08444BB0	rom	gIvysaurPokedexTextUnused
0x08444BB1	rom	gVenusaurPokedexText
0x08444C0C	rom	gVenusaurPokedexTextUnused
0x08444C0E	rom	gCharmanderPokedexText
0x08444C72	rom	gCharmanderPokedexTextUnused
0x08444C73	rom	gCharmeleonPokedexText
0x08444CD0	rom	gCharmeleonPokedexTextUnused
0x08444CD1	rom	gCharizardPokedexText
0x08444D31	rom	gCharizardPokedexTextUnused
0x08444D32	rom	gSquirtlePokedexText
0x08444D94	rom	gSquirtlePokedexTextUnused
0x08444D95	rom	gWartortlePokedexText
0x08444DFD	rom	gWartortlePokedexTextUnused
0x08444DFE	rom	gBlastoisePokedexText
0x08444E5A	rom	gBlastoisePokedexTextUnused
0x08444E5B	rom	gCaterpiePokedexText
0x08444EBC	rom	gCaterpiePokedexTextUnused
0x08444EBD	rom	gMetapodPokedexText
0x08444F1E	rom	gMetapodPokedexTextUnused
0x08444F20	rom	gButterfreePokedexText
0x08444F78	rom	gButterfreePokedexTextUnused
0x08444F7A	rom	gWeedlePokedexText
0x08444FD9	rom	gWeedlePokedexTextUnused
0x08444FDA	rom	gKakunaPokedexText
0x08445045	rom	gKakunaPokedexTextUnused
0x08445046	rom	gBeedrillPokedexText
0x084450A6	rom	gBeedrillPokedexTextUnused
0x084450A7	rom	gPidgeyPokedexText
0x08445109	rom	gPidgeyPokedexTextUnused
0x0844510A	rom	gPidgeottoPokedexText
0x0844516E	rom	gPidgeottoPokedexTextUnused
0x0844516F	rom	gPidgeotPokedexText
0x084451D3	rom	gPidgeotPokedexTextUnused
0x084451D4	rom	gRattataPokedexText
0x0844522F	rom	gRattataPokedexTextUnused
0x08445230	rom	gRaticatePokedexText
0x0844528C	rom	gRaticatePokedexTextUnused
0x0844528D	rom	gSpearowPokedexText
0x084452E7	rom	gSpearowPokedexTextUnused
0x084452E8	rom	gFearowPokedexText
0x08445345	rom	gFearowPokedexTextUnused
0x08445346	rom	gEkansPokedexText
0x084453A4	rom	gEkansPokedexTextUnused
0x084453A5	rom	gArbokPokedexText
0x084453FE	rom	gArbokPokedexTextUnused
0x084453FF	rom	gPikachuPokedexText
0x0844545D	rom	gPikachuPokedexTextUnused
0x0844545E	rom	gRaichuPokedexText
0x084454B2	rom	gRaichuPokedexTextUnused
0x084454B3	rom	gSandshrewPokedexText
0x08445510	rom	gSandshrewPokedexTextUnused
0x08445511	rom	gSandslashPokedexText
0x0844556E	rom	gSandslashPokedexTextUnused
0x0844556F	rom	gNidoranFPokedexText
0x084455CF	rom	gNidoranFPokedexTextUnused
0x084455D0	rom	gNidorinaPokedexText
0x08445628	rom	gNidorinaPokedexTextUnused
0x08445629	rom	gNidoqueenPokedexText
0x08445686	rom	gNidoqueenPokedexTextUnused
0x08445687	rom	gNidoranMPokedexText
0x084456EA	rom	gNidoranMPokedexTextUnused
0x084456EB	rom	gNidorinoPokedexText
0x0844574A	rom	gNidorinoPokedexTextUnused
0x0844574B	rom	gNidokingPokedexText
0x084457A1	rom	gNidokingPokedexTextUnused
0x084457A2	rom	gClefairyPokedexText
0x08445807	rom	gClefairyPokedexTextUnused
0x08445808	rom	gClefablePokedexText
0x08445865	rom	gClefablePokedexTextUnused
0x08445866	rom	gVulpixPokedexText
0x084458C9	rom	gVulpixPokedexTextUnused
0x084458CA	rom	gNinetalesPokedexText
0x0844592B	rom	gNinetalesPokedexTextUnused
0x0844592C	rom	gJigglypuffPokedexText
0x0844598F	rom	gJigglypuffPokedexTextUnused
0x08445990	rom	gWigglytuffPokedexText
0x084459F8	rom	gWigglytuffPokedexTextUnused
0x084459F9	rom	gZubatPokedexText
0x08445A65	rom	gZubatPokedexTextUnused
0x08445A66	rom	gGolbatPokedexText
0x08445AC8	rom	gGolbatPokedexTextUnused
0x08445AC9	rom	gOddishPokedexText
0x08445B2F	rom	gOddishPokedexTextUnused
0x08445B30	rom	gGloomPokedexText
0x08445B8E	rom	gGloomPokedexTextUnused
0x08445B8F	rom	gVileplumePokedexText
0x08445BF4	rom	gVileplumePokedexTextUnused
0x08445BF5	rom	gParasPokedexText
0x08445C58	rom	gParasPokedexTextUnused
0x08445C59	rom	gParasectPokedexText
0x08445CC0	rom	gParasectPokedexTextUnused
0x08445CC1	rom	gVenonatPokedexText
0x08445D1B	rom	gVenonatPokedexTextUnused
0x08445D1C	rom	gVenomothPokedexText
0x08445D7B	rom	gVenomothPokedexTextUnused
0x08445D7C	rom	gDiglettPokedexText
0x08445DDE	rom	gDiglettPokedexTextUnused
0x08445DDF	rom	gDugtrioPokedexText
0x08445E3B	rom	gDugtrioPokedexTextUnused
0x08445E3C	rom	gMeowthPokedexText
0x08445E9E	rom	gMeowthPokedexTextUnused
0x08445E9F	rom	gPersianPokedexText
0x08445F01	rom	gPersianPokedexTextUnused
0x08445F02	rom	gPsyduckPokedexText
0x08445F63	rom	gPsyduckPokedexTextUnused
0x08445F64	rom	gGolduckPokedexText
0x08445FC6	rom	gGolduckPokedexTextUnused
0x08445FC7	rom	gMankeyPokedexText
0x08446027	rom	gMankeyPokedexTextUnused
0x08446028	rom	gPrimeapePokedexText
0x0844608A	rom	gPrimeapePokedexTextUnused
0x0844608B	rom	gGrowlithePokedexText
0x084460EC	rom	gGrowlithePokedexTextUnused
0x084460ED	rom	gArcaninePokedexText
0x08446142	rom	gArcaninePokedexTextUnused
0x08446143	rom	gPoliwagPokedexText
0x084461A2	rom	gPoliwagPokedexTextUnused
0x084461A3	rom	gPoliwhirlPokedexText
0x08446203	rom	gPoliwhirlPokedexTextUnused
0x08446204	rom	gPoliwrathPokedexText
0x08446268	rom	gPoliwrathPokedexTextUnused
0x08446269	rom	gAbraPokedexText
0x084462C1	rom	gAbraPokedexTextUnused
0x084462C2	rom	gKadabraPokedexText
0x08446318	rom	gKadabraPokedexTextUnused
0x08446319	rom	gAlakazamPokedexText
0x0844637E	rom	gAlakazamPokedexTextUnused
0x0844637F	rom	gMachopPokedexText
0x084463DC	rom	gMachopPokedexTextUnused
0x084463DD	rom	gMachokePokedexText
0x08446442	rom	gMachokePokedexTextUnused
0x08446443	rom	gMachampPokedexText
0x08446499	rom	gMachampPokedexTextUnused
0x0844649A	rom	gBellsproutPokedexText
0x08446501	rom	gBellsproutPokedexTextUnused
0x08446502	rom	gWeepinbellPokedexText
0x0844655F	rom	gWeepinbellPokedexTextUnused
0x08446560	rom	gVictreebelPokedexText
0x084465BD	rom	gVictreebelPokedexTextUnused
0x084465BE	rom	gTentacoolPokedexText
0x0844661E	rom	gTentacoolPokedexTextUnused
0x0844661F	rom	gTentacruelPokedexText
0x08446682	rom	gTentacruelPokedexTextUnused
0x08446683	rom	gGeodudePokedexText
0x084466E2	rom	gGeodudePokedexTextUnused
0x084466E3	rom	gGravelerPokedexText
0x08446744	rom	gGravelerPokedexTextUnused
0x08446745	rom	gGolemPokedexText
0x084467AD	rom	gGolemPokedexTextUnused
0x084467AE	rom	gPonytaPokedexText
0x08446814	rom	gPonytaPokedexTextUnused
0x08446815	rom	gRapidashPokedexText
0x08446873	rom	gRapidashPokedexTextUnused
0x08446874	rom	gSlowpokePokedexText
0x084468CC	rom	gSlowpokePokedexTextUnused
0x084468CD	rom	gSlowbroPokedexText
0x0844692B	rom	gSlowbroPokedexTextUnused
0x0844692C	rom	gMagnemitePokedexText
0x08446991	rom	gMagnemitePokedexTextUnused
0x08446992	rom	gMagnetonPokedexText
0x084469EE	rom	gMagnetonPokedexTextUnused
0x084469EF	rom	gFarfetchdPokedexText
0x08446A52	rom	gFarfetchdPokedexTextUnused
0x08446A53	rom	gDoduoPokedexText
0x08446AAF	rom	gDoduoPokedexTextUnused
0x08446AB0	rom	gDodrioPokedexText
0x08446B17	rom	gDodrioPokedexTextUnused
0x08446B18	rom	gSeelPokedexText
0x08446B75	rom	gSeelPokedexTextUnused
0x08446B76	rom	gDewgongPokedexText
0x08446BDC	rom	gDewgongPokedexTextUnused
0x08446BDD	rom	gGrimerPokedexText
0x08446C40	rom	gGrimerPokedexTextUnused
0x08446C41	rom	gMukPokedexText
0x08446CA1	rom	gMukPokedexTextUnused
0x08446CA2	rom	gShellderPokedexText
0x08446CFA	rom	gShellderPokedexTextUnused
0x08446CFB	rom	gCloysterPokedexText
0x08446D54	rom	gCloysterPokedexTextUnused
0x08446D55	rom	gGastlyPokedexText
0x08446DB3	rom	gGastlyPokedexTextUnused
0x08446DB4	rom	gHaunterPokedexText
0x08446E11	rom	gHaunterPokedexTextUnused
0x08446E12	rom	gGengarPokedexText
0x08446E72	rom	gGengarPokedexTextUnused
0x08446E73	rom	gOnixPokedexText
0x08446ED3	rom	gOnixPokedexTextUnused
0x08446ED4	rom	gDrowzeePokedexText
0x08446F37	rom	gDrowzeePokedexTextUnused
0x08446F38	rom	gHypnoPokedexText
0x08446F99	rom	gHypnoPokedexTextUnused
0x08446F9A	rom	gKrabbyPokedexText
0x08446FF6	rom	gKrabbyPokedexTextUnused
0x08446FF7	rom	gKinglerPokedexText
0x0844705F	rom	gKinglerPokedexTextUnused
0x08447060	rom	gVoltorbPokedexText
0x084470BB	rom	gVoltorbPokedexTextUnused
0x084470BC	rom	gElectrodePokedexText
0x08447121	rom	gElectrodePokedexTextUnused
0x08447122	rom	gExeggcutePokedexText
0x0844717B	rom	gExeggcutePokedexTextUnused
0x0844717C	rom	gExeggutorPokedexText
0x084471DF	rom	gExeggutorPokedexTextUnused
0x084471E0	rom	gCubonePokedexText
0x0844723A	rom	gCubonePokedexTextUnused
0x0844723B	rom	gMarowakPokedexText
0x0844729E	rom	gMarowakPokedexTextUnused
0x0844729F	rom	gHitmonleePokedexText
0x08447303	rom	gHitmonleePokedexTextUnused
0x08447304	rom	gHitmonchanPokedexText
0x0844736B	rom	gHitmonchanPokedexTextUnused
0x0844736C	rom	gLickitungPokedexText
0x084473D1	rom	gLickitungPokedexTextUnused
0x084473D2	rom	gKoffingPokedexText
0x08447438	rom	gKoffingPokedexTextUnused
0x08447439	rom	gWeezingPokedexText
0x08447494	rom	gWeezingPokedexTextUnused
0x08447495	rom	gRhyhornPokedexText
0x084474FB	rom	gRhyhornPokedexTextUnused
0x084474FC	rom	gRhydonPokedexText
0x08447561	rom	gRhydonPokedexTextUnused
0x08447562	rom	gChanseyPokedexText
0x084475BF	rom	gChanseyPokedexTextUnused
0x084475C0	rom	gTangelaPokedexText
0x08447623	rom	gTangelaPokedexTextUnused
0x08447624	rom	gKangaskhanPokedexText
0x08447681	rom	gKangaskhanPokedexTextUnused
0x08447682	rom	gHorseaPokedexText
0x084476DE	rom	gHorseaPokedexTextUnused
0x084476DF	rom	gSeadraPokedexText
0x08447742	rom	gSeadraPokedexTextUnused
0x08447743	rom	gGoldeenPokedexText
0x084477A5	rom	gGoldeenPokedexTextUnused
0x084477A6	rom	gSeakingPokedexText
0x08447800	rom	gSeakingPokedexTextUnused
0x08447801	rom	gStaryuPokedexText
0x08447859	rom	gStaryuPokedexTextUnused
0x0844785A	rom	gStarmiePokedexText
0x084478BC	rom	gStarmiePokedexTextUnused
0x084478BD	rom	gMrmimePokedexText
0x0844791F	rom	gMrmimePokedexTextUnused
0x08447920	rom	gScytherPokedexText
0x08447985	rom	gScytherPokedexTextUnused
0x08447986	rom	gJynxPokedexText
0x084479E3	rom	gJynxPokedexTextUnused
0x084479E4	rom	gElectabuzzPokedexText
0x08447A40	rom	gElectabuzzPokedexTextUnused
0x08447A41	rom	gMagmarPokedexText
0x08447A9C	rom	gMagmarPokedexTextUnused
0x08447A9D	rom	gPinsirPokedexText
0x08447AF6	rom	gPinsirPokedexTextUnused
0x08447AF7	rom	gTaurosPokedexText
0x08447B53	rom	gTaurosPokedexTextUnused
0x08447B54	rom	gMagikarpPokedexText
0x08447BB7	rom	gMagikarpPokedexTextUnused
0x08447BB8	rom	gGyaradosPokedexText
0x08447C18	rom	gGyaradosPokedexTextUnused
0x08447C19	rom	gLaprasPokedexText
0x08447C73	rom	gLaprasPokedexTextUnused
0x08447C74	rom	gDittoPokedexText
0x08447CDF	rom	gDittoPokedexTextUnused
0x08447CE0	rom	gEeveePokedexText
0x08447D40	rom	gEeveePokedexTextUnused
0x08447D41	rom	gVaporeonPokedexText
0x08447DA3	rom	gVaporeonPokedexTextUnused
0x08447DA4	rom	gJolteonPokedexText
0x08447DFD	rom	gJolteonPokedexTextUnused
0x08447DFE	rom	gFlareonPokedexText
0x08447E62	rom	gFlareonPokedexTextUnused
0x08447E63	rom	gPorygonPokedexText
0x08447EC7	rom	gPorygonPokedexTextUnused
0x08447EC8	rom	gOmanytePokedexText
0x08447F1E	rom	gOmanytePokedexTextUnused
0x08447F1F	rom	gOmastarPokedexText
0x08447F8D	rom	gOmastarPokedexTextUnused
0x08447F8E	rom	gKabutoPokedexText
0x08447FEC	rom	gKabutoPokedexTextUnused
0x08447FED	rom	gKabutopsPokedexText
0x0844804E	rom	gKabutopsPokedexTextUnused
0x0844804F	rom	gAerodactylPokedexText
0x084480B3	rom	gAerodactylPokedexTextUnused
0x084480B4	rom	gSnorlaxPokedexText
0x08448113	rom	gSnorlaxPokedexTextUnused
0x08448114	rom	gArticunoPokedexText
0x08448174	rom	gArticunoPokedexTextUnused
0x08448175	rom	gZapdosPokedexText
0x084481DA	rom	gZapdosPokedexTextUnused
0x084481DB	rom	gMoltresPokedexText
0x0844824C	rom	gMoltresPokedexTextUnused
0x0844824D	rom	gDratiniPokedexText
0x084482B1	rom	gDratiniPokedexTextUnused
0x084482B2	rom	gDragonairPokedexText
0x08448316	rom	gDragonairPokedexTextUnused
0x08448317	rom	gDragonitePokedexText
0x08448377	rom	gDragonitePokedexTextUnused
0x08448378	rom	gMewtwoPokedexText
0x084483DE	rom	gMewtwoPokedexTextUnused
0x084483DF	rom	gMewPokedexText
0x08448447	rom	gMewPokedexTextUnused
0x08448448	rom	gChikoritaPokedexText
0x084484B0	rom	gChikoritaPokedexTextUnused
0x084484B1	rom	gBayleefPokedexText
0x0844850F	rom	gBayleefPokedexTextUnused
0x08448510	rom	gMeganiumPokedexText
0x0844856A	rom	gMeganiumPokedexTextUnused
0x0844856B	rom	gCyndaquilPokedexText
0x084485D0	rom	gCyndaquilPokedexTextUnused
0x084485D1	rom	gQuilavaPokedexText
0x08448638	rom	gQuilavaPokedexTextUnused
0x08448639	rom	gTyphlosionPokedexText
0x0844869C	rom	gTyphlosionPokedexTextUnused
0x0844869D	rom	gTotodilePokedexText
0x08448706	rom	gTotodilePokedexTextUnused
0x08448707	rom	gCroconawPokedexText
0x0844876A	rom	gCroconawPokedexTextUnused
0x0844876B	rom	gFeraligatrPokedexText
0x084487D2	rom	gFeraligatrPokedexTextUnused
0x084487D3	rom	gSentretPokedexText
0x08448839	rom	gSentretPokedexTextUnused
0x0844883A	rom	gFurretPokedexText
0x0844889F	rom	gFurretPokedexTextUnused
0x084488A0	rom	gHoothootPokedexText
0x084488F8	rom	gHoothootPokedexTextUnused
0x084488F9	rom	gNoctowlPokedexText
0x0844895D	rom	gNoctowlPokedexTextUnused
0x0844895E	rom	gLedybaPokedexText
0x084489C5	rom	gLedybaPokedexTextUnused
0x084489C6	rom	gLedianPokedexText
0x08448A1F	rom	gLedianPokedexTextUnused
0x08448A20	rom	gSpinarakPokedexText
0x08448A87	rom	gSpinarakPokedexTextUnused
0x08448A88	rom	gAriadosPokedexText
0x08448AEF	rom	gAriadosPokedexTextUnused
0x08448AF0	rom	gCrobatPokedexText
0x08448B55	rom	gCrobatPokedexTextUnused
0x08448B56	rom	gChinchouPokedexText
0x08448BBD	rom	gChinchouPokedexTextUnused
0x08448BBE	rom	gLanturnPokedexText
0x08448C29	rom	gLanturnPokedexTextUnused
0x08448C2A	rom	gPichuPokedexText
0x08448C86	rom	gPichuPokedexTextUnused
0x08448C87	rom	gCleffaPokedexText
0x08448CE2	rom	gCleffaPokedexTextUnused
0x08448CE3	rom	gIgglybuffPokedexText
0x08448D45	rom	gIgglybuffPokedexTextUnused
0x08448D46	rom	gTogepiPokedexText
0x08448DAA	rom	gTogepiPokedexTextUnused
0x08448DAB	rom	gTogeticPokedexText
0x08448E0A	rom	gTogeticPokedexTextUnused
0x08448E0B	rom	gNatuPokedexText
0x08448E75	rom	gNatuPokedexTextUnused
0x08448E76	rom	gXatuPokedexText
0x08448EDD	rom	gXatuPokedexTextUnused
0x08448EDE	rom	gMareepPokedexText
0x08448F42	rom	gMareepPokedexTextUnused
0x08448F43	rom	gFlaaffyPokedexText
0x08448FA7	rom	gFlaaffyPokedexTextUnused
0x08448FA8	rom	gAmpharosPokedexText
0x0844900B	rom	gAmpharosPokedexTextUnused
0x0844900C	rom	gBellossomPokedexText
0x08449072	rom	gBellossomPokedexTextUnused
0x08449073	rom	gMarillPokedexText
0x084490D6	rom	gMarillPokedexTextUnused
0x084490D7	rom	gAzumarillPokedexText
0x08449136	rom	gAzumarillPokedexTextUnused
0x08449137	rom	gSudowoodoPokedexText
0x0844919E	rom	gSudowoodoPokedexTextUnused
0x0844919F	rom	gPolitoedPokedexText
0x084491FB	rom	gPolitoedPokedexTextUnused
0x084491FC	rom	gHoppipPokedexText
0x08449266	rom	gHoppipPokedexTextUnused
0x08449267	rom	gSkiploomPokedexText
0x084492C0	rom	gSkiploomPokedexTextUnused
0x084492C1	rom	gJumpluffPokedexText
0x08449326	rom	gJumpluffPokedexTextUnused
0x08449327	rom	gAipomPokedexText
0x08449387	rom	gAipomPokedexTextUnused
0x08449388	rom	gSunkernPokedexText
0x084493EB	rom	gSunkernPokedexTextUnused
0x084493EC	rom	gSunfloraPokedexText
0x08449454	rom	gSunfloraPokedexTextUnused
0x08449455	rom	gYanmaPokedexText
0x084494BB	rom	gYanmaPokedexTextUnused
0x084494BC	rom	gWooperPokedexText
0x08449524	rom	gWooperPokedexTextUnused
0x08449525	rom	gQuagsirePokedexText
0x08449585	rom	gQuagsirePokedexTextUnused
0x08449586	rom	gEspeonPokedexText
0x084495E8	rom	gEspeonPokedexTextUnused
0x084495E9	rom	gUmbreonPokedexText
0x08449641	rom	gUmbreonPokedexTextUnused
0x08449642	rom	gMurkrowPokedexText
0x084496A3	rom	gMurkrowPokedexTextUnused
0x084496A4	rom	gSlowkingPokedexText
0x08449706	rom	gSlowkingPokedexTextUnused
0x08449707	rom	gMisdreavusPokedexText
0x08449766	rom	gMisdreavusPokedexTextUnused
0x08449767	rom	gUnownPokedexText
0x084497CB	rom	gUnownPokedexTextUnused
0x084497CC	rom	gWobbuffetPokedexText
0x08449826	rom	gWobbuffetPokedexTextUnused
0x08449827	rom	gGirafarigPokedexText
0x0844988D	rom	gGirafarigPokedexTextUnused
0x0844988E	rom	gPinecoPokedexText
0x084498F4	rom	gPinecoPokedexTextUnused
0x084498F5	rom	gForretressPokedexText
0x08449959	rom	gForretressPokedexTextUnused
0x0844995A	rom	gDunsparcePokedexText
0x084499B9	rom	gDunsparcePokedexTextUnused
0x084499BA	rom	gGligarPokedexText
0x08449A1C	rom	gGligarPokedexTextUnused
0x08449A1D	rom	gSteelixPokedexText
0x08449A7E	rom	gSteelixPokedexTextUnused
0x08449A7F	rom	gSnubbullPokedexText
0x08449AE4	rom	gSnubbullPokedexTextUnused
0x08449AE5	rom	gGranbullPokedexText
0x08449B45	rom	gGranbullPokedexTextUnused
0x08449B46	rom	gQwilfishPokedexText
0x08449BAE	rom	gQwilfishPokedexTextUnused
0x08449BAF	rom	gScizorPokedexText
0x08449C15	rom	gScizorPokedexTextUnused
0x08449C16	rom	gShucklePokedexText
0x08449C67	rom	gShucklePokedexTextUnused
0x08449C68	rom	gHeracrossPokedexText
0x08449CCE	rom	gHeracrossPokedexTextUnused
0x08449CCF	rom	gSneaselPokedexText
0x08449D30	rom	gSneaselPokedexTextUnused
0x08449D31	rom	gTeddiursaPokedexText
0x08449D9A	rom	gTeddiursaPokedexTextUnused
0x08449D9B	rom	gUrsaringPokedexText
0x08449E03	rom	gUrsaringPokedexTextUnused
0x08449E04	rom	gSlugmaPokedexText
0x08449E68	rom	gSlugmaPokedexTextUnused
0x08449E69	rom	gMagcargoPokedexText
0x08449ED0	rom	gMagcargoPokedexTextUnused
0x08449ED1	rom	gSwinubPokedexText
0x08449F2E	rom	gSwinubPokedexTextUnused
0x08449F2F	rom	gPiloswinePokedexText
0x08449F8E	rom	gPiloswinePokedexTextUnused
0x08449F8F	rom	gCorsolaPokedexText
0x08449FEC	rom	gCorsolaPokedexTextUnused
0x08449FED	rom	gRemoraidPokedexText
0x0844A053	rom	gRemoraidPokedexTextUnused
0x0844A054	rom	gOctilleryPokedexText
0x0844A0B3	rom	gOctilleryPokedexTextUnused
0x0844A0B4	rom	gDelibirdPokedexText
0x0844A117	rom	gDelibirdPokedexTextUnused
0x0844A118	rom	gMantinePokedexText
0x0844A17A	rom	gMantinePokedexTextUnused
0x0844A17B	rom	gSkarmoryPokedexText
0x0844A1E2	rom	gSkarmoryPokedexTextUnused
0x0844A1E3	rom	gHoundourPokedexText
0x0844A245	rom	gHoundourPokedexTextUnused
0x0844A246	rom	gHoundoomPokedexText
0x0844A29D	rom	gHoundoomPokedexTextUnused
0x0844A29E	rom	gKingdraPokedexText
0x0844A2F9	rom	gKingdraPokedexTextUnused
0x0844A2FA	rom	gPhanpyPokedexText
0x0844A359	rom	gPhanpyPokedexTextUnused
0x0844A35A	rom	gDonphanPokedexText
0x0844A3B9	rom	gDonphanPokedexTextUnused
0x0844A3BA	rom	gPorygon2PokedexText
0x0844A41A	rom	gPorygon2PokedexTextUnused
0x0844A41B	rom	gStantlerPokedexText
0x0844A482	rom	gStantlerPokedexTextUnused
0x0844A483	rom	gSmearglePokedexText
0x0844A4E9	rom	gSmearglePokedexTextUnused
0x0844A4EA	rom	gTyroguePokedexText
0x0844A54D	rom	gTyroguePokedexTextUnused
0x0844A54E	rom	gHitmontopPokedexText
0x0844A5AA	rom	gHitmontopPokedexTextUnused
0x0844A5AB	rom	gSmoochumPokedexText
0x0844A60F	rom	gSmoochumPokedexTextUnused
0x0844A610	rom	gElekidPokedexText
0x0844A676	rom	gElekidPokedexTextUnused
0x0844A677	rom	gMagbyPokedexText
0x0844A6D5	rom	gMagbyPokedexTextUnused
0x0844A6D6	rom	gMiltankPokedexText
0x0844A730	rom	gMiltankPokedexTextUnused
0x0844A731	rom	gBlisseyPokedexText
0x0844A796	rom	gBlisseyPokedexTextUnused
0x0844A797	rom	gRaikouPokedexText
0x0844A7FF	rom	gRaikouPokedexTextUnused
0x0844A800	rom	gEnteiPokedexText
0x0844A868	rom	gEnteiPokedexTextUnused
0x0844A869	rom	gSuicunePokedexText
0x0844A8C3	rom	gSuicunePokedexTextUnused
0x0844A8C4	rom	gLarvitarPokedexText
0x0844A91F	rom	gLarvitarPokedexTextUnused
0x0844A920	rom	gPupitarPokedexText
0x0844A985	rom	gPupitarPokedexTextUnused
0x0844A986	rom	gTyranitarPokedexText
0x0844A9EE	rom	gTyranitarPokedexTextUnused
0x0844A9EF	rom	gLugiaPokedexText
0x0844AA5B	rom	gLugiaPokedexTextUnused
0x0844AA5C	rom	gHoOhPokedexText
0x0844AAC4	rom	gHoOhPokedexTextUnused
0x0844AAC5	rom	gCelebiPokedexText
0x0844AB29	rom	gCelebiPokedexTextUnused
0x0844AB2A	rom	gTreeckoPokedexText
0x0844AB95	rom	gTreeckoPokedexTextUnused
0x0844AB96	rom	gGrovylePokedexText
0x0844ABEF	rom	gGrovylePokedexTextUnused
0x0844ABF0	rom	gSceptilePokedexText
0x0844AC5B	rom	gSceptilePokedexTextUnused
0x0844AC5C	rom	gTorchicPokedexText
0x0844ACB7	rom	gTorchicPokedexTextUnused
0x0844ACB8	rom	gCombuskenPokedexText
0x0844AD1B	rom	gCombuskenPokedexTextUnused
0x0844AD1C	rom	gBlazikenPokedexText
0x0844AD8B	rom	gBlazikenPokedexTextUnused
0x0844AD8C	rom	gMudkipPokedexText
0x0844ADF7	rom	gMudkipPokedexTextUnused
0x0844ADF8	rom	gMarshtompPokedexText
0x0844AE60	rom	gMarshtompPokedexTextUnused
0x0844AE61	rom	gSwampertPokedexText
0x0844AECF	rom	gSwampertPokedexTextUnused
0x0844AED0	rom	gPoochyenaPokedexText
0x0844AF40	rom	gPoochyenaPokedexTextUnused
0x0844AF41	rom	gMightyenaPokedexText
0x0844AFB7	rom	gMightyenaPokedexTextUnused
0x0844AFB8	rom	gZigzagoonPokedexText
0x0844B01B	rom	gZigzagoonPokedexTextUnused
0x0844B01C	rom	gLinoonePokedexText
0x0844B08B	rom	gLinoonePokedexTextUnused
0x0844B08C	rom	gWurmplePokedexText
0x0844B0FD	rom	gWurmplePokedexTextUnused
0x0844B0FE	rom	gSilcoonPokedexText
0x0844B173	rom	gSilcoonPokedexTextUnused
0x0844B174	rom	gBeautiflyPokedexText
0x0844B1DA	rom	gBeautiflyPokedexTextUnused
0x0844B1DB	rom	gCascoonPokedexText
0x0844B23B	rom	gCascoonPokedexTextUnused
0x0844B23C	rom	gDustoxPokedexText
0x0844B2AC	rom	gDustoxPokedexTextUnused
0x0844B2AD	rom	gLotadPokedexText
0x0844B315	rom	gLotadPokedexTextUnused
0x0844B316	rom	gLombrePokedexText
0x0844B38C	rom	gLombrePokedexTextUnused
0x0844B38D	rom	gLudicoloPokedexText
0x0844B3E6	rom	gLudicoloPokedexTextUnused
0x0844B3E7	rom	gSeedotPokedexText
0x0844B45C	rom	gSeedotPokedexTextUnused
0x0844B45D	rom	gNuzleafPokedexText
0x0844B4C5	rom	gNuzleafPokedexTextUnused
0x0844B4C6	rom	gShiftryPokedexText
0x0844B52D	rom	gShiftryPokedexTextUnused
0x0844B52E	rom	gTaillowPokedexText
0x0844B596	rom	gTaillowPokedexTextUnused
0x0844B597	rom	gSwellowPokedexText
0x0844B606	rom	gSwellowPokedexTextUnused
0x0844B607	rom	gWingullPokedexText
0x0844B667	rom	gWingullPokedexTextUnused
0x0844B668	rom	gPelipperPokedexText
0x0844B6D3	rom	gPelipperPokedexTextUnused
0x0844B6D4	rom	gRaltsPokedexText
0x0844B731	rom	gRaltsPokedexTextUnused
0x0844B732	rom	gKirliaPokedexText
0x0844B7A2	rom	gKirliaPokedexTextUnused
0x0844B7A3	rom	gGardevoirPokedexText
0x0844B7FE	rom	gGardevoirPokedexTextUnused
0x0844B7FF	rom	gSurskitPokedexText
0x0844B85D	rom	gSurskitPokedexTextUnused
0x0844B85E	rom	gMasquerainPokedexText
0x0844B8D4	rom	gMasquerainPokedexTextUnused
0x0844B8D5	rom	gShroomishPokedexText
0x0844B942	rom	gShroomishPokedexTextUnused
0x0844B943	rom	gBreloomPokedexText
0x0844B9AF	rom	gBreloomPokedexTextUnused
0x0844B9B0	rom	gSlakothPokedexText
0x0844BA0B	rom	gSlakothPokedexTextUnused
0x0844BA0C	rom	gVigorothPokedexText
0x0844BA6F	rom	gVigorothPokedexTextUnused
0x0844BA70	rom	gSlakingPokedexText
0x0844BAE9	rom	gSlakingPokedexTextUnused
0x0844BAEA	rom	gNincadaPokedexText
0x0844BB4A	rom	gNincadaPokedexTextUnused
0x0844BB4B	rom	gNinjaskPokedexText
0x0844BBAE	rom	gNinjaskPokedexTextUnused
0x0844BBAF	rom	gShedinjaPokedexText
0x0844BC03	rom	gShedinjaPokedexTextUnused
0x0844BC04	rom	gWhismurPokedexText
0x0844BC6D	rom	gWhismurPokedexTextUnused
0x0844BC6E	rom	gLoudredPokedexText
0x0844BCCE	rom	gLoudredPokedexTextUnused
0x0844BCCF	rom	gExploudPokedexText
0x0844BD45	rom	gExploudPokedexTextUnused
0x0844BD46	rom	gMakuhitaPokedexText
0x0844BDA9	rom	gMakuhitaPokedexTextUnused
0x0844BDAA	rom	gHariyamaPokedexText
0x0844BE0F	rom	gHariyamaPokedexTextUnused
0x0844BE10	rom	gAzurillPokedexText
0x0844BE80	rom	gAzurillPokedexTextUnused
0x0844BE81	rom	gNosepassPokedexText
0x0844BEDD	rom	gNosepassPokedexTextUnused
0x0844BEDE	rom	gSkittyPokedexText
0x0844BF4E	rom	gSkittyPokedexTextUnused
0x0844BF4F	rom	gDelcattyPokedexText
0x0844BFB6	rom	gDelcattyPokedexTextUnused
0x0844BFB7	rom	gSableyePokedexText
0x0844C010	rom	gSableyePokedexTextUnused
0x0844C011	rom	gMawilePokedexText
0x0844C07B	rom	gMawilePokedexTextUnused
0x0844C07C	rom	gAronPokedexText
0x0844C0ED	rom	gAronPokedexTextUnused
0x0844C0EE	rom	gLaironPokedexText
0x0844C15F	rom	gLaironPokedexTextUnused
0x0844C160	rom	gAggronPokedexText
0x0844C1C8	rom	gAggronPokedexTextUnused
0x0844C1C9	rom	gMedititePokedexText
0x0844C225	rom	gMedititePokedexTextUnused
0x0844C226	rom	gMedichamPokedexText
0x0844C28F	rom	gMedichamPokedexTextUnused
0x0844C290	rom	gElectrikePokedexText
0x0844C2F4	rom	gElectrikePokedexTextUnused
0x0844C2F5	rom	gManectricPokedexText
0x0844C345	rom	gManectricPokedexTextUnused
0x0844C346	rom	gPluslePokedexText
0x0844C3B4	rom	gPluslePokedexTextUnused
0x0844C3B5	rom	gMinunPokedexText
0x0844C431	rom	gMinunPokedexTextUnused
0x0844C432	rom	gVolbeatPokedexText
0x0844C49D	rom	gVolbeatPokedexTextUnused
0x0844C49E	rom	gIllumisePokedexText
0x0844C507	rom	gIllumisePokedexTextUnused
0x0844C508	rom	gRoseliaPokedexText
0x0844C569	rom	gRoseliaPokedexTextUnused
0x0844C56A	rom	gGulpinPokedexText
0x0844C5D3	rom	gGulpinPokedexTextUnused
0x0844C5D4	rom	gSwalotPokedexText
0x0844C63C	rom	gSwalotPokedexTextUnused
0x0844C63D	rom	gCarvanhaPokedexText
0x0844C69E	rom	gCarvanhaPokedexTextUnused
0x0844C69F	rom	gSharpedoPokedexText
0x0844C708	rom	gSharpedoPokedexTextUnused
0x0844C709	rom	gWailmerPokedexText
0x0844C777	rom	gWailmerPokedexTextUnused
0x0844C778	rom	gWailordPokedexText
0x0844C7E3	rom	gWailordPokedexTextUnused
0x0844C7E4	rom	gNumelPokedexText
0x0844C85B	rom	gNumelPokedexTextUnused
0x0844C85C	rom	gCameruptPokedexText
0x0844C8C6	rom	gCameruptPokedexTextUnused
0x0844C8C7	rom	gTorkoalPokedexText
0x0844C923	rom	gTorkoalPokedexTextUnused
0x0844C924	rom	gSpoinkPokedexText
0x0844C981	rom	gSpoinkPokedexTextUnused
0x0844C982	rom	gGrumpigPokedexText
0x0844C9EE	rom	gGrumpigPokedexTextUnused
0x0844C9EF	rom	gSpindaPokedexText
0x0844CA4F	rom	gSpindaPokedexTextUnused
0x0844CA50	rom	gTrapinchPokedexText
0x0844CAAE	rom	gTrapinchPokedexTextUnused
0x0844CAAF	rom	gVibravaPokedexText
0x0844CB28	rom	gVibravaPokedexTextUnused
0x0844CB29	rom	gFlygonPokedexText
0x0844CB89	rom	gFlygonPokedexTextUnused
0x0844CB8A	rom	gCacneaPokedexText
0x0844CBF1	rom	gCacneaPokedexTextUnused
0x0844CBF2	rom	gCacturnePokedexText
0x0844CC5B	rom	gCacturnePokedexTextUnused
0x0844CC5C	rom	gSwabluPokedexText
0x0844CCBF	rom	gSwabluPokedexTextUnused
0x0844CCC0	rom	gAltariaPokedexText
0x0844CD27	rom	gAltariaPokedexTextUnused
0x0844CD28	rom	gZangoosePokedexText
0x0844CD9C	rom	gZangoosePokedexTextUnused
0x0844CD9D	rom	gSeviperPokedexText
0x0844CE0F	rom	gSeviperPokedexTextUnused
0x0844CE10	rom	gLunatonePokedexText
0x0844CE80	rom	gLunatonePokedexTextUnused
0x0844CE81	rom	gSolrockPokedexText
0x0844CEE7	rom	gSolrockPokedexTextUnused
0x0844CEE8	rom	gBarboachPokedexText
0x0844CF3E	rom	gBarboachPokedexTextUnused
0x0844CF3F	rom	gWhiscashPokedexText
0x0844CFA8	rom	gWhiscashPokedexTextUnused
0x0844CFA9	rom	gCorphishPokedexText
0x0844D015	rom	gCorphishPokedexTextUnused
0x0844D016	rom	gCrawdauntPokedexText
0x0844D075	rom	gCrawdauntPokedexTextUnused
0x0844D076	rom	gBaltoyPokedexText
0x0844D0E5	rom	gBaltoyPokedexTextUnused
0x0844D0E6	rom	gClaydolPokedexText
0x0844D152	rom	gClaydolPokedexTextUnused
0x0844D153	rom	gLileepPokedexText
0x0844D1C0	rom	gLileepPokedexTextUnused
0x0844D1C1	rom	gCradilyPokedexText
0x0844D226	rom	gCradilyPokedexTextUnused
0x0844D227	rom	gAnorithPokedexText
0x0844D299	rom	gAnorithPokedexTextUnused
0x0844D29A	rom	gArmaldoPokedexText
0x0844D2F6	rom	gArmaldoPokedexTextUnused
0x0844D2F7	rom	gFeebasPokedexText
0x0844D35F	rom	gFeebasPokedexTextUnused
0x0844D360	rom	gMiloticPokedexText
0x0844D3C3	rom	gMiloticPokedexTextUnused
0x0844D3C4	rom	gCastformPokedexText
0x0844D42E	rom	gCastformPokedexTextUnused
0x0844D42F	rom	gKecleonPokedexText
0x0844D495	rom	gKecleonPokedexTextUnused
0x0844D496	rom	gShuppetPokedexText
0x0844D4FA	rom	gShuppetPokedexTextUnused
0x0844D4FB	rom	gBanettePokedexText
0x0844D567	rom	gBanettePokedexTextUnused
0x0844D568	rom	gDuskullPokedexText
0x0844D5D0	rom	gDuskullPokedexTextUnused
0x0844D5D1	rom	gDusclopsPokedexText
0x0844D63A	rom	gDusclopsPokedexTextUnused
0x0844D63B	rom	gTropiusPokedexText
0x0844D6A8	rom	gTropiusPokedexTextUnused
0x0844D6A9	rom	gChimechoPokedexText
0x0844D719	rom	gChimechoPokedexTextUnused
0x0844D71A	rom	gAbsolPokedexText
0x0844D783	rom	gAbsolPokedexTextUnused
0x0844D784	rom	gWynautPokedexText
0x0844D7DE	rom	gWynautPokedexTextUnused
0x0844D7DF	rom	gSnoruntPokedexText
0x0844D850	rom	gSnoruntPokedexTextUnused
0x0844D851	rom	gGlaliePokedexText
0x0844D8BB	rom	gGlaliePokedexTextUnused
0x0844D8BC	rom	gSphealPokedexText
0x0844D91E	rom	gSphealPokedexTextUnused
0x0844D91F	rom	gSealeoPokedexText
0x0844D988	rom	gSealeoPokedexTextUnused
0x0844D989	rom	gWalreinPokedexText
0x0844D9FA	rom	gWalreinPokedexTextUnused
0x0844D9FB	rom	gClamperlPokedexText
0x0844DA50	rom	gClamperlPokedexTextUnused
0x0844DA51	rom	gHuntailPokedexText
0x0844DAC2	rom	gHuntailPokedexTextUnused
0x0844DAC3	rom	gGorebyssPokedexText
0x0844DB30	rom	gGorebyssPokedexTextUnused
0x0844DB31	rom	gRelicanthPokedexText
0x0844DB93	rom	gRelicanthPokedexTextUnused
0x0844DB94	rom	gLuvdiscPokedexText
0x0844DBF6	rom	gLuvdiscPokedexTextUnused
0x0844DBF7	rom	gBagonPokedexText
0x0844DC55	rom	gBagonPokedexTextUnused
0x0844DC56	rom	gShelgonPokedexText
0x0844DCCD	rom	gShelgonPokedexTextUnused
0x0844DCCE	rom	gSalamencePokedexText
0x0844DD30	rom	gSalamencePokedexTextUnused
0x0844DD31	rom	gBeldumPokedexText
0x0844DD8B	rom	gBeldumPokedexTextUnused
0x0844DD8C	rom	gMetangPokedexText
0x0844DDF9	rom	gMetangPokedexTextUnused
0x0844DDFA	rom	gMetagrossPokedexText
0x0844DE59	rom	gMetagrossPokedexTextUnused
0x0844DE5A	rom	gRegirockPokedexText
0x0844DEC8	rom	gRegirockPokedexTextUnused
0x0844DEC9	rom	gRegicePokedexText
0x0844DF2A	rom	gRegicePokedexTextUnused
0x0844DF2B	rom	gRegisteelPokedexText
0x0844DF9B	rom	gRegisteelPokedexTextUnused
0x0844DF9C	rom	gLatiasPokedexText
0x0844E009	rom	gLatiasPokedexTextUnused
0x0844E00A	rom	gLatiosPokedexText
0x0844E07A	rom	gLatiosPokedexTextUnused
0x0844E07B	rom	gKyogrePokedexText
0x0844E0E5	rom	gKyogrePokedexTextUnused
0x0844E0E6	rom	gGroudonPokedexText
0x0844E143	rom	gGroudonPokedexTextUnused
0x0844E144	rom	gRayquazaPokedexText
0x0844E1AC	rom	gRayquazaPokedexTextUnused
0x0844E1AD	rom	gJirachiPokedexText
0x0844E20D	rom	gJirachiPokedexTextUnused
0x0844E20E	rom	gDeoxysPokedexText
0x0844E26E	rom	gDeoxysPokedexTextUnused
0x0844E270	rom	gPokedexEntries
0x084518DC	rom	sBgTemplates
0x084518EC	rom	sWindowTemplates
0x08451904	rom	sDexScreenDataInitialState
0x08451974	rom	sWindowTemplate_ModeSelect
0x0845197C	rom	sWindowTemplate_SelectionIcon
0x08451984	rom	sWindowTemplate_DexCounts
0x0845198C	rom	sListMenuItems_KantoDexModeSelect
0x08451A24	rom	sListMenuTemplate_KantoDexModeSelect
0x08451A3C	rom	sListMenuItems_NatDexModeSelect
0x08451ADC	rom	sListMenuTemplate_NatDexModeSelect
0x08451AF4	rom	sScrollArrowsTemplate_KantoDex
0x08451B04	rom	sScrollArrowsTemplate_NatDex
0x08451B14	rom	sTopMenuSelectionIconGfxPtrs
0x08451B8C	rom	sWindowTemplate_OrderedListMenu
0x08451B94	rom	sListMenuTemplate_OrderedListMenu
0x08451BAC	rom	sListMenuRects_OrderedList
0x08451BD4	rom	sDexOrderScrollArrowsTemplate
0x08451BE4	rom	sWindowTemplate_CategoryMonIcon
0x08451BEC	rom	sWindowTemplate_CategoryMonInfo
0x08451BF4	rom	sWindowTemplate_DexEntry_MonPic
0x08451BFC	rom	sWindowTemplate_DexEntry_SpeciesStats
0x08451C04	rom	sWindowTemplate_DexEntry_FlavorText
0x08451C0C	rom	sWindowTemplate_AreaMap_MonIcon
0x08451C14	rom	sWindowTemplate_AreaMap_SpeciesName
0x08451C1C	rom	sWindowTemplate_AreaMap_Size
0x08451C24	rom	sWindowTemplate_AreaMap_Area
0x08451C2C	rom	sWindowTemplate_AreaMap_MonTypes
0x08451C34	rom	sWindowTemplate_AreaMap_Kanto
0x08451C3C	rom	sWindowTemplate_AreaMap_OneIsland
0x08451C44	rom	sWindowTemplate_AreaMap_TwoIsland
0x08451C4C	rom	sWindowTemplate_AreaMap_ThreeIsland
0x08451C54	rom	sWindowTemplate_AreaMap_FourIsland
0x08451C5C	rom	sWindowTemplate_AreaMap_FiveIsland
0x08451C64	rom	sWindowTemplate_AreaMap_SixIsland
0x08451C6C	rom	sWindowTemplate_AreaMap_SevenIsland
0x08451C74	rom	sAreaMapStructs_SeviiIslands
0x08451CAC	rom	sCategoryPageIconWindowBg
0x08451D2C	rom	sPageIconCoords_1Mon
0x08451D30	rom	sPageIconCoords_2Mons
0x08451D38	rom	sPageIconCoords_3Mons
0x08451D44	rom	sPageIconCoords_4Mons
0x08451D54	rom	sCategoryPageIconCoords
0x08451D64	rom	sDexCategoryNamePtrs
0x08451D88	rom	sPalette_Silhouette
0x08451DA8	rom	sDexScreenPageTurnColumns
0x08451ED4	rom	sScrollArrowsTemplate_CategoryMenu
0x08451EE4	rom	sCursorStruct_CategoryPage
0x08451EF0	rom	sDexCategory_GrasslandPkmn_Page1
0x08451EF8	rom	sDexCategory_GrasslandPkmn_Page2
0x08451F00	rom	sDexCategory_GrasslandPkmn_Page3
0x08451F06	rom	sDexCategory_GrasslandPkmn_Page4
0x08451F0C	rom	sDexCategory_GrasslandPkmn_Page5
0x08451F14	rom	sDexCategory_GrasslandPkmn_Page6
0x08451F1C	rom	sDexCategory_GrasslandPkmn_Page7
0x08451F22	rom	sDexCategory_GrasslandPkmn_Page8
0x08451F2A	rom	sDexCategory_GrasslandPkmn_Page9
0x08451F2E	rom	sDexCategory_GrasslandPkmn_Page10
0x08451F34	rom	sDexCategory_GrasslandPkmn_Page11
0x08451F3A	rom	sDexCategory_GrasslandPkmn_Page12
0x08451F3E	rom	sDexCategory_GrasslandPkmn_Page13
0x08451F42	rom	sDexCategory_GrasslandPkmn_Page14
0x08451F4A	rom	sDexCategory_GrasslandPkmn_Page15
0x08451F4E	rom	sDexCategory_GrasslandPkmn_Page16
0x08451F52	rom	sDexCategory_GrasslandPkmn_Page17
0x08451F5A	rom	sDexCategory_GrasslandPkmn_Page18
0x08451F62	rom	sDexCategory_GrasslandPkmn_Page19
0x08451F66	rom	sDexCategory_GrasslandPkmn_Page20
0x08451F6A	rom	sDexCategory_GrasslandPkmn_Page21
0x08451F6E	rom	sDexCategory_GrasslandPkmn_Page22
0x08451F72	rom	sDexCategory_GrasslandPkmn_Page23
0x08451F78	rom	sDexCategory_GrasslandPkmn_Page24
0x08451F7E	rom	sDexCategory_GrasslandPkmn_Page25
0x08451F84	rom	sDexCategory_GrasslandPkmn_Page26
0x08451F8A	rom	sDexCategory_GrasslandPkmn_Page27
0x08451F90	rom	sDexCategory_ForestPkmn_Page1
0x08451F96	rom	sDexCategory_ForestPkmn_Page2
0x08451F9C	rom	sDexCategory_ForestPkmn_Page3
0x08451FA2	rom	sDexCategory_ForestPkmn_Page4
0x08451FA6	rom	sDexCategory_ForestPkmn_Page5
0x08451FAC	rom	sDexCategory_ForestPkmn_Page6
0x08451FB4	rom	sDexCategory_ForestPkmn_Page7
0x08451FBA	rom	sDexCategory_ForestPkmn_Page8
0x08451FC0	rom	sDexCategory_ForestPkmn_Page9
0x08451FC8	rom	sDexCategory_ForestPkmn_Page10
0x08451FCE	rom	sDexCategory_ForestPkmn_Page11
0x08451FD4	rom	sDexCategory_ForestPkmn_Page12
0x08451FDC	rom	sDexCategory_ForestPkmn_Page13
0x08451FE2	rom	sDexCategory_ForestPkmn_Page14
0x08451FE6	rom	sDexCategory_ForestPkmn_Page15
0x08451FEA	rom	sDexCategory_ForestPkmn_Page16
0x08451FF0	rom	sDexCategory_ForestPkmn_Page17
0x08451FF4	rom	sDexCategory_ForestPkmn_Page18
0x08451FF8	rom	sDexCategory_ForestPkmn_Page19
0x08451FFE	rom	sDexCategory_ForestPkmn_Page20
0x08452004	rom	sDexCategory_ForestPkmn_Page21
0x08452008	rom	sDexCategory_ForestPkmn_Page22
0x0845200E	rom	sDexCategory_ForestPkmn_Page23
0x08452012	rom	sDexCategory_ForestPkmn_Page24
0x08452016	rom	sDexCategory_ForestPkmn_Page25
0x0845201C	rom	sDexCategory_ForestPkmn_Page26
0x0845201E	rom	sDexCategory_WatersEdgePkmn_Page1
0x08452022	rom	sDexCategory_WatersEdgePkmn_Page2
0x0845202A	rom	sDexCategory_WatersEdgePkmn_Page3
0x08452032	rom	sDexCategory_WatersEdgePkmn_Page4
0x08452038	rom	sDexCategory_WatersEdgePkmn_Page5
0x0845203C	rom	sDexCategory_WatersEdgePkmn_Page6
0x08452044	rom	sDexCategory_WatersEdgePkmn_Page7
0x0845204C	rom	sDexCategory_WatersEdgePkmn_Page8
0x08452052	rom	sDexCategory_WatersEdgePkmn_Page9
0x08452058	rom	sDexCategory_WatersEdgePkmn_Page10
0x0845205C	rom	sDexCategory_WatersEdgePkmn_Page11
0x08452060	rom	sDexCategory_WatersEdgePkmn_Page12
0x08452066	rom	sDexCategory_WatersEdgePkmn_Page13
0x0845206C	rom	sDexCategory_WatersEdgePkmn_Page14
0x08452072	rom	sDexCategory_WatersEdgePkmn_Page15
0x08452078	rom	sDexCategory_WatersEdgePkmn_Page16
0x0845207C	rom	sDexCategory_SeaPkmn_Page1
0x08452080	rom	sDexCategory_SeaPkmn_Page2
0x08452084	rom	sDexCategory_SeaPkmn_Page3
0x08452088	rom	sDexCategory_SeaPkmn_Page4
0x08452090	rom	sDexCategory_SeaPkmn_Page5
0x08452094	rom	sDexCategory_SeaPkmn_Page6
0x0845209A	rom	sDexCategory_SeaPkmn_Page7
0x084520A2	rom	sDexCategory_SeaPkmn_Page8
0x084520A6	rom	sDexCategory_SeaPkmn_Page9
0x084520AC	rom	sDexCategory_SeaPkmn_Page10
0x084520B4	rom	sDexCategory_SeaPkmn_Page11
0x084520BA	rom	sDexCategory_SeaPkmn_Page12
0x084520BC	rom	sDexCategory_SeaPkmn_Page13
0x084520BE	rom	sDexCategory_SeaPkmn_Page14
0x084520C6	rom	sDexCategory_SeaPkmn_Page15
0x084520CA	rom	sDexCategory_SeaPkmn_Page16
0x084520CC	rom	sDexCategory_CavePkmn_Page1
0x084520D2	rom	sDexCategory_CavePkmn_Page2
0x084520DA	rom	sDexCategory_CavePkmn_Page3
0x084520E2	rom	sDexCategory_CavePkmn_Page4
0x084520E8	rom	sDexCategory_CavePkmn_Page5
0x084520EE	rom	sDexCategory_CavePkmn_Page6
0x084520F2	rom	sDexCategory_CavePkmn_Page7
0x084520F8	rom	sDexCategory_CavePkmn_Page8
0x084520FC	rom	sDexCategory_CavePkmn_Page9
0x08452100	rom	sDexCategory_CavePkmn_Page10
0x08452106	rom	sDexCategory_MountainPkmn_Page1
0x0845210C	rom	sDexCategory_MountainPkmn_Page2
0x08452114	rom	sDexCategory_MountainPkmn_Page3
0x0845211A	rom	sDexCategory_MountainPkmn_Page4
0x08452120	rom	sDexCategory_MountainPkmn_Page5
0x08452124	rom	sDexCategory_MountainPkmn_Page6
0x0845212C	rom	sDexCategory_MountainPkmn_Page7
0x08452134	rom	sDexCategory_MountainPkmn_Page8
0x0845213C	rom	sDexCategory_MountainPkmn_Page9
0x08452140	rom	sDexCategory_MountainPkmn_Page10
0x08452146	rom	sDexCategory_MountainPkmn_Page11
0x0845214C	rom	sDexCategory_MountainPkmn_Page12
0x08452152	rom	sDexCategory_MountainPkmn_Page13
0x08452154	rom	sDexCategory_MountainPkmn_Page14
0x08452156	rom	sDexCategory_MountainPkmn_Page15
0x08452158	rom	sDexCategory_MountainPkmn_Page16
0x0845215E	rom	sDexCategory_MountainPkmn_Page17
0x08452160	rom	sDexCategory_RoughTerrainPkmn_Page1
0x08452164	rom	sDexCategory_RoughTerrainPkmn_Page2
0x0845216C	rom	sDexCategory_RoughTerrainPkmn_Page3
0x08452170	rom	sDexCategory_RoughTerrainPkmn_Page4
0x08452178	rom	sDexCategory_RoughTerrainPkmn_Page5
0x0845217C	rom	sDexCategory_RoughTerrainPkmn_Page6
0x08452182	rom	sDexCategory_RoughTerrainPkmn_Page7
0x08452184	rom	sDexCategory_RoughTerrainPkmn_Page8
0x08452188	rom	sDexCategory_RoughTerrainPkmn_Page9
0x0845218E	rom	sDexCategory_RoughTerrainPkmn_Page10
0x08452194	rom	sDexCategory_RoughTerrainPkmn_Page11
0x08452196	rom	sDexCategory_UrbanPkmn_Page1
0x0845219E	rom	sDexCategory_UrbanPkmn_Page2
0x084521A6	rom	sDexCategory_UrbanPkmn_Page3
0x084521AA	rom	sDexCategory_UrbanPkmn_Page4
0x084521B0	rom	sDexCategory_UrbanPkmn_Page5
0x084521B6	rom	sDexCategory_UrbanPkmn_Page6
0x084521BE	rom	sDexCategory_UrbanPkmn_Page7
0x084521C6	rom	sDexCategory_UrbanPkmn_Page8
0x084521CA	rom	sDexCategory_UrbanPkmn_Page9
0x084521D2	rom	sDexCategory_UrbanPkmn_Page10
0x084521D4	rom	sDexCategory_UrbanPkmn_Page11
0x084521DC	rom	sDexCategory_UrbanPkmn_Page12
0x084521E0	rom	sDexCategory_RarePkmn_Page1
0x084521E2	rom	sDexCategory_RarePkmn_Page2
0x084521E8	rom	sDexCategory_RarePkmn_Page3
0x084521EA	rom	sDexCategory_RarePkmn_Page4
0x084521EC	rom	sDexCategory_RarePkmn_Page5
0x084521EE	rom	sDexCategory_RarePkmn_Page6
0x084521F0	rom	sDexCategory_RarePkmn_Page7
0x084521F2	rom	sDexCategory_RarePkmn_Page8
0x084521F4	rom	sDexCategory_GrasslandPkmn
0x084522CC	rom	sDexCategory_ForestPkmn
0x0845239C	rom	sDexCategory_WatersEdgePkmn
0x0845241C	rom	sDexCategory_SeaPkmn
0x0845249C	rom	sDexCategory_CavePkmn
0x084524EC	rom	sDexCategory_MountainPkmn
0x08452574	rom	sDexCategory_RoughTerrainPkmn
0x084525CC	rom	sDexCategory_UrbanPkmn
0x0845262C	rom	sDexCategory_RarePkmn
0x0845266C	rom	gDexCategories
0x084526B4	rom	sMenuInfoIcons
0x08452714	rom	sBgTemplates
0x0845271C	rom	sPocketNames
0x08452728	rom	sItemListTilemap
0x084528D8	rom	sItemMenuContextActions
0x08452938	rom	sContextMenuItems_Field
0x08452944	rom	sContextMenuItems_CheckGiveTossCancel
0x08452948	rom	sContextMenuItems_GiveIfNotKeyItemPocket
0x0845294E	rom	sContextMenuItems_Open
0x08452950	rom	sContextMenuItems_BattleUse
0x08452952	rom	sContextMenuItems_Cancel
0x08452954	rom	sItemContextTaskFuncs
0x08452970	rom	sYesNoMenu_Toss
0x08452978	rom	sYesNoMenu_Sell
0x08452980	rom	sListItemTextColor_RegularItem
0x08452986	rom	sListItemTextColor_TmCase_BerryPouch
0x0845298C	rom	sPocketSwitchArrowPairTemplate
0x0845299C	rom	sBlit_SelectButton
0x08452A5C	rom	sSaveLocationPokeCenterList
0x08452AB2	rom	sSaveLocationReloadLocList
0x08452AB4	rom	sEmptyMapList
0x08452AB8	rom	sBagWindowPalF
0x08452AD8	rom	sTextColors
0x08452AE4	rom	sDefaultBagWindowsStd
0x08452B04	rom	sDefaultBagWindowsDeposit
0x08452B24	rom	sWindowTemplates
0x08452B94	rom	sUnused
0x08452B98	rom	sDummyPicData
0x08452BA4	rom	sOamData_Normal
0x08452BAC	rom	sRematches
0x0845397C	rom	sMovementScript_Wait48
0x08453980	rom	sMovementScript_TrainerUnfought
0x08453982	rom	sMovementScript_TrainerNoRematch
0x08453984	rom	sMovementScript_TrainerRematch
0x08453987	rom	sFaceDirectionMovementTypeByFacingDirection
0x0845398C	rom	sBgTemplates
0x08453994	rom	sItemPcSubmenuOptions
0x084539AC	rom	sTextColors
0x084539B8	rom	sWindowTemplates
0x084539F0	rom	sSubwindowTemplates
0x08453A08	rom	sWindowTemplates
0x08453A20	rom	sTextColor
0x08453A23	rom	sString_Dummy
0x08453A24	rom	DecorGfx_SMALL_DESK
0x08453A26	rom	DecorGfx_POKEMON_DESK
0x08453A28	rom	DecorGfx_HEAVY_DESK
0x08453A34	rom	DecorGfx_RAGGED_DESK
0x08453A40	rom	DecorGfx_COMFORT_DESK
0x08453A4C	rom	DecorGfx_PRETTY_DESK
0x08453A5E	rom	DecorGfx_BRICK_DESK
0x08453A70	rom	DecorGfx_CAMP_DESK
0x08453A82	rom	DecorGfx_HARD_DESK
0x08453A94	rom	DecorGfx_SMALL_CHAIR
0x08453A96	rom	DecorGfx_POKEMON_CHAIR
0x08453A98	rom	DecorGfx_HEAVY_CHAIR
0x08453A9A	rom	DecorGfx_PRETTY_CHAIR
0x08453A9C	rom	DecorGfx_COMFORT_CHAIR
0x08453A9E	rom	DecorGfx_RAGGED_CHAIR
0x08453AA0	rom	DecorGfx_BRICK_CHAIR
0x08453AA2	rom	DecorGfx_CAMP_CHAIR
0x08453AA4	rom	DecorGfx_HARD_CHAIR
0x08453AA6	rom	DecorGfx_RED_PLANT
0x08453AAA	rom	DecorGfx_TROPICAL_PLANT
0x08453AAE	rom	DecorGfx_PRETTY_FLOWERS
0x08453AB2	rom	DecorGfx_COLORFUL_PLANT
0x08453ABA	rom	DecorGfx_BIG_PLANT
0x08453AC2	rom	DecorGfx_GORGEOUS_PLANT
0x08453ACA	rom	DecorGfx_RED_BRICK
0x08453ACE	rom	DecorGfx_YELLOW_BRICK
0x08453AD2	rom	DecorGfx_BLUE_BRICK
0x08453AD6	rom	DecorGfx_RED_BALLOON
0x08453AD8	rom	DecorGfx_BLUE_BALLOON
0x08453ADA	rom	DecorGfx_YELLOW_BALLOON
0x08453ADC	rom	DecorGfx_RED_TENT
0x08453AEE	rom	DecorGfx_BLUE_TENT
0x08453B00	rom	DecorGfx_SOLID_BOARD
0x08453B04	rom	DecorGfx_SLIDE
0x08453B14	rom	DecorGfx_FENCE_LENGTH
0x08453B16	rom	DecorGfx_FENCE_WIDTH
0x08453B18	rom	DecorGfx_TIRE
0x08453B20	rom	DecorGfx_STAND
0x08453B30	rom	DecorGfx_MUD_BALL
0x08453B32	rom	DecorGfx_BREAKABLE_DOOR
0x08453B36	rom	DecorGfx_SAND_ORNAMENT
0x08453B3A	rom	DecorGfx_SILVER_SHIELD
0x08453B3E	rom	DecorGfx_GOLD_SHIELD
0x08453B42	rom	DecorGfx_GLASS_ORNAMENT
0x08453B46	rom	DecorGfx_TV
0x08453B48	rom	DecorGfx_ROUND_TV
0x08453B4A	rom	DecorGfx_CUTE_TV
0x08453B4C	rom	DecorGfx_GLITTER_MAT
0x08453B4E	rom	DecorGfx_JUMP_MAT
0x08453B50	rom	DecorGfx_SPIN_MAT
0x08453B52	rom	DecorGfx_C_LOW_NOTE_MAT
0x08453B54	rom	DecorGfx_D_NOTE_MAT
0x08453B56	rom	DecorGfx_E_NOTE_MAT
0x08453B58	rom	DecorGfx_F_NOTE_MAT
0x08453B5A	rom	DecorGfx_G_NOTE_MAT
0x08453B5C	rom	DecorGfx_A_NOTE_MAT
0x08453B5E	rom	DecorGfx_B_NOTE_MAT
0x08453B60	rom	DecorGfx_C_HIGH_NOTE_MAT
0x08453B62	rom	DecorGfx_SURF_MAT
0x08453B74	rom	DecorGfx_THUNDER_MAT
0x08453B86	rom	DecorGfx_FIRE_BLAST_MAT
0x08453B98	rom	DecorGfx_POWDER_SNOW_MAT
0x08453BAA	rom	DecorGfx_ATTRACT_MAT
0x08453BBC	rom	DecorGfx_FISSURE_MAT
0x08453BCE	rom	DecorGfx_SPIKES_MAT
0x08453BE0	rom	DecorGfx_BALL_POSTER
0x08453BE2	rom	DecorGfx_GREEN_POSTER
0x08453BE4	rom	DecorGfx_RED_POSTER
0x08453BE6	rom	DecorGfx_BLUE_POSTER
0x08453BE8	rom	DecorGfx_CUTE_POSTER
0x08453BEA	rom	DecorGfx_PIKA_POSTER
0x08453BEE	rom	DecorGfx_LONG_POSTER
0x08453BF2	rom	DecorGfx_SEA_POSTER
0x08453BF6	rom	DecorGfx_SKY_POSTER
0x08453BFA	rom	DecorGfx_KISS_POSTER
0x08453BFE	rom	DecorGfx_PICHU_DOLL
0x08453C00	rom	DecorGfx_PIKACHU_DOLL
0x08453C02	rom	DecorGfx_MARILL_DOLL
0x08453C04	rom	DecorGfx_TOGEPI_DOLL
0x08453C06	rom	DecorGfx_CYNDAQUIL_DOLL
0x08453C08	rom	DecorGfx_CHIKORITA_DOLL
0x08453C0A	rom	DecorGfx_TOTODILE_DOLL
0x08453C0C	rom	DecorGfx_JIGGLYPUFF_DOLL
0x08453C0E	rom	DecorGfx_MEOWTH_DOLL
0x08453C10	rom	DecorGfx_CLEFAIRY_DOLL
0x08453C12	rom	DecorGfx_DITTO_DOLL
0x08453C14	rom	DecorGfx_SMOOCHUM_DOLL
0x08453C16	rom	DecorGfx_TREECKO_DOLL
0x08453C18	rom	DecorGfx_TORCHIC_DOLL
0x08453C1A	rom	DecorGfx_MUDKIP_DOLL
0x08453C1C	rom	DecorGfx_DUSKULL_DOLL
0x08453C1E	rom	DecorGfx_WYNAUT_DOLL
0x08453C20	rom	DecorGfx_BALTOY_DOLL
0x08453C22	rom	DecorGfx_KECLEON_DOLL
0x08453C24	rom	DecorGfx_AZURILL_DOLL
0x08453C26	rom	DecorGfx_SKITTY_DOLL
0x08453C28	rom	DecorGfx_SWABLU_DOLL
0x08453C2A	rom	DecorGfx_GULPIN_DOLL
0x08453C2C	rom	DecorGfx_LOTAD_DOLL
0x08453C2E	rom	DecorGfx_SEEDOT_DOLL
0x08453C30	rom	DecorGfx_PIKA_CUSHION
0x08453C32	rom	DecorGfx_ROUND_CUSHION
0x08453C34	rom	DecorGfx_KISS_CUSHION
0x08453C36	rom	DecorGfx_ZIGZAG_CUSHION
0x08453C38	rom	DecorGfx_SPIN_CUSHION
0x08453C3A	rom	DecorGfx_DIAMOND_CUSHION
0x08453C3C	rom	DecorGfx_BALL_CUSHION
0x08453C3E	rom	DecorGfx_GRASS_CUSHION
0x08453C40	rom	DecorGfx_FIRE_CUSHION
0x08453C42	rom	DecorGfx_WATER_CUSHION
0x08453C44	rom	DecorGfx_SNORLAX_DOLL
0x08453C46	rom	DecorGfx_RHYDON_DOLL
0x08453C48	rom	DecorGfx_LAPRAS_DOLL
0x08453C4A	rom	DecorGfx_VENUSAUR_DOLL
0x08453C4C	rom	DecorGfx_CHARIZARD_DOLL
0x08453C4E	rom	DecorGfx_BLASTOISE_DOLL
0x08453C50	rom	DecorGfx_WAILMER_DOLL
0x08453C52	rom	DecorGfx_REGIROCK_DOLL
0x08453C54	rom	DecorGfx_REGICE_DOLL
0x08453C56	rom	DecorGfx_REGISTEEL_DOLL
0x08453C58	rom	DecorDesc_SMALL_DESK
0x08453C74	rom	DecorDesc_POKEMON_DESK
0x08453CA4	rom	DecorDesc_HEAVY_DESK
0x08453CDC	rom	DecorDesc_RAGGED_DESK
0x08453D13	rom	DecorDesc_COMFORT_DESK
0x08453D4C	rom	DecorDesc_PRETTY_DESK
0x08453D82	rom	DecorDesc_BRICK_DESK
0x08453DB8	rom	DecorDesc_CAMP_DESK
0x08453DF1	rom	DecorDesc_HARD_DESK
0x08453E24	rom	DecorDesc_SMALL_CHAIR
0x08453E40	rom	DecorDesc_POKEMON_CHAIR
0x08453E71	rom	DecorDesc_HEAVY_CHAIR
0x08453E8E	rom	DecorDesc_PRETTY_CHAIR
0x08453EAB	rom	DecorDesc_COMFORT_CHAIR
0x08453EC9	rom	DecorDesc_RAGGED_CHAIR
0x08453EE5	rom	DecorDesc_BRICK_CHAIR
0x08453F02	rom	DecorDesc_CAMP_CHAIR
0x08453F1E	rom	DecorDesc_HARD_CHAIR
0x08453F3A	rom	DecorDesc_RED_PLANT
0x08453F54	rom	DecorDesc_TROPICAL_PLANT
0x08453F79	rom	DecorDesc_PRETTY_FLOWERS
0x08453F90	rom	DecorDesc_COLORFUL_PLANT
0x08453FB8	rom	DecorDesc_BIG_PLANT
0x08453FE6	rom	DecorDesc_GORGEOUS_PLANT
0x0845400E	rom	DecorDesc_RED_BRICK
0x08454045	rom	DecorDesc_YELLOW_BRICK
0x0845407A	rom	DecorDesc_BLUE_BRICK
0x084540AD	rom	DecorDesc_RED_BALLOON
0x084540E4	rom	DecorDesc_BLUE_BALLOON
0x0845411C	rom	DecorDesc_YELLOW_BALLOON
0x08454154	rom	DecorDesc_RED_TENT
0x0845417E	rom	DecorDesc_BLUE_TENT
0x084541A9	rom	DecorDesc_SOLID_BOARD
0x084541D7	rom	DecorDesc_SLIDE
0x084541FC	rom	DecorDesc_FENCE_LENGTH
0x0845421F	rom	DecorDesc_FENCE_WIDTH
0x08454242	rom	DecorDesc_TIRE
0x08454277	rom	DecorDesc_STAND
0x08454294	rom	DecorDesc_MUD_BALL
0x084542C1	rom	DecorDesc_BREAKABLE_DOOR
0x084542F2	rom	DecorDesc_SAND_ORNAMENT
0x08454321	rom	DecorDesc_SILVER_SHIELD
0x08454353	rom	DecorDesc_GOLD_SHIELD
0x08454386	rom	DecorDesc_GLASS_ORNAMENT
0x084543BF	rom	DecorDesc_TV
0x084543DE	rom	DecorDesc_ROUND_TV
0x08454409	rom	DecorDesc_CUTE_TV
0x08454434	rom	DecorDesc_GLITTER_MAT
0x0845445C	rom	DecorDesc_JUMP_MAT
0x0845448A	rom	DecorDesc_SPIN_MAT
0x084544B9	rom	DecorDesc_C_LOW_NOTE_MAT
0x084544E8	rom	DecorDesc_D_NOTE_MAT
0x08454513	rom	DecorDesc_E_NOTE_MAT
0x0845453F	rom	DecorDesc_F_NOTE_MAT
0x0845456B	rom	DecorDesc_G_NOTE_MAT
0x08454596	rom	DecorDesc_A_NOTE_MAT
0x084545C2	rom	DecorDesc_B_NOTE_MAT
0x084545ED	rom	DecorDesc_C_HIGH_NOTE_MAT
0x0845461D	rom	DecorDesc_SURF_MAT
0x08454651	rom	DecorDesc_THUNDER_MAT
0x08454688	rom	DecorDesc_FIRE_BLAST_MAT
0x084546C2	rom	DecorDesc_POWDER_SNOW_MAT
0x084546FB	rom	DecorDesc_ATTRACT_MAT
0x08454733	rom	DecorDesc_FISSURE_MAT
0x0845476A	rom	DecorDesc_SPIKES_MAT
0x084547A0	rom	DecorDesc_BALL_POSTER
0x084547C8	rom	DecorDesc_GREEN_POSTER
0x084547ED	rom	DecorDesc_RED_POSTER
0x08454812	rom	DecorDesc_BLUE_POSTER
0x08454836	rom	DecorDesc_CUTE_POSTER
0x0845485C	rom	DecorDesc_PIKA_POSTER
0x0845488B	rom	DecorDesc_LONG_POSTER
0x084548B0	rom	DecorDesc_SEA_POSTER
0x084548D7	rom	DecorDesc_SKY_POSTER
0x084548FC	rom	DecorDesc_KISS_POSTER
0x08454922	rom	DecorDesc_PICHU_DOLL
0x0845494D	rom	DecorDesc_PIKACHU_DOLL
0x0845497A	rom	DecorDesc_MARILL_DOLL
0x084549A6	rom	DecorDesc_TOGEPI_DOLL
0x084549D2	rom	DecorDesc_CYNDAQUIL_DOLL
0x08454A01	rom	DecorDesc_CHIKORITA_DOLL
0x08454A30	rom	DecorDesc_TOTODILE_DOLL
0x08454A5E	rom	DecorDesc_JIGGLYPUFF_DOLL
0x08454A8E	rom	DecorDesc_MEOWTH_DOLL
0x08454ABA	rom	DecorDesc_CLEFAIRY_DOLL
0x08454AE8	rom	DecorDesc_DITTO_DOLL
0x08454B13	rom	DecorDesc_SMOOCHUM_DOLL
0x08454B41	rom	DecorDesc_TREECKO_DOLL
0x08454B6E	rom	DecorDesc_TORCHIC_DOLL
0x08454B9B	rom	DecorDesc_MUDKIP_DOLL
0x08454BC7	rom	DecorDesc_DUSKULL_DOLL
0x08454BF4	rom	DecorDesc_WYNAUT_DOLL
0x08454C20	rom	DecorDesc_BALTOY_DOLL
0x08454C4C	rom	DecorDesc_KECLEON_DOLL
0x08454C79	rom	DecorDesc_AZURILL_DOLL
0x08454CA7	rom	DecorDesc_SKITTY_DOLL
0x08454CD3	rom	DecorDesc_SWABLU_DOLL
0x08454CFF	rom	DecorDesc_GULPIN_DOLL
0x08454D2B	rom	DecorDesc_LOTAD_DOLL
0x08454D56	rom	DecorDesc_SEEDOT_DOLL
0x08454D82	rom	DecorDesc_PIKA_CUSHION
0x08454DB2	rom	DecorDesc_ROUND_CUSHION
0x08454DE1	rom	DecorDesc_KISS_CUSHION
0x08454E12	rom	DecorDesc_ZIGZAG_CUSHION
0x08454E44	rom	DecorDesc_SPIN_CUSHION
0x08454E73	rom	DecorDesc_DIAMOND_CUSHION
0x08454EA3	rom	DecorDesc_BALL_CUSHION
0x08454ED0	rom	DecorDesc_GRASS_CUSHION
0x08454F03	rom	DecorDesc_FIRE_CUSHION
0x08454F35	rom	DecorDesc_WATER_CUSHION
0x08454F68	rom	DecorDesc_SNORLAX_DOLL
0x08454F93	rom	DecorDesc_RHYDON_DOLL
0x08454FBE	rom	DecorDesc_LAPRAS_DOLL
0x08454FE9	rom	DecorDesc_VENUSAUR_DOLL
0x08455014	rom	DecorDesc_CHARIZARD_DOLL
0x0845503F	rom	DecorDesc_BLASTOISE_DOLL
0x0845506A	rom	DecorDesc_WAILMER_DOLL
0x08455095	rom	DecorDesc_REGIROCK_DOLL
0x084550C0	rom	DecorDesc_REGICE_DOLL
0x084550EB	rom	DecorDesc_REGISTEEL_DOLL
0x08455118	rom	gDecorations
0x08456038	rom	sTopBarWindowTextColors
0x0845603C	rom	sWindowTemplates
0x08456054	rom	sTextColors
0x08456058	rom	sDescriptionWindow_Gfx
0x084560B8	rom	sQuestLogTextLineYCoords
0x084560C4	rom	sDummyFlagOrVarRecord
0x084560C8	rom	gHelpMessageWindow_Gfx
0x08456348	rom	sHelpMessageWindowTemplate
0x08456350	rom	sHelpMessageTextColors
0x08456354	rom	sCounterIncrements
0x08456358	rom	sFanClubMemberIds.27
0x08456360	rom	sFanClubMemberIds.31
0x08456368	rom	sRecordEventFuncs
0x08456414	rom	sLoadEventFuncs
0x084564C0	rom	sQuestLogEventCmdSizes
0x084564EC	rom	sDefeatedOpponentFlavorTexts
0x084564F8	rom	sDefeatedChampionFlavorTexts
0x08456504	rom	sBattleOutcomeTexts
0x08456510	rom	sLocationNameTexts
0x084565DC	rom	sDepartedLocationTexts
0x08456604	rom	sLocationToDepartedTextId
0x08456637	rom	sGymCityMapSecs
0x08456640	rom	sUsedFieldMoveTexts
0x08456670	rom	sWorldMapFlags
0x08456694	rom	sLinkGroupActivityNameTexts
0x084566F0	rom	sWindowTemplate_BButtonCancel
0x084566F8	rom	sLinkGroupToActivityAndCapacity
0x0845671C	rom	sWindowTemplate_List_PossibleGroupMembers
0x08456724	rom	sWindowTemplate_NumPlayerMode
0x0845672C	rom	sListMenuItems_PossibleGroupMembers
0x08456754	rom	sListMenuTemplate_PossibleGroupMembers
0x0845676C	rom	sWindowTemplate_GroupList
0x08456774	rom	sWindowTemplate_PlayerNameAndId
0x0845677C	rom	sListMenuItems_UnionRoomGroups
0x084567FC	rom	sListMenuTemplate_UnionRoomGroups
0x08456814	rom	sWindowTemplate_InviteToActivity
0x0845681C	rom	sListMenuItems_InviteToActivity
0x0845683C	rom	sListMenuTemplate_InviteToActivity
0x08456854	rom	sWindowTemplate_RegisterForTrade
0x0845685C	rom	sListMenuItems_RegisterForTrade
0x08456874	rom	sListMenuTemplate_RegisterForTrade
0x0845688C	rom	sWindowTemplate_TypeNames
0x08456894	rom	sListMenuItems_TypeNames
0x08456924	rom	sListMenuTemplate_TypeNames
0x0845693C	rom	sWindowTemplate_TradingBoardHeader
0x08456944	rom	sWindowTemplate_TradingBoardMain
0x0845694C	rom	sListMenuItems_TradeBoard
0x0845699C	rom	sListMenuTemplate_TradeBoard
0x084569B4	rom	sWindowTemplate_Unused
0x084569BC	rom	sListMenuItems_Unused
0x08456A3C	rom	sListMenuTemplate_Unused
0x08456A54	rom	sRfuPlayerData_Dummy
0x08456A6C	rom	sAcceptedActivityIds_SingleBattle
0x08456A70	rom	sAcceptedActivityIds_DoubleBattle
0x08456A74	rom	sAcceptedActivityIds_MultiBattle
0x08456A78	rom	sAcceptedActivityIds_Trade
0x08456A7C	rom	sAcceptedActivityIds_PokemonJump
0x08456A80	rom	sAcceptedActivityIds_BerryCrush
0x08456A84	rom	sAcceptedActivityIds_BerryPicking
0x08456A88	rom	sAcceptedActivityIds_WonderCard
0x08456A8C	rom	sAcceptedActivityIds_WonderNews
0x08456A90	rom	sAcceptedActivityIds_Resume
0x08456A9C	rom	sAcceptedActivityIds_Init
0x08456AA0	rom	sAcceptedActivityIds_Unk11
0x08456AAC	rom	sAcceptedActivityIds_Unk12
0x08456AB4	rom	sAcceptedActivityIds
0x08456AE8	rom	sLinkGroupToURoomActivity
0x08456AF1	rom	sDotSeparatedValues
0x08456AF8	rom	sUnionRoomObjGfxIds
0x08456B0C	rom	sUnionRoomPlayerCoords
0x08456B2C	rom	sUnionRoomGroupOffsets
0x08456B36	rom	sOppositeFacingDirection
0x08456B3B	rom	sMemberFacingDirections
0x08456B40	rom	sUnionRoomLocalIds
0x08456B48	rom	sHidePlayerFlags
0x08456BAD	rom	sMovement_UnionPlayerExit
0x08456BAF	rom	sMovement_UnionPlayerEnter
0x08456BB4	rom	sBgTemplates
0x08456BB8	rom	sWindowTemplates
0x08456BC8	rom	sTextColors
0x08456BCC	rom	gText_UR_EmptyString
0x08456BD0	rom	gText_UR_Colon
0x08456BD4	rom	gText_UR_ID
0x08456BD8	rom	gText_UR_PleaseStartOver
0x08456C00	rom	gText_UR_WirelessSearchCanceled
0x08456C3C	rom	sText_AwaitingCommunucation2
0x08456C54	rom	gText_UR_AwaitingCommunication
0x08456C84	rom	gText_UR_AwaitingLinkPressStart
0x08456CBC	rom	sText_SingleBattle
0x08456CCC	rom	sText_DoubleBattle
0x08456CDC	rom	sText_MultiBattle
0x08456CEC	rom	sText_TradePokemon
0x08456D00	rom	sText_Chat
0x08456D10	rom	sText_DistWonderCard
0x08456D1C	rom	sText_DistWonderNews
0x08456D2C	rom	sText_DistMysteryEvent
0x08456D40	rom	sText_HoldPokemonJump
0x08456D50	rom	sText_HoldBerryCrush
0x08456D64	rom	sText_HoldBerryPicking
0x08456D74	rom	sText_HoldSpinTrade
0x08456D88	rom	sText_HoldSpinShop
0x08456D9C	rom	sLinkGroupActionTexts
0x08456DD4	rom	sText_1PlayerNeeded
0x08456DE5	rom	sText_2PlayersNeeded
0x08456DF7	rom	sText_3PlayersNeeded
0x08456E09	rom	sText_4PlayersNeeded
0x08456E14	rom	sText_2PlayerMode
0x08456E22	rom	sText_3PlayerMode
0x08456E30	rom	sText_4PlayerMode
0x08456E3E	rom	sText_5PlayerMode
0x08456E4C	rom	gTexts_UR_PlayersNeededOrMode
0x08456E9C	rom	gText_UR_BButtonCancel
0x08456EA8	rom	sText_SearchingForParticipants
0x08456EC0	rom	gText_UR_PlayerContactedYouForXAccept
0x08456EE4	rom	gText_UR_PlayerContactedYouShareX
0x08456F0C	rom	gText_UR_PlayerContactedYouAddToMembers
0x08456F34	rom	gText_UR_AreTheseMembersOK
0x08456F50	rom	gText_UR_CancelModeWithTheseMembers
0x08456F74	rom	gText_UR_AnOKWasSentToPlayer
0x08456F8C	rom	sText_OtherTrainerUnavailableNow
0x08456FC4	rom	sText_CantTransmitTrainerTooFar
0x08456FFC	rom	sText_TrainersNotReadyYet
0x08457028	rom	gTexts_UR_CantTransmitToTrainer
0x08457030	rom	gText_UR_ModeWithTheseMembersWillBeCanceled
0x08457064	rom	sText_MemberNoLongerAvailable
0x0845709C	rom	gTexts_UR_PlayerUnavailable
0x084570A4	rom	sText_TrainerAppearsUnavailable
0x084570CC	rom	gText_UR_PlayerSentBackOK
0x084570E4	rom	gText_UR_PlayerOKdRegistration
0x0845710C	rom	sText_PlayerRepliedNo
0x08457120	rom	gText_UR_AwaitingOtherMembers
0x0845713C	rom	gText_UR_QuitBeingMember
0x08457154	rom	sText_StoppedBeingMember
0x08457174	rom	gTexts_UR_PlayerDisconnected
0x0845719C	rom	gText_UR_WirelessLinkEstablished
0x084571DC	rom	gText_UR_WirelessLinkDropped
0x08457218	rom	gText_UR_LinkWithFriendDropped
0x08457244	rom	sText_PlayerRepliedNo2
0x08457258	rom	gTexts_UR_LinkDropped
0x08457280	rom	sText_DoYouWantXMode
0x0845729C	rom	sText_DoYouWantXMode2
0x084572B8	rom	sDoYouWantModeTexts
0x084572C0	rom	sText_CommunicatingPleaseWait
0x084572DC	rom	gText_UR_AwaitingPlayersResponseAboutTrade
0x08457304	rom	sText_Communicating
0x08457370	rom	sText_CommunicatingWithPlayer
0x084573DC	rom	sText_PleaseWaitAWhile
0x08457454	rom	gTexts_UR_CommunicatingWait
0x08457460	rom	sText_HiDoSomethingMale
0x08457490	rom	sText_HiDoSomethingFemale
0x084574B8	rom	sText_HiDoSomethingAgainMale
0x084574F0	rom	sText_HiDoSomethingAgainFemale
0x08457524	rom	gTexts_UR_HiDoSomething
0x08457534	rom	sText_DoSomethingMale
0x0845754C	rom	sText_DoSomethingFemale
0x0845756C	rom	sText_DoSomethingAgainMale
0x08457590	rom	sText_DoSomethingAgainFemale
0x084575A0	rom	sDoSomethingTexts
0x084575B0	rom	sText_SomebodyHasContactedYou
0x084575D0	rom	sText_PlayerHasContactedYou
0x084575EC	rom	gTexts_UR_PlayerContactedYou
0x084575F4	rom	sText_AwaitingResponseFromTrainer
0x08457620	rom	sText_AwaitingResponseFromPlayer
0x08457640	rom	gTexts_UR_AwaitingResponse
0x08457648	rom	sText_AwaitingResponseCancelBButton
0x08457668	rom	gText_UR_ShowTrainerCard
0x084576C4	rom	gText_UR_BattleChallenge
0x08457718	rom	gText_UR_ChatInvitation
0x08457764	rom	gText_UR_OfferToTradeMon
0x084577D8	rom	gText_UR_OfferToTradeEgg
0x0845782C	rom	gText_UR_ChatDropped
0x08457848	rom	gText_UR_OfferDeclined1
0x08457864	rom	gText_UR_OfferDeclined2
0x08457880	rom	gText_UR_ChatEnded
0x08457898	rom	sInvitationTexts
0x084578A8	rom	sText_JoinChatMale
0x084578E0	rom	sText_PlayerJoinChatMale
0x08457920	rom	sText_JoinChatFemale
0x0845795C	rom	sText_PlayerJoinChatFemale
0x084579A0	rom	gTexts_UR_JoinChat
0x084579B0	rom	gText_UR_TrainerAppearsBusy
0x084579D4	rom	sText_WaitForBattleMale
0x08457A08	rom	sText_WaitForChatMale
0x08457A3C	rom	sText_ShowTrainerCardMale
0x08457A74	rom	sText_WaitForBattleFemale
0x08457AA8	rom	sText_WaitForChatFemale
0x08457AE0	rom	sText_ShowTrainerCardFemale
0x08457B14	rom	gTexts_UR_WaitOrShowCard
0x08457B34	rom	sText_WaitForChatMale2
0x08457B4C	rom	sText_DoneWaitingBattleMale
0x08457B84	rom	sText_DoneWaitingChatMale
0x08457BA0	rom	sText_DoneWaitingBattleFemale
0x08457BD0	rom	sText_DoneWaitingChatFemale
0x08457BF8	rom	sText_TradeWillBeStarted
0x08457C18	rom	sText_BattleWillBeStarted
0x08457C38	rom	sText_EnteringChat
0x08457C50	rom	gTexts_UR_StartActivity
0x08457C80	rom	sText_BattleDeclinedMale
0x08457CE0	rom	sText_BattleDeclinedFemale
0x08457D34	rom	gTexts_UR_BattleDeclined
0x08457D3C	rom	sText_ShowTrainerCardDeclinedMale
0x08457D8C	rom	sText_ShowTrainerCardDeclinedFemale
0x08457DD4	rom	gTexts_UR_ShowTrainerCardDeclined
0x08457DDC	rom	sText_IfYouWantToDoSomethingMale
0x08457E18	rom	sText_IfYouWantToDoSomethingFemale
0x08457E4C	rom	gTexts_UR_IfYouWantToDoSomething
0x08457E54	rom	gText_UR_TrainerBattleBusy
0x08457E9C	rom	gText_UR_NeedTwoMonsOfLevel30OrLower1
0x08457EE0	rom	gText_UR_NeedTwoMonsOfLevel30OrLower2
0x08457F1C	rom	sText_DeclineChatMale
0x08457F48	rom	stext_DeclineChatFemale
0x08457F68	rom	gTexts_UR_DeclineChat
0x08457F70	rom	sText_ChatDeclinedMale
0x08457FB8	rom	sText_ChatDeclinedFemale
0x08458008	rom	gTexts_UR_ChatDeclined
0x08458010	rom	sText_YoureToughMale
0x08458038	rom	sText_UsedGoodMoveMale
0x08458064	rom	sText_BattleSurpriseMale
0x08458088	rom	sText_SwitchedMonsMale
0x084580C0	rom	sText_YoureToughFemale
0x084580F0	rom	sText_UsedGoodMoveFemale
0x08458118	rom	sText_BattleSurpriseFemale
0x08458144	rom	sText_SwitchedMonsFemale
0x08458178	rom	gTexts_UR_BattleReaction
0x08458198	rom	sText_LearnedSomethingMale
0x084581BC	rom	sText_ThatsFunnyMale
0x084581F8	rom	sText_RandomChatMale1
0x0845821C	rom	sText_RandomChatMale2
0x08458248	rom	sText_LearnedSomethingFemale
0x0845826C	rom	sText_ThatsFunnyFemale
0x08458288	rom	sText_RandomChatFemale1
0x084582B8	rom	sText_RandomChatFemale2
0x084582DC	rom	gTexts_UR_ChatReaction
0x084582FC	rom	sText_ShowedTrainerCardMale1
0x08458338	rom	sText_ShowedTrainerCardMale2
0x0845835C	rom	sText_ShowedTrainerCardFemale1
0x0845839C	rom	sText_ShowedTrainerCardFemale2
0x084583CC	rom	gTexts_UR_TrainerCardReaction
0x084583DC	rom	sText_MaleTraded1
0x08458404	rom	sText_MaleTraded2
0x08458444	rom	sText_FemaleTraded1
0x08458464	rom	sText_FemaleTraded2
0x08458498	rom	gTexts_UR_TradeReaction
0x084584B8	rom	gText_UR_XCheckedTradingBoard
0x084584D8	rom	gText_UR_RegisterMonAtTradingBoard
0x08458564	rom	gText_UR_TradingBoardInfo
0x084586A0	rom	sText_ThankYouForRegistering
0x084586D4	rom	sText_NobodyHasRegistered
0x084586F4	rom	gText_UR_ChooseRequestedMonType
0x0845873C	rom	gText_UR_WhichMonWillYouOffer
0x08458774	rom	gText_UR_RegistrationCanceled
0x08458798	rom	gText_UR_RegistraionCompleted
0x084587BC	rom	gText_UR_TradeCanceled
0x084587DC	rom	gText_UR_CancelRegistrationOfMon
0x08458808	rom	gText_UR_CancelRegistrationOfEgg
0x08458830	rom	gText_UR_RegistrationCanceled2
0x08458858	rom	sText_TradeTrainersWillBeListed
0x08458874	rom	sText_ChooseTrainerToTradeWith2
0x08458890	rom	gText_UR_AskTrainerToMakeTrade
0x084588BC	rom	sText_AwaitingResponseFromTrainer2
0x084588D0	rom	sText_NotRegisteredAMonForTrade
0x084588F0	rom	gText_UR_DontHaveTypeTrainerWants
0x08458924	rom	gText_UR_DontHaveEggTrainerWants
0x0845894C	rom	sText_PlayerCantTradeForYourMon
0x08458980	rom	sText_CantTradeForPartnersMon
0x084589B4	rom	sCantTradeMonTexts
0x084589BC	rom	gText_UR_TradeOfferRejected
0x084589DC	rom	gText_UR_EggTrade
0x084589E8	rom	gText_UR_ChooseJoinCancel
0x08458A04	rom	gText_UR_ChooseTrainer
0x08458A20	rom	sText_ChooseTrainerSingleBattle
0x08458A50	rom	sText_ChooseTrainerDoubleBattle
0x08458A80	rom	sText_ChooseLeaderMultiBattle
0x08458AB0	rom	sText_ChooseTrainerToTradeWith
0x08458ADC	rom	sText_ChooseTrainerToShareWonderCards
0x08458B14	rom	sText_ChooseTrainerToShareWonderNews
0x08458B4C	rom	sText_ChooseLeaderPokemonJump
0x08458B80	rom	sText_ChooseLeaderBerryCrush
0x08458BA8	rom	sText_ChooseLeaderBerryPicking
0x08458BD8	rom	gTexts_UR_ChooseTrainer
0x08458BFC	rom	gText_UR_SearchingForWirelessSystemWait
0x08458C34	rom	sText_MustHaveTwoMonsForDoubleBattle
0x08458C58	rom	gText_UR_AwaitingPlayersResponse
0x08458C70	rom	gText_UR_PlayerHasBeenAskedToRegisterYouPleaseWait
0x08458CAC	rom	gText_UR_AwaitingResponseFromWirelessSystem
0x08458CE8	rom	sText_PleaseWaitForOtherTrainersToGather
0x08458D08	rom	sText_NoCardsSharedRightNow
0x08458D34	rom	sText_NoNewsSharedRightNow
0x08458D5C	rom	gTexts_UR_NoWonderShared
0x08458D64	rom	gText_UR_Battle
0x08458D6C	rom	gText_UR_Chat2
0x08458D74	rom	gText_UR_Greetings
0x08458D80	rom	gText_UR_Exit
0x08458D88	rom	gText_UR_Exit2
0x08458D90	rom	gText_UR_Info
0x08458D98	rom	gText_UR_NameWantedOfferLv
0x08458DB4	rom	gText_UR_SingleBattle
0x08458DC4	rom	gText_UR_DoubleBattle
0x08458DD4	rom	gText_UR_MultiBattle
0x08458DE4	rom	gText_UR_PokemonTrades
0x08458DF4	rom	gText_UR_Chat
0x08458DFC	rom	gText_UR_Cards
0x08458E04	rom	gText_UR_WonderCards
0x08458E14	rom	gText_UR_WonderNews
0x08458E20	rom	gText_UR_PokemonJump
0x08458E30	rom	gText_UR_BerryCrush
0x08458E3C	rom	gText_UR_BerryPicking
0x08458E4C	rom	gText_UR_Search
0x08458E54	rom	gText_UR_SpinTrade
0x08458E60	rom	gText_UR_ItemTrade
0x08458E6C	rom	sText_ItsNormalCard
0x08458E80	rom	sText_ItsBronzeCard
0x08458E94	rom	sText_ItsCopperCard
0x08458EA8	rom	sText_ItsSilverCard
0x08458EBC	rom	sText_ItsGoldCard
0x08458ED0	rom	gTexts_UR_CardColor
0x08458EE4	rom	gText_UR_TrainerCardInfoPage1
0x08458F24	rom	gText_UR_TrainerCardInfoPage2
0x08458F64	rom	sText_GladToMeetYouMale
0x08458F84	rom	sText_GladToMeetYouFemale
0x08458FA0	rom	gTexts_UR_GladToMeetYou
0x08458FA8	rom	gText_UR_FinishedCheckingPlayersTrainerCard
0x08458FD0	rom	sText_CanceledReadingCard
0x08458FEC	rom	sClientScript_DynamicError
0x0845900C	rom	gServerScript_ClientCanceledCard
0x08459054	rom	sItemAnimMap
0x0845905C	rom	sBg_Pal
0x0845907C	rom	sBg_TmHm_Pal
0x0845909C	rom	sBg_Gfx
0x0845915C	rom	sBg_Tilemap
0x08459288	rom	sLevelUp_Pal
0x084592A8	rom	sLevelUp_Gfx
0x084592C4	rom	sStar_Pal
0x084592E4	rom	sStar_Gfx
0x08459360	rom	sOutwardSpiralDots_Pal
0x08459380	rom	sOutwardSpiralDots_Gfx
0x084593A0	rom	sBgTemplates
0x084593A8	rom	sWindowTemplates
0x084593B8	rom	s1_2_and_Poof_textPtrs
0x084593C4	rom	sUnusedArray
0x084593CA	rom	sAffineScales
0x084593D2	rom	sStarCoordOffsets
0x084593D8	rom	sSpriteSheet_Star
0x084593E0	rom	sSpritePalette_Star
0x084593E8	rom	sSpriteSheet_UseItem_OutwardSpiralDots
0x084593F0	rom	sSpritePalette_UseItem_OutwardSpiralDots
0x084593F8	rom	sOamData_MonSprite
0x08459400	rom	sAffineAnim_Zoom_0
0x08459410	rom	sAffineAnim_Zoom_1
0x08459420	rom	sAffineAnim_Zoom_2
0x08459430	rom	sAffineAnim_Zoom_3
0x08459440	rom	sAffineAnimTable_Zoom
0x08459450	rom	sSpriteTemplate_MonSprite
0x08459468	rom	sAffineAnim_ItemZoom_0
0x08459480	rom	sAffineAnim_ItemZoom_1
0x08459498	rom	sAffineAnim_ItemZoom_2
0x084594B0	rom	sAffineAnim_ItemZoom_3
0x084594C8	rom	sAffineAnimTable_ItemZoom
0x084594D8	rom	sOamData_LevelUpVertical
0x084594E0	rom	sAnim_LevelUpVertical
0x084594E8	rom	sAnimTable_LevelUpVertical
0x084594EC	rom	sSpriteTemplate_LevelUpVertical
0x08459504	rom	sOamData_Star
0x0845950C	rom	sSpriteTemplate_Star
0x08459524	rom	sOamData_UseItem_OutwardSpiralDots
0x0845952C	rom	sAnim_UseItem_OutwardSpiralDots_0
0x0845953C	rom	sAnim_UseItem_OutwardSpiralDots_1
0x08459548	rom	sAnimTable_UseItem_OutwardSpiralDots
0x08459550	rom	sSpriteTemplate_UseItem_OutwardSpiralDots
0x08459568	rom	sLevelUpWindowStatNames
0x08459580	rom	sTutorMoves
0x0845959E	rom	sTutorLearnsets
0x084598D8	rom	sPartyMenuBgTemplates
0x084598E4	rom	sPartyBoxInfoRects
0x08459924	rom	sPartyMenuSpriteCoords
0x084599E4	rom	sConfirmButton_Tilemap
0x08459A00	rom	sCancelButton_Tilemap
0x08459A1C	rom	sFontColorTable
0x08459A30	rom	sSinglePartyMenuWindowTemplate
0x08459A70	rom	sDoublePartyMenuWindowTemplate
0x08459AB0	rom	sMultiPartyMenuWindowTemplate
0x08459AF0	rom	sShowcaseMultiPartyMenuWindowTemplate
0x08459B28	rom	sCancelButtonWindowTemplate
0x08459B30	rom	sMultiCancelButtonWindowTemplate
0x08459B38	rom	sConfirmButtonWindowTemplate
0x08459B40	rom	sDefaultPartyMsgWindowTemplate
0x08459B48	rom	sDoWhatWithMonMsgWindowTemplate
0x08459B50	rom	sDoWhatWithItemMsgWindowTemplate
0x08459B58	rom	sDoWhatWithMailMsgWindowTemplate
0x08459B60	rom	sWhichMoveMsgWindowTemplate
0x08459B68	rom	sItemGiveTakeWindowTemplate
0x08459B70	rom	sMailReadTakeWindowTemplate
0x08459B78	rom	sMoveSelectWindowTemplate
0x08459B80	rom	sPartyMenuYesNoWindowTemplate
0x08459B88	rom	sLevelUpStatsWindowTemplate
0x08459B90	rom	sWindowTemplate_FirstBattleOakVoiceover
0x08459B98	rom	sFieldMoveDescriptionWindowTemplate
0x08459BA0	rom	sSlotTilemap_Main
0x08459BE6	rom	sSlotTilemap_MainNoHP
0x08459C2C	rom	sSlotTilemap_Wide
0x08459C62	rom	sSlotTilemap_WideNoHP
0x08459C98	rom	sSlotTilemap_WideEmpty
0x08459CCE	rom	sGenderPalOffsets
0x08459CD0	rom	sHPBarPalOffsets
0x08459CD2	rom	sPartyBoxPalOffsets1
0x08459CD5	rom	sPartyBoxPalOffsets2
0x08459CD8	rom	sGenderMalePalIds
0x08459CDA	rom	sGenderFemalePalIds
0x08459CDC	rom	sHPBarGreenPalIds
0x08459CDE	rom	sHPBarYellowPalIds
0x08459CE0	rom	sHPBarRedPalIds
0x08459CE2	rom	sPartyBoxEmptySlotPalIds1
0x08459CE5	rom	sPartyBoxMultiPalIds1
0x08459CE8	rom	sPartyBoxFaintedPalIds1
0x08459CEB	rom	sPartyBoxCurrSelectionPalIds1
0x08459CEE	rom	sPartyBoxCurrSelectionMultiPalIds
0x08459CF1	rom	sPartyBoxCurrSelectionFaintedPalIds
0x08459CF4	rom	sPartyBoxSelectedForActionPalIds1
0x08459CF7	rom	sPartyBoxEmptySlotPalIds2
0x08459CFA	rom	sPartyBoxMultiPalIds2
0x08459CFD	rom	sPartyBoxFaintedPalIds2
0x08459D00	rom	sPartyBoxCurrSelectionPalIds2
0x08459D03	rom	sPartyBoxSelectedForActionPalIds2
0x08459D08	rom	sActionStringTable
0x08459D74	rom	sDescriptionStringTable
0x08459D9C	rom	sFieldMoveDescriptionTable
0x08459DCC	rom	sHeldItemGfx
0x08459E0C	rom	sHeldItemPalette
0x08459E2C	rom	sOamData_HeldItem
0x08459E34	rom	sSpriteAnim_HeldItem
0x08459E3C	rom	sSpriteAnim_HeldMail
0x08459E44	rom	sSpriteAnimTable_HeldItem
0x08459E4C	rom	sSpriteSheet_HeldItem
0x08459E54	rom	sSpritePalette_HeldItem
0x08459E5C	rom	sSpriteTemplate_HeldItem
0x08459E74	rom	sOamData_MenuPokeball
0x08459E7C	rom	sPokeballAnim_Closed
0x08459E84	rom	sPokeballAnim_Open
0x08459E8C	rom	sSpriteAnimTable_MenuPokeball
0x08459E94	rom	sSpriteSheet_MenuPokeball
0x08459E9C	rom	sSpritePalette_MenuPokeball
0x08459EA4	rom	sSpriteTemplate_MenuPokeball
0x08459EBC	rom	sOamData_MenuPokeballSmall
0x08459EC4	rom	sSmallPokeballAnim_Closed
0x08459ECC	rom	sSmallPokeballAnim_Open
0x08459ED4	rom	sSmallPokeballAnim_Blank1
0x08459EDC	rom	sSmallPokeballAnim_Blank2
0x08459EE4	rom	sSmallPokeballAnim_Blank3
0x08459EEC	rom	sSmallPokeballAnim_Blank4
0x08459EF4	rom	sSpriteAnimTable_MenuPokeballSmall
0x08459F0C	rom	sSpriteSheet_MenuPokeballSmall
0x08459F14	rom	sSpriteTemplate_MenuPokeballSmall
0x08459F2C	rom	sOamData_StatusCondition
0x08459F34	rom	sSpriteAnim_StatusPoison
0x08459F3C	rom	sSpriteAnim_StatusParalyzed
0x08459F44	rom	sSpriteAnim_StatusSleep
0x08459F4C	rom	sSpriteAnim_StatusFrozen
0x08459F54	rom	sSpriteAnim_StatusBurn
0x08459F5C	rom	sSpriteAnim_StatusPokerus
0x08459F64	rom	sSpriteAnim_StatusFaint
0x08459F6C	rom	sSpriteAnim_Blank
0x08459F74	rom	sSpriteTemplate_StatusCondition
0x08459F94	rom	sSpriteSheet_StatusIcons
0x08459F9C	rom	sSpritePalette_StatusIcons
0x08459FA4	rom	sSpriteTemplate_StatusIcons
0x08459FBC	rom	sMultiBattlePartnersPartyMask
0x08459FC4	rom	sTMHMMoves_Duplicate
0x0845A038	rom	sCursorOptions
0x0845A128	rom	sPartyMenuAction_SummarySwitchCancel
0x0845A12B	rom	sPartyMenuAction_ShiftSummaryCancel
0x0845A12E	rom	sPartyMenuAction_SendOutSummaryCancel
0x0845A131	rom	sPartyMenuAction_SummaryCancel
0x0845A133	rom	sPartyMenuAction_EnterSummaryCancel
0x0845A136	rom	sPartyMenuAction_NoEntrySummaryCancel
0x0845A139	rom	sPartyMenuAction_StoreSummaryCancel
0x0845A13C	rom	sPartyMenuAction_GiveTakeItemCancel
0x0845A13F	rom	sPartyMenuAction_ReadTakeMailCancel
0x0845A142	rom	sPartyMenuAction_RegisterSummaryCancel
0x0845A145	rom	sPartyMenuAction_TradeSummaryCancel1
0x0845A148	rom	sPartyMenuAction_TradeSummaryCancel2
0x0845A14C	rom	sPartyMenuActions
0x0845A180	rom	sPartyMenuActionCounts
0x0845A18E	rom	sFieldMoves
0x0845A1A8	rom	sFieldMoveCursorCallbacks
0x0845A208	rom	sUnionRoomTradeMessages
0x0845A22C	rom	sTMHMMoves
0x0845A2A0	rom	sChatEntryRoutines
0x0845A2C8	rom	sKeyboardPageMaxRow
0x0845A2CC	rom	sCaseToggleTable
0x0845A3CC	rom	gUnionRoomKeyboardText
0x0845A444	rom	sUnionRoomChat_TextEntry_Pal
0x0845A464	rom	gUnionRoomChat_Unused_Pal
0x0845A484	rom	sUnionRoomChat_Messages_Pal
0x0845A4A4	rom	sBgTemplates
0x0845A4B4	rom	sWindowTemplates
0x0845A4DC	rom	sSubtaskInfo
0x0845A584	rom	sMessageWindowInfo
0x0845A608	rom	gText_Ellipsis
0x0845A60C	rom	sKeyboardSwapTexts
0x0845A634	rom	sUnionRoomChatInterfacePal
0x0845A654	rom	sSelectorCursor_Gfx
0x0845A8D8	rom	sTextEntryCursor_Gfx
0x0845A8F8	rom	sCharacterSelectCursor_Gfx
0x0845A924	rom	sRButton_Gfx
0x0845A978	rom	sSpriteSheets
0x0845A9A0	rom	sSpritePalette
0x0845A9A8	rom	sOamData_64x32_1
0x0845A9B0	rom	sAnim_CursorSmallOpen
0x0845A9B8	rom	sAnim_CursorSmallClosed
0x0845A9C0	rom	sAnim_CursorLargeOpen
0x0845A9C8	rom	sAnim_CursorLargeClosed
0x0845A9D0	rom	sSpriteAnims_SelectorCursor
0x0845A9E0	rom	sSpriteTemplate_SelectorCursor
0x0845A9F8	rom	sOamData_8x16_2
0x0845AA00	rom	sSpriteTemplate_TextEntryCursor
0x0845AA18	rom	sSpriteTemplate_CharacterSelectCursor
0x0845AA30	rom	sOamData_16x16_2
0x0845AA38	rom	sOamData_32x16_2
0x0845AA40	rom	sAnim_UnionRoomChatIcons_ToggleCase
0x0845AA48	rom	sAnim_UnionRoomChatIcons_Dummy1
0x0845AA50	rom	sAnim_UnionRoomChatIcons_Dummy2
0x0845AA58	rom	sAnim_UnionRoomChatIcons_Register
0x0845AA60	rom	sSpriteAnimTable_UnionRoomChatIcons
0x0845AA70	rom	sSpriteTemplate_RButton
0x0845AA88	rom	sSpriteTemplate_UnionRoomChatIcons
0x0845AAA0	rom	sHelpSystemTopicPtrs
0x0845AAB8	rom	sHelpSystemTopicMouseoverDescriptionPtrs
0x0845AAD0	rom	sHelpSystemSpecializedQuestionTextPtrs
0x0845AB84	rom	sHelpSystemSpecializedAnswerTextPtrs
0x0845AC38	rom	sHelpSystemMenuTopicTextPtrs
0x0845ACFC	rom	sHelpSystemHowToUseMenuTextPtrs
0x0845ADC0	rom	sHelpSystemTermTextPtrs
0x0845AE70	rom	sHelpSystemTermDefinitionsTextPtrs
0x0845AF20	rom	sHelpSystemGeneralTopicTextPtrs
0x0845AF40	rom	sHelpSystemGeneralTopicDescriptionTextPtrs
0x0845AF60	rom	sHelpSystemTypeMatchupTextPtrs
0x0845AFF0	rom	sHelpSystemTypeMatchupDescriptionTextPtrs
0x0845B080	rom	sAboutGame_TitleScreen
0x0845B084	rom	sAboutGame_NewGame
0x0845B088	rom	sHowTo_NamingScreen
0x0845B08A	rom	sAboutGame_NamingScreen
0x0845B08E	rom	sHowTo_Pokedex
0x0845B091	rom	sHowTo_PartyMenu
0x0845B097	rom	sTerms_PartyMenu
0x0845B09A	rom	sHowTo_PokemonInfo
0x0845B09D	rom	sTerms_PokemonInfo
0x0845B0A4	rom	sTerms_PokemonSkills
0x0845B0AE	rom	sTerms_PokemonMoves
0x0845B0B6	rom	sHowTo_Bag
0x0845B0C1	rom	sTerms_Bag
0x0845B0C5	rom	sHowTo_TrainerCardFront
0x0845B0C7	rom	sTerms_TrainerCardFront
0x0845B0CD	rom	sHowTo_TrainerCardBack
0x0845B0CF	rom	sHowTo_Save
0x0845B0D1	rom	sTerms_Save
0x0845B0D5	rom	sHowTo_Options
0x0845B0D7	rom	sTerms_Options
0x0845B0DF	rom	sWhatToDo_PlayersHouse
0x0845B0E3	rom	sAboutGame_PlayersHouse
0x0845B0E8	rom	sWhatToDo_OaksLab
0x0845B0EE	rom	sHowTo_OaksLab
0x0845B102	rom	sTerms_OaksLab
0x0845B109	rom	sWhatToDo_PokeCenter
0x0845B112	rom	sHowTo_PokeCenter
0x0845B127	rom	sTerms_PokeCenter
0x0845B12E	rom	sAboutGame_PokeCenter
0x0845B134	rom	sWhatToDo_Mart
0x0845B13D	rom	sHowTo_Mart
0x0845B151	rom	sTerms_Mart
0x0845B15D	rom	sWhatToDo_Gym
0x0845B164	rom	sHowTo_Gym
0x0845B178	rom	sTerms_Gym
0x0845B17F	rom	sTypeMatchups_Gym
0x0845B1A3	rom	sWhatToDo_Indoors
0x0845B1C7	rom	sHowTo_Indoors
0x0845B1DB	rom	sTerms_Indoors
0x0845B1E4	rom	sWhatToDo_Overworld
0x0845B208	rom	sHowTo_Overworld
0x0845B211	rom	sTerms_Overworld
0x0845B21B	rom	sWhatToDo_Dungeon
0x0845B23A	rom	sHowTo_Dungeon
0x0845B243	rom	sTerms_Dungeon
0x0845B24C	rom	sWhatToDo_Surfing
0x0845B25E	rom	sHowTo_Surfing
0x0845B267	rom	sTerms_Surfing
0x0845B270	rom	sWhatToDo_WildBattle
0x0845B27D	rom	sHowTo_WildBattle
0x0845B286	rom	sTerms_WildBattle
0x0845B298	rom	sTypeMatchups_WildBattle
0x0845B2BC	rom	sWhatToDo_TrainerBattleSingle
0x0845B2C7	rom	sHowTo_TrainerBattleSingle
0x0845B2CF	rom	sTerms_TrainerBattleSingle
0x0845B2E1	rom	sTypeMatchups_TrainerBattleSingle
0x0845B305	rom	sWhatToDo_TrainerBattleDouble
0x0845B310	rom	sHowTo_TrainerBattleDouble
0x0845B318	rom	sTerms_TrainerBattleDouble
0x0845B32A	rom	sTypeMatchups_TrainerBattleDouble
0x0845B34E	rom	sWhatToDo_SafariBattle
0x0845B352	rom	sHowTo_SafariBattle
0x0845B357	rom	sTerms_SafariBattle
0x0845B367	rom	sTypeMatchups_SafariBattle
0x0845B38B	rom	sHowTo_PC
0x0845B398	rom	sHowTo_BillsPC
0x0845B3A5	rom	sHowTo_PlayersPCItems
0x0845B3B2	rom	sHowTo_PlayersPCMailbox
0x0845B3BF	rom	sHowTo_PCMisc
0x0845B3CC	rom	sHowTo_BedroomPC
0x0845B3D2	rom	sHowTo_BedroomPCItems
0x0845B3D8	rom	sHowTo_BedroomPCMailbox
0x0845B3DE	rom	sTerms_Basic
0x0845B400	rom	sHelpSystemSubmenuItemLists
0x0845B6D0	rom	sUnused
0x0845BED0	rom	sHelpSystemContextTopicOrder
0x0845BED6	rom	sHelpSystemContextTopicFlags
0x0845BFB4	rom	sMartMaps
0x0845BFDC	rom	sGymMaps
0x0845BFEE	rom	sDungeonMaps
0x0845C020	rom	sFameCheckerTilemap
0x0845C820	rom	sQuestionMarkSpriteGfx
0x0845C920	rom	sSpinningPokeballSpriteGfx
0x0845CB00	rom	sSpinningPokeballSpritePalette
0x0845CB20	rom	sSelectorCursorSpriteGfx
0x0845CF20	rom	sSelectorCursorSpritePalette
0x0845CF40	rom	sFujiSpriteGfx
0x0845D740	rom	sFujiSpritePalette
0x0845D760	rom	sBillSpriteGfx
0x0845DF60	rom	sBillSpritePalette
0x0845DF80	rom	sDaisySpriteGfx
0x0845E780	rom	sDaisySpritePalette
0x0845E7A0	rom	sOakSpriteGfx
0x0845EFA0	rom	sOakSpritePalette
0x0845EFC0	rom	sUnkPalette
0x0845EFE0	rom	sSilhouettePalette
0x0845F000	rom	sTextColor_White
0x0845F003	rom	sTextColor_DkGrey
0x0845F006	rom	sTextColor_Green
0x0845F00A	rom	sTrainerIdxs
0x0845F02C	rom	sNonTrainerNamePointers
0x0845F03C	rom	sFameCheckerTrainerPicIdxs
0x0845F04C	rom	sFameCheckerTrainerGenders_Unused
0x0845F05C	rom	sFameCheckerNameAndQuotesPointers
0x0845F0DC	rom	sFameCheckerFlavorTextPointers
0x0845F25C	rom	sFameCheckerArrayNpcGraphicsIds
0x0845F2BC	rom	sFlavorTextOriginLocationTexts
0x0845F43C	rom	sFlavorTextOriginObjectNameTexts
0x0845F5BC	rom	sUISpriteSheets
0x0845F5FC	rom	sUISpritePalettes
0x0845F614	rom	sUIBgTemplates
0x0845F624	rom	sUIWindowTemplates
0x0845F64C	rom	sSelectorCursorAnim0
0x0845F658	rom	sSelectorCursorAnims
0x0845F65C	rom	sSelectorCursorOamData
0x0845F664	rom	sSpriteTemplate_SelectorCursor
0x0845F67C	rom	sUnused
0x0845F684	rom	sQuestionMarkTileOamData
0x0845F68C	rom	sQuestionMarkTileAnim0
0x0845F694	rom	sQuestionMarkTileAnims
0x0845F698	rom	sQuestionMarkTileSpriteTemplate
0x0845F6B0	rom	sSpinningPokeballAnim0
0x0845F6B8	rom	sSpinningPokeballAnims
0x0845F6BC	rom	sSpinningPokeballOamData
0x0845F6C4	rom	sSpinningPokeballAffineAnim0
0x0845F6D4	rom	sSpinningPokeballAffineAnims
0x0845F6D8	rom	sSpinningPokeballSpriteTemplate
0x0845F6F0	rom	sDaisyFujiOakBillAnim0
0x0845F6F8	rom	sDaisyFujiOakBillAnims
0x0845F6FC	rom	sDaisyFujiOakBillOamData
0x0845F704	rom	sDaisySpriteTemplate
0x0845F71C	rom	sFujiSpriteTemplate
0x0845F734	rom	sOakSpriteTemplate
0x0845F74C	rom	sBillSpriteTemplate
0x0845F774	rom	sMonPosAttributes
0x0845FF88	rom	sOakSpeech_Background_Pals
0x08460008	rom	sControlsGuide_PikachuIntro_Background_Tiles
0x084605C8	rom	sPikachuIntro_Background_Tilemap
0x084606C4	rom	sOakSpeech_Background_Tiles
0x08460708	rom	sOakSpeech_Background_Tilemap
0x084607B4	rom	sControlsGuide_Tilemap_Page2
0x08460854	rom	sControlsGuide_Tilemap_Page3
0x084608F4	rom	sOakSpeech_Leaf_Pal
0x08460934	rom	sOakSpeech_Leaf_Tiles
0x0846101C	rom	sOakSpeech_Red_Pal
0x0846105C	rom	sOakSpeech_Red_Tiles
0x084616F4	rom	sOakSpeech_Oak_Pal
0x08461734	rom	sOakSpeech_Oak_Tiles
0x08461DCC	rom	sOakSpeech_Rival_Pal
0x08461E0C	rom	sOakSpeech_Rival_Tiles
0x084623F0	rom	sOakSpeech_Platform_Pal
0x08462410	rom	sPikachuIntro_Pikachu_Pal
0x08462430	rom	sOakSpeech_Platform_Gfx
0x08462594	rom	sPikachuIntro_PikachuBody_Gfx
0x08462754	rom	sPikachuIntro_PikachuEars_Gfx
0x08462838	rom	sPikachuIntro_PikachuEyes_Gfx
0x08462878	rom	sBgTemplates
0x08462884	rom	sControlsGuide_WindowTemplate_Page1
0x08462894	rom	sControlsGuide_WindowTemplate_Page2
0x084628B4	rom	sControlsGuide_WindowTemplate_Page3
0x084628D4	rom	sControlsGuide_WindowTemplates
0x084628E0	rom	sIntro_WindowTemplates
0x08462908	rom	sTextColor_White
0x0846290C	rom	sTextColor_DarkGray
0x08462910	rom	sPikachuIntro_Strings
0x0846291C	rom	sPikachuIntro_Pikachu_SpriteSheets
0x08462934	rom	sOakSpeech_Platform_SpriteSheet
0x0846293C	rom	sPikachuIntro_Pikachu_SpritePalette
0x08462944	rom	sOakSpeech_Platform_SpritePalette
0x0846294C	rom	sOakSpeech_PlatformLeft_Anim
0x08462954	rom	sOakSpeech_PlatformMiddle_Anim
0x0846295C	rom	sOakSpeech_PlatformRight_Anim
0x08462964	rom	sOakSpeech_PlatformLeft_Anims
0x08462968	rom	sOakSpeech_PlatformMiddle_Anims
0x0846296C	rom	sOakSpeech_PlatformRight_Anims
0x08462970	rom	sOakSpeech_Platform_SpriteTemplates
0x084629B8	rom	sPikachuIntro_PikachuBody_Anim
0x084629C4	rom	sPikachuIntro_PikachuEars_Anim
0x08462A04	rom	sPikachuIntro_PikachuEyes_Anim
0x08462A40	rom	sPikachuIntro_PikachuBody_Anims
0x08462A44	rom	sPikachuIntro_PikachuEars_Anims
0x08462A48	rom	sPikachuIntro_PikachuEyes_Anims
0x08462A4C	rom	sPikachuIntro_Pikachu_SpriteTemplates
0x08462A94	rom	sControlsGuide_Pages2And3_Strings
0x08462AAC	rom	sMaleNameChoices
0x08462AF8	rom	sFemaleNameChoices
0x08462B44	rom	sRivalNameChoices
0x08462B54	rom	sBGTemplates
0x08462B60	rom	sSelectTMActionTasks
0x08462B70	rom	sMenuActions
0x08462B88	rom	sMenuActionIndices_Field
0x08462B8B	rom	sMenuActionIndices_UnionRoom
0x08462B90	rom	sYesNoFuncTable
0x08462B98	rom	sText_ClearTo18
0x08462B9C	rom	sText_SingleSpace
0x08462BA0	rom	sPal3Override
0x08462BA4	rom	sTextColors
0x08462BB0	rom	sWindowTemplates
0x08462C00	rom	sYesNoWindowTemplate
0x08462C08	rom	sWindowTemplates_ContextMenu
0x08462C18	rom	sTMSpriteOamData
0x08462C20	rom	sAnim_TM
0x08462C28	rom	sAnim_HM
0x08462C30	rom	sAnims_Disc
0x08462C38	rom	sSpriteSheet_Disc
0x08462C40	rom	sSpriteTemplate_Disc
0x08462C58	rom	sTMSpritePaletteOffsetByType
0x08462C7C	rom	sScrollIndicatorTemplates
0x08462C8C	rom	sOamData_ScrollArrowIndicator
0x08462C94	rom	sSpriteAnim_ScrollArrowIndicator0
0x08462C9C	rom	sSpriteAnim_ScrollArrowIndicator1
0x08462CA4	rom	sSpriteAnim_ScrollArrowIndicator2
0x08462CAC	rom	sSpriteAnim_ScrollArrowIndicator3
0x08462CB4	rom	sSpriteAnimTable_ScrollArrowIndicator
0x08462CC4	rom	sSpriteTemplate_ScrollArrowIndicator
0x08462CDC	rom	sSubsprite_RedOutline1
0x08462CE0	rom	sSubsprite_RedOutline2
0x08462CE4	rom	sSubsprite_RedOutline3
0x08462CE8	rom	sSubsprite_RedOutline4
0x08462CEC	rom	sSubsprite_RedOutline5
0x08462CF0	rom	sSubsprite_RedOutline6
0x08462CF4	rom	sSubsprite_RedOutline7
0x08462CF8	rom	sSubsprite_RedOutline8
0x08462CFC	rom	sOamData_RedArrowCursor
0x08462D04	rom	sSpriteAnim_RedArrowCursor
0x08462D0C	rom	sSpriteAnimTable_RedArrowCursor
0x08462D10	rom	sSpriteTemplate_RedArrowCursor
0x08462D28	rom	sRedArrowPal
0x08462D48	rom	sRedArrowOtherGfx
0x08462DB8	rom	sSelectorOutlineGfx
0x08462DF8	rom	sRedArrowGfx
0x08462E3C	rom	sMarkerPal
0x08462E5C	rom	sMarkerTiles
0x08462F68	rom	sSubsprite_Circular
0x08462F6C	rom	sSubsprite_SmallHorizontal
0x08462F70	rom	sSubsprite_SmallVertical
0x08462F74	rom	sSubsprite_MediumHorizontal
0x08462F78	rom	sSubsprite_MediumVertical
0x08462F7C	rom	sSubsprite_LargeHorizontal
0x08462F80	rom	sSubsprite_LargeVertical
0x08462F84	rom	sSubsprites
0x08462FA0	rom	sAreaMarkers
0x084630E0	rom	sTextHeaderPalette
0x08463100	rom	sMonMarkingSpritePalette
0x08463120	rom	sTextMovesPalette
0x08463140	rom	sMoveSelectionCursorPals
0x08463160	rom	sMoveSelectionCursorTiles_Left
0x0846328C	rom	sMoveSelectionCursorTiles_Right
0x084633AC	rom	sMoveSelectionCursorOamData
0x084633B4	rom	sMoveSelectionCursorOamAnim_Red
0x084633BC	rom	sMoveSelectionCursorOamAnim_Blue
0x084633C4	rom	sMoveSelectionCursorOamAnimTable
0x084633CC	rom	sStatusAilmentIconOamData
0x084633D4	rom	sStatusAilmentIconAnim_PSN
0x084633DC	rom	sStatusAilmentIconAnim_PRZ
0x084633E4	rom	sStatusAilmentIconAnim_SLP
0x084633EC	rom	sStatusAilmentIconAnim_FRZ
0x084633F4	rom	sStatusAilmentIconAnim_BRN
0x084633FC	rom	sStatusAilmentIconAnim_PKRS
0x08463404	rom	sStatusAilmentIconAnim_FNT
0x0846340C	rom	sStatusAilmentIconAnim_Blank
0x08463414	rom	sStatusAilmentIconAnimTable
0x08463434	rom	sHpOrExpBarOamData
0x0846343C	rom	sHpOrExpAnim_0
0x08463444	rom	sHpOrExpAnim_1
0x0846344C	rom	sHpOrExpAnim_2
0x08463454	rom	sHpOrExpAnim_3
0x0846345C	rom	sHpOrExpAnim_4
0x08463464	rom	sHpOrExpAnim_5
0x0846346C	rom	sHpOrExpAnim_6
0x08463474	rom	sHpOrExpAnim_7
0x0846347C	rom	sHpOrExpAnim_8
0x08463484	rom	sHpOrExpAnim_9
0x0846348C	rom	sHpOrExpAnim_10
0x08463494	rom	sHpOrExpAnim_11
0x0846349C	rom	sHpOrExpBarAnimTable
0x084634CC	rom	sPokeSummary_HpBarPalYellow
0x084634EC	rom	sPokeSummary_HpBarPalRed
0x0846350C	rom	sPokerusIconObjOamData
0x08463514	rom	sPokerusIconObjAnim0
0x0846351C	rom	sPokerusIconObjAnimTable
0x08463520	rom	sPokerusIconObjPal
0x08463540	rom	sPokerusIconObjTiles
0x08463550	rom	sStarObjOamData
0x08463558	rom	sStarObjAnim0
0x08463560	rom	sStarObjAnimTable
0x08463564	rom	sStarObjPal
0x08463584	rom	sStarObjTiles
0x084635A8	rom	sBgTilemap_MovesInfoPage
0x084636A0	rom	sBgTilemap_MovesPage
0x084637DC	rom	sHardyNatureName
0x084637E2	rom	sLonelyNatureName
0x084637E9	rom	sBraveNatureName
0x084637EF	rom	sAdamantNatureName
0x084637F7	rom	sNaughtyNatureName
0x084637FF	rom	sBoldNatureName
0x08463804	rom	sDocileNatureName
0x0846380B	rom	sRelaxedNatureName
0x08463813	rom	sImpishNatureName
0x0846381A	rom	sLaxNatureName
0x0846381E	rom	sTimidNatureName
0x08463824	rom	sHastyNatureName
0x0846382A	rom	sSeriousNatureName
0x08463832	rom	sJollyNatureName
0x08463838	rom	sNaiveNatureName
0x0846383E	rom	sModestNatureName
0x08463845	rom	sMildNatureName
0x0846384A	rom	sQuietNatureName
0x08463850	rom	sBashfulNatureName
0x08463858	rom	sRashNatureName
0x0846385D	rom	sCalmNatureName
0x08463862	rom	sGentleNatureName
0x08463869	rom	sSassyNatureName
0x0846386F	rom	sCarefulNatureName
0x08463877	rom	sQuirkyNatureName
0x08463880	rom	gNatureNamePointers
0x084638E4	rom	sEggHatchTimeTexts
0x084638F4	rom	sEggOriginTexts
0x08463910	rom	sPrintMoveTextColors
0x0846391C	rom	sBgTempaltes
0x0846392C	rom	sWindowTemplates_Permanent_Bg1
0x08463944	rom	sWindowTemplates_Permanent_Bg2
0x0846395C	rom	sWindowTemplates_Info
0x0846397C	rom	sWindowTemplates_Skills
0x0846399C	rom	sWindowTemplates_Moves
0x084639BC	rom	sWindowTemplates_Dummy
0x084639C4	rom	sLevelNickTextColors
0x084639D8	rom	sMultiBattlePartyOrder
0x084639DE	rom	sMonPicBounceYDelta_Under60
0x084639E1	rom	sMonPicBounceYDelta_60to80
0x084639E6	rom	sMonPicBounceYDelta_80to99
0x084639ED	rom	sMonPicBounceYDelta_Full
0x084639F4	rom	sEggPicShakeXDelta_ItWillTakeSomeTime
0x084639FF	rom	sEggPicShakeXDelta_OccasionallyMoves
0x08463A0A	rom	sEggPicShakeXDelta_AlmostReadyToHatch
0x08463A1C	rom	sHpBarPals
0x08463A28	rom	sTiles
0x08463B48	rom	sPals
0x08463B68	rom	sDexAreas_Kanto
0x08463C44	rom	sDexAreas_Sevii1
0x08463C54	rom	sDexAreas_Sevii2
0x08463C5C	rom	sDexAreas_Sevii3
0x08463C70	rom	sDexAreas_Sevii4
0x08463C78	rom	sDexAreas_Sevii5
0x08463C94	rom	sDexAreas_Sevii6
0x08463CB0	rom	sDexAreas_Sevii7
0x08463CDC	rom	sSeviiDexAreas
0x08463D14	rom	sRoamerPairs
0x08463D20	rom	sTextColorTable
0x08463D6C	rom	sBgTemplates
0x08463D78	rom	sBerryPouchContextMenuTasks
0x08463D8C	rom	sYesNoFuncs_Toss
0x08463D94	rom	sYesNoFuncs_Sell
0x08463D9C	rom	sContextMenuActions
0x08463DC4	rom	sOptions_UseGiveTossExit
0x08463DC8	rom	sOptions_GiveExit
0x08463DCC	rom	sOptions_Exit
0x08463DD0	rom	sOptions_UseToss_Exit
0x08463DD4	rom	sText_Space
0x08463DD8	rom	sWindowTemplates_Main
0x08463DF8	rom	sWindowTemplates_Variable
0x08463E68	rom	sTextColors
0x08463E74	rom	sOamData
0x08463E7C	rom	sSpriteAnim_Dummy
0x08463E84	rom	sSpriteAnimTable
0x08463E88	rom	sSpriteAffineAnim_Static
0x08463E98	rom	sSpriteAffineAnim_Wobble
0x08463EC0	rom	sSpriteAffineAnimTable
0x08463EC8	rom	sBerryPouchSpriteSheet
0x08463ED0	rom	sBerryPouchSpritePal
0x08463ED8	rom	sSpriteTemplate_BerryPouch
0x08463EF0	rom	sArrowAndStarSpriteTiles
0x08464170	rom	sArrowAnim0
0x08464178	rom	sArrowAnim1
0x08464180	rom	sArrowAnim2
0x08464188	rom	sArrowAnim3
0x08464190	rom	sStarAnim
0x08464198	rom	sArrowAndStarSpriteAnimTable
0x084641AC	rom	sArrowAndStarSpriteOamData
0x084641B4	rom	sAffineAnim_Left
0x084641C4	rom	sAffineAnim_Down
0x084641D4	rom	sAffineAnim_Right
0x084641E4	rom	sAffineAnim_Up
0x084641F4	rom	sArrowAndStarSpriteAffineAnimTable
0x08464204	rom	sSpriteTemplate_ArrowAndStar
0x0846421C	rom	sArrowAndStarSpriteSheet
0x08464224	rom	sShopBuyMenuWindowTemplatesNormal
0x0846425C	rom	sShopBuyMenuWindowTemplatesTM
0x0846429C	rom	sShopBuyMenuYesNoWindowTemplate
0x084642A4	rom	sShopBuyMenuTextColors
0x084642B0	rom	sSecondReelBiasCheckIndices
0x084642CE	rom	sThirdReelBiasCheckIndices
0x084642DD	rom	sRowAttributes
0x084642F2	rom	sReelBiasChances
0x08464346	rom	sReelIconAnimByReelAndPos
0x08464386	rom	sPayoutTable
0x08464394	rom	sReelIcons_Pal
0x08464434	rom	sReelIcons_Tiles
0x08464A1C	rom	sClefairy_Pal
0x08464A3C	rom	sClefairy_Tiles
0x08464EB0	rom	sDigits_Pal
0x08464ED0	rom	sDigits_Tiles
0x08464F3C	rom	sSpriteSheets
0x08464F54	rom	sSpritePalettes
0x08464F94	rom	sReelIconPaletteTags
0x08464FA2	rom	sReelIconAffineParams
0x08465062	rom	sReelIconBldY
0x084650C4	rom	sOamData_ReelIcons
0x084650CC	rom	sAnimCmd_ReelIcon_7
0x084650D4	rom	sAnimCmd_ReelIcon_Rocket
0x084650DC	rom	sAnimCmd_ReelIcon_Pikachu
0x084650E4	rom	sAnimCmd_ReelIcon_Psyduck
0x084650EC	rom	sAnimCmd_ReelIcon_Cherries
0x084650F4	rom	sAnimCmd_ReelIcon_Magnemite
0x084650FC	rom	sAnimCmd_ReelIcon_Shellder
0x08465104	rom	sAnimCmd_ReelIcon_Pikachu_2
0x0846510C	rom	sAnimCmd_ReelIcon_Psyduck_2
0x08465114	rom	sAnimCmd_ReelIcon_Cherries_2
0x0846511C	rom	sAnimCmd_ReelIcon_Magnemite_2
0x08465124	rom	sAnimCmd_ReelIcon_Shellder_2
0x0846512C	rom	sAnimTable_ReelIcons
0x0846515C	rom	sAffineAnimCmd_ReelIcons_Unused
0x0846516C	rom	sAffineAnimTable_ReelIcons_Unused
0x08465170	rom	sSpriteTemplate_ReelIcons
0x08465188	rom	sOamData_Digits
0x08465190	rom	sSpriteAnim_Digit0
0x08465198	rom	sSpriteAnim_Digit1
0x084651A0	rom	sSpriteAnim_Digit2
0x084651A8	rom	sSpriteAnim_Digit3
0x084651B0	rom	sSpriteAnim_Digit4
0x084651B8	rom	sSpriteAnim_Digit5
0x084651C0	rom	sSpriteAnim_Digit6
0x084651C8	rom	sSpriteAnim_Digit7
0x084651D0	rom	sSpriteAnim_Digit8
0x084651D8	rom	sSpriteAnim_Digit9
0x084651E0	rom	sAnimTable_Digits
0x08465208	rom	sSpriteTemplate_Digits
0x08465220	rom	sOamData_Clefairy
0x08465228	rom	sAnimCmd_Clefairy_Neutral
0x08465230	rom	sAnimCmd_Clefairy_Spinning
0x0846523C	rom	sAnimCmd_Clefairy_Payout
0x08465248	rom	sAnimCmd_Clefairy_Lose
0x08465254	rom	sAnimTable_Clefairy
0x08465264	rom	sSpriteTemplate_Clefairy
0x0846527C	rom	sSlotMachineSetupTasks
0x084652BC	rom	sBg_Pal
0x0846535C	rom	sBg_Tiles
0x08465AB8	rom	sBg_Tilemap
0x08465D9C	rom	sBgPal_MatchLines
0x08465DBC	rom	sBgPal_PayoutLight
0x08465E1C	rom	sButtonPressed_Tiles
0x08465EA0	rom	sCombosWindow_Pal
0x08465F00	rom	sCombosWindow_Tiles
0x08466278	rom	sCombosWindow_Tilemap
0x084663EC	rom	sBgTemplates
0x084663FC	rom	sWindowTemplates
0x08466414	rom	sLineTiles_TLBR
0x0846643C	rom	sLineTiles_TopRow
0x08466468	rom	sLineTiles_MiddleRow
0x08466494	rom	sLineTiles_BottomRow
0x084664C0	rom	sLineTiles_BLTR
0x084664E8	rom	sLineStateTileIdxs
0x08466510	rom	sWinningLineFlashPalIdxs
0x08466514	rom	sYesNoWindowTemplate
0x0846651C	rom	sReelButtonMapTileIdxs
0x08466534	rom	sRoamerLocations
0x084665EC	rom	sTextboxBorder_Pal
0x0846660C	rom	sTextboxBorder_Gfx
0x0846663C	rom	sBGTemplates
0x0846664C	rom	sMainWindows
0x0846666C	rom	sWindowTemplate_YesNoMsg_Wide
0x08466674	rom	sWindowTemplate_YesNoMsg
0x0846667C	rom	sWindowTemplate_GiftSelect
0x08466684	rom	sWindowTemplate_ThreeOptions
0x0846668C	rom	sWindowTemplate_YesNoBox
0x08466694	rom	sWindowTemplate_GiftSelect_3Options
0x0846669C	rom	sWindowTemplate_GiftSelect_2Options
0x084666A4	rom	sWindowTemplate_GiftSelect_1Option
0x084666AC	rom	sListMenuItems_CardsOrNews
0x084666C4	rom	sListMenuItems_WirelessOrFriend
0x084666DC	rom	sListMenuTemplate_ThreeOptions
0x084666F4	rom	sListMenuItems_ReceiveSendToss
0x08466714	rom	sListMenuItems_ReceiveToss
0x0846672C	rom	sListMenuItems_ReceiveSend
0x08466744	rom	sListMenuItems_Receive
0x08466754	rom	sListMenu_ReceiveSendToss
0x0846676C	rom	sListMenu_ReceiveToss
0x08466784	rom	sListMenu_ReceiveSend
0x0846679C	rom	sListMenu_Receive
0x084667B4	rom	sUnusedMenuTexts
0x084667C4	rom	sTextColors_TopMenu
0x084667C8	rom	sTextColors_TopMenu_Copy
0x084667CC	rom	sMG_Ereader_TextColor_2
0x084667CF	rom	sText_Test
0x084667D3	rom	sText_EonTicket
0x084667DC	rom	sReceivedGiftFlags
0x0846690C	rom	sFuncTable
0x08466944	rom	sTextColorTable
0x0846694C	rom	sFooterTextOffsets
0x08466950	rom	sWindowTemplates
0x08466968	rom	sCard0Pal
0x08466988	rom	gCard1Pal
0x084669A8	rom	gCard2Pal
0x084669C8	rom	gCard3Pal
0x084669E8	rom	gCard4Pal
0x08466A08	rom	gCard5Pal
0x08466A28	rom	sCard6Pal
0x08466A48	rom	sCard7Pal
0x08466A68	rom	sCard0Gfx
0x08466B64	rom	sCard0Map
0x08466C58	rom	sCard1Gfx
0x08466D4C	rom	sCard1Map
0x08466E34	rom	sCard2Gfx
0x08466F08	rom	sCard2Map
0x08466FDC	rom	sCard6Gfx
0x08467210	rom	sCard6Map
0x08467358	rom	sCard7Gfx
0x08467588	rom	sCard7Map
0x084676D0	rom	sStampShadowPal0
0x084676F0	rom	sStampShadowPal1
0x08467710	rom	sStampShadowPal2
0x08467730	rom	sStampShadowPal3
0x08467750	rom	sStampShadowPal4
0x08467770	rom	sStampShadowPal5
0x08467790	rom	sStampShadowPal6
0x084677B0	rom	sStampShadowPal7
0x084677D0	rom	sStampShadowGfx
0x08467834	rom	sSpriteSheet_StampShadow
0x0846783C	rom	sSpritePalettes_StampShadow
0x0846787C	rom	sSpriteTemplate_StampShadow
0x08467894	rom	sCardGraphics
0x08467914	rom	sTextColorTable
0x0846791C	rom	sWindowTemplates
0x0846792C	rom	sArrowsTemplate
0x0846793C	rom	sNews0Pal
0x0846795C	rom	sNews6Pal
0x0846797C	rom	sNews7Pal
0x0846799C	rom	sNews0Gfx
0x08467A1C	rom	sNews0Map
0x08467AF8	rom	sNews1Gfx
0x08467B28	rom	sNews1Map
0x08467BE8	rom	sNews2Gfx
0x08467C58	rom	sNews2Map
0x08467D24	rom	sNews6Gfx
0x08467DB4	rom	sNews6Map
0x08467E90	rom	sNews7Gfx
0x08467F20	rom	sNews7Map
0x08467FFC	rom	sNewsGraphics
0x0846807C	rom	sText_CollectedAllStamps
0x084680BC	rom	gMysteryGiftClientScript_Init
0x084680CC	rom	sClientScript_SendGameData
0x084680EC	rom	sClientScript_CantAccept
0x084680FC	rom	sClientScript_CommError
0x0846810C	rom	sClientScript_NothingSent
0x0846811C	rom	sClientScript_SaveCard
0x0846814C	rom	sClientScript_SaveNews
0x08468174	rom	sClientScript_HadNews
0x08468184	rom	sClientScript_NewsReceived
0x08468194	rom	sClientScript_AskToss
0x084681BC	rom	sClientScript_Canceled
0x084681CC	rom	sClientScript_HadCard
0x084681DC	rom	sClientScript_DynamicSuccess
0x084681FC	rom	sServerScript_CantSend
0x0846822C	rom	sServerScript_CommError
0x0846825C	rom	sServerScript_ClientCanceledNews
0x0846828C	rom	sServerScript_HasNews
0x084682BC	rom	sServerScript_SendNews
0x08468340	rom	sServerScript_SendCard
0x084683A0	rom	sServerScript_TossPrompt
0x084683E8	rom	sServerScript_HasCard
0x08468418	rom	sServerScript_NothingSent
0x08468448	rom	gMysteryGiftServerScript_SendWonderNews
0x084684A8	rom	gMysteryGiftServerScript_SendWonderCard
0x08468574	rom	sWaterTiles
0x08468A94	rom	sWaterPal
0x08468AB4	rom	sWaterTilemap_WB
0x084692B4	rom	sWaterTilemap_EB
0x08469AB4	rom	sFerrySpriteTiles
0x08469FB4	rom	sFerryAndWakePal
0x08469FD4	rom	sWakeSpriteTiles
0x0846A7D4	rom	sBGTemplates
0x0846A7D8	rom	sSeag
0x0846A804	rom	sTravelDirectionMatrix
0x0846A81C	rom	sSpriteAnims_Ferry_WB
0x0846A824	rom	sSpriteAnims_Ferry_EB
0x0846A82C	rom	sSpriteAnimTable_Ferry
0x0846A834	rom	sOamData_Ferry
0x0846A83C	rom	sFerrySpriteTemplate
0x0846A854	rom	sFerryAndWakeSpriteSheets
0x0846A86C	rom	sFerryAndWakeSpritePalettes
0x0846A87C	rom	sSpriteAnims_Wake_WB
0x0846A88C	rom	sSpriteAnims_Wake_EB
0x0846A89C	rom	sSpriteAnimTable_Wake
0x0846A8A4	rom	sOamData_Wake
0x0846A8AC	rom	sWakeSpriteTemplate
0x0846A8C4	rom	s321Start_Static_Pal
0x0846A8E4	rom	s321Start_Static_Gfx
0x0846AD08	rom	sSpriteSheet_321Start_Static
0x0846AD18	rom	sSpritePalette_321Start_Static
0x0846AD28	rom	sAnim_StaticCountdown_Three
0x0846AD30	rom	sAnim_StaticCountdown_Two
0x0846AD38	rom	sAnim_StaticCountdown_One
0x0846AD40	rom	sAnim_StaticCountdown_StartLeft
0x0846AD48	rom	sAnim_StaticCountdown_StartMid
0x0846AD50	rom	sAnim_StaticCountdown_StartRight
0x0846AD58	rom	sAnims_StaticCountdown
0x0846AD70	rom	sSpriteTemplate_StaticCountdown
0x0846AD88	rom	sStaticCountdownFuncs
0x0846AD98	rom	sPokeJumpMons
0x0846AF28	rom	sPokeJumpLeaderFuncs
0x0846AF4C	rom	sPokeJumpMemberFuncs
0x0846AF70	rom	sVineBaseSpeeds
0x0846AF80	rom	sVineSpeedDelays
0x0846AF88	rom	sSoundEffects
0x0846AF90	rom	sJumpOffsets
0x0846B020	rom	sScoreBonuses
0x0846B038	rom	sPrizeItems
0x0846B048	rom	sPrizeQuantityData
0x0846B070	rom	sInterface_Pal
0x0846B090	rom	sBg_Pal
0x0846B0B0	rom	sBg_Gfx
0x0846B2DC	rom	sBg_Tilemap
0x0846B48C	rom	sVenusaur_Pal
0x0846B4AC	rom	sVenusaur_Gfx
0x0846BDFC	rom	sVenusaur_Tilemap
0x0846C1B4	rom	sBonuses_Pal
0x0846C1D4	rom	sBonuses_Gfx
0x0846CC84	rom	sBonuses_Tilemap
0x0846D1B0	rom	sBgTemplates
0x0846D1C0	rom	sWindowTemplates
0x0846D1D8	rom	sPokeJumpGfxFuncs
0x0846D228	rom	sPluralTxt
0x0846D22F	rom	sVenusaurStates
0x0846D23C	rom	sSpriteSheet_Digits
0x0846D244	rom	sSpritePalette_Digits
0x0846D24C	rom	sPlayerNameWindowCoords_2Players
0x0846D254	rom	sPlayerNameWindowCoords_3Players
0x0846D260	rom	sPlayerNameWindowCoords_4Players
0x0846D270	rom	sPlayerNameWindowCoords_5Players
0x0846D284	rom	sPlayerNameWindowCoords
0x0846D294	rom	sMonXCoords_2Players
0x0846D298	rom	sMonXCoords_3Players
0x0846D29E	rom	sMonXCoords_4Players
0x0846D2A6	rom	sMonXCoords_5Players
0x0846D2B0	rom	sMonXCoords
0x0846D2C0	rom	sPokeJumpPal1
0x0846D2E0	rom	sPokeJumpPal2
0x0846D300	rom	sVine1_Gfx
0x0846D420	rom	sVine2_Gfx
0x0846D5F4	rom	sVine3_Gfx
0x0846D724	rom	sVine4_Gfx
0x0846D820	rom	sStar_Gfx
0x0846D98C	rom	sCompressedSpriteSheets
0x0846D9B4	rom	sSpritePalettes
0x0846D9C4	rom	sSpriteTemplate_JumpMon
0x0846D9DC	rom	sVineYCoords
0x0846DA2C	rom	sVineXCoords
0x0846DA3C	rom	sSpriteTemplates_Vine
0x0846DA4C	rom	sOamData_JumpMon
0x0846DA54	rom	sOamData_Vine16x32
0x0846DA5C	rom	sOamData_Vine32x32
0x0846DA64	rom	sOamData_Vine32x16
0x0846DA6C	rom	sAnims_Vine_Highest
0x0846DA74	rom	sAnims_Vine_Higher
0x0846DA7C	rom	sAnims_Vine_High
0x0846DA84	rom	sAnims_Vine_Low
0x0846DA8C	rom	sAnims_Vine_Lower
0x0846DA94	rom	sAnims_Vine_Lowest
0x0846DA9C	rom	sAnims_VineTall_Highest
0x0846DAA4	rom	sAnims_VineTall_Higher
0x0846DAAC	rom	sAnims_VineTall_High
0x0846DAB4	rom	sAnims_VineTall_Low
0x0846DABC	rom	sAnims_VineTall_Lower
0x0846DAC4	rom	sAnims_VineTall_Lowest
0x0846DACC	rom	sAnims_Vine
0x0846DAE4	rom	sAnims_VineTall
0x0846DAFC	rom	sSpriteTemplate_Vine1
0x0846DB14	rom	sSpriteTemplate_Vine2
0x0846DB2C	rom	sSpriteTemplate_Vine3
0x0846DB44	rom	sSpriteTemplate_Vine4
0x0846DB5C	rom	sOamData_Star
0x0846DB64	rom	sAnim_Star_Still
0x0846DB6C	rom	sAnim_Star_Spinning
0x0846DB88	rom	sAnims_Star
0x0846DB90	rom	sSpriteTemplate_Star
0x0846DBA8	rom	sWindowTemplate_Records
0x0846DBB0	rom	sRecordsTexts
0x0846DBBC	rom	sBitTable
0x0846DBC4	rom	sSyncPressBonus
0x0846DBCC	rom	sIntroOutroVibrationData
0x0846DBF0	rom	sVibrationData
0x0846DC04	rom	sMessages
0x0846DC28	rom	sBerryCrushCommands
0x0846DC90	rom	sSparkleThresholds
0x0846DCA0	rom	sBigSparkleThresholds
0x0846DCA4	rom	sReceivedPlayerBitmasks
0x0846DCA8	rom	sBgTemplates
0x0846DCB8	rom	sBerryCrushTextColorTable
0x0846DCCC	rom	sWindowTemplate_BerryCrushRankings
0x0846DCD4	rom	sWindowTemplates_PlayerNames
0x0846DD04	rom	sWindowTemplates_Results
0x0846DD24	rom	sResultsWindowHeights
0x0846DD2C	rom	sPressingSpeedConversionTable
0x0846DD4C	rom	sBerryCrushCorePal
0x0846DD6C	rom	sBerryCrushImpactAndSparklesPal
0x0846DD8C	rom	sBerryCrushTimerPal
0x0846DDAC	rom	sBerryCrushCoreTiles
0x0846E0D8	rom	sBerryCrushImpactTiles
0x0846E454	rom	sBerryCrushPowderSparklesTiles
0x0846E5A0	rom	sBerryCrushTimerTiles
0x0846E66C	rom	sCrusherTop_Tilemap
0x0846E79C	rom	sContainerCap_Tilemap
0x0846E934	rom	sBg_Tilemap
0x0846EB5C	rom	sPlayerIdToPosId
0x0846EB70	rom	sPlayerCoords
0x0846EBAC	rom	sImpactCoords
0x0846EBB2	rom	sSparkleCoords
0x0846EBC8	rom	sPlayerBerrySpriteTags
0x0846EBD4	rom	sSpriteSheets
0x0846EBFC	rom	sSpritePals
0x0846EC1C	rom	sAnim_CrusherBase
0x0846EC24	rom	sAnim_Impact_Small
0x0846EC34	rom	sAnim_Impact_Big
0x0846EC48	rom	sAnim_Sparkle_Small
0x0846EC64	rom	sAnim_Sparkle_Big
0x0846EC88	rom	sAnim_Timer
0x0846EC90	rom	sAnim_PlayerBerry
0x0846EC98	rom	sAffineAnim_PlayerBerry_0
0x0846ECB0	rom	sAffineAnim_PlayerBerry_1
0x0846ECC8	rom	sAnimTable_BerryCrushCore
0x0846ECCC	rom	sAnimTable_BerryCrushImpact
0x0846ECD4	rom	sAnimTable_BerryCrushPowderSparkles
0x0846ECDC	rom	sAnimTable_BerryCrushTimer
0x0846ECE0	rom	sAnimTable_PlayerBerry
0x0846ECE4	rom	sAffineAnimTable_PlayerBerry
0x0846ECEC	rom	sSpriteTemplate_BerryCrushCore
0x0846ED04	rom	sSpriteTemplate_BerryCrushImpact
0x0846ED1C	rom	sSpriteTemplate_BerryCrushPowderSparkles
0x0846ED34	rom	sSpriteTemplate_BerryCrushTimer
0x0846ED4C	rom	sSpriteTemplate_PlayerBerry
0x0846ED64	rom	sDigitObjTemplates
0x0846ED94	rom	sBCRankingHeaders
0x0846EDAC	rom	sPalettes
0x0846EFAC	rom	sBgTiles_Gfx
0x0846F1BC	rom	sBgTiles_Tilemap
0x0846F350	rom	sBgTemplates
0x0846F358	rom	sWindowTemplates
0x0846F378	rom	sPlayersTextPtrs
0x0846F388	rom	sHeaderTexts
0x0846F39C	rom	sActivityGroupInfo
0x0846F3E4	rom	sScrollDistances
0x0846F3E8	rom	sBrailleGlyphs
0x084703E8	rom	gSignpostWindow_Gfx
0x08470648	rom	sUserFrame_Type1_Gfx
0x08470768	rom	sUserFrame_Type2_Gfx
0x08470888	rom	sUserFrame_Empty1
0x084708A8	rom	sUserFrame_Type3_Gfx
0x084709C8	rom	sUserFrame_Type4_Gfx
0x08470AE8	rom	sUserFrame_Type5_Gfx
0x08470C08	rom	sUserFrame_Type6_Gfx
0x08470D28	rom	sUserFrame_Type7_Gfx
0x08470E48	rom	sUserFrame_Type8_Gfx
0x08470F68	rom	sUserFrame_Empty2
0x08470F88	rom	sUserFrame_Type9_Gfx
0x084710A8	rom	sUserFrame_Type10_Gfx
0x084711C8	rom	sUserFrame_Empty3
0x084711E8	rom	sUserFrame_Type1_Pal
0x08471208	rom	sUserFrame_Type2_Pal
0x08471228	rom	sUserFrame_Type3_Pal
0x08471248	rom	sUserFrame_Type4_Pal
0x08471268	rom	sUserFrame_Type5_Pal
0x08471288	rom	sUserFrame_Type6_Pal
0x084712A8	rom	sUserFrame_Type7_Pal
0x084712C8	rom	sUserFrame_Type8_Pal
0x084712E8	rom	sUserFrame_Type9_Pal
0x08471308	rom	sUserFrame_Type10_Pal
0x08471328	rom	gStdTextWindow_Gfx
0x08471448	rom	gQuestLogWindow_Gfx
0x084716C8	rom	gTextWindowPalettes
0x08471768	rom	gUserFrames
0x084717B8	rom	sQLGfxTransitions
0x084717DC	rom	sBgTemplates_Duplicate
0x084717EC	rom	sWindowTemplate_Dummy_Duplicate
0x084717F4	rom	sWindowTemplates_Results_Duplicate
0x08471804	rom	sWindowTemplate_Prize_Duplicate
0x0847180C	rom	sWindowTemplates_PlayAgain_Duplicate
0x0847181C	rom	sWindowTemplate_DroppedOut_Duplicate
0x08471824	rom	sWindowTemplate_CommStandby_Duplicate
0x0847182C	rom	sActiveColumnMap
0x0847193F	rom	sDodrioHeadToColumnMap
0x0847198A	rom	sDodrioNeighborMap
0x084719D8	rom	sPlayerIdAtColumn
0x08471A0F	rom	sUnsharedColumns
0x08471A28	rom	sDuplicateGfx
0x08474E18	rom	sBerryFallDelays
0x08474E24	rom	sTreeBorderXPos
0x08474E2C	rom	sDifficultyThresholds
0x08474E34	rom	sPrizeBerryIds
0x08474E54	rom	sLeaderFuncs
0x08474E84	rom	sMemberFuncs
0x08474EB4	rom	sBerryScoreMultipliers
0x08474EBC	rom	sWindowTemplates_Records
0x08474EC4	rom	sRecordsTexts
0x08474ED4	rom	sRecordNumMaxDigits
0x08474ED8	rom	sRecordTextYCoords
0x08474EDE	rom	sRecordNumYCoords
0x08474EE4	rom	sDebug_BerryResults
0x08474F0C	rom	sJPText_Vowels
0x08474F14	rom	sText_Letters
0x08474F1C	rom	sText_Digits
0x08474F24	rom	sPlaceholderPlayerNames
0x08474F38	rom	sBgTemplates
0x08474F48	rom	sWindowTemplate_Dummy
0x08474F50	rom	sWindowTemplates_Results
0x08474F60	rom	sWindowTemplate_Prize
0x08474F68	rom	sWindowTemplates_PlayAgain
0x08474F78	rom	sWindowTemplate_DroppedOut
0x08474F80	rom	sWindowTemplate_CommStandby
0x08474F88	rom	sActiveColumnMap_Duplicate
0x0847509B	rom	sDodrioHeadToColumnMap_Duplicate
0x084750E6	rom	sDodrioNeighborMap_Duplicate
0x08475134	rom	sPlayerIdAtColumn_Duplicate
0x0847516B	rom	sUnsharedColumns_Duplicate
0x08475184	rom	sBg_Pal
0x084751C4	rom	sDodrioNormal_Pal
0x084751E4	rom	sDodrioShiny_Pal
0x08475204	rom	sStatus_Pal
0x08475224	rom	sBerries_Pal
0x08475244	rom	sBerries_Gfx
0x084753F8	rom	sCloud_Pal
0x08475418	rom	sBg_Gfx
0x08475CA8	rom	sTreeBorder_Gfx
0x08476A74	rom	sStatus_Gfx
0x08476B08	rom	sCloud_Gfx
0x08476C50	rom	sDodrio_Gfx
0x08477E6C	rom	sBg_Tilemap
0x084780D8	rom	sTreeBorderRight_Tilemap
0x08478328	rom	sTreeBorderLeft_Tilemap
0x08478574	rom	sOamData_Dodrio
0x0847857C	rom	sOamData_16x16_Priority0
0x08478584	rom	sOamData_Berry
0x0847858C	rom	sOamData_Cloud
0x08478594	rom	sAnim_Dodrio_Normal
0x0847859C	rom	sAnim_Dodrio_PickRight
0x084785A4	rom	sAnim_Dodrio_PickMiddle
0x084785AC	rom	sAnim_Dodrio_PickLeft
0x084785B4	rom	sAnim_Dodrio_Down
0x084785BC	rom	sAnims_Dodrio
0x084785D0	rom	sAnims_StatusBar_Yellow
0x084785D8	rom	sAnims_StatusBar_Gray
0x084785E0	rom	sAnims_StatusBar_Red
0x084785E8	rom	sAnims_StatusBar
0x084785F4	rom	sAnim_Berry_Blue
0x084785FC	rom	sAnim_Berry_Green
0x08478604	rom	sAnim_Berry_Gold
0x0847860C	rom	sAnim_Berry_BlueSquished
0x08478614	rom	sAnim_Berry_GreenSquished
0x0847861C	rom	sAnim_Berry_GoldSquished
0x08478624	rom	sAnim_Berry_Eaten
0x0847862C	rom	sAnim_Berry_Empty1
0x08478634	rom	sAnim_Berry_Empty2
0x0847863C	rom	sAnims_Berry
0x08478660	rom	sAnim_Cloud
0x08478668	rom	sAnims_Cloud
0x0847869C	rom	sUnusedSounds
0x084786B0	rom	sBerryIconXCoords
0x084786E8	rom	moveDelays.348
0x084786EA	rom	sCloudStartCoords
0x08478714	rom	sTextColorTable
0x08478720	rom	sNameWindowCoords_1Player
0x08478724	rom	sNameWindowCoords_2Players
0x0847872C	rom	sNameWindowCoords_3Players
0x08478738	rom	sNameWindowCoords_4Players
0x08478748	rom	sNameWindowCoords_5Players
0x0847875C	rom	sNameWindowCoords
0x08478770	rom	sRankingTexts
0x08478784	rom	sResultsXCoords
0x0847878C	rom	sResultsYCoords
0x08478796	rom	sRankingYCoords
0x084787A0	rom	sGfxFuncs
0x084787F8	rom	sPokedudeBufferCommands
0x084788DC	rom	sUnused
0x084788E4	rom	sInputScripts_ChooseAction_Battle
0x084788F4	rom	sInputScripts_ChooseAction_Status
0x0847890C	rom	sInputScripts_ChooseAction_Matchups
0x08478924	rom	sInputScripts_ChooseAction_Catching
0x0847893C	rom	sInputScripts_ChooseAction
0x0847894C	rom	sInputScripts_ChooseMove_Battle
0x0847895C	rom	sInputScripts_ChooseMove_Status
0x0847897C	rom	sInputScripts_ChooseMove_Matchups
0x0847899C	rom	sInputScripts_ChooseMove_Catching
0x084789B4	rom	sInputScripts_ChooseMove
0x084789C4	rom	sPokedudeTextScripts_Battle
0x084789E4	rom	sPokedudeTextScripts_Status
0x08478A0C	rom	sPokedudeTextScripts_Matchups
0x08478A44	rom	sPokedudeTextScripts_Catching
0x08478A74	rom	sPokedudeTextScripts
0x08478A84	rom	sPokedudeTexts_Battle
0x08478A94	rom	sPokedudeTexts_Status
0x08478AA8	rom	sPokedudeTexts_TypeMatchup
0x08478AC4	rom	sPokedudeTexts_Catching
0x08478ADC	rom	sParties_Battle
0x08478B0C	rom	sParties_Status
0x08478B3C	rom	sParties_Matchups
0x08478B7C	rom	sParties_Catching
0x08478BAC	rom	sPokedudeBattlePartyPointers
0x08478BBC	rom	sBgTemplates
0x08478BCC	rom	sWindowTemplates
0x08478BE4	rom	sListMenuItems
0x08478C1C	rom	sListMenuItems_NoTMCase
0x08478C44	rom	sListMenuTemplate
0x08478C5C	rom	sScrollIndicatorArrowPair
0x08478C6C	rom	sWhereToReturnToFromBattle
0x08478C74	rom	sBattleScript
0x08478CC0	rom	sStatusScript
0x08478D0C	rom	sMatchupsScript
0x08478D58	rom	sCatchingScript
0x08478DA4	rom	sTMsScript
0x08478DE4	rom	sRegisterKeyItemScript
0x08478E24	rom	array.96
0x08478E3C	rom	texts.100
0x08478E54	rom	texts.104
0x08478E6C	rom	sBg1EndGraphic
0x08478E8C	rom	sSubspriteArray
0x08478E94	rom	sSubspriteTableArray
0x08478EA4	rom	sGrassAnimArray
0x08478F34	rom	sTilesPerImage
0x08478F44	rom	gMinigameDigits_Pal
0x08478F64	rom	gMinigameDigits_Gfx
0x08479024	rom	sUnusedMinigameDigits_Gfx
0x08479114	rom	sWakeTiles
0x08479314	rom	sSmokeTiles
0x08479534	rom	sSpriteSheets
0x0847954C	rom	sWakeAnim
0x08479558	rom	sWakeAnimTable
0x0847955C	rom	sWakeOamData
0x08479564	rom	sWakeSpriteTemplate
0x0847957C	rom	sSmokeAnim
0x08479590	rom	sSmokeAnimTable
0x08479594	rom	sSmokeOamData
0x0847959C	rom	sSmokeSpriteTemplate
0x08479610	rom	sRenewableHiddenItems
0x084797B4	rom	sSingleBattleTrainerInfo
0x08479900	rom	sDoubleBattleTrainerInfo
0x08479950	rom	sTrainerEncounterMusicLUT
0x08479AF4	rom	sTimeBoardWindowTemplate
0x08479B04	rom	sUnusedValue
0x08479B08	rom	sTextColors
0x08479B0C	rom	sTrainerTowerFunctions
0x08479B60	rom	sFloorLayouts
0x08479B90	rom	sPrizeList
0x08479BAE	rom	sTrainerTowerEncounterMusic
0x08479BCA	rom	sSingleBattleChallengeMonIdxs
0x08479BDA	rom	sDoubleBattleChallengeMonIdxs
0x08479BEA	rom	sKnockoutChallengeMonIdxs
0x08479C04	rom	sSpritePal_321Start
0x08479C24	rom	sSpriteSheet_321Start
0x0847A088	rom	sOamData_Numbers
0x0847A090	rom	sOamData_Start
0x0847A098	rom	sAnim_Numbers_Three
0x0847A0A0	rom	sAnim_Numbers_Two
0x0847A0A8	rom	sAnim_Numbers_One
0x0847A0B0	rom	sAnimTable_Numbers
0x0847A0BC	rom	sAnim_StartLeft
0x0847A0C4	rom	sAnim_StartRight
0x0847A0CC	rom	sAnimTable_Start
0x0847A0D4	rom	sAffineAnim_Numbers_0
0x0847A0E4	rom	sAffineAnim_Numbers_1
0x0847A0FC	rom	sAffineAnim_Numbers_2
0x0847A10C	rom	sAffineAnim_Numbers_3
0x0847A12C	rom	sAffineAnimTable_Numbers
0x0847A16C	rom	sBerryFixGraphics
0x0847A1B4	rom	gText_EasyChatKeyboard_ABCDEFothers
0x0847A1D6	rom	gText_EasyChatKeyboard_GHIJKL
0x0847A1EF	rom	gText_EasyChatKeyboard_MNOPQRS
0x0847A210	rom	gText_EasyChatKeyboard_TUVWXYZ
0x0847A231	rom	gText_NamingScreenKeyboard_abcdef
0x0847A252	rom	gText_NamingScreenKeyboard_ghijkl
0x0847A273	rom	gText_NamingScreenKeyboard_mnopqrs
0x0847A294	rom	gText_NamingScreenKeyboard_tuvwxyz
0x0847A2B5	rom	gText_NamingScreenKeyboard_ABCDEF
0x0847A2D6	rom	gText_NamingScreenKeyboard_GHIJKL
0x0847A2F7	rom	gText_NamingScreenKeyboard_MNOPQRS
0x0847A318	rom	gText_NamingScreenKeyboard_TUVWXYZ
0x0847A339	rom	gText_NamingScreenKeyboard_01234
0x0847A352	rom	gText_NamingScreenKeyboard_56789
0x0847A36B	rom	gText_NamingScreenKeyboard_Symbols1
0x0847A384	rom	gText_NamingScreenKeyboard_Symbols2
0x0847A39D	rom	gText_UnionRoomChatKeyboard_ABCDE
0x0847A3A3	rom	gText_UnionRoomChatKeyboard_FGHIJ
0x0847A3A9	rom	gText_UnionRoomChatKeyboard_KLMNO
0x0847A3AF	rom	gText_UnionRoomChatKeyboard_PQRST
0x0847A3B5	rom	gText_UnionRoomChatKeyboard_UVWXY
0x0847A3BB	rom	gText_UnionRoomChatKeyboard_Z
0x0847A3C1	rom	gText_UnionRoomChatKeyboard_01234Upper
0x0847A3C7	rom	gText_UnionRoomChatKeyboard_56789Upper
0x0847A3CD	rom	gText_UnionRoomChatKeyboard_PunctuationUpper
0x0847A3D3	rom	gText_UnionRoomChatKeyboard_SymbolsUpper
0x0847A3D9	rom	gText_UnionRoomChatKeyboard_abcde
0x0847A3DF	rom	gText_UnionRoomChatKeyboard_fghij
0x0847A3E5	rom	gText_UnionRoomChatKeyboard_klmno
0x0847A3EB	rom	gText_UnionRoomChatKeyboard_pqrst
0x0847A3F1	rom	gText_UnionRoomChatKeyboard_uvwxy
0x0847A3F7	rom	gText_UnionRoomChatKeyboard_z
0x0847A3FD	rom	gText_UnionRoomChatKeyboard_01234Lower
0x0847A403	rom	gText_UnionRoomChatKeyboard_56789Lower
0x0847A409	rom	gText_UnionRoomChatKeyboard_PunctuationLower
0x0847A40F	rom	gText_UnionRoomChatKeyboard_SymbolsLower
0x0847A415	rom	gText_EmptyTextInput1
0x0847A416	rom	gText_EmptyTextInput2
0x0847A417	rom	gText_EmptyTextInput3
0x0847A418	rom	gText_EmptyTextInput4
0x0847A419	rom	gText_EmptyTextInput5
0x0847A41A	rom	gText_EmptyTextInput6
0x0847A41B	rom	gText_EmptyTextInput7
0x0847A41C	rom	gText_EmptyTextInput8
0x0847A41D	rom	gText_UnionRoomChatKeyboard_Emoji1
0x0847A428	rom	gText_UnionRoomChatKeyboard_Emoji2
0x0847A433	rom	gText_UnionRoomChatKeyboard_Emoji3
0x0847A43E	rom	gText_UnionRoomChatKeyboard_Emoji4
0x0847A447	rom	gText_UnionRoomChatKeyboard_Emoji5
0x0847A452	rom	gText_UnionRoomChatKeyboard_Emoji6
0x0847A45D	rom	gText_UnionRoomChatKeyboard_Emoji7
0x0847A468	rom	gText_UnionRoomChatKeyboard_Emoji8
0x0847A473	rom	gText_UnionRoomChatKeyboard_Emoji9
0x0847A47E	rom	gText_UnionRoomChatKeyboard_Emoji10
0x0847A488	rom	sTrainerTowerFloor_Single_4
0x0847A868	rom	sTrainerTowerFloor_Single_7
0x0847AC48	rom	sTrainerTowerFloor_Single_Unused
0x0847B028	rom	sTrainerTowerFloor_Double_5
0x0847B408	rom	sTrainerTowerFloor_Double_6
0x0847B7E8	rom	sTrainerTowerFloor_Double_2
0x0847BBC8	rom	sTrainerTowerFloor_Knockout_1
0x0847BFA8	rom	sTrainerTowerFloor_Knockout_2
0x0847C388	rom	sTrainerTowerFloor_Single_5
0x0847C768	rom	sTrainerTowerFloor_Single_8
0x0847CB48	rom	sTrainerTowerFloor_Single_2
0x0847CF28	rom	sTrainerTowerFloor_Double_3
0x0847D308	rom	sTrainerTowerFloor_Double_1
0x0847D6E8	rom	sTrainerTowerFloor_Double_4
0x0847DAC8	rom	sTrainerTowerFloor_Knockout_8
0x0847DEA8	rom	sTrainerTowerFloor_Knockout_3
0x0847E288	rom	sTrainerTowerFloor_Single_6
0x0847E668	rom	sTrainerTowerFloor_Mixed_1
0x0847EA48	rom	sTrainerTowerFloor_Single_1
0x0847EE28	rom	sTrainerTowerFloor_Mixed_5
0x0847F208	rom	sTrainerTowerFloor_Double_8
0x0847F5E8	rom	sTrainerTowerFloor_Double_Unused1
0x0847F9C8	rom	sTrainerTowerFloor_Knockout_7
0x0847FDA8	rom	sTrainerTowerFloor_Knockout_4
0x08480188	rom	sTrainerTowerFloor_Single_3
0x08480568	rom	sTrainerTowerFloor_Mixed_3
0x08480948	rom	sTrainerTowerFloor_Mixed_2
0x08480D28	rom	sTrainerTowerFloor_Double_Unused2
0x08481108	rom	sTrainerTowerFloor_Double_7
0x084814E8	rom	sTrainerTowerFloor_Double_Unused3
0x084818C8	rom	sTrainerTowerFloor_Knockout_6
0x08481CA8	rom	sTrainerTowerFloor_Knockout_5
0x08482088	rom	gTrainerTowerLocalHeader
0x08482090	rom	gTrainerTowerFloors
0x08482110	rom	gMoveDescription_Pound
0x08482150	rom	gMoveDescription_KarateChop
0x08482199	rom	gMoveDescription_DoubleSlap
0x084821DB	rom	gMoveDescription_CometPunch
0x08482222	rom	gMoveDescription_MegaPunch
0x08482261	rom	gMoveDescription_PayDay
0x084822A5	rom	gMoveDescription_FirePunch
0x084822ED	rom	gMoveDescription_IcePunch
0x0848232F	rom	gMoveDescription_ThunderPunch
0x0848237C	rom	gMoveDescription_Scratch
0x084823A9	rom	gMoveDescription_ViceGrip
0x084823DC	rom	gMoveDescription_Guillotine
0x08482422	rom	gMoveDescription_RazorWind
0x08482470	rom	gMoveDescription_SwordsDance
0x084824B1	rom	gMoveDescription_Cut
0x084824F2	rom	gMoveDescription_Gust
0x0848252B	rom	gMoveDescription_WingAttack
0x08482565	rom	gMoveDescription_Whirlwind
0x084825AF	rom	gMoveDescription_Fly
0x084825F9	rom	gMoveDescription_Bind
0x08482642	rom	gMoveDescription_Slam
0x08482672	rom	gMoveDescription_VineWhip
0x084826A4	rom	gMoveDescription_Stomp
0x084826E4	rom	gMoveDescription_DoubleKick
0x08482721	rom	gMoveDescription_MegaKick
0x0848275F	rom	gMoveDescription_JumpKick
0x084827A8	rom	gMoveDescription_RollingKick
0x084827E6	rom	gMoveDescription_SandAttack
0x08482828	rom	gMoveDescription_Headbutt
0x0848286B	rom	gMoveDescription_HornAttack
0x084828AC	rom	gMoveDescription_FuryAttack
0x084828F0	rom	gMoveDescription_HornDrill
0x08482938	rom	gMoveDescription_Tackle
0x0848297E	rom	gMoveDescription_BodySlam
0x084829C7	rom	gMoveDescription_Wrap
0x08482A0C	rom	gMoveDescription_TakeDown
0x08482A54	rom	gMoveDescription_Thrash
0x08482A9B	rom	gMoveDescription_DoubleEdge
0x08482ADF	rom	gMoveDescription_TailWhip
0x08482B25	rom	gMoveDescription_PoisonSting
0x08482B67	rom	gMoveDescription_Twineedle
0x08482BAE	rom	gMoveDescription_PinMissile
0x08482BF0	rom	gMoveDescription_Leer
0x08482C34	rom	gMoveDescription_Bite
0x08482C73	rom	gMoveDescription_Growl
0x08482CB8	rom	gMoveDescription_Roar
0x08482D02	rom	gMoveDescription_Sing
0x08482D48	rom	gMoveDescription_Supersonic
0x08482D84	rom	gMoveDescription_SonicBoom
0x08482DC9	rom	gMoveDescription_Disable
0x08482E10	rom	gMoveDescription_Acid
0x08482E5C	rom	gMoveDescription_Ember
0x08482E9E	rom	gMoveDescription_Flamethrower
0x08482EE2	rom	gMoveDescription_Mist
0x08482F27	rom	gMoveDescription_WaterGun
0x08482F6F	rom	gMoveDescription_HydroPump
0x08482FB2	rom	gMoveDescription_Surf
0x08482FFB	rom	gMoveDescription_IceBeam
0x0848303C	rom	gMoveDescription_Blizzard
0x0848307D	rom	gMoveDescription_Psybeam
0x084830BF	rom	gMoveDescription_BubbleBeam
0x08483106	rom	gMoveDescription_AuroraBeam
0x08483149	rom	gMoveDescription_HyperBeam
0x0848318F	rom	gMoveDescription_Peck
0x084831C6	rom	gMoveDescription_DrillPeck
0x08483203	rom	gMoveDescription_Submission
0x0848324A	rom	gMoveDescription_LowKick
0x0848328A	rom	gMoveDescription_Counter
0x084832D4	rom	gMoveDescription_SeismicToss
0x08483316	rom	gMoveDescription_Strength
0x0848335E	rom	gMoveDescription_Absorb
0x084833A1	rom	gMoveDescription_MegaDrain
0x084833E8	rom	gMoveDescription_LeechSeed
0x08483433	rom	gMoveDescription_Growth
0x08483470	rom	gMoveDescription_RazorLeaf
0x084834B6	rom	gMoveDescription_SolarBeam
0x084834FE	rom	gMoveDescription_PoisonPowder
0x08483539	rom	gMoveDescription_StunSpore
0x08483577	rom	gMoveDescription_SleepPowder
0x084835B7	rom	gMoveDescription_PetalDance
0x08483600	rom	gMoveDescription_StringShot
0x08483647	rom	gMoveDescription_DragonRage
0x0848368C	rom	gMoveDescription_FireSpin
0x084836DA	rom	gMoveDescription_ThunderShock
0x0848371A	rom	gMoveDescription_Thunderbolt
0x0848375C	rom	gMoveDescription_ThunderWave
0x0848379E	rom	gMoveDescription_Thunder
0x084837DF	rom	gMoveDescription_RockThrow
0x08483820	rom	gMoveDescription_Earthquake
0x08483865	rom	gMoveDescription_Fissure
0x084838A3	rom	gMoveDescription_Dig
0x084838EB	rom	gMoveDescription_Toxic
0x08483934	rom	gMoveDescription_Confusion
0x08483974	rom	gMoveDescription_Psychic
0x084839BB	rom	gMoveDescription_Hypnosis
0x084839FF	rom	gMoveDescription_Meditate
0x08483A41	rom	gMoveDescription_Agility
0x08483A84	rom	gMoveDescription_QuickAttack
0x08483AC5	rom	gMoveDescription_Rage
0x08483B0A	rom	gMoveDescription_Teleport
0x08483B54	rom	gMoveDescription_NightShade
0x08483B9C	rom	gMoveDescription_Mimic
0x08483BE6	rom	gMoveDescription_Screech
0x08483C2F	rom	gMoveDescription_DoubleTeam
0x08483C74	rom	gMoveDescription_Recover
0x08483CC1	rom	gMoveDescription_Harden
0x08483D0A	rom	gMoveDescription_Minimize
0x08483D52	rom	gMoveDescription_Smokescreen
0x08483D91	rom	gMoveDescription_ConfuseRay
0x08483DCF	rom	gMoveDescription_Withdraw
0x08483E18	rom	gMoveDescription_DefenseCurl
0x08483E5C	rom	gMoveDescription_Barrier
0x08483EA1	rom	gMoveDescription_LightScreen
0x08483EE2	rom	gMoveDescription_Haze
0x08483F23	rom	gMoveDescription_Reflect
0x08483F65	rom	gMoveDescription_FocusEnergy
0x08483FAF	rom	gMoveDescription_Bide
0x08483FF1	rom	gMoveDescription_Metronome
0x0848403A	rom	gMoveDescription_MirrorMove
0x0848407E	rom	gMoveDescription_SelfDestruct
0x084840C4	rom	gMoveDescription_EggBomb
0x08484109	rom	gMoveDescription_Lick
0x0848414D	rom	gMoveDescription_Smog
0x08484191	rom	gMoveDescription_Sludge
0x084841CE	rom	gMoveDescription_BoneClub
0x08484217	rom	gMoveDescription_FireBlast
0x08484262	rom	gMoveDescription_Waterfall
0x084842A6	rom	gMoveDescription_Clamp
0x084842F1	rom	gMoveDescription_Swift
0x08484333	rom	gMoveDescription_SkullBash
0x0848437E	rom	gMoveDescription_SpikeCannon
0x084843BD	rom	gMoveDescription_Constrict
0x08484403	rom	gMoveDescription_Amnesia
0x08484437	rom	gMoveDescription_Kinesis
0x0848447D	rom	gMoveDescription_SoftBoiled
0x084844C7	rom	gMoveDescription_HiJumpKick
0x08484503	rom	gMoveDescription_Glare
0x08484551	rom	gMoveDescription_DreamEater
0x08484597	rom	gMoveDescription_PoisonGas
0x084845DD	rom	gMoveDescription_Barrage
0x0848461E	rom	gMoveDescription_LeechLife
0x08484661	rom	gMoveDescription_LovelyKiss
0x084846A9	rom	gMoveDescription_SkyAttack
0x084846F4	rom	gMoveDescription_Transform
0x0848473C	rom	gMoveDescription_Bubble
0x08484780	rom	gMoveDescription_DizzyPunch
0x084847C1	rom	gMoveDescription_Spore
0x084847FC	rom	gMoveDescription_Flash
0x08484846	rom	gMoveDescription_Psywave
0x08484891	rom	gMoveDescription_Splash
0x084848D4	rom	gMoveDescription_AcidArmor
0x0848491B	rom	gMoveDescription_Crabhammer
0x08484967	rom	gMoveDescription_Explosion
0x084849B0	rom	gMoveDescription_FurySwipes
0x084849F0	rom	gMoveDescription_Bonemerang
0x08484A3A	rom	gMoveDescription_Rest
0x08484A89	rom	gMoveDescription_RockSlide
0x08484ACB	rom	gMoveDescription_HyperFang
0x08484B0D	rom	gMoveDescription_Sharpen
0x08484B53	rom	gMoveDescription_Conversion
0x08484B94	rom	gMoveDescription_TriAttack
0x08484BDD	rom	gMoveDescription_SuperFang
0x08484C18	rom	gMoveDescription_Slash
0x08484C5E	rom	gMoveDescription_Substitute
0x08484C9A	rom	gMoveDescription_Struggle
0x08484CE1	rom	gMoveDescription_Sketch
0x08484D22	rom	gMoveDescription_TripleKick
0x08484D67	rom	gMoveDescription_Thief
0x08484DB2	rom	gMoveDescription_SpiderWeb
0x08484DF9	rom	gMoveDescription_MindReader
0x08484E3C	rom	gMoveDescription_Nightmare
0x08484E86	rom	gMoveDescription_FlameWheel
0x08484EC5	rom	gMoveDescription_Snore
0x08484F0B	rom	gMoveDescription_Curse
0x08484F55	rom	gMoveDescription_Flail
0x08484F9D	rom	gMoveDescription_Conversion2
0x08484FE8	rom	gMoveDescription_Aeroblast
0x0848502E	rom	gMoveDescription_CottonSpore
0x08485074	rom	gMoveDescription_Reversal
0x084850BB	rom	gMoveDescription_Spite
0x084850FA	rom	gMoveDescription_PowderSnow
0x08485133	rom	gMoveDescription_Protect
0x0848517D	rom	gMoveDescription_MachPunch
0x084851BE	rom	gMoveDescription_ScaryFace
0x084851FF	rom	gMoveDescription_FaintAttack
0x08485247	rom	gMoveDescription_SweetKiss
0x0848528A	rom	gMoveDescription_BellyDrum
0x084852CE	rom	gMoveDescription_SludgeBomb
0x0848530C	rom	gMoveDescription_MudSlap
0x08485356	rom	gMoveDescription_Octazooka
0x0848539D	rom	gMoveDescription_Spikes
0x084853E8	rom	gMoveDescription_ZapCannon
0x08485431	rom	gMoveDescription_Foresight
0x08485478	rom	gMoveDescription_DestinyBond
0x084854BA	rom	gMoveDescription_PerishSong
0x08485500	rom	gMoveDescription_IcyWind
0x08485542	rom	gMoveDescription_Detect
0x0848558C	rom	gMoveDescription_BoneRush
0x084855CC	rom	gMoveDescription_LockOn
0x0848560C	rom	gMoveDescription_Outrage
0x08485653	rom	gMoveDescription_Sandstorm
0x0848569D	rom	gMoveDescription_GigaDrain
0x084856E5	rom	gMoveDescription_Endure
0x08485731	rom	gMoveDescription_Charm
0x0848577C	rom	gMoveDescription_Rollout
0x084857BD	rom	gMoveDescription_FalseSwipe
0x08485800	rom	gMoveDescription_Swagger
0x08485848	rom	gMoveDescription_MilkDrink
0x08485892	rom	gMoveDescription_Spark
0x084858D1	rom	gMoveDescription_FuryCutter
0x08485907	rom	gMoveDescription_SteelWing
0x08485951	rom	gMoveDescription_MeanLook
0x08485993	rom	gMoveDescription_Attract
0x084859E1	rom	gMoveDescription_SleepTalk
0x08485A21	rom	gMoveDescription_HealBell
0x08485A63	rom	gMoveDescription_Return
0x08485AAD	rom	gMoveDescription_Present
0x08485AF7	rom	gMoveDescription_Frustration
0x08485B41	rom	gMoveDescription_Safeguard
0x08485B87	rom	gMoveDescription_PainSplit
0x08485BCF	rom	gMoveDescription_SacredFire
0x08485C0C	rom	gMoveDescription_Magnitude
0x08485C54	rom	gMoveDescription_DynamicPunch
0x08485CA3	rom	gMoveDescription_Megahorn
0x08485CE7	rom	gMoveDescription_DragonBreath
0x08485D31	rom	gMoveDescription_BatonPass
0x08485D7B	rom	gMoveDescription_Encore
0x08485DC4	rom	gMoveDescription_Pursuit
0x08485E0E	rom	gMoveDescription_RapidSpin
0x08485E55	rom	gMoveDescription_SweetScent
0x08485E9B	rom	gMoveDescription_IronTail
0x08485EE2	rom	gMoveDescription_MetalClaw
0x08485F2D	rom	gMoveDescription_VitalThrow
0x08485F6F	rom	gMoveDescription_MorningSun
0x08485FBA	rom	gMoveDescription_Synthesis
0x08486005	rom	gMoveDescription_Moonlight
0x08486050	rom	gMoveDescription_HiddenPower
0x08486093	rom	gMoveDescription_CrossChop
0x084860D7	rom	gMoveDescription_Twister
0x08486116	rom	gMoveDescription_RainDance
0x08486158	rom	gMoveDescription_SunnyDay
0x08486194	rom	gMoveDescription_Crunch
0x084861DA	rom	gMoveDescription_MirrorCoat
0x0848621D	rom	gMoveDescription_PsychUp
0x08486266	rom	gMoveDescription_ExtremeSpeed
0x084862AB	rom	gMoveDescription_AncientPower
0x084862F7	rom	gMoveDescription_ShadowBall
0x0848633E	rom	gMoveDescription_FutureSight
0x08486382	rom	gMoveDescription_RockSmash
0x084863CB	rom	gMoveDescription_Whirlpool
0x08486412	rom	gMoveDescription_BeatUp
0x0848645A	rom	gMoveDescription_FakeOut
0x084864A3	rom	gMoveDescription_Uproar
0x084864EC	rom	gMoveDescription_Stockpile
0x08486531	rom	gMoveDescription_SpitUp
0x08486571	rom	gMoveDescription_Swallow
0x084865B0	rom	gMoveDescription_HeatWave
0x084865F8	rom	gMoveDescription_Hail
0x08486640	rom	gMoveDescription_Torment
0x0848668D	rom	gMoveDescription_Flatter
0x084866CE	rom	gMoveDescription_WillOWisp
0x08486713	rom	gMoveDescription_Memento
0x08486755	rom	gMoveDescription_Facade
0x0848679A	rom	gMoveDescription_FocusPunch
0x084867E0	rom	gMoveDescription_SmellingSalt
0x0848682C	rom	gMoveDescription_FollowMe
0x08486872	rom	gMoveDescription_NaturePower
0x084868B0	rom	gMoveDescription_Charge
0x084868F0	rom	gMoveDescription_Taunt
0x08486938	rom	gMoveDescription_HelpingHand
0x08486977	rom	gMoveDescription_Trick
0x084869B9	rom	gMoveDescription_RolePlay
0x084869FA	rom	gMoveDescription_Wish
0x08486A3F	rom	gMoveDescription_Assist
0x08486A7D	rom	gMoveDescription_Ingrain
0x08486AC5	rom	gMoveDescription_Superpower
0x08486B10	rom	gMoveDescription_MagicCoat
0x08486B52	rom	gMoveDescription_Recycle
0x08486B86	rom	gMoveDescription_Revenge
0x08486BCE	rom	gMoveDescription_BrickBreak
0x08486C14	rom	gMoveDescription_Yawn
0x08486C54	rom	gMoveDescription_KnockOff
0x08486C9A	rom	gMoveDescription_Endeavor
0x08486CD7	rom	gMoveDescription_Eruption
0x08486D18	rom	gMoveDescription_SkillSwap
0x08486D5B	rom	gMoveDescription_Imprison
0x08486D9D	rom	gMoveDescription_Refresh
0x08486DE9	rom	gMoveDescription_Grudge
0x08486E34	rom	gMoveDescription_Snatch
0x08486E76	rom	gMoveDescription_SecretPower
0x08486EC1	rom	gMoveDescription_Dive
0x08486F04	rom	gMoveDescription_ArmThrust
0x08486F47	rom	gMoveDescription_Camouflage
0x08486F83	rom	gMoveDescription_TailGlow
0x08486FC2	rom	gMoveDescription_LusterPurge
0x08487009	rom	gMoveDescription_MistBall
0x0848704D	rom	gMoveDescription_FeatherDance
0x08487097	rom	gMoveDescription_TeeterDance
0x084870CF	rom	gMoveDescription_BlazeKick
0x08487116	rom	gMoveDescription_MudSport
0x08487156	rom	gMoveDescription_IceBall
0x08487198	rom	gMoveDescription_NeedleArm
0x084871D1	rom	gMoveDescription_SlackOff
0x0848720E	rom	gMoveDescription_HyperVoice
0x08487252	rom	gMoveDescription_PoisonFang
0x08487298	rom	gMoveDescription_CrushClaw
0x084872E3	rom	gMoveDescription_BlastBurn
0x0848732F	rom	gMoveDescription_HydroCannon
0x0848737A	rom	gMoveDescription_MeteorMash
0x084873C7	rom	gMoveDescription_Astonish
0x0848740B	rom	gMoveDescription_WeatherBall
0x0848744D	rom	gMoveDescription_Aromatherapy
0x0848749B	rom	gMoveDescription_FakeTears
0x084874DB	rom	gMoveDescription_AirCutter
0x08487522	rom	gMoveDescription_Overheat
0x08487567	rom	gMoveDescription_OdorSleuth
0x084875AE	rom	gMoveDescription_RockTomb
0x084875F9	rom	gMoveDescription_SilverWind
0x08487644	rom	gMoveDescription_MetalSound
0x0848768C	rom	gMoveDescription_GrassWhistle
0x084876CB	rom	gMoveDescription_Tickle
0x0848770C	rom	gMoveDescription_CosmicPower
0x0848774E	rom	gMoveDescription_WaterSpout
0x0848778F	rom	gMoveDescription_SignalBeam
0x084877D2	rom	gMoveDescription_ShadowPunch
0x08487811	rom	gMoveDescription_Extrasensory
0x08487852	rom	gMoveDescription_SkyUppercut
0x08487890	rom	gMoveDescription_SandTomb
0x084878D5	rom	gMoveDescription_SheerCold
0x0848791D	rom	gMoveDescription_MuddyWater
0x08487966	rom	gMoveDescription_BulletSeed
0x084879AC	rom	gMoveDescription_AerialAce
0x084879ED	rom	gMoveDescription_IcicleSpear
0x08487A2F	rom	gMoveDescription_IronDefense
0x08487A76	rom	gMoveDescription_Block
0x08487ABD	rom	gMoveDescription_Howl
0x08487AFB	rom	gMoveDescription_DragonClaw
0x08487B42	rom	gMoveDescription_FrenzyPlant
0x08487B90	rom	gMoveDescription_BulkUp
0x08487BD7	rom	gMoveDescription_Bounce
0x08487C1D	rom	gMoveDescription_MudShot
0x08487C5F	rom	gMoveDescription_PoisonTail
0x08487CA5	rom	gMoveDescription_Covet
0x08487CE4	rom	gMoveDescription_VoltTackle
0x08487D27	rom	gMoveDescription_MagicalLeaf
0x08487D66	rom	gMoveDescription_WaterSport
0x08487DA1	rom	gMoveDescription_CalmMind
0x08487DE3	rom	gMoveDescription_LeafBlade
0x08487E2B	rom	gMoveDescription_DragonDance
0x08487E73	rom	gMoveDescription_RockBlast
0x08487EAF	rom	gMoveDescription_ShockWave
0x08487EF0	rom	gMoveDescription_WaterPulse
0x08487F36	rom	gMoveDescription_DoomDesire
0x08487F7D	rom	gMoveDescription_PsychoBoost
0x08487FC4	rom	gMoveDescriptionPointers
0x0848854C	rom	gText_MysteryGiftBerry
0x0848857E	rom	gText_MysteryGiftBerryTransform
0x084885AA	rom	gText_MysteryGiftBerryObtained
0x084885D2	rom	gText_MysteryGiftSpecialRibbon
0x08488606	rom	gText_MysteryGiftNationalDex
0x0848863C	rom	gText_MysteryGiftRareWord
0x08488658	rom	gText_MysteryGiftSentOver
0x0848866A	rom	gText_MysteryGiftFullParty
0x08488699	rom	gText_MysteryGiftNewTrainer
0x084886BD	rom	gText_MysteryGiftNewAdversaryInBattleTower
0x084886D9	rom	gText_MysteryGiftCantBeUsed
0x08489244	rom	gMPlayJumpTableTemplate
0x084892D4	rom	gDeltaEncodingTable
0x084892E4	rom	gScaleTable
0x08489398	rom	gFreqTable
0x084893C8	rom	gPcmSamplesPerVBlankTable
0x084893E0	rom	gCgbScaleTable
0x08489464	rom	gCgbFreqTable
0x0848947C	rom	gNoiseTable
0x084894B8	rom	gCgb3Vol
0x084894C8	rom	gClockTable
0x084894FC	rom	gPokemonCrySongTemplate
0x08489530	rom	gXcmdTable
0x086FB7F0	rom	AgbLibFlashVersion
0x086FB800	rom	sSetupInfos
0x086FB834	rom	mxMaxTime
0x086FB84C	rom	MX29L010
0x086FB87C	rom	DefaultFlash
0x086FB8D0	rom	leMaxTime
0x086FB8E8	rom	LE26FV10N1TS
0x086FB918	rom	llsf_struct
0x086FB938	rom	version_string
0x086FB944	rom	str_checkMbootLL
0x086FB950	rom	Sio32ConnectionData
0x086FB958	rom	Sio32IDLib_Var
0x086FB9CC	rom	__clz_tab
0x086FBACC	rom	__clz_tab
0x086FBBD0	rom	blanks.12
0x086FBBE0	rom	zeroes.13
0x086FBC60	rom	lconv
0x086FBC9C	rom	p05.27
0x086FBCA8	rom	__mprec_tens
0x086FBD70	rom	__mprec_bigtens
0x086FBD98	rom	__mprec_tinytens
0x08D00000	rom	gBattleInterface_Textbox_Gfx
0x08D004D8	rom	gBattleInterface_Textbox_Pal
0x08D0051C	rom	gBattleInterface_Textbox_Tilemap
0x08D00748	rom	gMonFrontPic_CircledQuestionMark
0x08D0098C	rom	gMonBackPic_CircledQuestionMark
0x08D00BD0	rom	gMonPalette_CircledQuestionMark
0x08D00BE8	rom	gMonShinyPalette_CircledQuestionMark
0x08D00C00	rom	gUnusedGfx_OldCharmap
0x08D013D8	rom	gUnusedTimemap_OldCharmap
0x08D01604	rom	gUnusedPal_OldCharmap
0x08D0162C	rom	gSmokescreenImpactTiles
0x08D0170C	rom	gSmokescreenImpactPalette
0x08D01724	rom	gBallGfx_Poke
0x08D017E0	rom	gBallPal_Poke
0x08D01800	rom	gBallGfx_Great
0x08D018BC	rom	gBallPal_Great
0x08D018E0	rom	gBallGfx_Safari
0x08D019A4	rom	gBallPal_Safari
0x08D019C8	rom	gBallGfx_Ultra
0x08D01A7C	rom	gBallPal_Ultra
0x08D01A9C	rom	gBallGfx_Master
0x08D01B5C	rom	gBallPal_Master
0x08D01B80	rom	gBallGfx_Net
0x08D01C40	rom	gBallPal_Net
0x08D01C60	rom	gBallGfx_Dive
0x08D01D74	rom	gBallPal_Dive
0x08D01D9C	rom	gBallGfx_Nest
0x08D01E60	rom	gBallPal_Nest
0x08D01E84	rom	gBallGfx_Repeat
0x08D01F44	rom	gBallPal_Repeat
0x08D01F68	rom	gBallGfx_Timer
0x08D02060	rom	gBallPal_Timer
0x08D02084	rom	gBallGfx_Luxury
0x08D021B0	rom	gBallPal_Luxury
0x08D021D8	rom	gBallGfx_Premier
0x08D022C8	rom	gBallPal_Premier
0x08D022E8	rom	gOpenPokeballGfx
0x08D02364	rom	gBlankGfxCompressed
0x08D02460	rom	gBattleAnimSpriteGfx_Bubble
0x08D02520	rom	gBattleAnimSpriteGfx_Bone
0x08D025D0	rom	gBattleAnimSpriteGfx_AirWave
0x08D02644	rom	gBattleAnimSpriteGfx_Orb
0x08D026F4	rom	gBattleAnimSpriteGfx_Sword
0x08D027C8	rom	gBattleAnimSpriteGfx_Seed
0x08D02894	rom	gBattleAnimSpritePal_RainDrops
0x08D028B4	rom	gBattleAnimSpritePal_Bone
0x08D028D8	rom	gBattleAnimSpritePal_AirWave
0x08D02900	rom	gBattleAnimSpritePal_Orb
0x08D02914	rom	gBattleAnimSpritePal_Sword
0x08D0293C	rom	gBattleAnimSpritePal_Seed
0x08D02964	rom	gBattleAnimSpriteGfx_Needle
0x08D0298C	rom	gBattleAnimSpritePal_Needle
0x08D029B4	rom	gBattleAnimSpriteGfx_Explosion6
0x08D02B30	rom	gBattleAnimSpritePal_Explosion6
0x08D02B50	rom	gBattleAnimSpriteGfx_PinkOrb
0x08D02B70	rom	gBattleAnimSpritePal_PinkOrb
0x08D02B8C	rom	gBattleAnimSpritePal_IceCube
0x08D02BAC	rom	gBattleAnimSpriteGfx_IceCube
0x08D02F8C	rom	gBattleAnimSpriteGfx_Gust
0x08D03274	rom	gBattleAnimSpritePal_Gust
0x08D03294	rom	gBattleAnimSpriteGfx_Spark2
0x08D0330C	rom	gBattleAnimSpritePal_Spark2
0x08D03334	rom	gBattleAnimSpriteGfx_Orange
0x08D0339C	rom	gBattleAnimSpritePal_Orange
0x08D033B4	rom	gBattleAnimSpriteGfx_Spikes
0x08D033FC	rom	gBattleAnimSpritePal_Spikes
0x08D03420	rom	gBattleAnimSpriteGfx_YellowBall
0x08D03454	rom	gBattleAnimSpritePal_YellowBall
0x08D0346C	rom	gBattleAnimSpriteGfx_TiedBag
0x08D034D8	rom	gBattleAnimSpritePal_TiedBag
0x08D03500	rom	gBattleAnimSpriteGfx_BlackSmoke
0x08D03570	rom	gBattleAnimSpritePal_BlackSmoke
0x08D03580	rom	gBattleAnimSpriteGfx_BlackBall
0x08D035A0	rom	gBattleAnimSpritePal_BlackBall
0x08D035C4	rom	gBattleAnimSpritePal_Glass
0x08D035E0	rom	gBattleAnimSpriteGfx_Glass
0x08D036A0	rom	gBattleAnimSpriteGfx_HornHit
0x08D0376C	rom	gBattleAnimSpritePal_HornHit
0x08D03794	rom	gBattleAnimSpritePal_BlueShards
0x08D037BC	rom	gBattleAnimSpriteGfx_BlueShards
0x08D038C4	rom	gUnused_BattleSpritePalette_023
0x08D038EC	rom	gUnusedGfx_MusicNotes
0x08D039E8	rom	gBattleAnimSpritePal_Hit
0x08D03A10	rom	gBattleAnimSpriteGfx_Hit
0x08D03D48	rom	gBattleAnimSpritePal_Hit2
0x08D03D70	rom	gBattleAnimSpritePal_WavingHand
0x08D03D98	rom	gBattleAnimSpriteGfx_WavingHand
0x08D03E88	rom	gBattleAnimSpriteGfx_ClosingEye
0x08D03F54	rom	gBattleAnimSpritePal_ClosingEye
0x08D03F68	rom	gBattleAnimSpriteGfx_BlueStar
0x08D04348	rom	gBattleAnimSpritePal_BlueStar
0x08D04368	rom	gBattleAnimSpritePal_BubbleBurst
0x08D04390	rom	gBattleAnimSpriteGfx_BubbleBurst
0x08D0447C	rom	gBattleAnimSpriteGfx_HitDuplicate
0x08D047B4	rom	gBattleAnimSpritePal_HitDuplicate
0x08D047DC	rom	gBattleAnimSpritePal_Leer
0x08D04804	rom	gBattleAnimSpriteGfx_Leer
0x08D04B00	rom	gBattleAnimSpritePal_BlueBurst
0x08D04B28	rom	gBattleAnimSpriteGfx_BlueBurst
0x08D04E78	rom	gBattleAnimSpriteGfx_SmallEmber
0x08D05130	rom	gBattleAnimSpritePal_SmallEmber
0x08D05158	rom	gBattleAnimSpriteGfx_GraySmoke
0x08D05518	rom	gBattleAnimSpritePal_GraySmoke
0x08D0553C	rom	gBattleAnimSpritePal_Fire
0x08D05564	rom	gBattleAnimSpriteGfx_Fire
0x08D05ED4	rom	gBattleAnimSpriteGfx_SpinningFire
0x08D062A0	rom	gBattleAnimSpriteGfx_FirePlume
0x08D06638	rom	gBattleAnimSpritePal_Lightning2
0x08D06660	rom	gBattleAnimSpriteGfx_Lightning2
0x08D06A34	rom	gBattleAnimSpriteGfx_Lightning
0x08D06D80	rom	gBattleAnimSpriteGfx_SpinningBall
0x08D06DC4	rom	gBattleAnimSpritePal_SpinningBall
0x08D06DD8	rom	gBattleAnimSpritePal_SpinningBall2
0x08D06E0C	rom	gOldBattleInterfaceGfx
0x08D07170	rom	gOldBattleInterfacePal_1_2_3
0x08D071B4	rom	gOldBattleInterfacePal4
0x08D071CC	rom	gOldBattleInterfacePal_5_6_7
0x08D07224	rom	gOldBattleInterfaceGfx2
0x08D077EC	rom	gOldBattleInterfaceTilemap
0x08D078FC	rom	gBattleAnimSpritePal_ClawSlash2
0x08D07924	rom	gBattleAnimSpritePal_ClawSlash
0x08D0794C	rom	gBattleAnimSpriteGfx_ClawSlash2
0x08D07B70	rom	gBattleAnimSpriteGfx_ClawSlash
0x08D07E6C	rom	gBattleAnimSpriteGfx_Scratch3
0x08D08078	rom	gBattleAnimSpriteGfx_Scratch2
0x08D08218	rom	gUnusedHpBar_Gfx
0x08D082AC	rom	gBattleAnimSpriteGfx_BubbleBurst2
0x08D0857C	rom	gBattleAnimSpritePal_BubbleBurst2
0x08D085A4	rom	gBattleAnimSpriteGfx_IceChunk
0x08D089A4	rom	gBattleAnimSpritePal_IceChunk
0x08D089CC	rom	gBattleAnimSpritePal_Glass2
0x08D089F4	rom	gBattleAnimSpriteGfx_Glass2
0x08D08C60	rom	gBattleAnimSpritePal_PinkHeart2
0x08D08C88	rom	gBattleAnimSpriteGfx_PinkHeart2
0x08D08EF4	rom	gInterfaceGfx_UnusedWindow
0x08D093B0	rom	gInterfacePal_UnusedWindow
0x08D093D8	rom	gInterfaceGfx_HPNumbers
0x08D095EC	rom	gBattleAnimSpriteGfx_SapDrip
0x08D099CC	rom	gBattleAnimSpritePal_SapDrip
0x08D099EC	rom	gBattleAnimSpritePal_SapDrip2
0x08D09A10	rom	gUnusedGfx_Window2
0x08D09CAC	rom	gUnusedGfx_Window2Bar
0x08D09CD8	rom	gBattleAnimSpriteGfx_Sparkle1
0x08D09F70	rom	gBattleAnimSpritePal_Sparkle1
0x08D09F98	rom	gBattleAnimSpritePal_Sparkle2
0x08D09FC0	rom	gBattleAnimSpritePal_HumanoidFoot
0x08D09FE4	rom	gBattleAnimSpriteGfx_HumanoidFoot
0x08D0A084	rom	gBattleAnimSpriteGfx_MonsterFoot
0x08D0A130	rom	gBattleAnimSpriteGfx_HumanoidHand
0x08D0A1FC	rom	gUnusedGfx_LineSketch
0x08D0A380	rom	gUnusedPal_LineSketch
0x08D0A390	rom	gBattleAnimSpriteGfx_YellowUnk
0x08D0A3BC	rom	gBattleAnimSpritePal_YellowUnk
0x08D0A3D4	rom	gBattleAnimSpriteGfx_SlamHit
0x08D0A87C	rom	gBattleAnimSpritePal_SlamHit
0x08D0A8A4	rom	gBattleAnimSpriteGfx_RedFist
0x08D0A968	rom	gBattleAnimSpriteGfx_Ring
0x08D0A9F0	rom	gBattleAnimSpritePal_Ring
0x08D0AA14	rom	gBattleAnimSpriteGfx_Rocks
0x08D0AE7C	rom	gBattleAnimSpritePal_Rocks
0x08D0AEA4	rom	gBattleAnimSpriteGfx_Z
0x08D0AF04	rom	gBattleAnimSpritePal_Z
0x08D0AF20	rom	gBattleAnimSpriteGfx_YellowUnk2
0x08D0AF48	rom	gBattleAnimSpritePal_YellowUnk2
0x08D0AF64	rom	gBattleAnimSpriteGfx_AirSlash
0x08D0B014	rom	gBattleAnimSpritePal_AirSlash
0x08D0B034	rom	gBattleAnimSpriteGfx_SpinningGreenOrbs
0x08D0B404	rom	gBattleAnimSpritePal_SpinningGreenOrbs
0x08D0B42C	rom	gBattleAnimSpriteGfx_Leaf
0x08D0B5E8	rom	gBattleAnimSpritePal_Leaf
0x08D0B610	rom	gUnusedGfx_Metronome
0x08D0B680	rom	gBattleAnimSpritePal_Clapping
0x08D0B6A4	rom	gBattleAnimSpriteGfx_PoisonPowder
0x08D0B7B8	rom	gBattleAnimSpritePal_PoisonPowder
0x08D0B7D8	rom	gBattleAnimSpriteGfx_BrownTriangle
0x08D0B824	rom	gBattleAnimSpritePal_BrownTriangle
0x08D0B84C	rom	gBattleAnimSpriteGfx_Sparkle3
0x08D0B8CC	rom	gBattleAnimSpritePal_Sparkle3
0x08D0B8F4	rom	gBattleAnimSpriteGfx_Sparkle4
0x08D0BB20	rom	gBattleAnimSpriteGfx_MusicNotes
0x08D0BBF0	rom	gBattleAnimSpritePal_MusicNotes
0x08D0BC08	rom	gBattleAnimSpriteGfx_Duck
0x08D0BD24	rom	gBattleAnimSpritePal_Duck
0x08D0BD44	rom	gBattleAnimSpriteGfx_Alert
0x08D0BFC0	rom	gBattleAnimSpritePal_Alert
0x08D0BFE4	rom	gBattleAnimSpriteGfx_Shock4
0x08D0C17C	rom	gBattleAnimSpritePal_Shock4
0x08D0C1A4	rom	gBattleAnimSpriteGfx_Shock
0x08D0C5D4	rom	gBattleAnimSpriteGfx_Bell2
0x08D0C938	rom	gBattleAnimSpritePal_Bell2
0x08D0C95C	rom	gBattleAnimSpriteGfx_PinkGlove
0x08D0C9E0	rom	gBattleAnimSpritePal_PinkGlove
0x08D0CA04	rom	gBattleAnimUnused_Unknown1
0x08D0CA28	rom	gBattleAnimUnused_Unknown2
0x08D0CA4C	rom	gBattleAnimUnused_Unknown3
0x08D0CA70	rom	gBattleAnimUnusedGfx_LineSketch2
0x08D0CAC8	rom	gBattleAnimUnusedPal_LineSketch2
0x08D0CAE8	rom	gBattleAnimUnusedTilemap_LineSketch2
0x08D0CB78	rom	gBattleAnimSpriteGfx_BlueLines
0x08D0CB9C	rom	gBattleAnimSpritePal_BlueLines
0x08D0CBB0	rom	gBattleAnimSpritePal_Impact3
0x08D0CBD8	rom	gBattleAnimSpritePal_Impact2
0x08D0CC00	rom	gBattleAnimSpritePal_Reticle
0x08D0CC18	rom	gBattleAnimSpritePal_Breath
0x08D0CC40	rom	gBattleAnimSpritePal_Snowball
0x08D0CC5C	rom	gBattleAnimSpritePal_Vine
0x08D0CC84	rom	gBattleAnimSpritePal_Sword2
0x08D0CCA8	rom	gBattleAnimSpritePal_RedTube
0x08D0CCC4	rom	gBattleAnimSpritePal_Amnesia
0x08D0CCEC	rom	gBattleAnimSpritePal_String2
0x08D0CD0C	rom	gBattleAnimUnused_Unknown4
0x08D0CD2C	rom	gBattleAnimSpritePal_Pencil2
0x08D0CD54	rom	gBattleAnimSpritePal_Petal
0x08D0CD70	rom	gBattleAnimSpritePal_BentSpoon
0x08D0CD98	rom	gBattleAnimSpritePal_Coin
0x08D0CDB4	rom	gBattleAnimSpritePal_CrackedEgg
0x08D0CDDC	rom	gBattleAnimSpritePal_FreshEgg
0x08D0CE00	rom	gBattleAnimSpriteGfx_Impact3
0x08D0D2A4	rom	gBattleAnimSpriteGfx_Impact2
0x08D0D668	rom	gBattleAnimSpriteGfx_Reticle
0x08D0D720	rom	gBattleAnimSpriteGfx_Breath
0x08D0D890	rom	gBattleAnimSpriteGfx_Snowball
0x08D0D8E0	rom	gBattleAnimSpriteGfx_Vine
0x08D0DB54	rom	gBattleAnimSpriteGfx_Sword2
0x08D0DBE4	rom	gBattleAnimSpriteGfx_Clapping
0x08D0DD18	rom	gBattleAnimSpriteGfx_RedTube
0x08D0DD94	rom	gBattleAnimSpriteGfx_Amnesia
0x08D0E464	rom	gBattleAnimSpriteGfx_String2
0x08D0E608	rom	gBattleAnimSpriteGfx_Pencil2
0x08D0E6B8	rom	gBattleAnimSpriteGfx_Petal
0x08D0E828	rom	gBattleAnimSpriteGfx_BentSpoon
0x08D0EA08	rom	gBattleAnimSpriteGfx_Web
0x08D0EB40	rom	gBattleAnimSpriteGfx_Coin
0x08D0EC40	rom	gBattleAnimSpriteGfx_CrackedEgg
0x08D0ED70	rom	gBattleAnimSpriteGfx_HatchedEgg
0x08D0EF08	rom	gBattleAnimSpriteGfx_FreshEgg
0x08D0EF74	rom	gBattleAnimSpriteGfx_Fangs
0x08D0F134	rom	gBattleAnimSpritePal_Fangs
0x08D0F15C	rom	gBattleAnimSpriteGfx_Explosion2
0x08D0F6E0	rom	gBattleAnimSpritePal_Explosion2
0x08D0F708	rom	gBattleAnimSpriteGfx_Explosion3
0x08D0F7F8	rom	gBattleAnimSpriteGfx_WaterDroplet
0x08D0FBA4	rom	gBattleAnimSpritePal_WaterDroplet
0x08D0FBCC	rom	gBattleAnimSpriteGfx_WaterDroplet2
0x08D0FF50	rom	gBattleAnimSpriteGfx_Seed2
0x08D0FF78	rom	gBattleAnimSpritePal_Seed2
0x08D0FFA0	rom	gBattleAnimSpriteGfx_Sprout
0x08D10384	rom	gBattleAnimSpriteGfx_RedWand
0x08D103C8	rom	gBattleAnimSpritePal_RedWand
0x08D103EC	rom	gBattleAnimSpriteGfx_PurpleGreenUnk
0x08D10714	rom	gBattleAnimSpritePal_PurpleGreenUnk
0x08D1073C	rom	gBattleAnimSpriteGfx_WaterColumn
0x08D109A8	rom	gBattleAnimSpritePal_WaterColumn
0x08D109D0	rom	gBattleAnimSpriteGfx_MudUnk
0x08D10AC4	rom	gBattleAnimSpritePal_MudUnk
0x08D10AEC	rom	gUnusedTilemap_BlueFrame
0x08D10C04	rom	gUnusedTilemap_RedYellowGreenFrame
0x08D11004	rom	gUnusedGfx_ColorFrames
0x08D115A4	rom	gUnusedPal_ColorFrames
0x08D115CC	rom	gBattleAnimSpriteGfx_RainDrops
0x08D116FC	rom	gUnusedGfx8bpp_WaterSplash
0x08D11884	rom	gUnusedTilemap_WaterSplash
0x08D11964	rom	gUnusedPalette_WaterSplash
0x08D119C4	rom	gUnusedGfx_BasicFrame
0x08D11A50	rom	gUnusedPal_BasicFrame
0x08D11A78	rom	gUnusedTilemap_BasicFrame
0x08D11B84	rom	gBattleInterface_Healthbox_Pal
0x08D11BA4	rom	gBattleInterface_Healthbar_Pal
0x08D11BC4	rom	gBattleInterface_Gfx
0x08D12AC4	rom	gBattleInterfaceGfx_UnusedWindow3
0x08D12C00	rom	gBattleInterfaceGfx_UnusedWindow4
0x08D12EB0	rom	gBattleAnimSpriteGfx_FurySwipes
0x08D1315C	rom	gBattleAnimSpritePal_FurySwipes
0x08D13184	rom	gBattleAnimSpriteGfx_Vine2
0x08D133C0	rom	gBattleAnimSpritePal_Vine2
0x08D133DC	rom	gBattleAnimSpriteGfx_Teeth
0x08D13574	rom	gBattleAnimSpritePal_Teeth
0x08D13590	rom	gBattleAnimSpriteGfx_Bone2
0x08D13820	rom	gBattleAnimSpritePal_Bone2
0x08D13848	rom	gBattleAnimSpriteGfx_WhiteBag
0x08D1393C	rom	gBattleAnimSpritePal_WhiteBag
0x08D13964	rom	gBattleAnimSpriteGfx_Unknown
0x08D13990	rom	gBattleAnimSpritePal_Unknown
0x08D139B4	rom	gBattleAnimSpriteGfx_PurpleCoral
0x08D13AB0	rom	gBattleAnimSpritePal_PurpleCoral
0x08D13ACC	rom	gBattleAnimSpriteGfx_PurpleDroplet
0x08D13C08	rom	gBattleAnimSpriteGfx_Shock2
0x08D13EA0	rom	gBattleAnimSpritePal_Shock2
0x08D13EC8	rom	gBattleAnimSpriteGfx_ClosingEye2
0x08D13FB4	rom	gBattleAnimSpritePal_ClosingEye2
0x08D13FDC	rom	gBattleAnimSpriteGfx_MetalBall
0x08D14044	rom	gBattleAnimSpritePal_MetalBall
0x08D14064	rom	gBattleAnimSpriteGfx_MonsterDoll
0x08D14204	rom	gBattleAnimSpritePal_MonsterDoll
0x08D14228	rom	gBattleAnimSpriteGfx_Whirlwind
0x08D14494	rom	gBattleAnimSpritePal_Whirlwind
0x08D144B4	rom	gBattleAnimSpriteGfx_Whirlwind2
0x08D14518	rom	gBattleAnimSpriteGfx_Explosion4
0x08D148E8	rom	gBattleAnimSpritePal_Explosion4
0x08D14910	rom	gBattleAnimSpriteGfx_Explosion5
0x08D14A80	rom	gBattleAnimSpriteGfx_Tongue
0x08D14B80	rom	gBattleAnimSpritePal_Tongue
0x08D14BA0	rom	gBattleAnimSpriteGfx_Smoke
0x08D14C1C	rom	gBattleAnimSpritePal_Smoke
0x08D14C44	rom	gBattleAnimSpriteGfx_Smoke2
0x08D14D14	rom	gBattleAnimSpriteGfx_BlueFlames
0x08D14F50	rom	gBattleAnimSpritePal_BlueFlames
0x08D14F78	rom	gBattleAnimSpriteGfx_BlueFlames2
0x08D1504C	rom	gJpContest_Gfx1
0x08D15960	rom	gJpContest_Pal
0x08D15A64	rom	gJpContest_Bg_Tilemap
0x08D15BE8	rom	gJpContest_Windows_Tilemap
0x08D15EA8	rom	gJpContest_Numbers_Gfx
0x08D15F98	rom	gJpContest_Numbers_Pal
0x08D15FB8	rom	gJpContest_Gfx2
0x08D16FC8	rom	gContest_Interface_Pal
0x08D170E0	rom	gContest_Audience_Tilemap
0x08D172A8	rom	gContest_Interface_Tilemap
0x08D17548	rom	gJpContest_Interface_Tilemap
0x08D17654	rom	gJpContest_Audience_Tilemap
0x08D17AB8	rom	gContest_Curtain_Tilemap
0x08D17BE8	rom	gContest_Interface_Gfx
0x08D18780	rom	gContest_Audience_Gfx
0x08D193DC	rom	gContest_Faces_Gfx
0x08D194F8	rom	gContest_JudgeSymbols_Gfx
0x08D1969C	rom	gContest_JudgeSymbols_Pal
0x08D196C4	rom	gContest_SliderHeart_Gfx
0x08D196E4	rom	gJpContest_Voltage_Gfx
0x08D197D4	rom	gJpContest_Voltage_Pal
0x08D197FC	rom	gJpContestResults_Gfx
0x08D1A064	rom	gContestResults_WinnerBanner_Tilemap
0x08D1A178	rom	gContestResults_Interface_Tilemap
0x08D1A2A4	rom	gContestResults_Bg_Tilemap
0x08D1A42C	rom	gContestResults_Pal
0x08D1A518	rom	gBattleAnimSpriteGfx_Impact
0x08D1A5F0	rom	gBattleAnimSpritePal_Impact
0x08D1A608	rom	gBattleAnimSpriteGfx_Particles
0x08D1A6B8	rom	gBattleAnimSpriteGfx_CircleImpact
0x08D1A6DC	rom	gBattleAnimSpritePal_CircleImpact
0x08D1A704	rom	gBattleAnimSpriteGfx_Scratch
0x08D1A908	rom	gBattleAnimSpriteGfx_SharpTeeth
0x08D1AAF8	rom	gBattleAnimSpritePal_SharpTeeth
0x08D1AB18	rom	gBattleAnimSpriteGfx_Clamp
0x08D1ACB8	rom	gBattleAnimSpriteGfx_Cut
0x08D1AE04	rom	gBattleAnimSpriteGfx_RainbowRings
0x08D1AE84	rom	gBattleAnimSpritePal_RainbowRings
0x08D1AEA4	rom	gBattleAnimSpriteGfx_IceCrystals
0x08D1AFAC	rom	gBattleAnimSpritePal_IceCrystals
0x08D1AFCC	rom	gBattleAnimSpriteGfx_IceSpikes
0x08D1B02C	rom	gUnusedGfx_OldBeatUp
0x08D1B0C8	rom	gUnusedPal_OldBeatUp
0x08D1B0E4	rom	gBattleAnimSpriteGfx_Orbs
0x08D1B1F8	rom	gBattleAnimSpritePal_Orbs
0x08D1B220	rom	gBattleAnimSpriteGfx_WaterOrb
0x08D1B2F0	rom	gBattleAnimSpriteGfx_WaterImpact
0x08D1B3D4	rom	gBattleAnimSpritePal_WaterImpact
0x08D1B3F4	rom	gBattleAnimSpritePal_BrownOrb
0x08D1B414	rom	gBattleAnimSpriteGfx_MudSand
0x08D1B47C	rom	gBattleAnimSpritePal_MudSand
0x08D1B4A0	rom	gBattleAnimSpriteGfx_PoisonBubble
0x08D1B574	rom	gBattleAnimSpritePal_PoisonBubble
0x08D1B590	rom	gBattleAnimSpriteGfx_ToxicBubble
0x08D1B688	rom	gBattleAnimSpriteGfx_HornHit2
0x08D1B6F4	rom	gBattleAnimSpritePal_HornHit2
0x08D1B70C	rom	gBattleAnimSpriteGfx_AirWave2
0x08D1B7B8	rom	gBattleAnimSpritePal_AirWave2
0x08D1B7D8	rom	gBattleAnimSpriteGfx_SmallBubbles
0x08D1B8A0	rom	gBattleAnimSpritePal_SmallBubbles
0x08D1B8C0	rom	gBattleAnimSpriteGfx_RoundShadow
0x08D1BAD8	rom	gBattleAnimSpritePal_RoundShadow
0x08D1BB00	rom	gBattleAnimSpriteGfx_Sunlight
0x08D1BB64	rom	gBattleAnimSpritePal_Sunlight
0x08D1BB7C	rom	gBattleAnimSpriteGfx_Spore
0x08D1BC44	rom	gBattleAnimSpritePal_Spore
0x08D1BC68	rom	gBattleAnimSpriteGfx_Flower
0x08D1BCE4	rom	gBattleAnimSpritePal_Flower
0x08D1BD0C	rom	gBattleAnimSpriteGfx_RazorLeaf
0x08D1BDB4	rom	gBattleAnimSpritePal_RazorLeaf
0x08D1BDDC	rom	gBattleAnimSpriteGfx_MistCloud
0x08D1BE54	rom	gBattleAnimSpritePal_MistCloud
0x08D1BE74	rom	gBattleAnimUnusedGfx_Lights
0x08D1BE9C	rom	gBattleAnimUnusedPal_Lights
0x08D1BEB4	rom	gBattleAnimUnusedTilemap_Lights
0x08D1BFB8	rom	gBattleAnimSpriteGfx_WhirlwindLines
0x08D1C03C	rom	gBattleAnimSpritePal_WhirlwindLines
0x08D1C05C	rom	gBattleAnimSpriteGfx_GoldRing
0x08D1C0BC	rom	gBattleAnimSpritePal_GoldRing
0x08D1C0D4	rom	gBattleAnimSpritePal_BlueRing2
0x08D1C0EC	rom	gBattleAnimSpritePal_PurpleRing
0x08D1C104	rom	gBattleAnimSpritePal_BlueRing
0x08D1C11C	rom	gBattleAnimSpriteGfx_GreenLightWall
0x08D1C428	rom	gBattleAnimSpritePal_GreenLightWall
0x08D1C448	rom	gBattleAnimSpritePal_BlueLightWall
0x08D1C468	rom	gBattleAnimSpritePal_RedLightWall
0x08D1C488	rom	gBattleAnimSpritePal_GrayLightWall
0x08D1C4A8	rom	gBattleAnimSpritePal_OrangeLightWall
0x08D1C4C8	rom	gBattleAnimSpriteGfx_BlackBall2
0x08D1C514	rom	gBattleAnimSpritePal_BlackBall2
0x08D1C53C	rom	gBattleAnimSpritePal_PurpleGasCloud
0x08D1C55C	rom	gContestJudgeGfx
0x08D1C830	rom	gContestJudgePal
0x08D1C858	rom	gBattleAnimSpriteGfx_Spark
0x08D1C90C	rom	gBattleAnimSpritePal_Spark
0x08D1C934	rom	gBattleAnimSpriteGfx_SparkH
0x08D1C9BC	rom	gBattleAnimBgImage_Dark
0x08D1CFB4	rom	gBattleAnimBgPalette_Dark
0x08D1CFD4	rom	gBattleAnimBgTilemap_Dark
0x08D1D224	rom	gMetalShineGfx
0x08D1D360	rom	gMetalShinePalette
0x08D1D388	rom	gMetalShineTilemap
0x08D1D4FC	rom	gUnusedGfx_Goosuto
0x08D1D60C	rom	gUnusedPal_Goosuto
0x08D1D624	rom	gUnusedTilemap_Goosuto
0x08D1D774	rom	gBattleAnimSpriteGfx_YellowStar
0x08D1D814	rom	gBattleAnimSpritePal_YellowStar
0x08D1D83C	rom	gBattleAnimSpriteGfx_LargeFreshEgg
0x08D1D8A0	rom	gBattleAnimSpritePal_LargeFreshEgg
0x08D1D8C8	rom	gBattleAnimSpriteGfx_ShadowBall
0x08D1DA20	rom	gBattleAnimSpritePal_ShadowBall
0x08D1DA48	rom	gBattleAnimSpriteGfx_Lick
0x08D1DB0C	rom	gBattleAnimSpritePal_Lick
0x08D1DB24	rom	gBattleAnimSpriteGfx_VoidLines
0x08D1DC8C	rom	gBattleAnimSpritePal_VoidLines
0x08D1DCB4	rom	gBattleAnimSpritePal_String
0x08D1DCDC	rom	gBattleAnimSpriteGfx_String
0x08D1DDB8	rom	gBattleAnimSpriteGfx_WebThread
0x08D1DDD0	rom	gBattleAnimSpriteGfx_SpiderWeb
0x08D1E160	rom	gBattleAnimSpriteGfx_Lightbulb
0x08D1E204	rom	gBattleAnimSpritePal_Lightbulb
0x08D1E22C	rom	gBattleAnimSpriteGfx_Slash
0x08D1E4A4	rom	gBattleAnimSpritePal_Slash
0x08D1E4CC	rom	gBattleAnimSpriteGfx_FocusEnergy
0x08D1E620	rom	gBattleAnimSpritePal_FocusEnergy
0x08D1E648	rom	gBattleAnimSpriteGfx_SphereToCube
0x08D1EA5C	rom	gBattleAnimSpritePal_SphereToCube
0x08D1EA84	rom	gBattleAnimBgImage_Psychic
0x08D1EC54	rom	gBattleAnimBgPalette_Psychic
0x08D1EC78	rom	gBattleAnimBgTilemap_Psychic
0x08D1ED40	rom	gBattleAnimSpriteGfx_Eye
0x08D1EF30	rom	gBattleAnimSpritePal_Eye
0x08D1EF50	rom	gBattleAnimSpriteGfx_Tendrils
0x08D1F31C	rom	gBattleAnimSpritePal_Tendrils
0x08D1F340	rom	gHealthboxSinglesPlayerGfx
0x08D1F604	rom	gHealthboxSinglesOpponentGfx
0x08D1F794	rom	gHealthboxDoublesPlayerGfx
0x08D1F928	rom	gHealthboxDoublesOpponentGfx
0x08D1FABC	rom	gHealthboxSafariGfx
0x08D1FD34	rom	gUnusedGfx_Shadow
0x08D1FD94	rom	gUnusedPal_Shadow
0x08D1FDA8	rom	gBattleAnimSpriteGfx_LockOn
0x08D1FE3C	rom	gBattleAnimSpritePal_LockOn
0x08D1FE58	rom	gBattleAnimSpriteGfx_OpeningEye
0x08D200B4	rom	gBattleAnimSpritePal_OpeningEye
0x08D200D8	rom	gBattleAnimSpriteGfx_RoundWhiteHalo
0x08D20344	rom	gBattleAnimSpritePal_RoundWhiteHalo
0x08D2036C	rom	gBattleAnimSpriteGfx_TealAlert
0x08D203F0	rom	gBattleAnimSpritePal_TealAlert
0x08D20410	rom	gBattleAnimSpriteGfx_FangAttack
0x08D20690	rom	gBattleAnimSpritePal_FangAttack
0x08D206B8	rom	gBattleAnimSpriteGfx_PurpleHandOutline
0x08D20814	rom	gBattleAnimSpritePal_PurpleHandOutline
0x08D2083C	rom	gFile_graphics_battle_anims_masks_curse_sheet
0x08D20858	rom	gFile_graphics_battle_anims_masks_curse_tilemap
0x08D20958	rom	gBattleAnimSpriteGfx_Pencil
0x08D20A3C	rom	gBattleAnimSpritePal_Pencil
0x08D20A64	rom	gBattleAnimSpriteGfx_Spiral
0x08D20E08	rom	gBattleAnimSpritePal_Spiral
0x08D20E20	rom	gBattleAnimSpriteGfx_Moon
0x08D21158	rom	gBattleAnimSpritePal_Moon
0x08D21180	rom	gBattleAnimSpriteGfx_GreenSparkle
0x08D21238	rom	gBattleAnimSpritePal_GreenSparkle
0x08D21258	rom	gBattleAnimSpriteGfx_SnoreZ
0x08D213C8	rom	gBattleAnimSpritePal_SnoreZ
0x08D213F0	rom	gBattleAnimSpriteGfx_Explosion
0x08D217E0	rom	gBattleAnimSpritePal_Explosion
0x08D21808	rom	gBattleAnimSpriteGfx_Nail
0x08D218D0	rom	gBattleAnimSpritePal_Nail
0x08D218EC	rom	gBattleAnimSpriteGfx_GhostlySpirit
0x08D21A2C	rom	gBattleAnimSpritePal_GhostlySpirit
0x08D21A48	rom	gBattleAnimSpriteGfx_WarmRock
0x08D220B8	rom	gBattleAnimSpritePal_WarmRock
0x08D220E0	rom	gBattleAnimSpriteGfx_PunchImpact
0x08D22254	rom	gBattleAnimSpritePal_PunchImpact
0x08D2227C	rom	gBattleAnimSpriteGfx_BreakingEgg
0x08D223E4	rom	gBattleAnimSpritePal_BreakingEgg
0x08D22408	rom	gBattleAnimSpriteGfx_ThinRing
0x08D225B4	rom	gBattleAnimSpritePal_ThinRing
0x08D225D8	rom	gBattleAnimSpriteGfx_MusicNotes2
0x08D227E4	rom	gBattleAnimSpritePal_MusicNotes2
0x08D22878	rom	gBattleAnimSpriteGfx_Bell
0x08D22AAC	rom	gBattleAnimSpritePal_Bell
0x08D22AD0	rom	gBattleAnimSpriteGfx_SpeedDust
0x08D22B9C	rom	gBattleAnimSpritePal_SpeedDust
0x08D22BC0	rom	gBattleAnimSpriteGfx_TornMetal
0x08D22FB0	rom	gBattleAnimSpriteGfx_ThoughtBubble
0x08D232B8	rom	gBattleAnimSpritePal_ThoughtBubble
0x08D232D8	rom	gBattleAnimSpriteGfx_Finger
0x08D233C8	rom	gBattleAnimSpritePal_Finger
0x08D233EC	rom	gBattleAnimSpriteGfx_MagentaHeart
0x08D23454	rom	gBattleAnimSpritePal_PinkHeart
0x08D23474	rom	gBattleAnimSpritePal_MagentaHeart
0x08D23494	rom	gBattleAnimSpritePal_RedHeart
0x08D234B4	rom	gBattleAnimBg_AttractGfx
0x08D23F24	rom	gBattleAnimBg_AttractPal
0x08D23F4C	rom	gBattleAnimBg_AttractTilemap
0x08D241C8	rom	gBattleAnimSpriteGfx_RedOrb
0x08D24230	rom	gBattleAnimSpritePal_RedOrb
0x08D24250	rom	gBattleAnimSpriteGfx_CircleOfLight
0x08D24484	rom	gBattleAnimSpriteGfx_ElectricOrbs
0x08D244D4	rom	gBattleAnimSpriteGfx_Electricity
0x08D24740	rom	gBattleAnimSpritePal_ElectricOrbs
0x08D24764	rom	gBattleAnimSpriteGfx_Finger2
0x08D249F4	rom	gBattleAnimSpriteGfx_MovementWaves
0x08D24B80	rom	gBattleAnimSpritePal_MovementWaves
0x08D24BA4	rom	gBattleAnim_ScaryFacePal
0x08D24BCC	rom	gBattleAnim_ScaryFaceGfx
0x08D24DFC	rom	gBattleAnimSpritePal_EyeSparkle
0x08D24E24	rom	gBattleAnimSpriteGfx_EyeSparkle
0x08D24ED0	rom	gBattleAnimSpriteGfx_Anger
0x08D24F28	rom	gBattleAnimSpritePal_Anger
0x08D24F50	rom	gBattleAnimSpriteGfx_Conversion
0x08D24F8C	rom	gBattleAnimSpritePal_Conversion
0x08D24FA8	rom	gBattleAnimSpritePal_Angel
0x08D24FD0	rom	gBattleAnimSpriteGfx_Angel
0x08D250FC	rom	gBattleAnimSpritePal_Devil
0x08D2511C	rom	gBattleAnimSpriteGfx_Devil
0x08D25380	rom	gBattleAnimSpriteGfx_Swipe
0x08D2566C	rom	gBattleAnimSpritePal_Swipe
0x08D25694	rom	gBattleAnimSpritePal_Roots
0x08D256B4	rom	gBattleAnimSpriteGfx_Roots
0x08D25948	rom	gBattleAnimSpritePal_ItemBag
0x08D25968	rom	gBattleAnimSpriteGfx_ItemBag
0x08D25A64	rom	gBattleAnimSpritePal_TriAttackTriangle
0x08D25A8C	rom	gBattleAnimSpriteGfx_TriAttackTriangle
0x08D25CD0	rom	gBattleAnimSpritePal_LetterZ
0x08D25CF0	rom	gBattleAnimSpriteGfx_LetterZ
0x08D25D98	rom	gBattleAnimBgPalette_Impact
0x08D25DC0	rom	gBattleAnimBgImage_Impact
0x08D26B2C	rom	gBattleAnimBgTilemap_ImpactOpponent
0x08D27028	rom	gBattleAnimBgTilemap_ImpactPlayer
0x08D274F8	rom	gBattleAnimBgTilemap_ImpactContests
0x08D27938	rom	gBattleAnimSpriteGfx_JaggedMusicNote
0x08D27ABC	rom	gBattleAnimSpritePal_JaggedMusicNote
0x08D27AE4	rom	gBattleAnimSpriteGfx_Spotlight
0x08D27C2C	rom	gBattleAnimSpriteGfx_Pokeball
0x08D27CB8	rom	gBattleAnimSpritePal_Pokeball
0x08D27CDC	rom	gBattleAnimSpriteGfx_RapidSpin
0x08D27E98	rom	gBattleAnimSpritePal_RapidSpin
0x08D27EC0	rom	gBattleAnimSpriteGfx_MilkBottle
0x08D27FE0	rom	gBattleAnimSpritePal_MilkBottle
0x08D28008	rom	gBattleAnimSpriteGfx_WispFire
0x08D28540	rom	gBattleAnimSpritePal_WispOrb
0x08D28568	rom	gBattleAnimSpriteGfx_WispOrb
0x08D28738	rom	gBattleAnimSpriteGfx_GoldStars
0x08D287BC	rom	gBattleAnimSpritePal_GoldStars
0x08D287E4	rom	gBattleAnimSpriteGfx_EclipsingOrb
0x08D289A4	rom	gBattleAnimSpritePal_EclipsingOrb
0x08D289C8	rom	gBattleAnimSpriteGfx_PinkPetal
0x08D28A30	rom	gBattleAnimSpritePal_PinkPetal
0x08D28A54	rom	gBattleAnimSpriteGfx_GrayOrb
0x08D28AA4	rom	gBattleAnimSpritePal_GrayOrb
0x08D28AC0	rom	gBattleAnimSpritePal_BlueOrb
0x08D28ADC	rom	gBattleAnimSpritePal_RedOrb2
0x08D28AF8	rom	gBattleAnimBgImage_Drill
0x08D28CA0	rom	gBattleAnimBgPalette_Drill
0x08D28CC8	rom	gBattleAnimBgPalette_Sky
0x08D28CF0	rom	gBattleAnimBgTilemap_Drill
0x08D28E80	rom	gBattleAnimBgTilemap_DrillContests
0x08D2900C	rom	gBattleAnimBgImage_Aurora
0x08D29A34	rom	gBattleAnimBgPalette_Aurora
0x08D29A54	rom	gBattleAnimBgTilemap_Aurora
0x08D29C58	rom	gBattleAnimBgTilemap_HighspeedOpponent
0x08D29F50	rom	gBattleAnimBgPalette_Highspeed
0x08D29F70	rom	gBattleAnimBgPalette_Bug
0x08D29F90	rom	gBattleAnimBgImage_Highspeed
0x08D2A510	rom	gBattleAnimBgTilemap_HighspeedPlayer
0x08D2A808	rom	gBattleAnim_MorningSunGfx
0x08D2A8A8	rom	gBattleAnim_MorningSunPal
0x08D2A8C0	rom	gBattleAnim_MorningSunTilemap
0x08D2A9DC	rom	gBattleAnimBgTilemap_GuillotineOpponent
0x08D2ACA4	rom	gBattleAnimBgTilemap_GuillotinePlayer
0x08D2AFA0	rom	gBattleAnimBgTilemap_GuillotineContests
0x08D2B230	rom	gBattleAnimBgImage_Guillotine
0x08D2BF98	rom	gBattleAnimBgPalette_Guillotine
0x08D2BFB8	rom	gBattleAnimBgImage_Thunder
0x08D2C954	rom	gBattleAnimBgPalette_Thunder
0x08D2C97C	rom	gBattleAnimBgTilemap_Thunder
0x08D2CC74	rom	gBattleAnimSpriteGfx_PainSplit
0x08D2CD58	rom	gBattleAnimSpritePal_PainSplit
0x08D2CD80	rom	gBattleAnimSpriteGfx_HandsAndFeet
0x08D2CFB0	rom	gBattleAnimSpritePal_HandsAndFeet
0x08D2CFC8	rom	gBattleAnimSpriteGfx_Confetti
0x08D2D068	rom	gBattleAnimSpritePal_Confetti
0x08D2D090	rom	gSubstituteDollPal
0x08D2D0B4	rom	gSubstituteDollFrontGfx
0x08D2D2F4	rom	gSubstituteDollBackGfx
0x08D2D51C	rom	gBattleAnimSpriteGfx_GreenStar
0x08D2D5E0	rom	gBattleAnimSpritePal_GreenStar
0x08D2D5FC	rom	gFile_graphics_misc_confetti_sheet
0x08D2D71C	rom	gFile_graphics_misc_confetti_palette
0x08D2D744	rom	gBattleAnimSpriteGfx_PinkCloud
0x08D2D880	rom	gBattleAnimSpritePal_PinkCloud
0x08D2D8A4	rom	gBattleAnimSpriteGfx_SweatDrop
0x08D2D8CC	rom	gBattleAnimSpritePal_SweatDrop
0x08D2D8F4	rom	gBattleStatMask_Gfx
0x08D2DB04	rom	gBattleStatMask1_Tilemap
0x08D2DC20	rom	gBattleStatMask2_Tilemap
0x08D2DD3C	rom	gBattleStatMask1_Pal
0x08D2DD5C	rom	gBattleStatMask2_Pal
0x08D2DD7C	rom	gBattleStatMask3_Pal
0x08D2DD9C	rom	gBattleStatMask4_Pal
0x08D2DDBC	rom	gBattleStatMask5_Pal
0x08D2DDDC	rom	gBattleStatMask6_Pal
0x08D2DDFC	rom	gBattleStatMask7_Pal
0x08D2DE1C	rom	gBattleStatMask8_Pal
0x08D2DE3C	rom	gCureBubblesGfx
0x08D2DF78	rom	gCureBubblesPal
0x08D2DF98	rom	gCureBubblesTilemap
0x08D2E0B4	rom	gBattleAnimSpritePal_PurpleScratch
0x08D2E0DC	rom	gBattleAnimSpriteGfx_PurpleScratch
0x08D2E280	rom	gBattleAnimSpriteGfx_PurpleSwipe
0x08D2E728	rom	gBattleAnimSpriteGfx_GuardRing
0x08D2E804	rom	gBattleAnimSpritePal_GuardRing
0x08D2E820	rom	gBattleAnimSpriteGfx_TagHand
0x08D2EA04	rom	gBattleAnimSpriteGfx_NoiseLine
0x08D2EC24	rom	gUnusedLevelupAnimationGfx
0x08D2EC70	rom	gUnusedLevelupAnimationTilemap
0x08D2ED78	rom	gBattleAnimSpriteGfx_SmallRedEye
0x08D2ED90	rom	gBattleAnimSpritePal_SmallRedEye
0x08D2EDA8	rom	gBattleAnimSpriteGfx_HollowOrb
0x08D2EDF8	rom	gBattleAnimSpritePal_HollowOrb
0x08D2EE18	rom	gBattleAnimSpriteGfx_XSign
0x08D2F00C	rom	gBattleAnimSpriteGfx_BluegreenOrb
0x08D2F070	rom	gBattleAnimSpritePal_BluegreenOrb
0x08D2F088	rom	gBattleAnimSpriteGfx_PawPrint
0x08D2F1A0	rom	gBattleAnimSpritePal_PawPrint
0x08D2F1C4	rom	gBattleAnimSpriteGfx_PurpleFlame
0x08D2F3A0	rom	gBattleAnimSpritePal_PurpleFlame
0x08D2F3C8	rom	gBattleAnimSpriteGfx_RedBall
0x08D2F500	rom	gBattleAnimSpritePal_RedBall
0x08D2F528	rom	gBattleAnimSpriteGfx_SmellingsaltEffect
0x08D2F5A0	rom	gBattleAnimSpritePal_SmellingsaltEffect
0x08D2F5B4	rom	gBattleAnimSpriteGfx_MagnifyingGlass
0x08D2F69C	rom	gBattleAnimSpritePal_MagnifyingGlass
0x08D2F6C4	rom	gBattleAnimSpriteGfx_Meteor
0x08D2FA50	rom	gBattleAnimSpritePal_Meteor
0x08D2FA78	rom	gBattleAnimSpriteGfx_FlatRock
0x08D2FB94	rom	gBattleAnimSpritePal_FlatRock
0x08D2FBB4	rom	gPPTextPalette
0x08D2FBD4	rom	gMonFrontPic_Bulbasaur
0x08D2FE78	rom	gMonPalette_Bulbasaur
0x08D2FEA0	rom	gMonBackPic_Bulbasaur
0x08D30164	rom	gMonShinyPalette_Bulbasaur
0x08D3018C	rom	gMonIcon_Bulbasaur
0x08D3058C	rom	gMonFootprint_Bulbasaur
0x08D305AC	rom	gMonFrontPic_Ivysaur
0x08D308E8	rom	gMonPalette_Ivysaur
0x08D30910	rom	gMonBackPic_Ivysaur
0x08D30C64	rom	gMonShinyPalette_Ivysaur
0x08D30C8C	rom	gMonIcon_Ivysaur
0x08D3108C	rom	gMonFootprint_Ivysaur
0x08D310AC	rom	gMonFrontPic_Venusaur
0x08D315EC	rom	gMonPalette_Venusaur
0x08D31614	rom	gMonBackPic_Venusaur
0x08D31ADC	rom	gMonShinyPalette_Venusaur
0x08D31B04	rom	gMonIcon_Venusaur
0x08D31F04	rom	gMonFootprint_Venusaur
0x08D31F24	rom	gMonFrontPic_Charmander
0x08D321C4	rom	gMonPalette_Charmander
0x08D321EC	rom	gMonBackPic_Charmander
0x08D32470	rom	gMonShinyPalette_Charmander
0x08D32498	rom	gMonIcon_Charmander
0x08D32898	rom	gMonFootprint_Charmander
0x08D328B8	rom	gMonFrontPic_Charmeleon
0x08D32C64	rom	gMonPalette_Charmeleon
0x08D32C8C	rom	gMonBackPic_Charmeleon
0x08D32F80	rom	gMonShinyPalette_Charmeleon
0x08D32FA8	rom	gMonIcon_Charmeleon
0x08D333A8	rom	gMonFootprint_Charmeleon
0x08D333C8	rom	gMonFrontPic_Charizard
0x08D338C4	rom	gMonPalette_Charizard
0x08D338EC	rom	gMonBackPic_Charizard
0x08D33CF8	rom	gMonShinyPalette_Charizard
0x08D33D20	rom	gMonIcon_Charizard
0x08D34120	rom	gMonFootprint_Charizard
0x08D34140	rom	gMonFrontPic_Squirtle
0x08D343DC	rom	gMonPalette_Squirtle
0x08D34404	rom	gMonBackPic_Squirtle
0x08D3468C	rom	gMonShinyPalette_Squirtle
0x08D346B4	rom	gMonIcon_Squirtle
0x08D34AB4	rom	gMonFootprint_Squirtle
0x08D34AD4	rom	gMonFrontPic_Wartortle
0x08D34E80	rom	gMonPalette_Wartortle
0x08D34EA8	rom	gMonBackPic_Wartortle
0x08D351F0	rom	gMonShinyPalette_Wartortle
0x08D35218	rom	gMonIcon_Wartortle
0x08D35618	rom	gMonFootprint_Wartortle
0x08D35638	rom	gMonFrontPic_Blastoise
0x08D35B3C	rom	gMonPalette_Blastoise
0x08D35B64	rom	gMonBackPic_Blastoise
0x08D35F78	rom	gMonShinyPalette_Blastoise
0x08D35FA0	rom	gMonIcon_Blastoise
0x08D363A0	rom	gMonFootprint_Blastoise
0x08D363C0	rom	gMonFrontPic_Caterpie
0x08D36618	rom	gMonPalette_Caterpie
0x08D36640	rom	gMonBackPic_Caterpie
0x08D368C8	rom	gMonShinyPalette_Caterpie
0x08D368F0	rom	gMonIcon_Caterpie
0x08D36CF0	rom	gMonFootprint_Caterpie
0x08D36D10	rom	gMonFrontPic_Metapod
0x08D36F2C	rom	gMonPalette_Metapod
0x08D36F4C	rom	gMonBackPic_Metapod
0x08D37168	rom	gMonShinyPalette_Metapod
0x08D37188	rom	gMonIcon_Metapod
0x08D37588	rom	gMonFootprint_Metapod
0x08D375A8	rom	gMonFrontPic_Butterfree
0x08D37920	rom	gMonPalette_Butterfree
0x08D37948	rom	gMonBackPic_Butterfree
0x08D37D4C	rom	gMonShinyPalette_Butterfree
0x08D37D74	rom	gMonIcon_Butterfree
0x08D38174	rom	gMonFootprint_Butterfree
0x08D38194	rom	gMonFrontPic_Weedle
0x08D383D0	rom	gMonPalette_Weedle
0x08D383F8	rom	gMonBackPic_Weedle
0x08D38660	rom	gMonShinyPalette_Weedle
0x08D38688	rom	gMonIcon_Weedle
0x08D38A88	rom	gMonFootprint_Weedle
0x08D38AA8	rom	gMonFrontPic_Kakuna
0x08D38CE8	rom	gMonPalette_Kakuna
0x08D38D0C	rom	gMonBackPic_Kakuna
0x08D38F90	rom	gMonShinyPalette_Kakuna
0x08D38FB4	rom	gMonIcon_Kakuna
0x08D393B4	rom	gMonFootprint_Kakuna
0x08D393D4	rom	gMonFrontPic_Beedrill
0x08D397F4	rom	gMonPalette_Beedrill
0x08D3981C	rom	gMonBackPic_Beedrill
0x08D39B90	rom	gMonShinyPalette_Beedrill
0x08D39BB8	rom	gMonIcon_Beedrill
0x08D39FB8	rom	gMonFootprint_Beedrill
0x08D39FD8	rom	gMonFrontPic_Pidgey
0x08D3A250	rom	gMonPalette_Pidgey
0x08D3A278	rom	gMonBackPic_Pidgey
0x08D3A5CC	rom	gMonShinyPalette_Pidgey
0x08D3A5F4	rom	gMonIcon_Pidgey
0x08D3A9F4	rom	gMonFootprint_Pidgey
0x08D3AA14	rom	gMonFrontPic_Pidgeotto
0x08D3ADAC	rom	gMonPalette_Pidgeotto
0x08D3ADD4	rom	gMonBackPic_Pidgeotto
0x08D3B120	rom	gMonShinyPalette_Pidgeotto
0x08D3B148	rom	gMonIcon_Pidgeotto
0x08D3B548	rom	gMonFootprint_Pidgeotto
0x08D3B568	rom	gMonFrontPic_Pidgeot
0x08D3BA54	rom	gMonPalette_Pidgeot
0x08D3BA7C	rom	gMonBackPic_Pidgeot
0x08D3BE64	rom	gMonShinyPalette_Pidgeot
0x08D3BE8C	rom	gMonIcon_Pidgeot
0x08D3C28C	rom	gMonFootprint_Pidgeot
0x08D3C2AC	rom	gMonFrontPic_Rattata
0x08D3C504	rom	gMonPalette_Rattata
0x08D3C52C	rom	gMonBackPic_Rattata
0x08D3C7E4	rom	gMonShinyPalette_Rattata
0x08D3C80C	rom	gMonIcon_Rattata
0x08D3CC0C	rom	gMonFootprint_Rattata
0x08D3CC2C	rom	gMonFrontPic_Raticate
0x08D3CFBC	rom	gMonPalette_Raticate
0x08D3CFE4	rom	gMonBackPic_Raticate
0x08D3D2F4	rom	gMonShinyPalette_Raticate
0x08D3D31C	rom	gMonIcon_Raticate
0x08D3D71C	rom	gMonFootprint_Raticate
0x08D3D73C	rom	gMonFrontPic_Spearow
0x08D3D9FC	rom	gMonPalette_Spearow
0x08D3DA24	rom	gMonBackPic_Spearow
0x08D3DD00	rom	gMonShinyPalette_Spearow
0x08D3DD28	rom	gMonIcon_Spearow
0x08D3E128	rom	gMonFootprint_Spearow
0x08D3E148	rom	gMonFrontPic_Fearow
0x08D3E604	rom	gMonPalette_Fearow
0x08D3E62C	rom	gMonBackPic_Fearow
0x08D3E924	rom	gMonShinyPalette_Fearow
0x08D3E94C	rom	gMonIcon_Fearow
0x08D3ED4C	rom	gMonFootprint_Fearow
0x08D3ED6C	rom	gMonFrontPic_Ekans
0x08D3F034	rom	gMonPalette_Ekans
0x08D3F05C	rom	gMonBackPic_Ekans
0x08D3F34C	rom	gMonShinyPalette_Ekans
0x08D3F374	rom	gMonIcon_Ekans
0x08D3F774	rom	gMonFootprint_Ekans
0x08D3F794	rom	gMonFrontPic_Arbok
0x08D3FC08	rom	gMonPalette_Arbok
0x08D3FC30	rom	gMonBackPic_Arbok
0x08D3FEB8	rom	gMonShinyPalette_Arbok
0x08D3FEE0	rom	gMonIcon_Arbok
0x08D402E0	rom	gMonFootprint_Arbok
0x08D40300	rom	gMonFrontPic_Pikachu
0x08D405D0	rom	gMonPalette_Pikachu
0x08D405F8	rom	gMonBackPic_Pikachu
0x08D408D0	rom	gMonShinyPalette_Pikachu
0x08D408F8	rom	gMonIcon_Pikachu
0x08D40CF8	rom	gMonFootprint_Pikachu
0x08D40D18	rom	gMonFrontPic_Raichu
0x08D41110	rom	gMonPalette_Raichu
0x08D41138	rom	gMonBackPic_Raichu
0x08D41458	rom	gMonShinyPalette_Raichu
0x08D41480	rom	gMonIcon_Raichu
0x08D41880	rom	gMonFootprint_Raichu
0x08D418A0	rom	gMonFrontPic_Sandshrew
0x08D41B7C	rom	gMonPalette_Sandshrew
0x08D41BA4	rom	gMonBackPic_Sandshrew
0x08D41ECC	rom	gMonShinyPalette_Sandshrew
0x08D41EF4	rom	gMonIcon_Sandshrew
0x08D422F4	rom	gMonFootprint_Sandshrew
0x08D42314	rom	gMonFrontPic_Sandslash
0x08D4272C	rom	gMonPalette_Sandslash
0x08D42754	rom	gMonBackPic_Sandslash
0x08D42B70	rom	gMonShinyPalette_Sandslash
0x08D42B98	rom	gMonIcon_Sandslash
0x08D42F98	rom	gMonFootprint_Sandslash
0x08D42FB8	rom	gMonFrontPic_NidoranF
0x08D4321C	rom	gMonPalette_NidoranF
0x08D43244	rom	gMonBackPic_NidoranF
0x08D43524	rom	gMonShinyPalette_NidoranF
0x08D4354C	rom	gMonIcon_NidoranF
0x08D4394C	rom	gMonFootprint_NidoranF
0x08D4396C	rom	gMonFrontPic_Nidorina
0x08D43C8C	rom	gMonPalette_Nidorina
0x08D43CB4	rom	gMonBackPic_Nidorina
0x08D44048	rom	gMonShinyPalette_Nidorina
0x08D44070	rom	gMonIcon_Nidorina
0x08D44470	rom	gMonFootprint_Nidorina
0x08D44490	rom	gMonFrontPic_Nidoqueen
0x08D448BC	rom	gMonPalette_Nidoqueen
0x08D448E4	rom	gMonBackPic_Nidoqueen
0x08D44CA8	rom	gMonShinyPalette_Nidoqueen
0x08D44CD0	rom	gMonIcon_Nidoqueen
0x08D450D0	rom	gMonFootprint_Nidoqueen
0x08D450F0	rom	gMonFrontPic_NidoranM
0x08D4537C	rom	gMonPalette_NidoranM
0x08D453A4	rom	gMonBackPic_NidoranM
0x08D456D8	rom	gMonShinyPalette_NidoranM
0x08D45700	rom	gMonIcon_NidoranM
0x08D45B00	rom	gMonFootprint_NidoranM
0x08D45B20	rom	gMonFrontPic_Nidorino
0x08D45EA4	rom	gMonPalette_Nidorino
0x08D45ECC	rom	gMonBackPic_Nidorino
0x08D46288	rom	gMonShinyPalette_Nidorino
0x08D462B0	rom	gMonIcon_Nidorino
0x08D466B0	rom	gMonFootprint_Nidorino
0x08D466D0	rom	gMonFrontPic_Nidoking
0x08D46C0C	rom	gMonPalette_Nidoking
0x08D46C34	rom	gMonBackPic_Nidoking
0x08D47070	rom	gMonShinyPalette_Nidoking
0x08D47098	rom	gMonIcon_Nidoking
0x08D47498	rom	gMonFootprint_Nidoking
0x08D474B8	rom	gMonFrontPic_Clefairy
0x08D47754	rom	gMonPalette_Clefairy
0x08D4777C	rom	gMonBackPic_Clefairy
0x08D47A4C	rom	gMonShinyPalette_Clefairy
0x08D47A74	rom	gMonIcon_Clefairy
0x08D47E74	rom	gMonFootprint_Clefairy
0x08D47E94	rom	gMonFrontPic_Clefable
0x08D481D4	rom	gMonPalette_Clefable
0x08D481FC	rom	gMonBackPic_Clefable
0x08D48534	rom	gMonShinyPalette_Clefable
0x08D4855C	rom	gMonIcon_Clefable
0x08D4895C	rom	gMonFootprint_Clefable
0x08D4897C	rom	gMonFrontPic_Vulpix
0x08D48CA8	rom	gMonPalette_Vulpix
0x08D48CD0	rom	gMonBackPic_Vulpix
0x08D48FD4	rom	gMonShinyPalette_Vulpix
0x08D48FFC	rom	gMonIcon_Vulpix
0x08D493FC	rom	gMonFootprint_Vulpix
0x08D4941C	rom	gMonFrontPic_Ninetales
0x08D49870	rom	gMonPalette_Ninetales
0x08D49894	rom	gMonBackPic_Ninetales
0x08D49C84	rom	gMonShinyPalette_Ninetales
0x08D49CA8	rom	gMonIcon_Ninetales
0x08D4A0A8	rom	gMonFootprint_Ninetales
0x08D4A0C8	rom	gMonFrontPic_Jigglypuff
0x08D4A34C	rom	gMonPalette_Jigglypuff
0x08D4A374	rom	gMonBackPic_Jigglypuff
0x08D4A5D0	rom	gMonShinyPalette_Jigglypuff
0x08D4A5F8	rom	gMonIcon_Jigglypuff
0x08D4A9F8	rom	gMonFootprint_Jigglypuff
0x08D4AA18	rom	gMonFrontPic_Wigglytuff
0x08D4AD8C	rom	gMonPalette_Wigglytuff
0x08D4ADB4	rom	gMonBackPic_Wigglytuff
0x08D4B04C	rom	gMonShinyPalette_Wigglytuff
0x08D4B074	rom	gMonIcon_Wigglytuff
0x08D4B474	rom	gMonFootprint_Wigglytuff
0x08D4B494	rom	gMonFrontPic_Zubat
0x08D4B750	rom	gMonPalette_Zubat
0x08D4B778	rom	gMonBackPic_Zubat
0x08D4BA34	rom	gMonShinyPalette_Zubat
0x08D4BA5C	rom	gMonIcon_Zubat
0x08D4BE5C	rom	gMonFootprint_Zubat
0x08D4BE7C	rom	gMonFrontPic_Golbat
0x08D4C21C	rom	gMonPalette_Golbat
0x08D4C244	rom	gMonBackPic_Golbat
0x08D4C500	rom	gMonShinyPalette_Golbat
0x08D4C528	rom	gMonIcon_Golbat
0x08D4C928	rom	gMonFootprint_Golbat
0x08D4C948	rom	gMonFrontPic_Oddish
0x08D4CB88	rom	gMonPalette_Oddish
0x08D4CBB0	rom	gMonBackPic_Oddish
0x08D4CE74	rom	gMonShinyPalette_Oddish
0x08D4CE9C	rom	gMonIcon_Oddish
0x08D4D29C	rom	gMonFootprint_Oddish
0x08D4D2BC	rom	gMonFrontPic_Gloom
0x08D4D624	rom	gMonPalette_Gloom
0x08D4D64C	rom	gMonBackPic_Gloom
0x08D4D9CC	rom	gMonShinyPalette_Gloom
0x08D4D9F4	rom	gMonIcon_Gloom
0x08D4DDF4	rom	gMonFootprint_Gloom
0x08D4DE14	rom	gMonFrontPic_Vileplume
0x08D4E168	rom	gMonPalette_Vileplume
0x08D4E190	rom	gMonBackPic_Vileplume
0x08D4E5DC	rom	gMonShinyPalette_Vileplume
0x08D4E604	rom	gMonIcon_Vileplume
0x08D4EA04	rom	gMonFootprint_Vileplume
0x08D4EA24	rom	gMonFrontPic_Paras
0x08D4EC90	rom	gMonPalette_Paras
0x08D4ECB8	rom	gMonBackPic_Paras
0x08D4EF58	rom	gMonShinyPalette_Paras
0x08D4EF80	rom	gMonIcon_Paras
0x08D4F380	rom	gMonFootprint_Paras
0x08D4F3A0	rom	gMonFrontPic_Parasect
0x08D4F730	rom	gMonPalette_Parasect
0x08D4F758	rom	gMonBackPic_Parasect
0x08D4FA54	rom	gMonShinyPalette_Parasect
0x08D4FA7C	rom	gMonIcon_Parasect
0x08D4FE7C	rom	gMonFootprint_Parasect
0x08D4FE9C	rom	gMonFrontPic_Venonat
0x08D501BC	rom	gMonPalette_Venonat
0x08D501E4	rom	gMonBackPic_Venonat
0x08D50514	rom	gMonShinyPalette_Venonat
0x08D5053C	rom	gMonIcon_Venonat
0x08D5093C	rom	gMonFootprint_Venonat
0x08D5095C	rom	gMonFrontPic_Venomoth
0x08D50D60	rom	gMonPalette_Venomoth
0x08D50D88	rom	gMonBackPic_Venomoth
0x08D5112C	rom	gMonShinyPalette_Venomoth
0x08D51154	rom	gMonIcon_Venomoth
0x08D51554	rom	gMonFootprint_Venomoth
0x08D51574	rom	gMonFrontPic_Diglett
0x08D51784	rom	gMonPalette_Diglett
0x08D517AC	rom	gMonBackPic_Diglett
0x08D519B8	rom	gMonShinyPalette_Diglett
0x08D519E0	rom	gMonIcon_Diglett
0x08D51DE0	rom	gMonFootprint_Diglett
0x08D51E00	rom	gMonFrontPic_Dugtrio
0x08D5212C	rom	gMonPalette_Dugtrio
0x08D52154	rom	gMonBackPic_Dugtrio
0x08D52400	rom	gMonShinyPalette_Dugtrio
0x08D52428	rom	gMonIcon_Dugtrio
0x08D52828	rom	gMonFootprint_Dugtrio
0x08D52848	rom	gMonFrontPic_Meowth
0x08D52B34	rom	gMonPalette_Meowth
0x08D52B5C	rom	gMonBackPic_Meowth
0x08D52E40	rom	gMonShinyPalette_Meowth
0x08D52E68	rom	gMonIcon_Meowth
0x08D53268	rom	gMonFootprint_Meowth
0x08D53288	rom	gMonFrontPic_Persian
0x08D53600	rom	gMonPalette_Persian
0x08D53628	rom	gMonBackPic_Persian
0x08D53968	rom	gMonShinyPalette_Persian
0x08D53990	rom	gMonIcon_Persian
0x08D53D90	rom	gMonFootprint_Persian
0x08D53DB0	rom	gMonFrontPic_Psyduck
0x08D54094	rom	gMonPalette_Psyduck
0x08D540BC	rom	gMonBackPic_Psyduck
0x08D54358	rom	gMonShinyPalette_Psyduck
0x08D54380	rom	gMonIcon_Psyduck
0x08D54780	rom	gMonFootprint_Psyduck
0x08D547A0	rom	gMonFrontPic_Golduck
0x08D54B58	rom	gMonPalette_Golduck
0x08D54B80	rom	gMonBackPic_Golduck
0x08D54EAC	rom	gMonShinyPalette_Golduck
0x08D54ED4	rom	gMonIcon_Golduck
0x08D552D4	rom	gMonFootprint_Golduck
0x08D552F4	rom	gMonFrontPic_Mankey
0x08D555EC	rom	gMonPalette_Mankey
0x08D55614	rom	gMonBackPic_Mankey
0x08D5597C	rom	gMonShinyPalette_Mankey
0x08D559A4	rom	gMonIcon_Mankey
0x08D55DA4	rom	gMonFootprint_Mankey
0x08D55DC4	rom	gMonFrontPic_Primeape
0x08D56150	rom	gMonPalette_Primeape
0x08D56178	rom	gMonBackPic_Primeape
0x08D564E8	rom	gMonShinyPalette_Primeape
0x08D56510	rom	gMonIcon_Primeape
0x08D56910	rom	gMonFootprint_Primeape
0x08D56930	rom	gMonFrontPic_Growlithe
0x08D56C58	rom	gMonPalette_Growlithe
0x08D56C80	rom	gMonBackPic_Growlithe
0x08D56FBC	rom	gMonShinyPalette_Growlithe
0x08D56FE4	rom	gMonIcon_Growlithe
0x08D573E4	rom	gMonFootprint_Growlithe
0x08D57404	rom	gMonFrontPic_Arcanine
0x08D57900	rom	gMonPalette_Arcanine
0x08D57928	rom	gMonBackPic_Arcanine
0x08D57D08	rom	gMonShinyPalette_Arcanine
0x08D57D30	rom	gMonIcon_Arcanine
0x08D58130	rom	gMonFootprint_Arcanine
0x08D58150	rom	gMonFrontPic_Poliwag
0x08D583EC	rom	gMonPalette_Poliwag
0x08D58414	rom	gMonBackPic_Poliwag
0x08D58678	rom	gMonShinyPalette_Poliwag
0x08D586A0	rom	gMonIcon_Poliwag
0x08D58AA0	rom	gMonFootprint_Poliwag
0x08D58AC0	rom	gMonFrontPic_Poliwhirl
0x08D58E40	rom	gMonPalette_Poliwhirl
0x08D58E68	rom	gMonBackPic_Poliwhirl
0x08D590E4	rom	gMonShinyPalette_Poliwhirl
0x08D5910C	rom	gMonIcon_Poliwhirl
0x08D5950C	rom	gMonFootprint_Poliwhirl
0x08D5952C	rom	gMonFrontPic_Poliwrath
0x08D598F0	rom	gMonPalette_Poliwrath
0x08D59918	rom	gMonBackPic_Poliwrath
0x08D59C0C	rom	gMonShinyPalette_Poliwrath
0x08D59C34	rom	gMonIcon_Poliwrath
0x08D5A034	rom	gMonFootprint_Poliwrath
0x08D5A054	rom	gMonFrontPic_Abra
0x08D5A328	rom	gMonPalette_Abra
0x08D5A34C	rom	gMonBackPic_Abra
0x08D5A620	rom	gMonShinyPalette_Abra
0x08D5A644	rom	gMonIcon_Abra
0x08D5AA44	rom	gMonFootprint_Abra
0x08D5AA64	rom	gMonFrontPic_Kadabra
0x08D5AF2C	rom	gMonPalette_Kadabra
0x08D5AF54	rom	gMonBackPic_Kadabra
0x08D5B300	rom	gMonShinyPalette_Kadabra
0x08D5B328	rom	gMonIcon_Kadabra
0x08D5B728	rom	gMonFootprint_Kadabra
0x08D5B748	rom	gMonFrontPic_Alakazam
0x08D5BBE0	rom	gMonPalette_Alakazam
0x08D5BC08	rom	gMonBackPic_Alakazam
0x08D5BF88	rom	gMonShinyPalette_Alakazam
0x08D5BFB0	rom	gMonIcon_Alakazam
0x08D5C3B0	rom	gMonFootprint_Alakazam
0x08D5C3D0	rom	gMonFrontPic_Machop
0x08D5C65C	rom	gMonPalette_Machop
0x08D5C684	rom	gMonBackPic_Machop
0x08D5C964	rom	gMonShinyPalette_Machop
0x08D5C98C	rom	gMonIcon_Machop
0x08D5CD8C	rom	gMonFootprint_Machop
0x08D5CDAC	rom	gMonFrontPic_Machoke
0x08D5D178	rom	gMonPalette_Machoke
0x08D5D1A0	rom	gMonBackPic_Machoke
0x08D5D4F0	rom	gMonShinyPalette_Machoke
0x08D5D518	rom	gMonIcon_Machoke
0x08D5D918	rom	gMonFootprint_Machoke
0x08D5D938	rom	gMonFrontPic_Machamp
0x08D5DE24	rom	gMonPalette_Machamp
0x08D5DE4C	rom	gMonBackPic_Machamp
0x08D5E2A8	rom	gMonShinyPalette_Machamp
0x08D5E2D0	rom	gMonIcon_Machamp
0x08D5E6D0	rom	gMonFootprint_Machamp
0x08D5E6F0	rom	gMonFrontPic_Bellsprout
0x08D5E97C	rom	gMonPalette_Bellsprout
0x08D5E9A4	rom	gMonBackPic_Bellsprout
0x08D5EC40	rom	gMonShinyPalette_Bellsprout
0x08D5EC68	rom	gMonIcon_Bellsprout
0x08D5F068	rom	gMonFootprint_Bellsprout
0x08D5F088	rom	gMonFrontPic_Weepinbell
0x08D5F3AC	rom	gMonPalette_Weepinbell
0x08D5F3D4	rom	gMonBackPic_Weepinbell
0x08D5F6D0	rom	gMonShinyPalette_Weepinbell
0x08D5F6F8	rom	gMonIcon_Weepinbell
0x08D5FAF8	rom	gMonFootprint_Weepinbell
0x08D5FB18	rom	gMonFrontPic_Victreebel
0x08D5FF44	rom	gMonPalette_Victreebel
0x08D5FF6C	rom	gMonBackPic_Victreebel
0x08D60304	rom	gMonShinyPalette_Victreebel
0x08D6032C	rom	gMonIcon_Victreebel
0x08D6072C	rom	gMonFootprint_Victreebel
0x08D6074C	rom	gMonFrontPic_Tentacool
0x08D609F4	rom	gMonPalette_Tentacool
0x08D60A1C	rom	gMonBackPic_Tentacool
0x08D60CE8	rom	gMonShinyPalette_Tentacool
0x08D60D10	rom	gMonIcon_Tentacool
0x08D61110	rom	gMonFootprint_Tentacool
0x08D61130	rom	gMonFrontPic_Tentacruel
0x08D61624	rom	gMonPalette_Tentacruel
0x08D6164C	rom	gMonBackPic_Tentacruel
0x08D619E8	rom	gMonShinyPalette_Tentacruel
0x08D61A10	rom	gMonIcon_Tentacruel
0x08D61E10	rom	gMonFootprint_Tentacruel
0x08D61E30	rom	gMonFrontPic_Geodude
0x08D620C4	rom	gMonPalette_Geodude
0x08D620E0	rom	gMonBackPic_Geodude
0x08D62374	rom	gMonShinyPalette_Geodude
0x08D62390	rom	gMonIcon_Geodude
0x08D62790	rom	gMonFootprint_Geodude
0x08D627B0	rom	gMonFrontPic_Graveler
0x08D62BAC	rom	gMonPalette_Graveler
0x08D62BD0	rom	gMonBackPic_Graveler
0x08D62E4C	rom	gMonShinyPalette_Graveler
0x08D62E70	rom	gMonIcon_Graveler
0x08D63270	rom	gMonFootprint_Graveler
0x08D63290	rom	gMonFrontPic_Golem
0x08D636C0	rom	gMonPalette_Golem
0x08D636E8	rom	gMonBackPic_Golem
0x08D639A8	rom	gMonShinyPalette_Golem
0x08D639D0	rom	gMonIcon_Golem
0x08D63DD0	rom	gMonFootprint_Golem
0x08D63DF0	rom	gMonFrontPic_Ponyta
0x08D64180	rom	gMonPalette_Ponyta
0x08D641A8	rom	gMonBackPic_Ponyta
0x08D644E4	rom	gMonShinyPalette_Ponyta
0x08D6450C	rom	gMonIcon_Ponyta
0x08D6490C	rom	gMonFootprint_Ponyta
0x08D6492C	rom	gMonFrontPic_Rapidash
0x08D64DB4	rom	gMonPalette_Rapidash
0x08D64DDC	rom	gMonBackPic_Rapidash
0x08D651EC	rom	gMonShinyPalette_Rapidash
0x08D65214	rom	gMonIcon_Rapidash
0x08D65614	rom	gMonFootprint_Rapidash
0x08D65634	rom	gMonFrontPic_Slowpoke
0x08D65908	rom	gMonPalette_Slowpoke
0x08D65930	rom	gMonBackPic_Slowpoke
0x08D65B94	rom	gMonShinyPalette_Slowpoke
0x08D65BBC	rom	gMonIcon_Slowpoke
0x08D65FBC	rom	gMonFootprint_Slowpoke
0x08D65FDC	rom	gMonFrontPic_Slowbro
0x08D6647C	rom	gMonPalette_Slowbro
0x08D664A4	rom	gMonBackPic_Slowbro
0x08D66840	rom	gMonShinyPalette_Slowbro
0x08D66868	rom	gMonIcon_Slowbro
0x08D66C68	rom	gMonFootprint_Slowbro
0x08D66C88	rom	gMonFrontPic_Magnemite
0x08D66E60	rom	gMonPalette_Magnemite
0x08D66E88	rom	gMonBackPic_Magnemite
0x08D67070	rom	gMonShinyPalette_Magnemite
0x08D67094	rom	gMonIcon_Magnemite
0x08D67494	rom	gMonFootprint_Magnemite
0x08D674B4	rom	gMonFrontPic_Magneton
0x08D677F0	rom	gMonPalette_Magneton
0x08D67818	rom	gMonBackPic_Magneton
0x08D67B98	rom	gMonShinyPalette_Magneton
0x08D67BC0	rom	gMonIcon_Magneton
0x08D67FC0	rom	gMonFootprint_Magneton
0x08D67FE0	rom	gMonFrontPic_Farfetchd
0x08D68334	rom	gMonPalette_Farfetchd
0x08D6835C	rom	gMonBackPic_Farfetchd
0x08D686C8	rom	gMonShinyPalette_Farfetchd
0x08D686F0	rom	gMonIcon_Farfetchd
0x08D68AF0	rom	gMonFootprint_Farfetchd
0x08D68B10	rom	gMonFrontPic_Doduo
0x08D68DFC	rom	gMonPalette_Doduo
0x08D68E20	rom	gMonBackPic_Doduo
0x08D69138	rom	gMonShinyPalette_Doduo
0x08D6915C	rom	gMonIcon_Doduo
0x08D6955C	rom	gMonFootprint_Doduo
0x08D6957C	rom	gMonFrontPic_Dodrio
0x08D699BC	rom	gMonPalette_Dodrio
0x08D699E4	rom	gMonBackPic_Dodrio
0x08D69E48	rom	gMonShinyPalette_Dodrio
0x08D69E70	rom	gMonIcon_Dodrio
0x08D6A270	rom	gMonFootprint_Dodrio
0x08D6A290	rom	gMonFrontPic_Seel
0x08D6A5B4	rom	gMonPalette_Seel
0x08D6A5DC	rom	gMonBackPic_Seel
0x08D6A8C8	rom	gMonShinyPalette_Seel
0x08D6A8F0	rom	gMonIcon_Seel
0x08D6ACF0	rom	gMonFootprint_Seel
0x08D6AD10	rom	gMonFrontPic_Dewgong
0x08D6B0E0	rom	gMonPalette_Dewgong
0x08D6B104	rom	gMonBackPic_Dewgong
0x08D6B398	rom	gMonShinyPalette_Dewgong
0x08D6B3BC	rom	gMonIcon_Dewgong
0x08D6B7BC	rom	gMonFootprint_Dewgong
0x08D6B7DC	rom	gMonFrontPic_Grimer
0x08D6BB04	rom	gMonPalette_Grimer
0x08D6BB28	rom	gMonBackPic_Grimer
0x08D6BDEC	rom	gMonShinyPalette_Grimer
0x08D6BE10	rom	gMonIcon_Grimer
0x08D6C210	rom	gMonFootprint_Grimer
0x08D6C230	rom	gMonFrontPic_Muk
0x08D6C5C0	rom	gMonPalette_Muk
0x08D6C5E4	rom	gMonBackPic_Muk
0x08D6C8DC	rom	gMonShinyPalette_Muk
0x08D6C900	rom	gMonIcon_Muk
0x08D6CD00	rom	gMonFootprint_Muk
0x08D6CD20	rom	gMonFrontPic_Shellder
0x08D6CF94	rom	gMonPalette_Shellder
0x08D6CFB8	rom	gMonBackPic_Shellder
0x08D6D2CC	rom	gMonShinyPalette_Shellder
0x08D6D2F0	rom	gMonIcon_Shellder
0x08D6D6F0	rom	gMonFootprint_Shellder
0x08D6D710	rom	gMonFrontPic_Cloyster
0x08D6DB4C	rom	gMonPalette_Cloyster
0x08D6DB70	rom	gMonBackPic_Cloyster
0x08D6DF7C	rom	gMonShinyPalette_Cloyster
0x08D6DFA0	rom	gMonIcon_Cloyster
0x08D6E3A0	rom	gMonFootprint_Cloyster
0x08D6E3C0	rom	gMonFrontPic_Gastly
0x08D6E778	rom	gMonPalette_Gastly
0x08D6E7A0	rom	gMonBackPic_Gastly
0x08D6EAC4	rom	gMonShinyPalette_Gastly
0x08D6EAEC	rom	gMonIcon_Gastly
0x08D6EEEC	rom	gMonFootprint_Gastly
0x08D6EF0C	rom	gMonFrontPic_Haunter
0x08D6F2F4	rom	gMonPalette_Haunter
0x08D6F318	rom	gMonBackPic_Haunter
0x08D6F5FC	rom	gMonShinyPalette_Haunter
0x08D6F620	rom	gMonIcon_Haunter
0x08D6FA20	rom	gMonFootprint_Haunter
0x08D6FA40	rom	gMonFrontPic_Gengar
0x08D6FD9C	rom	gMonPalette_Gengar
0x08D6FDC0	rom	gMonBackPic_Gengar
0x08D70104	rom	gMonShinyPalette_Gengar
0x08D70128	rom	gMonIcon_Gengar
0x08D70528	rom	gMonFootprint_Gengar
0x08D70548	rom	gMonFrontPic_Onix
0x08D70A18	rom	gMonPalette_Onix
0x08D70A34	rom	gMonBackPic_Onix
0x08D70DB0	rom	gMonShinyPalette_Onix
0x08D70DCC	rom	gMonIcon_Onix
0x08D711CC	rom	gMonFootprint_Onix
0x08D711EC	rom	gMonFrontPic_Drowzee
0x08D7152C	rom	gMonPalette_Drowzee
0x08D71550	rom	gMonBackPic_Drowzee
0x08D7178C	rom	gMonShinyPalette_Drowzee
0x08D717B0	rom	gMonIcon_Drowzee
0x08D71BB0	rom	gMonFootprint_Drowzee
0x08D71BD0	rom	gMonFrontPic_Hypno
0x08D72008	rom	gMonPalette_Hypno
0x08D7202C	rom	gMonBackPic_Hypno
0x08D7235C	rom	gMonShinyPalette_Hypno
0x08D72380	rom	gMonIcon_Hypno
0x08D72780	rom	gMonFootprint_Hypno
0x08D727A0	rom	gMonFrontPic_Krabby
0x08D72AC4	rom	gMonPalette_Krabby
0x08D72AEC	rom	gMonBackPic_Krabby
0x08D72E78	rom	gMonShinyPalette_Krabby
0x08D72EA0	rom	gMonIcon_Krabby
0x08D732A0	rom	gMonFootprint_Krabby
0x08D732C0	rom	gMonFrontPic_Kingler
0x08D73740	rom	gMonPalette_Kingler
0x08D73768	rom	gMonBackPic_Kingler
0x08D73AEC	rom	gMonShinyPalette_Kingler
0x08D73B14	rom	gMonIcon_Kingler
0x08D73F14	rom	gMonFootprint_Kingler
0x08D73F34	rom	gMonFrontPic_Voltorb
0x08D7413C	rom	gMonPalette_Voltorb
0x08D74160	rom	gMonBackPic_Voltorb
0x08D743D4	rom	gMonShinyPalette_Voltorb
0x08D743F8	rom	gMonIcon_Voltorb
0x08D747F8	rom	gMonFootprint_Voltorb
0x08D74818	rom	gMonFrontPic_Electrode
0x08D74A84	rom	gMonPalette_Electrode
0x08D74AA8	rom	gMonBackPic_Electrode
0x08D74D18	rom	gMonShinyPalette_Electrode
0x08D74D3C	rom	gMonIcon_Electrode
0x08D7513C	rom	gMonFootprint_Electrode
0x08D7515C	rom	gMonFrontPic_Exeggcute
0x08D754EC	rom	gMonPalette_Exeggcute
0x08D75510	rom	gMonBackPic_Exeggcute
0x08D75818	rom	gMonShinyPalette_Exeggcute
0x08D7583C	rom	gMonIcon_Exeggcute
0x08D75C3C	rom	gMonFootprint_Exeggcute
0x08D75C5C	rom	gMonFrontPic_Exeggutor
0x08D760AC	rom	gMonPalette_Exeggutor
0x08D760D4	rom	gMonBackPic_Exeggutor
0x08D764A0	rom	gMonShinyPalette_Exeggutor
0x08D764C8	rom	gMonIcon_Exeggutor
0x08D768C8	rom	gMonFootprint_Exeggutor
0x08D768E8	rom	gMonFrontPic_Cubone
0x08D76BA4	rom	gMonPalette_Cubone
0x08D76BCC	rom	gMonBackPic_Cubone
0x08D76F0C	rom	gMonShinyPalette_Cubone
0x08D76F34	rom	gMonIcon_Cubone
0x08D77334	rom	gMonFootprint_Cubone
0x08D77354	rom	gMonFrontPic_Marowak
0x08D776D4	rom	gMonPalette_Marowak
0x08D776FC	rom	gMonBackPic_Marowak
0x08D77A10	rom	gMonShinyPalette_Marowak
0x08D77A38	rom	gMonIcon_Marowak
0x08D77E38	rom	gMonFootprint_Marowak
0x08D77E58	rom	gMonFrontPic_Hitmonlee
0x08D781CC	rom	gMonPalette_Hitmonlee
0x08D781F4	rom	gMonBackPic_Hitmonlee
0x08D78498	rom	gMonShinyPalette_Hitmonlee
0x08D784C0	rom	gMonIcon_Hitmonlee
0x08D788C0	rom	gMonFootprint_Hitmonlee
0x08D788E0	rom	gMonFrontPic_Hitmonchan
0x08D78C20	rom	gMonPalette_Hitmonchan
0x08D78C48	rom	gMonBackPic_Hitmonchan
0x08D78F8C	rom	gMonShinyPalette_Hitmonchan
0x08D78FB4	rom	gMonIcon_Hitmonchan
0x08D793B4	rom	gMonFootprint_Hitmonchan
0x08D793D4	rom	gMonFrontPic_Lickitung
0x08D797AC	rom	gMonPalette_Lickitung
0x08D797D4	rom	gMonBackPic_Lickitung
0x08D79A78	rom	gMonShinyPalette_Lickitung
0x08D79AA0	rom	gMonIcon_Lickitung
0x08D79EA0	rom	gMonFootprint_Lickitung
0x08D79EC0	rom	gMonFrontPic_Koffing
0x08D7A1C0	rom	gMonPalette_Koffing
0x08D7A1E8	rom	gMonBackPic_Koffing
0x08D7A4E8	rom	gMonShinyPalette_Koffing
0x08D7A510	rom	gMonIcon_Koffing
0x08D7A910	rom	gMonFootprint_Koffing
0x08D7A930	rom	gMonFrontPic_Weezing
0x08D7ADEC	rom	gMonPalette_Weezing
0x08D7AE14	rom	gMonBackPic_Weezing
0x08D7B198	rom	gMonShinyPalette_Weezing
0x08D7B1C0	rom	gMonIcon_Weezing
0x08D7B5C0	rom	gMonFootprint_Weezing
0x08D7B5E0	rom	gMonFrontPic_Rhyhorn
0x08D7B9DC	rom	gMonPalette_Rhyhorn
0x08D7B9FC	rom	gMonBackPic_Rhyhorn
0x08D7BD44	rom	gMonShinyPalette_Rhyhorn
0x08D7BD64	rom	gMonIcon_Rhyhorn
0x08D7C164	rom	gMonFootprint_Rhyhorn
0x08D7C184	rom	gMonFrontPic_Rhydon
0x08D7C678	rom	gMonPalette_Rhydon
0x08D7C6A0	rom	gMonBackPic_Rhydon
0x08D7CAF0	rom	gMonShinyPalette_Rhydon
0x08D7CB18	rom	gMonIcon_Rhydon
0x08D7CF18	rom	gMonFootprint_Rhydon
0x08D7CF38	rom	gMonFrontPic_Chansey
0x08D7D274	rom	gMonPalette_Chansey
0x08D7D298	rom	gMonBackPic_Chansey
0x08D7D4E8	rom	gMonShinyPalette_Chansey
0x08D7D50C	rom	gMonIcon_Chansey
0x08D7D90C	rom	gMonFootprint_Chansey
0x08D7D92C	rom	gMonFrontPic_Tangela
0x08D7DD00	rom	gMonPalette_Tangela
0x08D7DD24	rom	gMonBackPic_Tangela
0x08D7E0D0	rom	gMonShinyPalette_Tangela
0x08D7E0F4	rom	gMonIcon_Tangela
0x08D7E4F4	rom	gMonFootprint_Tangela
0x08D7E514	rom	gMonFrontPic_Kangaskhan
0x08D7E9BC	rom	gMonPalette_Kangaskhan
0x08D7E9E4	rom	gMonBackPic_Kangaskhan
0x08D7EE14	rom	gMonShinyPalette_Kangaskhan
0x08D7EE3C	rom	gMonIcon_Kangaskhan
0x08D7F23C	rom	gMonFootprint_Kangaskhan
0x08D7F25C	rom	gMonFrontPic_Horsea
0x08D7F4C8	rom	gMonPalette_Horsea
0x08D7F4F0	rom	gMonBackPic_Horsea
0x08D7F7D0	rom	gMonShinyPalette_Horsea
0x08D7F7F8	rom	gMonIcon_Horsea
0x08D7FBF8	rom	gMonFootprint_Horsea
0x08D7FC18	rom	gMonFrontPic_Seadra
0x08D7FFA0	rom	gMonPalette_Seadra
0x08D7FFC8	rom	gMonBackPic_Seadra
0x08D80368	rom	gMonShinyPalette_Seadra
0x08D80390	rom	gMonIcon_Seadra
0x08D80790	rom	gMonFootprint_Seadra
0x08D807B0	rom	gMonFrontPic_Goldeen
0x08D80B18	rom	gMonPalette_Goldeen
0x08D80B40	rom	gMonBackPic_Goldeen
0x08D80EB0	rom	gMonShinyPalette_Goldeen
0x08D80ED8	rom	gMonIcon_Goldeen
0x08D812D8	rom	gMonFootprint_Goldeen
0x08D812F8	rom	gMonFrontPic_Seaking
0x08D8176C	rom	gMonPalette_Seaking
0x08D81794	rom	gMonBackPic_Seaking
0x08D81AE4	rom	gMonShinyPalette_Seaking
0x08D81B0C	rom	gMonIcon_Seaking
0x08D81F0C	rom	gMonFootprint_Seaking
0x08D81F2C	rom	gMonFrontPic_Staryu
0x08D821DC	rom	gMonPalette_Staryu
0x08D82204	rom	gMonBackPic_Staryu
0x08D8246C	rom	gMonShinyPalette_Staryu
0x08D82494	rom	gMonIcon_Staryu
0x08D82894	rom	gMonFootprint_Staryu
0x08D828B4	rom	gMonFrontPic_Starmie
0x08D82C54	rom	gMonPalette_Starmie
0x08D82C7C	rom	gMonBackPic_Starmie
0x08D82F20	rom	gMonShinyPalette_Starmie
0x08D82F48	rom	gMonIcon_Starmie
0x08D83348	rom	gMonFootprint_Starmie
0x08D83368	rom	gMonFrontPic_Mrmime
0x08D83724	rom	gMonPalette_Mrmime
0x08D8374C	rom	gMonBackPic_Mrmime
0x08D83A80	rom	gMonShinyPalette_Mrmime
0x08D83AA8	rom	gMonIcon_Mrmime
0x08D83EA8	rom	gMonFootprint_Mrmime
0x08D83EC8	rom	gMonFrontPic_Scyther
0x08D842F0	rom	gMonPalette_Scyther
0x08D84318	rom	gMonBackPic_Scyther
0x08D84730	rom	gMonShinyPalette_Scyther
0x08D84758	rom	gMonIcon_Scyther
0x08D84B58	rom	gMonFootprint_Scyther
0x08D84B78	rom	gMonFrontPic_Jynx
0x08D84F44	rom	gMonPalette_Jynx
0x08D84F6C	rom	gMonBackPic_Jynx
0x08D85258	rom	gMonShinyPalette_Jynx
0x08D85280	rom	gMonIcon_Jynx
0x08D85680	rom	gMonFootprint_Jynx
0x08D856A0	rom	gMonFrontPic_Electabuzz
0x08D85AF8	rom	gMonPalette_Electabuzz
0x08D85B20	rom	gMonBackPic_Electabuzz
0x08D85E30	rom	gMonShinyPalette_Electabuzz
0x08D85E58	rom	gMonIcon_Electabuzz
0x08D86258	rom	gMonFootprint_Electabuzz
0x08D86278	rom	gMonFrontPic_Magmar
0x08D866A8	rom	gMonPalette_Magmar
0x08D866D0	rom	gMonBackPic_Magmar
0x08D86A08	rom	gMonShinyPalette_Magmar
0x08D86A30	rom	gMonIcon_Magmar
0x08D86E30	rom	gMonFootprint_Magmar
0x08D86E50	rom	gMonFrontPic_Pinsir
0x08D87280	rom	gMonPalette_Pinsir
0x08D872A4	rom	gMonBackPic_Pinsir
0x08D875F8	rom	gMonShinyPalette_Pinsir
0x08D8761C	rom	gMonIcon_Pinsir
0x08D87A1C	rom	gMonFootprint_Pinsir
0x08D87A3C	rom	gMonFrontPic_Tauros
0x08D87E9C	rom	gMonPalette_Tauros
0x08D87EC4	rom	gMonBackPic_Tauros
0x08D88178	rom	gMonShinyPalette_Tauros
0x08D881A0	rom	gMonIcon_Tauros
0x08D885A0	rom	gMonFootprint_Tauros
0x08D885C0	rom	gMonFrontPic_Magikarp
0x08D88908	rom	gMonPalette_Magikarp
0x08D88930	rom	gMonBackPic_Magikarp
0x08D88C60	rom	gMonShinyPalette_Magikarp
0x08D88C88	rom	gMonIcon_Magikarp
0x08D89088	rom	gMonFootprint_Magikarp
0x08D890A8	rom	gMonFrontPic_Gyarados
0x08D8964C	rom	gMonPalette_Gyarados
0x08D89674	rom	gMonBackPic_Gyarados
0x08D89B2C	rom	gMonShinyPalette_Gyarados
0x08D89B54	rom	gMonIcon_Gyarados
0x08D89F54	rom	gMonFootprint_Gyarados
0x08D89F74	rom	gMonFrontPic_Lapras
0x08D8A354	rom	gMonPalette_Lapras
0x08D8A37C	rom	gMonBackPic_Lapras
0x08D8A6C0	rom	gMonShinyPalette_Lapras
0x08D8A6E8	rom	gMonIcon_Lapras
0x08D8AAE8	rom	gMonFootprint_Lapras
0x08D8AB08	rom	gMonFrontPic_Ditto
0x08D8ACF8	rom	gMonPalette_Ditto
0x08D8AD18	rom	gMonBackPic_Ditto
0x08D8AF18	rom	gMonShinyPalette_Ditto
0x08D8AF38	rom	gMonIcon_Ditto
0x08D8B338	rom	gMonFootprint_Ditto
0x08D8B358	rom	gMonFrontPic_Eevee
0x08D8B644	rom	gMonPalette_Eevee
0x08D8B66C	rom	gMonBackPic_Eevee
0x08D8B994	rom	gMonShinyPalette_Eevee
0x08D8B9BC	rom	gMonIcon_Eevee
0x08D8BDBC	rom	gMonFootprint_Eevee
0x08D8BDDC	rom	gMonFrontPic_Vaporeon
0x08D8C170	rom	gMonPalette_Vaporeon
0x08D8C198	rom	gMonBackPic_Vaporeon
0x08D8C460	rom	gMonShinyPalette_Vaporeon
0x08D8C488	rom	gMonIcon_Vaporeon
0x08D8C888	rom	gMonFootprint_Vaporeon
0x08D8C8A8	rom	gMonFrontPic_Jolteon
0x08D8CBF8	rom	gMonPalette_Jolteon
0x08D8CC20	rom	gMonBackPic_Jolteon
0x08D8CFCC	rom	gMonShinyPalette_Jolteon
0x08D8CFF4	rom	gMonIcon_Jolteon
0x08D8D3F4	rom	gMonFootprint_Jolteon
0x08D8D414	rom	gMonFrontPic_Flareon
0x08D8D798	rom	gMonPalette_Flareon
0x08D8D7C0	rom	gMonBackPic_Flareon
0x08D8DB50	rom	gMonShinyPalette_Flareon
0x08D8DB78	rom	gMonIcon_Flareon
0x08D8DF78	rom	gMonFootprint_Flareon
0x08D8DF98	rom	gMonFrontPic_Porygon
0x08D8E250	rom	gMonPalette_Porygon
0x08D8E274	rom	gMonBackPic_Porygon
0x08D8E52C	rom	gMonShinyPalette_Porygon
0x08D8E550	rom	gMonIcon_Porygon
0x08D8E950	rom	gMonFootprint_Porygon
0x08D8E970	rom	gMonFrontPic_Omanyte
0x08D8EC00	rom	gMonPalette_Omanyte
0x08D8EC28	rom	gMonBackPic_Omanyte
0x08D8EF74	rom	gMonShinyPalette_Omanyte
0x08D8EF9C	rom	gMonIcon_Omanyte
0x08D8F39C	rom	gMonFootprint_Omanyte
0x08D8F3BC	rom	gMonFrontPic_Omastar
0x08D8F77C	rom	gMonPalette_Omastar
0x08D8F7A4	rom	gMonBackPic_Omastar
0x08D8FAE4	rom	gMonShinyPalette_Omastar
0x08D8FB0C	rom	gMonIcon_Omastar
0x08D8FF0C	rom	gMonFootprint_Omastar
0x08D8FF2C	rom	gMonFrontPic_Kabuto
0x08D90154	rom	gMonPalette_Kabuto
0x08D9017C	rom	gMonBackPic_Kabuto
0x08D90414	rom	gMonShinyPalette_Kabuto
0x08D9043C	rom	gMonIcon_Kabuto
0x08D9083C	rom	gMonFootprint_Kabuto
0x08D9085C	rom	gMonFrontPic_Kabutops
0x08D90C6C	rom	gMonPalette_Kabutops
0x08D90C90	rom	gMonBackPic_Kabutops
0x08D91034	rom	gMonShinyPalette_Kabutops
0x08D91058	rom	gMonIcon_Kabutops
0x08D91458	rom	gMonFootprint_Kabutops
0x08D91478	rom	gMonFrontPic_Aerodactyl
0x08D918C8	rom	gMonPalette_Aerodactyl
0x08D918F0	rom	gMonBackPic_Aerodactyl
0x08D91BF4	rom	gMonShinyPalette_Aerodactyl
0x08D91C1C	rom	gMonIcon_Aerodactyl
0x08D9201C	rom	gMonFootprint_Aerodactyl
0x08D9203C	rom	gMonFrontPic_Snorlax
0x08D92410	rom	gMonPalette_Snorlax
0x08D92438	rom	gMonBackPic_Snorlax
0x08D92654	rom	gMonShinyPalette_Snorlax
0x08D9267C	rom	gMonIcon_Snorlax
0x08D92A7C	rom	gMonFootprint_Snorlax
0x08D92A9C	rom	gMonFrontPic_Articuno
0x08D92F94	rom	gMonPalette_Articuno
0x08D92FBC	rom	gMonBackPic_Articuno
0x08D93218	rom	gMonShinyPalette_Articuno
0x08D93240	rom	gMonIcon_Articuno
0x08D93640	rom	gMonFootprint_Articuno
0x08D93660	rom	gMonFrontPic_Zapdos
0x08D93AB0	rom	gMonPalette_Zapdos
0x08D93AD8	rom	gMonBackPic_Zapdos
0x08D93E14	rom	gMonShinyPalette_Zapdos
0x08D93E3C	rom	gMonIcon_Zapdos
0x08D9423C	rom	gMonFootprint_Zapdos
0x08D9425C	rom	gMonFrontPic_Moltres
0x08D94728	rom	gMonPalette_Moltres
0x08D94750	rom	gMonBackPic_Moltres
0x08D94A8C	rom	gMonShinyPalette_Moltres
0x08D94AB4	rom	gMonIcon_Moltres
0x08D94EB4	rom	gMonFootprint_Moltres
0x08D94ED4	rom	gMonFrontPic_Dratini
0x08D95190	rom	gMonPalette_Dratini
0x08D951B4	rom	gMonBackPic_Dratini
0x08D95444	rom	gMonShinyPalette_Dratini
0x08D95468	rom	gMonIcon_Dratini
0x08D95868	rom	gMonFootprint_Dratini
0x08D95888	rom	gMonFrontPic_Dragonair
0x08D95C20	rom	gMonPalette_Dragonair
0x08D95C48	rom	gMonBackPic_Dragonair
0x08D95F58	rom	gMonShinyPalette_Dragonair
0x08D95F80	rom	gMonIcon_Dragonair
0x08D96380	rom	gMonFootprint_Dragonair
0x08D963A0	rom	gMonFrontPic_Dragonite
0x08D968F0	rom	gMonPalette_Dragonite
0x08D96918	rom	gMonBackPic_Dragonite
0x08D96C10	rom	gMonShinyPalette_Dragonite
0x08D96C38	rom	gMonIcon_Dragonite
0x08D97038	rom	gMonFootprint_Dragonite
0x08D97058	rom	gMonFrontPic_Mewtwo
0x08D97494	rom	gMonPalette_Mewtwo
0x08D974B8	rom	gMonBackPic_Mewtwo
0x08D97884	rom	gMonShinyPalette_Mewtwo
0x08D978A8	rom	gMonIcon_Mewtwo
0x08D97CA8	rom	gMonFootprint_Mewtwo
0x08D97CC8	rom	gMonFrontPic_Mew
0x08D97F88	rom	gMonPalette_Mew
0x08D97FAC	rom	gMonBackPic_Mew
0x08D982FC	rom	gMonShinyPalette_Mew
0x08D98320	rom	gMonIcon_Mew
0x08D98720	rom	gMonFootprint_Mew
0x08D98740	rom	gMonFrontPic_Chikorita
0x08D989A8	rom	gMonPalette_Chikorita
0x08D989D0	rom	gMonBackPic_Chikorita
0x08D98C94	rom	gMonShinyPalette_Chikorita
0x08D98CBC	rom	gMonIcon_Chikorita
0x08D990BC	rom	gMonFootprint_Chikorita
0x08D990DC	rom	gMonFrontPic_Bayleef
0x08D994B0	rom	gMonPalette_Bayleef
0x08D994D8	rom	gMonBackPic_Bayleef
0x08D99868	rom	gMonShinyPalette_Bayleef
0x08D99890	rom	gMonIcon_Bayleef
0x08D99C90	rom	gMonFootprint_Bayleef
0x08D99CB0	rom	gMonFrontPic_Meganium
0x08D9A20C	rom	gMonPalette_Meganium
0x08D9A234	rom	gMonBackPic_Meganium
0x08D9A584	rom	gMonShinyPalette_Meganium
0x08D9A5AC	rom	gMonIcon_Meganium
0x08D9A9AC	rom	gMonFootprint_Meganium
0x08D9A9CC	rom	gMonFrontPic_Cyndaquil
0x08D9AC58	rom	gMonPalette_Cyndaquil
0x08D9AC80	rom	gMonBackPic_Cyndaquil
0x08D9AFAC	rom	gMonShinyPalette_Cyndaquil
0x08D9AFD4	rom	gMonIcon_Cyndaquil
0x08D9B3D4	rom	gMonFootprint_Cyndaquil
0x08D9B3F4	rom	gMonFrontPic_Quilava
0x08D9B710	rom	gMonPalette_Quilava
0x08D9B738	rom	gMonBackPic_Quilava
0x08D9BAAC	rom	gMonShinyPalette_Quilava
0x08D9BAD4	rom	gMonIcon_Quilava
0x08D9BED4	rom	gMonFootprint_Quilava
0x08D9BEF4	rom	gMonFrontPic_Typhlosion
0x08D9C31C	rom	gMonPalette_Typhlosion
0x08D9C344	rom	gMonBackPic_Typhlosion
0x08D9C748	rom	gMonShinyPalette_Typhlosion
0x08D9C770	rom	gMonIcon_Typhlosion
0x08D9CB70	rom	gMonFootprint_Typhlosion
0x08D9CB90	rom	gMonFrontPic_Totodile
0x08D9CE34	rom	gMonPalette_Totodile
0x08D9CE5C	rom	gMonBackPic_Totodile
0x08D9D13C	rom	gMonShinyPalette_Totodile
0x08D9D164	rom	gMonIcon_Totodile
0x08D9D564	rom	gMonFootprint_Totodile
0x08D9D584	rom	gMonFrontPic_Croconaw
0x08D9D8EC	rom	gMonPalette_Croconaw
0x08D9D914	rom	gMonBackPic_Croconaw
0x08D9DC64	rom	gMonShinyPalette_Croconaw
0x08D9DC8C	rom	gMonIcon_Croconaw
0x08D9E08C	rom	gMonFootprint_Croconaw
0x08D9E0AC	rom	gMonFrontPic_Feraligatr
0x08D9E618	rom	gMonPalette_Feraligatr
0x08D9E640	rom	gMonBackPic_Feraligatr
0x08D9EB0C	rom	gMonShinyPalette_Feraligatr
0x08D9EB34	rom	gMonIcon_Feraligatr
0x08D9EF34	rom	gMonFootprint_Feraligatr
0x08D9EF54	rom	gMonFrontPic_Sentret
0x08D9F230	rom	gMonPalette_Sentret
0x08D9F258	rom	gMonBackPic_Sentret
0x08D9F4FC	rom	gMonShinyPalette_Sentret
0x08D9F524	rom	gMonIcon_Sentret
0x08D9F924	rom	gMonFootprint_Sentret
0x08D9F944	rom	gMonFrontPic_Furret
0x08D9FC78	rom	gMonPalette_Furret
0x08D9FCA0	rom	gMonBackPic_Furret
0x08D9FFC8	rom	gMonShinyPalette_Furret
0x08D9FFF0	rom	gMonIcon_Furret
0x08DA03F0	rom	gMonFootprint_Furret
0x08DA0410	rom	gMonFrontPic_Hoothoot
0x08DA0694	rom	gMonPalette_Hoothoot
0x08DA06BC	rom	gMonBackPic_Hoothoot
0x08DA09C4	rom	gMonShinyPalette_Hoothoot
0x08DA09EC	rom	gMonIcon_Hoothoot
0x08DA0DEC	rom	gMonFootprint_Hoothoot
0x08DA0E0C	rom	gMonFrontPic_Noctowl
0x08DA1160	rom	gMonPalette_Noctowl
0x08DA1188	rom	gMonBackPic_Noctowl
0x08DA14E4	rom	gMonShinyPalette_Noctowl
0x08DA150C	rom	gMonIcon_Noctowl
0x08DA190C	rom	gMonFootprint_Noctowl
0x08DA192C	rom	gMonFrontPic_Ledyba
0x08DA1C20	rom	gMonPalette_Ledyba
0x08DA1C48	rom	gMonBackPic_Ledyba
0x08DA1F78	rom	gMonShinyPalette_Ledyba
0x08DA1FA0	rom	gMonIcon_Ledyba
0x08DA23A0	rom	gMonFootprint_Ledyba
0x08DA23C0	rom	gMonFrontPic_Ledian
0x08DA2748	rom	gMonPalette_Ledian
0x08DA2770	rom	gMonBackPic_Ledian
0x08DA2AC8	rom	gMonShinyPalette_Ledian
0x08DA2AF0	rom	gMonIcon_Ledian
0x08DA2EF0	rom	gMonFootprint_Ledian
0x08DA2F10	rom	gMonFrontPic_Spinarak
0x08DA3184	rom	gMonPalette_Spinarak
0x08DA31AC	rom	gMonBackPic_Spinarak
0x08DA3410	rom	gMonShinyPalette_Spinarak
0x08DA3438	rom	gMonIcon_Spinarak
0x08DA3838	rom	gMonFootprint_Spinarak
0x08DA3858	rom	gMonFrontPic_Ariados
0x08DA3C18	rom	gMonPalette_Ariados
0x08DA3C40	rom	gMonBackPic_Ariados
0x08DA3FB8	rom	gMonShinyPalette_Ariados
0x08DA3FE0	rom	gMonIcon_Ariados
0x08DA43E0	rom	gMonFootprint_Ariados
0x08DA4400	rom	gMonFrontPic_Crobat
0x08DA47B0	rom	gMonPalette_Crobat
0x08DA47D8	rom	gMonBackPic_Crobat
0x08DA4AE0	rom	gMonShinyPalette_Crobat
0x08DA4B08	rom	gMonIcon_Crobat
0x08DA4F08	rom	gMonFootprint_Crobat
0x08DA4F28	rom	gMonFrontPic_Chinchou
0x08DA5200	rom	gMonPalette_Chinchou
0x08DA5228	rom	gMonBackPic_Chinchou
0x08DA5520	rom	gMonShinyPalette_Chinchou
0x08DA5548	rom	gMonIcon_Chinchou
0x08DA5948	rom	gMonFootprint_Chinchou
0x08DA5968	rom	gMonFrontPic_Lanturn
0x08DA5CD8	rom	gMonPalette_Lanturn
0x08DA5D00	rom	gMonBackPic_Lanturn
0x08DA6000	rom	gMonShinyPalette_Lanturn
0x08DA6028	rom	gMonIcon_Lanturn
0x08DA6428	rom	gMonFootprint_Lanturn
0x08DA6448	rom	gMonFrontPic_Pichu
0x08DA6664	rom	gMonPalette_Pichu
0x08DA668C	rom	gMonBackPic_Pichu
0x08DA68E8	rom	gMonShinyPalette_Pichu
0x08DA6910	rom	gMonIcon_Pichu
0x08DA6D10	rom	gMonFootprint_Pichu
0x08DA6D30	rom	gMonFrontPic_Cleffa
0x08DA6F10	rom	gMonPalette_Cleffa
0x08DA6F38	rom	gMonBackPic_Cleffa
0x08DA7174	rom	gMonShinyPalette_Cleffa
0x08DA719C	rom	gMonIcon_Cleffa
0x08DA759C	rom	gMonFootprint_Cleffa
0x08DA75BC	rom	gMonFrontPic_Igglybuff
0x08DA77A4	rom	gMonPalette_Igglybuff
0x08DA77CC	rom	gMonBackPic_Igglybuff
0x08DA7A08	rom	gMonShinyPalette_Igglybuff
0x08DA7A30	rom	gMonIcon_Igglybuff
0x08DA7E30	rom	gMonFootprint_Igglybuff
0x08DA7E50	rom	gMonFrontPic_Togepi
0x08DA8024	rom	gMonPalette_Togepi
0x08DA804C	rom	gMonBackPic_Togepi
0x08DA82C0	rom	gMonShinyPalette_Togepi
0x08DA82E8	rom	gMonIcon_Togepi
0x08DA86E8	rom	gMonFootprint_Togepi
0x08DA8708	rom	gMonFrontPic_Togetic
0x08DA897C	rom	gMonPalette_Togetic
0x08DA89A4	rom	gMonBackPic_Togetic
0x08DA8CD0	rom	gMonShinyPalette_Togetic
0x08DA8CF8	rom	gMonIcon_Togetic
0x08DA90F8	rom	gMonFootprint_Togetic
0x08DA9118	rom	gMonFrontPic_Natu
0x08DA92E4	rom	gMonPalette_Natu
0x08DA930C	rom	gMonBackPic_Natu
0x08DA9520	rom	gMonShinyPalette_Natu
0x08DA9548	rom	gMonIcon_Natu
0x08DA9948	rom	gMonFootprint_Natu
0x08DA9968	rom	gMonFrontPic_Xatu
0x08DA9C44	rom	gMonPalette_Xatu
0x08DA9C6C	rom	gMonBackPic_Xatu
0x08DA9FE4	rom	gMonShinyPalette_Xatu
0x08DAA00C	rom	gMonIcon_Xatu
0x08DAA40C	rom	gMonFootprint_Xatu
0x08DAA42C	rom	gMonFrontPic_Mareep
0x08DAA6E0	rom	gMonPalette_Mareep
0x08DAA708	rom	gMonBackPic_Mareep
0x08DAA9FC	rom	gMonShinyPalette_Mareep
0x08DAAA24	rom	gMonIcon_Mareep
0x08DAAE24	rom	gMonFootprint_Mareep
0x08DAAE44	rom	gMonFrontPic_Flaaffy
0x08DAB144	rom	gMonPalette_Flaaffy
0x08DAB16C	rom	gMonBackPic_Flaaffy
0x08DAB488	rom	gMonShinyPalette_Flaaffy
0x08DAB4B0	rom	gMonIcon_Flaaffy
0x08DAB8B0	rom	gMonFootprint_Flaaffy
0x08DAB8D0	rom	gMonFrontPic_Ampharos
0x08DABC2C	rom	gMonPalette_Ampharos
0x08DABC54	rom	gMonBackPic_Ampharos
0x08DABFCC	rom	gMonShinyPalette_Ampharos
0x08DABFF4	rom	gMonIcon_Ampharos
0x08DAC3F4	rom	gMonFootprint_Ampharos
0x08DAC414	rom	gMonFrontPic_Bellossom
0x08DAC684	rom	gMonPalette_Bellossom
0x08DAC6AC	rom	gMonBackPic_Bellossom
0x08DAC9D0	rom	gMonShinyPalette_Bellossom
0x08DAC9F8	rom	gMonIcon_Bellossom
0x08DACDF8	rom	gMonFootprint_Bellossom
0x08DACE18	rom	gMonFrontPic_Marill
0x08DAD0DC	rom	gMonPalette_Marill
0x08DAD104	rom	gMonBackPic_Marill
0x08DAD3B0	rom	gMonShinyPalette_Marill
0x08DAD3D8	rom	gMonIcon_Marill
0x08DAD7D8	rom	gMonFootprint_Marill
0x08DAD7F8	rom	gMonFrontPic_Azumarill
0x08DADAF8	rom	gMonPalette_Azumarill
0x08DADB20	rom	gMonBackPic_Azumarill
0x08DADDDC	rom	gMonShinyPalette_Azumarill
0x08DADE04	rom	gMonIcon_Azumarill
0x08DAE204	rom	gMonFootprint_Azumarill
0x08DAE224	rom	gMonFrontPic_Sudowoodo
0x08DAE53C	rom	gMonPalette_Sudowoodo
0x08DAE564	rom	gMonBackPic_Sudowoodo
0x08DAE8C0	rom	gMonShinyPalette_Sudowoodo
0x08DAE8E8	rom	gMonIcon_Sudowoodo
0x08DAECE8	rom	gMonFootprint_Sudowoodo
0x08DAED08	rom	gMonFrontPic_Politoed
0x08DAF044	rom	gMonPalette_Politoed
0x08DAF06C	rom	gMonBackPic_Politoed
0x08DAF328	rom	gMonShinyPalette_Politoed
0x08DAF350	rom	gMonIcon_Politoed
0x08DAF750	rom	gMonFootprint_Politoed
0x08DAF770	rom	gMonFrontPic_Hoppip
0x08DAFA24	rom	gMonPalette_Hoppip
0x08DAFA4C	rom	gMonBackPic_Hoppip
0x08DAFD2C	rom	gMonShinyPalette_Hoppip
0x08DAFD54	rom	gMonIcon_Hoppip
0x08DB0154	rom	gMonFootprint_Hoppip
0x08DB0174	rom	gMonFrontPic_Skiploom
0x08DB03FC	rom	gMonPalette_Skiploom
0x08DB0424	rom	gMonBackPic_Skiploom
0x08DB0704	rom	gMonShinyPalette_Skiploom
0x08DB072C	rom	gMonIcon_Skiploom
0x08DB0B2C	rom	gMonFootprint_Skiploom
0x08DB0B4C	rom	gMonFrontPic_Jumpluff
0x08DB0EB8	rom	gMonPalette_Jumpluff
0x08DB0EE0	rom	gMonBackPic_Jumpluff
0x08DB12D8	rom	gMonShinyPalette_Jumpluff
0x08DB1300	rom	gMonIcon_Jumpluff
0x08DB1700	rom	gMonFootprint_Jumpluff
0x08DB1720	rom	gMonFrontPic_Aipom
0x08DB1A1C	rom	gMonPalette_Aipom
0x08DB1A44	rom	gMonBackPic_Aipom
0x08DB1D38	rom	gMonShinyPalette_Aipom
0x08DB1D60	rom	gMonIcon_Aipom
0x08DB2160	rom	gMonFootprint_Aipom
0x08DB2180	rom	gMonFrontPic_Sunkern
0x08DB23B8	rom	gMonPalette_Sunkern
0x08DB23E0	rom	gMonBackPic_Sunkern
0x08DB26A4	rom	gMonShinyPalette_Sunkern
0x08DB26CC	rom	gMonIcon_Sunkern
0x08DB2ACC	rom	gMonFootprint_Sunkern
0x08DB2AEC	rom	gMonFrontPic_Sunflora
0x08DB2E44	rom	gMonPalette_Sunflora
0x08DB2E6C	rom	gMonBackPic_Sunflora
0x08DB320C	rom	gMonShinyPalette_Sunflora
0x08DB3234	rom	gMonIcon_Sunflora
0x08DB3634	rom	gMonFootprint_Sunflora
0x08DB3654	rom	gMonFrontPic_Yanma
0x08DB39D8	rom	gMonPalette_Yanma
0x08DB3A00	rom	gMonBackPic_Yanma
0x08DB3DB4	rom	gMonShinyPalette_Yanma
0x08DB3DDC	rom	gMonIcon_Yanma
0x08DB41DC	rom	gMonFootprint_Yanma
0x08DB41FC	rom	gMonFrontPic_Wooper
0x08DB443C	rom	gMonPalette_Wooper
0x08DB4464	rom	gMonBackPic_Wooper
0x08DB46F0	rom	gMonShinyPalette_Wooper
0x08DB4718	rom	gMonIcon_Wooper
0x08DB4B18	rom	gMonFootprint_Wooper
0x08DB4B38	rom	gMonFrontPic_Quagsire
0x08DB4EAC	rom	gMonPalette_Quagsire
0x08DB4ED4	rom	gMonBackPic_Quagsire
0x08DB51D0	rom	gMonShinyPalette_Quagsire
0x08DB51F8	rom	gMonIcon_Quagsire
0x08DB55F8	rom	gMonFootprint_Quagsire
0x08DB5618	rom	gMonFrontPic_Espeon
0x08DB5958	rom	gMonPalette_Espeon
0x08DB597C	rom	gMonBackPic_Espeon
0x08DB5C58	rom	gMonShinyPalette_Espeon
0x08DB5C7C	rom	gMonIcon_Espeon
0x08DB607C	rom	gMonFootprint_Espeon
0x08DB609C	rom	gMonFrontPic_Umbreon
0x08DB63B0	rom	gMonPalette_Umbreon
0x08DB63D8	rom	gMonBackPic_Umbreon
0x08DB66EC	rom	gMonShinyPalette_Umbreon
0x08DB6714	rom	gMonIcon_Umbreon
0x08DB6B14	rom	gMonFootprint_Umbreon
0x08DB6B34	rom	gMonFrontPic_Murkrow
0x08DB6E14	rom	gMonPalette_Murkrow
0x08DB6E3C	rom	gMonBackPic_Murkrow
0x08DB7154	rom	gMonShinyPalette_Murkrow
0x08DB717C	rom	gMonIcon_Murkrow
0x08DB757C	rom	gMonFootprint_Murkrow
0x08DB759C	rom	gMonFrontPic_Slowking
0x08DB7950	rom	gMonPalette_Slowking
0x08DB7978	rom	gMonBackPic_Slowking
0x08DB7D04	rom	gMonShinyPalette_Slowking
0x08DB7D2C	rom	gMonIcon_Slowking
0x08DB812C	rom	gMonFootprint_Slowking
0x08DB814C	rom	gMonFrontPic_Misdreavus
0x08DB840C	rom	gMonPalette_Misdreavus
0x08DB8434	rom	gMonBackPic_Misdreavus
0x08DB8758	rom	gMonShinyPalette_Misdreavus
0x08DB8780	rom	gMonIcon_Misdreavus
0x08DB8B80	rom	gMonFootprint_Misdreavus
0x08DB8BA0	rom	gMonFrontPic_UnownA
0x08DB8D74	rom	gMonPalette_Unown
0x08DB8D94	rom	gMonBackPic_UnownA
0x08DB8F94	rom	gMonShinyPalette_Unown
0x08DB8FB4	rom	gMonIcon_UnownA
0x08DB93B4	rom	gMonFootprint_Unown
0x08DB93D4	rom	gMonFrontPic_Wobbuffet
0x08DB9724	rom	gMonPalette_Wobbuffet
0x08DB974C	rom	gMonBackPic_Wobbuffet
0x08DB9990	rom	gMonShinyPalette_Wobbuffet
0x08DB99B8	rom	gMonIcon_Wobbuffet
0x08DB9DB8	rom	gMonFootprint_Wobbuffet
0x08DB9DD8	rom	gMonFrontPic_Girafarig
0x08DBA1DC	rom	gMonPalette_Girafarig
0x08DBA204	rom	gMonBackPic_Girafarig
0x08DBA5B0	rom	gMonShinyPalette_Girafarig
0x08DBA5D8	rom	gMonIcon_Girafarig
0x08DBA9D8	rom	gMonFootprint_Girafarig
0x08DBA9F8	rom	gMonFrontPic_Pineco
0x08DBAD38	rom	gMonPalette_Pineco
0x08DBAD5C	rom	gMonBackPic_Pineco
0x08DBB034	rom	gMonShinyPalette_Pineco
0x08DBB058	rom	gMonIcon_Pineco
0x08DBB458	rom	gMonFootprint_Pineco
0x08DBB478	rom	gMonFrontPic_Forretress
0x08DBB894	rom	gMonPalette_Forretress
0x08DBB8BC	rom	gMonBackPic_Forretress
0x08DBBB7C	rom	gMonShinyPalette_Forretress
0x08DBBBA4	rom	gMonIcon_Forretress
0x08DBBFA4	rom	gMonFootprint_Forretress
0x08DBBFC4	rom	gMonFrontPic_Dunsparce
0x08DBC2D4	rom	gMonPalette_Dunsparce
0x08DBC2FC	rom	gMonBackPic_Dunsparce
0x08DBC5F8	rom	gMonShinyPalette_Dunsparce
0x08DBC620	rom	gMonIcon_Dunsparce
0x08DBCA20	rom	gMonFootprint_Dunsparce
0x08DBCA40	rom	gMonFrontPic_Gligar
0x08DBCE68	rom	gMonPalette_Gligar
0x08DBCE90	rom	gMonBackPic_Gligar
0x08DBD268	rom	gMonShinyPalette_Gligar
0x08DBD290	rom	gMonIcon_Gligar
0x08DBD690	rom	gMonFootprint_Gligar
0x08DBD6B0	rom	gMonFrontPic_Steelix
0x08DBDB78	rom	gMonPalette_Steelix
0x08DBDB9C	rom	gMonBackPic_Steelix
0x08DBDFA8	rom	gMonShinyPalette_Steelix
0x08DBDFCC	rom	gMonIcon_Steelix
0x08DBE3CC	rom	gMonFootprint_Steelix
0x08DBE3EC	rom	gMonFrontPic_Snubbull
0x08DBE6C0	rom	gMonPalette_Snubbull
0x08DBE6E8	rom	gMonBackPic_Snubbull
0x08DBEA10	rom	gMonShinyPalette_Snubbull
0x08DBEA38	rom	gMonIcon_Snubbull
0x08DBEE38	rom	gMonFootprint_Snubbull
0x08DBEE58	rom	gMonFrontPic_Granbull
0x08DBF1E4	rom	gMonPalette_Granbull
0x08DBF20C	rom	gMonBackPic_Granbull
0x08DBF530	rom	gMonShinyPalette_Granbull
0x08DBF558	rom	gMonIcon_Granbull
0x08DBF958	rom	gMonFootprint_Granbull
0x08DBF978	rom	gMonFrontPic_Qwilfish
0x08DBFC38	rom	gMonPalette_Qwilfish
0x08DBFC60	rom	gMonBackPic_Qwilfish
0x08DBFF40	rom	gMonShinyPalette_Qwilfish
0x08DBFF68	rom	gMonIcon_Qwilfish
0x08DC0368	rom	gMonFootprint_Qwilfish
0x08DC0388	rom	gMonFrontPic_Scizor
0x08DC0870	rom	gMonPalette_Scizor
0x08DC0898	rom	gMonBackPic_Scizor
0x08DC0C18	rom	gMonShinyPalette_Scizor
0x08DC0C40	rom	gMonIcon_Scizor
0x08DC1040	rom	gMonFootprint_Scizor
0x08DC1060	rom	gMonFrontPic_Shuckle
0x08DC1328	rom	gMonPalette_Shuckle
0x08DC1350	rom	gMonBackPic_Shuckle
0x08DC15A8	rom	gMonShinyPalette_Shuckle
0x08DC15D0	rom	gMonIcon_Shuckle
0x08DC19D0	rom	gMonFootprint_Shuckle
0x08DC19F0	rom	gMonFrontPic_Heracross
0x08DC1DE0	rom	gMonPalette_Heracross
0x08DC1E08	rom	gMonBackPic_Heracross
0x08DC2178	rom	gMonShinyPalette_Heracross
0x08DC21A0	rom	gMonIcon_Heracross
0x08DC25A0	rom	gUnknown_heracross_icon
0x08DC29A0	rom	gMonFootprint_Heracross
0x08DC29C0	rom	gMonFrontPic_Sneasel
0x08DC2D04	rom	gMonPalette_Sneasel
0x08DC2D2C	rom	gMonBackPic_Sneasel
0x08DC3050	rom	gMonShinyPalette_Sneasel
0x08DC3078	rom	gMonIcon_Sneasel
0x08DC3478	rom	gMonFootprint_Sneasel
0x08DC3498	rom	gMonFrontPic_Teddiursa
0x08DC3740	rom	gMonPalette_Teddiursa
0x08DC3768	rom	gMonBackPic_Teddiursa
0x08DC39E0	rom	gMonShinyPalette_Teddiursa
0x08DC3A08	rom	gMonIcon_Teddiursa
0x08DC3E08	rom	gMonFootprint_Teddiursa
0x08DC3E28	rom	gMonFrontPic_Ursaring
0x08DC4260	rom	gMonPalette_Ursaring
0x08DC4288	rom	gMonBackPic_Ursaring
0x08DC4610	rom	gMonShinyPalette_Ursaring
0x08DC4638	rom	gMonIcon_Ursaring
0x08DC4A38	rom	gMonFootprint_Ursaring
0x08DC4A58	rom	gMonFrontPic_Slugma
0x08DC4CCC	rom	gMonPalette_Slugma
0x08DC4CF0	rom	gMonBackPic_Slugma
0x08DC4FD8	rom	gMonShinyPalette_Slugma
0x08DC4FFC	rom	gMonIcon_Slugma
0x08DC53FC	rom	gMonFootprint_Slugma
0x08DC541C	rom	gMonFrontPic_Magcargo
0x08DC5764	rom	gMonPalette_Magcargo
0x08DC578C	rom	gMonBackPic_Magcargo
0x08DC5BA4	rom	gMonShinyPalette_Magcargo
0x08DC5BCC	rom	gMonIcon_Magcargo
0x08DC5FCC	rom	gMonFootprint_Magcargo
0x08DC5FEC	rom	gMonFrontPic_Swinub
0x08DC61E8	rom	gMonPalette_Swinub
0x08DC6210	rom	gMonBackPic_Swinub
0x08DC644C	rom	gMonShinyPalette_Swinub
0x08DC6474	rom	gMonIcon_Swinub
0x08DC6874	rom	gMonFootprint_Swinub
0x08DC6894	rom	gMonFrontPic_Piloswine
0x08DC6BBC	rom	gMonPalette_Piloswine
0x08DC6BE4	rom	gMonBackPic_Piloswine
0x08DC6E30	rom	gMonShinyPalette_Piloswine
0x08DC6E58	rom	gMonIcon_Piloswine
0x08DC7258	rom	gMonFootprint_Piloswine
0x08DC7278	rom	gMonFrontPic_Corsola
0x08DC7560	rom	gMonPalette_Corsola
0x08DC7588	rom	gMonBackPic_Corsola
0x08DC7848	rom	gMonShinyPalette_Corsola
0x08DC7870	rom	gMonIcon_Corsola
0x08DC7C70	rom	gMonFootprint_Corsola
0x08DC7C90	rom	gMonFrontPic_Remoraid
0x08DC7EF8	rom	gMonPalette_Remoraid
0x08DC7F20	rom	gMonBackPic_Remoraid
0x08DC8234	rom	gMonShinyPalette_Remoraid
0x08DC825C	rom	gMonIcon_Remoraid
0x08DC865C	rom	gMonFootprint_Remoraid
0x08DC867C	rom	gMonFrontPic_Octillery
0x08DC89B0	rom	gMonPalette_Octillery
0x08DC89D8	rom	gMonBackPic_Octillery
0x08DC8C90	rom	gMonShinyPalette_Octillery
0x08DC8CB8	rom	gMonIcon_Octillery
0x08DC90B8	rom	gMonFootprint_Octillery
0x08DC90D8	rom	gMonFrontPic_Delibird
0x08DC9448	rom	gMonPalette_Delibird
0x08DC9470	rom	gMonBackPic_Delibird
0x08DC9830	rom	gMonShinyPalette_Delibird
0x08DC9858	rom	gMonIcon_Delibird
0x08DC9C58	rom	gMonFootprint_Delibird
0x08DC9C78	rom	gMonFrontPic_Mantine
0x08DCA114	rom	gMonPalette_Mantine
0x08DCA13C	rom	gMonBackPic_Mantine
0x08DCA3DC	rom	gMonShinyPalette_Mantine
0x08DCA404	rom	gMonIcon_Mantine
0x08DCA804	rom	gMonFootprint_Mantine
0x08DCA824	rom	gMonFrontPic_Skarmory
0x08DCAD04	rom	gMonPalette_Skarmory
0x08DCAD2C	rom	gMonBackPic_Skarmory
0x08DCB030	rom	gMonShinyPalette_Skarmory
0x08DCB058	rom	gMonIcon_Skarmory
0x08DCB458	rom	gMonFootprint_Skarmory
0x08DCB478	rom	gMonFrontPic_Houndour
0x08DCB730	rom	gMonPalette_Houndour
0x08DCB758	rom	gMonBackPic_Houndour
0x08DCB9D8	rom	gMonShinyPalette_Houndour
0x08DCBA00	rom	gMonIcon_Houndour
0x08DCBE00	rom	gMonFootprint_Houndour
0x08DCBE20	rom	gMonFrontPic_Houndoom
0x08DCC220	rom	gMonPalette_Houndoom
0x08DCC248	rom	gMonBackPic_Houndoom
0x08DCC56C	rom	gMonShinyPalette_Houndoom
0x08DCC594	rom	gMonIcon_Houndoom
0x08DCC994	rom	gMonFootprint_Houndoom
0x08DCC9B4	rom	gMonFrontPic_Kingdra
0x08DCCDD4	rom	gMonPalette_Kingdra
0x08DCCDFC	rom	gMonBackPic_Kingdra
0x08DCD1B0	rom	gMonShinyPalette_Kingdra
0x08DCD1D8	rom	gMonIcon_Kingdra
0x08DCD5D8	rom	gMonFootprint_Kingdra
0x08DCD5F8	rom	gMonFrontPic_Phanpy
0x08DCD854	rom	gMonPalette_Phanpy
0x08DCD87C	rom	gMonBackPic_Phanpy
0x08DCDB40	rom	gMonShinyPalette_Phanpy
0x08DCDB68	rom	gMonIcon_Phanpy
0x08DCDF68	rom	gMonFootprint_Phanpy
0x08DCDF88	rom	gMonFrontPic_Donphan
0x08DCE3FC	rom	gMonPalette_Donphan
0x08DCE424	rom	gMonBackPic_Donphan
0x08DCE720	rom	gMonShinyPalette_Donphan
0x08DCE748	rom	gMonIcon_Donphan
0x08DCEB48	rom	gMonFootprint_Donphan
0x08DCEB68	rom	gMonFrontPic_Porygon2
0x08DCEDF0	rom	gMonPalette_Porygon2
0x08DCEE18	rom	gMonBackPic_Porygon2
0x08DCF134	rom	gMonShinyPalette_Porygon2
0x08DCF15C	rom	gMonIcon_Porygon2
0x08DCF55C	rom	gMonFootprint_Porygon2
0x08DCF57C	rom	gMonFrontPic_Stantler
0x08DCF990	rom	gMonPalette_Stantler
0x08DCF9B8	rom	gMonBackPic_Stantler
0x08DCFD04	rom	gMonShinyPalette_Stantler
0x08DCFD2C	rom	gMonIcon_Stantler
0x08DD012C	rom	gMonFootprint_Stantler
0x08DD014C	rom	gMonFrontPic_Smeargle
0x08DD04E0	rom	gMonPalette_Smeargle
0x08DD0508	rom	gMonBackPic_Smeargle
0x08DD082C	rom	gMonShinyPalette_Smeargle
0x08DD0854	rom	gMonIcon_Smeargle
0x08DD0C54	rom	gMonFootprint_Smeargle
0x08DD0C74	rom	gMonFrontPic_Tyrogue
0x08DD0F00	rom	gMonPalette_Tyrogue
0x08DD0F28	rom	gMonBackPic_Tyrogue
0x08DD1244	rom	gMonShinyPalette_Tyrogue
0x08DD126C	rom	gMonIcon_Tyrogue
0x08DD166C	rom	gMonFootprint_Tyrogue
0x08DD168C	rom	gMonFrontPic_Hitmontop
0x08DD1A18	rom	gMonPalette_Hitmontop
0x08DD1A40	rom	gMonBackPic_Hitmontop
0x08DD1E68	rom	gMonShinyPalette_Hitmontop
0x08DD1E90	rom	gMonIcon_Hitmontop
0x08DD2290	rom	gUnusedGarbage
0x08DD2490	rom	gMonFootprint_Hitmontop
0x08DD24B0	rom	gMonFrontPic_Smoochum
0x08DD2708	rom	gMonPalette_Smoochum
0x08DD2730	rom	gMonBackPic_Smoochum
0x08DD29A8	rom	gMonShinyPalette_Smoochum
0x08DD29D0	rom	gMonIcon_Smoochum
0x08DD2DD0	rom	gMonFootprint_Smoochum
0x08DD2DF0	rom	gMonFrontPic_Elekid
0x08DD30F8	rom	gMonPalette_Elekid
0x08DD3120	rom	gMonBackPic_Elekid
0x08DD3478	rom	gMonShinyPalette_Elekid
0x08DD34A0	rom	gMonIcon_Elekid
0x08DD38A0	rom	gMonFootprint_Elekid
0x08DD38C0	rom	gMonFrontPic_Magby
0x08DD3B44	rom	gMonPalette_Magby
0x08DD3B6C	rom	gMonBackPic_Magby
0x08DD3E18	rom	gMonShinyPalette_Magby
0x08DD3E40	rom	gMonIcon_Magby
0x08DD4240	rom	gMonFootprint_Magby
0x08DD4260	rom	gMonFrontPic_Miltank
0x08DD4610	rom	gMonPalette_Miltank
0x08DD4638	rom	gMonBackPic_Miltank
0x08DD49D4	rom	gMonShinyPalette_Miltank
0x08DD49FC	rom	gMonIcon_Miltank
0x08DD4DFC	rom	gMonFootprint_Miltank
0x08DD4E1C	rom	gMonFrontPic_Blissey
0x08DD5204	rom	gMonPalette_Blissey
0x08DD522C	rom	gMonBackPic_Blissey
0x08DD54F8	rom	gMonShinyPalette_Blissey
0x08DD5520	rom	gMonIcon_Blissey
0x08DD5920	rom	gMonFootprint_Blissey
0x08DD5940	rom	gMonFrontPic_Raikou
0x08DD5EBC	rom	gMonPalette_Raikou
0x08DD5EE4	rom	gMonBackPic_Raikou
0x08DD628C	rom	gMonShinyPalette_Raikou
0x08DD62B4	rom	gMonIcon_Raikou
0x08DD66B4	rom	gMonFootprint_Raikou
0x08DD66D4	rom	gMonFrontPic_Entei
0x08DD6CD0	rom	gMonPalette_Entei
0x08DD6CF8	rom	gMonBackPic_Entei
0x08DD711C	rom	gMonShinyPalette_Entei
0x08DD7144	rom	gMonIcon_Entei
0x08DD7544	rom	gMonFootprint_Entei
0x08DD7564	rom	gMonFrontPic_Suicune
0x08DD7AE8	rom	gMonPalette_Suicune
0x08DD7B10	rom	gMonBackPic_Suicune
0x08DD7FEC	rom	gMonShinyPalette_Suicune
0x08DD8014	rom	gMonIcon_Suicune
0x08DD8414	rom	gMonFootprint_Suicune
0x08DD8434	rom	gMonFrontPic_Larvitar
0x08DD8690	rom	gMonPalette_Larvitar
0x08DD86B8	rom	gMonBackPic_Larvitar
0x08DD8964	rom	gMonShinyPalette_Larvitar
0x08DD898C	rom	gMonIcon_Larvitar
0x08DD8D8C	rom	gMonFootprint_Larvitar
0x08DD8DAC	rom	gMonFrontPic_Pupitar
0x08DD909C	rom	gMonPalette_Pupitar
0x08DD90C4	rom	gMonBackPic_Pupitar
0x08DD93FC	rom	gMonShinyPalette_Pupitar
0x08DD9424	rom	gMonIcon_Pupitar
0x08DD9824	rom	gMonFootprint_Pupitar
0x08DD9844	rom	gMonFrontPic_Tyranitar
0x08DD9D80	rom	gMonPalette_Tyranitar
0x08DD9DA8	rom	gMonBackPic_Tyranitar
0x08DDA194	rom	gMonShinyPalette_Tyranitar
0x08DDA1BC	rom	gMonIcon_Tyranitar
0x08DDA5BC	rom	gMonFootprint_Tyranitar
0x08DDA5DC	rom	gMonFrontPic_Lugia
0x08DDAAA0	rom	gMonPalette_Lugia
0x08DDAAC8	rom	gMonBackPic_Lugia
0x08DDAE9C	rom	gMonShinyPalette_Lugia
0x08DDAEC4	rom	gMonIcon_Lugia
0x08DDB2C4	rom	gMonFootprint_Lugia
0x08DDB2E4	rom	gMonFrontPic_HoOh
0x08DDB938	rom	gMonPalette_HoOh
0x08DDB960	rom	gMonBackPic_HoOh
0x08DDBD70	rom	gMonShinyPalette_HoOh
0x08DDBD98	rom	gMonIcon_HoOh
0x08DDC198	rom	gMonFootprint_HoOh
0x08DDC1B8	rom	gMonFrontPic_Celebi
0x08DDC430	rom	gMonPalette_Celebi
0x08DDC458	rom	gMonBackPic_Celebi
0x08DDC804	rom	gMonShinyPalette_Celebi
0x08DDC82C	rom	gMonIcon_Celebi
0x08DDCC2C	rom	gMonFootprint_Celebi
0x08DDCC4C	rom	gMonFrontPic_DoubleQuestionMark
0x08DDCDD0	rom	gMonPalette_DoubleQuestionMark
0x08DDCDE4	rom	gMonBackPic_DoubleQuestionMark
0x08DDCF68	rom	gMonShinyPalette_DoubleQuestionMark
0x08DDCF7C	rom	gMonFrontPic_Treecko
0x08DDD284	rom	gMonPalette_Treecko
0x08DDD2AC	rom	gMonBackPic_Treecko
0x08DDD5AC	rom	gMonShinyPalette_Treecko
0x08DDD5D4	rom	gMonIcon_Treecko
0x08DDD9D4	rom	gMonFootprint_Treecko
0x08DDD9F4	rom	gMonFrontPic_Grovyle
0x08DDDE80	rom	gMonPalette_Grovyle
0x08DDDEA8	rom	gMonBackPic_Grovyle
0x08DDE1E4	rom	gMonShinyPalette_Grovyle
0x08DDE20C	rom	gMonIcon_Grovyle
0x08DDE60C	rom	gMonFootprint_Grovyle
0x08DDE62C	rom	gMonFrontPic_Sceptile
0x08DDEB30	rom	gMonPalette_Sceptile
0x08DDEB58	rom	gMonBackPic_Sceptile
0x08DDEF54	rom	gMonShinyPalette_Sceptile
0x08DDEF7C	rom	gMonIcon_Sceptile
0x08DDF37C	rom	gMonFootprint_Sceptile
0x08DDF39C	rom	gMonFrontPic_Torchic
0x08DDF638	rom	gMonPalette_Torchic
0x08DDF660	rom	gMonBackPic_Torchic
0x08DDF938	rom	gMonShinyPalette_Torchic
0x08DDF960	rom	gMonIcon_Torchic
0x08DDFD60	rom	gMonFootprint_Torchic
0x08DDFD80	rom	gMonFrontPic_Combusken
0x08DE016C	rom	gMonPalette_Combusken
0x08DE0194	rom	gMonBackPic_Combusken
0x08DE0564	rom	gMonShinyPalette_Combusken
0x08DE058C	rom	gMonIcon_Combusken
0x08DE098C	rom	gMonFootprint_Combusken
0x08DE09AC	rom	gMonFrontPic_Blaziken
0x08DE0E24	rom	gMonPalette_Blaziken
0x08DE0E4C	rom	gMonBackPic_Blaziken
0x08DE1228	rom	gMonShinyPalette_Blaziken
0x08DE1250	rom	gMonIcon_Blaziken
0x08DE1650	rom	gMonFootprint_Blaziken
0x08DE1670	rom	gMonFrontPic_Mudkip
0x08DE1928	rom	gMonPalette_Mudkip
0x08DE1950	rom	gMonBackPic_Mudkip
0x08DE1C30	rom	gMonShinyPalette_Mudkip
0x08DE1C58	rom	gMonIcon_Mudkip
0x08DE2058	rom	gMonFootprint_Mudkip
0x08DE2078	rom	gMonFrontPic_Marshtomp
0x08DE2400	rom	gMonPalette_Marshtomp
0x08DE2428	rom	gMonBackPic_Marshtomp
0x08DE27D8	rom	gMonShinyPalette_Marshtomp
0x08DE2800	rom	gMonIcon_Marshtomp
0x08DE2C00	rom	gMonFootprint_Marshtomp
0x08DE2C20	rom	gMonFrontPic_Swampert
0x08DE319C	rom	gMonPalette_Swampert
0x08DE31C4	rom	gMonBackPic_Swampert
0x08DE3578	rom	gMonShinyPalette_Swampert
0x08DE35A0	rom	gMonIcon_Swampert
0x08DE39A0	rom	gMonFootprint_Swampert
0x08DE39C0	rom	gMonFrontPic_Poochyena
0x08DE3C88	rom	gMonPalette_Poochyena
0x08DE3CB0	rom	gMonBackPic_Poochyena
0x08DE3FDC	rom	gMonShinyPalette_Poochyena
0x08DE4004	rom	gMonIcon_Poochyena
0x08DE4404	rom	gMonFootprint_Poochyena
0x08DE4424	rom	gMonFrontPic_Mightyena
0x08DE485C	rom	gMonPalette_Mightyena
0x08DE4884	rom	gMonBackPic_Mightyena
0x08DE4BFC	rom	gMonShinyPalette_Mightyena
0x08DE4C24	rom	gMonIcon_Mightyena
0x08DE5024	rom	gMonFootprint_Mightyena
0x08DE5044	rom	gMonFrontPic_Zigzagoon
0x08DE5414	rom	gMonPalette_Zigzagoon
0x08DE543C	rom	gMonBackPic_Zigzagoon
0x08DE577C	rom	gMonShinyPalette_Zigzagoon
0x08DE57A4	rom	gMonIcon_Zigzagoon
0x08DE5BA4	rom	gMonFootprint_Zigzagoon
0x08DE5BC4	rom	gMonFrontPic_Linoone
0x08DE5F34	rom	gMonPalette_Linoone
0x08DE5F5C	rom	gMonBackPic_Linoone
0x08DE6230	rom	gMonShinyPalette_Linoone
0x08DE6258	rom	gMonIcon_Linoone
0x08DE6658	rom	gMonFootprint_Linoone
0x08DE6678	rom	gMonFrontPic_Wurmple
0x08DE6900	rom	gMonPalette_Wurmple
0x08DE6928	rom	gMonBackPic_Wurmple
0x08DE6B74	rom	gMonShinyPalette_Wurmple
0x08DE6B9C	rom	gMonIcon_Wurmple
0x08DE6F9C	rom	gMonFootprint_Wurmple
0x08DE6FBC	rom	gMonFrontPic_Silcoon
0x08DE723C	rom	gMonPalette_Silcoon
0x08DE7264	rom	gMonBackPic_Silcoon
0x08DE7480	rom	gMonShinyPalette_Silcoon
0x08DE74A8	rom	gMonIcon_Silcoon
0x08DE78A8	rom	gMonFootprint_Silcoon
0x08DE78C8	rom	gMonFrontPic_Beautifly
0x08DE7C20	rom	gMonPalette_Beautifly
0x08DE7C48	rom	gMonBackPic_Beautifly
0x08DE7FF8	rom	gMonShinyPalette_Beautifly
0x08DE8020	rom	gMonIcon_Beautifly
0x08DE8420	rom	gMonFootprint_Beautifly
0x08DE8440	rom	gMonFrontPic_Cascoon
0x08DE86AC	rom	gMonPalette_Cascoon
0x08DE86D4	rom	gMonBackPic_Cascoon
0x08DE88E4	rom	gMonShinyPalette_Cascoon
0x08DE890C	rom	gMonIcon_Cascoon
0x08DE8D0C	rom	gMonFootprint_Cascoon
0x08DE8D2C	rom	gMonFrontPic_Dustox
0x08DE9094	rom	gMonPalette_Dustox
0x08DE90BC	rom	gMonBackPic_Dustox
0x08DE9314	rom	gMonShinyPalette_Dustox
0x08DE933C	rom	gMonIcon_Dustox
0x08DE973C	rom	gMonFootprint_Dustox
0x08DE975C	rom	gMonFrontPic_Lotad
0x08DE99BC	rom	gMonPalette_Lotad
0x08DE99E4	rom	gMonBackPic_Lotad
0x08DE9CCC	rom	gMonShinyPalette_Lotad
0x08DE9CF4	rom	gMonIcon_Lotad
0x08DEA0F4	rom	gMonFootprint_Lotad
0x08DEA114	rom	gMonFrontPic_Lombre
0x08DEA42C	rom	gMonPalette_Lombre
0x08DEA454	rom	gMonBackPic_Lombre
0x08DEA750	rom	gMonShinyPalette_Lombre
0x08DEA778	rom	gMonIcon_Lombre
0x08DEAB78	rom	gMonFootprint_Lombre
0x08DEAB98	rom	gMonFrontPic_Ludicolo
0x08DEB07C	rom	gMonPalette_Ludicolo
0x08DEB0A4	rom	gMonBackPic_Ludicolo
0x08DEB3A0	rom	gMonShinyPalette_Ludicolo
0x08DEB3C8	rom	gMonIcon_Ludicolo
0x08DEB7C8	rom	gMonFootprint_Ludicolo
0x08DEB7E8	rom	gMonFrontPic_Seedot
0x08DEBA7C	rom	gMonPalette_Seedot
0x08DEBAA4	rom	gMonBackPic_Seedot
0x08DEBD84	rom	gMonShinyPalette_Seedot
0x08DEBDAC	rom	gMonIcon_Seedot
0x08DEC1AC	rom	gMonFootprint_Seedot
0x08DEC1CC	rom	gMonFrontPic_Nuzleaf
0x08DEC4B8	rom	gMonPalette_Nuzleaf
0x08DEC4E0	rom	gMonBackPic_Nuzleaf
0x08DEC7A8	rom	gMonShinyPalette_Nuzleaf
0x08DEC7D0	rom	gMonIcon_Nuzleaf
0x08DECBD0	rom	gMonFootprint_Nuzleaf
0x08DECBF0	rom	gMonFrontPic_Shiftry
0x08DED0AC	rom	gMonPalette_Shiftry
0x08DED0D4	rom	gMonBackPic_Shiftry
0x08DED398	rom	gMonShinyPalette_Shiftry
0x08DED3C0	rom	gMonIcon_Shiftry
0x08DED7C0	rom	gMonFootprint_Shiftry
0x08DED7E0	rom	gMonFrontPic_Nincada
0x08DEDA80	rom	gMonPalette_Nincada
0x08DEDAA8	rom	gMonBackPic_Nincada
0x08DEDD60	rom	gMonShinyPalette_Nincada
0x08DEDD88	rom	gMonIcon_Nincada
0x08DEE188	rom	gMonFootprint_Nincada
0x08DEE1A8	rom	gMonFrontPic_Ninjask
0x08DEE518	rom	gMonPalette_Ninjask
0x08DEE540	rom	gMonBackPic_Ninjask
0x08DEE90C	rom	gMonShinyPalette_Ninjask
0x08DEE934	rom	gMonIcon_Ninjask
0x08DEED34	rom	gMonFootprint_Ninjask
0x08DEED54	rom	gMonFrontPic_Shedinja
0x08DEF074	rom	gMonPalette_Shedinja
0x08DEF09C	rom	gMonBackPic_Shedinja
0x08DEF43C	rom	gMonShinyPalette_Shedinja
0x08DEF464	rom	gMonIcon_Shedinja
0x08DEF864	rom	gMonFootprint_Shedinja
0x08DEF884	rom	gMonFrontPic_Taillow
0x08DEFADC	rom	gMonPalette_Taillow
0x08DEFB04	rom	gMonBackPic_Taillow
0x08DEFD24	rom	gMonShinyPalette_Taillow
0x08DEFD4C	rom	gMonIcon_Taillow
0x08DF014C	rom	gMonFootprint_Taillow
0x08DF016C	rom	gMonFrontPic_Swellow
0x08DF0530	rom	gMonPalette_Swellow
0x08DF0558	rom	gMonBackPic_Swellow
0x08DF0890	rom	gMonShinyPalette_Swellow
0x08DF08B8	rom	gMonIcon_Swellow
0x08DF0CB8	rom	gMonFootprint_Swellow
0x08DF0CD8	rom	gMonFrontPic_Shroomish
0x08DF0F40	rom	gMonPalette_Shroomish
0x08DF0F68	rom	gMonBackPic_Shroomish
0x08DF1248	rom	gMonShinyPalette_Shroomish
0x08DF1270	rom	gMonIcon_Shroomish
0x08DF1670	rom	gMonFootprint_Shroomish
0x08DF1690	rom	gMonFrontPic_Breloom
0x08DF1A78	rom	gMonPalette_Breloom
0x08DF1AA0	rom	gMonBackPic_Breloom
0x08DF1E80	rom	gMonShinyPalette_Breloom
0x08DF1EA8	rom	gMonIcon_Breloom
0x08DF22A8	rom	gMonFootprint_Breloom
0x08DF22C8	rom	gMonFrontPic_Spinda
0x08DF25C8	rom	gMonPalette_Spinda
0x08DF25F0	rom	gMonBackPic_Spinda
0x08DF292C	rom	gMonShinyPalette_Spinda
0x08DF2954	rom	gMonIcon_Spinda
0x08DF2D54	rom	gMonFootprint_Spinda
0x08DF2D74	rom	gMonFrontPic_Wingull
0x08DF2FB0	rom	gMonPalette_Wingull
0x08DF2FD8	rom	gMonBackPic_Wingull
0x08DF3328	rom	gMonShinyPalette_Wingull
0x08DF3350	rom	gMonIcon_Wingull
0x08DF3750	rom	gMonFootprint_Wingull
0x08DF3770	rom	gMonFrontPic_Pelipper
0x08DF3B08	rom	gMonPalette_Pelipper
0x08DF3B30	rom	gMonBackPic_Pelipper
0x08DF3EB0	rom	gMonShinyPalette_Pelipper
0x08DF3ED8	rom	gMonIcon_Pelipper
0x08DF42D8	rom	gMonFootprint_Pelipper
0x08DF42F8	rom	gMonFrontPic_Surskit
0x08DF4504	rom	gMonPalette_Surskit
0x08DF452C	rom	gMonBackPic_Surskit
0x08DF4764	rom	gMonShinyPalette_Surskit
0x08DF478C	rom	gMonIcon_Surskit
0x08DF4B8C	rom	gMonFootprint_Surskit
0x08DF4BAC	rom	gMonFrontPic_Masquerain
0x08DF4F48	rom	gMonPalette_Masquerain
0x08DF4F70	rom	gMonBackPic_Masquerain
0x08DF52C8	rom	gMonShinyPalette_Masquerain
0x08DF52F0	rom	gMonIcon_Masquerain
0x08DF56F0	rom	gMonFootprint_Masquerain
0x08DF5710	rom	gMonFrontPic_Wailmer
0x08DF59F0	rom	gMonPalette_Wailmer
0x08DF5A18	rom	gMonBackPic_Wailmer
0x08DF5BFC	rom	gMonShinyPalette_Wailmer
0x08DF5C24	rom	gMonIcon_Wailmer
0x08DF6024	rom	gMonFootprint_Wailmer
0x08DF6044	rom	gMonFrontPic_Wailord
0x08DF6408	rom	gMonPalette_Wailord
0x08DF6430	rom	gMonBackPic_Wailord
0x08DF6648	rom	gMonShinyPalette_Wailord
0x08DF6670	rom	gMonIcon_Wailord
0x08DF6A70	rom	gMonFootprint_Wailord
0x08DF6A90	rom	gMonFrontPic_Skitty
0x08DF6D90	rom	gMonPalette_Skitty
0x08DF6DB8	rom	gMonBackPic_Skitty
0x08DF7100	rom	gMonShinyPalette_Skitty
0x08DF7128	rom	gMonIcon_Skitty
0x08DF7528	rom	gMonFootprint_Skitty
0x08DF7548	rom	gMonFrontPic_Delcatty
0x08DF78D4	rom	gMonPalette_Delcatty
0x08DF78FC	rom	gMonBackPic_Delcatty
0x08DF7C98	rom	gMonShinyPalette_Delcatty
0x08DF7CC0	rom	gMonIcon_Delcatty
0x08DF80C0	rom	gMonFootprint_Delcatty
0x08DF80E0	rom	gMonFrontPic_Kecleon
0x08DF8460	rom	gMonPalette_Kecleon
0x08DF8488	rom	gMonBackPic_Kecleon
0x08DF8860	rom	gMonShinyPalette_Kecleon
0x08DF8888	rom	gMonIcon_Kecleon
0x08DF8C88	rom	gMonFootprint_Kecleon
0x08DF8CA8	rom	gMonFrontPic_Baltoy
0x08DF8ECC	rom	gMonPalette_Baltoy
0x08DF8EEC	rom	gMonBackPic_Baltoy
0x08DF9194	rom	gMonShinyPalette_Baltoy
0x08DF91B4	rom	gMonIcon_Baltoy
0x08DF95B4	rom	gMonFootprint_Baltoy
0x08DF95D4	rom	gMonFrontPic_Claydol
0x08DF998C	rom	gMonPalette_Claydol
0x08DF99B4	rom	gMonBackPic_Claydol
0x08DF9D88	rom	gMonShinyPalette_Claydol
0x08DF9DB0	rom	gMonIcon_Claydol
0x08DFA1B0	rom	gMonFootprint_Claydol
0x08DFA1D0	rom	gMonFrontPic_Nosepass
0x08DFA49C	rom	gMonPalette_Nosepass
0x08DFA4C4	rom	gMonBackPic_Nosepass
0x08DFA764	rom	gMonShinyPalette_Nosepass
0x08DFA78C	rom	gMonIcon_Nosepass
0x08DFAB8C	rom	gMonFootprint_Nosepass
0x08DFABAC	rom	gMonFrontPic_Torkoal
0x08DFB058	rom	gMonPalette_Torkoal
0x08DFB080	rom	gMonBackPic_Torkoal
0x08DFB348	rom	gMonShinyPalette_Torkoal
0x08DFB370	rom	gMonIcon_Torkoal
0x08DFB770	rom	gMonFootprint_Torkoal
0x08DFB790	rom	gMonFrontPic_Sableye
0x08DFBA64	rom	gMonPalette_Sableye
0x08DFBA8C	rom	gMonBackPic_Sableye
0x08DFBDB4	rom	gMonShinyPalette_Sableye
0x08DFBDDC	rom	gMonIcon_Sableye
0x08DFC1DC	rom	gMonFootprint_Sableye
0x08DFC1FC	rom	gMonFrontPic_Barboach
0x08DFC48C	rom	gMonPalette_Barboach
0x08DFC4B4	rom	gMonBackPic_Barboach
0x08DFC744	rom	gMonShinyPalette_Barboach
0x08DFC76C	rom	gMonIcon_Barboach
0x08DFCB6C	rom	gMonFootprint_Barboach
0x08DFCB8C	rom	gMonFrontPic_Whiscash
0x08DFCF04	rom	gMonPalette_Whiscash
0x08DFCF2C	rom	gMonBackPic_Whiscash
0x08DFD278	rom	gMonShinyPalette_Whiscash
0x08DFD2A0	rom	gMonIcon_Whiscash
0x08DFD6A0	rom	gMonFootprint_Whiscash
0x08DFD6C0	rom	gMonFrontPic_Luvdisc
0x08DFD880	rom	gMonPalette_Luvdisc
0x08DFD8A4	rom	gMonBackPic_Luvdisc
0x08DFDA78	rom	gMonShinyPalette_Luvdisc
0x08DFDA9C	rom	gMonIcon_Luvdisc
0x08DFDE9C	rom	gMonFootprint_Luvdisc
0x08DFDEBC	rom	gMonFrontPic_Corphish
0x08DFE218	rom	gMonPalette_Corphish
0x08DFE240	rom	gMonBackPic_Corphish
0x08DFE55C	rom	gMonShinyPalette_Corphish
0x08DFE584	rom	gMonIcon_Corphish
0x08DFE984	rom	gMonFootprint_Corphish
0x08DFE9A4	rom	gMonFrontPic_Crawdaunt
0x08DFEE34	rom	gMonPalette_Crawdaunt
0x08DFEE5C	rom	gMonBackPic_Crawdaunt
0x08DFF240	rom	gMonShinyPalette_Crawdaunt
0x08DFF268	rom	gMonIcon_Crawdaunt
0x08DFF668	rom	gMonFootprint_Crawdaunt
0x08DFF688	rom	gMonFrontPic_Feebas
0x08DFF914	rom	gMonPalette_Feebas
0x08DFF93C	rom	gMonBackPic_Feebas
0x08DFFC74	rom	gMonShinyPalette_Feebas
0x08DFFC9C	rom	gMonIcon_Feebas
0x08E0009C	rom	gMonFootprint_Feebas
0x08E000BC	rom	gMonFrontPic_Milotic
0x08E0054C	rom	gMonPalette_Milotic
0x08E00574	rom	gMonBackPic_Milotic
0x08E00868	rom	gMonShinyPalette_Milotic
0x08E00890	rom	gMonIcon_Milotic
0x08E00C90	rom	gMonFootprint_Milotic
0x08E00CB0	rom	gMonFrontPic_Carvanha
0x08E00FDC	rom	gMonPalette_Carvanha
0x08E01004	rom	gMonBackPic_Carvanha
0x08E01314	rom	gMonShinyPalette_Carvanha
0x08E0133C	rom	gMonIcon_Carvanha
0x08E0173C	rom	gMonFootprint_Carvanha
0x08E0175C	rom	gMonFrontPic_Sharpedo
0x08E01AEC	rom	gMonPalette_Sharpedo
0x08E01B14	rom	gMonBackPic_Sharpedo
0x08E01E6C	rom	gMonShinyPalette_Sharpedo
0x08E01E94	rom	gMonIcon_Sharpedo
0x08E02294	rom	gMonFootprint_Sharpedo
0x08E022B4	rom	gMonFrontPic_Trapinch
0x08E024D0	rom	gMonPalette_Trapinch
0x08E024F8	rom	gMonBackPic_Trapinch
0x08E02718	rom	gMonShinyPalette_Trapinch
0x08E02740	rom	gMonIcon_Trapinch
0x08E02B40	rom	gMonFootprint_Trapinch
0x08E02B60	rom	gMonFrontPic_Vibrava
0x08E02ED0	rom	gMonPalette_Vibrava
0x08E02EF8	rom	gMonBackPic_Vibrava
0x08E03170	rom	gMonShinyPalette_Vibrava
0x08E03198	rom	gMonIcon_Vibrava
0x08E03598	rom	gMonFootprint_Vibrava
0x08E035B8	rom	gMonFrontPic_Flygon
0x08E03AA8	rom	gMonPalette_Flygon
0x08E03AD0	rom	gMonBackPic_Flygon
0x08E03F0C	rom	gMonShinyPalette_Flygon
0x08E03F34	rom	gMonIcon_Flygon
0x08E04334	rom	gMonFootprint_Flygon
0x08E04354	rom	gMonFrontPic_Makuhita
0x08E0466C	rom	gMonPalette_Makuhita
0x08E04694	rom	gMonBackPic_Makuhita
0x08E04984	rom	gMonShinyPalette_Makuhita
0x08E049A8	rom	gMonIcon_Makuhita
0x08E04DA8	rom	gMonFootprint_Makuhita
0x08E04DC8	rom	gMonFrontPic_Hariyama
0x08E05278	rom	gMonPalette_Hariyama
0x08E052A0	rom	gMonBackPic_Hariyama
0x08E05680	rom	gMonShinyPalette_Hariyama
0x08E056A8	rom	gMonIcon_Hariyama
0x08E05AA8	rom	gMonFootprint_Hariyama
0x08E05AC8	rom	gMonFrontPic_Electrike
0x08E05D58	rom	gMonPalette_Electrike
0x08E05D80	rom	gMonBackPic_Electrike
0x08E0600C	rom	gMonShinyPalette_Electrike
0x08E06034	rom	gMonIcon_Electrike
0x08E06434	rom	gMonFootprint_Electrike
0x08E06454	rom	gMonFrontPic_Manectric
0x08E06784	rom	gMonPalette_Manectric
0x08E067AC	rom	gMonBackPic_Manectric
0x08E069D8	rom	gMonShinyPalette_Manectric
0x08E06A00	rom	gMonIcon_Manectric
0x08E06E00	rom	gMonFootprint_Manectric
0x08E06E20	rom	gMonFrontPic_Numel
0x08E070F0	rom	gMonPalette_Numel
0x08E07118	rom	gMonBackPic_Numel
0x08E073D4	rom	gMonShinyPalette_Numel
0x08E073FC	rom	gMonIcon_Numel
0x08E077FC	rom	gMonFootprint_Numel
0x08E0781C	rom	gMonFrontPic_Camerupt
0x08E07C34	rom	gMonPalette_Camerupt
0x08E07C5C	rom	gMonBackPic_Camerupt
0x08E07F20	rom	gMonShinyPalette_Camerupt
0x08E07F48	rom	gMonIcon_Camerupt
0x08E08348	rom	gMonFootprint_Camerupt
0x08E08368	rom	gMonFrontPic_Spheal
0x08E085DC	rom	gMonPalette_Spheal
0x08E08604	rom	gMonBackPic_Spheal
0x08E08800	rom	gMonShinyPalette_Spheal
0x08E08828	rom	gMonIcon_Spheal
0x08E08C28	rom	gMonFootprint_Spheal
0x08E08C48	rom	gMonFrontPic_Sealeo
0x08E08FC8	rom	gMonPalette_Sealeo
0x08E08FF0	rom	gMonBackPic_Sealeo
0x08E0926C	rom	gMonShinyPalette_Sealeo
0x08E09294	rom	gMonIcon_Sealeo
0x08E09694	rom	gMonFootprint_Sealeo
0x08E096B4	rom	gMonFrontPic_Walrein
0x08E09B54	rom	gMonPalette_Walrein
0x08E09B7C	rom	gMonBackPic_Walrein
0x08E09F04	rom	gMonShinyPalette_Walrein
0x08E09F2C	rom	gMonIcon_Walrein
0x08E0A32C	rom	gMonFootprint_Walrein
0x08E0A34C	rom	gMonFrontPic_Cacnea
0x08E0A65C	rom	gMonPalette_Cacnea
0x08E0A684	rom	gMonBackPic_Cacnea
0x08E0A9E4	rom	gMonShinyPalette_Cacnea
0x08E0AA0C	rom	gMonIcon_Cacnea
0x08E0AE0C	rom	gMonFootprint_Cacnea
0x08E0AE2C	rom	gMonFrontPic_Cacturne
0x08E0B264	rom	gMonPalette_Cacturne
0x08E0B28C	rom	gMonBackPic_Cacturne
0x08E0B58C	rom	gMonShinyPalette_Cacturne
0x08E0B5B4	rom	gMonIcon_Cacturne
0x08E0B9B4	rom	gMonFootprint_Cacturne
0x08E0B9D4	rom	gMonFrontPic_Snorunt
0x08E0BC98	rom	gMonPalette_Snorunt
0x08E0BCC0	rom	gMonBackPic_Snorunt
0x08E0BFA4	rom	gMonShinyPalette_Snorunt
0x08E0BFCC	rom	gMonIcon_Snorunt
0x08E0C3CC	rom	gMonFootprint_Snorunt
0x08E0C3EC	rom	gMonFrontPic_Glalie
0x08E0C7B4	rom	gMonPalette_Glalie
0x08E0C7DC	rom	gMonBackPic_Glalie
0x08E0CB8C	rom	gMonShinyPalette_Glalie
0x08E0CBB4	rom	gMonIcon_Glalie
0x08E0CFB4	rom	gMonFootprint_Glalie
0x08E0CFD4	rom	gMonFrontPic_Lunatone
0x08E0D2FC	rom	gMonPalette_Lunatone
0x08E0D324	rom	gMonBackPic_Lunatone
0x08E0D67C	rom	gMonShinyPalette_Lunatone
0x08E0D6A4	rom	gMonIcon_Lunatone
0x08E0DAA4	rom	gMonFootprint_Lunatone
0x08E0DAC4	rom	gMonFrontPic_Solrock
0x08E0DF10	rom	gMonPalette_Solrock
0x08E0DF38	rom	gMonBackPic_Solrock
0x08E0E324	rom	gMonShinyPalette_Solrock
0x08E0E34C	rom	gMonIcon_Solrock
0x08E0E74C	rom	gMonFootprint_Solrock
0x08E0E76C	rom	gMonFrontPic_Azurill
0x08E0EA34	rom	gMonPalette_Azurill
0x08E0EA5C	rom	gMonBackPic_Azurill
0x08E0ED74	rom	gMonShinyPalette_Azurill
0x08E0ED9C	rom	gMonIcon_Azurill
0x08E0F19C	rom	gMonFootprint_Azurill
0x08E0F1BC	rom	gMonFrontPic_Spoink
0x08E0F428	rom	gMonPalette_Spoink
0x08E0F450	rom	gMonBackPic_Spoink
0x08E0F690	rom	gMonShinyPalette_Spoink
0x08E0F6B8	rom	gMonIcon_Spoink
0x08E0FAB8	rom	gMonFootprint_Spoink
0x08E0FAD8	rom	gMonFrontPic_Grumpig
0x08E0FE94	rom	gMonPalette_Grumpig
0x08E0FEBC	rom	gMonBackPic_Grumpig
0x08E1021C	rom	gMonShinyPalette_Grumpig
0x08E10244	rom	gMonIcon_Grumpig
0x08E10644	rom	gMonFootprint_Grumpig
0x08E10664	rom	gMonFrontPic_Plusle
0x08E108F0	rom	gMonPalette_Plusle
0x08E10918	rom	gMonBackPic_Plusle
0x08E10BD0	rom	gMonShinyPalette_Plusle
0x08E10BF8	rom	gMonIcon_Plusle
0x08E10FF8	rom	gMonFootprint_Plusle
0x08E11018	rom	gMonFrontPic_Minun
0x08E11280	rom	gMonPalette_Minun
0x08E112A8	rom	gMonBackPic_Minun
0x08E11570	rom	gMonShinyPalette_Minun
0x08E11598	rom	gMonIcon_Minun
0x08E11998	rom	gMonFootprint_Minun
0x08E119B8	rom	gMonFrontPic_Mawile
0x08E11D74	rom	gMonPalette_Mawile
0x08E11D9C	rom	gMonBackPic_Mawile
0x08E1219C	rom	gMonShinyPalette_Mawile
0x08E121C4	rom	gMonIcon_Mawile
0x08E125C4	rom	gMonFootprint_Mawile
0x08E125E4	rom	gMonFrontPic_Meditite
0x08E1289C	rom	gMonPalette_Meditite
0x08E128C4	rom	gMonBackPic_Meditite
0x08E12B8C	rom	gMonShinyPalette_Meditite
0x08E12BB0	rom	gMonIcon_Meditite
0x08E12FB0	rom	gMonFootprint_Meditite
0x08E12FD0	rom	gMonFrontPic_Medicham
0x08E13300	rom	gMonPalette_Medicham
0x08E13328	rom	gMonBackPic_Medicham
0x08E13660	rom	gMonShinyPalette_Medicham
0x08E13688	rom	gMonIcon_Medicham
0x08E13A88	rom	gMonFootprint_Medicham
0x08E13AA8	rom	gMonFrontPic_Swablu
0x08E13D80	rom	gMonPalette_Swablu
0x08E13DA8	rom	gMonBackPic_Swablu
0x08E14160	rom	gMonShinyPalette_Swablu
0x08E14188	rom	gMonIcon_Swablu
0x08E14588	rom	gMonFootprint_Swablu
0x08E145A8	rom	gMonFrontPic_Altaria
0x08E14984	rom	gMonPalette_Altaria
0x08E149AC	rom	gMonBackPic_Altaria
0x08E14D24	rom	gMonShinyPalette_Altaria
0x08E14D4C	rom	gMonIcon_Altaria
0x08E1514C	rom	gMonFootprint_Altaria
0x08E1516C	rom	gMonFrontPic_Wynaut
0x08E15404	rom	gMonPalette_Wynaut
0x08E1542C	rom	gMonBackPic_Wynaut
0x08E156BC	rom	gMonShinyPalette_Wynaut
0x08E156E4	rom	gMonIcon_Wynaut
0x08E15AE4	rom	gMonFootprint_Wynaut
0x08E15B04	rom	gMonFrontPic_Duskull
0x08E15DF4	rom	gMonPalette_Duskull
0x08E15E1C	rom	gMonBackPic_Duskull
0x08E160CC	rom	gMonShinyPalette_Duskull
0x08E160F4	rom	gMonIcon_Duskull
0x08E164F4	rom	gMonFootprint_Duskull
0x08E16514	rom	gMonFrontPic_Dusclops
0x08E168B4	rom	gMonPalette_Dusclops
0x08E168DC	rom	gMonBackPic_Dusclops
0x08E16BC8	rom	gMonShinyPalette_Dusclops
0x08E16BF0	rom	gMonIcon_Dusclops
0x08E16FF0	rom	gMonFootprint_Dusclops
0x08E17010	rom	gMonFrontPic_Roselia
0x08E1737C	rom	gMonPalette_Roselia
0x08E173A4	rom	gMonBackPic_Roselia
0x08E1776C	rom	gMonShinyPalette_Roselia
0x08E17794	rom	gMonIcon_Roselia
0x08E17B94	rom	gMonFootprint_Roselia
0x08E17BB4	rom	gMonFrontPic_Slakoth
0x08E17E9C	rom	gMonPalette_Slakoth
0x08E17EC4	rom	gMonBackPic_Slakoth
0x08E181AC	rom	gMonShinyPalette_Slakoth
0x08E181D4	rom	gMonIcon_Slakoth
0x08E185D4	rom	gMonFootprint_Slakoth
0x08E185F4	rom	gMonFrontPic_Vigoroth
0x08E189F0	rom	gMonPalette_Vigoroth
0x08E18A18	rom	gMonBackPic_Vigoroth
0x08E18CE0	rom	gMonShinyPalette_Vigoroth
0x08E18D08	rom	gMonIcon_Vigoroth
0x08E19108	rom	gMonFootprint_Vigoroth
0x08E19128	rom	gMonFrontPic_Slaking
0x08E195FC	rom	gMonPalette_Slaking
0x08E19624	rom	gMonBackPic_Slaking
0x08E199E8	rom	gMonShinyPalette_Slaking
0x08E19A10	rom	gMonIcon_Slaking
0x08E19E10	rom	gMonFootprint_Slaking
0x08E19E30	rom	gMonFrontPic_Gulpin
0x08E1A048	rom	gMonPalette_Gulpin
0x08E1A070	rom	gMonBackPic_Gulpin
0x08E1A2F4	rom	gMonShinyPalette_Gulpin
0x08E1A31C	rom	gMonIcon_Gulpin
0x08E1A71C	rom	gMonFootprint_Gulpin
0x08E1A73C	rom	gMonFrontPic_Swalot
0x08E1AA80	rom	gMonPalette_Swalot
0x08E1AAA8	rom	gMonBackPic_Swalot
0x08E1ADF0	rom	gMonShinyPalette_Swalot
0x08E1AE18	rom	gMonIcon_Swalot
0x08E1B218	rom	gMonFootprint_Swalot
0x08E1B238	rom	gMonFrontPic_Tropius
0x08E1B7B0	rom	gMonPalette_Tropius
0x08E1B7D8	rom	gMonBackPic_Tropius
0x08E1BAFC	rom	gMonShinyPalette_Tropius
0x08E1BB24	rom	gMonIcon_Tropius
0x08E1BF24	rom	gMonFootprint_Tropius
0x08E1BF44	rom	gMonFrontPic_Whismur
0x08E1C1D8	rom	gMonPalette_Whismur
0x08E1C200	rom	gMonBackPic_Whismur
0x08E1C470	rom	gMonShinyPalette_Whismur
0x08E1C498	rom	gMonIcon_Whismur
0x08E1C898	rom	gMonFootprint_Whismur
0x08E1C8B8	rom	gMonFrontPic_Loudred
0x08E1CD30	rom	gMonPalette_Loudred
0x08E1CD58	rom	gMonBackPic_Loudred
0x08E1D0C8	rom	gMonShinyPalette_Loudred
0x08E1D0F0	rom	gMonIcon_Loudred
0x08E1D4F0	rom	gMonFootprint_Loudred
0x08E1D510	rom	gMonFrontPic_Exploud
0x08E1DA78	rom	gMonPalette_Exploud
0x08E1DAA0	rom	gMonBackPic_Exploud
0x08E1DEAC	rom	gMonShinyPalette_Exploud
0x08E1DED4	rom	gMonIcon_Exploud
0x08E1E2D4	rom	gMonFootprint_Exploud
0x08E1E2F4	rom	gMonFrontPic_Clamperl
0x08E1E5CC	rom	gMonPalette_Clamperl
0x08E1E5F4	rom	gMonBackPic_Clamperl
0x08E1E888	rom	gMonShinyPalette_Clamperl
0x08E1E8B0	rom	gMonIcon_Clamperl
0x08E1ECB0	rom	gMonFootprint_Clamperl
0x08E1ECD0	rom	gMonFrontPic_Huntail
0x08E1F09C	rom	gMonPalette_Huntail
0x08E1F0C4	rom	gMonBackPic_Huntail
0x08E1F418	rom	gMonShinyPalette_Huntail
0x08E1F440	rom	gMonIcon_Huntail
0x08E1F840	rom	gMonFootprint_Huntail
0x08E1F860	rom	gMonFrontPic_Gorebyss
0x08E1FB70	rom	gMonPalette_Gorebyss
0x08E1FB98	rom	gMonBackPic_Gorebyss
0x08E1FE80	rom	gMonShinyPalette_Gorebyss
0x08E1FEA8	rom	gMonIcon_Gorebyss
0x08E202A8	rom	gMonFootprint_Gorebyss
0x08E202C8	rom	gMonFrontPic_Absol
0x08E206F8	rom	gMonPalette_Absol
0x08E20720	rom	gMonBackPic_Absol
0x08E20A80	rom	gMonShinyPalette_Absol
0x08E20AA8	rom	gMonIcon_Absol
0x08E20EA8	rom	gMonFootprint_Absol
0x08E20EC8	rom	gMonFrontPic_Shuppet
0x08E21100	rom	gMonPalette_Shuppet
0x08E21128	rom	gMonBackPic_Shuppet
0x08E213C0	rom	gMonShinyPalette_Shuppet
0x08E213E8	rom	gMonIcon_Shuppet
0x08E217E8	rom	gMonFootprint_Shuppet
0x08E21808	rom	gMonFrontPic_Banette
0x08E21ABC	rom	gMonPalette_Banette
0x08E21AE4	rom	gMonBackPic_Banette
0x08E21D60	rom	gMonShinyPalette_Banette
0x08E21D88	rom	gMonIcon_Banette
0x08E22188	rom	gMonFootprint_Banette
0x08E221A8	rom	gMonFrontPic_Seviper
0x08E225C8	rom	gMonPalette_Seviper
0x08E225F0	rom	gMonBackPic_Seviper
0x08E22A7C	rom	gMonShinyPalette_Seviper
0x08E22AA4	rom	gMonIcon_Seviper
0x08E22EA4	rom	gMonFootprint_Seviper
0x08E22EC4	rom	gMonFrontPic_Zangoose
0x08E23290	rom	gMonPalette_Zangoose
0x08E232B8	rom	gMonBackPic_Zangoose
0x08E2362C	rom	gMonShinyPalette_Zangoose
0x08E23654	rom	gMonIcon_Zangoose
0x08E23A54	rom	gMonFootprint_Zangoose
0x08E23A74	rom	gMonFrontPic_Relicanth
0x08E23E08	rom	gMonPalette_Relicanth
0x08E23E30	rom	gMonBackPic_Relicanth
0x08E24188	rom	gMonShinyPalette_Relicanth
0x08E241B0	rom	gMonIcon_Relicanth
0x08E245B0	rom	gMonFootprint_Relicanth
0x08E245D0	rom	gMonFrontPic_Aron
0x08E247B8	rom	gMonPalette_Aron
0x08E247E0	rom	gMonBackPic_Aron
0x08E24A08	rom	gMonShinyPalette_Aron
0x08E24A30	rom	gMonIcon_Aron
0x08E24E30	rom	gMonFootprint_Aron
0x08E24E50	rom	gMonFrontPic_Lairon
0x08E2521C	rom	gMonPalette_Lairon
0x08E25244	rom	gMonBackPic_Lairon
0x08E25530	rom	gMonShinyPalette_Lairon
0x08E25558	rom	gMonIcon_Lairon
0x08E25958	rom	gMonFootprint_Lairon
0x08E25978	rom	gMonFrontPic_Aggron
0x08E25EF4	rom	gMonPalette_Aggron
0x08E25F1C	rom	gMonBackPic_Aggron
0x08E26344	rom	gMonShinyPalette_Aggron
0x08E2636C	rom	gMonIcon_Aggron
0x08E2676C	rom	gMonFootprint_Aggron
0x08E2678C	rom	gMonFrontPic_Castform
0x08E27214	rom	gMonPalette_Castform
0x08E27294	rom	gMonBackPic_Castform
0x08E27C50	rom	gMonShinyPalette_Castform
0x08E27CCC	rom	gMonIcon_Castform
0x08E280CC	rom	gMonFootprint_Castform
0x08E280EC	rom	gMonFrontPic_Volbeat
0x08E2847C	rom	gMonPalette_Volbeat
0x08E284A4	rom	gMonBackPic_Volbeat
0x08E28804	rom	gMonShinyPalette_Volbeat
0x08E2882C	rom	gMonIcon_Volbeat
0x08E28C2C	rom	gMonFootprint_Volbeat
0x08E28C4C	rom	gMonFrontPic_Illumise
0x08E28FC0	rom	gMonPalette_Illumise
0x08E28FE8	rom	gMonBackPic_Illumise
0x08E29304	rom	gMonShinyPalette_Illumise
0x08E2932C	rom	gMonIcon_Illumise
0x08E2972C	rom	gMonFootprint_Illumise
0x08E2974C	rom	gMonFrontPic_Lileep
0x08E29A90	rom	gMonPalette_Lileep
0x08E29AB8	rom	gMonBackPic_Lileep
0x08E29DFC	rom	gMonShinyPalette_Lileep
0x08E29E24	rom	gMonIcon_Lileep
0x08E2A224	rom	gMonFootprint_Lileep
0x08E2A244	rom	gMonFrontPic_Cradily
0x08E2A660	rom	gMonPalette_Cradily
0x08E2A688	rom	gMonBackPic_Cradily
0x08E2AA84	rom	gMonShinyPalette_Cradily
0x08E2AAAC	rom	gMonIcon_Cradily
0x08E2AEAC	rom	gMonFootprint_Cradily
0x08E2AECC	rom	gMonFrontPic_Anorith
0x08E2B1F0	rom	gMonPalette_Anorith
0x08E2B218	rom	gMonBackPic_Anorith
0x08E2B460	rom	gMonShinyPalette_Anorith
0x08E2B488	rom	gMonIcon_Anorith
0x08E2B888	rom	gMonFootprint_Anorith
0x08E2B8A8	rom	gMonFrontPic_Armaldo
0x08E2BE28	rom	gMonPalette_Armaldo
0x08E2BE50	rom	gMonBackPic_Armaldo
0x08E2C288	rom	gMonShinyPalette_Armaldo
0x08E2C2B0	rom	gMonIcon_Armaldo
0x08E2C6B0	rom	gMonFootprint_Armaldo
0x08E2C6D0	rom	gMonFrontPic_Ralts
0x08E2C900	rom	gMonPalette_Ralts
0x08E2C928	rom	gMonBackPic_Ralts
0x08E2CB64	rom	gMonShinyPalette_Ralts
0x08E2CB8C	rom	gMonIcon_Ralts
0x08E2CF8C	rom	gMonFootprint_Ralts
0x08E2CFAC	rom	gMonFrontPic_Kirlia
0x08E2D2A8	rom	gMonPalette_Kirlia
0x08E2D2D0	rom	gMonBackPic_Kirlia
0x08E2D644	rom	gMonShinyPalette_Kirlia
0x08E2D66C	rom	gMonIcon_Kirlia
0x08E2DA6C	rom	gMonFootprint_Kirlia
0x08E2DA8C	rom	gMonFrontPic_Gardevoir
0x08E2DE08	rom	gMonPalette_Gardevoir
0x08E2DE30	rom	gMonBackPic_Gardevoir
0x08E2E164	rom	gMonShinyPalette_Gardevoir
0x08E2E18C	rom	gMonIcon_Gardevoir
0x08E2E58C	rom	gMonFootprint_Gardevoir
0x08E2E5AC	rom	gMonFrontPic_Bagon
0x08E2E824	rom	gMonPalette_Bagon
0x08E2E84C	rom	gMonBackPic_Bagon
0x08E2EB34	rom	gMonShinyPalette_Bagon
0x08E2EB5C	rom	gMonIcon_Bagon
0x08E2EF5C	rom	gMonFootprint_Bagon
0x08E2EF7C	rom	gMonFrontPic_Shelgon
0x08E2F280	rom	gMonPalette_Shelgon
0x08E2F2A8	rom	gMonBackPic_Shelgon
0x08E2F590	rom	gMonShinyPalette_Shelgon
0x08E2F5B8	rom	gMonIcon_Shelgon
0x08E2F9B8	rom	gMonFootprint_Shelgon
0x08E2F9D8	rom	gMonFrontPic_Salamence
0x08E2FE3C	rom	gMonPalette_Salamence
0x08E2FE64	rom	gMonBackPic_Salamence
0x08E30148	rom	gMonShinyPalette_Salamence
0x08E30170	rom	gMonIcon_Salamence
0x08E30570	rom	gMonFootprint_Salamence
0x08E30590	rom	gMonFrontPic_Beldum
0x08E30800	rom	gMonPalette_Beldum
0x08E30828	rom	gMonBackPic_Beldum
0x08E30B18	rom	gMonShinyPalette_Beldum
0x08E30B40	rom	gMonIcon_Beldum
0x08E30F40	rom	gMonFootprint_Beldum
0x08E30F60	rom	gMonFrontPic_Metang
0x08E313BC	rom	gMonPalette_Metang
0x08E313E4	rom	gMonBackPic_Metang
0x08E31708	rom	gMonShinyPalette_Metang
0x08E31730	rom	gMonIcon_Metang
0x08E31B30	rom	gMonFootprint_Metang
0x08E31B50	rom	gMonFrontPic_Metagross
0x08E31FB4	rom	gMonPalette_Metagross
0x08E31FDC	rom	gMonBackPic_Metagross
0x08E322A8	rom	gMonShinyPalette_Metagross
0x08E322D0	rom	gMonIcon_Metagross
0x08E326D0	rom	gMonFootprint_Metagross
0x08E326F0	rom	gMonFrontPic_Regirock
0x08E32BAC	rom	gMonPalette_Regirock
0x08E32BD4	rom	gMonBackPic_Regirock
0x08E33020	rom	gMonShinyPalette_Regirock
0x08E33048	rom	gMonIcon_Regirock
0x08E33448	rom	gMonFootprint_Regirock
0x08E33468	rom	gMonFrontPic_Regice
0x08E338B0	rom	gMonPalette_Regice
0x08E338D8	rom	gMonBackPic_Regice
0x08E33BC8	rom	gMonShinyPalette_Regice
0x08E33BF0	rom	gMonIcon_Regice
0x08E33FF0	rom	gMonFootprint_Regice
0x08E34010	rom	gMonFrontPic_Registeel
0x08E34498	rom	gMonPalette_Registeel
0x08E344C0	rom	gMonBackPic_Registeel
0x08E347F8	rom	gMonShinyPalette_Registeel
0x08E34820	rom	gMonIcon_Registeel
0x08E34C20	rom	gMonFootprint_Registeel
0x08E34C40	rom	gMonFrontPic_Kyogre
0x08E350B0	rom	gMonPalette_Kyogre
0x08E350D8	rom	gMonBackPic_Kyogre
0x08E35350	rom	gMonShinyPalette_Kyogre
0x08E35378	rom	gMonIcon_Kyogre
0x08E35778	rom	gMonFootprint_Kyogre
0x08E35798	rom	gMonFrontPic_Groudon
0x08E35D2C	rom	gMonPalette_Groudon
0x08E35D54	rom	gMonBackPic_Groudon
0x08E361BC	rom	gMonShinyPalette_Groudon
0x08E361E4	rom	gMonIcon_Groudon
0x08E365E4	rom	gMonFootprint_Groudon
0x08E36604	rom	gMonFrontPic_Rayquaza
0x08E36B14	rom	gMonPalette_Rayquaza
0x08E36B3C	rom	gMonBackPic_Rayquaza
0x08E36E74	rom	gMonShinyPalette_Rayquaza
0x08E36E9C	rom	gMonIcon_Rayquaza
0x08E3729C	rom	gMonFootprint_Rayquaza
0x08E372BC	rom	gMonFrontPic_Latias
0x08E376E0	rom	gMonPalette_Latias
0x08E37708	rom	gMonBackPic_Latias
0x08E37A04	rom	gMonShinyPalette_Latias
0x08E37A2C	rom	gMonIcon_Latias
0x08E37E2C	rom	gMonFootprint_Latias
0x08E37E4C	rom	gMonFrontPic_Latios
0x08E382A0	rom	gMonPalette_Latios
0x08E382C8	rom	gMonBackPic_Latios
0x08E38628	rom	gMonShinyPalette_Latios
0x08E38650	rom	gMonIcon_Latios
0x08E38A50	rom	gMonFootprint_Latios
0x08E38A70	rom	gMonFrontPic_Jirachi
0x08E38D7C	rom	gMonPalette_Jirachi
0x08E38DA4	rom	gMonBackPic_Jirachi
0x08E39144	rom	gMonShinyPalette_Jirachi
0x08E3916C	rom	gMonIcon_Jirachi
0x08E3956C	rom	gMonFootprint_Jirachi
0x08E3958C	rom	gMonFrontPic_Deoxys
0x08E39DC0	rom	gMonPalette_Deoxys
0x08E39DE8	rom	gMonBackPic_Deoxys
0x08E3A3E0	rom	gMonShinyPalette_Deoxys
0x08E3A408	rom	gMonIcon_Deoxys
0x08E3AC08	rom	gMonFootprint_Deoxys
0x08E3AC28	rom	gMonFrontPic_Chimecho
0x08E3AE74	rom	gMonPalette_Chimecho
0x08E3AE9C	rom	gMonBackPic_Chimecho
0x08E3B110	rom	gMonShinyPalette_Chimecho
0x08E3B138	rom	gMonIcon_Chimecho
0x08E3B538	rom	gMonFootprint_Chimecho
0x08E3B558	rom	gMonFrontPic_Egg
0x08E3B70C	rom	gMonPalette_Egg
0x08E3B72C	rom	gMonFrontPic_UnownB
0x08E3B904	rom	gMonBackPic_UnownB
0x08E3BB08	rom	gMonIcon_UnownB
0x08E3BF08	rom	gMonFrontPic_UnownC
0x08E3C11C	rom	gMonBackPic_UnownC
0x08E3C3C8	rom	gMonIcon_UnownC
0x08E3C7C8	rom	gMonFrontPic_UnownD
0x08E3C9C0	rom	gMonBackPic_UnownD
0x08E3CC18	rom	gMonIcon_UnownD
0x08E3D018	rom	gMonFrontPic_UnownE
0x08E3D1D0	rom	gMonBackPic_UnownE
0x08E3D3D0	rom	gMonIcon_UnownE
0x08E3D7D0	rom	gMonFrontPic_UnownF
0x08E3D9C4	rom	gMonBackPic_UnownF
0x08E3DBE0	rom	gMonIcon_UnownF
0x08E3DFE0	rom	gMonFrontPic_UnownG
0x08E3E1BC	rom	gMonBackPic_UnownG
0x08E3E408	rom	gMonIcon_UnownG
0x08E3E808	rom	gMonFrontPic_UnownH
0x08E3EA4C	rom	gMonBackPic_UnownH
0x08E3ED10	rom	gMonIcon_UnownH
0x08E3F110	rom	gMonFrontPic_UnownI
0x08E3F2A8	rom	gMonBackPic_UnownI
0x08E3F450	rom	gMonIcon_UnownI
0x08E3F850	rom	gMonFrontPic_UnownJ
0x08E3FA14	rom	gMonBackPic_UnownJ
0x08E3FBFC	rom	gMonIcon_UnownJ
0x08E3FFFC	rom	gMonFrontPic_UnownK
0x08E401CC	rom	gMonBackPic_UnownK
0x08E403C4	rom	gMonIcon_UnownK
0x08E407C4	rom	gMonFrontPic_UnownL
0x08E40974	rom	gMonBackPic_UnownL
0x08E40B48	rom	gMonIcon_UnownL
0x08E40F48	rom	gMonFrontPic_UnownM
0x08E4116C	rom	gMonBackPic_UnownM
0x08E41414	rom	gMonIcon_UnownM
0x08E41814	rom	gMonFrontPic_UnownN
0x08E41A0C	rom	gMonBackPic_UnownN
0x08E41C78	rom	gMonIcon_UnownN
0x08E42078	rom	gMonFrontPic_UnownO
0x08E422B0	rom	gMonBackPic_UnownO
0x08E42570	rom	gMonIcon_UnownO
0x08E42970	rom	gMonFrontPic_UnownP
0x08E42B10	rom	gMonBackPic_UnownP
0x08E42CD4	rom	gMonIcon_UnownP
0x08E430D4	rom	gMonFrontPic_UnownQ
0x08E43288	rom	gMonBackPic_UnownQ
0x08E43454	rom	gMonIcon_UnownQ
0x08E43854	rom	gMonFrontPic_UnownR
0x08E439F8	rom	gMonBackPic_UnownR
0x08E43BC0	rom	gMonIcon_UnownR
0x08E43FC0	rom	gMonFrontPic_UnownS
0x08E441A8	rom	gMonBackPic_UnownS
0x08E443FC	rom	gMonIcon_UnownS
0x08E447FC	rom	gMonFrontPic_UnownT
0x08E449AC	rom	gMonBackPic_UnownT
0x08E44B60	rom	gMonIcon_UnownT
0x08E44F60	rom	gMonFrontPic_UnownU
0x08E45178	rom	gMonBackPic_UnownU
0x08E453CC	rom	gMonIcon_UnownU
0x08E457CC	rom	gMonFrontPic_UnownV
0x08E459B0	rom	gMonBackPic_UnownV
0x08E45BE0	rom	gMonIcon_UnownV
0x08E45FE0	rom	gMonFrontPic_UnownW
0x08E461B4	rom	gMonBackPic_UnownW
0x08E463B8	rom	gMonIcon_UnownW
0x08E467B8	rom	gMonFrontPic_UnownX
0x08E4697C	rom	gMonBackPic_UnownX
0x08E46B6C	rom	gMonIcon_UnownX
0x08E46F6C	rom	gMonFrontPic_UnownY
0x08E47144	rom	gMonBackPic_UnownY
0x08E47338	rom	gMonIcon_UnownY
0x08E47738	rom	gMonFrontPic_UnownZ
0x08E478E8	rom	gMonBackPic_UnownZ
0x08E47AC4	rom	gMonIcon_UnownZ
0x08E47EC4	rom	gMonFrontPic_UnownExclamationMark
0x08E48054	rom	gMonBackPic_UnownExclamationMark
0x08E4821C	rom	gMonIcon_UnownExclamationMark
0x08E4861C	rom	gMonFrontPic_UnownQuestionMark
0x08E487D8	rom	gMonBackPic_UnownQuestionMark
0x08E489D8	rom	gMonIcon_UnownQuestionMark
0x08E48DD8	rom	gTrainerFrontPic_AquaLeaderArchie
0x08E49114	rom	gTrainerPalette_AquaLeaderArchie
0x08E4913C	rom	gTrainerFrontPic_AquaGruntM
0x08E4949C	rom	gTrainerPalette_AquaGruntM
0x08E494C4	rom	gTrainerFrontPic_AquaGruntF
0x08E49800	rom	gTrainerPalette_AquaGruntF
0x08E49828	rom	gTrainerFrontPic_RSAromaLady
0x08E49AEC	rom	gTrainerPalette_RSAromaLady
0x08E49B14	rom	gTrainerFrontPic_RSRuinManiac
0x08E49EB0	rom	gTrainerPalette_RSRuinManiac
0x08E49ED8	rom	gTrainerFrontPic_Interviewer
0x08E4A37C	rom	gTrainerPalette_Interviewer
0x08E4A3A4	rom	gTrainerFrontPic_RSTuberF
0x08E4A648	rom	gTrainerPalette_RSTuberF
0x08E4A670	rom	gTrainerFrontPic_TuberM
0x08E4A8FC	rom	gTrainerPalette_TuberM
0x08E4A924	rom	gTrainerFrontPic_RSCooltrainerM
0x08E4AC0C	rom	gTrainerPalette_RSCooltrainerM
0x08E4AC34	rom	gTrainerFrontPic_RSCooltrainerF
0x08E4AF48	rom	gTrainerPalette_RSCooltrainerF
0x08E4AF70	rom	gTrainerFrontPic_HexManiac
0x08E4B2DC	rom	gTrainerPalette_HexManiac
0x08E4B304	rom	gTrainerFrontPic_RSLady
0x08E4B6B8	rom	gTrainerPalette_RSLady
0x08E4B6E0	rom	gTrainerFrontPic_RSBeauty
0x08E4B9C8	rom	gTrainerPalette_RSBeauty
0x08E4B9F0	rom	gTrainerFrontPic_RichBoy
0x08E4BCA4	rom	gTrainerPalette_RichBoy
0x08E4BCCC	rom	gTrainerFrontPic_RSPokeManiac
0x08E4C03C	rom	gTrainerPalette_RSPokeManiac
0x08E4C064	rom	gTrainerFrontPic_RSSwimmerM
0x08E4C324	rom	gTrainerPalette_RSSwimmerM
0x08E4C34C	rom	gTrainerFrontPic_RSBlackBelt
0x08E4C6B0	rom	gTrainerPalette_RSBlackBelt
0x08E4C6D8	rom	gTrainerFrontPic_Guitarist
0x08E4CA5C	rom	gTrainerPalette_Guitarist
0x08E4CA84	rom	gTrainerFrontPic_Kindler
0x08E4CDF0	rom	gTrainerPalette_Kindler
0x08E4CE18	rom	gTrainerFrontPic_RSCamper
0x08E4D100	rom	gTrainerPalette_RSCamper
0x08E4D128	rom	gTrainerFrontPic_BugManiac
0x08E4D578	rom	gTrainerPalette_BugManiac
0x08E4D5A0	rom	gTrainerFrontPic_RSPsychicM
0x08E4D8CC	rom	gTrainerPalette_RSPsychicM
0x08E4D8F4	rom	gTrainerFrontPic_RSPsychicF
0x08E4DC1C	rom	gTrainerPalette_RSPsychicF
0x08E4DC44	rom	gTrainerFrontPic_RSGentleman
0x08E4DF44	rom	gTrainerPalette_RSGentleman
0x08E4DF6C	rom	gTrainerFrontPic_EliteFourSidney
0x08E4E2A0	rom	gTrainerPalette_EliteFourSidney
0x08E4E2C8	rom	gTrainerFrontPic_EliteFourPhoebe
0x08E4E5C8	rom	gTrainerPalette_EliteFourPhoebe
0x08E4E5F0	rom	gTrainerFrontPic_LeaderRoxanne
0x08E4E8DC	rom	gTrainerPalette_LeaderRoxanne
0x08E4E904	rom	gTrainerFrontPic_LeaderBrawly
0x08E4EC98	rom	gTrainerPalette_LeaderBrawly
0x08E4ECC0	rom	gTrainerFrontPic_LeaderTateAndLiza
0x08E4F104	rom	gTrainerPalette_LeaderTateAndLiza
0x08E4F12C	rom	gTrainerFrontPic_SchoolKidM
0x08E4F3EC	rom	gTrainerPalette_SchoolKidM
0x08E4F414	rom	gTrainerFrontPic_SchoolKidF
0x08E4F6B0	rom	gTrainerPalette_SchoolKidF
0x08E4F6D8	rom	gTrainerFrontPic_SrAndJr
0x08E4FB48	rom	gTrainerPalette_SrAndJr
0x08E4FB70	rom	gTrainerFrontPic_PokefanM
0x08E4FF2C	rom	gTrainerPalette_PokefanM
0x08E4FF54	rom	gTrainerFrontPic_PokefanF
0x08E50320	rom	gTrainerPalette_PokefanF
0x08E50348	rom	gTrainerFrontPic_ExpertM
0x08E50688	rom	gTrainerPalette_ExpertM
0x08E506B0	rom	gTrainerFrontPic_ExpertF
0x08E509CC	rom	gTrainerPalette_ExpertF
0x08E509F4	rom	gTrainerFrontPic_RSYoungster
0x08E50C9C	rom	gTrainerPalette_RSYoungster
0x08E50CC4	rom	gTrainerFrontPic_ChampionSteven
0x08E50FFC	rom	gTrainerPalette_ChampionSteven
0x08E51024	rom	gTrainerFrontPic_RSFisherman
0x08E51408	rom	gTrainerPalette_RSFisherman
0x08E51430	rom	gTrainerFrontPic_CyclingTriathleteM
0x08E51840	rom	gTrainerPalette_CyclingTriathleteM
0x08E51868	rom	gTrainerFrontPic_CyclingTriathleteF
0x08E51C74	rom	gTrainerPalette_CyclingTriathleteF
0x08E51C9C	rom	gTrainerFrontPic_RunningTriathleteM
0x08E51F54	rom	gTrainerPalette_RunningTriathleteM
0x08E51F7C	rom	gTrainerFrontPic_RunningTriathleteF
0x08E52220	rom	gTrainerPalette_RunningTriathleteF
0x08E52248	rom	gTrainerFrontPic_SwimmingTriathleteM
0x08E52574	rom	gTrainerPalette_SwimmingTriathleteM
0x08E5259C	rom	gTrainerFrontPic_SwimmingTriathleteF
0x08E52878	rom	gTrainerPalette_SwimmingTriathleteF
0x08E528A0	rom	gTrainerFrontPic_DragonTamer
0x08E52BF4	rom	gTrainerPalette_DragonTamer
0x08E52C1C	rom	gTrainerFrontPic_RSBirdKeeper
0x08E52F54	rom	gTrainerPalette_RSBirdKeeper
0x08E52F7C	rom	gTrainerFrontPic_NinjaBoy
0x08E53258	rom	gTrainerPalette_NinjaBoy
0x08E53280	rom	gTrainerFrontPic_BattleGirl
0x08E535A0	rom	gTrainerPalette_BattleGirl
0x08E535C8	rom	gTrainerFrontPic_ParasolLady
0x08E53900	rom	gTrainerPalette_ParasolLady
0x08E53928	rom	gTrainerFrontPic_RSSwimmerF
0x08E53BF8	rom	gTrainerPalette_RSSwimmerF
0x08E53C20	rom	gTrainerFrontPic_RSPicnicker
0x08E53F00	rom	gTrainerPalette_RSPicnicker
0x08E53F28	rom	gTrainerFrontPic_RSTwins
0x08E542EC	rom	gTrainerPalette_RSTwins
0x08E54314	rom	gTrainerFrontPic_RSSailor
0x08E546C4	rom	gTrainerPalette_RSSailor
0x08E546EC	rom	gTrainerFrontPic_Collector
0x08E54AF0	rom	gTrainerPalette_Collector
0x08E54B18	rom	gTrainerFrontPic_Wally
0x08E54DE8	rom	gTrainerPalette_Wally
0x08E54E10	rom	gTrainerFrontPic_RSBrendan1
0x08E55124	rom	gTrainerPalette_RSBrendan1
0x08E5514C	rom	gTrainerFrontPic_RSMay1
0x08E5544C	rom	gTrainerPalette_RSMay1
0x08E55474	rom	gTrainerFrontPic_RSPokemonBreederM
0x08E557A4	rom	gTrainerPalette_RSPokemonBreederM
0x08E557CC	rom	gTrainerFrontPic_RSPokemonBreederF
0x08E55B00	rom	gTrainerPalette_RSPokemonBreederF
0x08E55B28	rom	gTrainerFrontPic_RSPokemonRangerM
0x08E55E70	rom	gTrainerPalette_RSPokemonRangerM
0x08E55E98	rom	gTrainerFrontPic_RSPokemonRangerF
0x08E561CC	rom	gTrainerPalette_RSPokemonRangerF
0x08E561F4	rom	gTrainerFrontPic_MagmaLeaderMaxie
0x08E564E8	rom	gTrainerPalette_MagmaLeaderMaxie
0x08E56510	rom	gTrainerFrontPic_MagmaGruntM
0x08E56890	rom	gTrainerPalette_MagmaGruntM
0x08E568B8	rom	gTrainerFrontPic_MagmaGruntF
0x08E56C44	rom	gTrainerPalette_MagmaGruntF
0x08E56C6C	rom	gTrainerFrontPic_RSLass
0x08E56F44	rom	gTrainerPalette_RSLass
0x08E56F6C	rom	gTrainerFrontPic_RSBugCatcher
0x08E57298	rom	gTrainerPalette_RSBugCatcher
0x08E572C0	rom	gTrainerFrontPic_RSHiker
0x08E57740	rom	gTrainerPalette_RSHiker
0x08E57768	rom	gTrainerFrontPic_RSYoungCouple
0x08E57B28	rom	gTrainerPalette_RSYoungCouple
0x08E57B50	rom	gTrainerFrontPic_OldCouple
0x08E58060	rom	gTrainerPalette_OldCouple
0x08E58088	rom	gTrainerFrontPic_RSSisAndBro
0x08E584D4	rom	gTrainerPalette_RSSisAndBro
0x08E584FC	rom	gTrainerFrontPic_AquaAdminM
0x08E588B0	rom	gTrainerPalette_AquaAdminM
0x08E588D8	rom	gTrainerFrontPic_AquaAdminF
0x08E58C9C	rom	gTrainerPalette_AquaAdminF
0x08E58CC4	rom	gTrainerFrontPic_MagmaAdminM
0x08E5909C	rom	gTrainerPalette_MagmaAdminM
0x08E590C4	rom	gTrainerFrontPic_MagmaAdminF
0x08E59474	rom	gTrainerPalette_MagmaAdminF
0x08E5949C	rom	gTrainerFrontPic_LeaderWattson
0x08E597E4	rom	gTrainerPalette_LeaderWattson
0x08E5980C	rom	gTrainerFrontPic_LeaderFlannery
0x08E59B8C	rom	gTrainerPalette_LeaderFlannery
0x08E59BB4	rom	gTrainerFrontPic_LeaderNorman
0x08E59EF0	rom	gTrainerPalette_LeaderNorman
0x08E59F18	rom	gTrainerFrontPic_LeaderWinona
0x08E5A298	rom	gTrainerPalette_LeaderWinona
0x08E5A2C0	rom	gTrainerFrontPic_LeaderWallace
0x08E5A638	rom	gTrainerPalette_LeaderWallace
0x08E5A660	rom	gTrainerFrontPic_EliteFourGlacia
0x08E5A9E4	rom	gTrainerPalette_EliteFourGlacia
0x08E5AA0C	rom	gTrainerFrontPic_EliteFourDrake
0x08E5ADB4	rom	gTrainerPalette_EliteFourDrake
0x08E5ADDC	rom	gTrainerFrontPic_Youngster
0x08E5B07C	rom	gTrainerPalette_Youngster
0x08E5B0A4	rom	gTrainerFrontPic_BugCatcher
0x08E5B3EC	rom	gTrainerPalette_BugCatcher
0x08E5B414	rom	gTrainerFrontPic_Lass
0x08E5B700	rom	gTrainerPalette_Lass
0x08E5B728	rom	gTrainerFrontPic_Sailor
0x08E5BA48	rom	gTrainerPalette_Sailor
0x08E5BA70	rom	gTrainerFrontPic_Camper
0x08E5BD50	rom	gTrainerPalette_Camper
0x08E5BD78	rom	gTrainerFrontPic_Picnicker
0x08E5C060	rom	gTrainerPalette_Picnicker
0x08E5C088	rom	gTrainerFrontPic_PokeManiac
0x08E5C444	rom	gTrainerPalette_PokeManiac
0x08E5C46C	rom	gTrainerFrontPic_SuperNerd
0x08E5C784	rom	gTrainerPalette_SuperNerd
0x08E5C7AC	rom	gTrainerFrontPic_Hiker
0x08E5CC1C	rom	gTrainerPalette_Hiker
0x08E5CC44	rom	gTrainerFrontPic_Biker
0x08E5D1AC	rom	gTrainerPalette_Biker
0x08E5D1D4	rom	gTrainerFrontPic_Burglar
0x08E5D520	rom	gTrainerPalette_Burglar
0x08E5D548	rom	gTrainerFrontPic_Engineer
0x08E5D954	rom	gTrainerPalette_Engineer
0x08E5D97C	rom	gTrainerFrontPic_Fisherman
0x08E5DD28	rom	gTrainerPalette_Fisherman
0x08E5DD50	rom	gTrainerFrontPic_SwimmerM
0x08E5E028	rom	gTrainerPalette_SwimmerM
0x08E5E050	rom	gTrainerFrontPic_CueBall
0x08E5E618	rom	gTrainerPalette_CueBall
0x08E5E640	rom	gTrainerFrontPic_Gamer
0x08E5E9D4	rom	gTrainerPalette_Gamer
0x08E5E9FC	rom	gTrainerFrontPic_Beauty
0x08E5ED58	rom	gTrainerPalette_Beauty
0x08E5ED80	rom	gTrainerFrontPic_SwimmerF
0x08E5F06C	rom	gTrainerPalette_SwimmerF
0x08E5F094	rom	gTrainerFrontPic_PsychicM
0x08E5F3F4	rom	gTrainerPalette_PsychicM
0x08E5F41C	rom	gTrainerFrontPic_Rocker
0x08E5F878	rom	gTrainerPalette_Rocker
0x08E5F8A0	rom	gTrainerFrontPic_Juggler
0x08E5FCDC	rom	gTrainerPalette_Juggler
0x08E5FD04	rom	gTrainerFrontPic_Tamer
0x08E600B8	rom	gTrainerPalette_Tamer
0x08E600E0	rom	gTrainerFrontPic_BirdKeeper
0x08E604A4	rom	gTrainerPalette_BirdKeeper
0x08E604CC	rom	gTrainerFrontPic_BlackBelt
0x08E608EC	rom	gTrainerPalette_BlackBelt
0x08E60914	rom	gTrainerFrontPic_RivalEarly
0x08E60BCC	rom	gTrainerPalette_RivalEarly
0x08E60BF4	rom	gTrainerFrontPic_Scientist
0x08E60FD0	rom	gTrainerPalette_Scientist
0x08E60FF8	rom	gTrainerFrontPic_LeaderGiovanni
0x08E61308	rom	gTrainerPalette_LeaderGiovanni
0x08E61330	rom	gTrainerFrontPic_RocketGruntM
0x08E61664	rom	gTrainerPalette_RocketGruntM
0x08E6168C	rom	gTrainerFrontPic_CooltrainerM
0x08E6195C	rom	gTrainerPalette_CooltrainerM
0x08E61984	rom	gTrainerFrontPic_CooltrainerF
0x08E61C9C	rom	gTrainerPalette_CooltrainerF
0x08E61CC4	rom	gTrainerFrontPic_EliteFourLorelei
0x08E61FF0	rom	gTrainerPalette_EliteFourLorelei
0x08E62018	rom	gTrainerFrontPic_EliteFourBruno
0x08E62464	rom	gTrainerPalette_EliteFourBruno
0x08E6248C	rom	gTrainerFrontPic_EliteFourAgatha
0x08E627A8	rom	gTrainerPalette_EliteFourAgatha
0x08E627D0	rom	gTrainerFrontPic_EliteFourLance
0x08E62B98	rom	gTrainerPalette_EliteFourLance
0x08E62BC0	rom	gTrainerFrontPic_LeaderBrock
0x08E62F0C	rom	gTrainerPalette_LeaderBrock
0x08E62F34	rom	gTrainerFrontPic_LeaderMisty
0x08E63234	rom	gTrainerPalette_LeaderMisty
0x08E6325C	rom	gTrainerFrontPic_LeaderLtSurge
0x08E635EC	rom	gTrainerPalette_LeaderLtSurge
0x08E63614	rom	gTrainerFrontPic_LeaderErika
0x08E63908	rom	gTrainerPalette_LeaderErika
0x08E63930	rom	gTrainerFrontPic_LeaderKoga
0x08E63C98	rom	gTrainerPalette_LeaderKoga
0x08E63CC0	rom	gTrainerFrontPic_LeaderBlaine
0x08E640CC	rom	gTrainerPalette_LeaderBlaine
0x08E640F4	rom	gTrainerFrontPic_LeaderSabrina
0x08E643FC	rom	gTrainerPalette_LeaderSabrina
0x08E64424	rom	gTrainerFrontPic_Gentleman
0x08E6475C	rom	gTrainerPalette_Gentleman
0x08E64784	rom	gTrainerFrontPic_RivalLate
0x08E64A78	rom	gTrainerPalette_RivalLate
0x08E64AA0	rom	gTrainerFrontPic_ChampionRival
0x08E64D9C	rom	gTrainerPalette_ChampionRival
0x08E64DC4	rom	gTrainerFrontPic_Channeler
0x08E6519C	rom	gTrainerPalette_Channeler
0x08E651C4	rom	gTrainerFrontPic_Twins
0x08E65514	rom	gTrainerPalette_Twins
0x08E6553C	rom	gTrainerFrontPic_CoolCouple
0x08E65A1C	rom	gTrainerPalette_CoolCouple
0x08E65A44	rom	gTrainerFrontPic_YoungCouple
0x08E65E90	rom	gTrainerPalette_YoungCouple
0x08E65EB8	rom	gTrainerFrontPic_CrushKin
0x08E66458	rom	gTrainerPalette_CrushKin
0x08E66480	rom	gTrainerFrontPic_SisAndBro
0x08E668E0	rom	gTrainerPalette_SisAndBro
0x08E66908	rom	gTrainerFrontPic_ProfessorOak
0x08E66C74	rom	gTrainerPalette_ProfessorOak
0x08E66C9C	rom	gTrainerFrontPic_RSBrendan2
0x08E66FB0	rom	gTrainerPalette_RSBrendan2
0x08E66FD8	rom	gTrainerFrontPic_RSMay2
0x08E672D8	rom	gTrainerPalette_RSMay2
0x08E67300	rom	gTrainerFrontPic_Red
0x08E6760C	rom	gTrainerPalette_Red
0x08E67634	rom	gTrainerFrontPic_Leaf
0x08E67970	rom	gTrainerPalette_Leaf
0x08E67998	rom	gTrainerFrontPic_RocketGruntF
0x08E67CB0	rom	gTrainerPalette_RocketGruntF
0x08E67CD8	rom	gTrainerFrontPic_PsychicF
0x08E68078	rom	gTrainerPalette_PsychicF
0x08E680A0	rom	gTrainerFrontPic_CrushGirl
0x08E683AC	rom	gTrainerPalette_CrushGirl
0x08E683D4	rom	gTrainerFrontPic_TuberF
0x08E686D8	rom	gTrainerPalette_TuberF
0x08E68700	rom	gTrainerFrontPic_PokemonBreeder
0x08E68A40	rom	gTrainerPalette_PokemonBreeder
0x08E68A68	rom	gTrainerFrontPic_PokemonRangerM
0x08E68DC8	rom	gTrainerPalette_PokemonRangerM
0x08E68DF0	rom	gTrainerFrontPic_PokemonRangerF
0x08E69124	rom	gTrainerPalette_PokemonRangerF
0x08E6914C	rom	gTrainerFrontPic_AromaLady
0x08E6949C	rom	gTrainerPalette_AromaLady
0x08E694C4	rom	gTrainerFrontPic_RuinManiac
0x08E698D0	rom	gTrainerPalette_RuinManiac
0x08E698F8	rom	gTrainerFrontPic_Lady
0x08E69C20	rom	gTrainerPalette_Lady
0x08E69C48	rom	gTrainerFrontPic_Painter
0x08E69F14	rom	gTrainerPalette_Painter
0x08E69F3C	rom	gTrainerBackPic_Red
0x08E6C73C	rom	gTrainerBackPic_Leaf
0x08E6EF3C	rom	gTrainerBackPic_Pokedude
0x08E70F3C	rom	gTrainerBackPic_OldMan
0x08E72F3C	rom	gTrainerBackPic_RSBrendan
0x08E74F3C	rom	gTrainerBackPic_RSMay
0x08E76F3C	rom	gTrainerPalette_RedBackPic
0x08E76F64	rom	gTrainerPalette_LeafBackPic
0x08E76F8C	rom	gTrainerPalette_PokedudeBackPic
0x08E76FB4	rom	gTrainerPalette_OldManBackPic
0x08E76FDC	rom	gMonIcon_QuestionMark
0x08E773DC	rom	gMonFootprint_QuestionMark
0x08E773FC	rom	gFile_graphics_battle_transitions_vs_frame_sheet
0x08E774E4	rom	gFile_graphics_battle_transitions_vs_frame_tilemap
0x08E775F0	rom	gFile_graphics_battle_transitions_vs_frame_palette
0x08E77618	rom	gVsLettersGfx
0x08E77828	rom	gUnusedBattleTerrain_Plain_Palette
0x08E77864	rom	gUnusedBattleTerrain_Building_Tiles_Sheet
0x08E77E10	rom	gUnusedBattleTerrain_Stadium_Battle_Frontier_Palette
0x08E77E4C	rom	gUnusedBattleTerrain_Building_Map_Tilemap
0x08E780FC	rom	gUnusedBattleTerrain_Stadium_Tiles_Sheet
0x08E78704	rom	gUnusedBattleTerrain_Stadium_Map_Tilemap
0x08E789B4	rom	gUnusedBattleTerrain_Building_Palette
0x08E789F4	rom	gUnusedBattleTerrain_Kyogre_Palette
0x08E78A30	rom	gUnusedBattleTerrain_Groudon_Palette
0x08E78A88	rom	gUnusedBattleTerrain_Building_Palette2
0x08E78AC4	rom	gUnusedBattleTerrain_Building_Palette3
0x08E78B00	rom	gUnusedBattleTerrain_Stadium_Palette1
0x08E78B60	rom	gUnusedBattleTerrain_Stadium_Palette2
0x08E78BCC	rom	gUnusedBattleTerrain_Stadium_Palette3
0x08E78C1C	rom	gUnusedBattleTerrain_Stadium_Palette4
0x08E78C64	rom	gUnusedBattleTerrain_Stadium_Palette5
0x08E78CA8	rom	gUnusedBattleTerrain_Stadium_Palette6
0x08E78CF8	rom	gUnusedBattleTerrain_Stadium_Palette7
0x08E78D34	rom	gUnusedBattleTerrain_Building_Anim_Tiles_Sheet
0x08E79144	rom	gUnusedBattleTerrain_Building_Anim_Map_Tilemap
0x08E79268	rom	gBattleAnimSpriteGfx_FlyingDirt
0x08E793D4	rom	gFile_graphics_battle_anims_backgrounds_sandstorm_brew_tilemap
0x08E79550	rom	gFile_graphics_battle_anims_backgrounds_sandstorm_brew_sheet
0x08E79A7C	rom	gBattleAnimSpritePal_FlyingDirt
0x08E79AA4	rom	gBattleAnimSpriteGfx_MetalSoundWaves
0x08E79C60	rom	gBattleAnimSpritePal_MetalSoundWaves
0x08E79C78	rom	gBattleAnimBgImage_Ice
0x08E7A5E8	rom	gBattleAnimBgPalette_Ice
0x08E7A60C	rom	gBattleAnimBgTilemap_Ice
0x08E7A804	rom	gBattleAnimSpriteGfx_IcicleSpear
0x08E7A8D8	rom	gBattleAnimSpritePal_IcicleSpear
0x08E7A900	rom	gContestNextTurnGfx
0x08E7A95C	rom	gContestNextTurnNumbersGfx
0x08E7A9DC	rom	gContestNextTurnRandomGfx
0x08E7A9FC	rom	gBattleAnimSpriteGfx_GlowyRedOrb
0x08E7AA1C	rom	gBattleAnimSpritePal_GlowyRedOrb
0x08E7AA34	rom	gBattleAnimSpritePal_GlowyGreenOrb
0x08E7AA4C	rom	gBattleAnimSpritePal_SleepPowder
0x08E7AA6C	rom	gBattleAnimSpritePal_StunSpore
0x08E7AA8C	rom	gContestApplauseGfx
0x08E7ABB8	rom	gContestApplauseMeterGfx
0x08E7AC38	rom	gContestNextTurnPal
0x08E7AC58	rom	gBattleAnimSpriteGfx_Splash
0x08E7AE74	rom	gBattleAnimSpritePal_Splash
0x08E7AE98	rom	gBattleAnimSpriteGfx_SweatBead
0x08E7AEC0	rom	gBattleAnimSpriteGfx_SafariBait
0x08E7AF14	rom	gBattleAnimSpritePal_SafariBait
0x08E7AF2C	rom	gBattleAnimSpriteGfx_Gem1
0x08E7B0AC	rom	gBattleAnimSpriteGfx_Gem2
0x08E7B218	rom	gBattleAnimSpriteGfx_Gem3
0x08E7B380	rom	gBattleAnimSpritePal_Gem1
0x08E7B3A8	rom	gBattleAnimBgImage_InAir
0x08E7B504	rom	gBattleAnimBgPalette_InAir
0x08E7B52C	rom	gBattleAnimBgTilemap_InAir
0x08E7B714	rom	gBattleAnimSpriteGfx_Protect
0x08E7BB10	rom	gBattleAnimSpritePal_Protect
0x08E7BB30	rom	gBattleAnimBgPalette_MuddyWater
0x08E7BB54	rom	gEnemyMonShadow_Gfx
0x08E7BB84	rom	gBattleInterface_PartySummaryBar_Gfx
0x08E7BC08	rom	gMonIcon_Egg
0x08E7C008	rom	gBattleAnimBgImage_Ghost
0x08E7CCD0	rom	gBattleAnimBgPalette_Ghost
0x08E7CCEC	rom	gBattleAnimBgTilemap_Ghost
0x08E7CFE0	rom	gBattleAnimSpritePal_WhipHit
0x08E7D008	rom	gBattleAnimBgPalette_SolarBeam
0x08E7D030	rom	gBattleAnimBgTilemap_SolarBeam
0x08E7D52C	rom	gFile_graphics_berry_blender_center_sheet
0x08E7DD4C	rom	gFile_graphics_berry_blender_outer_sheet
0x08E7E780	rom	gFile_graphics_berry_blender_outer_map_tilemap
0x08E7EA94	rom	gBattleAnimBgPalette_Cosmic
0x08E7EABC	rom	gBattleAnimBgImage_Cosmic
0x08E7ED1C	rom	gBattleAnimBgTilemap_Cosmic
0x08E7EE58	rom	gBattleAnimSpritePal_SlamHit2
0x08E7EE80	rom	gBattleAnimSpriteGfx_SlamHit2
0x08E7F274	rom	gBattleAnimFogTilemap
0x08E7F3EC	rom	gBattleAnimSpritePal_WeatherBall
0x08E7F408	rom	gBattleAnimSpriteGfx_WeatherBall
0x08E7F52C	rom	gBattleAnimBgTilemap_ScaryFacePlayer
0x08E7F710	rom	gBattleAnimBgTilemap_ScaryFaceOpponent
0x08E7F8F4	rom	gBattleAnimBgTilemap_ScaryFaceContest
0x08E7FAD8	rom	gBattleAnimSpriteGfx_Hail
0x08E7FB18	rom	gBattleAnimSpritePal_Hail
0x08E7FB30	rom	gBattleAnimSpriteGfx_GreenSpike
0x08E7FB70	rom	gBattleAnimSpritePal_GreenSpike
0x08E7FB88	rom	gBattleAnimSpritePal_WhiteCircleOfLight
0x08E7FBA0	rom	gBattleAnimSpritePal_GlowyBlueOrb
0x08E7FBB8	rom	gBattleAnimSpriteGfx_Recycle
0x08E7FDC4	rom	gBattleAnimSpritePal_Recycle
0x08E7FDE0	rom	gBattleAnimSpriteGfx_RedParticles
0x08E7FE2C	rom	gBattleAnimSpritePal_RedParticles
0x08E7FE48	rom	gBattleAnimSpriteGfx_DirtMound
0x08E7FFD0	rom	gBattleAnimSpritePal_DirtMound
0x08E7FFF0	rom	gBattleAnimBgImage_Fissure
0x08E802E4	rom	gBattleAnimBgPalette_Fissure
0x08E80300	rom	gBattleAnimBgTilemap_Fissure
0x08E805EC	rom	gBattleAnimSpriteGfx_Bird
0x08E80968	rom	gBattleAnimSpritePal_Bird
0x08E80984	rom	gBattleAnimSpriteGfx_CrossImpact
0x08E80A24	rom	gBattleAnimSpritePal_CrossImpact
0x08E80A4C	rom	gBattleAnimBgImage_Surf
0x08E81D6C	rom	gBattleAnimBgPalette_Surf
0x08E81D94	rom	gBattleAnimBgTilemap_SurfOpponent
0x08E82064	rom	gBattleAnimBgTilemap_SurfPlayer
0x08E82338	rom	gBattleAnimBgTilemap_SurfContest
0x08E8262C	rom	gBattleAnimSpritePal_Slash2
0x08E82654	rom	gBattleAnimSpriteGfx_WhiteShadow
0x08E82768	rom	gBattleAnimSpritePal_WhiteShadow
0x08E82780	rom	gPartyMenuBg_Gfx
0x08E82A48	rom	gPartyMenuBg_Pal
0x08E82B30	rom	gPartyMenuBg_Tilemap
0x08E82C68	rom	gPartyMenuPokeball_Gfx
0x08E82DE8	rom	gPartyMenuPokeballSmall_Gfx
0x08E82EFC	rom	gPartyMenuPokeball_Pal
0x08E82F20	rom	gStatusGfx_Icons
0x08E83124	rom	gStatusPal_Icons
0x08E8314C	rom	gBagBg_Gfx
0x08E83340	rom	gBagBg_Tilemap
0x08E834C4	rom	gBagBg_ItemPC_Tilemap
0x08E83634	rom	gBagBgPalette
0x08E83684	rom	gBagBgPalette_FemaleOverride
0x08E836AC	rom	gBagMale_Gfx
0x08E83E3C	rom	gBagFemale_Gfx
0x08E845E0	rom	gBag_Pal
0x08E84608	rom	gSwapLine_Gfx
0x08E84648	rom	gSwapLine_Pal
0x08E84658	rom	gTMCase_Gfx
0x08E84AA4	rom	gTMCaseMenu_Tilemap
0x08E84BF0	rom	gTMCase_Tilemap
0x08E84D30	rom	gTMCaseMenu_Male_Pal
0x08E84DA0	rom	gTMCaseMenu_Female_Pal
0x08E84E10	rom	gTMCaseDisc_Gfx
0x08E84FA0	rom	gTMCaseDiscTypes1_Pal
0x08E850E8	rom	gTMCaseDiscTypes2_Pal
0x08E85110	rom	gItemPcTiles
0x08E85488	rom	gItemPcBgPals
0x08E854D8	rom	gItemPcTilemap
0x08E8568C	rom	gBerryPouchSpriteTiles
0x08E85A50	rom	gBerryPouchBgGfx
0x08E85C24	rom	gBerryPouchBgPals
0x08E85C74	rom	gBerryPouchBgPal0FemaleOverride
0x08E85C9C	rom	gBerryPouchSpritePalette
0x08E85CC4	rom	gBerryPouchBg1Tilemap
0x08E85E48	rom	gBuyMenuFrame_Gfx
0x08E85F7C	rom	gBuyMenuFrame_Tilemap
0x08E860B8	rom	gBuyMenuFrame_TmHmTilemap
0x08E861F0	rom	gBuyMenuFrame_Pal
0x08E86228	rom	gTeachyTv_Border_Gfx
0x08E862C0	rom	gTeachyTv_Gfx
0x08E86C68	rom	gTeachyTvScreen_Tilemap
0x08E86DEC	rom	gTeachyTvTitle_Tilemap
0x08E87018	rom	gTeachyTv_Pal
0x08E87090	rom	gUnusedGrayPalette
0x08E870A8	rom	gItemIcon_QuestionMark
0x08E87120	rom	gItemIconPalette_QuestionMark
0x08E87134	rom	gItemIcon_ReturnToFieldArrow
0x08E871BC	rom	gItemIconPalette_ReturnToFieldArrow
0x08E871D4	rom	gItemIcon_MasterBall
0x08E872A4	rom	gItemIconPalette_MasterBall
0x08E872CC	rom	gItemIcon_UltraBall
0x08E8738C	rom	gItemIconPalette_UltraBall
0x08E873B4	rom	gItemIcon_GreatBall
0x08E87484	rom	gItemIconPalette_GreatBall
0x08E874AC	rom	gItemIcon_PokeBall
0x08E8755C	rom	gItemIconPalette_PokeBall
0x08E87580	rom	gItemIcon_SafariBall
0x08E87650	rom	gItemIconPalette_SafariBall
0x08E87678	rom	gItemIcon_NetBall
0x08E8774C	rom	gItemIconPalette_NetBall
0x08E87770	rom	gItemIcon_DiveBall
0x08E87838	rom	gItemIconPalette_DiveBall
0x08E8785C	rom	gItemIcon_NestBall
0x08E87920	rom	gItemIconPalette_NestBall
0x08E87948	rom	gItemIcon_RepeatBall
0x08E87A0C	rom	gItemIconPalette_RepeatBall
0x08E87A34	rom	gItemIcon_TimerBall
0x08E87AFC	rom	gItemIcon_LuxuryBall
0x08E87BB8	rom	gItemIconPalette_LuxuryBall
0x08E87BE0	rom	gItemIcon_PremierBall
0x08E87C84	rom	gItemIcon_Potion
0x08E87D4C	rom	gItemIconPalette_Potion
0x08E87D70	rom	gItemIcon_Antidote
0x08E87E20	rom	gItemIconPalette_Antidote
0x08E87E44	rom	gItemIconPalette_BurnHeal
0x08E87E68	rom	gItemIconPalette_IceHeal
0x08E87E8C	rom	gItemIcon_StatusHeal
0x08E87F3C	rom	gItemIconPalette_Awakening
0x08E87F60	rom	gItemIconPalette_ParalyzeHeal
0x08E87F84	rom	gItemIcon_LargePotion
0x08E88068	rom	gItemIconPalette_FullRestore
0x08E8808C	rom	gItemIconPalette_MaxPotion
0x08E880B0	rom	gItemIconPalette_HyperPotion
0x08E880D4	rom	gItemIconPalette_SuperPotion
0x08E880F8	rom	gItemIcon_FullHeal
0x08E881A0	rom	gItemIconPalette_FullHeal
0x08E881C8	rom	gItemIcon_Revive
0x08E88224	rom	gItemIcon_MaxRevive
0x08E882F0	rom	gItemIconPalette_Revive
0x08E8830C	rom	gItemIcon_FreshWater
0x08E883BC	rom	gItemIconPalette_FreshWater
0x08E883E0	rom	gItemIcon_SodaPop
0x08E88474	rom	gItemIconPalette_SodaPop
0x08E8849C	rom	gItemIcon_Lemonade
0x08E8855C	rom	gItemIconPalette_Lemonade
0x08E88584	rom	gItemIcon_MoomooMilk
0x08E88634	rom	gItemIconPalette_MoomooMilk
0x08E8865C	rom	gItemIcon_Powder
0x08E886E8	rom	gItemIconPalette_EnergyPowder
0x08E88708	rom	gItemIcon_EnergyRoot
0x08E887D4	rom	gItemIconPalette_EnergyRoot
0x08E887F0	rom	gItemIconPalette_HealPowder
0x08E88810	rom	gItemIcon_RevivalHerb
0x08E888E0	rom	gItemIconPalette_RevivalHerb
0x08E88900	rom	gItemIcon_Ether
0x08E889C0	rom	gItemIconPalette_Ether
0x08E889E4	rom	gItemIconPalette_MaxEther
0x08E88A08	rom	gItemIconPalette_Elixir
0x08E88A2C	rom	gItemIconPalette_MaxElixir
0x08E88A50	rom	gItemIcon_LavaCookie
0x08E88B1C	rom	gItemIconPalette_LavaCookieAndLetter
0x08E88B40	rom	gItemIcon_Flute
0x08E88BF4	rom	gItemIconPalette_BlueFlute
0x08E88C18	rom	gItemIconPalette_YellowFlute
0x08E88C3C	rom	gItemIconPalette_RedFlute
0x08E88C60	rom	gItemIconPalette_BlackFlute
0x08E88C84	rom	gItemIconPalette_WhiteFlute
0x08E88CA8	rom	gItemIcon_BerryJuice
0x08E88D88	rom	gItemIconPalette_BerryJuice
0x08E88DB0	rom	gItemIcon_SacredAsh
0x08E88E70	rom	gItemIconPalette_SacredAsh
0x08E88E94	rom	gItemIconPalette_ShoalSalt
0x08E88EB4	rom	gItemIcon_ShoalShell
0x08E88FA8	rom	gItemIconPalette_Shell
0x08E88FD0	rom	gItemIcon_Shard
0x08E8902C	rom	gItemIconPalette_RedShard
0x08E89044	rom	gItemIconPalette_BlueShard
0x08E8905C	rom	gItemIconPalette_YellowShard
0x08E89074	rom	gItemIconPalette_GreenShard
0x08E8908C	rom	gItemIcon_HPUp
0x08E89144	rom	gItemIconPalette_HPUp
0x08E8916C	rom	gItemIcon_Vitamin
0x08E8921C	rom	gItemIconPalette_Protein
0x08E89244	rom	gItemIconPalette_Iron
0x08E8926C	rom	gItemIconPalette_Carbos
0x08E89294	rom	gItemIconPalette_Calcium
0x08E892BC	rom	gItemIcon_RareCandy
0x08E89380	rom	gItemIconPalette_RareCandy
0x08E8939C	rom	gItemIcon_PPUp
0x08E8944C	rom	gItemIconPalette_PPUp
0x08E89474	rom	gItemIconPalette_Zinc
0x08E8949C	rom	gItemIcon_PPMax
0x08E89544	rom	gItemIconPalette_PPMax
0x08E8956C	rom	gItemIconPalette_GuardSpec
0x08E89590	rom	gItemIconPalette_DireHit
0x08E895B4	rom	gItemIconPalette_XAttack
0x08E895D8	rom	gItemIcon_BattleStatItem
0x08E896BC	rom	gItemIconPalette_XDefend
0x08E896E0	rom	gItemIconPalette_XSpeed
0x08E89704	rom	gItemIconPalette_XAccuracy
0x08E89728	rom	gItemIconPalette_XSpecial
0x08E8974C	rom	gItemIcon_PokeDoll
0x08E8983C	rom	gItemIconPalette_PokeDoll
0x08E89858	rom	gItemIcon_FluffyTail
0x08E89948	rom	gItemIconPalette_FluffyTail
0x08E8996C	rom	gItemIcon_Repel
0x08E89A0C	rom	gItemIconPalette_SuperRepel
0x08E89A34	rom	gItemIconPalette_MaxRepel
0x08E89A5C	rom	gItemIcon_EscapeRope
0x08E89B10	rom	gItemIconPalette_EscapeRope
0x08E89B34	rom	gItemIconPalette_Repel
0x08E89B5C	rom	gItemIcon_SunStone
0x08E89C54	rom	gItemIconPalette_SunStone
0x08E89C70	rom	gItemIcon_MoonStone
0x08E89D44	rom	gItemIconPalette_MoonStone
0x08E89D64	rom	gItemIcon_FireStone
0x08E89E58	rom	gItemIconPalette_FireStone
0x08E89E80	rom	gItemIcon_ThunderStone
0x08E89F68	rom	gItemIconPalette_ThunderStone
0x08E89F88	rom	gItemIcon_WaterStone
0x08E8A068	rom	gItemIconPalette_WaterStone
0x08E8A08C	rom	gItemIcon_LeafStone
0x08E8A180	rom	gItemIconPalette_LeafStone
0x08E8A1A8	rom	gItemIcon_TinyMushroom
0x08E8A228	rom	gItemIcon_BigMushroom
0x08E8A2E0	rom	gItemIconPalette_Mushroom
0x08E8A304	rom	gItemIcon_Pearl
0x08E8A380	rom	gItemIconPalette_Pearl
0x08E8A3A8	rom	gItemIcon_BigPearl
0x08E8A460	rom	gItemIcon_Stardust
0x08E8A520	rom	gItemIconPalette_Star
0x08E8A544	rom	gItemIcon_StarPiece
0x08E8A5C8	rom	gItemIcon_Nugget
0x08E8A654	rom	gItemIconPalette_Nugget
0x08E8A674	rom	gItemIcon_HeartScale
0x08E8A714	rom	gItemIconPalette_HeartScale
0x08E8A730	rom	gItemIcon_OrangeMail
0x08E8A804	rom	gItemIconPalette_OrangeMail
0x08E8A824	rom	gItemIcon_HarborMail
0x08E8A8EC	rom	gItemIconPalette_HarborMail
0x08E8A90C	rom	gItemIcon_GlitterMail
0x08E8A9E8	rom	gItemIconPalette_GlitterMail
0x08E8AA10	rom	gItemIcon_MechMail
0x08E8AAEC	rom	gItemIconPalette_MechMail
0x08E8AB0C	rom	gItemIcon_WoodMail
0x08E8ABEC	rom	gItemIconPalette_WoodMail
0x08E8AC0C	rom	gItemIcon_WaveMail
0x08E8ACE4	rom	gItemIconPalette_WaveMail
0x08E8AD04	rom	gItemIcon_BeadMail
0x08E8ADC4	rom	gItemIconPalette_BeadMail
0x08E8ADE4	rom	gItemIcon_ShadowMail
0x08E8AEB8	rom	gItemIconPalette_ShadowMail
0x08E8AEDC	rom	gItemIcon_TropicMail
0x08E8AFC0	rom	gItemIconPalette_TropicMail
0x08E8AFE4	rom	gItemIcon_DreamMail
0x08E8B0C4	rom	gItemIconPalette_DreamMail
0x08E8B0E4	rom	gItemIcon_FabMail
0x08E8B1AC	rom	gItemIconPalette_FabMail
0x08E8B1C8	rom	gItemIcon_RetroMail
0x08E8B260	rom	gItemIconPalette_RetroMail
0x08E8B280	rom	gItemIcon_CheriBerry
0x08E8B368	rom	gItemIconPalette_CheriBerry
0x08E8B390	rom	gItemIcon_ChestoBerry
0x08E8B450	rom	gItemIconPalette_ChestoBerry
0x08E8B474	rom	gItemIcon_PechaBerry
0x08E8B534	rom	gItemIconPalette_PechaBerry
0x08E8B558	rom	gItemIcon_RawstBerry
0x08E8B63C	rom	gItemIconPalette_RawstBerry
0x08E8B660	rom	gItemIcon_AspearBerry
0x08E8B748	rom	gItemIconPalette_AspearBerry
0x08E8B76C	rom	gItemIcon_LeppaBerry
0x08E8B824	rom	gItemIconPalette_LeppaBerry
0x08E8B848	rom	gItemIcon_OranBerry
0x08E8B90C	rom	gItemIconPalette_OranBerry
0x08E8B930	rom	gItemIcon_PersimBerry
0x08E8BA04	rom	gItemIconPalette_PersimBerry
0x08E8BA28	rom	gItemIcon_LumBerry
0x08E8BAE0	rom	gItemIconPalette_LumBerry
0x08E8BAFC	rom	gItemIcon_SitrusBerry
0x08E8BBC8	rom	gItemIconPalette_SitrusBerry
0x08E8BBEC	rom	gItemIcon_FigyBerry
0x08E8BCB4	rom	gItemIconPalette_FigyBerry
0x08E8BCD8	rom	gItemIcon_WikiBerry
0x08E8BDBC	rom	gItemIconPalette_WikiBerry
0x08E8BDE0	rom	gItemIcon_MagoBerry
0x08E8BE9C	rom	gItemIconPalette_MagoBerry
0x08E8BEC0	rom	gItemIcon_AguavBerry
0x08E8BFAC	rom	gItemIconPalette_AguavBerry
0x08E8BFCC	rom	gItemIcon_IapapaBerry
0x08E8C0B4	rom	gItemIconPalette_IapapaBerry
0x08E8C0D8	rom	gItemIcon_RazzBerry
0x08E8C1B8	rom	gItemIconPalette_RazzBerry
0x08E8C1DC	rom	gItemIcon_BlukBerry
0x08E8C2CC	rom	gItemIconPalette_BlukBerry
0x08E8C2F0	rom	gItemIcon_NanabBerry
0x08E8C3D4	rom	gItemIconPalette_NanabBerry
0x08E8C3F8	rom	gItemIcon_WepearBerry
0x08E8C4C0	rom	gItemIconPalette_WepearBerry
0x08E8C4DC	rom	gItemIcon_PinapBerry
0x08E8C5D0	rom	gItemIconPalette_PinapBerry
0x08E8C5F4	rom	gItemIcon_PomegBerry
0x08E8C6A8	rom	gItemIconPalette_PomegBerry
0x08E8C6CC	rom	gItemIcon_KelpsyBerry
0x08E8C79C	rom	gItemIconPalette_KelpsyBerry
0x08E8C7BC	rom	gItemIcon_QualotBerry
0x08E8C888	rom	gItemIconPalette_QualotBerry
0x08E8C8AC	rom	gItemIcon_HondewBerry
0x08E8C98C	rom	gItemIconPalette_HondewBerry
0x08E8C9B0	rom	gItemIcon_GrepaBerry
0x08E8CA64	rom	gItemIconPalette_GrepaBerry
0x08E8CA88	rom	gItemIcon_TamatoBerry
0x08E8CB64	rom	gItemIconPalette_TamatoBerry
0x08E8CB88	rom	gItemIcon_CornnBerry
0x08E8CC74	rom	gItemIconPalette_CornnBerry
0x08E8CC9C	rom	gItemIcon_MagostBerry
0x08E8CD44	rom	gItemIconPalette_MagostBerry
0x08E8CD68	rom	gItemIcon_RabutaBerry
0x08E8CE64	rom	gItemIconPalette_RabutaBerry
0x08E8CE88	rom	gItemIcon_NomelBerry
0x08E8CF2C	rom	gItemIconPalette_NomelBerry
0x08E8CF48	rom	gItemIcon_SpelonBerry
0x08E8D00C	rom	gItemIconPalette_SpelonBerry
0x08E8D02C	rom	gItemIcon_PamtreBerry
0x08E8D10C	rom	gItemIconPalette_PamtreBerry
0x08E8D134	rom	gItemIcon_WatmelBerry
0x08E8D244	rom	gItemIconPalette_WatmelBerry
0x08E8D268	rom	gItemIcon_DurinBerry
0x08E8D36C	rom	gItemIconPalette_DurinBerry
0x08E8D390	rom	gItemIcon_BelueBerry
0x08E8D474	rom	gItemIconPalette_BelueBerry
0x08E8D498	rom	gItemIcon_LiechiBerry
0x08E8D578	rom	gItemIconPalette_LiechiBerry
0x08E8D598	rom	gItemIcon_GanlonBerry
0x08E8D678	rom	gItemIconPalette_GanlonBerry
0x08E8D698	rom	gItemIcon_SalacBerry
0x08E8D780	rom	gItemIconPalette_SalacBerry
0x08E8D7A0	rom	gItemIcon_PetayaBerry
0x08E8D898	rom	gItemIconPalette_PetayaBerry
0x08E8D8BC	rom	gItemIcon_ApicotBerry
0x08E8D974	rom	gItemIconPalette_ApicotBerry
0x08E8D99C	rom	gItemIcon_LansatBerry
0x08E8DA7C	rom	gItemIconPalette_LansatBerry
0x08E8DAA0	rom	gItemIcon_StarfBerry
0x08E8DB70	rom	gItemIconPalette_StarfBerry
0x08E8DB94	rom	gItemIcon_EnigmaBerry
0x08E8DC60	rom	gItemIconPalette_EnigmaBerry
0x08E8DC80	rom	gItemIcon_BrightPowder
0x08E8DD3C	rom	gItemIconPalette_BrightPowder
0x08E8DD5C	rom	gItemIcon_InBattleHerb
0x08E8DE08	rom	gItemIconPalette_WhiteHerb
0x08E8DE28	rom	gItemIcon_MachoBrace
0x08E8DF14	rom	gItemIconPalette_MachoBrace
0x08E8DF3C	rom	gItemIcon_ExpShare
0x08E8E028	rom	gItemIconPalette_ExpShare
0x08E8E050	rom	gItemIcon_QuickClaw
0x08E8E0E8	rom	gItemIconPalette_QuickClaw
0x08E8E108	rom	gItemIcon_SootheBell
0x08E8E1CC	rom	gItemIconPalette_SootheBell
0x08E8E1F0	rom	gItemIconPalette_MentalHerb
0x08E8E210	rom	gItemIcon_ChoiceBand
0x08E8E2FC	rom	gItemIconPalette_ChoiceBand
0x08E8E324	rom	gItemIcon_KingsRock
0x08E8E414	rom	gItemIconPalette_KingsRock
0x08E8E430	rom	gItemIcon_SilverPowder
0x08E8E4BC	rom	gItemIconPalette_SilverPowder
0x08E8E4E0	rom	gItemIcon_AmuletCoin
0x08E8E578	rom	gItemIconPalette_AmuletCoin
0x08E8E59C	rom	gItemIcon_CleanseTag
0x08E8E640	rom	gItemIconPalette_CleanseTag
0x08E8E660	rom	gItemIcon_SoulDew
0x08E8E6F4	rom	gItemIconPalette_SoulDew
0x08E8E714	rom	gItemIcon_DeepSeaTooth
0x08E8E7C8	rom	gItemIconPalette_DeepSeaTooth
0x08E8E7EC	rom	gItemIcon_DeepSeaScale
0x08E8E894	rom	gItemIconPalette_DeepSeaScale
0x08E8E8B4	rom	gItemIcon_SmokeBall
0x08E8E96C	rom	gItemIconPalette_SmokeBall
0x08E8E990	rom	gItemIcon_Everstone
0x08E8EA44	rom	gItemIconPalette_Everstone
0x08E8EA60	rom	gItemIcon_FocusBand
0x08E8EB50	rom	gItemIconPalette_FocusBand
0x08E8EB78	rom	gItemIcon_LuckyEgg
0x08E8EC00	rom	gItemIconPalette_LuckyEgg
0x08E8EC18	rom	gItemIcon_ScopeLens
0x08E8ED18	rom	gItemIconPalette_ScopeLens
0x08E8ED40	rom	gItemIcon_MetalCoat
0x08E8EDFC	rom	gItemIconPalette_MetalCoat
0x08E8EE1C	rom	gItemIcon_Leftovers
0x08E8EEC0	rom	gItemIconPalette_Leftovers
0x08E8EEE4	rom	gItemIcon_DragonScale
0x08E8EF98	rom	gItemIconPalette_DragonScale
0x08E8EFB8	rom	gItemIcon_LightBall
0x08E8F04C	rom	gItemIconPalette_LightBall
0x08E8F070	rom	gItemIcon_SoftSand
0x08E8F12C	rom	gItemIconPalette_SoftSand
0x08E8F14C	rom	gItemIcon_HardStone
0x08E8F200	rom	gItemIconPalette_HardStone
0x08E8F224	rom	gItemIcon_MiracleSeed
0x08E8F2D4	rom	gItemIconPalette_MiracleSeed
0x08E8F2F0	rom	gItemIcon_BlackGlasses
0x08E8F378	rom	gItemIconPalette_BlackTypeEnhancingItem
0x08E8F390	rom	gItemIcon_BlackBelt
0x08E8F458	rom	gItemIcon_Magnet
0x08E8F508	rom	gItemIconPalette_Magnet
0x08E8F530	rom	gItemIcon_MysticWater
0x08E8F5C8	rom	gItemIconPalette_MysticWater
0x08E8F5E8	rom	gItemIcon_SharpBeak
0x08E8F6A4	rom	gItemIconPalette_SharpBeak
0x08E8F6C4	rom	gItemIcon_PoisonBarb
0x08E8F74C	rom	gItemIconPalette_PoisonBarb
0x08E8F76C	rom	gItemIcon_NeverMeltIce
0x08E8F838	rom	gItemIconPalette_NeverMeltIce
0x08E8F854	rom	gItemIcon_SpellTag
0x08E8F8F4	rom	gItemIconPalette_SpellTag
0x08E8F914	rom	gItemIcon_TwistedSpoon
0x08E8F9B4	rom	gItemIconPalette_TwistedSpoon
0x08E8F9CC	rom	gItemIcon_Charcoal
0x08E8FA9C	rom	gItemIconPalette_Charcoal
0x08E8FAB8	rom	gItemIcon_DragonFang
0x08E8FB6C	rom	gItemIconPalette_DragonFang
0x08E8FB8C	rom	gItemIcon_SilkScarf
0x08E8FC94	rom	gItemIconPalette_SilkScarf
0x08E8FCB4	rom	gItemIcon_UpGrade
0x08E8FD70	rom	gItemIconPalette_UpGrade
0x08E8FD98	rom	gItemIcon_ShellBell
0x08E8FE78	rom	gItemIcon_SeaIncense
0x08E8FF60	rom	gItemIconPalette_SeaIncense
0x08E8FF88	rom	gItemIcon_LaxIncense
0x08E90070	rom	gItemIconPalette_LaxIncense
0x08E90098	rom	gItemIcon_LuckyPunch
0x08E9015C	rom	gItemIconPalette_LuckyPunch
0x08E9017C	rom	gItemIcon_MetalPowder
0x08E9023C	rom	gItemIconPalette_MetalPowder
0x08E90260	rom	gItemIcon_ThickClub
0x08E902F4	rom	gItemIconPalette_ThickClub
0x08E90310	rom	gItemIcon_Stick
0x08E903B0	rom	gItemIconPalette_Stick
0x08E903D4	rom	gItemIcon_Scarf
0x08E904A0	rom	gItemIconPalette_RedScarf
0x08E904BC	rom	gItemIconPalette_BlueScarf
0x08E904D8	rom	gItemIconPalette_PinkScarf
0x08E904F4	rom	gItemIconPalette_GreenScarf
0x08E90510	rom	gItemIconPalette_YellowScarf
0x08E9052C	rom	gItemIcon_MachBike
0x08E90634	rom	gItemIconPalette_MachBike
0x08E90658	rom	gItemIcon_CoinCase
0x08E90718	rom	gItemIconPalette_CoinCase
0x08E90738	rom	gItemIcon_Itemfinder
0x08E907F4	rom	gItemIconPalette_Itemfinder
0x08E9081C	rom	gItemIcon_OldRod
0x08E908C8	rom	gItemIconPalette_OldRod
0x08E908EC	rom	gItemIcon_GoodRod
0x08E90988	rom	gItemIconPalette_GoodRod
0x08E909B0	rom	gItemIcon_SuperRod
0x08E90A60	rom	gItemIconPalette_SuperRod
0x08E90A88	rom	gItemIcon_SSTicket
0x08E90B1C	rom	gItemIconPalette_SSTicket
0x08E90B34	rom	gItemIcon_ContestPass
0x08E90BE0	rom	gItemIconPalette_ContestPass
0x08E90C08	rom	gItemIcon_WailmerPail
0x08E90CD4	rom	gItemIconPalette_WailmerPail
0x08E90CF8	rom	gItemIcon_DevonGoods
0x08E90DA0	rom	gItemIconPalette_DevonGoods
0x08E90DBC	rom	gItemIcon_SootSack
0x08E90E94	rom	gItemIconPalette_SootSack
0x08E90EBC	rom	gItemIcon_BasementKey
0x08E90F64	rom	gItemIconPalette_OldKey
0x08E90F8C	rom	gItemIcon_AcroBike
0x08E91088	rom	gItemIconPalette_AcroBike
0x08E910A8	rom	gItemIcon_PokeblockCase
0x08E91190	rom	gItemIconPalette_PokeblockCase
0x08E911B8	rom	gItemIcon_Letter
0x08E91238	rom	gItemIcon_EonTicket
0x08E912D4	rom	gItemIconPalette_EonTicket
0x08E912F8	rom	gItemIcon_Orb
0x08E913B0	rom	gItemIconPalette_RedOrb
0x08E913CC	rom	gItemIconPalette_BlueOrb
0x08E913E8	rom	gItemIcon_Scanner
0x08E914B0	rom	gItemIconPalette_Scanner
0x08E914D4	rom	gItemIcon_GoGoggles
0x08E91588	rom	gItemIconPalette_GoGoggles
0x08E915A8	rom	gItemIcon_Meteorite
0x08E91688	rom	gItemIconPalette_Meteorite
0x08E916A8	rom	gItemIcon_Room1Key
0x08E91760	rom	gItemIcon_Room2Key
0x08E9181C	rom	gItemIcon_Room4Key
0x08E918DC	rom	gItemIcon_Room6Key
0x08E91998	rom	gItemIcon_StorageKey
0x08E91A40	rom	gItemIcon_RootFossil
0x08E91B4C	rom	gItemIconPalette_HoennFossil
0x08E91B74	rom	gItemIcon_ClawFossil
0x08E91C64	rom	gItemIcon_DevonScope
0x08E91D20	rom	gItemIconPalette_DevonScope
0x08E91D48	rom	gItemIcon_TMHM
0x08E91E44	rom	gItemIconPalette_FightingTMHM
0x08E91E6C	rom	gItemIconPalette_DragonTMHM
0x08E91E94	rom	gItemIconPalette_WaterTMHM
0x08E91EBC	rom	gItemIconPalette_PsychicTMHM
0x08E91EE4	rom	gItemIconPalette_NormalTMHM
0x08E91F0C	rom	gItemIconPalette_PoisonTMHM
0x08E91F34	rom	gItemIconPalette_IceTMHM
0x08E91F5C	rom	gItemIconPalette_GrassTMHM
0x08E91F84	rom	gItemIconPalette_FireTMHM
0x08E91FAC	rom	gItemIconPalette_DarkTMHM
0x08E91FD4	rom	gItemIconPalette_SteelTMHM
0x08E91FFC	rom	gItemIconPalette_ElectricTMHM
0x08E92024	rom	gItemIconPalette_GroundTMHM
0x08E9204C	rom	gItemIconPalette_GhostTMHM
0x08E92074	rom	gItemIconPalette_RockTMHM
0x08E9209C	rom	gItemIconPalette_FlyingTMHM
0x08E920C4	rom	gItemIcon_OaksParcel
0x08E9217C	rom	gItemIconPalette_OaksParcel
0x08E9219C	rom	gItemIcon_PokeFlute
0x08E92260	rom	gItemIconPalette_PokeFlute
0x08E92288	rom	gItemIcon_SecretKey
0x08E92354	rom	gItemIconPalette_SecretKey
0x08E9237C	rom	gItemIcon_BikeVoucher
0x08E9241C	rom	gItemIconPalette_BikeVoucher
0x08E9243C	rom	gItemIcon_GoldTeeth
0x08E92528	rom	gItemIconPalette_GoldTeeth
0x08E9254C	rom	gItemIcon_OldAmber
0x08E9262C	rom	gItemIconPalette_OldAmber
0x08E92650	rom	gItemIcon_CardKey
0x08E926F8	rom	gItemIconPalette_CardKey
0x08E92718	rom	gItemIcon_LiftKey
0x08E927D4	rom	gItemIconPalette_Key
0x08E927F4	rom	gItemIcon_HelixFossil
0x08E928E8	rom	gItemIconPalette_KantoFossil
0x08E92908	rom	gItemIcon_DomeFossil
0x08E929F8	rom	gItemIcon_SilphScope
0x08E92ACC	rom	gItemIconPalette_SilphScope
0x08E92AF0	rom	gItemIcon_Bicycle
0x08E92BF4	rom	gItemIconPalette_Bicycle
0x08E92C14	rom	gItemIcon_TownMap
0x08E92CD0	rom	gItemIconPalette_TownMap
0x08E92CF8	rom	gItemIcon_VSSeeker
0x08E92DC0	rom	gItemIconPalette_VSSeeker
0x08E92DE0	rom	gItemIcon_FameChecker
0x08E92E98	rom	gItemIconPalette_FameChecker
0x08E92EBC	rom	gItemIcon_TMCase
0x08E92F80	rom	gItemIconPalette_TMCase
0x08E92FA8	rom	gItemIcon_BerryPouch
0x08E930A8	rom	gItemIconPalette_BerryPouch
0x08E930D0	rom	gItemIcon_TeachyTV
0x08E931C8	rom	gItemIconPalette_TeachyTV
0x08E931F0	rom	gItemIcon_TriPass
0x08E93294	rom	gItemIconPalette_TriPass
0x08E932B4	rom	gItemIcon_RainbowPass
0x08E9335C	rom	gItemIconPalette_RainbowPass
0x08E93384	rom	gItemIcon_Tea
0x08E9344C	rom	gItemIconPalette_Tea
0x08E93470	rom	gItemIcon_MysticTicket
0x08E93508	rom	gItemIconPalette_MysticTicket
0x08E93528	rom	gItemIcon_AuroraTicket
0x08E935C4	rom	gItemIconPalette_AuroraTicket
0x08E935E8	rom	gItemIcon_PowderJar
0x08E93688	rom	gItemIconPalette_PowderJar
0x08E936B0	rom	gItemIconPalette_Ruby
0x08E936D8	rom	gItemIcon_Gem
0x08E937A0	rom	gItemIconPalette_Sapphire
0x08E937C8	rom	gBattleAnimSpritePal_Shock3
0x08E937F0	rom	gBattleAnimSpriteGfx_Shock3
0x08E939D8	rom	gBattleAnimSpritePal_WhiteFeather
0x08E939F4	rom	gBattleAnimSpriteGfx_WhiteFeather
0x08E93B1C	rom	gBattleAnimSpritePal_Sparkle6
0x08E93B34	rom	gBattleAnimSpriteGfx_Sparkle6
0x08E93B94	rom	gGhostPalette
0x08E93BB8	rom	gGhostFrontPic
0x08E93F20	rom	gFile_graphics_mail_orange_palette_pal
0x08E93F40	rom	gFile_graphics_mail_harbor_palette_pal
0x08E93F60	rom	gFile_graphics_mail_glitter_palette_pal
0x08E93F80	rom	gFile_graphics_mail_mech_palette_pal
0x08E93FA0	rom	gFile_graphics_mail_wood_palette_pal
0x08E93FC0	rom	gFile_graphics_mail_wave_palette_pal
0x08E93FE0	rom	gFile_graphics_mail_bead_palette_pal
0x08E94000	rom	gFile_graphics_mail_shadow_palette_pal
0x08E94020	rom	gFile_graphics_mail_tropic_palette_pal
0x08E94040	rom	gFile_graphics_mail_dream_palette_pal
0x08E94060	rom	gFile_graphics_mail_fab_palette_pal
0x08E94080	rom	gFile_graphics_mail_retro_palette_pal
0x08E940A0	rom	gFile_graphics_mail_orange_tiles_sheet
0x08E94240	rom	gFile_graphics_mail_harbor_tiles_sheet
0x08E9437C	rom	gFile_graphics_mail_glitter_tiles_sheet
0x08E9458C	rom	gFile_graphics_mail_mech_tiles_sheet
0x08E94664	rom	gFile_graphics_mail_wood_tiles_sheet
0x08E9485C	rom	gFile_graphics_mail_wave_tiles_sheet
0x08E949DC	rom	gFile_graphics_mail_bead_tiles_sheet
0x08E94A84	rom	gFile_graphics_mail_shadow_tiles_sheet
0x08E94C14	rom	gFile_graphics_mail_tropic_tiles_sheet
0x08E94D54	rom	gFile_graphics_mail_dream_tiles_sheet
0x08E94EBC	rom	gFile_graphics_mail_fab_tiles_sheet
0x08E9500C	rom	gFile_graphics_mail_retro_tiles_sheet
0x08E952AC	rom	gFile_graphics_mail_orange_map_tilemap
0x08E95384	rom	gFile_graphics_mail_harbor_map_tilemap
0x08E95464	rom	gFile_graphics_mail_glitter_map_tilemap
0x08E95570	rom	gFile_graphics_mail_mech_map_tilemap
0x08E9564C	rom	gFile_graphics_mail_wood_map_tilemap
0x08E9573C	rom	gFile_graphics_mail_wave_map_tilemap
0x08E9581C	rom	gFile_graphics_mail_bead_map_tilemap
0x08E958FC	rom	gFile_graphics_mail_shadow_map_tilemap
0x08E95A08	rom	gFile_graphics_mail_tropic_map_tilemap
0x08E95AF8	rom	gFile_graphics_mail_dream_map_tilemap
0x08E95BF0	rom	gFile_graphics_mail_fab_map_tilemap
0x08E95D08	rom	gFile_graphics_mail_retro_map_tilemap
0x08E95E1C	rom	gMenuInfoElements1_Pal
0x08E95E3C	rom	gMenuInfoElements2_Pal
0x08E95E5C	rom	gMenuInfoElements_Gfx
0x08E97E5C	rom	gMoveRelearner_Pal
0x08E97E7C	rom	gMoveRelearner_Gfx
0x08E97F44	rom	gMoveRelearner_Tilemap
0x08E98064	rom	gNamingScreenKeyboard_Pal
0x08E98084	rom	gNamingScreenRival_Pal
0x08E980A4	rom	gNamingScreenMenu_Pal
0x08E98164	rom	gNamingScreenMenu_Gfx
0x08E9833C	rom	gNamingScreenBackground_Tilemap
0x08E98418	rom	gNamingScreenKeyboardUpper_Tilemap
0x08E984D8	rom	gNamingScreenKeyboardLower_Tilemap
0x08E98598	rom	gNamingScreenKeyboardSymbols_Tilemap
0x08E98658	rom	gNamingScreenPageSwapFrame_Gfx
0x08E988D8	rom	gNamingScreenBackButton_Gfx
0x08E98AB8	rom	gNamingScreenOKButton_Gfx
0x08E98C98	rom	gNamingScreenPageSwapUpper_Gfx
0x08E98D38	rom	gNamingScreenPageSwapLower_Gfx
0x08E98DD8	rom	gNamingScreenPageSwapOthers_Gfx
0x08E98E78	rom	gNamingScreenCursor_Gfx
0x08E98F18	rom	gNamingScreenCursorSquished_Gfx
0x08E98FB8	rom	gNamingScreenCursorFilled_Gfx
0x08E99058	rom	gNamingScreenPageSwapButton_Gfx
0x08E99158	rom	gNamingScreenInputArrow_Gfx
0x08E99178	rom	gNamingScreenUnderscore_Gfx
0x08E99198	rom	gTMCaseHM_Gfx
0x08E99218	rom	gKantoTrainerCardBlue_Pal
0x08E99278	rom	gKantoTrainerCard_Gfx
0x08E998EC	rom	gHoennTrainerCardGreen_Pal
0x08E9994C	rom	gHoennTrainerCard_Gfx
0x08E99E0C	rom	gEasyChatWindow_Pal
0x08E99E2C	rom	gEasyChatWindow_Gfx
0x08E99EF4	rom	gEasyChatWindow_Tilemap
0x08E99FA4	rom	gEasyChatButtonWindow_Pal
0x08E99FC4	rom	gEasyChatButtonWindow_Gfx
0x08E9A1E8	rom	gEasyChatMode_Gfx
0x08E9A4E0	rom	gSummaryScreen_Bg_Gfx
0x08E9B390	rom	gSummaryScreen_Bg_Pal
0x08E9B470	rom	gSummaryScreen_ExpBar_Gfx
0x08E9B538	rom	gSummaryScreen_HpBar_Gfx
0x08E9B5F8	rom	gSummaryScreen_HpExpBar_Pal
0x08E9B618	rom	gSummaryScreen_PageInfo_Tilemap
0x08E9B7D0	rom	gSummaryScreen_PageSkills_Tilemap
0x08E9B9D0	rom	gSummaryScreen_PageMoves_Tilemap
0x08E9BB1C	rom	gSummaryScreen_PageMovesInfo_Tilemap
0x08E9BC4C	rom	gSummaryScreen_PageEgg_Tilemap
0x08E9BD88	rom	gUnusedRedPalette
0x08E9BDA8	rom	gEasyChatRectangleCursor_Gfx
0x08E9BFA8	rom	gSummaryScreen_StatusAilmentIcon_Pal
0x08E9BFC8	rom	gSummaryScreen_StatusAilmentIcon_Gfx
0x08E9C1CC	rom	gDexScreen_TopMenuIconPals_AtoZ
0x08E9C1EC	rom	gDexScreen_TopMenuIconTiles_AtoZ
0x08E9C458	rom	gPokeStoragePartyMenu_Pal
0x08E9C478	rom	gPokeStorageInterface_Pal
0x08E9C498	rom	gPokeStorageInterface_NoDisplayMon_Pal
0x08E9C4B8	rom	gPokeStorageMenu_Gfx
0x08E9CB6C	rom	gPokeStoragePartyMenu_Tilemap
0x08E9CC1C	rom	gMonMarkingsMenu_Pal
0x08E9CC3C	rom	gMonMarkingsMenu_Gfx
0x08E9CF5C	rom	gTradeMenu_Pal
0x08E9CFBC	rom	gTradeCursor_Pal
0x08E9CFDC	rom	gTradeMenu_Gfx
0x08E9E25C	rom	gTradeCursor_Gfx
0x08E9EA5C	rom	gTradeUnused_Tilemap
0x08E9EA7C	rom	gTradeMenu_Tilemap
0x08E9F27C	rom	gTradeMenuMonBox_Tilemap
0x08E9F2A0	rom	gFameCheckerBgPals
0x08E9F2E0	rom	gFameCheckerBgTiles
0x08EA0780	rom	gFameCheckerBg3Tilemap
0x08EA0F80	rom	gFameCheckerBg2Tilemap
0x08EA1780	rom	gUnionRoomChat_Bg_Pal
0x08EA17A0	rom	gUnionRoomChat_Bg_Gfx
0x08EA19D8	rom	gUnionRoomChat_Bg_Tilemap
0x08EA1AD0	rom	gUnionRoomChat_Icons_Gfx
0x08EA1BE8	rom	gTilesetPalettes_General
0x08EA1DE8	rom	gTilesetTiles_General
0x08EA46BC	rom	gBerryFixGameboy_Pal
0x08EA46FC	rom	gBerryFixGameboy_Gfx
0x08EA5338	rom	gBerryFixGameboy_Tilemap
0x08EA5684	rom	gBerryFixGameboyLogo_Pal
0x08EA56E4	rom	gBerryFixGameboyLogo_Gfx
0x08EA6148	rom	gBerryFixGameboyLogo_Tilemap
0x08EA6448	rom	gBerryFixGbaTransfer_Pal
0x08EA6488	rom	gBerryFixGbaTransfer_Gfx
0x08EA70A8	rom	gBerryFixGbaTransfer_Tilemap
0x08EA7360	rom	gBerryFixGbaTransferHighlight_Pal
0x08EA73A0	rom	gBerryFixGbaTransferHighlight_Gfx
0x08EA8198	rom	gBerryFixGbaTransferHighlight_Tilemap
0x08EA8448	rom	gBerryFixGbaTransferError_Pal
0x08EA8488	rom	gBerryFixGbaTransferError_Gfx
0x08EA8D48	rom	gBerryFixGbaTransferError_Tilemap
0x08EA8F80	rom	gBerryFixWindow_Pal
0x08EA8FC0	rom	gBerryFixWindow_Gfx
0x08EA9608	rom	gBerryFixWindow_Tilemap
0x08EA9874	rom	gTilesetPalettes_GenericBuilding1
0x08EA9A74	rom	gTilesetTiles_GenericBuilding1
0x08EA9E08	rom	gTilesetPalettes_DepartmentStore
0x08EAA008	rom	gTilesetTiles_DepartmentStore
0x08EAAA70	rom	gUnionRoomChat_Panel_Pal
0x08EAAA90	rom	gUnionRoomChat_Panel_Gfx
0x08EAAAEC	rom	gUnionRoomChat_Panel_Tilemap
0x08EAAB98	rom	gCreditsMonPokeball_Pals
0x08EAAC18	rom	gCreditsMonPokeball_Tiles
0x08EAB38C	rom	gCreditsMonPokeball_Tilemap
0x08EAB744	rom	gGraphics_TitleScreen_GameTitleLogoPals
0x08EAB944	rom	gGraphics_TitleScreen_GameTitleLogoTiles
0x08EAD508	rom	gGraphics_TitleScreen_GameTitleLogoMap
0x08EAD768	rom	gGraphics_TitleScreen_BoxArtMonPals
0x08EAD788	rom	gGraphics_TitleScreen_BoxArtMonTiles
0x08EAE1EC	rom	gGraphics_TitleScreen_BoxArtMonMap
0x08EAE388	rom	gGraphics_TitleScreen_BackgroundPals
0x08EAE3A8	rom	gGraphics_TitleScreen_CopyrightPressStartTiles
0x08EAE668	rom	gGraphics_TitleScreen_CopyrightPressStartMap
0x08EAE77C	rom	gTitleScreen_Slash_Pal
0x08EAE79C	rom	gTitleScreen_BlankSprite_Tiles
0x08EAE81C	rom	gCreditsCopyright_Pal
0x08EAE83C	rom	gCreditsCopyright_Tiles
0x08EAEBF4	rom	gCreditsCopyright_Tilemap
0x08EAECF4	rom	gTradeGba_Pal
0x08EAED14	rom	gTradeGba2_Pal
0x08EAED74	rom	gTradeGba_Gfx
0x08EB0174	rom	sEmptyPal
0x08EB0194	rom	gBerryCrush_Crusher_Pal
0x08EB02B4	rom	gBerryCrush_Crusher_Gfx
0x08EB0DD0	rom	gBerryCrush_TextWindows_Tilemap
